complex_id,band,name,lawd_cd,price_now,pred_log5y,base_factor,bear_factor,bull_factor,market_scenario_log,tier,emd_lead_months,market_scenario_note,dist_center_km,model,status
628,59,e편한세상 계양 더프리미어아파트,28245,491800000,-0.0448,1.1299,0.9755,1.36,"{""bear"": 0.1057, ""base"": 0.1368, ""bull"": 0.1988}",7.0,,"전세가율×금리 조건부(지금 전세가율 0.53·금리 2.5, 유사 진입연도 ['201103', '201106', '201109', '201112', '201203', '201206'])",10.55,E-boost3|depth2|r150|relative,SCENARIO_WALKFORWARD_v0.8
628,74,e편한세상 계양 더프리미어아파트,28245,569300000,-0.0552,1.1182,0.9654,1.3458,"{""bear"": 0.1057, ""base"": 0.1368, ""bull"": 0.1988}",7.0,,"전세가율×금리 조건부(지금 전세가율 0.53·금리 2.5, 유사 진입연도 ['201103', '201106', '201109', '201112', '201203', '201206'])",10.55,E-boost3|depth2|r150|relative,SCENARIO_WALKFORWARD_v0.8
628,84,e편한세상 계양 더프리미어아파트,28245,632000000,-0.044,1.1308,0.9763,1.3611,"{""bear"": 0.1057, ""base"": 0.1368, ""bull"": 0.1988}",7.0,,"전세가율×금리 조건부(지금 전세가율 0.53·금리 2.5, 유사 진입연도 ['201103', '201106', '201109', '201112', '201203', '201206'])",10.55,E-boost3|depth2|r150|relative,SCENARIO_WALKFORWARD_v0.8
822,74,e편한세상 영종국제도시 오션하임,28155,404200000,-0.1366,1.0308,0.8899,1.2406,"{""bear"": 0.1057, ""base"": 0.1368, ""bull"": 0.1988}",6.0,-1.0,"전세가율×금리 조건부(지금 전세가율 0.53·금리 2.5, 유사 진입연도 ['201103', '201106', '201109', '201112', '201203', '201206'])",23.91,E-boost3|depth2|r150|relative,SCENARIO_WALKFORWARD_v0.8
822,84,e편한세상 영종국제도시 오션하임,28155,436300000,-0.1263,1.0415,0.8992,1.2535,"{""bear"": 0.1057, ""base"": 0.1368, ""bull"": 0.1988}",6.0,-1.0,"전세가율×금리 조건부(지금 전세가율 0.53·금리 2.5, 유사 진입연도 ['201103', '201106', '201109', '201112', '201203', '201206'])",23.91,E-boost3|depth2|r150|relative,SCENARIO_WALKFORWARD_v0.8
245,74,e편한세상송도아파트,28185,556000000,-0.0754,1.0958,0.9461,1.319,"{""bear"": 0.1057, ""base"": 0.1368, ""bull"": 0.1988}",4.0,1.0,"전세가율×금리 조건부(지금 전세가율 0.53·금리 2.5, 유사 진입연도 ['201103', '201106', '201109', '201112', '201203', '201206'])",23.53,E-boost3|depth2|r150|relative,SCENARIO_WALKFORWARD_v0.8
245,84,e편한세상송도아파트,28185,638900000,-0.0637,1.1087,0.9572,1.3345,"{""bear"": 0.1057, ""base"": 0.1368, ""bull"": 0.1988}",4.0,1.0,"전세가율×금리 조건부(지금 전세가율 0.53·금리 2.5, 유사 진입연도 ['201103', '201106', '201109', '201112', '201203', '201206'])",23.53,E-boost3|depth2|r150|relative,SCENARIO_WALKFORWARD_v0.8
944,59,가재울역트루엘에코시티아파트,28275,421500000,-0.0671,1.105,0.954,1.33,"{""bear"": 0.1057, ""base"": 0.1368, ""bull"": 0.1988}",7.0,-2.0,"전세가율×금리 조건부(지금 전세가율 0.53·금리 2.5, 유사 진입연도 ['201103', '201106', '201109', '201112', '201203', '201206'])",14.94,E-boost3|depth2|r150|relative,SCENARIO_WALKFORWARD_v0.8
944,84,가재울역트루엘에코시티아파트,28275,559600000,-0.0752,1.0961,0.9463,1.3193,"{""bear"": 0.1057, ""base"": 0.1368, ""bull"": 0.1988}",7.0,-2.0,"전세가율×금리 조건부(지금 전세가율 0.53·금리 2.5, 유사 진입연도 ['201103', '201106', '201109', '201112', '201203', '201206'])",14.94,E-boost3|depth2|r150|relative,SCENARIO_WALKFORWARD_v0.8
945,59,"가좌두산위브트레지움1,2단지아파트",28275,385900000,-0.0972,1.0722,0.9257,1.2905,"{""bear"": 0.1057, ""base"": 0.1368, ""bull"": 0.1988}",7.0,-2.0,"전세가율×금리 조건부(지금 전세가율 0.53·금리 2.5, 유사 진입연도 ['201103', '201106', '201109', '201112', '201203', '201206'])",14.63,E-boost3|depth2|r150|relative,SCENARIO_WALKFORWARD_v0.8
945,84,"가좌두산위브트레지움1,2단지아파트",28275,514700000,-0.1057,1.0632,0.9179,1.2797,"{""bear"": 0.1057, ""base"": 0.1368, ""bull"": 0.1988}",7.0,-2.0,"전세가율×금리 조건부(지금 전세가율 0.53·금리 2.5, 유사 진입연도 ['201103', '201106', '201109', '201112', '201203', '201206'])",14.63,E-boost3|depth2|r150|relative,SCENARIO_WALKFORWARD_v0.8
954,59,가좌한신휴플러스아파트,28275,341650000,-0.0847,1.0857,0.9373,1.3068,"{""bear"": 0.1057, ""base"": 0.1368, ""bull"": 0.1988}",7.0,-2.0,"전세가율×금리 조건부(지금 전세가율 0.53·금리 2.5, 유사 진입연도 ['201103', '201106', '201109', '201112', '201203', '201206'])",14.44,E-boost3|depth2|r150|relative,SCENARIO_WALKFORWARD_v0.8
954,84,가좌한신휴플러스아파트,28275,415250000,-0.0613,1.1114,0.9596,1.3377,"{""bear"": 0.1057, ""base"": 0.1368, ""bull"": 0.1988}",7.0,-2.0,"전세가율×금리 조건부(지금 전세가율 0.53·금리 2.5, 유사 진입연도 ['201103', '201106', '201109', '201112', '201203', '201206'])",14.44,E-boost3|depth2|r150|relative,SCENARIO_WALKFORWARD_v0.8
333,59,간석 래미안자이아파트,28200,459800000,-0.0497,1.1243,0.9707,1.3532,"{""bear"": 0.1057, ""base"": 0.1368, ""bull"": 0.1988}",6.0,,"전세가율×금리 조건부(지금 전세가율 0.53·금리 2.5, 유사 진입연도 ['201103', '201106', '201109', '201112', '201203', '201206'])",15.39,E-boost3|depth2|r150|relative,SCENARIO_WALKFORWARD_v0.8
333,84,간석 래미안자이아파트,28200,553300000,-0.0449,1.1297,0.9754,1.3598,"{""bear"": 0.1057, ""base"": 0.1368, ""bull"": 0.1988}",6.0,,"전세가율×금리 조건부(지금 전세가율 0.53·금리 2.5, 유사 진입연도 ['201103', '201106', '201109', '201112', '201203', '201206'])",15.39,E-boost3|depth2|r150|relative,SCENARIO_WALKFORWARD_v0.8
761,59,"강화 서희스타힐스 1,2단지",28710,237700000,-0.2469,0.9232,0.797,1.1111,"{""bear"": 0.1057, ""base"": 0.1368, ""bull"": 0.1988}",7.0,,"전세가율×금리 조건부(지금 전세가율 0.53·금리 2.5, 유사 진입연도 ['201103', '201106', '201109', '201112', '201203', '201206'])",34.77,E-boost3|depth2|r150|relative,SCENARIO_WALKFORWARD_v0.8
761,74,"강화 서희스타힐스 1,2단지",28710,300000000,-0.2574,0.9135,0.7887,1.0995,"{""bear"": 0.1057, ""base"": 0.1368, ""bull"": 0.1988}",7.0,,"전세가율×금리 조건부(지금 전세가율 0.53·금리 2.5, 유사 진입연도 ['201103', '201106', '201109', '201112', '201203', '201206'])",34.77,E-boost3|depth2|r150|relative,SCENARIO_WALKFORWARD_v0.8
761,84,"강화 서희스타힐스 1,2단지",28710,346400000,-0.2483,0.9218,0.7959,1.1095,"{""bear"": 0.1057, ""base"": 0.1368, ""bull"": 0.1988}",7.0,,"전세가율×금리 조건부(지금 전세가율 0.53·금리 2.5, 유사 진입연도 ['201103', '201106', '201109', '201112', '201203', '201206'])",34.77,E-boost3|depth2|r150|relative,SCENARIO_WALKFORWARD_v0.8
1087,74,검단 금호어울림 센트럴,28290,693700000,-0.1127,1.0557,0.9115,1.2707,"{""bear"": 0.1057, ""base"": 0.1368, ""bull"": 0.1988}",4.0,5.0,"전세가율×금리 조건부(지금 전세가율 0.53·금리 2.5, 유사 진입연도 ['201103', '201106', '201109', '201112', '201203', '201206'])",10.06,E-boost3|depth2|r150|relative,SCENARIO_WALKFORWARD_v0.8
1087,84,검단 금호어울림 센트럴,28290,762900000,-0.1119,1.0566,0.9122,1.2717,"{""bear"": 0.1057, ""base"": 0.1368, ""bull"": 0.1988}",4.0,5.0,"전세가율×금리 조건부(지금 전세가율 0.53·금리 2.5, 유사 진입연도 ['201103', '201106', '201109', '201112', '201203', '201206'])",10.06,E-boost3|depth2|r150|relative,SCENARIO_WALKFORWARD_v0.8
1052,84,검단 신안인스빌어반퍼스트,28290,517800000,-0.0962,1.0732,0.9266,1.2918,"{""bear"": 0.1057, ""base"": 0.1368, ""bull"": 0.1988}",5.0,0.0,"전세가율×금리 조건부(지금 전세가율 0.53·금리 2.5, 유사 진입연도 ['201103', '201106', '201109', '201112', '201203', '201206'])",10.03,E-boost3|depth2|r150|relative,SCENARIO_WALKFORWARD_v0.8
1081,74,검단신도시 예미지 트리플에듀 아파트,28290,599150000,-0.1168,1.0514,0.9077,1.2655,"{""bear"": 0.1057, ""base"": 0.1368, ""bull"": 0.1988}",4.0,5.0,"전세가율×금리 조건부(지금 전세가율 0.53·금리 2.5, 유사 진입연도 ['201103', '201106', '201109', '201112', '201203', '201206'])",10.22,E-boost3|depth2|r150|relative,SCENARIO_WALKFORWARD_v0.8
1081,84,검단신도시 예미지 트리플에듀 아파트,28290,606700000,-0.1101,1.0585,0.9139,1.2741,"{""bear"": 0.1057, ""base"": 0.1368, ""bull"": 0.1988}",4.0,5.0,"전세가율×금리 조건부(지금 전세가율 0.53·금리 2.5, 유사 진입연도 ['201103', '201106', '201109', '201112', '201203', '201206'])",10.22,E-boost3|depth2|r150|relative,SCENARIO_WALKFORWARD_v0.8
1055,74,검단신도시디에트르더펠리체아파트,28290,566100000,-0.1052,1.0636,0.9183,1.2802,"{""bear"": 0.1057, ""base"": 0.1368, ""bull"": 0.1988}",5.0,0.0,"전세가율×금리 조건부(지금 전세가율 0.53·금리 2.5, 유사 진입연도 ['201103', '201106', '201109', '201112', '201203', '201206'])",10.16,E-boost3|depth2|r150|relative,SCENARIO_WALKFORWARD_v0.8
1055,84,검단신도시디에트르더펠리체아파트,28290,595900000,-0.0999,1.0694,0.9232,1.2871,"{""bear"": 0.1057, ""base"": 0.1368, ""bull"": 0.1988}",5.0,0.0,"전세가율×금리 조건부(지금 전세가율 0.53·금리 2.5, 유사 진입연도 ['201103', '201106', '201109', '201112', '201203', '201206'])",10.16,E-boost3|depth2|r150|relative,SCENARIO_WALKFORWARD_v0.8
1080,74,검단신도시디에트르더힐아파트,28290,578500000,-0.1059,1.0629,0.9176,1.2793,"{""bear"": 0.1057, ""base"": 0.1368, ""bull"": 0.1988}",4.0,5.0,"전세가율×금리 조건부(지금 전세가율 0.53·금리 2.5, 유사 진입연도 ['201103', '201106', '201109', '201112', '201203', '201206'])",10.78,E-boost3|depth2|r150|relative,SCENARIO_WALKFORWARD_v0.8
1080,84,검단신도시디에트르더힐아파트,28290,619600000,-0.1029,1.0661,0.9205,1.2832,"{""bear"": 0.1057, ""base"": 0.1368, ""bull"": 0.1988}",4.0,5.0,"전세가율×금리 조건부(지금 전세가율 0.53·금리 2.5, 유사 진입연도 ['201103', '201106', '201109', '201112', '201203', '201206'])",10.78,E-boost3|depth2|r150|relative,SCENARIO_WALKFORWARD_v0.8
1086,74,검단푸르지오더베뉴,28290,651400000,-0.1349,1.0325,0.8914,1.2427,"{""bear"": 0.1057, ""base"": 0.1368, ""bull"": 0.1988}",4.0,5.0,"전세가율×금리 조건부(지금 전세가율 0.53·금리 2.5, 유사 진입연도 ['201103', '201106', '201109', '201112', '201203', '201206'])",10.48,E-boost3|depth2|r150|relative,SCENARIO_WALKFORWARD_v0.8
1086,84,검단푸르지오더베뉴,28290,720000000,-0.1199,1.0481,0.9049,1.2616,"{""bear"": 0.1057, ""base"": 0.1368, ""bull"": 0.1988}",4.0,5.0,"전세가율×금리 조건부(지금 전세가율 0.53·금리 2.5, 유사 진입연도 ['201103', '201106', '201109', '201112', '201203', '201206'])",10.48,E-boost3|depth2|r150|relative,SCENARIO_WALKFORWARD_v0.8
1088,74,검단호반써밋1차,28290,652900000,-0.1118,1.0566,0.9123,1.2718,"{""bear"": 0.1057, ""base"": 0.1368, ""bull"": 0.1988}",4.0,5.0,"전세가율×금리 조건부(지금 전세가율 0.53·금리 2.5, 유사 진입연도 ['201103', '201106', '201109', '201112', '201203', '201206'])",10.59,E-boost3|depth2|r150|relative,SCENARIO_WALKFORWARD_v0.8
1088,84,검단호반써밋1차,28290,713300000,-0.1113,1.0572,0.9128,1.2725,"{""bear"": 0.1057, ""base"": 0.1368, ""bull"": 0.1988}",4.0,5.0,"전세가율×금리 조건부(지금 전세가율 0.53·금리 2.5, 유사 진입연도 ['201103', '201106', '201109', '201112', '201203', '201206'])",10.59,E-boost3|depth2|r150|relative,SCENARIO_WALKFORWARD_v0.8
1006,59,검암역 로열파크씨티푸르지오1단지,28290,516500000,-0.1181,1.05,0.9065,1.2638,"{""bear"": 0.1057, ""base"": 0.1368, ""bull"": 0.1988}",4.0,,"전세가율×금리 조건부(지금 전세가율 0.53·금리 2.5, 유사 진입연도 ['201103', '201106', '201109', '201112', '201203', '201206'])",14.03,E-boost3|depth2|r150|relative,SCENARIO_WALKFORWARD_v0.8
1006,74,검암역 로열파크씨티푸르지오1단지,28290,567500000,-0.1249,1.0429,0.9004,1.2553,"{""bear"": 0.1057, ""base"": 0.1368, ""bull"": 0.1988}",4.0,,"전세가율×금리 조건부(지금 전세가율 0.53·금리 2.5, 유사 진입연도 ['201103', '201106', '201109', '201112', '201203', '201206'])",14.03,E-boost3|depth2|r150|relative,SCENARIO_WALKFORWARD_v0.8
1006,84,검암역 로열파크씨티푸르지오1단지,28290,640780000,-0.1183,1.0499,0.9064,1.2636,"{""bear"": 0.1057, ""base"": 0.1368, ""bull"": 0.1988}",4.0,,"전세가율×금리 조건부(지금 전세가율 0.53·금리 2.5, 유사 진입연도 ['201103', '201106', '201109', '201112', '201203', '201206'])",14.03,E-boost3|depth2|r150|relative,SCENARIO_WALKFORWARD_v0.8
1005,59,검암역 로열파크씨티푸르지오2단지,28290,525700000,-0.0987,1.0706,0.9243,1.2886,"{""bear"": 0.1057, ""base"": 0.1368, ""bull"": 0.1988}",4.0,,"전세가율×금리 조건부(지금 전세가율 0.53·금리 2.5, 유사 진입연도 ['201103', '201106', '201109', '201112', '201203', '201206'])",13.62,E-boost3|depth2|r150|relative,SCENARIO_WALKFORWARD_v0.8
1005,74,검암역 로열파크씨티푸르지오2단지,28290,601000000,-0.0998,1.0694,0.9233,1.2872,"{""bear"": 0.1057, ""base"": 0.1368, ""bull"": 0.1988}",4.0,,"전세가율×금리 조건부(지금 전세가율 0.53·금리 2.5, 유사 진입연도 ['201103', '201106', '201109', '201112', '201203', '201206'])",13.62,E-boost3|depth2|r150|relative,SCENARIO_WALKFORWARD_v0.8
1005,84,검암역 로열파크씨티푸르지오2단지,28290,667500000,-0.1048,1.0641,0.9187,1.2808,"{""bear"": 0.1057, ""base"": 0.1368, ""bull"": 0.1988}",4.0,,"전세가율×금리 조건부(지금 전세가율 0.53·금리 2.5, 유사 진입연도 ['201103', '201106', '201109', '201112', '201203', '201206'])",13.62,E-boost3|depth2|r150|relative,SCENARIO_WALKFORWARD_v0.8
671,74,계산 현대 아파트,28245,301500000,0.0028,1.185,1.0231,1.4263,"{""bear"": 0.1057, ""base"": 0.1368, ""bull"": 0.1988}",7.0,,"전세가율×금리 조건부(지금 전세가율 0.53·금리 2.5, 유사 진입연도 ['201103', '201106', '201109', '201112', '201203', '201206'])",8.62,E-boost3|depth2|r150|relative,SCENARIO_WALKFORWARD_v0.8
671,84,계산 현대 아파트,28245,364700000,-0.0318,1.1447,0.9882,1.3777,"{""bear"": 0.1057, ""base"": 0.1368, ""bull"": 0.1988}",7.0,,"전세가율×금리 조건부(지금 전세가율 0.53·금리 2.5, 유사 진입연도 ['201103', '201106', '201109', '201112', '201203', '201206'])",8.62,E-boost3|depth2|r150|relative,SCENARIO_WALKFORWARD_v0.8
718,59,계양효성해링턴플레이스,28245,461000000,-0.0514,1.1224,0.9691,1.351,"{""bear"": 0.1057, ""base"": 0.1368, ""bull"": 0.1988}",5.0,0.0,"전세가율×금리 조건부(지금 전세가율 0.53·금리 2.5, 유사 진입연도 ['201103', '201106', '201109', '201112', '201203', '201206'])",7.91,E-boost3|depth2|r150|relative,SCENARIO_WALKFORWARD_v0.8
718,74,계양효성해링턴플레이스,28245,545000000,-0.0496,1.1245,0.9708,1.3534,"{""bear"": 0.1057, ""base"": 0.1368, ""bull"": 0.1988}",5.0,0.0,"전세가율×금리 조건부(지금 전세가율 0.53·금리 2.5, 유사 진입연도 ['201103', '201106', '201109', '201112', '201203', '201206'])",7.91,E-boost3|depth2|r150|relative,SCENARIO_WALKFORWARD_v0.8
718,84,계양효성해링턴플레이스,28245,597200000,-0.0441,1.1307,0.9762,1.361,"{""bear"": 0.1057, ""base"": 0.1368, ""bull"": 0.1988}",5.0,0.0,"전세가율×금리 조건부(지금 전세가율 0.53·금리 2.5, 유사 진입연도 ['201103', '201106', '201109', '201112', '201203', '201206'])",7.91,E-boost3|depth2|r150|relative,SCENARIO_WALKFORWARD_v0.8
100,59,관교한신휴플러스,28177,286400000,-0.0152,1.1638,1.0048,1.4008,"{""bear"": 0.1057, ""base"": 0.1368, ""bull"": 0.1988}",6.0,-3.0,"전세가율×금리 조건부(지금 전세가율 0.53·금리 2.5, 유사 진입연도 ['201103', '201106', '201109', '201112', '201203', '201206'])",17.54,E-boost3|depth2|r150|relative,SCENARIO_WALKFORWARD_v0.8
100,84,관교한신휴플러스,28177,358000000,-0.0153,1.1637,1.0047,1.4006,"{""bear"": 0.1057, ""base"": 0.1368, ""bull"": 0.1988}",6.0,-3.0,"전세가율×금리 조건부(지금 전세가율 0.53·금리 2.5, 유사 진입연도 ['201103', '201106', '201109', '201112', '201203', '201206'])",17.54,E-boost3|depth2|r150|relative,SCENARIO_WALKFORWARD_v0.8
319,59,구월롯데캐슬골드아파트,28200,449300000,-0.0575,1.1156,0.9632,1.3428,"{""bear"": 0.1057, ""base"": 0.1368, ""bull"": 0.1988}",5.0,0.0,"전세가율×금리 조건부(지금 전세가율 0.53·금리 2.5, 유사 진입연도 ['201103', '201106', '201109', '201112', '201203', '201206'])",15.4,E-boost3|depth2|r150|relative,SCENARIO_WALKFORWARD_v0.8
319,74,구월롯데캐슬골드아파트,28200,489700000,-0.0723,1.0992,0.949,1.3231,"{""bear"": 0.1057, ""base"": 0.1368, ""bull"": 0.1988}",5.0,0.0,"전세가율×금리 조건부(지금 전세가율 0.53·금리 2.5, 유사 진입연도 ['201103', '201106', '201109', '201112', '201203', '201206'])",15.4,E-boost3|depth2|r150|relative,SCENARIO_WALKFORWARD_v0.8
319,84,구월롯데캐슬골드아파트,28200,496000000,-0.0418,1.1333,0.9784,1.3641,"{""bear"": 0.1057, ""base"": 0.1368, ""bull"": 0.1988}",5.0,0.0,"전세가율×금리 조건부(지금 전세가율 0.53·금리 2.5, 유사 진입연도 ['201103', '201106', '201109', '201112', '201203', '201206'])",15.4,E-boost3|depth2|r150|relative,SCENARIO_WALKFORWARD_v0.8
508,59,금호이수마운트밸리,28237,432000000,-0.1025,1.0665,0.9208,1.2837,"{""bear"": 0.1057, ""base"": 0.1368, ""bull"": 0.1988}",6.0,-1.0,"전세가율×금리 조건부(지금 전세가율 0.53·금리 2.5, 유사 진입연도 ['201103', '201106', '201109', '201112', '201203', '201206'])",12.48,E-boost3|depth2|r150|relative,SCENARIO_WALKFORWARD_v0.8
508,84,금호이수마운트밸리,28237,552300000,-0.1032,1.0658,0.9201,1.2828,"{""bear"": 0.1057, ""base"": 0.1368, ""bull"": 0.1988}",6.0,-1.0,"전세가율×금리 조건부(지금 전세가율 0.53·금리 2.5, 유사 진입연도 ['201103', '201106', '201109', '201112', '201203', '201206'])",12.48,E-boost3|depth2|r150|relative,SCENARIO_WALKFORWARD_v0.8
443,59,논현주공1단지,28200,241700000,-0.0509,1.1231,0.9696,1.3517,"{""bear"": 0.1057, ""base"": 0.1368, ""bull"": 0.1988}",6.0,,"전세가율×금리 조건부(지금 전세가율 0.53·금리 2.5, 유사 진입연도 ['201103', '201106', '201109', '201112', '201203', '201206'])",15.05,E-boost3|depth2|r150|relative,SCENARIO_WALKFORWARD_v0.8
1066,74,당하 KCC스위첸 아파트,28290,342900000,-0.0769,1.0942,0.9447,1.317,"{""bear"": 0.1057, ""base"": 0.1368, ""bull"": 0.1988}",5.0,0.0,"전세가율×금리 조건부(지금 전세가율 0.53·금리 2.5, 유사 진입연도 ['201103', '201106', '201109', '201112', '201203', '201206'])",13.1,E-boost3|depth2|r150|relative,SCENARIO_WALKFORWARD_v0.8
1066,84,당하 KCC스위첸 아파트,28290,353000000,-0.0492,1.1249,0.9712,1.354,"{""bear"": 0.1057, ""base"": 0.1368, ""bull"": 0.1988}",5.0,0.0,"전세가율×금리 조건부(지금 전세가율 0.53·금리 2.5, 유사 진입연도 ['201103', '201106', '201109', '201112', '201203', '201206'])",13.1,E-boost3|depth2|r150|relative,SCENARIO_WALKFORWARD_v0.8
396,59,더 포레스트 아파트,28200,344700000,-0.0984,1.071,0.9246,1.289,"{""bear"": 0.1057, ""base"": 0.1368, ""bull"": 0.1988}",6.0,,"전세가율×금리 조건부(지금 전세가율 0.53·금리 2.5, 유사 진입연도 ['201103', '201106', '201109', '201112', '201203', '201206'])",12.61,E-boost3|depth2|r150|relative,SCENARIO_WALKFORWARD_v0.8
490,59,더샵부평센트럴시티,28237,465000000,-0.0946,1.075,0.9281,1.2939,"{""bear"": 0.1057, ""base"": 0.1368, ""bull"": 0.1988}",6.0,-2.0,"전세가율×금리 조건부(지금 전세가율 0.53·금리 2.5, 유사 진입연도 ['201103', '201106', '201109', '201112', '201203', '201206'])",14.87,E-boost3|depth2|r150|relative,SCENARIO_WALKFORWARD_v0.8
490,84,더샵부평센트럴시티,28237,620000000,-0.087,1.0831,0.9351,1.3037,"{""bear"": 0.1057, ""base"": 0.1368, ""bull"": 0.1988}",6.0,-2.0,"전세가율×금리 조건부(지금 전세가율 0.53·금리 2.5, 유사 진입연도 ['201103', '201106', '201109', '201112', '201203', '201206'])",14.87,E-boost3|depth2|r150|relative,SCENARIO_WALKFORWARD_v0.8
238,74,더샵송도마리나베이,28185,603400000,-0.0737,1.0977,0.9477,1.3212,"{""bear"": 0.1057, ""base"": 0.1368, ""bull"": 0.1988}",4.0,1.0,"전세가율×금리 조건부(지금 전세가율 0.53·금리 2.5, 유사 진입연도 ['201103', '201106', '201109', '201112', '201203', '201206'])",24.0,E-boost3|depth2|r150|relative,SCENARIO_WALKFORWARD_v0.8
238,84,더샵송도마리나베이,28185,661200000,-0.0705,1.1012,0.9507,1.3254,"{""bear"": 0.1057, ""base"": 0.1368, ""bull"": 0.1988}",4.0,1.0,"전세가율×금리 조건부(지금 전세가율 0.53·금리 2.5, 유사 진입연도 ['201103', '201106', '201109', '201112', '201203', '201206'])",24.0,E-boost3|depth2|r150|relative,SCENARIO_WALKFORWARD_v0.8
69,74,더샵인천스카이타워1단지아파트,28177,495800000,-0.0902,1.0797,0.9322,1.2996,"{""bear"": 0.1057, ""base"": 0.1368, ""bull"": 0.1988}",6.0,,"전세가율×금리 조건부(지금 전세가율 0.53·금리 2.5, 유사 진입연도 ['201103', '201106', '201109', '201112', '201203', '201206'])",17.5,E-boost3|depth2|r150|relative,SCENARIO_WALKFORWARD_v0.8
69,84,더샵인천스카이타워1단지아파트,28177,548800000,-0.0903,1.0796,0.9321,1.2994,"{""bear"": 0.1057, ""base"": 0.1368, ""bull"": 0.1988}",6.0,,"전세가율×금리 조건부(지금 전세가율 0.53·금리 2.5, 유사 진입연도 ['201103', '201106', '201109', '201112', '201203', '201206'])",17.5,E-boost3|depth2|r150|relative,SCENARIO_WALKFORWARD_v0.8
694,59,도두리마을 대동아파트,28245,282200000,0.0199,1.2054,1.0407,1.4509,"{""bear"": 0.1057, ""base"": 0.1368, ""bull"": 0.1988}",7.0,-3.0,"전세가율×금리 조건부(지금 전세가율 0.53·금리 2.5, 유사 진입연도 ['201103', '201106', '201109', '201112', '201203', '201206'])",7.87,E-boost3|depth2|r150|relative,SCENARIO_WALKFORWARD_v0.8
695,59,도두리마을 동남롯데아파트,28245,273800000,0.0322,1.2203,1.0535,1.4688,"{""bear"": 0.1057, ""base"": 0.1368, ""bull"": 0.1988}",7.0,-3.0,"전세가율×금리 조건부(지금 전세가율 0.53·금리 2.5, 유사 진입연도 ['201103', '201106', '201109', '201112', '201203', '201206'])",8.11,E-boost3|depth2|r150|relative,SCENARIO_WALKFORWARD_v0.8
775,59,동부아파트,28125,163200000,-0.1298,1.0378,0.896,1.2491,"{""bear"": 0.1057, ""base"": 0.1368, ""bull"": 0.1988}",8.0,-6.0,"전세가율×금리 조건부(지금 전세가율 0.53·금리 2.5, 유사 진입연도 ['201103', '201106', '201109', '201112', '201203', '201206'])",18.93,E-boost3|depth2|r150|relative,SCENARIO_WALKFORWARD_v0.8
775,74,동부아파트,28125,209300000,-0.1228,1.0451,0.9023,1.2579,"{""bear"": 0.1057, ""base"": 0.1368, ""bull"": 0.1988}",8.0,-6.0,"전세가율×금리 조건부(지금 전세가율 0.53·금리 2.5, 유사 진입연도 ['201103', '201106', '201109', '201112', '201203', '201206'])",18.93,E-boost3|depth2|r150|relative,SCENARIO_WALKFORWARD_v0.8
775,84,동부아파트,28125,231000000,-0.1555,1.0115,0.8733,1.2174,"{""bear"": 0.1057, ""base"": 0.1368, ""bull"": 0.1988}",8.0,-6.0,"전세가율×금리 조건부(지금 전세가율 0.53·금리 2.5, 유사 진입연도 ['201103', '201106', '201109', '201112', '201203', '201206'])",18.93,E-boost3|depth2|r150|relative,SCENARIO_WALKFORWARD_v0.8
496,59,동암 신동아 아파트,28237,264500000,-0.027,1.1501,0.993,1.3843,"{""bear"": 0.1057, ""base"": 0.1368, ""bull"": 0.1988}",6.0,-2.0,"전세가율×금리 조건부(지금 전세가율 0.53·금리 2.5, 유사 진입연도 ['201103', '201106', '201109', '201112', '201203', '201206'])",14.38,E-boost3|depth2|r150|relative,SCENARIO_WALKFORWARD_v0.8
496,84,동암 신동아 아파트,28237,354000000,-0.0425,1.1325,0.9777,1.3631,"{""bear"": 0.1057, ""base"": 0.1368, ""bull"": 0.1988}",6.0,-2.0,"전세가율×금리 조건부(지금 전세가율 0.53·금리 2.5, 유사 진입연도 ['201103', '201106', '201109', '201112', '201203', '201206'])",14.38,E-boost3|depth2|r150|relative,SCENARIO_WALKFORWARD_v0.8
781,59,동인천역파크푸르지오,28125,420000000,-0.1405,1.0268,0.8865,1.2358,"{""bear"": 0.1057, ""base"": 0.1368, ""bull"": 0.1988}",7.0,-3.0,"전세가율×금리 조건부(지금 전세가율 0.53·금리 2.5, 유사 진입연도 ['201103', '201106', '201109', '201112', '201203', '201206'])",19.29,E-boost3|depth2|r150|relative,SCENARIO_WALKFORWARD_v0.8
781,74,동인천역파크푸르지오,28125,469400000,-0.1319,1.0357,0.8941,1.2465,"{""bear"": 0.1057, ""base"": 0.1368, ""bull"": 0.1988}",7.0,-3.0,"전세가율×금리 조건부(지금 전세가율 0.53·금리 2.5, 유사 진입연도 ['201103', '201106', '201109', '201112', '201203', '201206'])",19.29,E-boost3|depth2|r150|relative,SCENARIO_WALKFORWARD_v0.8
781,84,동인천역파크푸르지오,28125,591500000,-0.1323,1.0353,0.8938,1.2461,"{""bear"": 0.1057, ""base"": 0.1368, ""bull"": 0.1988}",7.0,-3.0,"전세가율×금리 조건부(지금 전세가율 0.53·금리 2.5, 유사 진입연도 ['201103', '201106', '201109', '201112', '201203', '201206'])",19.29,E-boost3|depth2|r150|relative,SCENARIO_WALKFORWARD_v0.8
203,59,동춘 무지개마을아파트,28185,326300000,-0.1289,1.0387,0.8968,1.2502,"{""bear"": 0.1057, ""base"": 0.1368, ""bull"": 0.1988}",6.0,-1.0,"전세가율×금리 조건부(지금 전세가율 0.53·금리 2.5, 유사 진입연도 ['201103', '201106', '201109', '201112', '201203', '201206'])",18.91,E-boost3|depth2|r150|relative,SCENARIO_WALKFORWARD_v0.8
203,84,동춘 무지개마을아파트,28185,412100000,-0.1202,1.0478,0.9046,1.2612,"{""bear"": 0.1057, ""base"": 0.1368, ""bull"": 0.1988}",6.0,-1.0,"전세가율×금리 조건부(지금 전세가율 0.53·금리 2.5, 유사 진입연도 ['201103', '201106', '201109', '201112', '201203', '201206'])",18.91,E-boost3|depth2|r150|relative,SCENARIO_WALKFORWARD_v0.8
206,84,동춘풍림2차아파트,28185,449900000,-0.1427,1.0245,0.8845,1.2331,"{""bear"": 0.1057, ""base"": 0.1368, ""bull"": 0.1988}",6.0,-1.0,"전세가율×금리 조건부(지금 전세가율 0.53·금리 2.5, 유사 진입연도 ['201103', '201106', '201109', '201112', '201203', '201206'])",18.82,E-boost3|depth2|r150|relative,SCENARIO_WALKFORWARD_v0.8
474,59,래미안부평아파트,28237,529900000,-0.077,1.0941,0.9446,1.3169,"{""bear"": 0.1057, ""base"": 0.1368, ""bull"": 0.1988}",5.0,-1.0,"전세가율×금리 조건부(지금 전세가율 0.53·금리 2.5, 유사 진입연도 ['201103', '201106', '201109', '201112', '201203', '201206'])",11.03,E-boost3|depth2|r150|relative,SCENARIO_WALKFORWARD_v0.8
474,84,래미안부평아파트,28237,621200000,-0.0426,1.1324,0.9777,1.363,"{""bear"": 0.1057, ""base"": 0.1368, ""bull"": 0.1988}",5.0,-1.0,"전세가율×금리 조건부(지금 전세가율 0.53·금리 2.5, 유사 진입연도 ['201103', '201106', '201109', '201112', '201203', '201206'])",11.03,E-boost3|depth2|r150|relative,SCENARIO_WALKFORWARD_v0.8
253,59,롯데캐슬캠퍼스타운아파트,28185,630000000,-0.0711,1.1005,0.9501,1.3246,"{""bear"": 0.1057, ""base"": 0.1368, ""bull"": 0.1988}",4.0,1.0,"전세가율×금리 조건부(지금 전세가율 0.53·금리 2.5, 유사 진입연도 ['201103', '201106', '201109', '201112', '201203', '201206'])",19.57,E-boost3|depth2|r150|relative,SCENARIO_WALKFORWARD_v0.8
253,84,롯데캐슬캠퍼스타운아파트,28185,781900000,-0.0694,1.1024,0.9518,1.3269,"{""bear"": 0.1057, ""base"": 0.1368, ""bull"": 0.1988}",4.0,1.0,"전세가율×금리 조건부(지금 전세가율 0.53·금리 2.5, 유사 진입연도 ['201103', '201106', '201109', '201112', '201203', '201206'])",19.57,E-boost3|depth2|r150|relative,SCENARIO_WALKFORWARD_v0.8
906,84,루원 린스트라우스 더 린시티,28275,619900000,-0.1043,1.0646,0.9192,1.2814,"{""bear"": 0.1057, ""base"": 0.1368, ""bull"": 0.1988}",5.0,0.0,"전세가율×금리 조건부(지금 전세가율 0.53·금리 2.5, 유사 진입연도 ['201103', '201106', '201109', '201112', '201203', '201206'])",13.61,E-boost3|depth2|r150|relative,SCENARIO_WALKFORWARD_v0.8
929,59,루원e편한세상하늘채,28275,479200000,-0.1212,1.0468,0.9037,1.2599,"{""bear"": 0.1057, ""base"": 0.1368, ""bull"": 0.1988}",5.0,1.0,"전세가율×금리 조건부(지금 전세가율 0.53·금리 2.5, 유사 진입연도 ['201103', '201106', '201109', '201112', '201203', '201206'])",14.07,E-boost3|depth2|r150|relative,SCENARIO_WALKFORWARD_v0.8
929,84,루원e편한세상하늘채,28275,553500000,-0.1191,1.0489,0.9056,1.2625,"{""bear"": 0.1057, ""base"": 0.1368, ""bull"": 0.1988}",5.0,1.0,"전세가율×금리 조건부(지금 전세가율 0.53·금리 2.5, 유사 진입연도 ['201103', '201106', '201109', '201112', '201203', '201206'])",14.07,E-boost3|depth2|r150|relative,SCENARIO_WALKFORWARD_v0.8
907,84,루원대성베르힐더센트로,28275,608000000,-0.1179,1.0503,0.9068,1.2641,"{""bear"": 0.1057, ""base"": 0.1368, ""bull"": 0.1988}",5.0,0.0,"전세가율×금리 조건부(지금 전세가율 0.53·금리 2.5, 유사 진입연도 ['201103', '201106', '201109', '201112', '201203', '201206'])",13.46,E-boost3|depth2|r150|relative,SCENARIO_WALKFORWARD_v0.8
928,74,루원시티대성베르힐,28275,566400000,-0.1474,1.0198,0.8804,1.2274,"{""bear"": 0.1057, ""base"": 0.1368, ""bull"": 0.1988}",5.0,1.0,"전세가율×금리 조건부(지금 전세가율 0.53·금리 2.5, 유사 진입연도 ['201103', '201106', '201109', '201112', '201203', '201206'])",14.77,E-boost3|depth2|r150|relative,SCENARIO_WALKFORWARD_v0.8
928,84,루원시티대성베르힐,28275,583000000,-0.1371,1.0302,0.8895,1.24,"{""bear"": 0.1057, ""base"": 0.1368, ""bull"": 0.1988}",5.0,1.0,"전세가율×금리 조건부(지금 전세가율 0.53·금리 2.5, 유사 진입연도 ['201103', '201106', '201109', '201112', '201203', '201206'])",14.77,E-boost3|depth2|r150|relative,SCENARIO_WALKFORWARD_v0.8
915,84,루원시티프라디움아파트,28275,640000000,-0.15,1.017,0.8781,1.2241,"{""bear"": 0.1057, ""base"": 0.1368, ""bull"": 0.1988}",5.0,0.0,"전세가율×금리 조건부(지금 전세가율 0.53·금리 2.5, 유사 진입연도 ['201103', '201106', '201109', '201112', '201203', '201206'])",14.5,E-boost3|depth2|r150|relative,SCENARIO_WALKFORWARD_v0.8
1026,59,마전동아,28290,239350000,-0.0015,1.1799,1.0187,1.4202,"{""bear"": 0.1057, ""base"": 0.1368, ""bull"": 0.1988}",7.0,-2.0,"전세가율×금리 조건부(지금 전세가율 0.53·금리 2.5, 유사 진입연도 ['201103', '201106', '201109', '201112', '201203', '201206'])",13.77,E-boost3|depth2|r150|relative,SCENARIO_WALKFORWARD_v0.8
1026,84,마전동아,28290,275400000,0.0131,1.1973,1.0337,1.441,"{""bear"": 0.1057, ""base"": 0.1368, ""bull"": 0.1988}",7.0,-2.0,"전세가율×금리 조건부(지금 전세가율 0.53·금리 2.5, 유사 진입연도 ['201103', '201106', '201109', '201112', '201203', '201206'])",13.77,E-boost3|depth2|r150|relative,SCENARIO_WALKFORWARD_v0.8
1028,84,마전영남탑스빌,28290,321500000,-0.0248,1.1528,0.9952,1.3875,"{""bear"": 0.1057, ""base"": 0.1368, ""bull"": 0.1988}",7.0,-2.0,"전세가율×금리 조건부(지금 전세가율 0.53·금리 2.5, 유사 진입연도 ['201103', '201106', '201109', '201112', '201203', '201206'])",14.11,E-boost3|depth2|r150|relative,SCENARIO_WALKFORWARD_v0.8
765,59,만석 비치타운주공 아파트,28125,183700000,-0.1823,0.9848,0.8502,1.1853,"{""bear"": 0.1057, ""base"": 0.1368, ""bull"": 0.1988}",7.0,,"전세가율×금리 조건부(지금 전세가율 0.53·금리 2.5, 유사 진입연도 ['201103', '201106', '201109', '201112', '201203', '201206'])",19.76,E-boost3|depth2|r150|relative,SCENARIO_WALKFORWARD_v0.8
765,84,만석 비치타운주공 아파트,28125,284400000,-0.1996,0.9678,0.8356,1.1649,"{""bear"": 0.1057, ""base"": 0.1368, ""bull"": 0.1988}",7.0,,"전세가율×금리 조건부(지금 전세가율 0.53·금리 2.5, 유사 진입연도 ['201103', '201106', '201109', '201112', '201203', '201206'])",19.76,E-boost3|depth2|r150|relative,SCENARIO_WALKFORWARD_v0.8
385,59,만수 주공4단지 아파트,28200,234000000,0.0736,1.2719,1.0981,1.5309,"{""bear"": 0.1057, ""base"": 0.1368, ""bull"": 0.1988}",7.0,-1.0,"전세가율×금리 조건부(지금 전세가율 0.53·금리 2.5, 유사 진입연도 ['201103', '201106', '201109', '201112', '201203', '201206'])",13.75,E-boost3|depth2|r150|relative,SCENARIO_WALKFORWARD_v0.8
385,74,만수 주공4단지 아파트,28200,322100000,0.0355,1.2244,1.0571,1.4737,"{""bear"": 0.1057, ""base"": 0.1368, ""bull"": 0.1988}",7.0,-1.0,"전세가율×금리 조건부(지금 전세가율 0.53·금리 2.5, 유사 진입연도 ['201103', '201106', '201109', '201112', '201203', '201206'])",13.75,E-boost3|depth2|r150|relative,SCENARIO_WALKFORWARD_v0.8
384,59,만수주공2단지아파트,28200,246750000,0.0491,1.2411,1.0715,1.4939,"{""bear"": 0.1057, ""base"": 0.1368, ""bull"": 0.1988}",7.0,-1.0,"전세가율×금리 조건부(지금 전세가율 0.53·금리 2.5, 유사 진입연도 ['201103', '201106', '201109', '201112', '201203', '201206'])",13.91,E-boost3|depth2|r150|relative,SCENARIO_WALKFORWARD_v0.8
384,74,만수주공2단지아파트,28200,328600000,0.0397,1.2295,1.0615,1.4799,"{""bear"": 0.1057, ""base"": 0.1368, ""bull"": 0.1988}",7.0,-1.0,"전세가율×금리 조건부(지금 전세가율 0.53·금리 2.5, 유사 진입연도 ['201103', '201106', '201109', '201112', '201203', '201206'])",13.91,E-boost3|depth2|r150|relative,SCENARIO_WALKFORWARD_v0.8
384,84,만수주공2단지아파트,28200,292700000,0.0782,1.2778,1.1032,1.538,"{""bear"": 0.1057, ""base"": 0.1368, ""bull"": 0.1988}",7.0,-1.0,"전세가율×금리 조건부(지금 전세가율 0.53·금리 2.5, 유사 진입연도 ['201103', '201106', '201109', '201112', '201203', '201206'])",13.91,E-boost3|depth2|r150|relative,SCENARIO_WALKFORWARD_v0.8
251,74,베르디움더퍼스트아파트,28185,648700000,-0.1261,1.0417,0.8994,1.2538,"{""bear"": 0.1057, ""base"": 0.1368, ""bull"": 0.1988}",4.0,1.0,"전세가율×금리 조건부(지금 전세가율 0.53·금리 2.5, 유사 진입연도 ['201103', '201106', '201109', '201112', '201203', '201206'])",20.61,E-boost3|depth2|r150|relative,SCENARIO_WALKFORWARD_v0.8
251,84,베르디움더퍼스트아파트,28185,712900000,-0.1228,1.0451,0.9023,1.2579,"{""bear"": 0.1057, ""base"": 0.1368, ""bull"": 0.1988}",4.0,1.0,"전세가율×금리 조건부(지금 전세가율 0.53·금리 2.5, 유사 진입연도 ['201103', '201106', '201109', '201112', '201203', '201206'])",20.61,E-boost3|depth2|r150|relative,SCENARIO_WALKFORWARD_v0.8
732,59,병방 학마을 한진 아파트,28245,271700000,0.0169,1.2017,1.0375,1.4465,"{""bear"": 0.1057, ""base"": 0.1368, ""bull"": 0.1988}",6.0,-3.0,"전세가율×금리 조건부(지금 전세가율 0.53·금리 2.5, 유사 진입연도 ['201103', '201106', '201109', '201112', '201203', '201206'])",7.41,E-boost3|depth2|r150|relative,SCENARIO_WALKFORWARD_v0.8
603,74,부개 뉴서울 아파트,28237,264200000,-0.0427,1.1323,0.9776,1.3629,"{""bear"": 0.1057, ""base"": 0.1368, ""bull"": 0.1988}",6.0,-1.0,"전세가율×금리 조건부(지금 전세가율 0.53·금리 2.5, 유사 진입연도 ['201103', '201106', '201109', '201112', '201203', '201206'])",10.09,E-boost3|depth2|r150|relative,SCENARIO_WALKFORWARD_v0.8
603,84,부개 뉴서울 아파트,28237,275150000,0.0095,1.193,1.03,1.4359,"{""bear"": 0.1057, ""base"": 0.1368, ""bull"": 0.1988}",6.0,-1.0,"전세가율×금리 조건부(지금 전세가율 0.53·금리 2.5, 유사 진입연도 ['201103', '201106', '201109', '201112', '201203', '201206'])",10.09,E-boost3|depth2|r150|relative,SCENARIO_WALKFORWARD_v0.8
611,59,부개 주공1단지 아파트,28237,345600000,-0.0121,1.1674,1.0079,1.4051,"{""bear"": 0.1057, ""base"": 0.1368, ""bull"": 0.1988}",6.0,-1.0,"전세가율×금리 조건부(지금 전세가율 0.53·금리 2.5, 유사 진입연도 ['201103', '201106', '201109', '201112', '201203', '201206'])",9.92,E-boost3|depth2|r150|relative,SCENARIO_WALKFORWARD_v0.8
610,84,부개 주공6단지 아파트,28237,482900000,-0.0334,1.1429,0.9867,1.3756,"{""bear"": 0.1057, ""base"": 0.1368, ""bull"": 0.1988}",6.0,-1.0,"전세가율×금리 조건부(지금 전세가율 0.53·금리 2.5, 유사 진입연도 ['201103', '201106', '201109', '201112', '201203', '201206'])",10.32,E-boost3|depth2|r150|relative,SCENARIO_WALKFORWARD_v0.8
600,59,부개역푸르지오,28237,525000000,-0.0793,1.0915,0.9424,1.3138,"{""bear"": 0.1057, ""base"": 0.1368, ""bull"": 0.1988}",6.0,-1.0,"전세가율×금리 조건부(지금 전세가율 0.53·금리 2.5, 유사 진입연도 ['201103', '201106', '201109', '201112', '201203', '201206'])",11.19,E-boost3|depth2|r150|relative,SCENARIO_WALKFORWARD_v0.8
600,84,부개역푸르지오,28237,623000000,-0.0656,1.1066,0.9554,1.332,"{""bear"": 0.1057, ""base"": 0.1368, ""bull"": 0.1988}",6.0,-1.0,"전세가율×금리 조건부(지금 전세가율 0.53·금리 2.5, 유사 진입연도 ['201103', '201106', '201109', '201112', '201203', '201206'])",11.19,E-boost3|depth2|r150|relative,SCENARIO_WALKFORWARD_v0.8
607,59,부개주공3단지아파트,28237,291000000,0.0058,1.1886,1.0262,1.4306,"{""bear"": 0.1057, ""base"": 0.1368, ""bull"": 0.1988}",6.0,-1.0,"전세가율×금리 조건부(지금 전세가율 0.53·금리 2.5, 유사 진입연도 ['201103', '201106', '201109', '201112', '201203', '201206'])",10.14,E-boost3|depth2|r150|relative,SCENARIO_WALKFORWARD_v0.8
482,59,부평 동아1단지 아파트,28237,368900000,-0.0034,1.1777,1.0167,1.4175,"{""bear"": 0.1057, ""base"": 0.1368, ""bull"": 0.1988}",5.0,-1.0,"전세가율×금리 조건부(지금 전세가율 0.53·금리 2.5, 유사 진입연도 ['201103', '201106', '201109', '201112', '201203', '201206'])",12.12,E-boost3|depth2|r150|relative,SCENARIO_WALKFORWARD_v0.8
482,74,부평 동아1단지 아파트,28237,522000000,-0.0079,1.1724,1.0122,1.4111,"{""bear"": 0.1057, ""base"": 0.1368, ""bull"": 0.1988}",5.0,-1.0,"전세가율×금리 조건부(지금 전세가율 0.53·금리 2.5, 유사 진입연도 ['201103', '201106', '201109', '201112', '201203', '201206'])",12.12,E-boost3|depth2|r150|relative,SCENARIO_WALKFORWARD_v0.8
482,84,부평 동아1단지 아파트,28237,601200000,-0.0164,1.1624,1.0035,1.3991,"{""bear"": 0.1057, ""base"": 0.1368, ""bull"": 0.1988}",5.0,-1.0,"전세가율×금리 조건부(지금 전세가율 0.53·금리 2.5, 유사 진입연도 ['201103', '201106', '201109', '201112', '201203', '201206'])",12.12,E-boost3|depth2|r150|relative,SCENARIO_WALKFORWARD_v0.8
483,59,부평 동아아파트2단지,28237,360300000,0.009,1.1924,1.0294,1.4352,"{""bear"": 0.1057, ""base"": 0.1368, ""bull"": 0.1988}",5.0,-1.0,"전세가율×금리 조건부(지금 전세가율 0.53·금리 2.5, 유사 진입연도 ['201103', '201106', '201109', '201112', '201203', '201206'])",11.87,E-boost3|depth2|r150|relative,SCENARIO_WALKFORWARD_v0.8
483,84,부평 동아아파트2단지,28237,542900000,0.0226,1.2086,1.0435,1.4547,"{""bear"": 0.1057, ""base"": 0.1368, ""bull"": 0.1988}",5.0,-1.0,"전세가율×금리 조건부(지금 전세가율 0.53·금리 2.5, 유사 진입연도 ['201103', '201106', '201109', '201112', '201203', '201206'])",11.87,E-boost3|depth2|r150|relative,SCENARIO_WALKFORWARD_v0.8
502,59,부평신일해피트리더루츠아파트,28237,541400000,-0.095,1.0746,0.9277,1.2934,"{""bear"": 0.1057, ""base"": 0.1368, ""bull"": 0.1988}",6.0,-1.0,"전세가율×금리 조건부(지금 전세가율 0.53·금리 2.5, 유사 진입연도 ['201103', '201106', '201109', '201112', '201203', '201206'])",12.65,E-boost3|depth2|r150|relative,SCENARIO_WALKFORWARD_v0.8
502,74,부평신일해피트리더루츠아파트,28237,601500000,-0.0975,1.0718,0.9254,1.2901,"{""bear"": 0.1057, ""base"": 0.1368, ""bull"": 0.1988}",6.0,-1.0,"전세가율×금리 조건부(지금 전세가율 0.53·금리 2.5, 유사 진입연도 ['201103', '201106', '201109', '201112', '201203', '201206'])",12.65,E-boost3|depth2|r150|relative,SCENARIO_WALKFORWARD_v0.8
502,84,부평신일해피트리더루츠아파트,28237,682300000,-0.1144,1.0539,0.9099,1.2685,"{""bear"": 0.1057, ""base"": 0.1368, ""bull"": 0.1988}",6.0,-1.0,"전세가율×금리 조건부(지금 전세가율 0.53·금리 2.5, 유사 진입연도 ['201103', '201106', '201109', '201112', '201203', '201206'])",12.65,E-boost3|depth2|r150|relative,SCENARIO_WALKFORWARD_v0.8
464,59,부평역 해링턴플레이스,28237,567000000,-0.0413,1.1339,0.9789,1.3648,"{""bear"": 0.1057, ""base"": 0.1368, ""bull"": 0.1988}",5.0,-1.0,"전세가율×금리 조건부(지금 전세가율 0.53·금리 2.5, 유사 진입연도 ['201103', '201106', '201109', '201112', '201203', '201206'])",12.69,E-boost3|depth2|r150|relative,SCENARIO_WALKFORWARD_v0.8
464,74,부평역 해링턴플레이스,28237,624700000,-0.0416,1.1336,0.9787,1.3644,"{""bear"": 0.1057, ""base"": 0.1368, ""bull"": 0.1988}",5.0,-1.0,"전세가율×금리 조건부(지금 전세가율 0.53·금리 2.5, 유사 진입연도 ['201103', '201106', '201109', '201112', '201203', '201206'])",12.69,E-boost3|depth2|r150|relative,SCENARIO_WALKFORWARD_v0.8
464,84,부평역 해링턴플레이스,28237,720500000,-0.051,1.1229,0.9694,1.3515,"{""bear"": 0.1057, ""base"": 0.1368, ""bull"": 0.1988}",5.0,-1.0,"전세가율×금리 조건부(지금 전세가율 0.53·금리 2.5, 유사 진입연도 ['201103', '201106', '201109', '201112', '201203', '201206'])",12.69,E-boost3|depth2|r150|relative,SCENARIO_WALKFORWARD_v0.8
519,74,부평현대1단지,28237,320000000,-0.0263,1.151,0.9938,1.3854,"{""bear"": 0.1057, ""base"": 0.1368, ""bull"": 0.1988}",6.0,-1.0,"전세가율×금리 조건부(지금 전세가율 0.53·금리 2.5, 유사 진입연도 ['201103', '201106', '201109', '201112', '201203', '201206'])",12.93,E-boost3|depth2|r150|relative,SCENARIO_WALKFORWARD_v0.8
519,84,부평현대1단지,28237,378700000,-0.033,1.1433,0.9871,1.3761,"{""bear"": 0.1057, ""base"": 0.1368, ""bull"": 0.1988}",6.0,-1.0,"전세가율×금리 조건부(지금 전세가율 0.53·금리 2.5, 유사 진입연도 ['201103', '201106', '201109', '201112', '201203', '201206'])",12.93,E-boost3|depth2|r150|relative,SCENARIO_WALKFORWARD_v0.8
1131,59,불로월드,28290,198200000,-0.0384,1.1371,0.9817,1.3687,"{""bear"": 0.1057, ""base"": 0.1368, ""bull"": 0.1988}",7.0,,"전세가율×금리 조건부(지금 전세가율 0.53·금리 2.5, 유사 진입연도 ['201103', '201106', '201109', '201112', '201203', '201206'])",13.05,E-boost3|depth2|r150|relative,SCENARIO_WALKFORWARD_v0.8
1131,84,불로월드,28290,245300000,-0.0117,1.1679,1.0083,1.4057,"{""bear"": 0.1057, ""base"": 0.1368, ""bull"": 0.1988}",7.0,,"전세가율×금리 조건부(지금 전세가율 0.53·금리 2.5, 유사 진입연도 ['201103', '201106', '201109', '201112', '201203', '201206'])",13.05,E-boost3|depth2|r150|relative,SCENARIO_WALKFORWARD_v0.8
518,59,산곡 한화2차 아파트,28237,350400000,-0.0403,1.135,0.9799,1.3661,"{""bear"": 0.1057, ""base"": 0.1368, ""bull"": 0.1988}",6.0,-1.0,"전세가율×금리 조건부(지금 전세가율 0.53·금리 2.5, 유사 진입연도 ['201103', '201106', '201109', '201112', '201203', '201206'])",12.26,E-boost3|depth2|r150|relative,SCENARIO_WALKFORWARD_v0.8
518,84,산곡 한화2차 아파트,28237,450800000,-0.0446,1.1301,0.9757,1.3602,"{""bear"": 0.1057, ""base"": 0.1368, ""bull"": 0.1988}",6.0,-1.0,"전세가율×금리 조건부(지금 전세가율 0.53·금리 2.5, 유사 진입연도 ['201103', '201106', '201109', '201112', '201203', '201206'])",12.26,E-boost3|depth2|r150|relative,SCENARIO_WALKFORWARD_v0.8
568,59,삼산타운1단지아파트,28237,423000000,-0.0792,1.0917,0.9425,1.3139,"{""bear"": 0.1057, ""base"": 0.1368, ""bull"": 0.1988}",5.0,0.0,"전세가율×금리 조건부(지금 전세가율 0.53·금리 2.5, 유사 진입연도 ['201103', '201106', '201109', '201112', '201203', '201206'])",9.91,E-boost3|depth2|r150|relative,SCENARIO_WALKFORWARD_v0.8
567,84,삼산타운2단지아파트,28237,538100000,-0.0939,1.0757,0.9287,1.2948,"{""bear"": 0.1057, ""base"": 0.1368, ""bull"": 0.1988}",5.0,0.0,"전세가율×금리 조건부(지금 전세가율 0.53·금리 2.5, 유사 진입연도 ['201103', '201106', '201109', '201112', '201203', '201206'])",9.24,E-boost3|depth2|r150|relative,SCENARIO_WALKFORWARD_v0.8
566,84,삼산타운7단지,28237,662100000,-0.0745,1.0968,0.9469,1.3201,"{""bear"": 0.1057, ""base"": 0.1368, ""bull"": 0.1988}",5.0,0.0,"전세가율×금리 조건부(지금 전세가율 0.53·금리 2.5, 유사 진입연도 ['201103', '201106', '201109', '201112', '201203', '201206'])",9.77,E-boost3|depth2|r150|relative,SCENARIO_WALKFORWARD_v0.8
395,74,서창센트럴푸르지오아파트,28200,469700000,-0.1016,1.0675,0.9216,1.2849,"{""bear"": 0.1057, ""base"": 0.1368, ""bull"": 0.1988}",6.0,,"전세가율×금리 조건부(지금 전세가율 0.53·금리 2.5, 유사 진입연도 ['201103', '201106', '201109', '201112', '201203', '201206'])",12.1,E-boost3|depth2|r150|relative,SCENARIO_WALKFORWARD_v0.8
395,84,서창센트럴푸르지오아파트,28200,530500000,-0.1108,1.0577,0.9132,1.2731,"{""bear"": 0.1057, ""base"": 0.1368, ""bull"": 0.1988}",6.0,,"전세가율×금리 조건부(지금 전세가율 0.53·금리 2.5, 유사 진입연도 ['201103', '201106', '201109', '201112', '201203', '201206'])",12.1,E-boost3|depth2|r150|relative,SCENARIO_WALKFORWARD_v0.8
241,74,송도 SK VIEW 아파트,28185,643000000,-0.0749,1.0964,0.9466,1.3197,"{""bear"": 0.1057, ""base"": 0.1368, ""bull"": 0.1988}",4.0,1.0,"전세가율×금리 조건부(지금 전세가율 0.53·금리 2.5, 유사 진입연도 ['201103', '201106', '201109', '201112', '201203', '201206'])",22.89,E-boost3|depth2|r150|relative,SCENARIO_WALKFORWARD_v0.8
241,84,송도 SK VIEW 아파트,28185,717000000,-0.0704,1.1013,0.9508,1.3256,"{""bear"": 0.1057, ""base"": 0.1368, ""bull"": 0.1988}",4.0,1.0,"전세가율×금리 조건부(지금 전세가율 0.53·금리 2.5, 유사 진입연도 ['201103', '201106', '201109', '201112', '201203', '201206'])",22.89,E-boost3|depth2|r150|relative,SCENARIO_WALKFORWARD_v0.8
239,74,송도 오션파크 베르디움,28185,590500000,-0.0688,1.1031,0.9524,1.3277,"{""bear"": 0.1057, ""base"": 0.1368, ""bull"": 0.1988}",4.0,1.0,"전세가율×금리 조건부(지금 전세가율 0.53·금리 2.5, 유사 진입연도 ['201103', '201106', '201109', '201112', '201203', '201206'])",23.58,E-boost3|depth2|r150|relative,SCENARIO_WALKFORWARD_v0.8
239,84,송도 오션파크 베르디움,28185,619200000,-0.0657,1.1065,0.9553,1.3318,"{""bear"": 0.1057, ""base"": 0.1368, ""bull"": 0.1988}",4.0,1.0,"전세가율×금리 조건부(지금 전세가율 0.53·금리 2.5, 유사 진입연도 ['201103', '201106', '201109', '201112', '201203', '201206'])",23.58,E-boost3|depth2|r150|relative,SCENARIO_WALKFORWARD_v0.8
195,74,송도 파크레인 동일하이빌아파트,28185,477300000,-0.1465,1.0206,0.8811,1.2284,"{""bear"": 0.1057, ""base"": 0.1368, ""bull"": 0.1988}",6.0,-1.0,"전세가율×금리 조건부(지금 전세가율 0.53·금리 2.5, 유사 진입연도 ['201103', '201106', '201109', '201112', '201203', '201206'])",20.01,E-boost3|depth2|r150|relative,SCENARIO_WALKFORWARD_v0.8
195,84,송도 파크레인 동일하이빌아파트,28185,501200000,-0.1384,1.0289,0.8883,1.2384,"{""bear"": 0.1057, ""base"": 0.1368, ""bull"": 0.1988}",6.0,-1.0,"전세가율×금리 조건부(지금 전세가율 0.53·금리 2.5, 유사 진입연도 ['201103', '201106', '201109', '201112', '201203', '201206'])",20.01,E-boost3|depth2|r150|relative,SCENARIO_WALKFORWARD_v0.8
263,84,송도 풍림아이원1단지아파트,28185,578800000,-0.0554,1.1179,0.9652,1.3456,"{""bear"": 0.1057, ""base"": 0.1368, ""bull"": 0.1988}",4.0,1.0,"전세가율×금리 조건부(지금 전세가율 0.53·금리 2.5, 유사 진입연도 ['201103', '201106', '201109', '201112', '201203', '201206'])",20.52,E-boost3|depth2|r150|relative,SCENARIO_WALKFORWARD_v0.8
284,84,송도글로벌캠퍼스푸르지오,28185,740300000,-0.0848,1.0856,0.9373,1.3067,"{""bear"": 0.1057, ""base"": 0.1368, ""bull"": 0.1988}",4.0,1.0,"전세가율×금리 조건부(지금 전세가율 0.53·금리 2.5, 유사 진입연도 ['201103', '201106', '201109', '201112', '201203', '201206'])",20.98,E-boost3|depth2|r150|relative,SCENARIO_WALKFORWARD_v0.8
247,74,송도글로벌파크베르디움,28185,847000000,-0.0907,1.0792,0.9317,1.2989,"{""bear"": 0.1057, ""base"": 0.1368, ""bull"": 0.1988}",4.0,1.0,"전세가율×금리 조건부(지금 전세가율 0.53·금리 2.5, 유사 진입연도 ['201103', '201106', '201109', '201112', '201203', '201206'])",20.71,E-boost3|depth2|r150|relative,SCENARIO_WALKFORWARD_v0.8
247,84,송도글로벌파크베르디움,28185,935300000,-0.0897,1.0803,0.9327,1.3003,"{""bear"": 0.1057, ""base"": 0.1368, ""bull"": 0.1988}",4.0,1.0,"전세가율×금리 조건부(지금 전세가율 0.53·금리 2.5, 유사 진입연도 ['201103', '201106', '201109', '201112', '201203', '201206'])",20.71,E-boost3|depth2|r150|relative,SCENARIO_WALKFORWARD_v0.8
285,84,송도더샵그린스퀘어,28185,779800000,-0.0811,1.0896,0.9407,1.3115,"{""bear"": 0.1057, ""base"": 0.1368, ""bull"": 0.1988}",4.0,1.0,"전세가율×금리 조건부(지금 전세가율 0.53·금리 2.5, 유사 진입연도 ['201103', '201106', '201109', '201112', '201203', '201206'])",20.98,E-boost3|depth2|r150|relative,SCENARIO_WALKFORWARD_v0.8
246,59,송도더샵센트럴시티아파트,28185,670500000,-0.0819,1.0887,0.9399,1.3104,"{""bear"": 0.1057, ""base"": 0.1368, ""bull"": 0.1988}",4.0,1.0,"전세가율×금리 조건부(지금 전세가율 0.53·금리 2.5, 유사 진입연도 ['201103', '201106', '201109', '201112', '201203', '201206'])",20.93,E-boost3|depth2|r150|relative,SCENARIO_WALKFORWARD_v0.8
246,74,송도더샵센트럴시티아파트,28185,755200000,-0.0822,1.0885,0.9397,1.3101,"{""bear"": 0.1057, ""base"": 0.1368, ""bull"": 0.1988}",4.0,1.0,"전세가율×금리 조건부(지금 전세가율 0.53·금리 2.5, 유사 진입연도 ['201103', '201106', '201109', '201112', '201203', '201206'])",20.93,E-boost3|depth2|r150|relative,SCENARIO_WALKFORWARD_v0.8
246,84,송도더샵센트럴시티아파트,28185,864800000,-0.0854,1.0849,0.9367,1.3059,"{""bear"": 0.1057, ""base"": 0.1368, ""bull"": 0.1988}",4.0,1.0,"전세가율×금리 조건부(지금 전세가율 0.53·금리 2.5, 유사 진입연도 ['201103', '201106', '201109', '201112', '201203', '201206'])",20.93,E-boost3|depth2|r150|relative,SCENARIO_WALKFORWARD_v0.8
294,84,송도더샵퍼스트월드,28185,789600000,-0.0766,1.0945,0.945,1.3174,"{""bear"": 0.1057, ""base"": 0.1368, ""bull"": 0.1988}",4.0,1.0,"전세가율×금리 조건부(지금 전세가율 0.53·금리 2.5, 유사 진입연도 ['201103', '201106', '201109', '201112', '201203', '201206'])",21.2,E-boost3|depth2|r150|relative,SCENARIO_WALKFORWARD_v0.8
237,84,송도랜드마크시티센트럴더샵아파트,28185,631100000,-0.0564,1.1168,0.9642,1.3442,"{""bear"": 0.1057, ""base"": 0.1368, ""bull"": 0.1988}",4.0,1.0,"전세가율×금리 조건부(지금 전세가율 0.53·금리 2.5, 유사 진입연도 ['201103', '201106', '201109', '201112', '201203', '201206'])",23.23,E-boost3|depth2|r150|relative,SCENARIO_WALKFORWARD_v0.8
252,59,송도에듀포레 푸르지오아파트,28185,599200000,-0.0858,1.0845,0.9363,1.3053,"{""bear"": 0.1057, ""base"": 0.1368, ""bull"": 0.1988}",4.0,1.0,"전세가율×금리 조건부(지금 전세가율 0.53·금리 2.5, 유사 진입연도 ['201103', '201106', '201109', '201112', '201203', '201206'])",20.29,E-boost3|depth2|r150|relative,SCENARIO_WALKFORWARD_v0.8
252,74,송도에듀포레 푸르지오아파트,28185,695050000,-0.0861,1.0841,0.936,1.3049,"{""bear"": 0.1057, ""base"": 0.1368, ""bull"": 0.1988}",4.0,1.0,"전세가율×금리 조건부(지금 전세가율 0.53·금리 2.5, 유사 진입연도 ['201103', '201106', '201109', '201112', '201203', '201206'])",20.29,E-boost3|depth2|r150|relative,SCENARIO_WALKFORWARD_v0.8
252,84,송도에듀포레 푸르지오아파트,28185,787200000,-0.0878,1.0823,0.9344,1.3027,"{""bear"": 0.1057, ""base"": 0.1368, ""bull"": 0.1988}",4.0,1.0,"전세가율×금리 조건부(지금 전세가율 0.53·금리 2.5, 유사 진입연도 ['201103', '201106', '201109', '201112', '201203', '201206'])",20.29,E-boost3|depth2|r150|relative,SCENARIO_WALKFORWARD_v0.8
224,84,송도자이 더 스타,28185,994000000,-0.0673,1.1047,0.9537,1.3296,"{""bear"": 0.1057, ""base"": 0.1368, ""bull"": 0.1988}",4.0,1.0,"전세가율×금리 조건부(지금 전세가율 0.53·금리 2.5, 유사 진입연도 ['201103', '201106', '201109', '201112', '201203', '201206'])",24.11,E-boost3|depth2|r150|relative,SCENARIO_WALKFORWARD_v0.8
228,84,송도자이크리스탈오션,28185,1104000000,-0.074,1.0974,0.9474,1.3208,"{""bear"": 0.1057, ""base"": 0.1368, ""bull"": 0.1988}",4.0,1.0,"전세가율×금리 조건부(지금 전세가율 0.53·금리 2.5, 유사 진입연도 ['201103', '201106', '201109', '201112', '201203', '201206'])",24.19,E-boost3|depth2|r150|relative,SCENARIO_WALKFORWARD_v0.8
283,84,송도캐슬&해모로,28185,619450000,-0.137,1.0303,0.8896,1.2401,"{""bear"": 0.1057, ""base"": 0.1368, ""bull"": 0.1988}",4.0,1.0,"전세가율×금리 조건부(지금 전세가율 0.53·금리 2.5, 유사 진입연도 ['201103', '201106', '201109', '201112', '201203', '201206'])",18.85,E-boost3|depth2|r150|relative,SCENARIO_WALKFORWARD_v0.8
193,74,송도파크자이,28185,491500000,-0.1371,1.0303,0.8895,1.2401,"{""bear"": 0.1057, ""base"": 0.1368, ""bull"": 0.1988}",6.0,-1.0,"전세가율×금리 조건부(지금 전세가율 0.53·금리 2.5, 유사 진입연도 ['201103', '201106', '201109', '201112', '201203', '201206'])",20.02,E-boost3|depth2|r150|relative,SCENARIO_WALKFORWARD_v0.8
193,84,송도파크자이,28185,526000000,-0.1251,1.0427,0.9002,1.255,"{""bear"": 0.1057, ""base"": 0.1368, ""bull"": 0.1988}",6.0,-1.0,"전세가율×금리 조건부(지금 전세가율 0.53·금리 2.5, 유사 진입연도 ['201103', '201106', '201109', '201112', '201203', '201206'])",20.02,E-boost3|depth2|r150|relative,SCENARIO_WALKFORWARD_v0.8
786,59,송림 풍림아이원아파트,28125,245350000,-0.1642,1.0027,0.8657,1.2069,"{""bear"": 0.1057, ""base"": 0.1368, ""bull"": 0.1988}",7.0,-3.0,"전세가율×금리 조건부(지금 전세가율 0.53·금리 2.5, 유사 진입연도 ['201103', '201106', '201109', '201112', '201203', '201206'])",18.06,E-boost3|depth2|r150|relative,SCENARIO_WALKFORWARD_v0.8
786,84,송림 풍림아이원아파트,28125,323600000,-0.1724,0.9945,0.8586,1.1971,"{""bear"": 0.1057, ""base"": 0.1368, ""bull"": 0.1988}",7.0,-3.0,"전세가율×금리 조건부(지금 전세가율 0.53·금리 2.5, 유사 진입연도 ['201103', '201106', '201109', '201112', '201203', '201206'])",18.06,E-boost3|depth2|r150|relative,SCENARIO_WALKFORWARD_v0.8
790,59,송림휴먼시아1단지,28125,235750000,-0.1594,1.0076,0.8699,1.2127,"{""bear"": 0.1057, ""base"": 0.1368, ""bull"": 0.1988}",7.0,-3.0,"전세가율×금리 조건부(지금 전세가율 0.53·금리 2.5, 유사 진입연도 ['201103', '201106', '201109', '201112', '201203', '201206'])",17.76,E-boost3|depth2|r150|relative,SCENARIO_WALKFORWARD_v0.8
790,84,송림휴먼시아1단지,28125,314800000,-0.1501,1.017,0.878,1.2241,"{""bear"": 0.1057, ""base"": 0.1368, ""bull"": 0.1988}",7.0,-3.0,"전세가율×금리 조건부(지금 전세가율 0.53·금리 2.5, 유사 진입연도 ['201103', '201106', '201109', '201112', '201203', '201206'])",17.76,E-boost3|depth2|r150|relative,SCENARIO_WALKFORWARD_v0.8
41,59,시티오씨엘 1단지,28177,541000000,-0.09,1.08,0.9324,1.2999,"{""bear"": 0.1057, ""base"": 0.1368, ""bull"": 0.1988}",7.0,-3.0,"전세가율×금리 조건부(지금 전세가율 0.53·금리 2.5, 유사 진입연도 ['201103', '201106', '201109', '201112', '201203', '201206'])",20.92,E-boost3|depth2|r150|relative,SCENARIO_WALKFORWARD_v0.8
41,74,시티오씨엘 1단지,28177,598500000,-0.0934,1.0762,0.9292,1.2954,"{""bear"": 0.1057, ""base"": 0.1368, ""bull"": 0.1988}",7.0,-3.0,"전세가율×금리 조건부(지금 전세가율 0.53·금리 2.5, 유사 진입연도 ['201103', '201106', '201109', '201112', '201203', '201206'])",20.92,E-boost3|depth2|r150|relative,SCENARIO_WALKFORWARD_v0.8
41,84,시티오씨엘 1단지,28177,658000000,-0.0945,1.0751,0.9282,1.294,"{""bear"": 0.1057, ""base"": 0.1368, ""bull"": 0.1988}",7.0,-3.0,"전세가율×금리 조건부(지금 전세가율 0.53·금리 2.5, 유사 진입연도 ['201103', '201106', '201109', '201112', '201203', '201206'])",20.92,E-boost3|depth2|r150|relative,SCENARIO_WALKFORWARD_v0.8
1119,84,신검단중앙역풍경채어바니티아파트,28290,655900000,-0.0846,1.0858,0.9374,1.3069,"{""bear"": 0.1057, ""base"": 0.1368, ""bull"": 0.1988}",7.0,,"전세가율×금리 조건부(지금 전세가율 0.53·금리 2.5, 유사 진입연도 ['201103', '201106', '201109', '201112', '201203', '201206'])",11.76,E-boost3|depth2|r150|relative,SCENARIO_WALKFORWARD_v0.8
804,59,신흥아이파크 아파트,28125,208000000,-0.1582,1.0088,0.8709,1.2142,"{""bear"": 0.1057, ""base"": 0.1368, ""bull"": 0.1988}",7.0,,"전세가율×금리 조건부(지금 전세가율 0.53·금리 2.5, 유사 진입연도 ['201103', '201106', '201109', '201112', '201203', '201206'])",20.54,E-boost3|depth2|r150|relative,SCENARIO_WALKFORWARD_v0.8
804,84,신흥아이파크 아파트,28125,270500000,-0.1807,0.9863,0.8516,1.1872,"{""bear"": 0.1057, ""base"": 0.1368, ""bull"": 0.1988}",7.0,,"전세가율×금리 조건부(지금 전세가율 0.53·금리 2.5, 유사 진입연도 ['201103', '201106', '201109', '201112', '201203', '201206'])",20.54,E-boost3|depth2|r150|relative,SCENARIO_WALKFORWARD_v0.8
208,84,연수1차 현대 아파트,28185,499800000,-0.1166,1.0516,0.9079,1.2657,"{""bear"": 0.1057, ""base"": 0.1368, ""bull"": 0.1988}",6.0,-1.0,"전세가율×금리 조건부(지금 전세가율 0.53·금리 2.5, 유사 진입연도 ['201103', '201106', '201109', '201112', '201203', '201206'])",18.47,E-boost3|depth2|r150|relative,SCENARIO_WALKFORWARD_v0.8
207,84,연수2차 한양 아파트,28185,425200000,-0.0854,1.0849,0.9367,1.3058,"{""bear"": 0.1057, ""base"": 0.1368, ""bull"": 0.1988}",6.0,-1.0,"전세가율×금리 조건부(지금 전세가율 0.53·금리 2.5, 유사 진입연도 ['201103', '201106', '201109', '201112', '201203', '201206'])",18.47,E-boost3|depth2|r150|relative,SCENARIO_WALKFORWARD_v0.8
170,59,연수2차우성아파트,28185,360400000,-0.1475,1.0196,0.8803,1.2272,"{""bear"": 0.1057, ""base"": 0.1368, ""bull"": 0.1988}",7.0,,"전세가율×금리 조건부(지금 전세가율 0.53·금리 2.5, 유사 진입연도 ['201103', '201106', '201109', '201112', '201203', '201206'])",17.46,E-boost3|depth2|r150|relative,SCENARIO_WALKFORWARD_v0.8
170,84,연수2차우성아파트,28185,437800000,-0.1381,1.0293,0.8886,1.2388,"{""bear"": 0.1057, ""base"": 0.1368, ""bull"": 0.1988}",7.0,,"전세가율×금리 조건부(지금 전세가율 0.53·금리 2.5, 유사 진입연도 ['201103', '201106', '201109', '201112', '201203', '201206'])",17.46,E-boost3|depth2|r150|relative,SCENARIO_WALKFORWARD_v0.8
196,74,연수서해그랑블1단지아파트,28185,453200000,-0.1725,0.9944,0.8585,1.1969,"{""bear"": 0.1057, ""base"": 0.1368, ""bull"": 0.1988}",6.0,-1.0,"전세가율×금리 조건부(지금 전세가율 0.53·금리 2.5, 유사 진입연도 ['201103', '201106', '201109', '201112', '201203', '201206'])",19.3,E-boost3|depth2|r150|relative,SCENARIO_WALKFORWARD_v0.8
196,84,연수서해그랑블1단지아파트,28185,526500000,-0.159,1.0079,0.8702,1.2132,"{""bear"": 0.1057, ""base"": 0.1368, ""bull"": 0.1988}",6.0,-1.0,"전세가율×금리 조건부(지금 전세가율 0.53·금리 2.5, 유사 진입연도 ['201103', '201106', '201109', '201112', '201203', '201206'])",19.3,E-boost3|depth2|r150|relative,SCENARIO_WALKFORWARD_v0.8
839,74,영종센트럴푸르지오자이 아파트,28155,394400000,-0.1443,1.0229,0.8831,1.2311,"{""bear"": 0.1057, ""base"": 0.1368, ""bull"": 0.1988}",6.0,-3.0,"전세가율×금리 조건부(지금 전세가율 0.53·금리 2.5, 유사 진입연도 ['201103', '201106', '201109', '201112', '201203', '201206'])",25.47,E-boost3|depth2|r150|relative,SCENARIO_WALKFORWARD_v0.8
839,84,영종센트럴푸르지오자이 아파트,28155,431100000,-0.1313,1.0362,0.8946,1.2472,"{""bear"": 0.1057, ""base"": 0.1368, ""bull"": 0.1988}",6.0,-3.0,"전세가율×금리 조건부(지금 전세가율 0.53·금리 2.5, 유사 진입연도 ['201103', '201106', '201109', '201112', '201203', '201206'])",25.47,E-boost3|depth2|r150|relative,SCENARIO_WALKFORWARD_v0.8
831,59,영종신명스카이뷰주얼리,28155,250350000,-0.1315,1.0361,0.8945,1.2471,"{""bear"": 0.1057, ""base"": 0.1368, ""bull"": 0.1988}",6.0,-1.0,"전세가율×금리 조건부(지금 전세가율 0.53·금리 2.5, 유사 진입연도 ['201103', '201106', '201109', '201112', '201203', '201206'])",25.13,E-boost3|depth2|r150|relative,SCENARIO_WALKFORWARD_v0.8
841,84,영종자이아파트,28155,328800000,-0.1292,1.0384,0.8965,1.2498,"{""bear"": 0.1057, ""base"": 0.1368, ""bull"": 0.1988}",6.0,-3.0,"전세가율×금리 조건부(지금 전세가율 0.53·금리 2.5, 유사 진입연도 ['201103', '201106', '201109', '201112', '201203', '201206'])",27.0,E-boost3|depth2|r150|relative,SCENARIO_WALKFORWARD_v0.8
828,59,영종한양수자인아파트,28155,287500000,-0.1392,1.0281,0.8876,1.2375,"{""bear"": 0.1057, ""base"": 0.1368, ""bull"": 0.1988}",6.0,-1.0,"전세가율×금리 조건부(지금 전세가율 0.53·금리 2.5, 유사 진입연도 ['201103', '201106', '201109', '201112', '201203', '201206'])",25.2,E-boost3|depth2|r150|relative,SCENARIO_WALKFORWARD_v0.8
829,84,영종힐스테이트,28155,380500000,-0.1221,1.0458,0.9029,1.2588,"{""bear"": 0.1057, ""base"": 0.1368, ""bull"": 0.1988}",6.0,-1.0,"전세가율×금리 조건부(지금 전세가율 0.53·금리 2.5, 유사 진입연도 ['201103', '201106', '201109', '201112', '201203', '201206'])",24.28,E-boost3|depth2|r150|relative,SCENARIO_WALKFORWARD_v0.8
755,59,오류신동아아파트,28245,237800000,-0.0924,1.0774,0.9302,1.2968,"{""bear"": 0.1057, ""base"": 0.1368, ""bull"": 0.1988}",7.0,,"전세가율×금리 조건부(지금 전세가율 0.53·금리 2.5, 유사 진입연도 ['201103', '201106', '201109', '201112', '201203', '201206'])",8.24,E-boost3|depth2|r150|relative,SCENARIO_WALKFORWARD_v0.8
755,84,오류신동아아파트,28245,292300000,-0.0703,1.1014,0.9509,1.3257,"{""bear"": 0.1057, ""base"": 0.1368, ""bull"": 0.1988}",7.0,,"전세가율×금리 조건부(지금 전세가율 0.53·금리 2.5, 유사 진입연도 ['201103', '201106', '201109', '201112', '201203', '201206'])",8.24,E-boost3|depth2|r150|relative,SCENARIO_WALKFORWARD_v0.8
134,84,옥련럭키송도,28185,285400000,-0.0814,1.0893,0.9404,1.3111,"{""bear"": 0.1057, ""base"": 0.1368, ""bull"": 0.1988}",7.0,-2.0,"전세가율×금리 조건부(지금 전세가율 0.53·금리 2.5, 유사 진입연도 ['201103', '201106', '201109', '201112', '201203', '201206'])",21.44,E-boost3|depth2|r150|relative,SCENARIO_WALKFORWARD_v0.8
137,59,옥련현대2차,28185,273500000,-0.1088,1.0599,0.9151,1.2757,"{""bear"": 0.1057, ""base"": 0.1368, ""bull"": 0.1988}",7.0,-2.0,"전세가율×금리 조건부(지금 전세가율 0.53·금리 2.5, 유사 진입연도 ['201103', '201106', '201109', '201112', '201203', '201206'])",21.13,E-boost3|depth2|r150|relative,SCENARIO_WALKFORWARD_v0.8
137,84,옥련현대2차,28185,368900000,-0.0957,1.0739,0.9271,1.2925,"{""bear"": 0.1057, ""base"": 0.1368, ""bull"": 0.1988}",7.0,-2.0,"전세가율×금리 조건부(지금 전세가율 0.53·금리 2.5, 유사 진입연도 ['201103', '201106', '201109', '201112', '201203', '201206'])",21.13,E-boost3|depth2|r150|relative,SCENARIO_WALKFORWARD_v0.8
136,59,옥련현대4차,28185,264950000,-0.1051,1.0638,0.9184,1.2804,"{""bear"": 0.1057, ""base"": 0.1368, ""bull"": 0.1988}",7.0,-2.0,"전세가율×금리 조건부(지금 전세가율 0.53·금리 2.5, 유사 진입연도 ['201103', '201106', '201109', '201112', '201203', '201206'])",20.72,E-boost3|depth2|r150|relative,SCENARIO_WALKFORWARD_v0.8
136,84,옥련현대4차,28185,344100000,-0.0667,1.1054,0.9543,1.3305,"{""bear"": 0.1057, ""base"": 0.1368, ""bull"": 0.1988}",7.0,-2.0,"전세가율×금리 조건부(지금 전세가율 0.53·금리 2.5, 유사 진입연도 ['201103', '201106', '201109', '201112', '201203', '201206'])",20.72,E-boost3|depth2|r150|relative,SCENARIO_WALKFORWARD_v0.8
1101,59,왕길역로열파크씨티푸르지오,28290,510000000,-0.1226,1.0453,0.9025,1.2582,"{""bear"": 0.1057, ""base"": 0.1368, ""bull"": 0.1988}",7.0,,"전세가율×금리 조건부(지금 전세가율 0.53·금리 2.5, 유사 진입연도 ['201103', '201106', '201109', '201112', '201203', '201206'])",15.74,E-boost3|depth2|r150|relative,SCENARIO_WALKFORWARD_v0.8
26,74,용현금호타운,28177,267500000,-0.0377,1.1379,0.9824,1.3696,"{""bear"": 0.1057, ""base"": 0.1368, ""bull"": 0.1988}",7.0,-1.0,"전세가율×금리 조건부(지금 전세가율 0.53·금리 2.5, 유사 진입연도 ['201103', '201106', '201109', '201112', '201203', '201206'])",20.79,E-boost3|depth2|r150|relative,SCENARIO_WALKFORWARD_v0.8
26,84,용현금호타운,28177,292000000,-0.025,1.1525,0.995,1.3871,"{""bear"": 0.1057, ""base"": 0.1368, ""bull"": 0.1988}",7.0,-1.0,"전세가율×금리 조건부(지금 전세가율 0.53·금리 2.5, 유사 진입연도 ['201103', '201106', '201109', '201112', '201203', '201206'])",20.79,E-boost3|depth2|r150|relative,SCENARIO_WALKFORWARD_v0.8
10,74,용현자이크레스트아파트,28177,559600000,-0.1028,1.0663,0.9205,1.2834,"{""bear"": 0.1057, ""base"": 0.1368, ""bull"": 0.1988}",7.0,-1.0,"전세가율×금리 조건부(지금 전세가율 0.53·금리 2.5, 유사 진입연도 ['201103', '201106', '201109', '201112', '201203', '201206'])",19.67,E-boost3|depth2|r150|relative,SCENARIO_WALKFORWARD_v0.8
10,84,용현자이크레스트아파트,28177,595100000,-0.1026,1.0664,0.9207,1.2836,"{""bear"": 0.1057, ""base"": 0.1368, ""bull"": 0.1988}",7.0,-1.0,"전세가율×금리 조건부(지금 전세가율 0.53·금리 2.5, 유사 진입연도 ['201103', '201106', '201109', '201112', '201203', '201206'])",19.67,E-boost3|depth2|r150|relative,SCENARIO_WALKFORWARD_v0.8
1064,59,원당풍림아이원아파트,28290,271500000,-0.0763,1.0948,0.9452,1.3178,"{""bear"": 0.1057, ""base"": 0.1368, ""bull"": 0.1988}",5.0,0.0,"전세가율×금리 조건부(지금 전세가율 0.53·금리 2.5, 유사 진입연도 ['201103', '201106', '201109', '201112', '201203', '201206'])",11.68,E-boost3|depth2|r150|relative,SCENARIO_WALKFORWARD_v0.8
1064,74,원당풍림아이원아파트,28290,297250000,-0.0603,1.1126,0.9605,1.3391,"{""bear"": 0.1057, ""base"": 0.1368, ""bull"": 0.1988}",5.0,0.0,"전세가율×금리 조건부(지금 전세가율 0.53·금리 2.5, 유사 진입연도 ['201103', '201106', '201109', '201112', '201203', '201206'])",11.68,E-boost3|depth2|r150|relative,SCENARIO_WALKFORWARD_v0.8
1064,84,원당풍림아이원아파트,28290,325600000,-0.0399,1.1355,0.9803,1.3667,"{""bear"": 0.1057, ""base"": 0.1368, ""bull"": 0.1988}",5.0,0.0,"전세가율×금리 조건부(지금 전세가율 0.53·금리 2.5, 유사 진입연도 ['201103', '201106', '201109', '201112', '201203', '201206'])",11.68,E-boost3|depth2|r150|relative,SCENARIO_WALKFORWARD_v0.8
14,59,인천에스케이스카이뷰,28177,484800000,-0.0998,1.0694,0.9233,1.2872,"{""bear"": 0.1057, ""base"": 0.1368, ""bull"": 0.1988}",7.0,-1.0,"전세가율×금리 조건부(지금 전세가율 0.53·금리 2.5, 유사 진입연도 ['201103', '201106', '201109', '201112', '201203', '201206'])",20.3,E-boost3|depth2|r150|relative,SCENARIO_WALKFORWARD_v0.8
14,84,인천에스케이스카이뷰,28177,572950000,-0.0949,1.0747,0.9278,1.2935,"{""bear"": 0.1057, ""base"": 0.1368, ""bull"": 0.1988}",7.0,-1.0,"전세가율×금리 조건부(지금 전세가율 0.53·금리 2.5, 유사 진입연도 ['201103', '201106', '201109', '201112', '201203', '201206'])",20.3,E-boost3|depth2|r150|relative,SCENARIO_WALKFORWARD_v0.8
697,84,작전동보아파트,28245,323200000,0.021,1.2067,1.0418,1.4525,"{""bear"": 0.1057, ""base"": 0.1368, ""bull"": 0.1988}",7.0,-3.0,"전세가율×금리 조건부(지금 전세가율 0.53·금리 2.5, 유사 진입연도 ['201103', '201106', '201109', '201112', '201203', '201206'])",9.43,E-boost3|depth2|r150|relative,SCENARIO_WALKFORWARD_v0.8
92,59,주안역센트레빌아파트,28177,426400000,-0.0129,1.1665,1.0071,1.404,"{""bear"": 0.1057, ""base"": 0.1368, ""bull"": 0.1988}",6.0,-3.0,"전세가율×금리 조건부(지금 전세가율 0.53·금리 2.5, 유사 진입연도 ['201103', '201106', '201109', '201112', '201203', '201206'])",16.35,E-boost3|depth2|r150|relative,SCENARIO_WALKFORWARD_v0.8
92,74,주안역센트레빌아파트,28177,519250000,-0.0296,1.1472,0.9904,1.3808,"{""bear"": 0.1057, ""base"": 0.1368, ""bull"": 0.1988}",6.0,-3.0,"전세가율×금리 조건부(지금 전세가율 0.53·금리 2.5, 유사 진입연도 ['201103', '201106', '201109', '201112', '201203', '201206'])",16.35,E-boost3|depth2|r150|relative,SCENARIO_WALKFORWARD_v0.8
92,84,주안역센트레빌아파트,28177,570000000,-0.0336,1.1426,0.9865,1.3753,"{""bear"": 0.1057, ""base"": 0.1368, ""bull"": 0.1988}",6.0,-3.0,"전세가율×금리 조건부(지금 전세가율 0.53·금리 2.5, 유사 진입연도 ['201103', '201106', '201109', '201112', '201203', '201206'])",16.35,E-boost3|depth2|r150|relative,SCENARIO_WALKFORWARD_v0.8
88,59,주안파크자이더플래티넘,28177,441750000,-0.0654,1.1069,0.9556,1.3323,"{""bear"": 0.1057, ""base"": 0.1368, ""bull"": 0.1988}",6.0,-3.0,"전세가율×금리 조건부(지금 전세가율 0.53·금리 2.5, 유사 진입연도 ['201103', '201106', '201109', '201112', '201203', '201206'])",18.65,E-boost3|depth2|r150|relative,SCENARIO_WALKFORWARD_v0.8
88,74,주안파크자이더플래티넘,28177,523000000,-0.0762,1.095,0.9454,1.318,"{""bear"": 0.1057, ""base"": 0.1368, ""bull"": 0.1988}",6.0,-3.0,"전세가율×금리 조건부(지금 전세가율 0.53·금리 2.5, 유사 진입연도 ['201103', '201106', '201109', '201112', '201203', '201206'])",18.65,E-boost3|depth2|r150|relative,SCENARIO_WALKFORWARD_v0.8
88,84,주안파크자이더플래티넘,28177,581700000,-0.0701,1.1016,0.9511,1.3259,"{""bear"": 0.1057, ""base"": 0.1368, ""bull"": 0.1988}",6.0,-3.0,"전세가율×금리 조건부(지금 전세가율 0.53·금리 2.5, 유사 진입연도 ['201103', '201106', '201109', '201112', '201203', '201206'])",18.65,E-boost3|depth2|r150|relative,SCENARIO_WALKFORWARD_v0.8
1001,84,청라29블럭 호반베르디움,28275,648100000,-0.1668,1.0001,0.8634,1.2037,"{""bear"": 0.1057, ""base"": 0.1368, ""bull"": 0.1988}",4.0,0.0,"전세가율×금리 조건부(지금 전세가율 0.53·금리 2.5, 유사 진입연도 ['201103', '201106', '201109', '201112', '201203', '201206'])",16.77,E-boost3|depth2|r150|relative,SCENARIO_WALKFORWARD_v0.8
987,84,청라LH,28275,517000000,-0.1422,1.025,0.885,1.2338,"{""bear"": 0.1057, ""base"": 0.1368, ""bull"": 0.1988}",4.0,0.0,"전세가율×금리 조건부(지금 전세가율 0.53·금리 2.5, 유사 진입연도 ['201103', '201106', '201109', '201112', '201203', '201206'])",16.16,E-boost3|depth2|r150|relative,SCENARIO_WALKFORWARD_v0.8
965,84,청라센트럴에일린의뜰,28275,781300000,-0.1587,1.0083,0.8705,1.2136,"{""bear"": 0.1057, ""base"": 0.1368, ""bull"": 0.1988}",4.0,0.0,"전세가율×금리 조건부(지금 전세가율 0.53·금리 2.5, 유사 진입연도 ['201103', '201106', '201109', '201112', '201203', '201206'])",15.92,E-boost3|depth2|r150|relative,SCENARIO_WALKFORWARD_v0.8
966,74,청라제일풍경채2차에듀앤파크,28275,658200000,-0.1632,1.0038,0.8666,1.2081,"{""bear"": 0.1057, ""base"": 0.1368, ""bull"": 0.1988}",4.0,0.0,"전세가율×금리 조건부(지금 전세가율 0.53·금리 2.5, 유사 진입연도 ['201103', '201106', '201109', '201112', '201203', '201206'])",15.96,E-boost3|depth2|r150|relative,SCENARIO_WALKFORWARD_v0.8
966,84,청라제일풍경채2차에듀앤파크,28275,723700000,-0.1511,1.016,0.8771,1.2228,"{""bear"": 0.1057, ""base"": 0.1368, ""bull"": 0.1988}",4.0,0.0,"전세가율×금리 조건부(지금 전세가율 0.53·금리 2.5, 유사 진입연도 ['201103', '201106', '201109', '201112', '201203', '201206'])",15.96,E-boost3|depth2|r150|relative,SCENARIO_WALKFORWARD_v0.8
979,59,청라힐데스하임,28275,543000000,-0.1425,1.0247,0.8847,1.2334,"{""bear"": 0.1057, ""base"": 0.1368, ""bull"": 0.1988}",4.0,0.0,"전세가율×금리 조건부(지금 전세가율 0.53·금리 2.5, 유사 진입연도 ['201103', '201106', '201109', '201112', '201203', '201206'])",15.52,E-boost3|depth2|r150|relative,SCENARIO_WALKFORWARD_v0.8
543,59,청천푸르지오아파트,28237,322000000,-0.076,1.0952,0.9455,1.3182,"{""bear"": 0.1057, ""base"": 0.1368, ""bull"": 0.1988}",7.0,,"전세가율×금리 조건부(지금 전세가율 0.53·금리 2.5, 유사 진입연도 ['201103', '201106', '201109', '201112', '201203', '201206'])",11.43,E-boost3|depth2|r150|relative,SCENARIO_WALKFORWARD_v0.8
543,84,청천푸르지오아파트,28237,394000000,-0.0441,1.1307,0.9762,1.361,"{""bear"": 0.1057, ""base"": 0.1368, ""bull"": 0.1988}",7.0,,"전세가율×금리 조건부(지금 전세가율 0.53·금리 2.5, 유사 진입연도 ['201103', '201106', '201109', '201112', '201203', '201206'])",11.43,E-boost3|depth2|r150|relative,SCENARIO_WALKFORWARD_v0.8
1054,84,파라곤 센트럴파크,28290,672400000,-0.1112,1.0573,0.9128,1.2726,"{""bear"": 0.1057, ""base"": 0.1368, ""bull"": 0.1988}",5.0,0.0,"전세가율×금리 조건부(지금 전세가율 0.53·금리 2.5, 유사 진입연도 ['201103', '201106', '201109', '201112', '201203', '201206'])",10.24,E-boost3|depth2|r150|relative,SCENARIO_WALKFORWARD_v0.8
909,59,포레나루원시티아파트,28275,511400000,-0.1192,1.0489,0.9055,1.2624,"{""bear"": 0.1057, ""base"": 0.1368, ""bull"": 0.1988}",5.0,0.0,"전세가율×금리 조건부(지금 전세가율 0.53·금리 2.5, 유사 진입연도 ['201103', '201106', '201109', '201112', '201203', '201206'])",13.48,E-boost3|depth2|r150|relative,SCENARIO_WALKFORWARD_v0.8
909,74,포레나루원시티아파트,28275,580000000,-0.118,1.0502,0.9067,1.264,"{""bear"": 0.1057, ""base"": 0.1368, ""bull"": 0.1988}",5.0,0.0,"전세가율×금리 조건부(지금 전세가율 0.53·금리 2.5, 유사 진입연도 ['201103', '201106', '201109', '201112', '201203', '201206'])",13.48,E-boost3|depth2|r150|relative,SCENARIO_WALKFORWARD_v0.8
909,84,포레나루원시티아파트,28275,592200000,-0.1228,1.0451,0.9023,1.2579,"{""bear"": 0.1057, ""base"": 0.1368, ""bull"": 0.1988}",5.0,0.0,"전세가율×금리 조건부(지금 전세가율 0.53·금리 2.5, 유사 진입연도 ['201103', '201106', '201109', '201112', '201203', '201206'])",13.48,E-boost3|depth2|r150|relative,SCENARIO_WALKFORWARD_v0.8
361,59,포레시안 아파트,28200,335000000,-0.015,1.164,1.005,1.4011,"{""bear"": 0.1057, ""base"": 0.1368, ""bull"": 0.1988}",7.0,-1.0,"전세가율×금리 조건부(지금 전세가율 0.53·금리 2.5, 유사 진입연도 ['201103', '201106', '201109', '201112', '201203', '201206'])",13.82,E-boost3|depth2|r150|relative,SCENARIO_WALKFORWARD_v0.8
361,74,포레시안 아파트,28200,388500000,-0.0201,1.1581,0.9998,1.3939,"{""bear"": 0.1057, ""base"": 0.1368, ""bull"": 0.1988}",7.0,-1.0,"전세가율×금리 조건부(지금 전세가율 0.53·금리 2.5, 유사 진입연도 ['201103', '201106', '201109', '201112', '201203', '201206'])",13.82,E-boost3|depth2|r150|relative,SCENARIO_WALKFORWARD_v0.8
361,84,포레시안 아파트,28200,412500000,-0.0054,1.1753,1.0147,1.4146,"{""bear"": 0.1057, ""base"": 0.1368, ""bull"": 0.1988}",7.0,-1.0,"전세가율×금리 조건부(지금 전세가율 0.53·금리 2.5, 유사 진입연도 ['201103', '201106', '201109', '201112', '201203', '201206'])",13.82,E-boost3|depth2|r150|relative,SCENARIO_WALKFORWARD_v0.8
827,59,하늘도시우미린1단지,28155,282600000,-0.1299,1.0378,0.896,1.2491,"{""bear"": 0.1057, ""base"": 0.1368, ""bull"": 0.1988}",6.0,-1.0,"전세가율×금리 조건부(지금 전세가율 0.53·금리 2.5, 유사 진입연도 ['201103', '201106', '201109', '201112', '201203', '201206'])",24.96,E-boost3|depth2|r150|relative,SCENARIO_WALKFORWARD_v0.8
730,59,학마을 서해아파트,28245,323800000,0.0183,1.2034,1.039,1.4485,"{""bear"": 0.1057, ""base"": 0.1368, ""bull"": 0.1988}",6.0,-3.0,"전세가율×금리 조건부(지금 전세가율 0.53·금리 2.5, 유사 진입연도 ['201103', '201106', '201109', '201112', '201203', '201206'])",7.75,E-boost3|depth2|r150|relative,SCENARIO_WALKFORWARD_v0.8
731,59,학마을영남아파트,28245,320300000,0.019,1.2043,1.0397,1.4495,"{""bear"": 0.1057, ""base"": 0.1368, ""bull"": 0.1988}",6.0,-3.0,"전세가율×금리 조건부(지금 전세가율 0.53·금리 2.5, 유사 진입연도 ['201103', '201106', '201109', '201112', '201203', '201206'])",7.75,E-boost3|depth2|r150|relative,SCENARIO_WALKFORWARD_v0.8
50,59,학익동아풍림,28177,266000000,0.0196,1.205,1.0403,1.4504,"{""bear"": 0.1057, ""base"": 0.1368, ""bull"": 0.1988}",7.0,-3.0,"전세가율×금리 조건부(지금 전세가율 0.53·금리 2.5, 유사 진입연도 ['201103', '201106', '201109', '201112', '201203', '201206'])",19.7,E-boost3|depth2|r150|relative,SCENARIO_WALKFORWARD_v0.8
50,84,학익동아풍림,28177,314450000,0.0417,1.232,1.0636,1.4828,"{""bear"": 0.1057, ""base"": 0.1368, ""bull"": 0.1988}",7.0,-3.0,"전세가율×금리 조건부(지금 전세가율 0.53·금리 2.5, 유사 진입연도 ['201103', '201106', '201109', '201112', '201203', '201206'])",19.7,E-boost3|depth2|r150|relative,SCENARIO_WALKFORWARD_v0.8
51,59,학익풍림아이원,28177,337000000,-0.055,1.1184,0.9656,1.3462,"{""bear"": 0.1057, ""base"": 0.1368, ""bull"": 0.1988}",7.0,-3.0,"전세가율×금리 조건부(지금 전세가율 0.53·금리 2.5, 유사 진입연도 ['201103', '201106', '201109', '201112', '201203', '201206'])",19.95,E-boost3|depth2|r150|relative,SCENARIO_WALKFORWARD_v0.8
51,84,학익풍림아이원,28177,398700000,-0.0352,1.1408,0.9849,1.3731,"{""bear"": 0.1057, ""base"": 0.1368, ""bull"": 0.1988}",7.0,-3.0,"전세가율×금리 조건부(지금 전세가율 0.53·금리 2.5, 유사 진입연도 ['201103', '201106', '201109', '201112', '201203', '201206'])",19.95,E-boost3|depth2|r150|relative,SCENARIO_WALKFORWARD_v0.8
299,59,한화포레나 인천구월,28200,513900000,-0.053,1.1206,0.9675,1.3488,"{""bear"": 0.1057, ""base"": 0.1368, ""bull"": 0.1988}",5.0,0.0,"전세가율×금리 조건부(지금 전세가율 0.53·금리 2.5, 유사 진입연도 ['201103', '201106', '201109', '201112', '201203', '201206'])",15.14,E-boost3|depth2|r150|relative,SCENARIO_WALKFORWARD_v0.8
299,74,한화포레나 인천구월,28200,596900000,-0.0623,1.1103,0.9586,1.3364,"{""bear"": 0.1057, ""base"": 0.1368, ""bull"": 0.1988}",5.0,0.0,"전세가율×금리 조건부(지금 전세가율 0.53·금리 2.5, 유사 진입연도 ['201103', '201106', '201109', '201112', '201203', '201206'])",15.14,E-boost3|depth2|r150|relative,SCENARIO_WALKFORWARD_v0.8
299,84,한화포레나 인천구월,28200,685000000,-0.061,1.1117,0.9598,1.3381,"{""bear"": 0.1057, ""base"": 0.1368, ""bull"": 0.1988}",5.0,0.0,"전세가율×금리 조건부(지금 전세가율 0.53·금리 2.5, 유사 진입연도 ['201103', '201106', '201109', '201112', '201203', '201206'])",15.14,E-boost3|depth2|r150|relative,SCENARIO_WALKFORWARD_v0.8
232,84,호반써밋송도아파트,28185,636500000,-0.0585,1.1145,0.9622,1.3414,"{""bear"": 0.1057, ""base"": 0.1368, ""bull"": 0.1988}",4.0,1.0,"전세가율×금리 조건부(지금 전세가율 0.53·금리 2.5, 유사 진입연도 ['201103', '201106', '201109', '201112', '201203', '201206'])",22.93,E-boost3|depth2|r150|relative,SCENARIO_WALKFORWARD_v0.8
229,84,힐스테이트 레이크 송도3차,28185,848250000,-0.0795,1.0914,0.9422,1.3136,"{""bear"": 0.1057, ""base"": 0.1368, ""bull"": 0.1988}",4.0,1.0,"전세가율×금리 조건부(지금 전세가율 0.53·금리 2.5, 유사 진입연도 ['201103', '201106', '201109', '201112', '201203', '201206'])",23.65,E-boost3|depth2|r150|relative,SCENARIO_WALKFORWARD_v0.8
489,59,힐스테이트 부평아파트,28237,586500000,-0.0539,1.1197,0.9667,1.3477,"{""bear"": 0.1057, ""base"": 0.1368, ""bull"": 0.1988}",6.0,-2.0,"전세가율×금리 조건부(지금 전세가율 0.53·금리 2.5, 유사 진입연도 ['201103', '201106', '201109', '201112', '201203', '201206'])",13.76,E-boost3|depth2|r150|relative,SCENARIO_WALKFORWARD_v0.8
489,74,힐스테이트 부평아파트,28237,667000000,-0.0622,1.1104,0.9587,1.3365,"{""bear"": 0.1057, ""base"": 0.1368, ""bull"": 0.1988}",6.0,-2.0,"전세가율×금리 조건부(지금 전세가율 0.53·금리 2.5, 유사 진입연도 ['201103', '201106', '201109', '201112', '201203', '201206'])",13.76,E-boost3|depth2|r150|relative,SCENARIO_WALKFORWARD_v0.8
489,84,힐스테이트 부평아파트,28237,719900000,-0.0488,1.1254,0.9716,1.3545,"{""bear"": 0.1057, ""base"": 0.1368, ""bull"": 0.1988}",6.0,-2.0,"전세가율×금리 조건부(지금 전세가율 0.53·금리 2.5, 유사 진입연도 ['201103', '201106', '201109', '201112', '201203', '201206'])",13.76,E-boost3|depth2|r150|relative,SCENARIO_WALKFORWARD_v0.8
227,84,힐스테이트 송도 더스카이,28185,1129500000,-0.0811,1.0896,0.9407,1.3115,"{""bear"": 0.1057, ""base"": 0.1368, ""bull"": 0.1988}",4.0,1.0,"전세가율×금리 조건부(지금 전세가율 0.53·금리 2.5, 유사 진입연도 ['201103', '201106', '201109', '201112', '201203', '201206'])",22.58,E-boost3|depth2|r150|relative,SCENARIO_WALKFORWARD_v0.8
1117,74,힐스테이트 신검단센트럴,28290,689800000,-0.0946,1.075,0.9281,1.2938,"{""bear"": 0.1057, ""base"": 0.1368, ""bull"": 0.1988}",7.0,,"전세가율×금리 조건부(지금 전세가율 0.53·금리 2.5, 유사 진입연도 ['201103', '201106', '201109', '201112', '201203', '201206'])",11.86,E-boost3|depth2|r150|relative,SCENARIO_WALKFORWARD_v0.8
1117,84,힐스테이트 신검단센트럴,28290,778800000,-0.0536,1.1199,0.9669,1.348,"{""bear"": 0.1057, ""base"": 0.1368, ""bull"": 0.1988}",7.0,,"전세가율×금리 조건부(지금 전세가율 0.53·금리 2.5, 유사 진입연도 ['201103', '201106', '201109', '201112', '201203', '201206'])",11.86,E-boost3|depth2|r150|relative,SCENARIO_WALKFORWARD_v0.8
686,59,힐스테이트자이계양,28245,578898000,-0.0448,1.1298,0.9755,1.3599,"{""bear"": 0.1057, ""base"": 0.1368, ""bull"": 0.1988}",7.0,-3.0,"전세가율×금리 조건부(지금 전세가율 0.53·금리 2.5, 유사 진입연도 ['201103', '201106', '201109', '201112', '201203', '201206'])",9.87,E-boost3|depth2|r150|relative,SCENARIO_WALKFORWARD_v0.8
686,84,힐스테이트자이계양,28245,827600000,-0.0509,1.123,0.9696,1.3517,"{""bear"": 0.1057, ""base"": 0.1368, ""bull"": 0.1988}",7.0,-3.0,"전세가율×금리 조건부(지금 전세가율 0.53·금리 2.5, 유사 진입연도 ['201103', '201106', '201109', '201112', '201203', '201206'])",9.87,E-boost3|depth2|r150|relative,SCENARIO_WALKFORWARD_v0.8
10,59,용현자이크레스트아파트,28177,480000000,-0.1015,1.0676,0.9217,1.285,"{""bear"": 0.1057, ""base"": 0.1368, ""bull"": 0.1988}",7.0,-1.0,"전세가율×금리 조건부(지금 전세가율 0.53·금리 2.5, 유사 진입연도 ['201103', '201106', '201109', '201112', '201203', '201206'])",19.67,E-boost3|depth2|r150|relative,SCENARIO_WALKFORWARD_v0.8
987,74,청라LH,28275,470000000,-0.1478,1.0193,0.88,1.2268,"{""bear"": 0.1057, ""base"": 0.1368, ""bull"": 0.1988}",4.0,0.0,"전세가율×금리 조건부(지금 전세가율 0.53·금리 2.5, 유사 진입연도 ['201103', '201106', '201109', '201112', '201203', '201206'])",16.16,E-boost3|depth2|r150|relative,SCENARIO_WALKFORWARD_v0.8
2358,59,DMC SKVIEW 아이파크포레,11380,1093900000,0.1054,1.313,1.1336,1.5804,"{""bear"": 0.1057, ""base"": 0.1368, ""bull"": 0.1988}",2.0,,"전세가율×금리 조건부(지금 전세가율 0.53·금리 2.5, 유사 진입연도 ['201103', '201106', '201109', '201112', '201203', '201206'])",0.59,E-boost3|depth2|r150|relative,SCENARIO_WALKFORWARD_v0.8
2358,74,DMC SKVIEW 아이파크포레,11380,1251000000,0.1146,1.3251,1.1441,1.595,"{""bear"": 0.1057, ""base"": 0.1368, ""bull"": 0.1988}",2.0,,"전세가율×금리 조건부(지금 전세가율 0.53·금리 2.5, 유사 진입연도 ['201103', '201106', '201109', '201112', '201203', '201206'])",0.59,E-boost3|depth2|r150|relative,SCENARIO_WALKFORWARD_v0.8
2358,84,DMC SKVIEW 아이파크포레,11380,1308500000,0.1116,1.3212,1.1407,1.5903,"{""bear"": 0.1057, ""base"": 0.1368, ""bull"": 0.1988}",2.0,,"전세가율×금리 조건부(지금 전세가율 0.53·금리 2.5, 유사 진입연도 ['201103', '201106', '201109', '201112', '201203', '201206'])",0.59,E-boost3|depth2|r150|relative,SCENARIO_WALKFORWARD_v0.8
6823,59,DMC 두산위브 더 퍼스트,41281,613300000,0.0305,1.2183,1.0518,1.4664,"{""bear"": 0.1057, ""base"": 0.1368, ""bull"": 0.1988}",4.0,,"전세가율×금리 조건부(지금 전세가율 0.53·금리 2.5, 유사 진입연도 ['201103', '201106', '201109', '201112', '201203', '201206'])",2.72,E-boost3|depth2|r150|relative,SCENARIO_WALKFORWARD_v0.8
2594,59,DMC래미안e편한세상,11410,1361000000,0.0892,1.2919,1.1153,1.5549,"{""bear"": 0.1057, ""base"": 0.1368, ""bull"": 0.1988}",3.0,,"전세가율×금리 조건부(지금 전세가율 0.53·금리 2.5, 유사 진입연도 ['201103', '201106', '201109', '201112', '201203', '201206'])",0.63,E-boost3|depth2|r150|relative,SCENARIO_WALKFORWARD_v0.8
2594,84,DMC래미안e편한세상,11410,1511500000,0.0999,1.3058,1.1274,1.5717,"{""bear"": 0.1057, ""base"": 0.1368, ""bull"": 0.1988}",3.0,,"전세가율×금리 조건부(지금 전세가율 0.53·금리 2.5, 유사 진입연도 ['201103', '201106', '201109', '201112', '201203', '201206'])",0.63,E-boost3|depth2|r150|relative,SCENARIO_WALKFORWARD_v0.8
2362,59,DMC롯데캐슬더퍼스트,11380,1140000000,0.1029,1.3098,1.1308,1.5765,"{""bear"": 0.1057, ""base"": 0.1368, ""bull"": 0.1988}",2.0,,"전세가율×금리 조건부(지금 전세가율 0.53·금리 2.5, 유사 진입연도 ['201103', '201106', '201109', '201112', '201203', '201206'])",0.63,E-boost3|depth2|r150|relative,SCENARIO_WALKFORWARD_v0.8
2362,84,DMC롯데캐슬더퍼스트,11380,1303500000,0.1005,1.3066,1.128,1.5726,"{""bear"": 0.1057, ""base"": 0.1368, ""bull"": 0.1988}",2.0,,"전세가율×금리 조건부(지금 전세가율 0.53·금리 2.5, 유사 진입연도 ['201103', '201106', '201109', '201112', '201203', '201206'])",0.63,E-boost3|depth2|r150|relative,SCENARIO_WALKFORWARD_v0.8
2605,59,DMC센트럴아이파크,11410,1201000000,0.0318,1.2199,1.0532,1.4683,"{""bear"": 0.1057, ""base"": 0.1368, ""bull"": 0.1988}",2.0,1.0,"전세가율×금리 조건부(지금 전세가율 0.53·금리 2.5, 유사 진입연도 ['201103', '201106', '201109', '201112', '201203', '201206'])",0.54,E-boost3|depth2|r150|relative,SCENARIO_WALKFORWARD_v0.8
2605,84,DMC센트럴아이파크,11410,1378400000,0.0429,1.2334,1.0649,1.4846,"{""bear"": 0.1057, ""base"": 0.1368, ""bull"": 0.1988}",2.0,1.0,"전세가율×금리 조건부(지금 전세가율 0.53·금리 2.5, 유사 진입연도 ['201103', '201106', '201109', '201112', '201203', '201206'])",0.54,E-boost3|depth2|r150|relative,SCENARIO_WALKFORWARD_v0.8
2604,59,DMC에코자이,11410,1295100000,0.0548,1.2482,1.0777,1.5024,"{""bear"": 0.1057, ""base"": 0.1368, ""bull"": 0.1988}",2.0,1.0,"전세가율×금리 조건부(지금 전세가율 0.53·금리 2.5, 유사 진입연도 ['201103', '201106', '201109', '201112', '201203', '201206'])",0.17,E-boost3|depth2|r150|relative,SCENARIO_WALKFORWARD_v0.8
2604,74,DMC에코자이,11410,1376000000,0.0372,1.2264,1.0588,1.4761,"{""bear"": 0.1057, ""base"": 0.1368, ""bull"": 0.1988}",2.0,1.0,"전세가율×금리 조건부(지금 전세가율 0.53·금리 2.5, 유사 진입연도 ['201103', '201106', '201109', '201112', '201203', '201206'])",0.17,E-boost3|depth2|r150|relative,SCENARIO_WALKFORWARD_v0.8
2604,84,DMC에코자이,11410,1417500000,0.0522,1.245,1.0749,1.4985,"{""bear"": 0.1057, ""base"": 0.1368, ""bull"": 0.1988}",2.0,1.0,"전세가율×금리 조건부(지금 전세가율 0.53·금리 2.5, 유사 진입연도 ['201103', '201106', '201109', '201112', '201203', '201206'])",0.17,E-boost3|depth2|r150|relative,SCENARIO_WALKFORWARD_v0.8
2359,59,DMC파인시티자이,11380,1276500000,0.1194,1.3315,1.1495,1.6026,"{""bear"": 0.1057, ""base"": 0.1368, ""bull"": 0.1988}",2.0,,"전세가율×금리 조건부(지금 전세가율 0.53·금리 2.5, 유사 진입연도 ['201103', '201106', '201109', '201112', '201203', '201206'])",0.19,E-boost3|depth2|r150|relative,SCENARIO_WALKFORWARD_v0.8
2359,74,DMC파인시티자이,11380,1373600000,0.1225,1.3357,1.1531,1.6076,"{""bear"": 0.1057, ""base"": 0.1368, ""bull"": 0.1988}",2.0,,"전세가율×금리 조건부(지금 전세가율 0.53·금리 2.5, 유사 진입연도 ['201103', '201106', '201109', '201112', '201203', '201206'])",0.19,E-boost3|depth2|r150|relative,SCENARIO_WALKFORWARD_v0.8
2359,84,DMC파인시티자이,11380,1524000000,0.121,1.3336,1.1514,1.6052,"{""bear"": 0.1057, ""base"": 0.1368, ""bull"": 0.1988}",2.0,,"전세가율×금리 조건부(지금 전세가율 0.53·금리 2.5, 유사 진입연도 ['201103', '201106', '201109', '201112', '201203', '201206'])",0.19,E-boost3|depth2|r150|relative,SCENARIO_WALKFORWARD_v0.8
9539,59,SK VIEW Park 2차 아파트,41595,517200000,-0.1864,0.9807,0.8467,1.1804,"{""bear"": 0.1057, ""base"": 0.1368, ""bull"": 0.1988}",6.0,,"전세가율×금리 조건부(지금 전세가율 0.53·금리 2.5, 유사 진입연도 ['201103', '201106', '201109', '201112', '201203', '201206'])",15.01,E-boost3|depth2|r150|relative,SCENARIO_WALKFORWARD_v0.8
9539,84,SK VIEW Park 2차 아파트,41595,622100000,-0.1868,0.9803,0.8464,1.18,"{""bear"": 0.1057, ""base"": 0.1368, ""bull"": 0.1988}",6.0,,"전세가율×금리 조건부(지금 전세가율 0.53·금리 2.5, 유사 진입연도 ['201103', '201106', '201109', '201112', '201203', '201206'])",15.01,E-boost3|depth2|r150|relative,SCENARIO_WALKFORWARD_v0.8
1963,59,SK북한산시티아파트,11305,673900000,0.0788,1.2786,1.1039,1.5389,"{""bear"": 0.1057, ""base"": 0.1368, ""bull"": 0.1988}",4.0,0.0,"전세가율×금리 조건부(지금 전세가율 0.53·금리 2.5, 유사 진입연도 ['201103', '201106', '201109', '201112', '201203', '201206'])",1.45,E-boost3|depth2|r150|relative,SCENARIO_WALKFORWARD_v0.8
1963,84,SK북한산시티아파트,11305,736000000,0.0859,1.2876,1.1117,1.5498,"{""bear"": 0.1057, ""base"": 0.1368, ""bull"": 0.1988}",4.0,0.0,"전세가율×금리 조건부(지금 전세가율 0.53·금리 2.5, 유사 진입연도 ['201103', '201106', '201109', '201112', '201203', '201206'])",1.45,E-boost3|depth2|r150|relative,SCENARIO_WALKFORWARD_v0.8
9548,59,SK뷰파크 아파트,41595,559100000,-0.1703,0.9967,0.8605,1.1996,"{""bear"": 0.1057, ""base"": 0.1368, ""bull"": 0.1988}",5.0,1.0,"전세가율×금리 조건부(지금 전세가율 0.53·금리 2.5, 유사 진입연도 ['201103', '201106', '201109', '201112', '201203', '201206'])",14.19,E-boost3|depth2|r150|relative,SCENARIO_WALKFORWARD_v0.8
9548,84,SK뷰파크 아파트,41595,657800000,-0.1728,0.9941,0.8583,1.1965,"{""bear"": 0.1057, ""base"": 0.1368, ""bull"": 0.1988}",5.0,1.0,"전세가율×금리 조건부(지금 전세가율 0.53·금리 2.5, 유사 진입연도 ['201103', '201106', '201109', '201112', '201203', '201206'])",14.19,E-boost3|depth2|r150|relative,SCENARIO_WALKFORWARD_v0.8
5051,59,e편한세상 금빛 그랑메종5단지 아파트,41133,1007800000,0.0958,1.3005,1.1228,1.5653,"{""bear"": 0.1057, ""base"": 0.1368, ""bull"": 0.1988}",3.0,0.0,"전세가율×금리 조건부(지금 전세가율 0.53·금리 2.5, 유사 진입연도 ['201103', '201106', '201109', '201112', '201203', '201206'])",3.56,E-boost3|depth2|r150|relative,SCENARIO_WALKFORWARD_v0.8
5051,74,e편한세상 금빛 그랑메종5단지 아파트,41133,1107450000,0.0908,1.294,1.1172,1.5575,"{""bear"": 0.1057, ""base"": 0.1368, ""bull"": 0.1988}",3.0,0.0,"전세가율×금리 조건부(지금 전세가율 0.53·금리 2.5, 유사 진입연도 ['201103', '201106', '201109', '201112', '201203', '201206'])",3.56,E-boost3|depth2|r150|relative,SCENARIO_WALKFORWARD_v0.8
5051,84,e편한세상 금빛 그랑메종5단지 아파트,41133,1131750000,0.0955,1.3001,1.1224,1.5648,"{""bear"": 0.1057, ""base"": 0.1368, ""bull"": 0.1988}",3.0,0.0,"전세가율×금리 조건부(지금 전세가율 0.53·금리 2.5, 유사 진입연도 ['201103', '201106', '201109', '201112', '201203', '201206'])",3.56,E-boost3|depth2|r150|relative,SCENARIO_WALKFORWARD_v0.8
8532,84,e편한세상 수지아파트,41465,1555000000,-0.0133,1.166,1.0067,1.4034,"{""bear"": 0.1057, ""base"": 0.1368, ""bull"": 0.1988}",3.0,1.0,"전세가율×금리 조건부(지금 전세가율 0.53·금리 2.5, 유사 진입연도 ['201103', '201106', '201109', '201112', '201203', '201206'])",4.15,E-boost3|depth2|r150|relative,SCENARIO_WALKFORWARD_v0.8
5414,59,e편한세상 신곡 포레스타뷰,41150,409600000,-0.0975,1.0719,0.9254,1.2901,"{""bear"": 0.1057, ""base"": 0.1368, ""bull"": 0.1988}",7.0,0.0,"전세가율×금리 조건부(지금 전세가율 0.53·금리 2.5, 유사 진입연도 ['201103', '201106', '201109', '201112', '201203', '201206'])",15.62,E-boost3|depth2|r150|relative,SCENARIO_WALKFORWARD_v0.8
5414,74,e편한세상 신곡 포레스타뷰,41150,468900000,-0.1015,1.0676,0.9217,1.285,"{""bear"": 0.1057, ""base"": 0.1368, ""bull"": 0.1988}",7.0,0.0,"전세가율×금리 조건부(지금 전세가율 0.53·금리 2.5, 유사 진입연도 ['201103', '201106', '201109', '201112', '201203', '201206'])",15.62,E-boost3|depth2|r150|relative,SCENARIO_WALKFORWARD_v0.8
5414,84,e편한세상 신곡 포레스타뷰,41150,563400000,-0.1031,1.0659,0.9202,1.2829,"{""bear"": 0.1057, ""base"": 0.1368, ""bull"": 0.1988}",7.0,0.0,"전세가율×금리 조건부(지금 전세가율 0.53·금리 2.5, 유사 진입연도 ['201103', '201106', '201109', '201112', '201203', '201206'])",15.62,E-boost3|depth2|r150|relative,SCENARIO_WALKFORWARD_v0.8
7611,59,e편한세상 오산세교 아파트,41370,299500000,-0.0976,1.0718,0.9254,1.2901,"{""bear"": 0.1057, ""base"": 0.1368, ""bull"": 0.1988}",6.0,-1.0,"전세가율×금리 조건부(지금 전세가율 0.53·금리 2.5, 유사 진입연도 ['201103', '201106', '201109', '201112', '201203', '201206'])",21.04,E-boost3|depth2|r150|relative,SCENARIO_WALKFORWARD_v0.8
7611,74,e편한세상 오산세교 아파트,41370,328600000,-0.1041,1.0648,0.9193,1.2817,"{""bear"": 0.1057, ""base"": 0.1368, ""bull"": 0.1988}",6.0,-1.0,"전세가율×금리 조건부(지금 전세가율 0.53·금리 2.5, 유사 진입연도 ['201103', '201106', '201109', '201112', '201203', '201206'])",21.04,E-boost3|depth2|r150|relative,SCENARIO_WALKFORWARD_v0.8
7611,84,e편한세상 오산세교 아파트,41370,356900000,-0.0843,1.0862,0.9377,1.3073,"{""bear"": 0.1057, ""base"": 0.1368, ""bull"": 0.1988}",6.0,-1.0,"전세가율×금리 조건부(지금 전세가율 0.53·금리 2.5, 유사 진입연도 ['201103', '201106', '201109', '201112', '201203', '201206'])",21.04,E-boost3|depth2|r150|relative,SCENARIO_WALKFORWARD_v0.8
9965,74,e편한세상 옥정 더퍼스트 아파트,41630,371600000,-0.1333,1.0342,0.8928,1.2447,"{""bear"": 0.1057, ""base"": 0.1368, ""bull"": 0.1988}",6.0,1.0,"전세가율×금리 조건부(지금 전세가율 0.53·금리 2.5, 유사 진입연도 ['201103', '201106', '201109', '201112', '201203', '201206'])",23.76,E-boost3|depth2|r150|relative,SCENARIO_WALKFORWARD_v0.8
9965,84,e편한세상 옥정 더퍼스트 아파트,41630,405000000,-0.121,1.047,0.9039,1.2602,"{""bear"": 0.1057, ""base"": 0.1368, ""bull"": 0.1988}",6.0,1.0,"전세가율×금리 조건부(지금 전세가율 0.53·금리 2.5, 유사 진입연도 ['201103', '201106', '201109', '201112', '201203', '201206'])",23.76,E-boost3|depth2|r150|relative,SCENARIO_WALKFORWARD_v0.8
9961,74,e편한세상 옥정 메트로포레,41630,392800000,-0.1316,1.0359,0.8944,1.2468,"{""bear"": 0.1057, ""base"": 0.1368, ""bull"": 0.1988}",6.0,1.0,"전세가율×금리 조건부(지금 전세가율 0.53·금리 2.5, 유사 진입연도 ['201103', '201106', '201109', '201112', '201203', '201206'])",23.16,E-boost3|depth2|r150|relative,SCENARIO_WALKFORWARD_v0.8
9961,84,e편한세상 옥정 메트로포레,41630,424000000,-0.1261,1.0416,0.8993,1.2537,"{""bear"": 0.1057, ""base"": 0.1368, ""bull"": 0.1988}",6.0,1.0,"전세가율×금리 조건부(지금 전세가율 0.53·금리 2.5, 유사 진입연도 ['201103', '201106', '201109', '201112', '201203', '201206'])",23.16,E-boost3|depth2|r150|relative,SCENARIO_WALKFORWARD_v0.8
9970,74,e편한세상 옥정 에듀써밋,41630,416100000,-0.1234,1.0445,0.9017,1.2571,"{""bear"": 0.1057, ""base"": 0.1368, ""bull"": 0.1988}",6.0,1.0,"전세가율×금리 조건부(지금 전세가율 0.53·금리 2.5, 유사 진입연도 ['201103', '201106', '201109', '201112', '201203', '201206'])",24.03,E-boost3|depth2|r150|relative,SCENARIO_WALKFORWARD_v0.8
9970,84,e편한세상 옥정 에듀써밋,41630,460900000,-0.133,1.0345,0.8931,1.2451,"{""bear"": 0.1057, ""base"": 0.1368, ""bull"": 0.1988}",6.0,1.0,"전세가율×금리 조건부(지금 전세가율 0.53·금리 2.5, 유사 진입연도 ['201103', '201106', '201109', '201112', '201203', '201206'])",24.03,E-boost3|depth2|r150|relative,SCENARIO_WALKFORWARD_v0.8
8286,59,e편한세상 용인한숲시티 5단지,41461,364000000,-0.1758,0.9912,0.8557,1.193,"{""bear"": 0.1057, ""base"": 0.1368, ""bull"": 0.1988}",6.0,0.0,"전세가율×금리 조건부(지금 전세가율 0.53·금리 2.5, 유사 진입연도 ['201103', '201106', '201109', '201112', '201203', '201206'])",21.39,E-boost3|depth2|r150|relative,SCENARIO_WALKFORWARD_v0.8
8286,84,e편한세상 용인한숲시티 5단지,41461,436300000,-0.1563,1.0107,0.8726,1.2165,"{""bear"": 0.1057, ""base"": 0.1368, ""bull"": 0.1988}",6.0,0.0,"전세가율×금리 조건부(지금 전세가율 0.53·금리 2.5, 유사 진입연도 ['201103', '201106', '201109', '201112', '201203', '201206'])",21.39,E-boost3|depth2|r150|relative,SCENARIO_WALKFORWARD_v0.8
8284,59,e편한세상 용인한숲시티6단지,41461,350100000,-0.1547,1.0123,0.874,1.2184,"{""bear"": 0.1057, ""base"": 0.1368, ""bull"": 0.1988}",6.0,0.0,"전세가율×금리 조건부(지금 전세가율 0.53·금리 2.5, 유사 진입연도 ['201103', '201106', '201109', '201112', '201203', '201206'])",21.51,E-boost3|depth2|r150|relative,SCENARIO_WALKFORWARD_v0.8
8284,84,e편한세상 용인한숲시티6단지,41461,438200000,-0.165,1.0019,0.865,1.2059,"{""bear"": 0.1057, ""base"": 0.1368, ""bull"": 0.1988}",6.0,0.0,"전세가율×금리 조건부(지금 전세가율 0.53·금리 2.5, 유사 진입연도 ['201103', '201106', '201109', '201112', '201203', '201206'])",21.51,E-boost3|depth2|r150|relative,SCENARIO_WALKFORWARD_v0.8
7232,59,e편한세상 평내 메트로원,41360,475673000,-0.135,1.0324,0.8913,1.2426,"{""bear"": 0.1057, ""base"": 0.1368, ""bull"": 0.1988}",6.0,-3.0,"전세가율×금리 조건부(지금 전세가율 0.53·금리 2.5, 유사 진입연도 ['201103', '201106', '201109', '201112', '201203', '201206'])",12.28,E-boost3|depth2|r150|relative,SCENARIO_WALKFORWARD_v0.8
7232,84,e편한세상 평내 메트로원,41360,639300000,-0.1329,1.0346,0.8933,1.2453,"{""bear"": 0.1057, ""base"": 0.1368, ""bull"": 0.1988}",6.0,-3.0,"전세가율×금리 조건부(지금 전세가율 0.53·금리 2.5, 유사 진입연도 ['201103', '201106', '201109', '201112', '201203', '201206'])",12.28,E-boost3|depth2|r150|relative,SCENARIO_WALKFORWARD_v0.8
5048,59,e편한세상금빛그랑메종1단지아파트,41133,1191400000,0.1002,1.3062,1.1277,1.5721,"{""bear"": 0.1057, ""base"": 0.1368, ""bull"": 0.1988}",3.0,0.0,"전세가율×금리 조건부(지금 전세가율 0.53·금리 2.5, 유사 진입연도 ['201103', '201106', '201109', '201112', '201203', '201206'])",3.34,E-boost3|depth2|r150|relative,SCENARIO_WALKFORWARD_v0.8
5048,74,e편한세상금빛그랑메종1단지아파트,41133,1248100000,0.1121,1.3218,1.1412,1.591,"{""bear"": 0.1057, ""base"": 0.1368, ""bull"": 0.1988}",3.0,0.0,"전세가율×금리 조건부(지금 전세가율 0.53·금리 2.5, 유사 진입연도 ['201103', '201106', '201109', '201112', '201203', '201206'])",3.34,E-boost3|depth2|r150|relative,SCENARIO_WALKFORWARD_v0.8
5048,84,e편한세상금빛그랑메종1단지아파트,41133,1288000000,0.1031,1.31,1.131,1.5768,"{""bear"": 0.1057, ""base"": 0.1368, ""bull"": 0.1988}",3.0,0.0,"전세가율×금리 조건부(지금 전세가율 0.53·금리 2.5, 유사 진입연도 ['201103', '201106', '201109', '201112', '201203', '201206'])",3.34,E-boost3|depth2|r150|relative,SCENARIO_WALKFORWARD_v0.8
1362,59,e편한세상금호파크힐스,11200,2059000000,0.0803,1.2804,1.1055,1.5411,"{""bear"": 0.1057, ""base"": 0.1368, ""bull"": 0.1988}",2.0,,"전세가율×금리 조건부(지금 전세가율 0.53·금리 2.5, 유사 진입연도 ['201103', '201106', '201109', '201112', '201203', '201206'])",0.13,E-boost3|depth2|r150|relative,SCENARIO_WALKFORWARD_v0.8
1362,84,e편한세상금호파크힐스,11200,2358000000,0.0817,1.2822,1.107,1.5433,"{""bear"": 0.1057, ""base"": 0.1368, ""bull"": 0.1988}",2.0,,"전세가율×금리 조건부(지금 전세가율 0.53·금리 2.5, 유사 진입연도 ['201103', '201106', '201109', '201112', '201203', '201206'])",0.13,E-boost3|depth2|r150|relative,SCENARIO_WALKFORWARD_v0.8
9694,74,e편한세상동탄아파트,41597,576300000,-0.1633,1.0036,0.8665,1.208,"{""bear"": 0.1057, ""base"": 0.1368, ""bull"": 0.1988}",4.0,2.0,"전세가율×금리 조건부(지금 전세가율 0.53·금리 2.5, 유사 진입연도 ['201103', '201106', '201109', '201112', '201203', '201206'])",17.05,E-boost3|depth2|r150|relative,SCENARIO_WALKFORWARD_v0.8
9694,84,e편한세상동탄아파트,41597,634050000,-0.1415,1.0257,0.8856,1.2346,"{""bear"": 0.1057, ""base"": 0.1368, ""bull"": 0.1988}",4.0,2.0,"전세가율×금리 조건부(지금 전세가율 0.53·금리 2.5, 유사 진입연도 ['201103', '201106', '201109', '201112', '201203', '201206'])",17.05,E-boost3|depth2|r150|relative,SCENARIO_WALKFORWARD_v0.8
6087,59,e편한세상센트레빌,41210,1045700000,-0.022,1.156,0.998,1.3914,"{""bear"": 0.1057, ""base"": 0.1368, ""bull"": 0.1988}",4.0,0.0,"전세가율×금리 조건부(지금 전세가율 0.53·금리 2.5, 유사 진입연도 ['201103', '201106', '201109', '201112', '201203', '201206'])",6.14,E-boost3|depth2|r150|relative,SCENARIO_WALKFORWARD_v0.8
6087,84,e편한세상센트레빌,41210,1162700000,-0.0221,1.1558,0.9979,1.3912,"{""bear"": 0.1057, ""base"": 0.1368, ""bull"": 0.1988}",4.0,0.0,"전세가율×금리 조건부(지금 전세가율 0.53·금리 2.5, 유사 진입연도 ['201103', '201106', '201109', '201112', '201203', '201206'])",6.14,E-boost3|depth2|r150|relative,SCENARIO_WALKFORWARD_v0.8
5415,59,e편한세상신곡파크비스타,41150,417900000,-0.1112,1.0573,0.9129,1.2726,"{""bear"": 0.1057, ""base"": 0.1368, ""bull"": 0.1988}",7.0,0.0,"전세가율×금리 조건부(지금 전세가율 0.53·금리 2.5, 유사 진입연도 ['201103', '201106', '201109', '201112', '201203', '201206'])",14.89,E-boost3|depth2|r150|relative,SCENARIO_WALKFORWARD_v0.8
5415,74,e편한세상신곡파크비스타,41150,480000000,-0.1096,1.059,0.9143,1.2747,"{""bear"": 0.1057, ""base"": 0.1368, ""bull"": 0.1988}",7.0,0.0,"전세가율×금리 조건부(지금 전세가율 0.53·금리 2.5, 유사 진입연도 ['201103', '201106', '201109', '201112', '201203', '201206'])",14.89,E-boost3|depth2|r150|relative,SCENARIO_WALKFORWARD_v0.8
5415,84,e편한세상신곡파크비스타,41150,540200000,-0.1005,1.0687,0.9227,1.2863,"{""bear"": 0.1057, ""base"": 0.1368, ""bull"": 0.1988}",7.0,0.0,"전세가율×금리 조건부(지금 전세가율 0.53·금리 2.5, 유사 진입연도 ['201103', '201106', '201109', '201112', '201203', '201206'])",14.89,E-boost3|depth2|r150|relative,SCENARIO_WALKFORWARD_v0.8
9079,84,e편한세상안성그랑루체,41550,430100000,-0.183,0.9841,0.8496,1.1845,"{""bear"": 0.1057, ""base"": 0.1368, ""bull"": 0.1988}",8.0,,"전세가율×금리 조건부(지금 전세가율 0.53·금리 2.5, 유사 진입연도 ['201103', '201106', '201109', '201112', '201203', '201206'])",38.39,E-boost3|depth2|r150|relative,SCENARIO_WALKFORWARD_v0.8
6275,59,e편한세상지제역아파트,41220,379600000,-0.1138,1.0545,0.9104,1.2693,"{""bear"": 0.1057, ""base"": 0.1368, ""bull"": 0.1988}",6.0,-1.0,"전세가율×금리 조건부(지금 전세가율 0.53·금리 2.5, 유사 진입연도 ['201103', '201106', '201109', '201112', '201203', '201206'])",36.48,E-boost3|depth2|r150|relative,SCENARIO_WALKFORWARD_v0.8
6275,74,e편한세상지제역아파트,41220,460900000,-0.1181,1.05,0.9066,1.2639,"{""bear"": 0.1057, ""base"": 0.1368, ""bull"": 0.1988}",6.0,-1.0,"전세가율×금리 조건부(지금 전세가율 0.53·금리 2.5, 유사 진입연도 ['201103', '201106', '201109', '201112', '201203', '201206'])",36.48,E-boost3|depth2|r150|relative,SCENARIO_WALKFORWARD_v0.8
6275,84,e편한세상지제역아파트,41220,513200000,-0.119,1.0491,0.9058,1.2627,"{""bear"": 0.1057, ""base"": 0.1368, ""bull"": 0.1988}",6.0,-1.0,"전세가율×금리 조건부(지금 전세가율 0.53·금리 2.5, 유사 진입연도 ['201103', '201106', '201109', '201112', '201203', '201206'])",36.48,E-boost3|depth2|r150|relative,SCENARIO_WALKFORWARD_v0.8
4277,59,가락쌍용1차,11710,1852000000,0.1317,1.3479,1.1637,1.6224,"{""bear"": 0.1057, ""base"": 0.1368, ""bull"": 0.1988}",2.0,2.0,"전세가율×금리 조건부(지금 전세가율 0.53·금리 2.5, 유사 진입연도 ['201103', '201106', '201109', '201112', '201203', '201206'])",0.53,E-boost3|depth2|r150|relative,SCENARIO_WALKFORWARD_v0.8
4277,84,가락쌍용1차,11710,2052000000,0.1365,1.3544,1.1694,1.6302,"{""bear"": 0.1057, ""base"": 0.1368, ""bull"": 0.1988}",2.0,2.0,"전세가율×금리 조건부(지금 전세가율 0.53·금리 2.5, 유사 진입연도 ['201103', '201106', '201109', '201112', '201203', '201206'])",0.53,E-boost3|depth2|r150|relative,SCENARIO_WALKFORWARD_v0.8
8889,74,가람마을8단지동문굿모닝힐,41480,288500000,-0.0735,1.0979,0.9479,1.3215,"{""bear"": 0.1057, ""base"": 0.1368, ""bull"": 0.1988}",6.0,-1.0,"전세가율×금리 조건부(지금 전세가율 0.53·금리 2.5, 유사 진입연도 ['201103', '201106', '201109', '201112', '201203', '201206'])",19.07,E-boost3|depth2|r150|relative,SCENARIO_WALKFORWARD_v0.8
8889,84,가람마을8단지동문굿모닝힐,41480,295900000,-0.0715,1.1001,0.9498,1.3241,"{""bear"": 0.1057, ""base"": 0.1368, ""bull"": 0.1988}",6.0,-1.0,"전세가율×금리 조건부(지금 전세가율 0.53·금리 2.5, 유사 진입연도 ['201103', '201106', '201109', '201112', '201203', '201206'])",19.07,E-boost3|depth2|r150|relative,SCENARIO_WALKFORWARD_v0.8
3036,59,가양6단지,11500,1144000000,0.0746,1.2731,1.0992,1.5324,"{""bear"": 0.1057, ""base"": 0.1368, ""bull"": 0.1988}",3.0,,"전세가율×금리 조건부(지금 전세가율 0.53·금리 2.5, 유사 진입연도 ['201103', '201106', '201109', '201112', '201203', '201206'])",3.2,E-boost3|depth2|r150|relative,SCENARIO_WALKFORWARD_v0.8
7118,59,갈매6단지,41310,619100000,-0.0358,1.1401,0.9843,1.3722,"{""bear"": 0.1057, ""base"": 0.1368, ""bull"": 0.1988}",4.0,1.0,"전세가율×금리 조건부(지금 전세가율 0.53·금리 2.5, 유사 진입연도 ['201103', '201106', '201109', '201112', '201203', '201206'])",8.29,E-boost3|depth2|r150|relative,SCENARIO_WALKFORWARD_v0.8
7118,74,갈매6단지,41310,687200000,-0.0464,1.1281,0.974,1.3578,"{""bear"": 0.1057, ""base"": 0.1368, ""bull"": 0.1988}",4.0,1.0,"전세가율×금리 조건부(지금 전세가율 0.53·금리 2.5, 유사 진입연도 ['201103', '201106', '201109', '201112', '201203', '201206'])",8.29,E-boost3|depth2|r150|relative,SCENARIO_WALKFORWARD_v0.8
7118,84,갈매6단지,41310,726400000,-0.0274,1.1497,0.9926,1.3838,"{""bear"": 0.1057, ""base"": 0.1368, ""bull"": 0.1988}",4.0,1.0,"전세가율×금리 조건부(지금 전세가율 0.53·금리 2.5, 유사 진입연도 ['201103', '201106', '201109', '201112', '201203', '201206'])",8.29,E-boost3|depth2|r150|relative,SCENARIO_WALKFORWARD_v0.8
7119,84,갈매역 아이파크,41310,847400000,-0.0204,1.1578,0.9996,1.3936,"{""bear"": 0.1057, ""base"": 0.1368, ""bull"": 0.1988}",4.0,1.0,"전세가율×금리 조건부(지금 전세가율 0.53·금리 2.5, 유사 진입연도 ['201103', '201106', '201109', '201112', '201203', '201206'])",9.03,E-boost3|depth2|r150|relative,SCENARIO_WALKFORWARD_v0.8
4136,59,강남자곡힐스테이트아파트,11680,1405800000,0.0778,1.2772,1.1027,1.5373,"{""bear"": 0.1057, ""base"": 0.1368, ""bull"": 0.1988}",2.0,,"전세가율×금리 조건부(지금 전세가율 0.53·금리 2.5, 유사 진입연도 ['201103', '201106', '201109', '201112', '201203', '201206'])",1.06,E-boost3|depth2|r150|relative,SCENARIO_WALKFORWARD_v0.8
4136,74,강남자곡힐스테이트아파트,11680,1600000000,0.0731,1.2713,1.0976,1.5302,"{""bear"": 0.1057, ""base"": 0.1368, ""bull"": 0.1988}",2.0,,"전세가율×금리 조건부(지금 전세가율 0.53·금리 2.5, 유사 진입연도 ['201103', '201106', '201109', '201112', '201203', '201206'])",1.06,E-boost3|depth2|r150|relative,SCENARIO_WALKFORWARD_v0.8
4136,84,강남자곡힐스테이트아파트,11680,1625500000,0.0745,1.273,1.0991,1.5322,"{""bear"": 0.1057, ""base"": 0.1368, ""bull"": 0.1988}",2.0,,"전세가율×금리 조건부(지금 전세가율 0.53·금리 2.5, 유사 진입연도 ['201103', '201106', '201109', '201112', '201203', '201206'])",1.06,E-boost3|depth2|r150|relative,SCENARIO_WALKFORWARD_v0.8
4458,59,강동롯데캐슬퍼스트아파트,11740,1704000000,0.0502,1.2425,1.0727,1.4955,"{""bear"": 0.1057, ""base"": 0.1368, ""bull"": 0.1988}",2.0,1.0,"전세가율×금리 조건부(지금 전세가율 0.53·금리 2.5, 유사 진입연도 ['201103', '201106', '201109', '201112', '201203', '201206'])",0.75,E-boost3|depth2|r150|relative,SCENARIO_WALKFORWARD_v0.8
4458,84,강동롯데캐슬퍼스트아파트,11740,1863000000,0.0518,1.2445,1.0745,1.4979,"{""bear"": 0.1057, ""base"": 0.1368, ""bull"": 0.1988}",2.0,1.0,"전세가율×금리 조건부(지금 전세가율 0.53·금리 2.5, 유사 진입연도 ['201103', '201106', '201109', '201112', '201203', '201206'])",0.75,E-boost3|depth2|r150|relative,SCENARIO_WALKFORWARD_v0.8
4514,59,강동리버스트4단지,11740,1074900000,-0.1238,1.044,0.9014,1.2566,"{""bear"": 0.1057, ""base"": 0.1368, ""bull"": 0.1988}",3.0,,"전세가율×금리 조건부(지금 전세가율 0.53·금리 2.5, 유사 진입연도 ['201103', '201106', '201109', '201112', '201203', '201206'])",2.08,E-boost3|depth2|r150|relative,SCENARIO_WALKFORWARD_v0.8
4422,59,강동헤리티지자이,11740,1645000000,0.005,1.1876,1.0253,1.4294,"{""bear"": 0.1057, ""base"": 0.1368, ""bull"": 0.1988}",2.0,,"전세가율×금리 조건부(지금 전세가율 0.53·금리 2.5, 유사 진입연도 ['201103', '201106', '201109', '201112', '201203', '201206'])",0.51,E-boost3|depth2|r150|relative,SCENARIO_WALKFORWARD_v0.8
4422,74,강동헤리티지자이,11740,1870000000,0.0075,1.1905,1.0278,1.4329,"{""bear"": 0.1057, ""base"": 0.1368, ""bull"": 0.1988}",2.0,,"전세가율×금리 조건부(지금 전세가율 0.53·금리 2.5, 유사 진입연도 ['201103', '201106', '201109', '201112', '201203', '201206'])",0.51,E-boost3|depth2|r150|relative,SCENARIO_WALKFORWARD_v0.8
4422,84,강동헤리티지자이,11740,2100000000,0.0047,1.1872,1.025,1.4289,"{""bear"": 0.1057, ""base"": 0.1368, ""bull"": 0.1988}",2.0,,"전세가율×금리 조건부(지금 전세가율 0.53·금리 2.5, 유사 진입연도 ['201103', '201106', '201109', '201112', '201203', '201206'])",0.51,E-boost3|depth2|r150|relative,SCENARIO_WALKFORWARD_v0.8
3006,59,강서힐스테이트아파트,11500,1362000000,0.0533,1.2463,1.076,1.5001,"{""bear"": 0.1057, ""base"": 0.1368, ""bull"": 0.1988}",3.0,1.0,"전세가율×금리 조건부(지금 전세가율 0.53·금리 2.5, 유사 진입연도 ['201103', '201106', '201109', '201112', '201203', '201206'])",2.3,E-boost3|depth2|r150|relative,SCENARIO_WALKFORWARD_v0.8
3006,84,강서힐스테이트아파트,11500,1491000000,0.0548,1.2482,1.0776,1.5024,"{""bear"": 0.1057, ""base"": 0.1368, ""bull"": 0.1988}",3.0,1.0,"전세가율×금리 조건부(지금 전세가율 0.53·금리 2.5, 유사 진입연도 ['201103', '201106', '201109', '201112', '201203', '201206'])",2.3,E-boost3|depth2|r150|relative,SCENARIO_WALKFORWARD_v0.8
3232,59,개봉한마을,11530,869100000,0.1004,1.3065,1.128,1.5725,"{""bear"": 0.1057, ""base"": 0.1368, ""bull"": 0.1988}",4.0,0.0,"전세가율×금리 조건부(지금 전세가율 0.53·금리 2.5, 유사 진입연도 ['201103', '201106', '201109', '201112', '201203', '201206'])",4.3,E-boost3|depth2|r150|relative,SCENARIO_WALKFORWARD_v0.8
3232,84,개봉한마을,11530,941800000,0.0987,1.3042,1.126,1.5698,"{""bear"": 0.1057, ""base"": 0.1368, ""bull"": 0.1988}",4.0,0.0,"전세가율×금리 조건부(지금 전세가율 0.53·금리 2.5, 유사 진입연도 ['201103', '201106', '201109', '201112', '201203', '201206'])",4.3,E-boost3|depth2|r150|relative,SCENARIO_WALKFORWARD_v0.8
3246,59,개봉한진,11530,607500000,0.0283,1.2155,1.0494,1.463,"{""bear"": 0.1057, ""base"": 0.1368, ""bull"": 0.1988}",4.0,0.0,"전세가율×금리 조건부(지금 전세가율 0.53·금리 2.5, 유사 진입연도 ['201103', '201106', '201109', '201112', '201203', '201206'])",5.77,E-boost3|depth2|r150|relative,SCENARIO_WALKFORWARD_v0.8
3246,84,개봉한진,11530,677750000,0.0324,1.2206,1.0538,1.4691,"{""bear"": 0.1057, ""base"": 0.1368, ""bull"": 0.1988}",4.0,0.0,"전세가율×금리 조건부(지금 전세가율 0.53·금리 2.5, 유사 진입연도 ['201103', '201106', '201109', '201112', '201203', '201206'])",5.77,E-boost3|depth2|r150|relative,SCENARIO_WALKFORWARD_v0.8
4001,59,개포래미안포레스트,11680,2678000000,0.082,1.2826,1.1073,1.5438,"{""bear"": 0.1057, ""base"": 0.1368, ""bull"": 0.1988}",1.0,1.0,"전세가율×금리 조건부(지금 전세가율 0.53·금리 2.5, 유사 진입연도 ['201103', '201106', '201109', '201112', '201203', '201206'])",1.15,E-boost3|depth2|r150|relative,SCENARIO_WALKFORWARD_v0.8
4001,74,개포래미안포레스트,11680,2999000000,0.0868,1.2889,1.1127,1.5513,"{""bear"": 0.1057, ""base"": 0.1368, ""bull"": 0.1988}",1.0,1.0,"전세가율×금리 조건부(지금 전세가율 0.53·금리 2.5, 유사 진입연도 ['201103', '201106', '201109', '201112', '201203', '201206'])",1.15,E-boost3|depth2|r150|relative,SCENARIO_WALKFORWARD_v0.8
4001,84,개포래미안포레스트,11680,3250000000,0.0794,1.2794,1.1045,1.5399,"{""bear"": 0.1057, ""base"": 0.1368, ""bull"": 0.1988}",1.0,1.0,"전세가율×금리 조건부(지금 전세가율 0.53·금리 2.5, 유사 진입연도 ['201103', '201106', '201109', '201112', '201203', '201206'])",1.15,E-boost3|depth2|r150|relative,SCENARIO_WALKFORWARD_v0.8
3998,59,개포자이프레지던스,11680,2891000000,0.1201,1.3324,1.1503,1.6037,"{""bear"": 0.1057, ""base"": 0.1368, ""bull"": 0.1988}",1.0,1.0,"전세가율×금리 조건부(지금 전세가율 0.53·금리 2.5, 유사 진입연도 ['201103', '201106', '201109', '201112', '201203', '201206'])",0.38,E-boost3|depth2|r150|relative,SCENARIO_WALKFORWARD_v0.8
3998,74,개포자이프레지던스,11680,3535000000,0.1106,1.3199,1.1395,1.5887,"{""bear"": 0.1057, ""base"": 0.1368, ""bull"": 0.1988}",1.0,1.0,"전세가율×금리 조건부(지금 전세가율 0.53·금리 2.5, 유사 진입연도 ['201103', '201106', '201109', '201112', '201203', '201206'])",0.38,E-boost3|depth2|r150|relative,SCENARIO_WALKFORWARD_v0.8
3998,84,개포자이프레지던스,11680,3740500000,0.1104,1.3195,1.1392,1.5882,"{""bear"": 0.1057, ""base"": 0.1368, ""bull"": 0.1988}",1.0,1.0,"전세가율×금리 조건부(지금 전세가율 0.53·금리 2.5, 유사 진입연도 ['201103', '201106', '201109', '201112', '201203', '201206'])",0.38,E-boost3|depth2|r150|relative,SCENARIO_WALKFORWARD_v0.8
4015,59,개포주공6단지,11680,3115000000,0.1377,1.3561,1.1708,1.6323,"{""bear"": 0.1057, ""base"": 0.1368, ""bull"": 0.1988}",1.0,1.0,"전세가율×금리 조건부(지금 전세가율 0.53·금리 2.5, 유사 진입연도 ['201103', '201106', '201109', '201112', '201203', '201206'])",0.6,E-boost3|depth2|r150|relative,SCENARIO_WALKFORWARD_v0.8
4015,74,개포주공6단지,11680,3641666667,0.1396,1.3587,1.1731,1.6354,"{""bear"": 0.1057, ""base"": 0.1368, ""bull"": 0.1988}",1.0,1.0,"전세가율×금리 조건부(지금 전세가율 0.53·금리 2.5, 유사 진입연도 ['201103', '201106', '201109', '201112', '201203', '201206'])",0.6,E-boost3|depth2|r150|relative,SCENARIO_WALKFORWARD_v0.8
4015,84,개포주공6단지,11680,3895000000,0.1342,1.3514,1.1667,1.6266,"{""bear"": 0.1057, ""base"": 0.1368, ""bull"": 0.1988}",1.0,1.0,"전세가율×금리 조건부(지금 전세가율 0.53·금리 2.5, 유사 진입연도 ['201103', '201106', '201109', '201112', '201203', '201206'])",0.6,E-boost3|depth2|r150|relative,SCENARIO_WALKFORWARD_v0.8
7767,59,거모동보,41390,183000000,-0.0532,1.1205,0.9674,1.3486,"{""bear"": 0.1057, ""base"": 0.1368, ""bull"": 0.1988}",7.0,,"전세가율×금리 조건부(지금 전세가율 0.53·금리 2.5, 유사 진입연도 ['201103', '201106', '201109', '201112', '201203', '201206'])",11.74,E-boost3|depth2|r150|relative,SCENARIO_WALKFORWARD_v0.8
7767,84,거모동보,41390,280700000,-0.0407,1.1345,0.9795,1.3656,"{""bear"": 0.1057, ""base"": 0.1368, ""bull"": 0.1988}",7.0,,"전세가율×금리 조건부(지금 전세가율 0.53·금리 2.5, 유사 진입연도 ['201103', '201106', '201109', '201112', '201203', '201206'])",11.74,E-boost3|depth2|r150|relative,SCENARIO_WALKFORWARD_v0.8
4362,59,거여1단지,11710,1275000000,0.0685,1.2655,1.0925,1.5231,"{""bear"": 0.1057, ""base"": 0.1368, ""bull"": 0.1988}",3.0,,"전세가율×금리 조건부(지금 전세가율 0.53·금리 2.5, 유사 진입연도 ['201103', '201106', '201109', '201112', '201203', '201206'])",1.38,E-boost3|depth2|r150|relative,SCENARIO_WALKFORWARD_v0.8
6544,59,건건이편한세상,41271,409600000,-0.031,1.1455,0.989,1.3788,"{""bear"": 0.1057, ""base"": 0.1368, ""bull"": 0.1988}",5.0,-2.0,"전세가율×금리 조건부(지금 전세가율 0.53·금리 2.5, 유사 진입연도 ['201103', '201106', '201109', '201112', '201203', '201206'])",12.0,E-boost3|depth2|r150|relative,SCENARIO_WALKFORWARD_v0.8
6544,74,건건이편한세상,41271,449650000,-0.038,1.1376,0.9821,1.3692,"{""bear"": 0.1057, ""base"": 0.1368, ""bull"": 0.1988}",5.0,-2.0,"전세가율×금리 조건부(지금 전세가율 0.53·금리 2.5, 유사 진입연도 ['201103', '201106', '201109', '201112', '201203', '201206'])",12.0,E-boost3|depth2|r150|relative,SCENARIO_WALKFORWARD_v0.8
6544,84,건건이편한세상,41271,514500000,-0.0375,1.1382,0.9827,1.37,"{""bear"": 0.1057, ""base"": 0.1368, ""bull"": 0.1988}",5.0,-2.0,"전세가율×금리 조건부(지금 전세가율 0.53·금리 2.5, 유사 진입연도 ['201103', '201106', '201109', '201112', '201203', '201206'])",12.0,E-boost3|depth2|r150|relative,SCENARIO_WALKFORWARD_v0.8
6611,59,경남아너스빌,41273,383500000,-0.0827,1.0879,0.9392,1.3094,"{""bear"": 0.1057, ""base"": 0.1368, ""bull"": 0.1988}",5.0,-1.0,"전세가율×금리 조건부(지금 전세가율 0.53·금리 2.5, 유사 진입연도 ['201103', '201106', '201109', '201112', '201203', '201206'])",12.03,E-boost3|depth2|r150|relative,SCENARIO_WALKFORWARD_v0.8
6611,74,경남아너스빌,41273,397000000,-0.0617,1.111,0.9592,1.3372,"{""bear"": 0.1057, ""base"": 0.1368, ""bull"": 0.1988}",5.0,-1.0,"전세가율×금리 조건부(지금 전세가율 0.53·금리 2.5, 유사 진입연도 ['201103', '201106', '201109', '201112', '201203', '201206'])",12.03,E-boost3|depth2|r150|relative,SCENARIO_WALKFORWARD_v0.8
6611,84,경남아너스빌,41273,444000000,-0.0776,1.0934,0.944,1.316,"{""bear"": 0.1057, ""base"": 0.1368, ""bull"": 0.1988}",5.0,-1.0,"전세가율×금리 조건부(지금 전세가율 0.53·금리 2.5, 유사 진입연도 ['201103', '201106', '201109', '201112', '201203', '201206'])",12.03,E-boost3|depth2|r150|relative,SCENARIO_WALKFORWARD_v0.8
1156,59,경희궁자이2단지 아파트,11110,2138000000,0.0656,1.2618,1.0893,1.5187,"{""bear"": 0.1057, ""base"": 0.1368, ""bull"": 0.1988}",1.0,,"전세가율×금리 조건부(지금 전세가율 0.53·금리 2.5, 유사 진입연도 ['201103', '201106', '201109', '201112', '201203', '201206'])",0.0,E-boost3|depth2|r150|relative,SCENARIO_WALKFORWARD_v0.8
1156,84,경희궁자이2단지 아파트,11110,2645500000,0.0768,1.276,1.1016,1.5358,"{""bear"": 0.1057, ""base"": 0.1368, ""bull"": 0.1988}",1.0,,"전세가율×금리 조건부(지금 전세가율 0.53·금리 2.5, 유사 진입연도 ['201103', '201106', '201109', '201112', '201203', '201206'])",0.0,E-boost3|depth2|r150|relative,SCENARIO_WALKFORWARD_v0.8
4396,59,고덕 그라시움 아파트,11740,1921000000,0.0344,1.223,1.0559,1.4721,"{""bear"": 0.1057, ""base"": 0.1368, ""bull"": 0.1988}",2.0,2.0,"전세가율×금리 조건부(지금 전세가율 0.53·금리 2.5, 유사 진입연도 ['201103', '201106', '201109', '201112', '201203', '201206'])",0.32,E-boost3|depth2|r150|relative,SCENARIO_WALKFORWARD_v0.8
4396,74,고덕 그라시움 아파트,11740,2124000000,0.0252,1.2118,1.0462,1.4585,"{""bear"": 0.1057, ""base"": 0.1368, ""bull"": 0.1988}",2.0,2.0,"전세가율×금리 조건부(지금 전세가율 0.53·금리 2.5, 유사 진입연도 ['201103', '201106', '201109', '201112', '201203', '201206'])",0.32,E-boost3|depth2|r150|relative,SCENARIO_WALKFORWARD_v0.8
4396,84,고덕 그라시움 아파트,11740,2400000000,0.0325,1.2207,1.0539,1.4693,"{""bear"": 0.1057, ""base"": 0.1368, ""bull"": 0.1988}",2.0,2.0,"전세가율×금리 조건부(지금 전세가율 0.53·금리 2.5, 유사 진입연도 ['201103', '201106', '201109', '201112', '201203', '201206'])",0.32,E-boost3|depth2|r150|relative,SCENARIO_WALKFORWARD_v0.8
4409,59,고덕 아르테온 아파트,11740,1806000000,0.0149,1.1994,1.0355,1.4436,"{""bear"": 0.1057, ""base"": 0.1368, ""bull"": 0.1988}",2.0,2.0,"전세가율×금리 조건부(지금 전세가율 0.53·금리 2.5, 유사 진입연도 ['201103', '201106', '201109', '201112', '201203', '201206'])",0.65,E-boost3|depth2|r150|relative,SCENARIO_WALKFORWARD_v0.8
4409,84,고덕 아르테온 아파트,11740,2260500000,0.0242,1.2106,1.0452,1.4571,"{""bear"": 0.1057, ""base"": 0.1368, ""bull"": 0.1988}",2.0,2.0,"전세가율×금리 조건부(지금 전세가율 0.53·금리 2.5, 유사 진입연도 ['201103', '201106', '201109', '201112', '201203', '201206'])",0.65,E-boost3|depth2|r150|relative,SCENARIO_WALKFORWARD_v0.8
6359,74,고덕국제신도시 제일풍경채아파트,41220,593100000,-0.121,1.047,0.9039,1.2602,"{""bear"": 0.1057, ""base"": 0.1368, ""bull"": 0.1988}",5.0,,"전세가율×금리 조건부(지금 전세가율 0.53·금리 2.5, 유사 진입연도 ['201103', '201106', '201109', '201112', '201203', '201206'])",32.81,E-boost3|depth2|r150|relative,SCENARIO_WALKFORWARD_v0.8
6359,84,고덕국제신도시 제일풍경채아파트,41220,628800000,-0.1231,1.0448,0.9021,1.2576,"{""bear"": 0.1057, ""base"": 0.1368, ""bull"": 0.1988}",5.0,,"전세가율×금리 조건부(지금 전세가율 0.53·금리 2.5, 유사 진입연도 ['201103', '201106', '201109', '201112', '201203', '201206'])",32.81,E-boost3|depth2|r150|relative,SCENARIO_WALKFORWARD_v0.8
6342,59,고덕국제신도시금호어울림,41220,386850000,-0.1345,1.033,0.8918,1.2433,"{""bear"": 0.1057, ""base"": 0.1368, ""bull"": 0.1988}",5.0,,"전세가율×금리 조건부(지금 전세가율 0.53·금리 2.5, 유사 진입연도 ['201103', '201106', '201109', '201112', '201203', '201206'])",35.52,E-boost3|depth2|r150|relative,SCENARIO_WALKFORWARD_v0.8
4411,59,고덕롯데캐슬베네루체,11740,1594000000,0.0053,1.188,1.0256,1.4299,"{""bear"": 0.1057, ""base"": 0.1368, ""bull"": 0.1988}",2.0,2.0,"전세가율×금리 조건부(지금 전세가율 0.53·금리 2.5, 유사 진입연도 ['201103', '201106', '201109', '201112', '201203', '201206'])",0.31,E-boost3|depth2|r150|relative,SCENARIO_WALKFORWARD_v0.8
4411,84,고덕롯데캐슬베네루체,11740,1798500000,0.019,1.2043,1.0397,1.4495,"{""bear"": 0.1057, ""base"": 0.1368, ""bull"": 0.1988}",2.0,2.0,"전세가율×금리 조건부(지금 전세가율 0.53·금리 2.5, 유사 진입연도 ['201103', '201106', '201109', '201112', '201203', '201206'])",0.31,E-boost3|depth2|r150|relative,SCENARIO_WALKFORWARD_v0.8
4414,59,고덕리엔파크3단지,11740,1090000000,-0.0161,1.1628,1.0039,1.3996,"{""bear"": 0.1057, ""base"": 0.1368, ""bull"": 0.1988}",2.0,2.0,"전세가율×금리 조건부(지금 전세가율 0.53·금리 2.5, 유사 진입연도 ['201103', '201106', '201109', '201112', '201203', '201206'])",0.55,E-boost3|depth2|r150|relative,SCENARIO_WALKFORWARD_v0.8
4414,84,고덕리엔파크3단지,11740,1296000000,-0.0099,1.1701,1.0102,1.4083,"{""bear"": 0.1057, ""base"": 0.1368, ""bull"": 0.1988}",2.0,2.0,"전세가율×금리 조건부(지금 전세가율 0.53·금리 2.5, 유사 진입연도 ['201103', '201106', '201109', '201112', '201203', '201206'])",0.55,E-boost3|depth2|r150|relative,SCENARIO_WALKFORWARD_v0.8
4410,59,고덕센트럴 아이파크,11740,1689000000,0.0073,1.1903,1.0276,1.4327,"{""bear"": 0.1057, ""base"": 0.1368, ""bull"": 0.1988}",2.0,2.0,"전세가율×금리 조건부(지금 전세가율 0.53·금리 2.5, 유사 진입연도 ['201103', '201106', '201109', '201112', '201203', '201206'])",0.32,E-boost3|depth2|r150|relative,SCENARIO_WALKFORWARD_v0.8
4410,74,고덕센트럴 아이파크,11740,1777000000,-0.0019,1.1795,1.0183,1.4196,"{""bear"": 0.1057, ""base"": 0.1368, ""bull"": 0.1988}",2.0,2.0,"전세가율×금리 조건부(지금 전세가율 0.53·금리 2.5, 유사 진입연도 ['201103', '201106', '201109', '201112', '201203', '201206'])",0.32,E-boost3|depth2|r150|relative,SCENARIO_WALKFORWARD_v0.8
4410,84,고덕센트럴 아이파크,11740,1941900000,0.0116,1.1955,1.0321,1.4389,"{""bear"": 0.1057, ""base"": 0.1368, ""bull"": 0.1988}",2.0,2.0,"전세가율×금리 조건부(지금 전세가율 0.53·금리 2.5, 유사 진입연도 ['201103', '201106', '201109', '201112', '201203', '201206'])",0.32,E-boost3|depth2|r150|relative,SCENARIO_WALKFORWARD_v0.8
4398,84,고덕아이파크아파트,11740,1984000000,0.027,1.214,1.0481,1.4612,"{""bear"": 0.1057, ""base"": 0.1368, ""bull"": 0.1988}",2.0,2.0,"전세가율×금리 조건부(지금 전세가율 0.53·금리 2.5, 유사 진입연도 ['201103', '201106', '201109', '201112', '201203', '201206'])",0.22,E-boost3|depth2|r150|relative,SCENARIO_WALKFORWARD_v0.8
4407,59,고덕자이 아파트,11740,1717400000,0.0194,1.2048,1.0402,1.4502,"{""bear"": 0.1057, ""base"": 0.1368, ""bull"": 0.1988}",2.0,2.0,"전세가율×금리 조건부(지금 전세가율 0.53·금리 2.5, 유사 진입연도 ['201103', '201106', '201109', '201112', '201203', '201206'])",0.19,E-boost3|depth2|r150|relative,SCENARIO_WALKFORWARD_v0.8
4407,74,고덕자이 아파트,11740,1782800000,0.0076,1.1907,1.028,1.4331,"{""bear"": 0.1057, ""base"": 0.1368, ""bull"": 0.1988}",2.0,2.0,"전세가율×금리 조건부(지금 전세가율 0.53·금리 2.5, 유사 진입연도 ['201103', '201106', '201109', '201112', '201203', '201206'])",0.19,E-boost3|depth2|r150|relative,SCENARIO_WALKFORWARD_v0.8
4407,84,고덕자이 아파트,11740,1936500000,0.0238,1.2101,1.0447,1.4565,"{""bear"": 0.1057, ""base"": 0.1368, ""bull"": 0.1988}",2.0,2.0,"전세가율×금리 조건부(지금 전세가율 0.53·금리 2.5, 유사 진입연도 ['201103', '201106', '201109', '201112', '201203', '201206'])",0.19,E-boost3|depth2|r150|relative,SCENARIO_WALKFORWARD_v0.8
4390,84,고덕주공9단지,11740,1738400000,0.0833,1.2843,1.1088,1.5458,"{""bear"": 0.1057, ""base"": 0.1368, ""bull"": 0.1988}",2.0,2.0,"전세가율×금리 조건부(지금 전세가율 0.53·금리 2.5, 유사 진입연도 ['201103', '201106', '201109', '201112', '201203', '201206'])",0.42,E-boost3|depth2|r150|relative,SCENARIO_WALKFORWARD_v0.8
6433,59,고덕태평아파트,41220,126850000,0.0353,1.2241,1.0568,1.4733,"{""bear"": 0.1057, ""base"": 0.1368, ""bull"": 0.1988}",7.0,-5.0,"전세가율×금리 조건부(지금 전세가율 0.53·금리 2.5, 유사 진입연도 ['201103', '201106', '201109', '201112', '201203', '201206'])",36.93,E-boost3|depth2|r150|relative,SCENARIO_WALKFORWARD_v0.8
6433,84,고덕태평아파트,41220,177200000,0.0261,1.2129,1.0471,1.4598,"{""bear"": 0.1057, ""base"": 0.1368, ""bull"": 0.1988}",7.0,-5.0,"전세가율×금리 조건부(지금 전세가율 0.53·금리 2.5, 유사 진입연도 ['201103', '201106', '201109', '201112', '201203', '201206'])",36.93,E-boost3|depth2|r150|relative,SCENARIO_WALKFORWARD_v0.8
6432,59,고덕하늘채시그니처아파트,41220,269200000,-0.0602,1.1127,0.9606,1.3392,"{""bear"": 0.1057, ""base"": 0.1368, ""bull"": 0.1988}",7.0,-5.0,"전세가율×금리 조건부(지금 전세가율 0.53·금리 2.5, 유사 진입연도 ['201103', '201106', '201109', '201112', '201203', '201206'])",36.59,E-boost3|depth2|r150|relative,SCENARIO_WALKFORWARD_v0.8
6432,84,고덕하늘채시그니처아파트,41220,355900000,-0.0641,1.1082,0.9568,1.3339,"{""bear"": 0.1057, ""base"": 0.1368, ""bull"": 0.1988}",7.0,-5.0,"전세가율×금리 조건부(지금 전세가율 0.53·금리 2.5, 유사 진입연도 ['201103', '201106', '201109', '201112', '201203', '201206'])",36.59,E-boost3|depth2|r150|relative,SCENARIO_WALKFORWARD_v0.8
5552,84,고산수자인디에스티지2단지,41150,624000000,-0.15,1.0171,0.8781,1.2242,"{""bear"": 0.1057, ""base"": 0.1368, ""bull"": 0.1988}",5.0,,"전세가율×금리 조건부(지금 전세가율 0.53·금리 2.5, 유사 진입연도 ['201103', '201106', '201109', '201112', '201203', '201206'])",15.46,E-boost3|depth2|r150|relative,SCENARIO_WALKFORWARD_v0.8
5551,74,고산수자인디에스티지아트포레아파트,41150,566800000,-0.1305,1.037,0.8953,1.2482,"{""bear"": 0.1057, ""base"": 0.1368, ""bull"": 0.1988}",5.0,,"전세가율×금리 조건부(지금 전세가율 0.53·금리 2.5, 유사 진입연도 ['201103', '201106', '201109', '201112', '201203', '201206'])",15.11,E-boost3|depth2|r150|relative,SCENARIO_WALKFORWARD_v0.8
6573,74,고잔3차푸르지오,41273,622800000,-0.093,1.0767,0.9296,1.2959,"{""bear"": 0.1057, ""base"": 0.1368, ""bull"": 0.1988}",4.0,-1.0,"전세가율×금리 조건부(지금 전세가율 0.53·금리 2.5, 유사 진입연도 ['201103', '201106', '201109', '201112', '201203', '201206'])",12.27,E-boost3|depth2|r150|relative,SCENARIO_WALKFORWARD_v0.8
6573,84,고잔3차푸르지오,41273,718700000,-0.0957,1.0738,0.9271,1.2925,"{""bear"": 0.1057, ""base"": 0.1368, ""bull"": 0.1988}",4.0,-1.0,"전세가율×금리 조건부(지금 전세가율 0.53·금리 2.5, 유사 진입연도 ['201103', '201106', '201109', '201112', '201203', '201206'])",12.27,E-boost3|depth2|r150|relative,SCENARIO_WALKFORWARD_v0.8
6555,59,고잔롯데캐슬골드파크아파트,41273,557100000,-0.117,1.0512,0.9076,1.2653,"{""bear"": 0.1057, ""base"": 0.1368, ""bull"": 0.1988}",4.0,-1.0,"전세가율×금리 조건부(지금 전세가율 0.53·금리 2.5, 유사 진입연도 ['201103', '201106', '201109', '201112', '201203', '201206'])",11.61,E-boost3|depth2|r150|relative,SCENARIO_WALKFORWARD_v0.8
6555,74,고잔롯데캐슬골드파크아파트,41273,635400000,-0.1304,1.0371,0.8954,1.2483,"{""bear"": 0.1057, ""base"": 0.1368, ""bull"": 0.1988}",4.0,-1.0,"전세가율×금리 조건부(지금 전세가율 0.53·금리 2.5, 유사 진입연도 ['201103', '201106', '201109', '201112', '201203', '201206'])",11.61,E-boost3|depth2|r150|relative,SCENARIO_WALKFORWARD_v0.8
6555,84,고잔롯데캐슬골드파크아파트,41273,709050000,-0.1267,1.0411,0.8988,1.2531,"{""bear"": 0.1057, ""base"": 0.1368, ""bull"": 0.1988}",4.0,-1.0,"전세가율×금리 조건부(지금 전세가율 0.53·금리 2.5, 유사 진입연도 ['201103', '201106', '201109', '201112', '201203', '201206'])",11.61,E-boost3|depth2|r150|relative,SCENARIO_WALKFORWARD_v0.8
6559,59,고잔주공7단지,41273,264000000,-0.0545,1.1189,0.966,1.3468,"{""bear"": 0.1057, ""base"": 0.1368, ""bull"": 0.1988}",4.0,-1.0,"전세가율×금리 조건부(지금 전세가율 0.53·금리 2.5, 유사 진입연도 ['201103', '201106', '201109', '201112', '201203', '201206'])",10.64,E-boost3|depth2|r150|relative,SCENARIO_WALKFORWARD_v0.8
6559,74,고잔주공7단지,41273,370000000,-0.0916,1.0782,0.9309,1.2977,"{""bear"": 0.1057, ""base"": 0.1368, ""bull"": 0.1988}",4.0,-1.0,"전세가율×금리 조건부(지금 전세가율 0.53·금리 2.5, 유사 진입연도 ['201103', '201106', '201109', '201112', '201203', '201206'])",10.64,E-boost3|depth2|r150|relative,SCENARIO_WALKFORWARD_v0.8
6562,59,고잔주공9단지,41273,299500000,-0.0593,1.1137,0.9615,1.3404,"{""bear"": 0.1057, ""base"": 0.1368, ""bull"": 0.1988}",4.0,-1.0,"전세가율×금리 조건부(지금 전세가율 0.53·금리 2.5, 유사 진입연도 ['201103', '201106', '201109', '201112', '201203', '201206'])",10.97,E-boost3|depth2|r150|relative,SCENARIO_WALKFORWARD_v0.8
6562,74,고잔주공9단지,41273,424000000,-0.0697,1.1021,0.9515,1.3265,"{""bear"": 0.1057, ""base"": 0.1368, ""bull"": 0.1988}",4.0,-1.0,"전세가율×금리 조건부(지금 전세가율 0.53·금리 2.5, 유사 진입연도 ['201103', '201106', '201109', '201112', '201203', '201206'])",10.97,E-boost3|depth2|r150|relative,SCENARIO_WALKFORWARD_v0.8
9301,74,고촌센트럴자이아파트,41570,730000000,-0.0028,1.1784,1.0174,1.4184,"{""bear"": 0.1057, ""base"": 0.1368, ""bull"": 0.1988}",5.0,0.0,"전세가율×금리 조건부(지금 전세가율 0.53·금리 2.5, 유사 진입연도 ['201103', '201106', '201109', '201112', '201203', '201206'])",6.04,E-boost3|depth2|r150|relative,SCENARIO_WALKFORWARD_v0.8
9301,84,고촌센트럴자이아파트,41570,763000000,-0.0146,1.1646,1.0054,1.4017,"{""bear"": 0.1057, ""base"": 0.1368, ""bull"": 0.1988}",5.0,0.0,"전세가율×금리 조건부(지금 전세가율 0.53·금리 2.5, 유사 진입연도 ['201103', '201106', '201109', '201112', '201203', '201206'])",6.04,E-boost3|depth2|r150|relative,SCENARIO_WALKFORWARD_v0.8
9893,59,곤지암킴스빌리지,41610,194400000,-0.1551,1.0119,0.8736,1.218,"{""bear"": 0.1057, ""base"": 0.1368, ""bull"": 0.1988}",7.0,,"전세가율×금리 조건부(지금 전세가율 0.53·금리 2.5, 유사 진입연도 ['201103', '201106', '201109', '201112', '201203', '201206'])",16.73,E-boost3|depth2|r150|relative,SCENARIO_WALKFORWARD_v0.8
9097,59,공도주은풍림,41550,143100000,-0.1152,1.0531,0.9092,1.2675,"{""bear"": 0.1057, ""base"": 0.1368, ""bull"": 0.1988}",7.0,-2.0,"전세가율×금리 조건부(지금 전세가율 0.53·금리 2.5, 유사 진입연도 ['201103', '201106', '201109', '201112', '201203', '201206'])",38.54,E-boost3|depth2|r150|relative,SCENARIO_WALKFORWARD_v0.8
6632,74,공작한양(고층),41273,360333333,-0.0614,1.1113,0.9594,1.3376,"{""bear"": 0.1057, ""base"": 0.1368, ""bull"": 0.1988}",5.0,-1.0,"전세가율×금리 조건부(지금 전세가율 0.53·금리 2.5, 유사 진입연도 ['201103', '201106', '201109', '201112', '201203', '201206'])",10.59,E-boost3|depth2|r150|relative,SCENARIO_WALKFORWARD_v0.8
6632,84,공작한양(고층),41273,376200000,-0.0759,1.0953,0.9457,1.3184,"{""bear"": 0.1057, ""base"": 0.1368, ""bull"": 0.1988}",5.0,-1.0,"전세가율×금리 조건부(지금 전세가율 0.53·금리 2.5, 유사 진입연도 ['201103', '201106', '201109', '201112', '201203', '201206'])",10.59,E-boost3|depth2|r150|relative,SCENARIO_WALKFORWARD_v0.8
7113,59,과천래미안슈르,41290,1834600000,0.0855,1.2871,1.1112,1.5492,"{""bear"": 0.1057, ""base"": 0.1368, ""bull"": 0.1988}",1.0,1.0,"전세가율×금리 조건부(지금 전세가율 0.53·금리 2.5, 유사 진입연도 ['201103', '201106', '201109', '201112', '201203', '201206'])",0.21,E-boost3|depth2|r150|relative,SCENARIO_WALKFORWARD_v0.8
7113,84,과천래미안슈르,41290,2072000000,0.091,1.2942,1.1174,1.5577,"{""bear"": 0.1057, ""base"": 0.1368, ""bull"": 0.1988}",1.0,1.0,"전세가율×금리 조건부(지금 전세가율 0.53·금리 2.5, 유사 진입연도 ['201103', '201106', '201109', '201112', '201203', '201206'])",0.21,E-boost3|depth2|r150|relative,SCENARIO_WALKFORWARD_v0.8
7116,59,과천센트럴파크푸르지오써밋,41290,1994000000,0.0776,1.2771,1.1026,1.5371,"{""bear"": 0.1057, ""base"": 0.1368, ""bull"": 0.1988}",1.0,,"전세가율×금리 조건부(지금 전세가율 0.53·금리 2.5, 유사 진입연도 ['201103', '201106', '201109', '201112', '201203', '201206'])",0.0,E-boost3|depth2|r150|relative,SCENARIO_WALKFORWARD_v0.8
7116,84,과천센트럴파크푸르지오써밋,41290,2360000000,0.0839,1.285,1.1094,1.5467,"{""bear"": 0.1057, ""base"": 0.1368, ""bull"": 0.1988}",1.0,,"전세가율×금리 조건부(지금 전세가율 0.53·금리 2.5, 유사 진입연도 ['201103', '201106', '201109', '201112', '201203', '201206'])",0.0,E-boost3|depth2|r150|relative,SCENARIO_WALKFORWARD_v0.8
7112,59,과천위버필드아파트,41290,2054500000,0.071,1.2686,1.0953,1.527,"{""bear"": 0.1057, ""base"": 0.1368, ""bull"": 0.1988}",1.0,1.0,"전세가율×금리 조건부(지금 전세가율 0.53·금리 2.5, 유사 진입연도 ['201103', '201106', '201109', '201112', '201203', '201206'])",0.21,E-boost3|depth2|r150|relative,SCENARIO_WALKFORWARD_v0.8
7112,84,과천위버필드아파트,41290,2434000000,0.0826,1.2834,1.108,1.5447,"{""bear"": 0.1057, ""base"": 0.1368, ""bull"": 0.1988}",1.0,1.0,"전세가율×금리 조건부(지금 전세가율 0.53·금리 2.5, 유사 진입연도 ['201103', '201106', '201109', '201112', '201203', '201206'])",0.21,E-boost3|depth2|r150|relative,SCENARIO_WALKFORWARD_v0.8
7114,59,과천자이아파트,41290,2040500000,0.0853,1.2869,1.1111,1.549,"{""bear"": 0.1057, ""base"": 0.1368, ""bull"": 0.1988}",1.0,,"전세가율×금리 조건부(지금 전세가율 0.53·금리 2.5, 유사 진입연도 ['201103', '201106', '201109', '201112', '201203', '201206'])",0.12,E-boost3|depth2|r150|relative,SCENARIO_WALKFORWARD_v0.8
7114,74,과천자이아파트,41290,2263000000,0.0842,1.2854,1.1098,1.5472,"{""bear"": 0.1057, ""base"": 0.1368, ""bull"": 0.1988}",1.0,,"전세가율×금리 조건부(지금 전세가율 0.53·금리 2.5, 유사 진입연도 ['201103', '201106', '201109', '201112', '201203', '201206'])",0.12,E-boost3|depth2|r150|relative,SCENARIO_WALKFORWARD_v0.8
7114,84,과천자이아파트,41290,2418000000,0.0984,1.3039,1.1257,1.5694,"{""bear"": 0.1057, ""base"": 0.1368, ""bull"": 0.1988}",1.0,,"전세가율×금리 조건부(지금 전세가율 0.53·금리 2.5, 유사 진입연도 ['201103', '201106', '201109', '201112', '201203', '201206'])",0.12,E-boost3|depth2|r150|relative,SCENARIO_WALKFORWARD_v0.8
7109,59,과천푸르지오써밋,41290,2126000000,0.0943,1.2985,1.1211,1.5629,"{""bear"": 0.1057, ""base"": 0.1368, ""bull"": 0.1988}",1.0,,"전세가율×금리 조건부(지금 전세가율 0.53·금리 2.5, 유사 진입연도 ['201103', '201106', '201109', '201112', '201203', '201206'])",0.32,E-boost3|depth2|r150|relative,SCENARIO_WALKFORWARD_v0.8
7109,84,과천푸르지오써밋,41290,2660000000,0.0975,1.3027,1.1247,1.568,"{""bear"": 0.1057, ""base"": 0.1368, ""bull"": 0.1988}",1.0,,"전세가율×금리 조건부(지금 전세가율 0.53·금리 2.5, 유사 진입연도 ['201103', '201106', '201109', '201112', '201203', '201206'])",0.32,E-boost3|depth2|r150|relative,SCENARIO_WALKFORWARD_v0.8
6729,59,관산주공그린빌,41281,256900000,-0.1046,1.0643,0.9188,1.281,"{""bear"": 0.1057, ""base"": 0.1368, ""bull"": 0.1988}",6.0,-8.0,"전세가율×금리 조건부(지금 전세가율 0.53·금리 2.5, 유사 진입연도 ['201103', '201106', '201109', '201112', '201203', '201206'])",12.26,E-boost3|depth2|r150|relative,SCENARIO_WALKFORWARD_v0.8
6729,74,관산주공그린빌,41281,315200000,-0.102,1.067,0.9212,1.2843,"{""bear"": 0.1057, ""base"": 0.1368, ""bull"": 0.1988}",6.0,-8.0,"전세가율×금리 조건부(지금 전세가율 0.53·금리 2.5, 유사 진입연도 ['201103', '201106', '201109', '201112', '201203', '201206'])",12.26,E-boost3|depth2|r150|relative,SCENARIO_WALKFORWARD_v0.8
6729,84,관산주공그린빌,41281,354850000,-0.1027,1.0664,0.9207,1.2835,"{""bear"": 0.1057, ""base"": 0.1368, ""bull"": 0.1988}",6.0,-8.0,"전세가율×금리 조건부(지금 전세가율 0.53·금리 2.5, 유사 진입연도 ['201103', '201106', '201109', '201112', '201203', '201206'])",12.26,E-boost3|depth2|r150|relative,SCENARIO_WALKFORWARD_v0.8
3710,59,관악벽산블루밍,11620,983100000,0.0749,1.2735,1.0995,1.5329,"{""bear"": 0.1057, ""base"": 0.1368, ""bull"": 0.1988}",3.0,0.0,"전세가율×금리 조건부(지금 전세가율 0.53·금리 2.5, 유사 진입연도 ['201103', '201106', '201109', '201112', '201203', '201206'])",1.45,E-boost3|depth2|r150|relative,SCENARIO_WALKFORWARD_v0.8
3710,84,관악벽산블루밍,11620,1097200000,0.0768,1.276,1.1017,1.5358,"{""bear"": 0.1057, ""base"": 0.1368, ""bull"": 0.1988}",3.0,0.0,"전세가율×금리 조건부(지금 전세가율 0.53·금리 2.5, 유사 진입연도 ['201103', '201106', '201109', '201112', '201203', '201206'])",1.45,E-boost3|depth2|r150|relative,SCENARIO_WALKFORWARD_v0.8
3702,59,관악우성아파트,11620,960600000,0.0732,1.2714,1.0976,1.5303,"{""bear"": 0.1057, ""base"": 0.1368, ""bull"": 0.1988}",3.0,0.0,"전세가율×금리 조건부(지금 전세가율 0.53·금리 2.5, 유사 진입연도 ['201103', '201106', '201109', '201112', '201203', '201206'])",2.02,E-boost3|depth2|r150|relative,SCENARIO_WALKFORWARD_v0.8
3702,84,관악우성아파트,11620,1112700000,0.077,1.2762,1.1018,1.5361,"{""bear"": 0.1057, ""base"": 0.1368, ""bull"": 0.1988}",3.0,0.0,"전세가율×금리 조건부(지금 전세가율 0.53·금리 2.5, 유사 진입연도 ['201103', '201106', '201109', '201112', '201203', '201206'])",2.02,E-boost3|depth2|r150|relative,SCENARIO_WALKFORWARD_v0.8
3698,59,관악푸르지오아파트,11620,1116600000,0.0592,1.2538,1.0824,1.509,"{""bear"": 0.1057, ""base"": 0.1368, ""bull"": 0.1988}",3.0,0.0,"전세가율×금리 조건부(지금 전세가율 0.53·금리 2.5, 유사 진입연도 ['201103', '201106', '201109', '201112', '201203', '201206'])",2.09,E-boost3|depth2|r150|relative,SCENARIO_WALKFORWARD_v0.8
3698,84,관악푸르지오아파트,11620,1215600000,0.0578,1.2519,1.0809,1.5069,"{""bear"": 0.1057, ""base"": 0.1368, ""bull"": 0.1988}",3.0,0.0,"전세가율×금리 조건부(지금 전세가율 0.53·금리 2.5, 유사 진입연도 ['201103', '201106', '201109', '201112', '201203', '201206'])",2.09,E-boost3|depth2|r150|relative,SCENARIO_WALKFORWARD_v0.8
4909,74,광교 더 포레스트,41117,868800000,-0.0408,1.1344,0.9794,1.3654,"{""bear"": 0.1057, ""base"": 0.1368, ""bull"": 0.1988}",4.0,-1.0,"전세가율×금리 조건부(지금 전세가율 0.53·금리 2.5, 유사 진입연도 ['201103', '201106', '201109', '201112', '201203', '201206'])",6.2,E-boost3|depth2|r150|relative,SCENARIO_WALKFORWARD_v0.8
4909,84,광교 더 포레스트,41117,907800000,-0.0385,1.137,0.9816,1.3685,"{""bear"": 0.1057, ""base"": 0.1368, ""bull"": 0.1988}",4.0,-1.0,"전세가율×금리 조건부(지금 전세가율 0.53·금리 2.5, 유사 진입연도 ['201103', '201106', '201109', '201112', '201203', '201206'])",6.2,E-boost3|depth2|r150|relative,SCENARIO_WALKFORWARD_v0.8
4895,84,광교자연앤힐스테이트,41117,1841500000,0.0171,1.202,1.0378,1.4468,"{""bear"": 0.1057, ""base"": 0.1368, ""bull"": 0.1988}",3.0,,"전세가율×금리 조건부(지금 전세가율 0.53·금리 2.5, 유사 진입연도 ['201103', '201106', '201109', '201112', '201203', '201206'])",8.47,E-boost3|depth2|r150|relative,SCENARIO_WALKFORWARD_v0.8
8716,59,광교자이 더 클래스,41465,1317000000,-0.04,1.1354,0.9802,1.3666,"{""bear"": 0.1057, ""base"": 0.1368, ""bull"": 0.1988}",4.0,2.0,"전세가율×금리 조건부(지금 전세가율 0.53·금리 2.5, 유사 진입연도 ['201103', '201106', '201109', '201112', '201203', '201206'])",6.45,E-boost3|depth2|r150|relative,SCENARIO_WALKFORWARD_v0.8
8716,84,광교자이 더 클래스,41465,1484000000,-0.04,1.1354,0.9802,1.3666,"{""bear"": 0.1057, ""base"": 0.1368, ""bull"": 0.1988}",4.0,2.0,"전세가율×금리 조건부(지금 전세가율 0.53·금리 2.5, 유사 진입연도 ['201103', '201106', '201109', '201112', '201203', '201206'])",6.45,E-boost3|depth2|r150|relative,SCENARIO_WALKFORWARD_v0.8
4874,59,광교호반베르디움,41117,1076700000,-0.0596,1.1133,0.9611,1.3399,"{""bear"": 0.1057, ""base"": 0.1368, ""bull"": 0.1988}",4.0,0.0,"전세가율×금리 조건부(지금 전세가율 0.53·금리 2.5, 유사 진입연도 ['201103', '201106', '201109', '201112', '201203', '201206'])",9.48,E-boost3|depth2|r150|relative,SCENARIO_WALKFORWARD_v0.8
4874,84,광교호반베르디움,41117,1316100000,-0.0772,1.0939,0.9444,1.3166,"{""bear"": 0.1057, ""base"": 0.1368, ""bull"": 0.1988}",4.0,0.0,"전세가율×금리 조건부(지금 전세가율 0.53·금리 2.5, 유사 진입연도 ['201103', '201106', '201109', '201112', '201203', '201206'])",9.48,E-boost3|depth2|r150|relative,SCENARIO_WALKFORWARD_v0.8
4905,84,광교호수마을 호반써밋,41117,1224800000,0.0064,1.1893,1.0267,1.4314,"{""bear"": 0.1057, ""base"": 0.1368, ""bull"": 0.1988}",4.0,-1.0,"전세가율×금리 조건부(지금 전세가율 0.53·금리 2.5, 유사 진입연도 ['201103', '201106', '201109', '201112', '201203', '201206'])",7.04,E-boost3|depth2|r150|relative,SCENARIO_WALKFORWARD_v0.8
6086,59,광명두산위브트레지움,41210,1121000000,-0.0434,1.1315,0.9769,1.3619,"{""bear"": 0.1057, ""base"": 0.1368, ""bull"": 0.1988}",4.0,0.0,"전세가율×금리 조건부(지금 전세가율 0.53·금리 2.5, 유사 진입연도 ['201103', '201106', '201109', '201112', '201203', '201206'])",6.13,E-boost3|depth2|r150|relative,SCENARIO_WALKFORWARD_v0.8
6086,84,광명두산위브트레지움,41210,1222500000,-0.0362,1.1396,0.9839,1.3716,"{""bear"": 0.1057, ""base"": 0.1368, ""bull"": 0.1988}",4.0,0.0,"전세가율×금리 조건부(지금 전세가율 0.53·금리 2.5, 유사 진입연도 ['201103', '201106', '201109', '201112', '201203', '201206'])",6.13,E-boost3|depth2|r150|relative,SCENARIO_WALKFORWARD_v0.8
6052,59,광명아크포레자이위브아파트,41210,1023700000,-0.0608,1.112,0.96,1.3384,"{""bear"": 0.1057, ""base"": 0.1368, ""bull"": 0.1988}",4.0,2.0,"전세가율×금리 조건부(지금 전세가율 0.53·금리 2.5, 유사 진입연도 ['201103', '201106', '201109', '201112', '201203', '201206'])",6.78,E-boost3|depth2|r150|relative,SCENARIO_WALKFORWARD_v0.8
6052,74,광명아크포레자이위브아파트,41210,1057100000,-0.0642,1.1082,0.9568,1.3339,"{""bear"": 0.1057, ""base"": 0.1368, ""bull"": 0.1988}",4.0,2.0,"전세가율×금리 조건부(지금 전세가율 0.53·금리 2.5, 유사 진입연도 ['201103', '201106', '201109', '201112', '201203', '201206'])",6.78,E-boost3|depth2|r150|relative,SCENARIO_WALKFORWARD_v0.8
6052,84,광명아크포레자이위브아파트,41210,1128400000,-0.0649,1.1074,0.956,1.3328,"{""bear"": 0.1057, ""base"": 0.1368, ""bull"": 0.1988}",4.0,2.0,"전세가율×금리 조건부(지금 전세가율 0.53·금리 2.5, 유사 진입연도 ['201103', '201106', '201109', '201112', '201203', '201206'])",6.78,E-boost3|depth2|r150|relative,SCENARIO_WALKFORWARD_v0.8
6129,59,광명역센트럴자이아파트,41210,1205500000,0.0166,1.2015,1.0373,1.4461,"{""bear"": 0.1057, ""base"": 0.1368, ""bull"": 0.1988}",2.0,2.0,"전세가율×금리 조건부(지금 전세가율 0.53·금리 2.5, 유사 진입연도 ['201103', '201106', '201109', '201112', '201203', '201206'])",0.44,E-boost3|depth2|r150|relative,SCENARIO_WALKFORWARD_v0.8
6129,84,광명역센트럴자이아파트,41210,1300500000,0.0352,1.224,1.0567,1.4732,"{""bear"": 0.1057, ""base"": 0.1368, ""bull"": 0.1988}",2.0,2.0,"전세가율×금리 조건부(지금 전세가율 0.53·금리 2.5, 유사 진입연도 ['201103', '201106', '201109', '201112', '201203', '201206'])",0.44,E-boost3|depth2|r150|relative,SCENARIO_WALKFORWARD_v0.8
6130,59,광명역써밋플레이스,41210,1189600000,-0.0319,1.1445,0.9881,1.3776,"{""bear"": 0.1057, ""base"": 0.1368, ""bull"": 0.1988}",2.0,2.0,"전세가율×금리 조건부(지금 전세가율 0.53·금리 2.5, 유사 진입연도 ['201103', '201106', '201109', '201112', '201203', '201206'])",0.31,E-boost3|depth2|r150|relative,SCENARIO_WALKFORWARD_v0.8
6130,84,광명역써밋플레이스,41210,1336500000,-0.0201,1.1582,0.9999,1.394,"{""bear"": 0.1057, ""base"": 0.1368, ""bull"": 0.1988}",2.0,2.0,"전세가율×금리 조건부(지금 전세가율 0.53·금리 2.5, 유사 진입연도 ['201103', '201106', '201109', '201112', '201203', '201206'])",0.31,E-boost3|depth2|r150|relative,SCENARIO_WALKFORWARD_v0.8
6051,59,광명푸르지오센트베르아파트,41210,1049400000,-0.0473,1.1271,0.973,1.3566,"{""bear"": 0.1057, ""base"": 0.1368, ""bull"": 0.1988}",4.0,2.0,"전세가율×금리 조건부(지금 전세가율 0.53·금리 2.5, 유사 진입연도 ['201103', '201106', '201109', '201112', '201203', '201206'])",6.79,E-boost3|depth2|r150|relative,SCENARIO_WALKFORWARD_v0.8
6051,84,광명푸르지오센트베르아파트,41210,1225000000,-0.0648,1.1075,0.9562,1.333,"{""bear"": 0.1057, ""base"": 0.1368, ""bull"": 0.1988}",4.0,2.0,"전세가율×금리 조건부(지금 전세가율 0.53·금리 2.5, 유사 진입연도 ['201103', '201106', '201109', '201112', '201203', '201206'])",6.79,E-boost3|depth2|r150|relative,SCENARIO_WALKFORWARD_v0.8
6050,59,광명푸르지오포레나,41210,1153000000,-0.0862,1.0841,0.9359,1.3048,"{""bear"": 0.1057, ""base"": 0.1368, ""bull"": 0.1988}",4.0,2.0,"전세가율×금리 조건부(지금 전세가율 0.53·금리 2.5, 유사 진입연도 ['201103', '201106', '201109', '201112', '201203', '201206'])",6.81,E-boost3|depth2|r150|relative,SCENARIO_WALKFORWARD_v0.8
6050,74,광명푸르지오포레나,41210,1271900000,-0.0488,1.1253,0.9716,1.3545,"{""bear"": 0.1057, ""base"": 0.1368, ""bull"": 0.1988}",4.0,2.0,"전세가율×금리 조건부(지금 전세가율 0.53·금리 2.5, 유사 진입연도 ['201103', '201106', '201109', '201112', '201203', '201206'])",6.81,E-boost3|depth2|r150|relative,SCENARIO_WALKFORWARD_v0.8
6050,84,광명푸르지오포레나,41210,1279500000,-0.0787,1.0922,0.9429,1.3146,"{""bear"": 0.1057, ""base"": 0.1368, ""bull"": 0.1988}",4.0,2.0,"전세가율×금리 조건부(지금 전세가율 0.53·금리 2.5, 유사 진입연도 ['201103', '201106', '201109', '201112', '201203', '201206'])",6.81,E-boost3|depth2|r150|relative,SCENARIO_WALKFORWARD_v0.8
6057,59,광명해모로이연,41210,823350000,-0.0766,1.0945,0.9449,1.3174,"{""bear"": 0.1057, ""base"": 0.1368, ""bull"": 0.1988}",4.0,2.0,"전세가율×금리 조건부(지금 전세가율 0.53·금리 2.5, 유사 진입연도 ['201103', '201106', '201109', '201112', '201203', '201206'])",7.03,E-boost3|depth2|r150|relative,SCENARIO_WALKFORWARD_v0.8
6057,84,광명해모로이연,41210,931600000,-0.0691,1.1028,0.9521,1.3273,"{""bear"": 0.1057, ""base"": 0.1368, ""bull"": 0.1988}",4.0,2.0,"전세가율×금리 조건부(지금 전세가율 0.53·금리 2.5, 유사 진입연도 ['201103', '201106', '201109', '201112', '201203', '201206'])",7.03,E-boost3|depth2|r150|relative,SCENARIO_WALKFORWARD_v0.8
1472,59,광장현대3단지아파트,11215,1676000000,0.0728,1.2708,1.0972,1.5296,"{""bear"": 0.1057, ""base"": 0.1368, ""bull"": 0.1988}",2.0,3.0,"전세가율×금리 조건부(지금 전세가율 0.53·금리 2.5, 유사 진입연도 ['201103', '201106', '201109', '201112', '201203', '201206'])",0.5,E-boost3|depth2|r150|relative,SCENARIO_WALKFORWARD_v0.8
1472,84,광장현대3단지아파트,11215,2103000000,0.1087,1.3173,1.1373,1.5855,"{""bear"": 0.1057, ""base"": 0.1368, ""bull"": 0.1988}",2.0,3.0,"전세가율×금리 조건부(지금 전세가율 0.53·금리 2.5, 유사 진입연도 ['201103', '201106', '201109', '201112', '201203', '201206'])",0.5,E-boost3|depth2|r150|relative,SCENARIO_WALKFORWARD_v0.8
1479,59,광장현대파크빌,11215,1746000000,0.0691,1.2662,1.0932,1.524,"{""bear"": 0.1057, ""base"": 0.1368, ""bull"": 0.1988}",2.0,3.0,"전세가율×금리 조건부(지금 전세가율 0.53·금리 2.5, 유사 진입연도 ['201103', '201106', '201109', '201112', '201203', '201206'])",0.08,E-boost3|depth2|r150|relative,SCENARIO_WALKFORWARD_v0.8
1479,84,광장현대파크빌,11215,2138000000,0.0887,1.2912,1.1148,1.5541,"{""bear"": 0.1057, ""base"": 0.1368, ""bull"": 0.1988}",2.0,3.0,"전세가율×금리 조건부(지금 전세가율 0.53·금리 2.5, 유사 진입연도 ['201103', '201106', '201109', '201112', '201203', '201206'])",0.08,E-boost3|depth2|r150|relative,SCENARIO_WALKFORWARD_v0.8
9772,74,광주센트럴푸르지오,41610,472000000,-0.1331,1.0344,0.893,1.245,"{""bear"": 0.1057, ""base"": 0.1368, ""bull"": 0.1988}",6.0,,"전세가율×금리 조건부(지금 전세가율 0.53·금리 2.5, 유사 진입연도 ['201103', '201106', '201109', '201112', '201203', '201206'])",12.07,E-boost3|depth2|r150|relative,SCENARIO_WALKFORWARD_v0.8
9772,84,광주센트럴푸르지오,41610,517700000,-0.1425,1.0247,0.8847,1.2334,"{""bear"": 0.1057, ""base"": 0.1368, ""bull"": 0.1988}",6.0,,"전세가율×금리 조건부(지금 전세가율 0.53·금리 2.5, 유사 진입연도 ['201103', '201106', '201109', '201112', '201203', '201206'])",12.07,E-boost3|depth2|r150|relative,SCENARIO_WALKFORWARD_v0.8
9829,74,광주역 자연앤자이 아파트,41610,766000000,-0.0868,1.0834,0.9354,1.304,"{""bear"": 0.1057, ""base"": 0.1368, ""bull"": 0.1988}",4.0,,"전세가율×금리 조건부(지금 전세가율 0.53·금리 2.5, 유사 진입연도 ['201103', '201106', '201109', '201112', '201203', '201206'])",10.76,E-boost3|depth2|r150|relative,SCENARIO_WALKFORWARD_v0.8
9829,84,광주역 자연앤자이 아파트,41610,837500000,-0.0844,1.086,0.9376,1.3071,"{""bear"": 0.1057, ""base"": 0.1368, ""bull"": 0.1988}",4.0,,"전세가율×금리 조건부(지금 전세가율 0.53·금리 2.5, 유사 진입연도 ['201103', '201106', '201109', '201112', '201203', '201206'])",10.76,E-boost3|depth2|r150|relative,SCENARIO_WALKFORWARD_v0.8
3166,59,구로두산,11530,629550000,0.0867,1.2887,1.1126,1.5511,"{""bear"": 0.1057, ""base"": 0.1368, ""bull"": 0.1988}",4.0,0.0,"전세가율×금리 조건부(지금 전세가율 0.53·금리 2.5, 유사 진입연도 ['201103', '201106', '201109', '201112', '201203', '201206'])",4.03,E-boost3|depth2|r150|relative,SCENARIO_WALKFORWARD_v0.8
3166,84,구로두산,11530,800800000,0.0703,1.2677,1.0944,1.5258,"{""bear"": 0.1057, ""base"": 0.1368, ""bull"": 0.1988}",4.0,0.0,"전세가율×금리 조건부(지금 전세가율 0.53·금리 2.5, 유사 진입연도 ['201103', '201106', '201109', '201112', '201203', '201206'])",4.03,E-boost3|depth2|r150|relative,SCENARIO_WALKFORWARD_v0.8
3182,59,구로삼성래미안,11530,824800000,0.0384,1.228,1.0602,1.478,"{""bear"": 0.1057, ""base"": 0.1368, ""bull"": 0.1988}",4.0,0.0,"전세가율×금리 조건부(지금 전세가율 0.53·금리 2.5, 유사 진입연도 ['201103', '201106', '201109', '201112', '201203', '201206'])",4.22,E-boost3|depth2|r150|relative,SCENARIO_WALKFORWARD_v0.8
3182,74,구로삼성래미안,11530,951900000,0.0466,1.238,1.0689,1.4901,"{""bear"": 0.1057, ""base"": 0.1368, ""bull"": 0.1988}",4.0,0.0,"전세가율×금리 조건부(지금 전세가율 0.53·금리 2.5, 유사 진입연도 ['201103', '201106', '201109', '201112', '201203', '201206'])",4.22,E-boost3|depth2|r150|relative,SCENARIO_WALKFORWARD_v0.8
7122,74,구리갈매스타힐스,41310,698900000,-0.0128,1.1667,1.0073,1.4042,"{""bear"": 0.1057, ""base"": 0.1368, ""bull"": 0.1988}",4.0,1.0,"전세가율×금리 조건부(지금 전세가율 0.53·금리 2.5, 유사 진입연도 ['201103', '201106', '201109', '201112', '201203', '201206'])",8.64,E-boost3|depth2|r150|relative,SCENARIO_WALKFORWARD_v0.8
7122,84,구리갈매스타힐스,41310,733500000,-0.0109,1.1688,1.0091,1.4068,"{""bear"": 0.1057, ""base"": 0.1368, ""bull"": 0.1988}",4.0,1.0,"전세가율×금리 조건부(지금 전세가율 0.53·금리 2.5, 유사 진입연도 ['201103', '201106', '201109', '201112', '201203', '201206'])",8.64,E-boost3|depth2|r150|relative,SCENARIO_WALKFORWARD_v0.8
7166,84,구리덕현,41310,895400000,0.1073,1.3156,1.1358,1.5834,"{""bear"": 0.1057, ""base"": 0.1368, ""bull"": 0.1988}",4.0,,"전세가율×금리 조건부(지금 전세가율 0.53·금리 2.5, 유사 진입연도 ['201103', '201106', '201109', '201112', '201203', '201206'])",4.15,E-boost3|depth2|r150|relative,SCENARIO_WALKFORWARD_v0.8
4664,59,구운삼환,41113,380400000,-0.0697,1.102,0.9515,1.3264,"{""bear"": 0.1057, ""base"": 0.1368, ""bull"": 0.1988}",6.0,-2.0,"전세가율×금리 조건부(지금 전세가율 0.53·금리 2.5, 유사 진입연도 ['201103', '201106', '201109', '201112', '201203', '201206'])",13.99,E-boost3|depth2|r150|relative,SCENARIO_WALKFORWARD_v0.8
4664,74,구운삼환,41113,489200000,-0.0671,1.105,0.954,1.33,"{""bear"": 0.1057, ""base"": 0.1368, ""bull"": 0.1988}",6.0,-2.0,"전세가율×금리 조건부(지금 전세가율 0.53·금리 2.5, 유사 진입연도 ['201103', '201106', '201109', '201112', '201203', '201206'])",13.99,E-boost3|depth2|r150|relative,SCENARIO_WALKFORWARD_v0.8
4664,84,구운삼환,41113,559800000,-0.0671,1.105,0.954,1.33,"{""bear"": 0.1057, ""base"": 0.1368, ""bull"": 0.1988}",6.0,-2.0,"전세가율×금리 조건부(지금 전세가율 0.53·금리 2.5, 유사 진입연도 ['201103', '201106', '201109', '201112', '201203', '201206'])",13.99,E-boost3|depth2|r150|relative,SCENARIO_WALKFORWARD_v0.8
1458,84,구의현대2단지,11215,2116500000,0.1264,1.3409,1.1576,1.6139,"{""bear"": 0.1057, ""base"": 0.1368, ""bull"": 0.1988}",2.0,7.0,"전세가율×금리 조건부(지금 전세가율 0.53·금리 2.5, 유사 진입연도 ['201103', '201106', '201109', '201112', '201203', '201206'])",0.37,E-boost3|depth2|r150|relative,SCENARIO_WALKFORWARD_v0.8
1455,59,구의현대프라임,11215,1701000000,0.1121,1.3218,1.1412,1.591,"{""bear"": 0.1057, ""base"": 0.1368, ""bull"": 0.1988}",2.0,7.0,"전세가율×금리 조건부(지금 전세가율 0.53·금리 2.5, 유사 진입연도 ['201103', '201106', '201109', '201112', '201203', '201206'])",0.57,E-boost3|depth2|r150|relative,SCENARIO_WALKFORWARD_v0.8
1455,84,구의현대프라임,11215,2160000000,0.102,1.3086,1.1298,1.575,"{""bear"": 0.1057, ""base"": 0.1368, ""bull"": 0.1988}",2.0,7.0,"전세가율×금리 조건부(지금 전세가율 0.53·금리 2.5, 유사 진입연도 ['201103', '201106', '201109', '201112', '201203', '201206'])",0.57,E-boost3|depth2|r150|relative,SCENARIO_WALKFORWARD_v0.8
7977,59,군포율곡,41410,410800000,-0.007,1.1734,1.013,1.4123,"{""bear"": 0.1057, ""base"": 0.1368, ""bull"": 0.1988}",5.0,,"전세가율×금리 조건부(지금 전세가율 0.53·금리 2.5, 유사 진입연도 ['201103', '201106', '201109', '201112', '201203', '201206'])",8.19,E-boost3|depth2|r150|relative,SCENARIO_WALKFORWARD_v0.8
4729,59,권선대원신동아,41113,323500000,0.0541,1.2474,1.0769,1.5014,"{""bear"": 0.1057, ""base"": 0.1368, ""bull"": 0.1988}",5.0,1.0,"전세가율×금리 조건부(지금 전세가율 0.53·금리 2.5, 유사 진입연도 ['201103', '201106', '201109', '201112', '201203', '201206'])",12.98,E-boost3|depth2|r150|relative,SCENARIO_WALKFORWARD_v0.8
4741,59,권선자이e편한세상,41113,562100000,0.0033,1.1856,1.0236,1.427,"{""bear"": 0.1057, ""base"": 0.1368, ""bull"": 0.1988}",5.0,1.0,"전세가율×금리 조건부(지금 전세가율 0.53·금리 2.5, 유사 진입연도 ['201103', '201106', '201109', '201112', '201203', '201206'])",12.7,E-boost3|depth2|r150|relative,SCENARIO_WALKFORWARD_v0.8
4741,84,권선자이e편한세상,41113,665600000,0.0036,1.1859,1.0239,1.4274,"{""bear"": 0.1057, ""base"": 0.1368, ""bull"": 0.1988}",5.0,1.0,"전세가율×금리 조건부(지금 전세가율 0.53·금리 2.5, 유사 진입연도 ['201103', '201106', '201109', '201112', '201203', '201206'])",12.7,E-boost3|depth2|r150|relative,SCENARIO_WALKFORWARD_v0.8
6494,59,그랑시티자이2차아파트,41271,550000000,-0.1383,1.0291,0.8884,1.2386,"{""bear"": 0.1057, ""base"": 0.1368, ""bull"": 0.1988}",5.0,,"전세가율×금리 조건부(지금 전세가율 0.53·금리 2.5, 유사 진입연도 ['201103', '201106', '201109', '201112', '201203', '201206'])",15.94,E-boost3|depth2|r150|relative,SCENARIO_WALKFORWARD_v0.8
6494,74,그랑시티자이2차아파트,41271,601600000,-0.1202,1.0478,0.9046,1.2612,"{""bear"": 0.1057, ""base"": 0.1368, ""bull"": 0.1988}",5.0,,"전세가율×금리 조건부(지금 전세가율 0.53·금리 2.5, 유사 진입연도 ['201103', '201106', '201109', '201112', '201203', '201206'])",15.94,E-boost3|depth2|r150|relative,SCENARIO_WALKFORWARD_v0.8
6494,84,그랑시티자이2차아파트,41271,674500000,-0.1144,1.0539,0.9099,1.2685,"{""bear"": 0.1057, ""base"": 0.1368, ""bull"": 0.1988}",5.0,,"전세가율×금리 조건부(지금 전세가율 0.53·금리 2.5, 유사 진입연도 ['201103', '201106', '201109', '201112', '201203', '201206'])",15.94,E-boost3|depth2|r150|relative,SCENARIO_WALKFORWARD_v0.8
6495,59,그랑시티자이아파트,41271,544100000,-0.1313,1.0363,0.8947,1.2473,"{""bear"": 0.1057, ""base"": 0.1368, ""bull"": 0.1988}",5.0,,"전세가율×금리 조건부(지금 전세가율 0.53·금리 2.5, 유사 진입연도 ['201103', '201106', '201109', '201112', '201203', '201206'])",15.8,E-boost3|depth2|r150|relative,SCENARIO_WALKFORWARD_v0.8
6495,74,그랑시티자이아파트,41271,593000000,-0.1199,1.0481,0.9049,1.2615,"{""bear"": 0.1057, ""base"": 0.1368, ""bull"": 0.1988}",5.0,,"전세가율×금리 조건부(지금 전세가율 0.53·금리 2.5, 유사 진입연도 ['201103', '201106', '201109', '201112', '201203', '201206'])",15.8,E-boost3|depth2|r150|relative,SCENARIO_WALKFORWARD_v0.8
6495,84,그랑시티자이아파트,41271,633000000,-0.1044,1.0645,0.9191,1.2813,"{""bear"": 0.1057, ""base"": 0.1368, ""bull"": 0.1988}",5.0,,"전세가율×금리 조건부(지금 전세가율 0.53·금리 2.5, 유사 진입연도 ['201103', '201106', '201109', '201112', '201203', '201206'])",15.8,E-boost3|depth2|r150|relative,SCENARIO_WALKFORWARD_v0.8
5513,59,금오2차신도브래뉴업,41150,287900000,-0.1143,1.054,0.91,1.2686,"{""bear"": 0.1057, ""base"": 0.1368, ""bull"": 0.1988}",7.0,1.0,"전세가율×금리 조건부(지금 전세가율 0.53·금리 2.5, 유사 진입연도 ['201103', '201106', '201109', '201112', '201203', '201206'])",15.82,E-boost3|depth2|r150|relative,SCENARIO_WALKFORWARD_v0.8
5513,74,금오2차신도브래뉴업,41150,343150000,-0.124,1.0438,0.9012,1.2563,"{""bear"": 0.1057, ""base"": 0.1368, ""bull"": 0.1988}",7.0,1.0,"전세가율×금리 조건부(지금 전세가율 0.53·금리 2.5, 유사 진입연도 ['201103', '201106', '201109', '201112', '201203', '201206'])",15.82,E-boost3|depth2|r150|relative,SCENARIO_WALKFORWARD_v0.8
5513,84,금오2차신도브래뉴업,41150,371400000,-0.1138,1.0545,0.9104,1.2693,"{""bear"": 0.1057, ""base"": 0.1368, ""bull"": 0.1988}",7.0,1.0,"전세가율×금리 조건부(지금 전세가율 0.53·금리 2.5, 유사 진입연도 ['201103', '201106', '201109', '201112', '201203', '201206'])",15.82,E-boost3|depth2|r150|relative,SCENARIO_WALKFORWARD_v0.8
3316,59,금천롯데캐슬골드파크1차아파트,11545,1020100000,0.0717,1.2695,1.096,1.5279,"{""bear"": 0.1057, ""base"": 0.1368, ""bull"": 0.1988}",4.0,1.0,"전세가율×금리 조건부(지금 전세가율 0.53·금리 2.5, 유사 진입연도 ['201103', '201106', '201109', '201112', '201203', '201206'])",4.89,E-boost3|depth2|r150|relative,SCENARIO_WALKFORWARD_v0.8
3316,74,금천롯데캐슬골드파크1차아파트,11545,1129000000,0.0684,1.2653,1.0924,1.523,"{""bear"": 0.1057, ""base"": 0.1368, ""bull"": 0.1988}",4.0,1.0,"전세가율×금리 조건부(지금 전세가율 0.53·금리 2.5, 유사 진입연도 ['201103', '201106', '201109', '201112', '201203', '201206'])",4.89,E-boost3|depth2|r150|relative,SCENARIO_WALKFORWARD_v0.8
3316,84,금천롯데캐슬골드파크1차아파트,11545,1191600000,0.0864,1.2883,1.1123,1.5507,"{""bear"": 0.1057, ""base"": 0.1368, ""bull"": 0.1988}",4.0,1.0,"전세가율×금리 조건부(지금 전세가율 0.53·금리 2.5, 유사 진입연도 ['201103', '201106', '201109', '201112', '201203', '201206'])",4.89,E-boost3|depth2|r150|relative,SCENARIO_WALKFORWARD_v0.8
3313,59,금천롯데캐슬골드파크3차아파트,11545,1007400000,0.0879,1.2902,1.1139,1.5529,"{""bear"": 0.1057, ""base"": 0.1368, ""bull"": 0.1988}",4.0,1.0,"전세가율×금리 조건부(지금 전세가율 0.53·금리 2.5, 유사 진입연도 ['201103', '201106', '201109', '201112', '201203', '201206'])",5.01,E-boost3|depth2|r150|relative,SCENARIO_WALKFORWARD_v0.8
3313,84,금천롯데캐슬골드파크3차아파트,11545,1205500000,0.0852,1.2868,1.1109,1.5488,"{""bear"": 0.1057, ""base"": 0.1368, ""bull"": 0.1988}",4.0,1.0,"전세가율×금리 조건부(지금 전세가율 0.53·금리 2.5, 유사 진입연도 ['201103', '201106', '201109', '201112', '201203', '201206'])",5.01,E-boost3|depth2|r150|relative,SCENARIO_WALKFORWARD_v0.8
9432,84,기안마을풍성신미주,41593,245900000,-0.1,1.0692,0.9231,1.2869,"{""bear"": 0.1057, ""base"": 0.1368, ""bull"": 0.1988}",7.0,,"전세가율×금리 조건부(지금 전세가율 0.53·금리 2.5, 유사 진입연도 ['201103', '201106', '201109', '201112', '201203', '201206'])",17.84,E-boost3|depth2|r150|relative,SCENARIO_WALKFORWARD_v0.8
8322,74,기흥역 더샵 아파트,41463,884300000,-0.067,1.1051,0.9541,1.3301,"{""bear"": 0.1057, ""base"": 0.1368, ""bull"": 0.1988}",4.0,2.0,"전세가율×금리 조건부(지금 전세가율 0.53·금리 2.5, 유사 진입연도 ['201103', '201106', '201109', '201112', '201203', '201206'])",7.89,E-boost3|depth2|r150|relative,SCENARIO_WALKFORWARD_v0.8
8322,84,기흥역 더샵 아파트,41463,960800000,-0.063,1.1095,0.9579,1.3354,"{""bear"": 0.1057, ""base"": 0.1368, ""bull"": 0.1988}",4.0,2.0,"전세가율×금리 조건부(지금 전세가율 0.53·금리 2.5, 유사 진입연도 ['201103', '201106', '201109', '201112', '201203', '201206'])",7.89,E-boost3|depth2|r150|relative,SCENARIO_WALKFORWARD_v0.8
8325,84,기흥역센트럴푸르지오,41463,928100000,-0.0593,1.1136,0.9614,1.3403,"{""bear"": 0.1057, ""base"": 0.1368, ""bull"": 0.1988}",4.0,2.0,"전세가율×금리 조건부(지금 전세가율 0.53·금리 2.5, 유사 진입연도 ['201103', '201106', '201109', '201112', '201203', '201206'])",7.7,E-boost3|depth2|r150|relative,SCENARIO_WALKFORWARD_v0.8
9222,59,김포 사우 아이파크,41570,503600000,-0.0907,1.0792,0.9318,1.299,"{""bear"": 0.1057, ""base"": 0.1368, ""bull"": 0.1988}",6.0,1.0,"전세가율×금리 조건부(지금 전세가율 0.53·금리 2.5, 유사 진입연도 ['201103', '201106', '201109', '201112', '201203', '201206'])",10.46,E-boost3|depth2|r150|relative,SCENARIO_WALKFORWARD_v0.8
9222,74,김포 사우 아이파크,41570,554000000,-0.0961,1.0733,0.9267,1.2919,"{""bear"": 0.1057, ""base"": 0.1368, ""bull"": 0.1988}",6.0,1.0,"전세가율×금리 조건부(지금 전세가율 0.53·금리 2.5, 유사 진입연도 ['201103', '201106', '201109', '201112', '201203', '201206'])",10.46,E-boost3|depth2|r150|relative,SCENARIO_WALKFORWARD_v0.8
9222,84,김포 사우 아이파크,41570,617000000,-0.114,1.0544,0.9103,1.2691,"{""bear"": 0.1057, ""base"": 0.1368, ""bull"": 0.1988}",6.0,1.0,"전세가율×금리 조건부(지금 전세가율 0.53·금리 2.5, 유사 진입연도 ['201103', '201106', '201109', '201112', '201203', '201206'])",10.46,E-boost3|depth2|r150|relative,SCENARIO_WALKFORWARD_v0.8
9176,59,김포한강신도시반도유보라2차,41570,448800000,-0.0808,1.0899,0.941,1.3119,"{""bear"": 0.1057, ""base"": 0.1368, ""bull"": 0.1988}",5.0,1.0,"전세가율×금리 조건부(지금 전세가율 0.53·금리 2.5, 유사 진입연도 ['201103', '201106', '201109', '201112', '201203', '201206'])",16.02,E-boost3|depth2|r150|relative,SCENARIO_WALKFORWARD_v0.8
9271,74,김포한강아이파크,41570,380900000,-0.1036,1.0654,0.9198,1.2823,"{""bear"": 0.1057, ""base"": 0.1368, ""bull"": 0.1988}",6.0,-2.0,"전세가율×금리 조건부(지금 전세가율 0.53·금리 2.5, 유사 진입연도 ['201103', '201106', '201109', '201112', '201203', '201206'])",19.3,E-boost3|depth2|r150|relative,SCENARIO_WALKFORWARD_v0.8
9271,84,김포한강아이파크,41570,417200000,-0.0985,1.0708,0.9245,1.2888,"{""bear"": 0.1057, ""base"": 0.1368, ""bull"": 0.1988}",6.0,-2.0,"전세가율×금리 조건부(지금 전세가율 0.53·금리 2.5, 유사 진입연도 ['201103', '201106', '201109', '201112', '201203', '201206'])",19.3,E-boost3|depth2|r150|relative,SCENARIO_WALKFORWARD_v0.8
5270,59,까치마을4단지롯데선경,41135,1332100000,0.1184,1.3302,1.1485,1.6011,"{""bear"": 0.1057, ""base"": 0.1368, ""bull"": 0.1988}",2.0,4.0,"전세가율×금리 조건부(지금 전세가율 0.53·금리 2.5, 유사 진입연도 ['201103', '201106', '201109', '201112', '201203', '201206'])",0.49,E-boost3|depth2|r150|relative,SCENARIO_WALKFORWARD_v0.8
5270,74,까치마을4단지롯데선경,41135,1675000000,0.1178,1.3294,1.1478,1.6001,"{""bear"": 0.1057, ""base"": 0.1368, ""bull"": 0.1988}",2.0,4.0,"전세가율×금리 조건부(지금 전세가율 0.53·금리 2.5, 유사 진입연도 ['201103', '201106', '201109', '201112', '201203', '201206'])",0.49,E-boost3|depth2|r150|relative,SCENARIO_WALKFORWARD_v0.8
5270,84,까치마을4단지롯데선경,41135,1856500000,0.1211,1.3338,1.1515,1.6054,"{""bear"": 0.1057, ""base"": 0.1368, ""bull"": 0.1988}",2.0,4.0,"전세가율×금리 조건부(지금 전세가율 0.53·금리 2.5, 유사 진입연도 ['201103', '201106', '201109', '201112', '201203', '201206'])",0.49,E-boost3|depth2|r150|relative,SCENARIO_WALKFORWARD_v0.8
8088,84,꿈동산 신안아파트,41450,818700000,-0.0623,1.1103,0.9586,1.3364,"{""bear"": 0.1057, ""base"": 0.1368, ""bull"": 0.1988}",4.0,,"전세가율×금리 조건부(지금 전세가율 0.53·금리 2.5, 유사 진입연도 ['201103', '201106', '201109', '201112', '201203', '201206'])",5.08,E-boost3|depth2|r150|relative,SCENARIO_WALKFORWARD_v0.8
1958,59,꿈의숲 해링턴 플레이스 아파트,11305,888500000,0.0306,1.2184,1.0519,1.4665,"{""bear"": 0.1057, ""base"": 0.1368, ""bull"": 0.1988}",4.0,0.0,"전세가율×금리 조건부(지금 전세가율 0.53·금리 2.5, 유사 진입연도 ['201103', '201106', '201109', '201112', '201203', '201206'])",1.73,E-boost3|depth2|r150|relative,SCENARIO_WALKFORWARD_v0.8
1958,84,꿈의숲 해링턴 플레이스 아파트,11305,1003500000,0.0334,1.2217,1.0548,1.4705,"{""bear"": 0.1057, ""base"": 0.1368, ""bull"": 0.1988}",4.0,0.0,"전세가율×금리 조건부(지금 전세가율 0.53·금리 2.5, 유사 진입연도 ['201103', '201106', '201109', '201112', '201203', '201206'])",1.73,E-boost3|depth2|r150|relative,SCENARIO_WALKFORWARD_v0.8
1933,59,꿈의숲아이파크아파트,11290,1250000000,0.0009,1.1827,1.0211,1.4235,"{""bear"": 0.1057, ""base"": 0.1368, ""bull"": 0.1988}",3.0,1.0,"전세가율×금리 조건부(지금 전세가율 0.53·금리 2.5, 유사 진입연도 ['201103', '201106', '201109', '201112', '201203', '201206'])",2.87,E-boost3|depth2|r150|relative,SCENARIO_WALKFORWARD_v0.8
1933,84,꿈의숲아이파크아파트,11290,1441500000,0.006,1.1888,1.0263,1.4308,"{""bear"": 0.1057, ""base"": 0.1368, ""bull"": 0.1988}",3.0,1.0,"전세가율×금리 조건부(지금 전세가율 0.53·금리 2.5, 유사 진입연도 ['201103', '201106', '201109', '201112', '201203', '201206'])",2.87,E-boost3|depth2|r150|relative,SCENARIO_WALKFORWARD_v0.8
2612,59,남가좌동현대아파트,11410,903700000,0.1042,1.3114,1.1322,1.5784,"{""bear"": 0.1057, ""base"": 0.1368, ""bull"": 0.1988}",2.0,1.0,"전세가율×금리 조건부(지금 전세가율 0.53·금리 2.5, 유사 진입연도 ['201103', '201106', '201109', '201112', '201203', '201206'])",0.3,E-boost3|depth2|r150|relative,SCENARIO_WALKFORWARD_v0.8
2612,74,남가좌동현대아파트,11410,931875000,0.0955,1.3001,1.1224,1.5648,"{""bear"": 0.1057, ""base"": 0.1368, ""bull"": 0.1988}",2.0,1.0,"전세가율×금리 조건부(지금 전세가율 0.53·금리 2.5, 유사 진입연도 ['201103', '201106', '201109', '201112', '201203', '201206'])",0.3,E-boost3|depth2|r150|relative,SCENARIO_WALKFORWARD_v0.8
2612,84,남가좌동현대아파트,11410,1099400000,0.0945,1.2987,1.1213,1.5632,"{""bear"": 0.1057, ""base"": 0.1368, ""bull"": 0.1988}",2.0,1.0,"전세가율×금리 조건부(지금 전세가율 0.53·금리 2.5, 유사 진입연도 ['201103', '201106', '201109', '201112', '201203', '201206'])",0.3,E-boost3|depth2|r150|relative,SCENARIO_WALKFORWARD_v0.8
3346,59,남서울힐스테이트,11545,820000000,0.0357,1.2246,1.0572,1.4739,"{""bear"": 0.1057, ""base"": 0.1368, ""bull"": 0.1988}",5.0,,"전세가율×금리 조건부(지금 전세가율 0.53·금리 2.5, 유사 진입연도 ['201103', '201106', '201109', '201112', '201203', '201206'])",3.65,E-boost3|depth2|r150|relative,SCENARIO_WALKFORWARD_v0.8
3346,84,남서울힐스테이트,11545,939500000,0.0377,1.2271,1.0594,1.4769,"{""bear"": 0.1057, ""base"": 0.1368, ""bull"": 0.1988}",5.0,,"전세가율×금리 조건부(지금 전세가율 0.53·금리 2.5, 유사 진입연도 ['201103', '201106', '201109', '201112', '201203', '201206'])",3.65,E-boost3|depth2|r150|relative,SCENARIO_WALKFORWARD_v0.8
7429,59,남양주두산위브트레지움아파트,41360,329900000,-0.1776,0.9894,0.8542,1.1909,"{""bear"": 0.1057, ""base"": 0.1368, ""bull"": 0.1988}",6.0,-1.0,"전세가율×금리 조건부(지금 전세가율 0.53·금리 2.5, 유사 진입연도 ['201103', '201106', '201109', '201112', '201203', '201206'])",17.53,E-boost3|depth2|r150|relative,SCENARIO_WALKFORWARD_v0.8
7429,74,남양주두산위브트레지움아파트,41360,380800000,-0.1528,1.0142,0.8756,1.2207,"{""bear"": 0.1057, ""base"": 0.1368, ""bull"": 0.1988}",6.0,-1.0,"전세가율×금리 조건부(지금 전세가율 0.53·금리 2.5, 유사 진입연도 ['201103', '201106', '201109', '201112', '201203', '201206'])",17.53,E-boost3|depth2|r150|relative,SCENARIO_WALKFORWARD_v0.8
7429,84,남양주두산위브트레지움아파트,41360,424900000,-0.13,1.0376,0.8958,1.2489,"{""bear"": 0.1057, ""base"": 0.1368, ""bull"": 0.1988}",6.0,-1.0,"전세가율×금리 조건부(지금 전세가율 0.53·금리 2.5, 유사 진입연도 ['201103', '201106', '201109', '201112', '201203', '201206'])",17.53,E-boost3|depth2|r150|relative,SCENARIO_WALKFORWARD_v0.8
6571,74,네오빌6단지,41273,516000000,-0.0815,1.0892,0.9404,1.311,"{""bear"": 0.1057, ""base"": 0.1368, ""bull"": 0.1988}",4.0,-1.0,"전세가율×금리 조건부(지금 전세가율 0.53·금리 2.5, 유사 진입연도 ['201103', '201106', '201109', '201112', '201203', '201206'])",12.5,E-boost3|depth2|r150|relative,SCENARIO_WALKFORWARD_v0.8
6571,84,네오빌6단지,41273,525400000,-0.0745,1.0968,0.947,1.3202,"{""bear"": 0.1057, ""base"": 0.1368, ""bull"": 0.1988}",4.0,-1.0,"전세가율×금리 조건부(지금 전세가율 0.53·금리 2.5, 유사 진입연도 ['201103', '201106', '201109', '201112', '201203', '201206'])",12.5,E-boost3|depth2|r150|relative,SCENARIO_WALKFORWARD_v0.8
7687,59,네이처포레 아파트,41390,450000000,-0.0315,1.145,0.9885,1.3782,"{""bear"": 0.1057, ""base"": 0.1368, ""bull"": 0.1988}",5.0,2.0,"전세가율×금리 조건부(지금 전세가율 0.53·금리 2.5, 유사 진입연도 ['201103', '201106', '201109', '201112', '201203', '201206'])",7.28,E-boost3|depth2|r150|relative,SCENARIO_WALKFORWARD_v0.8
7687,74,네이처포레 아파트,41390,506800000,-0.0239,1.1537,0.9961,1.3886,"{""bear"": 0.1057, ""base"": 0.1368, ""bull"": 0.1988}",5.0,2.0,"전세가율×금리 조건부(지금 전세가율 0.53·금리 2.5, 유사 진입연도 ['201103', '201106', '201109', '201112', '201203', '201206'])",7.28,E-boost3|depth2|r150|relative,SCENARIO_WALKFORWARD_v0.8
7687,84,네이처포레 아파트,41390,533000000,-0.0198,1.1584,1.0001,1.3943,"{""bear"": 0.1057, ""base"": 0.1368, ""bull"": 0.1988}",5.0,2.0,"전세가율×금리 조건부(지금 전세가율 0.53·금리 2.5, 유사 진입연도 ['201103', '201106', '201109', '201112', '201203', '201206'])",7.28,E-boost3|depth2|r150|relative,SCENARIO_WALKFORWARD_v0.8
2423,59,녹번역e편한세상캐슬,11380,1279200000,0.099,1.3047,1.1264,1.5703,"{""bear"": 0.1057, ""base"": 0.1368, ""bull"": 0.1988}",3.0,1.0,"전세가율×금리 조건부(지금 전세가율 0.53·금리 2.5, 유사 진입연도 ['201103', '201106', '201109', '201112', '201203', '201206'])",3.11,E-boost3|depth2|r150|relative,SCENARIO_WALKFORWARD_v0.8
2423,84,녹번역e편한세상캐슬,11380,1475000000,0.0937,1.2977,1.1204,1.562,"{""bear"": 0.1057, ""base"": 0.1368, ""bull"": 0.1988}",3.0,1.0,"전세가율×금리 조건부(지금 전세가율 0.53·금리 2.5, 유사 진입연도 ['201103', '201106', '201109', '201112', '201203', '201206'])",3.11,E-boost3|depth2|r150|relative,SCENARIO_WALKFORWARD_v0.8
5538,59,녹양힐스테이트,41150,279500000,-0.1643,1.0026,0.8656,1.2068,"{""bear"": 0.1057, ""base"": 0.1368, ""bull"": 0.1988}",7.0,,"전세가율×금리 조건부(지금 전세가율 0.53·금리 2.5, 유사 진입연도 ['201103', '201106', '201109', '201112', '201203', '201206'])",16.49,E-boost3|depth2|r150|relative,SCENARIO_WALKFORWARD_v0.8
5538,74,녹양힐스테이트,41150,338000000,-0.1767,0.9903,0.855,1.1919,"{""bear"": 0.1057, ""base"": 0.1368, ""bull"": 0.1988}",7.0,,"전세가율×금리 조건부(지금 전세가율 0.53·금리 2.5, 유사 진입연도 ['201103', '201106', '201109', '201112', '201203', '201206'])",16.49,E-boost3|depth2|r150|relative,SCENARIO_WALKFORWARD_v0.8
5538,84,녹양힐스테이트,41150,350000000,-0.1577,1.0092,0.8713,1.2148,"{""bear"": 0.1057, ""base"": 0.1368, ""bull"": 0.1988}",7.0,,"전세가율×금리 조건부(지금 전세가율 0.53·금리 2.5, 유사 진입연도 ['201103', '201106', '201109', '201112', '201203', '201206'])",16.49,E-boost3|depth2|r150|relative,SCENARIO_WALKFORWARD_v0.8
7325,59,다산 e편한세상자이아파트,41360,849600000,-0.0207,1.1575,0.9993,1.3932,"{""bear"": 0.1057, ""base"": 0.1368, ""bull"": 0.1988}",4.0,1.0,"전세가율×금리 조건부(지금 전세가율 0.53·금리 2.5, 유사 진입연도 ['201103', '201106', '201109', '201112', '201203', '201206'])",6.84,E-boost3|depth2|r150|relative,SCENARIO_WALKFORWARD_v0.8
7325,74,다산 e편한세상자이아파트,41360,900400000,-0.0198,1.1585,1.0002,1.3944,"{""bear"": 0.1057, ""base"": 0.1368, ""bull"": 0.1988}",4.0,1.0,"전세가율×금리 조건부(지금 전세가율 0.53·금리 2.5, 유사 진입연도 ['201103', '201106', '201109', '201112', '201203', '201206'])",6.84,E-boost3|depth2|r150|relative,SCENARIO_WALKFORWARD_v0.8
7325,84,다산 e편한세상자이아파트,41360,984100000,-0.016,1.1629,1.004,1.3997,"{""bear"": 0.1057, ""base"": 0.1368, ""bull"": 0.1988}",4.0,1.0,"전세가율×금리 조건부(지금 전세가율 0.53·금리 2.5, 유사 진입연도 ['201103', '201106', '201109', '201112', '201203', '201206'])",6.84,E-boost3|depth2|r150|relative,SCENARIO_WALKFORWARD_v0.8
7331,74,다산 롯데캐슬아파트,41360,896200000,-0.0169,1.1619,1.0031,1.3985,"{""bear"": 0.1057, ""base"": 0.1368, ""bull"": 0.1988}",4.0,1.0,"전세가율×금리 조건부(지금 전세가율 0.53·금리 2.5, 유사 진입연도 ['201103', '201106', '201109', '201112', '201203', '201206'])",7.54,E-boost3|depth2|r150|relative,SCENARIO_WALKFORWARD_v0.8
7331,84,다산 롯데캐슬아파트,41360,965800000,-0.0137,1.1656,1.0063,1.4029,"{""bear"": 0.1057, ""base"": 0.1368, ""bull"": 0.1988}",4.0,1.0,"전세가율×금리 조건부(지금 전세가율 0.53·금리 2.5, 유사 진입연도 ['201103', '201106', '201109', '201112', '201203', '201206'])",7.54,E-boost3|depth2|r150|relative,SCENARIO_WALKFORWARD_v0.8
7313,84,다산 신안인스빌퍼스트포레,41360,870500000,-0.0428,1.1321,0.9774,1.3626,"{""bear"": 0.1057, ""base"": 0.1368, ""bull"": 0.1988}",4.0,1.0,"전세가율×금리 조건부(지금 전세가율 0.53·금리 2.5, 유사 진입연도 ['201103', '201106', '201109', '201112', '201203', '201206'])",5.11,E-boost3|depth2|r150|relative,SCENARIO_WALKFORWARD_v0.8
7307,59,다산 푸르지오,41360,726300000,-0.0349,1.1412,0.9852,1.3735,"{""bear"": 0.1057, ""base"": 0.1368, ""bull"": 0.1988}",4.0,1.0,"전세가율×금리 조건부(지금 전세가율 0.53·금리 2.5, 유사 진입연도 ['201103', '201106', '201109', '201112', '201203', '201206'])",6.3,E-boost3|depth2|r150|relative,SCENARIO_WALKFORWARD_v0.8
7327,84,다산반도유보라메이플타운,41360,881300000,-0.041,1.1342,0.9793,1.3652,"{""bear"": 0.1057, ""base"": 0.1368, ""bull"": 0.1988}",4.0,1.0,"전세가율×금리 조건부(지금 전세가율 0.53·금리 2.5, 유사 진입연도 ['201103', '201106', '201109', '201112', '201203', '201206'])",7.98,E-boost3|depth2|r150|relative,SCENARIO_WALKFORWARD_v0.8
7315,59,다산자연&e편한세상 3차아파트,41360,787500000,-0.0308,1.1458,0.9892,1.3791,"{""bear"": 0.1057, ""base"": 0.1368, ""bull"": 0.1988}",4.0,1.0,"전세가율×금리 조건부(지금 전세가율 0.53·금리 2.5, 유사 진입연도 ['201103', '201106', '201109', '201112', '201203', '201206'])",6.81,E-boost3|depth2|r150|relative,SCENARIO_WALKFORWARD_v0.8
1589,59,답십리청솔우성,11230,961000000,0.0282,1.2154,1.0494,1.4629,"{""bear"": 0.1057, ""base"": 0.1368, ""bull"": 0.1988}",3.0,1.0,"전세가율×금리 조건부(지금 전세가율 0.53·금리 2.5, 유사 진입연도 ['201103', '201106', '201109', '201112', '201203', '201206'])",1.93,E-boost3|depth2|r150|relative,SCENARIO_WALKFORWARD_v0.8
1589,84,답십리청솔우성,11230,1046500000,0.0235,1.2097,1.0444,1.456,"{""bear"": 0.1057, ""base"": 0.1368, ""bull"": 0.1988}",3.0,1.0,"전세가율×금리 조건부(지금 전세가율 0.53·금리 2.5, 유사 진입연도 ['201103', '201106', '201109', '201112', '201203', '201206'])",1.93,E-boost3|depth2|r150|relative,SCENARIO_WALKFORWARD_v0.8
9247,59,당곡월드메르디앙,41570,266200000,-0.0099,1.1701,1.0102,1.4083,"{""bear"": 0.1057, ""base"": 0.1368, ""bull"": 0.1988}",6.0,0.0,"전세가율×금리 조건부(지금 전세가율 0.53·금리 2.5, 유사 진입연도 ['201103', '201106', '201109', '201112', '201203', '201206'])",10.07,E-boost3|depth2|r150|relative,SCENARIO_WALKFORWARD_v0.8
9247,74,당곡월드메르디앙,41570,332800000,-0.0209,1.1572,0.9991,1.3929,"{""bear"": 0.1057, ""base"": 0.1368, ""bull"": 0.1988}",6.0,0.0,"전세가율×금리 조건부(지금 전세가율 0.53·금리 2.5, 유사 진입연도 ['201103', '201106', '201109', '201112', '201203', '201206'])",10.07,E-boost3|depth2|r150|relative,SCENARIO_WALKFORWARD_v0.8
9247,84,당곡월드메르디앙,41570,297600000,-0.0054,1.1753,1.0147,1.4146,"{""bear"": 0.1057, ""base"": 0.1368, ""bull"": 0.1988}",6.0,0.0,"전세가율×금리 조건부(지금 전세가율 0.53·금리 2.5, 유사 진입연도 ['201103', '201106', '201109', '201112', '201203', '201206'])",10.07,E-boost3|depth2|r150|relative,SCENARIO_WALKFORWARD_v0.8
7913,59,당동용호마을e편한세상,41410,485000000,-0.0763,1.0949,0.9453,1.3178,"{""bear"": 0.1057, ""base"": 0.1368, ""bull"": 0.1988}",5.0,,"전세가율×금리 조건부(지금 전세가율 0.53·금리 2.5, 유사 진입연도 ['201103', '201106', '201109', '201112', '201203', '201206'])",8.72,E-boost3|depth2|r150|relative,SCENARIO_WALKFORWARD_v0.8
7913,84,당동용호마을e편한세상,41410,583800000,-0.0661,1.1061,0.955,1.3313,"{""bear"": 0.1057, ""base"": 0.1368, ""bull"": 0.1988}",5.0,,"전세가율×금리 조건부(지금 전세가율 0.53·금리 2.5, 유사 진입연도 ['201103', '201106', '201109', '201112', '201203', '201206'])",8.72,E-boost3|depth2|r150|relative,SCENARIO_WALKFORWARD_v0.8
3422,84,당산삼성래미안,11560,2006000000,0.0712,1.2688,1.0954,1.5272,"{""bear"": 0.1057, ""base"": 0.1368, ""bull"": 0.1988}",2.0,,"전세가율×금리 조건부(지금 전세가율 0.53·금리 2.5, 유사 진입연도 ['201103', '201106', '201109', '201112', '201203', '201206'])",0.15,E-boost3|depth2|r150|relative,SCENARIO_WALKFORWARD_v0.8
3526,59,대림현대3차,11560,1130400000,0.0596,1.2542,1.0828,1.5096,"{""bear"": 0.1057, ""base"": 0.1368, ""bull"": 0.1988}",3.0,,"전세가율×금리 조건부(지금 전세가율 0.53·금리 2.5, 유사 진입연도 ['201103', '201106', '201109', '201112', '201203', '201206'])",2.13,E-boost3|depth2|r150|relative,SCENARIO_WALKFORWARD_v0.8
3526,84,대림현대3차,11560,1258200000,0.0561,1.2498,1.079,1.5043,"{""bear"": 0.1057, ""base"": 0.1368, ""bull"": 0.1988}",3.0,,"전세가율×금리 조건부(지금 전세가율 0.53·금리 2.5, 유사 진입연도 ['201103', '201106', '201109', '201112', '201203', '201206'])",2.13,E-boost3|depth2|r150|relative,SCENARIO_WALKFORWARD_v0.8
3648,59,대방대림,11590,1468500000,0.0917,1.2952,1.1182,1.5589,"{""bear"": 0.1057, ""base"": 0.1368, ""bull"": 0.1988}",3.0,,"전세가율×금리 조건부(지금 전세가율 0.53·금리 2.5, 유사 진입연도 ['201103', '201106', '201109', '201112', '201203', '201206'])",1.68,E-boost3|depth2|r150|relative,SCENARIO_WALKFORWARD_v0.8
3648,84,대방대림,11590,1754000000,0.108,1.3165,1.1366,1.5845,"{""bear"": 0.1057, ""base"": 0.1368, ""bull"": 0.1988}",3.0,,"전세가율×금리 조건부(지금 전세가율 0.53·금리 2.5, 유사 진입연도 ['201103', '201106', '201109', '201112', '201203', '201206'])",1.68,E-boost3|depth2|r150|relative,SCENARIO_WALKFORWARD_v0.8
2044,84,대상타운현대,11320,836900000,0.0622,1.2575,1.0857,1.5135,"{""bear"": 0.1057, ""base"": 0.1368, ""bull"": 0.1988}",5.0,-1.0,"전세가율×금리 조건부(지금 전세가율 0.53·금리 2.5, 유사 진입연도 ['201103', '201106', '201109', '201112', '201203', '201206'])",6.69,E-boost3|depth2|r150|relative,SCENARIO_WALKFORWARD_v0.8
4770,59,대한대우,41115,530500000,0.0656,1.2617,1.0893,1.5187,"{""bear"": 0.1057, ""base"": 0.1368, ""bull"": 0.1988}",4.0,,"전세가율×금리 조건부(지금 전세가율 0.53·금리 2.5, 유사 진입연도 ['201103', '201106', '201109', '201112', '201203', '201206'])",13.32,E-boost3|depth2|r150|relative,SCENARIO_WALKFORWARD_v0.8
4770,84,대한대우,41115,622900000,0.0709,1.2685,1.0952,1.5268,"{""bear"": 0.1057, ""base"": 0.1368, ""bull"": 0.1988}",4.0,,"전세가율×금리 조건부(지금 전세가율 0.53·금리 2.5, 유사 진입연도 ['201103', '201106', '201109', '201112', '201203', '201206'])",13.32,E-boost3|depth2|r150|relative,SCENARIO_WALKFORWARD_v0.8
6279,59,더샵 지제역 센트럴파크 2BL,41220,379400000,-0.0915,1.0783,0.931,1.2979,"{""bear"": 0.1057, ""base"": 0.1368, ""bull"": 0.1988}",6.0,-1.0,"전세가율×금리 조건부(지금 전세가율 0.53·금리 2.5, 유사 진입연도 ['201103', '201106', '201109', '201112', '201203', '201206'])",36.26,E-boost3|depth2|r150|relative,SCENARIO_WALKFORWARD_v0.8
6279,74,더샵 지제역 센트럴파크 2BL,41220,458600000,-0.1011,1.0681,0.9221,1.2855,"{""bear"": 0.1057, ""base"": 0.1368, ""bull"": 0.1988}",6.0,-1.0,"전세가율×금리 조건부(지금 전세가율 0.53·금리 2.5, 유사 진입연도 ['201103', '201106', '201109', '201112', '201203', '201206'])",36.26,E-boost3|depth2|r150|relative,SCENARIO_WALKFORWARD_v0.8
6279,84,더샵 지제역 센트럴파크 2BL,41220,521700000,-0.0987,1.0706,0.9243,1.2886,"{""bear"": 0.1057, ""base"": 0.1368, ""bull"": 0.1988}",6.0,-1.0,"전세가율×금리 조건부(지금 전세가율 0.53·금리 2.5, 유사 진입연도 ['201103', '201106', '201109', '201112', '201203', '201206'])",36.26,E-boost3|depth2|r150|relative,SCENARIO_WALKFORWARD_v0.8
7397,59,더샵남양주퍼스트시티아파트,41360,371700000,-0.1534,1.0136,0.8751,1.22,"{""bear"": 0.1057, ""base"": 0.1368, ""bull"": 0.1988}",6.0,-2.0,"전세가율×금리 조건부(지금 전세가율 0.53·금리 2.5, 유사 진입연도 ['201103', '201106', '201109', '201112', '201203', '201206'])",20.03,E-boost3|depth2|r150|relative,SCENARIO_WALKFORWARD_v0.8
7397,74,더샵남양주퍼스트시티아파트,41360,420900000,-0.1588,1.0081,0.8704,1.2134,"{""bear"": 0.1057, ""base"": 0.1368, ""bull"": 0.1988}",6.0,-2.0,"전세가율×금리 조건부(지금 전세가율 0.53·금리 2.5, 유사 진입연도 ['201103', '201106', '201109', '201112', '201203', '201206'])",20.03,E-boost3|depth2|r150|relative,SCENARIO_WALKFORWARD_v0.8
7397,84,더샵남양주퍼스트시티아파트,41360,464800000,-0.1545,1.0125,0.8741,1.2187,"{""bear"": 0.1057, ""base"": 0.1368, ""bull"": 0.1988}",6.0,-2.0,"전세가율×금리 조건부(지금 전세가율 0.53·금리 2.5, 유사 진입연도 ['201103', '201106', '201109', '201112', '201203', '201206'])",20.03,E-boost3|depth2|r150|relative,SCENARIO_WALKFORWARD_v0.8
9836,59,더샵오포센트럴포레 아파트,41610,540000000,-0.0814,1.0893,0.9405,1.3111,"{""bear"": 0.1057, ""base"": 0.1368, ""bull"": 0.1988}",4.0,,"전세가율×금리 조건부(지금 전세가율 0.53·금리 2.5, 유사 진입연도 ['201103', '201106', '201109', '201112', '201203', '201206'])",8.11,E-boost3|depth2|r150|relative,SCENARIO_WALKFORWARD_v0.8
9836,74,더샵오포센트럴포레 아파트,41610,611600000,-0.0702,1.1016,0.951,1.3259,"{""bear"": 0.1057, ""base"": 0.1368, ""bull"": 0.1988}",4.0,,"전세가율×금리 조건부(지금 전세가율 0.53·금리 2.5, 유사 진입연도 ['201103', '201106', '201109', '201112', '201203', '201206'])",8.11,E-boost3|depth2|r150|relative,SCENARIO_WALKFORWARD_v0.8
9836,84,더샵오포센트럴포레 아파트,41610,702850000,-0.0803,1.0905,0.9415,1.3126,"{""bear"": 0.1057, ""base"": 0.1368, ""bull"": 0.1988}",4.0,,"전세가율×금리 조건부(지금 전세가율 0.53·금리 2.5, 유사 진입연도 ['201103', '201106', '201109', '201112', '201203', '201206'])",8.11,E-boost3|depth2|r150|relative,SCENARIO_WALKFORWARD_v0.8
9835,59,더샵오포센트리체,41610,557900000,-0.0811,1.0896,0.9407,1.3114,"{""bear"": 0.1057, ""base"": 0.1368, ""bull"": 0.1988}",4.0,,"전세가율×금리 조건부(지금 전세가율 0.53·금리 2.5, 유사 진입연도 ['201103', '201106', '201109', '201112', '201203', '201206'])",8.22,E-boost3|depth2|r150|relative,SCENARIO_WALKFORWARD_v0.8
9835,74,더샵오포센트리체,41610,632000000,-0.0688,1.1031,0.9524,1.3277,"{""bear"": 0.1057, ""base"": 0.1368, ""bull"": 0.1988}",4.0,,"전세가율×금리 조건부(지금 전세가율 0.53·금리 2.5, 유사 진입연도 ['201103', '201106', '201109', '201112', '201203', '201206'])",8.22,E-boost3|depth2|r150|relative,SCENARIO_WALKFORWARD_v0.8
9835,84,더샵오포센트리체,41610,691000000,-0.0669,1.1052,0.9542,1.3303,"{""bear"": 0.1057, ""base"": 0.1368, ""bull"": 0.1988}",4.0,,"전세가율×금리 조건부(지금 전세가율 0.53·금리 2.5, 유사 진입연도 ['201103', '201106', '201109', '201112', '201203', '201206'])",8.22,E-boost3|depth2|r150|relative,SCENARIO_WALKFORWARD_v0.8
6278,59,더샵지제역센트럴파크1BL아파트,41220,368100000,-0.0979,1.0714,0.925,1.2896,"{""bear"": 0.1057, ""base"": 0.1368, ""bull"": 0.1988}",6.0,-1.0,"전세가율×금리 조건부(지금 전세가율 0.53·금리 2.5, 유사 진입연도 ['201103', '201106', '201109', '201112', '201203', '201206'])",35.81,E-boost3|depth2|r150|relative,SCENARIO_WALKFORWARD_v0.8
6278,74,더샵지제역센트럴파크1BL아파트,41220,434300000,-0.0965,1.0729,0.9263,1.2914,"{""bear"": 0.1057, ""base"": 0.1368, ""bull"": 0.1988}",6.0,-1.0,"전세가율×금리 조건부(지금 전세가율 0.53·금리 2.5, 유사 진입연도 ['201103', '201106', '201109', '201112', '201203', '201206'])",35.81,E-boost3|depth2|r150|relative,SCENARIO_WALKFORWARD_v0.8
6278,84,더샵지제역센트럴파크1BL아파트,41220,497900000,-0.1009,1.0683,0.9223,1.2858,"{""bear"": 0.1057, ""base"": 0.1368, ""bull"": 0.1988}",6.0,-1.0,"전세가율×금리 조건부(지금 전세가율 0.53·금리 2.5, 유사 진입연도 ['201103', '201106', '201109', '201112', '201203', '201206'])",35.81,E-boost3|depth2|r150|relative,SCENARIO_WALKFORWARD_v0.8
6280,59,더샵지제역센트럴파크3BL,41220,329000000,-0.0879,1.0822,0.9343,1.3026,"{""bear"": 0.1057, ""base"": 0.1368, ""bull"": 0.1988}",6.0,-1.0,"전세가율×금리 조건부(지금 전세가율 0.53·금리 2.5, 유사 진입연도 ['201103', '201106', '201109', '201112', '201203', '201206'])",35.79,E-boost3|depth2|r150|relative,SCENARIO_WALKFORWARD_v0.8
6280,74,더샵지제역센트럴파크3BL,41220,373000000,-0.0799,1.091,0.9419,1.3131,"{""bear"": 0.1057, ""base"": 0.1368, ""bull"": 0.1988}",6.0,-1.0,"전세가율×금리 조건부(지금 전세가율 0.53·금리 2.5, 유사 진입연도 ['201103', '201106', '201109', '201112', '201203', '201206'])",35.79,E-boost3|depth2|r150|relative,SCENARIO_WALKFORWARD_v0.8
6280,84,더샵지제역센트럴파크3BL,41220,419900000,-0.0841,1.0863,0.9379,1.3075,"{""bear"": 0.1057, ""base"": 0.1368, ""bull"": 0.1988}",6.0,-1.0,"전세가율×금리 조건부(지금 전세가율 0.53·금리 2.5, 유사 진입연도 ['201103', '201106', '201109', '201112', '201203', '201206'])",35.79,E-boost3|depth2|r150|relative,SCENARIO_WALKFORWARD_v0.8
5660,59,더포레스트힐아파트,41173,490300000,0.088,1.2903,1.114,1.5531,"{""bear"": 0.1057, ""base"": 0.1368, ""bull"": 0.1988}",4.0,0.0,"전세가율×금리 조건부(지금 전세가율 0.53·금리 2.5, 유사 진입연도 ['201103', '201106', '201109', '201112', '201203', '201206'])",4.46,E-boost3|depth2|r150|relative,SCENARIO_WALKFORWARD_v0.8
5660,84,더포레스트힐아파트,41173,578500000,0.0768,1.276,1.1017,1.5359,"{""bear"": 0.1057, ""base"": 0.1368, ""bull"": 0.1988}",4.0,0.0,"전세가율×금리 조건부(지금 전세가율 0.53·금리 2.5, 유사 진입연도 ['201103', '201106', '201109', '201112', '201203', '201206'])",4.46,E-boost3|depth2|r150|relative,SCENARIO_WALKFORWARD_v0.8
7368,84,덕소동부센트레빌,41360,588500000,-0.0351,1.1409,0.985,1.3733,"{""bear"": 0.1057, ""base"": 0.1368, ""bull"": 0.1988}",5.0,-2.0,"전세가율×금리 조건부(지금 전세가율 0.53·금리 2.5, 유사 진입연도 ['201103', '201106', '201109', '201112', '201203', '201206'])",6.29,E-boost3|depth2|r150|relative,SCENARIO_WALKFORWARD_v0.8
7378,84,덕소두산위브,41360,599100000,-0.0454,1.1292,0.9749,1.3591,"{""bear"": 0.1057, ""base"": 0.1368, ""bull"": 0.1988}",5.0,-2.0,"전세가율×금리 조건부(지금 전세가율 0.53·금리 2.5, 유사 진입연도 ['201103', '201106', '201109', '201112', '201203', '201206'])",5.07,E-boost3|depth2|r150|relative,SCENARIO_WALKFORWARD_v0.8
7369,84,덕소아이파크,41360,640000000,-0.0335,1.1428,0.9866,1.3754,"{""bear"": 0.1057, ""base"": 0.1368, ""bull"": 0.1988}",5.0,-2.0,"전세가율×금리 조건부(지금 전세가율 0.53·금리 2.5, 유사 진입연도 ['201103', '201106', '201109', '201112', '201203', '201206'])",5.96,E-boost3|depth2|r150|relative,SCENARIO_WALKFORWARD_v0.8
4190,59,도곡렉슬,11680,2792000000,0.1348,1.3522,1.1675,1.6276,"{""bear"": 0.1057, ""base"": 0.1368, ""bull"": 0.1988}",1.0,,"전세가율×금리 조건부(지금 전세가율 0.53·금리 2.5, 유사 진입연도 ['201103', '201106', '201109', '201112', '201203', '201206'])",0.85,E-boost3|depth2|r150|relative,SCENARIO_WALKFORWARD_v0.8
4190,84,도곡렉슬,11680,3582500000,0.1271,1.3418,1.1585,1.615,"{""bear"": 0.1057, ""base"": 0.1368, ""bull"": 0.1988}",1.0,,"전세가율×금리 조건부(지금 전세가율 0.53·금리 2.5, 유사 진입연도 ['201103', '201106', '201109', '201112', '201203', '201206'])",0.85,E-boost3|depth2|r150|relative,SCENARIO_WALKFORWARD_v0.8
6664,59,도래울 센트럴 더 힐 아파트,41281,579700000,-0.0373,1.1384,0.9829,1.3702,"{""bear"": 0.1057, ""base"": 0.1368, ""bull"": 0.1988}",4.0,1.0,"전세가율×금리 조건부(지금 전세가율 0.53·금리 2.5, 유사 진입연도 ['201103', '201106', '201109', '201112', '201203', '201206'])",5.93,E-boost3|depth2|r150|relative,SCENARIO_WALKFORWARD_v0.8
6664,74,도래울 센트럴 더 힐 아파트,41281,638800000,-0.0261,1.1512,0.9939,1.3856,"{""bear"": 0.1057, ""base"": 0.1368, ""bull"": 0.1988}",4.0,1.0,"전세가율×금리 조건부(지금 전세가율 0.53·금리 2.5, 유사 진입연도 ['201103', '201106', '201109', '201112', '201203', '201206'])",5.93,E-boost3|depth2|r150|relative,SCENARIO_WALKFORWARD_v0.8
6664,84,도래울 센트럴 더 힐 아파트,41281,672000000,-0.0267,1.1505,0.9933,1.3847,"{""bear"": 0.1057, ""base"": 0.1368, ""bull"": 0.1988}",4.0,1.0,"전세가율×금리 조건부(지금 전세가율 0.53·금리 2.5, 유사 진입연도 ['201103', '201106', '201109', '201112', '201203', '201206'])",5.93,E-boost3|depth2|r150|relative,SCENARIO_WALKFORWARD_v0.8
6661,74,도래울센트럴더포레,41281,623500000,-0.0179,1.1607,1.0021,1.3971,"{""bear"": 0.1057, ""base"": 0.1368, ""bull"": 0.1988}",4.0,1.0,"전세가율×금리 조건부(지금 전세가율 0.53·금리 2.5, 유사 진입연도 ['201103', '201106', '201109', '201112', '201203', '201206'])",6.13,E-boost3|depth2|r150|relative,SCENARIO_WALKFORWARD_v0.8
6661,84,도래울센트럴더포레,41281,672000000,0.0044,1.1869,1.0247,1.4285,"{""bear"": 0.1057, ""base"": 0.1368, ""bull"": 0.1988}",4.0,1.0,"전세가율×금리 조건부(지금 전세가율 0.53·금리 2.5, 유사 진입연도 ['201103', '201106', '201109', '201112', '201203', '201206'])",6.13,E-boost3|depth2|r150|relative,SCENARIO_WALKFORWARD_v0.8
6666,74,도래울파크뷰,41281,717100000,-0.0449,1.1298,0.9754,1.3599,"{""bear"": 0.1057, ""base"": 0.1368, ""bull"": 0.1988}",4.0,1.0,"전세가율×금리 조건부(지금 전세가율 0.53·금리 2.5, 유사 진입연도 ['201103', '201106', '201109', '201112', '201203', '201206'])",5.5,E-boost3|depth2|r150|relative,SCENARIO_WALKFORWARD_v0.8
6666,84,도래울파크뷰,41281,759500000,-0.0295,1.1474,0.9906,1.381,"{""bear"": 0.1057, ""base"": 0.1368, ""bull"": 0.1988}",4.0,1.0,"전세가율×금리 조건부(지금 전세가율 0.53·금리 2.5, 유사 진입연도 ['201103', '201106', '201109', '201112', '201203', '201206'])",5.5,E-boost3|depth2|r150|relative,SCENARIO_WALKFORWARD_v0.8
2118,74,도봉한신,11320,560000000,-0.0351,1.1409,0.985,1.3732,"{""bear"": 0.1057, ""base"": 0.1368, ""bull"": 0.1988}",5.0,,"전세가율×금리 조건부(지금 전세가율 0.53·금리 2.5, 유사 진입연도 ['201103', '201106', '201109', '201112', '201203', '201206'])",8.85,E-boost3|depth2|r150|relative,SCENARIO_WALKFORWARD_v0.8
2118,84,도봉한신,11320,602150000,0.0354,1.2242,1.057,1.4735,"{""bear"": 0.1057, ""base"": 0.1368, ""bull"": 0.1988}",5.0,,"전세가율×금리 조건부(지금 전세가율 0.53·금리 2.5, 유사 진입연도 ['201103', '201106', '201109', '201112', '201203', '201206'])",8.85,E-boost3|depth2|r150|relative,SCENARIO_WALKFORWARD_v0.8
1242,59,도원삼성래미안,11170,1617800000,0.1157,1.3266,1.1454,1.5968,"{""bear"": 0.1057, ""base"": 0.1368, ""bull"": 0.1988}",2.0,,"전세가율×금리 조건부(지금 전세가율 0.53·금리 2.5, 유사 진입연도 ['201103', '201106', '201109', '201112', '201203', '201206'])",0.02,E-boost3|depth2|r150|relative,SCENARIO_WALKFORWARD_v0.8
1242,84,도원삼성래미안,11170,1810000000,0.122,1.3349,1.1525,1.6068,"{""bear"": 0.1057, ""base"": 0.1368, ""bull"": 0.1988}",2.0,,"전세가율×금리 조건부(지금 전세가율 0.53·금리 2.5, 유사 진입연도 ['201103', '201106', '201109', '201112', '201203', '201206'])",0.02,E-boost3|depth2|r150|relative,SCENARIO_WALKFORWARD_v0.8
1817,59,돈암삼성,11290,825000000,0.0711,1.2688,1.0954,1.5271,"{""bear"": 0.1057, ""base"": 0.1368, ""bull"": 0.1988}",4.0,1.0,"전세가율×금리 조건부(지금 전세가율 0.53·금리 2.5, 유사 진입연도 ['201103', '201106', '201109', '201112', '201203', '201206'])",1.08,E-boost3|depth2|r150|relative,SCENARIO_WALKFORWARD_v0.8
1817,84,돈암삼성,11290,923000000,0.0757,1.2746,1.1005,1.5342,"{""bear"": 0.1057, ""base"": 0.1368, ""bull"": 0.1988}",4.0,1.0,"전세가율×금리 조건부(지금 전세가율 0.53·금리 2.5, 유사 진입연도 ['201103', '201106', '201109', '201112', '201203', '201206'])",1.08,E-boost3|depth2|r150|relative,SCENARIO_WALKFORWARD_v0.8
4964,84,동수원자이1차,41117,608000000,-0.0393,1.1361,0.9809,1.3675,"{""bear"": 0.1057, ""base"": 0.1368, ""bull"": 0.1988}",4.0,2.0,"전세가율×금리 조건부(지금 전세가율 0.53·금리 2.5, 유사 진입연도 ['201103', '201106', '201109', '201112', '201203', '201206'])",13.18,E-boost3|depth2|r150|relative,SCENARIO_WALKFORWARD_v0.8
8632,84,동천디이스트,41465,1150600000,0.0534,1.2465,1.0762,1.5003,"{""bear"": 0.1057, ""base"": 0.1368, ""bull"": 0.1988}",3.0,1.0,"전세가율×금리 조건부(지금 전세가율 0.53·금리 2.5, 유사 진입연도 ['201103', '201106', '201109', '201112', '201203', '201206'])",1.92,E-boost3|depth2|r150|relative,SCENARIO_WALKFORWARD_v0.8
8625,59,동천센트럴자이아파트,41465,1102500000,0.0038,1.1862,1.0241,1.4277,"{""bear"": 0.1057, ""base"": 0.1368, ""bull"": 0.1988}",3.0,1.0,"전세가율×금리 조건부(지금 전세가율 0.53·금리 2.5, 유사 진입연도 ['201103', '201106', '201109', '201112', '201203', '201206'])",1.84,E-boost3|depth2|r150|relative,SCENARIO_WALKFORWARD_v0.8
8625,74,동천센트럴자이아파트,41465,1226000000,0.0075,1.1906,1.0279,1.433,"{""bear"": 0.1057, ""base"": 0.1368, ""bull"": 0.1988}",3.0,1.0,"전세가율×금리 조건부(지금 전세가율 0.53·금리 2.5, 유사 진입연도 ['201103', '201106', '201109', '201112', '201203', '201206'])",1.84,E-boost3|depth2|r150|relative,SCENARIO_WALKFORWARD_v0.8
8625,84,동천센트럴자이아파트,41465,1344000000,0.0157,1.2004,1.0363,1.4448,"{""bear"": 0.1057, ""base"": 0.1368, ""bull"": 0.1988}",3.0,1.0,"전세가율×금리 조건부(지금 전세가율 0.53·금리 2.5, 유사 진입연도 ['201103', '201106', '201109', '201112', '201203', '201206'])",1.84,E-boost3|depth2|r150|relative,SCENARIO_WALKFORWARD_v0.8
8626,74,동천자이아파트,41465,1037700000,0.0038,1.1862,1.0241,1.4277,"{""bear"": 0.1057, ""base"": 0.1368, ""bull"": 0.1988}",3.0,1.0,"전세가율×금리 조건부(지금 전세가율 0.53·금리 2.5, 유사 진입연도 ['201103', '201106', '201109', '201112', '201203', '201206'])",1.84,E-boost3|depth2|r150|relative,SCENARIO_WALKFORWARD_v0.8
8626,84,동천자이아파트,41465,1105500000,0.0077,1.1907,1.028,1.4332,"{""bear"": 0.1057, ""base"": 0.1368, ""bull"": 0.1988}",3.0,1.0,"전세가율×금리 조건부(지금 전세가율 0.53·금리 2.5, 유사 진입연도 ['201103', '201106', '201109', '201112', '201203', '201206'])",1.84,E-boost3|depth2|r150|relative,SCENARIO_WALKFORWARD_v0.8
9706,84,동탄 더샵 레이크에듀타운아파트,41597,967900000,-0.1477,1.0194,0.8801,1.227,"{""bear"": 0.1057, ""base"": 0.1368, ""bull"": 0.1988}",4.0,2.0,"전세가율×금리 조건부(지금 전세가율 0.53·금리 2.5, 유사 진입연도 ['201103', '201106', '201109', '201112', '201203', '201206'])",18.95,E-boost3|depth2|r150|relative,SCENARIO_WALKFORWARD_v0.8
9739,59,동탄2신도시 하우스디 더 레이크,41597,752800000,-0.1879,0.9792,0.8454,1.1786,"{""bear"": 0.1057, ""base"": 0.1368, ""bull"": 0.1988}",4.0,3.0,"전세가율×금리 조건부(지금 전세가율 0.53·금리 2.5, 유사 진입연도 ['201103', '201106', '201109', '201112', '201203', '201206'])",18.77,E-boost3|depth2|r150|relative,SCENARIO_WALKFORWARD_v0.8
9739,74,동탄2신도시 하우스디 더 레이크,41597,834200000,-0.2003,0.9672,0.835,1.1641,"{""bear"": 0.1057, ""base"": 0.1368, ""bull"": 0.1988}",4.0,3.0,"전세가율×금리 조건부(지금 전세가율 0.53·금리 2.5, 유사 진입연도 ['201103', '201106', '201109', '201112', '201203', '201206'])",18.77,E-boost3|depth2|r150|relative,SCENARIO_WALKFORWARD_v0.8
9739,84,동탄2신도시 하우스디 더 레이크,41597,902300000,-0.2027,0.9648,0.833,1.1613,"{""bear"": 0.1057, ""base"": 0.1368, ""bull"": 0.1988}",4.0,3.0,"전세가율×금리 조건부(지금 전세가율 0.53·금리 2.5, 유사 진입연도 ['201103', '201106', '201109', '201112', '201203', '201206'])",18.77,E-boost3|depth2|r150|relative,SCENARIO_WALKFORWARD_v0.8
9641,59,동탄역 시범우남퍼스트빌,41597,1214400000,-0.12,1.048,0.9048,1.2614,"{""bear"": 0.1057, ""base"": 0.1368, ""bull"": 0.1988}",3.0,2.0,"전세가율×금리 조건부(지금 전세가율 0.53·금리 2.5, 유사 진입연도 ['201103', '201106', '201109', '201112', '201203', '201206'])",15.81,E-boost3|depth2|r150|relative,SCENARIO_WALKFORWARD_v0.8
9641,74,동탄역 시범우남퍼스트빌,41597,1232000000,-0.1181,1.05,0.9066,1.2638,"{""bear"": 0.1057, ""base"": 0.1368, ""bull"": 0.1988}",3.0,2.0,"전세가율×금리 조건부(지금 전세가율 0.53·금리 2.5, 유사 진입연도 ['201103', '201106', '201109', '201112', '201203', '201206'])",15.81,E-boost3|depth2|r150|relative,SCENARIO_WALKFORWARD_v0.8
9641,84,동탄역 시범우남퍼스트빌,41597,1415300000,-0.1094,1.0592,0.9145,1.2749,"{""bear"": 0.1057, ""base"": 0.1368, ""bull"": 0.1988}",3.0,2.0,"전세가율×금리 조건부(지금 전세가율 0.53·금리 2.5, 유사 진입연도 ['201103', '201106', '201109', '201112', '201203', '201206'])",15.81,E-boost3|depth2|r150|relative,SCENARIO_WALKFORWARD_v0.8
9661,59,동탄역센트럴상록아파트,41597,907500000,-0.1628,1.0041,0.8669,1.2086,"{""bear"": 0.1057, ""base"": 0.1368, ""bull"": 0.1988}",4.0,1.0,"전세가율×금리 조건부(지금 전세가율 0.53·금리 2.5, 유사 진입연도 ['201103', '201106', '201109', '201112', '201203', '201206'])",15.14,E-boost3|depth2|r150|relative,SCENARIO_WALKFORWARD_v0.8
9661,74,동탄역센트럴상록아파트,41597,999300000,-0.1706,0.9963,0.8602,1.1992,"{""bear"": 0.1057, ""base"": 0.1368, ""bull"": 0.1988}",4.0,1.0,"전세가율×금리 조건부(지금 전세가율 0.53·금리 2.5, 유사 진입연도 ['201103', '201106', '201109', '201112', '201203', '201206'])",15.14,E-boost3|depth2|r150|relative,SCENARIO_WALKFORWARD_v0.8
9661,84,동탄역센트럴상록아파트,41597,999666667,-0.1499,1.0172,0.8782,1.2243,"{""bear"": 0.1057, ""base"": 0.1368, ""bull"": 0.1988}",4.0,1.0,"전세가율×금리 조건부(지금 전세가율 0.53·금리 2.5, 유사 진입연도 ['201103', '201106', '201109', '201112', '201203', '201206'])",15.14,E-boost3|depth2|r150|relative,SCENARIO_WALKFORWARD_v0.8
9637,59,동탄역센트럴푸르지오,41597,808700000,-0.1221,1.0458,0.9029,1.2588,"{""bear"": 0.1057, ""base"": 0.1368, ""bull"": 0.1988}",3.0,2.0,"전세가율×금리 조건부(지금 전세가율 0.53·금리 2.5, 유사 진입연도 ['201103', '201106', '201109', '201112', '201203', '201206'])",16.29,E-boost3|depth2|r150|relative,SCENARIO_WALKFORWARD_v0.8
9637,74,동탄역센트럴푸르지오,41597,870500000,-0.1321,1.0354,0.8939,1.2463,"{""bear"": 0.1057, ""base"": 0.1368, ""bull"": 0.1988}",3.0,2.0,"전세가율×금리 조건부(지금 전세가율 0.53·금리 2.5, 유사 진입연도 ['201103', '201106', '201109', '201112', '201203', '201206'])",16.29,E-boost3|depth2|r150|relative,SCENARIO_WALKFORWARD_v0.8
9637,84,동탄역센트럴푸르지오,41597,1000900000,-0.1338,1.0337,0.8924,1.2441,"{""bear"": 0.1057, ""base"": 0.1368, ""bull"": 0.1988}",3.0,2.0,"전세가율×금리 조건부(지금 전세가율 0.53·금리 2.5, 유사 진입연도 ['201103', '201106', '201109', '201112', '201203', '201206'])",16.29,E-boost3|depth2|r150|relative,SCENARIO_WALKFORWARD_v0.8
9635,84,동탄역시범한화꿈에그린프레스티지아파트,41597,1449000000,-0.1121,1.0563,0.912,1.2714,"{""bear"": 0.1057, ""base"": 0.1368, ""bull"": 0.1988}",3.0,2.0,"전세가율×금리 조건부(지금 전세가율 0.53·금리 2.5, 유사 진입연도 ['201103', '201106', '201109', '201112', '201203', '201206'])",16.37,E-boost3|depth2|r150|relative,SCENARIO_WALKFORWARD_v0.8
9640,84,동탄역시범호반써밋,41597,1124700000,-0.1215,1.0465,0.9035,1.2596,"{""bear"": 0.1057, ""base"": 0.1368, ""bull"": 0.1988}",3.0,2.0,"전세가율×금리 조건부(지금 전세가율 0.53·금리 2.5, 유사 진입연도 ['201103', '201106', '201109', '201112', '201203', '201206'])",16.23,E-boost3|depth2|r150|relative,SCENARIO_WALKFORWARD_v0.8
9735,59,동탄호수자이파밀리에,41597,538300000,-0.1854,0.9817,0.8476,1.1816,"{""bear"": 0.1057, ""base"": 0.1368, ""bull"": 0.1988}",4.0,0.0,"전세가율×금리 조건부(지금 전세가율 0.53·금리 2.5, 유사 진입연도 ['201103', '201106', '201109', '201112', '201203', '201206'])",20.37,E-boost3|depth2|r150|relative,SCENARIO_WALKFORWARD_v0.8
9735,74,동탄호수자이파밀리에,41597,685500000,-0.2031,0.9644,0.8326,1.1608,"{""bear"": 0.1057, ""base"": 0.1368, ""bull"": 0.1988}",4.0,0.0,"전세가율×금리 조건부(지금 전세가율 0.53·금리 2.5, 유사 진입연도 ['201103', '201106', '201109', '201112', '201203', '201206'])",20.37,E-boost3|depth2|r150|relative,SCENARIO_WALKFORWARD_v0.8
9735,84,동탄호수자이파밀리에,41597,729200000,-0.2,0.9675,0.8353,1.1645,"{""bear"": 0.1057, ""base"": 0.1368, ""bull"": 0.1988}",4.0,0.0,"전세가율×금리 조건부(지금 전세가율 0.53·금리 2.5, 유사 진입연도 ['201103', '201106', '201109', '201112', '201203', '201206'])",20.37,E-boost3|depth2|r150|relative,SCENARIO_WALKFORWARD_v0.8
5682,74,동편마을3단지,41173,983800000,0.0444,1.2353,1.0665,1.4869,"{""bear"": 0.1057, ""base"": 0.1368, ""bull"": 0.1988}",4.0,0.0,"전세가율×금리 조건부(지금 전세가율 0.53·금리 2.5, 유사 진입연도 ['201103', '201106', '201109', '201112', '201203', '201206'])",1.38,E-boost3|depth2|r150|relative,SCENARIO_WALKFORWARD_v0.8
5682,84,동편마을3단지,41173,1107000000,0.0569,1.2509,1.0799,1.5056,"{""bear"": 0.1057, ""base"": 0.1368, ""bull"": 0.1988}",4.0,0.0,"전세가율×금리 조건부(지금 전세가율 0.53·금리 2.5, 유사 진입연도 ['201103', '201106', '201109', '201112', '201203', '201206'])",1.38,E-boost3|depth2|r150|relative,SCENARIO_WALKFORWARD_v0.8
7207,59,두산알프하임,41360,418200000,-0.1303,1.0373,0.8955,1.2485,"{""bear"": 0.1057, ""base"": 0.1368, ""bull"": 0.1988}",6.0,0.0,"전세가율×금리 조건부(지금 전세가율 0.53·금리 2.5, 유사 진입연도 ['201103', '201106', '201109', '201112', '201203', '201206'])",13.43,E-boost3|depth2|r150|relative,SCENARIO_WALKFORWARD_v0.8
7207,74,두산알프하임,41360,485500000,-0.1327,1.0348,0.8934,1.2455,"{""bear"": 0.1057, ""base"": 0.1368, ""bull"": 0.1988}",6.0,0.0,"전세가율×금리 조건부(지금 전세가율 0.53·금리 2.5, 유사 진입연도 ['201103', '201106', '201109', '201112', '201203', '201206'])",13.43,E-boost3|depth2|r150|relative,SCENARIO_WALKFORWARD_v0.8
7207,84,두산알프하임,41360,538000000,-0.124,1.0438,0.9012,1.2564,"{""bear"": 0.1057, ""base"": 0.1368, ""bull"": 0.1988}",6.0,0.0,"전세가율×금리 조건부(지금 전세가율 0.53·금리 2.5, 유사 진입연도 ['201103', '201106', '201109', '201112', '201203', '201206'])",13.43,E-boost3|depth2|r150|relative,SCENARIO_WALKFORWARD_v0.8
2970,59,등촌3단지주공아파트,11500,1038500000,0.1058,1.3135,1.134,1.5809,"{""bear"": 0.1057, ""base"": 0.1368, ""bull"": 0.1988}",3.0,0.0,"전세가율×금리 조건부(지금 전세가율 0.53·금리 2.5, 유사 진입연도 ['201103', '201106', '201109', '201112', '201203', '201206'])",1.71,E-boost3|depth2|r150|relative,SCENARIO_WALKFORWARD_v0.8
2963,84,등촌IPARK,11500,1200000000,0.0366,1.2258,1.0583,1.4754,"{""bear"": 0.1057, ""base"": 0.1368, ""bull"": 0.1988}",3.0,0.0,"전세가율×금리 조건부(지금 전세가율 0.53·금리 2.5, 유사 진입연도 ['201103', '201106', '201109', '201112', '201203', '201206'])",1.57,E-boost3|depth2|r150|relative,SCENARIO_WALKFORWARD_v0.8
2971,59,등촌주공5단지,11500,981000000,0.0932,1.2971,1.1198,1.5612,"{""bear"": 0.1057, ""base"": 0.1368, ""bull"": 0.1988}",3.0,0.0,"전세가율×금리 조건부(지금 전세가율 0.53·금리 2.5, 유사 진입연도 ['201103', '201106', '201109', '201112', '201203', '201206'])",2.07,E-boost3|depth2|r150|relative,SCENARIO_WALKFORWARD_v0.8
4002,59,디에이치 아너힐즈,11680,3296000000,0.0988,1.3043,1.1261,1.5699,"{""bear"": 0.1057, ""base"": 0.1368, ""bull"": 0.1988}",1.0,1.0,"전세가율×금리 조건부(지금 전세가율 0.53·금리 2.5, 유사 진입연도 ['201103', '201106', '201109', '201112', '201203', '201206'])",0.26,E-boost3|depth2|r150|relative,SCENARIO_WALKFORWARD_v0.8
4002,84,디에이치 아너힐즈,11680,3515500000,0.1022,1.3088,1.13,1.5753,"{""bear"": 0.1057, ""base"": 0.1368, ""bull"": 0.1988}",1.0,1.0,"전세가율×금리 조건부(지금 전세가율 0.53·금리 2.5, 유사 진입연도 ['201103', '201106', '201109', '201112', '201203', '201206'])",0.26,E-boost3|depth2|r150|relative,SCENARIO_WALKFORWARD_v0.8
4146,84,디에이치 자이 개포,11680,3715000000,0.0892,1.2919,1.1153,1.5549,"{""bear"": 0.1057, ""base"": 0.1368, ""bull"": 0.1988}",1.0,,"전세가율×금리 조건부(지금 전세가율 0.53·금리 2.5, 유사 진입연도 ['201103', '201106', '201109', '201112', '201203', '201206'])",0.6,E-boost3|depth2|r150|relative,SCENARIO_WALKFORWARD_v0.8
4075,84,래미안 대치 팰리스,11680,4228000000,0.1009,1.3071,1.1284,1.5732,"{""bear"": 0.1057, ""base"": 0.1368, ""bull"": 0.1988}",1.0,1.0,"전세가율×금리 조건부(지금 전세가율 0.53·금리 2.5, 유사 진입연도 ['201103', '201106', '201109', '201112', '201203', '201206'])",0.7,E-boost3|depth2|r150|relative,SCENARIO_WALKFORWARD_v0.8
1540,59,래미안 엘리니티,11230,1515000000,0.0559,1.2496,1.0788,1.504,"{""bear"": 0.1057, ""base"": 0.1368, ""bull"": 0.1988}",2.0,,"전세가율×금리 조건부(지금 전세가율 0.53·금리 2.5, 유사 진입연도 ['201103', '201106', '201109', '201112', '201203', '201206'])",0.75,E-boost3|depth2|r150|relative,SCENARIO_WALKFORWARD_v0.8
1540,84,래미안 엘리니티,11230,1751500000,0.0472,1.2387,1.0695,1.4909,"{""bear"": 0.1057, ""base"": 0.1368, ""bull"": 0.1988}",2.0,,"전세가율×금리 조건부(지금 전세가율 0.53·금리 2.5, 유사 진입연도 ['201103', '201106', '201109', '201112', '201203', '201206'])",0.75,E-boost3|depth2|r150|relative,SCENARIO_WALKFORWARD_v0.8
5058,59,래미안금광,41133,665900000,0.0826,1.2835,1.1081,1.5448,"{""bear"": 0.1057, ""base"": 0.1368, ""bull"": 0.1988}",3.0,0.0,"전세가율×금리 조건부(지금 전세가율 0.53·금리 2.5, 유사 진입연도 ['201103', '201106', '201109', '201112', '201203', '201206'])",3.37,E-boost3|depth2|r150|relative,SCENARIO_WALKFORWARD_v0.8
5058,84,래미안금광,41133,754800000,0.091,1.2942,1.1173,1.5577,"{""bear"": 0.1057, ""base"": 0.1368, ""bull"": 0.1988}",3.0,0.0,"전세가율×금리 조건부(지금 전세가율 0.53·금리 2.5, 유사 진입연도 ['201103', '201106', '201109', '201112', '201203', '201206'])",3.37,E-boost3|depth2|r150|relative,SCENARIO_WALKFORWARD_v0.8
1872,59,래미안길음센터피스,11290,1445800000,0.0642,1.26,1.0878,1.5166,"{""bear"": 0.1057, ""base"": 0.1368, ""bull"": 0.1988}",2.0,0.0,"전세가율×금리 조건부(지금 전세가율 0.53·금리 2.5, 유사 진입연도 ['201103', '201106', '201109', '201112', '201203', '201206'])",0.68,E-boost3|depth2|r150|relative,SCENARIO_WALKFORWARD_v0.8
1872,84,래미안길음센터피스,11290,1765000000,0.0593,1.2538,1.0825,1.5091,"{""bear"": 0.1057, ""base"": 0.1368, ""bull"": 0.1988}",2.0,0.0,"전세가율×금리 조건부(지금 전세가율 0.53·금리 2.5, 유사 진입연도 ['201103', '201106', '201109', '201112', '201203', '201206'])",0.68,E-boost3|depth2|r150|relative,SCENARIO_WALKFORWARD_v0.8
4832,59,래미안노블클래스1단지2단지,41115,644600000,-0.0021,1.1792,1.0181,1.4193,"{""bear"": 0.1057, ""base"": 0.1368, ""bull"": 0.1988}",5.0,,"전세가율×금리 조건부(지금 전세가율 0.53·금리 2.5, 유사 진입연도 ['201103', '201106', '201109', '201112', '201203', '201206'])",10.91,E-boost3|depth2|r150|relative,SCENARIO_WALKFORWARD_v0.8
4832,84,래미안노블클래스1단지2단지,41115,719800000,-0.0023,1.179,1.0179,1.4191,"{""bear"": 0.1057, ""base"": 0.1368, ""bull"": 0.1988}",5.0,,"전세가율×금리 조건부(지금 전세가율 0.53·금리 2.5, 유사 진입연도 ['201103', '201106', '201109', '201112', '201203', '201206'])",10.91,E-boost3|depth2|r150|relative,SCENARIO_WALKFORWARD_v0.8
3912,59,래미안리더스원,11650,3043000000,0.0817,1.2823,1.1071,1.5434,"{""bear"": 0.1057, ""base"": 0.1368, ""bull"": 0.1988}",1.0,-2.0,"전세가율×금리 조건부(지금 전세가율 0.53·금리 2.5, 유사 진입연도 ['201103', '201106', '201109', '201112', '201203', '201206'])",0.93,E-boost3|depth2|r150|relative,SCENARIO_WALKFORWARD_v0.8
3912,74,래미안리더스원,11650,3360000000,0.0947,1.299,1.1215,1.5636,"{""bear"": 0.1057, ""base"": 0.1368, ""bull"": 0.1988}",1.0,-2.0,"전세가율×금리 조건부(지금 전세가율 0.53·금리 2.5, 유사 진입연도 ['201103', '201106', '201109', '201112', '201203', '201206'])",0.93,E-boost3|depth2|r150|relative,SCENARIO_WALKFORWARD_v0.8
3912,84,래미안리더스원,11650,3840000000,0.0969,1.3019,1.124,1.567,"{""bear"": 0.1057, ""base"": 0.1368, ""bull"": 0.1988}",1.0,-2.0,"전세가율×금리 조건부(지금 전세가율 0.53·금리 2.5, 유사 진입연도 ['201103', '201106', '201109', '201112', '201203', '201206'])",0.93,E-boost3|depth2|r150|relative,SCENARIO_WALKFORWARD_v0.8
1580,59,래미안미드카운티,11230,1516500000,-0.0157,1.1632,1.0043,1.4001,"{""bear"": 0.1057, ""base"": 0.1368, ""bull"": 0.1988}",3.0,1.0,"전세가율×금리 조건부(지금 전세가율 0.53·금리 2.5, 유사 진입연도 ['201103', '201106', '201109', '201112', '201203', '201206'])",1.65,E-boost3|depth2|r150|relative,SCENARIO_WALKFORWARD_v0.8
1580,74,래미안미드카운티,11230,1630000000,-0.021,1.1571,0.999,1.3927,"{""bear"": 0.1057, ""base"": 0.1368, ""bull"": 0.1988}",3.0,1.0,"전세가율×금리 조건부(지금 전세가율 0.53·금리 2.5, 유사 진입연도 ['201103', '201106', '201109', '201112', '201203', '201206'])",1.65,E-boost3|depth2|r150|relative,SCENARIO_WALKFORWARD_v0.8
1580,84,래미안미드카운티,11230,1653500000,-0.0122,1.1673,1.0078,1.405,"{""bear"": 0.1057, ""base"": 0.1368, ""bull"": 0.1988}",3.0,1.0,"전세가율×금리 조건부(지금 전세가율 0.53·금리 2.5, 유사 진입연도 ['201103', '201106', '201109', '201112', '201203', '201206'])",1.65,E-boost3|depth2|r150|relative,SCENARIO_WALKFORWARD_v0.8
4003,59,래미안블레스티지,11680,2788000000,0.0723,1.2703,1.0967,1.529,"{""bear"": 0.1057, ""base"": 0.1368, ""bull"": 0.1988}",1.0,1.0,"전세가율×금리 조건부(지금 전세가율 0.53·금리 2.5, 유사 진입연도 ['201103', '201106', '201109', '201112', '201203', '201206'])",0.62,E-boost3|depth2|r150|relative,SCENARIO_WALKFORWARD_v0.8
4003,84,래미안블레스티지,11680,3420000000,0.0897,1.2926,1.116,1.5558,"{""bear"": 0.1057, ""base"": 0.1368, ""bull"": 0.1988}",1.0,1.0,"전세가율×금리 조건부(지금 전세가율 0.53·금리 2.5, 유사 진입연도 ['201103', '201106', '201109', '201112', '201203', '201206'])",0.62,E-boost3|depth2|r150|relative,SCENARIO_WALKFORWARD_v0.8
3561,59,래미안상도3차,11590,1586000000,0.0834,1.2845,1.109,1.546,"{""bear"": 0.1057, ""base"": 0.1368, ""bull"": 0.1988}",2.0,-1.0,"전세가율×금리 조건부(지금 전세가율 0.53·금리 2.5, 유사 진입연도 ['201103', '201106', '201109', '201112', '201203', '201206'])",0.8,E-boost3|depth2|r150|relative,SCENARIO_WALKFORWARD_v0.8
3561,84,래미안상도3차,11590,1685900000,0.1056,1.3132,1.1338,1.5806,"{""bear"": 0.1057, ""base"": 0.1368, ""bull"": 0.1988}",2.0,-1.0,"전세가율×금리 조건부(지금 전세가율 0.53·금리 2.5, 유사 진입연도 ['201103', '201106', '201109', '201112', '201203', '201206'])",0.8,E-boost3|depth2|r150|relative,SCENARIO_WALKFORWARD_v0.8
4379,59,래미안솔베뉴,11740,1791000000,0.0393,1.229,1.0611,1.4793,"{""bear"": 0.1057, ""base"": 0.1368, ""bull"": 0.1988}",2.0,2.0,"전세가율×금리 조건부(지금 전세가율 0.53·금리 2.5, 유사 진입연도 ['201103', '201106', '201109', '201112', '201203', '201206'])",0.55,E-boost3|depth2|r150|relative,SCENARIO_WALKFORWARD_v0.8
4379,74,래미안솔베뉴,11740,2092000000,0.0181,1.2033,1.0389,1.4483,"{""bear"": 0.1057, ""base"": 0.1368, ""bull"": 0.1988}",2.0,2.0,"전세가율×금리 조건부(지금 전세가율 0.53·금리 2.5, 유사 진입연도 ['201103', '201106', '201109', '201112', '201203', '201206'])",0.55,E-boost3|depth2|r150|relative,SCENARIO_WALKFORWARD_v0.8
4379,84,래미안솔베뉴,11740,2150000000,0.0195,1.2049,1.0403,1.4503,"{""bear"": 0.1057, ""base"": 0.1368, ""bull"": 0.1988}",2.0,2.0,"전세가율×금리 조건부(지금 전세가율 0.53·금리 2.5, 유사 진입연도 ['201103', '201106', '201109', '201112', '201203', '201206'])",0.55,E-boost3|depth2|r150|relative,SCENARIO_WALKFORWARD_v0.8
1943,59,래미안아트리치,11290,1159400000,-0.0153,1.1637,1.0047,1.4007,"{""bear"": 0.1057, ""base"": 0.1368, ""bull"": 0.1988}",4.0,1.0,"전세가율×금리 조건부(지금 전세가율 0.53·금리 2.5, 유사 진입연도 ['201103', '201106', '201109', '201112', '201203', '201206'])",3.69,E-boost3|depth2|r150|relative,SCENARIO_WALKFORWARD_v0.8
1943,84,래미안아트리치,11290,1298500000,-0.0184,1.1601,1.0016,1.3963,"{""bear"": 0.1057, ""base"": 0.1368, ""bull"": 0.1988}",4.0,1.0,"전세가율×금리 조건부(지금 전세가율 0.53·금리 2.5, 유사 진입연도 ['201103', '201106', '201109', '201112', '201203', '201206'])",3.69,E-boost3|depth2|r150|relative,SCENARIO_WALKFORWARD_v0.8
5577,59,래미안안양메가트리아,41171,894600000,0.0598,1.2544,1.083,1.5099,"{""bear"": 0.1057, ""base"": 0.1368, ""bull"": 0.1988}",5.0,,"전세가율×금리 조건부(지금 전세가율 0.53·금리 2.5, 유사 진입연도 ['201103', '201106', '201109', '201112', '201203', '201206'])",4.84,E-boost3|depth2|r150|relative,SCENARIO_WALKFORWARD_v0.8
5577,84,래미안안양메가트리아,41171,1028000000,0.0607,1.2555,1.084,1.5112,"{""bear"": 0.1057, ""base"": 0.1368, ""bull"": 0.1988}",5.0,,"전세가율×금리 조건부(지금 전세가율 0.53·금리 2.5, 유사 진입연도 ['201103', '201106', '201109', '201112', '201203', '201206'])",4.84,E-boost3|depth2|r150|relative,SCENARIO_WALKFORWARD_v0.8
3491,59,래미안에스티움,11560,1666300000,0.0047,1.1873,1.025,1.429,"{""bear"": 0.1057, ""base"": 0.1368, ""bull"": 0.1988}",3.0,1.0,"전세가율×금리 조건부(지금 전세가율 0.53·금리 2.5, 유사 진입연도 ['201103', '201106', '201109', '201112', '201203', '201206'])",2.53,E-boost3|depth2|r150|relative,SCENARIO_WALKFORWARD_v0.8
3491,84,래미안에스티움,11560,1940000000,0.0056,1.1883,1.0259,1.4303,"{""bear"": 0.1057, ""base"": 0.1368, ""bull"": 0.1988}",3.0,1.0,"전세가율×금리 조건부(지금 전세가율 0.53·금리 2.5, 유사 진입연도 ['201103', '201106', '201109', '201112', '201203', '201206'])",2.53,E-boost3|depth2|r150|relative,SCENARIO_WALKFORWARD_v0.8
1394,59,래미안옥수리버젠,11200,2222000000,0.0721,1.27,1.0964,1.5285,"{""bear"": 0.1057, ""base"": 0.1368, ""bull"": 0.1988}",2.0,1.0,"전세가율×금리 조건부(지금 전세가율 0.53·금리 2.5, 유사 진입연도 ['201103', '201106', '201109', '201112', '201203', '201206'])",0.33,E-boost3|depth2|r150|relative,SCENARIO_WALKFORWARD_v0.8
1394,84,래미안옥수리버젠,11200,2449000000,0.0741,1.2725,1.0986,1.5316,"{""bear"": 0.1057, ""base"": 0.1368, ""bull"": 0.1988}",2.0,1.0,"전세가율×금리 조건부(지금 전세가율 0.53·금리 2.5, 유사 진입연도 ['201103', '201106', '201109', '201112', '201203', '201206'])",0.33,E-boost3|depth2|r150|relative,SCENARIO_WALKFORWARD_v0.8
3873,59,래미안원베일리,11650,4749000000,0.0908,1.294,1.1171,1.5574,"{""bear"": 0.1057, ""base"": 0.1368, ""bull"": 0.1988}",1.0,-2.0,"전세가율×금리 조건부(지금 전세가율 0.53·금리 2.5, 유사 진입연도 ['201103', '201106', '201109', '201112', '201203', '201206'])",0.94,E-boost3|depth2|r150|relative,SCENARIO_WALKFORWARD_v0.8
3873,74,래미안원베일리,11650,5120000000,0.0939,1.2979,1.1206,1.5622,"{""bear"": 0.1057, ""base"": 0.1368, ""bull"": 0.1988}",1.0,-2.0,"전세가율×금리 조건부(지금 전세가율 0.53·금리 2.5, 유사 진입연도 ['201103', '201106', '201109', '201112', '201203', '201206'])",0.94,E-boost3|depth2|r150|relative,SCENARIO_WALKFORWARD_v0.8
3873,84,래미안원베일리,11650,5860000000,0.1023,1.3089,1.13,1.5754,"{""bear"": 0.1057, ""base"": 0.1368, ""bull"": 0.1988}",1.0,-2.0,"전세가율×금리 조건부(지금 전세가율 0.53·금리 2.5, 유사 진입연도 ['201103', '201106', '201109', '201112', '201203', '201206'])",0.94,E-boost3|depth2|r150|relative,SCENARIO_WALKFORWARD_v0.8
1920,59,래미안월곡,11290,952200000,0.0234,1.2096,1.0443,1.4559,"{""bear"": 0.1057, ""base"": 0.1368, ""bull"": 0.1988}",3.0,2.0,"전세가율×금리 조건부(지금 전세가율 0.53·금리 2.5, 유사 진입연도 ['201103', '201106', '201109', '201112', '201203', '201206'])",1.42,E-boost3|depth2|r150|relative,SCENARIO_WALKFORWARD_v0.8
1920,84,래미안월곡,11290,1075500000,0.0297,1.2173,1.0509,1.4651,"{""bear"": 0.1057, ""base"": 0.1368, ""bull"": 0.1988}",3.0,2.0,"전세가율×금리 조건부(지금 전세가율 0.53·금리 2.5, 유사 진입연도 ['201103', '201106', '201109', '201112', '201203', '201206'])",1.42,E-boost3|depth2|r150|relative,SCENARIO_WALKFORWARD_v0.8
1587,59,래미안위브,11230,1565000000,-0.0175,1.1612,1.0025,1.3976,"{""bear"": 0.1057, ""base"": 0.1368, ""bull"": 0.1988}",3.0,1.0,"전세가율×금리 조건부(지금 전세가율 0.53·금리 2.5, 유사 진입연도 ['201103', '201106', '201109', '201112', '201203', '201206'])",1.25,E-boost3|depth2|r150|relative,SCENARIO_WALKFORWARD_v0.8
1587,84,래미안위브,11230,1689600000,-0.0051,1.1756,1.015,1.415,"{""bear"": 0.1057, ""base"": 0.1368, ""bull"": 0.1988}",3.0,1.0,"전세가율×금리 조건부(지금 전세가율 0.53·금리 2.5, 유사 진입연도 ['201103', '201106', '201109', '201112', '201203', '201206'])",1.25,E-boost3|depth2|r150|relative,SCENARIO_WALKFORWARD_v0.8
1617,59,래미안장안2차,11230,1007000000,-0.0025,1.1787,1.0177,1.4187,"{""bear"": 0.1057, ""base"": 0.1368, ""bull"": 0.1988}",4.0,,"전세가율×금리 조건부(지금 전세가율 0.53·금리 2.5, 유사 진입연도 ['201103', '201106', '201109', '201112', '201203', '201206'])",3.22,E-boost3|depth2|r150|relative,SCENARIO_WALKFORWARD_v0.8
1617,84,래미안장안2차,11230,1224600000,0.0089,1.1922,1.0293,1.435,"{""bear"": 0.1057, ""base"": 0.1368, ""bull"": 0.1988}",4.0,,"전세가율×금리 조건부(지금 전세가율 0.53·금리 2.5, 유사 진입연도 ['201103', '201106', '201109', '201112', '201203', '201206'])",3.22,E-boost3|depth2|r150|relative,SCENARIO_WALKFORWARD_v0.8
1563,59,래미안크레시티,11230,1553000000,-0.0063,1.1742,1.0138,1.4133,"{""bear"": 0.1057, ""base"": 0.1368, ""bull"": 0.1988}",3.0,1.0,"전세가율×금리 조건부(지금 전세가율 0.53·금리 2.5, 유사 진입연도 ['201103', '201106', '201109', '201112', '201203', '201206'])",1.3,E-boost3|depth2|r150|relative,SCENARIO_WALKFORWARD_v0.8
1563,84,래미안크레시티,11230,1720000000,-0.0004,1.1812,1.0198,1.4217,"{""bear"": 0.1057, ""base"": 0.1368, ""bull"": 0.1988}",3.0,1.0,"전세가율×금리 조건부(지금 전세가율 0.53·금리 2.5, 유사 진입연도 ['201103', '201106', '201109', '201112', '201203', '201206'])",1.3,E-boost3|depth2|r150|relative,SCENARIO_WALKFORWARD_v0.8
1968,59,래미안트리베라1차,11305,919600000,0.0435,1.2342,1.0656,1.4855,"{""bear"": 0.1057, ""base"": 0.1368, ""bull"": 0.1988}",4.0,0.0,"전세가율×금리 조건부(지금 전세가율 0.53·금리 2.5, 유사 진입연도 ['201103', '201106', '201109', '201112', '201203', '201206'])",0.81,E-boost3|depth2|r150|relative,SCENARIO_WALKFORWARD_v0.8
1968,84,래미안트리베라1차,11305,1013600000,0.0463,1.2376,1.0685,1.4897,"{""bear"": 0.1057, ""base"": 0.1368, ""bull"": 0.1988}",4.0,0.0,"전세가율×금리 조건부(지금 전세가율 0.53·금리 2.5, 유사 진입연도 ['201103', '201106', '201109', '201112', '201203', '201206'])",0.81,E-boost3|depth2|r150|relative,SCENARIO_WALKFORWARD_v0.8
1935,59,래미안퍼스트하이,11290,1129300000,-0.0018,1.1796,1.0184,1.4198,"{""bear"": 0.1057, ""base"": 0.1368, ""bull"": 0.1988}",3.0,1.0,"전세가율×금리 조건부(지금 전세가율 0.53·금리 2.5, 유사 진입연도 ['201103', '201106', '201109', '201112', '201203', '201206'])",2.96,E-boost3|depth2|r150|relative,SCENARIO_WALKFORWARD_v0.8
1935,84,래미안퍼스트하이,11290,1318000000,0.0024,1.1845,1.0226,1.4257,"{""bear"": 0.1057, ""base"": 0.1368, ""bull"": 0.1988}",3.0,1.0,"전세가율×금리 조건부(지금 전세가율 0.53·금리 2.5, 유사 진입연도 ['201103', '201106', '201109', '201112', '201203', '201206'])",2.96,E-boost3|depth2|r150|relative,SCENARIO_WALKFORWARD_v0.8
3888,59,래미안퍼스티지,11650,4060000000,0.1017,1.3082,1.1294,1.5746,"{""bear"": 0.1057, ""base"": 0.1368, ""bull"": 0.1988}",1.0,-2.0,"전세가율×금리 조건부(지금 전세가율 0.53·금리 2.5, 유사 진입연도 ['201103', '201106', '201109', '201112', '201203', '201206'])",0.72,E-boost3|depth2|r150|relative,SCENARIO_WALKFORWARD_v0.8
3888,84,래미안퍼스티지,11650,5199000000,0.112,1.3217,1.1411,1.5908,"{""bear"": 0.1057, ""base"": 0.1368, ""bull"": 0.1988}",1.0,-2.0,"전세가율×금리 조건부(지금 전세가율 0.53·금리 2.5, 유사 진입연도 ['201103', '201106', '201109', '201112', '201203', '201206'])",0.72,E-boost3|depth2|r150|relative,SCENARIO_WALKFORWARD_v0.8
4139,84,래미안포레,11680,2021000000,0.0848,1.2863,1.1105,1.5482,"{""bear"": 0.1057, ""base"": 0.1368, ""bull"": 0.1988}",2.0,,"전세가율×금리 조건부(지금 전세가율 0.53·금리 2.5, 유사 진입연도 ['201103', '201106', '201109', '201112', '201203', '201206'])",0.84,E-boost3|depth2|r150|relative,SCENARIO_WALKFORWARD_v0.8
4397,59,래미안힐스테이트 고덕,11740,1845000000,0.0243,1.2107,1.0453,1.4573,"{""bear"": 0.1057, ""base"": 0.1368, ""bull"": 0.1988}",2.0,2.0,"전세가율×금리 조건부(지금 전세가율 0.53·금리 2.5, 유사 진입연도 ['201103', '201106', '201109', '201112', '201203', '201206'])",0.59,E-boost3|depth2|r150|relative,SCENARIO_WALKFORWARD_v0.8
4397,74,래미안힐스테이트 고덕,11740,1899000000,0.0255,1.2122,1.0466,1.4591,"{""bear"": 0.1057, ""base"": 0.1368, ""bull"": 0.1988}",2.0,2.0,"전세가율×금리 조건부(지금 전세가율 0.53·금리 2.5, 유사 진입연도 ['201103', '201106', '201109', '201112', '201203', '201206'])",0.59,E-boost3|depth2|r150|relative,SCENARIO_WALKFORWARD_v0.8
4397,84,래미안힐스테이트 고덕,11740,2009000000,0.0445,1.2354,1.0666,1.487,"{""bear"": 0.1057, ""base"": 0.1368, ""bull"": 0.1988}",2.0,2.0,"전세가율×금리 조건부(지금 전세가율 0.53·금리 2.5, 유사 진입연도 ['201103', '201106', '201109', '201112', '201203', '201206'])",0.59,E-boost3|depth2|r150|relative,SCENARIO_WALKFORWARD_v0.8
1871,59,롯데캐슬클라시아,11290,1474000000,0.0706,1.2681,1.0948,1.5263,"{""bear"": 0.1057, ""base"": 0.1368, ""bull"": 0.1988}",2.0,0.0,"전세가율×금리 조건부(지금 전세가율 0.53·금리 2.5, 유사 진입연도 ['201103', '201106', '201109', '201112', '201203', '201206'])",0.35,E-boost3|depth2|r150|relative,SCENARIO_WALKFORWARD_v0.8
1871,84,롯데캐슬클라시아,11290,1763000000,0.0684,1.2654,1.0925,1.523,"{""bear"": 0.1057, ""base"": 0.1368, ""bull"": 0.1988}",2.0,0.0,"전세가율×금리 조건부(지금 전세가율 0.53·금리 2.5, 유사 진입연도 ['201103', '201106', '201109', '201112', '201203', '201206'])",0.35,E-boost3|depth2|r150|relative,SCENARIO_WALKFORWARD_v0.8
912,74,루원시티 SK리더스뷰,28275,654750000,-0.1293,1.0384,0.8965,1.2498,"{""bear"": 0.1057, ""base"": 0.1368, ""bull"": 0.1988}",5.0,0.0,"전세가율×금리 조건부(지금 전세가율 0.53·금리 2.5, 유사 진입연도 ['201103', '201106', '201109', '201112', '201203', '201206'])",14.26,E-boost3|depth2|r150|relative,SCENARIO_WALKFORWARD_v0.8
912,84,루원시티 SK리더스뷰,28275,721600000,-0.1168,1.0514,0.9077,1.2655,"{""bear"": 0.1057, ""base"": 0.1368, ""bull"": 0.1988}",5.0,0.0,"전세가율×금리 조건부(지금 전세가율 0.53·금리 2.5, 유사 진입연도 ['201103', '201106', '201109', '201112', '201203', '201206'])",14.26,E-boost3|depth2|r150|relative,SCENARIO_WALKFORWARD_v0.8
908,74,루원시티2차SK리더스뷰아파트,28275,592500000,-0.1088,1.0598,0.915,1.2756,"{""bear"": 0.1057, ""base"": 0.1368, ""bull"": 0.1988}",5.0,0.0,"전세가율×금리 조건부(지금 전세가율 0.53·금리 2.5, 유사 진입연도 ['201103', '201106', '201109', '201112', '201203', '201206'])",13.37,E-boost3|depth2|r150|relative,SCENARIO_WALKFORWARD_v0.8
908,84,루원시티2차SK리더스뷰아파트,28275,591400000,-0.11,1.0586,0.9139,1.2741,"{""bear"": 0.1057, ""base"": 0.1368, ""bull"": 0.1988}",5.0,0.0,"전세가율×금리 조건부(지금 전세가율 0.53·금리 2.5, 유사 진입연도 ['201103', '201106', '201109', '201112', '201203', '201206'])",13.37,E-boost3|depth2|r150|relative,SCENARIO_WALKFORWARD_v0.8
1229,59,리버힐삼성아파트,11170,1513600000,0.1006,1.3068,1.1282,1.5728,"{""bear"": 0.1057, ""base"": 0.1368, ""bull"": 0.1988}",2.0,,"전세가율×금리 조건부(지금 전세가율 0.53·금리 2.5, 유사 진입연도 ['201103', '201106', '201109', '201112', '201203', '201206'])",0.12,E-boost3|depth2|r150|relative,SCENARIO_WALKFORWARD_v0.8
1229,84,리버힐삼성아파트,11170,1757000000,0.1067,1.3147,1.135,1.5824,"{""bear"": 0.1057, ""base"": 0.1368, ""bull"": 0.1988}",2.0,,"전세가율×금리 조건부(지금 전세가율 0.53·금리 2.5, 유사 진입연도 ['201103', '201106', '201109', '201112', '201203', '201206'])",0.12,E-boost3|depth2|r150|relative,SCENARIO_WALKFORWARD_v0.8
3042,59,마곡13단지 힐스테이트마스터 아파트,11500,1492000000,0.0112,1.195,1.0317,1.4383,"{""bear"": 0.1057, ""base"": 0.1368, ""bull"": 0.1988}",2.0,0.0,"전세가율×금리 조건부(지금 전세가율 0.53·금리 2.5, 유사 진입연도 ['201103', '201106', '201109', '201112', '201203', '201206'])",0.98,E-boost3|depth2|r150|relative,SCENARIO_WALKFORWARD_v0.8
3042,84,마곡13단지 힐스테이트마스터 아파트,11500,1697500000,0.0159,1.2006,1.0365,1.4451,"{""bear"": 0.1057, ""base"": 0.1368, ""bull"": 0.1988}",2.0,0.0,"전세가율×금리 조건부(지금 전세가율 0.53·금리 2.5, 유사 진입연도 ['201103', '201106', '201109', '201112', '201203', '201206'])",0.98,E-boost3|depth2|r150|relative,SCENARIO_WALKFORWARD_v0.8
3071,84,마곡수명산파크1단지,11500,1308300000,0.0485,1.2404,1.0709,1.4929,"{""bear"": 0.1057, ""base"": 0.1368, ""bull"": 0.1988}",3.0,0.0,"전세가율×금리 조건부(지금 전세가율 0.53·금리 2.5, 유사 진입연도 ['201103', '201106', '201109', '201112', '201203', '201206'])",1.39,E-boost3|depth2|r150|relative,SCENARIO_WALKFORWARD_v0.8
3056,84,마곡엠밸리14단지,11500,1728500000,0.0186,1.2039,1.0394,1.449,"{""bear"": 0.1057, ""base"": 0.1368, ""bull"": 0.1988}",2.0,0.0,"전세가율×금리 조건부(지금 전세가율 0.53·금리 2.5, 유사 진입연도 ['201103', '201106', '201109', '201112', '201203', '201206'])",0.85,E-boost3|depth2|r150|relative,SCENARIO_WALKFORWARD_v0.8
3060,59,마곡엠밸리15단지,11500,1488000000,0.0155,1.2001,1.0361,1.4445,"{""bear"": 0.1057, ""base"": 0.1368, ""bull"": 0.1988}",2.0,0.0,"전세가율×금리 조건부(지금 전세가율 0.53·금리 2.5, 유사 진입연도 ['201103', '201106', '201109', '201112', '201203', '201206'])",0.96,E-boost3|depth2|r150|relative,SCENARIO_WALKFORWARD_v0.8
3060,84,마곡엠밸리15단지,11500,1660000000,0.0297,1.2173,1.051,1.4652,"{""bear"": 0.1057, ""base"": 0.1368, ""bull"": 0.1988}",2.0,0.0,"전세가율×금리 조건부(지금 전세가율 0.53·금리 2.5, 유사 진입연도 ['201103', '201106', '201109', '201112', '201203', '201206'])",0.96,E-boost3|depth2|r150|relative,SCENARIO_WALKFORWARD_v0.8
3052,84,마곡엠밸리6단지,11500,1724500000,0.0377,1.227,1.0593,1.4769,"{""bear"": 0.1057, ""base"": 0.1368, ""bull"": 0.1988}",2.0,0.0,"전세가율×금리 조건부(지금 전세가율 0.53·금리 2.5, 유사 진입연도 ['201103', '201106', '201109', '201112', '201203', '201206'])",0.23,E-boost3|depth2|r150|relative,SCENARIO_WALKFORWARD_v0.8
3053,84,마곡엠밸리7단지,11500,1967500000,0.0175,1.2026,1.0382,1.4474,"{""bear"": 0.1057, ""base"": 0.1368, ""bull"": 0.1988}",2.0,0.0,"전세가율×금리 조건부(지금 전세가율 0.53·금리 2.5, 유사 진입연도 ['201103', '201106', '201109', '201112', '201203', '201206'])",0.15,E-boost3|depth2|r150|relative,SCENARIO_WALKFORWARD_v0.8
3041,59,마곡엠밸리9단지,11500,1454000000,0.0186,1.2038,1.0393,1.449,"{""bear"": 0.1057, ""base"": 0.1368, ""bull"": 0.1988}",2.0,0.0,"전세가율×금리 조건부(지금 전세가율 0.53·금리 2.5, 유사 진입연도 ['201103', '201106', '201109', '201112', '201203', '201206'])",0.43,E-boost3|depth2|r150|relative,SCENARIO_WALKFORWARD_v0.8
3041,84,마곡엠밸리9단지,11500,1745000000,0.0148,1.1993,1.0354,1.4435,"{""bear"": 0.1057, ""base"": 0.1368, ""bull"": 0.1988}",2.0,0.0,"전세가율×금리 조건부(지금 전세가율 0.53·금리 2.5, 유사 진입연도 ['201103', '201106', '201109', '201112', '201203', '201206'])",0.43,E-boost3|depth2|r150|relative,SCENARIO_WALKFORWARD_v0.8
2684,59,마포 아이파크 포레 아파트,11440,2083000000,0.1056,1.3133,1.1338,1.5807,"{""bear"": 0.1057, ""base"": 0.1368, ""bull"": 0.1988}",2.0,,"전세가율×금리 조건부(지금 전세가율 0.53·금리 2.5, 유사 진입연도 ['201103', '201106', '201109', '201112', '201203', '201206'])",0.28,E-boost3|depth2|r150|relative,SCENARIO_WALKFORWARD_v0.8
2684,84,마포 아이파크 포레 아파트,11440,2398000000,0.1179,1.3295,1.1479,1.6003,"{""bear"": 0.1057, ""base"": 0.1368, ""bull"": 0.1988}",2.0,,"전세가율×금리 조건부(지금 전세가율 0.53·금리 2.5, 유사 진입연도 ['201103', '201106', '201109', '201112', '201203', '201206'])",0.28,E-boost3|depth2|r150|relative,SCENARIO_WALKFORWARD_v0.8
2667,59,마포그랑자이아파트,11440,2131000000,0.0914,1.2948,1.1178,1.5584,"{""bear"": 0.1057, ""base"": 0.1368, ""bull"": 0.1988}",1.0,,"전세가율×금리 조건부(지금 전세가율 0.53·금리 2.5, 유사 진입연도 ['201103', '201106', '201109', '201112', '201203', '201206'])",0.74,E-boost3|depth2|r150|relative,SCENARIO_WALKFORWARD_v0.8
2667,84,마포그랑자이아파트,11440,2502500000,0.0932,1.297,1.1198,1.5612,"{""bear"": 0.1057, ""base"": 0.1368, ""bull"": 0.1988}",1.0,,"전세가율×금리 조건부(지금 전세가율 0.53·금리 2.5, 유사 진입연도 ['201103', '201106', '201109', '201112', '201203', '201206'])",0.74,E-boost3|depth2|r150|relative,SCENARIO_WALKFORWARD_v0.8
2617,59,마포더클래시,11440,2100000000,0.0993,1.305,1.1266,1.5707,"{""bear"": 0.1057, ""base"": 0.1368, ""bull"": 0.1988}",1.0,,"전세가율×금리 조건부(지금 전세가율 0.53·금리 2.5, 유사 진입연도 ['201103', '201106', '201109', '201112', '201203', '201206'])",0.61,E-boost3|depth2|r150|relative,SCENARIO_WALKFORWARD_v0.8
2617,84,마포더클래시,11440,2448750000,0.1113,1.3208,1.1403,1.5898,"{""bear"": 0.1057, ""base"": 0.1368, ""bull"": 0.1988}",1.0,,"전세가율×금리 조건부(지금 전세가율 0.53·금리 2.5, 유사 진입연도 ['201103', '201106', '201109', '201112', '201203', '201206'])",0.61,E-boost3|depth2|r150|relative,SCENARIO_WALKFORWARD_v0.8
2623,59,마포래미안푸르지오,11440,2115000000,0.1094,1.3183,1.1381,1.5867,"{""bear"": 0.1057, ""base"": 0.1368, ""bull"": 0.1988}",1.0,,"전세가율×금리 조건부(지금 전세가율 0.53·금리 2.5, 유사 진입연도 ['201103', '201106', '201109', '201112', '201203', '201206'])",0.18,E-boost3|depth2|r150|relative,SCENARIO_WALKFORWARD_v0.8
2623,84,마포래미안푸르지오,11440,2463000000,0.1105,1.3197,1.1394,1.5884,"{""bear"": 0.1057, ""base"": 0.1368, ""bull"": 0.1988}",1.0,,"전세가율×금리 조건부(지금 전세가율 0.53·금리 2.5, 유사 진입연도 ['201103', '201106', '201109', '201112', '201203', '201206'])",0.18,E-boost3|depth2|r150|relative,SCENARIO_WALKFORWARD_v0.8
2674,59,마포프레스티지자이아파트,11440,2350000000,0.0913,1.2946,1.1177,1.5583,"{""bear"": 0.1057, ""base"": 0.1368, ""bull"": 0.1988}",2.0,,"전세가율×금리 조건부(지금 전세가율 0.53·금리 2.5, 유사 진입연도 ['201103', '201106', '201109', '201112', '201203', '201206'])",0.7,E-boost3|depth2|r150|relative,SCENARIO_WALKFORWARD_v0.8
2674,84,마포프레스티지자이아파트,11440,2728000000,0.0982,1.3036,1.1255,1.569,"{""bear"": 0.1057, ""base"": 0.1368, ""bull"": 0.1988}",2.0,,"전세가율×금리 조건부(지금 전세가율 0.53·금리 2.5, 유사 진입연도 ['201103', '201106', '201109', '201112', '201203', '201206'])",0.7,E-boost3|depth2|r150|relative,SCENARIO_WALKFORWARD_v0.8
4963,59,망포늘푸른벽산,41117,426500000,-0.0759,1.0953,0.9456,1.3184,"{""bear"": 0.1057, ""base"": 0.1368, ""bull"": 0.1988}",4.0,2.0,"전세가율×금리 조건부(지금 전세가율 0.53·금리 2.5, 유사 진입연도 ['201103', '201106', '201109', '201112', '201203', '201206'])",12.63,E-boost3|depth2|r150|relative,SCENARIO_WALKFORWARD_v0.8
4963,84,망포늘푸른벽산,41117,515000000,-0.0398,1.1355,0.9804,1.3668,"{""bear"": 0.1057, ""base"": 0.1368, ""bull"": 0.1988}",4.0,2.0,"전세가율×금리 조건부(지금 전세가율 0.53·금리 2.5, 유사 진입연도 ['201103', '201106', '201109', '201112', '201203', '201206'])",12.63,E-boost3|depth2|r150|relative,SCENARIO_WALKFORWARD_v0.8
4767,59,매교역푸르지오SK뷰아파트,41115,798100000,0.0667,1.2632,1.0906,1.5204,"{""bear"": 0.1057, ""base"": 0.1368, ""bull"": 0.1988}",3.0,0.0,"전세가율×금리 조건부(지금 전세가율 0.53·금리 2.5, 유사 진입연도 ['201103', '201106', '201109', '201112', '201203', '201206'])",12.04,E-boost3|depth2|r150|relative,SCENARIO_WALKFORWARD_v0.8
4767,74,매교역푸르지오SK뷰아파트,41115,880200000,0.0624,1.2577,1.0858,1.5138,"{""bear"": 0.1057, ""base"": 0.1368, ""bull"": 0.1988}",3.0,0.0,"전세가율×금리 조건부(지금 전세가율 0.53·금리 2.5, 유사 진입연도 ['201103', '201106', '201109', '201112', '201203', '201206'])",12.04,E-boost3|depth2|r150|relative,SCENARIO_WALKFORWARD_v0.8
4767,84,매교역푸르지오SK뷰아파트,41115,977600000,0.0624,1.2577,1.0858,1.5138,"{""bear"": 0.1057, ""base"": 0.1368, ""bull"": 0.1988}",3.0,0.0,"전세가율×금리 조건부(지금 전세가율 0.53·금리 2.5, 유사 진입연도 ['201103', '201106', '201109', '201112', '201203', '201206'])",12.04,E-boost3|depth2|r150|relative,SCENARIO_WALKFORWARD_v0.8
4864,59,매탄위브하늘채,41117,641200000,-0.0907,1.0791,0.9317,1.2989,"{""bear"": 0.1057, ""base"": 0.1368, ""bull"": 0.1988}",5.0,0.0,"전세가율×금리 조건부(지금 전세가율 0.53·금리 2.5, 유사 진입연도 ['201103', '201106', '201109', '201112', '201203', '201206'])",11.16,E-boost3|depth2|r150|relative,SCENARIO_WALKFORWARD_v0.8
4864,74,매탄위브하늘채,41117,710000000,-0.0961,1.0734,0.9267,1.2919,"{""bear"": 0.1057, ""base"": 0.1368, ""bull"": 0.1988}",5.0,0.0,"전세가율×금리 조건부(지금 전세가율 0.53·금리 2.5, 유사 진입연도 ['201103', '201106', '201109', '201112', '201203', '201206'])",11.16,E-boost3|depth2|r150|relative,SCENARIO_WALKFORWARD_v0.8
4864,84,매탄위브하늘채,41117,756000000,-0.0765,1.0946,0.945,1.3175,"{""bear"": 0.1057, ""base"": 0.1368, ""bull"": 0.1988}",5.0,0.0,"전세가율×금리 조건부(지금 전세가율 0.53·금리 2.5, 유사 진입연도 ['201103', '201106', '201109', '201112', '201203', '201206'])",11.16,E-boost3|depth2|r150|relative,SCENARIO_WALKFORWARD_v0.8
4862,74,매탄임광,41117,426200000,-0.0165,1.1623,1.0035,1.399,"{""bear"": 0.1057, ""base"": 0.1368, ""bull"": 0.1988}",5.0,0.0,"전세가율×금리 조건부(지금 전세가율 0.53·금리 2.5, 유사 진입연도 ['201103', '201106', '201109', '201112', '201203', '201206'])",11.69,E-boost3|depth2|r150|relative,SCENARIO_WALKFORWARD_v0.8
4862,84,매탄임광,41117,476000000,-0.0091,1.171,1.011,1.4094,"{""bear"": 0.1057, ""base"": 0.1368, ""bull"": 0.1988}",5.0,0.0,"전세가율×금리 조건부(지금 전세가율 0.53·금리 2.5, 유사 진입연도 ['201103', '201106', '201109', '201112', '201203', '201206'])",11.69,E-boost3|depth2|r150|relative,SCENARIO_WALKFORWARD_v0.8
4842,59,매탄현대힐스테이트,41117,583300000,-0.0641,1.1083,0.9568,1.3339,"{""bear"": 0.1057, ""base"": 0.1368, ""bull"": 0.1988}",5.0,0.0,"전세가율×금리 조건부(지금 전세가율 0.53·금리 2.5, 유사 진입연도 ['201103', '201106', '201109', '201112', '201203', '201206'])",10.52,E-boost3|depth2|r150|relative,SCENARIO_WALKFORWARD_v0.8
4842,74,매탄현대힐스테이트,41117,601200000,-0.044,1.1308,0.9762,1.361,"{""bear"": 0.1057, ""base"": 0.1368, ""bull"": 0.1988}",5.0,0.0,"전세가율×금리 조건부(지금 전세가율 0.53·금리 2.5, 유사 진입연도 ['201103', '201106', '201109', '201112', '201203', '201206'])",10.52,E-boost3|depth2|r150|relative,SCENARIO_WALKFORWARD_v0.8
4842,84,매탄현대힐스테이트,41117,636500000,-0.0568,1.1164,0.9638,1.3437,"{""bear"": 0.1057, ""base"": 0.1368, ""bull"": 0.1988}",5.0,0.0,"전세가율×금리 조건부(지금 전세가율 0.53·금리 2.5, 유사 진입연도 ['201103', '201106', '201109', '201112', '201203', '201206'])",10.52,E-boost3|depth2|r150|relative,SCENARIO_WALKFORWARD_v0.8
1686,59,면목한신,11260,574200000,0.1523,1.376,1.188,1.6562,"{""bear"": 0.1057, ""base"": 0.1368, ""bull"": 0.1988}",4.0,,"전세가율×금리 조건부(지금 전세가율 0.53·금리 2.5, 유사 진입연도 ['201103', '201106', '201109', '201112', '201203', '201206'])",3.72,E-boost3|depth2|r150|relative,SCENARIO_WALKFORWARD_v0.8
1686,84,면목한신,11260,684000000,0.1523,1.376,1.188,1.6562,"{""bear"": 0.1057, ""base"": 0.1368, ""bull"": 0.1988}",4.0,,"전세가율×금리 조건부(지금 전세가율 0.53·금리 2.5, 유사 진입연도 ['201103', '201106', '201109', '201112', '201203', '201206'])",3.72,E-boost3|depth2|r150|relative,SCENARIO_WALKFORWARD_v0.8
4382,59,명일삼익그린2차,11740,1642000000,0.0702,1.2676,1.0944,1.5257,"{""bear"": 0.1057, ""base"": 0.1368, ""bull"": 0.1988}",2.0,2.0,"전세가율×금리 조건부(지금 전세가율 0.53·금리 2.5, 유사 진입연도 ['201103', '201106', '201109', '201112', '201203', '201206'])",0.49,E-boost3|depth2|r150|relative,SCENARIO_WALKFORWARD_v0.8
4382,84,명일삼익그린2차,11740,2030000000,0.0735,1.2717,1.0979,1.5307,"{""bear"": 0.1057, ""base"": 0.1368, ""bull"": 0.1988}",2.0,2.0,"전세가율×금리 조건부(지금 전세가율 0.53·금리 2.5, 유사 진입연도 ['201103', '201106', '201109', '201112', '201203', '201206'])",0.49,E-boost3|depth2|r150|relative,SCENARIO_WALKFORWARD_v0.8
8036,59,모락산현대,41430,489200000,0.0678,1.2646,1.0918,1.5221,"{""bear"": 0.1057, ""base"": 0.1368, ""bull"": 0.1988}",5.0,-1.0,"전세가율×금리 조건부(지금 전세가율 0.53·금리 2.5, 유사 진입연도 ['201103', '201106', '201109', '201112', '201203', '201206'])",6.0,E-boost3|depth2|r150|relative,SCENARIO_WALKFORWARD_v0.8
8036,74,모락산현대,41430,572200000,0.069,1.2661,1.0931,1.5239,"{""bear"": 0.1057, ""base"": 0.1368, ""bull"": 0.1988}",5.0,-1.0,"전세가율×금리 조건부(지금 전세가율 0.53·금리 2.5, 유사 진입연도 ['201103', '201106', '201109', '201112', '201203', '201206'])",6.0,E-boost3|depth2|r150|relative,SCENARIO_WALKFORWARD_v0.8
2882,59,목동 센트럴 아이파크위브 아파트,11470,1117700000,-0.0759,1.0953,0.9457,1.3184,"{""bear"": 0.1057, ""base"": 0.1368, ""bull"": 0.1988}",4.0,1.0,"전세가율×금리 조건부(지금 전세가율 0.53·금리 2.5, 유사 진입연도 ['201103', '201106', '201109', '201112', '201203', '201206'])",3.45,E-boost3|depth2|r150|relative,SCENARIO_WALKFORWARD_v0.8
2882,84,목동 센트럴 아이파크위브 아파트,11470,1301500000,-0.0543,1.1192,0.9663,1.3471,"{""bear"": 0.1057, ""base"": 0.1368, ""bull"": 0.1988}",4.0,1.0,"전세가율×금리 조건부(지금 전세가율 0.53·금리 2.5, 유사 진입연도 ['201103', '201106', '201109', '201112', '201203', '201206'])",3.45,E-boost3|depth2|r150|relative,SCENARIO_WALKFORWARD_v0.8
2844,59,목동롯데캐슬위너,11470,1257800000,0.0653,1.2614,1.089,1.5182,"{""bear"": 0.1057, ""base"": 0.1368, ""bull"": 0.1988}",2.0,,"전세가율×금리 조건부(지금 전세가율 0.53·금리 2.5, 유사 진입연도 ['201103', '201106', '201109', '201112', '201203', '201206'])",1.55,E-boost3|depth2|r150|relative,SCENARIO_WALKFORWARD_v0.8
2844,84,목동롯데캐슬위너,11470,1389000000,0.0789,1.2787,1.104,1.5391,"{""bear"": 0.1057, ""base"": 0.1368, ""bull"": 0.1988}",2.0,,"전세가율×금리 조건부(지금 전세가율 0.53·금리 2.5, 유사 진입연도 ['201103', '201106', '201109', '201112', '201203', '201206'])",1.55,E-boost3|depth2|r150|relative,SCENARIO_WALKFORWARD_v0.8
2764,59,목동힐스테이트,11470,1768000000,-0.0108,1.169,1.0092,1.407,"{""bear"": 0.1057, ""base"": 0.1368, ""bull"": 0.1988}",3.0,5.0,"전세가율×금리 조건부(지금 전세가율 0.53·금리 2.5, 유사 진입연도 ['201103', '201106', '201109', '201112', '201203', '201206'])",2.22,E-boost3|depth2|r150|relative,SCENARIO_WALKFORWARD_v0.8
2764,84,목동힐스테이트,11470,2076000000,-0.0004,1.1812,1.0198,1.4217,"{""bear"": 0.1057, ""base"": 0.1368, ""bull"": 0.1988}",3.0,5.0,"전세가율×금리 조건부(지금 전세가율 0.53·금리 2.5, 유사 진입연도 ['201103', '201106', '201109', '201112', '201203', '201206'])",2.22,E-boost3|depth2|r150|relative,SCENARIO_WALKFORWARD_v0.8
3434,84,문래자이아파트,11560,1843000000,0.0232,1.2094,1.0441,1.4556,"{""bear"": 0.1057, ""base"": 0.1368, ""bull"": 0.1988}",3.0,,"전세가율×금리 조건부(지금 전세가율 0.53·금리 2.5, 유사 진입연도 ['201103', '201106', '201109', '201112', '201203', '201206'])",0.98,E-boost3|depth2|r150|relative,SCENARIO_WALKFORWARD_v0.8
4293,84,문정래미안,11710,1967500000,0.0518,1.2444,1.0744,1.4978,"{""bear"": 0.1057, ""base"": 0.1368, ""bull"": 0.1988}",2.0,,"전세가율×금리 조건부(지금 전세가율 0.53·금리 2.5, 유사 진입연도 ['201103', '201106', '201109', '201112', '201203', '201206'])",0.54,E-boost3|depth2|r150|relative,SCENARIO_WALKFORWARD_v0.8
8140,84,미사 레스티아 아파트,41450,1148000000,-0.1234,1.0445,0.9018,1.2572,"{""bear"": 0.1057, ""base"": 0.1368, ""bull"": 0.1988}",3.0,2.0,"전세가율×금리 조건부(지금 전세가율 0.53·금리 2.5, 유사 진입연도 ['201103', '201106', '201109', '201112', '201203', '201206'])",2.6,E-boost3|depth2|r150|relative,SCENARIO_WALKFORWARD_v0.8
8148,59,미사강변 루나리움,41450,1086000000,-0.1107,1.0578,0.9132,1.2732,"{""bear"": 0.1057, ""base"": 0.1368, ""bull"": 0.1988}",3.0,2.0,"전세가율×금리 조건부(지금 전세가율 0.53·금리 2.5, 유사 진입연도 ['201103', '201106', '201109', '201112', '201203', '201206'])",2.14,E-boost3|depth2|r150|relative,SCENARIO_WALKFORWARD_v0.8
8148,74,미사강변 루나리움,41450,1184300000,-0.1176,1.0506,0.907,1.2645,"{""bear"": 0.1057, ""base"": 0.1368, ""bull"": 0.1988}",3.0,2.0,"전세가율×금리 조건부(지금 전세가율 0.53·금리 2.5, 유사 진입연도 ['201103', '201106', '201109', '201112', '201203', '201206'])",2.14,E-boost3|depth2|r150|relative,SCENARIO_WALKFORWARD_v0.8
8148,84,미사강변 루나리움,41450,1242000000,-0.1034,1.0656,0.92,1.2826,"{""bear"": 0.1057, ""base"": 0.1368, ""bull"": 0.1988}",3.0,2.0,"전세가율×금리 조건부(지금 전세가율 0.53·금리 2.5, 유사 진입연도 ['201103', '201106', '201109', '201112', '201203', '201206'])",2.14,E-boost3|depth2|r150|relative,SCENARIO_WALKFORWARD_v0.8
8143,74,미사강변 센텀팰리스,41450,1134500000,-0.1195,1.0486,0.9053,1.2621,"{""bear"": 0.1057, ""base"": 0.1368, ""bull"": 0.1988}",3.0,2.0,"전세가율×금리 조건부(지금 전세가율 0.53·금리 2.5, 유사 진입연도 ['201103', '201106', '201109', '201112', '201203', '201206'])",1.72,E-boost3|depth2|r150|relative,SCENARIO_WALKFORWARD_v0.8
8143,84,미사강변 센텀팰리스,41450,1177500000,-0.1137,1.0546,0.9105,1.2694,"{""bear"": 0.1057, ""base"": 0.1368, ""bull"": 0.1988}",3.0,2.0,"전세가율×금리 조건부(지금 전세가율 0.53·금리 2.5, 유사 진입연도 ['201103', '201106', '201109', '201112', '201203', '201206'])",1.72,E-boost3|depth2|r150|relative,SCENARIO_WALKFORWARD_v0.8
8151,59,미사강변골든센트로,41450,1133000000,-0.1058,1.063,0.9177,1.2795,"{""bear"": 0.1057, ""base"": 0.1368, ""bull"": 0.1988}",3.0,2.0,"전세가율×금리 조건부(지금 전세가율 0.53·금리 2.5, 유사 진입연도 ['201103', '201106', '201109', '201112', '201203', '201206'])",2.48,E-boost3|depth2|r150|relative,SCENARIO_WALKFORWARD_v0.8
8151,74,미사강변골든센트로,41450,1204800000,-0.1087,1.0599,0.9151,1.2758,"{""bear"": 0.1057, ""base"": 0.1368, ""bull"": 0.1988}",3.0,2.0,"전세가율×금리 조건부(지금 전세가율 0.53·금리 2.5, 유사 진입연도 ['201103', '201106', '201109', '201112', '201203', '201206'])",2.48,E-boost3|depth2|r150|relative,SCENARIO_WALKFORWARD_v0.8
8151,84,미사강변골든센트로,41450,1288500000,-0.0933,1.0764,0.9293,1.2956,"{""bear"": 0.1057, ""base"": 0.1368, ""bull"": 0.1988}",3.0,2.0,"전세가율×금리 조건부(지금 전세가율 0.53·금리 2.5, 유사 진입연도 ['201103', '201106', '201109', '201112', '201203', '201206'])",2.48,E-boost3|depth2|r150|relative,SCENARIO_WALKFORWARD_v0.8
8170,59,미사강변센트리버,41450,1125600000,-0.1477,1.0194,0.8801,1.227,"{""bear"": 0.1057, ""base"": 0.1368, ""bull"": 0.1988}",3.0,3.0,"전세가율×금리 조건부(지금 전세가율 0.53·금리 2.5, 유사 진입연도 ['201103', '201106', '201109', '201112', '201203', '201206'])",2.87,E-boost3|depth2|r150|relative,SCENARIO_WALKFORWARD_v0.8
8170,74,미사강변센트리버,41450,1186500000,-0.146,1.0211,0.8816,1.229,"{""bear"": 0.1057, ""base"": 0.1368, ""bull"": 0.1988}",3.0,3.0,"전세가율×금리 조건부(지금 전세가율 0.53·금리 2.5, 유사 진입연도 ['201103', '201106', '201109', '201112', '201203', '201206'])",2.87,E-boost3|depth2|r150|relative,SCENARIO_WALKFORWARD_v0.8
8170,84,미사강변센트리버,41450,1252000000,-0.1316,1.036,0.8944,1.2469,"{""bear"": 0.1057, ""base"": 0.1368, ""bull"": 0.1988}",3.0,3.0,"전세가율×금리 조건부(지금 전세가율 0.53·금리 2.5, 유사 진입연도 ['201103', '201106', '201109', '201112', '201203', '201206'])",2.87,E-boost3|depth2|r150|relative,SCENARIO_WALKFORWARD_v0.8
8142,59,미사강변스타힐스,41450,1049600000,-0.1086,1.0601,0.9152,1.276,"{""bear"": 0.1057, ""base"": 0.1368, ""bull"": 0.1988}",3.0,2.0,"전세가율×금리 조건부(지금 전세가율 0.53·금리 2.5, 유사 진입연도 ['201103', '201106', '201109', '201112', '201203', '201206'])",2.61,E-boost3|depth2|r150|relative,SCENARIO_WALKFORWARD_v0.8
8142,74,미사강변스타힐스,41450,1233000000,-0.1167,1.0515,0.9078,1.2655,"{""bear"": 0.1057, ""base"": 0.1368, ""bull"": 0.1988}",3.0,2.0,"전세가율×금리 조건부(지금 전세가율 0.53·금리 2.5, 유사 진입연도 ['201103', '201106', '201109', '201112', '201203', '201206'])",2.61,E-boost3|depth2|r150|relative,SCENARIO_WALKFORWARD_v0.8
8142,84,미사강변스타힐스,41450,1296500000,-0.1101,1.0584,0.9138,1.2739,"{""bear"": 0.1057, ""base"": 0.1368, ""bull"": 0.1988}",3.0,2.0,"전세가율×금리 조건부(지금 전세가율 0.53·금리 2.5, 유사 진입연도 ['201103', '201106', '201109', '201112', '201203', '201206'])",2.61,E-boost3|depth2|r150|relative,SCENARIO_WALKFORWARD_v0.8
8145,74,미사강변푸르지오,41450,1206000000,-0.1172,1.051,0.9074,1.265,"{""bear"": 0.1057, ""base"": 0.1368, ""bull"": 0.1988}",3.0,2.0,"전세가율×금리 조건부(지금 전세가율 0.53·금리 2.5, 유사 진입연도 ['201103', '201106', '201109', '201112', '201203', '201206'])",2.02,E-boost3|depth2|r150|relative,SCENARIO_WALKFORWARD_v0.8
8145,84,미사강변푸르지오,41450,1392900000,-0.1125,1.0559,0.9116,1.2709,"{""bear"": 0.1057, ""base"": 0.1368, ""bull"": 0.1988}",3.0,2.0,"전세가율×금리 조건부(지금 전세가율 0.53·금리 2.5, 유사 진입연도 ['201103', '201106', '201109', '201112', '201203', '201206'])",2.02,E-boost3|depth2|r150|relative,SCENARIO_WALKFORWARD_v0.8
5470,59,민락엘레트아파트,41150,316000000,-0.2119,0.9561,0.8254,1.1507,"{""bear"": 0.1057, ""base"": 0.1368, ""bull"": 0.1988}",6.0,,"전세가율×금리 조건부(지금 전세가율 0.53·금리 2.5, 유사 진입연도 ['201103', '201106', '201109', '201112', '201203', '201206'])",17.86,E-boost3|depth2|r150|relative,SCENARIO_WALKFORWARD_v0.8
5472,84,민락호반베르디움1차,41150,550000000,-0.1634,1.0036,0.8664,1.2079,"{""bear"": 0.1057, ""base"": 0.1368, ""bull"": 0.1988}",6.0,,"전세가율×금리 조건부(지금 전세가율 0.53·금리 2.5, 유사 진입연도 ['201103', '201106', '201109', '201112', '201203', '201206'])",16.66,E-boost3|depth2|r150|relative,SCENARIO_WALKFORWARD_v0.8
5639,74,박달우성,41171,413000000,0.1873,1.425,1.2303,1.7152,"{""bear"": 0.1057, ""base"": 0.1368, ""bull"": 0.1988}",5.0,-2.0,"전세가율×금리 조건부(지금 전세가율 0.53·금리 2.5, 유사 진입연도 ['201103', '201106', '201109', '201112', '201203', '201206'])",2.75,E-boost3|depth2|r150|relative,SCENARIO_WALKFORWARD_v0.8
5639,84,박달우성,41171,447000000,0.1786,1.4127,1.2196,1.7003,"{""bear"": 0.1057, ""base"": 0.1368, ""bull"": 0.1988}",5.0,-2.0,"전세가율×금리 조건부(지금 전세가율 0.53·금리 2.5, 유사 진입연도 ['201103', '201106', '201109', '201112', '201203', '201206'])",2.75,E-boost3|depth2|r150|relative,SCENARIO_WALKFORWARD_v0.8
5910,59,반달마을극동아파트,41192,418000000,-0.0775,1.0935,0.9441,1.3162,"{""bear"": 0.1057, ""base"": 0.1368, ""bull"": 0.1988}",5.0,,"전세가율×금리 조건부(지금 전세가율 0.53·금리 2.5, 유사 진입연도 ['201103', '201106', '201109', '201112', '201203', '201206'])",10.41,E-boost3|depth2|r150|relative,SCENARIO_WALKFORWARD_v0.8
5910,84,반달마을극동아파트,41192,555900000,-0.0797,1.0912,0.9421,1.3134,"{""bear"": 0.1057, ""base"": 0.1368, ""bull"": 0.1988}",5.0,,"전세가율×금리 조건부(지금 전세가율 0.53·금리 2.5, 유사 진입연도 ['201103', '201106', '201109', '201112', '201203', '201206'])",10.41,E-boost3|depth2|r150|relative,SCENARIO_WALKFORWARD_v0.8
9713,59,반도유보라아이비파크 10.0 1단지,41597,421500000,-0.1188,1.0493,0.9059,1.263,"{""bear"": 0.1057, ""base"": 0.1368, ""bull"": 0.1988}",4.0,2.0,"전세가율×금리 조건부(지금 전세가율 0.53·금리 2.5, 유사 진입연도 ['201103', '201106', '201109', '201112', '201203', '201206'])",19.62,E-boost3|depth2|r150|relative,SCENARIO_WALKFORWARD_v0.8
9713,74,반도유보라아이비파크 10.0 1단지,41597,468900000,-0.1215,1.0465,0.9035,1.2595,"{""bear"": 0.1057, ""base"": 0.1368, ""bull"": 0.1988}",4.0,2.0,"전세가율×금리 조건부(지금 전세가율 0.53·금리 2.5, 유사 진입연도 ['201103', '201106', '201109', '201112', '201203', '201206'])",19.62,E-boost3|depth2|r150|relative,SCENARIO_WALKFORWARD_v0.8
9713,84,반도유보라아이비파크 10.0 1단지,41597,500600000,-0.1147,1.0536,0.9096,1.2681,"{""bear"": 0.1057, ""base"": 0.1368, ""bull"": 0.1988}",4.0,2.0,"전세가율×금리 조건부(지금 전세가율 0.53·금리 2.5, 유사 진입연도 ['201103', '201106', '201109', '201112', '201203', '201206'])",19.62,E-boost3|depth2|r150|relative,SCENARIO_WALKFORWARD_v0.8
9558,59,반정아이파크캐슬5단지,41595,616500000,-0.0151,1.1639,1.0049,1.4009,"{""bear"": 0.1057, ""base"": 0.1368, ""bull"": 0.1988}",4.0,,"전세가율×금리 조건부(지금 전세가율 0.53·금리 2.5, 유사 진입연도 ['201103', '201106', '201109', '201112', '201203', '201206'])",13.36,E-boost3|depth2|r150|relative,SCENARIO_WALKFORWARD_v0.8
9558,74,반정아이파크캐슬5단지,41595,729600000,-0.0227,1.1551,0.9973,1.3903,"{""bear"": 0.1057, ""base"": 0.1368, ""bull"": 0.1988}",4.0,,"전세가율×금리 조건부(지금 전세가율 0.53·금리 2.5, 유사 진입연도 ['201103', '201106', '201109', '201112', '201203', '201206'])",13.36,E-boost3|depth2|r150|relative,SCENARIO_WALKFORWARD_v0.8
9558,84,반정아이파크캐슬5단지,41595,780550000,-0.0173,1.1613,1.0026,1.3978,"{""bear"": 0.1057, ""base"": 0.1368, ""bull"": 0.1988}",4.0,,"전세가율×금리 조건부(지금 전세가율 0.53·금리 2.5, 유사 진입연도 ['201103', '201106', '201109', '201112', '201203', '201206'])",13.36,E-boost3|depth2|r150|relative,SCENARIO_WALKFORWARD_v0.8
3886,59,반포리체,11650,3438000000,0.1368,1.3549,1.1698,1.6308,"{""bear"": 0.1057, ""base"": 0.1368, ""bull"": 0.1988}",1.0,-2.0,"전세가율×금리 조건부(지금 전세가율 0.53·금리 2.5, 유사 진입연도 ['201103', '201106', '201109', '201112', '201203', '201206'])",0.99,E-boost3|depth2|r150|relative,SCENARIO_WALKFORWARD_v0.8
3886,84,반포리체,11650,4224000000,0.131,1.347,1.163,1.6213,"{""bear"": 0.1057, ""base"": 0.1368, ""bull"": 0.1988}",1.0,-2.0,"전세가율×금리 조건부(지금 전세가율 0.53·금리 2.5, 유사 진입연도 ['201103', '201106', '201109', '201112', '201203', '201206'])",0.99,E-boost3|depth2|r150|relative,SCENARIO_WALKFORWARD_v0.8
3884,84,반포미도아파트,11650,4061875000,0.1684,1.3984,1.2073,1.6831,"{""bear"": 0.1057, ""base"": 0.1368, ""bull"": 0.1988}",1.0,-2.0,"전세가율×금리 조건부(지금 전세가율 0.53·금리 2.5, 유사 진입연도 ['201103', '201106', '201109', '201112', '201203', '201206'])",0.46,E-boost3|depth2|r150|relative,SCENARIO_WALKFORWARD_v0.8
3883,59,반포자이,11650,3640000000,0.1166,1.3278,1.1463,1.5981,"{""bear"": 0.1057, ""base"": 0.1368, ""bull"": 0.1988}",1.0,-2.0,"전세가율×금리 조건부(지금 전세가율 0.53·금리 2.5, 유사 진입연도 ['201103', '201106', '201109', '201112', '201203', '201206'])",1.08,E-boost3|depth2|r150|relative,SCENARIO_WALKFORWARD_v0.8
3883,84,반포자이,11650,4788000000,0.113,1.323,1.1422,1.5924,"{""bear"": 0.1057, ""base"": 0.1368, ""bull"": 0.1988}",1.0,-2.0,"전세가율×금리 조건부(지금 전세가율 0.53·금리 2.5, 유사 진입연도 ['201103', '201106', '201109', '201112', '201203', '201206'])",1.08,E-boost3|depth2|r150|relative,SCENARIO_WALKFORWARD_v0.8
2051,59,방학신동아1단지,11320,354300000,0.1108,1.3202,1.1398,1.589,"{""bear"": 0.1057, ""base"": 0.1368, ""bull"": 0.1988}",5.0,-1.0,"전세가율×금리 조건부(지금 전세가율 0.53·금리 2.5, 유사 진입연도 ['201103', '201106', '201109', '201112', '201203', '201206'])",5.74,E-boost3|depth2|r150|relative,SCENARIO_WALKFORWARD_v0.8
2051,74,방학신동아1단지,11320,459000000,0.1025,1.3092,1.1303,1.5758,"{""bear"": 0.1057, ""base"": 0.1368, ""bull"": 0.1988}",5.0,-1.0,"전세가율×금리 조건부(지금 전세가율 0.53·금리 2.5, 유사 진입연도 ['201103', '201106', '201109', '201112', '201203', '201206'])",5.74,E-boost3|depth2|r150|relative,SCENARIO_WALKFORWARD_v0.8
2051,84,방학신동아1단지,11320,587900000,0.0923,1.2959,1.1188,1.5598,"{""bear"": 0.1057, ""base"": 0.1368, ""bull"": 0.1988}",5.0,-1.0,"전세가율×금리 조건부(지금 전세가율 0.53·금리 2.5, 유사 진입연도 ['201103', '201106', '201109', '201112', '201203', '201206'])",5.74,E-boost3|depth2|r150|relative,SCENARIO_WALKFORWARD_v0.8
7896,84,배곧호반베르디움더프라임아파트,41390,582100000,-0.083,1.0876,0.939,1.309,"{""bear"": 0.1057, ""base"": 0.1368, ""bull"": 0.1988}",5.0,1.0,"전세가율×금리 조건부(지금 전세가율 0.53·금리 2.5, 유사 진입연도 ['201103', '201106', '201109', '201112', '201203', '201206'])",14.61,E-boost3|depth2|r150|relative,SCENARIO_WALKFORWARD_v0.8
2425,59,백련산 에스케이뷰 아이파크,11380,988000000,0.0741,1.2726,1.0987,1.5317,"{""bear"": 0.1057, ""base"": 0.1368, ""bull"": 0.1988}",3.0,1.0,"전세가율×금리 조건부(지금 전세가율 0.53·금리 2.5, 유사 진입연도 ['201103', '201106', '201109', '201112', '201203', '201206'])",2.25,E-boost3|depth2|r150|relative,SCENARIO_WALKFORWARD_v0.8
2425,84,백련산 에스케이뷰 아이파크,11380,1159000000,0.0771,1.2764,1.102,1.5363,"{""bear"": 0.1057, ""base"": 0.1368, ""bull"": 0.1988}",3.0,1.0,"전세가율×금리 조건부(지금 전세가율 0.53·금리 2.5, 유사 진입연도 ['201103', '201106', '201109', '201112', '201203', '201206'])",2.25,E-boost3|depth2|r150|relative,SCENARIO_WALKFORWARD_v0.8
2432,59,백련산힐스테이트1차,11380,786800000,0.0991,1.3048,1.1265,1.5705,"{""bear"": 0.1057, ""base"": 0.1368, ""bull"": 0.1988}",3.0,1.0,"전세가율×금리 조건부(지금 전세가율 0.53·금리 2.5, 유사 진입연도 ['201103', '201106', '201109', '201112', '201203', '201206'])",2.06,E-boost3|depth2|r150|relative,SCENARIO_WALKFORWARD_v0.8
2432,84,백련산힐스테이트1차,11380,865700000,0.0983,1.3037,1.1256,1.5692,"{""bear"": 0.1057, ""base"": 0.1368, ""bull"": 0.1988}",3.0,1.0,"전세가율×금리 조건부(지금 전세가율 0.53·금리 2.5, 유사 진입연도 ['201103', '201106', '201109', '201112', '201203', '201206'])",2.06,E-boost3|depth2|r150|relative,SCENARIO_WALKFORWARD_v0.8
1964,59,벽산라이브파크,11305,593500000,0.0776,1.277,1.1025,1.537,"{""bear"": 0.1057, ""base"": 0.1368, ""bull"": 0.1988}",4.0,0.0,"전세가율×금리 조건부(지금 전세가율 0.53·금리 2.5, 유사 진입연도 ['201103', '201106', '201109', '201112', '201203', '201206'])",1.62,E-boost3|depth2|r150|relative,SCENARIO_WALKFORWARD_v0.8
1964,84,벽산라이브파크,11305,676400000,0.0922,1.2958,1.1188,1.5597,"{""bear"": 0.1057, ""base"": 0.1368, ""bull"": 0.1988}",4.0,0.0,"전세가율×금리 조건부(지금 전세가율 0.53·금리 2.5, 유사 진입연도 ['201103', '201106', '201109', '201112', '201203', '201206'])",1.62,E-boost3|depth2|r150|relative,SCENARIO_WALKFORWARD_v0.8
7270,74,별내아이파크2차아파트,41360,751300000,0.0089,1.1923,1.0294,1.435,"{""bear"": 0.1057, ""base"": 0.1368, ""bull"": 0.1988}",4.0,1.0,"전세가율×금리 조건부(지금 전세가율 0.53·금리 2.5, 유사 진입연도 ['201103', '201106', '201109', '201112', '201203', '201206'])",10.6,E-boost3|depth2|r150|relative,SCENARIO_WALKFORWARD_v0.8
7270,84,별내아이파크2차아파트,41360,802250000,0.0097,1.1932,1.0301,1.4361,"{""bear"": 0.1057, ""base"": 0.1368, ""bull"": 0.1988}",4.0,1.0,"전세가율×금리 조건부(지금 전세가율 0.53·금리 2.5, 유사 진입연도 ['201103', '201106', '201109', '201112', '201203', '201206'])",10.6,E-boost3|depth2|r150|relative,SCENARIO_WALKFORWARD_v0.8
7269,74,별내푸르지오,41360,575600000,-0.0669,1.1052,0.9542,1.3302,"{""bear"": 0.1057, ""base"": 0.1368, ""bull"": 0.1988}",4.0,1.0,"전세가율×금리 조건부(지금 전세가율 0.53·금리 2.5, 유사 진입연도 ['201103', '201106', '201109', '201112', '201203', '201206'])",11.82,E-boost3|depth2|r150|relative,SCENARIO_WALKFORWARD_v0.8
7269,84,별내푸르지오,41360,622900000,-0.0577,1.1154,0.963,1.3425,"{""bear"": 0.1057, ""base"": 0.1368, ""bull"": 0.1988}",4.0,1.0,"전세가율×금리 조건부(지금 전세가율 0.53·금리 2.5, 유사 진입연도 ['201103', '201106', '201109', '201112', '201203', '201206'])",11.82,E-boost3|depth2|r150|relative,SCENARIO_WALKFORWARD_v0.8
9514,59,병점역센트럴허브시티,41595,366400000,-0.1505,1.0166,0.8777,1.2236,"{""bear"": 0.1057, ""base"": 0.1368, ""bull"": 0.1988}",6.0,-1.0,"전세가율×금리 조건부(지금 전세가율 0.53·금리 2.5, 유사 진입연도 ['201103', '201106', '201109', '201112', '201203', '201206'])",16.97,E-boost3|depth2|r150|relative,SCENARIO_WALKFORWARD_v0.8
9514,84,병점역센트럴허브시티,41595,435100000,-0.1471,1.02,0.8807,1.2278,"{""bear"": 0.1057, ""base"": 0.1368, ""bull"": 0.1988}",6.0,-1.0,"전세가율×금리 조건부(지금 전세가율 0.53·금리 2.5, 유사 진입연도 ['201103', '201106', '201109', '201112', '201203', '201206'])",16.97,E-boost3|depth2|r150|relative,SCENARIO_WALKFORWARD_v0.8
9507,59,병점역아이파크캐슬,41595,635000000,-0.2352,0.934,0.8064,1.1242,"{""bear"": 0.1057, ""base"": 0.1368, ""bull"": 0.1988}",6.0,-1.0,"전세가율×금리 조건부(지금 전세가율 0.53·금리 2.5, 유사 진입연도 ['201103', '201106', '201109', '201112', '201203', '201206'])",17.51,E-boost3|depth2|r150|relative,SCENARIO_WALKFORWARD_v0.8
9507,74,병점역아이파크캐슬,41595,707600000,-0.2313,0.9377,0.8095,1.1286,"{""bear"": 0.1057, ""base"": 0.1368, ""bull"": 0.1988}",6.0,-1.0,"전세가율×금리 조건부(지금 전세가율 0.53·금리 2.5, 유사 진입연도 ['201103', '201106', '201109', '201112', '201203', '201206'])",17.51,E-boost3|depth2|r150|relative,SCENARIO_WALKFORWARD_v0.8
9507,84,병점역아이파크캐슬,41595,753500000,-0.2272,0.9415,0.8129,1.1332,"{""bear"": 0.1057, ""base"": 0.1368, ""bull"": 0.1988}",6.0,-1.0,"전세가율×금리 조건부(지금 전세가율 0.53·금리 2.5, 유사 진입연도 ['201103', '201106', '201109', '201112', '201203', '201206'])",17.51,E-boost3|depth2|r150|relative,SCENARIO_WALKFORWARD_v0.8
9528,59,병점한신,41595,262800000,-0.0905,1.0794,0.9319,1.2992,"{""bear"": 0.1057, ""base"": 0.1368, ""bull"": 0.1988}",6.0,-1.0,"전세가율×금리 조건부(지금 전세가율 0.53·금리 2.5, 유사 진입연도 ['201103', '201106', '201109', '201112', '201203', '201206'])",16.83,E-boost3|depth2|r150|relative,SCENARIO_WALKFORWARD_v0.8
9528,84,병점한신,41595,310200000,-0.0899,1.0801,0.9325,1.3,"{""bear"": 0.1057, ""base"": 0.1368, ""bull"": 0.1988}",6.0,-1.0,"전세가율×금리 조건부(지금 전세가율 0.53·금리 2.5, 유사 진입연도 ['201103', '201106', '201109', '201112', '201203', '201206'])",16.83,E-boost3|depth2|r150|relative,SCENARIO_WALKFORWARD_v0.8
3488,59,보라매 sk뷰,11560,1701100000,0.0379,1.2273,1.0596,1.4772,"{""bear"": 0.1057, ""base"": 0.1368, ""bull"": 0.1988}",3.0,1.0,"전세가율×금리 조건부(지금 전세가율 0.53·금리 2.5, 유사 진입연도 ['201103', '201106', '201109', '201112', '201203', '201206'])",2.35,E-boost3|depth2|r150|relative,SCENARIO_WALKFORWARD_v0.8
3488,84,보라매 sk뷰,11560,1935000000,0.0402,1.2301,1.062,1.4806,"{""bear"": 0.1057, ""base"": 0.1368, ""bull"": 0.1988}",3.0,1.0,"전세가율×금리 조건부(지금 전세가율 0.53·금리 2.5, 유사 진입연도 ['201103', '201106', '201109', '201112', '201203', '201206'])",2.35,E-boost3|depth2|r150|relative,SCENARIO_WALKFORWARD_v0.8
1837,59,보문파크뷰자이아파트,11290,1221000000,0.0645,1.2603,1.0881,1.517,"{""bear"": 0.1057, ""base"": 0.1368, ""bull"": 0.1988}",3.0,3.0,"전세가율×금리 조건부(지금 전세가율 0.53·금리 2.5, 유사 진입연도 ['201103', '201106', '201109', '201112', '201203', '201206'])",0.97,E-boost3|depth2|r150|relative,SCENARIO_WALKFORWARD_v0.8
1837,74,보문파크뷰자이아파트,11290,1258500000,0.0598,1.2545,1.0831,1.51,"{""bear"": 0.1057, ""base"": 0.1368, ""bull"": 0.1988}",3.0,3.0,"전세가율×금리 조건부(지금 전세가율 0.53·금리 2.5, 유사 진입연도 ['201103', '201106', '201109', '201112', '201203', '201206'])",0.97,E-boost3|depth2|r150|relative,SCENARIO_WALKFORWARD_v0.8
1837,84,보문파크뷰자이아파트,11290,1341000000,0.0634,1.259,1.087,1.5154,"{""bear"": 0.1057, ""base"": 0.1368, ""bull"": 0.1988}",3.0,3.0,"전세가율×금리 조건부(지금 전세가율 0.53·금리 2.5, 유사 진입연도 ['201103', '201106', '201109', '201112', '201203', '201206'])",0.97,E-boost3|depth2|r150|relative,SCENARIO_WALKFORWARD_v0.8
9485,74,봉담그대가3단지,41593,296400000,-0.0601,1.1127,0.9606,1.3393,"{""bear"": 0.1057, ""base"": 0.1368, ""bull"": 0.1988}",6.0,-1.0,"전세가율×금리 조건부(지금 전세가율 0.53·금리 2.5, 유사 진입연도 ['201103', '201106', '201109', '201112', '201203', '201206'])",19.16,E-boost3|depth2|r150|relative,SCENARIO_WALKFORWARD_v0.8
9485,84,봉담그대가3단지,41593,315700000,-0.0929,1.0768,0.9297,1.2961,"{""bear"": 0.1057, ""base"": 0.1368, ""bull"": 0.1988}",6.0,-1.0,"전세가율×금리 조건부(지금 전세가율 0.53·금리 2.5, 유사 진입연도 ['201103', '201106', '201109', '201112', '201203', '201206'])",19.16,E-boost3|depth2|r150|relative,SCENARIO_WALKFORWARD_v0.8
9476,59,봉담센트럴푸르지오,41593,357000000,-0.0877,1.0825,0.9345,1.3029,"{""bear"": 0.1057, ""base"": 0.1368, ""bull"": 0.1988}",6.0,-1.0,"전세가율×금리 조건부(지금 전세가율 0.53·금리 2.5, 유사 진입연도 ['201103', '201106', '201109', '201112', '201203', '201206'])",19.48,E-boost3|depth2|r150|relative,SCENARIO_WALKFORWARD_v0.8
9476,74,봉담센트럴푸르지오,41593,400000000,-0.086,1.0842,0.9361,1.305,"{""bear"": 0.1057, ""base"": 0.1368, ""bull"": 0.1988}",6.0,-1.0,"전세가율×금리 조건부(지금 전세가율 0.53·금리 2.5, 유사 진입연도 ['201103', '201106', '201109', '201112', '201203', '201206'])",19.48,E-boost3|depth2|r150|relative,SCENARIO_WALKFORWARD_v0.8
9476,84,봉담센트럴푸르지오,41593,441100000,-0.0924,1.0774,0.9302,1.2968,"{""bear"": 0.1057, ""base"": 0.1368, ""bull"": 0.1988}",6.0,-1.0,"전세가율×금리 조건부(지금 전세가율 0.53·금리 2.5, 유사 진입연도 ['201103', '201106', '201109', '201112', '201203', '201206'])",19.48,E-boost3|depth2|r150|relative,SCENARIO_WALKFORWARD_v0.8
9450,59,봉담자이프라이드시티,41593,448500000,-0.0718,1.0998,0.9495,1.3238,"{""bear"": 0.1057, ""base"": 0.1368, ""bull"": 0.1988}",6.0,-1.0,"전세가율×금리 조건부(지금 전세가율 0.53·금리 2.5, 유사 진입연도 ['201103', '201106', '201109', '201112', '201203', '201206'])",21.14,E-boost3|depth2|r150|relative,SCENARIO_WALKFORWARD_v0.8
9450,74,봉담자이프라이드시티,41593,524900000,-0.0859,1.0844,0.9362,1.3052,"{""bear"": 0.1057, ""base"": 0.1368, ""bull"": 0.1988}",6.0,-1.0,"전세가율×금리 조건부(지금 전세가율 0.53·금리 2.5, 유사 진입연도 ['201103', '201106', '201109', '201112', '201203', '201206'])",21.14,E-boost3|depth2|r150|relative,SCENARIO_WALKFORWARD_v0.8
9450,84,봉담자이프라이드시티,41593,626400000,-0.0869,1.0833,0.9353,1.3039,"{""bear"": 0.1057, ""base"": 0.1368, ""bull"": 0.1988}",6.0,-1.0,"전세가율×금리 조건부(지금 전세가율 0.53·금리 2.5, 유사 진입연도 ['201103', '201106', '201109', '201112', '201203', '201206'])",21.14,E-boost3|depth2|r150|relative,SCENARIO_WALKFORWARD_v0.8
9475,59,봉담한신더휴에듀파크아파트,41593,371900000,-0.094,1.0756,0.9286,1.2946,"{""bear"": 0.1057, ""base"": 0.1368, ""bull"": 0.1988}",6.0,-1.0,"전세가율×금리 조건부(지금 전세가율 0.53·금리 2.5, 유사 진입연도 ['201103', '201106', '201109', '201112', '201203', '201206'])",19.55,E-boost3|depth2|r150|relative,SCENARIO_WALKFORWARD_v0.8
9475,84,봉담한신더휴에듀파크아파트,41593,470000000,-0.1022,1.0668,0.9211,1.2841,"{""bear"": 0.1057, ""base"": 0.1368, ""bull"": 0.1988}",6.0,-1.0,"전세가율×금리 조건부(지금 전세가율 0.53·금리 2.5, 유사 진입연도 ['201103', '201106', '201109', '201112', '201203', '201206'])",19.55,E-boost3|depth2|r150|relative,SCENARIO_WALKFORWARD_v0.8
8087,59,부영,41450,737800000,-0.0672,1.1048,0.9539,1.3298,"{""bear"": 0.1057, ""base"": 0.1368, ""bull"": 0.1988}",4.0,,"전세가율×금리 조건부(지금 전세가율 0.53·금리 2.5, 유사 진입연도 ['201103', '201106', '201109', '201112', '201203', '201206'])",5.3,E-boost3|depth2|r150|relative,SCENARIO_WALKFORWARD_v0.8
5946,59,부천범박힐스테이트1단지,41194,473800000,0.0141,1.1984,1.0347,1.4425,"{""bear"": 0.1057, ""base"": 0.1368, ""bull"": 0.1988}",5.0,0.0,"전세가율×금리 조건부(지금 전세가율 0.53·금리 2.5, 유사 진입연도 ['201103', '201106', '201109', '201112', '201203', '201206'])",8.58,E-boost3|depth2|r150|relative,SCENARIO_WALKFORWARD_v0.8
5946,74,부천범박힐스테이트1단지,41194,493700000,0.0179,1.203,1.0386,1.4479,"{""bear"": 0.1057, ""base"": 0.1368, ""bull"": 0.1988}",5.0,0.0,"전세가율×금리 조건부(지금 전세가율 0.53·금리 2.5, 유사 진입연도 ['201103', '201106', '201109', '201112', '201203', '201206'])",8.58,E-boost3|depth2|r150|relative,SCENARIO_WALKFORWARD_v0.8
5946,84,부천범박힐스테이트1단지,41194,522000000,0.0214,1.2072,1.0422,1.453,"{""bear"": 0.1057, ""base"": 0.1368, ""bull"": 0.1988}",5.0,0.0,"전세가율×금리 조건부(지금 전세가율 0.53·금리 2.5, 유사 진입연도 ['201103', '201106', '201109', '201112', '201203', '201206'])",8.58,E-boost3|depth2|r150|relative,SCENARIO_WALKFORWARD_v0.8
5944,74,부천범박힐스테이트3단지,41194,494800000,0.0181,1.2032,1.0388,1.4482,"{""bear"": 0.1057, ""base"": 0.1368, ""bull"": 0.1988}",5.0,0.0,"전세가율×금리 조건부(지금 전세가율 0.53·금리 2.5, 유사 진입연도 ['201103', '201106', '201109', '201112', '201203', '201206'])",8.69,E-boost3|depth2|r150|relative,SCENARIO_WALKFORWARD_v0.8
5944,84,부천범박힐스테이트3단지,41194,541200000,0.0164,1.2013,1.0371,1.4459,"{""bear"": 0.1057, ""base"": 0.1368, ""bull"": 0.1988}",5.0,0.0,"전세가율×금리 조건부(지금 전세가율 0.53·금리 2.5, 유사 진입연도 ['201103', '201106', '201109', '201112', '201203', '201206'])",8.69,E-boost3|depth2|r150|relative,SCENARIO_WALKFORWARD_v0.8
5945,84,부천범박힐스테이트4단지,41194,544700000,0.0228,1.2089,1.0437,1.4551,"{""bear"": 0.1057, ""base"": 0.1368, ""bull"": 0.1988}",5.0,0.0,"전세가율×금리 조건부(지금 전세가율 0.53·금리 2.5, 유사 진입연도 ['201103', '201106', '201109', '201112', '201203', '201206'])",8.86,E-boost3|depth2|r150|relative,SCENARIO_WALKFORWARD_v0.8
471,59,부평 SK 뷰 해모로,28237,573600000,-0.0578,1.1153,0.9629,1.3424,"{""bear"": 0.1057, ""base"": 0.1368, ""bull"": 0.1988}",5.0,-1.0,"전세가율×금리 조건부(지금 전세가율 0.53·금리 2.5, 유사 진입연도 ['201103', '201106', '201109', '201112', '201203', '201206'])",11.02,E-boost3|depth2|r150|relative,SCENARIO_WALKFORWARD_v0.8
471,74,부평 SK 뷰 해모로,28237,648700000,-0.0643,1.108,0.9566,1.3336,"{""bear"": 0.1057, ""base"": 0.1368, ""bull"": 0.1988}",5.0,-1.0,"전세가율×금리 조건부(지금 전세가율 0.53·금리 2.5, 유사 진입연도 ['201103', '201106', '201109', '201112', '201203', '201206'])",11.02,E-boost3|depth2|r150|relative,SCENARIO_WALKFORWARD_v0.8
471,84,부평 SK 뷰 해모로,28237,732200000,-0.0417,1.1334,0.9785,1.3642,"{""bear"": 0.1057, ""base"": 0.1368, ""bull"": 0.1988}",5.0,-1.0,"전세가율×금리 조건부(지금 전세가율 0.53·금리 2.5, 유사 진입연도 ['201103', '201106', '201109', '201112', '201203', '201206'])",11.02,E-boost3|depth2|r150|relative,SCENARIO_WALKFORWARD_v0.8
4538,59,북수원자이렉스비아,41111,758700000,-0.1456,1.0216,0.882,1.2296,"{""bear"": 0.1057, ""base"": 0.1368, ""bull"": 0.1988}",5.0,-1.0,"전세가율×금리 조건부(지금 전세가율 0.53·금리 2.5, 유사 진입연도 ['201103', '201106', '201109', '201112', '201203', '201206'])",11.78,E-boost3|depth2|r150|relative,SCENARIO_WALKFORWARD_v0.8
4538,74,북수원자이렉스비아,41111,920000000,-0.1386,1.0287,0.8882,1.2382,"{""bear"": 0.1057, ""base"": 0.1368, ""bull"": 0.1988}",5.0,-1.0,"전세가율×금리 조건부(지금 전세가율 0.53·금리 2.5, 유사 진입연도 ['201103', '201106', '201109', '201112', '201203', '201206'])",11.78,E-boost3|depth2|r150|relative,SCENARIO_WALKFORWARD_v0.8
4538,84,북수원자이렉스비아,41111,1050000000,-0.1395,1.0278,0.8874,1.2371,"{""bear"": 0.1057, ""base"": 0.1368, ""bull"": 0.1988}",5.0,-1.0,"전세가율×금리 조건부(지금 전세가율 0.53·금리 2.5, 유사 진입연도 ['201103', '201106', '201109', '201112', '201203', '201206'])",11.78,E-boost3|depth2|r150|relative,SCENARIO_WALKFORWARD_v0.8
2371,59,북한산 푸르지오,11380,1089750000,0.0014,1.1833,1.0216,1.4242,"{""bear"": 0.1057, ""base"": 0.1368, ""bull"": 0.1988}",4.0,,"전세가율×금리 조건부(지금 전세가율 0.53·금리 2.5, 유사 진입연도 ['201103', '201106', '201109', '201112', '201203', '201206'])",3.8,E-boost3|depth2|r150|relative,SCENARIO_WALKFORWARD_v0.8
2371,84,북한산 푸르지오,11380,1156100000,0.0134,1.1976,1.0339,1.4414,"{""bear"": 0.1057, ""base"": 0.1368, ""bull"": 0.1988}",4.0,,"전세가율×금리 조건부(지금 전세가율 0.53·금리 2.5, 유사 진입연도 ['201103', '201106', '201109', '201112', '201203', '201206'])",3.8,E-boost3|depth2|r150|relative,SCENARIO_WALKFORWARD_v0.8
2388,59,북한산힐스테이트3차아파트,11380,861300000,0.0835,1.2846,1.1091,1.5462,"{""bear"": 0.1057, ""base"": 0.1368, ""bull"": 0.1988}",3.0,,"전세가율×금리 조건부(지금 전세가율 0.53·금리 2.5, 유사 진입연도 ['201103', '201106', '201109', '201112', '201203', '201206'])",5.02,E-boost3|depth2|r150|relative,SCENARIO_WALKFORWARD_v0.8
2388,84,북한산힐스테이트3차아파트,11380,955000000,0.0797,1.2797,1.1048,1.5402,"{""bear"": 0.1057, ""base"": 0.1368, ""bull"": 0.1988}",3.0,,"전세가율×금리 조건부(지금 전세가율 0.53·금리 2.5, 유사 진입연도 ['201103', '201106', '201109', '201112', '201203', '201206'])",5.02,E-boost3|depth2|r150|relative,SCENARIO_WALKFORWARD_v0.8
5136,84,분당 파크뷰,41135,2509400000,0.0949,1.2994,1.1218,1.5639,"{""bear"": 0.1057, ""base"": 0.1368, ""bull"": 0.1988}",1.0,,"전세가율×금리 조건부(지금 전세가율 0.53·금리 2.5, 유사 진입연도 ['201103', '201106', '201109', '201112', '201203', '201206'])",1.19,E-boost3|depth2|r150|relative,SCENARIO_WALKFORWARD_v0.8
1818,59,브라운스톤돈암,11290,894400000,0.0399,1.2297,1.0617,1.4801,"{""bear"": 0.1057, ""base"": 0.1368, ""bull"": 0.1988}",4.0,1.0,"전세가율×금리 조건부(지금 전세가율 0.53·금리 2.5, 유사 진입연도 ['201103', '201106', '201109', '201112', '201203', '201206'])",1.08,E-boost3|depth2|r150|relative,SCENARIO_WALKFORWARD_v0.8
1818,84,브라운스톤돈암,11290,999800000,0.0451,1.2361,1.0672,1.4878,"{""bear"": 0.1057, ""base"": 0.1368, ""bull"": 0.1988}",4.0,1.0,"전세가율×금리 조건부(지금 전세가율 0.53·금리 2.5, 유사 진입연도 ['201103', '201106', '201109', '201112', '201203', '201206'])",1.08,E-boost3|depth2|r150|relative,SCENARIO_WALKFORWARD_v0.8
8442,59,블루밍 구성 더센트럴,41463,867000000,0.0363,1.2254,1.0579,1.4749,"{""bear"": 0.1057, ""base"": 0.1368, ""bull"": 0.1988}",4.0,,"전세가율×금리 조건부(지금 전세가율 0.53·금리 2.5, 유사 진입연도 ['201103', '201106', '201109', '201112', '201203', '201206'])",4.81,E-boost3|depth2|r150|relative,SCENARIO_WALKFORWARD_v0.8
8442,84,블루밍 구성 더센트럴,41463,909000000,0.0579,1.252,1.081,1.507,"{""bear"": 0.1057, ""base"": 0.1368, ""bull"": 0.1988}",4.0,,"전세가율×금리 조건부(지금 전세가율 0.53·금리 2.5, 유사 진입연도 ['201103', '201106', '201109', '201112', '201203', '201206'])",4.81,E-boost3|depth2|r150|relative,SCENARIO_WALKFORWARD_v0.8
4600,84,비단마을베스트타운아파트,41111,639600000,-0.0811,1.0896,0.9407,1.3115,"{""bear"": 0.1057, ""base"": 0.1368, ""bull"": 0.1988}",5.0,-1.0,"전세가율×금리 조건부(지금 전세가율 0.53·금리 2.5, 유사 진입연도 ['201103', '201106', '201109', '201112', '201203', '201206'])",12.67,E-boost3|depth2|r150|relative,SCENARIO_WALKFORWARD_v0.8
5658,59,비산삼성래미안아파트,41173,729900000,0.0367,1.2258,1.0583,1.4754,"{""bear"": 0.1057, ""base"": 0.1368, ""bull"": 0.1988}",4.0,0.0,"전세가율×금리 조건부(지금 전세가율 0.53·금리 2.5, 유사 진입연도 ['201103', '201106', '201109', '201112', '201203', '201206'])",4.48,E-boost3|depth2|r150|relative,SCENARIO_WALKFORWARD_v0.8
5658,84,비산삼성래미안아파트,41173,841200000,0.0431,1.2337,1.0651,1.4849,"{""bear"": 0.1057, ""base"": 0.1368, ""bull"": 0.1988}",4.0,0.0,"전세가율×금리 조건부(지금 전세가율 0.53·금리 2.5, 유사 진입연도 ['201103', '201106', '201109', '201112', '201203', '201206'])",4.48,E-boost3|depth2|r150|relative,SCENARIO_WALKFORWARD_v0.8
1676,59,사가정 센트럴 아이파크 아파트,11260,1263500000,0.0535,1.2466,1.0763,1.5005,"{""bear"": 0.1057, ""base"": 0.1368, ""bull"": 0.1988}",4.0,,"전세가율×금리 조건부(지금 전세가율 0.53·금리 2.5, 유사 진입연도 ['201103', '201106', '201109', '201112', '201203', '201206'])",3.89,E-boost3|depth2|r150|relative,SCENARIO_WALKFORWARD_v0.8
1676,84,사가정 센트럴 아이파크 아파트,11260,1402300000,0.063,1.2584,1.0865,1.5147,"{""bear"": 0.1057, ""base"": 0.1368, ""bull"": 0.1988}",4.0,,"전세가율×금리 조건부(지금 전세가율 0.53·금리 2.5, 유사 진입연도 ['201103', '201106', '201109', '201112', '201203', '201206'])",3.89,E-boost3|depth2|r150|relative,SCENARIO_WALKFORWARD_v0.8
3632,59,사당우성2단지,11590,1630500000,0.0366,1.2258,1.0583,1.4753,"{""bear"": 0.1057, ""base"": 0.1368, ""bull"": 0.1988}",3.0,,"전세가율×금리 조건부(지금 전세가율 0.53·금리 2.5, 유사 진입연도 ['201103', '201106', '201109', '201112', '201203', '201206'])",0.96,E-boost3|depth2|r150|relative,SCENARIO_WALKFORWARD_v0.8
3632,84,사당우성2단지,11590,1810000000,0.0537,1.2468,1.0764,1.5007,"{""bear"": 0.1057, ""base"": 0.1368, ""bull"": 0.1988}",3.0,,"전세가율×금리 조건부(지금 전세가율 0.53·금리 2.5, 유사 진입연도 ['201103', '201106', '201109', '201112', '201203', '201206'])",0.96,E-boost3|depth2|r150|relative,SCENARIO_WALKFORWARD_v0.8
8857,59,산내마을2단지 센트럴리움,41480,337300000,-0.091,1.0789,0.9315,1.2986,"{""bear"": 0.1057, ""base"": 0.1368, ""bull"": 0.1988}",6.0,0.0,"전세가율×금리 조건부(지금 전세가율 0.53·금리 2.5, 유사 진입연도 ['201103', '201106', '201109', '201112', '201203', '201206'])",20.07,E-boost3|depth2|r150|relative,SCENARIO_WALKFORWARD_v0.8
8857,74,산내마을2단지 센트럴리움,41480,380000000,-0.0998,1.0694,0.9233,1.2871,"{""bear"": 0.1057, ""base"": 0.1368, ""bull"": 0.1988}",6.0,0.0,"전세가율×금리 조건부(지금 전세가율 0.53·금리 2.5, 유사 진입연도 ['201103', '201106', '201109', '201112', '201203', '201206'])",20.07,E-boost3|depth2|r150|relative,SCENARIO_WALKFORWARD_v0.8
8857,84,산내마을2단지 센트럴리움,41480,435800000,-0.1034,1.0656,0.92,1.2825,"{""bear"": 0.1057, ""base"": 0.1368, ""bull"": 0.1988}",6.0,0.0,"전세가율×금리 조건부(지금 전세가율 0.53·금리 2.5, 유사 진입연도 ['201103', '201106', '201109', '201112', '201203', '201206'])",20.07,E-boost3|depth2|r150|relative,SCENARIO_WALKFORWARD_v0.8
8856,59,산내마을9단지 힐스테이트운정 아파트,41480,482150000,-0.1127,1.0558,0.9115,1.2707,"{""bear"": 0.1057, ""base"": 0.1368, ""bull"": 0.1988}",6.0,0.0,"전세가율×금리 조건부(지금 전세가율 0.53·금리 2.5, 유사 진입연도 ['201103', '201106', '201109', '201112', '201203', '201206'])",19.31,E-boost3|depth2|r150|relative,SCENARIO_WALKFORWARD_v0.8
8856,74,산내마을9단지 힐스테이트운정 아파트,41480,560500000,-0.1148,1.0535,0.9095,1.268,"{""bear"": 0.1057, ""base"": 0.1368, ""bull"": 0.1988}",6.0,0.0,"전세가율×금리 조건부(지금 전세가율 0.53·금리 2.5, 유사 진입연도 ['201103', '201106', '201109', '201112', '201203', '201206'])",19.31,E-boost3|depth2|r150|relative,SCENARIO_WALKFORWARD_v0.8
8856,84,산내마을9단지 힐스테이트운정 아파트,41480,648400000,-0.1167,1.0515,0.9079,1.2657,"{""bear"": 0.1057, ""base"": 0.1368, ""bull"": 0.1988}",6.0,0.0,"전세가율×금리 조건부(지금 전세가율 0.53·금리 2.5, 유사 진입연도 ['201103', '201106', '201109', '201112', '201203', '201206'])",19.31,E-boost3|depth2|r150|relative,SCENARIO_WALKFORWARD_v0.8
7957,59,산본11단지주공,41410,572900000,0.0864,1.2883,1.1123,1.5506,"{""bear"": 0.1057, ""base"": 0.1368, ""bull"": 0.1988}",4.0,0.0,"전세가율×금리 조건부(지금 전세가율 0.53·금리 2.5, 유사 진입연도 ['201103', '201106', '201109', '201112', '201203', '201206'])",7.08,E-boost3|depth2|r150|relative,SCENARIO_WALKFORWARD_v0.8
7966,59,산본래미안하이어스,41410,896300000,0.0449,1.2359,1.067,1.4876,"{""bear"": 0.1057, ""base"": 0.1368, ""bull"": 0.1988}",4.0,0.0,"전세가율×금리 조건부(지금 전세가율 0.53·금리 2.5, 유사 진입연도 ['201103', '201106', '201109', '201112', '201203', '201206'])",6.48,E-boost3|depth2|r150|relative,SCENARIO_WALKFORWARD_v0.8
7966,84,산본래미안하이어스,41410,1054100000,0.0489,1.2409,1.0713,1.4935,"{""bear"": 0.1057, ""base"": 0.1368, ""bull"": 0.1988}",4.0,0.0,"전세가율×금리 조건부(지금 전세가율 0.53·금리 2.5, 유사 진입연도 ['201103', '201106', '201109', '201112', '201203', '201206'])",6.48,E-boost3|depth2|r150|relative,SCENARIO_WALKFORWARD_v0.8
7940,59,산본세종,41410,528000000,0.0943,1.2985,1.1211,1.5629,"{""bear"": 0.1057, ""base"": 0.1368, ""bull"": 0.1988}",4.0,0.0,"전세가율×금리 조건부(지금 전세가율 0.53·금리 2.5, 유사 진입연도 ['201103', '201106', '201109', '201112', '201203', '201206'])",7.39,E-boost3|depth2|r150|relative,SCENARIO_WALKFORWARD_v0.8
7940,84,산본세종,41410,713000000,0.0304,1.2182,1.0517,1.4662,"{""bear"": 0.1057, ""base"": 0.1368, ""bull"": 0.1988}",4.0,0.0,"전세가율×금리 조건부(지금 전세가율 0.53·금리 2.5, 유사 진입연도 ['201103', '201106', '201109', '201112', '201203', '201206'])",7.39,E-boost3|depth2|r150|relative,SCENARIO_WALKFORWARD_v0.8
4981,59,산성역 자이푸르지오2단지,41131,1240500000,-0.0483,1.126,0.9721,1.3552,"{""bear"": 0.1057, ""base"": 0.1368, ""bull"": 0.1988}",3.0,3.0,"전세가율×금리 조건부(지금 전세가율 0.53·금리 2.5, 유사 진입연도 ['201103', '201106', '201109', '201112', '201203', '201206'])",2.32,E-boost3|depth2|r150|relative,SCENARIO_WALKFORWARD_v0.8
4981,74,산성역 자이푸르지오2단지,41131,1357500000,-0.05,1.124,0.9704,1.3529,"{""bear"": 0.1057, ""base"": 0.1368, ""bull"": 0.1988}",3.0,3.0,"전세가율×금리 조건부(지금 전세가율 0.53·금리 2.5, 유사 진입연도 ['201103', '201106', '201109', '201112', '201203', '201206'])",2.32,E-boost3|depth2|r150|relative,SCENARIO_WALKFORWARD_v0.8
4981,84,산성역 자이푸르지오2단지,41131,1399500000,-0.0388,1.1366,0.9813,1.3681,"{""bear"": 0.1057, ""base"": 0.1368, ""bull"": 0.1988}",3.0,3.0,"전세가율×금리 조건부(지금 전세가율 0.53·금리 2.5, 유사 진입연도 ['201103', '201106', '201109', '201112', '201203', '201206'])",2.32,E-boost3|depth2|r150|relative,SCENARIO_WALKFORWARD_v0.8
4985,59,산성역 포레스티아 아파트,41131,1347500000,-0.0535,1.1201,0.9671,1.3482,"{""bear"": 0.1057, ""base"": 0.1368, ""bull"": 0.1988}",3.0,3.0,"전세가율×금리 조건부(지금 전세가율 0.53·금리 2.5, 유사 진입연도 ['201103', '201106', '201109', '201112', '201203', '201206'])",2.14,E-boost3|depth2|r150|relative,SCENARIO_WALKFORWARD_v0.8
4985,74,산성역 포레스티아 아파트,41131,1455100000,-0.0358,1.1401,0.9843,1.3723,"{""bear"": 0.1057, ""base"": 0.1368, ""bull"": 0.1988}",3.0,3.0,"전세가율×금리 조건부(지금 전세가율 0.53·금리 2.5, 유사 진입연도 ['201103', '201106', '201109', '201112', '201203', '201206'])",2.14,E-boost3|depth2|r150|relative,SCENARIO_WALKFORWARD_v0.8
4985,84,산성역 포레스티아 아파트,41131,1525500000,-0.0458,1.1288,0.9745,1.3586,"{""bear"": 0.1057, ""base"": 0.1368, ""bull"": 0.1988}",3.0,3.0,"전세가율×금리 조건부(지금 전세가율 0.53·금리 2.5, 유사 진입연도 ['201103', '201106', '201109', '201112', '201203', '201206'])",2.14,E-boost3|depth2|r150|relative,SCENARIO_WALKFORWARD_v0.8
4980,59,산성역자이푸르지오1단지,41131,1260800000,-0.0394,1.136,0.9807,1.3673,"{""bear"": 0.1057, ""base"": 0.1368, ""bull"": 0.1988}",3.0,3.0,"전세가율×금리 조건부(지금 전세가율 0.53·금리 2.5, 유사 진입연도 ['201103', '201106', '201109', '201112', '201203', '201206'])",2.73,E-boost3|depth2|r150|relative,SCENARIO_WALKFORWARD_v0.8
4980,74,산성역자이푸르지오1단지,41131,1302500000,-0.0328,1.1435,0.9873,1.3764,"{""bear"": 0.1057, ""base"": 0.1368, ""bull"": 0.1988}",3.0,3.0,"전세가율×금리 조건부(지금 전세가율 0.53·금리 2.5, 유사 진입연도 ['201103', '201106', '201109', '201112', '201203', '201206'])",2.73,E-boost3|depth2|r150|relative,SCENARIO_WALKFORWARD_v0.8
4980,84,산성역자이푸르지오1단지,41131,1349500000,-0.0352,1.1407,0.9849,1.373,"{""bear"": 0.1057, ""base"": 0.1368, ""bull"": 0.1988}",3.0,3.0,"전세가율×금리 조건부(지금 전세가율 0.53·금리 2.5, 유사 진입연도 ['201103', '201106', '201109', '201112', '201203', '201206'])",2.73,E-boost3|depth2|r150|relative,SCENARIO_WALKFORWARD_v0.8
5293,84,산운마을13단지,41135,1652500000,0.0051,1.1878,1.0255,1.4296,"{""bear"": 0.1057, ""base"": 0.1368, ""bull"": 0.1988}",2.0,,"전세가율×금리 조건부(지금 전세가율 0.53·금리 2.5, 유사 진입연도 ['201103', '201106', '201109', '201112', '201203', '201206'])",0.54,E-boost3|depth2|r150|relative,SCENARIO_WALKFORWARD_v0.8
1961,59,삼각산아이원,11305,690000000,0.0466,1.238,1.0688,1.4901,"{""bear"": 0.1057, ""base"": 0.1368, ""bull"": 0.1988}",4.0,0.0,"전세가율×금리 조건부(지금 전세가율 0.53·금리 2.5, 유사 진입연도 ['201103', '201106', '201109', '201112', '201203', '201206'])",0.88,E-boost3|depth2|r150|relative,SCENARIO_WALKFORWARD_v0.8
1961,84,삼각산아이원,11305,770000000,0.0764,1.2755,1.1012,1.5352,"{""bear"": 0.1057, ""base"": 0.1368, ""bull"": 0.1988}",4.0,0.0,"전세가율×금리 조건부(지금 전세가율 0.53·금리 2.5, 유사 진입연도 ['201103', '201106', '201109', '201112', '201203', '201206'])",0.88,E-boost3|depth2|r150|relative,SCENARIO_WALKFORWARD_v0.8
3737,59,삼성산주공3단지,11620,523900000,-0.0069,1.1736,1.0132,1.4126,"{""bear"": 0.1057, ""base"": 0.1368, ""bull"": 0.1988}",4.0,-1.0,"전세가율×금리 조건부(지금 전세가율 0.53·금리 2.5, 유사 진입연도 ['201103', '201106', '201109', '201112', '201203', '201206'])",4.67,E-boost3|depth2|r150|relative,SCENARIO_WALKFORWARD_v0.8
3737,84,삼성산주공3단지,11620,596300000,-0.0092,1.1708,1.0108,1.4092,"{""bear"": 0.1057, ""base"": 0.1368, ""bull"": 0.1988}",4.0,-1.0,"전세가율×금리 조건부(지금 전세가율 0.53·금리 2.5, 유사 진입연도 ['201103', '201106', '201109', '201112', '201203', '201206'])",4.67,E-boost3|depth2|r150|relative,SCENARIO_WALKFORWARD_v0.8
4056,84,삼성힐스테이트1단지,11680,3351000000,0.1318,1.3482,1.164,1.6227,"{""bear"": 0.1057, ""base"": 0.1368, ""bull"": 0.1988}",1.0,,"전세가율×금리 조건부(지금 전세가율 0.53·금리 2.5, 유사 진입연도 ['201103', '201106', '201109', '201112', '201203', '201206'])",0.5,E-boost3|depth2|r150|relative,SCENARIO_WALKFORWARD_v0.8
6704,74,삼송2차 아이파크,41281,808500000,-0.0371,1.1386,0.983,1.3705,"{""bear"": 0.1057, ""base"": 0.1368, ""bull"": 0.1988}",4.0,,"전세가율×금리 조건부(지금 전세가율 0.53·금리 2.5, 유사 진입연도 ['201103', '201106', '201109', '201112', '201203', '201206'])",7.39,E-boost3|depth2|r150|relative,SCENARIO_WALKFORWARD_v0.8
6704,84,삼송2차 아이파크,41281,884400000,-0.0234,1.1543,0.9966,1.3894,"{""bear"": 0.1057, ""base"": 0.1368, ""bull"": 0.1988}",4.0,,"전세가율×금리 조건부(지금 전세가율 0.53·금리 2.5, 유사 진입연도 ['201103', '201106', '201109', '201112', '201203', '201206'])",7.39,E-boost3|depth2|r150|relative,SCENARIO_WALKFORWARD_v0.8
6657,74,삼송리슈빌센트럴파크아파트,41281,690600000,0.0006,1.1824,1.0208,1.4231,"{""bear"": 0.1057, ""base"": 0.1368, ""bull"": 0.1988}",4.0,1.0,"전세가율×금리 조건부(지금 전세가율 0.53·금리 2.5, 유사 진입연도 ['201103', '201106', '201109', '201112', '201203', '201206'])",7.88,E-boost3|depth2|r150|relative,SCENARIO_WALKFORWARD_v0.8
6657,84,삼송리슈빌센트럴파크아파트,41281,726000000,-0.0005,1.181,1.0196,1.4215,"{""bear"": 0.1057, ""base"": 0.1368, ""bull"": 0.1988}",4.0,1.0,"전세가율×금리 조건부(지금 전세가율 0.53·금리 2.5, 유사 진입연도 ['201103', '201106', '201109', '201112', '201203', '201206'])",7.88,E-boost3|depth2|r150|relative,SCENARIO_WALKFORWARD_v0.8
2251,59,상계벽산,11350,521500000,0.0941,1.2983,1.1209,1.5627,"{""bear"": 0.1057, ""base"": 0.1368, ""bull"": 0.1988}",4.0,-1.0,"전세가율×금리 조건부(지금 전세가율 0.53·금리 2.5, 유사 진입연도 ['201103', '201106', '201109', '201112', '201203', '201206'])",7.42,E-boost3|depth2|r150|relative,SCENARIO_WALKFORWARD_v0.8
2251,74,상계벽산,11350,589000000,0.1226,1.3358,1.1533,1.6078,"{""bear"": 0.1057, ""base"": 0.1368, ""bull"": 0.1988}",4.0,-1.0,"전세가율×금리 조건부(지금 전세가율 0.53·금리 2.5, 유사 진입연도 ['201103', '201106', '201109', '201112', '201203', '201206'])",7.42,E-boost3|depth2|r150|relative,SCENARIO_WALKFORWARD_v0.8
2251,84,상계벽산,11350,876000000,0.0802,1.2803,1.1054,1.5411,"{""bear"": 0.1057, ""base"": 0.1368, ""bull"": 0.1988}",4.0,-1.0,"전세가율×금리 조건부(지금 전세가율 0.53·금리 2.5, 유사 진입연도 ['201103', '201106', '201109', '201112', '201203', '201206'])",7.42,E-boost3|depth2|r150|relative,SCENARIO_WALKFORWARD_v0.8
2287,59,상계보람,11350,548200000,0.08,1.2801,1.1052,1.5408,"{""bear"": 0.1057, ""base"": 0.1368, ""bull"": 0.1988}",4.0,-1.0,"전세가율×금리 조건부(지금 전세가율 0.53·금리 2.5, 유사 진입연도 ['201103', '201106', '201109', '201112', '201203', '201206'])",7.66,E-boost3|depth2|r150|relative,SCENARIO_WALKFORWARD_v0.8
2287,74,상계보람,11350,701900000,0.0953,1.2998,1.1221,1.5644,"{""bear"": 0.1057, ""base"": 0.1368, ""bull"": 0.1988}",4.0,-1.0,"전세가율×금리 조건부(지금 전세가율 0.53·금리 2.5, 유사 진입연도 ['201103', '201106', '201109', '201112', '201203', '201206'])",7.66,E-boost3|depth2|r150|relative,SCENARIO_WALKFORWARD_v0.8
2304,59,상계은빛1단지,11350,529000000,0.0643,1.2601,1.0879,1.5167,"{""bear"": 0.1057, ""base"": 0.1368, ""bull"": 0.1988}",4.0,-1.0,"전세가율×금리 조건부(지금 전세가율 0.53·금리 2.5, 유사 진입연도 ['201103', '201106', '201109', '201112', '201203', '201206'])",8.61,E-boost3|depth2|r150|relative,SCENARIO_WALKFORWARD_v0.8
2303,59,상계은빛2단지,11350,542900000,0.0568,1.2507,1.0798,1.5054,"{""bear"": 0.1057, ""base"": 0.1368, ""bull"": 0.1988}",4.0,-1.0,"전세가율×금리 조건부(지금 전세가율 0.53·금리 2.5, 유사 진입연도 ['201103', '201106', '201109', '201112', '201203', '201206'])",8.55,E-boost3|depth2|r150|relative,SCENARIO_WALKFORWARD_v0.8
2754,84,상암월드컵파크9단지,11440,1070800000,0.0302,1.2179,1.0515,1.4659,"{""bear"": 0.1057, ""base"": 0.1368, ""bull"": 0.1988}",3.0,,"전세가율×금리 조건부(지금 전세가율 0.53·금리 2.5, 유사 진입연도 ['201103', '201106', '201109', '201112', '201203', '201206'])",1.58,E-boost3|depth2|r150|relative,SCENARIO_WALKFORWARD_v0.8
8615,84,새터마을죽전힐스테이트,41465,789900000,0.0369,1.2261,1.0585,1.4757,"{""bear"": 0.1057, ""base"": 0.1368, ""bull"": 0.1988}",4.0,,"전세가율×금리 조건부(지금 전세가율 0.53·금리 2.5, 유사 진입연도 ['201103', '201106', '201109', '201112', '201203', '201206'])",1.29,E-boost3|depth2|r150|relative,SCENARIO_WALKFORWARD_v0.8
5671,59,"샛별한양4-2,3차",41173,766200000,0.113,1.323,1.1422,1.5924,"{""bear"": 0.1057, ""base"": 0.1368, ""bull"": 0.1988}",4.0,0.0,"전세가율×금리 조건부(지금 전세가율 0.53·금리 2.5, 유사 진입연도 ['201103', '201106', '201109', '201112', '201203', '201206'])",3.5,E-boost3|depth2|r150|relative,SCENARIO_WALKFORWARD_v0.8
5671,84,"샛별한양4-2,3차",41173,931800000,0.11,1.319,1.1388,1.5876,"{""bear"": 0.1057, ""base"": 0.1368, ""bull"": 0.1988}",4.0,0.0,"전세가율×금리 조건부(지금 전세가율 0.53·금리 2.5, 유사 진입연도 ['201103', '201106', '201109', '201112', '201203', '201206'])",3.5,E-boost3|depth2|r150|relative,SCENARIO_WALKFORWARD_v0.8
4619,59,서광교 파크 스위첸,41111,710800000,-0.0957,1.0738,0.9271,1.2925,"{""bear"": 0.1057, ""base"": 0.1368, ""bull"": 0.1988}",6.0,,"전세가율×금리 조건부(지금 전세가율 0.53·금리 2.5, 유사 진입연도 ['201103', '201106', '201109', '201112', '201203', '201206'])",9.19,E-boost3|depth2|r150|relative,SCENARIO_WALKFORWARD_v0.8
4619,74,서광교 파크 스위첸,41111,833400000,-0.0902,1.0798,0.9322,1.2997,"{""bear"": 0.1057, ""base"": 0.1368, ""bull"": 0.1988}",6.0,,"전세가율×금리 조건부(지금 전세가율 0.53·금리 2.5, 유사 진입연도 ['201103', '201106', '201109', '201112', '201203', '201206'])",9.19,E-boost3|depth2|r150|relative,SCENARIO_WALKFORWARD_v0.8
4619,84,서광교 파크 스위첸,41111,918000000,-0.0966,1.0728,0.9262,1.2913,"{""bear"": 0.1057, ""base"": 0.1368, ""bull"": 0.1988}",6.0,,"전세가율×금리 조건부(지금 전세가율 0.53·금리 2.5, 유사 진입연도 ['201103', '201106', '201109', '201112', '201203', '201206'])",9.19,E-boost3|depth2|r150|relative,SCENARIO_WALKFORWARD_v0.8
2527,59,서대문천연뜨란채아파트,11410,1105500000,0.0803,1.2804,1.1054,1.5411,"{""bear"": 0.1057, ""base"": 0.1368, ""bull"": 0.1988}",3.0,,"전세가율×금리 조건부(지금 전세가율 0.53·금리 2.5, 유사 진입연도 ['201103', '201106', '201109', '201112', '201203', '201206'])",0.25,E-boost3|depth2|r150|relative,SCENARIO_WALKFORWARD_v0.8
2527,74,서대문천연뜨란채아파트,11410,1161875000,0.0799,1.2799,1.105,1.5405,"{""bear"": 0.1057, ""base"": 0.1368, ""bull"": 0.1988}",3.0,,"전세가율×금리 조건부(지금 전세가율 0.53·금리 2.5, 유사 진입연도 ['201103', '201106', '201109', '201112', '201203', '201206'])",0.25,E-boost3|depth2|r150|relative,SCENARIO_WALKFORWARD_v0.8
2527,84,서대문천연뜨란채아파트,11410,1145000000,0.0907,1.2938,1.117,1.5572,"{""bear"": 0.1057, ""base"": 0.1368, ""bull"": 0.1988}",3.0,,"전세가율×금리 조건부(지금 전세가율 0.53·금리 2.5, 유사 진입연도 ['201103', '201106', '201109', '201112', '201203', '201206'])",0.25,E-boost3|depth2|r150|relative,SCENARIO_WALKFORWARD_v0.8
7604,74,서동탄역더샵파크시티,41370,543500000,-0.1646,1.0024,0.8654,1.2065,"{""bear"": 0.1057, ""base"": 0.1368, ""bull"": 0.1988}",5.0,,"전세가율×금리 조건부(지금 전세가율 0.53·금리 2.5, 유사 진입연도 ['201103', '201106', '201109', '201112', '201203', '201206'])",17.65,E-boost3|depth2|r150|relative,SCENARIO_WALKFORWARD_v0.8
7604,84,서동탄역더샵파크시티,41370,612800000,-0.1654,1.0016,0.8647,1.2055,"{""bear"": 0.1057, ""base"": 0.1368, ""bull"": 0.1988}",5.0,,"전세가율×금리 조건부(지금 전세가율 0.53·금리 2.5, 유사 진입연도 ['201103', '201106', '201109', '201112', '201203', '201206'])",17.65,E-boost3|depth2|r150|relative,SCENARIO_WALKFORWARD_v0.8
9537,84,서동탄역우남퍼스트빌,41595,381400000,-0.1015,1.0676,0.9217,1.285,"{""bear"": 0.1057, ""base"": 0.1368, ""bull"": 0.1988}",5.0,,"전세가율×금리 조건부(지금 전세가율 0.53·금리 2.5, 유사 진입연도 ['201103', '201106', '201109', '201112', '201203', '201206'])",17.1,E-boost3|depth2|r150|relative,SCENARIO_WALKFORWARD_v0.8
4661,59,서둔센트라우스,41113,557000000,-0.0607,1.1121,0.9601,1.3385,"{""bear"": 0.1057, ""base"": 0.1368, ""bull"": 0.1988}",5.0,,"전세가율×금리 조건부(지금 전세가율 0.53·금리 2.5, 유사 진입연도 ['201103', '201106', '201109', '201112', '201203', '201206'])",13.47,E-boost3|depth2|r150|relative,SCENARIO_WALKFORWARD_v0.8
4661,84,서둔센트라우스,41113,631900000,-0.0561,1.1172,0.9646,1.3447,"{""bear"": 0.1057, ""base"": 0.1368, ""bull"": 0.1988}",5.0,,"전세가율×금리 조건부(지금 전세가율 0.53·금리 2.5, 유사 진입연도 ['201103', '201106', '201109', '201112', '201203', '201206'])",13.47,E-boost3|depth2|r150|relative,SCENARIO_WALKFORWARD_v0.8
9366,84,서봉마을 사랑으로 부영6단지 아파트,41591,392400000,-0.1801,0.9869,0.852,1.1878,"{""bear"": 0.1057, ""base"": 0.1368, ""bull"": 0.1988}",6.0,,"전세가율×금리 조건부(지금 전세가율 0.53·금리 2.5, 유사 진입연도 ['201103', '201106', '201109', '201112', '201203', '201206'])",31.29,E-boost3|depth2|r150|relative,SCENARIO_WALKFORWARD_v0.8
1342,59,서울숲리버뷰자이아파트,11200,2190000000,0.0685,1.2654,1.0925,1.5231,"{""bear"": 0.1057, ""base"": 0.1368, ""bull"": 0.1988}",2.0,0.0,"전세가율×금리 조건부(지금 전세가율 0.53·금리 2.5, 유사 진입연도 ['201103', '201106', '201109', '201112', '201203', '201206'])",0.55,E-boost3|depth2|r150|relative,SCENARIO_WALKFORWARD_v0.8
1342,84,서울숲리버뷰자이아파트,11200,2628500000,0.0742,1.2726,1.0987,1.5317,"{""bear"": 0.1057, ""base"": 0.1368, ""bull"": 0.1988}",2.0,0.0,"전세가율×금리 조건부(지금 전세가율 0.53·금리 2.5, 유사 진입연도 ['201103', '201106', '201109', '201112', '201203', '201206'])",0.55,E-boost3|depth2|r150|relative,SCENARIO_WALKFORWARD_v0.8
1355,59,서울숲한신더휴아파트,11200,1658500000,0.1101,1.3192,1.1389,1.5878,"{""bear"": 0.1057, ""base"": 0.1368, ""bull"": 0.1988}",2.0,0.0,"전세가율×금리 조건부(지금 전세가율 0.53·금리 2.5, 유사 진입연도 ['201103', '201106', '201109', '201112', '201203', '201206'])",0.29,E-boost3|depth2|r150|relative,SCENARIO_WALKFORWARD_v0.8
1355,84,서울숲한신더휴아파트,11200,1843000000,0.1114,1.3209,1.1404,1.5898,"{""bear"": 0.1057, ""base"": 0.1368, ""bull"": 0.1988}",2.0,0.0,"전세가율×금리 조건부(지금 전세가율 0.53·금리 2.5, 유사 진입연도 ['201103', '201106', '201109', '201112', '201203', '201206'])",0.29,E-boost3|depth2|r150|relative,SCENARIO_WALKFORWARD_v0.8
1219,59,서울역센트럴자이아파트,11140,1930500000,0.0928,1.2966,1.1194,1.5606,"{""bear"": 0.1057, ""base"": 0.1368, ""bull"": 0.1988}",1.0,-12.0,"전세가율×금리 조건부(지금 전세가율 0.53·금리 2.5, 유사 진입연도 ['201103', '201106', '201109', '201112', '201203', '201206'])",0.04,E-boost3|depth2|r150|relative,SCENARIO_WALKFORWARD_v0.8
1219,74,서울역센트럴자이아파트,11140,2110000000,0.0849,1.2863,1.1105,1.5482,"{""bear"": 0.1057, ""base"": 0.1368, ""bull"": 0.1988}",1.0,-12.0,"전세가율×금리 조건부(지금 전세가율 0.53·금리 2.5, 유사 진입연도 ['201103', '201106', '201109', '201112', '201203', '201206'])",0.04,E-boost3|depth2|r150|relative,SCENARIO_WALKFORWARD_v0.8
1219,84,서울역센트럴자이아파트,11140,2254000000,0.0927,1.2965,1.1193,1.5605,"{""bear"": 0.1057, ""base"": 0.1368, ""bull"": 0.1988}",1.0,-12.0,"전세가율×금리 조건부(지금 전세가율 0.53·금리 2.5, 유사 진입연도 ['201103', '201106', '201109', '201112', '201203', '201206'])",0.04,E-boost3|depth2|r150|relative,SCENARIO_WALKFORWARD_v0.8
2117,59,서원아파트,11320,471600000,0.0362,1.2252,1.0578,1.4747,"{""bear"": 0.1057, ""base"": 0.1368, ""bull"": 0.1988}",5.0,,"전세가율×금리 조건부(지금 전세가율 0.53·금리 2.5, 유사 진입연도 ['201103', '201106', '201109', '201112', '201203', '201206'])",7.41,E-boost3|depth2|r150|relative,SCENARIO_WALKFORWARD_v0.8
3911,59,서초그랑자이,11650,3216000000,0.0891,1.2918,1.1152,1.5548,"{""bear"": 0.1057, ""base"": 0.1368, ""bull"": 0.1988}",1.0,-2.0,"전세가율×금리 조건부(지금 전세가율 0.53·금리 2.5, 유사 진입연도 ['201103', '201106', '201109', '201112', '201203', '201206'])",0.72,E-boost3|depth2|r150|relative,SCENARIO_WALKFORWARD_v0.8
3911,74,서초그랑자이,11650,3726666667,0.0815,1.282,1.1068,1.543,"{""bear"": 0.1057, ""base"": 0.1368, ""bull"": 0.1988}",1.0,-2.0,"전세가율×금리 조건부(지금 전세가율 0.53·금리 2.5, 유사 진입연도 ['201103', '201106', '201109', '201112', '201203', '201206'])",0.72,E-boost3|depth2|r150|relative,SCENARIO_WALKFORWARD_v0.8
3911,84,서초그랑자이,11650,3920000000,0.0944,1.2987,1.1212,1.5631,"{""bear"": 0.1057, ""base"": 0.1368, ""bull"": 0.1988}",1.0,-2.0,"전세가율×금리 조건부(지금 전세가율 0.53·금리 2.5, 유사 진입연도 ['201103', '201106', '201109', '201112', '201203', '201206'])",0.72,E-boost3|depth2|r150|relative,SCENARIO_WALKFORWARD_v0.8
3815,84,서초네이처힐3단지,11650,1947000000,0.0102,1.1937,1.0306,1.4368,"{""bear"": 0.1057, ""base"": 0.1368, ""bull"": 0.1988}",2.0,5.0,"전세가율×금리 조건부(지금 전세가율 0.53·금리 2.5, 유사 진입연도 ['201103', '201106', '201109', '201112', '201203', '201206'])",0.33,E-boost3|depth2|r150|relative,SCENARIO_WALKFORWARD_v0.8
3962,59,서초더샵포레,11650,1616000000,0.0421,1.2325,1.064,1.4834,"{""bear"": 0.1057, ""base"": 0.1368, ""bull"": 0.1988}",2.0,0.0,"전세가율×금리 조건부(지금 전세가율 0.53·금리 2.5, 유사 진입연도 ['201103', '201106', '201109', '201112', '201203', '201206'])",0.08,E-boost3|depth2|r150|relative,SCENARIO_WALKFORWARD_v0.8
3962,84,서초더샵포레,11650,1860000000,0.0523,1.2451,1.075,1.4986,"{""bear"": 0.1057, ""base"": 0.1368, ""bull"": 0.1988}",2.0,0.0,"전세가율×금리 조건부(지금 전세가율 0.53·금리 2.5, 유사 진입연도 ['201103', '201106', '201109', '201112', '201203', '201206'])",0.08,E-boost3|depth2|r150|relative,SCENARIO_WALKFORWARD_v0.8
3958,84,서초래미안,11650,2817500000,0.1207,1.3332,1.151,1.6047,"{""bear"": 0.1057, ""base"": 0.1368, ""bull"": 0.1988}",1.0,-2.0,"전세가율×금리 조건부(지금 전세가율 0.53·금리 2.5, 유사 진입연도 ['201103', '201106', '201109', '201112', '201203', '201206'])",1.07,E-boost3|depth2|r150|relative,SCENARIO_WALKFORWARD_v0.8
3959,74,서초삼풍,11650,3167000000,0.1722,1.4037,1.2119,1.6895,"{""bear"": 0.1057, ""base"": 0.1368, ""bull"": 0.1988}",1.0,-2.0,"전세가율×금리 조건부(지금 전세가율 0.53·금리 2.5, 유사 진입연도 ['201103', '201106', '201109', '201112', '201203', '201206'])",0.83,E-boost3|depth2|r150|relative,SCENARIO_WALKFORWARD_v0.8
3961,59,서초포레스타2단지아파트,11650,1610000000,0.0413,1.2314,1.0632,1.4822,"{""bear"": 0.1057, ""base"": 0.1368, ""bull"": 0.1988}",2.0,0.0,"전세가율×금리 조건부(지금 전세가율 0.53·금리 2.5, 유사 진입연도 ['201103', '201106', '201109', '201112', '201203', '201206'])",0.08,E-boost3|depth2|r150|relative,SCENARIO_WALKFORWARD_v0.8
3961,84,서초포레스타2단지아파트,11650,1798750000,0.0563,1.2501,1.0793,1.5046,"{""bear"": 0.1057, ""base"": 0.1368, ""bull"": 0.1988}",2.0,0.0,"전세가율×금리 조건부(지금 전세가율 0.53·금리 2.5, 유사 진입연도 ['201103', '201106', '201109', '201112', '201203', '201206'])",0.08,E-boost3|depth2|r150|relative,SCENARIO_WALKFORWARD_v0.8
3814,59,서초힐스,11650,1789500000,-0.0061,1.1745,1.014,1.4136,"{""bear"": 0.1057, ""base"": 0.1368, ""bull"": 0.1988}",2.0,5.0,"전세가율×금리 조건부(지금 전세가율 0.53·금리 2.5, 유사 진입연도 ['201103', '201106', '201109', '201112', '201203', '201206'])",0.99,E-boost3|depth2|r150|relative,SCENARIO_WALKFORWARD_v0.8
3814,74,서초힐스,11650,1812000000,-0.0002,1.1814,1.02,1.422,"{""bear"": 0.1057, ""base"": 0.1368, ""bull"": 0.1988}",2.0,5.0,"전세가율×금리 조건부(지금 전세가율 0.53·금리 2.5, 유사 진입연도 ['201103', '201106', '201109', '201112', '201203', '201206'])",0.99,E-boost3|depth2|r150|relative,SCENARIO_WALKFORWARD_v0.8
3814,84,서초힐스,11650,2069500000,-0.0045,1.1764,1.0156,1.4159,"{""bear"": 0.1057, ""base"": 0.1368, ""bull"": 0.1988}",2.0,5.0,"전세가율×금리 조건부(지금 전세가율 0.53·금리 2.5, 유사 진입연도 ['201103', '201106', '201109', '201112', '201203', '201206'])",0.99,E-boost3|depth2|r150|relative,SCENARIO_WALKFORWARD_v0.8
5152,59,서현시범우성,41135,1611000000,0.1266,1.3412,1.1579,1.6142,"{""bear"": 0.1057, ""base"": 0.1368, ""bull"": 0.1988}",2.0,-1.0,"전세가율×금리 조건부(지금 전세가율 0.53·금리 2.5, 유사 진입연도 ['201103', '201106', '201109', '201112', '201203', '201206'])",0.5,E-boost3|depth2|r150|relative,SCENARIO_WALKFORWARD_v0.8
5152,74,서현시범우성,41135,1905000000,0.128,1.343,1.1595,1.6164,"{""bear"": 0.1057, ""base"": 0.1368, ""bull"": 0.1988}",2.0,-1.0,"전세가율×금리 조건부(지금 전세가율 0.53·금리 2.5, 유사 진입연도 ['201103', '201106', '201109', '201112', '201203', '201206'])",0.5,E-boost3|depth2|r150|relative,SCENARIO_WALKFORWARD_v0.8
5152,84,서현시범우성,41135,1991000000,0.1366,1.3546,1.1695,1.6304,"{""bear"": 0.1057, ""base"": 0.1368, ""bull"": 0.1988}",2.0,-1.0,"전세가율×금리 조건부(지금 전세가율 0.53·금리 2.5, 유사 진입연도 ['201103', '201106', '201109', '201112', '201203', '201206'])",0.5,E-boost3|depth2|r150|relative,SCENARIO_WALKFORWARD_v0.8
5153,59,서현시범한양,41135,1681000000,0.1367,1.3548,1.1696,1.6306,"{""bear"": 0.1057, ""base"": 0.1368, ""bull"": 0.1988}",2.0,-1.0,"전세가율×금리 조건부(지금 전세가율 0.53·금리 2.5, 유사 진입연도 ['201103', '201106', '201109', '201112', '201203', '201206'])",0.76,E-boost3|depth2|r150|relative,SCENARIO_WALKFORWARD_v0.8
5153,84,서현시범한양,41135,2033000000,0.1368,1.3549,1.1698,1.6308,"{""bear"": 0.1057, ""base"": 0.1368, ""bull"": 0.1988}",2.0,-1.0,"전세가율×금리 조건부(지금 전세가율 0.53·금리 2.5, 유사 진입연도 ['201103', '201106', '201109', '201112', '201203', '201206'])",0.76,E-boost3|depth2|r150|relative,SCENARIO_WALKFORWARD_v0.8
1945,59,석관두산,11290,871000000,0.0542,1.2475,1.0771,1.5016,"{""bear"": 0.1057, ""base"": 0.1368, ""bull"": 0.1988}",4.0,1.0,"전세가율×금리 조건부(지금 전세가율 0.53·금리 2.5, 유사 진입연도 ['201103', '201106', '201109', '201112', '201203', '201206'])",4.18,E-boost3|depth2|r150|relative,SCENARIO_WALKFORWARD_v0.8
1945,84,석관두산,11290,958700000,0.0581,1.2523,1.0812,1.5073,"{""bear"": 0.1057, ""base"": 0.1368, ""bull"": 0.1988}",4.0,1.0,"전세가율×금리 조건부(지금 전세가율 0.53·금리 2.5, 유사 진입연도 ['201103', '201106', '201109', '201112', '201203', '201206'])",4.18,E-boost3|depth2|r150|relative,SCENARIO_WALKFORWARD_v0.8
5615,59,석수e편한세상,41171,554000000,0.1088,1.3175,1.1375,1.5858,"{""bear"": 0.1057, ""base"": 0.1368, ""bull"": 0.1988}",4.0,0.0,"전세가율×금리 조건부(지금 전세가율 0.53·금리 2.5, 유사 진입연도 ['201103', '201106', '201109', '201112', '201203', '201206'])",2.7,E-boost3|depth2|r150|relative,SCENARIO_WALKFORWARD_v0.8
5615,84,석수e편한세상,41171,658300000,0.1125,1.3223,1.1416,1.5916,"{""bear"": 0.1057, ""base"": 0.1368, ""bull"": 0.1988}",4.0,0.0,"전세가율×금리 조건부(지금 전세가율 0.53·금리 2.5, 유사 진입연도 ['201103', '201106', '201109', '201112', '201203', '201206'])",2.7,E-boost3|depth2|r150|relative,SCENARIO_WALKFORWARD_v0.8
5619,59,석수엘지빌리지,41171,645000000,0.1159,1.3269,1.1456,1.5971,"{""bear"": 0.1057, ""base"": 0.1368, ""bull"": 0.1988}",4.0,0.0,"전세가율×금리 조건부(지금 전세가율 0.53·금리 2.5, 유사 진입연도 ['201103', '201106', '201109', '201112', '201203', '201206'])",2.15,E-boost3|depth2|r150|relative,SCENARIO_WALKFORWARD_v0.8
5619,74,석수엘지빌리지,41171,755900000,0.13,1.3456,1.1618,1.6196,"{""bear"": 0.1057, ""base"": 0.1368, ""bull"": 0.1988}",4.0,0.0,"전세가율×금리 조건부(지금 전세가율 0.53·금리 2.5, 유사 진입연도 ['201103', '201106', '201109', '201112', '201203', '201206'])",2.15,E-boost3|depth2|r150|relative,SCENARIO_WALKFORWARD_v0.8
5620,84,석수현대,41171,639200000,0.1789,1.4131,1.22,1.7008,"{""bear"": 0.1057, ""base"": 0.1368, ""bull"": 0.1988}",4.0,0.0,"전세가율×금리 조건부(지금 전세가율 0.53·금리 2.5, 유사 진입연도 ['201103', '201106', '201109', '201112', '201203', '201206'])",2.13,E-boost3|depth2|r150|relative,SCENARIO_WALKFORWARD_v0.8
5003,59,성남단대푸르지오,41131,1138000000,-0.0315,1.145,0.9885,1.3781,"{""bear"": 0.1057, ""base"": 0.1368, ""bull"": 0.1988}",4.0,,"전세가율×금리 조건부(지금 전세가율 0.53·금리 2.5, 유사 진입연도 ['201103', '201106', '201109', '201112', '201203', '201206'])",2.49,E-boost3|depth2|r150|relative,SCENARIO_WALKFORWARD_v0.8
5003,84,성남단대푸르지오,41131,1200400000,-0.0303,1.1464,0.9897,1.3798,"{""bear"": 0.1057, ""base"": 0.1368, ""bull"": 0.1988}",4.0,,"전세가율×금리 조건부(지금 전세가율 0.53·금리 2.5, 유사 진입연도 ['201103', '201106', '201109', '201112', '201203', '201206'])",2.49,E-boost3|depth2|r150|relative,SCENARIO_WALKFORWARD_v0.8
4469,59,성내삼성,11740,1351700000,0.0487,1.2406,1.0711,1.4933,"{""bear"": 0.1057, ""base"": 0.1368, ""bull"": 0.1988}",3.0,,"전세가율×금리 조건부(지금 전세가율 0.53·금리 2.5, 유사 진입연도 ['201103', '201106', '201109', '201112', '201203', '201206'])",0.77,E-boost3|depth2|r150|relative,SCENARIO_WALKFORWARD_v0.8
4469,84,성내삼성,11740,1541000000,0.0104,1.1941,1.0309,1.4372,"{""bear"": 0.1057, ""base"": 0.1368, ""bull"": 0.1988}",3.0,,"전세가율×금리 조건부(지금 전세가율 0.53·금리 2.5, 유사 진입연도 ['201103', '201106', '201109', '201112', '201203', '201206'])",0.77,E-boost3|depth2|r150|relative,SCENARIO_WALKFORWARD_v0.8
8671,84,성복역 롯데캐슬 골드타운,41465,1612300000,-0.0414,1.1337,0.9788,1.3646,"{""bear"": 0.1057, ""base"": 0.1368, ""bull"": 0.1988}",4.0,,"전세가율×금리 조건부(지금 전세가율 0.53·금리 2.5, 유사 진입연도 ['201103', '201106', '201109', '201112', '201203', '201206'])",4.65,E-boost3|depth2|r150|relative,SCENARIO_WALKFORWARD_v0.8
8669,84,성복역 롯데캐슬 클라시엘 아파트,41465,1274600000,-0.057,1.1162,0.9636,1.3434,"{""bear"": 0.1057, ""base"": 0.1368, ""bull"": 0.1988}",4.0,,"전세가율×금리 조건부(지금 전세가율 0.53·금리 2.5, 유사 진입연도 ['201103', '201106', '201109', '201112', '201203', '201206'])",5.35,E-boost3|depth2|r150|relative,SCENARIO_WALKFORWARD_v0.8
6529,59,성포선경,41271,312000000,-0.0772,1.0938,0.9443,1.3165,"{""bear"": 0.1057, ""base"": 0.1368, ""bull"": 0.1988}",6.0,-2.0,"전세가율×금리 조건부(지금 전세가율 0.53·금리 2.5, 유사 진입연도 ['201103', '201106', '201109', '201112', '201203', '201206'])",10.86,E-boost3|depth2|r150|relative,SCENARIO_WALKFORWARD_v0.8
6529,74,성포선경,41271,370000000,-0.0003,1.1813,1.0198,1.4218,"{""bear"": 0.1057, ""base"": 0.1368, ""bull"": 0.1988}",6.0,-2.0,"전세가율×금리 조건부(지금 전세가율 0.53·금리 2.5, 유사 진입연도 ['201103', '201106', '201109', '201112', '201203', '201206'])",10.86,E-boost3|depth2|r150|relative,SCENARIO_WALKFORWARD_v0.8
6529,84,성포선경,41271,434400000,-0.0078,1.1725,1.0122,1.4112,"{""bear"": 0.1057, ""base"": 0.1368, ""bull"": 0.1988}",6.0,-2.0,"전세가율×금리 조건부(지금 전세가율 0.53·금리 2.5, 유사 진입연도 ['201103', '201106', '201109', '201112', '201203', '201206'])",10.86,E-boost3|depth2|r150|relative,SCENARIO_WALKFORWARD_v0.8
6528,74,성포예술인,41271,345600000,-0.0319,1.1445,0.9881,1.3776,"{""bear"": 0.1057, ""base"": 0.1368, ""bull"": 0.1988}",6.0,-2.0,"전세가율×금리 조건부(지금 전세가율 0.53·금리 2.5, 유사 진입연도 ['201103', '201106', '201109', '201112', '201203', '201206'])",11.03,E-boost3|depth2|r150|relative,SCENARIO_WALKFORWARD_v0.8
6528,84,성포예술인,41271,404600000,-0.0426,1.1324,0.9777,1.363,"{""bear"": 0.1057, ""base"": 0.1368, ""bull"": 0.1988}",6.0,-2.0,"전세가율×금리 조건부(지금 전세가율 0.53·금리 2.5, 유사 진입연도 ['201103', '201106', '201109', '201112', '201203', '201206'])",11.03,E-boost3|depth2|r150|relative,SCENARIO_WALKFORWARD_v0.8
6527,74,성포주공10단지,41271,397900000,-0.0401,1.1352,0.98,1.3663,"{""bear"": 0.1057, ""base"": 0.1368, ""bull"": 0.1988}",6.0,-2.0,"전세가율×금리 조건부(지금 전세가율 0.53·금리 2.5, 유사 진입연도 ['201103', '201106', '201109', '201112', '201203', '201206'])",11.02,E-boost3|depth2|r150|relative,SCENARIO_WALKFORWARD_v0.8
6530,59,성포주공11단지,41271,319800000,-0.0083,1.1719,1.0118,1.4105,"{""bear"": 0.1057, ""base"": 0.1368, ""bull"": 0.1988}",6.0,-2.0,"전세가율×금리 조건부(지금 전세가율 0.53·금리 2.5, 유사 진입연도 ['201103', '201106', '201109', '201112', '201203', '201206'])",10.57,E-boost3|depth2|r150|relative,SCENARIO_WALKFORWARD_v0.8
7607,74,세마e편한세상,41370,422750000,-0.1638,1.0032,0.8661,1.2074,"{""bear"": 0.1057, ""base"": 0.1368, ""bull"": 0.1988}",6.0,,"전세가율×금리 조건부(지금 전세가율 0.53·금리 2.5, 유사 진입연도 ['201103', '201106', '201109', '201112', '201203', '201206'])",17.95,E-boost3|depth2|r150|relative,SCENARIO_WALKFORWARD_v0.8
7607,84,세마e편한세상,41370,424300000,-0.1566,1.0104,0.8723,1.2162,"{""bear"": 0.1057, ""base"": 0.1368, ""bull"": 0.1988}",6.0,,"전세가율×금리 조건부(지금 전세가율 0.53·금리 2.5, 유사 진입연도 ['201103', '201106', '201109', '201112', '201203', '201206'])",17.95,E-boost3|depth2|r150|relative,SCENARIO_WALKFORWARD_v0.8
7610,74,세마역 트루엘 더퍼스트,41370,419700000,-0.1483,1.0188,0.8796,1.2262,"{""bear"": 0.1057, ""base"": 0.1368, ""bull"": 0.1988}",6.0,,"전세가율×금리 조건부(지금 전세가율 0.53·금리 2.5, 유사 진입연도 ['201103', '201106', '201109', '201112', '201203', '201206'])",18.83,E-boost3|depth2|r150|relative,SCENARIO_WALKFORWARD_v0.8
7610,84,세마역 트루엘 더퍼스트,41370,449300000,-0.14,1.0273,0.8869,1.2364,"{""bear"": 0.1057, ""base"": 0.1368, ""bull"": 0.1988}",6.0,,"전세가율×금리 조건부(지금 전세가율 0.53·금리 2.5, 유사 진입연도 ['201103', '201106', '201109', '201112', '201203', '201206'])",18.83,E-boost3|depth2|r150|relative,SCENARIO_WALKFORWARD_v0.8
5926,84,소사SK-VIEW,41194,561700000,0.0181,1.2033,1.0389,1.4483,"{""bear"": 0.1057, ""base"": 0.1368, ""bull"": 0.1988}",5.0,0.0,"전세가율×금리 조건부(지금 전세가율 0.53·금리 2.5, 유사 진입연도 ['201103', '201106', '201109', '201112', '201203', '201206'])",8.93,E-boost3|depth2|r150|relative,SCENARIO_WALKFORWARD_v0.8
5933,59,소사주공,41194,295100000,0.104,1.3112,1.132,1.5782,"{""bear"": 0.1057, ""base"": 0.1368, ""bull"": 0.1988}",5.0,0.0,"전세가율×금리 조건부(지금 전세가율 0.53·금리 2.5, 유사 진입연도 ['201103', '201106', '201109', '201112', '201203', '201206'])",9.46,E-boost3|depth2|r150|relative,SCENARIO_WALKFORWARD_v0.8
5924,74,소새울역중흥S클래스,41194,526100000,0.006,1.1888,1.0263,1.4309,"{""bear"": 0.1057, ""base"": 0.1368, ""bull"": 0.1988}",5.0,0.0,"전세가율×금리 조건부(지금 전세가율 0.53·금리 2.5, 유사 진입연도 ['201103', '201106', '201109', '201112', '201203', '201206'])",9.22,E-boost3|depth2|r150|relative,SCENARIO_WALKFORWARD_v0.8
5924,84,소새울역중흥S클래스,41194,536500000,0.017,1.2019,1.0377,1.4467,"{""bear"": 0.1057, ""base"": 0.1368, ""bull"": 0.1988}",5.0,0.0,"전세가율×금리 조건부(지금 전세가율 0.53·금리 2.5, 유사 진입연도 ['201103', '201106', '201109', '201112', '201203', '201206'])",9.22,E-boost3|depth2|r150|relative,SCENARIO_WALKFORWARD_v0.8
6448,59,송내4단지주공,41250,149800000,-0.1597,1.0073,0.8696,1.2124,"{""bear"": 0.1057, ""base"": 0.1368, ""bull"": 0.1988}",8.0,,"전세가율×금리 조건부(지금 전세가율 0.53·금리 2.5, 유사 진입연도 ['201103', '201106', '201109', '201112', '201203', '201206'])",31.0,E-boost3|depth2|r150|relative,SCENARIO_WALKFORWARD_v0.8
6462,59,송내주공1단지,41250,159300000,-0.1365,1.0309,0.89,1.2408,"{""bear"": 0.1057, ""base"": 0.1368, ""bull"": 0.1988}",8.0,-2.0,"전세가율×금리 조건부(지금 전세가율 0.53·금리 2.5, 유사 진입연도 ['201103', '201106', '201109', '201112', '201203', '201206'])",31.66,E-boost3|depth2|r150|relative,SCENARIO_WALKFORWARD_v0.8
6462,74,송내주공1단지,41250,204500000,-0.1518,1.0153,0.8765,1.222,"{""bear"": 0.1057, ""base"": 0.1368, ""bull"": 0.1988}",8.0,-2.0,"전세가율×금리 조건부(지금 전세가율 0.53·금리 2.5, 유사 진입연도 ['201103', '201106', '201109', '201112', '201203', '201206'])",31.66,E-boost3|depth2|r150|relative,SCENARIO_WALKFORWARD_v0.8
6462,84,송내주공1단지,41250,204700000,-0.1372,1.0301,0.8894,1.2399,"{""bear"": 0.1057, ""base"": 0.1368, ""bull"": 0.1988}",8.0,-2.0,"전세가율×금리 조건부(지금 전세가율 0.53·금리 2.5, 유사 진입연도 ['201103', '201106', '201109', '201112', '201203', '201206'])",31.66,E-boost3|depth2|r150|relative,SCENARIO_WALKFORWARD_v0.8
5468,59,송산주공1차,41150,228450000,-0.0811,1.0896,0.9407,1.3115,"{""bear"": 0.1057, ""base"": 0.1368, ""bull"": 0.1988}",7.0,-1.0,"전세가율×금리 조건부(지금 전세가율 0.53·금리 2.5, 유사 진입연도 ['201103', '201106', '201109', '201112', '201203', '201206'])",16.48,E-boost3|depth2|r150|relative,SCENARIO_WALKFORWARD_v0.8
4318,59,송파더센트레아파트,11710,1569700000,0.0471,1.2387,1.0694,1.4909,"{""bear"": 0.1057, ""base"": 0.1368, ""bull"": 0.1988}",2.0,,"전세가율×금리 조건부(지금 전세가율 0.53·금리 2.5, 유사 진입연도 ['201103', '201106', '201109', '201112', '201203', '201206'])",0.58,E-boost3|depth2|r150|relative,SCENARIO_WALKFORWARD_v0.8
9318,84,수기마을 힐스테이트 2단지,41570,648000000,0.0008,1.1826,1.021,1.4234,"{""bear"": 0.1057, ""base"": 0.1368, ""bull"": 0.1988}",5.0,0.0,"전세가율×금리 조건부(지금 전세가율 0.53·금리 2.5, 유사 진입연도 ['201103', '201106', '201109', '201112', '201203', '201206'])",5.84,E-boost3|depth2|r150|relative,SCENARIO_WALKFORWARD_v0.8
4675,84,수원 모아미래도센트럴타운,41113,740400000,-0.2094,0.9584,0.8274,1.1535,"{""bear"": 0.1057, ""base"": 0.1368, ""bull"": 0.1988}",6.0,1.0,"전세가율×금리 조건부(지금 전세가율 0.53·금리 2.5, 유사 진입연도 ['201103', '201106', '201109', '201112', '201203', '201206'])",15.72,E-boost3|depth2|r150|relative,SCENARIO_WALKFORWARD_v0.8
4544,59,수원SK스카이뷰,41111,684500000,-0.1204,1.0476,0.9044,1.2609,"{""bear"": 0.1057, ""base"": 0.1368, ""bull"": 0.1988}",5.0,-1.0,"전세가율×금리 조건부(지금 전세가율 0.53·금리 2.5, 유사 진입연도 ['201103', '201106', '201109', '201112', '201203', '201206'])",11.51,E-boost3|depth2|r150|relative,SCENARIO_WALKFORWARD_v0.8
4544,84,수원SK스카이뷰,41111,848000000,-0.1166,1.0516,0.9079,1.2657,"{""bear"": 0.1057, ""base"": 0.1368, ""bull"": 0.1988}",5.0,-1.0,"전세가율×금리 조건부(지금 전세가율 0.53·금리 2.5, 유사 진입연도 ['201103', '201106', '201109', '201112', '201203', '201206'])",11.51,E-boost3|depth2|r150|relative,SCENARIO_WALKFORWARD_v0.8
4823,59,수원센트럴아이파크자이아파트,41115,680200000,-0.0215,1.1565,0.9985,1.392,"{""bear"": 0.1057, ""base"": 0.1368, ""bull"": 0.1988}",5.0,,"전세가율×금리 조건부(지금 전세가율 0.53·금리 2.5, 유사 진입연도 ['201103', '201106', '201109', '201112', '201203', '201206'])",11.72,E-boost3|depth2|r150|relative,SCENARIO_WALKFORWARD_v0.8
4823,74,수원센트럴아이파크자이아파트,41115,778500000,-0.019,1.1594,1.001,1.3955,"{""bear"": 0.1057, ""base"": 0.1368, ""bull"": 0.1988}",5.0,,"전세가율×금리 조건부(지금 전세가율 0.53·금리 2.5, 유사 진입연도 ['201103', '201106', '201109', '201112', '201203', '201206'])",11.72,E-boost3|depth2|r150|relative,SCENARIO_WALKFORWARD_v0.8
4823,84,수원센트럴아이파크자이아파트,41115,885000000,-0.0245,1.1531,0.9955,1.3879,"{""bear"": 0.1057, ""base"": 0.1368, ""bull"": 0.1988}",5.0,,"전세가율×금리 조건부(지금 전세가율 0.53·금리 2.5, 유사 진입연도 ['201103', '201106', '201109', '201112', '201203', '201206'])",11.72,E-boost3|depth2|r150|relative,SCENARIO_WALKFORWARD_v0.8
4749,59,수원시청역SK뷰,41113,560000000,-0.0276,1.1495,0.9924,1.3836,"{""bear"": 0.1057, ""base"": 0.1368, ""bull"": 0.1988}",5.0,1.0,"전세가율×금리 조건부(지금 전세가율 0.53·금리 2.5, 유사 진입연도 ['201103', '201106', '201109', '201112', '201203', '201206'])",12.4,E-boost3|depth2|r150|relative,SCENARIO_WALKFORWARD_v0.8
4749,84,수원시청역SK뷰,41113,611650000,-0.0102,1.1697,1.0098,1.4078,"{""bear"": 0.1057, ""base"": 0.1368, ""bull"": 0.1988}",5.0,1.0,"전세가율×금리 조건부(지금 전세가율 0.53·금리 2.5, 유사 진입연도 ['201103', '201106', '201109', '201112', '201203', '201206'])",12.4,E-boost3|depth2|r150|relative,SCENARIO_WALKFORWARD_v0.8
4719,59,"수원아이파크시티 5,6단지 아파트",41113,527800000,-0.1151,1.0532,0.9093,1.2676,"{""bear"": 0.1057, ""base"": 0.1368, ""bull"": 0.1988}",5.0,1.0,"전세가율×금리 조건부(지금 전세가율 0.53·금리 2.5, 유사 진입연도 ['201103', '201106', '201109', '201112', '201203', '201206'])",14.06,E-boost3|depth2|r150|relative,SCENARIO_WALKFORWARD_v0.8
4719,74,"수원아이파크시티 5,6단지 아파트",41113,588400000,-0.1138,1.0545,0.9104,1.2692,"{""bear"": 0.1057, ""base"": 0.1368, ""bull"": 0.1988}",5.0,1.0,"전세가율×금리 조건부(지금 전세가율 0.53·금리 2.5, 유사 진입연도 ['201103', '201106', '201109', '201112', '201203', '201206'])",14.06,E-boost3|depth2|r150|relative,SCENARIO_WALKFORWARD_v0.8
4719,84,"수원아이파크시티 5,6단지 아파트",41113,639700000,-0.1064,1.0624,0.9172,1.2787,"{""bear"": 0.1057, ""base"": 0.1368, ""bull"": 0.1988}",5.0,1.0,"전세가율×금리 조건부(지금 전세가율 0.53·금리 2.5, 유사 진입연도 ['201103', '201106', '201109', '201112', '201203', '201206'])",14.06,E-boost3|depth2|r150|relative,SCENARIO_WALKFORWARD_v0.8
4740,84,수원아이파크시티2단지,41113,661800000,-0.0638,1.1087,0.9572,1.3344,"{""bear"": 0.1057, ""base"": 0.1368, ""bull"": 0.1988}",5.0,1.0,"전세가율×금리 조건부(지금 전세가율 0.53·금리 2.5, 유사 진입연도 ['201103', '201106', '201109', '201112', '201203', '201206'])",13.53,E-boost3|depth2|r150|relative,SCENARIO_WALKFORWARD_v0.8
4720,59,수원아이파크시티7단지,41113,588100000,-0.1134,1.055,0.9108,1.2698,"{""bear"": 0.1057, ""base"": 0.1368, ""bull"": 0.1988}",5.0,1.0,"전세가율×금리 조건부(지금 전세가율 0.53·금리 2.5, 유사 진입연도 ['201103', '201106', '201109', '201112', '201203', '201206'])",13.87,E-boost3|depth2|r150|relative,SCENARIO_WALKFORWARD_v0.8
4720,74,수원아이파크시티7단지,41113,679600000,-0.1123,1.0562,0.9118,1.2712,"{""bear"": 0.1057, ""base"": 0.1368, ""bull"": 0.1988}",5.0,1.0,"전세가율×금리 조건부(지금 전세가율 0.53·금리 2.5, 유사 진입연도 ['201103', '201106', '201109', '201112', '201203', '201206'])",13.87,E-boost3|depth2|r150|relative,SCENARIO_WALKFORWARD_v0.8
4720,84,수원아이파크시티7단지,41113,804250000,-0.1041,1.0648,0.9193,1.2816,"{""bear"": 0.1057, ""base"": 0.1368, ""bull"": 0.1988}",5.0,1.0,"전세가율×금리 조건부(지금 전세가율 0.53·금리 2.5, 유사 진입연도 ['201103', '201106', '201109', '201112', '201203', '201206'])",13.87,E-boost3|depth2|r150|relative,SCENARIO_WALKFORWARD_v0.8
4709,59,수원하늘채더퍼스트1단지,41113,624200000,-0.0534,1.1202,0.9671,1.3483,"{""bear"": 0.1057, ""base"": 0.1368, ""bull"": 0.1988}",4.0,3.0,"전세가율×금리 조건부(지금 전세가율 0.53·금리 2.5, 유사 진입연도 ['201103', '201106', '201109', '201112', '201203', '201206'])",13.16,E-boost3|depth2|r150|relative,SCENARIO_WALKFORWARD_v0.8
4709,74,수원하늘채더퍼스트1단지,41113,708000000,-0.0561,1.1172,0.9646,1.3447,"{""bear"": 0.1057, ""base"": 0.1368, ""bull"": 0.1988}",4.0,3.0,"전세가율×금리 조건부(지금 전세가율 0.53·금리 2.5, 유사 진입연도 ['201103', '201106', '201109', '201112', '201203', '201206'])",13.16,E-boost3|depth2|r150|relative,SCENARIO_WALKFORWARD_v0.8
4709,84,수원하늘채더퍼스트1단지,41113,769100000,-0.0506,1.1233,0.9698,1.352,"{""bear"": 0.1057, ""base"": 0.1368, ""bull"": 0.1988}",4.0,3.0,"전세가율×금리 조건부(지금 전세가율 0.53·금리 2.5, 유사 진입연도 ['201103', '201106', '201109', '201112', '201203', '201206'])",13.16,E-boost3|depth2|r150|relative,SCENARIO_WALKFORWARD_v0.8
4708,59,수원하늘채더퍼스트2단지,41113,593900000,-0.1043,1.0647,0.9192,1.2814,"{""bear"": 0.1057, ""base"": 0.1368, ""bull"": 0.1988}",4.0,3.0,"전세가율×금리 조건부(지금 전세가율 0.53·금리 2.5, 유사 진입연도 ['201103', '201106', '201109', '201112', '201203', '201206'])",13.63,E-boost3|depth2|r150|relative,SCENARIO_WALKFORWARD_v0.8
4708,74,수원하늘채더퍼스트2단지,41113,654900000,-0.1042,1.0647,0.9192,1.2815,"{""bear"": 0.1057, ""base"": 0.1368, ""bull"": 0.1988}",4.0,3.0,"전세가율×금리 조건부(지금 전세가율 0.53·금리 2.5, 유사 진입연도 ['201103', '201106', '201109', '201112', '201203', '201206'])",13.63,E-boost3|depth2|r150|relative,SCENARIO_WALKFORWARD_v0.8
4708,84,수원하늘채더퍼스트2단지,41113,711600000,-0.1016,1.0675,0.9217,1.2849,"{""bear"": 0.1057, ""base"": 0.1368, ""bull"": 0.1988}",4.0,3.0,"전세가율×금리 조건부(지금 전세가율 0.53·금리 2.5, 유사 진입연도 ['201103', '201106', '201109', '201112', '201203', '201206'])",13.63,E-boost3|depth2|r150|relative,SCENARIO_WALKFORWARD_v0.8
6627,74,수정한양,41273,353000000,-0.0944,1.0753,0.9283,1.2942,"{""bear"": 0.1057, ""base"": 0.1368, ""bull"": 0.1988}",5.0,-1.0,"전세가율×금리 조건부(지금 전세가율 0.53·금리 2.5, 유사 진입연도 ['201103', '201106', '201109', '201112', '201203', '201206'])",10.38,E-boost3|depth2|r150|relative,SCENARIO_WALKFORWARD_v0.8
6627,84,수정한양,41273,394000000,-0.0653,1.1069,0.9556,1.3323,"{""bear"": 0.1057, ""base"": 0.1368, ""bull"": 0.1988}",5.0,-1.0,"전세가율×금리 조건부(지금 전세가율 0.53·금리 2.5, 유사 진입연도 ['201103', '201106', '201109', '201112', '201203', '201206'])",10.38,E-boost3|depth2|r150|relative,SCENARIO_WALKFORWARD_v0.8
8545,59,수지4차삼성,41465,823750000,0.0682,1.2651,1.0922,1.5227,"{""bear"": 0.1057, ""base"": 0.1368, ""bull"": 0.1988}",3.0,1.0,"전세가율×금리 조건부(지금 전세가율 0.53·금리 2.5, 유사 진입연도 ['201103', '201106', '201109', '201112', '201203', '201206'])",2.4,E-boost3|depth2|r150|relative,SCENARIO_WALKFORWARD_v0.8
8549,84,수지현대아파트,41465,1141100000,0.0636,1.2592,1.0872,1.5156,"{""bear"": 0.1057, ""base"": 0.1368, ""bull"": 0.1988}",3.0,1.0,"전세가율×금리 조건부(지금 전세가율 0.53·금리 2.5, 유사 진입연도 ['201103', '201106', '201109', '201112', '201203', '201206'])",2.77,E-boost3|depth2|r150|relative,SCENARIO_WALKFORWARD_v0.8
5154,59,시범현대아파트,41135,1658300000,0.107,1.3151,1.1354,1.5829,"{""bear"": 0.1057, ""base"": 0.1368, ""bull"": 0.1988}",2.0,-1.0,"전세가율×금리 조건부(지금 전세가율 0.53·금리 2.5, 유사 진입연도 ['201103', '201106', '201109', '201112', '201203', '201206'])",0.37,E-boost3|depth2|r150|relative,SCENARIO_WALKFORWARD_v0.8
5154,84,시범현대아파트,41135,1980000000,0.1201,1.3324,1.1504,1.6038,"{""bear"": 0.1057, ""base"": 0.1368, ""bull"": 0.1988}",2.0,-1.0,"전세가율×금리 조건부(지금 전세가율 0.53·금리 2.5, 유사 진입연도 ['201103', '201106', '201109', '201112', '201203', '201206'])",0.37,E-boost3|depth2|r150|relative,SCENARIO_WALKFORWARD_v0.8
7899,74,시흥 배곧 SK VIEW 아파트,41390,519500000,-0.0748,1.0965,0.9467,1.3198,"{""bear"": 0.1057, ""base"": 0.1368, ""bull"": 0.1988}",5.0,1.0,"전세가율×금리 조건부(지금 전세가율 0.53·금리 2.5, 유사 진입연도 ['201103', '201106', '201109', '201112', '201203', '201206'])",14.75,E-boost3|depth2|r150|relative,SCENARIO_WALKFORWARD_v0.8
7899,84,시흥 배곧 SK VIEW 아파트,41390,643400000,-0.0716,1.1,0.9497,1.3239,"{""bear"": 0.1057, ""base"": 0.1368, ""bull"": 0.1988}",5.0,1.0,"전세가율×금리 조건부(지금 전세가율 0.53·금리 2.5, 유사 진입연도 ['201103', '201106', '201109', '201112', '201203', '201206'])",14.75,E-boost3|depth2|r150|relative,SCENARIO_WALKFORWARD_v0.8
7882,59,시흥6차푸르지오1단지,41390,294000000,-0.1039,1.0651,0.9195,1.2819,"{""bear"": 0.1057, ""base"": 0.1368, ""bull"": 0.1988}",6.0,,"전세가율×금리 조건부(지금 전세가율 0.53·금리 2.5, 유사 진입연도 ['201103', '201106', '201109', '201112', '201203', '201206'])",13.24,E-boost3|depth2|r150|relative,SCENARIO_WALKFORWARD_v0.8
7882,84,시흥6차푸르지오1단지,41390,369600000,-0.091,1.0789,0.9315,1.2986,"{""bear"": 0.1057, ""base"": 0.1368, ""bull"": 0.1988}",6.0,,"전세가율×금리 조건부(지금 전세가율 0.53·금리 2.5, 유사 진입연도 ['201103', '201106', '201109', '201112', '201203', '201206'])",13.24,E-boost3|depth2|r150|relative,SCENARIO_WALKFORWARD_v0.8
7885,59,시흥배곧신도시 대방노블랜드엘리트시티,41390,445200000,-0.0669,1.1052,0.9542,1.3303,"{""bear"": 0.1057, ""base"": 0.1368, ""bull"": 0.1988}",5.0,1.0,"전세가율×금리 조건부(지금 전세가율 0.53·금리 2.5, 유사 진입연도 ['201103', '201106', '201109', '201112', '201203', '201206'])",13.98,E-boost3|depth2|r150|relative,SCENARIO_WALKFORWARD_v0.8
7891,74,시흥배곧한신더휴,41390,565800000,-0.0912,1.0787,0.9313,1.2983,"{""bear"": 0.1057, ""base"": 0.1368, ""bull"": 0.1988}",5.0,1.0,"전세가율×금리 조건부(지금 전세가율 0.53·금리 2.5, 유사 진입연도 ['201103', '201106', '201109', '201112', '201203', '201206'])",14.42,E-boost3|depth2|r150|relative,SCENARIO_WALKFORWARD_v0.8
7891,84,시흥배곧한신더휴,41390,612000000,-0.0901,1.0798,0.9323,1.2997,"{""bear"": 0.1057, ""base"": 0.1368, ""bull"": 0.1988}",5.0,1.0,"전세가율×금리 조건부(지금 전세가율 0.53·금리 2.5, 유사 진입연도 ['201103', '201106', '201109', '201112', '201203', '201206'])",14.42,E-boost3|depth2|r150|relative,SCENARIO_WALKFORWARD_v0.8
7646,59,시흥센트럴푸르지오아파트,41390,591800000,-0.041,1.1341,0.9792,1.3651,"{""bear"": 0.1057, ""base"": 0.1368, ""bull"": 0.1988}",6.0,2.0,"전세가율×금리 조건부(지금 전세가율 0.53·금리 2.5, 유사 진입연도 ['201103', '201106', '201109', '201112', '201203', '201206'])",8.85,E-boost3|depth2|r150|relative,SCENARIO_WALKFORWARD_v0.8
7646,74,시흥센트럴푸르지오아파트,41390,684100000,-0.0439,1.1309,0.9763,1.3611,"{""bear"": 0.1057, ""base"": 0.1368, ""bull"": 0.1988}",6.0,2.0,"전세가율×금리 조건부(지금 전세가율 0.53·금리 2.5, 유사 진입연도 ['201103', '201106', '201109', '201112', '201203', '201206'])",8.85,E-boost3|depth2|r150|relative,SCENARIO_WALKFORWARD_v0.8
7646,84,시흥센트럴푸르지오아파트,41390,743000000,-0.0366,1.1392,0.9835,1.3711,"{""bear"": 0.1057, ""base"": 0.1368, ""bull"": 0.1988}",6.0,2.0,"전세가율×금리 조건부(지금 전세가율 0.53·금리 2.5, 유사 진입연도 ['201103', '201106', '201109', '201112', '201203', '201206'])",8.85,E-boost3|depth2|r150|relative,SCENARIO_WALKFORWARD_v0.8
7685,74,시흥은계한양수자인더클래스아파트,41390,556100000,-0.027,1.1502,0.993,1.3844,"{""bear"": 0.1057, ""base"": 0.1368, ""bull"": 0.1988}",5.0,2.0,"전세가율×금리 조건부(지금 전세가율 0.53·금리 2.5, 유사 진입연도 ['201103', '201106', '201109', '201112', '201203', '201206'])",7.38,E-boost3|depth2|r150|relative,SCENARIO_WALKFORWARD_v0.8
7685,84,시흥은계한양수자인더클래스아파트,41390,597900000,-0.0165,1.1624,1.0035,1.399,"{""bear"": 0.1057, ""base"": 0.1368, ""bull"": 0.1988}",5.0,2.0,"전세가율×금리 조건부(지금 전세가율 0.53·금리 2.5, 유사 진입연도 ['201103', '201106', '201109', '201112', '201203', '201206'])",7.38,E-boost3|depth2|r150|relative,SCENARIO_WALKFORWARD_v0.8
5426,59,신곡서해아파트,41150,205000000,-0.0205,1.1577,0.9995,1.3934,"{""bear"": 0.1057, ""base"": 0.1368, ""bull"": 0.1988}",7.0,0.0,"전세가율×금리 조건부(지금 전세가율 0.53·금리 2.5, 유사 진입연도 ['201103', '201106', '201109', '201112', '201203', '201206'])",14.09,E-boost3|depth2|r150|relative,SCENARIO_WALKFORWARD_v0.8
5426,84,신곡서해아파트,41150,300000000,0.0007,1.1825,1.0209,1.4233,"{""bear"": 0.1057, ""base"": 0.1368, ""bull"": 0.1988}",7.0,0.0,"전세가율×금리 조건부(지금 전세가율 0.53·금리 2.5, 유사 진입연도 ['201103', '201106', '201109', '201112', '201203', '201206'])",14.09,E-boost3|depth2|r150|relative,SCENARIO_WALKFORWARD_v0.8
1367,59,신금호파크자이아파트,11200,2049000000,0.0746,1.2731,1.0992,1.5324,"{""bear"": 0.1057, ""base"": 0.1368, ""bull"": 0.1988}",1.0,,"전세가율×금리 조건부(지금 전세가율 0.53·금리 2.5, 유사 진입연도 ['201103', '201106', '201109', '201112', '201203', '201206'])",0.37,E-boost3|depth2|r150|relative,SCENARIO_WALKFORWARD_v0.8
3504,59,신길삼환,11560,1213000000,0.1042,1.3114,1.1322,1.5785,"{""bear"": 0.1057, ""base"": 0.1368, ""bull"": 0.1988}",3.0,1.0,"전세가율×금리 조건부(지금 전세가율 0.53·금리 2.5, 유사 진입연도 ['201103', '201106', '201109', '201112', '201203', '201206'])",1.9,E-boost3|depth2|r150|relative,SCENARIO_WALKFORWARD_v0.8
3504,84,신길삼환,11560,1251500000,0.1173,1.3288,1.1472,1.5993,"{""bear"": 0.1057, ""base"": 0.1368, ""bull"": 0.1988}",3.0,1.0,"전세가율×금리 조건부(지금 전세가율 0.53·금리 2.5, 유사 진입연도 ['201103', '201106', '201109', '201112', '201203', '201206'])",1.9,E-boost3|depth2|r150|relative,SCENARIO_WALKFORWARD_v0.8
3487,59,신길센트럴자이,11560,1690000000,0.0047,1.1873,1.025,1.429,"{""bear"": 0.1057, ""base"": 0.1368, ""bull"": 0.1988}",3.0,1.0,"전세가율×금리 조건부(지금 전세가율 0.53·금리 2.5, 유사 진입연도 ['201103', '201106', '201109', '201112', '201203', '201206'])",2.2,E-boost3|depth2|r150|relative,SCENARIO_WALKFORWARD_v0.8
3487,84,신길센트럴자이,11560,1882000000,0.0074,1.1905,1.0278,1.4329,"{""bear"": 0.1057, ""base"": 0.1368, ""bull"": 0.1988}",3.0,1.0,"전세가율×금리 조건부(지금 전세가율 0.53·금리 2.5, 유사 진입연도 ['201103', '201106', '201109', '201112', '201203', '201206'])",2.2,E-boost3|depth2|r150|relative,SCENARIO_WALKFORWARD_v0.8
1784,59,신내 데시앙포레,11260,692600000,-0.0321,1.1443,0.9879,1.3773,"{""bear"": 0.1057, ""base"": 0.1368, ""bull"": 0.1988}",4.0,1.0,"전세가율×금리 조건부(지금 전세가율 0.53·금리 2.5, 유사 진입연도 ['201103', '201106', '201109', '201112', '201203', '201206'])",7.32,E-boost3|depth2|r150|relative,SCENARIO_WALKFORWARD_v0.8
1784,84,신내 데시앙포레,11260,774700000,-0.0223,1.1556,0.9977,1.3909,"{""bear"": 0.1057, ""base"": 0.1368, ""bull"": 0.1988}",4.0,1.0,"전세가율×금리 조건부(지금 전세가율 0.53·금리 2.5, 유사 진입연도 ['201103', '201106', '201109', '201112', '201203', '201206'])",7.32,E-boost3|depth2|r150|relative,SCENARIO_WALKFORWARD_v0.8
1788,59,신내데시앙,11260,709150000,0.093,1.2968,1.1196,1.5609,"{""bear"": 0.1057, ""base"": 0.1368, ""bull"": 0.1988}",4.0,1.0,"전세가율×금리 조건부(지금 전세가율 0.53·금리 2.5, 유사 진입연도 ['201103', '201106', '201109', '201112', '201203', '201206'])",7.02,E-boost3|depth2|r150|relative,SCENARIO_WALKFORWARD_v0.8
1788,84,신내데시앙,11260,885500000,0.0958,1.3004,1.1227,1.5652,"{""bear"": 0.1057, ""base"": 0.1368, ""bull"": 0.1988}",4.0,1.0,"전세가율×금리 조건부(지금 전세가율 0.53·금리 2.5, 유사 진입연도 ['201103', '201106', '201109', '201112', '201203', '201206'])",7.02,E-boost3|depth2|r150|relative,SCENARIO_WALKFORWARD_v0.8
1785,59,신내우디안1단지,11260,731500000,-0.0094,1.1705,1.0106,1.4089,"{""bear"": 0.1057, ""base"": 0.1368, ""bull"": 0.1988}",4.0,1.0,"전세가율×금리 조건부(지금 전세가율 0.53·금리 2.5, 유사 진입연도 ['201103', '201106', '201109', '201112', '201203', '201206'])",7.52,E-boost3|depth2|r150|relative,SCENARIO_WALKFORWARD_v0.8
1785,84,신내우디안1단지,11260,774000000,0.0037,1.1861,1.024,1.4276,"{""bear"": 0.1057, ""base"": 0.1368, ""bull"": 0.1988}",4.0,1.0,"전세가율×금리 조건부(지금 전세가율 0.53·금리 2.5, 유사 진입연도 ['201103', '201106', '201109', '201112', '201203', '201206'])",7.52,E-boost3|depth2|r150|relative,SCENARIO_WALKFORWARD_v0.8
1196,59,신당약수하이츠,11140,1451000000,0.1186,1.3305,1.1486,1.6014,"{""bear"": 0.1057, ""base"": 0.1368, ""bull"": 0.1988}",2.0,,"전세가율×금리 조건부(지금 전세가율 0.53·금리 2.5, 유사 진입연도 ['201103', '201106', '201109', '201112', '201203', '201206'])",0.62,E-boost3|depth2|r150|relative,SCENARIO_WALKFORWARD_v0.8
1196,84,신당약수하이츠,11140,1720000000,0.1221,1.3351,1.1527,1.607,"{""bear"": 0.1057, ""base"": 0.1368, ""bull"": 0.1988}",2.0,,"전세가율×금리 조건부(지금 전세가율 0.53·금리 2.5, 유사 진입연도 ['201103', '201106', '201109', '201112', '201203', '201206'])",0.62,E-boost3|depth2|r150|relative,SCENARIO_WALKFORWARD_v0.8
3671,84,신대방우성1차,11590,1400000000,0.0225,1.2085,1.0434,1.4546,"{""bear"": 0.1057, ""base"": 0.1368, ""bull"": 0.1988}",3.0,,"전세가율×금리 조건부(지금 전세가율 0.53·금리 2.5, 유사 진입연도 ['201103', '201106', '201109', '201112', '201203', '201206'])",2.97,E-boost3|depth2|r150|relative,SCENARIO_WALKFORWARD_v0.8
3140,59,신도림동아1차,11530,1346500000,0.1359,1.3537,1.1687,1.6293,"{""bear"": 0.1057, ""base"": 0.1368, ""bull"": 0.1988}",3.0,,"전세가율×금리 조건부(지금 전세가율 0.53·금리 2.5, 유사 진입연도 ['201103', '201106', '201109', '201112', '201203', '201206'])",2.02,E-boost3|depth2|r150|relative,SCENARIO_WALKFORWARD_v0.8
3140,84,신도림동아1차,11530,1422500000,0.1417,1.3616,1.1755,1.6388,"{""bear"": 0.1057, ""base"": 0.1368, ""bull"": 0.1988}",3.0,,"전세가율×금리 조건부(지금 전세가율 0.53·금리 2.5, 유사 진입연도 ['201103', '201106', '201109', '201112', '201203', '201206'])",2.02,E-boost3|depth2|r150|relative,SCENARIO_WALKFORWARD_v0.8
3169,59,신도림태영타운,11530,1239500000,0.0946,1.299,1.1215,1.5635,"{""bear"": 0.1057, ""base"": 0.1368, ""bull"": 0.1988}",4.0,0.0,"전세가율×금리 조건부(지금 전세가율 0.53·금리 2.5, 유사 진입연도 ['201103', '201106', '201109', '201112', '201203', '201206'])",2.37,E-boost3|depth2|r150|relative,SCENARIO_WALKFORWARD_v0.8
3169,84,신도림태영타운,11530,1347800000,0.1035,1.3105,1.1315,1.5774,"{""bear"": 0.1057, ""base"": 0.1368, ""bull"": 0.1988}",4.0,0.0,"전세가율×금리 조건부(지금 전세가율 0.53·금리 2.5, 유사 진입연도 ['201103', '201106', '201109', '201112', '201203', '201206'])",2.37,E-boost3|depth2|r150|relative,SCENARIO_WALKFORWARD_v0.8
8487,84,신동백롯데캐슬에코1단지,41463,620500000,-0.0806,1.0902,0.9412,1.3122,"{""bear"": 0.1057, ""base"": 0.1368, ""bull"": 0.1988}",5.0,,"전세가율×금리 조건부(지금 전세가율 0.53·금리 2.5, 유사 진입연도 ['201103', '201106', '201109', '201112', '201203', '201206'])",7.29,E-boost3|depth2|r150|relative,SCENARIO_WALKFORWARD_v0.8
3543,59,신동아리버파크,11590,1463500000,0.1,1.3059,1.1274,1.5718,"{""bear"": 0.1057, ""base"": 0.1368, ""bull"": 0.1988}",2.0,,"전세가율×금리 조건부(지금 전세가율 0.53·금리 2.5, 유사 진입연도 ['201103', '201106', '201109', '201112', '201203', '201206'])",0.41,E-boost3|depth2|r150|relative,SCENARIO_WALKFORWARD_v0.8
3543,84,신동아리버파크,11590,1608400000,0.1008,1.3069,1.1283,1.573,"{""bear"": 0.1057, ""base"": 0.1368, ""bull"": 0.1988}",2.0,,"전세가율×금리 조건부(지금 전세가율 0.53·금리 2.5, 유사 진입연도 ['201103', '201106', '201109', '201112', '201203', '201206'])",0.41,E-boost3|depth2|r150|relative,SCENARIO_WALKFORWARD_v0.8
9543,59,신동탄포레자이아파트,41595,749100000,-0.0938,1.0759,0.9288,1.2949,"{""bear"": 0.1057, ""base"": 0.1368, ""bull"": 0.1988}",5.0,1.0,"전세가율×금리 조건부(지금 전세가율 0.53·금리 2.5, 유사 진입연도 ['201103', '201106', '201109', '201112', '201203', '201206'])",12.38,E-boost3|depth2|r150|relative,SCENARIO_WALKFORWARD_v0.8
9543,74,신동탄포레자이아파트,41595,846500000,-0.0933,1.0764,0.9293,1.2956,"{""bear"": 0.1057, ""base"": 0.1368, ""bull"": 0.1988}",5.0,1.0,"전세가율×금리 조건부(지금 전세가율 0.53·금리 2.5, 유사 진입연도 ['201103', '201106', '201109', '201112', '201203', '201206'])",12.38,E-boost3|depth2|r150|relative,SCENARIO_WALKFORWARD_v0.8
9543,84,신동탄포레자이아파트,41595,909500000,-0.0929,1.0768,0.9297,1.2961,"{""bear"": 0.1057, ""base"": 0.1368, ""bull"": 0.1988}",5.0,1.0,"전세가율×금리 조건부(지금 전세가율 0.53·금리 2.5, 유사 진입연도 ['201103', '201106', '201109', '201112', '201203', '201206'])",12.38,E-boost3|depth2|r150|relative,SCENARIO_WALKFORWARD_v0.8
3760,59,신림푸르지오,11620,890000000,-0.0389,1.1366,0.9813,1.368,"{""bear"": 0.1057, ""base"": 0.1368, ""bull"": 0.1988}",4.0,-1.0,"전세가율×금리 조건부(지금 전세가율 0.53·금리 2.5, 유사 진입연도 ['201103', '201106', '201109', '201112', '201203', '201206'])",3.87,E-boost3|depth2|r150|relative,SCENARIO_WALKFORWARD_v0.8
3760,84,신림푸르지오,11620,1018000000,-0.0255,1.1519,0.9945,1.3865,"{""bear"": 0.1057, ""base"": 0.1368, ""bull"": 0.1988}",4.0,-1.0,"전세가율×금리 조건부(지금 전세가율 0.53·금리 2.5, 유사 진입연도 ['201103', '201106', '201109', '201112', '201203', '201206'])",3.87,E-boost3|depth2|r150|relative,SCENARIO_WALKFORWARD_v0.8
3739,59,신림현대,11620,675500000,0.0497,1.2419,1.0722,1.4948,"{""bear"": 0.1057, ""base"": 0.1368, ""bull"": 0.1988}",4.0,-1.0,"전세가율×금리 조건부(지금 전세가율 0.53·금리 2.5, 유사 진입연도 ['201103', '201106', '201109', '201112', '201203', '201206'])",3.06,E-boost3|depth2|r150|relative,SCENARIO_WALKFORWARD_v0.8
3739,84,신림현대,11620,779500000,0.0637,1.2594,1.0873,1.5159,"{""bear"": 0.1057, ""base"": 0.1368, ""bull"": 0.1988}",4.0,-1.0,"전세가율×금리 조건부(지금 전세가율 0.53·금리 2.5, 유사 진입연도 ['201103', '201106', '201109', '201112', '201203', '201206'])",3.06,E-boost3|depth2|r150|relative,SCENARIO_WALKFORWARD_v0.8
6516,84,신안1단지,41271,329500000,0.0051,1.1877,1.0254,1.4295,"{""bear"": 0.1057, ""base"": 0.1368, ""bull"": 0.1988}",6.0,,"전세가율×금리 조건부(지금 전세가율 0.53·금리 2.5, 유사 진입연도 ['201103', '201106', '201109', '201112', '201203', '201206'])",13.55,E-boost3|depth2|r150|relative,SCENARIO_WALKFORWARD_v0.8
9554,84,신영통현대2단지,41595,409600000,-0.1219,1.0461,0.9031,1.2591,"{""bear"": 0.1057, ""base"": 0.1368, ""bull"": 0.1988}",5.0,1.0,"전세가율×금리 조건부(지금 전세가율 0.53·금리 2.5, 유사 진입연도 ['201103', '201106', '201109', '201112', '201203', '201206'])",13.47,E-boost3|depth2|r150|relative,SCENARIO_WALKFORWARD_v0.8
2908,59,신월시영아파트,11470,734000000,0.0044,1.1869,1.0247,1.4286,"{""bear"": 0.1057, ""base"": 0.1368, ""bull"": 0.1988}",4.0,1.0,"전세가율×금리 조건부(지금 전세가율 0.53·금리 2.5, 유사 진입연도 ['201103', '201106', '201109', '201112', '201203', '201206'])",3.68,E-boost3|depth2|r150|relative,SCENARIO_WALKFORWARD_v0.8
5395,59,신일유토빌,41150,455700000,-0.148,1.0191,0.8798,1.2266,"{""bear"": 0.1057, ""base"": 0.1368, ""bull"": 0.1988}",6.0,,"전세가율×금리 조건부(지금 전세가율 0.53·금리 2.5, 유사 진입연도 ['201103', '201106', '201109', '201112', '201203', '201206'])",12.91,E-boost3|depth2|r150|relative,SCENARIO_WALKFORWARD_v0.8
5395,84,신일유토빌,41150,525100000,-0.1088,1.0599,0.915,1.2757,"{""bear"": 0.1057, ""base"": 0.1368, ""bull"": 0.1988}",6.0,,"전세가율×금리 조건부(지금 전세가율 0.53·금리 2.5, 유사 진입연도 ['201103', '201106', '201109', '201112', '201203', '201206'])",12.91,E-boost3|depth2|r150|relative,SCENARIO_WALKFORWARD_v0.8
8554,59,신정마을주공1단지아파트,41465,1149600000,0.005,1.1876,1.0253,1.4295,"{""bear"": 0.1057, ""base"": 0.1368, ""bull"": 0.1988}",3.0,1.0,"전세가율×금리 조건부(지금 전세가율 0.53·금리 2.5, 유사 진입연도 ['201103', '201106', '201109', '201112', '201203', '201206'])",3.24,E-boost3|depth2|r150|relative,SCENARIO_WALKFORWARD_v0.8
2802,59,신정이펜하우스3단지,11470,681000000,-0.0075,1.1728,1.0125,1.4116,"{""bear"": 0.1057, ""base"": 0.1368, ""bull"": 0.1988}",3.0,5.0,"전세가율×금리 조건부(지금 전세가율 0.53·금리 2.5, 유사 진입연도 ['201103', '201106', '201109', '201112', '201203', '201206'])",4.45,E-boost3|depth2|r150|relative,SCENARIO_WALKFORWARD_v0.8
2802,84,신정이펜하우스3단지,11470,818000000,-0.0048,1.1759,1.0153,1.4154,"{""bear"": 0.1057, ""base"": 0.1368, ""bull"": 0.1988}",3.0,5.0,"전세가율×금리 조건부(지금 전세가율 0.53·금리 2.5, 유사 진입연도 ['201103', '201106', '201109', '201112', '201203', '201206'])",4.45,E-boost3|depth2|r150|relative,SCENARIO_WALKFORWARD_v0.8
8299,59,신흥덕 롯데캐슬레이시티,41463,607800000,-0.0448,1.1299,0.9755,1.3599,"{""bear"": 0.1057, ""base"": 0.1368, ""bull"": 0.1988}",4.0,2.0,"전세가율×금리 조건부(지금 전세가율 0.53·금리 2.5, 유사 진입연도 ['201103', '201106', '201109', '201112', '201203', '201206'])",7.92,E-boost3|depth2|r150|relative,SCENARIO_WALKFORWARD_v0.8
8299,74,신흥덕 롯데캐슬레이시티,41463,659500000,-0.0461,1.1284,0.9742,1.3582,"{""bear"": 0.1057, ""base"": 0.1368, ""bull"": 0.1988}",4.0,2.0,"전세가율×금리 조건부(지금 전세가율 0.53·금리 2.5, 유사 진입연도 ['201103', '201106', '201109', '201112', '201203', '201206'])",7.92,E-boost3|depth2|r150|relative,SCENARIO_WALKFORWARD_v0.8
8299,84,신흥덕 롯데캐슬레이시티,41463,727000000,-0.0545,1.119,0.9661,1.3468,"{""bear"": 0.1057, ""base"": 0.1368, ""bull"": 0.1988}",4.0,2.0,"전세가율×금리 조건부(지금 전세가율 0.53·금리 2.5, 유사 진입연도 ['201103', '201106', '201109', '201112', '201203', '201206'])",7.92,E-boost3|depth2|r150|relative,SCENARIO_WALKFORWARD_v0.8
5088,59,신흥역하늘채랜더스원 1단지아파트,41133,1242500000,0.1053,1.3129,1.1335,1.5802,"{""bear"": 0.1057, ""base"": 0.1368, ""bull"": 0.1988}",3.0,,"전세가율×금리 조건부(지금 전세가율 0.53·금리 2.5, 유사 진입연도 ['201103', '201106', '201109', '201112', '201203', '201206'])",3.68,E-boost3|depth2|r150|relative,SCENARIO_WALKFORWARD_v0.8
5088,74,신흥역하늘채랜더스원 1단지아파트,41133,1349000000,0.1166,1.3278,1.1464,1.5982,"{""bear"": 0.1057, ""base"": 0.1368, ""bull"": 0.1988}",3.0,,"전세가율×금리 조건부(지금 전세가율 0.53·금리 2.5, 유사 진입연도 ['201103', '201106', '201109', '201112', '201203', '201206'])",3.68,E-boost3|depth2|r150|relative,SCENARIO_WALKFORWARD_v0.8
5088,84,신흥역하늘채랜더스원 1단지아파트,41133,1414500000,0.1103,1.3194,1.1391,1.5881,"{""bear"": 0.1057, ""base"": 0.1368, ""bull"": 0.1988}",3.0,,"전세가율×금리 조건부(지금 전세가율 0.53·금리 2.5, 유사 진입연도 ['201103', '201106', '201109', '201112', '201203', '201206'])",3.68,E-boost3|depth2|r150|relative,SCENARIO_WALKFORWARD_v0.8
5567,59,아르테자이,41171,711300000,0.0402,1.2301,1.062,1.4806,"{""bear"": 0.1057, ""base"": 0.1368, ""bull"": 0.1988}",5.0,,"전세가율×금리 조건부(지금 전세가율 0.53·금리 2.5, 유사 진입연도 ['201103', '201106', '201109', '201112', '201203', '201206'])",3.09,E-boost3|depth2|r150|relative,SCENARIO_WALKFORWARD_v0.8
5567,74,아르테자이,41171,828200000,0.0436,1.2343,1.0656,1.4856,"{""bear"": 0.1057, ""base"": 0.1368, ""bull"": 0.1988}",5.0,,"전세가율×금리 조건부(지금 전세가율 0.53·금리 2.5, 유사 진입연도 ['201103', '201106', '201109', '201112', '201203', '201206'])",3.09,E-boost3|depth2|r150|relative,SCENARIO_WALKFORWARD_v0.8
5567,84,아르테자이,41171,859000000,0.0493,1.2414,1.0718,1.4942,"{""bear"": 0.1057, ""base"": 0.1368, ""bull"": 0.1988}",5.0,,"전세가율×금리 조건부(지금 전세가율 0.53·금리 2.5, 유사 진입연도 ['201103', '201106', '201109', '201112', '201203', '201206'])",3.09,E-boost3|depth2|r150|relative,SCENARIO_WALKFORWARD_v0.8
5158,59,아름마을 두산삼호,41135,1280000000,0.1313,1.3474,1.1633,1.6218,"{""bear"": 0.1057, ""base"": 0.1368, ""bull"": 0.1988}",2.0,1.0,"전세가율×금리 조건부(지금 전세가율 0.53·금리 2.5, 유사 진입연도 ['201103', '201106', '201109', '201112', '201203', '201206'])",0.46,E-boost3|depth2|r150|relative,SCENARIO_WALKFORWARD_v0.8
5158,84,아름마을 두산삼호,41135,1695000000,0.1395,1.3586,1.1729,1.6352,"{""bear"": 0.1057, ""base"": 0.1368, ""bull"": 0.1988}",2.0,1.0,"전세가율×금리 조건부(지금 전세가율 0.53·금리 2.5, 유사 진입연도 ['201103', '201106', '201109', '201112', '201203', '201206'])",0.46,E-boost3|depth2|r150|relative,SCENARIO_WALKFORWARD_v0.8
3588,59,아크로 리버하임,11590,2518000000,0.0668,1.2633,1.0907,1.5206,"{""bear"": 0.1057, ""base"": 0.1368, ""bull"": 0.1988}",1.0,,"전세가율×금리 조건부(지금 전세가율 0.53·금리 2.5, 유사 진입연도 ['201103', '201106', '201109', '201112', '201203', '201206'])",0.59,E-boost3|depth2|r150|relative,SCENARIO_WALKFORWARD_v0.8
3880,59,아크로리버파크,11650,4310000000,0.0927,1.2964,1.1193,1.5604,"{""bear"": 0.1057, ""base"": 0.1368, ""bull"": 0.1988}",1.0,-2.0,"전세가율×금리 조건부(지금 전세가율 0.53·금리 2.5, 유사 진입연도 ['201103', '201106', '201109', '201112', '201203', '201206'])",1.01,E-boost3|depth2|r150|relative,SCENARIO_WALKFORWARD_v0.8
3880,84,아크로리버파크,11650,5605000000,0.0936,1.2975,1.1202,1.5617,"{""bear"": 0.1057, ""base"": 0.1368, ""bull"": 0.1988}",1.0,-2.0,"전세가율×금리 조건부(지금 전세가율 0.53·금리 2.5, 유사 진입연도 ['201103', '201106', '201109', '201112', '201203', '201206'])",1.01,E-boost3|depth2|r150|relative,SCENARIO_WALKFORWARD_v0.8
3364,59,아크로타워스퀘어,11560,1761800000,0.0607,1.2555,1.084,1.5112,"{""bear"": 0.1057, ""base"": 0.1368, ""bull"": 0.1988}",2.0,,"전세가율×금리 조건부(지금 전세가율 0.53·금리 2.5, 유사 진입연도 ['201103', '201106', '201109', '201112', '201203', '201206'])",0.1,E-boost3|depth2|r150|relative,SCENARIO_WALKFORWARD_v0.8
3364,74,아크로타워스퀘어,11560,1968000000,0.0598,1.2545,1.0831,1.5099,"{""bear"": 0.1057, ""base"": 0.1368, ""bull"": 0.1988}",2.0,,"전세가율×금리 조건부(지금 전세가율 0.53·금리 2.5, 유사 진입연도 ['201103', '201106', '201109', '201112', '201203', '201206'])",0.1,E-boost3|depth2|r150|relative,SCENARIO_WALKFORWARD_v0.8
3364,84,아크로타워스퀘어,11560,2029000000,0.072,1.2699,1.0963,1.5284,"{""bear"": 0.1057, ""base"": 0.1368, ""bull"": 0.1988}",2.0,,"전세가율×금리 조건부(지금 전세가율 0.53·금리 2.5, 유사 진입연도 ['201103', '201106', '201109', '201112', '201203', '201206'])",0.1,E-boost3|depth2|r150|relative,SCENARIO_WALKFORWARD_v0.8
6617,59,안산 라프리모,41273,486600000,-0.1091,1.0595,0.9148,1.2753,"{""bear"": 0.1057, ""base"": 0.1368, ""bull"": 0.1988}",5.0,-1.0,"전세가율×금리 조건부(지금 전세가율 0.53·금리 2.5, 유사 진입연도 ['201103', '201106', '201109', '201112', '201203', '201206'])",11.83,E-boost3|depth2|r150|relative,SCENARIO_WALKFORWARD_v0.8
6617,74,안산 라프리모,41273,529700000,-0.1046,1.0643,0.9189,1.281,"{""bear"": 0.1057, ""base"": 0.1368, ""bull"": 0.1988}",5.0,-1.0,"전세가율×금리 조건부(지금 전세가율 0.53·금리 2.5, 유사 진입연도 ['201103', '201106', '201109', '201112', '201203', '201206'])",11.83,E-boost3|depth2|r150|relative,SCENARIO_WALKFORWARD_v0.8
6617,84,안산 라프리모,41273,580600000,-0.0897,1.0803,0.9326,1.3002,"{""bear"": 0.1057, ""base"": 0.1368, ""bull"": 0.1988}",5.0,-1.0,"전세가율×금리 조건부(지금 전세가율 0.53·금리 2.5, 유사 진입연도 ['201103', '201106', '201109', '201112', '201203', '201206'])",11.83,E-boost3|depth2|r150|relative,SCENARIO_WALKFORWARD_v0.8
6620,59,안산 메트로타운 푸르지오 힐스테이트 아파트,41273,419000000,-0.1167,1.0515,0.9078,1.2656,"{""bear"": 0.1057, ""base"": 0.1368, ""bull"": 0.1988}",5.0,-1.0,"전세가율×금리 조건부(지금 전세가율 0.53·금리 2.5, 유사 진입연도 ['201103', '201106', '201109', '201112', '201203', '201206'])",10.09,E-boost3|depth2|r150|relative,SCENARIO_WALKFORWARD_v0.8
6620,74,안산 메트로타운 푸르지오 힐스테이트 아파트,41273,456000000,-0.1115,1.057,0.9126,1.2722,"{""bear"": 0.1057, ""base"": 0.1368, ""bull"": 0.1988}",5.0,-1.0,"전세가율×금리 조건부(지금 전세가율 0.53·금리 2.5, 유사 진입연도 ['201103', '201106', '201109', '201112', '201203', '201206'])",10.09,E-boost3|depth2|r150|relative,SCENARIO_WALKFORWARD_v0.8
6620,84,안산 메트로타운 푸르지오 힐스테이트 아파트,41273,495900000,-0.0995,1.0698,0.9236,1.2876,"{""bear"": 0.1057, ""base"": 0.1368, ""bull"": 0.1988}",5.0,-1.0,"전세가율×금리 조건부(지금 전세가율 0.53·금리 2.5, 유사 진입연도 ['201103', '201106', '201109', '201112', '201203', '201206'])",10.09,E-boost3|depth2|r150|relative,SCENARIO_WALKFORWARD_v0.8
6610,59,안산8차푸르지오,41273,380500000,-0.1193,1.0488,0.9055,1.2624,"{""bear"": 0.1057, ""base"": 0.1368, ""bull"": 0.1988}",5.0,-1.0,"전세가율×금리 조건부(지금 전세가율 0.53·금리 2.5, 유사 진입연도 ['201103', '201106', '201109', '201112', '201203', '201206'])",12.08,E-boost3|depth2|r150|relative,SCENARIO_WALKFORWARD_v0.8
6610,84,안산8차푸르지오,41273,438900000,-0.1033,1.0657,0.9201,1.2827,"{""bear"": 0.1057, ""base"": 0.1368, ""bull"": 0.1988}",5.0,-1.0,"전세가율×금리 조건부(지금 전세가율 0.53·금리 2.5, 유사 진입연도 ['201103', '201106', '201109', '201112', '201203', '201206'])",12.08,E-boost3|depth2|r150|relative,SCENARIO_WALKFORWARD_v0.8
6557,59,안산레이크타운 푸르지오 아파트,41273,741300000,-0.1204,1.0476,0.9045,1.261,"{""bear"": 0.1057, ""base"": 0.1368, ""bull"": 0.1988}",4.0,-1.0,"전세가율×금리 조건부(지금 전세가율 0.53·금리 2.5, 유사 진입연도 ['201103', '201106', '201109', '201112', '201203', '201206'])",12.98,E-boost3|depth2|r150|relative,SCENARIO_WALKFORWARD_v0.8
6557,84,안산레이크타운 푸르지오 아파트,41273,960000000,-0.1184,1.0497,0.9063,1.2634,"{""bear"": 0.1057, ""base"": 0.1368, ""bull"": 0.1988}",4.0,-1.0,"전세가율×금리 조건부(지금 전세가율 0.53·금리 2.5, 유사 진입연도 ['201103', '201106', '201109', '201112', '201203', '201206'])",12.98,E-boost3|depth2|r150|relative,SCENARIO_WALKFORWARD_v0.8
6614,59,안산중흥S-클래스더퍼스트,41273,412900000,-0.1069,1.0618,0.9167,1.278,"{""bear"": 0.1057, ""base"": 0.1368, ""bull"": 0.1988}",5.0,-1.0,"전세가율×금리 조건부(지금 전세가율 0.53·금리 2.5, 유사 진입연도 ['201103', '201106', '201109', '201112', '201203', '201206'])",10.94,E-boost3|depth2|r150|relative,SCENARIO_WALKFORWARD_v0.8
6614,84,안산중흥S-클래스더퍼스트,41273,514400000,-0.1085,1.0602,0.9153,1.2761,"{""bear"": 0.1057, ""base"": 0.1368, ""bull"": 0.1988}",5.0,-1.0,"전세가율×금리 조건부(지금 전세가율 0.53·금리 2.5, 유사 진입연도 ['201103', '201106', '201109', '201112', '201203', '201206'])",10.94,E-boost3|depth2|r150|relative,SCENARIO_WALKFORWARD_v0.8
6524,59,안산파크푸르지오 아파트,41271,630000000,-0.0988,1.0704,0.9242,1.2884,"{""bear"": 0.1057, ""base"": 0.1368, ""bull"": 0.1988}",6.0,-2.0,"전세가율×금리 조건부(지금 전세가율 0.53·금리 2.5, 유사 진입연도 ['201103', '201106', '201109', '201112', '201203', '201206'])",11.23,E-boost3|depth2|r150|relative,SCENARIO_WALKFORWARD_v0.8
6524,74,안산파크푸르지오 아파트,41271,723000000,-0.1029,1.0661,0.9204,1.2832,"{""bear"": 0.1057, ""base"": 0.1368, ""bull"": 0.1988}",6.0,-2.0,"전세가율×금리 조건부(지금 전세가율 0.53·금리 2.5, 유사 진입연도 ['201103', '201106', '201109', '201112', '201203', '201206'])",11.23,E-boost3|depth2|r150|relative,SCENARIO_WALKFORWARD_v0.8
6524,84,안산파크푸르지오 아파트,41271,753000000,-0.0832,1.0873,0.9387,1.3087,"{""bear"": 0.1057, ""base"": 0.1368, ""bull"": 0.1988}",6.0,-2.0,"전세가율×금리 조건부(지금 전세가율 0.53·금리 2.5, 유사 진입연도 ['201103', '201106', '201109', '201112', '201203', '201206'])",11.23,E-boost3|depth2|r150|relative,SCENARIO_WALKFORWARD_v0.8
6605,59,안산푸르지오브리파크,41273,530100000,-0.1075,1.0612,0.9162,1.2773,"{""bear"": 0.1057, ""base"": 0.1368, ""bull"": 0.1988}",5.0,-1.0,"전세가율×금리 조건부(지금 전세가율 0.53·금리 2.5, 유사 진입연도 ['201103', '201106', '201109', '201112', '201203', '201206'])",12.48,E-boost3|depth2|r150|relative,SCENARIO_WALKFORWARD_v0.8
6605,74,안산푸르지오브리파크,41273,649150000,-0.1099,1.0587,0.914,1.2743,"{""bear"": 0.1057, ""base"": 0.1368, ""bull"": 0.1988}",5.0,-1.0,"전세가율×금리 조건부(지금 전세가율 0.53·금리 2.5, 유사 진입연도 ['201103', '201106', '201109', '201112', '201203', '201206'])",12.48,E-boost3|depth2|r150|relative,SCENARIO_WALKFORWARD_v0.8
6605,84,안산푸르지오브리파크,41273,770000000,-0.1163,1.0519,0.9082,1.2661,"{""bear"": 0.1057, ""base"": 0.1368, ""bull"": 0.1988}",5.0,-1.0,"전세가율×금리 조건부(지금 전세가율 0.53·금리 2.5, 유사 진입연도 ['201103', '201106', '201109', '201112', '201203', '201206'])",12.48,E-boost3|depth2|r150|relative,SCENARIO_WALKFORWARD_v0.8
9133,59,안성 롯데캐슬 아파트,41550,212600000,-0.139,1.0283,0.8878,1.2376,"{""bear"": 0.1057, ""base"": 0.1368, ""bull"": 0.1988}",8.0,-2.0,"전세가율×금리 조건부(지금 전세가율 0.53·금리 2.5, 유사 진입연도 ['201103', '201106', '201109', '201112', '201203', '201206'])",37.85,E-boost3|depth2|r150|relative,SCENARIO_WALKFORWARD_v0.8
9133,74,안성 롯데캐슬 아파트,41550,249000000,-0.1408,1.0265,0.8862,1.2355,"{""bear"": 0.1057, ""base"": 0.1368, ""bull"": 0.1988}",8.0,-2.0,"전세가율×금리 조건부(지금 전세가율 0.53·금리 2.5, 유사 진입연도 ['201103', '201106', '201109', '201112', '201203', '201206'])",37.85,E-boost3|depth2|r150|relative,SCENARIO_WALKFORWARD_v0.8
9133,84,안성 롯데캐슬 아파트,41550,294400000,-0.146,1.0211,0.8816,1.229,"{""bear"": 0.1057, ""base"": 0.1368, ""bull"": 0.1988}",8.0,-2.0,"전세가율×금리 조건부(지금 전세가율 0.53·금리 2.5, 유사 진입연도 ['201103', '201106', '201109', '201112', '201203', '201206'])",37.85,E-boost3|depth2|r150|relative,SCENARIO_WALKFORWARD_v0.8
9081,59,안성 삼정그린코아더베스트 아파트,41550,264100000,-0.1349,1.0325,0.8914,1.2428,"{""bear"": 0.1057, ""base"": 0.1368, ""bull"": 0.1988}",8.0,,"전세가율×금리 조건부(지금 전세가율 0.53·금리 2.5, 유사 진입연도 ['201103', '201106', '201109', '201112', '201203', '201206'])",38.39,E-boost3|depth2|r150|relative,SCENARIO_WALKFORWARD_v0.8
9081,84,안성 삼정그린코아더베스트 아파트,41550,330800000,-0.1297,1.0379,0.8961,1.2493,"{""bear"": 0.1057, ""base"": 0.1368, ""bull"": 0.1988}",8.0,,"전세가율×금리 조건부(지금 전세가율 0.53·금리 2.5, 유사 진입연도 ['201103', '201106', '201109', '201112', '201203', '201206'])",38.39,E-boost3|depth2|r150|relative,SCENARIO_WALKFORWARD_v0.8
9096,59,안성공도우미린더퍼스트,41550,280000000,-0.1655,1.0014,0.8646,1.2053,"{""bear"": 0.1057, ""base"": 0.1368, ""bull"": 0.1988}",7.0,-2.0,"전세가율×금리 조건부(지금 전세가율 0.53·금리 2.5, 유사 진입연도 ['201103', '201106', '201109', '201112', '201203', '201206'])",38.31,E-boost3|depth2|r150|relative,SCENARIO_WALKFORWARD_v0.8
9096,74,안성공도우미린더퍼스트,41550,331300000,-0.1517,1.0154,0.8766,1.2221,"{""bear"": 0.1057, ""base"": 0.1368, ""bull"": 0.1988}",7.0,-2.0,"전세가율×금리 조건부(지금 전세가율 0.53·금리 2.5, 유사 진입연도 ['201103', '201106', '201109', '201112', '201203', '201206'])",38.31,E-boost3|depth2|r150|relative,SCENARIO_WALKFORWARD_v0.8
9096,84,안성공도우미린더퍼스트,41550,382800000,-0.1641,1.0028,0.8658,1.207,"{""bear"": 0.1057, ""base"": 0.1368, ""bull"": 0.1988}",7.0,-2.0,"전세가율×금리 조건부(지금 전세가율 0.53·금리 2.5, 유사 진입연도 ['201103', '201106', '201109', '201112', '201203', '201206'])",38.31,E-boost3|depth2|r150|relative,SCENARIO_WALKFORWARD_v0.8
9102,59,안성쌍용더플래티넘프리미어,41550,299600000,-0.1513,1.0157,0.8769,1.2225,"{""bear"": 0.1057, ""base"": 0.1368, ""bull"": 0.1988}",7.0,-2.0,"전세가율×금리 조건부(지금 전세가율 0.53·금리 2.5, 유사 진입연도 ['201103', '201106', '201109', '201112', '201203', '201206'])",39.19,E-boost3|depth2|r150|relative,SCENARIO_WALKFORWARD_v0.8
9102,74,안성쌍용더플래티넘프리미어,41550,351900000,-0.1653,1.0016,0.8648,1.2056,"{""bear"": 0.1057, ""base"": 0.1368, ""bull"": 0.1988}",7.0,-2.0,"전세가율×금리 조건부(지금 전세가율 0.53·금리 2.5, 유사 진입연도 ['201103', '201106', '201109', '201112', '201203', '201206'])",39.19,E-boost3|depth2|r150|relative,SCENARIO_WALKFORWARD_v0.8
9102,84,안성쌍용더플래티넘프리미어,41550,421000000,-0.1597,1.0072,0.8696,1.2123,"{""bear"": 0.1057, ""base"": 0.1368, ""bull"": 0.1988}",7.0,-2.0,"전세가율×금리 조건부(지금 전세가율 0.53·금리 2.5, 유사 진입연도 ['201103', '201106', '201109', '201112', '201203', '201206'])",39.19,E-boost3|depth2|r150|relative,SCENARIO_WALKFORWARD_v0.8
4455,59,암사선사현대,11740,1466000000,0.0325,1.2207,1.0539,1.4693,"{""bear"": 0.1057, ""base"": 0.1368, ""bull"": 0.1988}",2.0,1.0,"전세가율×금리 조건부(지금 전세가율 0.53·금리 2.5, 유사 진입연도 ['201103', '201106', '201109', '201112', '201203', '201206'])",0.63,E-boost3|depth2|r150|relative,SCENARIO_WALKFORWARD_v0.8
4455,74,암사선사현대,11740,1575600000,0.028,1.2152,1.0491,1.4626,"{""bear"": 0.1057, ""base"": 0.1368, ""bull"": 0.1988}",2.0,1.0,"전세가율×금리 조건부(지금 전세가율 0.53·금리 2.5, 유사 진입연도 ['201103', '201106', '201109', '201112', '201203', '201206'])",0.63,E-boost3|depth2|r150|relative,SCENARIO_WALKFORWARD_v0.8
4455,84,암사선사현대,11740,1768000000,0.0272,1.2142,1.0483,1.4614,"{""bear"": 0.1057, ""base"": 0.1368, ""bull"": 0.1988}",2.0,1.0,"전세가율×금리 조건부(지금 전세가율 0.53·금리 2.5, 유사 진입연도 ['201103', '201106', '201109', '201112', '201203', '201206'])",0.63,E-boost3|depth2|r150|relative,SCENARIO_WALKFORWARD_v0.8
5182,59,야탑장미마을동부,41135,1289500000,0.0579,1.252,1.081,1.507,"{""bear"": 0.1057, ""base"": 0.1368, ""bull"": 0.1988}",3.0,1.0,"전세가율×금리 조건부(지금 전세가율 0.53·금리 2.5, 유사 진입연도 ['201103', '201106', '201109', '201112', '201203', '201206'])",2.11,E-boost3|depth2|r150|relative,SCENARIO_WALKFORWARD_v0.8
5182,74,야탑장미마을동부,41135,1324000000,0.0677,1.2645,1.0917,1.5219,"{""bear"": 0.1057, ""base"": 0.1368, ""bull"": 0.1988}",3.0,1.0,"전세가율×금리 조건부(지금 전세가율 0.53·금리 2.5, 유사 진입연도 ['201103', '201106', '201109', '201112', '201203', '201206'])",2.11,E-boost3|depth2|r150|relative,SCENARIO_WALKFORWARD_v0.8
5182,84,야탑장미마을동부,41135,1532500000,0.0611,1.2561,1.0844,1.5118,"{""bear"": 0.1057, ""base"": 0.1368, ""bull"": 0.1988}",3.0,1.0,"전세가율×금리 조건부(지금 전세가율 0.53·금리 2.5, 유사 진입연도 ['201103', '201106', '201109', '201112', '201203', '201206'])",2.11,E-boost3|depth2|r150|relative,SCENARIO_WALKFORWARD_v0.8
5183,59,야탑장미마을현대,41135,1180000000,0.057,1.251,1.0801,1.5058,"{""bear"": 0.1057, ""base"": 0.1368, ""bull"": 0.1988}",3.0,1.0,"전세가율×금리 조건부(지금 전세가율 0.53·금리 2.5, 유사 진입연도 ['201103', '201106', '201109', '201112', '201203', '201206'])",2.24,E-boost3|depth2|r150|relative,SCENARIO_WALKFORWARD_v0.8
5183,74,야탑장미마을현대,41135,1368500000,0.0594,1.2539,1.0826,1.5092,"{""bear"": 0.1057, ""base"": 0.1368, ""bull"": 0.1988}",3.0,1.0,"전세가율×금리 조건부(지금 전세가율 0.53·금리 2.5, 유사 진입연도 ['201103', '201106', '201109', '201112', '201203', '201206'])",2.24,E-boost3|depth2|r150|relative,SCENARIO_WALKFORWARD_v0.8
5183,84,야탑장미마을현대,41135,1529800000,0.0673,1.2639,1.0912,1.5213,"{""bear"": 0.1057, ""base"": 0.1368, ""bull"": 0.1988}",3.0,1.0,"전세가율×금리 조건부(지금 전세가율 0.53·금리 2.5, 유사 진입연도 ['201103', '201106', '201109', '201112', '201203', '201206'])",2.24,E-boost3|depth2|r150|relative,SCENARIO_WALKFORWARD_v0.8
8248,74,양우내안애에듀퍼스트,41461,500300000,-0.1301,1.0375,0.8957,1.2487,"{""bear"": 0.1057, ""base"": 0.1368, ""bull"": 0.1988}",5.0,,"전세가율×금리 조건부(지금 전세가율 0.53·금리 2.5, 유사 진입연도 ['201103', '201106', '201109', '201112', '201203', '201206'])",13.88,E-boost3|depth2|r150|relative,SCENARIO_WALKFORWARD_v0.8
8248,84,양우내안애에듀퍼스트,41461,540800000,-0.1225,1.0454,0.9025,1.2582,"{""bear"": 0.1057, ""base"": 0.1368, ""bull"": 0.1988}",5.0,,"전세가율×금리 조건부(지금 전세가율 0.53·금리 2.5, 유사 진입연도 ['201103', '201106', '201109', '201112', '201203', '201206'])",13.88,E-boost3|depth2|r150|relative,SCENARIO_WALKFORWARD_v0.8
9946,74,양주옥정린파밀리에아파트,41630,359800000,-0.1221,1.0459,0.903,1.2588,"{""bear"": 0.1057, ""base"": 0.1368, ""bull"": 0.1988}",6.0,1.0,"전세가율×금리 조건부(지금 전세가율 0.53·금리 2.5, 유사 진입연도 ['201103', '201106', '201109', '201112', '201203', '201206'])",25.89,E-boost3|depth2|r150|relative,SCENARIO_WALKFORWARD_v0.8
9946,84,양주옥정린파밀리에아파트,41630,403300000,-0.1196,1.0485,0.9052,1.262,"{""bear"": 0.1057, ""base"": 0.1368, ""bull"": 0.1988}",6.0,1.0,"전세가율×금리 조건부(지금 전세가율 0.53·금리 2.5, 유사 진입연도 ['201103', '201106', '201109', '201112', '201203', '201206'])",25.89,E-boost3|depth2|r150|relative,SCENARIO_WALKFORWARD_v0.8
9960,74,양주옥정신도시1차대방노블랜드더시그니처,41630,472000000,-0.1422,1.025,0.8849,1.2337,"{""bear"": 0.1057, ""base"": 0.1368, ""bull"": 0.1988}",6.0,1.0,"전세가율×금리 조건부(지금 전세가율 0.53·금리 2.5, 유사 진입연도 ['201103', '201106', '201109', '201112', '201203', '201206'])",24.31,E-boost3|depth2|r150|relative,SCENARIO_WALKFORWARD_v0.8
9960,84,양주옥정신도시1차대방노블랜드더시그니처,41630,514100000,-0.1285,1.0392,0.8972,1.2508,"{""bear"": 0.1057, ""base"": 0.1368, ""bull"": 0.1988}",6.0,1.0,"전세가율×금리 조건부(지금 전세가율 0.53·금리 2.5, 유사 진입연도 ['201103', '201106', '201109', '201112', '201203', '201206'])",24.31,E-boost3|depth2|r150|relative,SCENARIO_WALKFORWARD_v0.8
3477,59,양평한신,11560,1319600000,0.0399,1.2298,1.0618,1.4802,"{""bear"": 0.1057, ""base"": 0.1368, ""bull"": 0.1988}",3.0,,"전세가율×금리 조건부(지금 전세가율 0.53·금리 2.5, 유사 진입연도 ['201103', '201106', '201109', '201112', '201203', '201206'])",1.11,E-boost3|depth2|r150|relative,SCENARIO_WALKFORWARD_v0.8
3477,84,양평한신,11560,1496000000,0.0515,1.2441,1.0741,1.4974,"{""bear"": 0.1057, ""base"": 0.1368, ""bull"": 0.1988}",3.0,,"전세가율×금리 조건부(지금 전세가율 0.53·금리 2.5, 유사 진입연도 ['201103', '201106', '201109', '201112', '201203', '201206'])",1.11,E-boost3|depth2|r150|relative,SCENARIO_WALKFORWARD_v0.8
3389,74,여의도시범아파트,11560,2794000000,0.1177,1.3293,1.1477,1.6,"{""bear"": 0.1057, ""base"": 0.1368, ""bull"": 0.1988}",1.0,,"전세가율×금리 조건부(지금 전세가율 0.53·금리 2.5, 유사 진입연도 ['201103', '201106', '201109', '201112', '201203', '201206'])",0.7,E-boost3|depth2|r150|relative,SCENARIO_WALKFORWARD_v0.8
8223,59,역북 푸르지오,41461,485560000,-0.0927,1.077,0.9298,1.2963,"{""bear"": 0.1057, ""base"": 0.1368, ""bull"": 0.1988}",5.0,0.0,"전세가율×금리 조건부(지금 전세가율 0.53·금리 2.5, 유사 진입연도 ['201103', '201106', '201109', '201112', '201203', '201206'])",13.73,E-boost3|depth2|r150|relative,SCENARIO_WALKFORWARD_v0.8
8223,74,역북 푸르지오,41461,549200000,-0.0912,1.0786,0.9312,1.2983,"{""bear"": 0.1057, ""base"": 0.1368, ""bull"": 0.1988}",5.0,0.0,"전세가율×금리 조건부(지금 전세가율 0.53·금리 2.5, 유사 진입연도 ['201103', '201106', '201109', '201112', '201203', '201206'])",13.73,E-boost3|depth2|r150|relative,SCENARIO_WALKFORWARD_v0.8
8223,84,역북 푸르지오,41461,601800000,-0.0909,1.079,0.9315,1.2987,"{""bear"": 0.1057, ""base"": 0.1368, ""bull"": 0.1988}",5.0,0.0,"전세가율×금리 조건부(지금 전세가율 0.53·금리 2.5, 유사 진입연도 ['201103', '201106', '201109', '201112', '201203', '201206'])",13.73,E-boost3|depth2|r150|relative,SCENARIO_WALKFORWARD_v0.8
8219,59,역북동 서희스타힐스포레스트아파트,41461,397300000,-0.054,1.1195,0.9666,1.3475,"{""bear"": 0.1057, ""base"": 0.1368, ""bull"": 0.1988}",5.0,0.0,"전세가율×금리 조건부(지금 전세가율 0.53·금리 2.5, 유사 진입연도 ['201103', '201106', '201109', '201112', '201203', '201206'])",12.89,E-boost3|depth2|r150|relative,SCENARIO_WALKFORWARD_v0.8
8219,74,역북동 서희스타힐스포레스트아파트,41461,466400000,-0.0661,1.106,0.9549,1.3312,"{""bear"": 0.1057, ""base"": 0.1368, ""bull"": 0.1988}",5.0,0.0,"전세가율×금리 조건부(지금 전세가율 0.53·금리 2.5, 유사 진입연도 ['201103', '201106', '201109', '201112', '201203', '201206'])",12.89,E-boost3|depth2|r150|relative,SCENARIO_WALKFORWARD_v0.8
8219,84,역북동 서희스타힐스포레스트아파트,41461,539200000,-0.0798,1.0911,0.942,1.3132,"{""bear"": 0.1057, ""base"": 0.1368, ""bull"": 0.1988}",5.0,0.0,"전세가율×금리 조건부(지금 전세가율 0.53·금리 2.5, 유사 진입연도 ['201103', '201106', '201109', '201112', '201203', '201206'])",12.89,E-boost3|depth2|r150|relative,SCENARIO_WALKFORWARD_v0.8
3996,59,역삼래미안,11680,2668500000,0.1324,1.3489,1.1646,1.6236,"{""bear"": 0.1057, ""base"": 0.1368, ""bull"": 0.1988}",1.0,,"전세가율×금리 조건부(지금 전세가율 0.53·금리 2.5, 유사 진입연도 ['201103', '201106', '201109', '201112', '201203', '201206'])",0.59,E-boost3|depth2|r150|relative,SCENARIO_WALKFORWARD_v0.8
3996,84,역삼래미안,11680,3212000000,0.1188,1.3307,1.1489,1.6017,"{""bear"": 0.1057, ""base"": 0.1368, ""bull"": 0.1988}",1.0,,"전세가율×금리 조건부(지금 전세가율 0.53·금리 2.5, 유사 진입연도 ['201103', '201106', '201109', '201112', '201203', '201206'])",0.59,E-boost3|depth2|r150|relative,SCENARIO_WALKFORWARD_v0.8
3358,59,영등포푸르지오,11560,1488500000,0.0127,1.1968,1.0333,1.4405,"{""bear"": 0.1057, ""base"": 0.1368, ""bull"": 0.1988}",3.0,-1.0,"전세가율×금리 조건부(지금 전세가율 0.53·금리 2.5, 유사 진입연도 ['201103', '201106', '201109', '201112', '201203', '201206'])",1.26,E-boost3|depth2|r150|relative,SCENARIO_WALKFORWARD_v0.8
3358,74,영등포푸르지오,11560,1531800000,0.0431,1.2337,1.0651,1.4849,"{""bear"": 0.1057, ""base"": 0.1368, ""bull"": 0.1988}",3.0,-1.0,"전세가율×금리 조건부(지금 전세가율 0.53·금리 2.5, 유사 진입연도 ['201103', '201106', '201109', '201112', '201203', '201206'])",1.26,E-boost3|depth2|r150|relative,SCENARIO_WALKFORWARD_v0.8
3358,84,영등포푸르지오,11560,1534800000,0.0376,1.227,1.0593,1.4768,"{""bear"": 0.1057, ""base"": 0.1368, ""bull"": 0.1988}",3.0,-1.0,"전세가율×금리 조건부(지금 전세가율 0.53·금리 2.5, 유사 진입연도 ['201103', '201106', '201109', '201112', '201203', '201206'])",1.26,E-boost3|depth2|r150|relative,SCENARIO_WALKFORWARD_v0.8
4932,59,영통벽적골롯데,41117,606400000,-0.048,1.1263,0.9724,1.3556,"{""bear"": 0.1057, ""base"": 0.1368, ""bull"": 0.1988}",5.0,,"전세가율×금리 조건부(지금 전세가율 0.53·금리 2.5, 유사 진입연도 ['201103', '201106', '201109', '201112', '201203', '201206'])",11.79,E-boost3|depth2|r150|relative,SCENARIO_WALKFORWARD_v0.8
4933,59,영통센트럴파크뷰,41117,451600000,-0.0107,1.1691,1.0094,1.4072,"{""bear"": 0.1057, ""base"": 0.1368, ""bull"": 0.1988}",5.0,,"전세가율×금리 조건부(지금 전세가율 0.53·금리 2.5, 유사 진입연도 ['201103', '201106', '201109', '201112', '201203', '201206'])",9.26,E-boost3|depth2|r150|relative,SCENARIO_WALKFORWARD_v0.8
4952,59,영통아이파크캐슬1단지,41117,926600000,-0.0953,1.0742,0.9274,1.293,"{""bear"": 0.1057, ""base"": 0.1368, ""bull"": 0.1988}",4.0,2.0,"전세가율×금리 조건부(지금 전세가율 0.53·금리 2.5, 유사 진입연도 ['201103', '201106', '201109', '201112', '201203', '201206'])",13.01,E-boost3|depth2|r150|relative,SCENARIO_WALKFORWARD_v0.8
4952,74,영통아이파크캐슬1단지,41117,1027600000,-0.1028,1.0662,0.9205,1.2833,"{""bear"": 0.1057, ""base"": 0.1368, ""bull"": 0.1988}",4.0,2.0,"전세가율×금리 조건부(지금 전세가율 0.53·금리 2.5, 유사 진입연도 ['201103', '201106', '201109', '201112', '201203', '201206'])",13.01,E-boost3|depth2|r150|relative,SCENARIO_WALKFORWARD_v0.8
4952,84,영통아이파크캐슬1단지,41117,1137900000,-0.0944,1.0752,0.9283,1.2941,"{""bear"": 0.1057, ""base"": 0.1368, ""bull"": 0.1988}",4.0,2.0,"전세가율×금리 조건부(지금 전세가율 0.53·금리 2.5, 유사 진입연도 ['201103', '201106', '201109', '201112', '201203', '201206'])",13.01,E-boost3|depth2|r150|relative,SCENARIO_WALKFORWARD_v0.8
4953,59,영통아이파크캐슬2단지 아파트,41117,817800000,-0.1047,1.0642,0.9187,1.2808,"{""bear"": 0.1057, ""base"": 0.1368, ""bull"": 0.1988}",4.0,2.0,"전세가율×금리 조건부(지금 전세가율 0.53·금리 2.5, 유사 진입연도 ['201103', '201106', '201109', '201112', '201203', '201206'])",13.12,E-boost3|depth2|r150|relative,SCENARIO_WALKFORWARD_v0.8
4953,74,영통아이파크캐슬2단지 아파트,41117,903000000,-0.1059,1.0629,0.9176,1.2793,"{""bear"": 0.1057, ""base"": 0.1368, ""bull"": 0.1988}",4.0,2.0,"전세가율×금리 조건부(지금 전세가율 0.53·금리 2.5, 유사 진입연도 ['201103', '201106', '201109', '201112', '201203', '201206'])",13.12,E-boost3|depth2|r150|relative,SCENARIO_WALKFORWARD_v0.8
4953,84,영통아이파크캐슬2단지 아파트,41117,996600000,-0.0999,1.0693,0.9232,1.287,"{""bear"": 0.1057, ""base"": 0.1368, ""bull"": 0.1988}",4.0,2.0,"전세가율×금리 조건부(지금 전세가율 0.53·금리 2.5, 유사 진입연도 ['201103', '201106', '201109', '201112', '201203', '201206'])",13.12,E-boost3|depth2|r150|relative,SCENARIO_WALKFORWARD_v0.8
4867,74,영흥숲푸르지오파크비엔,41117,860000000,-0.0641,1.1083,0.9569,1.334,"{""bear"": 0.1057, ""base"": 0.1368, ""bull"": 0.1988}",4.0,0.0,"전세가율×금리 조건부(지금 전세가율 0.53·금리 2.5, 유사 진입연도 ['201103', '201106', '201109', '201112', '201203', '201206'])",9.94,E-boost3|depth2|r150|relative,SCENARIO_WALKFORWARD_v0.8
4867,84,영흥숲푸르지오파크비엔,41117,924400000,-0.0748,1.0965,0.9466,1.3197,"{""bear"": 0.1057, ""base"": 0.1368, ""bull"": 0.1988}",4.0,0.0,"전세가율×금리 조건부(지금 전세가율 0.53·금리 2.5, 유사 진입연도 ['201103', '201106', '201109', '201112', '201203', '201206'])",9.94,E-boost3|depth2|r150|relative,SCENARIO_WALKFORWARD_v0.8
7600,74,오산대역세교자이,41370,497900000,-0.1534,1.0136,0.8751,1.22,"{""bear"": 0.1057, ""base"": 0.1368, ""bull"": 0.1988}",5.0,,"전세가율×금리 조건부(지금 전세가율 0.53·금리 2.5, 유사 진입연도 ['201103', '201106', '201109', '201112', '201203', '201206'])",19.23,E-boost3|depth2|r150|relative,SCENARIO_WALKFORWARD_v0.8
7600,84,오산대역세교자이,41370,532600000,-0.1514,1.0157,0.8769,1.2225,"{""bear"": 0.1057, ""base"": 0.1368, ""bull"": 0.1988}",5.0,,"전세가율×금리 조건부(지금 전세가율 0.53·금리 2.5, 유사 진입연도 ['201103', '201106', '201109', '201112', '201203', '201206'])",19.23,E-boost3|depth2|r150|relative,SCENARIO_WALKFORWARD_v0.8
7592,59,오산대우,41370,222700000,-0.1359,1.0315,0.8906,1.2416,"{""bear"": 0.1057, ""base"": 0.1368, ""bull"": 0.1988}",6.0,,"전세가율×금리 조건부(지금 전세가율 0.53·금리 2.5, 유사 진입연도 ['201103', '201106', '201109', '201112', '201203', '201206'])",20.58,E-boost3|depth2|r150|relative,SCENARIO_WALKFORWARD_v0.8
7592,84,오산대우,41370,321900000,-0.1438,1.0234,0.8836,1.2318,"{""bear"": 0.1057, ""base"": 0.1368, ""bull"": 0.1988}",6.0,,"전세가율×금리 조건부(지금 전세가율 0.53·금리 2.5, 유사 진입연도 ['201103', '201106', '201109', '201112', '201203', '201206'])",20.58,E-boost3|depth2|r150|relative,SCENARIO_WALKFORWARD_v0.8
7545,74,오산롯데캐슬스카이파크,41370,421500000,-0.1112,1.0573,0.9128,1.2726,"{""bear"": 0.1057, ""base"": 0.1368, ""bull"": 0.1988}",6.0,-1.0,"전세가율×금리 조건부(지금 전세가율 0.53·금리 2.5, 유사 진입연도 ['201103', '201106', '201109', '201112', '201203', '201206'])",22.58,E-boost3|depth2|r150|relative,SCENARIO_WALKFORWARD_v0.8
7545,84,오산롯데캐슬스카이파크,41370,487600000,-0.1143,1.054,0.91,1.2687,"{""bear"": 0.1057, ""base"": 0.1368, ""bull"": 0.1988}",6.0,-1.0,"전세가율×금리 조건부(지금 전세가율 0.53·금리 2.5, 유사 진입연도 ['201103', '201106', '201109', '201112', '201203', '201206'])",22.58,E-boost3|depth2|r150|relative,SCENARIO_WALKFORWARD_v0.8
7542,59,오산시티자이1단지,41370,353200000,-0.0957,1.0738,0.9271,1.2925,"{""bear"": 0.1057, ""base"": 0.1368, ""bull"": 0.1988}",5.0,0.0,"전세가율×금리 조건부(지금 전세가율 0.53·금리 2.5, 유사 진입연도 ['201103', '201106', '201109', '201112', '201203', '201206'])",21.65,E-boost3|depth2|r150|relative,SCENARIO_WALKFORWARD_v0.8
7542,74,오산시티자이1단지,41370,415500000,-0.0994,1.0699,0.9237,1.2877,"{""bear"": 0.1057, ""base"": 0.1368, ""bull"": 0.1988}",5.0,0.0,"전세가율×금리 조건부(지금 전세가율 0.53·금리 2.5, 유사 진입연도 ['201103', '201106', '201109', '201112', '201203', '201206'])",21.65,E-boost3|depth2|r150|relative,SCENARIO_WALKFORWARD_v0.8
7542,84,오산시티자이1단지,41370,433400000,-0.0788,1.0921,0.9429,1.3145,"{""bear"": 0.1057, ""base"": 0.1368, ""bull"": 0.1988}",5.0,0.0,"전세가율×금리 조건부(지금 전세가율 0.53·금리 2.5, 유사 진입연도 ['201103', '201106', '201109', '201112', '201203', '201206'])",21.65,E-boost3|depth2|r150|relative,SCENARIO_WALKFORWARD_v0.8
7540,59,오산시티자이2차아파트,41370,374400000,-0.0945,1.0751,0.9282,1.2941,"{""bear"": 0.1057, ""base"": 0.1368, ""bull"": 0.1988}",5.0,0.0,"전세가율×금리 조건부(지금 전세가율 0.53·금리 2.5, 유사 진입연도 ['201103', '201106', '201109', '201112', '201203', '201206'])",21.36,E-boost3|depth2|r150|relative,SCENARIO_WALKFORWARD_v0.8
7540,74,오산시티자이2차아파트,41370,438000000,-0.0905,1.0794,0.9319,1.2992,"{""bear"": 0.1057, ""base"": 0.1368, ""bull"": 0.1988}",5.0,0.0,"전세가율×금리 조건부(지금 전세가율 0.53·금리 2.5, 유사 진입연도 ['201103', '201106', '201109', '201112', '201203', '201206'])",21.36,E-boost3|depth2|r150|relative,SCENARIO_WALKFORWARD_v0.8
7540,84,오산시티자이2차아파트,41370,464700000,-0.0911,1.0788,0.9314,1.2985,"{""bear"": 0.1057, ""base"": 0.1368, ""bull"": 0.1988}",5.0,0.0,"전세가율×금리 조건부(지금 전세가율 0.53·금리 2.5, 유사 진입연도 ['201103', '201106', '201109', '201112', '201203', '201206'])",21.36,E-boost3|depth2|r150|relative,SCENARIO_WALKFORWARD_v0.8
7559,84,오산역e편한세상1단지,41370,441500000,-0.1191,1.049,0.9056,1.2626,"{""bear"": 0.1057, ""base"": 0.1368, ""bull"": 0.1988}",6.0,-1.0,"전세가율×금리 조건부(지금 전세가율 0.53·금리 2.5, 유사 진입연도 ['201103', '201106', '201109', '201112', '201203', '201206'])",23.09,E-boost3|depth2|r150|relative,SCENARIO_WALKFORWARD_v0.8
7563,84,오산역이편한세상2단지,41370,413200000,-0.1181,1.0501,0.9066,1.2639,"{""bear"": 0.1057, ""base"": 0.1368, ""bull"": 0.1988}",6.0,-1.0,"전세가율×금리 조건부(지금 전세가율 0.53·금리 2.5, 유사 진입연도 ['201103', '201106', '201109', '201112', '201203', '201206'])",23.36,E-boost3|depth2|r150|relative,SCENARIO_WALKFORWARD_v0.8
7633,84,오산자이아파트,41370,309700000,-0.1436,1.0236,0.8837,1.232,"{""bear"": 0.1057, ""base"": 0.1368, ""bull"": 0.1988}",7.0,,"전세가율×금리 조건부(지금 전세가율 0.53·금리 2.5, 유사 진입연도 ['201103', '201106', '201109', '201112', '201203', '201206'])",23.81,E-boost3|depth2|r150|relative,SCENARIO_WALKFORWARD_v0.8
9855,84,오포문형 양우내안애 아파트,41610,308500000,-0.0272,1.15,0.9928,1.3842,"{""bear"": 0.1057, ""base"": 0.1368, ""bull"": 0.1988}",8.0,,"전세가율×금리 조건부(지금 전세가율 0.53·금리 2.5, 유사 진입연도 ['201103', '201106', '201109', '201112', '201203', '201206'])",7.19,E-boost3|depth2|r150|relative,SCENARIO_WALKFORWARD_v0.8
5996,74,옥길브리즈힐,41194,610000000,-0.0137,1.1655,1.0063,1.4029,"{""bear"": 0.1057, ""base"": 0.1368, ""bull"": 0.1988}",4.0,1.0,"전세가율×금리 조건부(지금 전세가율 0.53·금리 2.5, 유사 진입연도 ['201103', '201106', '201109', '201112', '201203', '201206'])",7.73,E-boost3|depth2|r150|relative,SCENARIO_WALKFORWARD_v0.8
5996,84,옥길브리즈힐,41194,659800000,-0.006,1.1746,1.0141,1.4138,"{""bear"": 0.1057, ""base"": 0.1368, ""bull"": 0.1988}",4.0,1.0,"전세가율×금리 조건부(지금 전세가율 0.53·금리 2.5, 유사 진입연도 ['201103', '201106', '201109', '201112', '201203', '201206'])",7.73,E-boost3|depth2|r150|relative,SCENARIO_WALKFORWARD_v0.8
5989,59,옥길센트리뷰,41194,570000000,-0.0404,1.1349,0.9798,1.366,"{""bear"": 0.1057, ""base"": 0.1368, ""bull"": 0.1988}",4.0,1.0,"전세가율×금리 조건부(지금 전세가율 0.53·금리 2.5, 유사 진입연도 ['201103', '201106', '201109', '201112', '201203', '201206'])",7.83,E-boost3|depth2|r150|relative,SCENARIO_WALKFORWARD_v0.8
5989,74,옥길센트리뷰,41194,597100000,-0.0238,1.1539,0.9962,1.3888,"{""bear"": 0.1057, ""base"": 0.1368, ""bull"": 0.1988}",4.0,1.0,"전세가율×금리 조건부(지금 전세가율 0.53·금리 2.5, 유사 진입연도 ['201103', '201106', '201109', '201112', '201203', '201206'])",7.83,E-boost3|depth2|r150|relative,SCENARIO_WALKFORWARD_v0.8
5989,84,옥길센트리뷰,41194,670400000,-0.0307,1.146,0.9894,1.3793,"{""bear"": 0.1057, ""base"": 0.1368, ""bull"": 0.1988}",4.0,1.0,"전세가율×금리 조건부(지금 전세가율 0.53·금리 2.5, 유사 진입연도 ['201103', '201106', '201109', '201112', '201203', '201206'])",7.83,E-boost3|depth2|r150|relative,SCENARIO_WALKFORWARD_v0.8
5991,74,옥길호반베르디움아파트,41194,690400000,-0.0432,1.1317,0.9771,1.3622,"{""bear"": 0.1057, ""base"": 0.1368, ""bull"": 0.1988}",4.0,1.0,"전세가율×금리 조건부(지금 전세가율 0.53·금리 2.5, 유사 진입연도 ['201103', '201106', '201109', '201112', '201203', '201206'])",8.1,E-boost3|depth2|r150|relative,SCENARIO_WALKFORWARD_v0.8
5991,84,옥길호반베르디움아파트,41194,780700000,-0.047,1.1274,0.9733,1.3569,"{""bear"": 0.1057, ""base"": 0.1368, ""bull"": 0.1988}",4.0,1.0,"전세가율×금리 조건부(지금 전세가율 0.53·금리 2.5, 유사 진입연도 ['201103', '201106', '201109', '201112', '201203', '201206'])",8.1,E-boost3|depth2|r150|relative,SCENARIO_WALKFORWARD_v0.8
1389,59,옥수삼성,11200,1955500000,0.1011,1.3074,1.1288,1.5737,"{""bear"": 0.1057, ""base"": 0.1368, ""bull"": 0.1988}",2.0,1.0,"전세가율×금리 조건부(지금 전세가율 0.53·금리 2.5, 유사 진입연도 ['201103', '201106', '201109', '201112', '201203', '201206'])",0.12,E-boost3|depth2|r150|relative,SCENARIO_WALKFORWARD_v0.8
1389,84,옥수삼성,11200,2296000000,0.1074,1.3156,1.1358,1.5834,"{""bear"": 0.1057, ""base"": 0.1368, ""bull"": 0.1988}",2.0,1.0,"전세가율×금리 조건부(지금 전세가율 0.53·금리 2.5, 유사 진입연도 ['201103', '201106', '201109', '201112', '201203', '201206'])",0.12,E-boost3|depth2|r150|relative,SCENARIO_WALKFORWARD_v0.8
9974,59,옥정 센트럴파크 푸르지오 아파트,41630,355000000,-0.1255,1.0423,0.8999,1.2546,"{""bear"": 0.1057, ""base"": 0.1368, ""bull"": 0.1988}",6.0,1.0,"전세가율×금리 조건부(지금 전세가율 0.53·금리 2.5, 유사 진입연도 ['201103', '201106', '201109', '201112', '201203', '201206'])",24.82,E-boost3|depth2|r150|relative,SCENARIO_WALKFORWARD_v0.8
9954,74,옥정유림노르웨이숲아파트,41630,368200000,-0.1258,1.042,0.8996,1.2542,"{""bear"": 0.1057, ""base"": 0.1368, ""bull"": 0.1988}",6.0,1.0,"전세가율×금리 조건부(지금 전세가율 0.53·금리 2.5, 유사 진입연도 ['201103', '201106', '201109', '201112', '201203', '201206'])",23.64,E-boost3|depth2|r150|relative,SCENARIO_WALKFORWARD_v0.8
9954,84,옥정유림노르웨이숲아파트,41630,385000000,-0.1038,1.0652,0.9196,1.2821,"{""bear"": 0.1057, ""base"": 0.1368, ""bull"": 0.1988}",6.0,1.0,"전세가율×금리 조건부(지금 전세가율 0.53·금리 2.5, 유사 진입연도 ['201103', '201106', '201109', '201112', '201203', '201206'])",23.64,E-boost3|depth2|r150|relative,SCENARIO_WALKFORWARD_v0.8
4433,59,올림픽파크포레온,11740,2474000000,-0.0324,1.1439,0.9876,1.3769,"{""bear"": 0.1057, ""base"": 0.1368, ""bull"": 0.1988}",3.0,,"전세가율×금리 조건부(지금 전세가율 0.53·금리 2.5, 유사 진입연도 ['201103', '201106', '201109', '201112', '201203', '201206'])",1.33,E-boost3|depth2|r150|relative,SCENARIO_WALKFORWARD_v0.8
4433,84,올림픽파크포레온,11740,2788000000,-0.0401,1.1352,0.98,1.3663,"{""bear"": 0.1057, ""base"": 0.1368, ""bull"": 0.1988}",3.0,,"전세가율×금리 조건부(지금 전세가율 0.53·금리 2.5, 유사 진입연도 ['201103', '201106', '201109', '201112', '201203', '201206'])",1.33,E-boost3|depth2|r150|relative,SCENARIO_WALKFORWARD_v0.8
4295,84,올림픽훼밀리타운,11710,2510000000,0.1515,1.3749,1.1871,1.6549,"{""bear"": 0.1057, ""base"": 0.1368, ""bull"": 0.1988}",2.0,,"전세가율×금리 조건부(지금 전세가율 0.53·금리 2.5, 유사 진입연도 ['201103', '201106', '201109', '201112', '201203', '201206'])",0.76,E-boost3|depth2|r150|relative,SCENARIO_WALKFORWARD_v0.8
8389,74,용인기흥 효성해링턴플레이스아파트,41463,566200000,-0.0714,1.1002,0.9499,1.3243,"{""bear"": 0.1057, ""base"": 0.1368, ""bull"": 0.1988}",5.0,,"전세가율×금리 조건부(지금 전세가율 0.53·금리 2.5, 유사 진입연도 ['201103', '201106', '201109', '201112', '201203', '201206'])",8.74,E-boost3|depth2|r150|relative,SCENARIO_WALKFORWARD_v0.8
8389,84,용인기흥 효성해링턴플레이스아파트,41463,619500000,-0.0792,1.0916,0.9425,1.3139,"{""bear"": 0.1057, ""base"": 0.1368, ""bull"": 0.1988}",5.0,,"전세가율×금리 조건부(지금 전세가율 0.53·금리 2.5, 유사 진입연도 ['201103', '201106', '201109', '201112', '201203', '201206'])",8.74,E-boost3|depth2|r150|relative,SCENARIO_WALKFORWARD_v0.8
8455,74,용인동백두산위브더제니스,41463,688750000,-0.0841,1.0864,0.9379,1.3076,"{""bear"": 0.1057, ""base"": 0.1368, ""bull"": 0.1988}",5.0,,"전세가율×금리 조건부(지금 전세가율 0.53·금리 2.5, 유사 진입연도 ['201103', '201106', '201109', '201112', '201203', '201206'])",7.33,E-boost3|depth2|r150|relative,SCENARIO_WALKFORWARD_v0.8
8455,84,용인동백두산위브더제니스,41463,725200000,-0.0928,1.0769,0.9297,1.2962,"{""bear"": 0.1057, ""base"": 0.1368, ""bull"": 0.1988}",5.0,,"전세가율×금리 조건부(지금 전세가율 0.53·금리 2.5, 유사 진입연도 ['201103', '201106', '201109', '201112', '201203', '201206'])",7.33,E-boost3|depth2|r150|relative,SCENARIO_WALKFORWARD_v0.8
8208,59,용인드마크데시앙,41461,544200000,-0.0859,1.0844,0.9362,1.3052,"{""bear"": 0.1057, ""base"": 0.1368, ""bull"": 0.1988}",5.0,,"전세가율×금리 조건부(지금 전세가율 0.53·금리 2.5, 유사 진입연도 ['201103', '201106', '201109', '201112', '201203', '201206'])",14.45,E-boost3|depth2|r150|relative,SCENARIO_WALKFORWARD_v0.8
8208,74,용인드마크데시앙,41461,662500000,-0.0867,1.0835,0.9355,1.3041,"{""bear"": 0.1057, ""base"": 0.1368, ""bull"": 0.1988}",5.0,,"전세가율×금리 조건부(지금 전세가율 0.53·금리 2.5, 유사 진입연도 ['201103', '201106', '201109', '201112', '201203', '201206'])",14.45,E-boost3|depth2|r150|relative,SCENARIO_WALKFORWARD_v0.8
8208,84,용인드마크데시앙,41461,755000000,-0.0851,1.0852,0.9369,1.3062,"{""bear"": 0.1057, ""base"": 0.1368, ""bull"": 0.1988}",5.0,,"전세가율×금리 조건부(지금 전세가율 0.53·금리 2.5, 유사 진입연도 ['201103', '201106', '201109', '201112', '201203', '201206'])",14.45,E-boost3|depth2|r150|relative,SCENARIO_WALKFORWARD_v0.8
8239,59,용인보평역서희스타힐스리버파크,41461,430300000,-0.085,1.0854,0.9371,1.3064,"{""bear"": 0.1057, ""base"": 0.1368, ""bull"": 0.1988}",7.0,,"전세가율×금리 조건부(지금 전세가율 0.53·금리 2.5, 유사 진입연도 ['201103', '201106', '201109', '201112', '201203', '201206'])",13.09,E-boost3|depth2|r150|relative,SCENARIO_WALKFORWARD_v0.8
8239,74,용인보평역서희스타힐스리버파크,41461,505100000,-0.0741,1.0973,0.9473,1.3207,"{""bear"": 0.1057, ""base"": 0.1368, ""bull"": 0.1988}",7.0,,"전세가율×금리 조건부(지금 전세가율 0.53·금리 2.5, 유사 진입연도 ['201103', '201106', '201109', '201112', '201203', '201206'])",13.09,E-boost3|depth2|r150|relative,SCENARIO_WALKFORWARD_v0.8
8222,59,우미 린 센트럴파크,41461,530800000,-0.0786,1.0923,0.943,1.3147,"{""bear"": 0.1057, ""base"": 0.1368, ""bull"": 0.1988}",5.0,0.0,"전세가율×금리 조건부(지금 전세가율 0.53·금리 2.5, 유사 진입연도 ['201103', '201106', '201109', '201112', '201203', '201206'])",13.54,E-boost3|depth2|r150|relative,SCENARIO_WALKFORWARD_v0.8
8222,74,우미 린 센트럴파크,41461,582800000,-0.0859,1.0844,0.9362,1.3052,"{""bear"": 0.1057, ""base"": 0.1368, ""bull"": 0.1988}",5.0,0.0,"전세가율×금리 조건부(지금 전세가율 0.53·금리 2.5, 유사 진입연도 ['201103', '201106', '201109', '201112', '201203', '201206'])",13.54,E-boost3|depth2|r150|relative,SCENARIO_WALKFORWARD_v0.8
8222,84,우미 린 센트럴파크,41461,638800000,-0.079,1.0919,0.9427,1.3143,"{""bear"": 0.1057, ""base"": 0.1368, ""bull"": 0.1988}",5.0,0.0,"전세가율×금리 조건부(지금 전세가율 0.53·금리 2.5, 유사 진입연도 ['201103', '201106', '201109', '201112', '201203', '201206'])",13.54,E-boost3|depth2|r150|relative,SCENARIO_WALKFORWARD_v0.8
3002,59,우장산아이파크이편한세상,11500,1376500000,0.0688,1.2658,1.0928,1.5235,"{""bear"": 0.1057, ""base"": 0.1368, ""bull"": 0.1988}",3.0,1.0,"전세가율×금리 조건부(지금 전세가율 0.53·금리 2.5, 유사 진입연도 ['201103', '201106', '201109', '201112', '201203', '201206'])",2.25,E-boost3|depth2|r150|relative,SCENARIO_WALKFORWARD_v0.8
3002,84,우장산아이파크이편한세상,11500,1536100000,0.0722,1.2702,1.0966,1.5288,"{""bear"": 0.1057, ""base"": 0.1368, ""bull"": 0.1988}",3.0,1.0,"전세가율×금리 조건부(지금 전세가율 0.53·금리 2.5, 유사 진입연도 ['201103', '201106', '201109', '201112', '201203', '201206'])",2.25,E-boost3|depth2|r150|relative,SCENARIO_WALKFORWARD_v0.8
3072,59,우장산힐스테이트,11500,1411500000,0.0709,1.2685,1.0951,1.5268,"{""bear"": 0.1057, ""base"": 0.1368, ""bull"": 0.1988}",3.0,0.0,"전세가율×금리 조건부(지금 전세가율 0.53·금리 2.5, 유사 진입연도 ['201103', '201106', '201109', '201112', '201203', '201206'])",1.7,E-boost3|depth2|r150|relative,SCENARIO_WALKFORWARD_v0.8
3072,84,우장산힐스테이트,11500,1600900000,0.0718,1.2696,1.0961,1.5281,"{""bear"": 0.1057, ""base"": 0.1368, ""bull"": 0.1988}",3.0,0.0,"전세가율×금리 조건부(지금 전세가율 0.53·금리 2.5, 유사 진입연도 ['201103', '201106', '201109', '201112', '201203', '201206'])",1.7,E-boost3|depth2|r150|relative,SCENARIO_WALKFORWARD_v0.8
849,74,운서SK뷰스카이시티,28155,407700000,-0.1731,0.9938,0.858,1.1962,"{""bear"": 0.1057, ""base"": 0.1368, ""bull"": 0.1988}",7.0,,"전세가율×금리 조건부(지금 전세가율 0.53·금리 2.5, 유사 진입연도 ['201103', '201106', '201109', '201112', '201203', '201206'])",29.92,E-boost3|depth2|r150|relative,SCENARIO_WALKFORWARD_v0.8
849,84,운서SK뷰스카이시티,28155,445300000,-0.1767,0.9903,0.855,1.1919,"{""bear"": 0.1057, ""base"": 0.1368, ""bull"": 0.1988}",7.0,,"전세가율×금리 조건부(지금 전세가율 0.53·금리 2.5, 유사 진입연도 ['201103', '201106', '201109', '201112', '201203', '201206'])",29.92,E-boost3|depth2|r150|relative,SCENARIO_WALKFORWARD_v0.8
7552,59,운암주공5단지,41370,248600000,-0.0345,1.1415,0.9856,1.374,"{""bear"": 0.1057, ""base"": 0.1368, ""bull"": 0.1988}",6.0,-1.0,"전세가율×금리 조건부(지금 전세가율 0.53·금리 2.5, 유사 진입연도 ['201103', '201106', '201109', '201112', '201203', '201206'])",22.32,E-boost3|depth2|r150|relative,SCENARIO_WALKFORWARD_v0.8
8855,74,운정신도시 센트럴푸르지오,41480,598600000,-0.1309,1.0367,0.895,1.2477,"{""bear"": 0.1057, ""base"": 0.1368, ""bull"": 0.1988}",6.0,0.0,"전세가율×금리 조건부(지금 전세가율 0.53·금리 2.5, 유사 진입연도 ['201103', '201106', '201109', '201112', '201203', '201206'])",18.73,E-boost3|depth2|r150|relative,SCENARIO_WALKFORWARD_v0.8
8855,84,운정신도시 센트럴푸르지오,41480,657700000,-0.1184,1.0497,0.9063,1.2635,"{""bear"": 0.1057, ""base"": 0.1368, ""bull"": 0.1988}",6.0,0.0,"전세가율×금리 조건부(지금 전세가율 0.53·금리 2.5, 유사 진입연도 ['201103', '201106', '201109', '201112', '201203', '201206'])",18.73,E-boost3|depth2|r150|relative,SCENARIO_WALKFORWARD_v0.8
6608,59,원곡벽산블루밍,41273,352500000,-0.0926,1.0771,0.93,1.2965,"{""bear"": 0.1057, ""base"": 0.1368, ""bull"": 0.1988}",5.0,-1.0,"전세가율×금리 조건부(지금 전세가율 0.53·금리 2.5, 유사 진입연도 ['201103', '201106', '201109', '201112', '201203', '201206'])",12.23,E-boost3|depth2|r150|relative,SCENARIO_WALKFORWARD_v0.8
6608,84,원곡벽산블루밍,41273,401300000,-0.0859,1.0844,0.9362,1.3052,"{""bear"": 0.1057, ""base"": 0.1368, ""bull"": 0.1988}",5.0,-1.0,"전세가율×금리 조건부(지금 전세가율 0.53·금리 2.5, 유사 진입연도 ['201103', '201106', '201109', '201112', '201203', '201206'])",12.23,E-boost3|depth2|r150|relative,SCENARIO_WALKFORWARD_v0.8
6669,59,원당e-편한세상,41281,498300000,-0.0401,1.1353,0.9801,1.3664,"{""bear"": 0.1057, ""base"": 0.1368, ""bull"": 0.1988}",4.0,,"전세가율×금리 조건부(지금 전세가율 0.53·금리 2.5, 유사 진입연도 ['201103', '201106', '201109', '201112', '201203', '201206'])",9.85,E-boost3|depth2|r150|relative,SCENARIO_WALKFORWARD_v0.8
6669,84,원당e-편한세상,41281,599500000,-0.0487,1.1255,0.9717,1.3547,"{""bear"": 0.1057, ""base"": 0.1368, ""bull"": 0.1988}",4.0,,"전세가율×금리 조건부(지금 전세가율 0.53·금리 2.5, 유사 진입연도 ['201103', '201106', '201109', '201112', '201203', '201206'])",9.85,E-boost3|depth2|r150|relative,SCENARIO_WALKFORWARD_v0.8
4878,59,원천레이크파크,41117,483150000,-0.0071,1.1732,1.0129,1.4121,"{""bear"": 0.1057, ""base"": 0.1368, ""bull"": 0.1988}",4.0,0.0,"전세가율×금리 조건부(지금 전세가율 0.53·금리 2.5, 유사 진입연도 ['201103', '201106', '201109', '201112', '201203', '201206'])",9.7,E-boost3|depth2|r150|relative,SCENARIO_WALKFORWARD_v0.8
4878,84,원천레이크파크,41117,615000000,0.007,1.19,1.0274,1.4323,"{""bear"": 0.1057, ""base"": 0.1368, ""bull"": 0.1988}",4.0,0.0,"전세가율×금리 조건부(지금 전세가율 0.53·금리 2.5, 유사 진입연도 ['201103', '201106', '201109', '201112', '201203', '201206'])",9.7,E-boost3|depth2|r150|relative,SCENARIO_WALKFORWARD_v0.8
6662,84,원흥동일스위트아파트,41281,930050000,0.0281,1.2154,1.0493,1.4628,"{""bear"": 0.1057, ""base"": 0.1368, ""bull"": 0.1988}",4.0,1.0,"전세가율×금리 조건부(지금 전세가율 0.53·금리 2.5, 유사 진입연도 ['201103', '201106', '201109', '201112', '201203', '201206'])",5.3,E-boost3|depth2|r150|relative,SCENARIO_WALKFORWARD_v0.8
2151,59,월계주공2단지,11350,567000000,0.1011,1.3074,1.1287,1.5736,"{""bear"": 0.1057, ""base"": 0.1368, ""bull"": 0.1988}",4.0,,"전세가율×금리 조건부(지금 전세가율 0.53·금리 2.5, 유사 진입연도 ['201103', '201106', '201109', '201112', '201203', '201206'])",3.59,E-boost3|depth2|r150|relative,SCENARIO_WALKFORWARD_v0.8
2151,84,월계주공2단지,11350,712800000,0.0978,1.3031,1.125,1.5684,"{""bear"": 0.1057, ""base"": 0.1368, ""bull"": 0.1988}",4.0,,"전세가율×금리 조건부(지금 전세가율 0.53·금리 2.5, 유사 진입연도 ['201103', '201106', '201109', '201112', '201203', '201206'])",3.59,E-boost3|depth2|r150|relative,SCENARIO_WALKFORWARD_v0.8
1921,59,월곡두산위브아파트,11290,916000000,0.0219,1.2078,1.0428,1.4538,"{""bear"": 0.1057, ""base"": 0.1368, ""bull"": 0.1988}",3.0,2.0,"전세가율×금리 조건부(지금 전세가율 0.53·금리 2.5, 유사 진입연도 ['201103', '201106', '201109', '201112', '201203', '201206'])",1.42,E-boost3|depth2|r150|relative,SCENARIO_WALKFORWARD_v0.8
1921,84,월곡두산위브아파트,11290,945800000,0.0259,1.2127,1.047,1.4596,"{""bear"": 0.1057, ""base"": 0.1368, ""bull"": 0.1988}",3.0,2.0,"전세가율×금리 조건부(지금 전세가율 0.53·금리 2.5, 유사 진입연도 ['201103', '201106', '201109', '201112', '201203', '201206'])",1.42,E-boost3|depth2|r150|relative,SCENARIO_WALKFORWARD_v0.8
7813,59,월곶2차풍림아이원,41390,296550000,-0.0485,1.1257,0.9719,1.355,"{""bear"": 0.1057, ""base"": 0.1368, ""bull"": 0.1988}",6.0,,"전세가율×금리 조건부(지금 전세가율 0.53·금리 2.5, 유사 진입연도 ['201103', '201106', '201109', '201112', '201203', '201206'])",13.02,E-boost3|depth2|r150|relative,SCENARIO_WALKFORWARD_v0.8
7813,84,월곶2차풍림아이원,41390,359000000,-0.0349,1.1411,0.9852,1.3734,"{""bear"": 0.1057, ""base"": 0.1368, ""bull"": 0.1988}",6.0,,"전세가율×금리 조건부(지금 전세가율 0.53·금리 2.5, 유사 진입연도 ['201103', '201106', '201109', '201112', '201203', '201206'])",13.02,E-boost3|depth2|r150|relative,SCENARIO_WALKFORWARD_v0.8
6537,59,월피한양,41271,222600000,0.0342,1.2227,1.0556,1.4717,"{""bear"": 0.1057, ""base"": 0.1368, ""bull"": 0.1988}",6.0,-2.0,"전세가율×금리 조건부(지금 전세가율 0.53·금리 2.5, 유사 진입연도 ['201103', '201106', '201109', '201112', '201203', '201206'])",9.97,E-boost3|depth2|r150|relative,SCENARIO_WALKFORWARD_v0.8
6537,74,월피한양,41271,302000000,-0.0133,1.1661,1.0067,1.4035,"{""bear"": 0.1057, ""base"": 0.1368, ""bull"": 0.1988}",6.0,-2.0,"전세가율×금리 조건부(지금 전세가율 0.53·금리 2.5, 유사 진입연도 ['201103', '201106', '201109', '201112', '201203', '201206'])",9.97,E-boost3|depth2|r150|relative,SCENARIO_WALKFORWARD_v0.8
6537,84,월피한양,41271,356600000,-0.0054,1.1753,1.0147,1.4146,"{""bear"": 0.1057, ""base"": 0.1368, ""bull"": 0.1988}",6.0,-2.0,"전세가율×금리 조건부(지금 전세가율 0.53·금리 2.5, 유사 진입연도 ['201103', '201106', '201109', '201112', '201203', '201206'])",9.97,E-boost3|depth2|r150|relative,SCENARIO_WALKFORWARD_v0.8
8205,74,위례롯데캐슬아파트,41450,1569500000,0.0109,1.1946,1.0313,1.4378,"{""bear"": 0.1057, ""base"": 0.1368, ""bull"": 0.1988}",2.0,,"전세가율×금리 조건부(지금 전세가율 0.53·금리 2.5, 유사 진입연도 ['201103', '201106', '201109', '201112', '201203', '201206'])",0.75,E-boost3|depth2|r150|relative,SCENARIO_WALKFORWARD_v0.8
8205,84,위례롯데캐슬아파트,41450,1637800000,0.0201,1.2056,1.0409,1.4511,"{""bear"": 0.1057, ""base"": 0.1368, ""bull"": 0.1988}",2.0,,"전세가율×금리 조건부(지금 전세가율 0.53·금리 2.5, 유사 진입연도 ['201103', '201106', '201109', '201112', '201203', '201206'])",0.75,E-boost3|depth2|r150|relative,SCENARIO_WALKFORWARD_v0.8
5023,59,위례센트럴자이,41131,1586500000,0.0562,1.25,1.0792,1.5045,"{""bear"": 0.1057, ""base"": 0.1368, ""bull"": 0.1988}",2.0,6.0,"전세가율×금리 조건부(지금 전세가율 0.53·금리 2.5, 유사 진입연도 ['201103', '201106', '201109', '201112', '201203', '201206'])",0.52,E-boost3|depth2|r150|relative,SCENARIO_WALKFORWARD_v0.8
5023,74,위례센트럴자이,41131,1926000000,0.0381,1.2275,1.0598,1.4775,"{""bear"": 0.1057, ""base"": 0.1368, ""bull"": 0.1988}",2.0,6.0,"전세가율×금리 조건부(지금 전세가율 0.53·금리 2.5, 유사 진입연도 ['201103', '201106', '201109', '201112', '201203', '201206'])",0.52,E-boost3|depth2|r150|relative,SCENARIO_WALKFORWARD_v0.8
5023,84,위례센트럴자이,41131,2240000000,0.0384,1.2279,1.0601,1.478,"{""bear"": 0.1057, ""base"": 0.1368, ""bull"": 0.1988}",2.0,6.0,"전세가율×금리 조건부(지금 전세가율 0.53·금리 2.5, 유사 진입연도 ['201103', '201106', '201109', '201112', '201203', '201206'])",0.52,E-boost3|depth2|r150|relative,SCENARIO_WALKFORWARD_v0.8
6838,84,위시티일산자이1단지,41285,575000000,-0.1173,1.0509,0.9073,1.2649,"{""bear"": 0.1057, ""base"": 0.1368, ""bull"": 0.1988}",4.0,,"전세가율×금리 조건부(지금 전세가율 0.53·금리 2.5, 유사 진입연도 ['201103', '201106', '201109', '201112', '201203', '201206'])",13.33,E-boost3|depth2|r150|relative,SCENARIO_WALKFORWARD_v0.8
4584,59,율전밤꽃마을뜨란채,41111,351000000,-0.0729,1.0985,0.9484,1.3222,"{""bear"": 0.1057, ""base"": 0.1368, ""bull"": 0.1988}",6.0,,"전세가율×금리 조건부(지금 전세가율 0.53·금리 2.5, 유사 진입연도 ['201103', '201106', '201109', '201112', '201203', '201206'])",11.96,E-boost3|depth2|r150|relative,SCENARIO_WALKFORWARD_v0.8
4584,84,율전밤꽃마을뜨란채,41111,448600000,-0.0651,1.1072,0.9559,1.3327,"{""bear"": 0.1057, ""base"": 0.1368, ""bull"": 0.1988}",6.0,,"전세가율×금리 조건부(지금 전세가율 0.53·금리 2.5, 유사 진입연도 ['201103', '201106', '201109', '201112', '201203', '201206'])",11.96,E-boost3|depth2|r150|relative,SCENARIO_WALKFORWARD_v0.8
7688,59,은계센트럴타운,41390,386200000,-0.0064,1.1742,1.0137,1.4132,"{""bear"": 0.1057, ""base"": 0.1368, ""bull"": 0.1988}",5.0,2.0,"전세가율×금리 조건부(지금 전세가율 0.53·금리 2.5, 유사 진입연도 ['201103', '201106', '201109', '201112', '201203', '201206'])",7.74,E-boost3|depth2|r150|relative,SCENARIO_WALKFORWARD_v0.8
7688,74,은계센트럴타운,41390,514300000,-0.0178,1.1609,1.0022,1.3972,"{""bear"": 0.1057, ""base"": 0.1368, ""bull"": 0.1988}",5.0,2.0,"전세가율×금리 조건부(지금 전세가율 0.53·금리 2.5, 유사 진입연도 ['201103', '201106', '201109', '201112', '201203', '201206'])",7.74,E-boost3|depth2|r150|relative,SCENARIO_WALKFORWARD_v0.8
7688,84,은계센트럴타운,41390,544500000,-0.0123,1.1672,1.0077,1.4048,"{""bear"": 0.1057, ""base"": 0.1368, ""bull"": 0.1988}",5.0,2.0,"전세가율×금리 조건부(지금 전세가율 0.53·금리 2.5, 유사 진입연도 ['201103', '201106', '201109', '201112', '201203', '201206'])",7.74,E-boost3|depth2|r150|relative,SCENARIO_WALKFORWARD_v0.8
7648,74,은계어반리더스아파트,41390,532100000,-0.0139,1.1653,1.0061,1.4026,"{""bear"": 0.1057, ""base"": 0.1368, ""bull"": 0.1988}",6.0,2.0,"전세가율×금리 조건부(지금 전세가율 0.53·금리 2.5, 유사 진입연도 ['201103', '201106', '201109', '201112', '201203', '201206'])",8.41,E-boost3|depth2|r150|relative,SCENARIO_WALKFORWARD_v0.8
7648,84,은계어반리더스아파트,41390,584280000,-0.0179,1.1607,1.0021,1.397,"{""bear"": 0.1057, ""base"": 0.1368, ""bull"": 0.1988}",6.0,2.0,"전세가율×금리 조건부(지금 전세가율 0.53·금리 2.5, 유사 진입연도 ['201103', '201106', '201109', '201112', '201203', '201206'])",8.41,E-boost3|depth2|r150|relative,SCENARIO_WALKFORWARD_v0.8
7679,59,은계파크자이아파트,41390,547500000,-0.0203,1.1579,0.9997,1.3936,"{""bear"": 0.1057, ""base"": 0.1368, ""bull"": 0.1988}",5.0,2.0,"전세가율×금리 조건부(지금 전세가율 0.53·금리 2.5, 유사 진입연도 ['201103', '201106', '201109', '201112', '201203', '201206'])",7.72,E-boost3|depth2|r150|relative,SCENARIO_WALKFORWARD_v0.8
7679,74,은계파크자이아파트,41390,599000000,-0.0195,1.1589,1.0005,1.3948,"{""bear"": 0.1057, ""base"": 0.1368, ""bull"": 0.1988}",5.0,2.0,"전세가율×금리 조건부(지금 전세가율 0.53·금리 2.5, 유사 진입연도 ['201103', '201106', '201109', '201112', '201203', '201206'])",7.72,E-boost3|depth2|r150|relative,SCENARIO_WALKFORWARD_v0.8
7679,84,은계파크자이아파트,41390,648200000,-0.0314,1.1452,0.9887,1.3783,"{""bear"": 0.1057, ""base"": 0.1368, ""bull"": 0.1988}",5.0,2.0,"전세가율×금리 조건부(지금 전세가율 0.53·금리 2.5, 유사 진입연도 ['201103', '201106', '201109', '201112', '201203', '201206'])",7.72,E-boost3|depth2|r150|relative,SCENARIO_WALKFORWARD_v0.8
4088,74,은마,11680,3544500000,0.1642,1.3925,1.2022,1.6761,"{""bear"": 0.1057, ""base"": 0.1368, ""bull"": 0.1988}",1.0,1.0,"전세가율×금리 조건부(지금 전세가율 0.53·금리 2.5, 유사 진입연도 ['201103', '201106', '201109', '201112', '201203', '201206'])",0.44,E-boost3|depth2|r150|relative,SCENARIO_WALKFORWARD_v0.8
4088,84,은마,11680,3906000000,0.1515,1.3749,1.187,1.6549,"{""bear"": 0.1057, ""base"": 0.1368, ""bull"": 0.1988}",1.0,1.0,"전세가율×금리 조건부(지금 전세가율 0.53·금리 2.5, 유사 진입연도 ['201103', '201106', '201109', '201112', '201203', '201206'])",0.44,E-boost3|depth2|r150|relative,SCENARIO_WALKFORWARD_v0.8
5061,59,은행주공,41133,693150000,0.0949,1.2992,1.1217,1.5638,"{""bear"": 0.1057, ""base"": 0.1368, ""bull"": 0.1988}",4.0,,"전세가율×금리 조건부(지금 전세가율 0.53·금리 2.5, 유사 진입연도 ['201103', '201106', '201109', '201112', '201203', '201206'])",2.49,E-boost3|depth2|r150|relative,SCENARIO_WALKFORWARD_v0.8
5061,74,은행주공,41133,797000000,0.113,1.3231,1.1423,1.5925,"{""bear"": 0.1057, ""base"": 0.1368, ""bull"": 0.1988}",4.0,,"전세가율×금리 조건부(지금 전세가율 0.53·금리 2.5, 유사 진입연도 ['201103', '201106', '201109', '201112', '201203', '201206'])",2.49,E-boost3|depth2|r150|relative,SCENARIO_WALKFORWARD_v0.8
5061,84,은행주공,41133,860000000,0.0965,1.3013,1.1235,1.5663,"{""bear"": 0.1057, ""base"": 0.1368, ""bull"": 0.1988}",4.0,,"전세가율×금리 조건부(지금 전세가율 0.53·금리 2.5, 유사 진입연도 ['201103', '201106', '201109', '201112', '201203', '201206'])",2.49,E-boost3|depth2|r150|relative,SCENARIO_WALKFORWARD_v0.8
5060,84,은행현대,41133,856400000,0.1586,1.3847,1.1955,1.6666,"{""bear"": 0.1057, ""base"": 0.1368, ""bull"": 0.1988}",4.0,,"전세가율×금리 조건부(지금 전세가율 0.53·금리 2.5, 유사 진입연도 ['201103', '201106', '201109', '201112', '201203', '201206'])",2.7,E-boost3|depth2|r150|relative,SCENARIO_WALKFORWARD_v0.8
8026,84,의왕동백,41430,494500000,0.1304,1.3463,1.1623,1.6204,"{""bear"": 0.1057, ""base"": 0.1368, ""bull"": 0.1988}",5.0,-1.0,"전세가율×금리 조건부(지금 전세가율 0.53·금리 2.5, 유사 진입연도 ['201103', '201106', '201109', '201112', '201203', '201206'])",6.3,E-boost3|depth2|r150|relative,SCENARIO_WALKFORWARD_v0.8
8005,74,의왕역 푸르지오 라포레,41430,602000000,-0.0866,1.0837,0.9356,1.3043,"{""bear"": 0.1057, ""base"": 0.1368, ""bull"": 0.1988}",5.0,,"전세가율×금리 조건부(지금 전세가율 0.53·금리 2.5, 유사 진입연도 ['201103', '201106', '201109', '201112', '201203', '201206'])",10.55,E-boost3|depth2|r150|relative,SCENARIO_WALKFORWARD_v0.8
8005,84,의왕역 푸르지오 라포레,41430,665900000,-0.0672,1.1049,0.9539,1.3298,"{""bear"": 0.1057, ""base"": 0.1368, ""bull"": 0.1988}",5.0,,"전세가율×금리 조건부(지금 전세가율 0.53·금리 2.5, 유사 진입연도 ['201103', '201106', '201109', '201112', '201203', '201206'])",10.55,E-boost3|depth2|r150|relative,SCENARIO_WALKFORWARD_v0.8
5528,59,의정부 SK-VIEW아파트,41150,310200000,-0.1626,1.0043,0.8671,1.2088,"{""bear"": 0.1057, ""base"": 0.1368, ""bull"": 0.1988}",6.0,,"전세가율×금리 조건부(지금 전세가율 0.53·금리 2.5, 유사 진입연도 ['201103', '201106', '201109', '201112', '201203', '201206'])",15.79,E-boost3|depth2|r150|relative,SCENARIO_WALKFORWARD_v0.8
5528,74,의정부 SK-VIEW아파트,41150,365000000,-0.1554,1.0116,0.8733,1.2175,"{""bear"": 0.1057, ""base"": 0.1368, ""bull"": 0.1988}",6.0,,"전세가율×금리 조건부(지금 전세가율 0.53·금리 2.5, 유사 진입연도 ['201103', '201106', '201109', '201112', '201203', '201206'])",15.79,E-boost3|depth2|r150|relative,SCENARIO_WALKFORWARD_v0.8
5528,84,의정부 SK-VIEW아파트,41150,377300000,-0.1663,1.0007,0.8639,1.2044,"{""bear"": 0.1057, ""base"": 0.1368, ""bull"": 0.1988}",6.0,,"전세가율×금리 조건부(지금 전세가율 0.53·금리 2.5, 유사 진입연도 ['201103', '201106', '201109', '201112', '201203', '201206'])",15.79,E-boost3|depth2|r150|relative,SCENARIO_WALKFORWARD_v0.8
5318,59,의정부역센트럴자이앤위브캐슬,41150,624400000,-0.1241,1.0437,0.9011,1.2563,"{""bear"": 0.1057, ""base"": 0.1368, ""bull"": 0.1988}",5.0,,"전세가율×금리 조건부(지금 전세가율 0.53·금리 2.5, 유사 진입연도 ['201103', '201106', '201109', '201112', '201203', '201206'])",14.11,E-boost3|depth2|r150|relative,SCENARIO_WALKFORWARD_v0.8
5318,74,의정부역센트럴자이앤위브캐슬,41150,728400000,-0.122,1.0459,0.903,1.2589,"{""bear"": 0.1057, ""base"": 0.1368, ""bull"": 0.1988}",5.0,,"전세가율×금리 조건부(지금 전세가율 0.53·금리 2.5, 유사 진입연도 ['201103', '201106', '201109', '201112', '201203', '201206'])",14.11,E-boost3|depth2|r150|relative,SCENARIO_WALKFORWARD_v0.8
5318,84,의정부역센트럴자이앤위브캐슬,41150,842900000,-0.1053,1.0635,0.9182,1.2801,"{""bear"": 0.1057, ""base"": 0.1368, ""bull"": 0.1988}",5.0,,"전세가율×금리 조건부(지금 전세가율 0.53·금리 2.5, 유사 진입연도 ['201103', '201106', '201109', '201112', '201203', '201206'])",14.11,E-boost3|depth2|r150|relative,SCENARIO_WALKFORWARD_v0.8
5169,59,이매촌삼성,41135,1461200000,0.1148,1.3253,1.1442,1.5952,"{""bear"": 0.1057, ""base"": 0.1368, ""bull"": 0.1988}",2.0,1.0,"전세가율×금리 조건부(지금 전세가율 0.53·금리 2.5, 유사 진입연도 ['201103', '201106', '201109', '201112', '201203', '201206'])",0.82,E-boost3|depth2|r150|relative,SCENARIO_WALKFORWARD_v0.8
5169,74,이매촌삼성,41135,1696000000,0.1156,1.3265,1.1452,1.5966,"{""bear"": 0.1057, ""base"": 0.1368, ""bull"": 0.1988}",2.0,1.0,"전세가율×금리 조건부(지금 전세가율 0.53·금리 2.5, 유사 진입연도 ['201103', '201106', '201109', '201112', '201203', '201206'])",0.82,E-boost3|depth2|r150|relative,SCENARIO_WALKFORWARD_v0.8
5169,84,이매촌삼성,41135,1767900000,0.1214,1.3342,1.1519,1.6059,"{""bear"": 0.1057, ""base"": 0.1368, ""bull"": 0.1988}",2.0,1.0,"전세가율×금리 조건부(지금 전세가율 0.53·금리 2.5, 유사 진입연도 ['201103', '201106', '201109', '201112', '201203', '201206'])",0.82,E-boost3|depth2|r150|relative,SCENARIO_WALKFORWARD_v0.8
5173,59,이매촌한신,41135,1430400000,0.1634,1.3914,1.2013,1.6748,"{""bear"": 0.1057, ""base"": 0.1368, ""bull"": 0.1988}",2.0,1.0,"전세가율×금리 조건부(지금 전세가율 0.53·금리 2.5, 유사 진입연도 ['201103', '201106', '201109', '201112', '201203', '201206'])",0.85,E-boost3|depth2|r150|relative,SCENARIO_WALKFORWARD_v0.8
5173,84,이매촌한신,41135,1859400000,0.1474,1.3693,1.1822,1.6481,"{""bear"": 0.1057, ""base"": 0.1368, ""bull"": 0.1988}",2.0,1.0,"전세가율×금리 조건부(지금 전세가율 0.53·금리 2.5, 유사 진입연도 ['201103', '201106', '201109', '201112', '201203', '201206'])",0.85,E-boost3|depth2|r150|relative,SCENARIO_WALKFORWARD_v0.8
1665,59,이문쌍용,11230,958000000,-0.004,1.1769,1.0161,1.4165,"{""bear"": 0.1057, ""base"": 0.1368, ""bull"": 0.1988}",3.0,,"전세가율×금리 조건부(지금 전세가율 0.53·금리 2.5, 유사 진입연도 ['201103', '201106', '201109', '201112', '201203', '201206'])",3.95,E-boost3|depth2|r150|relative,SCENARIO_WALKFORWARD_v0.8
1665,84,이문쌍용,11230,1001500000,0.004,1.1863,1.0242,1.4279,"{""bear"": 0.1057, ""base"": 0.1368, ""bull"": 0.1988}",3.0,,"전세가율×금리 조건부(지금 전세가율 0.53·금리 2.5, 유사 진입연도 ['201103', '201106', '201109', '201112', '201203', '201206'])",3.95,E-boost3|depth2|r150|relative,SCENARIO_WALKFORWARD_v0.8
1281,59,이촌강촌아파트,11170,2349000000,0.1165,1.3276,1.1462,1.5979,"{""bear"": 0.1057, ""base"": 0.1368, ""bull"": 0.1988}",1.0,0.0,"전세가율×금리 조건부(지금 전세가율 0.53·금리 2.5, 유사 진입연도 ['201103', '201106', '201109', '201112', '201203', '201206'])",0.65,E-boost3|depth2|r150|relative,SCENARIO_WALKFORWARD_v0.8
1281,84,이촌강촌아파트,11170,2737500000,0.1329,1.3496,1.1652,1.6244,"{""bear"": 0.1057, ""base"": 0.1368, ""bull"": 0.1988}",1.0,0.0,"전세가율×금리 조건부(지금 전세가율 0.53·금리 2.5, 유사 진입연도 ['201103', '201106', '201109', '201112', '201203', '201206'])",0.65,E-boost3|depth2|r150|relative,SCENARIO_WALKFORWARD_v0.8
9546,59,이편한세상 반월나노시티역,41595,587500000,-0.174,0.993,0.8573,1.1952,"{""bear"": 0.1057, ""base"": 0.1368, ""bull"": 0.1988}",5.0,1.0,"전세가율×금리 조건부(지금 전세가율 0.53·금리 2.5, 유사 진입연도 ['201103', '201106', '201109', '201112', '201203', '201206'])",14.15,E-boost3|depth2|r150|relative,SCENARIO_WALKFORWARD_v0.8
9546,74,이편한세상 반월나노시티역,41595,673300000,-0.1682,0.9987,0.8622,1.2021,"{""bear"": 0.1057, ""base"": 0.1368, ""bull"": 0.1988}",5.0,1.0,"전세가율×금리 조건부(지금 전세가율 0.53·금리 2.5, 유사 진입연도 ['201103', '201106', '201109', '201112', '201203', '201206'])",14.15,E-boost3|depth2|r150|relative,SCENARIO_WALKFORWARD_v0.8
9546,84,이편한세상 반월나노시티역,41595,736600000,-0.1806,0.9864,0.8516,1.1872,"{""bear"": 0.1057, ""base"": 0.1368, ""bull"": 0.1988}",5.0,1.0,"전세가율×금리 조건부(지금 전세가율 0.53·금리 2.5, 유사 진입연도 ['201103', '201106', '201109', '201112', '201203', '201206'])",14.15,E-boost3|depth2|r150|relative,SCENARIO_WALKFORWARD_v0.8
4355,59,이편한세상 송파파크센트럴,11710,1742500000,-0.0119,1.1677,1.0081,1.4055,"{""bear"": 0.1057, ""base"": 0.1368, ""bull"": 0.1988}",3.0,,"전세가율×금리 조건부(지금 전세가율 0.53·금리 2.5, 유사 진입연도 ['201103', '201106', '201109', '201112', '201203', '201206'])",1.46,E-boost3|depth2|r150|relative,SCENARIO_WALKFORWARD_v0.8
4355,84,이편한세상 송파파크센트럴,11710,1913000000,-0.0085,1.1716,1.0115,1.4102,"{""bear"": 0.1057, ""base"": 0.1368, ""bull"": 0.1988}",3.0,,"전세가율×금리 조건부(지금 전세가율 0.53·금리 2.5, 유사 진입연도 ['201103', '201106', '201109', '201112', '201203', '201206'])",1.46,E-boost3|depth2|r150|relative,SCENARIO_WALKFORWARD_v0.8
8288,59,이편한세상 용인한숲시티 3단지,41461,362000000,-0.1836,0.9834,0.849,1.1837,"{""bear"": 0.1057, ""base"": 0.1368, ""bull"": 0.1988}",6.0,0.0,"전세가율×금리 조건부(지금 전세가율 0.53·금리 2.5, 유사 진입연도 ['201103', '201106', '201109', '201112', '201203', '201206'])",21.06,E-boost3|depth2|r150|relative,SCENARIO_WALKFORWARD_v0.8
8288,84,이편한세상 용인한숲시티 3단지,41461,420400000,-0.1707,0.9962,0.8601,1.1991,"{""bear"": 0.1057, ""base"": 0.1368, ""bull"": 0.1988}",6.0,0.0,"전세가율×금리 조건부(지금 전세가율 0.53·금리 2.5, 유사 진입연도 ['201103', '201106', '201109', '201112', '201203', '201206'])",21.06,E-boost3|depth2|r150|relative,SCENARIO_WALKFORWARD_v0.8
6606,59,이편한세상 초지역 센트럴포레아파트,41273,598399000,-0.1163,1.052,0.9082,1.2662,"{""bear"": 0.1057, ""base"": 0.1368, ""bull"": 0.1988}",5.0,-1.0,"전세가율×금리 조건부(지금 전세가율 0.53·금리 2.5, 유사 진입연도 ['201103', '201106', '201109', '201112', '201203', '201206'])",12.42,E-boost3|depth2|r150|relative,SCENARIO_WALKFORWARD_v0.8
6606,74,이편한세상 초지역 센트럴포레아파트,41273,703700000,-0.1259,1.0419,0.8995,1.254,"{""bear"": 0.1057, ""base"": 0.1368, ""bull"": 0.1988}",5.0,-1.0,"전세가율×금리 조건부(지금 전세가율 0.53·금리 2.5, 유사 진입연도 ['201103', '201106', '201109', '201112', '201203', '201206'])",12.42,E-boost3|depth2|r150|relative,SCENARIO_WALKFORWARD_v0.8
6606,84,이편한세상 초지역 센트럴포레아파트,41273,768400000,-0.1269,1.0408,0.8986,1.2527,"{""bear"": 0.1057, ""base"": 0.1368, ""bull"": 0.1988}",5.0,-1.0,"전세가율×금리 조건부(지금 전세가율 0.53·금리 2.5, 유사 진입연도 ['201103', '201106', '201109', '201112', '201203', '201206'])",12.42,E-boost3|depth2|r150|relative,SCENARIO_WALKFORWARD_v0.8
8071,84,인덕원푸르지오 엘센트로아파트,41430,1451100000,0.1282,1.3433,1.1598,1.6169,"{""bear"": 0.1057, ""base"": 0.1368, ""bull"": 0.1988}",4.0,,"전세가율×금리 조건부(지금 전세가율 0.53·금리 2.5, 유사 진입연도 ['201103', '201106', '201109', '201112', '201203', '201206'])",1.93,E-boost3|depth2|r150|relative,SCENARIO_WALKFORWARD_v0.8
7145,59,인창주공1단지아파트,41310,625800000,0.0802,1.2803,1.1054,1.541,"{""bear"": 0.1057, ""base"": 0.1368, ""bull"": 0.1988}",4.0,,"전세가율×금리 조건부(지금 전세가율 0.53·금리 2.5, 유사 진입연도 ['201103', '201106', '201109', '201112', '201203', '201206'])",5.79,E-boost3|depth2|r150|relative,SCENARIO_WALKFORWARD_v0.8
7148,59,인창주공6단지,41310,633800000,0.0795,1.2794,1.1045,1.5399,"{""bear"": 0.1057, ""base"": 0.1368, ""bull"": 0.1988}",4.0,,"전세가율×금리 조건부(지금 전세가율 0.53·금리 2.5, 유사 진입연도 ['201103', '201106', '201109', '201112', '201203', '201206'])",5.34,E-boost3|depth2|r150|relative,SCENARIO_WALKFORWARD_v0.8
7043,59,일산두산위브더제니스,41287,449390000,-0.0261,1.1512,0.9939,1.3856,"{""bear"": 0.1057, ""base"": 0.1368, ""bull"": 0.1988}",5.0,0.0,"전세가율×금리 조건부(지금 전세가율 0.53·금리 2.5, 유사 진입연도 ['201103', '201106', '201109', '201112', '201203', '201206'])",15.46,E-boost3|depth2|r150|relative,SCENARIO_WALKFORWARD_v0.8
6845,59,일산센트럴아이파크,41285,539200000,-0.0699,1.1019,0.9514,1.3263,"{""bear"": 0.1057, ""base"": 0.1368, ""bull"": 0.1988}",6.0,0.0,"전세가율×금리 조건부(지금 전세가율 0.53·금리 2.5, 유사 진입연도 ['201103', '201106', '201109', '201112', '201203', '201206'])",13.13,E-boost3|depth2|r150|relative,SCENARIO_WALKFORWARD_v0.8
6845,84,일산센트럴아이파크,41285,637000000,-0.0526,1.1211,0.9679,1.3493,"{""bear"": 0.1057, ""base"": 0.1368, ""bull"": 0.1988}",6.0,0.0,"전세가율×금리 조건부(지금 전세가율 0.53·금리 2.5, 유사 진입연도 ['201103', '201106', '201109', '201112', '201203', '201206'])",13.13,E-boost3|depth2|r150|relative,SCENARIO_WALKFORWARD_v0.8
7034,59,일산에듀포레푸르지오,41287,373500000,-0.0718,1.0998,0.9495,1.3237,"{""bear"": 0.1057, ""base"": 0.1368, ""bull"": 0.1988}",5.0,0.0,"전세가율×금리 조건부(지금 전세가율 0.53·금리 2.5, 유사 진입연도 ['201103', '201106', '201109', '201112', '201203', '201206'])",16.21,E-boost3|depth2|r150|relative,SCENARIO_WALKFORWARD_v0.8
7034,74,일산에듀포레푸르지오,41287,429800000,-0.0778,1.0932,0.9438,1.3158,"{""bear"": 0.1057, ""base"": 0.1368, ""bull"": 0.1988}",5.0,0.0,"전세가율×금리 조건부(지금 전세가율 0.53·금리 2.5, 유사 진입연도 ['201103', '201106', '201109', '201112', '201203', '201206'])",16.21,E-boost3|depth2|r150|relative,SCENARIO_WALKFORWARD_v0.8
7034,84,일산에듀포레푸르지오,41287,467000000,-0.0718,1.0997,0.9495,1.3237,"{""bear"": 0.1057, ""base"": 0.1368, ""bull"": 0.1988}",5.0,0.0,"전세가율×금리 조건부(지금 전세가율 0.53·금리 2.5, 유사 진입연도 ['201103', '201106', '201109', '201112', '201203', '201206'])",16.21,E-boost3|depth2|r150|relative,SCENARIO_WALKFORWARD_v0.8
6905,59,일산와이시티,41285,716000000,0.0046,1.1871,1.0249,1.4288,"{""bear"": 0.1057, ""base"": 0.1368, ""bull"": 0.1988}",3.0,,"전세가율×금리 조건부(지금 전세가율 0.53·금리 2.5, 유사 진입연도 ['201103', '201106', '201109', '201112', '201203', '201206'])",9.03,E-boost3|depth2|r150|relative,SCENARIO_WALKFORWARD_v0.8
6905,84,일산와이시티,41285,893000000,0.0055,1.1882,1.0259,1.4302,"{""bear"": 0.1057, ""base"": 0.1368, ""bull"": 0.1988}",3.0,,"전세가율×금리 조건부(지금 전세가율 0.53·금리 2.5, 유사 진입연도 ['201103', '201106', '201109', '201112', '201203', '201206'])",9.03,E-boost3|depth2|r150|relative,SCENARIO_WALKFORWARD_v0.8
4204,59,잠실레이크팰리스,11710,2627000000,0.1098,1.3187,1.1385,1.5873,"{""bear"": 0.1057, ""base"": 0.1368, ""bull"": 0.1988}",1.0,2.0,"전세가율×금리 조건부(지금 전세가율 0.53·금리 2.5, 유사 진입연도 ['201103', '201106', '201109', '201112', '201203', '201206'])",0.67,E-boost3|depth2|r150|relative,SCENARIO_WALKFORWARD_v0.8
4204,84,잠실레이크팰리스,11710,3065000000,0.1215,1.3343,1.152,1.606,"{""bear"": 0.1057, ""base"": 0.1368, ""bull"": 0.1988}",1.0,2.0,"전세가율×금리 조건부(지금 전세가율 0.53·금리 2.5, 유사 진입연도 ['201103', '201106', '201109', '201112', '201203', '201206'])",0.67,E-boost3|depth2|r150|relative,SCENARIO_WALKFORWARD_v0.8
4206,59,잠실리센츠,11710,2953700000,0.1087,1.3174,1.1373,1.5856,"{""bear"": 0.1057, ""base"": 0.1368, ""bull"": 0.1988}",1.0,2.0,"전세가율×금리 조건부(지금 전세가율 0.53·금리 2.5, 유사 진입연도 ['201103', '201106', '201109', '201112', '201203', '201206'])",0.37,E-boost3|depth2|r150|relative,SCENARIO_WALKFORWARD_v0.8
4206,84,잠실리센츠,11710,3391000000,0.1455,1.3668,1.18,1.6451,"{""bear"": 0.1057, ""base"": 0.1368, ""bull"": 0.1988}",1.0,2.0,"전세가율×금리 조건부(지금 전세가율 0.53·금리 2.5, 유사 진입연도 ['201103', '201106', '201109', '201112', '201203', '201206'])",0.37,E-boost3|depth2|r150|relative,SCENARIO_WALKFORWARD_v0.8
4207,59,잠실엘스아파트,11710,2836000000,0.121,1.3337,1.1515,1.6053,"{""bear"": 0.1057, ""base"": 0.1368, ""bull"": 0.1988}",1.0,2.0,"전세가율×금리 조건부(지금 전세가율 0.53·금리 2.5, 유사 진입연도 ['201103', '201106', '201109', '201112', '201203', '201206'])",0.51,E-boost3|depth2|r150|relative,SCENARIO_WALKFORWARD_v0.8
4207,84,잠실엘스아파트,11710,3305000000,0.1369,1.355,1.1699,1.6309,"{""bear"": 0.1057, ""base"": 0.1368, ""bull"": 0.1988}",1.0,2.0,"전세가율×금리 조건부(지금 전세가율 0.53·금리 2.5, 유사 진입연도 ['201103', '201106', '201109', '201112', '201203', '201206'])",0.51,E-boost3|depth2|r150|relative,SCENARIO_WALKFORWARD_v0.8
8414,59,장미마을 삼성래미안2차,41463,658700000,-0.0159,1.1631,1.0041,1.3999,"{""bear"": 0.1057, ""base"": 0.1368, ""bull"": 0.1988}",5.0,,"전세가율×금리 조건부(지금 전세가율 0.53·금리 2.5, 유사 진입연도 ['201103', '201106', '201109', '201112', '201203', '201206'])",5.6,E-boost3|depth2|r150|relative,SCENARIO_WALKFORWARD_v0.8
8414,84,장미마을 삼성래미안2차,41463,773200000,-0.0031,1.178,1.017,1.4178,"{""bear"": 0.1057, ""base"": 0.1368, ""bull"": 0.1988}",5.0,,"전세가율×금리 조건부(지금 전세가율 0.53·금리 2.5, 유사 진입연도 ['201103', '201106', '201109', '201112', '201203', '201206'])",5.6,E-boost3|depth2|r150|relative,SCENARIO_WALKFORWARD_v0.8
5405,59,장암동아,41150,324400000,-0.0521,1.1217,0.9684,1.35,"{""bear"": 0.1057, ""base"": 0.1368, ""bull"": 0.1988}",6.0,-1.0,"전세가율×금리 조건부(지금 전세가율 0.53·금리 2.5, 유사 진입연도 ['201103', '201106', '201109', '201112', '201203', '201206'])",13.34,E-boost3|depth2|r150|relative,SCENARIO_WALKFORWARD_v0.8
5405,84,장암동아,41150,396200000,-0.0459,1.1287,0.9745,1.3585,"{""bear"": 0.1057, ""base"": 0.1368, ""bull"": 0.1988}",6.0,-1.0,"전세가율×금리 조건부(지금 전세가율 0.53·금리 2.5, 유사 진입연도 ['201103', '201106', '201109', '201112', '201203', '201206'])",13.34,E-boost3|depth2|r150|relative,SCENARIO_WALKFORWARD_v0.8
5407,59,장암주공2단지,41150,214350000,0.006,1.1887,1.0263,1.4308,"{""bear"": 0.1057, ""base"": 0.1368, ""bull"": 0.1988}",6.0,-1.0,"전세가율×금리 조건부(지금 전세가율 0.53·금리 2.5, 유사 진입연도 ['201103', '201106', '201109', '201112', '201203', '201206'])",13.53,E-boost3|depth2|r150|relative,SCENARIO_WALKFORWARD_v0.8
5432,59,장암주공5단지,41150,265600000,-0.0316,1.1449,0.9885,1.3781,"{""bear"": 0.1057, ""base"": 0.1368, ""bull"": 0.1988}",7.0,0.0,"전세가율×금리 조건부(지금 전세가율 0.53·금리 2.5, 유사 진입연도 ['201103', '201106', '201109', '201112', '201203', '201206'])",13.59,E-boost3|depth2|r150|relative,SCENARIO_WALKFORWARD_v0.8
1566,59,전농SK,11230,1028250000,0.0018,1.1838,1.022,1.4248,"{""bear"": 0.1057, ""base"": 0.1368, ""bull"": 0.1988}",3.0,1.0,"전세가율×금리 조건부(지금 전세가율 0.53·금리 2.5, 유사 진입연도 ['201103', '201106', '201109', '201112', '201203', '201206'])",1.94,E-boost3|depth2|r150|relative,SCENARIO_WALKFORWARD_v0.8
1566,84,전농SK,11230,1146600000,0.0219,1.2078,1.0428,1.4537,"{""bear"": 0.1057, ""base"": 0.1368, ""bull"": 0.1988}",3.0,1.0,"전세가율×금리 조건부(지금 전세가율 0.53·금리 2.5, 유사 진입연도 ['201103', '201106', '201109', '201112', '201203', '201206'])",1.94,E-boost3|depth2|r150|relative,SCENARIO_WALKFORWARD_v0.8
1565,59,전농우성,11230,764700000,0.0304,1.2182,1.0517,1.4662,"{""bear"": 0.1057, ""base"": 0.1368, ""bull"": 0.1988}",3.0,1.0,"전세가율×금리 조건부(지금 전세가율 0.53·금리 2.5, 유사 진입연도 ['201103', '201106', '201109', '201112', '201203', '201206'])",2.48,E-boost3|depth2|r150|relative,SCENARIO_WALKFORWARD_v0.8
1565,84,전농우성,11230,888200000,0.0252,1.2118,1.0462,1.4585,"{""bear"": 0.1057, ""base"": 0.1368, ""bull"": 0.1988}",3.0,1.0,"전세가율×금리 조건부(지금 전세가율 0.53·금리 2.5, 유사 진입연도 ['201103', '201106', '201109', '201112', '201203', '201206'])",2.48,E-boost3|depth2|r150|relative,SCENARIO_WALKFORWARD_v0.8
1850,59,정릉풍림아이원,11290,571800000,0.0046,1.1871,1.0249,1.4288,"{""bear"": 0.1057, ""base"": 0.1368, ""bull"": 0.1988}",4.0,,"전세가율×금리 조건부(지금 전세가율 0.53·금리 2.5, 유사 진입연도 ['201103', '201106', '201109', '201112', '201203', '201206'])",1.78,E-boost3|depth2|r150|relative,SCENARIO_WALKFORWARD_v0.8
1850,84,정릉풍림아이원,11290,674600000,0.0023,1.1844,1.0225,1.4255,"{""bear"": 0.1057, ""base"": 0.1368, ""bull"": 0.1988}",4.0,,"전세가율×금리 조건부(지금 전세가율 0.53·금리 2.5, 유사 진입연도 ['201103', '201106', '201109', '201112', '201203', '201206'])",1.78,E-boost3|depth2|r150|relative,SCENARIO_WALKFORWARD_v0.8
4546,59,정자동신1차,41111,290000000,-0.0463,1.1282,0.9741,1.358,"{""bear"": 0.1057, ""base"": 0.1368, ""bull"": 0.1988}",5.0,-1.0,"전세가율×금리 조건부(지금 전세가율 0.53·금리 2.5, 유사 진입연도 ['201103', '201106', '201109', '201112', '201203', '201206'])",11.39,E-boost3|depth2|r150|relative,SCENARIO_WALKFORWARD_v0.8
4546,74,정자동신1차,41111,395000000,-0.0102,1.1696,1.0098,1.4078,"{""bear"": 0.1057, ""base"": 0.1368, ""bull"": 0.1988}",5.0,-1.0,"전세가율×금리 조건부(지금 전세가율 0.53·금리 2.5, 유사 진입연도 ['201103', '201106', '201109', '201112', '201203', '201206'])",11.39,E-boost3|depth2|r150|relative,SCENARIO_WALKFORWARD_v0.8
4547,59,정자동신2차,41111,308600000,-0.0395,1.1359,0.9807,1.3672,"{""bear"": 0.1057, ""base"": 0.1368, ""bull"": 0.1988}",5.0,-1.0,"전세가율×금리 조건부(지금 전세가율 0.53·금리 2.5, 유사 진입연도 ['201103', '201106', '201109', '201112', '201203', '201206'])",11.72,E-boost3|depth2|r150|relative,SCENARIO_WALKFORWARD_v0.8
4547,84,정자동신2차,41111,440000000,-0.0456,1.129,0.9747,1.3589,"{""bear"": 0.1057, ""base"": 0.1368, ""bull"": 0.1988}",5.0,-1.0,"전세가율×금리 조건부(지금 전세가율 0.53·금리 2.5, 유사 진입연도 ['201103', '201106', '201109', '201112', '201203', '201206'])",11.72,E-boost3|depth2|r150|relative,SCENARIO_WALKFORWARD_v0.8
1553,59,제기한신,11230,1009900000,-0.0037,1.1774,1.0165,1.4171,"{""bear"": 0.1057, ""base"": 0.1368, ""bull"": 0.1988}",3.0,,"전세가율×금리 조건부(지금 전세가율 0.53·금리 2.5, 유사 진입연도 ['201103', '201106', '201109', '201112', '201203', '201206'])",1.35,E-boost3|depth2|r150|relative,SCENARIO_WALKFORWARD_v0.8
1553,84,제기한신,11230,1150000000,-0.012,1.1675,1.008,1.4053,"{""bear"": 0.1057, ""base"": 0.1368, ""bull"": 0.1988}",3.0,,"전세가율×금리 조건부(지금 전세가율 0.53·금리 2.5, 유사 진입연도 ['201103', '201106', '201109', '201112', '201203', '201206'])",1.35,E-boost3|depth2|r150|relative,SCENARIO_WALKFORWARD_v0.8
4617,59,조원주공뉴타운2단지,41111,355350000,-0.0588,1.1142,0.9619,1.341,"{""bear"": 0.1057, ""base"": 0.1368, ""bull"": 0.1988}",6.0,,"전세가율×금리 조건부(지금 전세가율 0.53·금리 2.5, 유사 진입연도 ['201103', '201106', '201109', '201112', '201203', '201206'])",9.73,E-boost3|depth2|r150|relative,SCENARIO_WALKFORWARD_v0.8
4617,84,조원주공뉴타운2단지,41111,419000000,-0.088,1.0821,0.9343,1.3025,"{""bear"": 0.1057, ""base"": 0.1368, ""bull"": 0.1988}",6.0,,"전세가율×금리 조건부(지금 전세가율 0.53·금리 2.5, 유사 진입연도 ['201103', '201106', '201109', '201112', '201203', '201206'])",9.73,E-boost3|depth2|r150|relative,SCENARIO_WALKFORWARD_v0.8
1898,59,종암SK,11290,807600000,0.079,1.2787,1.104,1.5391,"{""bear"": 0.1057, ""base"": 0.1368, ""bull"": 0.1988}",3.0,,"전세가율×금리 조건부(지금 전세가율 0.53·금리 2.5, 유사 진입연도 ['201103', '201106', '201109', '201112', '201203', '201206'])",1.71,E-boost3|depth2|r150|relative,SCENARIO_WALKFORWARD_v0.8
1898,84,종암SK,11290,942000000,0.0725,1.2706,1.0969,1.5293,"{""bear"": 0.1057, ""base"": 0.1368, ""bull"": 0.1988}",3.0,,"전세가율×금리 조건부(지금 전세가율 0.53·금리 2.5, 유사 진입연도 ['201103', '201106', '201109', '201112', '201203', '201206'])",1.71,E-boost3|depth2|r150|relative,SCENARIO_WALKFORWARD_v0.8
8966,59,주공,41500,155500000,-0.1248,1.043,0.9005,1.2554,"{""bear"": 0.1057, ""base"": 0.1368, ""bull"": 0.1988}",7.0,,"전세가율×금리 조건부(지금 전세가율 0.53·금리 2.5, 유사 진입연도 ['201103', '201106', '201109', '201112', '201203', '201206'])",30.46,E-boost3|depth2|r150|relative,SCENARIO_WALKFORWARD_v0.8
6598,59,주공그린빌14단지,41273,357000000,-0.0978,1.0715,0.9251,1.2897,"{""bear"": 0.1057, ""base"": 0.1368, ""bull"": 0.1988}",5.0,-1.0,"전세가율×금리 조건부(지금 전세가율 0.53·금리 2.5, 유사 진입연도 ['201103', '201106', '201109', '201112', '201203', '201206'])",13.27,E-boost3|depth2|r150|relative,SCENARIO_WALKFORWARD_v0.8
8516,84,죽현마을아이파크1차,41463,1048300000,0.0469,1.2384,1.0692,1.4906,"{""bear"": 0.1057, ""base"": 0.1368, ""bull"": 0.1988}",4.0,,"전세가율×금리 조건부(지금 전세가율 0.53·금리 2.5, 유사 진입연도 ['201103', '201106', '201109', '201112', '201203', '201206'])",2.73,E-boost3|depth2|r150|relative,SCENARIO_WALKFORWARD_v0.8
2348,59,중계무지개아파트,11350,678000000,0.0518,1.2445,1.0744,1.4979,"{""bear"": 0.1057, ""base"": 0.1368, ""bull"": 0.1988}",4.0,2.0,"전세가율×금리 조건부(지금 전세가율 0.53·금리 2.5, 유사 진입연도 ['201103', '201106', '201109', '201112', '201203', '201206'])",5.44,E-boost3|depth2|r150|relative,SCENARIO_WALKFORWARD_v0.8
2319,59,중계주공5단지,11350,772500000,0.0337,1.2221,1.0551,1.471,"{""bear"": 0.1057, ""base"": 0.1368, ""bull"": 0.1988}",4.0,2.0,"전세가율×금리 조건부(지금 전세가율 0.53·금리 2.5, 유사 진입연도 ['201103', '201106', '201109', '201112', '201203', '201206'])",7.11,E-boost3|depth2|r150|relative,SCENARIO_WALKFORWARD_v0.8
2319,74,중계주공5단지,11350,1023000000,0.0311,1.219,1.0524,1.4672,"{""bear"": 0.1057, ""base"": 0.1368, ""bull"": 0.1988}",4.0,2.0,"전세가율×금리 조건부(지금 전세가율 0.53·금리 2.5, 유사 진입연도 ['201103', '201106', '201109', '201112', '201203', '201206'])",7.11,E-boost3|depth2|r150|relative,SCENARIO_WALKFORWARD_v0.8
2319,84,중계주공5단지,11350,1120500000,0.0224,1.2084,1.0432,1.4544,"{""bear"": 0.1057, ""base"": 0.1368, ""bull"": 0.1988}",4.0,2.0,"전세가율×금리 조건부(지금 전세가율 0.53·금리 2.5, 유사 진입연도 ['201103', '201106', '201109', '201112', '201203', '201206'])",7.11,E-boost3|depth2|r150|relative,SCENARIO_WALKFORWARD_v0.8
5835,59,중동금강마을주공,41192,472200000,0.0182,1.2034,1.039,1.4485,"{""bear"": 0.1057, ""base"": 0.1368, ""bull"": 0.1988}",4.0,0.0,"전세가율×금리 조건부(지금 전세가율 0.53·금리 2.5, 유사 진입연도 ['201103', '201106', '201109', '201112', '201203', '201206'])",8.25,E-boost3|depth2|r150|relative,SCENARIO_WALKFORWARD_v0.8
5835,84,중동금강마을주공,41192,658000000,0.0236,1.2099,1.0446,1.4563,"{""bear"": 0.1057, ""base"": 0.1368, ""bull"": 0.1988}",4.0,0.0,"전세가율×금리 조건부(지금 전세가율 0.53·금리 2.5, 유사 진입연도 ['201103', '201106', '201109', '201112', '201203', '201206'])",8.25,E-boost3|depth2|r150|relative,SCENARIO_WALKFORWARD_v0.8
5859,59,중동보람마을아주,41192,549300000,0.0088,1.192,1.0292,1.4348,"{""bear"": 0.1057, ""base"": 0.1368, ""bull"": 0.1988}",4.0,0.0,"전세가율×금리 조건부(지금 전세가율 0.53·금리 2.5, 유사 진입연도 ['201103', '201106', '201109', '201112', '201203', '201206'])",9.47,E-boost3|depth2|r150|relative,SCENARIO_WALKFORWARD_v0.8
5859,84,중동보람마을아주,41192,647300000,0.0188,1.2041,1.0396,1.4493,"{""bear"": 0.1057, ""base"": 0.1368, ""bull"": 0.1988}",4.0,0.0,"전세가율×금리 조건부(지금 전세가율 0.53·금리 2.5, 유사 진입연도 ['201103', '201106', '201109', '201112', '201203', '201206'])",9.47,E-boost3|depth2|r150|relative,SCENARIO_WALKFORWARD_v0.8
5976,59,중동역푸르지오,41194,559700000,-0.0155,1.1635,1.0045,1.4004,"{""bear"": 0.1057, ""base"": 0.1368, ""bull"": 0.1988}",5.0,,"전세가율×금리 조건부(지금 전세가율 0.53·금리 2.5, 유사 진입연도 ['201103', '201106', '201109', '201112', '201203', '201206'])",10.26,E-boost3|depth2|r150|relative,SCENARIO_WALKFORWARD_v0.8
5976,84,중동역푸르지오,41194,620900000,0.0058,1.1885,1.0261,1.4305,"{""bear"": 0.1057, ""base"": 0.1368, ""bull"": 0.1988}",5.0,,"전세가율×금리 조건부(지금 전세가율 0.53·금리 2.5, 유사 진입연도 ['201103', '201106', '201109', '201112', '201203', '201206'])",10.26,E-boost3|depth2|r150|relative,SCENARIO_WALKFORWARD_v0.8
5826,59,중동팰리스카운티,41192,604600000,-0.0086,1.1716,1.0115,1.4101,"{""bear"": 0.1057, ""base"": 0.1368, ""bull"": 0.1988}",4.0,0.0,"전세가율×금리 조건부(지금 전세가율 0.53·금리 2.5, 유사 진입연도 ['201103', '201106', '201109', '201112', '201203', '201206'])",9.86,E-boost3|depth2|r150|relative,SCENARIO_WALKFORWARD_v0.8
5826,84,중동팰리스카운티,41192,711250000,-0.0178,1.1608,1.0022,1.3972,"{""bear"": 0.1057, ""base"": 0.1368, ""bull"": 0.1988}",4.0,0.0,"전세가율×금리 조건부(지금 전세가율 0.53·금리 2.5, 유사 진입연도 ['201103', '201106', '201109', '201112', '201203', '201206'])",9.86,E-boost3|depth2|r150|relative,SCENARIO_WALKFORWARD_v0.8
6687,74,지축역 한림풀에버,41281,772610000,-0.0353,1.1407,0.9848,1.3729,"{""bear"": 0.1057, ""base"": 0.1368, ""bull"": 0.1988}",4.0,,"전세가율×금리 조건부(지금 전세가율 0.53·금리 2.5, 유사 진입연도 ['201103', '201106', '201109', '201112', '201203', '201206'])",7.65,E-boost3|depth2|r150|relative,SCENARIO_WALKFORWARD_v0.8
6687,84,지축역 한림풀에버,41281,839350000,-0.0318,1.1447,0.9883,1.3778,"{""bear"": 0.1057, ""base"": 0.1368, ""bull"": 0.1988}",4.0,,"전세가율×금리 조건부(지금 전세가율 0.53·금리 2.5, 유사 진입연도 ['201103', '201106', '201109', '201112', '201203', '201206'])",7.65,E-boost3|depth2|r150|relative,SCENARIO_WALKFORWARD_v0.8
8552,84,진산마을삼성5차아파트,41465,1236700000,-0.01,1.1699,1.0101,1.4081,"{""bear"": 0.1057, ""base"": 0.1368, ""bull"": 0.1988}",3.0,1.0,"전세가율×금리 조건부(지금 전세가율 0.53·금리 2.5, 유사 진입연도 ['201103', '201106', '201109', '201112', '201203', '201206'])",3.51,E-boost3|depth2|r150|relative,SCENARIO_WALKFORWARD_v0.8
8721,59,진산마을성원상떼빌아파트,41465,777800000,-0.0169,1.1619,1.0031,1.3985,"{""bear"": 0.1057, ""base"": 0.1368, ""bull"": 0.1988}",4.0,2.0,"전세가율×금리 조건부(지금 전세가율 0.53·금리 2.5, 유사 진입연도 ['201103', '201106', '201109', '201112', '201203', '201206'])",3.9,E-boost3|depth2|r150|relative,SCENARIO_WALKFORWARD_v0.8
8721,84,진산마을성원상떼빌아파트,41465,853000000,0.0085,1.1918,1.0289,1.4344,"{""bear"": 0.1057, ""base"": 0.1368, ""bull"": 0.1988}",4.0,2.0,"전세가율×금리 조건부(지금 전세가율 0.53·금리 2.5, 유사 진입연도 ['201103', '201106', '201109', '201112', '201203', '201206'])",3.9,E-boost3|depth2|r150|relative,SCENARIO_WALKFORWARD_v0.8
7416,84,진접부영사랑으로아파트,41360,374000000,-0.1114,1.0571,0.9126,1.2723,"{""bear"": 0.1057, ""base"": 0.1368, ""bull"": 0.1988}",6.0,-2.0,"전세가율×금리 조건부(지금 전세가율 0.53·금리 2.5, 유사 진입연도 ['201103', '201106', '201109', '201112', '201203', '201206'])",17.71,E-boost3|depth2|r150|relative,SCENARIO_WALKFORWARD_v0.8
7396,59,진접스타힐스  아파트,41360,333200000,-0.1476,1.0195,0.8802,1.2271,"{""bear"": 0.1057, ""base"": 0.1368, ""bull"": 0.1988}",6.0,-2.0,"전세가율×금리 조건부(지금 전세가율 0.53·금리 2.5, 유사 진입연도 ['201103', '201106', '201109', '201112', '201203', '201206'])",19.82,E-boost3|depth2|r150|relative,SCENARIO_WALKFORWARD_v0.8
7396,74,진접스타힐스  아파트,41360,384700000,-0.1493,1.0178,0.8787,1.225,"{""bear"": 0.1057, ""base"": 0.1368, ""bull"": 0.1988}",6.0,-2.0,"전세가율×금리 조건부(지금 전세가율 0.53·금리 2.5, 유사 진입연도 ['201103', '201106', '201109', '201112', '201203', '201206'])",19.82,E-boost3|depth2|r150|relative,SCENARIO_WALKFORWARD_v0.8
7396,84,진접스타힐스  아파트,41360,423100000,-0.1288,1.0389,0.8969,1.2504,"{""bear"": 0.1057, ""base"": 0.1368, ""bull"": 0.1988}",6.0,-2.0,"전세가율×금리 조건부(지금 전세가율 0.53·금리 2.5, 유사 진입연도 ['201103', '201106', '201109', '201112', '201203', '201206'])",19.82,E-boost3|depth2|r150|relative,SCENARIO_WALKFORWARD_v0.8
3287,84,천왕연지타운2단지,11530,779600000,-0.0067,1.1738,1.0134,1.4128,"{""bear"": 0.1057, ""base"": 0.1368, ""bull"": 0.1988}",4.0,,"전세가율×금리 조건부(지금 전세가율 0.53·금리 2.5, 유사 진입연도 ['201103', '201106', '201109', '201112', '201203', '201206'])",6.13,E-boost3|depth2|r150|relative,SCENARIO_WALKFORWARD_v0.8
6075,59,철산래미안자이,41210,1219000000,-0.0278,1.1492,0.9922,1.3832,"{""bear"": 0.1057, ""base"": 0.1368, ""bull"": 0.1988}",3.0,2.0,"전세가율×금리 조건부(지금 전세가율 0.53·금리 2.5, 유사 진입연도 ['201103', '201106', '201109', '201112', '201203', '201206'])",6.13,E-boost3|depth2|r150|relative,SCENARIO_WALKFORWARD_v0.8
6075,84,철산래미안자이,41210,1332000000,-0.0122,1.1673,1.0078,1.405,"{""bear"": 0.1057, ""base"": 0.1368, ""bull"": 0.1988}",3.0,2.0,"전세가율×금리 조건부(지금 전세가율 0.53·금리 2.5, 유사 진입연도 ['201103', '201106', '201109', '201112', '201203', '201206'])",6.13,E-boost3|depth2|r150|relative,SCENARIO_WALKFORWARD_v0.8
6068,59,철산역 롯데캐슬 & SK VIEW 클래스티지,41210,1392900000,-0.0133,1.166,1.0067,1.4034,"{""bear"": 0.1057, ""base"": 0.1368, ""bull"": 0.1988}",3.0,2.0,"전세가율×금리 조건부(지금 전세가율 0.53·금리 2.5, 유사 진입연도 ['201103', '201106', '201109', '201112', '201203', '201206'])",5.86,E-boost3|depth2|r150|relative,SCENARIO_WALKFORWARD_v0.8
6068,74,철산역 롯데캐슬 & SK VIEW 클래스티지,41210,1495000000,-0.0253,1.1522,0.9947,1.3868,"{""bear"": 0.1057, ""base"": 0.1368, ""bull"": 0.1988}",3.0,2.0,"전세가율×금리 조건부(지금 전세가율 0.53·금리 2.5, 유사 진입연도 ['201103', '201106', '201109', '201112', '201203', '201206'])",5.86,E-boost3|depth2|r150|relative,SCENARIO_WALKFORWARD_v0.8
6068,84,철산역 롯데캐슬 & SK VIEW 클래스티지,41210,1615700000,-0.0092,1.1709,1.0109,1.4093,"{""bear"": 0.1057, ""base"": 0.1368, ""bull"": 0.1988}",3.0,2.0,"전세가율×금리 조건부(지금 전세가율 0.53·금리 2.5, 유사 진입연도 ['201103', '201106', '201109', '201112', '201203', '201206'])",5.86,E-boost3|depth2|r150|relative,SCENARIO_WALKFORWARD_v0.8
6084,59,철산주공12단지,41210,1068000000,0.0362,1.2253,1.0578,1.4748,"{""bear"": 0.1057, ""base"": 0.1368, ""bull"": 0.1988}",3.0,2.0,"전세가율×금리 조건부(지금 전세가율 0.53·금리 2.5, 유사 진입연도 ['201103', '201106', '201109', '201112', '201203', '201206'])",5.77,E-boost3|depth2|r150|relative,SCENARIO_WALKFORWARD_v0.8
6084,74,철산주공12단지,41210,1249500000,0.0407,1.2307,1.0625,1.4813,"{""bear"": 0.1057, ""base"": 0.1368, ""bull"": 0.1988}",3.0,2.0,"전세가율×금리 조건부(지금 전세가율 0.53·금리 2.5, 유사 진입연도 ['201103', '201106', '201109', '201112', '201203', '201206'])",5.77,E-boost3|depth2|r150|relative,SCENARIO_WALKFORWARD_v0.8
6084,84,철산주공12단지,41210,1319500000,0.0407,1.2307,1.0625,1.4813,"{""bear"": 0.1057, ""base"": 0.1368, ""bull"": 0.1988}",3.0,2.0,"전세가율×금리 조건부(지금 전세가율 0.53·금리 2.5, 유사 진입연도 ['201103', '201106', '201109', '201112', '201203', '201206'])",5.77,E-boost3|depth2|r150|relative,SCENARIO_WALKFORWARD_v0.8
6081,74,철산주공13단지,41210,1271000000,0.0081,1.1913,1.0285,1.4339,"{""bear"": 0.1057, ""base"": 0.1368, ""bull"": 0.1988}",3.0,2.0,"전세가율×금리 조건부(지금 전세가율 0.53·금리 2.5, 유사 진입연도 ['201103', '201106', '201109', '201112', '201203', '201206'])",5.46,E-boost3|depth2|r150|relative,SCENARIO_WALKFORWARD_v0.8
6081,84,철산주공13단지,41210,1407000000,0.0049,1.1875,1.0252,1.4292,"{""bear"": 0.1057, ""base"": 0.1368, ""bull"": 0.1988}",3.0,2.0,"전세가율×금리 조건부(지금 전세가율 0.53·금리 2.5, 유사 진입연도 ['201103', '201106', '201109', '201112', '201203', '201206'])",5.46,E-boost3|depth2|r150|relative,SCENARIO_WALKFORWARD_v0.8
6076,59,철산푸르지오하늘채,41210,1169500000,-0.0058,1.1748,1.0143,1.414,"{""bear"": 0.1057, ""base"": 0.1368, ""bull"": 0.1988}",3.0,2.0,"전세가율×금리 조건부(지금 전세가율 0.53·금리 2.5, 유사 진입연도 ['201103', '201106', '201109', '201112', '201203', '201206'])",6.31,E-boost3|depth2|r150|relative,SCENARIO_WALKFORWARD_v0.8
6076,84,철산푸르지오하늘채,41210,1310400000,0.0107,1.1943,1.0311,1.4375,"{""bear"": 0.1057, ""base"": 0.1368, ""bull"": 0.1988}",3.0,2.0,"전세가율×금리 조건부(지금 전세가율 0.53·금리 2.5, 유사 진입연도 ['201103', '201106', '201109', '201112', '201203', '201206'])",6.31,E-boost3|depth2|r150|relative,SCENARIO_WALKFORWARD_v0.8
1559,84,청량리역 롯데캐슬 SKY-L65,11230,1922000000,-0.0001,1.1816,1.0201,1.4222,"{""bear"": 0.1057, ""base"": 0.1368, ""bull"": 0.1988}",3.0,1.0,"전세가율×금리 조건부(지금 전세가율 0.53·금리 2.5, 유사 진입연도 ['201103', '201106', '201109', '201112', '201203', '201206'])",0.99,E-boost3|depth2|r150|relative,SCENARIO_WALKFORWARD_v0.8
1538,84,청량리역 한양수자인 그라시엘,11230,1707200000,0.0579,1.2521,1.081,1.507,"{""bear"": 0.1057, ""base"": 0.1368, ""bull"": 0.1988}",2.0,,"전세가율×금리 조건부(지금 전세가율 0.53·금리 2.5, 유사 진입연도 ['201103', '201106', '201109', '201112', '201203', '201206'])",0.76,E-boost3|depth2|r150|relative,SCENARIO_WALKFORWARD_v0.8
9209,84,청송마을모아미래도엘가,41570,407400000,-0.0578,1.1153,0.9629,1.3424,"{""bear"": 0.1057, ""base"": 0.1368, ""bull"": 0.1988}",5.0,0.0,"전세가율×금리 조건부(지금 전세가율 0.53·금리 2.5, 유사 진입연도 ['201103', '201106', '201109', '201112', '201203', '201206'])",16.94,E-boost3|depth2|r150|relative,SCENARIO_WALKFORWARD_v0.8
5719,59,초원부영,41173,684300000,0.1837,1.4199,1.2259,1.709,"{""bear"": 0.1057, ""base"": 0.1368, ""bull"": 0.1988}",3.0,,"전세가율×금리 조건부(지금 전세가율 0.53·금리 2.5, 유사 진입연도 ['201103', '201106', '201109', '201112', '201203', '201206'])",3.04,E-boost3|depth2|r150|relative,SCENARIO_WALKFORWARD_v0.8
9873,74,초월역 한라비발디아파트,41610,434400000,-0.1512,1.0159,0.877,1.2227,"{""bear"": 0.1057, ""base"": 0.1368, ""bull"": 0.1988}",6.0,,"전세가율×금리 조건부(지금 전세가율 0.53·금리 2.5, 유사 진입연도 ['201103', '201106', '201109', '201112', '201203', '201206'])",13.34,E-boost3|depth2|r150|relative,SCENARIO_WALKFORWARD_v0.8
9873,84,초월역 한라비발디아파트,41610,473000000,-0.1642,1.0027,0.8657,1.2069,"{""bear"": 0.1057, ""base"": 0.1368, ""bull"": 0.1988}",6.0,,"전세가율×금리 조건부(지금 전세가율 0.53·금리 2.5, 유사 진입연도 ['201103', '201106', '201109', '201112', '201203', '201206'])",13.34,E-boost3|depth2|r150|relative,SCENARIO_WALKFORWARD_v0.8
9303,74,캐슬앤파밀리에시티1단지,41570,531200000,-0.016,1.1629,1.004,1.3997,"{""bear"": 0.1057, ""base"": 0.1368, ""bull"": 0.1988}",5.0,0.0,"전세가율×금리 조건부(지금 전세가율 0.53·금리 2.5, 유사 진입연도 ['201103', '201106', '201109', '201112', '201203', '201206'])",6.56,E-boost3|depth2|r150|relative,SCENARIO_WALKFORWARD_v0.8
9303,84,캐슬앤파밀리에시티1단지,41570,565600000,-0.0056,1.175,1.0144,1.4143,"{""bear"": 0.1057, ""base"": 0.1368, ""bull"": 0.1988}",5.0,0.0,"전세가율×금리 조건부(지금 전세가율 0.53·금리 2.5, 유사 진입연도 ['201103', '201106', '201109', '201112', '201203', '201206'])",6.56,E-boost3|depth2|r150|relative,SCENARIO_WALKFORWARD_v0.8
5454,59,탑석센트럴자이아파트,41150,538600000,-0.1148,1.0535,0.9095,1.268,"{""bear"": 0.1057, ""base"": 0.1368, ""bull"": 0.1988}",7.0,-1.0,"전세가율×금리 조건부(지금 전세가율 0.53·금리 2.5, 유사 진입연도 ['201103', '201106', '201109', '201112', '201203', '201206'])",14.93,E-boost3|depth2|r150|relative,SCENARIO_WALKFORWARD_v0.8
5454,74,탑석센트럴자이아파트,41150,638600000,-0.1197,1.0483,0.9051,1.2618,"{""bear"": 0.1057, ""base"": 0.1368, ""bull"": 0.1988}",7.0,-1.0,"전세가율×금리 조건부(지금 전세가율 0.53·금리 2.5, 유사 진입연도 ['201103', '201106', '201109', '201112', '201203', '201206'])",14.93,E-boost3|depth2|r150|relative,SCENARIO_WALKFORWARD_v0.8
5454,84,탑석센트럴자이아파트,41150,705400000,-0.0967,1.0727,0.9262,1.2912,"{""bear"": 0.1057, ""base"": 0.1368, ""bull"": 0.1988}",7.0,-1.0,"전세가율×금리 조건부(지금 전세가율 0.53·금리 2.5, 유사 진입연도 ['201103', '201106', '201109', '201112', '201203', '201206'])",14.93,E-boost3|depth2|r150|relative,SCENARIO_WALKFORWARD_v0.8
2171,59,태릉해링턴플레이스,11350,946400000,-0.028,1.1491,0.9921,1.3831,"{""bear"": 0.1057, ""base"": 0.1368, ""bull"": 0.1988}",4.0,3.0,"전세가율×금리 조건부(지금 전세가율 0.53·금리 2.5, 유사 진입연도 ['201103', '201106', '201109', '201112', '201203', '201206'])",5.72,E-boost3|depth2|r150|relative,SCENARIO_WALKFORWARD_v0.8
2171,74,태릉해링턴플레이스,11350,1059000000,-0.0274,1.1498,0.9926,1.3839,"{""bear"": 0.1057, ""base"": 0.1368, ""bull"": 0.1988}",4.0,3.0,"전세가율×금리 조건부(지금 전세가율 0.53·금리 2.5, 유사 진입연도 ['201103', '201106', '201109', '201112', '201203', '201206'])",5.72,E-boost3|depth2|r150|relative,SCENARIO_WALKFORWARD_v0.8
2171,84,태릉해링턴플레이스,11350,1210300000,-0.0365,1.1393,0.9836,1.3713,"{""bear"": 0.1057, ""base"": 0.1368, ""bull"": 0.1988}",4.0,3.0,"전세가율×금리 조건부(지금 전세가율 0.53·금리 2.5, 유사 진입연도 ['201103', '201106', '201109', '201112', '201203', '201206'])",5.72,E-boost3|depth2|r150|relative,SCENARIO_WALKFORWARD_v0.8
1312,59,텐즈힐1단지,11200,1903000000,0.0778,1.2772,1.1027,1.5373,"{""bear"": 0.1057, ""base"": 0.1368, ""bull"": 0.1988}",2.0,,"전세가율×금리 조건부(지금 전세가율 0.53·금리 2.5, 유사 진입연도 ['201103', '201106', '201109', '201112', '201203', '201206'])",0.5,E-boost3|depth2|r150|relative,SCENARIO_WALKFORWARD_v0.8
1312,74,텐즈힐1단지,11200,1925000000,0.0667,1.2631,1.0905,1.5203,"{""bear"": 0.1057, ""base"": 0.1368, ""bull"": 0.1988}",2.0,,"전세가율×금리 조건부(지금 전세가율 0.53·금리 2.5, 유사 진입연도 ['201103', '201106', '201109', '201112', '201203', '201206'])",0.5,E-boost3|depth2|r150|relative,SCENARIO_WALKFORWARD_v0.8
1312,84,텐즈힐1단지,11200,2143000000,0.0834,1.2844,1.1089,1.5459,"{""bear"": 0.1057, ""base"": 0.1368, ""bull"": 0.1988}",2.0,,"전세가율×금리 조건부(지금 전세가율 0.53·금리 2.5, 유사 진입연도 ['201103', '201106', '201109', '201112', '201203', '201206'])",0.5,E-boost3|depth2|r150|relative,SCENARIO_WALKFORWARD_v0.8
7515,84,퇴계원힐스테이트,41360,622000000,-0.0617,1.1109,0.9591,1.3371,"{""bear"": 0.1057, ""base"": 0.1368, ""bull"": 0.1988}",6.0,,"전세가율×금리 조건부(지금 전세가율 0.53·금리 2.5, 유사 진입연도 ['201103', '201106', '201109', '201112', '201203', '201206'])",9.78,E-boost3|depth2|r150|relative,SCENARIO_WALKFORWARD_v0.8
8911,59,파주문산역2차 동문디이스트 아파트,41480,298800000,-0.1561,1.0109,0.8728,1.2167,"{""bear"": 0.1057, ""base"": 0.1368, ""bull"": 0.1988}",8.0,,"전세가율×금리 조건부(지금 전세가율 0.53·금리 2.5, 유사 진입연도 ['201103', '201106', '201109', '201112', '201203', '201206'])",32.46,E-boost3|depth2|r150|relative,SCENARIO_WALKFORWARD_v0.8
8911,74,파주문산역2차 동문디이스트 아파트,41480,349166667,-0.1542,1.0128,0.8744,1.2191,"{""bear"": 0.1057, ""base"": 0.1368, ""bull"": 0.1988}",8.0,,"전세가율×금리 조건부(지금 전세가율 0.53·금리 2.5, 유사 진입연도 ['201103', '201106', '201109', '201112', '201203', '201206'])",32.46,E-boost3|depth2|r150|relative,SCENARIO_WALKFORWARD_v0.8
8911,84,파주문산역2차 동문디이스트 아파트,41480,393600000,-0.1538,1.0132,0.8748,1.2195,"{""bear"": 0.1057, ""base"": 0.1368, ""bull"": 0.1988}",8.0,,"전세가율×금리 조건부(지금 전세가율 0.53·금리 2.5, 유사 진입연도 ['201103', '201106', '201109', '201112', '201203', '201206'])",32.46,E-boost3|depth2|r150|relative,SCENARIO_WALKFORWARD_v0.8
8900,84,파주한양수자인리버팰리스,41480,239200000,-0.1178,1.0503,0.9068,1.2642,"{""bear"": 0.1057, ""base"": 0.1368, ""bull"": 0.1988}",8.0,,"전세가율×금리 조건부(지금 전세가율 0.53·금리 2.5, 유사 진입연도 ['201103', '201106', '201109', '201112', '201203', '201206'])",33.07,E-boost3|depth2|r150|relative,SCENARIO_WALKFORWARD_v0.8
7248,59,평내마을주공,41360,289600000,-0.1063,1.0625,0.9173,1.2788,"{""bear"": 0.1057, ""base"": 0.1368, ""bull"": 0.1988}",6.0,-3.0,"전세가율×금리 조건부(지금 전세가율 0.53·금리 2.5, 유사 진입연도 ['201103', '201106', '201109', '201112', '201203', '201206'])",11.31,E-boost3|depth2|r150|relative,SCENARIO_WALKFORWARD_v0.8
7233,59,평내호평역 대명루첸포레스티움아파트,41360,497200000,-0.1488,1.0183,0.8792,1.2257,"{""bear"": 0.1057, ""base"": 0.1368, ""bull"": 0.1988}",6.0,-3.0,"전세가율×금리 조건부(지금 전세가율 0.53·금리 2.5, 유사 진입연도 ['201103', '201106', '201109', '201112', '201203', '201206'])",12.35,E-boost3|depth2|r150|relative,SCENARIO_WALKFORWARD_v0.8
7233,84,평내호평역 대명루첸포레스티움아파트,41360,600000000,-0.1421,1.0251,0.885,1.2338,"{""bear"": 0.1057, ""base"": 0.1368, ""bull"": 0.1988}",6.0,-3.0,"전세가율×금리 조건부(지금 전세가율 0.53·금리 2.5, 유사 진입연도 ['201103', '201106', '201109', '201112', '201203', '201206'])",12.35,E-boost3|depth2|r150|relative,SCENARIO_WALKFORWARD_v0.8
5731,59,평촌 센텀퍼스트,41173,1131900000,0.0197,1.2052,1.0405,1.4506,"{""bear"": 0.1057, ""base"": 0.1368, ""bull"": 0.1988}",4.0,1.0,"전세가율×금리 조건부(지금 전세가율 0.53·금리 2.5, 유사 진입연도 ['201103', '201106', '201109', '201112', '201203', '201206'])",4.9,E-boost3|depth2|r150|relative,SCENARIO_WALKFORWARD_v0.8
5731,74,평촌 센텀퍼스트,41173,1327800000,0.0097,1.1932,1.0301,1.4361,"{""bear"": 0.1057, ""base"": 0.1368, ""bull"": 0.1988}",4.0,1.0,"전세가율×금리 조건부(지금 전세가율 0.53·금리 2.5, 유사 진입연도 ['201103', '201106', '201109', '201112', '201203', '201206'])",4.9,E-boost3|depth2|r150|relative,SCENARIO_WALKFORWARD_v0.8
5731,84,평촌 센텀퍼스트,41173,1491500000,0.0244,1.2108,1.0453,1.4573,"{""bear"": 0.1057, ""base"": 0.1368, ""bull"": 0.1988}",4.0,1.0,"전세가율×금리 조건부(지금 전세가율 0.53·금리 2.5, 유사 진입연도 ['201103', '201106', '201109', '201112', '201203', '201206'])",4.9,E-boost3|depth2|r150|relative,SCENARIO_WALKFORWARD_v0.8
5676,59,평촌더샵센트럴시티,41173,1218400000,0.0713,1.2689,1.0955,1.5273,"{""bear"": 0.1057, ""base"": 0.1368, ""bull"": 0.1988}",4.0,0.0,"전세가율×금리 조건부(지금 전세가율 0.53·금리 2.5, 유사 진입연도 ['201103', '201106', '201109', '201112', '201203', '201206'])",2.5,E-boost3|depth2|r150|relative,SCENARIO_WALKFORWARD_v0.8
5676,84,평촌더샵센트럴시티,41173,1443500000,0.0753,1.2741,1.1,1.5335,"{""bear"": 0.1057, ""base"": 0.1368, ""bull"": 0.1988}",4.0,0.0,"전세가율×금리 조건부(지금 전세가율 0.53·금리 2.5, 유사 진입연도 ['201103', '201106', '201109', '201112', '201203', '201206'])",2.5,E-boost3|depth2|r150|relative,SCENARIO_WALKFORWARD_v0.8
5736,59,평촌더샵아이파크아파트,41173,1015000000,0.023,1.2092,1.044,1.4554,"{""bear"": 0.1057, ""base"": 0.1368, ""bull"": 0.1988}",4.0,1.0,"전세가율×금리 조건부(지금 전세가율 0.53·금리 2.5, 유사 진입연도 ['201103', '201106', '201109', '201112', '201203', '201206'])",4.72,E-boost3|depth2|r150|relative,SCENARIO_WALKFORWARD_v0.8
5736,74,평촌더샵아이파크아파트,41173,1140800000,0.0162,1.201,1.0369,1.4456,"{""bear"": 0.1057, ""base"": 0.1368, ""bull"": 0.1988}",4.0,1.0,"전세가율×금리 조건부(지금 전세가율 0.53·금리 2.5, 유사 진입연도 ['201103', '201106', '201109', '201112', '201203', '201206'])",4.72,E-boost3|depth2|r150|relative,SCENARIO_WALKFORWARD_v0.8
5736,84,평촌더샵아이파크아파트,41173,1268800000,0.0239,1.2103,1.0449,1.4567,"{""bear"": 0.1057, ""base"": 0.1368, ""bull"": 0.1988}",4.0,1.0,"전세가율×금리 조건부(지금 전세가율 0.53·금리 2.5, 유사 진입연도 ['201103', '201106', '201109', '201112', '201203', '201206'])",4.72,E-boost3|depth2|r150|relative,SCENARIO_WALKFORWARD_v0.8
5654,59,평촌래미안푸르지오아파트,41173,1008400000,0.0291,1.2165,1.0503,1.4642,"{""bear"": 0.1057, ""base"": 0.1368, ""bull"": 0.1988}",4.0,0.0,"전세가율×금리 조건부(지금 전세가율 0.53·금리 2.5, 유사 진입연도 ['201103', '201106', '201109', '201112', '201203', '201206'])",4.56,E-boost3|depth2|r150|relative,SCENARIO_WALKFORWARD_v0.8
5654,84,평촌래미안푸르지오아파트,41173,1252700000,0.027,1.214,1.0481,1.4612,"{""bear"": 0.1057, ""base"": 0.1368, ""bull"": 0.1988}",4.0,0.0,"전세가율×금리 조건부(지금 전세가율 0.53·금리 2.5, 유사 진입연도 ['201103', '201106', '201109', '201112', '201203', '201206'])",4.56,E-boost3|depth2|r150|relative,SCENARIO_WALKFORWARD_v0.8
5732,59,평촌어바인퍼스트,41173,968000000,0.0236,1.2098,1.0445,1.4562,"{""bear"": 0.1057, ""base"": 0.1368, ""bull"": 0.1988}",4.0,1.0,"전세가율×금리 조건부(지금 전세가율 0.53·금리 2.5, 유사 진입연도 ['201103', '201106', '201109', '201112', '201203', '201206'])",5.04,E-boost3|depth2|r150|relative,SCENARIO_WALKFORWARD_v0.8
5732,74,평촌어바인퍼스트,41173,1045000000,0.0168,1.2017,1.0375,1.4464,"{""bear"": 0.1057, ""base"": 0.1368, ""bull"": 0.1988}",4.0,1.0,"전세가율×금리 조건부(지금 전세가율 0.53·금리 2.5, 유사 진입연도 ['201103', '201106', '201109', '201112', '201203', '201206'])",5.04,E-boost3|depth2|r150|relative,SCENARIO_WALKFORWARD_v0.8
5732,84,평촌어바인퍼스트,41173,1158200000,0.0269,1.2139,1.0481,1.4611,"{""bear"": 0.1057, ""base"": 0.1368, ""bull"": 0.1988}",4.0,1.0,"전세가율×금리 조건부(지금 전세가율 0.53·금리 2.5, 유사 진입연도 ['201103', '201106', '201109', '201112', '201203', '201206'])",5.04,E-boost3|depth2|r150|relative,SCENARIO_WALKFORWARD_v0.8
5649,59,평촌엘프라우드아파트,41173,994000000,0.0209,1.2066,1.0417,1.4523,"{""bear"": 0.1057, ""base"": 0.1368, ""bull"": 0.1988}",4.0,0.0,"전세가율×금리 조건부(지금 전세가율 0.53·금리 2.5, 유사 진입연도 ['201103', '201106', '201109', '201112', '201203', '201206'])",3.71,E-boost3|depth2|r150|relative,SCENARIO_WALKFORWARD_v0.8
5727,59,평촌트리지아 아파트,41173,999000000,0.0198,1.2053,1.0406,1.4508,"{""bear"": 0.1057, ""base"": 0.1368, ""bull"": 0.1988}",4.0,1.0,"전세가율×금리 조건부(지금 전세가율 0.53·금리 2.5, 유사 진입연도 ['201103', '201106', '201109', '201112', '201203', '201206'])",4.67,E-boost3|depth2|r150|relative,SCENARIO_WALKFORWARD_v0.8
5727,74,평촌트리지아 아파트,41173,1140000000,0.024,1.2103,1.045,1.4568,"{""bear"": 0.1057, ""base"": 0.1368, ""bull"": 0.1988}",4.0,1.0,"전세가율×금리 조건부(지금 전세가율 0.53·금리 2.5, 유사 진입연도 ['201103', '201106', '201109', '201112', '201203', '201206'])",4.67,E-boost3|depth2|r150|relative,SCENARIO_WALKFORWARD_v0.8
5727,84,평촌트리지아 아파트,41173,1256400000,0.0306,1.2184,1.0519,1.4665,"{""bear"": 0.1057, ""base"": 0.1368, ""bull"": 0.1988}",4.0,1.0,"전세가율×금리 조건부(지금 전세가율 0.53·금리 2.5, 유사 진입연도 ['201103', '201106', '201109', '201112', '201203', '201206'])",4.67,E-boost3|depth2|r150|relative,SCENARIO_WALKFORWARD_v0.8
6228,74,평택뉴비전엘크루,41220,298400000,-0.0741,1.0973,0.9473,1.3207,"{""bear"": 0.1057, ""base"": 0.1368, ""bull"": 0.1988}",7.0,,"전세가율×금리 조건부(지금 전세가율 0.53·금리 2.5, 유사 진입연도 ['201103', '201106', '201109', '201112', '201203', '201206'])",39.47,E-boost3|depth2|r150|relative,SCENARIO_WALKFORWARD_v0.8
6228,84,평택뉴비전엘크루,41220,350200000,-0.1241,1.0438,0.9011,1.2563,"{""bear"": 0.1057, ""base"": 0.1368, ""bull"": 0.1988}",7.0,,"전세가율×금리 조건부(지금 전세가율 0.53·금리 2.5, 유사 진입연도 ['201103', '201106', '201109', '201112', '201203', '201206'])",39.47,E-boost3|depth2|r150|relative,SCENARIO_WALKFORWARD_v0.8
6281,59,평택센트럴자이3단지,41220,328500000,-0.0857,1.0846,0.9364,1.3054,"{""bear"": 0.1057, ""base"": 0.1368, ""bull"": 0.1988}",6.0,-1.0,"전세가율×금리 조건부(지금 전세가율 0.53·금리 2.5, 유사 진입연도 ['201103', '201106', '201109', '201112', '201203', '201206'])",36.05,E-boost3|depth2|r150|relative,SCENARIO_WALKFORWARD_v0.8
6281,74,평택센트럴자이3단지,41220,390000000,-0.0922,1.0776,0.9303,1.297,"{""bear"": 0.1057, ""base"": 0.1368, ""bull"": 0.1988}",6.0,-1.0,"전세가율×금리 조건부(지금 전세가율 0.53·금리 2.5, 유사 진입연도 ['201103', '201106', '201109', '201112', '201203', '201206'])",36.05,E-boost3|depth2|r150|relative,SCENARIO_WALKFORWARD_v0.8
6281,84,평택센트럴자이3단지,41220,419800000,-0.0837,1.0867,0.9382,1.308,"{""bear"": 0.1057, ""base"": 0.1368, ""bull"": 0.1988}",6.0,-1.0,"전세가율×금리 조건부(지금 전세가율 0.53·금리 2.5, 유사 진입연도 ['201103', '201106', '201109', '201112', '201203', '201206'])",36.05,E-boost3|depth2|r150|relative,SCENARIO_WALKFORWARD_v0.8
6252,84,평택센트럴해링턴플레이스,41220,322200000,-0.1342,1.0333,0.8921,1.2437,"{""bear"": 0.1057, ""base"": 0.1368, ""bull"": 0.1988}",7.0,,"전세가율×금리 조건부(지금 전세가율 0.53·금리 2.5, 유사 진입연도 ['201103', '201106', '201109', '201112', '201203', '201206'])",38.0,E-boost3|depth2|r150|relative,SCENARIO_WALKFORWARD_v0.8
6315,84,평택용이금호어울림1단지 아파트,41220,305000000,-0.138,1.0294,0.8887,1.239,"{""bear"": 0.1057, ""base"": 0.1368, ""bull"": 0.1988}",6.0,,"전세가율×금리 조건부(지금 전세가율 0.53·금리 2.5, 유사 진입연도 ['201103', '201106', '201109', '201112', '201203', '201206'])",38.2,E-boost3|depth2|r150|relative,SCENARIO_WALKFORWARD_v0.8
6290,59,평택지제역자이아파트,41220,566000000,-0.1575,1.0094,0.8715,1.215,"{""bear"": 0.1057, ""base"": 0.1368, ""bull"": 0.1988}",7.0,,"전세가율×금리 조건부(지금 전세가율 0.53·금리 2.5, 유사 진입연도 ['201103', '201106', '201109', '201112', '201203', '201206'])",36.34,E-boost3|depth2|r150|relative,SCENARIO_WALKFORWARD_v0.8
6290,74,평택지제역자이아파트,41220,641700000,-0.1377,1.0296,0.8889,1.2393,"{""bear"": 0.1057, ""base"": 0.1368, ""bull"": 0.1988}",7.0,,"전세가율×금리 조건부(지금 전세가율 0.53·금리 2.5, 유사 진입연도 ['201103', '201106', '201109', '201112', '201203', '201206'])",36.34,E-boost3|depth2|r150|relative,SCENARIO_WALKFORWARD_v0.8
6290,84,평택지제역자이아파트,41220,711500000,-0.1398,1.0274,0.887,1.2367,"{""bear"": 0.1057, ""base"": 0.1368, ""bull"": 0.1988}",7.0,,"전세가율×금리 조건부(지금 전세가율 0.53·금리 2.5, 유사 진입연도 ['201103', '201106', '201109', '201112', '201203', '201206'])",36.34,E-boost3|depth2|r150|relative,SCENARIO_WALKFORWARD_v0.8
6303,59,평택효성해링턴플레이스2단지,41220,281000000,-0.0906,1.0793,0.9318,1.2991,"{""bear"": 0.1057, ""base"": 0.1368, ""bull"": 0.1988}",6.0,-2.0,"전세가율×금리 조건부(지금 전세가율 0.53·금리 2.5, 유사 진입연도 ['201103', '201106', '201109', '201112', '201203', '201206'])",39.44,E-boost3|depth2|r150|relative,SCENARIO_WALKFORWARD_v0.8
6303,74,평택효성해링턴플레이스2단지,41220,320000000,-0.0918,1.078,0.9307,1.2975,"{""bear"": 0.1057, ""base"": 0.1368, ""bull"": 0.1988}",6.0,-2.0,"전세가율×금리 조건부(지금 전세가율 0.53·금리 2.5, 유사 진입연도 ['201103', '201106', '201109', '201112', '201203', '201206'])",39.44,E-boost3|depth2|r150|relative,SCENARIO_WALKFORWARD_v0.8
6303,84,평택효성해링턴플레이스2단지,41220,356900000,-0.0898,1.0802,0.9326,1.3001,"{""bear"": 0.1057, ""base"": 0.1368, ""bull"": 0.1988}",6.0,-2.0,"전세가율×금리 조건부(지금 전세가율 0.53·금리 2.5, 유사 진입연도 ['201103', '201106', '201109', '201112', '201203', '201206'])",39.44,E-boost3|depth2|r150|relative,SCENARIO_WALKFORWARD_v0.8
7058,84,포레나 킨텍스 아파트,41287,1140300000,-0.0718,1.0998,0.9495,1.3238,"{""bear"": 0.1057, ""base"": 0.1368, ""bull"": 0.1988}",4.0,,"전세가율×금리 조건부(지금 전세가율 0.53·금리 2.5, 유사 진입연도 ['201103', '201106', '201109', '201112', '201203', '201206'])",12.87,E-boost3|depth2|r150|relative,SCENARIO_WALKFORWARD_v0.8
2235,59,포레나노원 아파트,11350,987500000,0.0312,1.2192,1.0526,1.4674,"{""bear"": 0.1057, ""base"": 0.1368, ""bull"": 0.1988}",4.0,-1.0,"전세가율×금리 조건부(지금 전세가율 0.53·금리 2.5, 유사 진입연도 ['201103', '201106', '201109', '201112', '201203', '201206'])",7.26,E-boost3|depth2|r150|relative,SCENARIO_WALKFORWARD_v0.8
2235,74,포레나노원 아파트,11350,1175600000,0.014,1.1983,1.0345,1.4423,"{""bear"": 0.1057, ""base"": 0.1368, ""bull"": 0.1988}",4.0,-1.0,"전세가율×금리 조건부(지금 전세가율 0.53·금리 2.5, 유사 진입연도 ['201103', '201106', '201109', '201112', '201203', '201206'])",7.26,E-boost3|depth2|r150|relative,SCENARIO_WALKFORWARD_v0.8
2235,84,포레나노원 아파트,11350,1247500000,0.0303,1.218,1.0515,1.466,"{""bear"": 0.1057, ""base"": 0.1368, ""bull"": 0.1988}",4.0,-1.0,"전세가율×금리 조건부(지금 전세가율 0.53·금리 2.5, 유사 진입연도 ['201103', '201106', '201109', '201112', '201203', '201206'])",7.26,E-boost3|depth2|r150|relative,SCENARIO_WALKFORWARD_v0.8
4531,84,포레나북수원,41111,887600000,-0.1187,1.0495,0.906,1.2631,"{""bear"": 0.1057, ""base"": 0.1368, ""bull"": 0.1988}",6.0,,"전세가율×금리 조건부(지금 전세가율 0.53·금리 2.5, 유사 진입연도 ['201103', '201106', '201109', '201112', '201203', '201206'])",11.13,E-boost3|depth2|r150|relative,SCENARIO_WALKFORWARD_v0.8
6570,74,푸르지오1차대우,41273,542200000,-0.0995,1.0698,0.9236,1.2876,"{""bear"": 0.1057, ""base"": 0.1368, ""bull"": 0.1988}",4.0,-1.0,"전세가율×금리 조건부(지금 전세가율 0.53·금리 2.5, 유사 진입연도 ['201103', '201106', '201109', '201112', '201203', '201206'])",13.01,E-boost3|depth2|r150|relative,SCENARIO_WALKFORWARD_v0.8
6570,84,푸르지오1차대우,41273,647600000,-0.0983,1.0711,0.9247,1.2891,"{""bear"": 0.1057, ""base"": 0.1368, ""bull"": 0.1988}",4.0,-1.0,"전세가율×금리 조건부(지금 전세가율 0.53·금리 2.5, 유사 진입연도 ['201103', '201106', '201109', '201112', '201203', '201206'])",13.01,E-boost3|depth2|r150|relative,SCENARIO_WALKFORWARD_v0.8
9177,74,풍경마을 래미안 한강2차,41570,462000000,-0.0946,1.0749,0.9281,1.2938,"{""bear"": 0.1057, ""base"": 0.1368, ""bull"": 0.1988}",5.0,1.0,"전세가율×금리 조건부(지금 전세가율 0.53·금리 2.5, 유사 진입연도 ['201103', '201106', '201109', '201112', '201203', '201206'])",16.21,E-boost3|depth2|r150|relative,SCENARIO_WALKFORWARD_v0.8
9177,84,풍경마을 래미안 한강2차,41570,483600000,-0.0787,1.0923,0.943,1.3147,"{""bear"": 0.1057, ""base"": 0.1368, ""bull"": 0.1988}",5.0,1.0,"전세가율×금리 조건부(지금 전세가율 0.53·금리 2.5, 유사 진입연도 ['201103', '201106', '201109', '201112', '201203', '201206'])",16.21,E-boost3|depth2|r150|relative,SCENARIO_WALKFORWARD_v0.8
9235,59,풍무센트럴푸르지오,41570,604400000,-0.0711,1.1006,0.9502,1.3247,"{""bear"": 0.1057, ""base"": 0.1368, ""bull"": 0.1988}",6.0,0.0,"전세가율×금리 조건부(지금 전세가율 0.53·금리 2.5, 유사 진입연도 ['201103', '201106', '201109', '201112', '201203', '201206'])",9.96,E-boost3|depth2|r150|relative,SCENARIO_WALKFORWARD_v0.8
9235,74,풍무센트럴푸르지오,41570,633100000,-0.0606,1.1122,0.9602,1.3386,"{""bear"": 0.1057, ""base"": 0.1368, ""bull"": 0.1988}",6.0,0.0,"전세가율×금리 조건부(지금 전세가율 0.53·금리 2.5, 유사 진입연도 ['201103', '201106', '201109', '201112', '201203', '201206'])",9.96,E-boost3|depth2|r150|relative,SCENARIO_WALKFORWARD_v0.8
9235,84,풍무센트럴푸르지오,41570,701000000,-0.0648,1.1076,0.9562,1.3331,"{""bear"": 0.1057, ""base"": 0.1368, ""bull"": 0.1988}",6.0,0.0,"전세가율×금리 조건부(지금 전세가율 0.53·금리 2.5, 유사 진입연도 ['201103', '201106', '201109', '201112', '201203', '201206'])",9.96,E-boost3|depth2|r150|relative,SCENARIO_WALKFORWARD_v0.8
9244,59,풍무유현마을신동아,41570,306900000,-0.0541,1.1194,0.9665,1.3474,"{""bear"": 0.1057, ""base"": 0.1368, ""bull"": 0.1988}",6.0,0.0,"전세가율×금리 조건부(지금 전세가율 0.53·금리 2.5, 유사 진입연도 ['201103', '201106', '201109', '201112', '201203', '201206'])",9.58,E-boost3|depth2|r150|relative,SCENARIO_WALKFORWARD_v0.8
9244,84,풍무유현마을신동아,41570,349700000,0.009,1.1924,1.0295,1.4352,"{""bear"": 0.1057, ""base"": 0.1368, ""bull"": 0.1988}",6.0,0.0,"전세가율×금리 조건부(지금 전세가율 0.53·금리 2.5, 유사 진입연도 ['201103', '201106', '201109', '201112', '201203', '201206'])",9.58,E-boost3|depth2|r150|relative,SCENARIO_WALKFORWARD_v0.8
4454,59,프라이어팰리스,11740,1586000000,0.0312,1.2191,1.0525,1.4673,"{""bear"": 0.1057, ""base"": 0.1368, ""bull"": 0.1988}",2.0,1.0,"전세가율×금리 조건부(지금 전세가율 0.53·금리 2.5, 유사 진입연도 ['201103', '201106', '201109', '201112', '201203', '201206'])",0.43,E-boost3|depth2|r150|relative,SCENARIO_WALKFORWARD_v0.8
4454,84,프라이어팰리스,11740,1721500000,0.0594,1.254,1.0826,1.5093,"{""bear"": 0.1057, ""base"": 0.1368, ""bull"": 0.1988}",2.0,1.0,"전세가율×금리 조건부(지금 전세가율 0.53·금리 2.5, 유사 진입연도 ['201103', '201106', '201109', '201112', '201203', '201206'])",0.43,E-boost3|depth2|r150|relative,SCENARIO_WALKFORWARD_v0.8
7341,84,플루리움2단지,41360,668500000,0.0114,1.1952,1.0319,1.4385,"{""bear"": 0.1057, ""base"": 0.1368, ""bull"": 0.1988}",4.0,1.0,"전세가율×금리 조건부(지금 전세가율 0.53·금리 2.5, 유사 진입연도 ['201103', '201106', '201109', '201112', '201203', '201206'])",5.93,E-boost3|depth2|r150|relative,SCENARIO_WALKFORWARD_v0.8
7340,84,플루리움3단지,41360,696562500,-0.0083,1.1718,1.0117,1.4105,"{""bear"": 0.1057, ""base"": 0.1368, ""bull"": 0.1988}",4.0,1.0,"전세가율×금리 조건부(지금 전세가율 0.53·금리 2.5, 유사 진입연도 ['201103', '201106', '201109', '201112', '201203', '201206'])",5.93,E-boost3|depth2|r150|relative,SCENARIO_WALKFORWARD_v0.8
7342,84,플루리움45단지아파트,41360,720500000,0.0032,1.1854,1.0234,1.4268,"{""bear"": 0.1057, ""base"": 0.1368, ""bull"": 0.1988}",4.0,1.0,"전세가율×금리 조건부(지금 전세가율 0.53·금리 2.5, 유사 진입연도 ['201103', '201106', '201109', '201112', '201203', '201206'])",5.93,E-boost3|depth2|r150|relative,SCENARIO_WALKFORWARD_v0.8
2221,59,하계학여울청구,11350,694800000,0.0527,1.2456,1.0754,1.4992,"{""bear"": 0.1057, ""base"": 0.1368, ""bull"": 0.1988}",4.0,,"전세가율×금리 조건부(지금 전세가율 0.53·금리 2.5, 유사 진입연도 ['201103', '201106', '201109', '201112', '201203', '201206'])",4.82,E-boost3|depth2|r150|relative,SCENARIO_WALKFORWARD_v0.8
2221,84,하계학여울청구,11350,879600000,0.0617,1.2569,1.0851,1.5128,"{""bear"": 0.1057, ""base"": 0.1368, ""bull"": 0.1988}",4.0,,"전세가율×금리 조건부(지금 전세가율 0.53·금리 2.5, 유사 진입연도 ['201103', '201106', '201109', '201112', '201203', '201206'])",4.82,E-boost3|depth2|r150|relative,SCENARIO_WALKFORWARD_v0.8
8102,84,하남대명강변타운,41450,904500000,-0.109,1.0596,0.9148,1.2754,"{""bear"": 0.1057, ""base"": 0.1368, ""bull"": 0.1988}",4.0,,"전세가율×금리 조건부(지금 전세가율 0.53·금리 2.5, 유사 진입연도 ['201103', '201106', '201109', '201112', '201203', '201206'])",4.76,E-boost3|depth2|r150|relative,SCENARIO_WALKFORWARD_v0.8
6860,74,하늘마을2단지,41285,383000000,-0.0481,1.1262,0.9723,1.3555,"{""bear"": 0.1057, ""base"": 0.1368, ""bull"": 0.1988}",6.0,0.0,"전세가율×금리 조건부(지금 전세가율 0.53·금리 2.5, 유사 진입연도 ['201103', '201106', '201109', '201112', '201203', '201206'])",13.37,E-boost3|depth2|r150|relative,SCENARIO_WALKFORWARD_v0.8
6860,84,하늘마을2단지,41285,413000000,-0.0431,1.1318,0.9772,1.3623,"{""bear"": 0.1057, ""base"": 0.1368, ""bull"": 0.1988}",6.0,0.0,"전세가율×금리 조건부(지금 전세가율 0.53·금리 2.5, 유사 진입연도 ['201103', '201106', '201109', '201112', '201203', '201206'])",13.37,E-boost3|depth2|r150|relative,SCENARIO_WALKFORWARD_v0.8
6849,74,하늘마을5단지아파트,41285,441300000,-0.0562,1.1171,0.9644,1.3446,"{""bear"": 0.1057, ""base"": 0.1368, ""bull"": 0.1988}",6.0,0.0,"전세가율×금리 조건부(지금 전세가율 0.53·금리 2.5, 유사 진입연도 ['201103', '201106', '201109', '201112', '201203', '201206'])",12.86,E-boost3|depth2|r150|relative,SCENARIO_WALKFORWARD_v0.8
6849,84,하늘마을5단지아파트,41285,456800000,-0.0309,1.1457,0.9891,1.3789,"{""bear"": 0.1057, ""base"": 0.1368, ""bull"": 0.1988}",6.0,0.0,"전세가율×금리 조건부(지금 전세가율 0.53·금리 2.5, 유사 진입연도 ['201103', '201106', '201109', '201112', '201203', '201206'])",12.86,E-boost3|depth2|r150|relative,SCENARIO_WALKFORWARD_v0.8
5082,59,하대원아튼빌,41133,702800000,0.0409,1.2309,1.0627,1.4816,"{""bear"": 0.1057, ""base"": 0.1368, ""bull"": 0.1988}",4.0,,"전세가율×금리 조건부(지금 전세가율 0.53·금리 2.5, 유사 진입연도 ['201103', '201106', '201109', '201112', '201203', '201206'])",4.37,E-boost3|depth2|r150|relative,SCENARIO_WALKFORWARD_v0.8
5082,84,하대원아튼빌,41133,806500000,0.0521,1.2449,1.0748,1.4984,"{""bear"": 0.1057, ""base"": 0.1368, ""bull"": 0.1988}",4.0,,"전세가율×금리 조건부(지금 전세가율 0.53·금리 2.5, 유사 진입연도 ['201103', '201106', '201109', '201112', '201203', '201206'])",4.37,E-boost3|depth2|r150|relative,SCENARIO_WALKFORWARD_v0.8
7732,59,하상연꽃마을대우삼호,41390,223400000,-0.0107,1.1691,1.0093,1.4071,"{""bear"": 0.1057, ""base"": 0.1368, ""bull"": 0.1988}",7.0,,"전세가율×금리 조건부(지금 전세가율 0.53·금리 2.5, 유사 진입연도 ['201103', '201106', '201109', '201112', '201203', '201206'])",6.77,E-boost3|depth2|r150|relative,SCENARIO_WALKFORWARD_v0.8
7732,84,하상연꽃마을대우삼호,41390,288500000,-0.0254,1.152,0.9946,1.3866,"{""bear"": 0.1057, ""base"": 0.1368, ""bull"": 0.1988}",7.0,,"전세가율×금리 조건부(지금 전세가율 0.53·금리 2.5, 유사 진입연도 ['201103', '201106', '201109', '201112', '201203', '201206'])",6.77,E-boost3|depth2|r150|relative,SCENARIO_WALKFORWARD_v0.8
6091,59,하안주공10단지,41210,743700000,0.0074,1.1904,1.0277,1.4328,"{""bear"": 0.1057, ""base"": 0.1368, ""bull"": 0.1988}",4.0,0.0,"전세가율×금리 조건부(지금 전세가율 0.53·금리 2.5, 유사 진입연도 ['201103', '201106', '201109', '201112', '201203', '201206'])",5.49,E-boost3|depth2|r150|relative,SCENARIO_WALKFORWARD_v0.8
6091,74,하안주공10단지,41210,938000000,-0.0051,1.1756,1.015,1.415,"{""bear"": 0.1057, ""base"": 0.1368, ""bull"": 0.1988}",4.0,0.0,"전세가율×금리 조건부(지금 전세가율 0.53·금리 2.5, 유사 진입연도 ['201103', '201106', '201109', '201112', '201203', '201206'])",5.49,E-boost3|depth2|r150|relative,SCENARIO_WALKFORWARD_v0.8
6092,59,하안주공4단지,41210,710500000,0.0258,1.2126,1.0469,1.4595,"{""bear"": 0.1057, ""base"": 0.1368, ""bull"": 0.1988}",4.0,0.0,"전세가율×금리 조건부(지금 전세가율 0.53·금리 2.5, 유사 진입연도 ['201103', '201106', '201109', '201112', '201203', '201206'])",5.31,E-boost3|depth2|r150|relative,SCENARIO_WALKFORWARD_v0.8
6098,59,하안주공5단지,41210,640400000,0.0043,1.1868,1.0246,1.4284,"{""bear"": 0.1057, ""base"": 0.1368, ""bull"": 0.1988}",4.0,0.0,"전세가율×금리 조건부(지금 전세가율 0.53·금리 2.5, 유사 진입연도 ['201103', '201106', '201109', '201112', '201203', '201206'])",5.69,E-boost3|depth2|r150|relative,SCENARIO_WALKFORWARD_v0.8
6098,74,하안주공5단지,41210,824000000,0.0018,1.1838,1.022,1.4248,"{""bear"": 0.1057, ""base"": 0.1368, ""bull"": 0.1988}",4.0,0.0,"전세가율×금리 조건부(지금 전세가율 0.53·금리 2.5, 유사 진입연도 ['201103', '201106', '201109', '201112', '201203', '201206'])",5.69,E-boost3|depth2|r150|relative,SCENARIO_WALKFORWARD_v0.8
6096,59,하안주공7단지,41210,703000000,0.0276,1.2147,1.0487,1.462,"{""bear"": 0.1057, ""base"": 0.1368, ""bull"": 0.1988}",4.0,0.0,"전세가율×금리 조건부(지금 전세가율 0.53·금리 2.5, 유사 진입연도 ['201103', '201106', '201109', '201112', '201203', '201206'])",4.94,E-boost3|depth2|r150|relative,SCENARIO_WALKFORWARD_v0.8
6090,59,하안주공9단지,41210,695000000,0.0191,1.2045,1.0399,1.4497,"{""bear"": 0.1057, ""base"": 0.1368, ""bull"": 0.1988}",4.0,0.0,"전세가율×금리 조건부(지금 전세가율 0.53·금리 2.5, 유사 진입연도 ['201103', '201106', '201109', '201112', '201203', '201206'])",5.68,E-boost3|depth2|r150|relative,SCENARIO_WALKFORWARD_v0.8
5687,59,한가람세경,41173,671800000,0.1209,1.3336,1.1513,1.6051,"{""bear"": 0.1057, ""base"": 0.1368, ""bull"": 0.1988}",4.0,0.0,"전세가율×금리 조건부(지금 전세가율 0.53·금리 2.5, 유사 진입연도 ['201103', '201106', '201109', '201112', '201203', '201206'])",3.24,E-boost3|depth2|r150|relative,SCENARIO_WALKFORWARD_v0.8
5688,59,한가람신라,41173,731600000,0.1249,1.3389,1.1559,1.6115,"{""bear"": 0.1057, ""base"": 0.1368, ""bull"": 0.1988}",4.0,0.0,"전세가율×금리 조건부(지금 전세가율 0.53·금리 2.5, 유사 진입연도 ['201103', '201106', '201109', '201112', '201203', '201206'])",3.07,E-boost3|depth2|r150|relative,SCENARIO_WALKFORWARD_v0.8
1282,59,한가람아파트,11170,2492000000,0.1191,1.3312,1.1493,1.6022,"{""bear"": 0.1057, ""base"": 0.1368, ""bull"": 0.1988}",1.0,0.0,"전세가율×금리 조건부(지금 전세가율 0.53·금리 2.5, 유사 진입연도 ['201103', '201106', '201109', '201112', '201203', '201206'])",0.12,E-boost3|depth2|r150|relative,SCENARIO_WALKFORWARD_v0.8
1282,84,한가람아파트,11170,2898000000,0.136,1.3538,1.1688,1.6295,"{""bear"": 0.1057, ""base"": 0.1368, ""bull"": 0.1988}",1.0,0.0,"전세가율×금리 조건부(지금 전세가율 0.53·금리 2.5, 유사 진입연도 ['201103', '201106', '201109', '201112', '201203', '201206'])",0.12,E-boost3|depth2|r150|relative,SCENARIO_WALKFORWARD_v0.8
9253,84,한강동일스위트더파크뷰1단지아파트,41570,422100000,-0.1566,1.0104,0.8723,1.2162,"{""bear"": 0.1057, ""base"": 0.1368, ""bull"": 0.1988}",6.0,,"전세가율×금리 조건부(지금 전세가율 0.53·금리 2.5, 유사 진입연도 ['201103', '201106', '201109', '201112', '201203', '201206'])",18.48,E-boost3|depth2|r150|relative,SCENARIO_WALKFORWARD_v0.8
9150,59,한강메트로자이 1단지,41570,533200000,-0.0671,1.1049,0.954,1.3299,"{""bear"": 0.1057, ""base"": 0.1368, ""bull"": 0.1988}",4.0,2.0,"전세가율×금리 조건부(지금 전세가율 0.53·금리 2.5, 유사 진입연도 ['201103', '201106', '201109', '201112', '201203', '201206'])",13.16,E-boost3|depth2|r150|relative,SCENARIO_WALKFORWARD_v0.8
9150,74,한강메트로자이 1단지,41570,567600000,-0.0405,1.1347,0.9797,1.3658,"{""bear"": 0.1057, ""base"": 0.1368, ""bull"": 0.1988}",4.0,2.0,"전세가율×금리 조건부(지금 전세가율 0.53·금리 2.5, 유사 진입연도 ['201103', '201106', '201109', '201112', '201203', '201206'])",13.16,E-boost3|depth2|r150|relative,SCENARIO_WALKFORWARD_v0.8
9150,84,한강메트로자이 1단지,41570,654500000,-0.0582,1.1148,0.9625,1.3419,"{""bear"": 0.1057, ""base"": 0.1368, ""bull"": 0.1988}",4.0,2.0,"전세가율×금리 조건부(지금 전세가율 0.53·금리 2.5, 유사 진입연도 ['201103', '201106', '201109', '201112', '201203', '201206'])",13.16,E-boost3|depth2|r150|relative,SCENARIO_WALKFORWARD_v0.8
9152,59,한강메트로자이2단지 아파트,41570,544300000,-0.058,1.1151,0.9627,1.3421,"{""bear"": 0.1057, ""base"": 0.1368, ""bull"": 0.1988}",4.0,2.0,"전세가율×금리 조건부(지금 전세가율 0.53·금리 2.5, 유사 진입연도 ['201103', '201106', '201109', '201112', '201203', '201206'])",13.24,E-boost3|depth2|r150|relative,SCENARIO_WALKFORWARD_v0.8
9152,74,한강메트로자이2단지 아파트,41570,635500000,-0.0649,1.1074,0.9561,1.3329,"{""bear"": 0.1057, ""base"": 0.1368, ""bull"": 0.1988}",4.0,2.0,"전세가율×금리 조건부(지금 전세가율 0.53·금리 2.5, 유사 진입연도 ['201103', '201106', '201109', '201112', '201203', '201206'])",13.24,E-boost3|depth2|r150|relative,SCENARIO_WALKFORWARD_v0.8
9152,84,한강메트로자이2단지 아파트,41570,661400000,-0.0441,1.1307,0.9762,1.3609,"{""bear"": 0.1057, ""base"": 0.1368, ""bull"": 0.1988}",4.0,2.0,"전세가율×금리 조건부(지금 전세가율 0.53·금리 2.5, 유사 진입연도 ['201103', '201106', '201109', '201112', '201203', '201206'])",13.24,E-boost3|depth2|r150|relative,SCENARIO_WALKFORWARD_v0.8
9257,74,한강센트럴블루힐,41570,335200000,-0.1352,1.0322,0.8911,1.2424,"{""bear"": 0.1057, ""base"": 0.1368, ""bull"": 0.1988}",6.0,,"전세가율×금리 조건부(지금 전세가율 0.53·금리 2.5, 유사 진입연도 ['201103', '201106', '201109', '201112', '201203', '201206'])",18.77,E-boost3|depth2|r150|relative,SCENARIO_WALKFORWARD_v0.8
9257,84,한강센트럴블루힐,41570,366600000,-0.1547,1.0122,0.8739,1.2184,"{""bear"": 0.1057, ""base"": 0.1368, ""bull"": 0.1988}",6.0,,"전세가율×금리 조건부(지금 전세가율 0.53·금리 2.5, 유사 진입연도 ['201103', '201106', '201109', '201112', '201203', '201206'])",18.77,E-boost3|depth2|r150|relative,SCENARIO_WALKFORWARD_v0.8
9186,74,한강센트럴자이1단지,41570,436500000,-0.0648,1.1075,0.9562,1.3331,"{""bear"": 0.1057, ""base"": 0.1368, ""bull"": 0.1988}",5.0,0.0,"전세가율×금리 조건부(지금 전세가율 0.53·금리 2.5, 유사 진입연도 ['201103', '201106', '201109', '201112', '201203', '201206'])",15.07,E-boost3|depth2|r150|relative,SCENARIO_WALKFORWARD_v0.8
9186,84,한강센트럴자이1단지,41570,498200000,-0.0542,1.1193,0.9664,1.3473,"{""bear"": 0.1057, ""base"": 0.1368, ""bull"": 0.1988}",5.0,0.0,"전세가율×금리 조건부(지금 전세가율 0.53·금리 2.5, 유사 진입연도 ['201103', '201106', '201109', '201112', '201203', '201206'])",15.07,E-boost3|depth2|r150|relative,SCENARIO_WALKFORWARD_v0.8
9275,59,한강신도시3차푸르지오,41570,362500000,-0.1062,1.0626,0.9174,1.279,"{""bear"": 0.1057, ""base"": 0.1368, ""bull"": 0.1988}",6.0,-2.0,"전세가율×금리 조건부(지금 전세가율 0.53·금리 2.5, 유사 진입연도 ['201103', '201106', '201109', '201112', '201203', '201206'])",19.51,E-boost3|depth2|r150|relative,SCENARIO_WALKFORWARD_v0.8
9178,84,한강신도시롯데캐슬,41570,542900000,-0.0794,1.0915,0.9424,1.3138,"{""bear"": 0.1057, ""base"": 0.1368, ""bull"": 0.1988}",5.0,1.0,"전세가율×금리 조건부(지금 전세가율 0.53·금리 2.5, 유사 진입연도 ['201103', '201106', '201109', '201112', '201203', '201206'])",16.21,E-boost3|depth2|r150|relative,SCENARIO_WALKFORWARD_v0.8
9207,59,한강호반베르디움,41570,359000000,-0.0745,1.0969,0.947,1.3202,"{""bear"": 0.1057, ""base"": 0.1368, ""bull"": 0.1988}",5.0,0.0,"전세가율×금리 조건부(지금 전세가율 0.53·금리 2.5, 유사 진입연도 ['201103', '201106', '201109', '201112', '201203', '201206'])",16.99,E-boost3|depth2|r150|relative,SCENARIO_WALKFORWARD_v0.8
9261,84,한강힐스테이트아파트,41570,369200000,-0.1467,1.0204,0.881,1.2282,"{""bear"": 0.1057, ""base"": 0.1368, ""bull"": 0.1988}",6.0,,"전세가율×금리 조건부(지금 전세가율 0.53·금리 2.5, 유사 진입연도 ['201103', '201106', '201109', '201112', '201203', '201206'])",18.78,E-boost3|depth2|r150|relative,SCENARIO_WALKFORWARD_v0.8
5642,59,한라비발디,41171,468600000,0.1168,1.328,1.1465,1.5984,"{""bear"": 0.1057, ""base"": 0.1368, ""bull"": 0.1988}",5.0,-2.0,"전세가율×금리 조건부(지금 전세가율 0.53·금리 2.5, 유사 진입연도 ['201103', '201106', '201109', '201112', '201203', '201206'])",2.1,E-boost3|depth2|r150|relative,SCENARIO_WALKFORWARD_v0.8
5642,84,한라비발디,41171,563000000,0.1189,1.3309,1.149,1.6019,"{""bear"": 0.1057, ""base"": 0.1368, ""bull"": 0.1988}",5.0,-2.0,"전세가율×금리 조건부(지금 전세가율 0.53·금리 2.5, 유사 진입연도 ['201103', '201106', '201109', '201112', '201203', '201206'])",2.1,E-boost3|depth2|r150|relative,SCENARIO_WALKFORWARD_v0.8
7126,74,한라비발디아파트,41310,694000000,-0.0391,1.1364,0.9811,1.3678,"{""bear"": 0.1057, ""base"": 0.1368, ""bull"": 0.1988}",4.0,1.0,"전세가율×금리 조건부(지금 전세가율 0.53·금리 2.5, 유사 진입연도 ['201103', '201106', '201109', '201112', '201203', '201206'])",9.18,E-boost3|depth2|r150|relative,SCENARIO_WALKFORWARD_v0.8
7126,84,한라비발디아파트,41310,746100000,-0.0259,1.1514,0.9941,1.3859,"{""bear"": 0.1057, ""base"": 0.1368, ""bull"": 0.1988}",4.0,1.0,"전세가율×금리 조건부(지금 전세가율 0.53·금리 2.5, 유사 진입연도 ['201103', '201106', '201109', '201112', '201203', '201206'])",9.18,E-boost3|depth2|r150|relative,SCENARIO_WALKFORWARD_v0.8
7894,74,한라비발디캠퍼스,41390,468600000,-0.0846,1.0859,0.9375,1.307,"{""bear"": 0.1057, ""base"": 0.1368, ""bull"": 0.1988}",5.0,1.0,"전세가율×금리 조건부(지금 전세가율 0.53·금리 2.5, 유사 진입연도 ['201103', '201106', '201109', '201112', '201203', '201206'])",16.34,E-boost3|depth2|r150|relative,SCENARIO_WALKFORWARD_v0.8
7894,84,한라비발디캠퍼스,41390,538600000,-0.0824,1.0882,0.9395,1.3098,"{""bear"": 0.1057, ""base"": 0.1368, ""bull"": 0.1988}",5.0,1.0,"전세가율×금리 조건부(지금 전세가율 0.53·금리 2.5, 유사 진입연도 ['201103', '201106', '201109', '201112', '201203', '201206'])",16.34,E-boost3|depth2|r150|relative,SCENARIO_WALKFORWARD_v0.8
7890,84,한라비발디캠퍼스2차아파트,41390,528200000,-0.0774,1.0936,0.9442,1.3163,"{""bear"": 0.1057, ""base"": 0.1368, ""bull"": 0.1988}",5.0,1.0,"전세가율×금리 조건부(지금 전세가율 0.53·금리 2.5, 유사 진입연도 ['201103', '201106', '201109', '201112', '201203', '201206'])",16.11,E-boost3|depth2|r150|relative,SCENARIO_WALKFORWARD_v0.8
7889,84,한라비발디캠퍼스3차,41390,541250000,-0.0758,1.0955,0.9458,1.3185,"{""bear"": 0.1057, ""base"": 0.1368, ""bull"": 0.1988}",5.0,1.0,"전세가율×금리 조건부(지금 전세가율 0.53·금리 2.5, 유사 진입연도 ['201103', '201106', '201109', '201112', '201203', '201206'])",15.82,E-boost3|depth2|r150|relative,SCENARIO_WALKFORWARD_v0.8
8783,84,한빛마을2단지휴먼빌,41480,421500000,-0.128,1.0397,0.8976,1.2514,"{""bear"": 0.1057, ""base"": 0.1368, ""bull"": 0.1988}",6.0,,"전세가율×금리 조건부(지금 전세가율 0.53·금리 2.5, 유사 진입연도 ['201103', '201106', '201109', '201112', '201203', '201206'])",17.92,E-boost3|depth2|r150|relative,SCENARIO_WALKFORWARD_v0.8
8789,84,한빛마을3단지자유로아이파크,41480,336750000,-0.1197,1.0483,0.9051,1.2618,"{""bear"": 0.1057, ""base"": 0.1368, ""bull"": 0.1988}",6.0,,"전세가율×금리 조건부(지금 전세가율 0.53·금리 2.5, 유사 진입연도 ['201103', '201106', '201109', '201112', '201203', '201206'])",17.76,E-boost3|depth2|r150|relative,SCENARIO_WALKFORWARD_v0.8
8840,84,한울마을2단지운정벽산블루밍아파트,41480,333500000,-0.1269,1.0409,0.8986,1.2528,"{""bear"": 0.1057, ""base"": 0.1368, ""bull"": 0.1988}",6.0,,"전세가율×금리 조건부(지금 전세가율 0.53·금리 2.5, 유사 진입연도 ['201103', '201106', '201109', '201112', '201203', '201206'])",17.97,E-boost3|depth2|r150|relative,SCENARIO_WALKFORWARD_v0.8
3297,59,항동하버라인3단지,11530,679400000,-0.0698,1.102,0.9514,1.3264,"{""bear"": 0.1057, ""base"": 0.1368, ""bull"": 0.1988}",4.0,,"전세가율×금리 조건부(지금 전세가율 0.53·금리 2.5, 유사 진입연도 ['201103', '201106', '201109', '201112', '201203', '201206'])",7.45,E-boost3|depth2|r150|relative,SCENARIO_WALKFORWARD_v0.8
3297,74,항동하버라인3단지,11530,794000000,-0.0868,1.0834,0.9353,1.304,"{""bear"": 0.1057, ""base"": 0.1368, ""bull"": 0.1988}",4.0,,"전세가율×금리 조건부(지금 전세가율 0.53·금리 2.5, 유사 진입연도 ['201103', '201106', '201109', '201112', '201203', '201206'])",7.45,E-boost3|depth2|r150|relative,SCENARIO_WALKFORWARD_v0.8
3297,84,항동하버라인3단지,11530,820000000,-0.0783,1.0926,0.9433,1.3151,"{""bear"": 0.1057, ""base"": 0.1368, ""bull"": 0.1988}",4.0,,"전세가율×금리 조건부(지금 전세가율 0.53·금리 2.5, 유사 진입연도 ['201103', '201106', '201109', '201112', '201203', '201206'])",7.45,E-boost3|depth2|r150|relative,SCENARIO_WALKFORWARD_v0.8
7411,84,해밀마을신안인스빌,41360,476100000,-0.1519,1.0151,0.8764,1.2218,"{""bear"": 0.1057, ""base"": 0.1368, ""bull"": 0.1988}",6.0,-2.0,"전세가율×금리 조건부(지금 전세가율 0.53·금리 2.5, 유사 진입연도 ['201103', '201106', '201109', '201112', '201203', '201206'])",17.41,E-boost3|depth2|r150|relative,SCENARIO_WALKFORWARD_v0.8
8869,59,해솔마을 2단지 월드메르디앙 아파트,41480,251900000,-0.0976,1.0718,0.9254,1.2901,"{""bear"": 0.1057, ""base"": 0.1368, ""bull"": 0.1988}",6.0,0.0,"전세가율×금리 조건부(지금 전세가율 0.53·금리 2.5, 유사 진입연도 ['201103', '201106', '201109', '201112', '201203', '201206'])",19.15,E-boost3|depth2|r150|relative,SCENARIO_WALKFORWARD_v0.8
8869,74,해솔마을 2단지 월드메르디앙 아파트,41480,272000000,-0.0842,1.0863,0.9378,1.3075,"{""bear"": 0.1057, ""base"": 0.1368, ""bull"": 0.1988}",6.0,0.0,"전세가율×금리 조건부(지금 전세가율 0.53·금리 2.5, 유사 진입연도 ['201103', '201106', '201109', '201112', '201203', '201206'])",19.15,E-boost3|depth2|r150|relative,SCENARIO_WALKFORWARD_v0.8
8869,84,해솔마을 2단지 월드메르디앙 아파트,41480,278400000,-0.0666,1.1055,0.9544,1.3306,"{""bear"": 0.1057, ""base"": 0.1368, ""bull"": 0.1988}",6.0,0.0,"전세가율×금리 조건부(지금 전세가율 0.53·금리 2.5, 유사 진입연도 ['201103', '201106', '201109', '201112', '201203', '201206'])",19.15,E-boost3|depth2|r150|relative,SCENARIO_WALKFORWARD_v0.8
8879,59,해솔마을 7단지 롯데캐슬,41480,420700000,-0.1248,1.043,0.9005,1.2554,"{""bear"": 0.1057, ""base"": 0.1368, ""bull"": 0.1988}",6.0,-1.0,"전세가율×금리 조건부(지금 전세가율 0.53·금리 2.5, 유사 진입연도 ['201103', '201106', '201109', '201112', '201203', '201206'])",18.66,E-boost3|depth2|r150|relative,SCENARIO_WALKFORWARD_v0.8
8879,84,해솔마을 7단지 롯데캐슬,41480,471800000,-0.1097,1.0589,0.9142,1.2745,"{""bear"": 0.1057, ""base"": 0.1368, ""bull"": 0.1988}",6.0,-1.0,"전세가율×금리 조건부(지금 전세가율 0.53·금리 2.5, 유사 진입연도 ['201103', '201106', '201109', '201112', '201203', '201206'])",18.66,E-boost3|depth2|r150|relative,SCENARIO_WALKFORWARD_v0.8
8868,59,해솔마을3단지 운정현대,41480,255900000,-0.1034,1.0655,0.9199,1.2825,"{""bear"": 0.1057, ""base"": 0.1368, ""bull"": 0.1988}",6.0,0.0,"전세가율×금리 조건부(지금 전세가율 0.53·금리 2.5, 유사 진입연도 ['201103', '201106', '201109', '201112', '201203', '201206'])",19.01,E-boost3|depth2|r150|relative,SCENARIO_WALKFORWARD_v0.8
8868,84,해솔마을3단지 운정현대,41480,297100000,-0.0734,1.098,0.948,1.3216,"{""bear"": 0.1057, ""base"": 0.1368, ""bull"": 0.1988}",6.0,0.0,"전세가율×금리 조건부(지금 전세가율 0.53·금리 2.5, 유사 진입연도 ['201103', '201106', '201109', '201112', '201203', '201206'])",19.01,E-boost3|depth2|r150|relative,SCENARIO_WALKFORWARD_v0.8
8862,59,해솔마을5단지 삼부르네상스,41480,335700000,-0.0934,1.0763,0.9292,1.2954,"{""bear"": 0.1057, ""base"": 0.1368, ""bull"": 0.1988}",6.0,0.0,"전세가율×금리 조건부(지금 전세가율 0.53·금리 2.5, 유사 진입연도 ['201103', '201106', '201109', '201112', '201203', '201206'])",19.04,E-boost3|depth2|r150|relative,SCENARIO_WALKFORWARD_v0.8
8862,84,해솔마을5단지 삼부르네상스,41480,401500000,-0.0918,1.0781,0.9307,1.2976,"{""bear"": 0.1057, ""base"": 0.1368, ""bull"": 0.1988}",6.0,0.0,"전세가율×금리 조건부(지금 전세가율 0.53·금리 2.5, 유사 진입연도 ['201103', '201106', '201109', '201112', '201203', '201206'])",19.04,E-boost3|depth2|r150|relative,SCENARIO_WALKFORWARD_v0.8
1351,59,행당한진타운,11200,1650000000,0.1112,1.3206,1.1402,1.5895,"{""bear"": 0.1057, ""base"": 0.1368, ""bull"": 0.1988}",2.0,0.0,"전세가율×금리 조건부(지금 전세가율 0.53·금리 2.5, 유사 진입연도 ['201103', '201106', '201109', '201112', '201203', '201206'])",0.37,E-boost3|depth2|r150|relative,SCENARIO_WALKFORWARD_v0.8
1351,84,행당한진타운,11200,1876500000,0.1333,1.3501,1.1656,1.625,"{""bear"": 0.1057, ""base"": 0.1368, ""bull"": 0.1988}",2.0,0.0,"전세가율×금리 조건부(지금 전세가율 0.53·금리 2.5, 유사 진입연도 ['201103', '201106', '201109', '201112', '201203', '201206'])",0.37,E-boost3|depth2|r150|relative,SCENARIO_WALKFORWARD_v0.8
4263,59,헬리오시티아파트,11710,2500000000,0.08,1.2801,1.1052,1.5408,"{""bear"": 0.1057, ""base"": 0.1368, ""bull"": 0.1988}",2.0,2.0,"전세가율×금리 조건부(지금 전세가율 0.53·금리 2.5, 유사 진입연도 ['201103', '201106', '201109', '201112', '201203', '201206'])",0.86,E-boost3|depth2|r150|relative,SCENARIO_WALKFORWARD_v0.8
4263,84,헬리오시티아파트,11710,2828000000,0.1003,1.3063,1.1278,1.5723,"{""bear"": 0.1057, ""base"": 0.1368, ""bull"": 0.1988}",2.0,2.0,"전세가율×금리 조건부(지금 전세가율 0.53·금리 2.5, 유사 진입연도 ['201103', '201106', '201109', '201112', '201203', '201206'])",0.86,E-boost3|depth2|r150|relative,SCENARIO_WALKFORWARD_v0.8
5763,59,호계2차현대홈타운,41173,610100000,0.0184,1.2036,1.0392,1.4487,"{""bear"": 0.1057, ""base"": 0.1368, ""bull"": 0.1988}",4.0,1.0,"전세가율×금리 조건부(지금 전세가율 0.53·금리 2.5, 유사 진입연도 ['201103', '201106', '201109', '201112', '201203', '201206'])",5.72,E-boost3|depth2|r150|relative,SCENARIO_WALKFORWARD_v0.8
5763,84,호계2차현대홈타운,41173,700100000,0.0429,1.2335,1.0649,1.4847,"{""bear"": 0.1057, ""base"": 0.1368, ""bull"": 0.1988}",4.0,1.0,"전세가율×금리 조건부(지금 전세가율 0.53·금리 2.5, 유사 진입연도 ['201103', '201106', '201109', '201112', '201203', '201206'])",5.72,E-boost3|depth2|r150|relative,SCENARIO_WALKFORWARD_v0.8
4694,59,호매실 스타힐스,41113,411000000,-0.1948,0.9725,0.8396,1.1705,"{""bear"": 0.1057, ""base"": 0.1368, ""bull"": 0.1988}",6.0,-1.0,"전세가율×금리 조건부(지금 전세가율 0.53·금리 2.5, 유사 진입연도 ['201103', '201106', '201109', '201112', '201203', '201206'])",16.92,E-boost3|depth2|r150|relative,SCENARIO_WALKFORWARD_v0.8
4701,59,호매실GS,41113,333750000,-0.1314,1.0362,0.8946,1.2472,"{""bear"": 0.1057, ""base"": 0.1368, ""bull"": 0.1988}",6.0,-1.0,"전세가율×금리 조건부(지금 전세가율 0.53·금리 2.5, 유사 진입연도 ['201103', '201106', '201109', '201112', '201203', '201206'])",16.31,E-boost3|depth2|r150|relative,SCENARIO_WALKFORWARD_v0.8
4701,84,호매실GS,41113,422000000,-0.1221,1.0459,0.903,1.2588,"{""bear"": 0.1057, ""base"": 0.1368, ""bull"": 0.1988}",6.0,-1.0,"전세가율×금리 조건부(지금 전세가율 0.53·금리 2.5, 유사 진입연도 ['201103', '201106', '201109', '201112', '201203', '201206'])",16.31,E-boost3|depth2|r150|relative,SCENARIO_WALKFORWARD_v0.8
4702,74,호매실경남아너스빌,41113,438600000,-0.2128,0.9552,0.8246,1.1497,"{""bear"": 0.1057, ""base"": 0.1368, ""bull"": 0.1988}",6.0,-1.0,"전세가율×금리 조건부(지금 전세가율 0.53·금리 2.5, 유사 진입연도 ['201103', '201106', '201109', '201112', '201203', '201206'])",17.28,E-boost3|depth2|r150|relative,SCENARIO_WALKFORWARD_v0.8
4702,84,호매실경남아너스빌,41113,463400000,-0.2144,0.9536,0.8233,1.1478,"{""bear"": 0.1057, ""base"": 0.1368, ""bull"": 0.1988}",6.0,-1.0,"전세가율×금리 조건부(지금 전세가율 0.53·금리 2.5, 유사 진입연도 ['201103', '201106', '201109', '201112', '201203', '201206'])",17.28,E-boost3|depth2|r150|relative,SCENARIO_WALKFORWARD_v0.8
4699,59,호매실마을13단지,41113,450400000,-0.1698,0.9972,0.8609,1.2002,"{""bear"": 0.1057, ""base"": 0.1368, ""bull"": 0.1988}",6.0,-1.0,"전세가율×금리 조건부(지금 전세가율 0.53·금리 2.5, 유사 진입연도 ['201103', '201106', '201109', '201112', '201203', '201206'])",16.32,E-boost3|depth2|r150|relative,SCENARIO_WALKFORWARD_v0.8
4704,59,호매실스위첸,41113,454200000,-0.1871,0.9801,0.8461,1.1796,"{""bear"": 0.1057, ""base"": 0.1368, ""bull"": 0.1988}",6.0,-1.0,"전세가율×금리 조건부(지금 전세가율 0.53·금리 2.5, 유사 진입연도 ['201103', '201106', '201109', '201112', '201203', '201206'])",16.66,E-boost3|depth2|r150|relative,SCENARIO_WALKFORWARD_v0.8
4683,74,호매실역 서희스타힐스,41113,547300000,-0.1966,0.9708,0.8381,1.1685,"{""bear"": 0.1057, ""base"": 0.1368, ""bull"": 0.1988}",6.0,1.0,"전세가율×금리 조건부(지금 전세가율 0.53·금리 2.5, 유사 진입연도 ['201103', '201106', '201109', '201112', '201203', '201206'])",15.98,E-boost3|depth2|r150|relative,SCENARIO_WALKFORWARD_v0.8
4683,84,호매실역 서희스타힐스,41113,597600000,-0.1839,0.9831,0.8488,1.1833,"{""bear"": 0.1057, ""base"": 0.1368, ""bull"": 0.1988}",6.0,1.0,"전세가율×금리 조건부(지금 전세가율 0.53·금리 2.5, 유사 진입연도 ['201103', '201106', '201109', '201112', '201203', '201206'])",15.98,E-boost3|depth2|r150|relative,SCENARIO_WALKFORWARD_v0.8
4693,84,호매실한양수자인파크원,41113,655700000,-0.2122,0.9558,0.8252,1.1504,"{""bear"": 0.1057, ""base"": 0.1368, ""bull"": 0.1988}",6.0,-1.0,"전세가율×금리 조건부(지금 전세가율 0.53·금리 2.5, 유사 진입연도 ['201103', '201106', '201109', '201112', '201203', '201206'])",16.65,E-boost3|depth2|r150|relative,SCENARIO_WALKFORWARD_v0.8
4676,84,호반베르디움더센트럴아파트,41113,817400000,-0.2028,0.9648,0.8329,1.1612,"{""bear"": 0.1057, ""base"": 0.1368, ""bull"": 0.1988}",6.0,1.0,"전세가율×금리 조건부(지금 전세가율 0.53·금리 2.5, 유사 진입연도 ['201103', '201106', '201109', '201112', '201203', '201206'])",16.05,E-boost3|depth2|r150|relative,SCENARIO_WALKFORWARD_v0.8
7892,84,호반베르디움센트로하임아파트,41390,582500000,-0.0841,1.0863,0.9379,1.3075,"{""bear"": 0.1057, ""base"": 0.1368, ""bull"": 0.1988}",5.0,1.0,"전세가율×금리 조건부(지금 전세가율 0.53·금리 2.5, 유사 진입연도 ['201103', '201106', '201109', '201112', '201203', '201206'])",14.12,E-boost3|depth2|r150|relative,SCENARIO_WALKFORWARD_v0.8
9704,84,호수공원역 센트럴시티,41597,915200000,-0.1402,1.027,0.8867,1.2362,"{""bear"": 0.1057, ""base"": 0.1368, ""bull"": 0.1988}",4.0,2.0,"전세가율×금리 조건부(지금 전세가율 0.53·금리 2.5, 유사 진입연도 ['201103', '201106', '201109', '201112', '201203', '201206'])",19.48,E-boost3|depth2|r150|relative,SCENARIO_WALKFORWARD_v0.8
9280,84,호수마을e편한세상,41570,400600000,-0.0901,1.0799,0.9323,1.2998,"{""bear"": 0.1057, ""base"": 0.1368, ""bull"": 0.1988}",6.0,-2.0,"전세가율×금리 조건부(지금 전세가율 0.53·금리 2.5, 유사 진입연도 ['201103', '201106', '201109', '201112', '201203', '201206'])",19.42,E-boost3|depth2|r150|relative,SCENARIO_WALKFORWARD_v0.8
6601,74,호수마을풍림,41273,439900000,-0.1016,1.0675,0.9216,1.2849,"{""bear"": 0.1057, ""base"": 0.1368, ""bull"": 0.1988}",5.0,-1.0,"전세가율×금리 조건부(지금 전세가율 0.53·금리 2.5, 유사 진입연도 ['201103', '201106', '201109', '201112', '201203', '201206'])",13.67,E-boost3|depth2|r150|relative,SCENARIO_WALKFORWARD_v0.8
6601,84,호수마을풍림,41273,451000000,-0.0806,1.0901,0.9412,1.3121,"{""bear"": 0.1057, ""base"": 0.1368, ""bull"": 0.1988}",5.0,-1.0,"전세가율×금리 조건부(지금 전세가율 0.53·금리 2.5, 유사 진입연도 ['201103', '201106', '201109', '201112', '201203', '201206'])",13.67,E-boost3|depth2|r150|relative,SCENARIO_WALKFORWARD_v0.8
7215,84,호평중흥S클래스,41360,359900000,-0.0983,1.071,0.9246,1.289,"{""bear"": 0.1057, ""base"": 0.1368, ""bull"": 0.1988}",6.0,0.0,"전세가율×금리 조건부(지금 전세가율 0.53·금리 2.5, 유사 진입연도 ['201103', '201106', '201109', '201112', '201203', '201206'])",13.96,E-boost3|depth2|r150|relative,SCENARIO_WALKFORWARD_v0.8
7220,59,호평파라곤,41360,390000000,-0.1384,1.0289,0.8883,1.2384,"{""bear"": 0.1057, ""base"": 0.1368, ""bull"": 0.1988}",6.0,0.0,"전세가율×금리 조건부(지금 전세가율 0.53·금리 2.5, 유사 진입연도 ['201103', '201106', '201109', '201112', '201203', '201206'])",14.53,E-boost3|depth2|r150|relative,SCENARIO_WALKFORWARD_v0.8
7220,84,호평파라곤,41360,520800000,-0.1377,1.0296,0.8889,1.2393,"{""bear"": 0.1057, ""base"": 0.1368, ""bull"": 0.1988}",6.0,0.0,"전세가율×금리 조건부(지금 전세가율 0.53·금리 2.5, 유사 진입연도 ['201103', '201106', '201109', '201112', '201203', '201206'])",14.53,E-boost3|depth2|r150|relative,SCENARIO_WALKFORWARD_v0.8
2582,59,홍은벽산,11410,645300000,0.0901,1.293,1.1163,1.5563,"{""bear"": 0.1057, ""base"": 0.1368, ""bull"": 0.1988}",4.0,,"전세가율×금리 조건부(지금 전세가율 0.53·금리 2.5, 유사 진입연도 ['201103', '201106', '201109', '201112', '201203', '201206'])",2.35,E-boost3|depth2|r150|relative,SCENARIO_WALKFORWARD_v0.8
2582,84,홍은벽산,11410,776600000,0.0941,1.2982,1.1208,1.5626,"{""bear"": 0.1057, ""base"": 0.1368, ""bull"": 0.1988}",4.0,,"전세가율×금리 조건부(지금 전세가율 0.53·금리 2.5, 유사 진입연도 ['201103', '201106', '201109', '201112', '201203', '201206'])",2.35,E-boost3|depth2|r150|relative,SCENARIO_WALKFORWARD_v0.8
2542,59,홍제역 해링턴플레이스아파트,11410,1389000000,0.038,1.2275,1.0597,1.4774,"{""bear"": 0.1057, ""base"": 0.1368, ""bull"": 0.1988}",4.0,,"전세가율×금리 조건부(지금 전세가율 0.53·금리 2.5, 유사 진입연도 ['201103', '201106', '201109', '201112', '201203', '201206'])",1.86,E-boost3|depth2|r150|relative,SCENARIO_WALKFORWARD_v0.8
2542,84,홍제역 해링턴플레이스아파트,11410,1592000000,0.0415,1.2317,1.0634,1.4825,"{""bear"": 0.1057, ""base"": 0.1368, ""bull"": 0.1988}",4.0,,"전세가율×금리 조건부(지금 전세가율 0.53·금리 2.5, 유사 진입연도 ['201103', '201106', '201109', '201112', '201203', '201206'])",1.86,E-boost3|depth2|r150|relative,SCENARIO_WALKFORWARD_v0.8
3016,84,화곡푸르지오,11500,1160500000,0.0372,1.2265,1.0589,1.4762,"{""bear"": 0.1057, ""base"": 0.1368, ""bull"": 0.1988}",3.0,1.0,"전세가율×금리 조건부(지금 전세가율 0.53·금리 2.5, 유사 진입연도 ['201103', '201106', '201109', '201112', '201203', '201206'])",2.64,E-boost3|depth2|r150|relative,SCENARIO_WALKFORWARD_v0.8
4781,59,화서역 블루밍푸른숲아파트,41115,528500000,-0.0102,1.1696,1.0098,1.4078,"{""bear"": 0.1057, ""base"": 0.1368, ""bull"": 0.1988}",5.0,0.0,"전세가율×금리 조건부(지금 전세가율 0.53·금리 2.5, 유사 진입연도 ['201103', '201106', '201109', '201112', '201203', '201206'])",12.44,E-boost3|depth2|r150|relative,SCENARIO_WALKFORWARD_v0.8
4781,84,화서역 블루밍푸른숲아파트,41115,605750000,-0.0129,1.1665,1.0071,1.404,"{""bear"": 0.1057, ""base"": 0.1368, ""bull"": 0.1988}",5.0,0.0,"전세가율×금리 조건부(지금 전세가율 0.53·금리 2.5, 유사 진입연도 ['201103', '201106', '201109', '201112', '201203', '201206'])",12.44,E-boost3|depth2|r150|relative,SCENARIO_WALKFORWARD_v0.8
4562,59,화서역 우방 센트럴파크,41111,599700000,-0.0749,1.0964,0.9466,1.3196,"{""bear"": 0.1057, ""base"": 0.1368, ""bull"": 0.1988}",5.0,-1.0,"전세가율×금리 조건부(지금 전세가율 0.53·금리 2.5, 유사 진입연도 ['201103', '201106', '201109', '201112', '201203', '201206'])",12.03,E-boost3|depth2|r150|relative,SCENARIO_WALKFORWARD_v0.8
4540,59,화서역 파크 푸르지오,41111,1063400000,-0.1217,1.0462,0.9033,1.2593,"{""bear"": 0.1057, ""base"": 0.1368, ""bull"": 0.1988}",5.0,-1.0,"전세가율×금리 조건부(지금 전세가율 0.53·금리 2.5, 유사 진입연도 ['201103', '201106', '201109', '201112', '201203', '201206'])",12.39,E-boost3|depth2|r150|relative,SCENARIO_WALKFORWARD_v0.8
4540,74,화서역 파크 푸르지오,41111,1234500000,-0.1319,1.0356,0.8941,1.2465,"{""bear"": 0.1057, ""base"": 0.1368, ""bull"": 0.1988}",5.0,-1.0,"전세가율×금리 조건부(지금 전세가율 0.53·금리 2.5, 유사 진입연도 ['201103', '201106', '201109', '201112', '201203', '201206'])",12.39,E-boost3|depth2|r150|relative,SCENARIO_WALKFORWARD_v0.8
4540,84,화서역 파크 푸르지오,41111,1299300000,-0.1126,1.0558,0.9115,1.2708,"{""bear"": 0.1057, ""base"": 0.1368, ""bull"": 0.1988}",5.0,-1.0,"전세가율×금리 조건부(지금 전세가율 0.53·금리 2.5, 유사 진입연도 ['201103', '201106', '201109', '201112', '201203', '201206'])",12.39,E-boost3|depth2|r150|relative,SCENARIO_WALKFORWARD_v0.8
4593,59,화서역푸르지오더에듀포레,41111,668400000,-0.1055,1.0634,0.9181,1.2799,"{""bear"": 0.1057, ""base"": 0.1368, ""bull"": 0.1988}",5.0,-1.0,"전세가율×금리 조건부(지금 전세가율 0.53·금리 2.5, 유사 진입연도 ['201103', '201106', '201109', '201112', '201203', '201206'])",13.29,E-boost3|depth2|r150|relative,SCENARIO_WALKFORWARD_v0.8
4593,84,화서역푸르지오더에듀포레,41111,773200000,-0.0983,1.071,0.9246,1.2891,"{""bear"": 0.1057, ""base"": 0.1368, ""bull"": 0.1988}",5.0,-1.0,"전세가율×금리 조건부(지금 전세가율 0.53·금리 2.5, 유사 진입연도 ['201103', '201106', '201109', '201112', '201203', '201206'])",13.29,E-boost3|depth2|r150|relative,SCENARIO_WALKFORWARD_v0.8
4792,59,화서주공4단지,41115,773900000,0.0444,1.2353,1.0665,1.4869,"{""bear"": 0.1057, ""base"": 0.1368, ""bull"": 0.1988}",5.0,0.0,"전세가율×금리 조건부(지금 전세가율 0.53·금리 2.5, 유사 진입연도 ['201103', '201106', '201109', '201112', '201203', '201206'])",12.77,E-boost3|depth2|r150|relative,SCENARIO_WALKFORWARD_v0.8
9418,59,화성시청역 센트럴파크 스타힐스2단지,41591,376100000,-0.2074,0.9603,0.8291,1.1559,"{""bear"": 0.1057, ""base"": 0.1368, ""bull"": 0.1988}",6.0,-4.0,"전세가율×금리 조건부(지금 전세가율 0.53·금리 2.5, 유사 진입연도 ['201103', '201106', '201109', '201112', '201203', '201206'])",25.29,E-boost3|depth2|r150|relative,SCENARIO_WALKFORWARD_v0.8
9418,74,화성시청역 센트럴파크 스타힐스2단지,41591,414500000,-0.2066,0.9611,0.8298,1.1568,"{""bear"": 0.1057, ""base"": 0.1368, ""bull"": 0.1988}",6.0,-4.0,"전세가율×금리 조건부(지금 전세가율 0.53·금리 2.5, 유사 진입연도 ['201103', '201106', '201109', '201112', '201203', '201206'])",25.29,E-boost3|depth2|r150|relative,SCENARIO_WALKFORWARD_v0.8
9418,84,화성시청역 센트럴파크 스타힐스2단지,41591,500000000,-0.213,0.955,0.8245,1.1494,"{""bear"": 0.1057, ""base"": 0.1368, ""bull"": 0.1988}",6.0,-4.0,"전세가율×금리 조건부(지금 전세가율 0.53·금리 2.5, 유사 진입연도 ['201103', '201106', '201109', '201112', '201203', '201206'])",25.29,E-boost3|depth2|r150|relative,SCENARIO_WALKFORWARD_v0.8
9417,59,화성시청역서희스타힐스4차 숲속마을,41591,308900000,-0.1846,0.9825,0.8482,1.1825,"{""bear"": 0.1057, ""base"": 0.1368, ""bull"": 0.1988}",6.0,-4.0,"전세가율×금리 조건부(지금 전세가율 0.53·금리 2.5, 유사 진입연도 ['201103', '201106', '201109', '201112', '201203', '201206'])",25.59,E-boost3|depth2|r150|relative,SCENARIO_WALKFORWARD_v0.8
9417,74,화성시청역서희스타힐스4차 숲속마을,41591,356600000,-0.1835,0.9836,0.8492,1.1839,"{""bear"": 0.1057, ""base"": 0.1368, ""bull"": 0.1988}",6.0,-4.0,"전세가율×금리 조건부(지금 전세가율 0.53·금리 2.5, 유사 진입연도 ['201103', '201106', '201109', '201112', '201203', '201206'])",25.59,E-boost3|depth2|r150|relative,SCENARIO_WALKFORWARD_v0.8
9417,84,화성시청역서희스타힐스4차 숲속마을,41591,399900000,-0.1838,0.9832,0.8489,1.1834,"{""bear"": 0.1057, ""base"": 0.1368, ""bull"": 0.1988}",6.0,-4.0,"전세가율×금리 조건부(지금 전세가율 0.53·금리 2.5, 유사 진입연도 ['201103', '201106', '201109', '201112', '201203', '201206'])",25.59,E-boost3|depth2|r150|relative,SCENARIO_WALKFORWARD_v0.8
9419,59,화성시청역센트럴파크스타힐스1단지,41591,366900000,-0.203,0.9646,0.8327,1.161,"{""bear"": 0.1057, ""base"": 0.1368, ""bull"": 0.1988}",6.0,-4.0,"전세가율×금리 조건부(지금 전세가율 0.53·금리 2.5, 유사 진입연도 ['201103', '201106', '201109', '201112', '201203', '201206'])",25.5,E-boost3|depth2|r150|relative,SCENARIO_WALKFORWARD_v0.8
9419,74,화성시청역센트럴파크스타힐스1단지,41591,413400000,-0.1992,0.9682,0.8359,1.1654,"{""bear"": 0.1057, ""base"": 0.1368, ""bull"": 0.1988}",6.0,-4.0,"전세가율×금리 조건부(지금 전세가율 0.53·금리 2.5, 유사 진입연도 ['201103', '201106', '201109', '201112', '201203', '201206'])",25.5,E-boost3|depth2|r150|relative,SCENARIO_WALKFORWARD_v0.8
9419,84,화성시청역센트럴파크스타힐스1단지,41591,505000000,-0.2113,0.9566,0.8259,1.1514,"{""bear"": 0.1057, ""base"": 0.1368, ""bull"": 0.1988}",6.0,-4.0,"전세가율×금리 조건부(지금 전세가율 0.53·금리 2.5, 유사 진입연도 ['201103', '201106', '201109', '201112', '201203', '201206'])",25.5,E-boost3|depth2|r150|relative,SCENARIO_WALKFORWARD_v0.8
9361,84,화성향남서봉마을 사랑으로 부영3단지,41591,353900000,-0.1722,0.9947,0.8588,1.1972,"{""bear"": 0.1057, ""base"": 0.1368, ""bull"": 0.1988}",6.0,,"전세가율×금리 조건부(지금 전세가율 0.53·금리 2.5, 유사 진입연도 ['201103', '201106', '201109', '201112', '201203', '201206'])",30.79,E-boost3|depth2|r150|relative,SCENARIO_WALKFORWARD_v0.8
9987,74,회천파밀리에더퍼스트,41630,420500000,-0.1396,1.0277,0.8873,1.237,"{""bear"": 0.1057, ""base"": 0.1368, ""bull"": 0.1988}",7.0,,"전세가율×금리 조건부(지금 전세가율 0.53·금리 2.5, 유사 진입연도 ['201103', '201106', '201109', '201112', '201203', '201206'])",23.4,E-boost3|depth2|r150|relative,SCENARIO_WALKFORWARD_v0.8
9987,84,회천파밀리에더퍼스트,41630,468100000,-0.1526,1.0144,0.8758,1.221,"{""bear"": 0.1057, ""base"": 0.1368, ""bull"": 0.1988}",7.0,,"전세가율×금리 조건부(지금 전세가율 0.53·금리 2.5, 유사 진입연도 ['201103', '201106', '201109', '201112', '201203', '201206'])",23.4,E-boost3|depth2|r150|relative,SCENARIO_WALKFORWARD_v0.8
1640,84,휘경리오포레1단지,11230,924500000,-0.0185,1.16,1.0015,1.3962,"{""bear"": 0.1057, ""base"": 0.1368, ""bull"": 0.1988}",3.0,,"전세가율×금리 조건부(지금 전세가율 0.53·금리 2.5, 유사 진입연도 ['201103', '201106', '201109', '201112', '201203', '201206'])",3.18,E-boost3|depth2|r150|relative,SCENARIO_WALKFORWARD_v0.8
7322,84,힐스테이트 다산,41360,1007000000,-0.0353,1.1407,0.9848,1.3729,"{""bear"": 0.1057, ""base"": 0.1368, ""bull"": 0.1988}",4.0,1.0,"전세가율×금리 조건부(지금 전세가율 0.53·금리 2.5, 유사 진입연도 ['201103', '201106', '201109', '201112', '201203', '201206'])",7.12,E-boost3|depth2|r150|relative,SCENARIO_WALKFORWARD_v0.8
9299,74,힐스테이트 리버시티1단지,41570,549400000,-0.0778,1.0932,0.9438,1.3158,"{""bear"": 0.1057, ""base"": 0.1368, ""bull"": 0.1988}",5.0,0.0,"전세가율×금리 조건부(지금 전세가율 0.53·금리 2.5, 유사 진입연도 ['201103', '201106', '201109', '201112', '201203', '201206'])",9.38,E-boost3|depth2|r150|relative,SCENARIO_WALKFORWARD_v0.8
9299,84,힐스테이트 리버시티1단지,41570,588400000,-0.0803,1.0905,0.9415,1.3126,"{""bear"": 0.1057, ""base"": 0.1368, ""bull"": 0.1988}",5.0,0.0,"전세가율×금리 조건부(지금 전세가율 0.53·금리 2.5, 유사 진입연도 ['201103', '201106', '201109', '201112', '201203', '201206'])",9.38,E-boost3|depth2|r150|relative,SCENARIO_WALKFORWARD_v0.8
8272,84,힐스테이트 몬테로이1단지,41461,555500000,-0.052,1.1218,0.9685,1.3502,"{""bear"": 0.1057, ""base"": 0.1368, ""bull"": 0.1988}",5.0,,"전세가율×금리 조건부(지금 전세가율 0.53·금리 2.5, 유사 진입연도 ['201103', '201106', '201109', '201112', '201203', '201206'])",10.73,E-boost3|depth2|r150|relative,SCENARIO_WALKFORWARD_v0.8
8270,84,힐스테이트 몬테로이2단지,41461,620500000,-0.052,1.1218,0.9685,1.3503,"{""bear"": 0.1057, ""base"": 0.1368, ""bull"": 0.1988}",5.0,,"전세가율×금리 조건부(지금 전세가율 0.53·금리 2.5, 유사 진입연도 ['201103', '201106', '201109', '201112', '201203', '201206'])",10.84,E-boost3|depth2|r150|relative,SCENARIO_WALKFORWARD_v0.8
9449,59,힐스테이트 봉담 프라이드시티,41593,458900000,-0.0998,1.0694,0.9233,1.2872,"{""bear"": 0.1057, ""base"": 0.1368, ""bull"": 0.1988}",6.0,-1.0,"전세가율×금리 조건부(지금 전세가율 0.53·금리 2.5, 유사 진입연도 ['201103', '201106', '201109', '201112', '201203', '201206'])",21.58,E-boost3|depth2|r150|relative,SCENARIO_WALKFORWARD_v0.8
9449,74,힐스테이트 봉담 프라이드시티,41593,509900000,-0.0916,1.0782,0.9309,1.2978,"{""bear"": 0.1057, ""base"": 0.1368, ""bull"": 0.1988}",6.0,-1.0,"전세가율×금리 조건부(지금 전세가율 0.53·금리 2.5, 유사 진입연도 ['201103', '201106', '201109', '201112', '201203', '201206'])",21.58,E-boost3|depth2|r150|relative,SCENARIO_WALKFORWARD_v0.8
9449,84,힐스테이트 봉담 프라이드시티,41593,590000000,-0.1007,1.0684,0.9224,1.286,"{""bear"": 0.1057, ""base"": 0.1368, ""bull"": 0.1988}",6.0,-1.0,"전세가율×금리 조건부(지금 전세가율 0.53·금리 2.5, 유사 진입연도 ['201103', '201106', '201109', '201112', '201203', '201206'])",21.58,E-boost3|depth2|r150|relative,SCENARIO_WALKFORWARD_v0.8
4954,74,힐스테이트 영통아파트,41117,1128300000,-0.0883,1.0818,0.934,1.302,"{""bear"": 0.1057, ""base"": 0.1368, ""bull"": 0.1988}",4.0,2.0,"전세가율×금리 조건부(지금 전세가율 0.53·금리 2.5, 유사 진입연도 ['201103', '201106', '201109', '201112', '201203', '201206'])",12.88,E-boost3|depth2|r150|relative,SCENARIO_WALKFORWARD_v0.8
4954,84,힐스테이트 영통아파트,41117,1257800000,-0.0835,1.087,0.9384,1.3083,"{""bear"": 0.1057, ""base"": 0.1368, ""bull"": 0.1988}",4.0,2.0,"전세가율×금리 조건부(지금 전세가율 0.53·금리 2.5, 유사 진입연도 ['201103', '201106', '201109', '201112', '201203', '201206'])",12.88,E-boost3|depth2|r150|relative,SCENARIO_WALKFORWARD_v0.8
8246,59,힐스테이트 용인 둔전역 아파트,41461,482500000,-0.0778,1.0932,0.9438,1.3158,"{""bear"": 0.1057, ""base"": 0.1368, ""bull"": 0.1988}",5.0,,"전세가율×금리 조건부(지금 전세가율 0.53·금리 2.5, 유사 진입연도 ['201103', '201106', '201109', '201112', '201203', '201206'])",12.59,E-boost3|depth2|r150|relative,SCENARIO_WALKFORWARD_v0.8
8246,74,힐스테이트 용인 둔전역 아파트,41461,583400000,-0.0694,1.1024,0.9517,1.3269,"{""bear"": 0.1057, ""base"": 0.1368, ""bull"": 0.1988}",5.0,,"전세가율×금리 조건부(지금 전세가율 0.53·금리 2.5, 유사 진입연도 ['201103', '201106', '201109', '201112', '201203', '201206'])",12.59,E-boost3|depth2|r150|relative,SCENARIO_WALKFORWARD_v0.8
8246,84,힐스테이트 용인 둔전역 아파트,41461,623100000,-0.0737,1.0977,0.9477,1.3212,"{""bear"": 0.1057, ""base"": 0.1368, ""bull"": 0.1988}",5.0,,"전세가율×금리 조건부(지금 전세가율 0.53·금리 2.5, 유사 진입연도 ['201103', '201106', '201109', '201112', '201203', '201206'])",12.59,E-boost3|depth2|r150|relative,SCENARIO_WALKFORWARD_v0.8
3727,59,힐스테이트뉴포레,11620,1372200000,-0.0231,1.1547,0.9969,1.3898,"{""bear"": 0.1057, ""base"": 0.1368, ""bull"": 0.1988}",4.0,-1.0,"전세가율×금리 조건부(지금 전세가율 0.53·금리 2.5, 유사 진입연도 ['201103', '201106', '201109', '201112', '201203', '201206'])",4.02,E-boost3|depth2|r150|relative,SCENARIO_WALKFORWARD_v0.8
3727,84,힐스테이트뉴포레,11620,1696666667,-0.0408,1.1344,0.9794,1.3654,"{""bear"": 0.1057, ""base"": 0.1368, ""bull"": 0.1988}",4.0,-1.0,"전세가율×금리 조건부(지금 전세가율 0.53·금리 2.5, 유사 진입연도 ['201103', '201106', '201109', '201112', '201203', '201206'])",4.02,E-boost3|depth2|r150|relative,SCENARIO_WALKFORWARD_v0.8
9689,74,힐스테이트동탄,41597,756100000,-0.1778,0.9892,0.854,1.1906,"{""bear"": 0.1057, ""base"": 0.1368, ""bull"": 0.1988}",4.0,2.0,"전세가율×금리 조건부(지금 전세가율 0.53·금리 2.5, 유사 진입연도 ['201103', '201106', '201109', '201112', '201203', '201206'])",17.63,E-boost3|depth2|r150|relative,SCENARIO_WALKFORWARD_v0.8
9689,84,힐스테이트동탄,41597,836000000,-0.1759,0.991,0.8556,1.1928,"{""bear"": 0.1057, ""base"": 0.1368, ""bull"": 0.1988}",4.0,2.0,"전세가율×금리 조건부(지금 전세가율 0.53·금리 2.5, 유사 진입연도 ['201103', '201106', '201109', '201112', '201203', '201206'])",17.63,E-boost3|depth2|r150|relative,SCENARIO_WALKFORWARD_v0.8
9300,74,힐스테이트리버시티2단지,41570,552100000,-0.0831,1.0874,0.9388,1.3088,"{""bear"": 0.1057, ""base"": 0.1368, ""bull"": 0.1988}",5.0,0.0,"전세가율×금리 조건부(지금 전세가율 0.53·금리 2.5, 유사 진입연도 ['201103', '201106', '201109', '201112', '201203', '201206'])",8.98,E-boost3|depth2|r150|relative,SCENARIO_WALKFORWARD_v0.8
9300,84,힐스테이트리버시티2단지,41570,596000000,-0.0789,1.092,0.9428,1.3144,"{""bear"": 0.1057, ""base"": 0.1368, ""bull"": 0.1988}",5.0,0.0,"전세가율×금리 조건부(지금 전세가율 0.53·금리 2.5, 유사 진입연도 ['201103', '201106', '201109', '201112', '201203', '201206'])",8.98,E-boost3|depth2|r150|relative,SCENARIO_WALKFORWARD_v0.8
8271,59,힐스테이트몬테로이3단지,41461,463250000,-0.0562,1.117,0.9644,1.3445,"{""bear"": 0.1057, ""base"": 0.1368, ""bull"": 0.1988}",5.0,,"전세가율×금리 조건부(지금 전세가율 0.53·금리 2.5, 유사 진입연도 ['201103', '201106', '201109', '201112', '201203', '201206'])",11.14,E-boost3|depth2|r150|relative,SCENARIO_WALKFORWARD_v0.8
8271,74,힐스테이트몬테로이3단지,41461,522000000,-0.0687,1.1032,0.9524,1.3278,"{""bear"": 0.1057, ""base"": 0.1368, ""bull"": 0.1988}",5.0,,"전세가율×금리 조건부(지금 전세가율 0.53·금리 2.5, 유사 진입연도 ['201103', '201106', '201109', '201112', '201203', '201206'])",11.14,E-boost3|depth2|r150|relative,SCENARIO_WALKFORWARD_v0.8
8271,84,힐스테이트몬테로이3단지,41461,568000000,-0.0505,1.1235,0.97,1.3523,"{""bear"": 0.1057, ""base"": 0.1368, ""bull"": 0.1988}",5.0,,"전세가율×금리 조건부(지금 전세가율 0.53·금리 2.5, 유사 진입연도 ['201103', '201106', '201109', '201112', '201203', '201206'])",11.14,E-boost3|depth2|r150|relative,SCENARIO_WALKFORWARD_v0.8
3573,59,힐스테이트상도센트럴파크,11590,1741900000,0.0655,1.2617,1.0893,1.5186,"{""bear"": 0.1057, ""base"": 0.1368, ""bull"": 0.1988}",2.0,-1.0,"전세가율×금리 조건부(지금 전세가율 0.53·금리 2.5, 유사 진입연도 ['201103', '201106', '201109', '201112', '201203', '201206'])",0.64,E-boost3|depth2|r150|relative,SCENARIO_WALKFORWARD_v0.8
3573,84,힐스테이트상도센트럴파크,11590,1868000000,0.0851,1.2867,1.1108,1.5487,"{""bear"": 0.1057, ""base"": 0.1368, ""bull"": 0.1988}",2.0,-1.0,"전세가율×금리 조건부(지금 전세가율 0.53·금리 2.5, 유사 진입연도 ['201103', '201106', '201109', '201112', '201203', '201206'])",0.64,E-boost3|depth2|r150|relative,SCENARIO_WALKFORWARD_v0.8
2534,59,힐스테이트신촌,11410,1751500000,0.0912,1.2945,1.1176,1.5581,"{""bear"": 0.1057, ""base"": 0.1368, ""bull"": 0.1988}",2.0,,"전세가율×금리 조건부(지금 전세가율 0.53·금리 2.5, 유사 진입연도 ['201103', '201106', '201109', '201112', '201203', '201206'])",0.34,E-boost3|depth2|r150|relative,SCENARIO_WALKFORWARD_v0.8
2534,84,힐스테이트신촌,11410,1939000000,0.0967,1.3016,1.1238,1.5667,"{""bear"": 0.1057, ""base"": 0.1368, ""bull"": 0.1988}",2.0,,"전세가율×금리 조건부(지금 전세가율 0.53·금리 2.5, 유사 진입연도 ['201103', '201106', '201109', '201112', '201203', '201206'])",0.34,E-boost3|depth2|r150|relative,SCENARIO_WALKFORWARD_v0.8
8244,59,힐스테이트용인고진역1단지,41461,522200000,-0.1107,1.0578,0.9133,1.2732,"{""bear"": 0.1057, ""base"": 0.1368, ""bull"": 0.1988}",5.0,,"전세가율×금리 조건부(지금 전세가율 0.53·금리 2.5, 유사 진입연도 ['201103', '201106', '201109', '201112', '201203', '201206'])",14.32,E-boost3|depth2|r150|relative,SCENARIO_WALKFORWARD_v0.8
8244,74,힐스테이트용인고진역1단지,41461,618875000,-0.1021,1.0669,0.9211,1.2842,"{""bear"": 0.1057, ""base"": 0.1368, ""bull"": 0.1988}",5.0,,"전세가율×금리 조건부(지금 전세가율 0.53·금리 2.5, 유사 진입연도 ['201103', '201106', '201109', '201112', '201203', '201206'])",14.32,E-boost3|depth2|r150|relative,SCENARIO_WALKFORWARD_v0.8
8244,84,힐스테이트용인고진역1단지,41461,690000000,-0.1148,1.0535,0.9095,1.268,"{""bear"": 0.1057, ""base"": 0.1368, ""bull"": 0.1988}",5.0,,"전세가율×금리 조건부(지금 전세가율 0.53·금리 2.5, 유사 진입연도 ['201103', '201106', '201109', '201112', '201203', '201206'])",14.32,E-boost3|depth2|r150|relative,SCENARIO_WALKFORWARD_v0.8
8245,59,힐스테이트용인고진역2단지아파트,41461,502100000,-0.1144,1.0539,0.9099,1.2685,"{""bear"": 0.1057, ""base"": 0.1368, ""bull"": 0.1988}",5.0,,"전세가율×금리 조건부(지금 전세가율 0.53·금리 2.5, 유사 진입연도 ['201103', '201106', '201109', '201112', '201203', '201206'])",14.57,E-boost3|depth2|r150|relative,SCENARIO_WALKFORWARD_v0.8
8245,84,힐스테이트용인고진역2단지아파트,41461,667000000,-0.1168,1.0514,0.9077,1.2654,"{""bear"": 0.1057, ""base"": 0.1368, ""bull"": 0.1988}",5.0,,"전세가율×금리 조건부(지금 전세가율 0.53·금리 2.5, 유사 진입연도 ['201103', '201106', '201109', '201112', '201203', '201206'])",14.57,E-boost3|depth2|r150|relative,SCENARIO_WALKFORWARD_v0.8
6554,59,힐스테이트중앙,41273,702400000,-0.1129,1.0555,0.9113,1.2704,"{""bear"": 0.1057, ""base"": 0.1368, ""bull"": 0.1988}",4.0,-1.0,"전세가율×금리 조건부(지금 전세가율 0.53·금리 2.5, 유사 진입연도 ['201103', '201106', '201109', '201112', '201203', '201206'])",11.58,E-boost3|depth2|r150|relative,SCENARIO_WALKFORWARD_v0.8
6554,74,힐스테이트중앙,41273,821500000,-0.1258,1.042,0.8996,1.2542,"{""bear"": 0.1057, ""base"": 0.1368, ""bull"": 0.1988}",4.0,-1.0,"전세가율×금리 조건부(지금 전세가율 0.53·금리 2.5, 유사 진입연도 ['201103', '201106', '201109', '201112', '201203', '201206'])",11.58,E-boost3|depth2|r150|relative,SCENARIO_WALKFORWARD_v0.8
6554,84,힐스테이트중앙,41273,888500000,-0.1161,1.0522,0.9084,1.2664,"{""bear"": 0.1057, ""base"": 0.1368, ""bull"": 0.1988}",4.0,-1.0,"전세가율×금리 조건부(지금 전세가율 0.53·금리 2.5, 유사 진입연도 ['201103', '201106', '201109', '201112', '201203', '201206'])",11.58,E-boost3|depth2|r150|relative,SCENARIO_WALKFORWARD_v0.8
6277,59,힐스테이트지제역아파트,41220,446500000,-0.093,1.0767,0.9296,1.2959,"{""bear"": 0.1057, ""base"": 0.1368, ""bull"": 0.1988}",6.0,-1.0,"전세가율×금리 조건부(지금 전세가율 0.53·금리 2.5, 유사 진입연도 ['201103', '201106', '201109', '201112', '201203', '201206'])",35.88,E-boost3|depth2|r150|relative,SCENARIO_WALKFORWARD_v0.8
6277,74,힐스테이트지제역아파트,41220,538300000,-0.0903,1.0796,0.9321,1.2994,"{""bear"": 0.1057, ""base"": 0.1368, ""bull"": 0.1988}",6.0,-1.0,"전세가율×금리 조건부(지금 전세가율 0.53·금리 2.5, 유사 진입연도 ['201103', '201106', '201109', '201112', '201203', '201206'])",35.88,E-boost3|depth2|r150|relative,SCENARIO_WALKFORWARD_v0.8
6277,84,힐스테이트지제역아파트,41220,592100000,-0.0863,1.0839,0.9358,1.3047,"{""bear"": 0.1057, ""base"": 0.1368, ""bull"": 0.1988}",6.0,-1.0,"전세가율×금리 조건부(지금 전세가율 0.53·금리 2.5, 유사 진입연도 ['201103', '201106', '201109', '201112', '201203', '201206'])",35.88,E-boost3|depth2|r150|relative,SCENARIO_WALKFORWARD_v0.8
3486,59,힐스테이트클래시안아파트,11560,1667000000,0.0106,1.1943,1.0311,1.4374,"{""bear"": 0.1057, ""base"": 0.1368, ""bull"": 0.1988}",3.0,1.0,"전세가율×금리 조건부(지금 전세가율 0.53·금리 2.5, 유사 진입연도 ['201103', '201106', '201109', '201112', '201203', '201206'])",2.26,E-boost3|depth2|r150|relative,SCENARIO_WALKFORWARD_v0.8
3486,84,힐스테이트클래시안아파트,11560,1925000000,-0.0001,1.1816,1.0201,1.4221,"{""bear"": 0.1057, ""base"": 0.1368, ""bull"": 0.1988}",3.0,1.0,"전세가율×금리 조건부(지금 전세가율 0.53·금리 2.5, 유사 진입연도 ['201103', '201106', '201109', '201112', '201203', '201206'])",2.26,E-boost3|depth2|r150|relative,SCENARIO_WALKFORWARD_v0.8
6292,74,힐스테이트평택2차,41220,354500000,-0.1401,1.0272,0.8868,1.2364,"{""bear"": 0.1057, ""base"": 0.1368, ""bull"": 0.1988}",7.0,,"전세가율×금리 조건부(지금 전세가율 0.53·금리 2.5, 유사 진입연도 ['201103', '201106', '201109', '201112', '201203', '201206'])",37.1,E-boost3|depth2|r150|relative,SCENARIO_WALKFORWARD_v0.8
6292,84,힐스테이트평택2차,41220,413300000,-0.1435,1.0237,0.8838,1.2321,"{""bear"": 0.1057, ""base"": 0.1368, ""bull"": 0.1988}",7.0,,"전세가율×금리 조건부(지금 전세가율 0.53·금리 2.5, 유사 진입연도 ['201103', '201106', '201109', '201112', '201203', '201206'])",37.1,E-boost3|depth2|r150|relative,SCENARIO_WALKFORWARD_v0.8
4766,59,힐스테이트푸르지오수원아파트,41115,723700000,0.0621,1.2573,1.0855,1.5133,"{""bear"": 0.1057, ""base"": 0.1368, ""bull"": 0.1988}",3.0,0.0,"전세가율×금리 조건부(지금 전세가율 0.53·금리 2.5, 유사 진입연도 ['201103', '201106', '201109', '201112', '201203', '201206'])",12.57,E-boost3|depth2|r150|relative,SCENARIO_WALKFORWARD_v0.8
4766,74,힐스테이트푸르지오수원아파트,41115,785800000,0.0656,1.2618,1.0894,1.5187,"{""bear"": 0.1057, ""base"": 0.1368, ""bull"": 0.1988}",3.0,0.0,"전세가율×금리 조건부(지금 전세가율 0.53·금리 2.5, 유사 진입연도 ['201103', '201106', '201109', '201112', '201203', '201206'])",12.57,E-boost3|depth2|r150|relative,SCENARIO_WALKFORWARD_v0.8
4766,84,힐스테이트푸르지오수원아파트,41115,858000000,0.0609,1.2559,1.0842,1.5116,"{""bear"": 0.1057, ""base"": 0.1368, ""bull"": 0.1988}",3.0,0.0,"전세가율×금리 조건부(지금 전세가율 0.53·금리 2.5, 유사 진입연도 ['201103', '201106', '201109', '201112', '201203', '201206'])",12.57,E-boost3|depth2|r150|relative,SCENARIO_WALKFORWARD_v0.8
7332,59,힐스테이트황금산아파트,41360,703100000,-0.0359,1.14,0.9842,1.3722,"{""bear"": 0.1057, ""base"": 0.1368, ""bull"": 0.1988}",4.0,1.0,"전세가율×금리 조건부(지금 전세가율 0.53·금리 2.5, 유사 진입연도 ['201103', '201106', '201109', '201112', '201203', '201206'])",5.38,E-boost3|depth2|r150|relative,SCENARIO_WALKFORWARD_v0.8
7332,84,힐스테이트황금산아파트,41360,794200000,-0.0241,1.1535,0.9959,1.3884,"{""bear"": 0.1057, ""base"": 0.1368, ""bull"": 0.1988}",4.0,1.0,"전세가율×금리 조건부(지금 전세가율 0.53·금리 2.5, 유사 진입연도 ['201103', '201106', '201109', '201112', '201203', '201206'])",5.38,E-boost3|depth2|r150|relative,SCENARIO_WALKFORWARD_v0.8
