PRD_DE,C1,C1_NM,C2,C2_NM,ITM_ID,ITM_NM,DT,UNIT_NM
200310,13102852608ACC_ITEM.BBHA00,M2(평잔 원계열),,,13103852608999,M2 경제주체별 보유현황(평잔 원계열),829477.291,십억원
200311,13102852608ACC_ITEM.BBHA00,M2(평잔 원계열),,,13103852608999,M2 경제주체별 보유현황(평잔 원계열),841469.141,십억원
200312,13102852608ACC_ITEM.BBHA00,M2(평잔 원계열),,,13103852608999,M2 경제주체별 보유현황(평잔 원계열),848241.878,십억원
200310,13102852608ACC_ITEM.BBHAJ1,가계 및 비영리단체 1),,,13103852608999,M2 경제주체별 보유현황(평잔 원계열),494017.291,십억원
200311,13102852608ACC_ITEM.BBHAJ1,가계 및 비영리단체 1),,,13103852608999,M2 경제주체별 보유현황(평잔 원계열),500367.263,십억원
200312,13102852608ACC_ITEM.BBHAJ1,가계 및 비영리단체 1),,,13103852608999,M2 경제주체별 보유현황(평잔 원계열),504657.512,십억원
200310,13102852608ACC_ITEM.BBHAJ11,기타부문 4),,,13103852608999,M2 경제주체별 보유현황(평잔 원계열),58829.768,십억원
200311,13102852608ACC_ITEM.BBHAJ11,기타부문 4),,,13103852608999,M2 경제주체별 보유현황(평잔 원계열),62096.514,십억원
200312,13102852608ACC_ITEM.BBHAJ11,기타부문 4),,,13103852608999,M2 경제주체별 보유현황(평잔 원계열),60070.12,십억원
200310,13102852608ACC_ITEM.BBHAJ2,비금융기업 2),,,13103852608999,M2 경제주체별 보유현황(평잔 원계열),163963.273,십억원
200311,13102852608ACC_ITEM.BBHAJ2,비금융기업 2),,,13103852608999,M2 경제주체별 보유현황(평잔 원계열),168703.943,십억원
200312,13102852608ACC_ITEM.BBHAJ2,비금융기업 2),,,13103852608999,M2 경제주체별 보유현황(평잔 원계열),176138.523,십억원
200310,13102852608ACC_ITEM.BBHAJ3,기타금융기관 3),,,13103852608999,M2 경제주체별 보유현황(평잔 원계열),112666.959,십억원
200311,13102852608ACC_ITEM.BBHAJ3,기타금융기관 3),,,13103852608999,M2 경제주체별 보유현황(평잔 원계열),110301.423,십억원
200312,13102852608ACC_ITEM.BBHAJ3,기타금융기관 3),,,13103852608999,M2 경제주체별 보유현황(평잔 원계열),107375.724,십억원
200401,13102852608ACC_ITEM.BBHA00,M2(평잔 원계열),,,13103852608999,M2 경제주체별 보유현황(평잔 원계열),852283.454,십억원
200402,13102852608ACC_ITEM.BBHA00,M2(평잔 원계열),,,13103852608999,M2 경제주체별 보유현황(평잔 원계열),860232.782,십억원
200403,13102852608ACC_ITEM.BBHA00,M2(평잔 원계열),,,13103852608999,M2 경제주체별 보유현황(평잔 원계열),870802.169,십억원
200404,13102852608ACC_ITEM.BBHA00,M2(평잔 원계열),,,13103852608999,M2 경제주체별 보유현황(평잔 원계열),872070.798,십억원
200405,13102852608ACC_ITEM.BBHA00,M2(평잔 원계열),,,13103852608999,M2 경제주체별 보유현황(평잔 원계열),873871.054,십억원
200406,13102852608ACC_ITEM.BBHA00,M2(평잔 원계열),,,13103852608999,M2 경제주체별 보유현황(평잔 원계열),882455.923,십억원
200407,13102852608ACC_ITEM.BBHA00,M2(평잔 원계열),,,13103852608999,M2 경제주체별 보유현황(평잔 원계열),883705.318,십억원
200408,13102852608ACC_ITEM.BBHA00,M2(평잔 원계열),,,13103852608999,M2 경제주체별 보유현황(평잔 원계열),884012.377,십억원
200409,13102852608ACC_ITEM.BBHA00,M2(평잔 원계열),,,13103852608999,M2 경제주체별 보유현황(평잔 원계열),890540.985,십억원
200410,13102852608ACC_ITEM.BBHA00,M2(평잔 원계열),,,13103852608999,M2 경제주체별 보유현황(평잔 원계열),891457.955,십억원
200411,13102852608ACC_ITEM.BBHA00,M2(평잔 원계열),,,13103852608999,M2 경제주체별 보유현황(평잔 원계열),895480.271,십억원
200412,13102852608ACC_ITEM.BBHA00,M2(평잔 원계열),,,13103852608999,M2 경제주체별 보유현황(평잔 원계열),897073.893,십억원
200401,13102852608ACC_ITEM.BBHAJ1,가계 및 비영리단체 1),,,13103852608999,M2 경제주체별 보유현황(평잔 원계열),518778.748,십억원
200402,13102852608ACC_ITEM.BBHAJ1,가계 및 비영리단체 1),,,13103852608999,M2 경제주체별 보유현황(평잔 원계열),520322.689,십억원
200403,13102852608ACC_ITEM.BBHAJ1,가계 및 비영리단체 1),,,13103852608999,M2 경제주체별 보유현황(평잔 원계열),523516.609,십억원
200404,13102852608ACC_ITEM.BBHAJ1,가계 및 비영리단체 1),,,13103852608999,M2 경제주체별 보유현황(평잔 원계열),532252.215,십억원
200405,13102852608ACC_ITEM.BBHAJ1,가계 및 비영리단체 1),,,13103852608999,M2 경제주체별 보유현황(평잔 원계열),530748.158,십억원
200406,13102852608ACC_ITEM.BBHAJ1,가계 및 비영리단체 1),,,13103852608999,M2 경제주체별 보유현황(평잔 원계열),535319.502,십억원
200407,13102852608ACC_ITEM.BBHAJ1,가계 및 비영리단체 1),,,13103852608999,M2 경제주체별 보유현황(평잔 원계열),532446.616,십억원
200408,13102852608ACC_ITEM.BBHAJ1,가계 및 비영리단체 1),,,13103852608999,M2 경제주체별 보유현황(평잔 원계열),532755.92,십억원
200409,13102852608ACC_ITEM.BBHAJ1,가계 및 비영리단체 1),,,13103852608999,M2 경제주체별 보유현황(평잔 원계열),540209.222,십억원
200410,13102852608ACC_ITEM.BBHAJ1,가계 및 비영리단체 1),,,13103852608999,M2 경제주체별 보유현황(평잔 원계열),536087.79,십억원
200411,13102852608ACC_ITEM.BBHAJ1,가계 및 비영리단체 1),,,13103852608999,M2 경제주체별 보유현황(평잔 원계열),534647.272,십억원
200412,13102852608ACC_ITEM.BBHAJ1,가계 및 비영리단체 1),,,13103852608999,M2 경제주체별 보유현황(평잔 원계열),538676.504,십억원
200401,13102852608ACC_ITEM.BBHAJ11,기타부문 4),,,13103852608999,M2 경제주체별 보유현황(평잔 원계열),54059.575,십억원
200402,13102852608ACC_ITEM.BBHAJ11,기타부문 4),,,13103852608999,M2 경제주체별 보유현황(평잔 원계열),55981.803,십억원
200403,13102852608ACC_ITEM.BBHAJ11,기타부문 4),,,13103852608999,M2 경제주체별 보유현황(평잔 원계열),58248.159,십억원
200404,13102852608ACC_ITEM.BBHAJ11,기타부문 4),,,13103852608999,M2 경제주체별 보유현황(평잔 원계열),57722.813,십억원
200405,13102852608ACC_ITEM.BBHAJ11,기타부문 4),,,13103852608999,M2 경제주체별 보유현황(평잔 원계열),59568.109,십억원
200406,13102852608ACC_ITEM.BBHAJ11,기타부문 4),,,13103852608999,M2 경제주체별 보유현황(평잔 원계열),59971.426,십억원
200407,13102852608ACC_ITEM.BBHAJ11,기타부문 4),,,13103852608999,M2 경제주체별 보유현황(평잔 원계열),59323.591,십억원
200408,13102852608ACC_ITEM.BBHAJ11,기타부문 4),,,13103852608999,M2 경제주체별 보유현황(평잔 원계열),60085.68,십억원
200409,13102852608ACC_ITEM.BBHAJ11,기타부문 4),,,13103852608999,M2 경제주체별 보유현황(평잔 원계열),59429.01,십억원
200410,13102852608ACC_ITEM.BBHAJ11,기타부문 4),,,13103852608999,M2 경제주체별 보유현황(평잔 원계열),57829.615,십억원
200411,13102852608ACC_ITEM.BBHAJ11,기타부문 4),,,13103852608999,M2 경제주체별 보유현황(평잔 원계열),60139.356,십억원
200412,13102852608ACC_ITEM.BBHAJ11,기타부문 4),,,13103852608999,M2 경제주체별 보유현황(평잔 원계열),54620.237,십억원
200401,13102852608ACC_ITEM.BBHAJ2,비금융기업 2),,,13103852608999,M2 경제주체별 보유현황(평잔 원계열),172739.934,십억원
200402,13102852608ACC_ITEM.BBHAJ2,비금융기업 2),,,13103852608999,M2 경제주체별 보유현황(평잔 원계열),170546.142,십억원
200403,13102852608ACC_ITEM.BBHAJ2,비금융기업 2),,,13103852608999,M2 경제주체별 보유현황(평잔 원계열),171475.918,십억원
200404,13102852608ACC_ITEM.BBHAJ2,비금융기업 2),,,13103852608999,M2 경제주체별 보유현황(평잔 원계열),170176.232,십억원
200405,13102852608ACC_ITEM.BBHAJ2,비금융기업 2),,,13103852608999,M2 경제주체별 보유현황(평잔 원계열),169403.739,십억원
200406,13102852608ACC_ITEM.BBHAJ2,비금융기업 2),,,13103852608999,M2 경제주체별 보유현황(평잔 원계열),170257.947,십억원
200407,13102852608ACC_ITEM.BBHAJ2,비금융기업 2),,,13103852608999,M2 경제주체별 보유현황(평잔 원계열),178004.415,십억원
200408,13102852608ACC_ITEM.BBHAJ2,비금융기업 2),,,13103852608999,M2 경제주체별 보유현황(평잔 원계열),177884.688,십억원
200409,13102852608ACC_ITEM.BBHAJ2,비금융기업 2),,,13103852608999,M2 경제주체별 보유현황(평잔 원계열),178070.393,십억원
200410,13102852608ACC_ITEM.BBHAJ2,비금융기업 2),,,13103852608999,M2 경제주체별 보유현황(평잔 원계열),184114.756,십억원
200411,13102852608ACC_ITEM.BBHAJ2,비금융기업 2),,,13103852608999,M2 경제주체별 보유현황(평잔 원계열),183695.778,십억원
200412,13102852608ACC_ITEM.BBHAJ2,비금융기업 2),,,13103852608999,M2 경제주체별 보유현황(평잔 원계열),181797.837,십억원
200401,13102852608ACC_ITEM.BBHAJ3,기타금융기관 3),,,13103852608999,M2 경제주체별 보유현황(평잔 원계열),106705.198,십억원
200402,13102852608ACC_ITEM.BBHAJ3,기타금융기관 3),,,13103852608999,M2 경제주체별 보유현황(평잔 원계열),113382.148,십억원
200403,13102852608ACC_ITEM.BBHAJ3,기타금융기관 3),,,13103852608999,M2 경제주체별 보유현황(평잔 원계열),117561.484,십억원
200404,13102852608ACC_ITEM.BBHAJ3,기타금융기관 3),,,13103852608999,M2 경제주체별 보유현황(평잔 원계열),111919.538,십억원
200405,13102852608ACC_ITEM.BBHAJ3,기타금융기관 3),,,13103852608999,M2 경제주체별 보유현황(평잔 원계열),114151.047,십억원
200406,13102852608ACC_ITEM.BBHAJ3,기타금융기관 3),,,13103852608999,M2 경제주체별 보유현황(평잔 원계열),116907.048,십억원
200407,13102852608ACC_ITEM.BBHAJ3,기타금융기관 3),,,13103852608999,M2 경제주체별 보유현황(평잔 원계열),113930.696,십억원
200408,13102852608ACC_ITEM.BBHAJ3,기타금융기관 3),,,13103852608999,M2 경제주체별 보유현황(평잔 원계열),113286.089,십억원
200409,13102852608ACC_ITEM.BBHAJ3,기타금융기관 3),,,13103852608999,M2 경제주체별 보유현황(평잔 원계열),112832.361,십억원
200410,13102852608ACC_ITEM.BBHAJ3,기타금융기관 3),,,13103852608999,M2 경제주체별 보유현황(평잔 원계열),113425.794,십억원
200411,13102852608ACC_ITEM.BBHAJ3,기타금융기관 3),,,13103852608999,M2 경제주체별 보유현황(평잔 원계열),116997.865,십억원
200412,13102852608ACC_ITEM.BBHAJ3,기타금융기관 3),,,13103852608999,M2 경제주체별 보유현황(평잔 원계열),121979.313,십억원
200501,13102852608ACC_ITEM.BBHA00,M2(평잔 원계열),,,13103852608999,M2 경제주체별 보유현황(평잔 원계열),899589.325,십억원
200502,13102852608ACC_ITEM.BBHA00,M2(평잔 원계열),,,13103852608999,M2 경제주체별 보유현황(평잔 원계열),910726.529,십억원
200503,13102852608ACC_ITEM.BBHA00,M2(평잔 원계열),,,13103852608999,M2 경제주체별 보유현황(평잔 원계열),926333.989,십억원
200504,13102852608ACC_ITEM.BBHA00,M2(평잔 원계열),,,13103852608999,M2 경제주체별 보유현황(평잔 원계열),932098.57,십억원
200505,13102852608ACC_ITEM.BBHA00,M2(평잔 원계열),,,13103852608999,M2 경제주체별 보유현황(평잔 원계열),934622.387,십억원
200506,13102852608ACC_ITEM.BBHA00,M2(평잔 원계열),,,13103852608999,M2 경제주체별 보유현황(평잔 원계열),943169.061,십억원
200507,13102852608ACC_ITEM.BBHA00,M2(평잔 원계열),,,13103852608999,M2 경제주체별 보유현황(평잔 원계열),953348.623,십억원
200508,13102852608ACC_ITEM.BBHA00,M2(평잔 원계열),,,13103852608999,M2 경제주체별 보유현황(평잔 원계열),959700.203,십억원
200509,13102852608ACC_ITEM.BBHA00,M2(평잔 원계열),,,13103852608999,M2 경제주체별 보유현황(평잔 원계열),953812.19,십억원
200510,13102852608ACC_ITEM.BBHA00,M2(평잔 원계열),,,13103852608999,M2 경제주체별 보유현황(평잔 원계열),955318.107,십억원
200511,13102852608ACC_ITEM.BBHA00,M2(평잔 원계열),,,13103852608999,M2 경제주체별 보유현황(평잔 원계열),953461.039,십억원
200512,13102852608ACC_ITEM.BBHA00,M2(평잔 원계열),,,13103852608999,M2 경제주체별 보유현황(평잔 원계열),957776.307,십억원
200501,13102852608ACC_ITEM.BBHAJ1,가계 및 비영리단체 1),,,13103852608999,M2 경제주체별 보유현황(평잔 원계열),542093.292,십억원
200502,13102852608ACC_ITEM.BBHAJ1,가계 및 비영리단체 1),,,13103852608999,M2 경제주체별 보유현황(평잔 원계열),544976.604,십억원
200503,13102852608ACC_ITEM.BBHAJ1,가계 및 비영리단체 1),,,13103852608999,M2 경제주체별 보유현황(평잔 원계열),545317.818,십억원
200504,13102852608ACC_ITEM.BBHAJ1,가계 및 비영리단체 1),,,13103852608999,M2 경제주체별 보유현황(평잔 원계열),547839.554,십억원
200505,13102852608ACC_ITEM.BBHAJ1,가계 및 비영리단체 1),,,13103852608999,M2 경제주체별 보유현황(평잔 원계열),550737.113,십억원
200506,13102852608ACC_ITEM.BBHAJ1,가계 및 비영리단체 1),,,13103852608999,M2 경제주체별 보유현황(평잔 원계열),555095.084,십억원
200507,13102852608ACC_ITEM.BBHAJ1,가계 및 비영리단체 1),,,13103852608999,M2 경제주체별 보유현황(평잔 원계열),557252.059,십억원
200508,13102852608ACC_ITEM.BBHAJ1,가계 및 비영리단체 1),,,13103852608999,M2 경제주체별 보유현황(평잔 원계열),562324.043,십억원
200509,13102852608ACC_ITEM.BBHAJ1,가계 및 비영리단체 1),,,13103852608999,M2 경제주체별 보유현황(평잔 원계열),565617.148,십억원
200510,13102852608ACC_ITEM.BBHAJ1,가계 및 비영리단체 1),,,13103852608999,M2 경제주체별 보유현황(평잔 원계열),563729.722,십억원
200511,13102852608ACC_ITEM.BBHAJ1,가계 및 비영리단체 1),,,13103852608999,M2 경제주체별 보유현황(평잔 원계열),566319.72,십억원
200512,13102852608ACC_ITEM.BBHAJ1,가계 및 비영리단체 1),,,13103852608999,M2 경제주체별 보유현황(평잔 원계열),570117.54,십억원
200501,13102852608ACC_ITEM.BBHAJ11,기타부문 4),,,13103852608999,M2 경제주체별 보유현황(평잔 원계열),51716.766,십억원
200502,13102852608ACC_ITEM.BBHAJ11,기타부문 4),,,13103852608999,M2 경제주체별 보유현황(평잔 원계열),52585.206,십억원
200503,13102852608ACC_ITEM.BBHAJ11,기타부문 4),,,13103852608999,M2 경제주체별 보유현황(평잔 원계열),55930.054,십억원
200504,13102852608ACC_ITEM.BBHAJ11,기타부문 4),,,13103852608999,M2 경제주체별 보유현황(평잔 원계열),58099.834,십억원
200505,13102852608ACC_ITEM.BBHAJ11,기타부문 4),,,13103852608999,M2 경제주체별 보유현황(평잔 원계열),60345.83,십억원
200506,13102852608ACC_ITEM.BBHAJ11,기타부문 4),,,13103852608999,M2 경제주체별 보유현황(평잔 원계열),58954.039,십억원
200507,13102852608ACC_ITEM.BBHAJ11,기타부문 4),,,13103852608999,M2 경제주체별 보유현황(평잔 원계열),58744.236,십억원
200508,13102852608ACC_ITEM.BBHAJ11,기타부문 4),,,13103852608999,M2 경제주체별 보유현황(평잔 원계열),58152.078,십억원
200509,13102852608ACC_ITEM.BBHAJ11,기타부문 4),,,13103852608999,M2 경제주체별 보유현황(평잔 원계열),56097.035,십억원
200510,13102852608ACC_ITEM.BBHAJ11,기타부문 4),,,13103852608999,M2 경제주체별 보유현황(평잔 원계열),56975.822,십억원
200511,13102852608ACC_ITEM.BBHAJ11,기타부문 4),,,13103852608999,M2 경제주체별 보유현황(평잔 원계열),55190.741,십억원
200512,13102852608ACC_ITEM.BBHAJ11,기타부문 4),,,13103852608999,M2 경제주체별 보유현황(평잔 원계열),51242.664,십억원
200501,13102852608ACC_ITEM.BBHAJ2,비금융기업 2),,,13103852608999,M2 경제주체별 보유현황(평잔 원계열),183411.321,십억원
200502,13102852608ACC_ITEM.BBHAJ2,비금융기업 2),,,13103852608999,M2 경제주체별 보유현황(평잔 원계열),187137.808,십억원
200503,13102852608ACC_ITEM.BBHAJ2,비금융기업 2),,,13103852608999,M2 경제주체별 보유현황(평잔 원계열),192293.648,십억원
200504,13102852608ACC_ITEM.BBHAJ2,비금융기업 2),,,13103852608999,M2 경제주체별 보유현황(평잔 원계열),195253.383,십억원
200505,13102852608ACC_ITEM.BBHAJ2,비금융기업 2),,,13103852608999,M2 경제주체별 보유현황(평잔 원계열),190860.184,십억원
200506,13102852608ACC_ITEM.BBHAJ2,비금융기업 2),,,13103852608999,M2 경제주체별 보유현황(평잔 원계열),196384.525,십억원
200507,13102852608ACC_ITEM.BBHAJ2,비금융기업 2),,,13103852608999,M2 경제주체별 보유현황(평잔 원계열),205845.494,십억원
200508,13102852608ACC_ITEM.BBHAJ2,비금융기업 2),,,13103852608999,M2 경제주체별 보유현황(평잔 원계열),208574.805,십억원
200509,13102852608ACC_ITEM.BBHAJ2,비금융기업 2),,,13103852608999,M2 경제주체별 보유현황(평잔 원계열),203248.632,십억원
200510,13102852608ACC_ITEM.BBHAJ2,비금융기업 2),,,13103852608999,M2 경제주체별 보유현황(평잔 원계열),203945.701,십억원
200511,13102852608ACC_ITEM.BBHAJ2,비금융기업 2),,,13103852608999,M2 경제주체별 보유현황(평잔 원계열),205772.487,십억원
200512,13102852608ACC_ITEM.BBHAJ2,비금융기업 2),,,13103852608999,M2 경제주체별 보유현황(평잔 원계열),203466.978,십억원
200501,13102852608ACC_ITEM.BBHAJ3,기타금융기관 3),,,13103852608999,M2 경제주체별 보유현황(평잔 원계열),122367.947,십억원
200502,13102852608ACC_ITEM.BBHAJ3,기타금융기관 3),,,13103852608999,M2 경제주체별 보유현황(평잔 원계열),126026.911,십억원
200503,13102852608ACC_ITEM.BBHAJ3,기타금융기관 3),,,13103852608999,M2 경제주체별 보유현황(평잔 원계열),132792.469,십억원
200504,13102852608ACC_ITEM.BBHAJ3,기타금융기관 3),,,13103852608999,M2 경제주체별 보유현황(평잔 원계열),130905.799,십억원
200505,13102852608ACC_ITEM.BBHAJ3,기타금융기관 3),,,13103852608999,M2 경제주체별 보유현황(평잔 원계열),132679.26,십억원
200506,13102852608ACC_ITEM.BBHAJ3,기타금융기관 3),,,13103852608999,M2 경제주체별 보유현황(평잔 원계열),132735.413,십억원
200507,13102852608ACC_ITEM.BBHAJ3,기타금융기관 3),,,13103852608999,M2 경제주체별 보유현황(평잔 원계열),131506.833,십억원
200508,13102852608ACC_ITEM.BBHAJ3,기타금융기관 3),,,13103852608999,M2 경제주체별 보유현황(평잔 원계열),130649.277,십억원
200509,13102852608ACC_ITEM.BBHAJ3,기타금융기관 3),,,13103852608999,M2 경제주체별 보유현황(평잔 원계열),128849.375,십억원
200510,13102852608ACC_ITEM.BBHAJ3,기타금융기관 3),,,13103852608999,M2 경제주체별 보유현황(평잔 원계열),130666.864,십억원
200511,13102852608ACC_ITEM.BBHAJ3,기타금융기관 3),,,13103852608999,M2 경제주체별 보유현황(평잔 원계열),126178.091,십억원
200512,13102852608ACC_ITEM.BBHAJ3,기타금융기관 3),,,13103852608999,M2 경제주체별 보유현황(평잔 원계열),132949.125,십억원
200601,13102852608ACC_ITEM.BBHA00,M2(평잔 원계열),,,13103852608999,M2 경제주체별 보유현황(평잔 원계열),954686.64,십억원
200602,13102852608ACC_ITEM.BBHA00,M2(평잔 원계열),,,13103852608999,M2 경제주체별 보유현황(평잔 원계열),961254.626,십억원
200603,13102852608ACC_ITEM.BBHA00,M2(평잔 원계열),,,13103852608999,M2 경제주체별 보유현황(평잔 원계열),968589.656,십억원
200604,13102852608ACC_ITEM.BBHA00,M2(평잔 원계열),,,13103852608999,M2 경제주체별 보유현황(평잔 원계열),971817.046,십억원
200605,13102852608ACC_ITEM.BBHA00,M2(평잔 원계열),,,13103852608999,M2 경제주체별 보유현황(평잔 원계열),978529.066,십억원
200606,13102852608ACC_ITEM.BBHA00,M2(평잔 원계열),,,13103852608999,M2 경제주체별 보유현황(평잔 원계열),991544.006,십억원
200607,13102852608ACC_ITEM.BBHA00,M2(평잔 원계열),,,13103852608999,M2 경제주체별 보유현황(평잔 원계열),995026.555,십억원
200608,13102852608ACC_ITEM.BBHA00,M2(평잔 원계열),,,13103852608999,M2 경제주체별 보유현황(평잔 원계열),996232.206,십억원
200609,13102852608ACC_ITEM.BBHA00,M2(평잔 원계열),,,13103852608999,M2 경제주체별 보유현황(평잔 원계열),1010145.183,십억원
200610,13102852608ACC_ITEM.BBHA00,M2(평잔 원계열),,,13103852608999,M2 경제주체별 보유현황(평잔 원계열),1020465.793,십억원
200611,13102852608ACC_ITEM.BBHA00,M2(평잔 원계열),,,13103852608999,M2 경제주체별 보유현황(평잔 원계열),1029237.387,십억원
200612,13102852608ACC_ITEM.BBHA00,M2(평잔 원계열),,,13103852608999,M2 경제주체별 보유현황(평잔 원계열),1039526.031,십억원
200601,13102852608ACC_ITEM.BBHAJ1,가계 및 비영리단체 1),,,13103852608999,M2 경제주체별 보유현황(평잔 원계열),578749.956,십억원
200602,13102852608ACC_ITEM.BBHAJ1,가계 및 비영리단체 1),,,13103852608999,M2 경제주체별 보유현황(평잔 원계열),582886.422,십억원
200603,13102852608ACC_ITEM.BBHAJ1,가계 및 비영리단체 1),,,13103852608999,M2 경제주체별 보유현황(평잔 원계열),584199.13,십억원
200604,13102852608ACC_ITEM.BBHAJ1,가계 및 비영리단체 1),,,13103852608999,M2 경제주체별 보유현황(평잔 원계열),591108.679,십억원
200605,13102852608ACC_ITEM.BBHAJ1,가계 및 비영리단체 1),,,13103852608999,M2 경제주체별 보유현황(평잔 원계열),593905.61,십억원
200606,13102852608ACC_ITEM.BBHAJ1,가계 및 비영리단체 1),,,13103852608999,M2 경제주체별 보유현황(평잔 원계열),610977.039,십억원
200607,13102852608ACC_ITEM.BBHAJ1,가계 및 비영리단체 1),,,13103852608999,M2 경제주체별 보유현황(평잔 원계열),610929.099,십억원
200608,13102852608ACC_ITEM.BBHAJ1,가계 및 비영리단체 1),,,13103852608999,M2 경제주체별 보유현황(평잔 원계열),609730.489,십억원
200609,13102852608ACC_ITEM.BBHAJ1,가계 및 비영리단체 1),,,13103852608999,M2 경제주체별 보유현황(평잔 원계열),606425.252,십억원
200610,13102852608ACC_ITEM.BBHAJ1,가계 및 비영리단체 1),,,13103852608999,M2 경제주체별 보유현황(평잔 원계열),613260.091,십억원
200611,13102852608ACC_ITEM.BBHAJ1,가계 및 비영리단체 1),,,13103852608999,M2 경제주체별 보유현황(평잔 원계열),617316.508,십억원
200612,13102852608ACC_ITEM.BBHAJ1,가계 및 비영리단체 1),,,13103852608999,M2 경제주체별 보유현황(평잔 원계열),629798.201,십억원
200601,13102852608ACC_ITEM.BBHAJ11,기타부문 4),,,13103852608999,M2 경제주체별 보유현황(평잔 원계열),47589.091,십억원
200602,13102852608ACC_ITEM.BBHAJ11,기타부문 4),,,13103852608999,M2 경제주체별 보유현황(평잔 원계열),47685.241,십억원
200603,13102852608ACC_ITEM.BBHAJ11,기타부문 4),,,13103852608999,M2 경제주체별 보유현황(평잔 원계열),48941.841,십억원
200604,13102852608ACC_ITEM.BBHAJ11,기타부문 4),,,13103852608999,M2 경제주체별 보유현황(평잔 원계열),50419.766,십억원
200605,13102852608ACC_ITEM.BBHAJ11,기타부문 4),,,13103852608999,M2 경제주체별 보유현황(평잔 원계열),52308.047,십억원
200606,13102852608ACC_ITEM.BBHAJ11,기타부문 4),,,13103852608999,M2 경제주체별 보유현황(평잔 원계열),53669.119,십억원
200607,13102852608ACC_ITEM.BBHAJ11,기타부문 4),,,13103852608999,M2 경제주체별 보유현황(평잔 원계열),54624.163,십억원
200608,13102852608ACC_ITEM.BBHAJ11,기타부문 4),,,13103852608999,M2 경제주체별 보유현황(평잔 원계열),57893.038,십억원
200609,13102852608ACC_ITEM.BBHAJ11,기타부문 4),,,13103852608999,M2 경제주체별 보유현황(평잔 원계열),59410.911,십억원
200610,13102852608ACC_ITEM.BBHAJ11,기타부문 4),,,13103852608999,M2 경제주체별 보유현황(평잔 원계열),59040.624,십억원
200611,13102852608ACC_ITEM.BBHAJ11,기타부문 4),,,13103852608999,M2 경제주체별 보유현황(평잔 원계열),58919.963,십억원
200612,13102852608ACC_ITEM.BBHAJ11,기타부문 4),,,13103852608999,M2 경제주체별 보유현황(평잔 원계열),55955.974,십억원
200601,13102852608ACC_ITEM.BBHAJ2,비금융기업 2),,,13103852608999,M2 경제주체별 보유현황(평잔 원계열),209543.524,십억원
200602,13102852608ACC_ITEM.BBHAJ2,비금융기업 2),,,13103852608999,M2 경제주체별 보유현황(평잔 원계열),210430.718,십억원
200603,13102852608ACC_ITEM.BBHAJ2,비금융기업 2),,,13103852608999,M2 경제주체별 보유현황(평잔 원계열),211094.013,십억원
200604,13102852608ACC_ITEM.BBHAJ2,비금융기업 2),,,13103852608999,M2 경제주체별 보유현황(평잔 원계열),211913.198,십억원
200605,13102852608ACC_ITEM.BBHAJ2,비금융기업 2),,,13103852608999,M2 경제주체별 보유현황(평잔 원계열),210624.13,십억원
200606,13102852608ACC_ITEM.BBHAJ2,비금융기업 2),,,13103852608999,M2 경제주체별 보유현황(평잔 원계열),206823.376,십억원
200607,13102852608ACC_ITEM.BBHAJ2,비금융기업 2),,,13103852608999,M2 경제주체별 보유현황(평잔 원계열),204325.813,십억원
200608,13102852608ACC_ITEM.BBHAJ2,비금융기업 2),,,13103852608999,M2 경제주체별 보유현황(평잔 원계열),204002.006,십억원
200609,13102852608ACC_ITEM.BBHAJ2,비금융기업 2),,,13103852608999,M2 경제주체별 보유현황(평잔 원계열),211999.206,십억원
200610,13102852608ACC_ITEM.BBHAJ2,비금융기업 2),,,13103852608999,M2 경제주체별 보유현황(평잔 원계열),210180.828,십억원
200611,13102852608ACC_ITEM.BBHAJ2,비금융기업 2),,,13103852608999,M2 경제주체별 보유현황(평잔 원계열),217623.137,십억원
200612,13102852608ACC_ITEM.BBHAJ2,비금융기업 2),,,13103852608999,M2 경제주체별 보유현황(평잔 원계열),215476.859,십억원
200601,13102852608ACC_ITEM.BBHAJ3,기타금융기관 3),,,13103852608999,M2 경제주체별 보유현황(평잔 원계열),118804.068,십억원
200602,13102852608ACC_ITEM.BBHAJ3,기타금융기관 3),,,13103852608999,M2 경제주체별 보유현황(평잔 원계열),120252.247,십억원
200603,13102852608ACC_ITEM.BBHAJ3,기타금융기관 3),,,13103852608999,M2 경제주체별 보유현황(평잔 원계열),124354.671,십억원
200604,13102852608ACC_ITEM.BBHAJ3,기타금융기관 3),,,13103852608999,M2 경제주체별 보유현황(평잔 원계열),118375.405,십억원
200605,13102852608ACC_ITEM.BBHAJ3,기타금융기관 3),,,13103852608999,M2 경제주체별 보유현황(평잔 원계열),121691.277,십억원
200606,13102852608ACC_ITEM.BBHAJ3,기타금융기관 3),,,13103852608999,M2 경제주체별 보유현황(평잔 원계열),120074.472,십억원
200607,13102852608ACC_ITEM.BBHAJ3,기타금융기관 3),,,13103852608999,M2 경제주체별 보유현황(평잔 원계열),125147.481,십억원
200608,13102852608ACC_ITEM.BBHAJ3,기타금융기관 3),,,13103852608999,M2 경제주체별 보유현황(평잔 원계열),124606.674,십억원
200609,13102852608ACC_ITEM.BBHAJ3,기타금융기관 3),,,13103852608999,M2 경제주체별 보유현황(평잔 원계열),132309.814,십억원
200610,13102852608ACC_ITEM.BBHAJ3,기타금융기관 3),,,13103852608999,M2 경제주체별 보유현황(평잔 원계열),137984.25,십억원
200611,13102852608ACC_ITEM.BBHAJ3,기타금융기관 3),,,13103852608999,M2 경제주체별 보유현황(평잔 원계열),135377.781,십억원
200612,13102852608ACC_ITEM.BBHAJ3,기타금융기관 3),,,13103852608999,M2 경제주체별 보유현황(평잔 원계열),138294.997,십억원
200701,13102852608ACC_ITEM.BBHA00,M2(평잔 원계열),,,13103852608999,M2 경제주체별 보유현황(평잔 원계열),1045854.306,십억원
200702,13102852608ACC_ITEM.BBHA00,M2(평잔 원계열),,,13103852608999,M2 경제주체별 보유현황(평잔 원계열),1057712.154,십억원
200703,13102852608ACC_ITEM.BBHA00,M2(평잔 원계열),,,13103852608999,M2 경제주체별 보유현황(평잔 원계열),1061228.718,십억원
200704,13102852608ACC_ITEM.BBHA00,M2(평잔 원계열),,,13103852608999,M2 경제주체별 보유현황(평잔 원계열),1062451.904,십억원
200705,13102852608ACC_ITEM.BBHA00,M2(평잔 원계열),,,13103852608999,M2 경제주체별 보유현황(평잔 원계열),1065927.165,십억원
200706,13102852608ACC_ITEM.BBHA00,M2(평잔 원계열),,,13103852608999,M2 경제주체별 보유현황(평잔 원계열),1078822.221,십억원
200707,13102852608ACC_ITEM.BBHA00,M2(평잔 원계열),,,13103852608999,M2 경제주체별 보유현황(평잔 원계열),1081550.974,십억원
200708,13102852608ACC_ITEM.BBHA00,M2(평잔 원계열),,,13103852608999,M2 경제주체별 보유현황(평잔 원계열),1081202.548,십억원
200709,13102852608ACC_ITEM.BBHA00,M2(평잔 원계열),,,13103852608999,M2 경제주체별 보유현황(평잔 원계열),1085025.002,십억원
200710,13102852608ACC_ITEM.BBHA00,M2(평잔 원계열),,,13103852608999,M2 경제주체별 보유현황(평잔 원계열),1087318.945,십억원
200711,13102852608ACC_ITEM.BBHA00,M2(평잔 원계열),,,13103852608999,M2 경제주체별 보유현황(평잔 원계열),1090258.405,십억원
200712,13102852608ACC_ITEM.BBHA00,M2(평잔 원계열),,,13103852608999,M2 경제주체별 보유현황(평잔 원계열),1096054.453,십억원
200701,13102852608ACC_ITEM.BBHAJ1,가계 및 비영리단체 1),,,13103852608999,M2 경제주체별 보유현황(평잔 원계열),639566.435,십억원
200702,13102852608ACC_ITEM.BBHAJ1,가계 및 비영리단체 1),,,13103852608999,M2 경제주체별 보유현황(평잔 원계열),646252.578,십억원
200703,13102852608ACC_ITEM.BBHAJ1,가계 및 비영리단체 1),,,13103852608999,M2 경제주체별 보유현황(평잔 원계열),639140.061,십억원
200704,13102852608ACC_ITEM.BBHAJ1,가계 및 비영리단체 1),,,13103852608999,M2 경제주체별 보유현황(평잔 원계열),641736.724,십억원
200705,13102852608ACC_ITEM.BBHAJ1,가계 및 비영리단체 1),,,13103852608999,M2 경제주체별 보유현황(평잔 원계열),638198.998,십억원
200706,13102852608ACC_ITEM.BBHAJ1,가계 및 비영리단체 1),,,13103852608999,M2 경제주체별 보유현황(평잔 원계열),630937.292,십억원
200707,13102852608ACC_ITEM.BBHAJ1,가계 및 비영리단체 1),,,13103852608999,M2 경제주체별 보유현황(평잔 원계열),630589.608,십억원
200708,13102852608ACC_ITEM.BBHAJ1,가계 및 비영리단체 1),,,13103852608999,M2 경제주체별 보유현황(평잔 원계열),630677.863,십억원
200709,13102852608ACC_ITEM.BBHAJ1,가계 및 비영리단체 1),,,13103852608999,M2 경제주체별 보유현황(평잔 원계열),635095.001,십억원
200710,13102852608ACC_ITEM.BBHAJ1,가계 및 비영리단체 1),,,13103852608999,M2 경제주체별 보유현황(평잔 원계열),631324.296,십억원
200711,13102852608ACC_ITEM.BBHAJ1,가계 및 비영리단체 1),,,13103852608999,M2 경제주체별 보유현황(평잔 원계열),629404.892,십억원
200712,13102852608ACC_ITEM.BBHAJ1,가계 및 비영리단체 1),,,13103852608999,M2 경제주체별 보유현황(평잔 원계열),634106.671,십억원
200701,13102852608ACC_ITEM.BBHAJ11,기타부문 4),,,13103852608999,M2 경제주체별 보유현황(평잔 원계열),52584.363,십억원
200702,13102852608ACC_ITEM.BBHAJ11,기타부문 4),,,13103852608999,M2 경제주체별 보유현황(평잔 원계열),52833.725,십억원
200703,13102852608ACC_ITEM.BBHAJ11,기타부문 4),,,13103852608999,M2 경제주체별 보유현황(평잔 원계열),54313.278,십억원
200704,13102852608ACC_ITEM.BBHAJ11,기타부문 4),,,13103852608999,M2 경제주체별 보유현황(평잔 원계열),55947.346,십억원
200705,13102852608ACC_ITEM.BBHAJ11,기타부문 4),,,13103852608999,M2 경제주체별 보유현황(평잔 원계열),62908.447,십억원
200706,13102852608ACC_ITEM.BBHAJ11,기타부문 4),,,13103852608999,M2 경제주체별 보유현황(평잔 원계열),64363.927,십억원
200707,13102852608ACC_ITEM.BBHAJ11,기타부문 4),,,13103852608999,M2 경제주체별 보유현황(평잔 원계열),63143.332,십억원
200708,13102852608ACC_ITEM.BBHAJ11,기타부문 4),,,13103852608999,M2 경제주체별 보유현황(평잔 원계열),65238.578,십억원
200709,13102852608ACC_ITEM.BBHAJ11,기타부문 4),,,13103852608999,M2 경제주체별 보유현황(평잔 원계열),65883.547,십억원
200710,13102852608ACC_ITEM.BBHAJ11,기타부문 4),,,13103852608999,M2 경제주체별 보유현황(평잔 원계열),68844.269,십억원
200711,13102852608ACC_ITEM.BBHAJ11,기타부문 4),,,13103852608999,M2 경제주체별 보유현황(평잔 원계열),68151.988,십억원
200712,13102852608ACC_ITEM.BBHAJ11,기타부문 4),,,13103852608999,M2 경제주체별 보유현황(평잔 원계열),62488.359,십억원
200701,13102852608ACC_ITEM.BBHAJ2,비금융기업 2),,,13103852608999,M2 경제주체별 보유현황(평잔 원계열),211881.919,십억원
200702,13102852608ACC_ITEM.BBHAJ2,비금융기업 2),,,13103852608999,M2 경제주체별 보유현황(평잔 원계열),214033.825,십억원
200703,13102852608ACC_ITEM.BBHAJ2,비금융기업 2),,,13103852608999,M2 경제주체별 보유현황(평잔 원계열),216815.859,십억원
200704,13102852608ACC_ITEM.BBHAJ2,비금융기업 2),,,13103852608999,M2 경제주체별 보유현황(평잔 원계열),213647.864,십억원
200705,13102852608ACC_ITEM.BBHAJ2,비금융기업 2),,,13103852608999,M2 경제주체별 보유현황(평잔 원계열),217088.758,십억원
200706,13102852608ACC_ITEM.BBHAJ2,비금융기업 2),,,13103852608999,M2 경제주체별 보유현황(평잔 원계열),225330.219,십억원
200707,13102852608ACC_ITEM.BBHAJ2,비금융기업 2),,,13103852608999,M2 경제주체별 보유현황(평잔 원계열),225400.532,십억원
200708,13102852608ACC_ITEM.BBHAJ2,비금융기업 2),,,13103852608999,M2 경제주체별 보유현황(평잔 원계열),227415.9,십억원
200709,13102852608ACC_ITEM.BBHAJ2,비금융기업 2),,,13103852608999,M2 경제주체별 보유현황(평잔 원계열),232662.973,십억원
200710,13102852608ACC_ITEM.BBHAJ2,비금융기업 2),,,13103852608999,M2 경제주체별 보유현황(평잔 원계열),230226.494,십억원
200711,13102852608ACC_ITEM.BBHAJ2,비금융기업 2),,,13103852608999,M2 경제주체별 보유현황(평잔 원계열),237086.784,십억원
200712,13102852608ACC_ITEM.BBHAJ2,비금융기업 2),,,13103852608999,M2 경제주체별 보유현황(평잔 원계열),243345.794,십억원
200701,13102852608ACC_ITEM.BBHAJ3,기타금융기관 3),,,13103852608999,M2 경제주체별 보유현황(평잔 원계열),141821.591,십억원
200702,13102852608ACC_ITEM.BBHAJ3,기타금융기관 3),,,13103852608999,M2 경제주체별 보유현황(평잔 원계열),144592.024,십억원
200703,13102852608ACC_ITEM.BBHAJ3,기타금융기관 3),,,13103852608999,M2 경제주체별 보유현황(평잔 원계열),150959.519,십억원
200704,13102852608ACC_ITEM.BBHAJ3,기타금융기관 3),,,13103852608999,M2 경제주체별 보유현황(평잔 원계열),151119.971,십억원
200705,13102852608ACC_ITEM.BBHAJ3,기타금융기관 3),,,13103852608999,M2 경제주체별 보유현황(평잔 원계열),147730.962,십억원
200706,13102852608ACC_ITEM.BBHAJ3,기타금융기관 3),,,13103852608999,M2 경제주체별 보유현황(평잔 원계열),158190.783,십억원
200707,13102852608ACC_ITEM.BBHAJ3,기타금융기관 3),,,13103852608999,M2 경제주체별 보유현황(평잔 원계열),162417.502,십억원
200708,13102852608ACC_ITEM.BBHAJ3,기타금융기관 3),,,13103852608999,M2 경제주체별 보유현황(평잔 원계열),157870.208,십억원
200709,13102852608ACC_ITEM.BBHAJ3,기타금융기관 3),,,13103852608999,M2 경제주체별 보유현황(평잔 원계열),151383.479,십억원
200710,13102852608ACC_ITEM.BBHAJ3,기타금융기관 3),,,13103852608999,M2 경제주체별 보유현황(평잔 원계열),156923.887,십억원
200711,13102852608ACC_ITEM.BBHAJ3,기타금융기관 3),,,13103852608999,M2 경제주체별 보유현황(평잔 원계열),155614.739,십억원
200712,13102852608ACC_ITEM.BBHAJ3,기타금융기관 3),,,13103852608999,M2 경제주체별 보유현황(평잔 원계열),156113.627,십억원
200801,13102852608ACC_ITEM.BBHA00,M2(평잔 원계열),,,13103852608999,M2 경제주체별 보유현황(평잔 원계열),1101904.348,십억원
200802,13102852608ACC_ITEM.BBHA00,M2(평잔 원계열),,,13103852608999,M2 경제주체별 보유현황(평잔 원계열),1117895.392,십억원
200803,13102852608ACC_ITEM.BBHA00,M2(평잔 원계열),,,13103852608999,M2 경제주체별 보유현황(평잔 원계열),1129845.391,십억원
200804,13102852608ACC_ITEM.BBHA00,M2(평잔 원계열),,,13103852608999,M2 경제주체별 보유현황(평잔 원계열),1143443.827,십억원
200805,13102852608ACC_ITEM.BBHA00,M2(평잔 원계열),,,13103852608999,M2 경제주체별 보유현황(평잔 원계열),1161716.165,십억원
200806,13102852608ACC_ITEM.BBHA00,M2(평잔 원계열),,,13103852608999,M2 경제주체별 보유현황(평잔 원계열),1179236.28,십억원
200807,13102852608ACC_ITEM.BBHA00,M2(평잔 원계열),,,13103852608999,M2 경제주체별 보유현황(평잔 원계열),1194790.175,십억원
200808,13102852608ACC_ITEM.BBHA00,M2(평잔 원계열),,,13103852608999,M2 경제주체별 보유현황(평잔 원계열),1196348.616,십억원
200809,13102852608ACC_ITEM.BBHA00,M2(평잔 원계열),,,13103852608999,M2 경제주체별 보유현황(평잔 원계열),1204878.186,십억원
200810,13102852608ACC_ITEM.BBHA00,M2(평잔 원계열),,,13103852608999,M2 경제주체별 보유현황(평잔 원계열),1236261.093,십억원
200811,13102852608ACC_ITEM.BBHA00,M2(평잔 원계열),,,13103852608999,M2 경제주체별 보유현황(평잔 원계열),1265992.056,십억원
200812,13102852608ACC_ITEM.BBHA00,M2(평잔 원계열),,,13103852608999,M2 경제주체별 보유현황(평잔 원계열),1283657.995,십억원
200801,13102852608ACC_ITEM.BBHAJ1,가계 및 비영리단체 1),,,13103852608999,M2 경제주체별 보유현황(평잔 원계열),636012.3,십억원
200802,13102852608ACC_ITEM.BBHAJ1,가계 및 비영리단체 1),,,13103852608999,M2 경제주체별 보유현황(평잔 원계열),642354.164,십억원
200803,13102852608ACC_ITEM.BBHAJ1,가계 및 비영리단체 1),,,13103852608999,M2 경제주체별 보유현황(평잔 원계열),650618.464,십억원
200804,13102852608ACC_ITEM.BBHAJ1,가계 및 비영리단체 1),,,13103852608999,M2 경제주체별 보유현황(평잔 원계열),650543.029,십억원
200805,13102852608ACC_ITEM.BBHAJ1,가계 및 비영리단체 1),,,13103852608999,M2 경제주체별 보유현황(평잔 원계열),656102.75,십억원
200806,13102852608ACC_ITEM.BBHAJ1,가계 및 비영리단체 1),,,13103852608999,M2 경제주체별 보유현황(평잔 원계열),657264.82,십억원
200807,13102852608ACC_ITEM.BBHAJ1,가계 및 비영리단체 1),,,13103852608999,M2 경제주체별 보유현황(평잔 원계열),658213.288,십억원
200808,13102852608ACC_ITEM.BBHAJ1,가계 및 비영리단체 1),,,13103852608999,M2 경제주체별 보유현황(평잔 원계열),659121.344,십억원
200809,13102852608ACC_ITEM.BBHAJ1,가계 및 비영리단체 1),,,13103852608999,M2 경제주체별 보유현황(평잔 원계열),677770.686,십억원
200810,13102852608ACC_ITEM.BBHAJ1,가계 및 비영리단체 1),,,13103852608999,M2 경제주체별 보유현황(평잔 원계열),685893.98,십억원
200811,13102852608ACC_ITEM.BBHAJ1,가계 및 비영리단체 1),,,13103852608999,M2 경제주체별 보유현황(평잔 원계열),694672.373,십억원
200812,13102852608ACC_ITEM.BBHAJ1,가계 및 비영리단체 1),,,13103852608999,M2 경제주체별 보유현황(평잔 원계열),710625.335,십억원
200801,13102852608ACC_ITEM.BBHAJ11,기타부문 4),,,13103852608999,M2 경제주체별 보유현황(평잔 원계열),61192.948,십억원
200802,13102852608ACC_ITEM.BBHAJ11,기타부문 4),,,13103852608999,M2 경제주체별 보유현황(평잔 원계열),62973.251,십억원
200803,13102852608ACC_ITEM.BBHAJ11,기타부문 4),,,13103852608999,M2 경제주체별 보유현황(평잔 원계열),64571.923,십억원
200804,13102852608ACC_ITEM.BBHAJ11,기타부문 4),,,13103852608999,M2 경제주체별 보유현황(평잔 원계열),68983.317,십억원
200805,13102852608ACC_ITEM.BBHAJ11,기타부문 4),,,13103852608999,M2 경제주체별 보유현황(평잔 원계열),71710.939,십억원
200806,13102852608ACC_ITEM.BBHAJ11,기타부문 4),,,13103852608999,M2 경제주체별 보유현황(평잔 원계열),70379.495,십억원
200807,13102852608ACC_ITEM.BBHAJ11,기타부문 4),,,13103852608999,M2 경제주체별 보유현황(평잔 원계열),70834.905,십억원
200808,13102852608ACC_ITEM.BBHAJ11,기타부문 4),,,13103852608999,M2 경제주체별 보유현황(평잔 원계열),73141.503,십억원
200809,13102852608ACC_ITEM.BBHAJ11,기타부문 4),,,13103852608999,M2 경제주체별 보유현황(평잔 원계열),73627.67,십억원
200810,13102852608ACC_ITEM.BBHAJ11,기타부문 4),,,13103852608999,M2 경제주체별 보유현황(평잔 원계열),75163.396,십억원
200811,13102852608ACC_ITEM.BBHAJ11,기타부문 4),,,13103852608999,M2 경제주체별 보유현황(평잔 원계열),74550.777,십억원
200812,13102852608ACC_ITEM.BBHAJ11,기타부문 4),,,13103852608999,M2 경제주체별 보유현황(평잔 원계열),67701.316,십억원
200801,13102852608ACC_ITEM.BBHAJ2,비금융기업 2),,,13103852608999,M2 경제주체별 보유현황(평잔 원계열),243796.183,십억원
200802,13102852608ACC_ITEM.BBHAJ2,비금융기업 2),,,13103852608999,M2 경제주체별 보유현황(평잔 원계열),249850.36,십억원
200803,13102852608ACC_ITEM.BBHAJ2,비금융기업 2),,,13103852608999,M2 경제주체별 보유현황(평잔 원계열),254093.987,십억원
200804,13102852608ACC_ITEM.BBHAJ2,비금융기업 2),,,13103852608999,M2 경제주체별 보유현황(평잔 원계열),253654.964,십억원
200805,13102852608ACC_ITEM.BBHAJ2,비금융기업 2),,,13103852608999,M2 경제주체별 보유현황(평잔 원계열),255598.608,십억원
200806,13102852608ACC_ITEM.BBHAJ2,비금융기업 2),,,13103852608999,M2 경제주체별 보유현황(평잔 원계열),263317.098,십억원
200807,13102852608ACC_ITEM.BBHAJ2,비금융기업 2),,,13103852608999,M2 경제주체별 보유현황(평잔 원계열),268477.67,십억원
200808,13102852608ACC_ITEM.BBHAJ2,비금융기업 2),,,13103852608999,M2 경제주체별 보유현황(평잔 원계열),271026.655,십억원
200809,13102852608ACC_ITEM.BBHAJ2,비금융기업 2),,,13103852608999,M2 경제주체별 보유현황(평잔 원계열),272585.671,십억원
200810,13102852608ACC_ITEM.BBHAJ2,비금융기업 2),,,13103852608999,M2 경제주체별 보유현황(평잔 원계열),285395.392,십억원
200811,13102852608ACC_ITEM.BBHAJ2,비금융기업 2),,,13103852608999,M2 경제주체별 보유현황(평잔 원계열),294105.988,십억원
200812,13102852608ACC_ITEM.BBHAJ2,비금융기업 2),,,13103852608999,M2 경제주체별 보유현황(평잔 원계열),294357.028,십억원
200801,13102852608ACC_ITEM.BBHAJ3,기타금융기관 3),,,13103852608999,M2 경제주체별 보유현황(평잔 원계열),160902.917,십억원
200802,13102852608ACC_ITEM.BBHAJ3,기타금융기관 3),,,13103852608999,M2 경제주체별 보유현황(평잔 원계열),162717.615,십억원
200803,13102852608ACC_ITEM.BBHAJ3,기타금융기관 3),,,13103852608999,M2 경제주체별 보유현황(평잔 원계열),160561.018,십억원
200804,13102852608ACC_ITEM.BBHAJ3,기타금융기관 3),,,13103852608999,M2 경제주체별 보유현황(평잔 원계열),170262.517,십억원
200805,13102852608ACC_ITEM.BBHAJ3,기타금융기관 3),,,13103852608999,M2 경제주체별 보유현황(평잔 원계열),178303.866,십억원
200806,13102852608ACC_ITEM.BBHAJ3,기타금융기관 3),,,13103852608999,M2 경제주체별 보유현황(평잔 원계열),188274.867,십억원
200807,13102852608ACC_ITEM.BBHAJ3,기타금융기관 3),,,13103852608999,M2 경제주체별 보유현황(평잔 원계열),197264.314,십억원
200808,13102852608ACC_ITEM.BBHAJ3,기타금융기관 3),,,13103852608999,M2 경제주체별 보유현황(평잔 원계열),193059.114,십억원
200809,13102852608ACC_ITEM.BBHAJ3,기타금융기관 3),,,13103852608999,M2 경제주체별 보유현황(평잔 원계열),180894.159,십억원
200810,13102852608ACC_ITEM.BBHAJ3,기타금융기관 3),,,13103852608999,M2 경제주체별 보유현황(평잔 원계열),189808.324,십억원
200811,13102852608ACC_ITEM.BBHAJ3,기타금융기관 3),,,13103852608999,M2 경제주체별 보유현황(평잔 원계열),202662.918,십억원
200812,13102852608ACC_ITEM.BBHAJ3,기타금융기관 3),,,13103852608999,M2 경제주체별 보유현황(평잔 원계열),210974.315,십억원
200901,13102852608ACC_ITEM.BBHA00,M2(평잔 원계열),,,13103852608999,M2 경제주체별 보유현황(평잔 원계열),1288178.794,십억원
200902,13102852608ACC_ITEM.BBHA00,M2(평잔 원계열),,,13103852608999,M2 경제주체별 보유현황(평잔 원계열),1304510.203,십억원
200903,13102852608ACC_ITEM.BBHA00,M2(평잔 원계열),,,13103852608999,M2 경제주체별 보유현황(평잔 원계열),1316686.742,십억원
200904,13102852608ACC_ITEM.BBHA00,M2(평잔 원계열),,,13103852608999,M2 경제주체별 보유현황(평잔 원계열),1330069.665,십억원
200905,13102852608ACC_ITEM.BBHA00,M2(평잔 원계열),,,13103852608999,M2 경제주체별 보유현황(평잔 원계열),1340341.082,십억원
200906,13102852608ACC_ITEM.BBHA00,M2(평잔 원계열),,,13103852608999,M2 경제주체별 보유현황(평잔 원계열),1341285.403,십억원
200907,13102852608ACC_ITEM.BBHA00,M2(평잔 원계열),,,13103852608999,M2 경제주체별 보유현황(평잔 원계열),1353392.003,십억원
200908,13102852608ACC_ITEM.BBHA00,M2(평잔 원계열),,,13103852608999,M2 경제주체별 보유현황(평잔 원계열),1377552.283,십억원
200909,13102852608ACC_ITEM.BBHA00,M2(평잔 원계열),,,13103852608999,M2 경제주체별 보유현황(평잔 원계열),1380854.027,십억원
200910,13102852608ACC_ITEM.BBHA00,M2(평잔 원계열),,,13103852608999,M2 경제주체별 보유현황(평잔 원계열),1391513.115,십억원
200911,13102852608ACC_ITEM.BBHA00,M2(평잔 원계열),,,13103852608999,M2 경제주체별 보유현황(평잔 원계열),1403686.524,십억원
200912,13102852608ACC_ITEM.BBHA00,M2(평잔 원계열),,,13103852608999,M2 경제주체별 보유현황(평잔 원계열),1398449.082,십억원
200901,13102852608ACC_ITEM.BBHAJ1,가계 및 비영리단체 1),,,13103852608999,M2 경제주체별 보유현황(평잔 원계열),727130.598,십억원
200902,13102852608ACC_ITEM.BBHAJ1,가계 및 비영리단체 1),,,13103852608999,M2 경제주체별 보유현황(평잔 원계열),728541.099,십억원
200903,13102852608ACC_ITEM.BBHAJ1,가계 및 비영리단체 1),,,13103852608999,M2 경제주체별 보유현황(평잔 원계열),728592.34,십억원
200904,13102852608ACC_ITEM.BBHAJ1,가계 및 비영리단체 1),,,13103852608999,M2 경제주체별 보유현황(평잔 원계열),729667.99,십억원
200905,13102852608ACC_ITEM.BBHAJ1,가계 및 비영리단체 1),,,13103852608999,M2 경제주체별 보유현황(평잔 원계열),731756.044,십억원
200906,13102852608ACC_ITEM.BBHAJ1,가계 및 비영리단체 1),,,13103852608999,M2 경제주체별 보유현황(평잔 원계열),737982.501,십억원
200907,13102852608ACC_ITEM.BBHAJ1,가계 및 비영리단체 1),,,13103852608999,M2 경제주체별 보유현황(평잔 원계열),751353.129,십억원
200908,13102852608ACC_ITEM.BBHAJ1,가계 및 비영리단체 1),,,13103852608999,M2 경제주체별 보유현황(평잔 원계열),776124.842,십억원
200909,13102852608ACC_ITEM.BBHAJ1,가계 및 비영리단체 1),,,13103852608999,M2 경제주체별 보유현황(평잔 원계열),784091.165,십억원
200910,13102852608ACC_ITEM.BBHAJ1,가계 및 비영리단체 1),,,13103852608999,M2 경제주체별 보유현황(평잔 원계열),795606.303,십억원
200911,13102852608ACC_ITEM.BBHAJ1,가계 및 비영리단체 1),,,13103852608999,M2 경제주체별 보유현황(평잔 원계열),799604.284,십억원
200912,13102852608ACC_ITEM.BBHAJ1,가계 및 비영리단체 1),,,13103852608999,M2 경제주체별 보유현황(평잔 원계열),810555.048,십억원
200901,13102852608ACC_ITEM.BBHAJ11,기타부문 4),,,13103852608999,M2 경제주체별 보유현황(평잔 원계열),59313.723,십억원
200902,13102852608ACC_ITEM.BBHAJ11,기타부문 4),,,13103852608999,M2 경제주체별 보유현황(평잔 원계열),62771.714,십억원
200903,13102852608ACC_ITEM.BBHAJ11,기타부문 4),,,13103852608999,M2 경제주체별 보유현황(평잔 원계열),60823.823,십억원
200904,13102852608ACC_ITEM.BBHAJ11,기타부문 4),,,13103852608999,M2 경제주체별 보유현황(평잔 원계열),58715.541,십억원
200905,13102852608ACC_ITEM.BBHAJ11,기타부문 4),,,13103852608999,M2 경제주체별 보유현황(평잔 원계열),60003.576,십억원
200906,13102852608ACC_ITEM.BBHAJ11,기타부문 4),,,13103852608999,M2 경제주체별 보유현황(평잔 원계열),59827.301,십억원
200907,13102852608ACC_ITEM.BBHAJ11,기타부문 4),,,13103852608999,M2 경제주체별 보유현황(평잔 원계열),53199.202,십억원
200908,13102852608ACC_ITEM.BBHAJ11,기타부문 4),,,13103852608999,M2 경제주체별 보유현황(평잔 원계열),55707.893,십억원
200909,13102852608ACC_ITEM.BBHAJ11,기타부문 4),,,13103852608999,M2 경제주체별 보유현황(평잔 원계열),57463.566,십억원
200910,13102852608ACC_ITEM.BBHAJ11,기타부문 4),,,13103852608999,M2 경제주체별 보유현황(평잔 원계열),59616.974,십억원
200911,13102852608ACC_ITEM.BBHAJ11,기타부문 4),,,13103852608999,M2 경제주체별 보유현황(평잔 원계열),56793.347,십억원
200912,13102852608ACC_ITEM.BBHAJ11,기타부문 4),,,13103852608999,M2 경제주체별 보유현황(평잔 원계열),54842.306,십억원
200901,13102852608ACC_ITEM.BBHAJ2,비금융기업 2),,,13103852608999,M2 경제주체별 보유현황(평잔 원계열),286706.751,십억원
200902,13102852608ACC_ITEM.BBHAJ2,비금융기업 2),,,13103852608999,M2 경제주체별 보유현황(평잔 원계열),293891.396,십억원
200903,13102852608ACC_ITEM.BBHAJ2,비금융기업 2),,,13103852608999,M2 경제주체별 보유현황(평잔 원계열),309024.474,십억원
200904,13102852608ACC_ITEM.BBHAJ2,비금융기업 2),,,13103852608999,M2 경제주체별 보유현황(평잔 원계열),309634.676,십억원
200905,13102852608ACC_ITEM.BBHAJ2,비금융기업 2),,,13103852608999,M2 경제주체별 보유현황(평잔 원계열),316895.794,십억원
200906,13102852608ACC_ITEM.BBHAJ2,비금융기업 2),,,13103852608999,M2 경제주체별 보유현황(평잔 원계열),319849.227,십억원
200907,13102852608ACC_ITEM.BBHAJ2,비금융기업 2),,,13103852608999,M2 경제주체별 보유현황(평잔 원계열),328027.677,십억원
200908,13102852608ACC_ITEM.BBHAJ2,비금융기업 2),,,13103852608999,M2 경제주체별 보유현황(평잔 원계열),328014.36,십억원
200909,13102852608ACC_ITEM.BBHAJ2,비금융기업 2),,,13103852608999,M2 경제주체별 보유현황(평잔 원계열),324165.604,십억원
200910,13102852608ACC_ITEM.BBHAJ2,비금융기업 2),,,13103852608999,M2 경제주체별 보유현황(평잔 원계열),331542.347,십억원
200911,13102852608ACC_ITEM.BBHAJ2,비금융기업 2),,,13103852608999,M2 경제주체별 보유현황(평잔 원계열),335406.31,십억원
200912,13102852608ACC_ITEM.BBHAJ2,비금융기업 2),,,13103852608999,M2 경제주체별 보유현황(평잔 원계열),332795.263,십억원
200901,13102852608ACC_ITEM.BBHAJ3,기타금융기관 3),,,13103852608999,M2 경제주체별 보유현황(평잔 원계열),215027.722,십억원
200902,13102852608ACC_ITEM.BBHAJ3,기타금융기관 3),,,13103852608999,M2 경제주체별 보유현황(평잔 원계열),219305.995,십억원
200903,13102852608ACC_ITEM.BBHAJ3,기타금융기관 3),,,13103852608999,M2 경제주체별 보유현황(평잔 원계열),218246.105,십억원
200904,13102852608ACC_ITEM.BBHAJ3,기타금융기관 3),,,13103852608999,M2 경제주체별 보유현황(평잔 원계열),232051.459,십억원
200905,13102852608ACC_ITEM.BBHAJ3,기타금융기관 3),,,13103852608999,M2 경제주체별 보유현황(평잔 원계열),231685.667,십억원
200906,13102852608ACC_ITEM.BBHAJ3,기타금융기관 3),,,13103852608999,M2 경제주체별 보유현황(평잔 원계열),223626.374,십억원
200907,13102852608ACC_ITEM.BBHAJ3,기타금융기관 3),,,13103852608999,M2 경제주체별 보유현황(평잔 원계열),220811.995,십억원
200908,13102852608ACC_ITEM.BBHAJ3,기타금융기관 3),,,13103852608999,M2 경제주체별 보유현황(평잔 원계열),217705.187,십억원
200909,13102852608ACC_ITEM.BBHAJ3,기타금융기관 3),,,13103852608999,M2 경제주체별 보유현황(평잔 원계열),215133.691,십억원
200910,13102852608ACC_ITEM.BBHAJ3,기타금융기관 3),,,13103852608999,M2 경제주체별 보유현황(평잔 원계열),204747.492,십억원
200911,13102852608ACC_ITEM.BBHAJ3,기타금융기관 3),,,13103852608999,M2 경제주체별 보유현황(평잔 원계열),211882.583,십억원
200912,13102852608ACC_ITEM.BBHAJ3,기타금융기관 3),,,13103852608999,M2 경제주체별 보유현황(평잔 원계열),200256.464,십억원
201001,13102852608ACC_ITEM.BBHA00,M2(평잔 원계열),,,13103852608999,M2 경제주체별 보유현황(평잔 원계열),1402555.486,십억원
201002,13102852608ACC_ITEM.BBHA00,M2(평잔 원계열),,,13103852608999,M2 경제주체별 보유현황(평잔 원계열),1426953.035,십억원
201003,13102852608ACC_ITEM.BBHA00,M2(평잔 원계열),,,13103852608999,M2 경제주체별 보유현황(평잔 원계열),1435041.862,십억원
201004,13102852608ACC_ITEM.BBHA00,M2(평잔 원계열),,,13103852608999,M2 경제주체별 보유현황(평잔 원계열),1449250.662,십억원
201005,13102852608ACC_ITEM.BBHA00,M2(평잔 원계열),,,13103852608999,M2 경제주체별 보유현황(평잔 원계열),1459344.505,십억원
201006,13102852608ACC_ITEM.BBHA00,M2(평잔 원계열),,,13103852608999,M2 경제주체별 보유현황(평잔 원계열),1468650.577,십억원
201007,13102852608ACC_ITEM.BBHA00,M2(평잔 원계열),,,13103852608999,M2 경제주체별 보유현황(평잔 원계열),1484229.864,십억원
201008,13102852608ACC_ITEM.BBHA00,M2(평잔 원계열),,,13103852608999,M2 경제주체별 보유현황(평잔 원계열),1485791.729,십억원
201009,13102852608ACC_ITEM.BBHA00,M2(평잔 원계열),,,13103852608999,M2 경제주체별 보유현황(평잔 원계열),1491062.699,십억원
201010,13102852608ACC_ITEM.BBHA00,M2(평잔 원계열),,,13103852608999,M2 경제주체별 보유현황(평잔 원계열),1496933.933,십억원
201011,13102852608ACC_ITEM.BBHA00,M2(평잔 원계열),,,13103852608999,M2 경제주체별 보유현황(평잔 원계열),1510264.647,십억원
201012,13102852608ACC_ITEM.BBHA00,M2(평잔 원계열),,,13103852608999,M2 경제주체별 보유현황(평잔 원계열),1516163.629,십억원
201001,13102852608ACC_ITEM.BBHAJ1,가계 및 비영리단체 1),,,13103852608999,M2 경제주체별 보유현황(평잔 원계열),821534.162,십억원
201002,13102852608ACC_ITEM.BBHAJ1,가계 및 비영리단체 1),,,13103852608999,M2 경제주체별 보유현황(평잔 원계열),833199.392,십억원
201003,13102852608ACC_ITEM.BBHAJ1,가계 및 비영리단체 1),,,13103852608999,M2 경제주체별 보유현황(평잔 원계열),837432.857,십억원
201004,13102852608ACC_ITEM.BBHAJ1,가계 및 비영리단체 1),,,13103852608999,M2 경제주체별 보유현황(평잔 원계열),848383.738,십억원
201005,13102852608ACC_ITEM.BBHAJ1,가계 및 비영리단체 1),,,13103852608999,M2 경제주체별 보유현황(평잔 원계열),844920.604,십억원
201006,13102852608ACC_ITEM.BBHAJ1,가계 및 비영리단체 1),,,13103852608999,M2 경제주체별 보유현황(평잔 원계열),851439.899,십억원
201007,13102852608ACC_ITEM.BBHAJ1,가계 및 비영리단체 1),,,13103852608999,M2 경제주체별 보유현황(평잔 원계열),861634.19,십억원
201008,13102852608ACC_ITEM.BBHAJ1,가계 및 비영리단체 1),,,13103852608999,M2 경제주체별 보유현황(평잔 원계열),868290.139,십억원
201009,13102852608ACC_ITEM.BBHAJ1,가계 및 비영리단체 1),,,13103852608999,M2 경제주체별 보유현황(평잔 원계열),879145.484,십억원
201010,13102852608ACC_ITEM.BBHAJ1,가계 및 비영리단체 1),,,13103852608999,M2 경제주체별 보유현황(평잔 원계열),879958.734,십억원
201011,13102852608ACC_ITEM.BBHAJ1,가계 및 비영리단체 1),,,13103852608999,M2 경제주체별 보유현황(평잔 원계열),884102.189,십억원
201012,13102852608ACC_ITEM.BBHAJ1,가계 및 비영리단체 1),,,13103852608999,M2 경제주체별 보유현황(평잔 원계열),902036.365,십억원
201001,13102852608ACC_ITEM.BBHAJ11,기타부문 4),,,13103852608999,M2 경제주체별 보유현황(평잔 원계열),57522.716,십억원
201002,13102852608ACC_ITEM.BBHAJ11,기타부문 4),,,13103852608999,M2 경제주체별 보유현황(평잔 원계열),58808.848,십억원
201003,13102852608ACC_ITEM.BBHAJ11,기타부문 4),,,13103852608999,M2 경제주체별 보유현황(평잔 원계열),58808.052,십억원
201004,13102852608ACC_ITEM.BBHAJ11,기타부문 4),,,13103852608999,M2 경제주체별 보유현황(평잔 원계열),58733.926,십억원
201005,13102852608ACC_ITEM.BBHAJ11,기타부문 4),,,13103852608999,M2 경제주체별 보유현황(평잔 원계열),58280.548,십억원
201006,13102852608ACC_ITEM.BBHAJ11,기타부문 4),,,13103852608999,M2 경제주체별 보유현황(평잔 원계열),57981.796,십억원
201007,13102852608ACC_ITEM.BBHAJ11,기타부문 4),,,13103852608999,M2 경제주체별 보유현황(평잔 원계열),53658.235,십억원
201008,13102852608ACC_ITEM.BBHAJ11,기타부문 4),,,13103852608999,M2 경제주체별 보유현황(평잔 원계열),55224.141,십억원
201009,13102852608ACC_ITEM.BBHAJ11,기타부문 4),,,13103852608999,M2 경제주체별 보유현황(평잔 원계열),55752.504,십억원
201010,13102852608ACC_ITEM.BBHAJ11,기타부문 4),,,13103852608999,M2 경제주체별 보유현황(평잔 원계열),58712.536,십억원
201011,13102852608ACC_ITEM.BBHAJ11,기타부문 4),,,13103852608999,M2 경제주체별 보유현황(평잔 원계열),59314.911,십억원
201012,13102852608ACC_ITEM.BBHAJ11,기타부문 4),,,13103852608999,M2 경제주체별 보유현황(평잔 원계열),56235.047,십억원
201001,13102852608ACC_ITEM.BBHAJ2,비금융기업 2),,,13103852608999,M2 경제주체별 보유현황(평잔 원계열),323560.013,십억원
201002,13102852608ACC_ITEM.BBHAJ2,비금융기업 2),,,13103852608999,M2 경제주체별 보유현황(평잔 원계열),329514.228,십억원
201003,13102852608ACC_ITEM.BBHAJ2,비금융기업 2),,,13103852608999,M2 경제주체별 보유현황(평잔 원계열),329936.221,십억원
201004,13102852608ACC_ITEM.BBHAJ2,비금융기업 2),,,13103852608999,M2 경제주체별 보유현황(평잔 원계열),323293.099,십억원
201005,13102852608ACC_ITEM.BBHAJ2,비금융기업 2),,,13103852608999,M2 경제주체별 보유현황(평잔 원계열),323497.435,십억원
201006,13102852608ACC_ITEM.BBHAJ2,비금융기업 2),,,13103852608999,M2 경제주체별 보유현황(평잔 원계열),334830.094,십억원
201007,13102852608ACC_ITEM.BBHAJ2,비금융기업 2),,,13103852608999,M2 경제주체별 보유현황(평잔 원계열),341313.408,십억원
201008,13102852608ACC_ITEM.BBHAJ2,비금융기업 2),,,13103852608999,M2 경제주체별 보유현황(평잔 원계열),337077.084,십억원
201009,13102852608ACC_ITEM.BBHAJ2,비금융기업 2),,,13103852608999,M2 경제주체별 보유현황(평잔 원계열),335532.663,십억원
201010,13102852608ACC_ITEM.BBHAJ2,비금융기업 2),,,13103852608999,M2 경제주체별 보유현황(평잔 원계열),336846.22,십억원
201011,13102852608ACC_ITEM.BBHAJ2,비금융기업 2),,,13103852608999,M2 경제주체별 보유현황(평잔 원계열),338899.527,십억원
201012,13102852608ACC_ITEM.BBHAJ2,비금융기업 2),,,13103852608999,M2 경제주체별 보유현황(평잔 원계열),332839.432,십억원
201001,13102852608ACC_ITEM.BBHAJ3,기타금융기관 3),,,13103852608999,M2 경제주체별 보유현황(평잔 원계열),199938.596,십억원
201002,13102852608ACC_ITEM.BBHAJ3,기타금융기관 3),,,13103852608999,M2 경제주체별 보유현황(평잔 원계열),205430.569,십억원
201003,13102852608ACC_ITEM.BBHAJ3,기타금융기관 3),,,13103852608999,M2 경제주체별 보유현황(평잔 원계열),208864.733,십억원
201004,13102852608ACC_ITEM.BBHAJ3,기타금융기관 3),,,13103852608999,M2 경제주체별 보유현황(평잔 원계열),218839.898,십억원
201005,13102852608ACC_ITEM.BBHAJ3,기타금융기관 3),,,13103852608999,M2 경제주체별 보유현황(평잔 원계열),232645.916,십억원
201006,13102852608ACC_ITEM.BBHAJ3,기타금융기관 3),,,13103852608999,M2 경제주체별 보유현황(평잔 원계열),224398.788,십억원
201007,13102852608ACC_ITEM.BBHAJ3,기타금융기관 3),,,13103852608999,M2 경제주체별 보유현황(평잔 원계열),227624.03,십억원
201008,13102852608ACC_ITEM.BBHAJ3,기타금융기관 3),,,13103852608999,M2 경제주체별 보유현황(평잔 원계열),225200.364,십억원
201009,13102852608ACC_ITEM.BBHAJ3,기타금융기관 3),,,13103852608999,M2 경제주체별 보유현황(평잔 원계열),220632.048,십억원
201010,13102852608ACC_ITEM.BBHAJ3,기타금융기관 3),,,13103852608999,M2 경제주체별 보유현황(평잔 원계열),221416.443,십억원
201011,13102852608ACC_ITEM.BBHAJ3,기타금융기관 3),,,13103852608999,M2 경제주체별 보유현황(평잔 원계열),227948.019,십억원
201012,13102852608ACC_ITEM.BBHAJ3,기타금융기관 3),,,13103852608999,M2 경제주체별 보유현황(평잔 원계열),225052.786,십억원
201101,13102852608ACC_ITEM.BBHA00,M2(평잔 원계열),,,13103852608999,M2 경제주체별 보유현황(평잔 원계열),1519652.122,십억원
201102,13102852608ACC_ITEM.BBHA00,M2(평잔 원계열),,,13103852608999,M2 경제주체별 보유현황(평잔 원계열),1525201.466,십억원
201103,13102852608ACC_ITEM.BBHA00,M2(평잔 원계열),,,13103852608999,M2 경제주체별 보유현황(평잔 원계열),1530185.09,십억원
201104,13102852608ACC_ITEM.BBHA00,M2(평잔 원계열),,,13103852608999,M2 경제주체별 보유현황(평잔 원계열),1538282.319,십억원
201105,13102852608ACC_ITEM.BBHA00,M2(평잔 원계열),,,13103852608999,M2 경제주체별 보유현황(평잔 원계열),1547875.964,십억원
201106,13102852608ACC_ITEM.BBHA00,M2(평잔 원계열),,,13103852608999,M2 경제주체별 보유현황(평잔 원계열),1550782.339,십억원
201107,13102852608ACC_ITEM.BBHA00,M2(평잔 원계열),,,13103852608999,M2 경제주체별 보유현황(평잔 원계열),1556276.873,십억원
201108,13102852608ACC_ITEM.BBHA00,M2(평잔 원계열),,,13103852608999,M2 경제주체별 보유현황(평잔 원계열),1569287.164,십억원
201109,13102852608ACC_ITEM.BBHA00,M2(평잔 원계열),,,13103852608999,M2 경제주체별 보유현황(평잔 원계열),1576181.666,십억원
201110,13102852608ACC_ITEM.BBHA00,M2(평잔 원계열),,,13103852608999,M2 경제주체별 보유현황(평잔 원계열),1596934.738,십억원
201111,13102852608ACC_ITEM.BBHA00,M2(평잔 원계열),,,13103852608999,M2 경제주체별 보유현황(평잔 원계열),1606158.994,십억원
201112,13102852608ACC_ITEM.BBHA00,M2(평잔 원계열),,,13103852608999,M2 경제주체별 보유현황(평잔 원계열),1599191.968,십억원
201101,13102852608ACC_ITEM.BBHAJ1,가계 및 비영리단체 1),,,13103852608999,M2 경제주체별 보유현황(평잔 원계열),901676.89,십억원
201102,13102852608ACC_ITEM.BBHAJ1,가계 및 비영리단체 1),,,13103852608999,M2 경제주체별 보유현황(평잔 원계열),900500.591,십억원
201103,13102852608ACC_ITEM.BBHAJ1,가계 및 비영리단체 1),,,13103852608999,M2 경제주체별 보유현황(평잔 원계열),906023.648,십억원
201104,13102852608ACC_ITEM.BBHAJ1,가계 및 비영리단체 1),,,13103852608999,M2 경제주체별 보유현황(평잔 원계열),909739.961,십억원
201105,13102852608ACC_ITEM.BBHAJ1,가계 및 비영리단체 1),,,13103852608999,M2 경제주체별 보유현황(평잔 원계열),910580.211,십억원
201106,13102852608ACC_ITEM.BBHAJ1,가계 및 비영리단체 1),,,13103852608999,M2 경제주체별 보유현황(평잔 원계열),912939.361,십억원
201107,13102852608ACC_ITEM.BBHAJ1,가계 및 비영리단체 1),,,13103852608999,M2 경제주체별 보유현황(평잔 원계열),917531.077,십억원
201108,13102852608ACC_ITEM.BBHAJ1,가계 및 비영리단체 1),,,13103852608999,M2 경제주체별 보유현황(평잔 원계열),915267.819,십억원
201109,13102852608ACC_ITEM.BBHAJ1,가계 및 비영리단체 1),,,13103852608999,M2 경제주체별 보유현황(평잔 원계열),921297.949,십억원
201110,13102852608ACC_ITEM.BBHAJ1,가계 및 비영리단체 1),,,13103852608999,M2 경제주체별 보유현황(평잔 원계열),922765.716,십억원
201111,13102852608ACC_ITEM.BBHAJ1,가계 및 비영리단체 1),,,13103852608999,M2 경제주체별 보유현황(평잔 원계열),924142.363,십억원
201112,13102852608ACC_ITEM.BBHAJ1,가계 및 비영리단체 1),,,13103852608999,M2 경제주체별 보유현황(평잔 원계열),929991.026,십억원
201101,13102852608ACC_ITEM.BBHAJ11,기타부문 4),,,13103852608999,M2 경제주체별 보유현황(평잔 원계열),54356.575,십억원
201102,13102852608ACC_ITEM.BBHAJ11,기타부문 4),,,13103852608999,M2 경제주체별 보유현황(평잔 원계열),57493.514,십억원
201103,13102852608ACC_ITEM.BBHAJ11,기타부문 4),,,13103852608999,M2 경제주체별 보유현황(평잔 원계열),58522.729,십억원
201104,13102852608ACC_ITEM.BBHAJ11,기타부문 4),,,13103852608999,M2 경제주체별 보유현황(평잔 원계열),58448.961,십억원
201105,13102852608ACC_ITEM.BBHAJ11,기타부문 4),,,13103852608999,M2 경제주체별 보유현황(평잔 원계열),60466.141,십억원
201106,13102852608ACC_ITEM.BBHAJ11,기타부문 4),,,13103852608999,M2 경제주체별 보유현황(평잔 원계열),60647.321,십억원
201107,13102852608ACC_ITEM.BBHAJ11,기타부문 4),,,13103852608999,M2 경제주체별 보유현황(평잔 원계열),57440.372,십억원
201108,13102852608ACC_ITEM.BBHAJ11,기타부문 4),,,13103852608999,M2 경제주체별 보유현황(평잔 원계열),61436.598,십억원
201109,13102852608ACC_ITEM.BBHAJ11,기타부문 4),,,13103852608999,M2 경제주체별 보유현황(평잔 원계열),62853.73,십억원
201110,13102852608ACC_ITEM.BBHAJ11,기타부문 4),,,13103852608999,M2 경제주체별 보유현황(평잔 원계열),66021.024,십억원
201111,13102852608ACC_ITEM.BBHAJ11,기타부문 4),,,13103852608999,M2 경제주체별 보유현황(평잔 원계열),67210.122,십억원
201112,13102852608ACC_ITEM.BBHAJ11,기타부문 4),,,13103852608999,M2 경제주체별 보유현황(평잔 원계열),63446.338,십억원
201101,13102852608ACC_ITEM.BBHAJ2,비금융기업 2),,,13103852608999,M2 경제주체별 보유현황(평잔 원계열),334653.722,십억원
201102,13102852608ACC_ITEM.BBHAJ2,비금융기업 2),,,13103852608999,M2 경제주체별 보유현황(평잔 원계열),340458.731,십억원
201103,13102852608ACC_ITEM.BBHAJ2,비금융기업 2),,,13103852608999,M2 경제주체별 보유현황(평잔 원계열),346880.513,십억원
201104,13102852608ACC_ITEM.BBHAJ2,비금융기업 2),,,13103852608999,M2 경제주체별 보유현황(평잔 원계열),347166.478,십억원
201105,13102852608ACC_ITEM.BBHAJ2,비금융기업 2),,,13103852608999,M2 경제주체별 보유현황(평잔 원계열),345978.426,십억원
201106,13102852608ACC_ITEM.BBHAJ2,비금융기업 2),,,13103852608999,M2 경제주체별 보유현황(평잔 원계열),350423.935,십억원
201107,13102852608ACC_ITEM.BBHAJ2,비금융기업 2),,,13103852608999,M2 경제주체별 보유현황(평잔 원계열),351035.068,십억원
201108,13102852608ACC_ITEM.BBHAJ2,비금융기업 2),,,13103852608999,M2 경제주체별 보유현황(평잔 원계열),352492.977,십억원
201109,13102852608ACC_ITEM.BBHAJ2,비금융기업 2),,,13103852608999,M2 경제주체별 보유현황(평잔 원계열),353514.399,십억원
201110,13102852608ACC_ITEM.BBHAJ2,비금융기업 2),,,13103852608999,M2 경제주체별 보유현황(평잔 원계열),357793.771,십억원
201111,13102852608ACC_ITEM.BBHAJ2,비금융기업 2),,,13103852608999,M2 경제주체별 보유현황(평잔 원계열),363083.063,십억원
201112,13102852608ACC_ITEM.BBHAJ2,비금융기업 2),,,13103852608999,M2 경제주체별 보유현황(평잔 원계열),369606.27,십억원
201101,13102852608ACC_ITEM.BBHAJ3,기타금융기관 3),,,13103852608999,M2 경제주체별 보유현황(평잔 원계열),228964.935,십억원
201102,13102852608ACC_ITEM.BBHAJ3,기타금융기관 3),,,13103852608999,M2 경제주체별 보유현황(평잔 원계열),226748.63,십억원
201103,13102852608ACC_ITEM.BBHAJ3,기타금융기관 3),,,13103852608999,M2 경제주체별 보유현황(평잔 원계열),218758.2,십억원
201104,13102852608ACC_ITEM.BBHAJ3,기타금융기관 3),,,13103852608999,M2 경제주체별 보유현황(평잔 원계열),222926.919,십억원
201105,13102852608ACC_ITEM.BBHAJ3,기타금융기관 3),,,13103852608999,M2 경제주체별 보유현황(평잔 원계열),230851.186,십억원
201106,13102852608ACC_ITEM.BBHAJ3,기타금융기관 3),,,13103852608999,M2 경제주체별 보유현황(평잔 원계열),226771.723,십억원
201107,13102852608ACC_ITEM.BBHAJ3,기타금융기관 3),,,13103852608999,M2 경제주체별 보유현황(평잔 원계열),230270.358,십억원
201108,13102852608ACC_ITEM.BBHAJ3,기타금융기관 3),,,13103852608999,M2 경제주체별 보유현황(평잔 원계열),240089.77,십억원
201109,13102852608ACC_ITEM.BBHAJ3,기타금융기관 3),,,13103852608999,M2 경제주체별 보유현황(평잔 원계열),238515.587,십억원
201110,13102852608ACC_ITEM.BBHAJ3,기타금융기관 3),,,13103852608999,M2 경제주체별 보유현황(평잔 원계열),250354.228,십억원
201111,13102852608ACC_ITEM.BBHAJ3,기타금융기관 3),,,13103852608999,M2 경제주체별 보유현황(평잔 원계열),251723.447,십억원
201112,13102852608ACC_ITEM.BBHAJ3,기타금융기관 3),,,13103852608999,M2 경제주체별 보유현황(평잔 원계열),236148.335,십억원
201201,13102852608ACC_ITEM.BBHA00,M2(평잔 원계열),,,13103852608999,M2 경제주체별 보유현황(평잔 원계열),1604021.047,십억원
201202,13102852608ACC_ITEM.BBHA00,M2(평잔 원계열),,,13103852608999,M2 경제주체별 보유현황(평잔 원계열),1614107.348,십억원
201203,13102852608ACC_ITEM.BBHA00,M2(평잔 원계열),,,13103852608999,M2 경제주체별 보유현황(평잔 원계열),1617218.259,십억원
201204,13102852608ACC_ITEM.BBHA00,M2(평잔 원계열),,,13103852608999,M2 경제주체별 보유현황(평잔 원계열),1627924.398,십억원
201205,13102852608ACC_ITEM.BBHA00,M2(평잔 원계열),,,13103852608999,M2 경제주체별 보유현황(평잔 원계열),1632740.235,십억원
201206,13102852608ACC_ITEM.BBHA00,M2(평잔 원계열),,,13103852608999,M2 경제주체별 보유현황(평잔 원계열),1647680.89,십억원
201207,13102852608ACC_ITEM.BBHA00,M2(평잔 원계열),,,13103852608999,M2 경제주체별 보유현황(평잔 원계열),1655335.601,십억원
201208,13102852608ACC_ITEM.BBHA00,M2(평잔 원계열),,,13103852608999,M2 경제주체별 보유현황(평잔 원계열),1664812.28,십억원
201209,13102852608ACC_ITEM.BBHA00,M2(평잔 원계열),,,13103852608999,M2 경제주체별 보유현황(평잔 원계열),1665438.589,십억원
201210,13102852608ACC_ITEM.BBHA00,M2(평잔 원계열),,,13103852608999,M2 경제주체별 보유현황(평잔 원계열),1674508.215,십억원
201211,13102852608ACC_ITEM.BBHA00,M2(평잔 원계열),,,13103852608999,M2 경제주체별 보유현황(평잔 원계열),1679360.02,십억원
201212,13102852608ACC_ITEM.BBHA00,M2(평잔 원계열),,,13103852608999,M2 경제주체별 보유현황(평잔 원계열),1686205.245,십억원
201201,13102852608ACC_ITEM.BBHAJ1,가계 및 비영리단체 1),,,13103852608999,M2 경제주체별 보유현황(평잔 원계열),937846.804,십억원
201202,13102852608ACC_ITEM.BBHAJ1,가계 및 비영리단체 1),,,13103852608999,M2 경제주체별 보유현황(평잔 원계열),942263.71,십억원
201203,13102852608ACC_ITEM.BBHAJ1,가계 및 비영리단체 1),,,13103852608999,M2 경제주체별 보유현황(평잔 원계열),947484.301,십억원
201204,13102852608ACC_ITEM.BBHAJ1,가계 및 비영리단체 1),,,13103852608999,M2 경제주체별 보유현황(평잔 원계열),951529.848,십억원
201205,13102852608ACC_ITEM.BBHAJ1,가계 및 비영리단체 1),,,13103852608999,M2 경제주체별 보유현황(평잔 원계열),955045.954,십억원
201206,13102852608ACC_ITEM.BBHAJ1,가계 및 비영리단체 1),,,13103852608999,M2 경제주체별 보유현황(평잔 원계열),956578.686,십억원
201207,13102852608ACC_ITEM.BBHAJ1,가계 및 비영리단체 1),,,13103852608999,M2 경제주체별 보유현황(평잔 원계열),962795.474,십억원
201208,13102852608ACC_ITEM.BBHAJ1,가계 및 비영리단체 1),,,13103852608999,M2 경제주체별 보유현황(평잔 원계열),965898.73,십억원
201209,13102852608ACC_ITEM.BBHAJ1,가계 및 비영리단체 1),,,13103852608999,M2 경제주체별 보유현황(평잔 원계열),969464.432,십억원
201210,13102852608ACC_ITEM.BBHAJ1,가계 및 비영리단체 1),,,13103852608999,M2 경제주체별 보유현황(평잔 원계열),974446.126,십억원
201211,13102852608ACC_ITEM.BBHAJ1,가계 및 비영리단체 1),,,13103852608999,M2 경제주체별 보유현황(평잔 원계열),974318.486,십억원
201212,13102852608ACC_ITEM.BBHAJ1,가계 및 비영리단체 1),,,13103852608999,M2 경제주체별 보유현황(평잔 원계열),977155.09,십억원
201201,13102852608ACC_ITEM.BBHAJ11,기타부문 4),,,13103852608999,M2 경제주체별 보유현황(평잔 원계열),60650.747,십억원
201202,13102852608ACC_ITEM.BBHAJ11,기타부문 4),,,13103852608999,M2 경제주체별 보유현황(평잔 원계열),64759.98,십억원
201203,13102852608ACC_ITEM.BBHAJ11,기타부문 4),,,13103852608999,M2 경제주체별 보유현황(평잔 원계열),67722.425,십억원
201204,13102852608ACC_ITEM.BBHAJ11,기타부문 4),,,13103852608999,M2 경제주체별 보유현황(평잔 원계열),66230.763,십억원
201205,13102852608ACC_ITEM.BBHAJ11,기타부문 4),,,13103852608999,M2 경제주체별 보유현황(평잔 원계열),66485.822,십억원
201206,13102852608ACC_ITEM.BBHAJ11,기타부문 4),,,13103852608999,M2 경제주체별 보유현황(평잔 원계열),70159.192,십억원
201207,13102852608ACC_ITEM.BBHAJ11,기타부문 4),,,13103852608999,M2 경제주체별 보유현황(평잔 원계열),67046.255,십억원
201208,13102852608ACC_ITEM.BBHAJ11,기타부문 4),,,13103852608999,M2 경제주체별 보유현황(평잔 원계열),69651.443,십억원
201209,13102852608ACC_ITEM.BBHAJ11,기타부문 4),,,13103852608999,M2 경제주체별 보유현황(평잔 원계열),71387.237,십억원
201210,13102852608ACC_ITEM.BBHAJ11,기타부문 4),,,13103852608999,M2 경제주체별 보유현황(평잔 원계열),70605.484,십억원
201211,13102852608ACC_ITEM.BBHAJ11,기타부문 4),,,13103852608999,M2 경제주체별 보유현황(평잔 원계열),70404.785,십억원
201212,13102852608ACC_ITEM.BBHAJ11,기타부문 4),,,13103852608999,M2 경제주체별 보유현황(평잔 원계열),67266.331,십억원
201201,13102852608ACC_ITEM.BBHAJ2,비금융기업 2),,,13103852608999,M2 경제주체별 보유현황(평잔 원계열),368127.982,십억원
201202,13102852608ACC_ITEM.BBHAJ2,비금융기업 2),,,13103852608999,M2 경제주체별 보유현황(평잔 원계열),370575.272,십억원
201203,13102852608ACC_ITEM.BBHAJ2,비금융기업 2),,,13103852608999,M2 경제주체별 보유현황(평잔 원계열),368258.559,십억원
201204,13102852608ACC_ITEM.BBHAJ2,비금융기업 2),,,13103852608999,M2 경제주체별 보유현황(평잔 원계열),374792,십억원
201205,13102852608ACC_ITEM.BBHAJ2,비금융기업 2),,,13103852608999,M2 경제주체별 보유현황(평잔 원계열),371409.032,십억원
201206,13102852608ACC_ITEM.BBHAJ2,비금융기업 2),,,13103852608999,M2 경제주체별 보유현황(평잔 원계열),382099.049,십억원
201207,13102852608ACC_ITEM.BBHAJ2,비금융기업 2),,,13103852608999,M2 경제주체별 보유현황(평잔 원계열),386230.721,십억원
201208,13102852608ACC_ITEM.BBHAJ2,비금융기업 2),,,13103852608999,M2 경제주체별 보유현황(평잔 원계열),385073.363,십억원
201209,13102852608ACC_ITEM.BBHAJ2,비금융기업 2),,,13103852608999,M2 경제주체별 보유현황(평잔 원계열),386561.073,십억원
201210,13102852608ACC_ITEM.BBHAJ2,비금융기업 2),,,13103852608999,M2 경제주체별 보유현황(평잔 원계열),385955.049,십억원
201211,13102852608ACC_ITEM.BBHAJ2,비금융기업 2),,,13103852608999,M2 경제주체별 보유현황(평잔 원계열),386999.659,십억원
201212,13102852608ACC_ITEM.BBHAJ2,비금융기업 2),,,13103852608999,M2 경제주체별 보유현황(평잔 원계열),396359.165,십억원
201201,13102852608ACC_ITEM.BBHAJ3,기타금융기관 3),,,13103852608999,M2 경제주체별 보유현황(평잔 원계열),237395.513,십억원
201202,13102852608ACC_ITEM.BBHAJ3,기타금융기관 3),,,13103852608999,M2 경제주체별 보유현황(평잔 원계열),236508.385,십억원
201203,13102852608ACC_ITEM.BBHAJ3,기타금융기관 3),,,13103852608999,M2 경제주체별 보유현황(평잔 원계열),233752.975,십억원
201204,13102852608ACC_ITEM.BBHAJ3,기타금융기관 3),,,13103852608999,M2 경제주체별 보유현황(평잔 원계열),235371.785,십억원
201205,13102852608ACC_ITEM.BBHAJ3,기타금융기관 3),,,13103852608999,M2 경제주체별 보유현황(평잔 원계열),239799.428,십억원
201206,13102852608ACC_ITEM.BBHAJ3,기타금융기관 3),,,13103852608999,M2 경제주체별 보유현황(평잔 원계열),238843.963,십억원
201207,13102852608ACC_ITEM.BBHAJ3,기타금융기관 3),,,13103852608999,M2 경제주체별 보유현황(평잔 원계열),239263.151,십억원
201208,13102852608ACC_ITEM.BBHAJ3,기타금융기관 3),,,13103852608999,M2 경제주체별 보유현황(평잔 원계열),244188.745,십억원
201209,13102852608ACC_ITEM.BBHAJ3,기타금융기관 3),,,13103852608999,M2 경제주체별 보유현황(평잔 원계열),238025.846,십억원
201210,13102852608ACC_ITEM.BBHAJ3,기타금융기관 3),,,13103852608999,M2 경제주체별 보유현황(평잔 원계열),243501.556,십억원
201211,13102852608ACC_ITEM.BBHAJ3,기타금융기관 3),,,13103852608999,M2 경제주체별 보유현황(평잔 원계열),247637.09,십억원
201212,13102852608ACC_ITEM.BBHAJ3,기타금융기관 3),,,13103852608999,M2 경제주체별 보유현황(평잔 원계열),245424.658,십억원
201301,13102852608ACC_ITEM.BBHA00,M2(평잔 원계열),,,13103852608999,M2 경제주체별 보유현황(평잔 원계열),1697512.993,십억원
201302,13102852608ACC_ITEM.BBHA00,M2(평잔 원계열),,,13103852608999,M2 경제주체별 보유현황(평잔 원계열),1715144.659,십억원
201303,13102852608ACC_ITEM.BBHA00,M2(평잔 원계열),,,13103852608999,M2 경제주체별 보유현황(평잔 원계열),1716563.444,십억원
201304,13102852608ACC_ITEM.BBHA00,M2(평잔 원계열),,,13103852608999,M2 경제주체별 보유현황(평잔 원계열),1715120.895,십억원
201305,13102852608ACC_ITEM.BBHA00,M2(평잔 원계열),,,13103852608999,M2 경제주체별 보유현황(평잔 원계열),1721704.874,십억원
201306,13102852608ACC_ITEM.BBHA00,M2(평잔 원계열),,,13103852608999,M2 경제주체별 보유현황(평잔 원계열),1734971.461,십억원
201307,13102852608ACC_ITEM.BBHA00,M2(평잔 원계열),,,13103852608999,M2 경제주체별 보유현황(평잔 원계열),1733257.017,십억원
201308,13102852608ACC_ITEM.BBHA00,M2(평잔 원계열),,,13103852608999,M2 경제주체별 보유현황(평잔 원계열),1740581.132,십억원
201309,13102852608ACC_ITEM.BBHA00,M2(평잔 원계열),,,13103852608999,M2 경제주체별 보유현황(평잔 원계열),1760373.245,십억원
201310,13102852608ACC_ITEM.BBHA00,M2(평잔 원계열),,,13103852608999,M2 경제주체별 보유현황(평잔 원계열),1767029.841,십억원
201311,13102852608ACC_ITEM.BBHA00,M2(평잔 원계열),,,13103852608999,M2 경제주체별 보유현황(평잔 원계열),1785757.842,십억원
201312,13102852608ACC_ITEM.BBHA00,M2(평잔 원계열),,,13103852608999,M2 경제주체별 보유현황(평잔 원계열),1795723.78,십억원
201301,13102852608ACC_ITEM.BBHAJ1,가계 및 비영리단체 1),,,13103852608999,M2 경제주체별 보유현황(평잔 원계열),983458.779,십억원
201302,13102852608ACC_ITEM.BBHAJ1,가계 및 비영리단체 1),,,13103852608999,M2 경제주체별 보유현황(평잔 원계열),988097.967,십억원
201303,13102852608ACC_ITEM.BBHAJ1,가계 및 비영리단체 1),,,13103852608999,M2 경제주체별 보유현황(평잔 원계열),991437.541,십억원
201304,13102852608ACC_ITEM.BBHAJ1,가계 및 비영리단체 1),,,13103852608999,M2 경제주체별 보유현황(평잔 원계열),993738.659,십억원
201305,13102852608ACC_ITEM.BBHAJ1,가계 및 비영리단체 1),,,13103852608999,M2 경제주체별 보유현황(평잔 원계열),992761.825,십억원
201306,13102852608ACC_ITEM.BBHAJ1,가계 및 비영리단체 1),,,13103852608999,M2 경제주체별 보유현황(평잔 원계열),991136.271,십억원
201307,13102852608ACC_ITEM.BBHAJ1,가계 및 비영리단체 1),,,13103852608999,M2 경제주체별 보유현황(평잔 원계열),992643.3,십억원
201308,13102852608ACC_ITEM.BBHAJ1,가계 및 비영리단체 1),,,13103852608999,M2 경제주체별 보유현황(평잔 원계열),994950.476,십억원
201309,13102852608ACC_ITEM.BBHAJ1,가계 및 비영리단체 1),,,13103852608999,M2 경제주체별 보유현황(평잔 원계열),1008209.589,십억원
201310,13102852608ACC_ITEM.BBHAJ1,가계 및 비영리단체 1),,,13103852608999,M2 경제주체별 보유현황(평잔 원계열),1016189.439,십억원
201311,13102852608ACC_ITEM.BBHAJ1,가계 및 비영리단체 1),,,13103852608999,M2 경제주체별 보유현황(평잔 원계열),1023498.032,십억원
201312,13102852608ACC_ITEM.BBHAJ1,가계 및 비영리단체 1),,,13103852608999,M2 경제주체별 보유현황(평잔 원계열),1028766.694,십억원
201301,13102852608ACC_ITEM.BBHAJ11,기타부문 4),,,13103852608999,M2 경제주체별 보유현황(평잔 원계열),65319.38,십억원
201302,13102852608ACC_ITEM.BBHAJ11,기타부문 4),,,13103852608999,M2 경제주체별 보유현황(평잔 원계열),69827.392,십억원
201303,13102852608ACC_ITEM.BBHAJ11,기타부문 4),,,13103852608999,M2 경제주체별 보유현황(평잔 원계열),70863.191,십억원
201304,13102852608ACC_ITEM.BBHAJ11,기타부문 4),,,13103852608999,M2 경제주체별 보유현황(평잔 원계열),74182.508,십억원
201305,13102852608ACC_ITEM.BBHAJ11,기타부문 4),,,13103852608999,M2 경제주체별 보유현황(평잔 원계열),78548.101,십억원
201306,13102852608ACC_ITEM.BBHAJ11,기타부문 4),,,13103852608999,M2 경제주체별 보유현황(평잔 원계열),80990.083,십억원
201307,13102852608ACC_ITEM.BBHAJ11,기타부문 4),,,13103852608999,M2 경제주체별 보유현황(평잔 원계열),78387.74,십억원
201308,13102852608ACC_ITEM.BBHAJ11,기타부문 4),,,13103852608999,M2 경제주체별 보유현황(평잔 원계열),77386.388,십억원
201309,13102852608ACC_ITEM.BBHAJ11,기타부문 4),,,13103852608999,M2 경제주체별 보유현황(평잔 원계열),76023.14,십억원
201310,13102852608ACC_ITEM.BBHAJ11,기타부문 4),,,13103852608999,M2 경제주체별 보유현황(평잔 원계열),73394.719,십억원
201311,13102852608ACC_ITEM.BBHAJ11,기타부문 4),,,13103852608999,M2 경제주체별 보유현황(평잔 원계열),69812.078,십억원
201312,13102852608ACC_ITEM.BBHAJ11,기타부문 4),,,13103852608999,M2 경제주체별 보유현황(평잔 원계열),67021.542,십억원
201301,13102852608ACC_ITEM.BBHAJ2,비금융기업 2),,,13103852608999,M2 경제주체별 보유현황(평잔 원계열),396565.537,십억원
201302,13102852608ACC_ITEM.BBHAJ2,비금융기업 2),,,13103852608999,M2 경제주체별 보유현황(평잔 원계열),395325.285,십억원
201303,13102852608ACC_ITEM.BBHAJ2,비금융기업 2),,,13103852608999,M2 경제주체별 보유현황(평잔 원계열),398102.958,십억원
201304,13102852608ACC_ITEM.BBHAJ2,비금융기업 2),,,13103852608999,M2 경제주체별 보유현황(평잔 원계열),397729.963,십억원
201305,13102852608ACC_ITEM.BBHAJ2,비금융기업 2),,,13103852608999,M2 경제주체별 보유현황(평잔 원계열),393949.031,십억원
201306,13102852608ACC_ITEM.BBHAJ2,비금융기업 2),,,13103852608999,M2 경제주체별 보유현황(평잔 원계열),406945.775,십억원
201307,13102852608ACC_ITEM.BBHAJ2,비금융기업 2),,,13103852608999,M2 경제주체별 보유현황(평잔 원계열),412723.548,십억원
201308,13102852608ACC_ITEM.BBHAJ2,비금융기업 2),,,13103852608999,M2 경제주체별 보유현황(평잔 원계열),413973.062,십억원
201309,13102852608ACC_ITEM.BBHAJ2,비금융기업 2),,,13103852608999,M2 경제주체별 보유현황(평잔 원계열),413525.858,십억원
201310,13102852608ACC_ITEM.BBHAJ2,비금융기업 2),,,13103852608999,M2 경제주체별 보유현황(평잔 원계열),417767.378,십억원
201311,13102852608ACC_ITEM.BBHAJ2,비금융기업 2),,,13103852608999,M2 경제주체별 보유현황(평잔 원계열),426984.181,십억원
201312,13102852608ACC_ITEM.BBHAJ2,비금융기업 2),,,13103852608999,M2 경제주체별 보유현황(평잔 원계열),433216.366,십억원
201301,13102852608ACC_ITEM.BBHAJ3,기타금융기관 3),,,13103852608999,M2 경제주체별 보유현황(평잔 원계열),252169.298,십억원
201302,13102852608ACC_ITEM.BBHAJ3,기타금융기관 3),,,13103852608999,M2 경제주체별 보유현황(평잔 원계열),261894.015,십억원
201303,13102852608ACC_ITEM.BBHAJ3,기타금융기관 3),,,13103852608999,M2 경제주체별 보유현황(평잔 원계열),256159.754,십억원
201304,13102852608ACC_ITEM.BBHAJ3,기타금융기관 3),,,13103852608999,M2 경제주체별 보유현황(평잔 원계열),249469.765,십억원
201305,13102852608ACC_ITEM.BBHAJ3,기타금융기관 3),,,13103852608999,M2 경제주체별 보유현황(평잔 원계열),256445.916,십억원
201306,13102852608ACC_ITEM.BBHAJ3,기타금융기관 3),,,13103852608999,M2 경제주체별 보유현황(평잔 원계열),255899.333,십억원
201307,13102852608ACC_ITEM.BBHAJ3,기타금융기관 3),,,13103852608999,M2 경제주체별 보유현황(평잔 원계열),249502.429,십억원
201308,13102852608ACC_ITEM.BBHAJ3,기타금융기관 3),,,13103852608999,M2 경제주체별 보유현황(평잔 원계열),254271.206,십억원
201309,13102852608ACC_ITEM.BBHAJ3,기타금융기관 3),,,13103852608999,M2 경제주체별 보유현황(평잔 원계열),262614.659,십억원
201310,13102852608ACC_ITEM.BBHAJ3,기타금융기관 3),,,13103852608999,M2 경제주체별 보유현황(평잔 원계열),259678.304,십억원
201311,13102852608ACC_ITEM.BBHAJ3,기타금융기관 3),,,13103852608999,M2 경제주체별 보유현황(평잔 원계열),265463.55,십억원
201312,13102852608ACC_ITEM.BBHAJ3,기타금융기관 3),,,13103852608999,M2 경제주체별 보유현황(평잔 원계열),266719.179,십억원
201401,13102852608ACC_ITEM.BBHA00,M2(평잔 원계열),,,13103852608999,M2 경제주체별 보유현황(평잔 원계열),1801014.752,십억원
201402,13102852608ACC_ITEM.BBHA00,M2(평잔 원계열),,,13103852608999,M2 경제주체별 보유현황(평잔 원계열),1817451.337,십억원
201403,13102852608ACC_ITEM.BBHA00,M2(평잔 원계열),,,13103852608999,M2 경제주체별 보유현황(평잔 원계열),1823642.491,십억원
201404,13102852608ACC_ITEM.BBHA00,M2(평잔 원계열),,,13103852608999,M2 경제주체별 보유현황(평잔 원계열),1828499.783,십억원
201405,13102852608ACC_ITEM.BBHA00,M2(평잔 원계열),,,13103852608999,M2 경제주체별 보유현황(평잔 원계열),1844740.216,십억원
201406,13102852608ACC_ITEM.BBHA00,M2(평잔 원계열),,,13103852608999,M2 경제주체별 보유현황(평잔 원계열),1857971.948,십억원
201407,13102852608ACC_ITEM.BBHA00,M2(평잔 원계열),,,13103852608999,M2 경제주체별 보유현황(평잔 원계열),1870462.539,십억원
201408,13102852608ACC_ITEM.BBHA00,M2(평잔 원계열),,,13103852608999,M2 경제주체별 보유현황(평잔 원계열),1893510.382,십억원
201409,13102852608ACC_ITEM.BBHA00,M2(평잔 원계열),,,13103852608999,M2 경제주체별 보유현황(평잔 원계열),1901684.433,십억원
201410,13102852608ACC_ITEM.BBHA00,M2(평잔 원계열),,,13103852608999,M2 경제주체별 보유현황(평잔 원계열),1911864.443,십억원
201411,13102852608ACC_ITEM.BBHA00,M2(평잔 원계열),,,13103852608999,M2 경제주체별 보유현황(평잔 원계열),1938971.712,십억원
201412,13102852608ACC_ITEM.BBHA00,M2(평잔 원계열),,,13103852608999,M2 경제주체별 보유현황(평잔 원계열),1945050.051,십억원
201401,13102852608ACC_ITEM.BBHAJ1,가계 및 비영리단체 1),,,13103852608999,M2 경제주체별 보유현황(평잔 원계열),1040938.963,십억원
201402,13102852608ACC_ITEM.BBHAJ1,가계 및 비영리단체 1),,,13103852608999,M2 경제주체별 보유현황(평잔 원계열),1046626.529,십억원
201403,13102852608ACC_ITEM.BBHAJ1,가계 및 비영리단체 1),,,13103852608999,M2 경제주체별 보유현황(평잔 원계열),1050885.963,십억원
201404,13102852608ACC_ITEM.BBHAJ1,가계 및 비영리단체 1),,,13103852608999,M2 경제주체별 보유현황(평잔 원계열),1062403.671,십억원
201405,13102852608ACC_ITEM.BBHAJ1,가계 및 비영리단체 1),,,13103852608999,M2 경제주체별 보유현황(평잔 원계열),1065235.018,십억원
201406,13102852608ACC_ITEM.BBHAJ1,가계 및 비영리단체 1),,,13103852608999,M2 경제주체별 보유현황(평잔 원계열),1067355.879,십억원
201407,13102852608ACC_ITEM.BBHAJ1,가계 및 비영리단체 1),,,13103852608999,M2 경제주체별 보유현황(평잔 원계열),1072506.701,십억원
201408,13102852608ACC_ITEM.BBHAJ1,가계 및 비영리단체 1),,,13103852608999,M2 경제주체별 보유현황(평잔 원계열),1079786.903,십억원
201409,13102852608ACC_ITEM.BBHAJ1,가계 및 비영리단체 1),,,13103852608999,M2 경제주체별 보유현황(평잔 원계열),1086501.616,십억원
201410,13102852608ACC_ITEM.BBHAJ1,가계 및 비영리단체 1),,,13103852608999,M2 경제주체별 보유현황(평잔 원계열),1083533.82,십억원
201411,13102852608ACC_ITEM.BBHAJ1,가계 및 비영리단체 1),,,13103852608999,M2 경제주체별 보유현황(평잔 원계열),1085160.7,십억원
201412,13102852608ACC_ITEM.BBHAJ1,가계 및 비영리단체 1),,,13103852608999,M2 경제주체별 보유현황(평잔 원계열),1089312.276,십억원
201401,13102852608ACC_ITEM.BBHAJ11,기타부문 4),,,13103852608999,M2 경제주체별 보유현황(평잔 원계열),62546.048,십억원
201402,13102852608ACC_ITEM.BBHAJ11,기타부문 4),,,13103852608999,M2 경제주체별 보유현황(평잔 원계열),65437.222,십억원
201403,13102852608ACC_ITEM.BBHAJ11,기타부문 4),,,13103852608999,M2 경제주체별 보유현황(평잔 원계열),70094.336,십억원
201404,13102852608ACC_ITEM.BBHAJ11,기타부문 4),,,13103852608999,M2 경제주체별 보유현황(평잔 원계열),66031.937,십억원
201405,13102852608ACC_ITEM.BBHAJ11,기타부문 4),,,13103852608999,M2 경제주체별 보유현황(평잔 원계열),66844.538,십억원
201406,13102852608ACC_ITEM.BBHAJ11,기타부문 4),,,13103852608999,M2 경제주체별 보유현황(평잔 원계열),73158.589,십억원
201407,13102852608ACC_ITEM.BBHAJ11,기타부문 4),,,13103852608999,M2 경제주체별 보유현황(평잔 원계열),72243.285,십억원
201408,13102852608ACC_ITEM.BBHAJ11,기타부문 4),,,13103852608999,M2 경제주체별 보유현황(평잔 원계열),73735.45,십억원
201409,13102852608ACC_ITEM.BBHAJ11,기타부문 4),,,13103852608999,M2 경제주체별 보유현황(평잔 원계열),73322.92,십억원
201410,13102852608ACC_ITEM.BBHAJ11,기타부문 4),,,13103852608999,M2 경제주체별 보유현황(평잔 원계열),75961.486,십억원
201411,13102852608ACC_ITEM.BBHAJ11,기타부문 4),,,13103852608999,M2 경제주체별 보유현황(평잔 원계열),79577.613,십억원
201412,13102852608ACC_ITEM.BBHAJ11,기타부문 4),,,13103852608999,M2 경제주체별 보유현황(평잔 원계열),80008.75,십억원
201401,13102852608ACC_ITEM.BBHAJ2,비금융기업 2),,,13103852608999,M2 경제주체별 보유현황(평잔 원계열),426003.083,십억원
201402,13102852608ACC_ITEM.BBHAJ2,비금융기업 2),,,13103852608999,M2 경제주체별 보유현황(평잔 원계열),423515.34,십억원
201403,13102852608ACC_ITEM.BBHAJ2,비금융기업 2),,,13103852608999,M2 경제주체별 보유현황(평잔 원계열),426178.178,십억원
201404,13102852608ACC_ITEM.BBHAJ2,비금융기업 2),,,13103852608999,M2 경제주체별 보유현황(평잔 원계열),424547.163,십억원
201405,13102852608ACC_ITEM.BBHAJ2,비금융기업 2),,,13103852608999,M2 경제주체별 보유현황(평잔 원계열),423005.88,십억원
201406,13102852608ACC_ITEM.BBHAJ2,비금융기업 2),,,13103852608999,M2 경제주체별 보유현황(평잔 원계열),428914.542,십억원
201407,13102852608ACC_ITEM.BBHAJ2,비금융기업 2),,,13103852608999,M2 경제주체별 보유현황(평잔 원계열),432556.307,십억원
201408,13102852608ACC_ITEM.BBHAJ2,비금융기업 2),,,13103852608999,M2 경제주체별 보유현황(평잔 원계열),431998.982,십억원
201409,13102852608ACC_ITEM.BBHAJ2,비금융기업 2),,,13103852608999,M2 경제주체별 보유현황(평잔 원계열),435595.126,십억원
201410,13102852608ACC_ITEM.BBHAJ2,비금융기업 2),,,13103852608999,M2 경제주체별 보유현황(평잔 원계열),441026.139,십억원
201411,13102852608ACC_ITEM.BBHAJ2,비금융기업 2),,,13103852608999,M2 경제주체별 보유현황(평잔 원계열),448002.954,십억원
201412,13102852608ACC_ITEM.BBHAJ2,비금융기업 2),,,13103852608999,M2 경제주체별 보유현황(평잔 원계열),453890.434,십억원
201401,13102852608ACC_ITEM.BBHAJ3,기타금융기관 3),,,13103852608999,M2 경제주체별 보유현황(평잔 원계열),271526.657,십억원
201402,13102852608ACC_ITEM.BBHAJ3,기타금융기관 3),,,13103852608999,M2 경제주체별 보유현황(평잔 원계열),281872.246,십억원
201403,13102852608ACC_ITEM.BBHAJ3,기타금융기관 3),,,13103852608999,M2 경제주체별 보유현황(평잔 원계열),276484.015,십억원
201404,13102852608ACC_ITEM.BBHAJ3,기타금융기관 3),,,13103852608999,M2 경제주체별 보유현황(평잔 원계열),275517.013,십억원
201405,13102852608ACC_ITEM.BBHAJ3,기타금융기관 3),,,13103852608999,M2 경제주체별 보유현황(평잔 원계열),289654.78,십억원
201406,13102852608ACC_ITEM.BBHAJ3,기타금융기관 3),,,13103852608999,M2 경제주체별 보유현황(평잔 원계열),288542.937,십억원
201407,13102852608ACC_ITEM.BBHAJ3,기타금융기관 3),,,13103852608999,M2 경제주체별 보유현황(평잔 원계열),293156.246,십억원
201408,13102852608ACC_ITEM.BBHAJ3,기타금융기관 3),,,13103852608999,M2 경제주체별 보유현황(평잔 원계열),307989.047,십억원
201409,13102852608ACC_ITEM.BBHAJ3,기타금융기관 3),,,13103852608999,M2 경제주체별 보유현황(평잔 원계열),306264.77,십억원
201410,13102852608ACC_ITEM.BBHAJ3,기타금융기관 3),,,13103852608999,M2 경제주체별 보유현황(평잔 원계열),311342.998,십억원
201411,13102852608ACC_ITEM.BBHAJ3,기타금융기관 3),,,13103852608999,M2 경제주체별 보유현황(평잔 원계열),326230.446,십억원
201412,13102852608ACC_ITEM.BBHAJ3,기타금융기관 3),,,13103852608999,M2 경제주체별 보유현황(평잔 원계열),321838.591,십억원
201501,13102852608ACC_ITEM.BBHA00,M2(평잔 원계열),,,13103852608999,M2 경제주체별 보유현황(평잔 원계열),1947913.072,십억원
201502,13102852608ACC_ITEM.BBHA00,M2(평잔 원계열),,,13103852608999,M2 경제주체별 보유현황(평잔 원계열),1972706.081,십억원
201503,13102852608ACC_ITEM.BBHA00,M2(평잔 원계열),,,13103852608999,M2 경제주체별 보유현황(평잔 원계열),1979709.093,십억원
201504,13102852608ACC_ITEM.BBHA00,M2(평잔 원계열),,,13103852608999,M2 경제주체별 보유현황(평잔 원계열),2004896.614,십억원
201505,13102852608ACC_ITEM.BBHA00,M2(평잔 원계열),,,13103852608999,M2 경제주체별 보유현황(평잔 원계열),2016539.937,십억원
201506,13102852608ACC_ITEM.BBHA00,M2(평잔 원계열),,,13103852608999,M2 경제주체별 보유현황(평잔 원계열),2026835.654,십억원
201507,13102852608ACC_ITEM.BBHA00,M2(평잔 원계열),,,13103852608999,M2 경제주체별 보유현황(평잔 원계열),2049268.714,십억원
201508,13102852608ACC_ITEM.BBHA00,M2(평잔 원계열),,,13103852608999,M2 경제주체별 보유현황(평잔 원계열),2061339.977,십억원
201509,13102852608ACC_ITEM.BBHA00,M2(평잔 원계열),,,13103852608999,M2 경제주체별 보유현황(평잔 원계열),2069855.74,십억원
201510,13102852608ACC_ITEM.BBHA00,M2(평잔 원계열),,,13103852608999,M2 경제주체별 보유현황(평잔 원계열),2074987.469,십억원
201511,13102852608ACC_ITEM.BBHA00,M2(평잔 원계열),,,13103852608999,M2 경제주체별 보유현황(평잔 원계열),2087249.446,십억원
201512,13102852608ACC_ITEM.BBHA00,M2(평잔 원계열),,,13103852608999,M2 경제주체별 보유현황(평잔 원계열),2091637.234,십억원
201501,13102852608ACC_ITEM.BBHAJ1,가계 및 비영리단체 1),,,13103852608999,M2 경제주체별 보유현황(평잔 원계열),1099035.694,십억원
201502,13102852608ACC_ITEM.BBHAJ1,가계 및 비영리단체 1),,,13103852608999,M2 경제주체별 보유현황(평잔 원계열),1108154.833,십억원
201503,13102852608ACC_ITEM.BBHAJ1,가계 및 비영리단체 1),,,13103852608999,M2 경제주체별 보유현황(평잔 원계열),1113316.553,십억원
201504,13102852608ACC_ITEM.BBHAJ1,가계 및 비영리단체 1),,,13103852608999,M2 경제주체별 보유현황(평잔 원계열),1122885.897,십억원
201505,13102852608ACC_ITEM.BBHAJ1,가계 및 비영리단체 1),,,13103852608999,M2 경제주체별 보유현황(평잔 원계열),1130067.743,십억원
201506,13102852608ACC_ITEM.BBHAJ1,가계 및 비영리단체 1),,,13103852608999,M2 경제주체별 보유현황(평잔 원계열),1129711.686,십억원
201507,13102852608ACC_ITEM.BBHAJ1,가계 및 비영리단체 1),,,13103852608999,M2 경제주체별 보유현황(평잔 원계열),1135337.033,십억원
201508,13102852608ACC_ITEM.BBHAJ1,가계 및 비영리단체 1),,,13103852608999,M2 경제주체별 보유현황(평잔 원계열),1138581.788,십억원
201509,13102852608ACC_ITEM.BBHAJ1,가계 및 비영리단체 1),,,13103852608999,M2 경제주체별 보유현황(평잔 원계열),1145803.712,십억원
201510,13102852608ACC_ITEM.BBHAJ1,가계 및 비영리단체 1),,,13103852608999,M2 경제주체별 보유현황(평잔 원계열),1149211.329,십억원
201511,13102852608ACC_ITEM.BBHAJ1,가계 및 비영리단체 1),,,13103852608999,M2 경제주체별 보유현황(평잔 원계열),1153404.052,십억원
201512,13102852608ACC_ITEM.BBHAJ1,가계 및 비영리단체 1),,,13103852608999,M2 경제주체별 보유현황(평잔 원계열),1160680.464,십억원
201501,13102852608ACC_ITEM.BBHAJ11,기타부문 4),,,13103852608999,M2 경제주체별 보유현황(평잔 원계열),75799.95,십억원
201502,13102852608ACC_ITEM.BBHAJ11,기타부문 4),,,13103852608999,M2 경제주체별 보유현황(평잔 원계열),80201.384,십억원
201503,13102852608ACC_ITEM.BBHAJ11,기타부문 4),,,13103852608999,M2 경제주체별 보유현황(평잔 원계열),81096.505,십억원
201504,13102852608ACC_ITEM.BBHAJ11,기타부문 4),,,13103852608999,M2 경제주체별 보유현황(평잔 원계열),83887.089,십억원
201505,13102852608ACC_ITEM.BBHAJ11,기타부문 4),,,13103852608999,M2 경제주체별 보유현황(평잔 원계열),85970.955,십억원
201506,13102852608ACC_ITEM.BBHAJ11,기타부문 4),,,13103852608999,M2 경제주체별 보유현황(평잔 원계열),87320.857,십억원
201507,13102852608ACC_ITEM.BBHAJ11,기타부문 4),,,13103852608999,M2 경제주체별 보유현황(평잔 원계열),87979.699,십억원
201508,13102852608ACC_ITEM.BBHAJ11,기타부문 4),,,13103852608999,M2 경제주체별 보유현황(평잔 원계열),92289.192,십억원
201509,13102852608ACC_ITEM.BBHAJ11,기타부문 4),,,13103852608999,M2 경제주체별 보유현황(평잔 원계열),95420.59,십억원
201510,13102852608ACC_ITEM.BBHAJ11,기타부문 4),,,13103852608999,M2 경제주체별 보유현황(평잔 원계열),98687.61,십억원
201511,13102852608ACC_ITEM.BBHAJ11,기타부문 4),,,13103852608999,M2 경제주체별 보유현황(평잔 원계열),97541.603,십억원
201512,13102852608ACC_ITEM.BBHAJ11,기타부문 4),,,13103852608999,M2 경제주체별 보유현황(평잔 원계열),93389.655,십억원
201501,13102852608ACC_ITEM.BBHAJ2,비금융기업 2),,,13103852608999,M2 경제주체별 보유현황(평잔 원계열),450413.733,십억원
201502,13102852608ACC_ITEM.BBHAJ2,비금융기업 2),,,13103852608999,M2 경제주체별 보유현황(평잔 원계열),449928.272,십억원
201503,13102852608ACC_ITEM.BBHAJ2,비금융기업 2),,,13103852608999,M2 경제주체별 보유현황(평잔 원계열),460115.768,십억원
201504,13102852608ACC_ITEM.BBHAJ2,비금융기업 2),,,13103852608999,M2 경제주체별 보유현황(평잔 원계열),462915.086,십억원
201505,13102852608ACC_ITEM.BBHAJ2,비금융기업 2),,,13103852608999,M2 경제주체별 보유현황(평잔 원계열),468038.627,십억원
201506,13102852608ACC_ITEM.BBHAJ2,비금융기업 2),,,13103852608999,M2 경제주체별 보유현황(평잔 원계열),474320.077,십억원
201507,13102852608ACC_ITEM.BBHAJ2,비금융기업 2),,,13103852608999,M2 경제주체별 보유현황(평잔 원계열),486100.174,십억원
201508,13102852608ACC_ITEM.BBHAJ2,비금융기업 2),,,13103852608999,M2 경제주체별 보유현황(평잔 원계열),494593.862,십억원
201509,13102852608ACC_ITEM.BBHAJ2,비금융기업 2),,,13103852608999,M2 경제주체별 보유현황(평잔 원계열),497845.403,십억원
201510,13102852608ACC_ITEM.BBHAJ2,비금융기업 2),,,13103852608999,M2 경제주체별 보유현황(평잔 원계열),499799.701,십억원
201511,13102852608ACC_ITEM.BBHAJ2,비금융기업 2),,,13103852608999,M2 경제주체별 보유현황(평잔 원계열),504745.738,십억원
201512,13102852608ACC_ITEM.BBHAJ2,비금융기업 2),,,13103852608999,M2 경제주체별 보유현황(평잔 원계열),517398.204,십억원
201501,13102852608ACC_ITEM.BBHAJ3,기타금융기관 3),,,13103852608999,M2 경제주체별 보유현황(평잔 원계열),322663.697,십억원
201502,13102852608ACC_ITEM.BBHAJ3,기타금융기관 3),,,13103852608999,M2 경제주체별 보유현황(평잔 원계열),334421.591,십억원
201503,13102852608ACC_ITEM.BBHAJ3,기타금융기관 3),,,13103852608999,M2 경제주체별 보유현황(평잔 원계열),325180.268,십억원
201504,13102852608ACC_ITEM.BBHAJ3,기타금융기관 3),,,13103852608999,M2 경제주체별 보유현황(평잔 원계열),335208.542,십억원
201505,13102852608ACC_ITEM.BBHAJ3,기타금융기관 3),,,13103852608999,M2 경제주체별 보유현황(평잔 원계열),332462.612,십억원
201506,13102852608ACC_ITEM.BBHAJ3,기타금융기관 3),,,13103852608999,M2 경제주체별 보유현황(평잔 원계열),335483.035,십억원
201507,13102852608ACC_ITEM.BBHAJ3,기타금융기관 3),,,13103852608999,M2 경제주체별 보유현황(평잔 원계열),339851.807,십억원
201508,13102852608ACC_ITEM.BBHAJ3,기타금융기관 3),,,13103852608999,M2 경제주체별 보유현황(평잔 원계열),335875.136,십억원
201509,13102852608ACC_ITEM.BBHAJ3,기타금융기관 3),,,13103852608999,M2 경제주체별 보유현황(평잔 원계열),330786.035,십억원
201510,13102852608ACC_ITEM.BBHAJ3,기타금융기관 3),,,13103852608999,M2 경제주체별 보유현황(평잔 원계열),327288.83,십억원
201511,13102852608ACC_ITEM.BBHAJ3,기타금융기관 3),,,13103852608999,M2 경제주체별 보유현황(평잔 원계열),331558.053,십억원
201512,13102852608ACC_ITEM.BBHAJ3,기타금융기관 3),,,13103852608999,M2 경제주체별 보유현황(평잔 원계열),320168.909,십억원
201601,13102852608ACC_ITEM.BBHA00,M2(평잔 원계열),,,13103852608999,M2 경제주체별 보유현황(평잔 원계열),2108840.79,십억원
201602,13102852608ACC_ITEM.BBHA00,M2(평잔 원계열),,,13103852608999,M2 경제주체별 보유현황(평잔 원계열),2135969.875,십억원
201603,13102852608ACC_ITEM.BBHA00,M2(평잔 원계열),,,13103852608999,M2 경제주체별 보유현황(평잔 원계열),2132190.525,십억원
201604,13102852608ACC_ITEM.BBHA00,M2(평잔 원계열),,,13103852608999,M2 경제주체별 보유현황(평잔 원계열),2145161.081,십억원
201605,13102852608ACC_ITEM.BBHA00,M2(평잔 원계열),,,13103852608999,M2 경제주체별 보유현황(평잔 원계열),2161918.767,십억원
201606,13102852608ACC_ITEM.BBHA00,M2(평잔 원계열),,,13103852608999,M2 경제주체별 보유현황(평잔 원계열),2177447.774,십억원
201607,13102852608ACC_ITEM.BBHA00,M2(평잔 원계열),,,13103852608999,M2 경제주체별 보유현황(평잔 원계열),2198323.42,십억원
201608,13102852608ACC_ITEM.BBHA00,M2(평잔 원계열),,,13103852608999,M2 경제주체별 보유현황(평잔 원계열),2215622.352,십억원
201609,13102852608ACC_ITEM.BBHA00,M2(평잔 원계열),,,13103852608999,M2 경제주체별 보유현황(평잔 원계열),2214263.127,십억원
201610,13102852608ACC_ITEM.BBHA00,M2(평잔 원계열),,,13103852608999,M2 경제주체별 보유현황(평잔 원계열),2231772.168,십억원
201611,13102852608ACC_ITEM.BBHA00,M2(평잔 원계열),,,13103852608999,M2 경제주체별 보유현황(평잔 원계열),2258938.828,십억원
201612,13102852608ACC_ITEM.BBHA00,M2(평잔 원계열),,,13103852608999,M2 경제주체별 보유현황(평잔 원계열),2260321.72,십억원
201601,13102852608ACC_ITEM.BBHAJ1,가계 및 비영리단체 1),,,13103852608999,M2 경제주체별 보유현황(평잔 원계열),1174133.929,십억원
201602,13102852608ACC_ITEM.BBHAJ1,가계 및 비영리단체 1),,,13103852608999,M2 경제주체별 보유현황(평잔 원계열),1188089.147,십억원
201603,13102852608ACC_ITEM.BBHAJ1,가계 및 비영리단체 1),,,13103852608999,M2 경제주체별 보유현황(평잔 원계열),1191251.467,십억원
201604,13102852608ACC_ITEM.BBHAJ1,가계 및 비영리단체 1),,,13103852608999,M2 경제주체별 보유현황(평잔 원계열),1201228.425,십억원
201605,13102852608ACC_ITEM.BBHAJ1,가계 및 비영리단체 1),,,13103852608999,M2 경제주체별 보유현황(평잔 원계열),1208020.564,십억원
201606,13102852608ACC_ITEM.BBHAJ1,가계 및 비영리단체 1),,,13103852608999,M2 경제주체별 보유현황(평잔 원계열),1206297.187,십억원
201607,13102852608ACC_ITEM.BBHAJ1,가계 및 비영리단체 1),,,13103852608999,M2 경제주체별 보유현황(평잔 원계열),1211171.968,십억원
201608,13102852608ACC_ITEM.BBHAJ1,가계 및 비영리단체 1),,,13103852608999,M2 경제주체별 보유현황(평잔 원계열),1213336.714,십억원
201609,13102852608ACC_ITEM.BBHAJ1,가계 및 비영리단체 1),,,13103852608999,M2 경제주체별 보유현황(평잔 원계열),1222794.502,십억원
201610,13102852608ACC_ITEM.BBHAJ1,가계 및 비영리단체 1),,,13103852608999,M2 경제주체별 보유현황(평잔 원계열),1224097.395,십억원
201611,13102852608ACC_ITEM.BBHAJ1,가계 및 비영리단체 1),,,13103852608999,M2 경제주체별 보유현황(평잔 원계열),1229114.353,십억원
201612,13102852608ACC_ITEM.BBHAJ1,가계 및 비영리단체 1),,,13103852608999,M2 경제주체별 보유현황(평잔 원계열),1238791.789,십억원
201601,13102852608ACC_ITEM.BBHAJ11,기타부문 4),,,13103852608999,M2 경제주체별 보유현황(평잔 원계열),90204.969,십억원
201602,13102852608ACC_ITEM.BBHAJ11,기타부문 4),,,13103852608999,M2 경제주체별 보유현황(평잔 원계열),92915.982,십억원
201603,13102852608ACC_ITEM.BBHAJ11,기타부문 4),,,13103852608999,M2 경제주체별 보유현황(평잔 원계열),98142.581,십억원
201604,13102852608ACC_ITEM.BBHAJ11,기타부문 4),,,13103852608999,M2 경제주체별 보유현황(평잔 원계열),97346.869,십억원
201605,13102852608ACC_ITEM.BBHAJ11,기타부문 4),,,13103852608999,M2 경제주체별 보유현황(평잔 원계열),99341.035,십억원
201606,13102852608ACC_ITEM.BBHAJ11,기타부문 4),,,13103852608999,M2 경제주체별 보유현황(평잔 원계열),102490.16,십억원
201607,13102852608ACC_ITEM.BBHAJ11,기타부문 4),,,13103852608999,M2 경제주체별 보유현황(평잔 원계열),99840.519,십억원
201608,13102852608ACC_ITEM.BBHAJ11,기타부문 4),,,13103852608999,M2 경제주체별 보유현황(평잔 원계열),107184.31,십억원
201609,13102852608ACC_ITEM.BBHAJ11,기타부문 4),,,13103852608999,M2 경제주체별 보유현황(평잔 원계열),109259.074,십억원
201610,13102852608ACC_ITEM.BBHAJ11,기타부문 4),,,13103852608999,M2 경제주체별 보유현황(평잔 원계열),114875.143,십억원
201611,13102852608ACC_ITEM.BBHAJ11,기타부문 4),,,13103852608999,M2 경제주체별 보유현황(평잔 원계열),116895.245,십억원
201612,13102852608ACC_ITEM.BBHAJ11,기타부문 4),,,13103852608999,M2 경제주체별 보유현황(평잔 원계열),112144.814,십억원
201601,13102852608ACC_ITEM.BBHAJ2,비금융기업 2),,,13103852608999,M2 경제주체별 보유현황(평잔 원계열),515089.457,십억원
201602,13102852608ACC_ITEM.BBHAJ2,비금융기업 2),,,13103852608999,M2 경제주체별 보유현황(평잔 원계열),511844.481,십억원
201603,13102852608ACC_ITEM.BBHAJ2,비금융기업 2),,,13103852608999,M2 경제주체별 보유현황(평잔 원계열),522556.716,십억원
201604,13102852608ACC_ITEM.BBHAJ2,비금융기업 2),,,13103852608999,M2 경제주체별 보유현황(평잔 원계열),524617.615,십억원
201605,13102852608ACC_ITEM.BBHAJ2,비금융기업 2),,,13103852608999,M2 경제주체별 보유현황(평잔 원계열),520554.438,십억원
201606,13102852608ACC_ITEM.BBHAJ2,비금융기업 2),,,13103852608999,M2 경제주체별 보유현황(평잔 원계열),534091.821,십억원
201607,13102852608ACC_ITEM.BBHAJ2,비금융기업 2),,,13103852608999,M2 경제주체별 보유현황(평잔 원계열),544514.319,십억원
201608,13102852608ACC_ITEM.BBHAJ2,비금융기업 2),,,13103852608999,M2 경제주체별 보유현황(평잔 원계열),546409.662,십억원
201609,13102852608ACC_ITEM.BBHAJ2,비금융기업 2),,,13103852608999,M2 경제주체별 보유현황(평잔 원계열),547962.301,십억원
201610,13102852608ACC_ITEM.BBHAJ2,비금융기업 2),,,13103852608999,M2 경제주체별 보유현황(평잔 원계열),546886.112,십억원
201611,13102852608ACC_ITEM.BBHAJ2,비금융기업 2),,,13103852608999,M2 경제주체별 보유현황(평잔 원계열),550041.78,십억원
201612,13102852608ACC_ITEM.BBHAJ2,비금융기업 2),,,13103852608999,M2 경제주체별 보유현황(평잔 원계열),560938.047,십억원
201601,13102852608ACC_ITEM.BBHAJ3,기타금융기관 3),,,13103852608999,M2 경제주체별 보유현황(평잔 원계열),329412.434,십억원
201602,13102852608ACC_ITEM.BBHAJ3,기타금융기관 3),,,13103852608999,M2 경제주체별 보유현황(평잔 원계열),343120.264,십억원
201603,13102852608ACC_ITEM.BBHAJ3,기타금융기관 3),,,13103852608999,M2 경제주체별 보유현황(평잔 원계열),320239.761,십억원
201604,13102852608ACC_ITEM.BBHAJ3,기타금융기관 3),,,13103852608999,M2 경제주체별 보유현황(평잔 원계열),321968.172,십억원
201605,13102852608ACC_ITEM.BBHAJ3,기타금융기관 3),,,13103852608999,M2 경제주체별 보유현황(평잔 원계열),334002.73,십억원
201606,13102852608ACC_ITEM.BBHAJ3,기타금융기관 3),,,13103852608999,M2 경제주체별 보유현황(평잔 원계열),334568.607,십억원
201607,13102852608ACC_ITEM.BBHAJ3,기타금융기관 3),,,13103852608999,M2 경제주체별 보유현황(평잔 원계열),342796.616,십억원
201608,13102852608ACC_ITEM.BBHAJ3,기타금융기관 3),,,13103852608999,M2 경제주체별 보유현황(평잔 원계열),348691.665,십억원
201609,13102852608ACC_ITEM.BBHAJ3,기타금융기관 3),,,13103852608999,M2 경제주체별 보유현황(평잔 원계열),334247.251,십억원
201610,13102852608ACC_ITEM.BBHAJ3,기타금융기관 3),,,13103852608999,M2 경제주체별 보유현황(평잔 원계열),345913.518,십억원
201611,13102852608ACC_ITEM.BBHAJ3,기타금융기관 3),,,13103852608999,M2 경제주체별 보유현황(평잔 원계열),362887.45,십억원
201612,13102852608ACC_ITEM.BBHAJ3,기타금융기관 3),,,13103852608999,M2 경제주체별 보유현황(평잔 원계열),348447.071,십억원
201701,13102852608ACC_ITEM.BBHA00,M2(평잔 원계열),,,13103852608999,M2 경제주체별 보유현황(평잔 원계열),2272490.111,십억원
201702,13102852608ACC_ITEM.BBHA00,M2(평잔 원계열),,,13103852608999,M2 경제주체별 보유현황(평잔 원계열),2284498.461,십억원
201703,13102852608ACC_ITEM.BBHA00,M2(평잔 원계열),,,13103852608999,M2 경제주체별 보유현황(평잔 원계열),2289944.38,십억원
201704,13102852608ACC_ITEM.BBHA00,M2(평잔 원계열),,,13103852608999,M2 경제주체별 보유현황(평잔 원계열),2313073.163,십억원
201705,13102852608ACC_ITEM.BBHA00,M2(평잔 원계열),,,13103852608999,M2 경제주체별 보유현황(평잔 원계열),2321319.804,십억원
201706,13102852608ACC_ITEM.BBHA00,M2(평잔 원계열),,,13103852608999,M2 경제주체별 보유현황(평잔 원계열),2325707.896,십억원
201707,13102852608ACC_ITEM.BBHA00,M2(평잔 원계열),,,13103852608999,M2 경제주체별 보유현황(평잔 원계열),2345077.543,십억원
201708,13102852608ACC_ITEM.BBHA00,M2(평잔 원계열),,,13103852608999,M2 경제주체별 보유현황(평잔 원계열),2356541.299,십억원
201709,13102852608ACC_ITEM.BBHA00,M2(평잔 원계열),,,13103852608999,M2 경제주체별 보유현황(평잔 원계열),2357175.856,십억원
201710,13102852608ACC_ITEM.BBHA00,M2(평잔 원계열),,,13103852608999,M2 경제주체별 보유현황(평잔 원계열),2377101.574,십억원
201711,13102852608ACC_ITEM.BBHA00,M2(평잔 원계열),,,13103852608999,M2 경제주체별 보유현황(평잔 원계열),2396513.65,십억원
201712,13102852608ACC_ITEM.BBHA00,M2(평잔 원계열),,,13103852608999,M2 경제주체별 보유현황(평잔 원계열),2397310.256,십억원
201701,13102852608ACC_ITEM.BBHAJ1,가계 및 비영리단체 1),,,13103852608999,M2 경제주체별 보유현황(평잔 원계열),1255774.918,십억원
201702,13102852608ACC_ITEM.BBHAJ1,가계 및 비영리단체 1),,,13103852608999,M2 경제주체별 보유현황(평잔 원계열),1265657.442,십억원
201703,13102852608ACC_ITEM.BBHAJ1,가계 및 비영리단체 1),,,13103852608999,M2 경제주체별 보유현황(평잔 원계열),1273103.949,십억원
201704,13102852608ACC_ITEM.BBHAJ1,가계 및 비영리단체 1),,,13103852608999,M2 경제주체별 보유현황(평잔 원계열),1286533.145,십억원
201705,13102852608ACC_ITEM.BBHAJ1,가계 및 비영리단체 1),,,13103852608999,M2 경제주체별 보유현황(평잔 원계열),1291816.43,십억원
201706,13102852608ACC_ITEM.BBHAJ1,가계 및 비영리단체 1),,,13103852608999,M2 경제주체별 보유현황(평잔 원계열),1294311.128,십억원
201707,13102852608ACC_ITEM.BBHAJ1,가계 및 비영리단체 1),,,13103852608999,M2 경제주체별 보유현황(평잔 원계열),1301872.876,십억원
201708,13102852608ACC_ITEM.BBHAJ1,가계 및 비영리단체 1),,,13103852608999,M2 경제주체별 보유현황(평잔 원계열),1304595.669,십억원
201709,13102852608ACC_ITEM.BBHAJ1,가계 및 비영리단체 1),,,13103852608999,M2 경제주체별 보유현황(평잔 원계열),1309783.167,십억원
201710,13102852608ACC_ITEM.BBHAJ1,가계 및 비영리단체 1),,,13103852608999,M2 경제주체별 보유현황(평잔 원계열),1316914.167,십억원
201711,13102852608ACC_ITEM.BBHAJ1,가계 및 비영리단체 1),,,13103852608999,M2 경제주체별 보유현황(평잔 원계열),1316616.501,십억원
201712,13102852608ACC_ITEM.BBHAJ1,가계 및 비영리단체 1),,,13103852608999,M2 경제주체별 보유현황(평잔 원계열),1319775.753,십억원
201701,13102852608ACC_ITEM.BBHAJ11,기타부문 4),,,13103852608999,M2 경제주체별 보유현황(평잔 원계열),106832.843,십억원
201702,13102852608ACC_ITEM.BBHAJ11,기타부문 4),,,13103852608999,M2 경제주체별 보유현황(평잔 원계열),109742.453,십억원
201703,13102852608ACC_ITEM.BBHAJ11,기타부문 4),,,13103852608999,M2 경제주체별 보유현황(평잔 원계열),114531.183,십억원
201704,13102852608ACC_ITEM.BBHAJ11,기타부문 4),,,13103852608999,M2 경제주체별 보유현황(평잔 원계열),112873.103,십억원
201705,13102852608ACC_ITEM.BBHAJ11,기타부문 4),,,13103852608999,M2 경제주체별 보유현황(평잔 원계열),118380.518,십억원
201706,13102852608ACC_ITEM.BBHAJ11,기타부문 4),,,13103852608999,M2 경제주체별 보유현황(평잔 원계열),121836.154,십억원
201707,13102852608ACC_ITEM.BBHAJ11,기타부문 4),,,13103852608999,M2 경제주체별 보유현황(평잔 원계열),117584.738,십억원
201708,13102852608ACC_ITEM.BBHAJ11,기타부문 4),,,13103852608999,M2 경제주체별 보유현황(평잔 원계열),122381.545,십억원
201709,13102852608ACC_ITEM.BBHAJ11,기타부문 4),,,13103852608999,M2 경제주체별 보유현황(평잔 원계열),125032.259,십억원
201710,13102852608ACC_ITEM.BBHAJ11,기타부문 4),,,13103852608999,M2 경제주체별 보유현황(평잔 원계열),125695.967,십억원
201711,13102852608ACC_ITEM.BBHAJ11,기타부문 4),,,13103852608999,M2 경제주체별 보유현황(평잔 원계열),131227.866,십억원
201712,13102852608ACC_ITEM.BBHAJ11,기타부문 4),,,13103852608999,M2 경제주체별 보유현황(평잔 원계열),124028.511,십억원
201701,13102852608ACC_ITEM.BBHAJ2,비금융기업 2),,,13103852608999,M2 경제주체별 보유현황(평잔 원계열),556522.078,십억원
201702,13102852608ACC_ITEM.BBHAJ2,비금융기업 2),,,13103852608999,M2 경제주체별 보유현황(평잔 원계열),550342.162,십억원
201703,13102852608ACC_ITEM.BBHAJ2,비금융기업 2),,,13103852608999,M2 경제주체별 보유현황(평잔 원계열),560133.207,십억원
201704,13102852608ACC_ITEM.BBHAJ2,비금융기업 2),,,13103852608999,M2 경제주체별 보유현황(평잔 원계열),563388.15,십억원
201705,13102852608ACC_ITEM.BBHAJ2,비금융기업 2),,,13103852608999,M2 경제주체별 보유현황(평잔 원계열),557475.314,십억원
201706,13102852608ACC_ITEM.BBHAJ2,비금융기업 2),,,13103852608999,M2 경제주체별 보유현황(평잔 원계열),568504.846,십억원
201707,13102852608ACC_ITEM.BBHAJ2,비금융기업 2),,,13103852608999,M2 경제주체별 보유현황(평잔 원계열),580169.42,십억원
201708,13102852608ACC_ITEM.BBHAJ2,비금융기업 2),,,13103852608999,M2 경제주체별 보유현황(평잔 원계열),584119.878,십억원
201709,13102852608ACC_ITEM.BBHAJ2,비금융기업 2),,,13103852608999,M2 경제주체별 보유현황(평잔 원계열),586885.814,십억원
201710,13102852608ACC_ITEM.BBHAJ2,비금융기업 2),,,13103852608999,M2 경제주체별 보유현황(평잔 원계열),592491.272,십억원
201711,13102852608ACC_ITEM.BBHAJ2,비금융기업 2),,,13103852608999,M2 경제주체별 보유현황(평잔 원계열),596845.601,십억원
201712,13102852608ACC_ITEM.BBHAJ2,비금융기업 2),,,13103852608999,M2 경제주체별 보유현황(평잔 원계열),611414.786,십억원
201701,13102852608ACC_ITEM.BBHAJ3,기타금융기관 3),,,13103852608999,M2 경제주체별 보유현황(평잔 원계열),353360.271,십억원
201702,13102852608ACC_ITEM.BBHAJ3,기타금융기관 3),,,13103852608999,M2 경제주체별 보유현황(평잔 원계열),358756.402,십억원
201703,13102852608ACC_ITEM.BBHAJ3,기타금융기관 3),,,13103852608999,M2 경제주체별 보유현황(평잔 원계열),342176.041,십억원
201704,13102852608ACC_ITEM.BBHAJ3,기타금융기관 3),,,13103852608999,M2 경제주체별 보유현황(평잔 원계열),350278.765,십억원
201705,13102852608ACC_ITEM.BBHAJ3,기타금융기관 3),,,13103852608999,M2 경제주체별 보유현황(평잔 원계열),353647.541,십억원
201706,13102852608ACC_ITEM.BBHAJ3,기타금융기관 3),,,13103852608999,M2 경제주체별 보유현황(평잔 원계열),341055.767,십억원
201707,13102852608ACC_ITEM.BBHAJ3,기타금융기관 3),,,13103852608999,M2 경제주체별 보유현황(평잔 원계열),345450.507,십억원
201708,13102852608ACC_ITEM.BBHAJ3,기타금융기관 3),,,13103852608999,M2 경제주체별 보유현황(평잔 원계열),345444.206,십억원
201709,13102852608ACC_ITEM.BBHAJ3,기타금융기관 3),,,13103852608999,M2 경제주체별 보유현황(평잔 원계열),335474.618,십억원
201710,13102852608ACC_ITEM.BBHAJ3,기타금융기관 3),,,13103852608999,M2 경제주체별 보유현황(평잔 원계열),342000.169,십억원
201711,13102852608ACC_ITEM.BBHAJ3,기타금융기관 3),,,13103852608999,M2 경제주체별 보유현황(평잔 원계열),351823.684,십억원
201712,13102852608ACC_ITEM.BBHAJ3,기타금융기관 3),,,13103852608999,M2 경제주체별 보유현황(평잔 원계열),342091.206,십억원
201801,13102852608ACC_ITEM.BBHA00,M2(평잔 원계열),,,13103852608999,M2 경제주체별 보유현황(평잔 원계열),2409680.63,십억원
201802,13102852608ACC_ITEM.BBHA00,M2(평잔 원계열),,,13103852608999,M2 경제주체별 보유현황(평잔 원계열),2435665.035,십억원
201803,13102852608ACC_ITEM.BBHA00,M2(평잔 원계열),,,13103852608999,M2 경제주체별 보유현황(평잔 원계열),2432805.437,십억원
201804,13102852608ACC_ITEM.BBHA00,M2(평잔 원계열),,,13103852608999,M2 경제주체별 보유현황(평잔 원계열),2448397.702,십억원
201805,13102852608ACC_ITEM.BBHA00,M2(평잔 원계열),,,13103852608999,M2 경제주체별 보유현황(평잔 원계열),2456570.686,십억원
201806,13102852608ACC_ITEM.BBHA00,M2(평잔 원계열),,,13103852608999,M2 경제주체별 보유현황(평잔 원계열),2462035.166,십억원
201807,13102852608ACC_ITEM.BBHA00,M2(평잔 원계열),,,13103852608999,M2 경제주체별 보유현황(평잔 원계열),2479242.316,십억원
201808,13102852608ACC_ITEM.BBHA00,M2(평잔 원계열),,,13103852608999,M2 경제주체별 보유현황(평잔 원계열),2489936.929,십억원
201809,13102852608ACC_ITEM.BBHA00,M2(평잔 원계열),,,13103852608999,M2 경제주체별 보유현황(평잔 원계열),2482947.781,십억원
201810,13102852608ACC_ITEM.BBHA00,M2(평잔 원계열),,,13103852608999,M2 경제주체별 보유현황(평잔 원계열),2510524.002,십억원
201811,13102852608ACC_ITEM.BBHA00,M2(평잔 원계열),,,13103852608999,M2 경제주체별 보유현황(평잔 원계열),2521496.986,십억원
201812,13102852608ACC_ITEM.BBHA00,M2(평잔 원계열),,,13103852608999,M2 경제주체별 보유현황(평잔 원계열),2516938.036,십억원
201801,13102852608ACC_ITEM.BBHAJ1,가계 및 비영리단체 1),,,13103852608999,M2 경제주체별 보유현황(평잔 원계열),1330681.049,십억원
201802,13102852608ACC_ITEM.BBHAJ1,가계 및 비영리단체 1),,,13103852608999,M2 경제주체별 보유현황(평잔 원계열),1343542.679,십억원
201803,13102852608ACC_ITEM.BBHAJ1,가계 및 비영리단체 1),,,13103852608999,M2 경제주체별 보유현황(평잔 원계열),1348880.736,십억원
201804,13102852608ACC_ITEM.BBHAJ1,가계 및 비영리단체 1),,,13103852608999,M2 경제주체별 보유현황(평잔 원계열),1355752.993,십억원
201805,13102852608ACC_ITEM.BBHAJ1,가계 및 비영리단체 1),,,13103852608999,M2 경제주체별 보유현황(평잔 원계열),1359137.233,십억원
201806,13102852608ACC_ITEM.BBHAJ1,가계 및 비영리단체 1),,,13103852608999,M2 경제주체별 보유현황(평잔 원계열),1361943.21,십억원
201807,13102852608ACC_ITEM.BBHAJ1,가계 및 비영리단체 1),,,13103852608999,M2 경제주체별 보유현황(평잔 원계열),1364899.332,십억원
201808,13102852608ACC_ITEM.BBHAJ1,가계 및 비영리단체 1),,,13103852608999,M2 경제주체별 보유현황(평잔 원계열),1362668.771,십억원
201809,13102852608ACC_ITEM.BBHAJ1,가계 및 비영리단체 1),,,13103852608999,M2 경제주체별 보유현황(평잔 원계열),1368425.761,십억원
201810,13102852608ACC_ITEM.BBHAJ1,가계 및 비영리단체 1),,,13103852608999,M2 경제주체별 보유현황(평잔 원계열),1368250.505,십억원
201811,13102852608ACC_ITEM.BBHAJ1,가계 및 비영리단체 1),,,13103852608999,M2 경제주체별 보유현황(평잔 원계열),1370681.927,십억원
201812,13102852608ACC_ITEM.BBHAJ1,가계 및 비영리단체 1),,,13103852608999,M2 경제주체별 보유현황(평잔 원계열),1373920.475,십억원
201801,13102852608ACC_ITEM.BBHAJ11,기타부문 4),,,13103852608999,M2 경제주체별 보유현황(평잔 원계열),114788.221,십억원
201802,13102852608ACC_ITEM.BBHAJ11,기타부문 4),,,13103852608999,M2 경제주체별 보유현황(평잔 원계열),119400.463,십억원
201803,13102852608ACC_ITEM.BBHAJ11,기타부문 4),,,13103852608999,M2 경제주체별 보유현황(평잔 원계열),120538.038,십억원
201804,13102852608ACC_ITEM.BBHAJ11,기타부문 4),,,13103852608999,M2 경제주체별 보유현황(평잔 원계열),121702.897,십억원
201805,13102852608ACC_ITEM.BBHAJ11,기타부문 4),,,13103852608999,M2 경제주체별 보유현황(평잔 원계열),129243.341,십억원
201806,13102852608ACC_ITEM.BBHAJ11,기타부문 4),,,13103852608999,M2 경제주체별 보유현황(평잔 원계열),135213.773,십억원
201807,13102852608ACC_ITEM.BBHAJ11,기타부문 4),,,13103852608999,M2 경제주체별 보유현황(평잔 원계열),132199.507,십억원
201808,13102852608ACC_ITEM.BBHAJ11,기타부문 4),,,13103852608999,M2 경제주체별 보유현황(평잔 원계열),137971.514,십억원
201809,13102852608ACC_ITEM.BBHAJ11,기타부문 4),,,13103852608999,M2 경제주체별 보유현황(평잔 원계열),141481.113,십억원
201810,13102852608ACC_ITEM.BBHAJ11,기타부문 4),,,13103852608999,M2 경제주체별 보유현황(평잔 원계열),145018.952,십억원
201811,13102852608ACC_ITEM.BBHAJ11,기타부문 4),,,13103852608999,M2 경제주체별 보유현황(평잔 원계열),143955.624,십억원
201812,13102852608ACC_ITEM.BBHAJ11,기타부문 4),,,13103852608999,M2 경제주체별 보유현황(평잔 원계열),135058.473,십억원
201801,13102852608ACC_ITEM.BBHAJ2,비금융기업 2),,,13103852608999,M2 경제주체별 보유현황(평잔 원계열),617080.996,십억원
201802,13102852608ACC_ITEM.BBHAJ2,비금융기업 2),,,13103852608999,M2 경제주체별 보유현황(평잔 원계열),615628.22,십억원
201803,13102852608ACC_ITEM.BBHAJ2,비금융기업 2),,,13103852608999,M2 경제주체별 보유현황(평잔 원계열),620174.029,십억원
201804,13102852608ACC_ITEM.BBHAJ2,비금융기업 2),,,13103852608999,M2 경제주체별 보유현황(평잔 원계열),622499.36,십억원
201805,13102852608ACC_ITEM.BBHAJ2,비금융기업 2),,,13103852608999,M2 경제주체별 보유현황(평잔 원계열),620018.649,십억원
201806,13102852608ACC_ITEM.BBHAJ2,비금융기업 2),,,13103852608999,M2 경제주체별 보유현황(평잔 원계열),625462.406,십억원
201807,13102852608ACC_ITEM.BBHAJ2,비금융기업 2),,,13103852608999,M2 경제주체별 보유현황(평잔 원계열),629218.545,십억원
201808,13102852608ACC_ITEM.BBHAJ2,비금융기업 2),,,13103852608999,M2 경제주체별 보유현황(평잔 원계열),630727.941,십억원
201809,13102852608ACC_ITEM.BBHAJ2,비금융기업 2),,,13103852608999,M2 경제주체별 보유현황(평잔 원계열),634395.372,십억원
201810,13102852608ACC_ITEM.BBHAJ2,비금융기업 2),,,13103852608999,M2 경제주체별 보유현황(평잔 원계열),645943.854,십억원
201811,13102852608ACC_ITEM.BBHAJ2,비금융기업 2),,,13103852608999,M2 경제주체별 보유현황(평잔 원계열),650965.014,십억원
201812,13102852608ACC_ITEM.BBHAJ2,비금융기업 2),,,13103852608999,M2 경제주체별 보유현황(평잔 원계열),666502.515,십억원
201801,13102852608ACC_ITEM.BBHAJ3,기타금융기관 3),,,13103852608999,M2 경제주체별 보유현황(평잔 원계열),347130.363,십억원
201802,13102852608ACC_ITEM.BBHAJ3,기타금융기관 3),,,13103852608999,M2 경제주체별 보유현황(평잔 원계열),357093.673,십억원
201803,13102852608ACC_ITEM.BBHAJ3,기타금융기관 3),,,13103852608999,M2 경제주체별 보유현황(평잔 원계열),343212.634,십억원
201804,13102852608ACC_ITEM.BBHAJ3,기타금융기관 3),,,13103852608999,M2 경제주체별 보유현황(평잔 원계열),348442.453,십억원
201805,13102852608ACC_ITEM.BBHAJ3,기타금융기관 3),,,13103852608999,M2 경제주체별 보유현황(평잔 원계열),348171.463,십억원
201806,13102852608ACC_ITEM.BBHAJ3,기타금융기관 3),,,13103852608999,M2 경제주체별 보유현황(평잔 원계열),339415.779,십억원
201807,13102852608ACC_ITEM.BBHAJ3,기타금융기관 3),,,13103852608999,M2 경제주체별 보유현황(평잔 원계열),352924.933,십억원
201808,13102852608ACC_ITEM.BBHAJ3,기타금융기관 3),,,13103852608999,M2 경제주체별 보유현황(평잔 원계열),358568.704,십억원
201809,13102852608ACC_ITEM.BBHAJ3,기타금융기관 3),,,13103852608999,M2 경제주체별 보유현황(평잔 원계열),338645.536,십억원
201810,13102852608ACC_ITEM.BBHAJ3,기타금융기관 3),,,13103852608999,M2 경제주체별 보유현황(평잔 원계열),351310.69,십억원
201811,13102852608ACC_ITEM.BBHAJ3,기타금융기관 3),,,13103852608999,M2 경제주체별 보유현황(평잔 원계열),355894.42,십억원
201812,13102852608ACC_ITEM.BBHAJ3,기타금융기관 3),,,13103852608999,M2 경제주체별 보유현황(평잔 원계열),341456.572,십억원
201901,13102852608ACC_ITEM.BBHA00,M2(평잔 원계열),,,13103852608999,M2 경제주체별 보유현황(평잔 원계열),2541916.347,십억원
201902,13102852608ACC_ITEM.BBHA00,M2(평잔 원계열),,,13103852608999,M2 경제주체별 보유현황(평잔 원계열),2552142.831,십억원
201903,13102852608ACC_ITEM.BBHA00,M2(평잔 원계열),,,13103852608999,M2 경제주체별 보유현황(평잔 원계열),2567458.839,십억원
201904,13102852608ACC_ITEM.BBHA00,M2(평잔 원계열),,,13103852608999,M2 경제주체별 보유현황(평잔 원계열),2586645.797,십억원
201905,13102852608ACC_ITEM.BBHA00,M2(평잔 원계열),,,13103852608999,M2 경제주체별 보유현황(평잔 원계열),2588405.586,십억원
201906,13102852608ACC_ITEM.BBHA00,M2(평잔 원계열),,,13103852608999,M2 경제주체별 보유현황(평잔 원계열),2610923.951,십억원
201907,13102852608ACC_ITEM.BBHA00,M2(평잔 원계열),,,13103852608999,M2 경제주체별 보유현황(평잔 원계열),2626313.37,십억원
201908,13102852608ACC_ITEM.BBHA00,M2(평잔 원계열),,,13103852608999,M2 경제주체별 보유현황(평잔 원계열),2644620.334,십억원
201909,13102852608ACC_ITEM.BBHA00,M2(평잔 원계열),,,13103852608999,M2 경제주체별 보유현황(평잔 원계열),2657896.057,십억원
201910,13102852608ACC_ITEM.BBHA00,M2(평잔 원계열),,,13103852608999,M2 경제주체별 보유현황(평잔 원계열),2684616.562,십억원
201911,13102852608ACC_ITEM.BBHA00,M2(평잔 원계열),,,13103852608999,M2 경제주체별 보유현황(평잔 원계열),2714224.747,십억원
201912,13102852608ACC_ITEM.BBHA00,M2(평잔 원계열),,,13103852608999,M2 경제주체별 보유현황(평잔 원계열),2709976.722,십억원
201901,13102852608ACC_ITEM.BBHAJ1,가계 및 비영리단체 1),,,13103852608999,M2 경제주체별 보유현황(평잔 원계열),1386146.539,십억원
201902,13102852608ACC_ITEM.BBHAJ1,가계 및 비영리단체 1),,,13103852608999,M2 경제주체별 보유현황(평잔 원계열),1402366.52,십억원
201903,13102852608ACC_ITEM.BBHAJ1,가계 및 비영리단체 1),,,13103852608999,M2 경제주체별 보유현황(평잔 원계열),1403197.306,십억원
201904,13102852608ACC_ITEM.BBHAJ1,가계 및 비영리단체 1),,,13103852608999,M2 경제주체별 보유현황(평잔 원계열),1415306.17,십억원
201905,13102852608ACC_ITEM.BBHAJ1,가계 및 비영리단체 1),,,13103852608999,M2 경제주체별 보유현황(평잔 원계열),1421030.682,십억원
201906,13102852608ACC_ITEM.BBHAJ1,가계 및 비영리단체 1),,,13103852608999,M2 경제주체별 보유현황(평잔 원계열),1421653.17,십억원
201907,13102852608ACC_ITEM.BBHAJ1,가계 및 비영리단체 1),,,13103852608999,M2 경제주체별 보유현황(평잔 원계열),1427170.149,십억원
201908,13102852608ACC_ITEM.BBHAJ1,가계 및 비영리단체 1),,,13103852608999,M2 경제주체별 보유현황(평잔 원계열),1431355.571,십억원
201909,13102852608ACC_ITEM.BBHAJ1,가계 및 비영리단체 1),,,13103852608999,M2 경제주체별 보유현황(평잔 원계열),1443757.619,십억원
201910,13102852608ACC_ITEM.BBHAJ1,가계 및 비영리단체 1),,,13103852608999,M2 경제주체별 보유현황(평잔 원계열),1446378.231,십억원
201911,13102852608ACC_ITEM.BBHAJ1,가계 및 비영리단체 1),,,13103852608999,M2 경제주체별 보유현황(평잔 원계열),1457116.626,십억원
201912,13102852608ACC_ITEM.BBHAJ1,가계 및 비영리단체 1),,,13103852608999,M2 경제주체별 보유현황(평잔 원계열),1466304.787,십억원
201901,13102852608ACC_ITEM.BBHAJ11,기타부문 4),,,13103852608999,M2 경제주체별 보유현황(평잔 원계열),125495.839,십억원
201902,13102852608ACC_ITEM.BBHAJ11,기타부문 4),,,13103852608999,M2 경제주체별 보유현황(평잔 원계열),131249.687,십억원
201903,13102852608ACC_ITEM.BBHAJ11,기타부문 4),,,13103852608999,M2 경제주체별 보유현황(평잔 원계열),136667.747,십억원
201904,13102852608ACC_ITEM.BBHAJ11,기타부문 4),,,13103852608999,M2 경제주체별 보유현황(평잔 원계열),139945.03,십억원
201905,13102852608ACC_ITEM.BBHAJ11,기타부문 4),,,13103852608999,M2 경제주체별 보유현황(평잔 원계열),148441.89,십억원
201906,13102852608ACC_ITEM.BBHAJ11,기타부문 4),,,13103852608999,M2 경제주체별 보유현황(평잔 원계열),153017.295,십억원
201907,13102852608ACC_ITEM.BBHAJ11,기타부문 4),,,13103852608999,M2 경제주체별 보유현황(평잔 원계열),146624.786,십억원
201908,13102852608ACC_ITEM.BBHAJ11,기타부문 4),,,13103852608999,M2 경제주체별 보유현황(평잔 원계열),151683.331,십억원
201909,13102852608ACC_ITEM.BBHAJ11,기타부문 4),,,13103852608999,M2 경제주체별 보유현황(평잔 원계열),152466.032,십억원
201910,13102852608ACC_ITEM.BBHAJ11,기타부문 4),,,13103852608999,M2 경제주체별 보유현황(평잔 원계열),159372.511,십억원
201911,13102852608ACC_ITEM.BBHAJ11,기타부문 4),,,13103852608999,M2 경제주체별 보유현황(평잔 원계열),159076.492,십억원
201912,13102852608ACC_ITEM.BBHAJ11,기타부문 4),,,13103852608999,M2 경제주체별 보유현황(평잔 원계열),146818.752,십억원
201901,13102852608ACC_ITEM.BBHAJ2,비금융기업 2),,,13103852608999,M2 경제주체별 보유현황(평잔 원계열),672786.986,십억원
201902,13102852608ACC_ITEM.BBHAJ2,비금융기업 2),,,13103852608999,M2 경제주체별 보유현황(평잔 원계열),663914.538,십억원
201903,13102852608ACC_ITEM.BBHAJ2,비금융기업 2),,,13103852608999,M2 경제주체별 보유현황(평잔 원계열),680820.388,십억원
201904,13102852608ACC_ITEM.BBHAJ2,비금융기업 2),,,13103852608999,M2 경제주체별 보유현황(평잔 원계열),680074.412,십억원
201905,13102852608ACC_ITEM.BBHAJ2,비금융기업 2),,,13103852608999,M2 경제주체별 보유현황(평잔 원계열),674556.264,십억원
201906,13102852608ACC_ITEM.BBHAJ2,비금융기업 2),,,13103852608999,M2 경제주체별 보유현황(평잔 원계열),692307.879,십억원
201907,13102852608ACC_ITEM.BBHAJ2,비금융기업 2),,,13103852608999,M2 경제주체별 보유현황(평잔 원계열),703766.45,십억원
201908,13102852608ACC_ITEM.BBHAJ2,비금융기업 2),,,13103852608999,M2 경제주체별 보유현황(평잔 원계열),710416.492,십억원
201909,13102852608ACC_ITEM.BBHAJ2,비금융기업 2),,,13103852608999,M2 경제주체별 보유현황(평잔 원계열),709103.196,십억원
201910,13102852608ACC_ITEM.BBHAJ2,비금융기업 2),,,13103852608999,M2 경제주체별 보유현황(평잔 원계열),712495.387,십억원
201911,13102852608ACC_ITEM.BBHAJ2,비금융기업 2),,,13103852608999,M2 경제주체별 보유현황(평잔 원계열),731436.488,십억원
201912,13102852608ACC_ITEM.BBHAJ2,비금융기업 2),,,13103852608999,M2 경제주체별 보유현황(평잔 원계열),741502.126,십억원
201901,13102852608ACC_ITEM.BBHAJ3,기타금융기관 3),,,13103852608999,M2 경제주체별 보유현황(평잔 원계열),357486.984,십억원
201902,13102852608ACC_ITEM.BBHAJ3,기타금융기관 3),,,13103852608999,M2 경제주체별 보유현황(평잔 원계열),354612.087,십억원
201903,13102852608ACC_ITEM.BBHAJ3,기타금융기관 3),,,13103852608999,M2 경제주체별 보유현황(평잔 원계열),346773.398,십억원
201904,13102852608ACC_ITEM.BBHAJ3,기타금융기관 3),,,13103852608999,M2 경제주체별 보유현황(평잔 원계열),351320.187,십억원
201905,13102852608ACC_ITEM.BBHAJ3,기타금융기관 3),,,13103852608999,M2 경제주체별 보유현황(평잔 원계열),344376.751,십억원
201906,13102852608ACC_ITEM.BBHAJ3,기타금융기관 3),,,13103852608999,M2 경제주체별 보유현황(평잔 원계열),343945.607,십억원
201907,13102852608ACC_ITEM.BBHAJ3,기타금융기관 3),,,13103852608999,M2 경제주체별 보유현황(평잔 원계열),348751.985,십억원
201908,13102852608ACC_ITEM.BBHAJ3,기타금융기관 3),,,13103852608999,M2 경제주체별 보유현황(평잔 원계열),351164.937,십억원
201909,13102852608ACC_ITEM.BBHAJ3,기타금융기관 3),,,13103852608999,M2 경제주체별 보유현황(평잔 원계열),352569.21,십억원
201910,13102852608ACC_ITEM.BBHAJ3,기타금융기관 3),,,13103852608999,M2 경제주체별 보유현황(평잔 원계열),366370.434,십억원
201911,13102852608ACC_ITEM.BBHAJ3,기타금융기관 3),,,13103852608999,M2 경제주체별 보유현황(평잔 원계열),366595.142,십억원
201912,13102852608ACC_ITEM.BBHAJ3,기타금융기관 3),,,13103852608999,M2 경제주체별 보유현황(평잔 원계열),355351.057,십억원
202001,13102852608ACC_ITEM.BBHA00,M2(평잔 원계열),,,13103852608999,M2 경제주체별 보유현황(평잔 원계열),2738719.529,십억원
202002,13102852608ACC_ITEM.BBHA00,M2(평잔 원계열),,,13103852608999,M2 경제주체별 보유현황(평잔 원계열),2772876.56,십억원
202003,13102852608ACC_ITEM.BBHA00,M2(평잔 원계열),,,13103852608999,M2 경제주체별 보유현황(평잔 원계열),2797940.597,십억원
202004,13102852608ACC_ITEM.BBHA00,M2(평잔 원계열),,,13103852608999,M2 경제주체별 보유현황(평잔 원계열),2862592.389,십억원
202005,13102852608ACC_ITEM.BBHA00,M2(평잔 원계열),,,13103852608999,M2 경제주체별 보유현황(평잔 원계열),2903430.072,십억원
202006,13102852608ACC_ITEM.BBHA00,M2(평잔 원계열),,,13103852608999,M2 경제주체별 보유현황(평잔 원계열),2924178.427,십억원
202007,13102852608ACC_ITEM.BBHA00,M2(평잔 원계열),,,13103852608999,M2 경제주체별 보유현황(평잔 원계열),2948195.372,십억원
202008,13102852608ACC_ITEM.BBHA00,M2(평잔 원계열),,,13103852608999,M2 경제주체별 보유현황(평잔 원계열),2957258.378,십억원
202009,13102852608ACC_ITEM.BBHA00,M2(평잔 원계열),,,13103852608999,M2 경제주체별 보유현황(평잔 원계열),2975068.249,십억원
202010,13102852608ACC_ITEM.BBHA00,M2(평잔 원계열),,,13103852608999,M2 경제주체별 보유현황(평잔 원계열),3013099.348,십억원
202011,13102852608ACC_ITEM.BBHA00,M2(평잔 원계열),,,13103852608999,M2 경제주체별 보유현황(평잔 원계열),3040116.308,십억원
202012,13102852608ACC_ITEM.BBHA00,M2(평잔 원계열),,,13103852608999,M2 경제주체별 보유현황(평잔 원계열),3042608.892,십억원
202001,13102852608ACC_ITEM.BBHAJ1,가계 및 비영리단체 1),,,13103852608999,M2 경제주체별 보유현황(평잔 원계열),1489850.478,십억원
202002,13102852608ACC_ITEM.BBHAJ1,가계 및 비영리단체 1),,,13103852608999,M2 경제주체별 보유현황(평잔 원계열),1502917.171,십억원
202003,13102852608ACC_ITEM.BBHAJ1,가계 및 비영리단체 1),,,13103852608999,M2 경제주체별 보유현황(평잔 원계열),1511172.205,십억원
202004,13102852608ACC_ITEM.BBHAJ1,가계 및 비영리단체 1),,,13103852608999,M2 경제주체별 보유현황(평잔 원계열),1528500.497,십억원
202005,13102852608ACC_ITEM.BBHAJ1,가계 및 비영리단체 1),,,13103852608999,M2 경제주체별 보유현황(평잔 원계열),1543750.729,십억원
202006,13102852608ACC_ITEM.BBHAJ1,가계 및 비영리단체 1),,,13103852608999,M2 경제주체별 보유현황(평잔 원계열),1553720.839,십억원
202007,13102852608ACC_ITEM.BBHAJ1,가계 및 비영리단체 1),,,13103852608999,M2 경제주체별 보유현황(평잔 원계열),1566005.368,십억원
202008,13102852608ACC_ITEM.BBHAJ1,가계 및 비영리단체 1),,,13103852608999,M2 경제주체별 보유현황(평잔 원계열),1567577.786,십억원
202009,13102852608ACC_ITEM.BBHAJ1,가계 및 비영리단체 1),,,13103852608999,M2 경제주체별 보유현황(평잔 원계열),1570232.603,십억원
202010,13102852608ACC_ITEM.BBHAJ1,가계 및 비영리단체 1),,,13103852608999,M2 경제주체별 보유현황(평잔 원계열),1583753.961,십억원
202011,13102852608ACC_ITEM.BBHAJ1,가계 및 비영리단체 1),,,13103852608999,M2 경제주체별 보유현황(평잔 원계열),1590394.325,십억원
202012,13102852608ACC_ITEM.BBHAJ1,가계 및 비영리단체 1),,,13103852608999,M2 경제주체별 보유현황(평잔 원계열),1600472.785,십억원
202001,13102852608ACC_ITEM.BBHAJ11,기타부문 4),,,13103852608999,M2 경제주체별 보유현황(평잔 원계열),133798.41,십억원
202002,13102852608ACC_ITEM.BBHAJ11,기타부문 4),,,13103852608999,M2 경제주체별 보유현황(평잔 원계열),142428.967,십억원
202003,13102852608ACC_ITEM.BBHAJ11,기타부문 4),,,13103852608999,M2 경제주체별 보유현황(평잔 원계열),148043.734,십억원
202004,13102852608ACC_ITEM.BBHAJ11,기타부문 4),,,13103852608999,M2 경제주체별 보유현황(평잔 원계열),140243.974,십억원
202005,13102852608ACC_ITEM.BBHAJ11,기타부문 4),,,13103852608999,M2 경제주체별 보유현황(평잔 원계열),148432.472,십억원
202006,13102852608ACC_ITEM.BBHAJ11,기타부문 4),,,13103852608999,M2 경제주체별 보유현황(평잔 원계열),146467.903,십억원
202007,13102852608ACC_ITEM.BBHAJ11,기타부문 4),,,13103852608999,M2 경제주체별 보유현황(평잔 원계열),131667.814,십억원
202008,13102852608ACC_ITEM.BBHAJ11,기타부문 4),,,13103852608999,M2 경제주체별 보유현황(평잔 원계열),136053.946,십억원
202009,13102852608ACC_ITEM.BBHAJ11,기타부문 4),,,13103852608999,M2 경제주체별 보유현황(평잔 원계열),141355.119,십억원
202010,13102852608ACC_ITEM.BBHAJ11,기타부문 4),,,13103852608999,M2 경제주체별 보유현황(평잔 원계열),144682.746,십억원
202011,13102852608ACC_ITEM.BBHAJ11,기타부문 4),,,13103852608999,M2 경제주체별 보유현황(평잔 원계열),148410.277,십억원
202012,13102852608ACC_ITEM.BBHAJ11,기타부문 4),,,13103852608999,M2 경제주체별 보유현황(평잔 원계열),142519.466,십억원
202001,13102852608ACC_ITEM.BBHAJ2,비금융기업 2),,,13103852608999,M2 경제주체별 보유현황(평잔 원계열),739884.775,십억원
202002,13102852608ACC_ITEM.BBHAJ2,비금융기업 2),,,13103852608999,M2 경제주체별 보유현황(평잔 원계열),737928.922,십억원
202003,13102852608ACC_ITEM.BBHAJ2,비금융기업 2),,,13103852608999,M2 경제주체별 보유현황(평잔 원계열),759356.559,십억원
202004,13102852608ACC_ITEM.BBHAJ2,비금융기업 2),,,13103852608999,M2 경제주체별 보유현황(평잔 원계열),780946.793,십억원
202005,13102852608ACC_ITEM.BBHAJ2,비금융기업 2),,,13103852608999,M2 경제주체별 보유현황(평잔 원계열),786663.472,십억원
202006,13102852608ACC_ITEM.BBHAJ2,비금융기업 2),,,13103852608999,M2 경제주체별 보유현황(평잔 원계열),802711.406,십억원
202007,13102852608ACC_ITEM.BBHAJ2,비금융기업 2),,,13103852608999,M2 경제주체별 보유현황(평잔 원계열),817912.945,십억원
202008,13102852608ACC_ITEM.BBHAJ2,비금융기업 2),,,13103852608999,M2 경제주체별 보유현황(평잔 원계열),822527.026,십억원
202009,13102852608ACC_ITEM.BBHAJ2,비금융기업 2),,,13103852608999,M2 경제주체별 보유현황(평잔 원계열),833121.797,십억원
202010,13102852608ACC_ITEM.BBHAJ2,비금융기업 2),,,13103852608999,M2 경제주체별 보유현황(평잔 원계열),843221.153,십억원
202011,13102852608ACC_ITEM.BBHAJ2,비금융기업 2),,,13103852608999,M2 경제주체별 보유현황(평잔 원계열),859271.985,십억원
202012,13102852608ACC_ITEM.BBHAJ2,비금융기업 2),,,13103852608999,M2 경제주체별 보유현황(평잔 원계열),873630.844,십억원
202001,13102852608ACC_ITEM.BBHAJ3,기타금융기관 3),,,13103852608999,M2 경제주체별 보유현황(평잔 원계열),375185.865,십억원
202002,13102852608ACC_ITEM.BBHAJ3,기타금융기관 3),,,13103852608999,M2 경제주체별 보유현황(평잔 원계열),389601.499,십억원
202003,13102852608ACC_ITEM.BBHAJ3,기타금융기관 3),,,13103852608999,M2 경제주체별 보유현황(평잔 원계열),379368.098,십억원
202004,13102852608ACC_ITEM.BBHAJ3,기타금융기관 3),,,13103852608999,M2 경제주체별 보유현황(평잔 원계열),412901.126,십억원
202005,13102852608ACC_ITEM.BBHAJ3,기타금융기관 3),,,13103852608999,M2 경제주체별 보유현황(평잔 원계열),424583.399,십억원
202006,13102852608ACC_ITEM.BBHAJ3,기타금융기관 3),,,13103852608999,M2 경제주체별 보유현황(평잔 원계열),421278.276,십억원
202007,13102852608ACC_ITEM.BBHAJ3,기타금융기관 3),,,13103852608999,M2 경제주체별 보유현황(평잔 원계열),432609.245,십억원
202008,13102852608ACC_ITEM.BBHAJ3,기타금융기관 3),,,13103852608999,M2 경제주체별 보유현황(평잔 원계열),431099.621,십억원
202009,13102852608ACC_ITEM.BBHAJ3,기타금융기관 3),,,13103852608999,M2 경제주체별 보유현황(평잔 원계열),430358.73,십억원
202010,13102852608ACC_ITEM.BBHAJ3,기타금융기관 3),,,13103852608999,M2 경제주체별 보유현황(평잔 원계열),441441.488,십억원
202011,13102852608ACC_ITEM.BBHAJ3,기타금융기관 3),,,13103852608999,M2 경제주체별 보유현황(평잔 원계열),442039.721,십억원
202012,13102852608ACC_ITEM.BBHAJ3,기타금융기관 3),,,13103852608999,M2 경제주체별 보유현황(평잔 원계열),425985.796,십억원
202101,13102852608ACC_ITEM.BBHA00,M2(평잔 원계열),,,13103852608999,M2 경제주체별 보유현황(평잔 원계열),3068301.064,십억원
202102,13102852608ACC_ITEM.BBHA00,M2(평잔 원계열),,,13103852608999,M2 경제주체별 보유현황(평잔 원계열),3109468.894,십억원
202103,13102852608ACC_ITEM.BBHA00,M2(평잔 원계열),,,13103852608999,M2 경제주체별 보유현황(평잔 원계열),3139905.295,십억원
202104,13102852608ACC_ITEM.BBHA00,M2(평잔 원계열),,,13103852608999,M2 경제주체별 보유현황(평잔 원계열),3187670.135,십억원
202105,13102852608ACC_ITEM.BBHA00,M2(평잔 원계열),,,13103852608999,M2 경제주체별 보유현황(평잔 원계열),3215002.699,십억원
202106,13102852608ACC_ITEM.BBHA00,M2(평잔 원계열),,,13103852608999,M2 경제주체별 보유현황(평잔 원계열),3226311.924,십억원
202107,13102852608ACC_ITEM.BBHA00,M2(평잔 원계열),,,13103852608999,M2 경제주체별 보유현황(평잔 원계열),3267778.258,십억원
202108,13102852608ACC_ITEM.BBHA00,M2(평잔 원계열),,,13103852608999,M2 경제주체별 보유현황(평잔 원계열),3292680.537,십억원
202109,13102852608ACC_ITEM.BBHA00,M2(평잔 원계열),,,13103852608999,M2 경제주체별 보유현황(평잔 원계열),3308123.352,십억원
202110,13102852608ACC_ITEM.BBHA00,M2(평잔 원계열),,,13103852608999,M2 경제주체별 보유현황(평잔 원계열),3350628.529,십억원
202111,13102852608ACC_ITEM.BBHA00,M2(평잔 원계열),,,13103852608999,M2 경제주체별 보유현황(평잔 원계열),3391820.693,십억원
202112,13102852608ACC_ITEM.BBHA00,M2(평잔 원계열),,,13103852608999,M2 경제주체별 보유현황(평잔 원계열),3403332.557,십억원
202101,13102852608ACC_ITEM.BBHAJ1,가계 및 비영리단체 1),,,13103852608999,M2 경제주체별 보유현황(평잔 원계열),1613844.283,십억원
202102,13102852608ACC_ITEM.BBHAJ1,가계 및 비영리단체 1),,,13103852608999,M2 경제주체별 보유현황(평잔 원계열),1632438.401,십억원
202103,13102852608ACC_ITEM.BBHAJ1,가계 및 비영리단체 1),,,13103852608999,M2 경제주체별 보유현황(평잔 원계열),1629879.541,십억원
202104,13102852608ACC_ITEM.BBHAJ1,가계 및 비영리단체 1),,,13103852608999,M2 경제주체별 보유현황(평잔 원계열),1646099.67,십억원
202105,13102852608ACC_ITEM.BBHAJ1,가계 및 비영리단체 1),,,13103852608999,M2 경제주체별 보유현황(평잔 원계열),1650844.042,십억원
202106,13102852608ACC_ITEM.BBHAJ1,가계 및 비영리단체 1),,,13103852608999,M2 경제주체별 보유현황(평잔 원계열),1661592.039,십억원
202107,13102852608ACC_ITEM.BBHAJ1,가계 및 비영리단체 1),,,13103852608999,M2 경제주체별 보유현황(평잔 원계열),1667683.029,십억원
202108,13102852608ACC_ITEM.BBHAJ1,가계 및 비영리단체 1),,,13103852608999,M2 경제주체별 보유현황(평잔 원계열),1671751.456,십억원
202109,13102852608ACC_ITEM.BBHAJ1,가계 및 비영리단체 1),,,13103852608999,M2 경제주체별 보유현황(평잔 원계열),1688889.535,십억원
202110,13102852608ACC_ITEM.BBHAJ1,가계 및 비영리단체 1),,,13103852608999,M2 경제주체별 보유현황(평잔 원계열),1701152.939,십억원
202111,13102852608ACC_ITEM.BBHAJ1,가계 및 비영리단체 1),,,13103852608999,M2 경제주체별 보유현황(평잔 원계열),1713445.889,십억원
202112,13102852608ACC_ITEM.BBHAJ1,가계 및 비영리단체 1),,,13103852608999,M2 경제주체별 보유현황(평잔 원계열),1728348.068,십억원
202101,13102852608ACC_ITEM.BBHAJ11,기타부문 4),,,13103852608999,M2 경제주체별 보유현황(평잔 원계열),134420.446,십억원
202102,13102852608ACC_ITEM.BBHAJ11,기타부문 4),,,13103852608999,M2 경제주체별 보유현황(평잔 원계열),139914.926,십억원
202103,13102852608ACC_ITEM.BBHAJ11,기타부문 4),,,13103852608999,M2 경제주체별 보유현황(평잔 원계열),146788.385,십억원
202104,13102852608ACC_ITEM.BBHAJ11,기타부문 4),,,13103852608999,M2 경제주체별 보유현황(평잔 원계열),149176.257,십억원
202105,13102852608ACC_ITEM.BBHAJ11,기타부문 4),,,13103852608999,M2 경제주체별 보유현황(평잔 원계열),153841.576,십억원
202106,13102852608ACC_ITEM.BBHAJ11,기타부문 4),,,13103852608999,M2 경제주체별 보유현황(평잔 원계열),162931.709,십억원
202107,13102852608ACC_ITEM.BBHAJ11,기타부문 4),,,13103852608999,M2 경제주체별 보유현황(평잔 원계열),158301.179,십억원
202108,13102852608ACC_ITEM.BBHAJ11,기타부문 4),,,13103852608999,M2 경제주체별 보유현황(평잔 원계열),165655.028,십억원
202109,13102852608ACC_ITEM.BBHAJ11,기타부문 4),,,13103852608999,M2 경제주체별 보유현황(평잔 원계열),172511.457,십억원
202110,13102852608ACC_ITEM.BBHAJ11,기타부문 4),,,13103852608999,M2 경제주체별 보유현황(평잔 원계열),177801.967,십억원
202111,13102852608ACC_ITEM.BBHAJ11,기타부문 4),,,13103852608999,M2 경제주체별 보유현황(평잔 원계열),176664.981,십억원
202112,13102852608ACC_ITEM.BBHAJ11,기타부문 4),,,13103852608999,M2 경제주체별 보유현황(평잔 원계열),162800.17,십억원
202101,13102852608ACC_ITEM.BBHAJ2,비금융기업 2),,,13103852608999,M2 경제주체별 보유현황(평잔 원계열),875486.117,십억원
202102,13102852608ACC_ITEM.BBHAJ2,비금융기업 2),,,13103852608999,M2 경제주체별 보유현황(평잔 원계열),882498.687,십억원
202103,13102852608ACC_ITEM.BBHAJ2,비금융기업 2),,,13103852608999,M2 경제주체별 보유현황(평잔 원계열),907609.938,십억원
202104,13102852608ACC_ITEM.BBHAJ2,비금융기업 2),,,13103852608999,M2 경제주체별 보유현황(평잔 원계열),923344.338,십억원
202105,13102852608ACC_ITEM.BBHAJ2,비금융기업 2),,,13103852608999,M2 경제주체별 보유현황(평잔 원계열),925007.777,십억원
202106,13102852608ACC_ITEM.BBHAJ2,비금융기업 2),,,13103852608999,M2 경제주체별 보유현황(평잔 원계열),938510.607,십억원
202107,13102852608ACC_ITEM.BBHAJ2,비금융기업 2),,,13103852608999,M2 경제주체별 보유현황(평잔 원계열),956768.547,십억원
202108,13102852608ACC_ITEM.BBHAJ2,비금융기업 2),,,13103852608999,M2 경제주체별 보유현황(평잔 원계열),970047.177,십억원
202109,13102852608ACC_ITEM.BBHAJ2,비금융기업 2),,,13103852608999,M2 경제주체별 보유현황(평잔 원계열),973759.257,십억원
202110,13102852608ACC_ITEM.BBHAJ2,비금융기업 2),,,13103852608999,M2 경제주체별 보유현황(평잔 원계열),977104.318,십억원
202111,13102852608ACC_ITEM.BBHAJ2,비금융기업 2),,,13103852608999,M2 경제주체별 보유현황(평잔 원계열),992136.353,십억원
202112,13102852608ACC_ITEM.BBHAJ2,비금융기업 2),,,13103852608999,M2 경제주체별 보유현황(평잔 원계열),1014948.918,십억원
202101,13102852608ACC_ITEM.BBHAJ3,기타금융기관 3),,,13103852608999,M2 경제주체별 보유현황(평잔 원계열),444550.217,십억원
202102,13102852608ACC_ITEM.BBHAJ3,기타금융기관 3),,,13103852608999,M2 경제주체별 보유현황(평잔 원계열),454616.881,십억원
202103,13102852608ACC_ITEM.BBHAJ3,기타금융기관 3),,,13103852608999,M2 경제주체별 보유현황(평잔 원계열),455627.43,십억원
202104,13102852608ACC_ITEM.BBHAJ3,기타금융기관 3),,,13103852608999,M2 경제주체별 보유현황(평잔 원계열),469049.87,십억원
202105,13102852608ACC_ITEM.BBHAJ3,기타금융기관 3),,,13103852608999,M2 경제주체별 보유현황(평잔 원계열),485309.303,십억원
202106,13102852608ACC_ITEM.BBHAJ3,기타금융기관 3),,,13103852608999,M2 경제주체별 보유현황(평잔 원계열),463277.568,십억원
202107,13102852608ACC_ITEM.BBHAJ3,기타금융기관 3),,,13103852608999,M2 경제주체별 보유현황(평잔 원계열),485025.504,십억원
202108,13102852608ACC_ITEM.BBHAJ3,기타금융기관 3),,,13103852608999,M2 경제주체별 보유현황(평잔 원계열),485226.877,십억원
202109,13102852608ACC_ITEM.BBHAJ3,기타금융기관 3),,,13103852608999,M2 경제주체별 보유현황(평잔 원계열),472963.104,십억원
202110,13102852608ACC_ITEM.BBHAJ3,기타금융기관 3),,,13103852608999,M2 경제주체별 보유현황(평잔 원계열),494569.305,십억원
202111,13102852608ACC_ITEM.BBHAJ3,기타금융기관 3),,,13103852608999,M2 경제주체별 보유현황(평잔 원계열),509573.47,십억원
202112,13102852608ACC_ITEM.BBHAJ3,기타금융기관 3),,,13103852608999,M2 경제주체별 보유현황(평잔 원계열),497235.401,십억원
202201,13102852608ACC_ITEM.BBHA00,M2(평잔 원계열),,,13103852608999,M2 경제주체별 보유현황(평잔 원계열),3440654.109,십억원
202202,13102852608ACC_ITEM.BBHA00,M2(평잔 원계열),,,13103852608999,M2 경제주체별 보유현황(평잔 원계열),3471671.03,십억원
202203,13102852608ACC_ITEM.BBHA00,M2(평잔 원계열),,,13103852608999,M2 경제주체별 보유현황(평잔 원계열),3492163.007,십억원
202204,13102852608ACC_ITEM.BBHA00,M2(평잔 원계열),,,13103852608999,M2 경제주체별 보유현황(평잔 원계열),3512106.319,십억원
202205,13102852608ACC_ITEM.BBHA00,M2(평잔 원계열),,,13103852608999,M2 경제주체별 보유현황(평잔 원계열),3536838.97,십억원
202206,13102852608ACC_ITEM.BBHA00,M2(평잔 원계열),,,13103852608999,M2 경제주체별 보유현황(평잔 원계열),3557150.903,십억원
202207,13102852608ACC_ITEM.BBHA00,M2(평잔 원계열),,,13103852608999,M2 경제주체별 보유현황(평잔 원계열),3577276.839,십억원
202208,13102852608ACC_ITEM.BBHA00,M2(평잔 원계열),,,13103852608999,M2 경제주체별 보유현황(평잔 원계열),3598797.945,십억원
202209,13102852608ACC_ITEM.BBHA00,M2(평잔 원계열),,,13103852608999,M2 경제주체별 보유현황(평잔 원계열),3603613.66,십억원
202210,13102852608ACC_ITEM.BBHA00,M2(평잔 원계열),,,13103852608999,M2 경제주체별 보유현황(평잔 원계열),3633484.056,십억원
202211,13102852608ACC_ITEM.BBHA00,M2(평잔 원계열),,,13103852608999,M2 경제주체별 보유현황(평잔 원계열),3681908.192,십억원
202212,13102852608ACC_ITEM.BBHA00,M2(평잔 원계열),,,13103852608999,M2 경제주체별 보유현황(평잔 원계열),3679694.189401,십억원
202201,13102852608ACC_ITEM.BBHAJ1,가계 및 비영리단체 1),,,13103852608999,M2 경제주체별 보유현황(평잔 원계열),1749355.737,십억원
202202,13102852608ACC_ITEM.BBHAJ1,가계 및 비영리단체 1),,,13103852608999,M2 경제주체별 보유현황(평잔 원계열),1769056.623,십억원
202203,13102852608ACC_ITEM.BBHAJ1,가계 및 비영리단체 1),,,13103852608999,M2 경제주체별 보유현황(평잔 원계열),1781012.821,십억원
202204,13102852608ACC_ITEM.BBHAJ1,가계 및 비영리단체 1),,,13103852608999,M2 경제주체별 보유현황(평잔 원계열),1803522.485,십억원
202205,13102852608ACC_ITEM.BBHAJ1,가계 및 비영리단체 1),,,13103852608999,M2 경제주체별 보유현황(평잔 원계열),1813231.579,십억원
202206,13102852608ACC_ITEM.BBHAJ1,가계 및 비영리단체 1),,,13103852608999,M2 경제주체별 보유현황(평잔 원계열),1827425.903,십억원
202207,13102852608ACC_ITEM.BBHAJ1,가계 및 비영리단체 1),,,13103852608999,M2 경제주체별 보유현황(평잔 원계열),1836705.674,십억원
202208,13102852608ACC_ITEM.BBHAJ1,가계 및 비영리단체 1),,,13103852608999,M2 경제주체별 보유현황(평잔 원계열),1848133.395,십억원
202209,13102852608ACC_ITEM.BBHAJ1,가계 및 비영리단체 1),,,13103852608999,M2 경제주체별 보유현황(평잔 원계열),1861758.555,십억원
202210,13102852608ACC_ITEM.BBHAJ1,가계 및 비영리단체 1),,,13103852608999,M2 경제주체별 보유현황(평잔 원계열),1867075.974,십억원
202211,13102852608ACC_ITEM.BBHAJ1,가계 및 비영리단체 1),,,13103852608999,M2 경제주체별 보유현황(평잔 원계열),1885067.804,십억원
202212,13102852608ACC_ITEM.BBHAJ1,가계 및 비영리단체 1),,,13103852608999,M2 경제주체별 보유현황(평잔 원계열),1903726.588762,십억원
202201,13102852608ACC_ITEM.BBHAJ11,기타부문 4),,,13103852608999,M2 경제주체별 보유현황(평잔 원계열),150155.722,십억원
202202,13102852608ACC_ITEM.BBHAJ11,기타부문 4),,,13103852608999,M2 경제주체별 보유현황(평잔 원계열),152940.475,십억원
202203,13102852608ACC_ITEM.BBHAJ11,기타부문 4),,,13103852608999,M2 경제주체별 보유현황(평잔 원계열),163286.549,십억원
202204,13102852608ACC_ITEM.BBHAJ11,기타부문 4),,,13103852608999,M2 경제주체별 보유현황(평잔 원계열),162563.57,십억원
202205,13102852608ACC_ITEM.BBHAJ11,기타부문 4),,,13103852608999,M2 경제주체별 보유현황(평잔 원계열),173679.867,십억원
202206,13102852608ACC_ITEM.BBHAJ11,기타부문 4),,,13103852608999,M2 경제주체별 보유현황(평잔 원계열),185825.153,십억원
202207,13102852608ACC_ITEM.BBHAJ11,기타부문 4),,,13103852608999,M2 경제주체별 보유현황(평잔 원계열),175636.334,십억원
202208,13102852608ACC_ITEM.BBHAJ11,기타부문 4),,,13103852608999,M2 경제주체별 보유현황(평잔 원계열),183882.834,십억원
202209,13102852608ACC_ITEM.BBHAJ11,기타부문 4),,,13103852608999,M2 경제주체별 보유현황(평잔 원계열),186311.93,십억원
202210,13102852608ACC_ITEM.BBHAJ11,기타부문 4),,,13103852608999,M2 경제주체별 보유현황(평잔 원계열),193593.267,십억원
202211,13102852608ACC_ITEM.BBHAJ11,기타부문 4),,,13103852608999,M2 경제주체별 보유현황(평잔 원계열),203690.257,십억원
202212,13102852608ACC_ITEM.BBHAJ11,기타부문 4),,,13103852608999,M2 경제주체별 보유현황(평잔 원계열),194585.755927,십억원
202201,13102852608ACC_ITEM.BBHAJ2,비금융기업 2),,,13103852608999,M2 경제주체별 보유현황(평잔 원계열),991963.155,십억원
202202,13102852608ACC_ITEM.BBHAJ2,비금융기업 2),,,13103852608999,M2 경제주체별 보유현황(평잔 원계열),991439.604,십억원
202203,13102852608ACC_ITEM.BBHAJ2,비금융기업 2),,,13103852608999,M2 경제주체별 보유현황(평잔 원계열),1003934.45,십억원
202204,13102852608ACC_ITEM.BBHAJ2,비금융기업 2),,,13103852608999,M2 경제주체별 보유현황(평잔 원계열),1004887.337,십억원
202205,13102852608ACC_ITEM.BBHAJ2,비금융기업 2),,,13103852608999,M2 경제주체별 보유현황(평잔 원계열),1003366.188,십억원
202206,13102852608ACC_ITEM.BBHAJ2,비금융기업 2),,,13103852608999,M2 경제주체별 보유현황(평잔 원계열),1006511.895,십억원
202207,13102852608ACC_ITEM.BBHAJ2,비금융기업 2),,,13103852608999,M2 경제주체별 보유현황(평잔 원계열),1025337.287,십억원
202208,13102852608ACC_ITEM.BBHAJ2,비금융기업 2),,,13103852608999,M2 경제주체별 보유현황(평잔 원계열),1020271.181,십억원
202209,13102852608ACC_ITEM.BBHAJ2,비금융기업 2),,,13103852608999,M2 경제주체별 보유현황(평잔 원계열),1018461.475,십억원
202210,13102852608ACC_ITEM.BBHAJ2,비금융기업 2),,,13103852608999,M2 경제주체별 보유현황(평잔 원계열),1022131.192,십억원
202211,13102852608ACC_ITEM.BBHAJ2,비금융기업 2),,,13103852608999,M2 경제주체별 보유현황(평잔 원계열),1022297.945,십억원
202212,13102852608ACC_ITEM.BBHAJ2,비금융기업 2),,,13103852608999,M2 경제주체별 보유현황(평잔 원계열),1011467.581763,십억원
202201,13102852608ACC_ITEM.BBHAJ3,기타금융기관 3),,,13103852608999,M2 경제주체별 보유현황(평잔 원계열),549179.495,십억원
202202,13102852608ACC_ITEM.BBHAJ3,기타금융기관 3),,,13103852608999,M2 경제주체별 보유현황(평잔 원계열),558234.329,십억원
202203,13102852608ACC_ITEM.BBHAJ3,기타금융기관 3),,,13103852608999,M2 경제주체별 보유현황(평잔 원계열),543929.187,십억원
202204,13102852608ACC_ITEM.BBHAJ3,기타금융기관 3),,,13103852608999,M2 경제주체별 보유현황(평잔 원계열),541132.928,십억원
202205,13102852608ACC_ITEM.BBHAJ3,기타금융기관 3),,,13103852608999,M2 경제주체별 보유현황(평잔 원계열),546561.337,십억원
202206,13102852608ACC_ITEM.BBHAJ3,기타금융기관 3),,,13103852608999,M2 경제주체별 보유현황(평잔 원계열),537387.953,십억원
202207,13102852608ACC_ITEM.BBHAJ3,기타금융기관 3),,,13103852608999,M2 경제주체별 보유현황(평잔 원계열),539597.543,십억원
202208,13102852608ACC_ITEM.BBHAJ3,기타금융기관 3),,,13103852608999,M2 경제주체별 보유현황(평잔 원계열),546510.537,십억원
202209,13102852608ACC_ITEM.BBHAJ3,기타금융기관 3),,,13103852608999,M2 경제주체별 보유현황(평잔 원계열),537081.701,십억원
202210,13102852608ACC_ITEM.BBHAJ3,기타금융기관 3),,,13103852608999,M2 경제주체별 보유현황(평잔 원계열),550683.621,십억원
202211,13102852608ACC_ITEM.BBHAJ3,기타금융기관 3),,,13103852608999,M2 경제주체별 보유현황(평잔 원계열),570852.186,십억원
202212,13102852608ACC_ITEM.BBHAJ3,기타금융기관 3),,,13103852608999,M2 경제주체별 보유현황(평잔 원계열),569914.273548,십억원
202301,13102852608ACC_ITEM.BBHA00,M2(평잔 원계열),,,13103852608999,M2 경제주체별 보유현황(평잔 원계열),3682287.705483,십억원
202302,13102852608ACC_ITEM.BBHA00,M2(평잔 원계열),,,13103852608999,M2 경제주체별 보유현황(평잔 원계열),3685209.282327,십억원
202303,13102852608ACC_ITEM.BBHA00,M2(평잔 원계열),,,13103852608999,M2 경제주체별 보유현황(평잔 원계열),3686478.353398,십억원
202304,13102852608ACC_ITEM.BBHA00,M2(평잔 원계열),,,13103852608999,M2 경제주체별 보유현황(평잔 원계열),3676695.133731,십억원
202305,13102852608ACC_ITEM.BBHA00,M2(평잔 원계열),,,13103852608999,M2 경제주체별 보유현황(평잔 원계열),3663874.890948,십억원
202306,13102852608ACC_ITEM.BBHA00,M2(평잔 원계열),,,13103852608999,M2 경제주체별 보유현황(평잔 원계열),3677915.495229,십억원
202307,13102852608ACC_ITEM.BBHA00,M2(평잔 원계열),,,13103852608999,M2 경제주체별 보유현황(평잔 원계열),3711566.127934,십억원
202308,13102852608ACC_ITEM.BBHA00,M2(평잔 원계열),,,13103852608999,M2 경제주체별 보유현황(평잔 원계열),3702521.959835,십억원
202309,13102852608ACC_ITEM.BBHA00,M2(평잔 원계열),,,13103852608999,M2 경제주체별 보유현황(평잔 원계열),3707489.517525,십억원
202310,13102852608ACC_ITEM.BBHA00,M2(평잔 원계열),,,13103852608999,M2 경제주체별 보유현황(평잔 원계열),3724082.92392,십억원
202311,13102852608ACC_ITEM.BBHA00,M2(평잔 원계열),,,13103852608999,M2 경제주체별 보유현황(평잔 원계열),3756518.240993,십억원
202312,13102852608ACC_ITEM.BBHA00,M2(평잔 원계열),,,13103852608999,M2 경제주체별 보유현황(평잔 원계열),3747579.626238,십억원
202301,13102852608ACC_ITEM.BBHAJ1,가계 및 비영리단체 1),,,13103852608999,M2 경제주체별 보유현황(평잔 원계열),1935209.286782,십억원
202302,13102852608ACC_ITEM.BBHAJ1,가계 및 비영리단체 1),,,13103852608999,M2 경제주체별 보유현황(평잔 원계열),1948337.144461,십억원
202303,13102852608ACC_ITEM.BBHAJ1,가계 및 비영리단체 1),,,13103852608999,M2 경제주체별 보유현황(평잔 원계열),1960277.37481,십억원
202304,13102852608ACC_ITEM.BBHAJ1,가계 및 비영리단체 1),,,13103852608999,M2 경제주체별 보유현황(평잔 원계열),1985213.522755,십억원
202305,13102852608ACC_ITEM.BBHAJ1,가계 및 비영리단체 1),,,13103852608999,M2 경제주체별 보유현황(평잔 원계열),1986350.716042,십억원
202306,13102852608ACC_ITEM.BBHAJ1,가계 및 비영리단체 1),,,13103852608999,M2 경제주체별 보유현황(평잔 원계열),1985836.701917,십억원
202307,13102852608ACC_ITEM.BBHAJ1,가계 및 비영리단체 1),,,13103852608999,M2 경제주체별 보유현황(평잔 원계열),1993653.796938,십억원
202308,13102852608ACC_ITEM.BBHAJ1,가계 및 비영리단체 1),,,13103852608999,M2 경제주체별 보유현황(평잔 원계열),1994080.889329,십억원
202309,13102852608ACC_ITEM.BBHAJ1,가계 및 비영리단체 1),,,13103852608999,M2 경제주체별 보유현황(평잔 원계열),2002411.855064,십억원
202310,13102852608ACC_ITEM.BBHAJ1,가계 및 비영리단체 1),,,13103852608999,M2 경제주체별 보유현황(평잔 원계열),2010991.640295,십억원
202311,13102852608ACC_ITEM.BBHAJ1,가계 및 비영리단체 1),,,13103852608999,M2 경제주체별 보유현황(평잔 원계열),2014926.541078,십억원
202312,13102852608ACC_ITEM.BBHAJ1,가계 및 비영리단체 1),,,13103852608999,M2 경제주체별 보유현황(평잔 원계열),2025935.35377,십억원
202312,13102852608ACC_ITEM.BBHAJ10,전속금융기관 및 대부업체,,,13103852608999,M2 경제주체별 보유현황(평잔 원계열),55696.408493,십억원
202301,13102852608ACC_ITEM.BBHAJ11,기타부문 4),,,13103852608999,M2 경제주체별 보유현황(평잔 원계열),178718.989123,십억원
202302,13102852608ACC_ITEM.BBHAJ11,기타부문 4),,,13103852608999,M2 경제주체별 보유현황(평잔 원계열),183941.261203,십억원
202303,13102852608ACC_ITEM.BBHAJ11,기타부문 4),,,13103852608999,M2 경제주체별 보유현황(평잔 원계열),190616.174799,십억원
202304,13102852608ACC_ITEM.BBHAJ11,기타부문 4),,,13103852608999,M2 경제주체별 보유현황(평잔 원계열),179523.633559,십억원
202305,13102852608ACC_ITEM.BBHAJ11,기타부문 4),,,13103852608999,M2 경제주체별 보유현황(평잔 원계열),183376.585752,십억원
202306,13102852608ACC_ITEM.BBHAJ11,기타부문 4),,,13103852608999,M2 경제주체별 보유현황(평잔 원계열),189452.879423,십억원
202307,13102852608ACC_ITEM.BBHAJ11,기타부문 4),,,13103852608999,M2 경제주체별 보유현황(평잔 원계열),185272.568233,십억원
202308,13102852608ACC_ITEM.BBHAJ11,기타부문 4),,,13103852608999,M2 경제주체별 보유현황(평잔 원계열),193642.773784,십억원
202309,13102852608ACC_ITEM.BBHAJ11,기타부문 4),,,13103852608999,M2 경제주체별 보유현황(평잔 원계열),196747.158433,십억원
202310,13102852608ACC_ITEM.BBHAJ11,기타부문 4),,,13103852608999,M2 경제주체별 보유현황(평잔 원계열),198519.342857,십억원
202311,13102852608ACC_ITEM.BBHAJ11,기타부문 4),,,13103852608999,M2 경제주체별 보유현황(평잔 원계열),199225.652168,십억원
202312,13102852608ACC_ITEM.BBHAJ11,기타부문 4),,,13103852608999,M2 경제주체별 보유현황(평잔 원계열),193105.770188,십억원
202301,13102852608ACC_ITEM.BBHAJ2,비금융기업 2),,,13103852608999,M2 경제주체별 보유현황(평잔 원계열),999396.656018,십억원
202302,13102852608ACC_ITEM.BBHAJ2,비금융기업 2),,,13103852608999,M2 경제주체별 보유현황(평잔 원계열),988524.149552,십억원
202303,13102852608ACC_ITEM.BBHAJ2,비금융기업 2),,,13103852608999,M2 경제주체별 보유현황(평잔 원계열),986716.34368,십억원
202304,13102852608ACC_ITEM.BBHAJ2,비금융기업 2),,,13103852608999,M2 경제주체별 보유현황(평잔 원계열),982539.639649,십억원
202305,13102852608ACC_ITEM.BBHAJ2,비금융기업 2),,,13103852608999,M2 경제주체별 보유현황(평잔 원계열),977143.553847,십억원
202306,13102852608ACC_ITEM.BBHAJ2,비금융기업 2),,,13103852608999,M2 경제주체별 보유현황(평잔 원계열),981918.641834,십억원
202307,13102852608ACC_ITEM.BBHAJ2,비금융기업 2),,,13103852608999,M2 경제주체별 보유현황(평잔 원계열),1002956.463165,십억원
202308,13102852608ACC_ITEM.BBHAJ2,비금융기업 2),,,13103852608999,M2 경제주체별 보유현황(평잔 원계열),995952.121228,십억원
202309,13102852608ACC_ITEM.BBHAJ2,비금융기업 2),,,13103852608999,M2 경제주체별 보유현황(평잔 원계열),987771.176246,십억원
202310,13102852608ACC_ITEM.BBHAJ2,비금융기업 2),,,13103852608999,M2 경제주체별 보유현황(평잔 원계열),994109.270439,십억원
202311,13102852608ACC_ITEM.BBHAJ2,비금융기업 2),,,13103852608999,M2 경제주체별 보유현황(평잔 원계열),998413.508906,십억원
202312,13102852608ACC_ITEM.BBHAJ2,비금융기업 2),,,13103852608999,M2 경제주체별 보유현황(평잔 원계열),989985.600339,십억원
202301,13102852608ACC_ITEM.BBHAJ3,기타금융기관 3),,,13103852608999,M2 경제주체별 보유현황(평잔 원계열),568962.768077,십억원
202302,13102852608ACC_ITEM.BBHAJ3,기타금융기관 3),,,13103852608999,M2 경제주체별 보유현황(평잔 원계열),564406.744784,십억원
202303,13102852608ACC_ITEM.BBHAJ3,기타금융기관 3),,,13103852608999,M2 경제주체별 보유현황(평잔 원계열),548868.306711,십억원
202304,13102852608ACC_ITEM.BBHAJ3,기타금융기관 3),,,13103852608999,M2 경제주체별 보유현황(평잔 원계열),529418.304037,십억원
202305,13102852608ACC_ITEM.BBHAJ3,기타금융기관 3),,,13103852608999,M2 경제주체별 보유현황(평잔 원계열),517004.044359,십억원
202306,13102852608ACC_ITEM.BBHAJ3,기타금융기관 3),,,13103852608999,M2 경제주체별 보유현황(평잔 원계열),520707.276826,십억원
202307,13102852608ACC_ITEM.BBHAJ3,기타금융기관 3),,,13103852608999,M2 경제주체별 보유현황(평잔 원계열),529683.271664,십억원
202308,13102852608ACC_ITEM.BBHAJ3,기타금융기관 3),,,13103852608999,M2 경제주체별 보유현황(평잔 원계열),518846.115658,십억원
202309,13102852608ACC_ITEM.BBHAJ3,기타금융기관 3),,,13103852608999,M2 경제주체별 보유현황(평잔 원계열),520559.310257,십억원
202310,13102852608ACC_ITEM.BBHAJ3,기타금융기관 3),,,13103852608999,M2 경제주체별 보유현황(평잔 원계열),520462.646409,십억원
202311,13102852608ACC_ITEM.BBHAJ3,기타금융기관 3),,,13103852608999,M2 경제주체별 보유현황(평잔 원계열),543952.497848,십억원
202312,13102852608ACC_ITEM.BBHAJ3,기타금융기관 3),,,13103852608999,M2 경제주체별 보유현황(평잔 원계열),538552.901941,십억원
202312,13102852608ACC_ITEM.BBHAJ4,Non-MMF,,,13103852608999,M2 경제주체별 보유현황(평잔 원계열),40910.659582,십억원
202312,13102852608ACC_ITEM.BBHAJ5,보험기관,,,13103852608999,M2 경제주체별 보유현황(평잔 원계열),50965.560403,십억원
202312,13102852608ACC_ITEM.BBHAJ6,연금기금,,,13103852608999,M2 경제주체별 보유현황(평잔 원계열),119418.133451,십억원
202312,13102852608ACC_ITEM.BBHAJ7,기타금융중개기관,,,13103852608999,M2 경제주체별 보유현황(평잔 원계열),230907.759994,십억원
202312,13102852608ACC_ITEM.BBHAJ9,금융보조기관,,,13103852608999,M2 경제주체별 보유현황(평잔 원계열),40654.380017,십억원
202401,13102852608ACC_ITEM.BBHA00,M2(평잔 원계열),,,13103852608999,M2 경제주체별 보유현황(평잔 원계열),3725946.066388,십억원
202402,13102852608ACC_ITEM.BBHA00,M2(평잔 원계열),,,13103852608999,M2 경제주체별 보유현황(평잔 원계열),3758300.250775,십억원
202403,13102852608ACC_ITEM.BBHA00,M2(평잔 원계열),,,13103852608999,M2 경제주체별 보유현황(평잔 원계열),3811740.143706,십억원
202404,13102852608ACC_ITEM.BBHA00,M2(평잔 원계열),,,13103852608999,M2 경제주체별 보유현황(평잔 원계열),3814826.309216,십억원
202405,13102852608ACC_ITEM.BBHA00,M2(평잔 원계열),,,13103852608999,M2 경제주체별 보유현황(평잔 원계열),3811701.446051,십억원
202406,13102852608ACC_ITEM.BBHA00,M2(평잔 원계열),,,13103852608999,M2 경제주체별 보유현황(평잔 원계열),3809685.687578,십억원
202407,13102852608ACC_ITEM.BBHA00,M2(평잔 원계열),,,13103852608999,M2 경제주체별 보유현황(평잔 원계열),3825246.749505,십억원
202408,13102852608ACC_ITEM.BBHA00,M2(평잔 원계열),,,13103852608999,M2 경제주체별 보유현황(평잔 원계열),3828979.742318,십억원
202409,13102852608ACC_ITEM.BBHA00,M2(평잔 원계열),,,13103852608999,M2 경제주체별 보유현황(평잔 원계열),3845751.528885,십억원
202410,13102852608ACC_ITEM.BBHA00,M2(평잔 원계열),,,13103852608999,M2 경제주체별 보유현황(평잔 원계열),3856940.365267,십억원
202411,13102852608ACC_ITEM.BBHA00,M2(평잔 원계열),,,13103852608999,M2 경제주체별 보유현황(평잔 원계열),3881925.708597,십억원
202412,13102852608ACC_ITEM.BBHA00,M2(평잔 원계열),,,13103852608999,M2 경제주체별 보유현황(평잔 원계열),3906282.865656,십억원
202401,13102852608ACC_ITEM.BBHAJ1,가계 및 비영리단체 1),,,13103852608999,M2 경제주체별 보유현황(평잔 원계열),2033507.551372,십억원
202402,13102852608ACC_ITEM.BBHAJ1,가계 및 비영리단체 1),,,13103852608999,M2 경제주체별 보유현황(평잔 원계열),2062861.620072,십억원
202403,13102852608ACC_ITEM.BBHAJ1,가계 및 비영리단체 1),,,13103852608999,M2 경제주체별 보유현황(평잔 원계열),2090616.920064,십억원
202404,13102852608ACC_ITEM.BBHAJ1,가계 및 비영리단체 1),,,13103852608999,M2 경제주체별 보유현황(평잔 원계열),2102482.575673,십억원
202405,13102852608ACC_ITEM.BBHAJ1,가계 및 비영리단체 1),,,13103852608999,M2 경제주체별 보유현황(평잔 원계열),2119066.656774,십억원
202406,13102852608ACC_ITEM.BBHAJ1,가계 및 비영리단체 1),,,13103852608999,M2 경제주체별 보유현황(평잔 원계열),2111237.37997,십억원
202407,13102852608ACC_ITEM.BBHAJ1,가계 및 비영리단체 1),,,13103852608999,M2 경제주체별 보유현황(평잔 원계열),2128656.367203,십억원
202408,13102852608ACC_ITEM.BBHAJ1,가계 및 비영리단체 1),,,13103852608999,M2 경제주체별 보유현황(평잔 원계열),2129840.690956,십억원
202409,13102852608ACC_ITEM.BBHAJ1,가계 및 비영리단체 1),,,13103852608999,M2 경제주체별 보유현황(평잔 원계열),2139379.403417,십억원
202410,13102852608ACC_ITEM.BBHAJ1,가계 및 비영리단체 1),,,13103852608999,M2 경제주체별 보유현황(평잔 원계열),2132465.998522,십억원
202411,13102852608ACC_ITEM.BBHAJ1,가계 및 비영리단체 1),,,13103852608999,M2 경제주체별 보유현황(평잔 원계열),2142041.864032,십억원
202412,13102852608ACC_ITEM.BBHAJ1,가계 및 비영리단체 1),,,13103852608999,M2 경제주체별 보유현황(평잔 원계열),2147049.900501,십억원
202401,13102852608ACC_ITEM.BBHAJ10,전속금융기관 및 대부업체,,,13103852608999,M2 경제주체별 보유현황(평잔 원계열),60756.257633,십억원
202402,13102852608ACC_ITEM.BBHAJ10,전속금융기관 및 대부업체,,,13103852608999,M2 경제주체별 보유현황(평잔 원계열),61949.490082,십억원
202403,13102852608ACC_ITEM.BBHAJ10,전속금융기관 및 대부업체,,,13103852608999,M2 경제주체별 보유현황(평잔 원계열),56947.784699,십억원
202404,13102852608ACC_ITEM.BBHAJ10,전속금융기관 및 대부업체,,,13103852608999,M2 경제주체별 보유현황(평잔 원계열),56443.858734,십억원
202405,13102852608ACC_ITEM.BBHAJ10,전속금융기관 및 대부업체,,,13103852608999,M2 경제주체별 보유현황(평잔 원계열),56921.037527,십억원
202406,13102852608ACC_ITEM.BBHAJ10,전속금융기관 및 대부업체,,,13103852608999,M2 경제주체별 보유현황(평잔 원계열),54444.809756,십억원
202407,13102852608ACC_ITEM.BBHAJ10,전속금융기관 및 대부업체,,,13103852608999,M2 경제주체별 보유현황(평잔 원계열),51003.877206,십억원
202408,13102852608ACC_ITEM.BBHAJ10,전속금융기관 및 대부업체,,,13103852608999,M2 경제주체별 보유현황(평잔 원계열),54070.480858,십억원
202409,13102852608ACC_ITEM.BBHAJ10,전속금융기관 및 대부업체,,,13103852608999,M2 경제주체별 보유현황(평잔 원계열),56432.186493,십억원
202410,13102852608ACC_ITEM.BBHAJ10,전속금융기관 및 대부업체,,,13103852608999,M2 경제주체별 보유현황(평잔 원계열),59155.191407,십억원
202411,13102852608ACC_ITEM.BBHAJ10,전속금융기관 및 대부업체,,,13103852608999,M2 경제주체별 보유현황(평잔 원계열),58839.292395,십억원
202412,13102852608ACC_ITEM.BBHAJ10,전속금융기관 및 대부업체,,,13103852608999,M2 경제주체별 보유현황(평잔 원계열),56040.698728,십억원
202401,13102852608ACC_ITEM.BBHAJ11,기타부문 4),,,13103852608999,M2 경제주체별 보유현황(평잔 원계열),180229.286153,십억원
202402,13102852608ACC_ITEM.BBHAJ11,기타부문 4),,,13103852608999,M2 경제주체별 보유현황(평잔 원계열),185047.090402,십억원
202403,13102852608ACC_ITEM.BBHAJ11,기타부문 4),,,13103852608999,M2 경제주체별 보유현황(평잔 원계열),189889.335804,십억원
202404,13102852608ACC_ITEM.BBHAJ11,기타부문 4),,,13103852608999,M2 경제주체별 보유현황(평잔 원계열),178214.717537,십억원
202405,13102852608ACC_ITEM.BBHAJ11,기타부문 4),,,13103852608999,M2 경제주체별 보유현황(평잔 원계열),182278.729114,십억원
202406,13102852608ACC_ITEM.BBHAJ11,기타부문 4),,,13103852608999,M2 경제주체별 보유현황(평잔 원계열),185800.893049,십억원
202407,13102852608ACC_ITEM.BBHAJ11,기타부문 4),,,13103852608999,M2 경제주체별 보유현황(평잔 원계열),174626.307316,십억원
202408,13102852608ACC_ITEM.BBHAJ11,기타부문 4),,,13103852608999,M2 경제주체별 보유현황(평잔 원계열),178459.092023,십억원
202409,13102852608ACC_ITEM.BBHAJ11,기타부문 4),,,13103852608999,M2 경제주체별 보유현황(평잔 원계열),175012.275972,십억원
202410,13102852608ACC_ITEM.BBHAJ11,기타부문 4),,,13103852608999,M2 경제주체별 보유현황(평잔 원계열),174001.684563,십억원
202411,13102852608ACC_ITEM.BBHAJ11,기타부문 4),,,13103852608999,M2 경제주체별 보유현황(평잔 원계열),172738.503091,십억원
202412,13102852608ACC_ITEM.BBHAJ11,기타부문 4),,,13103852608999,M2 경제주체별 보유현황(평잔 원계열),170823.092926,십억원
202401,13102852608ACC_ITEM.BBHAJ2,비금융기업 2),,,13103852608999,M2 경제주체별 보유현황(평잔 원계열),975112.367478,십억원
202402,13102852608ACC_ITEM.BBHAJ2,비금융기업 2),,,13103852608999,M2 경제주체별 보유현황(평잔 원계열),964369.591581,십억원
202403,13102852608ACC_ITEM.BBHAJ2,비금융기업 2),,,13103852608999,M2 경제주체별 보유현황(평잔 원계열),987002.760708,십억원
202404,13102852608ACC_ITEM.BBHAJ2,비금융기업 2),,,13103852608999,M2 경제주체별 보유현황(평잔 원계열),988402.48759,십억원
202405,13102852608ACC_ITEM.BBHAJ2,비금융기업 2),,,13103852608999,M2 경제주체별 보유현황(평잔 원계열),965720.823144,십억원
202406,13102852608ACC_ITEM.BBHAJ2,비금융기업 2),,,13103852608999,M2 경제주체별 보유현황(평잔 원계열),975504.047093,십억원
202407,13102852608ACC_ITEM.BBHAJ2,비금융기업 2),,,13103852608999,M2 경제주체별 보유현황(평잔 원계열),987762.438073,십억원
202408,13102852608ACC_ITEM.BBHAJ2,비금융기업 2),,,13103852608999,M2 경제주체별 보유현황(평잔 원계열),980264.06311,십억원
202409,13102852608ACC_ITEM.BBHAJ2,비금융기업 2),,,13103852608999,M2 경제주체별 보유현황(평잔 원계열),988680.534993,십억원
202410,13102852608ACC_ITEM.BBHAJ2,비금융기업 2),,,13103852608999,M2 경제주체별 보유현황(평잔 원계열),1002835.732259,십억원
202411,13102852608ACC_ITEM.BBHAJ2,비금융기업 2),,,13103852608999,M2 경제주체별 보유현황(평잔 원계열),1017430.189168,십억원
202412,13102852608ACC_ITEM.BBHAJ2,비금융기업 2),,,13103852608999,M2 경제주체별 보유현황(평잔 원계열),1044152.318642,십억원
202401,13102852608ACC_ITEM.BBHAJ3,기타금융기관 3),,,13103852608999,M2 경제주체별 보유현황(평잔 원계열),537096.861385,십억원
202402,13102852608ACC_ITEM.BBHAJ3,기타금융기관 3),,,13103852608999,M2 경제주체별 보유현황(평잔 원계열),546021.948721,십억원
202403,13102852608ACC_ITEM.BBHAJ3,기타금융기관 3),,,13103852608999,M2 경제주체별 보유현황(평잔 원계열),544231.127131,십억원
202404,13102852608ACC_ITEM.BBHAJ3,기타금융기관 3),,,13103852608999,M2 경제주체별 보유현황(평잔 원계열),545726.528415,십억원
202405,13102852608ACC_ITEM.BBHAJ3,기타금융기관 3),,,13103852608999,M2 경제주체별 보유현황(평잔 원계열),544635.23702,십억원
202406,13102852608ACC_ITEM.BBHAJ3,기타금융기관 3),,,13103852608999,M2 경제주체별 보유현황(평잔 원계열),537143.367467,십억원
202407,13102852608ACC_ITEM.BBHAJ3,기타금융기관 3),,,13103852608999,M2 경제주체별 보유현황(평잔 원계열),534201.636912,십억원
202408,13102852608ACC_ITEM.BBHAJ3,기타금융기관 3),,,13103852608999,M2 경제주체별 보유현황(평잔 원계열),540415.896229,십억원
202409,13102852608ACC_ITEM.BBHAJ3,기타금융기관 3),,,13103852608999,M2 경제주체별 보유현황(평잔 원계열),542679.314502,십억원
202410,13102852608ACC_ITEM.BBHAJ3,기타금융기관 3),,,13103852608999,M2 경제주체별 보유현황(평잔 원계열),547636.949923,십억원
202411,13102852608ACC_ITEM.BBHAJ3,기타금융기관 3),,,13103852608999,M2 경제주체별 보유현황(평잔 원계열),549715.152305,십억원
202412,13102852608ACC_ITEM.BBHAJ3,기타금융기관 3),,,13103852608999,M2 경제주체별 보유현황(평잔 원계열),544257.553587,십억원
202401,13102852608ACC_ITEM.BBHAJ4,Non-MMF,,,13103852608999,M2 경제주체별 보유현황(평잔 원계열),44190.694277,십억원
202402,13102852608ACC_ITEM.BBHAJ4,Non-MMF,,,13103852608999,M2 경제주체별 보유현황(평잔 원계열),46275.977608,십억원
202403,13102852608ACC_ITEM.BBHAJ4,Non-MMF,,,13103852608999,M2 경제주체별 보유현황(평잔 원계열),47148.013191,십억원
202404,13102852608ACC_ITEM.BBHAJ4,Non-MMF,,,13103852608999,M2 경제주체별 보유현황(평잔 원계열),45029.99338,십억원
202405,13102852608ACC_ITEM.BBHAJ4,Non-MMF,,,13103852608999,M2 경제주체별 보유현황(평잔 원계열),48059.139346,십억원
202406,13102852608ACC_ITEM.BBHAJ4,Non-MMF,,,13103852608999,M2 경제주체별 보유현황(평잔 원계열),47110.517279,십억원
202407,13102852608ACC_ITEM.BBHAJ4,Non-MMF,,,13103852608999,M2 경제주체별 보유현황(평잔 원계열),47449.650417,십억원
202408,13102852608ACC_ITEM.BBHAJ4,Non-MMF,,,13103852608999,M2 경제주체별 보유현황(평잔 원계열),47266.073028,십억원
202409,13102852608ACC_ITEM.BBHAJ4,Non-MMF,,,13103852608999,M2 경제주체별 보유현황(평잔 원계열),47084.090296,십억원
202410,13102852608ACC_ITEM.BBHAJ4,Non-MMF,,,13103852608999,M2 경제주체별 보유현황(평잔 원계열),46212.045298,십억원
202411,13102852608ACC_ITEM.BBHAJ4,Non-MMF,,,13103852608999,M2 경제주체별 보유현황(평잔 원계열),46425.232567,십억원
202412,13102852608ACC_ITEM.BBHAJ4,Non-MMF,,,13103852608999,M2 경제주체별 보유현황(평잔 원계열),44559.052525,십억원
202401,13102852608ACC_ITEM.BBHAJ5,보험기관,,,13103852608999,M2 경제주체별 보유현황(평잔 원계열),52408.556766,십억원
202402,13102852608ACC_ITEM.BBHAJ5,보험기관,,,13103852608999,M2 경제주체별 보유현황(평잔 원계열),51618.69063,십억원
202403,13102852608ACC_ITEM.BBHAJ5,보험기관,,,13103852608999,M2 경제주체별 보유현황(평잔 원계열),51237.574635,십억원
202404,13102852608ACC_ITEM.BBHAJ5,보험기관,,,13103852608999,M2 경제주체별 보유현황(평잔 원계열),52035.863863,십억원
202405,13102852608ACC_ITEM.BBHAJ5,보험기관,,,13103852608999,M2 경제주체별 보유현황(평잔 원계열),50636.08383,십억원
202406,13102852608ACC_ITEM.BBHAJ5,보험기관,,,13103852608999,M2 경제주체별 보유현황(평잔 원계열),50072.535255,십억원
202407,13102852608ACC_ITEM.BBHAJ5,보험기관,,,13103852608999,M2 경제주체별 보유현황(평잔 원계열),51756.699818,십억원
202408,13102852608ACC_ITEM.BBHAJ5,보험기관,,,13103852608999,M2 경제주체별 보유현황(평잔 원계열),50555.138295,십억원
202409,13102852608ACC_ITEM.BBHAJ5,보험기관,,,13103852608999,M2 경제주체별 보유현황(평잔 원계열),52042.295417,십억원
202410,13102852608ACC_ITEM.BBHAJ5,보험기관,,,13103852608999,M2 경제주체별 보유현황(평잔 원계열),53990.449971,십억원
202411,13102852608ACC_ITEM.BBHAJ5,보험기관,,,13103852608999,M2 경제주체별 보유현황(평잔 원계열),53664.605533,십억원
202412,13102852608ACC_ITEM.BBHAJ5,보험기관,,,13103852608999,M2 경제주체별 보유현황(평잔 원계열),52577.006697,십억원
202401,13102852608ACC_ITEM.BBHAJ6,연금기금,,,13103852608999,M2 경제주체별 보유현황(평잔 원계열),114271.931311,십억원
202402,13102852608ACC_ITEM.BBHAJ6,연금기금,,,13103852608999,M2 경제주체별 보유현황(평잔 원계열),109986.970354,십억원
202403,13102852608ACC_ITEM.BBHAJ6,연금기금,,,13103852608999,M2 경제주체별 보유현황(평잔 원계열),109496.415368,십억원
202404,13102852608ACC_ITEM.BBHAJ6,연금기금,,,13103852608999,M2 경제주체별 보유현황(평잔 원계열),107462.025365,십억원
202405,13102852608ACC_ITEM.BBHAJ6,연금기금,,,13103852608999,M2 경제주체별 보유현황(평잔 원계열),105747.288213,십억원
202406,13102852608ACC_ITEM.BBHAJ6,연금기금,,,13103852608999,M2 경제주체별 보유현황(평잔 원계열),104258.805943,십억원
202407,13102852608ACC_ITEM.BBHAJ6,연금기금,,,13103852608999,M2 경제주체별 보유현황(평잔 원계열),103362.321423,십억원
202408,13102852608ACC_ITEM.BBHAJ6,연금기금,,,13103852608999,M2 경제주체별 보유현황(평잔 원계열),103380.644795,십억원
202409,13102852608ACC_ITEM.BBHAJ6,연금기금,,,13103852608999,M2 경제주체별 보유현황(평잔 원계열),103470.706252,십억원
202410,13102852608ACC_ITEM.BBHAJ6,연금기금,,,13103852608999,M2 경제주체별 보유현황(평잔 원계열),104468.753122,십억원
202411,13102852608ACC_ITEM.BBHAJ6,연금기금,,,13103852608999,M2 경제주체별 보유현황(평잔 원계열),103978.693377,십억원
202412,13102852608ACC_ITEM.BBHAJ6,연금기금,,,13103852608999,M2 경제주체별 보유현황(평잔 원계열),105845.597076,십억원
202401,13102852608ACC_ITEM.BBHAJ7,기타금융중개기관,,,13103852608999,M2 경제주체별 보유현황(평잔 원계열),228493.021102,십억원
202402,13102852608ACC_ITEM.BBHAJ7,기타금융중개기관,,,13103852608999,M2 경제주체별 보유현황(평잔 원계열),237095.768858,십억원
202403,13102852608ACC_ITEM.BBHAJ7,기타금융중개기관,,,13103852608999,M2 경제주체별 보유현황(평잔 원계열),236835.811585,십억원
202404,13102852608ACC_ITEM.BBHAJ7,기타금융중개기관,,,13103852608999,M2 경제주체별 보유현황(평잔 원계열),239902.934267,십억원
202405,13102852608ACC_ITEM.BBHAJ7,기타금융중개기관,,,13103852608999,M2 경제주체별 보유현황(평잔 원계열),239194.850157,십억원
202406,13102852608ACC_ITEM.BBHAJ7,기타금융중개기관,,,13103852608999,M2 경제주체별 보유현황(평잔 원계열),239879.497991,십억원
202407,13102852608ACC_ITEM.BBHAJ7,기타금융중개기관,,,13103852608999,M2 경제주체별 보유현황(평잔 원계열),236669.262124,십억원
202408,13102852608ACC_ITEM.BBHAJ7,기타금융중개기관,,,13103852608999,M2 경제주체별 보유현황(평잔 원계열),241228.857444,십억원
202409,13102852608ACC_ITEM.BBHAJ7,기타금융중개기관,,,13103852608999,M2 경제주체별 보유현황(평잔 원계열),241303.771556,십억원
202410,13102852608ACC_ITEM.BBHAJ7,기타금융중개기관,,,13103852608999,M2 경제주체별 보유현황(평잔 원계열),243506.481918,십억원
202411,13102852608ACC_ITEM.BBHAJ7,기타금융중개기관,,,13103852608999,M2 경제주체별 보유현황(평잔 원계열),246021.776973,십억원
202412,13102852608ACC_ITEM.BBHAJ7,기타금융중개기관,,,13103852608999,M2 경제주체별 보유현황(평잔 원계열),245568.123144,십억원
202401,13102852608ACC_ITEM.BBHAJ9,금융보조기관,,,13103852608999,M2 경제주체별 보유현황(평잔 원계열),36976.400295,십억원
202402,13102852608ACC_ITEM.BBHAJ9,금융보조기관,,,13103852608999,M2 경제주체별 보유현황(평잔 원계열),39095.051188,십억원
202403,13102852608ACC_ITEM.BBHAJ9,금융보조기관,,,13103852608999,M2 경제주체별 보유현황(평잔 원계열),42565.527652,십억원
202404,13102852608ACC_ITEM.BBHAJ9,금융보조기관,,,13103852608999,M2 경제주체별 보유현황(평잔 원계열),44851.852807,십억원
202405,13102852608ACC_ITEM.BBHAJ9,금융보조기관,,,13103852608999,M2 경제주체별 보유현황(평잔 원계열),44076.837949,십억원
202406,13102852608ACC_ITEM.BBHAJ9,금융보조기관,,,13103852608999,M2 경제주체별 보유현황(평잔 원계열),41377.201243,십억원
202407,13102852608ACC_ITEM.BBHAJ9,금융보조기관,,,13103852608999,M2 경제주체별 보유현황(평잔 원계열),43959.825925,십억원
202408,13102852608ACC_ITEM.BBHAJ9,금융보조기관,,,13103852608999,M2 경제주체별 보유현황(평잔 원계열),43914.701809,십억원
202409,13102852608ACC_ITEM.BBHAJ9,금융보조기관,,,13103852608999,M2 경제주체별 보유현황(평잔 원계열),42346.264488,십억원
202410,13102852608ACC_ITEM.BBHAJ9,금융보조기관,,,13103852608999,M2 경제주체별 보유현황(평잔 원계열),40304.028208,십억원
202411,13102852608ACC_ITEM.BBHAJ9,금융보조기관,,,13103852608999,M2 경제주체별 보유현황(평잔 원계열),40785.55146,십억원
202412,13102852608ACC_ITEM.BBHAJ9,금융보조기관,,,13103852608999,M2 경제주체별 보유현황(평잔 원계열),39667.075416,십억원
202501,13102852608ACC_ITEM.BBHA00,M2(평잔 원계열),,,13103852608999,M2 경제주체별 보유현황(평잔 원계열),3921714.407597,십억원
202502,13102852608ACC_ITEM.BBHA00,M2(평잔 원계열),,,13103852608999,M2 경제주체별 보유현황(평잔 원계열),3920448.471072,십억원
202503,13102852608ACC_ITEM.BBHA00,M2(평잔 원계열),,,13103852608999,M2 경제주체별 보유현황(평잔 원계열),3924086.98776,십억원
202504,13102852608ACC_ITEM.BBHA00,M2(평잔 원계열),,,13103852608999,M2 경제주체별 보유현황(평잔 원계열),3935845.039944,십억원
202505,13102852608ACC_ITEM.BBHA00,M2(평잔 원계열),,,13103852608999,M2 경제주체별 보유현황(평잔 원계열),3955366.893806,십억원
202506,13102852608ACC_ITEM.BBHA00,M2(평잔 원계열),,,13103852608999,M2 경제주체별 보유현황(평잔 원계열),3972892.327503,십억원
202507,13102852608ACC_ITEM.BBHA00,M2(평잔 원계열),,,13103852608999,M2 경제주체별 보유현황(평잔 원계열),3993116.2108,십억원
202508,13102852608ACC_ITEM.BBHA00,M2(평잔 원계열),,,13103852608999,M2 경제주체별 보유현황(평잔 원계열),4031011.443398,십억원
202509,13102852608ACC_ITEM.BBHA00,M2(평잔 원계열),,,13103852608999,M2 경제주체별 보유현황(평잔 원계열),4055458.94203,십억원
202510,13102852608ACC_ITEM.BBHA00,M2(평잔 원계열),,,13103852608999,M2 경제주체별 보유현황(평잔 원계열),4056854.454347,십억원
202511,13102852608ACC_ITEM.BBHA00,M2(평잔 원계열),,,13103852608999,M2 경제주체별 보유현황(평잔 원계열),4067509.748213,십억원
202512,13102852608ACC_ITEM.BBHA00,M2(평잔 원계열),,,13103852608999,M2 경제주체별 보유현황(평잔 원계열),4089671.18885,십억원
202501,13102852608ACC_ITEM.BBHAJ1,가계 및 비영리단체 1),,,13103852608999,M2 경제주체별 보유현황(평잔 원계열),2165992.375311,십억원
202502,13102852608ACC_ITEM.BBHAJ1,가계 및 비영리단체 1),,,13103852608999,M2 경제주체별 보유현황(평잔 원계열),2162466.546054,십억원
202503,13102852608ACC_ITEM.BBHAJ1,가계 및 비영리단체 1),,,13103852608999,M2 경제주체별 보유현황(평잔 원계열),2179564.744999,십억원
202504,13102852608ACC_ITEM.BBHAJ1,가계 및 비영리단체 1),,,13103852608999,M2 경제주체별 보유현황(평잔 원계열),2187231.534931,십억원
202505,13102852608ACC_ITEM.BBHAJ1,가계 및 비영리단체 1),,,13103852608999,M2 경제주체별 보유현황(평잔 원계열),2197424.442263,십억원
202506,13102852608ACC_ITEM.BBHAJ1,가계 및 비영리단체 1),,,13103852608999,M2 경제주체별 보유현황(평잔 원계열),2199373.840993,십억원
202507,13102852608ACC_ITEM.BBHAJ1,가계 및 비영리단체 1),,,13103852608999,M2 경제주체별 보유현황(평잔 원계열),2204249.804774,십억원
202508,13102852608ACC_ITEM.BBHAJ1,가계 및 비영리단체 1),,,13103852608999,M2 경제주체별 보유현황(평잔 원계열),2208094.127955,십억원
202509,13102852608ACC_ITEM.BBHAJ1,가계 및 비영리단체 1),,,13103852608999,M2 경제주체별 보유현황(평잔 원계열),2213103.29481,십억원
202510,13102852608ACC_ITEM.BBHAJ1,가계 및 비영리단체 1),,,13103852608999,M2 경제주체별 보유현황(평잔 원계열),2219642.493949,십억원
202511,13102852608ACC_ITEM.BBHAJ1,가계 및 비영리단체 1),,,13103852608999,M2 경제주체별 보유현황(평잔 원계열),2204706.24817,십억원
202512,13102852608ACC_ITEM.BBHAJ1,가계 및 비영리단체 1),,,13103852608999,M2 경제주체별 보유현황(평잔 원계열),2215598.450053,십억원
202501,13102852608ACC_ITEM.BBHAJ10,전속금융기관 및 대부업체,,,13103852608999,M2 경제주체별 보유현황(평잔 원계열),57185.333885,십억원
202502,13102852608ACC_ITEM.BBHAJ10,전속금융기관 및 대부업체,,,13103852608999,M2 경제주체별 보유현황(평잔 원계열),58425.121507,십억원
202503,13102852608ACC_ITEM.BBHAJ10,전속금융기관 및 대부업체,,,13103852608999,M2 경제주체별 보유현황(평잔 원계열),56544.393016,십억원
202504,13102852608ACC_ITEM.BBHAJ10,전속금융기관 및 대부업체,,,13103852608999,M2 경제주체별 보유현황(평잔 원계열),62459.527873,십억원
202505,13102852608ACC_ITEM.BBHAJ10,전속금융기관 및 대부업체,,,13103852608999,M2 경제주체별 보유현황(평잔 원계열),69218.466431,십억원
202506,13102852608ACC_ITEM.BBHAJ10,전속금융기관 및 대부업체,,,13103852608999,M2 경제주체별 보유현황(평잔 원계열),69353.93893,십억원
202507,13102852608ACC_ITEM.BBHAJ10,전속금융기관 및 대부업체,,,13103852608999,M2 경제주체별 보유현황(평잔 원계열),69523.4385,십억원
202508,13102852608ACC_ITEM.BBHAJ10,전속금융기관 및 대부업체,,,13103852608999,M2 경제주체별 보유현황(평잔 원계열),75811.498506,십억원
202509,13102852608ACC_ITEM.BBHAJ10,전속금융기관 및 대부업체,,,13103852608999,M2 경제주체별 보유현황(평잔 원계열),77409.525764,십억원
202510,13102852608ACC_ITEM.BBHAJ10,전속금융기관 및 대부업체,,,13103852608999,M2 경제주체별 보유현황(평잔 원계열),78798.5468,십억원
202511,13102852608ACC_ITEM.BBHAJ10,전속금융기관 및 대부업체,,,13103852608999,M2 경제주체별 보유현황(평잔 원계열),82523.436985,십억원
202512,13102852608ACC_ITEM.BBHAJ10,전속금융기관 및 대부업체,,,13103852608999,M2 경제주체별 보유현황(평잔 원계열),79367.922601,십억원
202501,13102852608ACC_ITEM.BBHAJ11,기타부문 4),,,13103852608999,M2 경제주체별 보유현황(평잔 원계열),157255.389624,십억원
202502,13102852608ACC_ITEM.BBHAJ11,기타부문 4),,,13103852608999,M2 경제주체별 보유현황(평잔 원계열),160545.491269,십억원
202503,13102852608ACC_ITEM.BBHAJ11,기타부문 4),,,13103852608999,M2 경제주체별 보유현황(평잔 원계열),168449.47999,십억원
202504,13102852608ACC_ITEM.BBHAJ11,기타부문 4),,,13103852608999,M2 경제주체별 보유현황(평잔 원계열),152332.635729,십억원
202505,13102852608ACC_ITEM.BBHAJ11,기타부문 4),,,13103852608999,M2 경제주체별 보유현황(평잔 원계열),155793.455312,십억원
202506,13102852608ACC_ITEM.BBHAJ11,기타부문 4),,,13103852608999,M2 경제주체별 보유현황(평잔 원계열),161987.757718,십억원
202507,13102852608ACC_ITEM.BBHAJ11,기타부문 4),,,13103852608999,M2 경제주체별 보유현황(평잔 원계열),158446.135882,십억원
202508,13102852608ACC_ITEM.BBHAJ11,기타부문 4),,,13103852608999,M2 경제주체별 보유현황(평잔 원계열),167246.361154,십억원
202509,13102852608ACC_ITEM.BBHAJ11,기타부문 4),,,13103852608999,M2 경제주체별 보유현황(평잔 원계열),171407.409701,십억원
202510,13102852608ACC_ITEM.BBHAJ11,기타부문 4),,,13103852608999,M2 경제주체별 보유현황(평잔 원계열),170815.677456,십억원
202511,13102852608ACC_ITEM.BBHAJ11,기타부문 4),,,13103852608999,M2 경제주체별 보유현황(평잔 원계열),167263.442309,십억원
202512,13102852608ACC_ITEM.BBHAJ11,기타부문 4),,,13103852608999,M2 경제주체별 보유현황(평잔 원계열),156751.658619,십억원
202501,13102852608ACC_ITEM.BBHAJ2,비금융기업 2),,,13103852608999,M2 경제주체별 보유현황(평잔 원계열),1046745.430434,십억원
202502,13102852608ACC_ITEM.BBHAJ2,비금융기업 2),,,13103852608999,M2 경제주체별 보유현황(평잔 원계열),1036597.22733,십억원
202503,13102852608ACC_ITEM.BBHAJ2,비금융기업 2),,,13103852608999,M2 경제주체별 보유현황(평잔 원계열),1028128.862583,십억원
202504,13102852608ACC_ITEM.BBHAJ2,비금융기업 2),,,13103852608999,M2 경제주체별 보유현황(평잔 원계열),1036192.37492,십억원
202505,13102852608ACC_ITEM.BBHAJ2,비금융기업 2),,,13103852608999,M2 경제주체별 보유현황(평잔 원계열),1030310.285707,십억원
202506,13102852608ACC_ITEM.BBHAJ2,비금융기업 2),,,13103852608999,M2 경제주체별 보유현황(평잔 원계열),1031702.985822,십억원
202507,13102852608ACC_ITEM.BBHAJ2,비금융기업 2),,,13103852608999,M2 경제주체별 보유현황(평잔 원계열),1048141.580893,십억원
202508,13102852608ACC_ITEM.BBHAJ2,비금융기업 2),,,13103852608999,M2 경제주체별 보유현황(평잔 원계열),1057002.076001,십억원
202509,13102852608ACC_ITEM.BBHAJ2,비금융기업 2),,,13103852608999,M2 경제주체별 보유현황(평잔 원계열),1067591.444376,십억원
202510,13102852608ACC_ITEM.BBHAJ2,비금융기업 2),,,13103852608999,M2 경제주체별 보유현황(평잔 원계열),1066298.649523,십억원
202511,13102852608ACC_ITEM.BBHAJ2,비금융기업 2),,,13103852608999,M2 경제주체별 보유현황(평잔 원계열),1086449.638979,십억원
202512,13102852608ACC_ITEM.BBHAJ2,비금융기업 2),,,13103852608999,M2 경제주체별 보유현황(평잔 원계열),1104813.255886,십억원
202501,13102852608ACC_ITEM.BBHAJ3,기타금융기관 3),,,13103852608999,M2 경제주체별 보유현황(평잔 원계열),551721.212228,십억원
202502,13102852608ACC_ITEM.BBHAJ3,기타금융기관 3),,,13103852608999,M2 경제주체별 보유현황(평잔 원계열),560839.206419,십억원
202503,13102852608ACC_ITEM.BBHAJ3,기타금융기관 3),,,13103852608999,M2 경제주체별 보유현황(평잔 원계열),547943.900189,십억원
202504,13102852608ACC_ITEM.BBHAJ3,기타금융기관 3),,,13103852608999,M2 경제주체별 보유현황(평잔 원계열),560088.494364,십억원
202505,13102852608ACC_ITEM.BBHAJ3,기타금융기관 3),,,13103852608999,M2 경제주체별 보유현황(평잔 원계열),571838.710524,십억원
202506,13102852608ACC_ITEM.BBHAJ3,기타금융기관 3),,,13103852608999,M2 경제주체별 보유현황(평잔 원계열),579827.74297,십억원
202507,13102852608ACC_ITEM.BBHAJ3,기타금융기관 3),,,13103852608999,M2 경제주체별 보유현황(평잔 원계열),582278.689251,십억원
202508,13102852608ACC_ITEM.BBHAJ3,기타금융기관 3),,,13103852608999,M2 경제주체별 보유현황(평잔 원계열),598668.878288,십억원
202509,13102852608ACC_ITEM.BBHAJ3,기타금융기관 3),,,13103852608999,M2 경제주체별 보유현황(평잔 원계열),603356.793142,십억원
202510,13102852608ACC_ITEM.BBHAJ3,기타금융기관 3),,,13103852608999,M2 경제주체별 보유현황(평잔 원계열),600097.633419,십억원
202511,13102852608ACC_ITEM.BBHAJ3,기타금융기관 3),,,13103852608999,M2 경제주체별 보유현황(평잔 원계열),609090.418756,십억원
202512,13102852608ACC_ITEM.BBHAJ3,기타금융기관 3),,,13103852608999,M2 경제주체별 보유현황(평잔 원계열),612507.824292,십억원
202501,13102852608ACC_ITEM.BBHAJ4,Non-MMF,,,13103852608999,M2 경제주체별 보유현황(평잔 원계열),44868.200014,십억원
202502,13102852608ACC_ITEM.BBHAJ4,Non-MMF,,,13103852608999,M2 경제주체별 보유현황(평잔 원계열),46195.067615,십억원
202503,13102852608ACC_ITEM.BBHAJ4,Non-MMF,,,13103852608999,M2 경제주체별 보유현황(평잔 원계열),46112.238643,십억원
202504,13102852608ACC_ITEM.BBHAJ4,Non-MMF,,,13103852608999,M2 경제주체별 보유현황(평잔 원계열),46169.577438,십억원
202505,13102852608ACC_ITEM.BBHAJ4,Non-MMF,,,13103852608999,M2 경제주체별 보유현황(평잔 원계열),48990.596424,십억원
202506,13102852608ACC_ITEM.BBHAJ4,Non-MMF,,,13103852608999,M2 경제주체별 보유현황(평잔 원계열),52199.324882,십억원
202507,13102852608ACC_ITEM.BBHAJ4,Non-MMF,,,13103852608999,M2 경제주체별 보유현황(평잔 원계열),53126.160793,십억원
202508,13102852608ACC_ITEM.BBHAJ4,Non-MMF,,,13103852608999,M2 경제주체별 보유현황(평잔 원계열),54706.789392,십억원
202509,13102852608ACC_ITEM.BBHAJ4,Non-MMF,,,13103852608999,M2 경제주체별 보유현황(평잔 원계열),52904.942829,십억원
202510,13102852608ACC_ITEM.BBHAJ4,Non-MMF,,,13103852608999,M2 경제주체별 보유현황(평잔 원계열),52061.551631,십억원
202511,13102852608ACC_ITEM.BBHAJ4,Non-MMF,,,13103852608999,M2 경제주체별 보유현황(평잔 원계열),52967.578755,십억원
202512,13102852608ACC_ITEM.BBHAJ4,Non-MMF,,,13103852608999,M2 경제주체별 보유현황(평잔 원계열),54382.320982,십억원
202501,13102852608ACC_ITEM.BBHAJ5,보험기관,,,13103852608999,M2 경제주체별 보유현황(평잔 원계열),51608.45475,십억원
202502,13102852608ACC_ITEM.BBHAJ5,보험기관,,,13103852608999,M2 경제주체별 보유현황(평잔 원계열),50862.801733,십억원
202503,13102852608ACC_ITEM.BBHAJ5,보험기관,,,13103852608999,M2 경제주체별 보유현황(평잔 원계열),50815.808028,십억원
202504,13102852608ACC_ITEM.BBHAJ5,보험기관,,,13103852608999,M2 경제주체별 보유현황(평잔 원계열),50197.582995,십억원
202505,13102852608ACC_ITEM.BBHAJ5,보험기관,,,13103852608999,M2 경제주체별 보유현황(평잔 원계열),49667.725536,십억원
202506,13102852608ACC_ITEM.BBHAJ5,보험기관,,,13103852608999,M2 경제주체별 보유현황(평잔 원계열),49416.10694,십억원
202507,13102852608ACC_ITEM.BBHAJ5,보험기관,,,13103852608999,M2 경제주체별 보유현황(평잔 원계열),49840.198648,십억원
202508,13102852608ACC_ITEM.BBHAJ5,보험기관,,,13103852608999,M2 경제주체별 보유현황(평잔 원계열),50083.614535,십억원
202509,13102852608ACC_ITEM.BBHAJ5,보험기관,,,13103852608999,M2 경제주체별 보유현황(평잔 원계열),51422.342819,십억원
202510,13102852608ACC_ITEM.BBHAJ5,보험기관,,,13103852608999,M2 경제주체별 보유현황(평잔 원계열),52119.037131,십억원
202511,13102852608ACC_ITEM.BBHAJ5,보험기관,,,13103852608999,M2 경제주체별 보유현황(평잔 원계열),50352.309675,십억원
202512,13102852608ACC_ITEM.BBHAJ5,보험기관,,,13103852608999,M2 경제주체별 보유현황(평잔 원계열),51642.452084,십억원
202501,13102852608ACC_ITEM.BBHAJ6,연금기금,,,13103852608999,M2 경제주체별 보유현황(평잔 원계열),107394.136599,십억원
202502,13102852608ACC_ITEM.BBHAJ6,연금기금,,,13103852608999,M2 경제주체별 보유현황(평잔 원계열),106475.286214,십억원
202503,13102852608ACC_ITEM.BBHAJ6,연금기금,,,13103852608999,M2 경제주체별 보유현황(평잔 원계열),106227.264149,십억원
202504,13102852608ACC_ITEM.BBHAJ6,연금기금,,,13103852608999,M2 경제주체별 보유현황(평잔 원계열),105804.86172,십억원
202505,13102852608ACC_ITEM.BBHAJ6,연금기금,,,13103852608999,M2 경제주체별 보유현황(평잔 원계열),105376.426507,십억원
202506,13102852608ACC_ITEM.BBHAJ6,연금기금,,,13103852608999,M2 경제주체별 보유현황(평잔 원계열),105097.911589,십억원
202507,13102852608ACC_ITEM.BBHAJ6,연금기금,,,13103852608999,M2 경제주체별 보유현황(평잔 원계열),105289.773748,십억원
202508,13102852608ACC_ITEM.BBHAJ6,연금기금,,,13103852608999,M2 경제주체별 보유현황(평잔 원계열),104692.947612,십억원
202509,13102852608ACC_ITEM.BBHAJ6,연금기금,,,13103852608999,M2 경제주체별 보유현황(평잔 원계열),103782.554859,십억원
202510,13102852608ACC_ITEM.BBHAJ6,연금기금,,,13103852608999,M2 경제주체별 보유현황(평잔 원계열),103065.067003,십억원
202511,13102852608ACC_ITEM.BBHAJ6,연금기금,,,13103852608999,M2 경제주체별 보유현황(평잔 원계열),101836.857258,십억원
202512,13102852608ACC_ITEM.BBHAJ6,연금기금,,,13103852608999,M2 경제주체별 보유현황(평잔 원계열),102226.611583,십억원
202501,13102852608ACC_ITEM.BBHAJ7,기타금융중개기관,,,13103852608999,M2 경제주체별 보유현황(평잔 원계열),248334.350461,십억원
202502,13102852608ACC_ITEM.BBHAJ7,기타금융중개기관,,,13103852608999,M2 경제주체별 보유현황(평잔 원계열),256780.29243,십억원
202503,13102852608ACC_ITEM.BBHAJ7,기타금융중개기관,,,13103852608999,M2 경제주체별 보유현황(평잔 원계열),246487.231231,십억원
202504,13102852608ACC_ITEM.BBHAJ7,기타금융중개기관,,,13103852608999,M2 경제주체별 보유현황(평잔 원계열),250410.039257,십억원
202505,13102852608ACC_ITEM.BBHAJ7,기타금융중개기관,,,13103852608999,M2 경제주체별 보유현황(평잔 원계열),253679.190864,십억원
202506,13102852608ACC_ITEM.BBHAJ7,기타금융중개기관,,,13103852608999,M2 경제주체별 보유현황(평잔 원계열),260162.826292,십억원
202507,13102852608ACC_ITEM.BBHAJ7,기타금융중개기관,,,13103852608999,M2 경제주체별 보유현황(평잔 원계열),261307.08057,십억원
202508,13102852608ACC_ITEM.BBHAJ7,기타금융중개기관,,,13103852608999,M2 경제주체별 보유현황(평잔 원계열),270581.73205,십억원
202509,13102852608ACC_ITEM.BBHAJ7,기타금융중개기관,,,13103852608999,M2 경제주체별 보유현황(평잔 원계열),275801.306417,십억원
202510,13102852608ACC_ITEM.BBHAJ7,기타금융중개기관,,,13103852608999,M2 경제주체별 보유현황(평잔 원계열),275197.464493,십억원
202511,13102852608ACC_ITEM.BBHAJ7,기타금융중개기관,,,13103852608999,M2 경제주체별 보유현황(평잔 원계열),284333.795583,십억원
202512,13102852608ACC_ITEM.BBHAJ7,기타금융중개기관,,,13103852608999,M2 경제주체별 보유현황(평잔 원계열),287407.703112,십억원
202501,13102852608ACC_ITEM.BBHAJ9,금융보조기관,,,13103852608999,M2 경제주체별 보유현황(평잔 원계열),42330.736853,십억원
202502,13102852608ACC_ITEM.BBHAJ9,금융보조기관,,,13103852608999,M2 경제주체별 보유현황(평잔 원계열),42100.637591,십억원
202503,13102852608ACC_ITEM.BBHAJ9,금융보조기관,,,13103852608999,M2 경제주체별 보유현황(평잔 원계열),41756.966123,십억원
202504,13102852608ACC_ITEM.BBHAJ9,금융보조기관,,,13103852608999,M2 경제주체별 보유현황(평잔 원계열),45046.905749,십억원
202505,13102852608ACC_ITEM.BBHAJ9,금융보조기관,,,13103852608999,M2 경제주체별 보유현황(평잔 원계열),44906.305099,십억원
202506,13102852608ACC_ITEM.BBHAJ9,금융보조기관,,,13103852608999,M2 경제주체별 보유현황(평잔 원계열),43597.634338,십억원
202507,13102852608ACC_ITEM.BBHAJ9,금융보조기관,,,13103852608999,M2 경제주체별 보유현황(평잔 원계열),43192.040109,십억원
202508,13102852608ACC_ITEM.BBHAJ9,금융보조기관,,,13103852608999,M2 경제주체별 보유현황(평잔 원계열),42792.29922,십억원
202509,13102852608ACC_ITEM.BBHAJ9,금융보조기관,,,13103852608999,M2 경제주체별 보유현황(평잔 원계열),42036.123445,십억원
202510,13102852608ACC_ITEM.BBHAJ9,금융보조기관,,,13103852608999,M2 경제주체별 보유현황(평잔 원계열),38855.969315,십억원
202511,13102852608ACC_ITEM.BBHAJ9,금융보조기관,,,13103852608999,M2 경제주체별 보유현황(평잔 원계열),37076.443386,십억원
202512,13102852608ACC_ITEM.BBHAJ9,금융보조기관,,,13103852608999,M2 경제주체별 보유현황(평잔 원계열),37480.81393,십억원
202601,13102852608ACC_ITEM.BBHA00,M2(평잔 원계열),,,13103852608999,M2 경제주체별 보유현황(평잔 원계열),4105513.118454,십억원
202602,13102852608ACC_ITEM.BBHA00,M2(평잔 원계열),,,13103852608999,M2 경제주체별 보유현황(평잔 원계열),4111822.698567,십억원
202603,13102852608ACC_ITEM.BBHA00,M2(평잔 원계열),,,13103852608999,M2 경제주체별 보유현황(평잔 원계열),4139870.580306,십억원
202604,13102852608ACC_ITEM.BBHA00,M2(평잔 원계열),,,13103852608999,M2 경제주체별 보유현황(평잔 원계열),4159166.301902,십억원
202605,13102852608ACC_ITEM.BBHA00,M2(평잔 원계열),,,13103852608999,M2 경제주체별 보유현황(평잔 원계열),4183219.480964,십억원
202606,13102852608ACC_ITEM.BBHA00,M2(평잔 원계열),,,13103852608999,M2 경제주체별 보유현황(평잔 원계열),4209873.950921,십억원
202601,13102852608ACC_ITEM.BBHAJ1,가계 및 비영리단체 1),,,13103852608999,M2 경제주체별 보유현황(평잔 원계열),2226430.129012,십억원
202602,13102852608ACC_ITEM.BBHAJ1,가계 및 비영리단체 1),,,13103852608999,M2 경제주체별 보유현황(평잔 원계열),2221519.61569,십억원
202603,13102852608ACC_ITEM.BBHAJ1,가계 및 비영리단체 1),,,13103852608999,M2 경제주체별 보유현황(평잔 원계열),2211671.11469,십억원
202604,13102852608ACC_ITEM.BBHAJ1,가계 및 비영리단체 1),,,13103852608999,M2 경제주체별 보유현황(평잔 원계열),2223637.09322,십억원
202605,13102852608ACC_ITEM.BBHAJ1,가계 및 비영리단체 1),,,13103852608999,M2 경제주체별 보유현황(평잔 원계열),2207058.733579,십억원
202606,13102852608ACC_ITEM.BBHAJ1,가계 및 비영리단체 1),,,13103852608999,M2 경제주체별 보유현황(평잔 원계열),2181866.127527,십억원
202601,13102852608ACC_ITEM.BBHAJ10,전속금융기관 및 대부업체,,,13103852608999,M2 경제주체별 보유현황(평잔 원계열),83800.729803,십억원
202602,13102852608ACC_ITEM.BBHAJ10,전속금융기관 및 대부업체,,,13103852608999,M2 경제주체별 보유현황(평잔 원계열),86075.67226,십억원
202603,13102852608ACC_ITEM.BBHAJ10,전속금융기관 및 대부업체,,,13103852608999,M2 경제주체별 보유현황(평잔 원계열),80495.340495,십억원
202604,13102852608ACC_ITEM.BBHAJ10,전속금융기관 및 대부업체,,,13103852608999,M2 경제주체별 보유현황(평잔 원계열),75763.213943,십억원
202605,13102852608ACC_ITEM.BBHAJ10,전속금융기관 및 대부업체,,,13103852608999,M2 경제주체별 보유현황(평잔 원계열),76668.663136,십억원
202606,13102852608ACC_ITEM.BBHAJ10,전속금융기관 및 대부업체,,,13103852608999,M2 경제주체별 보유현황(평잔 원계열),73499.938482,십억원
202601,13102852608ACC_ITEM.BBHAJ11,기타부문 4),,,13103852608999,M2 경제주체별 보유현황(평잔 원계열),140969.812064,십억원
202602,13102852608ACC_ITEM.BBHAJ11,기타부문 4),,,13103852608999,M2 경제주체별 보유현황(평잔 원계열),146436.032038,십억원
202603,13102852608ACC_ITEM.BBHAJ11,기타부문 4),,,13103852608999,M2 경제주체별 보유현황(평잔 원계열),151547.118205,십억원
202604,13102852608ACC_ITEM.BBHAJ11,기타부문 4),,,13103852608999,M2 경제주체별 보유현황(평잔 원계열),141954.071042,십억원
202605,13102852608ACC_ITEM.BBHAJ11,기타부문 4),,,13103852608999,M2 경제주체별 보유현황(평잔 원계열),149387.900046,십억원
202606,13102852608ACC_ITEM.BBHAJ11,기타부문 4),,,13103852608999,M2 경제주체별 보유현황(평잔 원계열),153877.105207,십억원
202601,13102852608ACC_ITEM.BBHAJ2,비금융기업 2),,,13103852608999,M2 경제주체별 보유현황(평잔 원계열),1109169.245112,십억원
202602,13102852608ACC_ITEM.BBHAJ2,비금융기업 2),,,13103852608999,M2 경제주체별 보유현황(평잔 원계열),1105236.902681,십억원
202603,13102852608ACC_ITEM.BBHAJ2,비금융기업 2),,,13103852608999,M2 경제주체별 보유현황(평잔 원계열),1138525.275954,십억원
202604,13102852608ACC_ITEM.BBHAJ2,비금융기업 2),,,13103852608999,M2 경제주체별 보유현황(평잔 원계열),1155766.931281,십억원
202605,13102852608ACC_ITEM.BBHAJ2,비금융기업 2),,,13103852608999,M2 경제주체별 보유현황(평잔 원계열),1173978.422278,십억원
202606,13102852608ACC_ITEM.BBHAJ2,비금융기업 2),,,13103852608999,M2 경제주체별 보유현황(평잔 원계열),1215973.397079,십억원
202601,13102852608ACC_ITEM.BBHAJ3,기타금융기관 3),,,13103852608999,M2 경제주체별 보유현황(평잔 원계열),628943.932267,십억원
202602,13102852608ACC_ITEM.BBHAJ3,기타금융기관 3),,,13103852608999,M2 경제주체별 보유현황(평잔 원계열),638630.148158,십억원
202603,13102852608ACC_ITEM.BBHAJ3,기타금융기관 3),,,13103852608999,M2 경제주체별 보유현황(평잔 원계열),638127.071457,십억원
202604,13102852608ACC_ITEM.BBHAJ3,기타금융기관 3),,,13103852608999,M2 경제주체별 보유현황(평잔 원계열),637808.206359,십억원
202605,13102852608ACC_ITEM.BBHAJ3,기타금융기관 3),,,13103852608999,M2 경제주체별 보유현황(평잔 원계열),652794.425062,십억원
202606,13102852608ACC_ITEM.BBHAJ3,기타금융기관 3),,,13103852608999,M2 경제주체별 보유현황(평잔 원계열),658157.321108,십억원
202601,13102852608ACC_ITEM.BBHAJ4,Non-MMF,,,13103852608999,M2 경제주체별 보유현황(평잔 원계열),56545.57246,십억원
202602,13102852608ACC_ITEM.BBHAJ4,Non-MMF,,,13103852608999,M2 경제주체별 보유현황(평잔 원계열),57090.612486,십억원
202603,13102852608ACC_ITEM.BBHAJ4,Non-MMF,,,13103852608999,M2 경제주체별 보유현황(평잔 원계열),57064.544019,십억원
202604,13102852608ACC_ITEM.BBHAJ4,Non-MMF,,,13103852608999,M2 경제주체별 보유현황(평잔 원계열),55184.885238,십억원
202605,13102852608ACC_ITEM.BBHAJ4,Non-MMF,,,13103852608999,M2 경제주체별 보유현황(평잔 원계열),51036.258102,십억원
202606,13102852608ACC_ITEM.BBHAJ4,Non-MMF,,,13103852608999,M2 경제주체별 보유현황(평잔 원계열),49526.999851,십억원
202601,13102852608ACC_ITEM.BBHAJ5,보험기관,,,13103852608999,M2 경제주체별 보유현황(평잔 원계열),51184.711307,십억원
202602,13102852608ACC_ITEM.BBHAJ5,보험기관,,,13103852608999,M2 경제주체별 보유현황(평잔 원계열),48432.288297,십억원
202603,13102852608ACC_ITEM.BBHAJ5,보험기관,,,13103852608999,M2 경제주체별 보유현황(평잔 원계열),48495.457592,십억원
202604,13102852608ACC_ITEM.BBHAJ5,보험기관,,,13103852608999,M2 경제주체별 보유현황(평잔 원계열),48294.930344,십억원
202605,13102852608ACC_ITEM.BBHAJ5,보험기관,,,13103852608999,M2 경제주체별 보유현황(평잔 원계열),48930.18179,십억원
202606,13102852608ACC_ITEM.BBHAJ5,보험기관,,,13103852608999,M2 경제주체별 보유현황(평잔 원계열),48548.557168,십억원
202601,13102852608ACC_ITEM.BBHAJ6,연금기금,,,13103852608999,M2 경제주체별 보유현황(평잔 원계열),101900.059219,십억원
202602,13102852608ACC_ITEM.BBHAJ6,연금기금,,,13103852608999,M2 경제주체별 보유현황(평잔 원계열),99606.727905,십억원
202603,13102852608ACC_ITEM.BBHAJ6,연금기금,,,13103852608999,M2 경제주체별 보유현황(평잔 원계열),99155.588147,십억원
202604,13102852608ACC_ITEM.BBHAJ6,연금기금,,,13103852608999,M2 경제주체별 보유현황(평잔 원계열),98216.962438,십억원
202605,13102852608ACC_ITEM.BBHAJ6,연금기금,,,13103852608999,M2 경제주체별 보유현황(평잔 원계열),96762.030486,십억원
202606,13102852608ACC_ITEM.BBHAJ6,연금기금,,,13103852608999,M2 경제주체별 보유현황(평잔 원계열),94948.837534,십억원
202601,13102852608ACC_ITEM.BBHAJ7,기타금융중개기관,,,13103852608999,M2 경제주체별 보유현황(평잔 원계열),297830.222221,십억원
202602,13102852608ACC_ITEM.BBHAJ7,기타금융중개기관,,,13103852608999,M2 경제주체별 보유현황(평잔 원계열),308770.928625,십억원
202603,13102852608ACC_ITEM.BBHAJ7,기타금융중개기관,,,13103852608999,M2 경제주체별 보유현황(평잔 원계열),308802.661384,십억원
202604,13102852608ACC_ITEM.BBHAJ7,기타금융중개기관,,,13103852608999,M2 경제주체별 보유현황(평잔 원계열),312243.465187,십억원
202605,13102852608ACC_ITEM.BBHAJ7,기타금융중개기관,,,13103852608999,M2 경제주체별 보유현황(평잔 원계열),320607.524541,십억원
202606,13102852608ACC_ITEM.BBHAJ7,기타금융중개기관,,,13103852608999,M2 경제주체별 보유현황(평잔 원계열),314026.939556,십억원
202601,13102852608ACC_ITEM.BBHAJ9,금융보조기관,,,13103852608999,M2 경제주체별 보유현황(평잔 원계열),37682.637257,십억원
202602,13102852608ACC_ITEM.BBHAJ9,금융보조기관,,,13103852608999,M2 경제주체별 보유현황(평잔 원계열),38653.918585,십억원
202603,13102852608ACC_ITEM.BBHAJ9,금융보조기관,,,13103852608999,M2 경제주체별 보유현황(평잔 원계열),44113.479819,십억원
202604,13102852608ACC_ITEM.BBHAJ9,금융보조기관,,,13103852608999,M2 경제주체별 보유현황(평잔 원계열),48104.749209,십억원
202605,13102852608ACC_ITEM.BBHAJ9,금융보조기관,,,13103852608999,M2 경제주체별 보유현황(평잔 원계열),58789.767006,십억원
202606,13102852608ACC_ITEM.BBHAJ9,금융보조기관,,,13103852608999,M2 경제주체별 보유현황(평잔 원계열),77606.048518,십억원
