PRD_DE,C1,C1_NM,C2,C2_NM,ITM_ID,ITM_NM,DT,UNIT_NM
200001,15397AA2AA,건설,,,16397AAA0,건설공사비지수,46.14,2020＝100
200002,15397AA2AA,건설,,,16397AAA0,건설공사비지수,46.08,2020＝100
200003,15397AA2AA,건설,,,16397AAA0,건설공사비지수,46.19,2020＝100
200004,15397AA2AA,건설,,,16397AAA0,건설공사비지수,46.19,2020＝100
200005,15397AA2AA,건설,,,16397AAA0,건설공사비지수,46.19,2020＝100
200006,15397AA2AA,건설,,,16397AAA0,건설공사비지수,46.31,2020＝100
200007,15397AA2AA,건설,,,16397AAA0,건설공사비지수,46.37,2020＝100
200008,15397AA2AA,건설,,,16397AAA0,건설공사비지수,46.43,2020＝100
200009,15397AA2AA,건설,,,16397AAA0,건설공사비지수,46.79,2020＝100
200010,15397AA2AA,건설,,,16397AAA0,건설공사비지수,46.91,2020＝100
200011,15397AA2AA,건설,,,16397AAA0,건설공사비지수,47.03,2020＝100
200012,15397AA2AA,건설,,,16397AAA0,건설공사비지수,46.97,2020＝100
200001,15397AA2AA1,건물건설 및 건축보수,,,16397AAA0,건설공사비지수,46.99,2020＝100
200002,15397AA2AA1,건물건설 및 건축보수,,,16397AAA0,건설공사비지수,46.93,2020＝100
200003,15397AA2AA1,건물건설 및 건축보수,,,16397AAA0,건설공사비지수,47.05,2020＝100
200004,15397AA2AA1,건물건설 및 건축보수,,,16397AAA0,건설공사비지수,47.05,2020＝100
200005,15397AA2AA1,건물건설 및 건축보수,,,16397AAA0,건설공사비지수,47.05,2020＝100
200006,15397AA2AA1,건물건설 및 건축보수,,,16397AAA0,건설공사비지수,47.05,2020＝100
200007,15397AA2AA1,건물건설 및 건축보수,,,16397AAA0,건설공사비지수,47.17,2020＝100
200008,15397AA2AA1,건물건설 및 건축보수,,,16397AAA0,건설공사비지수,47.17,2020＝100
200009,15397AA2AA1,건물건설 및 건축보수,,,16397AAA0,건설공사비지수,47.53,2020＝100
200010,15397AA2AA1,건물건설 및 건축보수,,,16397AAA0,건설공사비지수,47.59,2020＝100
200011,15397AA2AA1,건물건설 및 건축보수,,,16397AAA0,건설공사비지수,47.65,2020＝100
200012,15397AA2AA1,건물건설 및 건축보수,,,16397AAA0,건설공사비지수,47.59,2020＝100
200001,15397AA2AA11,주거용건물,,,16397AAA0,건설공사비지수,47.24,2020＝100
200002,15397AA2AA11,주거용건물,,,16397AAA0,건설공사비지수,47.24,2020＝100
200003,15397AA2AA11,주거용건물,,,16397AAA0,건설공사비지수,47.3,2020＝100
200004,15397AA2AA11,주거용건물,,,16397AAA0,건설공사비지수,47.3,2020＝100
200005,15397AA2AA11,주거용건물,,,16397AAA0,건설공사비지수,47.3,2020＝100
200006,15397AA2AA11,주거용건물,,,16397AAA0,건설공사비지수,47.36,2020＝100
200007,15397AA2AA11,주거용건물,,,16397AAA0,건설공사비지수,47.48,2020＝100
200008,15397AA2AA11,주거용건물,,,16397AAA0,건설공사비지수,47.42,2020＝100
200009,15397AA2AA11,주거용건물,,,16397AAA0,건설공사비지수,47.83,2020＝100
200010,15397AA2AA11,주거용건물,,,16397AAA0,건설공사비지수,47.9,2020＝100
200011,15397AA2AA11,주거용건물,,,16397AAA0,건설공사비지수,47.9,2020＝100
200012,15397AA2AA11,주거용건물,,,16397AAA0,건설공사비지수,47.9,2020＝100
200001,15397AA2AA111,주거용건물,,,16397AAA0,건설공사비지수,47.24,2020＝100
200002,15397AA2AA111,주거용건물,,,16397AAA0,건설공사비지수,47.24,2020＝100
200003,15397AA2AA111,주거용건물,,,16397AAA0,건설공사비지수,47.3,2020＝100
200004,15397AA2AA111,주거용건물,,,16397AAA0,건설공사비지수,47.3,2020＝100
200005,15397AA2AA111,주거용건물,,,16397AAA0,건설공사비지수,47.3,2020＝100
200006,15397AA2AA111,주거용건물,,,16397AAA0,건설공사비지수,47.36,2020＝100
200007,15397AA2AA111,주거용건물,,,16397AAA0,건설공사비지수,47.48,2020＝100
200008,15397AA2AA111,주거용건물,,,16397AAA0,건설공사비지수,47.42,2020＝100
200009,15397AA2AA111,주거용건물,,,16397AAA0,건설공사비지수,47.83,2020＝100
200010,15397AA2AA111,주거용건물,,,16397AAA0,건설공사비지수,47.9,2020＝100
200011,15397AA2AA111,주거용건물,,,16397AAA0,건설공사비지수,47.9,2020＝100
200012,15397AA2AA111,주거용건물,,,16397AAA0,건설공사비지수,47.9,2020＝100
200001,15397AA2AA12,비주거용건물,,,16397AAA0,건설공사비지수,46.77,2020＝100
200002,15397AA2AA12,비주거용건물,,,16397AAA0,건설공사비지수,46.71,2020＝100
200003,15397AA2AA12,비주거용건물,,,16397AAA0,건설공사비지수,46.77,2020＝100
200004,15397AA2AA12,비주거용건물,,,16397AAA0,건설공사비지수,46.77,2020＝100
200005,15397AA2AA12,비주거용건물,,,16397AAA0,건설공사비지수,46.77,2020＝100
200006,15397AA2AA12,비주거용건물,,,16397AAA0,건설공사비지수,46.83,2020＝100
200007,15397AA2AA12,비주거용건물,,,16397AAA0,건설공사비지수,46.95,2020＝100
200008,15397AA2AA12,비주거용건물,,,16397AAA0,건설공사비지수,46.89,2020＝100
200009,15397AA2AA12,비주거용건물,,,16397AAA0,건설공사비지수,47.3,2020＝100
200010,15397AA2AA12,비주거용건물,,,16397AAA0,건설공사비지수,47.36,2020＝100
200011,15397AA2AA12,비주거용건물,,,16397AAA0,건설공사비지수,47.42,2020＝100
200012,15397AA2AA12,비주거용건물,,,16397AAA0,건설공사비지수,47.42,2020＝100
200001,15397AA2AA121,비주거용건물,,,16397AAA0,건설공사비지수,46.77,2020＝100
200002,15397AA2AA121,비주거용건물,,,16397AAA0,건설공사비지수,46.71,2020＝100
200003,15397AA2AA121,비주거용건물,,,16397AAA0,건설공사비지수,46.77,2020＝100
200004,15397AA2AA121,비주거용건물,,,16397AAA0,건설공사비지수,46.77,2020＝100
200005,15397AA2AA121,비주거용건물,,,16397AAA0,건설공사비지수,46.77,2020＝100
200006,15397AA2AA121,비주거용건물,,,16397AAA0,건설공사비지수,46.83,2020＝100
200007,15397AA2AA121,비주거용건물,,,16397AAA0,건설공사비지수,46.95,2020＝100
200008,15397AA2AA121,비주거용건물,,,16397AAA0,건설공사비지수,46.89,2020＝100
200009,15397AA2AA121,비주거용건물,,,16397AAA0,건설공사비지수,47.3,2020＝100
200010,15397AA2AA121,비주거용건물,,,16397AAA0,건설공사비지수,47.36,2020＝100
200011,15397AA2AA121,비주거용건물,,,16397AAA0,건설공사비지수,47.42,2020＝100
200012,15397AA2AA121,비주거용건물,,,16397AAA0,건설공사비지수,47.42,2020＝100
200001,15397AA2AA13,건축보수,,,16397AAA0,건설공사비지수,47.83,2020＝100
200002,15397AA2AA13,건축보수,,,16397AAA0,건설공사비지수,47.77,2020＝100
200003,15397AA2AA13,건축보수,,,16397AAA0,건설공사비지수,47.83,2020＝100
200004,15397AA2AA13,건축보수,,,16397AAA0,건설공사비지수,47.71,2020＝100
200005,15397AA2AA13,건축보수,,,16397AAA0,건설공사비지수,47.71,2020＝100
200006,15397AA2AA13,건축보수,,,16397AAA0,건설공사비지수,47.71,2020＝100
200007,15397AA2AA13,건축보수,,,16397AAA0,건설공사비지수,47.71,2020＝100
200008,15397AA2AA13,건축보수,,,16397AAA0,건설공사비지수,47.65,2020＝100
200009,15397AA2AA13,건축보수,,,16397AAA0,건설공사비지수,48.01,2020＝100
200010,15397AA2AA13,건축보수,,,16397AAA0,건설공사비지수,48.01,2020＝100
200011,15397AA2AA13,건축보수,,,16397AAA0,건설공사비지수,48.07,2020＝100
200012,15397AA2AA13,건축보수,,,16397AAA0,건설공사비지수,48.01,2020＝100
200001,15397AA2AA131,건축보수,,,16397AAA0,건설공사비지수,47.83,2020＝100
200002,15397AA2AA131,건축보수,,,16397AAA0,건설공사비지수,47.77,2020＝100
200003,15397AA2AA131,건축보수,,,16397AAA0,건설공사비지수,47.83,2020＝100
200004,15397AA2AA131,건축보수,,,16397AAA0,건설공사비지수,47.71,2020＝100
200005,15397AA2AA131,건축보수,,,16397AAA0,건설공사비지수,47.71,2020＝100
200006,15397AA2AA131,건축보수,,,16397AAA0,건설공사비지수,47.71,2020＝100
200007,15397AA2AA131,건축보수,,,16397AAA0,건설공사비지수,47.71,2020＝100
200008,15397AA2AA131,건축보수,,,16397AAA0,건설공사비지수,47.65,2020＝100
200009,15397AA2AA131,건축보수,,,16397AAA0,건설공사비지수,48.01,2020＝100
200010,15397AA2AA131,건축보수,,,16397AAA0,건설공사비지수,48.01,2020＝100
200011,15397AA2AA131,건축보수,,,16397AAA0,건설공사비지수,48.07,2020＝100
200012,15397AA2AA131,건축보수,,,16397AAA0,건설공사비지수,48.01,2020＝100
200001,15397AA2AA2,토목건설,,,16397AAA0,건설공사비지수,44.8,2020＝100
200002,15397AA2AA2,토목건설,,,16397AAA0,건설공사비지수,44.8,2020＝100
200003,15397AA2AA2,토목건설,,,16397AAA0,건설공사비지수,44.86,2020＝100
200004,15397AA2AA2,토목건설,,,16397AAA0,건설공사비지수,44.92,2020＝100
200005,15397AA2AA2,토목건설,,,16397AAA0,건설공사비지수,44.92,2020＝100
200006,15397AA2AA2,토목건설,,,16397AAA0,건설공사비지수,45.1,2020＝100
200007,15397AA2AA2,토목건설,,,16397AAA0,건설공사비지수,45.22,2020＝100
200008,15397AA2AA2,토목건설,,,16397AAA0,건설공사비지수,45.34,2020＝100
200009,15397AA2AA2,토목건설,,,16397AAA0,건설공사비지수,45.75,2020＝100
200010,15397AA2AA2,토목건설,,,16397AAA0,건설공사비지수,45.93,2020＝100
200011,15397AA2AA2,토목건설,,,16397AAA0,건설공사비지수,46.11,2020＝100
200012,15397AA2AA2,토목건설,,,16397AAA0,건설공사비지수,46.05,2020＝100
200001,15397AA2AA21,교통시설건설,,,16397AAA0,건설공사비지수,43.71,2020＝100
200002,15397AA2AA21,교통시설건설,,,16397AAA0,건설공사비지수,43.82,2020＝100
200003,15397AA2AA21,교통시설건설,,,16397AAA0,건설공사비지수,43.88,2020＝100
200004,15397AA2AA21,교통시설건설,,,16397AAA0,건설공사비지수,43.94,2020＝100
200005,15397AA2AA21,교통시설건설,,,16397AAA0,건설공사비지수,44.06,2020＝100
200006,15397AA2AA21,교통시설건설,,,16397AAA0,건설공사비지수,44.24,2020＝100
200007,15397AA2AA21,교통시설건설,,,16397AAA0,건설공사비지수,44.41,2020＝100
200008,15397AA2AA21,교통시설건설,,,16397AAA0,건설공사비지수,44.65,2020＝100
200009,15397AA2AA21,교통시설건설,,,16397AAA0,건설공사비지수,45,2020＝100
200010,15397AA2AA21,교통시설건설,,,16397AAA0,건설공사비지수,45.18,2020＝100
200011,15397AA2AA21,교통시설건설,,,16397AAA0,건설공사비지수,45.29,2020＝100
200012,15397AA2AA21,교통시설건설,,,16397AAA0,건설공사비지수,45.29,2020＝100
200001,15397AA2AA211,도로시설,,,16397AAA0,건설공사비지수,43.25,2020＝100
200002,15397AA2AA211,도로시설,,,16397AAA0,건설공사비지수,43.43,2020＝100
200003,15397AA2AA211,도로시설,,,16397AAA0,건설공사비지수,43.48,2020＝100
200004,15397AA2AA211,도로시설,,,16397AAA0,건설공사비지수,43.54,2020＝100
200005,15397AA2AA211,도로시설,,,16397AAA0,건설공사비지수,43.65,2020＝100
200006,15397AA2AA211,도로시설,,,16397AAA0,건설공사비지수,43.83,2020＝100
200007,15397AA2AA211,도로시설,,,16397AAA0,건설공사비지수,44,2020＝100
200008,15397AA2AA211,도로시설,,,16397AAA0,건설공사비지수,44.18,2020＝100
200009,15397AA2AA211,도로시설,,,16397AAA0,건설공사비지수,44.59,2020＝100
200010,15397AA2AA211,도로시설,,,16397AAA0,건설공사비지수,44.76,2020＝100
200011,15397AA2AA211,도로시설,,,16397AAA0,건설공사비지수,44.82,2020＝100
200012,15397AA2AA211,도로시설,,,16397AAA0,건설공사비지수,44.82,2020＝100
200001,15397AA2AA212,철도시설,,,16397AAA0,건설공사비지수,43.75,2020＝100
200002,15397AA2AA212,철도시설,,,16397AAA0,건설공사비지수,43.57,2020＝100
200003,15397AA2AA212,철도시설,,,16397AAA0,건설공사비지수,43.57,2020＝100
200004,15397AA2AA212,철도시설,,,16397AAA0,건설공사비지수,43.63,2020＝100
200005,15397AA2AA212,철도시설,,,16397AAA0,건설공사비지수,43.75,2020＝100
200006,15397AA2AA212,철도시설,,,16397AAA0,건설공사비지수,43.94,2020＝100
200007,15397AA2AA212,철도시설,,,16397AAA0,건설공사비지수,44.18,2020＝100
200008,15397AA2AA212,철도시설,,,16397AAA0,건설공사비지수,44.6,2020＝100
200009,15397AA2AA212,철도시설,,,16397AAA0,건설공사비지수,44.91,2020＝100
200010,15397AA2AA212,철도시설,,,16397AAA0,건설공사비지수,45.09,2020＝100
200011,15397AA2AA212,철도시설,,,16397AAA0,건설공사비지수,45.4,2020＝100
200012,15397AA2AA212,철도시설,,,16397AAA0,건설공사비지수,45.4,2020＝100
200001,15397AA2AA213,항만시설,,,16397AAA0,건설공사비지수,43.17,2020＝100
200002,15397AA2AA213,항만시설,,,16397AAA0,건설공사비지수,43.17,2020＝100
200003,15397AA2AA213,항만시설,,,16397AAA0,건설공사비지수,43.17,2020＝100
200004,15397AA2AA213,항만시설,,,16397AAA0,건설공사비지수,43.23,2020＝100
200005,15397AA2AA213,항만시설,,,16397AAA0,건설공사비지수,43.23,2020＝100
200006,15397AA2AA213,항만시설,,,16397AAA0,건설공사비지수,43.52,2020＝100
200007,15397AA2AA213,항만시설,,,16397AAA0,건설공사비지수,43.52,2020＝100
200008,15397AA2AA213,항만시설,,,16397AAA0,건설공사비지수,43.75,2020＝100
200009,15397AA2AA213,항만시설,,,16397AAA0,건설공사비지수,44.28,2020＝100
200010,15397AA2AA213,항만시설,,,16397AAA0,건설공사비지수,44.63,2020＝100
200011,15397AA2AA213,항만시설,,,16397AAA0,건설공사비지수,44.63,2020＝100
200012,15397AA2AA213,항만시설,,,16397AAA0,건설공사비지수,44.63,2020＝100
200001,15397AA2AA22,일반토목시설건설,,,16397AAA0,건설공사비지수,43.91,2020＝100
200002,15397AA2AA22,일반토목시설건설,,,16397AAA0,건설공사비지수,43.91,2020＝100
200003,15397AA2AA22,일반토목시설건설,,,16397AAA0,건설공사비지수,43.96,2020＝100
200004,15397AA2AA22,일반토목시설건설,,,16397AAA0,건설공사비지수,44.02,2020＝100
200005,15397AA2AA22,일반토목시설건설,,,16397AAA0,건설공사비지수,44.02,2020＝100
200006,15397AA2AA22,일반토목시설건설,,,16397AAA0,건설공사비지수,44.2,2020＝100
200007,15397AA2AA22,일반토목시설건설,,,16397AAA0,건설공사비지수,44.2,2020＝100
200008,15397AA2AA22,일반토목시설건설,,,16397AAA0,건설공사비지수,44.38,2020＝100
200009,15397AA2AA22,일반토목시설건설,,,16397AAA0,건설공사비지수,44.85,2020＝100
200010,15397AA2AA22,일반토목시설건설,,,16397AAA0,건설공사비지수,45.04,2020＝100
200011,15397AA2AA22,일반토목시설건설,,,16397AAA0,건설공사비지수,45.1,2020＝100
200012,15397AA2AA22,일반토목시설건설,,,16397AAA0,건설공사비지수,45.1,2020＝100
200001,15397AA2AA221,하천사방,,,16397AAA0,건설공사비지수,44.28,2020＝100
200002,15397AA2AA221,하천사방,,,16397AAA0,건설공사비지수,44.22,2020＝100
200003,15397AA2AA221,하천사방,,,16397AAA0,건설공사비지수,44.28,2020＝100
200004,15397AA2AA221,하천사방,,,16397AAA0,건설공사비지수,44.34,2020＝100
200005,15397AA2AA221,하천사방,,,16397AAA0,건설공사비지수,44.34,2020＝100
200006,15397AA2AA221,하천사방,,,16397AAA0,건설공사비지수,44.52,2020＝100
200007,15397AA2AA221,하천사방,,,16397AAA0,건설공사비지수,44.52,2020＝100
200008,15397AA2AA221,하천사방,,,16397AAA0,건설공사비지수,44.7,2020＝100
200009,15397AA2AA221,하천사방,,,16397AAA0,건설공사비지수,45.23,2020＝100
200010,15397AA2AA221,하천사방,,,16397AAA0,건설공사비지수,45.46,2020＝100
200011,15397AA2AA221,하천사방,,,16397AAA0,건설공사비지수,45.52,2020＝100
200012,15397AA2AA221,하천사방,,,16397AAA0,건설공사비지수,45.52,2020＝100
200001,15397AA2AA222,상하수도시설,,,16397AAA0,건설공사비지수,43.6,2020＝100
200002,15397AA2AA222,상하수도시설,,,16397AAA0,건설공사비지수,43.54,2020＝100
200003,15397AA2AA222,상하수도시설,,,16397AAA0,건설공사비지수,43.84,2020＝100
200004,15397AA2AA222,상하수도시설,,,16397AAA0,건설공사비지수,43.84,2020＝100
200005,15397AA2AA222,상하수도시설,,,16397AAA0,건설공사비지수,43.78,2020＝100
200006,15397AA2AA222,상하수도시설,,,16397AAA0,건설공사비지수,43.9,2020＝100
200007,15397AA2AA222,상하수도시설,,,16397AAA0,건설공사비지수,43.78,2020＝100
200008,15397AA2AA222,상하수도시설,,,16397AAA0,건설공사비지수,43.84,2020＝100
200009,15397AA2AA222,상하수도시설,,,16397AAA0,건설공사비지수,44.21,2020＝100
200010,15397AA2AA222,상하수도시설,,,16397AAA0,건설공사비지수,44.39,2020＝100
200011,15397AA2AA222,상하수도시설,,,16397AAA0,건설공사비지수,44.39,2020＝100
200012,15397AA2AA222,상하수도시설,,,16397AAA0,건설공사비지수,44.27,2020＝100
200001,15397AA2AA223,농림수산토목,,,16397AAA0,건설공사비지수,41.84,2020＝100
200002,15397AA2AA223,농림수산토목,,,16397AAA0,건설공사비지수,41.78,2020＝100
200003,15397AA2AA223,농림수산토목,,,16397AAA0,건설공사비지수,41.84,2020＝100
200004,15397AA2AA223,농림수산토목,,,16397AAA0,건설공사비지수,41.84,2020＝100
200005,15397AA2AA223,농림수산토목,,,16397AAA0,건설공사비지수,41.78,2020＝100
200006,15397AA2AA223,농림수산토목,,,16397AAA0,건설공사비지수,42.01,2020＝100
200007,15397AA2AA223,농림수산토목,,,16397AAA0,건설공사비지수,42.07,2020＝100
200008,15397AA2AA223,농림수산토목,,,16397AAA0,건설공사비지수,42.29,2020＝100
200009,15397AA2AA223,농림수산토목,,,16397AAA0,건설공사비지수,42.86,2020＝100
200010,15397AA2AA223,농림수산토목,,,16397AAA0,건설공사비지수,43.14,2020＝100
200011,15397AA2AA223,농림수산토목,,,16397AAA0,건설공사비지수,43.2,2020＝100
200012,15397AA2AA223,농림수산토목,,,16397AAA0,건설공사비지수,43.2,2020＝100
200001,15397AA2AA224,도시토목,,,16397AAA0,건설공사비지수,44.07,2020＝100
200002,15397AA2AA224,도시토목,,,16397AAA0,건설공사비지수,44.07,2020＝100
200003,15397AA2AA224,도시토목,,,16397AAA0,건설공사비지수,44.07,2020＝100
200004,15397AA2AA224,도시토목,,,16397AAA0,건설공사비지수,44.07,2020＝100
200005,15397AA2AA224,도시토목,,,16397AAA0,건설공사비지수,44.13,2020＝100
200006,15397AA2AA224,도시토목,,,16397AAA0,건설공사비지수,44.3,2020＝100
200007,15397AA2AA224,도시토목,,,16397AAA0,건설공사비지수,44.43,2020＝100
200008,15397AA2AA224,도시토목,,,16397AAA0,건설공사비지수,44.6,2020＝100
200009,15397AA2AA224,도시토목,,,16397AAA0,건설공사비지수,45.08,2020＝100
200010,15397AA2AA224,도시토목,,,16397AAA0,건설공사비지수,45.32,2020＝100
200011,15397AA2AA224,도시토목,,,16397AAA0,건설공사비지수,45.38,2020＝100
200012,15397AA2AA224,도시토목,,,16397AAA0,건설공사비지수,45.38,2020＝100
200001,15397AA2AA23,산업시설건설,,,16397AAA0,건설공사비지수,46.63,2020＝100
200002,15397AA2AA23,산업시설건설,,,16397AAA0,건설공사비지수,46.4,2020＝100
200003,15397AA2AA23,산업시설건설,,,16397AAA0,건설공사비지수,46.51,2020＝100
200004,15397AA2AA23,산업시설건설,,,16397AAA0,건설공사비지수,46.57,2020＝100
200005,15397AA2AA23,산업시설건설,,,16397AAA0,건설공사비지수,46.51,2020＝100
200006,15397AA2AA23,산업시설건설,,,16397AAA0,건설공사비지수,46.63,2020＝100
200007,15397AA2AA23,산업시설건설,,,16397AAA0,건설공사비지수,46.63,2020＝100
200008,15397AA2AA23,산업시설건설,,,16397AAA0,건설공사비지수,46.75,2020＝100
200009,15397AA2AA23,산업시설건설,,,16397AAA0,건설공사비지수,47.11,2020＝100
200010,15397AA2AA23,산업시설건설,,,16397AAA0,건설공사비지수,47.22,2020＝100
200011,15397AA2AA23,산업시설건설,,,16397AAA0,건설공사비지수,47.59,2020＝100
200012,15397AA2AA23,산업시설건설,,,16397AAA0,건설공사비지수,47.53,2020＝100
200001,15397AA2AA231,환경정화시설,,,16397AAA0,건설공사비지수,45.04,2020＝100
200002,15397AA2AA231,환경정화시설,,,16397AAA0,건설공사비지수,44.98,2020＝100
200003,15397AA2AA231,환경정화시설,,,16397AAA0,건설공사비지수,45.04,2020＝100
200004,15397AA2AA231,환경정화시설,,,16397AAA0,건설공사비지수,45.04,2020＝100
200005,15397AA2AA231,환경정화시설,,,16397AAA0,건설공사비지수,45.04,2020＝100
200006,15397AA2AA231,환경정화시설,,,16397AAA0,건설공사비지수,45.16,2020＝100
200007,15397AA2AA231,환경정화시설,,,16397AAA0,건설공사비지수,45.28,2020＝100
200008,15397AA2AA231,환경정화시설,,,16397AAA0,건설공사비지수,45.34,2020＝100
200009,15397AA2AA231,환경정화시설,,,16397AAA0,건설공사비지수,45.74,2020＝100
200010,15397AA2AA231,환경정화시설,,,16397AAA0,건설공사비지수,45.8,2020＝100
200011,15397AA2AA231,환경정화시설,,,16397AAA0,건설공사비지수,45.86,2020＝100
200012,15397AA2AA231,환경정화시설,,,16397AAA0,건설공사비지수,45.86,2020＝100
200001,15397AA2AA232,발전소시설,,,16397AAA0,건설공사비지수,46.29,2020＝100
200002,15397AA2AA232,발전소시설,,,16397AAA0,건설공사비지수,45.95,2020＝100
200003,15397AA2AA232,발전소시설,,,16397AAA0,건설공사비지수,46.12,2020＝100
200004,15397AA2AA232,발전소시설,,,16397AAA0,건설공사비지수,46.18,2020＝100
200005,15397AA2AA232,발전소시설,,,16397AAA0,건설공사비지수,46.12,2020＝100
200006,15397AA2AA232,발전소시설,,,16397AAA0,건설공사비지수,46.23,2020＝100
200007,15397AA2AA232,발전소시설,,,16397AAA0,건설공사비지수,46.06,2020＝100
200008,15397AA2AA232,발전소시설,,,16397AAA0,건설공사비지수,46.18,2020＝100
200009,15397AA2AA232,발전소시설,,,16397AAA0,건설공사비지수,46.53,2020＝100
200010,15397AA2AA232,발전소시설,,,16397AAA0,건설공사비지수,46.58,2020＝100
200011,15397AA2AA232,발전소시설,,,16397AAA0,건설공사비지수,47.09,2020＝100
200012,15397AA2AA232,발전소시설,,,16397AAA0,건설공사비지수,47.04,2020＝100
200001,15397AA2AA234,산업플랜트,,,16397AAA0,건설공사비지수,44.59,2020＝100
200002,15397AA2AA234,산업플랜트,,,16397AAA0,건설공사비지수,44.53,2020＝100
200003,15397AA2AA234,산업플랜트,,,16397AAA0,건설공사비지수,44.71,2020＝100
200004,15397AA2AA234,산업플랜트,,,16397AAA0,건설공사비지수,44.76,2020＝100
200005,15397AA2AA234,산업플랜트,,,16397AAA0,건설공사비지수,44.76,2020＝100
200006,15397AA2AA234,산업플랜트,,,16397AAA0,건설공사비지수,44.82,2020＝100
200007,15397AA2AA234,산업플랜트,,,16397AAA0,건설공사비지수,44.88,2020＝100
200008,15397AA2AA234,산업플랜트,,,16397AAA0,건설공사비지수,44.94,2020＝100
200009,15397AA2AA234,산업플랜트,,,16397AAA0,건설공사비지수,45.29,2020＝100
200010,15397AA2AA234,산업플랜트,,,16397AAA0,건설공사비지수,45.35,2020＝100
200011,15397AA2AA234,산업플랜트,,,16397AAA0,건설공사비지수,45.41,2020＝100
200012,15397AA2AA234,산업플랜트,,,16397AAA0,건설공사비지수,45.41,2020＝100
200001,15397AA2AA24,기타건설,,,16397AAA0,건설공사비지수,45.88,2020＝100
200002,15397AA2AA24,기타건설,,,16397AAA0,건설공사비지수,45.82,2020＝100
200003,15397AA2AA24,기타건설,,,16397AAA0,건설공사비지수,45.88,2020＝100
200004,15397AA2AA24,기타건설,,,16397AAA0,건설공사비지수,45.88,2020＝100
200005,15397AA2AA24,기타건설,,,16397AAA0,건설공사비지수,45.88,2020＝100
200006,15397AA2AA24,기타건설,,,16397AAA0,건설공사비지수,46,2020＝100
200007,15397AA2AA24,기타건설,,,16397AAA0,건설공사비지수,46.12,2020＝100
200008,15397AA2AA24,기타건설,,,16397AAA0,건설공사비지수,46.17,2020＝100
200009,15397AA2AA24,기타건설,,,16397AAA0,건설공사비지수,46.59,2020＝100
200010,15397AA2AA24,기타건설,,,16397AAA0,건설공사비지수,46.64,2020＝100
200011,15397AA2AA24,기타건설,,,16397AAA0,건설공사비지수,46.71,2020＝100
200012,15397AA2AA24,기타건설,,,16397AAA0,건설공사비지수,46.71,2020＝100
200001,15397AA2AA241,기타건설,,,16397AAA0,건설공사비지수,45.88,2020＝100
200002,15397AA2AA241,기타건설,,,16397AAA0,건설공사비지수,45.82,2020＝100
200003,15397AA2AA241,기타건설,,,16397AAA0,건설공사비지수,45.88,2020＝100
200004,15397AA2AA241,기타건설,,,16397AAA0,건설공사비지수,45.88,2020＝100
200005,15397AA2AA241,기타건설,,,16397AAA0,건설공사비지수,45.88,2020＝100
200006,15397AA2AA241,기타건설,,,16397AAA0,건설공사비지수,46,2020＝100
200007,15397AA2AA241,기타건설,,,16397AAA0,건설공사비지수,46.12,2020＝100
200008,15397AA2AA241,기타건설,,,16397AAA0,건설공사비지수,46.17,2020＝100
200009,15397AA2AA241,기타건설,,,16397AAA0,건설공사비지수,46.59,2020＝100
200010,15397AA2AA241,기타건설,,,16397AAA0,건설공사비지수,46.64,2020＝100
200011,15397AA2AA241,기타건설,,,16397AAA0,건설공사비지수,46.71,2020＝100
200012,15397AA2AA241,기타건설,,,16397AAA0,건설공사비지수,46.71,2020＝100
200101,15397AA2AA,건설,,,16397AAA0,건설공사비지수,47.03,2020＝100
200102,15397AA2AA,건설,,,16397AAA0,건설공사비지수,47.14,2020＝100
200103,15397AA2AA,건설,,,16397AAA0,건설공사비지수,47.32,2020＝100
200104,15397AA2AA,건설,,,16397AAA0,건설공사비지수,47.38,2020＝100
200105,15397AA2AA,건설,,,16397AAA0,건설공사비지수,47.44,2020＝100
200106,15397AA2AA,건설,,,16397AAA0,건설공사비지수,47.38,2020＝100
200107,15397AA2AA,건설,,,16397AAA0,건설공사비지수,47.26,2020＝100
200108,15397AA2AA,건설,,,16397AAA0,건설공사비지수,47.2,2020＝100
200109,15397AA2AA,건설,,,16397AAA0,건설공사비지수,47.56,2020＝100
200110,15397AA2AA,건설,,,16397AAA0,건설공사비지수,47.44,2020＝100
200111,15397AA2AA,건설,,,16397AAA0,건설공사비지수,47.44,2020＝100
200112,15397AA2AA,건설,,,16397AAA0,건설공사비지수,47.38,2020＝100
200101,15397AA2AA1,건물건설 및 건축보수,,,16397AAA0,건설공사비지수,47.71,2020＝100
200102,15397AA2AA1,건물건설 및 건축보수,,,16397AAA0,건설공사비지수,47.71,2020＝100
200103,15397AA2AA1,건물건설 및 건축보수,,,16397AAA0,건설공사비지수,47.89,2020＝100
200104,15397AA2AA1,건물건설 및 건축보수,,,16397AAA0,건설공사비지수,48.01,2020＝100
200105,15397AA2AA1,건물건설 및 건축보수,,,16397AAA0,건설공사비지수,48.01,2020＝100
200106,15397AA2AA1,건물건설 및 건축보수,,,16397AAA0,건설공사비지수,47.95,2020＝100
200107,15397AA2AA1,건물건설 및 건축보수,,,16397AAA0,건설공사비지수,47.83,2020＝100
200108,15397AA2AA1,건물건설 및 건축보수,,,16397AAA0,건설공사비지수,47.77,2020＝100
200109,15397AA2AA1,건물건설 및 건축보수,,,16397AAA0,건설공사비지수,48.13,2020＝100
200110,15397AA2AA1,건물건설 및 건축보수,,,16397AAA0,건설공사비지수,48.07,2020＝100
200111,15397AA2AA1,건물건설 및 건축보수,,,16397AAA0,건설공사비지수,48.01,2020＝100
200112,15397AA2AA1,건물건설 및 건축보수,,,16397AAA0,건설공사비지수,47.95,2020＝100
200101,15397AA2AA11,주거용건물,,,16397AAA0,건설공사비지수,47.96,2020＝100
200102,15397AA2AA11,주거용건물,,,16397AAA0,건설공사비지수,48.02,2020＝100
200103,15397AA2AA11,주거용건물,,,16397AAA0,건설공사비지수,48.2,2020＝100
200104,15397AA2AA11,주거용건물,,,16397AAA0,건설공사비지수,48.26,2020＝100
200105,15397AA2AA11,주거용건물,,,16397AAA0,건설공사비지수,48.38,2020＝100
200106,15397AA2AA11,주거용건물,,,16397AAA0,건설공사비지수,48.26,2020＝100
200107,15397AA2AA11,주거용건물,,,16397AAA0,건설공사비지수,48.14,2020＝100
200108,15397AA2AA11,주거용건물,,,16397AAA0,건설공사비지수,48.08,2020＝100
200109,15397AA2AA11,주거용건물,,,16397AAA0,건설공사비지수,48.5,2020＝100
200110,15397AA2AA11,주거용건물,,,16397AAA0,건설공사비지수,48.38,2020＝100
200111,15397AA2AA11,주거용건물,,,16397AAA0,건설공사비지수,48.38,2020＝100
200112,15397AA2AA11,주거용건물,,,16397AAA0,건설공사비지수,48.32,2020＝100
200101,15397AA2AA111,주거용건물,,,16397AAA0,건설공사비지수,47.96,2020＝100
200102,15397AA2AA111,주거용건물,,,16397AAA0,건설공사비지수,48.02,2020＝100
200103,15397AA2AA111,주거용건물,,,16397AAA0,건설공사비지수,48.2,2020＝100
200104,15397AA2AA111,주거용건물,,,16397AAA0,건설공사비지수,48.26,2020＝100
200105,15397AA2AA111,주거용건물,,,16397AAA0,건설공사비지수,48.38,2020＝100
200106,15397AA2AA111,주거용건물,,,16397AAA0,건설공사비지수,48.26,2020＝100
200107,15397AA2AA111,주거용건물,,,16397AAA0,건설공사비지수,48.14,2020＝100
200108,15397AA2AA111,주거용건물,,,16397AAA0,건설공사비지수,48.08,2020＝100
200109,15397AA2AA111,주거용건물,,,16397AAA0,건설공사비지수,48.5,2020＝100
200110,15397AA2AA111,주거용건물,,,16397AAA0,건설공사비지수,48.38,2020＝100
200111,15397AA2AA111,주거용건물,,,16397AAA0,건설공사비지수,48.38,2020＝100
200112,15397AA2AA111,주거용건물,,,16397AAA0,건설공사비지수,48.32,2020＝100
200101,15397AA2AA12,비주거용건물,,,16397AAA0,건설공사비지수,47.48,2020＝100
200102,15397AA2AA12,비주거용건물,,,16397AAA0,건설공사비지수,47.54,2020＝100
200103,15397AA2AA12,비주거용건물,,,16397AAA0,건설공사비지수,47.72,2020＝100
200104,15397AA2AA12,비주거용건물,,,16397AAA0,건설공사비지수,47.78,2020＝100
200105,15397AA2AA12,비주거용건물,,,16397AAA0,건설공사비지수,47.72,2020＝100
200106,15397AA2AA12,비주거용건물,,,16397AAA0,건설공사비지수,47.66,2020＝100
200107,15397AA2AA12,비주거용건물,,,16397AAA0,건설공사비지수,47.54,2020＝100
200108,15397AA2AA12,비주거용건물,,,16397AAA0,건설공사비지수,47.48,2020＝100
200109,15397AA2AA12,비주거용건물,,,16397AAA0,건설공사비지수,47.84,2020＝100
200110,15397AA2AA12,비주거용건물,,,16397AAA0,건설공사비지수,47.72,2020＝100
200111,15397AA2AA12,비주거용건물,,,16397AAA0,건설공사비지수,47.72,2020＝100
200112,15397AA2AA12,비주거용건물,,,16397AAA0,건설공사비지수,47.66,2020＝100
200101,15397AA2AA121,비주거용건물,,,16397AAA0,건설공사비지수,47.48,2020＝100
200102,15397AA2AA121,비주거용건물,,,16397AAA0,건설공사비지수,47.54,2020＝100
200103,15397AA2AA121,비주거용건물,,,16397AAA0,건설공사비지수,47.72,2020＝100
200104,15397AA2AA121,비주거용건물,,,16397AAA0,건설공사비지수,47.78,2020＝100
200105,15397AA2AA121,비주거용건물,,,16397AAA0,건설공사비지수,47.72,2020＝100
200106,15397AA2AA121,비주거용건물,,,16397AAA0,건설공사비지수,47.66,2020＝100
200107,15397AA2AA121,비주거용건물,,,16397AAA0,건설공사비지수,47.54,2020＝100
200108,15397AA2AA121,비주거용건물,,,16397AAA0,건설공사비지수,47.48,2020＝100
200109,15397AA2AA121,비주거용건물,,,16397AAA0,건설공사비지수,47.84,2020＝100
200110,15397AA2AA121,비주거용건물,,,16397AAA0,건설공사비지수,47.72,2020＝100
200111,15397AA2AA121,비주거용건물,,,16397AAA0,건설공사비지수,47.72,2020＝100
200112,15397AA2AA121,비주거용건물,,,16397AAA0,건설공사비지수,47.66,2020＝100
200101,15397AA2AA13,건축보수,,,16397AAA0,건설공사비지수,48.07,2020＝100
200102,15397AA2AA13,건축보수,,,16397AAA0,건설공사비지수,48.13,2020＝100
200103,15397AA2AA13,건축보수,,,16397AAA0,건설공사비지수,48.25,2020＝100
200104,15397AA2AA13,건축보수,,,16397AAA0,건설공사비지수,48.31,2020＝100
200105,15397AA2AA13,건축보수,,,16397AAA0,건설공사비지수,48.37,2020＝100
200106,15397AA2AA13,건축보수,,,16397AAA0,건설공사비지수,48.31,2020＝100
200107,15397AA2AA13,건축보수,,,16397AAA0,건설공사비지수,48.25,2020＝100
200108,15397AA2AA13,건축보수,,,16397AAA0,건설공사비지수,48.18,2020＝100
200109,15397AA2AA13,건축보수,,,16397AAA0,건설공사비지수,48.55,2020＝100
200110,15397AA2AA13,건축보수,,,16397AAA0,건설공사비지수,48.49,2020＝100
200111,15397AA2AA13,건축보수,,,16397AAA0,건설공사비지수,48.49,2020＝100
200112,15397AA2AA13,건축보수,,,16397AAA0,건설공사비지수,48.43,2020＝100
200101,15397AA2AA131,건축보수,,,16397AAA0,건설공사비지수,48.07,2020＝100
200102,15397AA2AA131,건축보수,,,16397AAA0,건설공사비지수,48.13,2020＝100
200103,15397AA2AA131,건축보수,,,16397AAA0,건설공사비지수,48.25,2020＝100
200104,15397AA2AA131,건축보수,,,16397AAA0,건설공사비지수,48.31,2020＝100
200105,15397AA2AA131,건축보수,,,16397AAA0,건설공사비지수,48.37,2020＝100
200106,15397AA2AA131,건축보수,,,16397AAA0,건설공사비지수,48.31,2020＝100
200107,15397AA2AA131,건축보수,,,16397AAA0,건설공사비지수,48.25,2020＝100
200108,15397AA2AA131,건축보수,,,16397AAA0,건설공사비지수,48.18,2020＝100
200109,15397AA2AA131,건축보수,,,16397AAA0,건설공사비지수,48.55,2020＝100
200110,15397AA2AA131,건축보수,,,16397AAA0,건설공사비지수,48.49,2020＝100
200111,15397AA2AA131,건축보수,,,16397AAA0,건설공사비지수,48.49,2020＝100
200112,15397AA2AA131,건축보수,,,16397AAA0,건설공사비지수,48.43,2020＝100
200101,15397AA2AA2,토목건설,,,16397AAA0,건설공사비지수,46.17,2020＝100
200102,15397AA2AA2,토목건설,,,16397AAA0,건설공사비지수,46.23,2020＝100
200103,15397AA2AA2,토목건설,,,16397AAA0,건설공사비지수,46.47,2020＝100
200104,15397AA2AA2,토목건설,,,16397AAA0,건설공사비지수,46.58,2020＝100
200105,15397AA2AA2,토목건설,,,16397AAA0,건설공사비지수,46.64,2020＝100
200106,15397AA2AA2,토목건설,,,16397AAA0,건설공사비지수,46.64,2020＝100
200107,15397AA2AA2,토목건설,,,16397AAA0,건설공사비지수,46.58,2020＝100
200108,15397AA2AA2,토목건설,,,16397AAA0,건설공사비지수,46.47,2020＝100
200109,15397AA2AA2,토목건설,,,16397AAA0,건설공사비지수,46.76,2020＝100
200110,15397AA2AA2,토목건설,,,16397AAA0,건설공사비지수,46.7,2020＝100
200111,15397AA2AA2,토목건설,,,16397AAA0,건설공사비지수,46.58,2020＝100
200112,15397AA2AA2,토목건설,,,16397AAA0,건설공사비지수,46.47,2020＝100
200101,15397AA2AA21,교통시설건설,,,16397AAA0,건설공사비지수,45.41,2020＝100
200102,15397AA2AA21,교통시설건설,,,16397AAA0,건설공사비지수,45.48,2020＝100
200103,15397AA2AA21,교통시설건설,,,16397AAA0,건설공사비지수,45.77,2020＝100
200104,15397AA2AA21,교통시설건설,,,16397AAA0,건설공사비지수,45.89,2020＝100
200105,15397AA2AA21,교통시설건설,,,16397AAA0,건설공사비지수,46.06,2020＝100
200106,15397AA2AA21,교통시설건설,,,16397AAA0,건설공사비지수,46,2020＝100
200107,15397AA2AA21,교통시설건설,,,16397AAA0,건설공사비지수,45.94,2020＝100
200108,15397AA2AA21,교통시설건설,,,16397AAA0,건설공사비지수,45.94,2020＝100
200109,15397AA2AA21,교통시설건설,,,16397AAA0,건설공사비지수,46.24,2020＝100
200110,15397AA2AA21,교통시설건설,,,16397AAA0,건설공사비지수,46.12,2020＝100
200111,15397AA2AA21,교통시설건설,,,16397AAA0,건설공사비지수,46.06,2020＝100
200112,15397AA2AA21,교통시설건설,,,16397AAA0,건설공사비지수,45.94,2020＝100
200101,15397AA2AA211,도로시설,,,16397AAA0,건설공사비지수,44.94,2020＝100
200102,15397AA2AA211,도로시설,,,16397AAA0,건설공사비지수,45,2020＝100
200103,15397AA2AA211,도로시설,,,16397AAA0,건설공사비지수,45.29,2020＝100
200104,15397AA2AA211,도로시설,,,16397AAA0,건설공사비지수,45.35,2020＝100
200105,15397AA2AA211,도로시설,,,16397AAA0,건설공사비지수,45.52,2020＝100
200106,15397AA2AA211,도로시설,,,16397AAA0,건설공사비지수,45.52,2020＝100
200107,15397AA2AA211,도로시설,,,16397AAA0,건설공사비지수,45.46,2020＝100
200108,15397AA2AA211,도로시설,,,16397AAA0,건설공사비지수,45.46,2020＝100
200109,15397AA2AA211,도로시설,,,16397AAA0,건설공사비지수,45.81,2020＝100
200110,15397AA2AA211,도로시설,,,16397AAA0,건설공사비지수,45.7,2020＝100
200111,15397AA2AA211,도로시설,,,16397AAA0,건설공사비지수,45.63,2020＝100
200112,15397AA2AA211,도로시설,,,16397AAA0,건설공사비지수,45.46,2020＝100
200101,15397AA2AA212,철도시설,,,16397AAA0,건설공사비지수,45.58,2020＝100
200102,15397AA2AA212,철도시설,,,16397AAA0,건설공사비지수,45.71,2020＝100
200103,15397AA2AA212,철도시설,,,16397AAA0,건설공사비지수,46.07,2020＝100
200104,15397AA2AA212,철도시설,,,16397AAA0,건설공사비지수,46.25,2020＝100
200105,15397AA2AA212,철도시설,,,16397AAA0,건설공사비지수,46.43,2020＝100
200106,15397AA2AA212,철도시설,,,16397AAA0,건설공사비지수,46.37,2020＝100
200107,15397AA2AA212,철도시설,,,16397AAA0,건설공사비지수,46.25,2020＝100
200108,15397AA2AA212,철도시설,,,16397AAA0,건설공사비지수,46.07,2020＝100
200109,15397AA2AA212,철도시설,,,16397AAA0,건설공사비지수,46.25,2020＝100
200110,15397AA2AA212,철도시설,,,16397AAA0,건설공사비지수,46.13,2020＝100
200111,15397AA2AA212,철도시설,,,16397AAA0,건설공사비지수,46.13,2020＝100
200112,15397AA2AA212,철도시설,,,16397AAA0,건설공사비지수,46.13,2020＝100
200101,15397AA2AA213,항만시설,,,16397AAA0,건설공사비지수,44.57,2020＝100
200102,15397AA2AA213,항만시설,,,16397AAA0,건설공사비지수,44.69,2020＝100
200103,15397AA2AA213,항만시설,,,16397AAA0,건설공사비지수,44.86,2020＝100
200104,15397AA2AA213,항만시설,,,16397AAA0,건설공사비지수,45.1,2020＝100
200105,15397AA2AA213,항만시설,,,16397AAA0,건설공사비지수,45.1,2020＝100
200106,15397AA2AA213,항만시설,,,16397AAA0,건설공사비지수,45.1,2020＝100
200107,15397AA2AA213,항만시설,,,16397AAA0,건설공사비지수,45.15,2020＝100
200108,15397AA2AA213,항만시설,,,16397AAA0,건설공사비지수,45.1,2020＝100
200109,15397AA2AA213,항만시설,,,16397AAA0,건설공사비지수,45.39,2020＝100
200110,15397AA2AA213,항만시설,,,16397AAA0,건설공사비지수,45.33,2020＝100
200111,15397AA2AA213,항만시설,,,16397AAA0,건설공사비지수,45.21,2020＝100
200112,15397AA2AA213,항만시설,,,16397AAA0,건설공사비지수,44.92,2020＝100
200101,15397AA2AA22,일반토목시설건설,,,16397AAA0,건설공사비지수,45.1,2020＝100
200102,15397AA2AA22,일반토목시설건설,,,16397AAA0,건설공사비지수,45.28,2020＝100
200103,15397AA2AA22,일반토목시설건설,,,16397AAA0,건설공사비지수,45.51,2020＝100
200104,15397AA2AA22,일반토목시설건설,,,16397AAA0,건설공사비지수,45.63,2020＝100
200105,15397AA2AA22,일반토목시설건설,,,16397AAA0,건설공사비지수,45.75,2020＝100
200106,15397AA2AA22,일반토목시설건설,,,16397AAA0,건설공사비지수,45.69,2020＝100
200107,15397AA2AA22,일반토목시설건설,,,16397AAA0,건설공사비지수,45.69,2020＝100
200108,15397AA2AA22,일반토목시설건설,,,16397AAA0,건설공사비지수,45.63,2020＝100
200109,15397AA2AA22,일반토목시설건설,,,16397AAA0,건설공사비지수,45.99,2020＝100
200110,15397AA2AA22,일반토목시설건설,,,16397AAA0,건설공사비지수,45.93,2020＝100
200111,15397AA2AA22,일반토목시설건설,,,16397AAA0,건설공사비지수,45.81,2020＝100
200112,15397AA2AA22,일반토목시설건설,,,16397AAA0,건설공사비지수,45.63,2020＝100
200101,15397AA2AA221,하천사방,,,16397AAA0,건설공사비지수,45.58,2020＝100
200102,15397AA2AA221,하천사방,,,16397AAA0,건설공사비지수,45.64,2020＝100
200103,15397AA2AA221,하천사방,,,16397AAA0,건설공사비지수,45.82,2020＝100
200104,15397AA2AA221,하천사방,,,16397AAA0,건설공사비지수,45.99,2020＝100
200105,15397AA2AA221,하천사방,,,16397AAA0,건설공사비지수,45.99,2020＝100
200106,15397AA2AA221,하천사방,,,16397AAA0,건설공사비지수,45.99,2020＝100
200107,15397AA2AA221,하천사방,,,16397AAA0,건설공사비지수,45.99,2020＝100
200108,15397AA2AA221,하천사방,,,16397AAA0,건설공사비지수,45.93,2020＝100
200109,15397AA2AA221,하천사방,,,16397AAA0,건설공사비지수,46.29,2020＝100
200110,15397AA2AA221,하천사방,,,16397AAA0,건설공사비지수,46.23,2020＝100
200111,15397AA2AA221,하천사방,,,16397AAA0,건설공사비지수,46.11,2020＝100
200112,15397AA2AA221,하천사방,,,16397AAA0,건설공사비지수,45.88,2020＝100
200101,15397AA2AA222,상하수도시설,,,16397AAA0,건설공사비지수,44.33,2020＝100
200102,15397AA2AA222,상하수도시설,,,16397AAA0,건설공사비지수,44.86,2020＝100
200103,15397AA2AA222,상하수도시설,,,16397AAA0,건설공사비지수,44.92,2020＝100
200104,15397AA2AA222,상하수도시설,,,16397AAA0,건설공사비지수,45.04,2020＝100
200105,15397AA2AA222,상하수도시설,,,16397AAA0,건설공사비지수,45.22,2020＝100
200106,15397AA2AA222,상하수도시설,,,16397AAA0,건설공사비지수,45.22,2020＝100
200107,15397AA2AA222,상하수도시설,,,16397AAA0,건설공사비지수,45.22,2020＝100
200108,15397AA2AA222,상하수도시설,,,16397AAA0,건설공사비지수,45.16,2020＝100
200109,15397AA2AA222,상하수도시설,,,16397AAA0,건설공사비지수,45.52,2020＝100
200110,15397AA2AA222,상하수도시설,,,16397AAA0,건설공사비지수,45.52,2020＝100
200111,15397AA2AA222,상하수도시설,,,16397AAA0,건설공사비지수,45.4,2020＝100
200112,15397AA2AA222,상하수도시설,,,16397AAA0,건설공사비지수,45.28,2020＝100
200101,15397AA2AA223,농림수산토목,,,16397AAA0,건설공사비지수,43.14,2020＝100
200102,15397AA2AA223,농림수산토목,,,16397AAA0,건설공사비지수,43.2,2020＝100
200103,15397AA2AA223,농림수산토목,,,16397AAA0,건설공사비지수,43.37,2020＝100
200104,15397AA2AA223,농림수산토목,,,16397AAA0,건설공사비지수,43.48,2020＝100
200105,15397AA2AA223,농림수산토목,,,16397AAA0,건설공사비지수,43.54,2020＝100
200106,15397AA2AA223,농림수산토목,,,16397AAA0,건설공사비지수,43.48,2020＝100
200107,15397AA2AA223,농림수산토목,,,16397AAA0,건설공사비지수,43.54,2020＝100
200108,15397AA2AA223,농림수산토목,,,16397AAA0,건설공사비지수,43.48,2020＝100
200109,15397AA2AA223,농림수산토목,,,16397AAA0,건설공사비지수,43.88,2020＝100
200110,15397AA2AA223,농림수산토목,,,16397AAA0,건설공사비지수,43.82,2020＝100
200111,15397AA2AA223,농림수산토목,,,16397AAA0,건설공사비지수,43.59,2020＝100
200112,15397AA2AA223,농림수산토목,,,16397AAA0,건설공사비지수,43.32,2020＝100
200101,15397AA2AA224,도시토목,,,16397AAA0,건설공사비지수,45.44,2020＝100
200102,15397AA2AA224,도시토목,,,16397AAA0,건설공사비지수,45.5,2020＝100
200103,15397AA2AA224,도시토목,,,16397AAA0,건설공사비지수,45.74,2020＝100
200104,15397AA2AA224,도시토목,,,16397AAA0,건설공사비지수,45.92,2020＝100
200105,15397AA2AA224,도시토목,,,16397AAA0,건설공사비지수,46.03,2020＝100
200106,15397AA2AA224,도시토목,,,16397AAA0,건설공사비지수,45.98,2020＝100
200107,15397AA2AA224,도시토목,,,16397AAA0,건설공사비지수,45.92,2020＝100
200108,15397AA2AA224,도시토목,,,16397AAA0,건설공사비지수,45.92,2020＝100
200109,15397AA2AA224,도시토목,,,16397AAA0,건설공사비지수,46.28,2020＝100
200110,15397AA2AA224,도시토목,,,16397AAA0,건설공사비지수,46.15,2020＝100
200111,15397AA2AA224,도시토목,,,16397AAA0,건설공사비지수,46.03,2020＝100
200112,15397AA2AA224,도시토목,,,16397AAA0,건설공사비지수,45.86,2020＝100
200101,15397AA2AA23,산업시설건설,,,16397AAA0,건설공사비지수,47.65,2020＝100
200102,15397AA2AA23,산업시설건설,,,16397AAA0,건설공사비지수,47.71,2020＝100
200103,15397AA2AA23,산업시설건설,,,16397AAA0,건설공사비지수,47.88,2020＝100
200104,15397AA2AA23,산업시설건설,,,16397AAA0,건설공사비지수,47.94,2020＝100
200105,15397AA2AA23,산업시설건설,,,16397AAA0,건설공사비지수,47.88,2020＝100
200106,15397AA2AA23,산업시설건설,,,16397AAA0,건설공사비지수,47.82,2020＝100
200107,15397AA2AA23,산업시설건설,,,16397AAA0,건설공사비지수,47.71,2020＝100
200108,15397AA2AA23,산업시설건설,,,16397AAA0,건설공사비지수,47.53,2020＝100
200109,15397AA2AA23,산업시설건설,,,16397AAA0,건설공사비지수,47.77,2020＝100
200110,15397AA2AA23,산업시설건설,,,16397AAA0,건설공사비지수,47.65,2020＝100
200111,15397AA2AA23,산업시설건설,,,16397AAA0,건설공사비지수,47.59,2020＝100
200112,15397AA2AA23,산업시설건설,,,16397AAA0,건설공사비지수,47.53,2020＝100
200101,15397AA2AA231,환경정화시설,,,16397AAA0,건설공사비지수,45.86,2020＝100
200102,15397AA2AA231,환경정화시설,,,16397AAA0,건설공사비지수,45.86,2020＝100
200103,15397AA2AA231,환경정화시설,,,16397AAA0,건설공사비지수,46.15,2020＝100
200104,15397AA2AA231,환경정화시설,,,16397AAA0,건설공사비지수,46.27,2020＝100
200105,15397AA2AA231,환경정화시설,,,16397AAA0,건설공사비지수,46.38,2020＝100
200106,15397AA2AA231,환경정화시설,,,16397AAA0,건설공사비지수,46.33,2020＝100
200107,15397AA2AA231,환경정화시설,,,16397AAA0,건설공사비지수,46.21,2020＝100
200108,15397AA2AA231,환경정화시설,,,16397AAA0,건설공사비지수,46.21,2020＝100
200109,15397AA2AA231,환경정화시설,,,16397AAA0,건설공사비지수,46.49,2020＝100
200110,15397AA2AA231,환경정화시설,,,16397AAA0,건설공사비지수,46.44,2020＝100
200111,15397AA2AA231,환경정화시설,,,16397AAA0,건설공사비지수,46.38,2020＝100
200112,15397AA2AA231,환경정화시설,,,16397AAA0,건설공사비지수,46.27,2020＝100
200101,15397AA2AA232,발전소시설,,,16397AAA0,건설공사비지수,46.87,2020＝100
200102,15397AA2AA232,발전소시설,,,16397AAA0,건설공사비지수,46.87,2020＝100
200103,15397AA2AA232,발전소시설,,,16397AAA0,건설공사비지수,46.98,2020＝100
200104,15397AA2AA232,발전소시설,,,16397AAA0,건설공사비지수,47.09,2020＝100
200105,15397AA2AA232,발전소시설,,,16397AAA0,건설공사비지수,46.87,2020＝100
200106,15397AA2AA232,발전소시설,,,16397AAA0,건설공사비지수,46.81,2020＝100
200107,15397AA2AA232,발전소시설,,,16397AAA0,건설공사비지수,46.7,2020＝100
200108,15397AA2AA232,발전소시설,,,16397AAA0,건설공사비지수,46.53,2020＝100
200109,15397AA2AA232,발전소시설,,,16397AAA0,건설공사비지수,46.64,2020＝100
200110,15397AA2AA232,발전소시설,,,16397AAA0,건설공사비지수,46.47,2020＝100
200111,15397AA2AA232,발전소시설,,,16397AAA0,건설공사비지수,46.47,2020＝100
200112,15397AA2AA232,발전소시설,,,16397AAA0,건설공사비지수,46.53,2020＝100
200101,15397AA2AA234,산업플랜트,,,16397AAA0,건설공사비지수,45.46,2020＝100
200102,15397AA2AA234,산업플랜트,,,16397AAA0,건설공사비지수,45.52,2020＝100
200103,15397AA2AA234,산업플랜트,,,16397AAA0,건설공사비지수,45.64,2020＝100
200104,15397AA2AA234,산업플랜트,,,16397AAA0,건설공사비지수,45.7,2020＝100
200105,15397AA2AA234,산업플랜트,,,16397AAA0,건설공사비지수,45.76,2020＝100
200106,15397AA2AA234,산업플랜트,,,16397AAA0,건설공사비지수,45.7,2020＝100
200107,15397AA2AA234,산업플랜트,,,16397AAA0,건설공사비지수,45.64,2020＝100
200108,15397AA2AA234,산업플랜트,,,16397AAA0,건설공사비지수,45.58,2020＝100
200109,15397AA2AA234,산업플랜트,,,16397AAA0,건설공사비지수,45.93,2020＝100
200110,15397AA2AA234,산업플랜트,,,16397AAA0,건설공사비지수,45.87,2020＝100
200111,15397AA2AA234,산업플랜트,,,16397AAA0,건설공사비지수,45.87,2020＝100
200112,15397AA2AA234,산업플랜트,,,16397AAA0,건설공사비지수,45.7,2020＝100
200101,15397AA2AA24,기타건설,,,16397AAA0,건설공사비지수,46.71,2020＝100
200102,15397AA2AA24,기타건설,,,16397AAA0,건설공사비지수,46.71,2020＝100
200103,15397AA2AA24,기타건설,,,16397AAA0,건설공사비지수,47,2020＝100
200104,15397AA2AA24,기타건설,,,16397AAA0,건설공사비지수,47.12,2020＝100
200105,15397AA2AA24,기타건설,,,16397AAA0,건설공사비지수,47.24,2020＝100
200106,15397AA2AA24,기타건설,,,16397AAA0,건설공사비지수,47.18,2020＝100
200107,15397AA2AA24,기타건설,,,16397AAA0,건설공사비지수,47.06,2020＝100
200108,15397AA2AA24,기타건설,,,16397AAA0,건설공사비지수,47.06,2020＝100
200109,15397AA2AA24,기타건설,,,16397AAA0,건설공사비지수,47.36,2020＝100
200110,15397AA2AA24,기타건설,,,16397AAA0,건설공사비지수,47.3,2020＝100
200111,15397AA2AA24,기타건설,,,16397AAA0,건설공사비지수,47.24,2020＝100
200112,15397AA2AA24,기타건설,,,16397AAA0,건설공사비지수,47.12,2020＝100
200101,15397AA2AA241,기타건설,,,16397AAA0,건설공사비지수,46.71,2020＝100
200102,15397AA2AA241,기타건설,,,16397AAA0,건설공사비지수,46.71,2020＝100
200103,15397AA2AA241,기타건설,,,16397AAA0,건설공사비지수,47,2020＝100
200104,15397AA2AA241,기타건설,,,16397AAA0,건설공사비지수,47.12,2020＝100
200105,15397AA2AA241,기타건설,,,16397AAA0,건설공사비지수,47.24,2020＝100
200106,15397AA2AA241,기타건설,,,16397AAA0,건설공사비지수,47.18,2020＝100
200107,15397AA2AA241,기타건설,,,16397AAA0,건설공사비지수,47.06,2020＝100
200108,15397AA2AA241,기타건설,,,16397AAA0,건설공사비지수,47.06,2020＝100
200109,15397AA2AA241,기타건설,,,16397AAA0,건설공사비지수,47.36,2020＝100
200110,15397AA2AA241,기타건설,,,16397AAA0,건설공사비지수,47.3,2020＝100
200111,15397AA2AA241,기타건설,,,16397AAA0,건설공사비지수,47.24,2020＝100
200112,15397AA2AA241,기타건설,,,16397AAA0,건설공사비지수,47.12,2020＝100
200201,15397AA2AA,건설,,,16397AAA0,건설공사비지수,48.04,2020＝100
200202,15397AA2AA,건설,,,16397AAA0,건설공사비지수,48.16,2020＝100
200203,15397AA2AA,건설,,,16397AAA0,건설공사비지수,48.34,2020＝100
200204,15397AA2AA,건설,,,16397AAA0,건설공사비지수,48.58,2020＝100
200205,15397AA2AA,건설,,,16397AAA0,건설공사비지수,48.7,2020＝100
200206,15397AA2AA,건설,,,16397AAA0,건설공사비지수,49.11,2020＝100
200207,15397AA2AA,건설,,,16397AAA0,건설공사비지수,49.17,2020＝100
200208,15397AA2AA,건설,,,16397AAA0,건설공사비지수,51.02,2020＝100
200209,15397AA2AA,건설,,,16397AAA0,건설공사비지수,51.08,2020＝100
200210,15397AA2AA,건설,,,16397AAA0,건설공사비지수,51.14,2020＝100
200211,15397AA2AA,건설,,,16397AAA0,건설공사비지수,51.14,2020＝100
200212,15397AA2AA,건설,,,16397AAA0,건설공사비지수,52.92,2020＝100
200201,15397AA2AA1,건물건설 및 건축보수,,,16397AAA0,건설공사비지수,48.66,2020＝100
200202,15397AA2AA1,건물건설 및 건축보수,,,16397AAA0,건설공사비지수,48.78,2020＝100
200203,15397AA2AA1,건물건설 및 건축보수,,,16397AAA0,건설공사비지수,48.96,2020＝100
200204,15397AA2AA1,건물건설 및 건축보수,,,16397AAA0,건설공사비지수,49.14,2020＝100
200205,15397AA2AA1,건물건설 및 건축보수,,,16397AAA0,건설공사비지수,49.21,2020＝100
200206,15397AA2AA1,건물건설 및 건축보수,,,16397AAA0,건설공사비지수,49.63,2020＝100
200207,15397AA2AA1,건물건설 및 건축보수,,,16397AAA0,건설공사비지수,49.57,2020＝100
200208,15397AA2AA1,건물건설 및 건축보수,,,16397AAA0,건설공사비지수,51.54,2020＝100
200209,15397AA2AA1,건물건설 및 건축보수,,,16397AAA0,건설공사비지수,51.54,2020＝100
200210,15397AA2AA1,건물건설 및 건축보수,,,16397AAA0,건설공사비지수,51.6,2020＝100
200211,15397AA2AA1,건물건설 및 건축보수,,,16397AAA0,건설공사비지수,51.54,2020＝100
200212,15397AA2AA1,건물건설 및 건축보수,,,16397AAA0,건설공사비지수,53.45,2020＝100
200201,15397AA2AA11,주거용건물,,,16397AAA0,건설공사비지수,49.03,2020＝100
200202,15397AA2AA11,주거용건물,,,16397AAA0,건설공사비지수,49.22,2020＝100
200203,15397AA2AA11,주거용건물,,,16397AAA0,건설공사비지수,49.34,2020＝100
200204,15397AA2AA11,주거용건물,,,16397AAA0,건설공사비지수,49.58,2020＝100
200205,15397AA2AA11,주거용건물,,,16397AAA0,건설공사비지수,49.69,2020＝100
200206,15397AA2AA11,주거용건물,,,16397AAA0,건설공사비지수,50.05,2020＝100
200207,15397AA2AA11,주거용건물,,,16397AAA0,건설공사비지수,49.99,2020＝100
200208,15397AA2AA11,주거용건물,,,16397AAA0,건설공사비지수,52.03,2020＝100
200209,15397AA2AA11,주거용건물,,,16397AAA0,건설공사비지수,52.03,2020＝100
200210,15397AA2AA11,주거용건물,,,16397AAA0,건설공사비지수,52.09,2020＝100
200211,15397AA2AA11,주거용건물,,,16397AAA0,건설공사비지수,52.03,2020＝100
200212,15397AA2AA11,주거용건물,,,16397AAA0,건설공사비지수,54,2020＝100
200201,15397AA2AA111,주거용건물,,,16397AAA0,건설공사비지수,49.03,2020＝100
200202,15397AA2AA111,주거용건물,,,16397AAA0,건설공사비지수,49.22,2020＝100
200203,15397AA2AA111,주거용건물,,,16397AAA0,건설공사비지수,49.34,2020＝100
200204,15397AA2AA111,주거용건물,,,16397AAA0,건설공사비지수,49.58,2020＝100
200205,15397AA2AA111,주거용건물,,,16397AAA0,건설공사비지수,49.69,2020＝100
200206,15397AA2AA111,주거용건물,,,16397AAA0,건설공사비지수,50.05,2020＝100
200207,15397AA2AA111,주거용건물,,,16397AAA0,건설공사비지수,49.99,2020＝100
200208,15397AA2AA111,주거용건물,,,16397AAA0,건설공사비지수,52.03,2020＝100
200209,15397AA2AA111,주거용건물,,,16397AAA0,건설공사비지수,52.03,2020＝100
200210,15397AA2AA111,주거용건물,,,16397AAA0,건설공사비지수,52.09,2020＝100
200211,15397AA2AA111,주거용건물,,,16397AAA0,건설공사비지수,52.03,2020＝100
200212,15397AA2AA111,주거용건물,,,16397AAA0,건설공사비지수,54,2020＝100
200201,15397AA2AA12,비주거용건물,,,16397AAA0,건설공사비지수,48.32,2020＝100
200202,15397AA2AA12,비주거용건물,,,16397AAA0,건설공사비지수,48.44,2020＝100
200203,15397AA2AA12,비주거용건물,,,16397AAA0,건설공사비지수,48.62,2020＝100
200204,15397AA2AA12,비주거용건물,,,16397AAA0,건설공사비지수,48.8,2020＝100
200205,15397AA2AA12,비주거용건물,,,16397AAA0,건설공사비지수,48.86,2020＝100
200206,15397AA2AA12,비주거용건물,,,16397AAA0,건설공사비지수,49.28,2020＝100
200207,15397AA2AA12,비주거용건물,,,16397AAA0,건설공사비지수,49.28,2020＝100
200208,15397AA2AA12,비주거용건물,,,16397AAA0,건설공사비지수,51.13,2020＝100
200209,15397AA2AA12,비주거용건물,,,16397AAA0,건설공사비지수,51.13,2020＝100
200210,15397AA2AA12,비주거용건물,,,16397AAA0,건설공사비지수,51.19,2020＝100
200211,15397AA2AA12,비주거용건물,,,16397AAA0,건설공사비지수,51.19,2020＝100
200212,15397AA2AA12,비주거용건물,,,16397AAA0,건설공사비지수,53.05,2020＝100
200201,15397AA2AA121,비주거용건물,,,16397AAA0,건설공사비지수,48.32,2020＝100
200202,15397AA2AA121,비주거용건물,,,16397AAA0,건설공사비지수,48.44,2020＝100
200203,15397AA2AA121,비주거용건물,,,16397AAA0,건설공사비지수,48.62,2020＝100
200204,15397AA2AA121,비주거용건물,,,16397AAA0,건설공사비지수,48.8,2020＝100
200205,15397AA2AA121,비주거용건물,,,16397AAA0,건설공사비지수,48.86,2020＝100
200206,15397AA2AA121,비주거용건물,,,16397AAA0,건설공사비지수,49.28,2020＝100
200207,15397AA2AA121,비주거용건물,,,16397AAA0,건설공사비지수,49.28,2020＝100
200208,15397AA2AA121,비주거용건물,,,16397AAA0,건설공사비지수,51.13,2020＝100
200209,15397AA2AA121,비주거용건물,,,16397AAA0,건설공사비지수,51.13,2020＝100
200210,15397AA2AA121,비주거용건물,,,16397AAA0,건설공사비지수,51.19,2020＝100
200211,15397AA2AA121,비주거용건물,,,16397AAA0,건설공사비지수,51.19,2020＝100
200212,15397AA2AA121,비주거용건물,,,16397AAA0,건설공사비지수,53.05,2020＝100
200201,15397AA2AA13,건축보수,,,16397AAA0,건설공사비지수,49.14,2020＝100
200202,15397AA2AA13,건축보수,,,16397AAA0,건설공사비지수,49.2,2020＝100
200203,15397AA2AA13,건축보수,,,16397AAA0,건설공사비지수,49.31,2020＝100
200204,15397AA2AA13,건축보수,,,16397AAA0,건설공사비지수,49.44,2020＝100
200205,15397AA2AA13,건축보수,,,16397AAA0,건설공사비지수,49.56,2020＝100
200206,15397AA2AA13,건축보수,,,16397AAA0,건설공사비지수,49.8,2020＝100
200207,15397AA2AA13,건축보수,,,16397AAA0,건설공사비지수,49.8,2020＝100
200208,15397AA2AA13,건축보수,,,16397AAA0,건설공사비지수,51.7,2020＝100
200209,15397AA2AA13,건축보수,,,16397AAA0,건설공사비지수,51.7,2020＝100
200210,15397AA2AA13,건축보수,,,16397AAA0,건설공사비지수,51.76,2020＝100
200211,15397AA2AA13,건축보수,,,16397AAA0,건설공사비지수,51.7,2020＝100
200212,15397AA2AA13,건축보수,,,16397AAA0,건설공사비지수,53.54,2020＝100
200201,15397AA2AA131,건축보수,,,16397AAA0,건설공사비지수,49.14,2020＝100
200202,15397AA2AA131,건축보수,,,16397AAA0,건설공사비지수,49.2,2020＝100
200203,15397AA2AA131,건축보수,,,16397AAA0,건설공사비지수,49.31,2020＝100
200204,15397AA2AA131,건축보수,,,16397AAA0,건설공사비지수,49.44,2020＝100
200205,15397AA2AA131,건축보수,,,16397AAA0,건설공사비지수,49.56,2020＝100
200206,15397AA2AA131,건축보수,,,16397AAA0,건설공사비지수,49.8,2020＝100
200207,15397AA2AA131,건축보수,,,16397AAA0,건설공사비지수,49.8,2020＝100
200208,15397AA2AA131,건축보수,,,16397AAA0,건설공사비지수,51.7,2020＝100
200209,15397AA2AA131,건축보수,,,16397AAA0,건설공사비지수,51.7,2020＝100
200210,15397AA2AA131,건축보수,,,16397AAA0,건설공사비지수,51.76,2020＝100
200211,15397AA2AA131,건축보수,,,16397AAA0,건설공사비지수,51.7,2020＝100
200212,15397AA2AA131,건축보수,,,16397AAA0,건설공사비지수,53.54,2020＝100
200201,15397AA2AA2,토목건설,,,16397AAA0,건설공사비지수,47.12,2020＝100
200202,15397AA2AA2,토목건설,,,16397AAA0,건설공사비지수,47.24,2020＝100
200203,15397AA2AA2,토목건설,,,16397AAA0,건설공사비지수,47.48,2020＝100
200204,15397AA2AA2,토목건설,,,16397AAA0,건설공사비지수,47.83,2020＝100
200205,15397AA2AA2,토목건설,,,16397AAA0,건설공사비지수,47.95,2020＝100
200206,15397AA2AA2,토목건설,,,16397AAA0,건설공사비지수,48.54,2020＝100
200207,15397AA2AA2,토목건설,,,16397AAA0,건설공사비지수,48.66,2020＝100
200208,15397AA2AA2,토목건설,,,16397AAA0,건설공사비지수,50.38,2020＝100
200209,15397AA2AA2,토목건설,,,16397AAA0,건설공사비지수,50.44,2020＝100
200210,15397AA2AA2,토목건설,,,16397AAA0,건설공사비지수,50.55,2020＝100
200211,15397AA2AA2,토목건설,,,16397AAA0,건설공사비지수,50.61,2020＝100
200212,15397AA2AA2,토목건설,,,16397AAA0,건설공사비지수,52.28,2020＝100
200201,15397AA2AA21,교통시설건설,,,16397AAA0,건설공사비지수,46.53,2020＝100
200202,15397AA2AA21,교통시설건설,,,16397AAA0,건설공사비지수,46.65,2020＝100
200203,15397AA2AA21,교통시설건설,,,16397AAA0,건설공사비지수,46.83,2020＝100
200204,15397AA2AA21,교통시설건설,,,16397AAA0,건설공사비지수,47.3,2020＝100
200205,15397AA2AA21,교통시설건설,,,16397AAA0,건설공사비지수,47.42,2020＝100
200206,15397AA2AA21,교통시설건설,,,16397AAA0,건설공사비지수,48.25,2020＝100
200207,15397AA2AA21,교통시설건설,,,16397AAA0,건설공사비지수,48.36,2020＝100
200208,15397AA2AA21,교통시설건설,,,16397AAA0,건설공사비지수,50.14,2020＝100
200209,15397AA2AA21,교통시설건설,,,16397AAA0,건설공사비지수,50.19,2020＝100
200210,15397AA2AA21,교통시설건설,,,16397AAA0,건설공사비지수,50.31,2020＝100
200211,15397AA2AA21,교통시설건설,,,16397AAA0,건설공사비지수,50.43,2020＝100
200212,15397AA2AA21,교통시설건설,,,16397AAA0,건설공사비지수,52.08,2020＝100
200201,15397AA2AA211,도로시설,,,16397AAA0,건설공사비지수,46.1,2020＝100
200202,15397AA2AA211,도로시설,,,16397AAA0,건설공사비지수,46.16,2020＝100
200203,15397AA2AA211,도로시설,,,16397AAA0,건설공사비지수,46.27,2020＝100
200204,15397AA2AA211,도로시설,,,16397AAA0,건설공사비지수,46.74,2020＝100
200205,15397AA2AA211,도로시설,,,16397AAA0,건설공사비지수,46.86,2020＝100
200206,15397AA2AA211,도로시설,,,16397AAA0,건설공사비지수,47.73,2020＝100
200207,15397AA2AA211,도로시설,,,16397AAA0,건설공사비지수,47.9,2020＝100
200208,15397AA2AA211,도로시설,,,16397AAA0,건설공사비지수,49.7,2020＝100
200209,15397AA2AA211,도로시설,,,16397AAA0,건설공사비지수,49.76,2020＝100
200210,15397AA2AA211,도로시설,,,16397AAA0,건설공사비지수,49.87,2020＝100
200211,15397AA2AA211,도로시설,,,16397AAA0,건설공사비지수,49.93,2020＝100
200212,15397AA2AA211,도로시설,,,16397AAA0,건설공사비지수,51.68,2020＝100
200201,15397AA2AA212,철도시설,,,16397AAA0,건설공사비지수,46.56,2020＝100
200202,15397AA2AA212,철도시설,,,16397AAA0,건설공사비지수,46.92,2020＝100
200203,15397AA2AA212,철도시설,,,16397AAA0,건설공사비지수,47.23,2020＝100
200204,15397AA2AA212,철도시설,,,16397AAA0,건설공사비지수,47.72,2020＝100
200205,15397AA2AA212,철도시설,,,16397AAA0,건설공사비지수,47.84,2020＝100
200206,15397AA2AA212,철도시설,,,16397AAA0,건설공사비지수,48.45,2020＝100
200207,15397AA2AA212,철도시설,,,16397AAA0,건설공사비지수,48.57,2020＝100
200208,15397AA2AA212,철도시설,,,16397AAA0,건설공사비지수,49.97,2020＝100
200209,15397AA2AA212,철도시설,,,16397AAA0,건설공사비지수,50.09,2020＝100
200210,15397AA2AA212,철도시설,,,16397AAA0,건설공사비지수,50.22,2020＝100
200211,15397AA2AA212,철도시설,,,16397AAA0,건설공사비지수,50.22,2020＝100
200212,15397AA2AA212,철도시설,,,16397AAA0,건설공사비지수,51.38,2020＝100
200201,15397AA2AA213,항만시설,,,16397AAA0,건설공사비지수,45.79,2020＝100
200202,15397AA2AA213,항만시설,,,16397AAA0,건설공사비지수,45.91,2020＝100
200203,15397AA2AA213,항만시설,,,16397AAA0,건설공사비지수,46.21,2020＝100
200204,15397AA2AA213,항만시설,,,16397AAA0,건설공사비지수,46.67,2020＝100
200205,15397AA2AA213,항만시설,,,16397AAA0,건설공사비지수,46.91,2020＝100
200206,15397AA2AA213,항만시설,,,16397AAA0,건설공사비지수,47.37,2020＝100
200207,15397AA2AA213,항만시설,,,16397AAA0,건설공사비지수,47.67,2020＝100
200208,15397AA2AA213,항만시설,,,16397AAA0,건설공사비지수,49.66,2020＝100
200209,15397AA2AA213,항만시설,,,16397AAA0,건설공사비지수,49.71,2020＝100
200210,15397AA2AA213,항만시설,,,16397AAA0,건설공사비지수,50,2020＝100
200211,15397AA2AA213,항만시설,,,16397AAA0,건설공사비지수,50.18,2020＝100
200212,15397AA2AA213,항만시설,,,16397AAA0,건설공사비지수,52.05,2020＝100
200201,15397AA2AA22,일반토목시설건설,,,16397AAA0,건설공사비지수,46.47,2020＝100
200202,15397AA2AA22,일반토목시설건설,,,16397AAA0,건설공사비지수,46.53,2020＝100
200203,15397AA2AA22,일반토목시설건설,,,16397AAA0,건설공사비지수,46.76,2020＝100
200204,15397AA2AA22,일반토목시설건설,,,16397AAA0,건설공사비지수,47.12,2020＝100
200205,15397AA2AA22,일반토목시설건설,,,16397AAA0,건설공사비지수,47.3,2020＝100
200206,15397AA2AA22,일반토목시설건설,,,16397AAA0,건설공사비지수,47.71,2020＝100
200207,15397AA2AA22,일반토목시설건설,,,16397AAA0,건설공사비지수,47.89,2020＝100
200208,15397AA2AA22,일반토목시설건설,,,16397AAA0,건설공사비지수,49.97,2020＝100
200209,15397AA2AA22,일반토목시설건설,,,16397AAA0,건설공사비지수,49.97,2020＝100
200210,15397AA2AA22,일반토목시설건설,,,16397AAA0,건설공사비지수,50.22,2020＝100
200211,15397AA2AA22,일반토목시설건설,,,16397AAA0,건설공사비지수,50.33,2020＝100
200212,15397AA2AA22,일반토목시설건설,,,16397AAA0,건설공사비지수,52.3,2020＝100
200201,15397AA2AA221,하천사방,,,16397AAA0,건설공사비지수,46.76,2020＝100
200202,15397AA2AA221,하천사방,,,16397AAA0,건설공사비지수,46.88,2020＝100
200203,15397AA2AA221,하천사방,,,16397AAA0,건설공사비지수,47.06,2020＝100
200204,15397AA2AA221,하천사방,,,16397AAA0,건설공사비지수,47.47,2020＝100
200205,15397AA2AA221,하천사방,,,16397AAA0,건설공사비지수,47.65,2020＝100
200206,15397AA2AA221,하천사방,,,16397AAA0,건설공사비지수,48,2020＝100
200207,15397AA2AA221,하천사방,,,16397AAA0,건설공사비지수,48.24,2020＝100
200208,15397AA2AA221,하천사방,,,16397AAA0,건설공사비지수,50.36,2020＝100
200209,15397AA2AA221,하천사방,,,16397AAA0,건설공사비지수,50.48,2020＝100
200210,15397AA2AA221,하천사방,,,16397AAA0,건설공사비지수,50.72,2020＝100
200211,15397AA2AA221,하천사방,,,16397AAA0,건설공사비지수,50.89,2020＝100
200212,15397AA2AA221,하천사방,,,16397AAA0,건설공사비지수,52.9,2020＝100
200201,15397AA2AA222,상하수도시설,,,16397AAA0,건설공사비지수,46.01,2020＝100
200202,15397AA2AA222,상하수도시설,,,16397AAA0,건설공사비지수,46.07,2020＝100
200203,15397AA2AA222,상하수도시설,,,16397AAA0,건설공사비지수,46.19,2020＝100
200204,15397AA2AA222,상하수도시설,,,16397AAA0,건설공사비지수,46.43,2020＝100
200205,15397AA2AA222,상하수도시설,,,16397AAA0,건설공사비지수,46.55,2020＝100
200206,15397AA2AA222,상하수도시설,,,16397AAA0,건설공사비지수,46.73,2020＝100
200207,15397AA2AA222,상하수도시설,,,16397AAA0,건설공사비지수,46.79,2020＝100
200208,15397AA2AA222,상하수도시설,,,16397AAA0,건설공사비지수,48.65,2020＝100
200209,15397AA2AA222,상하수도시설,,,16397AAA0,건설공사비지수,48.71,2020＝100
200210,15397AA2AA222,상하수도시설,,,16397AAA0,건설공사비지수,48.95,2020＝100
200211,15397AA2AA222,상하수도시설,,,16397AAA0,건설공사비지수,49.01,2020＝100
200212,15397AA2AA222,상하수도시설,,,16397AAA0,건설공사비지수,50.87,2020＝100
200201,15397AA2AA223,농림수산토목,,,16397AAA0,건설공사비지수,44.28,2020＝100
200202,15397AA2AA223,농림수산토목,,,16397AAA0,건설공사비지수,44.34,2020＝100
200203,15397AA2AA223,농림수산토목,,,16397AAA0,건설공사비지수,44.62,2020＝100
200204,15397AA2AA223,농림수산토목,,,16397AAA0,건설공사비지수,45.02,2020＝100
200205,15397AA2AA223,농림수산토목,,,16397AAA0,건설공사비지수,45.25,2020＝100
200206,15397AA2AA223,농림수산토목,,,16397AAA0,건설공사비지수,45.76,2020＝100
200207,15397AA2AA223,농림수산토목,,,16397AAA0,건설공사비지수,46.04,2020＝100
200208,15397AA2AA223,농림수산토목,,,16397AAA0,건설공사비지수,48.2,2020＝100
200209,15397AA2AA223,농림수산토목,,,16397AAA0,건설공사비지수,48.26,2020＝100
200210,15397AA2AA223,농림수산토목,,,16397AAA0,건설공사비지수,48.54,2020＝100
200211,15397AA2AA223,농림수산토목,,,16397AAA0,건설공사비지수,48.65,2020＝100
200212,15397AA2AA223,농림수산토목,,,16397AAA0,건설공사비지수,50.76,2020＝100
200201,15397AA2AA224,도시토목,,,16397AAA0,건설공사비지수,46.69,2020＝100
200202,15397AA2AA224,도시토목,,,16397AAA0,건설공사비지수,46.81,2020＝100
200203,15397AA2AA224,도시토목,,,16397AAA0,건설공사비지수,46.99,2020＝100
200204,15397AA2AA224,도시토목,,,16397AAA0,건설공사비지수,47.47,2020＝100
200205,15397AA2AA224,도시토목,,,16397AAA0,건설공사비지수,47.64,2020＝100
200206,15397AA2AA224,도시토목,,,16397AAA0,건설공사비지수,48.24,2020＝100
200207,15397AA2AA224,도시토목,,,16397AAA0,건설공사비지수,48.42,2020＝100
200208,15397AA2AA224,도시토목,,,16397AAA0,건설공사비지수,50.44,2020＝100
200209,15397AA2AA224,도시토목,,,16397AAA0,건설공사비지수,50.5,2020＝100
200210,15397AA2AA224,도시토목,,,16397AAA0,건설공사비지수,50.74,2020＝100
200211,15397AA2AA224,도시토목,,,16397AAA0,건설공사비지수,50.86,2020＝100
200212,15397AA2AA224,도시토목,,,16397AAA0,건설공사비지수,52.82,2020＝100
200201,15397AA2AA23,산업시설건설,,,16397AAA0,건설공사비지수,48.06,2020＝100
200202,15397AA2AA23,산업시설건설,,,16397AAA0,건설공사비지수,48.3,2020＝100
200203,15397AA2AA23,산업시설건설,,,16397AAA0,건설공사비지수,48.53,2020＝100
200204,15397AA2AA23,산업시설건설,,,16397AAA0,건설공사비지수,48.71,2020＝100
200205,15397AA2AA23,산업시설건설,,,16397AAA0,건설공사비지수,48.83,2020＝100
200206,15397AA2AA23,산업시설건설,,,16397AAA0,건설공사비지수,49.24,2020＝100
200207,15397AA2AA23,산업시설건설,,,16397AAA0,건설공사비지수,49.24,2020＝100
200208,15397AA2AA23,산업시설건설,,,16397AAA0,건설공사비지수,50.73,2020＝100
200209,15397AA2AA23,산업시설건설,,,16397AAA0,건설공사비지수,50.79,2020＝100
200210,15397AA2AA23,산업시설건설,,,16397AAA0,건설공사비지수,50.85,2020＝100
200211,15397AA2AA23,산업시설건설,,,16397AAA0,건설공사비지수,50.85,2020＝100
200212,15397AA2AA23,산업시설건설,,,16397AAA0,건설공사비지수,52.27,2020＝100
200201,15397AA2AA231,환경정화시설,,,16397AAA0,건설공사비지수,46.91,2020＝100
200202,15397AA2AA231,환경정화시설,,,16397AAA0,건설공사비지수,47.02,2020＝100
200203,15397AA2AA231,환경정화시설,,,16397AAA0,건설공사비지수,47.19,2020＝100
200204,15397AA2AA231,환경정화시설,,,16397AAA0,건설공사비지수,47.54,2020＝100
200205,15397AA2AA231,환경정화시설,,,16397AAA0,건설공사비지수,47.66,2020＝100
200206,15397AA2AA231,환경정화시설,,,16397AAA0,건설공사비지수,48.01,2020＝100
200207,15397AA2AA231,환경정화시설,,,16397AAA0,건설공사비지수,48.06,2020＝100
200208,15397AA2AA231,환경정화시설,,,16397AAA0,건설공사비지수,49.81,2020＝100
200209,15397AA2AA231,환경정화시설,,,16397AAA0,건설공사비지수,49.87,2020＝100
200210,15397AA2AA231,환경정화시설,,,16397AAA0,건설공사비지수,49.93,2020＝100
200211,15397AA2AA231,환경정화시설,,,16397AAA0,건설공사비지수,49.99,2020＝100
200212,15397AA2AA231,환경정화시설,,,16397AAA0,건설공사비지수,51.62,2020＝100
200201,15397AA2AA232,발전소시설,,,16397AAA0,건설공사비지수,46.92,2020＝100
200202,15397AA2AA232,발전소시설,,,16397AAA0,건설공사비지수,47.09,2020＝100
200203,15397AA2AA232,발전소시설,,,16397AAA0,건설공사비지수,47.43,2020＝100
200204,15397AA2AA232,발전소시설,,,16397AAA0,건설공사비지수,47.55,2020＝100
200205,15397AA2AA232,발전소시설,,,16397AAA0,건설공사비지수,47.61,2020＝100
200206,15397AA2AA232,발전소시설,,,16397AAA0,건설공사비지수,48.07,2020＝100
200207,15397AA2AA232,발전소시설,,,16397AAA0,건설공사비지수,48.07,2020＝100
200208,15397AA2AA232,발전소시설,,,16397AAA0,건설공사비지수,49.15,2020＝100
200209,15397AA2AA232,발전소시설,,,16397AAA0,건설공사비지수,49.15,2020＝100
200210,15397AA2AA232,발전소시설,,,16397AAA0,건설공사비지수,49.15,2020＝100
200211,15397AA2AA232,발전소시설,,,16397AAA0,건설공사비지수,49.15,2020＝100
200212,15397AA2AA232,발전소시설,,,16397AAA0,건설공사비지수,50.24,2020＝100
200201,15397AA2AA234,산업플랜트,,,16397AAA0,건설공사비지수,46.34,2020＝100
200202,15397AA2AA234,산업플랜트,,,16397AAA0,건설공사비지수,46.46,2020＝100
200203,15397AA2AA234,산업플랜트,,,16397AAA0,건설공사비지수,46.57,2020＝100
200204,15397AA2AA234,산업플랜트,,,16397AAA0,건설공사비지수,46.69,2020＝100
200205,15397AA2AA234,산업플랜트,,,16397AAA0,건설공사비지수,46.75,2020＝100
200206,15397AA2AA234,산업플랜트,,,16397AAA0,건설공사비지수,47.04,2020＝100
200207,15397AA2AA234,산업플랜트,,,16397AAA0,건설공사비지수,47.04,2020＝100
200208,15397AA2AA234,산업플랜트,,,16397AAA0,건설공사비지수,48.95,2020＝100
200209,15397AA2AA234,산업플랜트,,,16397AAA0,건설공사비지수,49.01,2020＝100
200210,15397AA2AA234,산업플랜트,,,16397AAA0,건설공사비지수,49.13,2020＝100
200211,15397AA2AA234,산업플랜트,,,16397AAA0,건설공사비지수,49.19,2020＝100
200212,15397AA2AA234,산업플랜트,,,16397AAA0,건설공사비지수,51,2020＝100
200201,15397AA2AA24,기타건설,,,16397AAA0,건설공사비지수,47.78,2020＝100
200202,15397AA2AA24,기타건설,,,16397AAA0,건설공사비지수,47.89,2020＝100
200203,15397AA2AA24,기타건설,,,16397AAA0,건설공사비지수,48.07,2020＝100
200204,15397AA2AA24,기타건설,,,16397AAA0,건설공사비지수,48.42,2020＝100
200205,15397AA2AA24,기타건설,,,16397AAA0,건설공사비지수,48.54,2020＝100
200206,15397AA2AA24,기타건설,,,16397AAA0,건설공사비지수,48.9,2020＝100
200207,15397AA2AA24,기타건설,,,16397AAA0,건설공사비지수,48.96,2020＝100
200208,15397AA2AA24,기타건설,,,16397AAA0,건설공사비지수,50.74,2020＝100
200209,15397AA2AA24,기타건설,,,16397AAA0,건설공사비지수,50.8,2020＝100
200210,15397AA2AA24,기타건설,,,16397AAA0,건설공사비지수,50.85,2020＝100
200211,15397AA2AA24,기타건설,,,16397AAA0,건설공사비지수,50.91,2020＝100
200212,15397AA2AA24,기타건설,,,16397AAA0,건설공사비지수,52.56,2020＝100
200201,15397AA2AA241,기타건설,,,16397AAA0,건설공사비지수,47.78,2020＝100
200202,15397AA2AA241,기타건설,,,16397AAA0,건설공사비지수,47.89,2020＝100
200203,15397AA2AA241,기타건설,,,16397AAA0,건설공사비지수,48.07,2020＝100
200204,15397AA2AA241,기타건설,,,16397AAA0,건설공사비지수,48.42,2020＝100
200205,15397AA2AA241,기타건설,,,16397AAA0,건설공사비지수,48.54,2020＝100
200206,15397AA2AA241,기타건설,,,16397AAA0,건설공사비지수,48.9,2020＝100
200207,15397AA2AA241,기타건설,,,16397AAA0,건설공사비지수,48.96,2020＝100
200208,15397AA2AA241,기타건설,,,16397AAA0,건설공사비지수,50.74,2020＝100
200209,15397AA2AA241,기타건설,,,16397AAA0,건설공사비지수,50.8,2020＝100
200210,15397AA2AA241,기타건설,,,16397AAA0,건설공사비지수,50.85,2020＝100
200211,15397AA2AA241,기타건설,,,16397AAA0,건설공사비지수,50.91,2020＝100
200212,15397AA2AA241,기타건설,,,16397AAA0,건설공사비지수,52.56,2020＝100
200301,15397AA2AA,건설,,,16397AAA0,건설공사비지수,53.16,2020＝100
200302,15397AA2AA,건설,,,16397AAA0,건설공사비지수,53.4,2020＝100
200303,15397AA2AA,건설,,,16397AAA0,건설공사비지수,53.76,2020＝100
200304,15397AA2AA,건설,,,16397AAA0,건설공사비지수,53.93,2020＝100
200305,15397AA2AA,건설,,,16397AAA0,건설공사비지수,53.87,2020＝100
200306,15397AA2AA,건설,,,16397AAA0,건설공사비지수,53.82,2020＝100
200307,15397AA2AA,건설,,,16397AAA0,건설공사비지수,53.93,2020＝100
200308,15397AA2AA,건설,,,16397AAA0,건설공사비지수,54.47,2020＝100
200309,15397AA2AA,건설,,,16397AAA0,건설공사비지수,54.41,2020＝100
200310,15397AA2AA,건설,,,16397AAA0,건설공사비지수,54.47,2020＝100
200311,15397AA2AA,건설,,,16397AAA0,건설공사비지수,54.58,2020＝100
200312,15397AA2AA,건설,,,16397AAA0,건설공사비지수,54.64,2020＝100
200301,15397AA2AA1,건물건설 및 건축보수,,,16397AAA0,건설공사비지수,53.62,2020＝100
200302,15397AA2AA1,건물건설 및 건축보수,,,16397AAA0,건설공사비지수,53.86,2020＝100
200303,15397AA2AA1,건물건설 및 건축보수,,,16397AAA0,건설공사비지수,54.11,2020＝100
200304,15397AA2AA1,건물건설 및 건축보수,,,16397AAA0,건설공사비지수,54.35,2020＝100
200305,15397AA2AA1,건물건설 및 건축보수,,,16397AAA0,건설공사비지수,54.29,2020＝100
200306,15397AA2AA1,건물건설 및 건축보수,,,16397AAA0,건설공사비지수,54.29,2020＝100
200307,15397AA2AA1,건물건설 및 건축보수,,,16397AAA0,건설공사비지수,54.29,2020＝100
200308,15397AA2AA1,건물건설 및 건축보수,,,16397AAA0,건설공사비지수,54.95,2020＝100
200309,15397AA2AA1,건물건설 및 건축보수,,,16397AAA0,건설공사비지수,54.89,2020＝100
200310,15397AA2AA1,건물건설 및 건축보수,,,16397AAA0,건설공사비지수,54.95,2020＝100
200311,15397AA2AA1,건물건설 및 건축보수,,,16397AAA0,건설공사비지수,55.01,2020＝100
200312,15397AA2AA1,건물건설 및 건축보수,,,16397AAA0,건설공사비지수,55.13,2020＝100
200301,15397AA2AA11,주거용건물,,,16397AAA0,건설공사비지수,54.25,2020＝100
200302,15397AA2AA11,주거용건물,,,16397AAA0,건설공사비지수,54.43,2020＝100
200303,15397AA2AA11,주거용건물,,,16397AAA0,건설공사비지수,54.72,2020＝100
200304,15397AA2AA11,주거용건물,,,16397AAA0,건설공사비지수,54.9,2020＝100
200305,15397AA2AA11,주거용건물,,,16397AAA0,건설공사비지수,54.84,2020＝100
200306,15397AA2AA11,주거용건물,,,16397AAA0,건설공사비지수,54.84,2020＝100
200307,15397AA2AA11,주거용건물,,,16397AAA0,건설공사비지수,54.9,2020＝100
200308,15397AA2AA11,주거용건물,,,16397AAA0,건설공사비지수,55.5,2020＝100
200309,15397AA2AA11,주거용건물,,,16397AAA0,건설공사비지수,55.5,2020＝100
200310,15397AA2AA11,주거용건물,,,16397AAA0,건설공사비지수,55.5,2020＝100
200311,15397AA2AA11,주거용건물,,,16397AAA0,건설공사비지수,55.62,2020＝100
200312,15397AA2AA11,주거용건물,,,16397AAA0,건설공사비지수,55.68,2020＝100
200301,15397AA2AA111,주거용건물,,,16397AAA0,건설공사비지수,54.25,2020＝100
200302,15397AA2AA111,주거용건물,,,16397AAA0,건설공사비지수,54.43,2020＝100
200303,15397AA2AA111,주거용건물,,,16397AAA0,건설공사비지수,54.72,2020＝100
200304,15397AA2AA111,주거용건물,,,16397AAA0,건설공사비지수,54.9,2020＝100
200305,15397AA2AA111,주거용건물,,,16397AAA0,건설공사비지수,54.84,2020＝100
200306,15397AA2AA111,주거용건물,,,16397AAA0,건설공사비지수,54.84,2020＝100
200307,15397AA2AA111,주거용건물,,,16397AAA0,건설공사비지수,54.9,2020＝100
200308,15397AA2AA111,주거용건물,,,16397AAA0,건설공사비지수,55.5,2020＝100
200309,15397AA2AA111,주거용건물,,,16397AAA0,건설공사비지수,55.5,2020＝100
200310,15397AA2AA111,주거용건물,,,16397AAA0,건설공사비지수,55.5,2020＝100
200311,15397AA2AA111,주거용건물,,,16397AAA0,건설공사비지수,55.62,2020＝100
200312,15397AA2AA111,주거용건물,,,16397AAA0,건설공사비지수,55.68,2020＝100
200301,15397AA2AA12,비주거용건물,,,16397AAA0,건설공사비지수,53.29,2020＝100
200302,15397AA2AA12,비주거용건물,,,16397AAA0,건설공사비지수,53.53,2020＝100
200303,15397AA2AA12,비주거용건물,,,16397AAA0,건설공사비지수,53.77,2020＝100
200304,15397AA2AA12,비주거용건물,,,16397AAA0,건설공사비지수,54.01,2020＝100
200305,15397AA2AA12,비주거용건물,,,16397AAA0,건설공사비지수,53.95,2020＝100
200306,15397AA2AA12,비주거용건물,,,16397AAA0,건설공사비지수,53.95,2020＝100
200307,15397AA2AA12,비주거용건물,,,16397AAA0,건설공사비지수,54.01,2020＝100
200308,15397AA2AA12,비주거용건물,,,16397AAA0,건설공사비지수,54.55,2020＝100
200309,15397AA2AA12,비주거용건물,,,16397AAA0,건설공사비지수,54.55,2020＝100
200310,15397AA2AA12,비주거용건물,,,16397AAA0,건설공사비지수,54.55,2020＝100
200311,15397AA2AA12,비주거용건물,,,16397AAA0,건설공사비지수,54.67,2020＝100
200312,15397AA2AA12,비주거용건물,,,16397AAA0,건설공사비지수,54.79,2020＝100
200301,15397AA2AA121,비주거용건물,,,16397AAA0,건설공사비지수,53.29,2020＝100
200302,15397AA2AA121,비주거용건물,,,16397AAA0,건설공사비지수,53.53,2020＝100
200303,15397AA2AA121,비주거용건물,,,16397AAA0,건설공사비지수,53.77,2020＝100
200304,15397AA2AA121,비주거용건물,,,16397AAA0,건설공사비지수,54.01,2020＝100
200305,15397AA2AA121,비주거용건물,,,16397AAA0,건설공사비지수,53.95,2020＝100
200306,15397AA2AA121,비주거용건물,,,16397AAA0,건설공사비지수,53.95,2020＝100
200307,15397AA2AA121,비주거용건물,,,16397AAA0,건설공사비지수,54.01,2020＝100
200308,15397AA2AA121,비주거용건물,,,16397AAA0,건설공사비지수,54.55,2020＝100
200309,15397AA2AA121,비주거용건물,,,16397AAA0,건설공사비지수,54.55,2020＝100
200310,15397AA2AA121,비주거용건물,,,16397AAA0,건설공사비지수,54.55,2020＝100
200311,15397AA2AA121,비주거용건물,,,16397AAA0,건설공사비지수,54.67,2020＝100
200312,15397AA2AA121,비주거용건물,,,16397AAA0,건설공사비지수,54.79,2020＝100
200301,15397AA2AA13,건축보수,,,16397AAA0,건설공사비지수,53.6,2020＝100
200302,15397AA2AA13,건축보수,,,16397AAA0,건설공사비지수,53.72,2020＝100
200303,15397AA2AA13,건축보수,,,16397AAA0,건설공사비지수,53.9,2020＝100
200304,15397AA2AA13,건축보수,,,16397AAA0,건설공사비지수,53.96,2020＝100
200305,15397AA2AA13,건축보수,,,16397AAA0,건설공사비지수,53.84,2020＝100
200306,15397AA2AA13,건축보수,,,16397AAA0,건설공사비지수,53.84,2020＝100
200307,15397AA2AA13,건축보수,,,16397AAA0,건설공사비지수,53.84,2020＝100
200308,15397AA2AA13,건축보수,,,16397AAA0,건설공사비지수,54.67,2020＝100
200309,15397AA2AA13,건축보수,,,16397AAA0,건설공사비지수,54.67,2020＝100
200310,15397AA2AA13,건축보수,,,16397AAA0,건설공사비지수,54.67,2020＝100
200311,15397AA2AA13,건축보수,,,16397AAA0,건설공사비지수,54.79,2020＝100
200312,15397AA2AA13,건축보수,,,16397AAA0,건설공사비지수,54.85,2020＝100
200301,15397AA2AA131,건축보수,,,16397AAA0,건설공사비지수,53.6,2020＝100
200302,15397AA2AA131,건축보수,,,16397AAA0,건설공사비지수,53.72,2020＝100
200303,15397AA2AA131,건축보수,,,16397AAA0,건설공사비지수,53.9,2020＝100
200304,15397AA2AA131,건축보수,,,16397AAA0,건설공사비지수,53.96,2020＝100
200305,15397AA2AA131,건축보수,,,16397AAA0,건설공사비지수,53.84,2020＝100
200306,15397AA2AA131,건축보수,,,16397AAA0,건설공사비지수,53.84,2020＝100
200307,15397AA2AA131,건축보수,,,16397AAA0,건설공사비지수,53.84,2020＝100
200308,15397AA2AA131,건축보수,,,16397AAA0,건설공사비지수,54.67,2020＝100
200309,15397AA2AA131,건축보수,,,16397AAA0,건설공사비지수,54.67,2020＝100
200310,15397AA2AA131,건축보수,,,16397AAA0,건설공사비지수,54.67,2020＝100
200311,15397AA2AA131,건축보수,,,16397AAA0,건설공사비지수,54.79,2020＝100
200312,15397AA2AA131,건축보수,,,16397AAA0,건설공사비지수,54.85,2020＝100
200301,15397AA2AA2,토목건설,,,16397AAA0,건설공사비지수,52.52,2020＝100
200302,15397AA2AA2,토목건설,,,16397AAA0,건설공사비지수,52.87,2020＝100
200303,15397AA2AA2,토목건설,,,16397AAA0,건설공사비지수,53.29,2020＝100
200304,15397AA2AA2,토목건설,,,16397AAA0,건설공사비지수,53.41,2020＝100
200305,15397AA2AA2,토목건설,,,16397AAA0,건설공사비지수,53.35,2020＝100
200306,15397AA2AA2,토목건설,,,16397AAA0,건설공사비지수,53.35,2020＝100
200307,15397AA2AA2,토목건설,,,16397AAA0,건설공사비지수,53.47,2020＝100
200308,15397AA2AA2,토목건설,,,16397AAA0,건설공사비지수,53.88,2020＝100
200309,15397AA2AA2,토목건설,,,16397AAA0,건설공사비지수,53.82,2020＝100
200310,15397AA2AA2,토목건설,,,16397AAA0,건설공사비지수,53.88,2020＝100
200311,15397AA2AA2,토목건설,,,16397AAA0,건설공사비지수,54,2020＝100
200312,15397AA2AA2,토목건설,,,16397AAA0,건설공사비지수,54.12,2020＝100
200301,15397AA2AA21,교통시설건설,,,16397AAA0,건설공사비지수,52.31,2020＝100
200302,15397AA2AA21,교통시설건설,,,16397AAA0,건설공사비지수,52.67,2020＝100
200303,15397AA2AA21,교통시설건설,,,16397AAA0,건설공사비지수,53.26,2020＝100
200304,15397AA2AA21,교통시설건설,,,16397AAA0,건설공사비지수,53.44,2020＝100
200305,15397AA2AA21,교통시설건설,,,16397AAA0,건설공사비지수,53.38,2020＝100
200306,15397AA2AA21,교통시설건설,,,16397AAA0,건설공사비지수,53.32,2020＝100
200307,15397AA2AA21,교통시설건설,,,16397AAA0,건설공사비지수,53.44,2020＝100
200308,15397AA2AA21,교통시설건설,,,16397AAA0,건설공사비지수,53.85,2020＝100
200309,15397AA2AA21,교통시설건설,,,16397AAA0,건설공사비지수,53.73,2020＝100
200310,15397AA2AA21,교통시설건설,,,16397AAA0,건설공사비지수,53.79,2020＝100
200311,15397AA2AA21,교통시설건설,,,16397AAA0,건설공사비지수,53.85,2020＝100
200312,15397AA2AA21,교통시설건설,,,16397AAA0,건설공사비지수,53.97,2020＝100
200301,15397AA2AA211,도로시설,,,16397AAA0,건설공사비지수,51.85,2020＝100
200302,15397AA2AA211,도로시설,,,16397AAA0,건설공사비지수,52.26,2020＝100
200303,15397AA2AA211,도로시설,,,16397AAA0,건설공사비지수,52.84,2020＝100
200304,15397AA2AA211,도로시설,,,16397AAA0,건설공사비지수,53.01,2020＝100
200305,15397AA2AA211,도로시설,,,16397AAA0,건설공사비지수,52.84,2020＝100
200306,15397AA2AA211,도로시설,,,16397AAA0,건설공사비지수,52.84,2020＝100
200307,15397AA2AA211,도로시설,,,16397AAA0,건설공사비지수,52.96,2020＝100
200308,15397AA2AA211,도로시설,,,16397AAA0,건설공사비지수,53.36,2020＝100
200309,15397AA2AA211,도로시설,,,16397AAA0,건설공사비지수,53.25,2020＝100
200310,15397AA2AA211,도로시설,,,16397AAA0,건설공사비지수,53.25,2020＝100
200311,15397AA2AA211,도로시설,,,16397AAA0,건설공사비지수,53.36,2020＝100
200312,15397AA2AA211,도로시설,,,16397AAA0,건설공사비지수,53.42,2020＝100
200301,15397AA2AA212,철도시설,,,16397AAA0,건설공사비지수,52.05,2020＝100
200302,15397AA2AA212,철도시설,,,16397AAA0,건설공사비지수,52.35,2020＝100
200303,15397AA2AA212,철도시설,,,16397AAA0,건설공사비지수,52.91,2020＝100
200304,15397AA2AA212,철도시설,,,16397AAA0,건설공사비지수,53.45,2020＝100
200305,15397AA2AA212,철도시설,,,16397AAA0,건설공사비지수,53.39,2020＝100
200306,15397AA2AA212,철도시설,,,16397AAA0,건설공사비지수,53.33,2020＝100
200307,15397AA2AA212,철도시설,,,16397AAA0,건설공사비지수,53.45,2020＝100
200308,15397AA2AA212,철도시설,,,16397AAA0,건설공사비지수,53.76,2020＝100
200309,15397AA2AA212,철도시설,,,16397AAA0,건설공사비지수,53.69,2020＝100
200310,15397AA2AA212,철도시설,,,16397AAA0,건설공사비지수,53.82,2020＝100
200311,15397AA2AA212,철도시설,,,16397AAA0,건설공사비지수,54,2020＝100
200312,15397AA2AA212,철도시설,,,16397AAA0,건설공사비지수,54.18,2020＝100
200301,15397AA2AA213,항만시설,,,16397AAA0,건설공사비지수,52.39,2020＝100
200302,15397AA2AA213,항만시설,,,16397AAA0,건설공사비지수,52.69,2020＝100
200303,15397AA2AA213,항만시설,,,16397AAA0,건설공사비지수,53.1,2020＝100
200304,15397AA2AA213,항만시설,,,16397AAA0,건설공사비지수,52.99,2020＝100
200305,15397AA2AA213,항만시설,,,16397AAA0,건설공사비지수,52.87,2020＝100
200306,15397AA2AA213,항만시설,,,16397AAA0,건설공사비지수,52.87,2020＝100
200307,15397AA2AA213,항만시설,,,16397AAA0,건설공사비지수,53.16,2020＝100
200308,15397AA2AA213,항만시설,,,16397AAA0,건설공사비지수,53.62,2020＝100
200309,15397AA2AA213,항만시설,,,16397AAA0,건설공사비지수,53.57,2020＝100
200310,15397AA2AA213,항만시설,,,16397AAA0,건설공사비지수,53.62,2020＝100
200311,15397AA2AA213,항만시설,,,16397AAA0,건설공사비지수,53.86,2020＝100
200312,15397AA2AA213,항만시설,,,16397AAA0,건설공사비지수,53.91,2020＝100
200301,15397AA2AA22,일반토목시설건설,,,16397AAA0,건설공사비지수,52.65,2020＝100
200302,15397AA2AA22,일반토목시설건설,,,16397AAA0,건설공사비지수,52.83,2020＝100
200303,15397AA2AA22,일반토목시설건설,,,16397AAA0,건설공사비지수,53.19,2020＝100
200304,15397AA2AA22,일반토목시설건설,,,16397AAA0,건설공사비지수,53.19,2020＝100
200305,15397AA2AA22,일반토목시설건설,,,16397AAA0,건설공사비지수,53.19,2020＝100
200306,15397AA2AA22,일반토목시설건설,,,16397AAA0,건설공사비지수,53.13,2020＝100
200307,15397AA2AA22,일반토목시설건설,,,16397AAA0,건설공사비지수,53.31,2020＝100
200308,15397AA2AA22,일반토목시설건설,,,16397AAA0,건설공사비지수,53.84,2020＝100
200309,15397AA2AA22,일반토목시설건설,,,16397AAA0,건설공사비지수,53.79,2020＝100
200310,15397AA2AA22,일반토목시설건설,,,16397AAA0,건설공사비지수,53.84,2020＝100
200311,15397AA2AA22,일반토목시설건설,,,16397AAA0,건설공사비지수,54.02,2020＝100
200312,15397AA2AA22,일반토목시설건설,,,16397AAA0,건설공사비지수,54.2,2020＝100
200301,15397AA2AA221,하천사방,,,16397AAA0,건설공사비지수,53.31,2020＝100
200302,15397AA2AA221,하천사방,,,16397AAA0,건설공사비지수,53.49,2020＝100
200303,15397AA2AA221,하천사방,,,16397AAA0,건설공사비지수,53.9,2020＝100
200304,15397AA2AA221,하천사방,,,16397AAA0,건설공사비지수,53.9,2020＝100
200305,15397AA2AA221,하천사방,,,16397AAA0,건설공사비지수,53.84,2020＝100
200306,15397AA2AA221,하천사방,,,16397AAA0,건설공사비지수,53.79,2020＝100
200307,15397AA2AA221,하천사방,,,16397AAA0,건설공사비지수,54.02,2020＝100
200308,15397AA2AA221,하천사방,,,16397AAA0,건설공사비지수,54.55,2020＝100
200309,15397AA2AA221,하천사방,,,16397AAA0,건설공사비지수,54.55,2020＝100
200310,15397AA2AA221,하천사방,,,16397AAA0,건설공사비지수,54.61,2020＝100
200311,15397AA2AA221,하천사방,,,16397AAA0,건설공사비지수,54.73,2020＝100
200312,15397AA2AA221,하천사방,,,16397AAA0,건설공사비지수,54.79,2020＝100
200301,15397AA2AA222,상하수도시설,,,16397AAA0,건설공사비지수,51.05,2020＝100
200302,15397AA2AA222,상하수도시설,,,16397AAA0,건설공사비지수,51.11,2020＝100
200303,15397AA2AA222,상하수도시설,,,16397AAA0,건설공사비지수,51.05,2020＝100
200304,15397AA2AA222,상하수도시설,,,16397AAA0,건설공사비지수,51.36,2020＝100
200305,15397AA2AA222,상하수도시설,,,16397AAA0,건설공사비지수,51.36,2020＝100
200306,15397AA2AA222,상하수도시설,,,16397AAA0,건설공사비지수,51.36,2020＝100
200307,15397AA2AA222,상하수도시설,,,16397AAA0,건설공사비지수,51.48,2020＝100
200308,15397AA2AA222,상하수도시설,,,16397AAA0,건설공사비지수,51.9,2020＝100
200309,15397AA2AA222,상하수도시설,,,16397AAA0,건설공사비지수,51.9,2020＝100
200310,15397AA2AA222,상하수도시설,,,16397AAA0,건설공사비지수,51.96,2020＝100
200311,15397AA2AA222,상하수도시설,,,16397AAA0,건설공사비지수,52.08,2020＝100
200312,15397AA2AA222,상하수도시설,,,16397AAA0,건설공사비지수,52.56,2020＝100
200301,15397AA2AA223,농림수산토목,,,16397AAA0,건설공사비지수,51.04,2020＝100
200302,15397AA2AA223,농림수산토목,,,16397AAA0,건설공사비지수,51.39,2020＝100
200303,15397AA2AA223,농림수산토목,,,16397AAA0,건설공사비지수,51.84,2020＝100
200304,15397AA2AA223,농림수산토목,,,16397AAA0,건설공사비지수,51.56,2020＝100
200305,15397AA2AA223,농림수산토목,,,16397AAA0,건설공사비지수,51.44,2020＝100
200306,15397AA2AA223,농림수산토목,,,16397AAA0,건설공사비지수,51.39,2020＝100
200307,15397AA2AA223,농림수산토목,,,16397AAA0,건설공사비지수,51.67,2020＝100
200308,15397AA2AA223,농림수산토목,,,16397AAA0,건설공사비지수,52.18,2020＝100
200309,15397AA2AA223,농림수산토목,,,16397AAA0,건설공사비지수,52.18,2020＝100
200310,15397AA2AA223,농림수산토목,,,16397AAA0,건설공사비지수,52.24,2020＝100
200311,15397AA2AA223,농림수산토목,,,16397AAA0,건설공사비지수,52.47,2020＝100
200312,15397AA2AA223,농림수산토목,,,16397AAA0,건설공사비지수,52.58,2020＝100
200301,15397AA2AA224,도시토목,,,16397AAA0,건설공사비지수,53.12,2020＝100
200302,15397AA2AA224,도시토목,,,16397AAA0,건설공사비지수,53.36,2020＝100
200303,15397AA2AA224,도시토목,,,16397AAA0,건설공사비지수,53.89,2020＝100
200304,15397AA2AA224,도시토목,,,16397AAA0,건설공사비지수,53.89,2020＝100
200305,15397AA2AA224,도시토목,,,16397AAA0,건설공사비지수,53.83,2020＝100
200306,15397AA2AA224,도시토목,,,16397AAA0,건설공사비지수,53.78,2020＝100
200307,15397AA2AA224,도시토목,,,16397AAA0,건설공사비지수,53.96,2020＝100
200308,15397AA2AA224,도시토목,,,16397AAA0,건설공사비지수,54.49,2020＝100
200309,15397AA2AA224,도시토목,,,16397AAA0,건설공사비지수,54.43,2020＝100
200310,15397AA2AA224,도시토목,,,16397AAA0,건설공사비지수,54.49,2020＝100
200311,15397AA2AA224,도시토목,,,16397AAA0,건설공사비지수,54.61,2020＝100
200312,15397AA2AA224,도시토목,,,16397AAA0,건설공사비지수,54.79,2020＝100
200301,15397AA2AA23,산업시설건설,,,16397AAA0,건설공사비지수,52.45,2020＝100
200302,15397AA2AA23,산업시설건설,,,16397AAA0,건설공사비지수,52.8,2020＝100
200303,15397AA2AA23,산업시설건설,,,16397AAA0,건설공사비지수,53.04,2020＝100
200304,15397AA2AA23,산업시설건설,,,16397AAA0,건설공사비지수,53.22,2020＝100
200305,15397AA2AA23,산업시설건설,,,16397AAA0,건설공사비지수,53.16,2020＝100
200306,15397AA2AA23,산업시설건설,,,16397AAA0,건설공사비지수,53.16,2020＝100
200307,15397AA2AA23,산업시설건설,,,16397AAA0,건설공사비지수,53.22,2020＝100
200308,15397AA2AA23,산업시설건설,,,16397AAA0,건설공사비지수,53.58,2020＝100
200309,15397AA2AA23,산업시설건설,,,16397AAA0,건설공사비지수,53.58,2020＝100
200310,15397AA2AA23,산업시설건설,,,16397AAA0,건설공사비지수,53.7,2020＝100
200311,15397AA2AA23,산업시설건설,,,16397AAA0,건설공사비지수,53.88,2020＝100
200312,15397AA2AA23,산업시설건설,,,16397AAA0,건설공사비지수,54.05,2020＝100
200301,15397AA2AA231,환경정화시설,,,16397AAA0,건설공사비지수,51.96,2020＝100
200302,15397AA2AA231,환경정화시설,,,16397AAA0,건설공사비지수,52.14,2020＝100
200303,15397AA2AA231,환경정화시설,,,16397AAA0,건설공사비지수,52.49,2020＝100
200304,15397AA2AA231,환경정화시설,,,16397AAA0,건설공사비지수,52.77,2020＝100
200305,15397AA2AA231,환경정화시설,,,16397AAA0,건설공사비지수,52.71,2020＝100
200306,15397AA2AA231,환경정화시설,,,16397AAA0,건설공사비지수,52.71,2020＝100
200307,15397AA2AA231,환경정화시설,,,16397AAA0,건설공사비지수,52.83,2020＝100
200308,15397AA2AA231,환경정화시설,,,16397AAA0,건설공사비지수,53.24,2020＝100
200309,15397AA2AA231,환경정화시설,,,16397AAA0,건설공사비지수,53.24,2020＝100
200310,15397AA2AA231,환경정화시설,,,16397AAA0,건설공사비지수,53.24,2020＝100
200311,15397AA2AA231,환경정화시설,,,16397AAA0,건설공사비지수,53.35,2020＝100
200312,15397AA2AA231,환경정화시설,,,16397AAA0,건설공사비지수,53.53,2020＝100
200301,15397AA2AA232,발전소시설,,,16397AAA0,건설공사비지수,50.3,2020＝100
200302,15397AA2AA232,발전소시설,,,16397AAA0,건설공사비지수,50.69,2020＝100
200303,15397AA2AA232,발전소시설,,,16397AAA0,건설공사비지수,50.86,2020＝100
200304,15397AA2AA232,발전소시설,,,16397AAA0,건설공사비지수,50.98,2020＝100
200305,15397AA2AA232,발전소시설,,,16397AAA0,건설공사비지수,50.86,2020＝100
200306,15397AA2AA232,발전소시설,,,16397AAA0,건설공사비지수,50.86,2020＝100
200307,15397AA2AA232,발전소시설,,,16397AAA0,건설공사비지수,50.92,2020＝100
200308,15397AA2AA232,발전소시설,,,16397AAA0,건설공사비지수,51.16,2020＝100
200309,15397AA2AA232,발전소시설,,,16397AAA0,건설공사비지수,51.16,2020＝100
200310,15397AA2AA232,발전소시설,,,16397AAA0,건설공사비지수,51.27,2020＝100
200311,15397AA2AA232,발전소시설,,,16397AAA0,건설공사비지수,51.5,2020＝100
200312,15397AA2AA232,발전소시설,,,16397AAA0,건설공사비지수,51.67,2020＝100
200301,15397AA2AA234,산업플랜트,,,16397AAA0,건설공사비지수,51.23,2020＝100
200302,15397AA2AA234,산업플랜트,,,16397AAA0,건설공사비지수,51.52,2020＝100
200303,15397AA2AA234,산업플랜트,,,16397AAA0,건설공사비지수,51.64,2020＝100
200304,15397AA2AA234,산업플랜트,,,16397AAA0,건설공사비지수,51.93,2020＝100
200305,15397AA2AA234,산업플랜트,,,16397AAA0,건설공사비지수,51.93,2020＝100
200306,15397AA2AA234,산업플랜트,,,16397AAA0,건설공사비지수,51.93,2020＝100
200307,15397AA2AA234,산업플랜트,,,16397AAA0,건설공사비지수,51.93,2020＝100
200308,15397AA2AA234,산업플랜트,,,16397AAA0,건설공사비지수,52.4,2020＝100
200309,15397AA2AA234,산업플랜트,,,16397AAA0,건설공사비지수,52.4,2020＝100
200310,15397AA2AA234,산업플랜트,,,16397AAA0,건설공사비지수,52.4,2020＝100
200311,15397AA2AA234,산업플랜트,,,16397AAA0,건설공사비지수,52.45,2020＝100
200312,15397AA2AA234,산업플랜트,,,16397AAA0,건설공사비지수,52.57,2020＝100
200301,15397AA2AA24,기타건설,,,16397AAA0,건설공사비지수,52.93,2020＝100
200302,15397AA2AA24,기타건설,,,16397AAA0,건설공사비지수,53.1,2020＝100
200303,15397AA2AA24,기타건설,,,16397AAA0,건설공사비지수,53.45,2020＝100
200304,15397AA2AA24,기타건설,,,16397AAA0,건설공사비지수,53.76,2020＝100
200305,15397AA2AA24,기타건설,,,16397AAA0,건설공사비지수,53.69,2020＝100
200306,15397AA2AA24,기타건설,,,16397AAA0,건설공사비지수,53.69,2020＝100
200307,15397AA2AA24,기타건설,,,16397AAA0,건설공사비지수,53.81,2020＝100
200308,15397AA2AA24,기타건설,,,16397AAA0,건설공사비지수,54.23,2020＝100
200309,15397AA2AA24,기타건설,,,16397AAA0,건설공사비지수,54.23,2020＝100
200310,15397AA2AA24,기타건설,,,16397AAA0,건설공사비지수,54.23,2020＝100
200311,15397AA2AA24,기타건설,,,16397AAA0,건설공사비지수,54.34,2020＝100
200312,15397AA2AA24,기타건설,,,16397AAA0,건설공사비지수,54.52,2020＝100
200301,15397AA2AA241,기타건설,,,16397AAA0,건설공사비지수,52.93,2020＝100
200302,15397AA2AA241,기타건설,,,16397AAA0,건설공사비지수,53.1,2020＝100
200303,15397AA2AA241,기타건설,,,16397AAA0,건설공사비지수,53.45,2020＝100
200304,15397AA2AA241,기타건설,,,16397AAA0,건설공사비지수,53.76,2020＝100
200305,15397AA2AA241,기타건설,,,16397AAA0,건설공사비지수,53.69,2020＝100
200306,15397AA2AA241,기타건설,,,16397AAA0,건설공사비지수,53.69,2020＝100
200307,15397AA2AA241,기타건설,,,16397AAA0,건설공사비지수,53.81,2020＝100
200308,15397AA2AA241,기타건설,,,16397AAA0,건설공사비지수,54.23,2020＝100
200309,15397AA2AA241,기타건설,,,16397AAA0,건설공사비지수,54.23,2020＝100
200310,15397AA2AA241,기타건설,,,16397AAA0,건설공사비지수,54.23,2020＝100
200311,15397AA2AA241,기타건설,,,16397AAA0,건설공사비지수,54.34,2020＝100
200312,15397AA2AA241,기타건설,,,16397AAA0,건설공사비지수,54.52,2020＝100
200401,15397AA2AA,건설,,,16397AAA0,건설공사비지수,55.66,2020＝100
200402,15397AA2AA,건설,,,16397AAA0,건설공사비지수,56.49,2020＝100
200403,15397AA2AA,건설,,,16397AAA0,건설공사비지수,57.5,2020＝100
200404,15397AA2AA,건설,,,16397AAA0,건설공사비지수,57.74,2020＝100
200405,15397AA2AA,건설,,,16397AAA0,건설공사비지수,58.16,2020＝100
200406,15397AA2AA,건설,,,16397AAA0,건설공사비지수,58.16,2020＝100
200407,15397AA2AA,건설,,,16397AAA0,건설공사비지수,58.28,2020＝100
200408,15397AA2AA,건설,,,16397AAA0,건설공사비지수,58.34,2020＝100
200409,15397AA2AA,건설,,,16397AAA0,건설공사비지수,58.93,2020＝100
200410,15397AA2AA,건설,,,16397AAA0,건설공사비지수,59.17,2020＝100
200411,15397AA2AA,건설,,,16397AAA0,건설공사비지수,59.35,2020＝100
200412,15397AA2AA,건설,,,16397AAA0,건설공사비지수,59.35,2020＝100
200401,15397AA2AA1,건물건설 및 건축보수,,,16397AAA0,건설공사비지수,56.14,2020＝100
200402,15397AA2AA1,건물건설 및 건축보수,,,16397AAA0,건설공사비지수,57.04,2020＝100
200403,15397AA2AA1,건물건설 및 건축보수,,,16397AAA0,건설공사비지수,57.99,2020＝100
200404,15397AA2AA1,건물건설 및 건축보수,,,16397AAA0,건설공사비지수,58.23,2020＝100
200405,15397AA2AA1,건물건설 및 건축보수,,,16397AAA0,건설공사비지수,58.53,2020＝100
200406,15397AA2AA1,건물건설 및 건축보수,,,16397AAA0,건설공사비지수,58.47,2020＝100
200407,15397AA2AA1,건물건설 및 건축보수,,,16397AAA0,건설공사비지수,58.65,2020＝100
200408,15397AA2AA1,건물건설 및 건축보수,,,16397AAA0,건설공사비지수,58.65,2020＝100
200409,15397AA2AA1,건물건설 및 건축보수,,,16397AAA0,건설공사비지수,59.25,2020＝100
200410,15397AA2AA1,건물건설 및 건축보수,,,16397AAA0,건설공사비지수,59.55,2020＝100
200411,15397AA2AA1,건물건설 및 건축보수,,,16397AAA0,건설공사비지수,59.79,2020＝100
200412,15397AA2AA1,건물건설 및 건축보수,,,16397AAA0,건설공사비지수,59.73,2020＝100
200401,15397AA2AA11,주거용건물,,,16397AAA0,건설공사비지수,56.7,2020＝100
200402,15397AA2AA11,주거용건물,,,16397AAA0,건설공사비지수,57.6,2020＝100
200403,15397AA2AA11,주거용건물,,,16397AAA0,건설공사비지수,58.38,2020＝100
200404,15397AA2AA11,주거용건물,,,16397AAA0,건설공사비지수,58.62,2020＝100
200405,15397AA2AA11,주거용건물,,,16397AAA0,건설공사비지수,58.85,2020＝100
200406,15397AA2AA11,주거용건물,,,16397AAA0,건설공사비지수,58.73,2020＝100
200407,15397AA2AA11,주거용건물,,,16397AAA0,건설공사비지수,58.91,2020＝100
200408,15397AA2AA11,주거용건물,,,16397AAA0,건설공사비지수,58.97,2020＝100
200409,15397AA2AA11,주거용건물,,,16397AAA0,건설공사비지수,59.46,2020＝100
200410,15397AA2AA11,주거용건물,,,16397AAA0,건설공사비지수,59.75,2020＝100
200411,15397AA2AA11,주거용건물,,,16397AAA0,건설공사비지수,59.93,2020＝100
200412,15397AA2AA11,주거용건물,,,16397AAA0,건설공사비지수,59.87,2020＝100
200401,15397AA2AA111,주거용건물,,,16397AAA0,건설공사비지수,56.7,2020＝100
200402,15397AA2AA111,주거용건물,,,16397AAA0,건설공사비지수,57.6,2020＝100
200403,15397AA2AA111,주거용건물,,,16397AAA0,건설공사비지수,58.38,2020＝100
200404,15397AA2AA111,주거용건물,,,16397AAA0,건설공사비지수,58.62,2020＝100
200405,15397AA2AA111,주거용건물,,,16397AAA0,건설공사비지수,58.85,2020＝100
200406,15397AA2AA111,주거용건물,,,16397AAA0,건설공사비지수,58.73,2020＝100
200407,15397AA2AA111,주거용건물,,,16397AAA0,건설공사비지수,58.91,2020＝100
200408,15397AA2AA111,주거용건물,,,16397AAA0,건설공사비지수,58.97,2020＝100
200409,15397AA2AA111,주거용건물,,,16397AAA0,건설공사비지수,59.46,2020＝100
200410,15397AA2AA111,주거용건물,,,16397AAA0,건설공사비지수,59.75,2020＝100
200411,15397AA2AA111,주거용건물,,,16397AAA0,건설공사비지수,59.93,2020＝100
200412,15397AA2AA111,주거용건물,,,16397AAA0,건설공사비지수,59.87,2020＝100
200401,15397AA2AA12,비주거용건물,,,16397AAA0,건설공사비지수,55.87,2020＝100
200402,15397AA2AA12,비주거용건물,,,16397AAA0,건설공사비지수,56.83,2020＝100
200403,15397AA2AA12,비주거용건물,,,16397AAA0,건설공사비지수,57.9,2020＝100
200404,15397AA2AA12,비주거용건물,,,16397AAA0,건설공사비지수,58.2,2020＝100
200405,15397AA2AA12,비주거용건물,,,16397AAA0,건설공사비지수,58.56,2020＝100
200406,15397AA2AA12,비주거용건물,,,16397AAA0,건설공사비지수,58.5,2020＝100
200407,15397AA2AA12,비주거용건물,,,16397AAA0,건설공사비지수,58.68,2020＝100
200408,15397AA2AA12,비주거용건물,,,16397AAA0,건설공사비지수,58.74,2020＝100
200409,15397AA2AA12,비주거용건물,,,16397AAA0,건설공사비지수,59.34,2020＝100
200410,15397AA2AA12,비주거용건물,,,16397AAA0,건설공사비지수,59.58,2020＝100
200411,15397AA2AA12,비주거용건물,,,16397AAA0,건설공사비지수,59.76,2020＝100
200412,15397AA2AA12,비주거용건물,,,16397AAA0,건설공사비지수,59.76,2020＝100
200401,15397AA2AA121,비주거용건물,,,16397AAA0,건설공사비지수,55.87,2020＝100
200402,15397AA2AA121,비주거용건물,,,16397AAA0,건설공사비지수,56.83,2020＝100
200403,15397AA2AA121,비주거용건물,,,16397AAA0,건설공사비지수,57.9,2020＝100
200404,15397AA2AA121,비주거용건물,,,16397AAA0,건설공사비지수,58.2,2020＝100
200405,15397AA2AA121,비주거용건물,,,16397AAA0,건설공사비지수,58.56,2020＝100
200406,15397AA2AA121,비주거용건물,,,16397AAA0,건설공사비지수,58.5,2020＝100
200407,15397AA2AA121,비주거용건물,,,16397AAA0,건설공사비지수,58.68,2020＝100
200408,15397AA2AA121,비주거용건물,,,16397AAA0,건설공사비지수,58.74,2020＝100
200409,15397AA2AA121,비주거용건물,,,16397AAA0,건설공사비지수,59.34,2020＝100
200410,15397AA2AA121,비주거용건물,,,16397AAA0,건설공사비지수,59.58,2020＝100
200411,15397AA2AA121,비주거용건물,,,16397AAA0,건설공사비지수,59.76,2020＝100
200412,15397AA2AA121,비주거용건물,,,16397AAA0,건설공사비지수,59.76,2020＝100
200401,15397AA2AA13,건축보수,,,16397AAA0,건설공사비지수,55.57,2020＝100
200402,15397AA2AA13,건축보수,,,16397AAA0,건설공사비지수,56.34,2020＝100
200403,15397AA2AA13,건축보수,,,16397AAA0,건설공사비지수,57.05,2020＝100
200404,15397AA2AA13,건축보수,,,16397AAA0,건설공사비지수,57.35,2020＝100
200405,15397AA2AA13,건축보수,,,16397AAA0,건설공사비지수,57.53,2020＝100
200406,15397AA2AA13,건축보수,,,16397AAA0,건설공사비지수,57.47,2020＝100
200407,15397AA2AA13,건축보수,,,16397AAA0,건설공사비지수,57.77,2020＝100
200408,15397AA2AA13,건축보수,,,16397AAA0,건설공사비지수,57.77,2020＝100
200409,15397AA2AA13,건축보수,,,16397AAA0,건설공사비지수,58.24,2020＝100
200410,15397AA2AA13,건축보수,,,16397AAA0,건설공사비지수,58.84,2020＝100
200411,15397AA2AA13,건축보수,,,16397AAA0,건설공사비지수,59.43,2020＝100
200412,15397AA2AA13,건축보수,,,16397AAA0,건설공사비지수,59.37,2020＝100
200401,15397AA2AA131,건축보수,,,16397AAA0,건설공사비지수,55.57,2020＝100
200402,15397AA2AA131,건축보수,,,16397AAA0,건설공사비지수,56.34,2020＝100
200403,15397AA2AA131,건축보수,,,16397AAA0,건설공사비지수,57.05,2020＝100
200404,15397AA2AA131,건축보수,,,16397AAA0,건설공사비지수,57.35,2020＝100
200405,15397AA2AA131,건축보수,,,16397AAA0,건설공사비지수,57.53,2020＝100
200406,15397AA2AA131,건축보수,,,16397AAA0,건설공사비지수,57.47,2020＝100
200407,15397AA2AA131,건축보수,,,16397AAA0,건설공사비지수,57.77,2020＝100
200408,15397AA2AA131,건축보수,,,16397AAA0,건설공사비지수,57.77,2020＝100
200409,15397AA2AA131,건축보수,,,16397AAA0,건설공사비지수,58.24,2020＝100
200410,15397AA2AA131,건축보수,,,16397AAA0,건설공사비지수,58.84,2020＝100
200411,15397AA2AA131,건축보수,,,16397AAA0,건설공사비지수,59.43,2020＝100
200412,15397AA2AA131,건축보수,,,16397AAA0,건설공사비지수,59.37,2020＝100
200401,15397AA2AA2,토목건설,,,16397AAA0,건설공사비지수,55.13,2020＝100
200402,15397AA2AA2,토목건설,,,16397AAA0,건설공사비지수,55.84,2020＝100
200403,15397AA2AA2,토목건설,,,16397AAA0,건설공사비지수,56.91,2020＝100
200404,15397AA2AA2,토목건설,,,16397AAA0,건설공사비지수,57.21,2020＝100
200405,15397AA2AA2,토목건설,,,16397AAA0,건설공사비지수,57.85,2020＝100
200406,15397AA2AA2,토목건설,,,16397AAA0,건설공사비지수,57.85,2020＝100
200407,15397AA2AA2,토목건설,,,16397AAA0,건설공사비지수,57.91,2020＝100
200408,15397AA2AA2,토목건설,,,16397AAA0,건설공사비지수,57.97,2020＝100
200409,15397AA2AA2,토목건설,,,16397AAA0,건설공사비지수,58.56,2020＝100
200410,15397AA2AA2,토목건설,,,16397AAA0,건설공사비지수,58.86,2020＝100
200411,15397AA2AA2,토목건설,,,16397AAA0,건설공사비지수,58.92,2020＝100
200412,15397AA2AA2,토목건설,,,16397AAA0,건설공사비지수,58.86,2020＝100
200401,15397AA2AA21,교통시설건설,,,16397AAA0,건설공사비지수,54.91,2020＝100
200402,15397AA2AA21,교통시설건설,,,16397AAA0,건설공사비지수,55.56,2020＝100
200403,15397AA2AA21,교통시설건설,,,16397AAA0,건설공사비지수,56.68,2020＝100
200404,15397AA2AA21,교통시설건설,,,16397AAA0,건설공사비지수,56.97,2020＝100
200405,15397AA2AA21,교통시설건설,,,16397AAA0,건설공사비지수,57.62,2020＝100
200406,15397AA2AA21,교통시설건설,,,16397AAA0,건설공사비지수,57.8,2020＝100
200407,15397AA2AA21,교통시설건설,,,16397AAA0,건설공사비지수,57.8,2020＝100
200408,15397AA2AA21,교통시설건설,,,16397AAA0,건설공사비지수,57.86,2020＝100
200409,15397AA2AA21,교통시설건설,,,16397AAA0,건설공사비지수,58.45,2020＝100
200410,15397AA2AA21,교통시설건설,,,16397AAA0,건설공사비지수,58.74,2020＝100
200411,15397AA2AA21,교통시설건설,,,16397AAA0,건설공사비지수,58.8,2020＝100
200412,15397AA2AA21,교통시설건설,,,16397AAA0,건설공사비지수,58.69,2020＝100
200401,15397AA2AA211,도로시설,,,16397AAA0,건설공사비지수,54.23,2020＝100
200402,15397AA2AA211,도로시설,,,16397AAA0,건설공사비지수,54.82,2020＝100
200403,15397AA2AA211,도로시설,,,16397AAA0,건설공사비지수,55.86,2020＝100
200404,15397AA2AA211,도로시설,,,16397AAA0,건설공사비지수,56.1,2020＝100
200405,15397AA2AA211,도로시설,,,16397AAA0,건설공사비지수,56.8,2020＝100
200406,15397AA2AA211,도로시설,,,16397AAA0,건설공사비지수,57.03,2020＝100
200407,15397AA2AA211,도로시설,,,16397AAA0,건설공사비지수,57.03,2020＝100
200408,15397AA2AA211,도로시설,,,16397AAA0,건설공사비지수,57.03,2020＝100
200409,15397AA2AA211,도로시설,,,16397AAA0,건설공사비지수,57.61,2020＝100
200410,15397AA2AA211,도로시설,,,16397AAA0,건설공사비지수,57.9,2020＝100
200411,15397AA2AA211,도로시설,,,16397AAA0,건설공사비지수,58.01,2020＝100
200412,15397AA2AA211,도로시설,,,16397AAA0,건설공사비지수,57.84,2020＝100
200401,15397AA2AA212,철도시설,,,16397AAA0,건설공사비지수,55.65,2020＝100
200402,15397AA2AA212,철도시설,,,16397AAA0,건설공사비지수,57.11,2020＝100
200403,15397AA2AA212,철도시설,,,16397AAA0,건설공사비지수,58.77,2020＝100
200404,15397AA2AA212,철도시설,,,16397AAA0,건설공사비지수,59.19,2020＝100
200405,15397AA2AA212,철도시설,,,16397AAA0,건설공사비지수,59.98,2020＝100
200406,15397AA2AA212,철도시설,,,16397AAA0,건설공사비지수,59.86,2020＝100
200407,15397AA2AA212,철도시설,,,16397AAA0,건설공사비지수,59.86,2020＝100
200408,15397AA2AA212,철도시설,,,16397AAA0,건설공사비지수,60.04,2020＝100
200409,15397AA2AA212,철도시설,,,16397AAA0,건설공사비지수,60.47,2020＝100
200410,15397AA2AA212,철도시설,,,16397AAA0,건설공사비지수,60.77,2020＝100
200411,15397AA2AA212,철도시설,,,16397AAA0,건설공사비지수,60.83,2020＝100
200412,15397AA2AA212,철도시설,,,16397AAA0,건설공사비지수,60.83,2020＝100
200401,15397AA2AA213,항만시설,,,16397AAA0,건설공사비지수,54.8,2020＝100
200402,15397AA2AA213,항만시설,,,16397AAA0,건설공사비지수,55.26,2020＝100
200403,15397AA2AA213,항만시설,,,16397AAA0,건설공사비지수,56.02,2020＝100
200404,15397AA2AA213,항만시설,,,16397AAA0,건설공사비지수,56.26,2020＝100
200405,15397AA2AA213,항만시설,,,16397AAA0,건설공사비지수,56.78,2020＝100
200406,15397AA2AA213,항만시설,,,16397AAA0,건설공사비지수,56.78,2020＝100
200407,15397AA2AA213,항만시설,,,16397AAA0,건설공사비지수,56.72,2020＝100
200408,15397AA2AA213,항만시설,,,16397AAA0,건설공사비지수,56.9,2020＝100
200409,15397AA2AA213,항만시설,,,16397AAA0,건설공사비지수,57.48,2020＝100
200410,15397AA2AA213,항만시설,,,16397AAA0,건설공사비지수,57.89,2020＝100
200411,15397AA2AA213,항만시설,,,16397AAA0,건설공사비지수,57.95,2020＝100
200412,15397AA2AA213,항만시설,,,16397AAA0,건설공사비지수,57.59,2020＝100
200401,15397AA2AA22,일반토목시설건설,,,16397AAA0,건설공사비지수,55.15,2020＝100
200402,15397AA2AA22,일반토목시설건설,,,16397AAA0,건설공사비지수,55.86,2020＝100
200403,15397AA2AA22,일반토목시설건설,,,16397AAA0,건설공사비지수,56.76,2020＝100
200404,15397AA2AA22,일반토목시설건설,,,16397AAA0,건설공사비지수,57.17,2020＝100
200405,15397AA2AA22,일반토목시설건설,,,16397AAA0,건설공사비지수,57.83,2020＝100
200406,15397AA2AA22,일반토목시설건설,,,16397AAA0,건설공사비지수,57.83,2020＝100
200407,15397AA2AA22,일반토목시설건설,,,16397AAA0,건설공사비지수,57.83,2020＝100
200408,15397AA2AA22,일반토목시설건설,,,16397AAA0,건설공사비지수,57.94,2020＝100
200409,15397AA2AA22,일반토목시설건설,,,16397AAA0,건설공사비지수,58.72,2020＝100
200410,15397AA2AA22,일반토목시설건설,,,16397AAA0,건설공사비지수,59.14,2020＝100
200411,15397AA2AA22,일반토목시설건설,,,16397AAA0,건설공사비지수,59.2,2020＝100
200412,15397AA2AA22,일반토목시설건설,,,16397AAA0,건설공사비지수,58.96,2020＝100
200401,15397AA2AA221,하천사방,,,16397AAA0,건설공사비지수,55.67,2020＝100
200402,15397AA2AA221,하천사방,,,16397AAA0,건설공사비지수,56.26,2020＝100
200403,15397AA2AA221,하천사방,,,16397AAA0,건설공사비지수,57.09,2020＝100
200404,15397AA2AA221,하천사방,,,16397AAA0,건설공사비지수,57.33,2020＝100
200405,15397AA2AA221,하천사방,,,16397AAA0,건설공사비지수,57.74,2020＝100
200406,15397AA2AA221,하천사방,,,16397AAA0,건설공사비지수,57.68,2020＝100
200407,15397AA2AA221,하천사방,,,16397AAA0,건설공사비지수,57.62,2020＝100
200408,15397AA2AA221,하천사방,,,16397AAA0,건설공사비지수,57.68,2020＝100
200409,15397AA2AA221,하천사방,,,16397AAA0,건설공사비지수,58.21,2020＝100
200410,15397AA2AA221,하천사방,,,16397AAA0,건설공사비지수,58.51,2020＝100
200411,15397AA2AA221,하천사방,,,16397AAA0,건설공사비지수,58.69,2020＝100
200412,15397AA2AA221,하천사방,,,16397AAA0,건설공사비지수,58.51,2020＝100
200401,15397AA2AA222,상하수도시설,,,16397AAA0,건설공사비지수,53.59,2020＝100
200402,15397AA2AA222,상하수도시설,,,16397AAA0,건설공사비지수,54.54,2020＝100
200403,15397AA2AA222,상하수도시설,,,16397AAA0,건설공사비지수,55.63,2020＝100
200404,15397AA2AA222,상하수도시설,,,16397AAA0,건설공사비지수,56.47,2020＝100
200405,15397AA2AA222,상하수도시설,,,16397AAA0,건설공사비지수,57.55,2020＝100
200406,15397AA2AA222,상하수도시설,,,16397AAA0,건설공사비지수,57.67,2020＝100
200407,15397AA2AA222,상하수도시설,,,16397AAA0,건설공사비지수,57.67,2020＝100
200408,15397AA2AA222,상하수도시설,,,16397AAA0,건설공사비지수,57.79,2020＝100
200409,15397AA2AA222,상하수도시설,,,16397AAA0,건설공사비지수,59,2020＝100
200410,15397AA2AA222,상하수도시설,,,16397AAA0,건설공사비지수,59.66,2020＝100
200411,15397AA2AA222,상하수도시설,,,16397AAA0,건설공사비지수,59.66,2020＝100
200412,15397AA2AA222,상하수도시설,,,16397AAA0,건설공사비지수,59.48,2020＝100
200401,15397AA2AA223,농림수산토목,,,16397AAA0,건설공사비지수,53.49,2020＝100
200402,15397AA2AA223,농림수산토목,,,16397AAA0,건설공사비지수,53.95,2020＝100
200403,15397AA2AA223,농림수산토목,,,16397AAA0,건설공사비지수,54.62,2020＝100
200404,15397AA2AA223,농림수산토목,,,16397AAA0,건설공사비지수,54.8,2020＝100
200405,15397AA2AA223,농림수산토목,,,16397AAA0,건설공사비지수,55.31,2020＝100
200406,15397AA2AA223,농림수산토목,,,16397AAA0,건설공사비지수,55.25,2020＝100
200407,15397AA2AA223,농림수산토목,,,16397AAA0,건설공사비지수,55.25,2020＝100
200408,15397AA2AA223,농림수산토목,,,16397AAA0,건설공사비지수,55.47,2020＝100
200409,15397AA2AA223,농림수산토목,,,16397AAA0,건설공사비지수,56.1,2020＝100
200410,15397AA2AA223,농림수산토목,,,16397AAA0,건설공사비지수,56.45,2020＝100
200411,15397AA2AA223,농림수산토목,,,16397AAA0,건설공사비지수,56.39,2020＝100
200412,15397AA2AA223,농림수산토목,,,16397AAA0,건설공사비지수,56.05,2020＝100
200401,15397AA2AA224,도시토목,,,16397AAA0,건설공사비지수,55.81,2020＝100
200402,15397AA2AA224,도시토목,,,16397AAA0,건설공사비지수,56.45,2020＝100
200403,15397AA2AA224,도시토목,,,16397AAA0,건설공사비지수,57.29,2020＝100
200404,15397AA2AA224,도시토목,,,16397AAA0,건설공사비지수,57.58,2020＝100
200405,15397AA2AA224,도시토목,,,16397AAA0,건설공사비지수,58.18,2020＝100
200406,15397AA2AA224,도시토목,,,16397AAA0,건설공사비지수,58.18,2020＝100
200407,15397AA2AA224,도시토목,,,16397AAA0,건설공사비지수,58.24,2020＝100
200408,15397AA2AA224,도시토목,,,16397AAA0,건설공사비지수,58.36,2020＝100
200409,15397AA2AA224,도시토목,,,16397AAA0,건설공사비지수,58.96,2020＝100
200410,15397AA2AA224,도시토목,,,16397AAA0,건설공사비지수,59.31,2020＝100
200411,15397AA2AA224,도시토목,,,16397AAA0,건설공사비지수,59.37,2020＝100
200412,15397AA2AA224,도시토목,,,16397AAA0,건설공사비지수,59.14,2020＝100
200401,15397AA2AA23,산업시설건설,,,16397AAA0,건설공사비지수,55.06,2020＝100
200402,15397AA2AA23,산업시설건설,,,16397AAA0,건설공사비지수,55.89,2020＝100
200403,15397AA2AA23,산업시설건설,,,16397AAA0,건설공사비지수,56.96,2020＝100
200404,15397AA2AA23,산업시설건설,,,16397AAA0,건설공사비지수,57.2,2020＝100
200405,15397AA2AA23,산업시설건설,,,16397AAA0,건설공사비지수,57.79,2020＝100
200406,15397AA2AA23,산업시설건설,,,16397AAA0,건설공사비지수,57.61,2020＝100
200407,15397AA2AA23,산업시설건설,,,16397AAA0,건설공사비지수,57.73,2020＝100
200408,15397AA2AA23,산업시설건설,,,16397AAA0,건설공사비지수,57.79,2020＝100
200409,15397AA2AA23,산업시설건설,,,16397AAA0,건설공사비지수,58.32,2020＝100
200410,15397AA2AA23,산업시설건설,,,16397AAA0,건설공사비지수,58.56,2020＝100
200411,15397AA2AA23,산업시설건설,,,16397AAA0,건설공사비지수,58.62,2020＝100
200412,15397AA2AA23,산업시설건설,,,16397AAA0,건설공사비지수,58.73,2020＝100
200401,15397AA2AA231,환경정화시설,,,16397AAA0,건설공사비지수,54.52,2020＝100
200402,15397AA2AA231,환경정화시설,,,16397AAA0,건설공사비지수,55.39,2020＝100
200403,15397AA2AA231,환경정화시설,,,16397AAA0,건설공사비지수,56.38,2020＝100
200404,15397AA2AA231,환경정화시설,,,16397AAA0,건설공사비지수,56.67,2020＝100
200405,15397AA2AA231,환경정화시설,,,16397AAA0,건설공사비지수,57.14,2020＝100
200406,15397AA2AA231,환경정화시설,,,16397AAA0,건설공사비지수,57.14,2020＝100
200407,15397AA2AA231,환경정화시설,,,16397AAA0,건설공사비지수,57.14,2020＝100
200408,15397AA2AA231,환경정화시설,,,16397AAA0,건설공사비지수,57.19,2020＝100
200409,15397AA2AA231,환경정화시설,,,16397AAA0,건설공사비지수,57.72,2020＝100
200410,15397AA2AA231,환경정화시설,,,16397AAA0,건설공사비지수,58,2020＝100
200411,15397AA2AA231,환경정화시설,,,16397AAA0,건설공사비지수,58.12,2020＝100
200412,15397AA2AA231,환경정화시설,,,16397AAA0,건설공사비지수,58,2020＝100
200401,15397AA2AA232,발전소시설,,,16397AAA0,건설공사비지수,52.64,2020＝100
200402,15397AA2AA232,발전소시설,,,16397AAA0,건설공사비지수,53.27,2020＝100
200403,15397AA2AA232,발전소시설,,,16397AAA0,건설공사비지수,54.24,2020＝100
200404,15397AA2AA232,발전소시설,,,16397AAA0,건설공사비지수,54.58,2020＝100
200405,15397AA2AA232,발전소시설,,,16397AAA0,건설공사비지수,55.15,2020＝100
200406,15397AA2AA232,발전소시설,,,16397AAA0,건설공사비지수,54.92,2020＝100
200407,15397AA2AA232,발전소시설,,,16397AAA0,건설공사비지수,55.21,2020＝100
200408,15397AA2AA232,발전소시설,,,16397AAA0,건설공사비지수,55.26,2020＝100
200409,15397AA2AA232,발전소시설,,,16397AAA0,건설공사비지수,55.73,2020＝100
200410,15397AA2AA232,발전소시설,,,16397AAA0,건설공사비지수,55.9,2020＝100
200411,15397AA2AA232,발전소시설,,,16397AAA0,건설공사비지수,55.9,2020＝100
200412,15397AA2AA232,발전소시설,,,16397AAA0,건설공사비지수,56.12,2020＝100
200401,15397AA2AA234,산업플랜트,,,16397AAA0,건설공사비지수,53.67,2020＝100
200402,15397AA2AA234,산업플랜트,,,16397AAA0,건설공사비지수,54.6,2020＝100
200403,15397AA2AA234,산업플랜트,,,16397AAA0,건설공사비지수,55.83,2020＝100
200404,15397AA2AA234,산업플랜트,,,16397AAA0,건설공사비지수,56.29,2020＝100
200405,15397AA2AA234,산업플랜트,,,16397AAA0,건설공사비지수,56.88,2020＝100
200406,15397AA2AA234,산업플랜트,,,16397AAA0,건설공사비지수,56.88,2020＝100
200407,15397AA2AA234,산업플랜트,,,16397AAA0,건설공사비지수,56.94,2020＝100
200408,15397AA2AA234,산업플랜트,,,16397AAA0,건설공사비지수,56.99,2020＝100
200409,15397AA2AA234,산업플랜트,,,16397AAA0,건설공사비지수,57.69,2020＝100
200410,15397AA2AA234,산업플랜트,,,16397AAA0,건설공사비지수,57.86,2020＝100
200411,15397AA2AA234,산업플랜트,,,16397AAA0,건설공사비지수,57.98,2020＝100
200412,15397AA2AA234,산업플랜트,,,16397AAA0,건설공사비지수,57.92,2020＝100
200401,15397AA2AA24,기타건설,,,16397AAA0,건설공사비지수,55.53,2020＝100
200402,15397AA2AA24,기타건설,,,16397AAA0,건설공사비지수,56.41,2020＝100
200403,15397AA2AA24,기타건설,,,16397AAA0,건설공사비지수,57.42,2020＝100
200404,15397AA2AA24,기타건설,,,16397AAA0,건설공사비지수,57.71,2020＝100
200405,15397AA2AA24,기타건설,,,16397AAA0,건설공사비지수,58.19,2020＝100
200406,15397AA2AA24,기타건설,,,16397AAA0,건설공사비지수,58.19,2020＝100
200407,15397AA2AA24,기타건설,,,16397AAA0,건설공사비지수,58.19,2020＝100
200408,15397AA2AA24,기타건설,,,16397AAA0,건설공사비지수,58.25,2020＝100
200409,15397AA2AA24,기타건설,,,16397AAA0,건설공사비지수,58.79,2020＝100
200410,15397AA2AA24,기타건설,,,16397AAA0,건설공사비지수,59.08,2020＝100
200411,15397AA2AA24,기타건설,,,16397AAA0,건설공사비지수,59.2,2020＝100
200412,15397AA2AA24,기타건설,,,16397AAA0,건설공사비지수,59.08,2020＝100
200401,15397AA2AA241,기타건설,,,16397AAA0,건설공사비지수,55.53,2020＝100
200402,15397AA2AA241,기타건설,,,16397AAA0,건설공사비지수,56.41,2020＝100
200403,15397AA2AA241,기타건설,,,16397AAA0,건설공사비지수,57.42,2020＝100
200404,15397AA2AA241,기타건설,,,16397AAA0,건설공사비지수,57.71,2020＝100
200405,15397AA2AA241,기타건설,,,16397AAA0,건설공사비지수,58.19,2020＝100
200406,15397AA2AA241,기타건설,,,16397AAA0,건설공사비지수,58.19,2020＝100
200407,15397AA2AA241,기타건설,,,16397AAA0,건설공사비지수,58.19,2020＝100
200408,15397AA2AA241,기타건설,,,16397AAA0,건설공사비지수,58.25,2020＝100
200409,15397AA2AA241,기타건설,,,16397AAA0,건설공사비지수,58.79,2020＝100
200410,15397AA2AA241,기타건설,,,16397AAA0,건설공사비지수,59.08,2020＝100
200411,15397AA2AA241,기타건설,,,16397AAA0,건설공사비지수,59.2,2020＝100
200412,15397AA2AA241,기타건설,,,16397AAA0,건설공사비지수,59.08,2020＝100
200501,15397AA2AA,건설,,,16397AAA0,건설공사비지수,59.35,2020＝100
200502,15397AA2AA,건설,,,16397AAA0,건설공사비지수,59.38,2020＝100
200503,15397AA2AA,건설,,,16397AAA0,건설공사비지수,59.51,2020＝100
200504,15397AA2AA,건설,,,16397AAA0,건설공사비지수,59.63,2020＝100
200505,15397AA2AA,건설,,,16397AAA0,건설공사비지수,59.56,2020＝100
200506,15397AA2AA,건설,,,16397AAA0,건설공사비지수,59.33,2020＝100
200507,15397AA2AA,건설,,,16397AAA0,건설공사비지수,59.38,2020＝100
200508,15397AA2AA,건설,,,16397AAA0,건설공사비지수,59.34,2020＝100
200509,15397AA2AA,건설,,,16397AAA0,건설공사비지수,59.4,2020＝100
200510,15397AA2AA,건설,,,16397AAA0,건설공사비지수,59.39,2020＝100
200511,15397AA2AA,건설,,,16397AAA0,건설공사비지수,59.32,2020＝100
200512,15397AA2AA,건설,,,16397AAA0,건설공사비지수,59.36,2020＝100
200501,15397AA2AA1,건물건설 및 건축보수,,,16397AAA0,건설공사비지수,59.73,2020＝100
200502,15397AA2AA1,건물건설 및 건축보수,,,16397AAA0,건설공사비지수,59.74,2020＝100
200503,15397AA2AA1,건물건설 및 건축보수,,,16397AAA0,건설공사비지수,59.87,2020＝100
200504,15397AA2AA1,건물건설 및 건축보수,,,16397AAA0,건설공사비지수,59.93,2020＝100
200505,15397AA2AA1,건물건설 및 건축보수,,,16397AAA0,건설공사비지수,59.87,2020＝100
200506,15397AA2AA1,건물건설 및 건축보수,,,16397AAA0,건설공사비지수,59.59,2020＝100
200507,15397AA2AA1,건물건설 및 건축보수,,,16397AAA0,건설공사비지수,59.59,2020＝100
200508,15397AA2AA1,건물건설 및 건축보수,,,16397AAA0,건설공사비지수,59.55,2020＝100
200509,15397AA2AA1,건물건설 및 건축보수,,,16397AAA0,건설공사비지수,59.57,2020＝100
200510,15397AA2AA1,건물건설 및 건축보수,,,16397AAA0,건설공사비지수,59.54,2020＝100
200511,15397AA2AA1,건물건설 및 건축보수,,,16397AAA0,건설공사비지수,59.51,2020＝100
200512,15397AA2AA1,건물건설 및 건축보수,,,16397AAA0,건설공사비지수,59.49,2020＝100
200501,15397AA2AA11,주거용건물,,,16397AAA0,건설공사비지수,59.93,2020＝100
200502,15397AA2AA11,주거용건물,,,16397AAA0,건설공사비지수,59.94,2020＝100
200503,15397AA2AA11,주거용건물,,,16397AAA0,건설공사비지수,60.09,2020＝100
200504,15397AA2AA11,주거용건물,,,16397AAA0,건설공사비지수,60.07,2020＝100
200505,15397AA2AA11,주거용건물,,,16397AAA0,건설공사비지수,59.97,2020＝100
200506,15397AA2AA11,주거용건물,,,16397AAA0,건설공사비지수,59.65,2020＝100
200507,15397AA2AA11,주거용건물,,,16397AAA0,건설공사비지수,59.62,2020＝100
200508,15397AA2AA11,주거용건물,,,16397AAA0,건설공사비지수,59.52,2020＝100
200509,15397AA2AA11,주거용건물,,,16397AAA0,건설공사비지수,59.5,2020＝100
200510,15397AA2AA11,주거용건물,,,16397AAA0,건설공사비지수,59.42,2020＝100
200511,15397AA2AA11,주거용건물,,,16397AAA0,건설공사비지수,59.42,2020＝100
200512,15397AA2AA11,주거용건물,,,16397AAA0,건설공사비지수,59.39,2020＝100
200501,15397AA2AA111,주거용건물,,,16397AAA0,건설공사비지수,59.93,2020＝100
200502,15397AA2AA111,주거용건물,,,16397AAA0,건설공사비지수,59.94,2020＝100
200503,15397AA2AA111,주거용건물,,,16397AAA0,건설공사비지수,60.09,2020＝100
200504,15397AA2AA111,주거용건물,,,16397AAA0,건설공사비지수,60.07,2020＝100
200505,15397AA2AA111,주거용건물,,,16397AAA0,건설공사비지수,59.97,2020＝100
200506,15397AA2AA111,주거용건물,,,16397AAA0,건설공사비지수,59.65,2020＝100
200507,15397AA2AA111,주거용건물,,,16397AAA0,건설공사비지수,59.62,2020＝100
200508,15397AA2AA111,주거용건물,,,16397AAA0,건설공사비지수,59.52,2020＝100
200509,15397AA2AA111,주거용건물,,,16397AAA0,건설공사비지수,59.5,2020＝100
200510,15397AA2AA111,주거용건물,,,16397AAA0,건설공사비지수,59.42,2020＝100
200511,15397AA2AA111,주거용건물,,,16397AAA0,건설공사비지수,59.42,2020＝100
200512,15397AA2AA111,주거용건물,,,16397AAA0,건설공사비지수,59.39,2020＝100
200501,15397AA2AA12,비주거용건물,,,16397AAA0,건설공사비지수,59.76,2020＝100
200502,15397AA2AA12,비주거용건물,,,16397AAA0,건설공사비지수,59.77,2020＝100
200503,15397AA2AA12,비주거용건물,,,16397AAA0,건설공사비지수,59.9,2020＝100
200504,15397AA2AA12,비주거용건물,,,16397AAA0,건설공사비지수,59.99,2020＝100
200505,15397AA2AA12,비주거용건물,,,16397AAA0,건설공사비지수,59.94,2020＝100
200506,15397AA2AA12,비주거용건물,,,16397AAA0,건설공사비지수,59.68,2020＝100
200507,15397AA2AA12,비주거용건물,,,16397AAA0,건설공사비지수,59.71,2020＝100
200508,15397AA2AA12,비주거용건물,,,16397AAA0,건설공사비지수,59.68,2020＝100
200509,15397AA2AA12,비주거용건물,,,16397AAA0,건설공사비지수,59.74,2020＝100
200510,15397AA2AA12,비주거용건물,,,16397AAA0,건설공사비지수,59.75,2020＝100
200511,15397AA2AA12,비주거용건물,,,16397AAA0,건설공사비지수,59.7,2020＝100
200512,15397AA2AA12,비주거용건물,,,16397AAA0,건설공사비지수,59.68,2020＝100
200501,15397AA2AA121,비주거용건물,,,16397AAA0,건설공사비지수,59.76,2020＝100
200502,15397AA2AA121,비주거용건물,,,16397AAA0,건설공사비지수,59.77,2020＝100
200503,15397AA2AA121,비주거용건물,,,16397AAA0,건설공사비지수,59.9,2020＝100
200504,15397AA2AA121,비주거용건물,,,16397AAA0,건설공사비지수,59.99,2020＝100
200505,15397AA2AA121,비주거용건물,,,16397AAA0,건설공사비지수,59.94,2020＝100
200506,15397AA2AA121,비주거용건물,,,16397AAA0,건설공사비지수,59.68,2020＝100
200507,15397AA2AA121,비주거용건물,,,16397AAA0,건설공사비지수,59.71,2020＝100
200508,15397AA2AA121,비주거용건물,,,16397AAA0,건설공사비지수,59.68,2020＝100
200509,15397AA2AA121,비주거용건물,,,16397AAA0,건설공사비지수,59.74,2020＝100
200510,15397AA2AA121,비주거용건물,,,16397AAA0,건설공사비지수,59.75,2020＝100
200511,15397AA2AA121,비주거용건물,,,16397AAA0,건설공사비지수,59.7,2020＝100
200512,15397AA2AA121,비주거용건물,,,16397AAA0,건설공사비지수,59.68,2020＝100
200501,15397AA2AA13,건축보수,,,16397AAA0,건설공사비지수,59.37,2020＝100
200502,15397AA2AA13,건축보수,,,16397AAA0,건설공사비지수,59.36,2020＝100
200503,15397AA2AA13,건축보수,,,16397AAA0,건설공사비지수,59.56,2020＝100
200504,15397AA2AA13,건축보수,,,16397AAA0,건설공사비지수,59.62,2020＝100
200505,15397AA2AA13,건축보수,,,16397AAA0,건설공사비지수,59.58,2020＝100
200506,15397AA2AA13,건축보수,,,16397AAA0,건설공사비지수,59.46,2020＝100
200507,15397AA2AA13,건축보수,,,16397AAA0,건설공사비지수,59.41,2020＝100
200508,15397AA2AA13,건축보수,,,16397AAA0,건설공사비지수,59.41,2020＝100
200509,15397AA2AA13,건축보수,,,16397AAA0,건설공사비지수,59.42,2020＝100
200510,15397AA2AA13,건축보수,,,16397AAA0,건설공사비지수,59.37,2020＝100
200511,15397AA2AA13,건축보수,,,16397AAA0,건설공사비지수,59.36,2020＝100
200512,15397AA2AA13,건축보수,,,16397AAA0,건설공사비지수,59.34,2020＝100
200501,15397AA2AA131,건축보수,,,16397AAA0,건설공사비지수,59.37,2020＝100
200502,15397AA2AA131,건축보수,,,16397AAA0,건설공사비지수,59.36,2020＝100
200503,15397AA2AA131,건축보수,,,16397AAA0,건설공사비지수,59.56,2020＝100
200504,15397AA2AA131,건축보수,,,16397AAA0,건설공사비지수,59.62,2020＝100
200505,15397AA2AA131,건축보수,,,16397AAA0,건설공사비지수,59.58,2020＝100
200506,15397AA2AA131,건축보수,,,16397AAA0,건설공사비지수,59.46,2020＝100
200507,15397AA2AA131,건축보수,,,16397AAA0,건설공사비지수,59.41,2020＝100
200508,15397AA2AA131,건축보수,,,16397AAA0,건설공사비지수,59.41,2020＝100
200509,15397AA2AA131,건축보수,,,16397AAA0,건설공사비지수,59.42,2020＝100
200510,15397AA2AA131,건축보수,,,16397AAA0,건설공사비지수,59.37,2020＝100
200511,15397AA2AA131,건축보수,,,16397AAA0,건설공사비지수,59.36,2020＝100
200512,15397AA2AA131,건축보수,,,16397AAA0,건설공사비지수,59.34,2020＝100
200501,15397AA2AA2,토목건설,,,16397AAA0,건설공사비지수,58.98,2020＝100
200502,15397AA2AA2,토목건설,,,16397AAA0,건설공사비지수,59.04,2020＝100
200503,15397AA2AA2,토목건설,,,16397AAA0,건설공사비지수,59.18,2020＝100
200504,15397AA2AA2,토목건설,,,16397AAA0,건설공사비지수,59.39,2020＝100
200505,15397AA2AA2,토목건설,,,16397AAA0,건설공사비지수,59.29,2020＝100
200506,15397AA2AA2,토목건설,,,16397AAA0,건설공사비지수,59.15,2020＝100
200507,15397AA2AA2,토목건설,,,16397AAA0,건설공사비지수,59.27,2020＝100
200508,15397AA2AA2,토목건설,,,16397AAA0,건설공사비지수,59.24,2020＝100
200509,15397AA2AA2,토목건설,,,16397AAA0,건설공사비지수,59.36,2020＝100
200510,15397AA2AA2,토목건설,,,16397AAA0,건설공사비지수,59.38,2020＝100
200511,15397AA2AA2,토목건설,,,16397AAA0,건설공사비지수,59.23,2020＝100
200512,15397AA2AA2,토목건설,,,16397AAA0,건설공사비지수,59.36,2020＝100
200501,15397AA2AA21,교통시설건설,,,16397AAA0,건설공사비지수,58.8,2020＝100
200502,15397AA2AA21,교통시설건설,,,16397AAA0,건설공사비지수,58.86,2020＝100
200503,15397AA2AA21,교통시설건설,,,16397AAA0,건설공사비지수,59.04,2020＝100
200504,15397AA2AA21,교통시설건설,,,16397AAA0,건설공사비지수,59.22,2020＝100
200505,15397AA2AA21,교통시설건설,,,16397AAA0,건설공사비지수,59.09,2020＝100
200506,15397AA2AA21,교통시설건설,,,16397AAA0,건설공사비지수,58.9,2020＝100
200507,15397AA2AA21,교통시설건설,,,16397AAA0,건설공사비지수,58.96,2020＝100
200508,15397AA2AA21,교통시설건설,,,16397AAA0,건설공사비지수,58.89,2020＝100
200509,15397AA2AA21,교통시설건설,,,16397AAA0,건설공사비지수,58.98,2020＝100
200510,15397AA2AA21,교통시설건설,,,16397AAA0,건설공사비지수,59,2020＝100
200511,15397AA2AA21,교통시설건설,,,16397AAA0,건설공사비지수,58.79,2020＝100
200512,15397AA2AA21,교통시설건설,,,16397AAA0,건설공사비지수,58.97,2020＝100
200501,15397AA2AA211,도로시설,,,16397AAA0,건설공사비지수,58.01,2020＝100
200502,15397AA2AA211,도로시설,,,16397AAA0,건설공사비지수,58.09,2020＝100
200503,15397AA2AA211,도로시설,,,16397AAA0,건설공사비지수,58.24,2020＝100
200504,15397AA2AA211,도로시설,,,16397AAA0,건설공사비지수,58.45,2020＝100
200505,15397AA2AA211,도로시설,,,16397AAA0,건설공사비지수,58.33,2020＝100
200506,15397AA2AA211,도로시설,,,16397AAA0,건설공사비지수,58.23,2020＝100
200507,15397AA2AA211,도로시설,,,16397AAA0,건설공사비지수,58.37,2020＝100
200508,15397AA2AA211,도로시설,,,16397AAA0,건설공사비지수,58.3,2020＝100
200509,15397AA2AA211,도로시설,,,16397AAA0,건설공사비지수,58.43,2020＝100
200510,15397AA2AA211,도로시설,,,16397AAA0,건설공사비지수,58.47,2020＝100
200511,15397AA2AA211,도로시설,,,16397AAA0,건설공사비지수,58.3,2020＝100
200512,15397AA2AA211,도로시설,,,16397AAA0,건설공사비지수,58.59,2020＝100
200501,15397AA2AA212,철도시설,,,16397AAA0,건설공사비지수,60.89,2020＝100
200502,15397AA2AA212,철도시설,,,16397AAA0,건설공사비지수,60.89,2020＝100
200503,15397AA2AA212,철도시설,,,16397AAA0,건설공사비지수,61.15,2020＝100
200504,15397AA2AA212,철도시설,,,16397AAA0,건설공사비지수,61.24,2020＝100
200505,15397AA2AA212,철도시설,,,16397AAA0,건설공사비지수,61.09,2020＝100
200506,15397AA2AA212,철도시설,,,16397AAA0,건설공사비지수,60.64,2020＝100
200507,15397AA2AA212,철도시설,,,16397AAA0,건설공사비지수,60.43,2020＝100
200508,15397AA2AA212,철도시설,,,16397AAA0,건설공사비지수,60.34,2020＝100
200509,15397AA2AA212,철도시설,,,16397AAA0,건설공사비지수,60.32,2020＝100
200510,15397AA2AA212,철도시설,,,16397AAA0,건설공사비지수,60.3,2020＝100
200511,15397AA2AA212,철도시설,,,16397AAA0,건설공사비지수,60.18,2020＝100
200512,15397AA2AA212,철도시설,,,16397AAA0,건설공사비지수,60.11,2020＝100
200501,15397AA2AA213,항만시설,,,16397AAA0,건설공사비지수,57.77,2020＝100
200502,15397AA2AA213,항만시설,,,16397AAA0,건설공사비지수,57.86,2020＝100
200503,15397AA2AA213,항만시설,,,16397AAA0,건설공사비지수,58.01,2020＝100
200504,15397AA2AA213,항만시설,,,16397AAA0,건설공사비지수,58.2,2020＝100
200505,15397AA2AA213,항만시설,,,16397AAA0,건설공사비지수,58.03,2020＝100
200506,15397AA2AA213,항만시설,,,16397AAA0,건설공사비지수,57.98,2020＝100
200507,15397AA2AA213,항만시설,,,16397AAA0,건설공사비지수,58.26,2020＝100
200508,15397AA2AA213,항만시설,,,16397AAA0,건설공사비지수,58.24,2020＝100
200509,15397AA2AA213,항만시설,,,16397AAA0,건설공사비지수,58.38,2020＝100
200510,15397AA2AA213,항만시설,,,16397AAA0,건설공사비지수,58.35,2020＝100
200511,15397AA2AA213,항만시설,,,16397AAA0,건설공사비지수,57.7,2020＝100
200512,15397AA2AA213,항만시설,,,16397AAA0,건설공사비지수,57.72,2020＝100
200501,15397AA2AA22,일반토목시설건설,,,16397AAA0,건설공사비지수,59.08,2020＝100
200502,15397AA2AA22,일반토목시설건설,,,16397AAA0,건설공사비지수,59.11,2020＝100
200503,15397AA2AA22,일반토목시설건설,,,16397AAA0,건설공사비지수,59.29,2020＝100
200504,15397AA2AA22,일반토목시설건설,,,16397AAA0,건설공사비지수,59.62,2020＝100
200505,15397AA2AA22,일반토목시설건설,,,16397AAA0,건설공사비지수,59.48,2020＝100
200506,15397AA2AA22,일반토목시설건설,,,16397AAA0,건설공사비지수,59.36,2020＝100
200507,15397AA2AA22,일반토목시설건설,,,16397AAA0,건설공사비지수,59.5,2020＝100
200508,15397AA2AA22,일반토목시설건설,,,16397AAA0,건설공사비지수,59.45,2020＝100
200509,15397AA2AA22,일반토목시설건설,,,16397AAA0,건설공사비지수,59.51,2020＝100
200510,15397AA2AA22,일반토목시설건설,,,16397AAA0,건설공사비지수,59.52,2020＝100
200511,15397AA2AA22,일반토목시설건설,,,16397AAA0,건설공사비지수,59.2,2020＝100
200512,15397AA2AA22,일반토목시설건설,,,16397AAA0,건설공사비지수,59.34,2020＝100
200501,15397AA2AA221,하천사방,,,16397AAA0,건설공사비지수,58.57,2020＝100
200502,15397AA2AA221,하천사방,,,16397AAA0,건설공사비지수,58.58,2020＝100
200503,15397AA2AA221,하천사방,,,16397AAA0,건설공사비지수,58.72,2020＝100
200504,15397AA2AA221,하천사방,,,16397AAA0,건설공사비지수,58.82,2020＝100
200505,15397AA2AA221,하천사방,,,16397AAA0,건설공사비지수,58.7,2020＝100
200506,15397AA2AA221,하천사방,,,16397AAA0,건설공사비지수,58.64,2020＝100
200507,15397AA2AA221,하천사방,,,16397AAA0,건설공사비지수,58.7,2020＝100
200508,15397AA2AA221,하천사방,,,16397AAA0,건설공사비지수,58.65,2020＝100
200509,15397AA2AA221,하천사방,,,16397AAA0,건설공사비지수,58.7,2020＝100
200510,15397AA2AA221,하천사방,,,16397AAA0,건설공사비지수,58.68,2020＝100
200511,15397AA2AA221,하천사방,,,16397AAA0,건설공사비지수,58.47,2020＝100
200512,15397AA2AA221,하천사방,,,16397AAA0,건설공사비지수,58.47,2020＝100
200501,15397AA2AA222,상하수도시설,,,16397AAA0,건설공사비지수,59.6,2020＝100
200502,15397AA2AA222,상하수도시설,,,16397AAA0,건설공사비지수,59.63,2020＝100
200503,15397AA2AA222,상하수도시설,,,16397AAA0,건설공사비지수,59.75,2020＝100
200504,15397AA2AA222,상하수도시설,,,16397AAA0,건설공사비지수,60.48,2020＝100
200505,15397AA2AA222,상하수도시설,,,16397AAA0,건설공사비지수,60.39,2020＝100
200506,15397AA2AA222,상하수도시설,,,16397AAA0,건설공사비지수,60.12,2020＝100
200507,15397AA2AA222,상하수도시설,,,16397AAA0,건설공사비지수,60.28,2020＝100
200508,15397AA2AA222,상하수도시설,,,16397AAA0,건설공사비지수,60.25,2020＝100
200509,15397AA2AA222,상하수도시설,,,16397AAA0,건설공사비지수,60.26,2020＝100
200510,15397AA2AA222,상하수도시설,,,16397AAA0,건설공사비지수,60.2,2020＝100
200511,15397AA2AA222,상하수도시설,,,16397AAA0,건설공사비지수,59.59,2020＝100
200512,15397AA2AA222,상하수도시설,,,16397AAA0,건설공사비지수,59.41,2020＝100
200501,15397AA2AA223,농림수산토목,,,16397AAA0,건설공사비지수,56.16,2020＝100
200502,15397AA2AA223,농림수산토목,,,16397AAA0,건설공사비지수,56.34,2020＝100
200503,15397AA2AA223,농림수산토목,,,16397AAA0,건설공사비지수,56.66,2020＝100
200504,15397AA2AA223,농림수산토목,,,16397AAA0,건설공사비지수,56.78,2020＝100
200505,15397AA2AA223,농림수산토목,,,16397AAA0,건설공사비지수,56.56,2020＝100
200506,15397AA2AA223,농림수산토목,,,16397AAA0,건설공사비지수,56.67,2020＝100
200507,15397AA2AA223,농림수산토목,,,16397AAA0,건설공사비지수,56.99,2020＝100
200508,15397AA2AA223,농림수산토목,,,16397AAA0,건설공사비지수,56.95,2020＝100
200509,15397AA2AA223,농림수산토목,,,16397AAA0,건설공사비지수,57.06,2020＝100
200510,15397AA2AA223,농림수산토목,,,16397AAA0,건설공사비지수,57.11,2020＝100
200511,15397AA2AA223,농림수산토목,,,16397AAA0,건설공사비지수,56.84,2020＝100
200512,15397AA2AA223,농림수산토목,,,16397AAA0,건설공사비지수,56.75,2020＝100
200501,15397AA2AA224,도시토목,,,16397AAA0,건설공사비지수,59.26,2020＝100
200502,15397AA2AA224,도시토목,,,16397AAA0,건설공사비지수,59.29,2020＝100
200503,15397AA2AA224,도시토목,,,16397AAA0,건설공사비지수,59.47,2020＝100
200504,15397AA2AA224,도시토목,,,16397AAA0,건설공사비지수,59.77,2020＝100
200505,15397AA2AA224,도시토목,,,16397AAA0,건설공사비지수,59.61,2020＝100
200506,15397AA2AA224,도시토목,,,16397AAA0,건설공사비지수,59.5,2020＝100
200507,15397AA2AA224,도시토목,,,16397AAA0,건설공사비지수,59.66,2020＝100
200508,15397AA2AA224,도시토목,,,16397AAA0,건설공사비지수,59.6,2020＝100
200509,15397AA2AA224,도시토목,,,16397AAA0,건설공사비지수,59.67,2020＝100
200510,15397AA2AA224,도시토목,,,16397AAA0,건설공사비지수,59.72,2020＝100
200511,15397AA2AA224,도시토목,,,16397AAA0,건설공사비지수,59.47,2020＝100
200512,15397AA2AA224,도시토목,,,16397AAA0,건설공사비지수,59.9,2020＝100
200501,15397AA2AA23,산업시설건설,,,16397AAA0,건설공사비지수,58.79,2020＝100
200502,15397AA2AA23,산업시설건설,,,16397AAA0,건설공사비지수,58.88,2020＝100
200503,15397AA2AA23,산업시설건설,,,16397AAA0,건설공사비지수,58.95,2020＝100
200504,15397AA2AA23,산업시설건설,,,16397AAA0,건설공사비지수,59.09,2020＝100
200505,15397AA2AA23,산업시설건설,,,16397AAA0,건설공사비지수,59.06,2020＝100
200506,15397AA2AA23,산업시설건설,,,16397AAA0,건설공사비지수,59,2020＝100
200507,15397AA2AA23,산업시설건설,,,16397AAA0,건설공사비지수,59.17,2020＝100
200508,15397AA2AA23,산업시설건설,,,16397AAA0,건설공사비지수,59.26,2020＝100
200509,15397AA2AA23,산업시설건설,,,16397AAA0,건설공사비지수,59.48,2020＝100
200510,15397AA2AA23,산업시설건설,,,16397AAA0,건설공사비지수,59.55,2020＝100
200511,15397AA2AA23,산업시설건설,,,16397AAA0,건설공사비지수,59.7,2020＝100
200512,15397AA2AA23,산업시설건설,,,16397AAA0,건설공사비지수,59.83,2020＝100
200501,15397AA2AA231,환경정화시설,,,16397AAA0,건설공사비지수,58.06,2020＝100
200502,15397AA2AA231,환경정화시설,,,16397AAA0,건설공사비지수,58.1,2020＝100
200503,15397AA2AA231,환경정화시설,,,16397AAA0,건설공사비지수,58.13,2020＝100
200504,15397AA2AA231,환경정화시설,,,16397AAA0,건설공사비지수,58.18,2020＝100
200505,15397AA2AA231,환경정화시설,,,16397AAA0,건설공사비지수,58.16,2020＝100
200506,15397AA2AA231,환경정화시설,,,16397AAA0,건설공사비지수,57.95,2020＝100
200507,15397AA2AA231,환경정화시설,,,16397AAA0,건설공사비지수,57.89,2020＝100
200508,15397AA2AA231,환경정화시설,,,16397AAA0,건설공사비지수,57.89,2020＝100
200509,15397AA2AA231,환경정화시설,,,16397AAA0,건설공사비지수,57.93,2020＝100
200510,15397AA2AA231,환경정화시설,,,16397AAA0,건설공사비지수,57.92,2020＝100
200511,15397AA2AA231,환경정화시설,,,16397AAA0,건설공사비지수,57.84,2020＝100
200512,15397AA2AA231,환경정화시설,,,16397AAA0,건설공사비지수,57.89,2020＝100
200501,15397AA2AA232,발전소시설,,,16397AAA0,건설공사비지수,56.18,2020＝100
200502,15397AA2AA232,발전소시설,,,16397AAA0,건설공사비지수,56.48,2020＝100
200503,15397AA2AA232,발전소시설,,,16397AAA0,건설공사비지수,56.61,2020＝100
200504,15397AA2AA232,발전소시설,,,16397AAA0,건설공사비지수,56.69,2020＝100
200505,15397AA2AA232,발전소시설,,,16397AAA0,건설공사비지수,56.76,2020＝100
200506,15397AA2AA232,발전소시설,,,16397AAA0,건설공사비지수,57.03,2020＝100
200507,15397AA2AA232,발전소시설,,,16397AAA0,건설공사비지수,57.42,2020＝100
200508,15397AA2AA232,발전소시설,,,16397AAA0,건설공사비지수,57.73,2020＝100
200509,15397AA2AA232,발전소시설,,,16397AAA0,건설공사비지수,58.17,2020＝100
200510,15397AA2AA232,발전소시설,,,16397AAA0,건설공사비지수,58.32,2020＝100
200511,15397AA2AA232,발전소시설,,,16397AAA0,건설공사비지수,58.91,2020＝100
200512,15397AA2AA232,발전소시설,,,16397AAA0,건설공사비지수,59.51,2020＝100
200501,15397AA2AA234,산업플랜트,,,16397AAA0,건설공사비지수,57.98,2020＝100
200502,15397AA2AA234,산업플랜트,,,16397AAA0,건설공사비지수,58.03,2020＝100
200503,15397AA2AA234,산업플랜트,,,16397AAA0,건설공사비지수,58.09,2020＝100
200504,15397AA2AA234,산업플랜트,,,16397AAA0,건설공사비지수,58.33,2020＝100
200505,15397AA2AA234,산업플랜트,,,16397AAA0,건설공사비지수,58.33,2020＝100
200506,15397AA2AA234,산업플랜트,,,16397AAA0,건설공사비지수,58.09,2020＝100
200507,15397AA2AA234,산업플랜트,,,16397AAA0,건설공사비지수,58.09,2020＝100
200508,15397AA2AA234,산업플랜트,,,16397AAA0,건설공사비지수,58.1,2020＝100
200509,15397AA2AA234,산업플랜트,,,16397AAA0,건설공사비지수,58.19,2020＝100
200510,15397AA2AA234,산업플랜트,,,16397AAA0,건설공사비지수,58.22,2020＝100
200511,15397AA2AA234,산업플랜트,,,16397AAA0,건설공사비지수,58.09,2020＝100
200512,15397AA2AA234,산업플랜트,,,16397AAA0,건설공사비지수,58.09,2020＝100
200501,15397AA2AA24,기타건설,,,16397AAA0,건설공사비지수,59.14,2020＝100
200502,15397AA2AA24,기타건설,,,16397AAA0,건설공사비지수,59.17,2020＝100
200503,15397AA2AA24,기타건설,,,16397AAA0,건설공사비지수,59.28,2020＝100
200504,15397AA2AA24,기타건설,,,16397AAA0,건설공사비지수,59.35,2020＝100
200505,15397AA2AA24,기타건설,,,16397AAA0,건설공사비지수,59.19,2020＝100
200506,15397AA2AA24,기타건설,,,16397AAA0,건설공사비지수,58.92,2020＝100
200507,15397AA2AA24,기타건설,,,16397AAA0,건설공사비지수,58.92,2020＝100
200508,15397AA2AA24,기타건설,,,16397AAA0,건설공사비지수,58.85,2020＝100
200509,15397AA2AA24,기타건설,,,16397AAA0,건설공사비지수,58.87,2020＝100
200510,15397AA2AA24,기타건설,,,16397AAA0,건설공사비지수,58.76,2020＝100
200511,15397AA2AA24,기타건설,,,16397AAA0,건설공사비지수,58.62,2020＝100
200512,15397AA2AA24,기타건설,,,16397AAA0,건설공사비지수,58.49,2020＝100
200501,15397AA2AA241,기타건설,,,16397AAA0,건설공사비지수,59.14,2020＝100
200502,15397AA2AA241,기타건설,,,16397AAA0,건설공사비지수,59.17,2020＝100
200503,15397AA2AA241,기타건설,,,16397AAA0,건설공사비지수,59.28,2020＝100
200504,15397AA2AA241,기타건설,,,16397AAA0,건설공사비지수,59.35,2020＝100
200505,15397AA2AA241,기타건설,,,16397AAA0,건설공사비지수,59.19,2020＝100
200506,15397AA2AA241,기타건설,,,16397AAA0,건설공사비지수,58.92,2020＝100
200507,15397AA2AA241,기타건설,,,16397AAA0,건설공사비지수,58.92,2020＝100
200508,15397AA2AA241,기타건설,,,16397AAA0,건설공사비지수,58.85,2020＝100
200509,15397AA2AA241,기타건설,,,16397AAA0,건설공사비지수,58.87,2020＝100
200510,15397AA2AA241,기타건설,,,16397AAA0,건설공사비지수,58.76,2020＝100
200511,15397AA2AA241,기타건설,,,16397AAA0,건설공사비지수,58.62,2020＝100
200512,15397AA2AA241,기타건설,,,16397AAA0,건설공사비지수,58.49,2020＝100
200601,15397AA2AA,건설,,,16397AAA0,건설공사비지수,59.83,2020＝100
200602,15397AA2AA,건설,,,16397AAA0,건설공사비지수,59.8,2020＝100
200603,15397AA2AA,건설,,,16397AAA0,건설공사비지수,59.85,2020＝100
200604,15397AA2AA,건설,,,16397AAA0,건설공사비지수,60.06,2020＝100
200605,15397AA2AA,건설,,,16397AAA0,건설공사비지수,60.35,2020＝100
200606,15397AA2AA,건설,,,16397AAA0,건설공사비지수,60.55,2020＝100
200607,15397AA2AA,건설,,,16397AAA0,건설공사비지수,60.54,2020＝100
200608,15397AA2AA,건설,,,16397AAA0,건설공사비지수,60.55,2020＝100
200609,15397AA2AA,건설,,,16397AAA0,건설공사비지수,61.03,2020＝100
200610,15397AA2AA,건설,,,16397AAA0,건설공사비지수,61.02,2020＝100
200611,15397AA2AA,건설,,,16397AAA0,건설공사비지수,61.01,2020＝100
200612,15397AA2AA,건설,,,16397AAA0,건설공사비지수,60.89,2020＝100
200601,15397AA2AA1,건물건설 및 건축보수,,,16397AAA0,건설공사비지수,59.93,2020＝100
200602,15397AA2AA1,건물건설 및 건축보수,,,16397AAA0,건설공사비지수,59.92,2020＝100
200603,15397AA2AA1,건물건설 및 건축보수,,,16397AAA0,건설공사비지수,59.93,2020＝100
200604,15397AA2AA1,건물건설 및 건축보수,,,16397AAA0,건설공사비지수,60.05,2020＝100
200605,15397AA2AA1,건물건설 및 건축보수,,,16397AAA0,건설공사비지수,60.29,2020＝100
200606,15397AA2AA1,건물건설 및 건축보수,,,16397AAA0,건설공사비지수,60.44,2020＝100
200607,15397AA2AA1,건물건설 및 건축보수,,,16397AAA0,건설공사비지수,60.39,2020＝100
200608,15397AA2AA1,건물건설 및 건축보수,,,16397AAA0,건설공사비지수,60.37,2020＝100
200609,15397AA2AA1,건물건설 및 건축보수,,,16397AAA0,건설공사비지수,60.81,2020＝100
200610,15397AA2AA1,건물건설 및 건축보수,,,16397AAA0,건설공사비지수,60.85,2020＝100
200611,15397AA2AA1,건물건설 및 건축보수,,,16397AAA0,건설공사비지수,60.83,2020＝100
200612,15397AA2AA1,건물건설 및 건축보수,,,16397AAA0,건설공사비지수,60.71,2020＝100
200601,15397AA2AA11,주거용건물,,,16397AAA0,건설공사비지수,59.87,2020＝100
200602,15397AA2AA11,주거용건물,,,16397AAA0,건설공사비지수,59.83,2020＝100
200603,15397AA2AA11,주거용건물,,,16397AAA0,건설공사비지수,59.84,2020＝100
200604,15397AA2AA11,주거용건물,,,16397AAA0,건설공사비지수,59.9,2020＝100
200605,15397AA2AA11,주거용건물,,,16397AAA0,건설공사비지수,60.07,2020＝100
200606,15397AA2AA11,주거용건물,,,16397AAA0,건설공사비지수,60.26,2020＝100
200607,15397AA2AA11,주거용건물,,,16397AAA0,건설공사비지수,60.18,2020＝100
200608,15397AA2AA11,주거용건물,,,16397AAA0,건설공사비지수,60.14,2020＝100
200609,15397AA2AA11,주거용건물,,,16397AAA0,건설공사비지수,60.54,2020＝100
200610,15397AA2AA11,주거용건물,,,16397AAA0,건설공사비지수,60.54,2020＝100
200611,15397AA2AA11,주거용건물,,,16397AAA0,건설공사비지수,60.5,2020＝100
200612,15397AA2AA11,주거용건물,,,16397AAA0,건설공사비지수,60.33,2020＝100
200601,15397AA2AA111,주거용건물,,,16397AAA0,건설공사비지수,59.87,2020＝100
200602,15397AA2AA111,주거용건물,,,16397AAA0,건설공사비지수,59.83,2020＝100
200603,15397AA2AA111,주거용건물,,,16397AAA0,건설공사비지수,59.84,2020＝100
200604,15397AA2AA111,주거용건물,,,16397AAA0,건설공사비지수,59.9,2020＝100
200605,15397AA2AA111,주거용건물,,,16397AAA0,건설공사비지수,60.07,2020＝100
200606,15397AA2AA111,주거용건물,,,16397AAA0,건설공사비지수,60.26,2020＝100
200607,15397AA2AA111,주거용건물,,,16397AAA0,건설공사비지수,60.18,2020＝100
200608,15397AA2AA111,주거용건물,,,16397AAA0,건설공사비지수,60.14,2020＝100
200609,15397AA2AA111,주거용건물,,,16397AAA0,건설공사비지수,60.54,2020＝100
200610,15397AA2AA111,주거용건물,,,16397AAA0,건설공사비지수,60.54,2020＝100
200611,15397AA2AA111,주거용건물,,,16397AAA0,건설공사비지수,60.5,2020＝100
200612,15397AA2AA111,주거용건물,,,16397AAA0,건설공사비지수,60.33,2020＝100
200601,15397AA2AA12,비주거용건물,,,16397AAA0,건설공사비지수,60.1,2020＝100
200602,15397AA2AA12,비주거용건물,,,16397AAA0,건설공사비지수,60.08,2020＝100
200603,15397AA2AA12,비주거용건물,,,16397AAA0,건설공사비지수,60.11,2020＝100
200604,15397AA2AA12,비주거용건물,,,16397AAA0,건설공사비지수,60.3,2020＝100
200605,15397AA2AA12,비주거용건물,,,16397AAA0,건설공사비지수,60.6,2020＝100
200606,15397AA2AA12,비주거용건물,,,16397AAA0,건설공사비지수,60.73,2020＝100
200607,15397AA2AA12,비주거용건물,,,16397AAA0,건설공사비지수,60.7,2020＝100
200608,15397AA2AA12,비주거용건물,,,16397AAA0,건설공사비지수,60.68,2020＝100
200609,15397AA2AA12,비주거용건물,,,16397AAA0,건설공사비지수,61.17,2020＝100
200610,15397AA2AA12,비주거용건물,,,16397AAA0,건설공사비지수,61.19,2020＝100
200611,15397AA2AA12,비주거용건물,,,16397AAA0,건설공사비지수,61.18,2020＝100
200612,15397AA2AA12,비주거용건물,,,16397AAA0,건설공사비지수,61.08,2020＝100
200601,15397AA2AA121,비주거용건물,,,16397AAA0,건설공사비지수,60.1,2020＝100
200602,15397AA2AA121,비주거용건물,,,16397AAA0,건설공사비지수,60.08,2020＝100
200603,15397AA2AA121,비주거용건물,,,16397AAA0,건설공사비지수,60.11,2020＝100
200604,15397AA2AA121,비주거용건물,,,16397AAA0,건설공사비지수,60.3,2020＝100
200605,15397AA2AA121,비주거용건물,,,16397AAA0,건설공사비지수,60.6,2020＝100
200606,15397AA2AA121,비주거용건물,,,16397AAA0,건설공사비지수,60.73,2020＝100
200607,15397AA2AA121,비주거용건물,,,16397AAA0,건설공사비지수,60.7,2020＝100
200608,15397AA2AA121,비주거용건물,,,16397AAA0,건설공사비지수,60.68,2020＝100
200609,15397AA2AA121,비주거용건물,,,16397AAA0,건설공사비지수,61.17,2020＝100
200610,15397AA2AA121,비주거용건물,,,16397AAA0,건설공사비지수,61.19,2020＝100
200611,15397AA2AA121,비주거용건물,,,16397AAA0,건설공사비지수,61.18,2020＝100
200612,15397AA2AA121,비주거용건물,,,16397AAA0,건설공사비지수,61.08,2020＝100
200601,15397AA2AA13,건축보수,,,16397AAA0,건설공사비지수,59.83,2020＝100
200602,15397AA2AA13,건축보수,,,16397AAA0,건설공사비지수,59.89,2020＝100
200603,15397AA2AA13,건축보수,,,16397AAA0,건설공사비지수,59.91,2020＝100
200604,15397AA2AA13,건축보수,,,16397AAA0,건설공사비지수,59.91,2020＝100
200605,15397AA2AA13,건축보수,,,16397AAA0,건설공사비지수,60.03,2020＝100
200606,15397AA2AA13,건축보수,,,16397AAA0,건설공사비지수,60.08,2020＝100
200607,15397AA2AA13,건축보수,,,16397AAA0,건설공사비지수,60.1,2020＝100
200608,15397AA2AA13,건축보수,,,16397AAA0,건설공사비지수,60.12,2020＝100
200609,15397AA2AA13,건축보수,,,16397AAA0,건설공사비지수,60.5,2020＝100
200610,15397AA2AA13,건축보수,,,16397AAA0,건설공사비지수,60.6,2020＝100
200611,15397AA2AA13,건축보수,,,16397AAA0,건설공사비지수,60.63,2020＝100
200612,15397AA2AA13,건축보수,,,16397AAA0,건설공사비지수,60.59,2020＝100
200601,15397AA2AA131,건축보수,,,16397AAA0,건설공사비지수,59.83,2020＝100
200602,15397AA2AA131,건축보수,,,16397AAA0,건설공사비지수,59.89,2020＝100
200603,15397AA2AA131,건축보수,,,16397AAA0,건설공사비지수,59.91,2020＝100
200604,15397AA2AA131,건축보수,,,16397AAA0,건설공사비지수,59.91,2020＝100
200605,15397AA2AA131,건축보수,,,16397AAA0,건설공사비지수,60.03,2020＝100
200606,15397AA2AA131,건축보수,,,16397AAA0,건설공사비지수,60.08,2020＝100
200607,15397AA2AA131,건축보수,,,16397AAA0,건설공사비지수,60.1,2020＝100
200608,15397AA2AA131,건축보수,,,16397AAA0,건설공사비지수,60.12,2020＝100
200609,15397AA2AA131,건축보수,,,16397AAA0,건설공사비지수,60.5,2020＝100
200610,15397AA2AA131,건축보수,,,16397AAA0,건설공사비지수,60.6,2020＝100
200611,15397AA2AA131,건축보수,,,16397AAA0,건설공사비지수,60.63,2020＝100
200612,15397AA2AA131,건축보수,,,16397AAA0,건설공사비지수,60.59,2020＝100
200601,15397AA2AA2,토목건설,,,16397AAA0,건설공사비지수,59.86,2020＝100
200602,15397AA2AA2,토목건설,,,16397AAA0,건설공사비지수,59.83,2020＝100
200603,15397AA2AA2,토목건설,,,16397AAA0,건설공사비지수,59.92,2020＝100
200604,15397AA2AA2,토목건설,,,16397AAA0,건설공사비지수,60.26,2020＝100
200605,15397AA2AA2,토목건설,,,16397AAA0,건설공사비지수,60.63,2020＝100
200606,15397AA2AA2,토목건설,,,16397AAA0,건설공사비지수,60.91,2020＝100
200607,15397AA2AA2,토목건설,,,16397AAA0,건설공사비지수,60.94,2020＝100
200608,15397AA2AA2,토목건설,,,16397AAA0,건설공사비지수,60.99,2020＝100
200609,15397AA2AA2,토목건설,,,16397AAA0,건설공사비지수,61.56,2020＝100
200610,15397AA2AA2,토목건설,,,16397AAA0,건설공사비지수,61.5,2020＝100
200611,15397AA2AA2,토목건설,,,16397AAA0,건설공사비지수,61.45,2020＝100
200612,15397AA2AA2,토목건설,,,16397AAA0,건설공사비지수,61.37,2020＝100
200601,15397AA2AA21,교통시설건설,,,16397AAA0,건설공사비지수,59.59,2020＝100
200602,15397AA2AA21,교통시설건설,,,16397AAA0,건설공사비지수,59.52,2020＝100
200603,15397AA2AA21,교통시설건설,,,16397AAA0,건설공사비지수,59.62,2020＝100
200604,15397AA2AA21,교통시설건설,,,16397AAA0,건설공사비지수,59.82,2020＝100
200605,15397AA2AA21,교통시설건설,,,16397AAA0,건설공사비지수,60.02,2020＝100
200606,15397AA2AA21,교통시설건설,,,16397AAA0,건설공사비지수,60.28,2020＝100
200607,15397AA2AA21,교통시설건설,,,16397AAA0,건설공사비지수,60.32,2020＝100
200608,15397AA2AA21,교통시설건설,,,16397AAA0,건설공사비지수,60.25,2020＝100
200609,15397AA2AA21,교통시설건설,,,16397AAA0,건설공사비지수,60.65,2020＝100
200610,15397AA2AA21,교통시설건설,,,16397AAA0,건설공사비지수,60.54,2020＝100
200611,15397AA2AA21,교통시설건설,,,16397AAA0,건설공사비지수,60.51,2020＝100
200612,15397AA2AA21,교통시설건설,,,16397AAA0,건설공사비지수,60.43,2020＝100
200601,15397AA2AA211,도로시설,,,16397AAA0,건설공사비지수,59.3,2020＝100
200602,15397AA2AA211,도로시설,,,16397AAA0,건설공사비지수,59.25,2020＝100
200603,15397AA2AA211,도로시설,,,16397AAA0,건설공사비지수,59.37,2020＝100
200604,15397AA2AA211,도로시설,,,16397AAA0,건설공사비지수,59.62,2020＝100
200605,15397AA2AA211,도로시설,,,16397AAA0,건설공사비지수,59.86,2020＝100
200606,15397AA2AA211,도로시설,,,16397AAA0,건설공사비지수,60.17,2020＝100
200607,15397AA2AA211,도로시설,,,16397AAA0,건설공사비지수,60.22,2020＝100
200608,15397AA2AA211,도로시설,,,16397AAA0,건설공사비지수,60.16,2020＝100
200609,15397AA2AA211,도로시설,,,16397AAA0,건설공사비지수,60.6,2020＝100
200610,15397AA2AA211,도로시설,,,16397AAA0,건설공사비지수,60.47,2020＝100
200611,15397AA2AA211,도로시설,,,16397AAA0,건설공사비지수,60.43,2020＝100
200612,15397AA2AA211,도로시설,,,16397AAA0,건설공사비지수,60.36,2020＝100
200601,15397AA2AA212,철도시설,,,16397AAA0,건설공사비지수,60.45,2020＝100
200602,15397AA2AA212,철도시설,,,16397AAA0,건설공사비지수,60.32,2020＝100
200603,15397AA2AA212,철도시설,,,16397AAA0,건설공사비지수,60.37,2020＝100
200604,15397AA2AA212,철도시설,,,16397AAA0,건설공사비지수,60.5,2020＝100
200605,15397AA2AA212,철도시설,,,16397AAA0,건설공사비지수,60.61,2020＝100
200606,15397AA2AA212,철도시설,,,16397AAA0,건설공사비지수,60.77,2020＝100
200607,15397AA2AA212,철도시설,,,16397AAA0,건설공사비지수,60.77,2020＝100
200608,15397AA2AA212,철도시설,,,16397AAA0,건설공사비지수,60.65,2020＝100
200609,15397AA2AA212,철도시설,,,16397AAA0,건설공사비지수,60.99,2020＝100
200610,15397AA2AA212,철도시설,,,16397AAA0,건설공사비지수,60.95,2020＝100
200611,15397AA2AA212,철도시설,,,16397AAA0,건설공사비지수,60.88,2020＝100
200612,15397AA2AA212,철도시설,,,16397AAA0,건설공사비지수,60.77,2020＝100
200601,15397AA2AA213,항만시설,,,16397AAA0,건설공사비지수,58.51,2020＝100
200602,15397AA2AA213,항만시설,,,16397AAA0,건설공사비지수,58.47,2020＝100
200603,15397AA2AA213,항만시설,,,16397AAA0,건설공사비지수,58.49,2020＝100
200604,15397AA2AA213,항만시설,,,16397AAA0,건설공사비지수,58.67,2020＝100
200605,15397AA2AA213,항만시설,,,16397AAA0,건설공사비지수,58.75,2020＝100
200606,15397AA2AA213,항만시설,,,16397AAA0,건설공사비지수,58.82,2020＝100
200607,15397AA2AA213,항만시설,,,16397AAA0,건설공사비지수,58.98,2020＝100
200608,15397AA2AA213,항만시설,,,16397AAA0,건설공사비지수,58.97,2020＝100
200609,15397AA2AA213,항만시설,,,16397AAA0,건설공사비지수,59.26,2020＝100
200610,15397AA2AA213,항만시설,,,16397AAA0,건설공사비지수,59.05,2020＝100
200611,15397AA2AA213,항만시설,,,16397AAA0,건설공사비지수,59.27,2020＝100
200612,15397AA2AA213,항만시설,,,16397AAA0,건설공사비지수,59.22,2020＝100
200601,15397AA2AA22,일반토목시설건설,,,16397AAA0,건설공사비지수,59.82,2020＝100
200602,15397AA2AA22,일반토목시설건설,,,16397AAA0,건설공사비지수,59.8,2020＝100
200603,15397AA2AA22,일반토목시설건설,,,16397AAA0,건설공사비지수,59.88,2020＝100
200604,15397AA2AA22,일반토목시설건설,,,16397AAA0,건설공사비지수,59.99,2020＝100
200605,15397AA2AA22,일반토목시설건설,,,16397AAA0,건설공사비지수,59.99,2020＝100
200606,15397AA2AA22,일반토목시설건설,,,16397AAA0,건설공사비지수,60.4,2020＝100
200607,15397AA2AA22,일반토목시설건설,,,16397AAA0,건설공사비지수,60.53,2020＝100
200608,15397AA2AA22,일반토목시설건설,,,16397AAA0,건설공사비지수,60.63,2020＝100
200609,15397AA2AA22,일반토목시설건설,,,16397AAA0,건설공사비지수,60.96,2020＝100
200610,15397AA2AA22,일반토목시설건설,,,16397AAA0,건설공사비지수,60.83,2020＝100
200611,15397AA2AA22,일반토목시설건설,,,16397AAA0,건설공사비지수,60.78,2020＝100
200612,15397AA2AA22,일반토목시설건설,,,16397AAA0,건설공사비지수,60.73,2020＝100
200601,15397AA2AA221,하천사방,,,16397AAA0,건설공사비지수,59.15,2020＝100
200602,15397AA2AA221,하천사방,,,16397AAA0,건설공사비지수,59.14,2020＝100
200603,15397AA2AA221,하천사방,,,16397AAA0,건설공사비지수,59.21,2020＝100
200604,15397AA2AA221,하천사방,,,16397AAA0,건설공사비지수,59.23,2020＝100
200605,15397AA2AA221,하천사방,,,16397AAA0,건설공사비지수,59.2,2020＝100
200606,15397AA2AA221,하천사방,,,16397AAA0,건설공사비지수,59.29,2020＝100
200607,15397AA2AA221,하천사방,,,16397AAA0,건설공사비지수,59.39,2020＝100
200608,15397AA2AA221,하천사방,,,16397AAA0,건설공사비지수,59.37,2020＝100
200609,15397AA2AA221,하천사방,,,16397AAA0,건설공사비지수,59.72,2020＝100
200610,15397AA2AA221,하천사방,,,16397AAA0,건설공사비지수,59.55,2020＝100
200611,15397AA2AA221,하천사방,,,16397AAA0,건설공사비지수,59.47,2020＝100
200612,15397AA2AA221,하천사방,,,16397AAA0,건설공사비지수,59.36,2020＝100
200601,15397AA2AA222,상하수도시설,,,16397AAA0,건설공사비지수,59.27,2020＝100
200602,15397AA2AA222,상하수도시설,,,16397AAA0,건설공사비지수,59.32,2020＝100
200603,15397AA2AA222,상하수도시설,,,16397AAA0,건설공사비지수,59.38,2020＝100
200604,15397AA2AA222,상하수도시설,,,16397AAA0,건설공사비지수,59.51,2020＝100
200605,15397AA2AA222,상하수도시설,,,16397AAA0,건설공사비지수,59.51,2020＝100
200606,15397AA2AA222,상하수도시설,,,16397AAA0,건설공사비지수,60.23,2020＝100
200607,15397AA2AA222,상하수도시설,,,16397AAA0,건설공사비지수,60.38,2020＝100
200608,15397AA2AA222,상하수도시설,,,16397AAA0,건설공사비지수,60.87,2020＝100
200609,15397AA2AA222,상하수도시설,,,16397AAA0,건설공사비지수,61.27,2020＝100
200610,15397AA2AA222,상하수도시설,,,16397AAA0,건설공사비지수,61.22,2020＝100
200611,15397AA2AA222,상하수도시설,,,16397AAA0,건설공사비지수,61.2,2020＝100
200612,15397AA2AA222,상하수도시설,,,16397AAA0,건설공사비지수,61.21,2020＝100
200601,15397AA2AA223,농림수산토목,,,16397AAA0,건설공사비지수,57.45,2020＝100
200602,15397AA2AA223,농림수산토목,,,16397AAA0,건설공사비지수,57.35,2020＝100
200603,15397AA2AA223,농림수산토목,,,16397AAA0,건설공사비지수,57.48,2020＝100
200604,15397AA2AA223,농림수산토목,,,16397AAA0,건설공사비지수,57.69,2020＝100
200605,15397AA2AA223,농림수산토목,,,16397AAA0,건설공사비지수,57.78,2020＝100
200606,15397AA2AA223,농림수산토목,,,16397AAA0,건설공사비지수,57.82,2020＝100
200607,15397AA2AA223,농림수산토목,,,16397AAA0,건설공사비지수,58.05,2020＝100
200608,15397AA2AA223,농림수산토목,,,16397AAA0,건설공사비지수,58.07,2020＝100
200609,15397AA2AA223,농림수산토목,,,16397AAA0,건설공사비지수,58.36,2020＝100
200610,15397AA2AA223,농림수산토목,,,16397AAA0,건설공사비지수,58.18,2020＝100
200611,15397AA2AA223,농림수산토목,,,16397AAA0,건설공사비지수,58.13,2020＝100
200612,15397AA2AA223,농림수산토목,,,16397AAA0,건설공사비지수,58.15,2020＝100
200601,15397AA2AA224,도시토목,,,16397AAA0,건설공사비지수,60.54,2020＝100
200602,15397AA2AA224,도시토목,,,16397AAA0,건설공사비지수,60.49,2020＝100
200603,15397AA2AA224,도시토목,,,16397AAA0,건설공사비지수,60.59,2020＝100
200604,15397AA2AA224,도시토목,,,16397AAA0,건설공사비지수,60.7,2020＝100
200605,15397AA2AA224,도시토목,,,16397AAA0,건설공사비지수,60.71,2020＝100
200606,15397AA2AA224,도시토목,,,16397AAA0,건설공사비지수,61.2,2020＝100
200607,15397AA2AA224,도시토목,,,16397AAA0,건설공사비지수,61.32,2020＝100
200608,15397AA2AA224,도시토목,,,16397AAA0,건설공사비지수,61.3,2020＝100
200609,15397AA2AA224,도시토목,,,16397AAA0,건설공사비지수,61.6,2020＝100
200610,15397AA2AA224,도시토목,,,16397AAA0,건설공사비지수,61.44,2020＝100
200611,15397AA2AA224,도시토목,,,16397AAA0,건설공사비지수,61.39,2020＝100
200612,15397AA2AA224,도시토목,,,16397AAA0,건설공사비지수,61.36,2020＝100
200601,15397AA2AA23,산업시설건설,,,16397AAA0,건설공사비지수,60.22,2020＝100
200602,15397AA2AA23,산업시설건설,,,16397AAA0,건설공사비지수,60.22,2020＝100
200603,15397AA2AA23,산업시설건설,,,16397AAA0,건설공사비지수,60.31,2020＝100
200604,15397AA2AA23,산업시설건설,,,16397AAA0,건설공사비지수,61.14,2020＝100
200605,15397AA2AA23,산업시설건설,,,16397AAA0,건설공사비지수,62.24,2020＝100
200606,15397AA2AA23,산업시설건설,,,16397AAA0,건설공사비지수,62.43,2020＝100
200607,15397AA2AA23,산업시설건설,,,16397AAA0,건설공사비지수,62.28,2020＝100
200608,15397AA2AA23,산업시설건설,,,16397AAA0,건설공사비지수,62.44,2020＝100
200609,15397AA2AA23,산업시설건설,,,16397AAA0,건설공사비지수,63.53,2020＝100
200610,15397AA2AA23,산업시설건설,,,16397AAA0,건설공사비지수,63.59,2020＝100
200611,15397AA2AA23,산업시설건설,,,16397AAA0,건설공사비지수,63.55,2020＝100
200612,15397AA2AA23,산업시설건설,,,16397AAA0,건설공사비지수,63.32,2020＝100
200601,15397AA2AA231,환경정화시설,,,16397AAA0,건설공사비지수,58.33,2020＝100
200602,15397AA2AA231,환경정화시설,,,16397AAA0,건설공사비지수,58.32,2020＝100
200603,15397AA2AA231,환경정화시설,,,16397AAA0,건설공사비지수,58.39,2020＝100
200604,15397AA2AA231,환경정화시설,,,16397AAA0,건설공사비지수,58.47,2020＝100
200605,15397AA2AA231,환경정화시설,,,16397AAA0,건설공사비지수,58.59,2020＝100
200606,15397AA2AA231,환경정화시설,,,16397AAA0,건설공사비지수,58.7,2020＝100
200607,15397AA2AA231,환경정화시설,,,16397AAA0,건설공사비지수,58.74,2020＝100
200608,15397AA2AA231,환경정화시설,,,16397AAA0,건설공사비지수,58.76,2020＝100
200609,15397AA2AA231,환경정화시설,,,16397AAA0,건설공사비지수,59.2,2020＝100
200610,15397AA2AA231,환경정화시설,,,16397AAA0,건설공사비지수,59.25,2020＝100
200611,15397AA2AA231,환경정화시설,,,16397AAA0,건설공사비지수,59.26,2020＝100
200612,15397AA2AA231,환경정화시설,,,16397AAA0,건설공사비지수,59.19,2020＝100
200601,15397AA2AA232,발전소시설,,,16397AAA0,건설공사비지수,60.12,2020＝100
200602,15397AA2AA232,발전소시설,,,16397AAA0,건설공사비지수,60.15,2020＝100
200603,15397AA2AA232,발전소시설,,,16397AAA0,건설공사비지수,60.3,2020＝100
200604,15397AA2AA232,발전소시설,,,16397AAA0,건설공사비지수,62.19,2020＝100
200605,15397AA2AA232,발전소시설,,,16397AAA0,건설공사비지수,64.7,2020＝100
200606,15397AA2AA232,발전소시설,,,16397AAA0,건설공사비지수,64.95,2020＝100
200607,15397AA2AA232,발전소시설,,,16397AAA0,건설공사비지수,64.61,2020＝100
200608,15397AA2AA232,발전소시설,,,16397AAA0,건설공사비지수,64.74,2020＝100
200609,15397AA2AA232,발전소시설,,,16397AAA0,건설공사비지수,66.66,2020＝100
200610,15397AA2AA232,발전소시설,,,16397AAA0,건설공사비지수,66.83,2020＝100
200611,15397AA2AA232,발전소시설,,,16397AAA0,건설공사비지수,66.74,2020＝100
200612,15397AA2AA232,발전소시설,,,16397AAA0,건설공사비지수,66.28,2020＝100
200601,15397AA2AA234,산업플랜트,,,16397AAA0,건설공사비지수,58.37,2020＝100
200602,15397AA2AA234,산업플랜트,,,16397AAA0,건설공사비지수,58.39,2020＝100
200603,15397AA2AA234,산업플랜트,,,16397AAA0,건설공사비지수,58.5,2020＝100
200604,15397AA2AA234,산업플랜트,,,16397AAA0,건설공사비지수,58.66,2020＝100
200605,15397AA2AA234,산업플랜트,,,16397AAA0,건설공사비지수,58.84,2020＝100
200606,15397AA2AA234,산업플랜트,,,16397AAA0,건설공사비지수,59.05,2020＝100
200607,15397AA2AA234,산업플랜트,,,16397AAA0,건설공사비지수,59.04,2020＝100
200608,15397AA2AA234,산업플랜트,,,16397AAA0,건설공사비지수,59.2,2020＝100
200609,15397AA2AA234,산업플랜트,,,16397AAA0,건설공사비지수,59.74,2020＝100
200610,15397AA2AA234,산업플랜트,,,16397AAA0,건설공사비지수,59.76,2020＝100
200611,15397AA2AA234,산업플랜트,,,16397AAA0,건설공사비지수,59.77,2020＝100
200612,15397AA2AA234,산업플랜트,,,16397AAA0,건설공사비지수,59.72,2020＝100
200601,15397AA2AA24,기타건설,,,16397AAA0,건설공사비지수,58.96,2020＝100
200602,15397AA2AA24,기타건설,,,16397AAA0,건설공사비지수,58.92,2020＝100
200603,15397AA2AA24,기타건설,,,16397AAA0,건설공사비지수,58.99,2020＝100
200604,15397AA2AA24,기타건설,,,16397AAA0,건설공사비지수,59.11,2020＝100
200605,15397AA2AA24,기타건설,,,16397AAA0,건설공사비지수,59.19,2020＝100
200606,15397AA2AA24,기타건설,,,16397AAA0,건설공사비지수,59.4,2020＝100
200607,15397AA2AA24,기타건설,,,16397AAA0,건설공사비지수,59.53,2020＝100
200608,15397AA2AA24,기타건설,,,16397AAA0,건설공사비지수,59.59,2020＝100
200609,15397AA2AA24,기타건설,,,16397AAA0,건설공사비지수,59.95,2020＝100
200610,15397AA2AA24,기타건설,,,16397AAA0,건설공사비지수,59.94,2020＝100
200611,15397AA2AA24,기타건설,,,16397AAA0,건설공사비지수,60,2020＝100
200612,15397AA2AA24,기타건설,,,16397AAA0,건설공사비지수,60.05,2020＝100
200601,15397AA2AA241,기타건설,,,16397AAA0,건설공사비지수,58.96,2020＝100
200602,15397AA2AA241,기타건설,,,16397AAA0,건설공사비지수,58.92,2020＝100
200603,15397AA2AA241,기타건설,,,16397AAA0,건설공사비지수,58.99,2020＝100
200604,15397AA2AA241,기타건설,,,16397AAA0,건설공사비지수,59.11,2020＝100
200605,15397AA2AA241,기타건설,,,16397AAA0,건설공사비지수,59.19,2020＝100
200606,15397AA2AA241,기타건설,,,16397AAA0,건설공사비지수,59.4,2020＝100
200607,15397AA2AA241,기타건설,,,16397AAA0,건설공사비지수,59.53,2020＝100
200608,15397AA2AA241,기타건설,,,16397AAA0,건설공사비지수,59.59,2020＝100
200609,15397AA2AA241,기타건설,,,16397AAA0,건설공사비지수,59.95,2020＝100
200610,15397AA2AA241,기타건설,,,16397AAA0,건설공사비지수,59.94,2020＝100
200611,15397AA2AA241,기타건설,,,16397AAA0,건설공사비지수,60,2020＝100
200612,15397AA2AA241,기타건설,,,16397AAA0,건설공사비지수,60.05,2020＝100
200701,15397AA2AA,건설,,,16397AAA0,건설공사비지수,61.22,2020＝100
200702,15397AA2AA,건설,,,16397AAA0,건설공사비지수,61.24,2020＝100
200703,15397AA2AA,건설,,,16397AAA0,건설공사비지수,61.38,2020＝100
200704,15397AA2AA,건설,,,16397AAA0,건설공사비지수,61.84,2020＝100
200705,15397AA2AA,건설,,,16397AAA0,건설공사비지수,62,2020＝100
200706,15397AA2AA,건설,,,16397AAA0,건설공사비지수,62.05,2020＝100
200707,15397AA2AA,건설,,,16397AAA0,건설공사비지수,62.06,2020＝100
200708,15397AA2AA,건설,,,16397AAA0,건설공사비지수,62.33,2020＝100
200709,15397AA2AA,건설,,,16397AAA0,건설공사비지수,63.06,2020＝100
200710,15397AA2AA,건설,,,16397AAA0,건설공사비지수,63.21,2020＝100
200711,15397AA2AA,건설,,,16397AAA0,건설공사비지수,63.33,2020＝100
200712,15397AA2AA,건설,,,16397AAA0,건설공사비지수,63.35,2020＝100
200701,15397AA2AA1,건물건설 및 건축보수,,,16397AAA0,건설공사비지수,61.06,2020＝100
200702,15397AA2AA1,건물건설 및 건축보수,,,16397AAA0,건설공사비지수,61.08,2020＝100
200703,15397AA2AA1,건물건설 및 건축보수,,,16397AAA0,건설공사비지수,61.23,2020＝100
200704,15397AA2AA1,건물건설 및 건축보수,,,16397AAA0,건설공사비지수,61.64,2020＝100
200705,15397AA2AA1,건물건설 및 건축보수,,,16397AAA0,건설공사비지수,61.77,2020＝100
200706,15397AA2AA1,건물건설 및 건축보수,,,16397AAA0,건설공사비지수,61.83,2020＝100
200707,15397AA2AA1,건물건설 및 건축보수,,,16397AAA0,건설공사비지수,61.81,2020＝100
200708,15397AA2AA1,건물건설 및 건축보수,,,16397AAA0,건설공사비지수,62.07,2020＝100
200709,15397AA2AA1,건물건설 및 건축보수,,,16397AAA0,건설공사비지수,62.75,2020＝100
200710,15397AA2AA1,건물건설 및 건축보수,,,16397AAA0,건설공사비지수,62.85,2020＝100
200711,15397AA2AA1,건물건설 및 건축보수,,,16397AAA0,건설공사비지수,62.94,2020＝100
200712,15397AA2AA1,건물건설 및 건축보수,,,16397AAA0,건설공사비지수,62.95,2020＝100
200701,15397AA2AA11,주거용건물,,,16397AAA0,건설공사비지수,60.66,2020＝100
200702,15397AA2AA11,주거용건물,,,16397AAA0,건설공사비지수,60.7,2020＝100
200703,15397AA2AA11,주거용건물,,,16397AAA0,건설공사비지수,60.88,2020＝100
200704,15397AA2AA11,주거용건물,,,16397AAA0,건설공사비지수,61.31,2020＝100
200705,15397AA2AA11,주거용건물,,,16397AAA0,건설공사비지수,61.48,2020＝100
200706,15397AA2AA11,주거용건물,,,16397AAA0,건설공사비지수,61.58,2020＝100
200707,15397AA2AA11,주거용건물,,,16397AAA0,건설공사비지수,61.55,2020＝100
200708,15397AA2AA11,주거용건물,,,16397AAA0,건설공사비지수,61.92,2020＝100
200709,15397AA2AA11,주거용건물,,,16397AAA0,건설공사비지수,62.66,2020＝100
200710,15397AA2AA11,주거용건물,,,16397AAA0,건설공사비지수,62.73,2020＝100
200711,15397AA2AA11,주거용건물,,,16397AAA0,건설공사비지수,62.8,2020＝100
200712,15397AA2AA11,주거용건물,,,16397AAA0,건설공사비지수,62.79,2020＝100
200701,15397AA2AA111,주거용건물,,,16397AAA0,건설공사비지수,60.66,2020＝100
200702,15397AA2AA111,주거용건물,,,16397AAA0,건설공사비지수,60.7,2020＝100
200703,15397AA2AA111,주거용건물,,,16397AAA0,건설공사비지수,60.88,2020＝100
200704,15397AA2AA111,주거용건물,,,16397AAA0,건설공사비지수,61.31,2020＝100
200705,15397AA2AA111,주거용건물,,,16397AAA0,건설공사비지수,61.48,2020＝100
200706,15397AA2AA111,주거용건물,,,16397AAA0,건설공사비지수,61.58,2020＝100
200707,15397AA2AA111,주거용건물,,,16397AAA0,건설공사비지수,61.55,2020＝100
200708,15397AA2AA111,주거용건물,,,16397AAA0,건설공사비지수,61.92,2020＝100
200709,15397AA2AA111,주거용건물,,,16397AAA0,건설공사비지수,62.66,2020＝100
200710,15397AA2AA111,주거용건물,,,16397AAA0,건설공사비지수,62.73,2020＝100
200711,15397AA2AA111,주거용건물,,,16397AAA0,건설공사비지수,62.8,2020＝100
200712,15397AA2AA111,주거용건물,,,16397AAA0,건설공사비지수,62.79,2020＝100
200701,15397AA2AA12,비주거용건물,,,16397AAA0,건설공사비지수,61.42,2020＝100
200702,15397AA2AA12,비주거용건물,,,16397AAA0,건설공사비지수,61.44,2020＝100
200703,15397AA2AA12,비주거용건물,,,16397AAA0,건설공사비지수,61.59,2020＝100
200704,15397AA2AA12,비주거용건물,,,16397AAA0,건설공사비지수,62.01,2020＝100
200705,15397AA2AA12,비주거용건물,,,16397AAA0,건설공사비지수,62.15,2020＝100
200706,15397AA2AA12,비주거용건물,,,16397AAA0,건설공사비지수,62.17,2020＝100
200707,15397AA2AA12,비주거용건물,,,16397AAA0,건설공사비지수,62.16,2020＝100
200708,15397AA2AA12,비주거용건물,,,16397AAA0,건설공사비지수,62.38,2020＝100
200709,15397AA2AA12,비주거용건물,,,16397AAA0,건설공사비지수,63.04,2020＝100
200710,15397AA2AA12,비주거용건물,,,16397AAA0,건설공사비지수,63.17,2020＝100
200711,15397AA2AA12,비주거용건물,,,16397AAA0,건설공사비지수,63.28,2020＝100
200712,15397AA2AA12,비주거용건물,,,16397AAA0,건설공사비지수,63.29,2020＝100
200701,15397AA2AA121,비주거용건물,,,16397AAA0,건설공사비지수,61.42,2020＝100
200702,15397AA2AA121,비주거용건물,,,16397AAA0,건설공사비지수,61.44,2020＝100
200703,15397AA2AA121,비주거용건물,,,16397AAA0,건설공사비지수,61.59,2020＝100
200704,15397AA2AA121,비주거용건물,,,16397AAA0,건설공사비지수,62.01,2020＝100
200705,15397AA2AA121,비주거용건물,,,16397AAA0,건설공사비지수,62.15,2020＝100
200706,15397AA2AA121,비주거용건물,,,16397AAA0,건설공사비지수,62.17,2020＝100
200707,15397AA2AA121,비주거용건물,,,16397AAA0,건설공사비지수,62.16,2020＝100
200708,15397AA2AA121,비주거용건물,,,16397AAA0,건설공사비지수,62.38,2020＝100
200709,15397AA2AA121,비주거용건물,,,16397AAA0,건설공사비지수,63.04,2020＝100
200710,15397AA2AA121,비주거용건물,,,16397AAA0,건설공사비지수,63.17,2020＝100
200711,15397AA2AA121,비주거용건물,,,16397AAA0,건설공사비지수,63.28,2020＝100
200712,15397AA2AA121,비주거용건물,,,16397AAA0,건설공사비지수,63.29,2020＝100
200701,15397AA2AA13,건축보수,,,16397AAA0,건설공사비지수,61.08,2020＝100
200702,15397AA2AA13,건축보수,,,16397AAA0,건설공사비지수,61.05,2020＝100
200703,15397AA2AA13,건축보수,,,16397AAA0,건설공사비지수,61.18,2020＝100
200704,15397AA2AA13,건축보수,,,16397AAA0,건설공사비지수,61.34,2020＝100
200705,15397AA2AA13,건축보수,,,16397AAA0,건설공사비지수,61.39,2020＝100
200706,15397AA2AA13,건축보수,,,16397AAA0,건설공사비지수,61.43,2020＝100
200707,15397AA2AA13,건축보수,,,16397AAA0,건설공사비지수,61.38,2020＝100
200708,15397AA2AA13,건축보수,,,16397AAA0,건설공사비지수,61.49,2020＝100
200709,15397AA2AA13,건축보수,,,16397AAA0,건설공사비지수,62.03,2020＝100
200710,15397AA2AA13,건축보수,,,16397AAA0,건설공사비지수,62.11,2020＝100
200711,15397AA2AA13,건축보수,,,16397AAA0,건설공사비지수,62.18,2020＝100
200712,15397AA2AA13,건축보수,,,16397AAA0,건설공사비지수,62.25,2020＝100
200701,15397AA2AA131,건축보수,,,16397AAA0,건설공사비지수,61.08,2020＝100
200702,15397AA2AA131,건축보수,,,16397AAA0,건설공사비지수,61.05,2020＝100
200703,15397AA2AA131,건축보수,,,16397AAA0,건설공사비지수,61.18,2020＝100
200704,15397AA2AA131,건축보수,,,16397AAA0,건설공사비지수,61.34,2020＝100
200705,15397AA2AA131,건축보수,,,16397AAA0,건설공사비지수,61.39,2020＝100
200706,15397AA2AA131,건축보수,,,16397AAA0,건설공사비지수,61.43,2020＝100
200707,15397AA2AA131,건축보수,,,16397AAA0,건설공사비지수,61.38,2020＝100
200708,15397AA2AA131,건축보수,,,16397AAA0,건설공사비지수,61.49,2020＝100
200709,15397AA2AA131,건축보수,,,16397AAA0,건설공사비지수,62.03,2020＝100
200710,15397AA2AA131,건축보수,,,16397AAA0,건설공사비지수,62.11,2020＝100
200711,15397AA2AA131,건축보수,,,16397AAA0,건설공사비지수,62.18,2020＝100
200712,15397AA2AA131,건축보수,,,16397AAA0,건설공사비지수,62.25,2020＝100
200701,15397AA2AA2,토목건설,,,16397AAA0,건설공사비지수,61.65,2020＝100
200702,15397AA2AA2,토목건설,,,16397AAA0,건설공사비지수,61.69,2020＝100
200703,15397AA2AA2,토목건설,,,16397AAA0,건설공사비지수,61.79,2020＝100
200704,15397AA2AA2,토목건설,,,16397AAA0,건설공사비지수,62.36,2020＝100
200705,15397AA2AA2,토목건설,,,16397AAA0,건설공사비지수,62.53,2020＝100
200706,15397AA2AA2,토목건설,,,16397AAA0,건설공사비지수,62.61,2020＝100
200707,15397AA2AA2,토목건설,,,16397AAA0,건설공사비지수,62.66,2020＝100
200708,15397AA2AA2,토목건설,,,16397AAA0,건설공사비지수,62.92,2020＝100
200709,15397AA2AA2,토목건설,,,16397AAA0,건설공사비지수,63.74,2020＝100
200710,15397AA2AA2,토목건설,,,16397AAA0,건설공사비지수,63.94,2020＝100
200711,15397AA2AA2,토목건설,,,16397AAA0,건설공사비지수,64.11,2020＝100
200712,15397AA2AA2,토목건설,,,16397AAA0,건설공사비지수,64.14,2020＝100
200701,15397AA2AA21,교통시설건설,,,16397AAA0,건설공사비지수,60.78,2020＝100
200702,15397AA2AA21,교통시설건설,,,16397AAA0,건설공사비지수,60.88,2020＝100
200703,15397AA2AA21,교통시설건설,,,16397AAA0,건설공사비지수,61,2020＝100
200704,15397AA2AA21,교통시설건설,,,16397AAA0,건설공사비지수,61.51,2020＝100
200705,15397AA2AA21,교통시설건설,,,16397AAA0,건설공사비지수,61.63,2020＝100
200706,15397AA2AA21,교통시설건설,,,16397AAA0,건설공사비지수,61.7,2020＝100
200707,15397AA2AA21,교통시설건설,,,16397AAA0,건설공사비지수,61.78,2020＝100
200708,15397AA2AA21,교통시설건설,,,16397AAA0,건설공사비지수,62.13,2020＝100
200709,15397AA2AA21,교통시설건설,,,16397AAA0,건설공사비지수,63.07,2020＝100
200710,15397AA2AA21,교통시설건설,,,16397AAA0,건설공사비지수,63.34,2020＝100
200711,15397AA2AA21,교통시설건설,,,16397AAA0,건설공사비지수,63.58,2020＝100
200712,15397AA2AA21,교통시설건설,,,16397AAA0,건설공사비지수,63.63,2020＝100
200701,15397AA2AA211,도로시설,,,16397AAA0,건설공사비지수,60.71,2020＝100
200702,15397AA2AA211,도로시설,,,16397AAA0,건설공사비지수,60.79,2020＝100
200703,15397AA2AA211,도로시설,,,16397AAA0,건설공사비지수,60.79,2020＝100
200704,15397AA2AA211,도로시설,,,16397AAA0,건설공사비지수,61.26,2020＝100
200705,15397AA2AA211,도로시설,,,16397AAA0,건설공사비지수,61.38,2020＝100
200706,15397AA2AA211,도로시설,,,16397AAA0,건설공사비지수,61.45,2020＝100
200707,15397AA2AA211,도로시설,,,16397AAA0,건설공사비지수,61.51,2020＝100
200708,15397AA2AA211,도로시설,,,16397AAA0,건설공사비지수,61.84,2020＝100
200709,15397AA2AA211,도로시설,,,16397AAA0,건설공사비지수,62.8,2020＝100
200710,15397AA2AA211,도로시설,,,16397AAA0,건설공사비지수,63.05,2020＝100
200711,15397AA2AA211,도로시설,,,16397AAA0,건설공사비지수,63.31,2020＝100
200712,15397AA2AA211,도로시설,,,16397AAA0,건설공사비지수,63.37,2020＝100
200701,15397AA2AA212,철도시설,,,16397AAA0,건설공사비지수,61.07,2020＝100
200702,15397AA2AA212,철도시설,,,16397AAA0,건설공사비지수,61.24,2020＝100
200703,15397AA2AA212,철도시설,,,16397AAA0,건설공사비지수,61.5,2020＝100
200704,15397AA2AA212,철도시설,,,16397AAA0,건설공사비지수,62.17,2020＝100
200705,15397AA2AA212,철도시설,,,16397AAA0,건설공사비지수,62.32,2020＝100
200706,15397AA2AA212,철도시설,,,16397AAA0,건설공사비지수,62.42,2020＝100
200707,15397AA2AA212,철도시설,,,16397AAA0,건설공사비지수,62.54,2020＝100
200708,15397AA2AA212,철도시설,,,16397AAA0,건설공사비지수,62.98,2020＝100
200709,15397AA2AA212,철도시설,,,16397AAA0,건설공사비지수,63.87,2020＝100
200710,15397AA2AA212,철도시설,,,16397AAA0,건설공사비지수,64.12,2020＝100
200711,15397AA2AA212,철도시설,,,16397AAA0,건설공사비지수,64.27,2020＝100
200712,15397AA2AA212,철도시설,,,16397AAA0,건설공사비지수,64.28,2020＝100
200701,15397AA2AA213,항만시설,,,16397AAA0,건설공사비지수,59.63,2020＝100
200702,15397AA2AA213,항만시설,,,16397AAA0,건설공사비지수,59.7,2020＝100
200703,15397AA2AA213,항만시설,,,16397AAA0,건설공사비지수,60.25,2020＝100
200704,15397AA2AA213,항만시설,,,16397AAA0,건설공사비지수,60.65,2020＝100
200705,15397AA2AA213,항만시설,,,16397AAA0,건설공사비지수,60.65,2020＝100
200706,15397AA2AA213,항만시설,,,16397AAA0,건설공사비지수,60.74,2020＝100
200707,15397AA2AA213,항만시설,,,16397AAA0,건설공사비지수,60.86,2020＝100
200708,15397AA2AA213,항만시설,,,16397AAA0,건설공사비지수,61.02,2020＝100
200709,15397AA2AA213,항만시설,,,16397AAA0,건설공사비지수,61.98,2020＝100
200710,15397AA2AA213,항만시설,,,16397AAA0,건설공사비지수,62.53,2020＝100
200711,15397AA2AA213,항만시설,,,16397AAA0,건설공사비지수,62.78,2020＝100
200712,15397AA2AA213,항만시설,,,16397AAA0,건설공사비지수,62.83,2020＝100
200701,15397AA2AA22,일반토목시설건설,,,16397AAA0,건설공사비지수,61.26,2020＝100
200702,15397AA2AA22,일반토목시설건설,,,16397AAA0,건설공사비지수,61.36,2020＝100
200703,15397AA2AA22,일반토목시설건설,,,16397AAA0,건설공사비지수,61.38,2020＝100
200704,15397AA2AA22,일반토목시설건설,,,16397AAA0,건설공사비지수,61.75,2020＝100
200705,15397AA2AA22,일반토목시설건설,,,16397AAA0,건설공사비지수,61.95,2020＝100
200706,15397AA2AA22,일반토목시설건설,,,16397AAA0,건설공사비지수,62.06,2020＝100
200707,15397AA2AA22,일반토목시설건설,,,16397AAA0,건설공사비지수,62.1,2020＝100
200708,15397AA2AA22,일반토목시설건설,,,16397AAA0,건설공사비지수,62.35,2020＝100
200709,15397AA2AA22,일반토목시설건설,,,16397AAA0,건설공사비지수,63.22,2020＝100
200710,15397AA2AA22,일반토목시설건설,,,16397AAA0,건설공사비지수,63.39,2020＝100
200711,15397AA2AA22,일반토목시설건설,,,16397AAA0,건설공사비지수,63.57,2020＝100
200712,15397AA2AA22,일반토목시설건설,,,16397AAA0,건설공사비지수,63.65,2020＝100
200701,15397AA2AA221,하천사방,,,16397AAA0,건설공사비지수,59.77,2020＝100
200702,15397AA2AA221,하천사방,,,16397AAA0,건설공사비지수,59.88,2020＝100
200703,15397AA2AA221,하천사방,,,16397AAA0,건설공사비지수,60.12,2020＝100
200704,15397AA2AA221,하천사방,,,16397AAA0,건설공사비지수,60.47,2020＝100
200705,15397AA2AA221,하천사방,,,16397AAA0,건설공사비지수,60.71,2020＝100
200706,15397AA2AA221,하천사방,,,16397AAA0,건설공사비지수,60.89,2020＝100
200707,15397AA2AA221,하천사방,,,16397AAA0,건설공사비지수,60.92,2020＝100
200708,15397AA2AA221,하천사방,,,16397AAA0,건설공사비지수,61.21,2020＝100
200709,15397AA2AA221,하천사방,,,16397AAA0,건설공사비지수,62.07,2020＝100
200710,15397AA2AA221,하천사방,,,16397AAA0,건설공사비지수,62.25,2020＝100
200711,15397AA2AA221,하천사방,,,16397AAA0,건설공사비지수,62.45,2020＝100
200712,15397AA2AA221,하천사방,,,16397AAA0,건설공사비지수,62.64,2020＝100
200701,15397AA2AA222,상하수도시설,,,16397AAA0,건설공사비지수,61.98,2020＝100
200702,15397AA2AA222,상하수도시설,,,16397AAA0,건설공사비지수,62.02,2020＝100
200703,15397AA2AA222,상하수도시설,,,16397AAA0,건설공사비지수,62.28,2020＝100
200704,15397AA2AA222,상하수도시설,,,16397AAA0,건설공사비지수,62.61,2020＝100
200705,15397AA2AA222,상하수도시설,,,16397AAA0,건설공사비지수,62.82,2020＝100
200706,15397AA2AA222,상하수도시설,,,16397AAA0,건설공사비지수,63.08,2020＝100
200707,15397AA2AA222,상하수도시설,,,16397AAA0,건설공사비지수,63.15,2020＝100
200708,15397AA2AA222,상하수도시설,,,16397AAA0,건설공사비지수,63.13,2020＝100
200709,15397AA2AA222,상하수도시설,,,16397AAA0,건설공사비지수,63.73,2020＝100
200710,15397AA2AA222,상하수도시설,,,16397AAA0,건설공사비지수,63.88,2020＝100
200711,15397AA2AA222,상하수도시설,,,16397AAA0,건설공사비지수,64.05,2020＝100
200712,15397AA2AA222,상하수도시설,,,16397AAA0,건설공사비지수,64.07,2020＝100
200701,15397AA2AA223,농림수산토목,,,16397AAA0,건설공사비지수,58.65,2020＝100
200702,15397AA2AA223,농림수산토목,,,16397AAA0,건설공사비지수,58.63,2020＝100
200703,15397AA2AA223,농림수산토목,,,16397AAA0,건설공사비지수,58.84,2020＝100
200704,15397AA2AA223,농림수산토목,,,16397AAA0,건설공사비지수,59.21,2020＝100
200705,15397AA2AA223,농림수산토목,,,16397AAA0,건설공사비지수,59.35,2020＝100
200706,15397AA2AA223,농림수산토목,,,16397AAA0,건설공사비지수,59.43,2020＝100
200707,15397AA2AA223,농림수산토목,,,16397AAA0,건설공사비지수,59.5,2020＝100
200708,15397AA2AA223,농림수산토목,,,16397AAA0,건설공사비지수,59.65,2020＝100
200709,15397AA2AA223,농림수산토목,,,16397AAA0,건설공사비지수,60.46,2020＝100
200710,15397AA2AA223,농림수산토목,,,16397AAA0,건설공사비지수,60.62,2020＝100
200711,15397AA2AA223,농림수산토목,,,16397AAA0,건설공사비지수,60.88,2020＝100
200712,15397AA2AA223,농림수산토목,,,16397AAA0,건설공사비지수,61,2020＝100
200701,15397AA2AA224,도시토목,,,16397AAA0,건설공사비지수,61.84,2020＝100
200702,15397AA2AA224,도시토목,,,16397AAA0,건설공사비지수,61.95,2020＝100
200703,15397AA2AA224,도시토목,,,16397AAA0,건설공사비지수,61.73,2020＝100
200704,15397AA2AA224,도시토목,,,16397AAA0,건설공사비지수,62.12,2020＝100
200705,15397AA2AA224,도시토목,,,16397AAA0,건설공사비지수,62.28,2020＝100
200706,15397AA2AA224,도시토목,,,16397AAA0,건설공사비지수,62.29,2020＝100
200707,15397AA2AA224,도시토목,,,16397AAA0,건설공사비지수,62.33,2020＝100
200708,15397AA2AA224,도시토목,,,16397AAA0,건설공사비지수,62.71,2020＝100
200709,15397AA2AA224,도시토목,,,16397AAA0,건설공사비지수,63.74,2020＝100
200710,15397AA2AA224,도시토목,,,16397AAA0,건설공사비지수,63.89,2020＝100
200711,15397AA2AA224,도시토목,,,16397AAA0,건설공사비지수,64.06,2020＝100
200712,15397AA2AA224,도시토목,,,16397AAA0,건설공사비지수,64.1,2020＝100
200701,15397AA2AA23,산업시설건설,,,16397AAA0,건설공사비지수,63.22,2020＝100
200702,15397AA2AA23,산업시설건설,,,16397AAA0,건설공사비지수,63.06,2020＝100
200703,15397AA2AA23,산업시설건설,,,16397AAA0,건설공사비지수,63.2,2020＝100
200704,15397AA2AA23,산업시설건설,,,16397AAA0,건설공사비지수,64.11,2020＝100
200705,15397AA2AA23,산업시설건설,,,16397AAA0,건설공사비지수,64.32,2020＝100
200706,15397AA2AA23,산업시설건설,,,16397AAA0,건설공사비지수,64.33,2020＝100
200707,15397AA2AA23,산업시설건설,,,16397AAA0,건설공사비지수,64.37,2020＝100
200708,15397AA2AA23,산업시설건설,,,16397AAA0,건설공사비지수,64.52,2020＝100
200709,15397AA2AA23,산업시설건설,,,16397AAA0,건설공사비지수,65.17,2020＝100
200710,15397AA2AA23,산업시설건설,,,16397AAA0,건설공사비지수,65.32,2020＝100
200711,15397AA2AA23,산업시설건설,,,16397AAA0,건설공사비지수,65.42,2020＝100
200712,15397AA2AA23,산업시설건설,,,16397AAA0,건설공사비지수,65.35,2020＝100
200701,15397AA2AA231,환경정화시설,,,16397AAA0,건설공사비지수,59.61,2020＝100
200702,15397AA2AA231,환경정화시설,,,16397AAA0,건설공사비지수,59.68,2020＝100
200703,15397AA2AA231,환경정화시설,,,16397AAA0,건설공사비지수,59.8,2020＝100
200704,15397AA2AA231,환경정화시설,,,16397AAA0,건설공사비지수,60.17,2020＝100
200705,15397AA2AA231,환경정화시설,,,16397AAA0,건설공사비지수,60.25,2020＝100
200706,15397AA2AA231,환경정화시설,,,16397AAA0,건설공사비지수,60.27,2020＝100
200707,15397AA2AA231,환경정화시설,,,16397AAA0,건설공사비지수,60.27,2020＝100
200708,15397AA2AA231,환경정화시설,,,16397AAA0,건설공사비지수,60.49,2020＝100
200709,15397AA2AA231,환경정화시설,,,16397AAA0,건설공사비지수,61.26,2020＝100
200710,15397AA2AA231,환경정화시설,,,16397AAA0,건설공사비지수,61.36,2020＝100
200711,15397AA2AA231,환경정화시설,,,16397AAA0,건설공사비지수,61.4,2020＝100
200712,15397AA2AA231,환경정화시설,,,16397AAA0,건설공사비지수,61.39,2020＝100
200701,15397AA2AA232,발전소시설,,,16397AAA0,건설공사비지수,65.48,2020＝100
200702,15397AA2AA232,발전소시설,,,16397AAA0,건설공사비지수,64.98,2020＝100
200703,15397AA2AA232,발전소시설,,,16397AAA0,건설공사비지수,65.13,2020＝100
200704,15397AA2AA232,발전소시설,,,16397AAA0,건설공사비지수,66.82,2020＝100
200705,15397AA2AA232,발전소시설,,,16397AAA0,건설공사비지수,67.21,2020＝100
200706,15397AA2AA232,발전소시설,,,16397AAA0,건설공사비지수,67.11,2020＝100
200707,15397AA2AA232,발전소시설,,,16397AAA0,건설공사비지수,67.17,2020＝100
200708,15397AA2AA232,발전소시설,,,16397AAA0,건설공사비지수,67.28,2020＝100
200709,15397AA2AA232,발전소시설,,,16397AAA0,건설공사비지수,67.79,2020＝100
200710,15397AA2AA232,발전소시설,,,16397AAA0,건설공사비지수,68.1,2020＝100
200711,15397AA2AA232,발전소시설,,,16397AAA0,건설공사비지수,68.29,2020＝100
200712,15397AA2AA232,발전소시설,,,16397AAA0,건설공사비지수,68.08,2020＝100
200701,15397AA2AA234,산업플랜트,,,16397AAA0,건설공사비지수,60.25,2020＝100
200702,15397AA2AA234,산업플랜트,,,16397AAA0,건설공사비지수,60.34,2020＝100
200703,15397AA2AA234,산업플랜트,,,16397AAA0,건설공사비지수,60.48,2020＝100
200704,15397AA2AA234,산업플랜트,,,16397AAA0,건설공사비지수,60.9,2020＝100
200705,15397AA2AA234,산업플랜트,,,16397AAA0,건설공사비지수,61.02,2020＝100
200706,15397AA2AA234,산업플랜트,,,16397AAA0,건설공사비지수,61.1,2020＝100
200707,15397AA2AA234,산업플랜트,,,16397AAA0,건설공사비지수,61.14,2020＝100
200708,15397AA2AA234,산업플랜트,,,16397AAA0,건설공사비지수,61.32,2020＝100
200709,15397AA2AA234,산업플랜트,,,16397AAA0,건설공사비지수,62.11,2020＝100
200710,15397AA2AA234,산업플랜트,,,16397AAA0,건설공사비지수,62.17,2020＝100
200711,15397AA2AA234,산업플랜트,,,16397AAA0,건설공사비지수,62.2,2020＝100
200712,15397AA2AA234,산업플랜트,,,16397AAA0,건설공사비지수,62.23,2020＝100
200701,15397AA2AA24,기타건설,,,16397AAA0,건설공사비지수,60.51,2020＝100
200702,15397AA2AA24,기타건설,,,16397AAA0,건설공사비지수,60.64,2020＝100
200703,15397AA2AA24,기타건설,,,16397AAA0,건설공사비지수,60.92,2020＝100
200704,15397AA2AA24,기타건설,,,16397AAA0,건설공사비지수,61.45,2020＝100
200705,15397AA2AA24,기타건설,,,16397AAA0,건설공사비지수,61.67,2020＝100
200706,15397AA2AA24,기타건설,,,16397AAA0,건설공사비지수,61.81,2020＝100
200707,15397AA2AA24,기타건설,,,16397AAA0,건설공사비지수,61.64,2020＝100
200708,15397AA2AA24,기타건설,,,16397AAA0,건설공사비지수,61.91,2020＝100
200709,15397AA2AA24,기타건설,,,16397AAA0,건설공사비지수,62.67,2020＝100
200710,15397AA2AA24,기타건설,,,16397AAA0,건설공사비지수,62.86,2020＝100
200711,15397AA2AA24,기타건설,,,16397AAA0,건설공사비지수,63.02,2020＝100
200712,15397AA2AA24,기타건설,,,16397AAA0,건설공사비지수,62.98,2020＝100
200701,15397AA2AA241,기타건설,,,16397AAA0,건설공사비지수,60.51,2020＝100
200702,15397AA2AA241,기타건설,,,16397AAA0,건설공사비지수,60.64,2020＝100
200703,15397AA2AA241,기타건설,,,16397AAA0,건설공사비지수,60.92,2020＝100
200704,15397AA2AA241,기타건설,,,16397AAA0,건설공사비지수,61.45,2020＝100
200705,15397AA2AA241,기타건설,,,16397AAA0,건설공사비지수,61.67,2020＝100
200706,15397AA2AA241,기타건설,,,16397AAA0,건설공사비지수,61.81,2020＝100
200707,15397AA2AA241,기타건설,,,16397AAA0,건설공사비지수,61.64,2020＝100
200708,15397AA2AA241,기타건설,,,16397AAA0,건설공사비지수,61.91,2020＝100
200709,15397AA2AA241,기타건설,,,16397AAA0,건설공사비지수,62.67,2020＝100
200710,15397AA2AA241,기타건설,,,16397AAA0,건설공사비지수,62.86,2020＝100
200711,15397AA2AA241,기타건설,,,16397AAA0,건설공사비지수,63.02,2020＝100
200712,15397AA2AA241,기타건설,,,16397AAA0,건설공사비지수,62.98,2020＝100
200801,15397AA2AA,건설,,,16397AAA0,건설공사비지수,64.22,2020＝100
200802,15397AA2AA,건설,,,16397AAA0,건설공사비지수,65.32,2020＝100
200803,15397AA2AA,건설,,,16397AAA0,건설공사비지수,66.45,2020＝100
200804,15397AA2AA,건설,,,16397AAA0,건설공사비지수,68.38,2020＝100
200805,15397AA2AA,건설,,,16397AAA0,건설공사비지수,70.11,2020＝100
200806,15397AA2AA,건설,,,16397AAA0,건설공사비지수,71.51,2020＝100
200807,15397AA2AA,건설,,,16397AAA0,건설공사비지수,73.37,2020＝100
200808,15397AA2AA,건설,,,16397AAA0,건설공사비지수,73.43,2020＝100
200809,15397AA2AA,건설,,,16397AAA0,건설공사비지수,74.81,2020＝100
200810,15397AA2AA,건설,,,16397AAA0,건설공사비지수,74.88,2020＝100
200811,15397AA2AA,건설,,,16397AAA0,건설공사비지수,74.01,2020＝100
200812,15397AA2AA,건설,,,16397AAA0,건설공사비지수,72.83,2020＝100
200801,15397AA2AA1,건물건설 및 건축보수,,,16397AAA0,건설공사비지수,63.79,2020＝100
200802,15397AA2AA1,건물건설 및 건축보수,,,16397AAA0,건설공사비지수,64.85,2020＝100
200803,15397AA2AA1,건물건설 및 건축보수,,,16397AAA0,건설공사비지수,66.04,2020＝100
200804,15397AA2AA1,건물건설 및 건축보수,,,16397AAA0,건설공사비지수,67.89,2020＝100
200805,15397AA2AA1,건물건설 및 건축보수,,,16397AAA0,건설공사비지수,69.57,2020＝100
200806,15397AA2AA1,건물건설 및 건축보수,,,16397AAA0,건설공사비지수,70.95,2020＝100
200807,15397AA2AA1,건물건설 및 건축보수,,,16397AAA0,건설공사비지수,72.89,2020＝100
200808,15397AA2AA1,건물건설 및 건축보수,,,16397AAA0,건설공사비지수,73.04,2020＝100
200809,15397AA2AA1,건물건설 및 건축보수,,,16397AAA0,건설공사비지수,74.33,2020＝100
200810,15397AA2AA1,건물건설 및 건축보수,,,16397AAA0,건설공사비지수,74.44,2020＝100
200811,15397AA2AA1,건물건설 및 건축보수,,,16397AAA0,건설공사비지수,73.71,2020＝100
200812,15397AA2AA1,건물건설 및 건축보수,,,16397AAA0,건설공사비지수,72.58,2020＝100
200801,15397AA2AA11,주거용건물,,,16397AAA0,건설공사비지수,63.61,2020＝100
200802,15397AA2AA11,주거용건물,,,16397AAA0,건설공사비지수,64.78,2020＝100
200803,15397AA2AA11,주거용건물,,,16397AAA0,건설공사비지수,65.95,2020＝100
200804,15397AA2AA11,주거용건물,,,16397AAA0,건설공사비지수,67.99,2020＝100
200805,15397AA2AA11,주거용건물,,,16397AAA0,건설공사비지수,69.57,2020＝100
200806,15397AA2AA11,주거용건물,,,16397AAA0,건설공사비지수,70.75,2020＝100
200807,15397AA2AA11,주거용건물,,,16397AAA0,건설공사비지수,72.09,2020＝100
200808,15397AA2AA11,주거용건물,,,16397AAA0,건설공사비지수,72.16,2020＝100
200809,15397AA2AA11,주거용건물,,,16397AAA0,건설공사비지수,73.36,2020＝100
200810,15397AA2AA11,주거용건물,,,16397AAA0,건설공사비지수,73.5,2020＝100
200811,15397AA2AA11,주거용건물,,,16397AAA0,건설공사비지수,72.68,2020＝100
200812,15397AA2AA11,주거용건물,,,16397AAA0,건설공사비지수,71.49,2020＝100
200801,15397AA2AA111,주거용건물,,,16397AAA0,건설공사비지수,63.61,2020＝100
200802,15397AA2AA111,주거용건물,,,16397AAA0,건설공사비지수,64.78,2020＝100
200803,15397AA2AA111,주거용건물,,,16397AAA0,건설공사비지수,65.95,2020＝100
200804,15397AA2AA111,주거용건물,,,16397AAA0,건설공사비지수,67.99,2020＝100
200805,15397AA2AA111,주거용건물,,,16397AAA0,건설공사비지수,69.57,2020＝100
200806,15397AA2AA111,주거용건물,,,16397AAA0,건설공사비지수,70.75,2020＝100
200807,15397AA2AA111,주거용건물,,,16397AAA0,건설공사비지수,72.09,2020＝100
200808,15397AA2AA111,주거용건물,,,16397AAA0,건설공사비지수,72.16,2020＝100
200809,15397AA2AA111,주거용건물,,,16397AAA0,건설공사비지수,73.36,2020＝100
200810,15397AA2AA111,주거용건물,,,16397AAA0,건설공사비지수,73.5,2020＝100
200811,15397AA2AA111,주거용건물,,,16397AAA0,건설공사비지수,72.68,2020＝100
200812,15397AA2AA111,주거용건물,,,16397AAA0,건설공사비지수,71.49,2020＝100
200801,15397AA2AA12,비주거용건물,,,16397AAA0,건설공사비지수,64.14,2020＝100
200802,15397AA2AA12,비주거용건물,,,16397AAA0,건설공사비지수,65.2,2020＝100
200803,15397AA2AA12,비주거용건물,,,16397AAA0,건설공사비지수,66.42,2020＝100
200804,15397AA2AA12,비주거용건물,,,16397AAA0,건설공사비지수,68.26,2020＝100
200805,15397AA2AA12,비주거용건물,,,16397AAA0,건설공사비지수,70.03,2020＝100
200806,15397AA2AA12,비주거용건물,,,16397AAA0,건설공사비지수,71.57,2020＝100
200807,15397AA2AA12,비주거용건물,,,16397AAA0,건설공사비지수,73.77,2020＝100
200808,15397AA2AA12,비주거용건물,,,16397AAA0,건설공사비지수,73.96,2020＝100
200809,15397AA2AA12,비주거용건물,,,16397AAA0,건설공사비지수,75.3,2020＝100
200810,15397AA2AA12,비주거용건물,,,16397AAA0,건설공사비지수,75.39,2020＝100
200811,15397AA2AA12,비주거용건물,,,16397AAA0,건설공사비지수,74.61,2020＝100
200812,15397AA2AA12,비주거용건물,,,16397AAA0,건설공사비지수,73.38,2020＝100
200801,15397AA2AA121,비주거용건물,,,16397AAA0,건설공사비지수,64.14,2020＝100
200802,15397AA2AA121,비주거용건물,,,16397AAA0,건설공사비지수,65.2,2020＝100
200803,15397AA2AA121,비주거용건물,,,16397AAA0,건설공사비지수,66.42,2020＝100
200804,15397AA2AA121,비주거용건물,,,16397AAA0,건설공사비지수,68.26,2020＝100
200805,15397AA2AA121,비주거용건물,,,16397AAA0,건설공사비지수,70.03,2020＝100
200806,15397AA2AA121,비주거용건물,,,16397AAA0,건설공사비지수,71.57,2020＝100
200807,15397AA2AA121,비주거용건물,,,16397AAA0,건설공사비지수,73.77,2020＝100
200808,15397AA2AA121,비주거용건물,,,16397AAA0,건설공사비지수,73.96,2020＝100
200809,15397AA2AA121,비주거용건물,,,16397AAA0,건설공사비지수,75.3,2020＝100
200810,15397AA2AA121,비주거용건물,,,16397AAA0,건설공사비지수,75.39,2020＝100
200811,15397AA2AA121,비주거용건물,,,16397AAA0,건설공사비지수,74.61,2020＝100
200812,15397AA2AA121,비주거용건물,,,16397AAA0,건설공사비지수,73.38,2020＝100
200801,15397AA2AA13,건축보수,,,16397AAA0,건설공사비지수,63.19,2020＝100
200802,15397AA2AA13,건축보수,,,16397AAA0,건설공사비지수,63.81,2020＝100
200803,15397AA2AA13,건축보수,,,16397AAA0,건설공사비지수,64.88,2020＝100
200804,15397AA2AA13,건축보수,,,16397AAA0,건설공사비지수,66.15,2020＝100
200805,15397AA2AA13,건축보수,,,16397AAA0,건설공사비지수,67.67,2020＝100
200806,15397AA2AA13,건축보수,,,16397AAA0,건설공사비지수,69.03,2020＝100
200807,15397AA2AA13,건축보수,,,16397AAA0,건설공사비지수,71.79,2020＝100
200808,15397AA2AA13,건축보수,,,16397AAA0,건설공사비지수,71.93,2020＝100
200809,15397AA2AA13,건축보수,,,16397AAA0,건설공사비지수,73.36,2020＝100
200810,15397AA2AA13,건축보수,,,16397AAA0,건설공사비지수,73.52,2020＝100
200811,15397AA2AA13,건축보수,,,16397AAA0,건설공사비지수,73.35,2020＝100
200812,15397AA2AA13,건축보수,,,16397AAA0,건설공사비지수,72.85,2020＝100
200801,15397AA2AA131,건축보수,,,16397AAA0,건설공사비지수,63.19,2020＝100
200802,15397AA2AA131,건축보수,,,16397AAA0,건설공사비지수,63.81,2020＝100
200803,15397AA2AA131,건축보수,,,16397AAA0,건설공사비지수,64.88,2020＝100
200804,15397AA2AA131,건축보수,,,16397AAA0,건설공사비지수,66.15,2020＝100
200805,15397AA2AA131,건축보수,,,16397AAA0,건설공사비지수,67.67,2020＝100
200806,15397AA2AA131,건축보수,,,16397AAA0,건설공사비지수,69.03,2020＝100
200807,15397AA2AA131,건축보수,,,16397AAA0,건설공사비지수,71.79,2020＝100
200808,15397AA2AA131,건축보수,,,16397AAA0,건설공사비지수,71.93,2020＝100
200809,15397AA2AA131,건축보수,,,16397AAA0,건설공사비지수,73.36,2020＝100
200810,15397AA2AA131,건축보수,,,16397AAA0,건설공사비지수,73.52,2020＝100
200811,15397AA2AA131,건축보수,,,16397AAA0,건설공사비지수,73.35,2020＝100
200812,15397AA2AA131,건축보수,,,16397AAA0,건설공사비지수,72.85,2020＝100
200801,15397AA2AA2,토목건설,,,16397AAA0,건설공사비지수,65.06,2020＝100
200802,15397AA2AA2,토목건설,,,16397AAA0,건설공사비지수,66.23,2020＝100
200803,15397AA2AA2,토목건설,,,16397AAA0,건설공사비지수,67.28,2020＝100
200804,15397AA2AA2,토목건설,,,16397AAA0,건설공사비지수,69.32,2020＝100
200805,15397AA2AA2,토목건설,,,16397AAA0,건설공사비지수,71.12,2020＝100
200806,15397AA2AA2,토목건설,,,16397AAA0,건설공사비지수,72.59,2020＝100
200807,15397AA2AA2,토목건설,,,16397AAA0,건설공사비지수,74.3,2020＝100
200808,15397AA2AA2,토목건설,,,16397AAA0,건설공사비지수,74.26,2020＝100
200809,15397AA2AA2,토목건설,,,16397AAA0,건설공사비지수,75.76,2020＝100
200810,15397AA2AA2,토목건설,,,16397AAA0,건설공사비지수,75.76,2020＝100
200811,15397AA2AA2,토목건설,,,16397AAA0,건설공사비지수,74.7,2020＝100
200812,15397AA2AA2,토목건설,,,16397AAA0,건설공사비지수,73.42,2020＝100
200801,15397AA2AA21,교통시설건설,,,16397AAA0,건설공사비지수,64.63,2020＝100
200802,15397AA2AA21,교통시설건설,,,16397AAA0,건설공사비지수,65.78,2020＝100
200803,15397AA2AA21,교통시설건설,,,16397AAA0,건설공사비지수,66.94,2020＝100
200804,15397AA2AA21,교통시설건설,,,16397AAA0,건설공사비지수,69.18,2020＝100
200805,15397AA2AA21,교통시설건설,,,16397AAA0,건설공사비지수,70.92,2020＝100
200806,15397AA2AA21,교통시설건설,,,16397AAA0,건설공사비지수,72.6,2020＝100
200807,15397AA2AA21,교통시설건설,,,16397AAA0,건설공사비지수,74.17,2020＝100
200808,15397AA2AA21,교통시설건설,,,16397AAA0,건설공사비지수,73.97,2020＝100
200809,15397AA2AA21,교통시설건설,,,16397AAA0,건설공사비지수,75.71,2020＝100
200810,15397AA2AA21,교통시설건설,,,16397AAA0,건설공사비지수,75.75,2020＝100
200811,15397AA2AA21,교통시설건설,,,16397AAA0,건설공사비지수,74.51,2020＝100
200812,15397AA2AA21,교통시설건설,,,16397AAA0,건설공사비지수,73.14,2020＝100
200801,15397AA2AA211,도로시설,,,16397AAA0,건설공사비지수,64.4,2020＝100
200802,15397AA2AA211,도로시설,,,16397AAA0,건설공사비지수,65.35,2020＝100
200803,15397AA2AA211,도로시설,,,16397AAA0,건설공사비지수,66.42,2020＝100
200804,15397AA2AA211,도로시설,,,16397AAA0,건설공사비지수,68.33,2020＝100
200805,15397AA2AA211,도로시설,,,16397AAA0,건설공사비지수,69.94,2020＝100
200806,15397AA2AA211,도로시설,,,16397AAA0,건설공사비지수,71.49,2020＝100
200807,15397AA2AA211,도로시설,,,16397AAA0,건설공사비지수,72.92,2020＝100
200808,15397AA2AA211,도로시설,,,16397AAA0,건설공사비지수,72.67,2020＝100
200809,15397AA2AA211,도로시설,,,16397AAA0,건설공사비지수,74.57,2020＝100
200810,15397AA2AA211,도로시설,,,16397AAA0,건설공사비지수,74.65,2020＝100
200811,15397AA2AA211,도로시설,,,16397AAA0,건설공사비지수,73.47,2020＝100
200812,15397AA2AA211,도로시설,,,16397AAA0,건설공사비지수,72.29,2020＝100
200801,15397AA2AA212,철도시설,,,16397AAA0,건설공사비지수,65.24,2020＝100
200802,15397AA2AA212,철도시설,,,16397AAA0,건설공사비지수,67.01,2020＝100
200803,15397AA2AA212,철도시설,,,16397AAA0,건설공사비지수,68.51,2020＝100
200804,15397AA2AA212,철도시설,,,16397AAA0,건설공사비지수,71.76,2020＝100
200805,15397AA2AA212,철도시설,,,16397AAA0,건설공사비지수,73.87,2020＝100
200806,15397AA2AA212,철도시설,,,16397AAA0,건설공사비지수,76.06,2020＝100
200807,15397AA2AA212,철도시설,,,16397AAA0,건설공사비지수,78.29,2020＝100
200808,15397AA2AA212,철도시설,,,16397AAA0,건설공사비지수,78.27,2020＝100
200809,15397AA2AA212,철도시설,,,16397AAA0,건설공사비지수,79.66,2020＝100
200810,15397AA2AA212,철도시설,,,16397AAA0,건설공사비지수,79.67,2020＝100
200811,15397AA2AA212,철도시설,,,16397AAA0,건설공사비지수,78.19,2020＝100
200812,15397AA2AA212,철도시설,,,16397AAA0,건설공사비지수,76.18,2020＝100
200801,15397AA2AA213,항만시설,,,16397AAA0,건설공사비지수,63.86,2020＝100
200802,15397AA2AA213,항만시설,,,16397AAA0,건설공사비지수,64.61,2020＝100
200803,15397AA2AA213,항만시설,,,16397AAA0,건설공사비지수,65.41,2020＝100
200804,15397AA2AA213,항만시설,,,16397AAA0,건설공사비지수,67.19,2020＝100
200805,15397AA2AA213,항만시설,,,16397AAA0,건설공사비지수,68.75,2020＝100
200806,15397AA2AA213,항만시설,,,16397AAA0,건설공사비지수,69.82,2020＝100
200807,15397AA2AA213,항만시설,,,16397AAA0,건설공사비지수,70.58,2020＝100
200808,15397AA2AA213,항만시설,,,16397AAA0,건설공사비지수,70.11,2020＝100
200809,15397AA2AA213,항만시설,,,16397AAA0,건설공사비지수,71.73,2020＝100
200810,15397AA2AA213,항만시설,,,16397AAA0,건설공사비지수,71.66,2020＝100
200811,15397AA2AA213,항만시설,,,16397AAA0,건설공사비지수,70.61,2020＝100
200812,15397AA2AA213,항만시설,,,16397AAA0,건설공사비지수,69.71,2020＝100
200801,15397AA2AA22,일반토목시설건설,,,16397AAA0,건설공사비지수,64.7,2020＝100
200802,15397AA2AA22,일반토목시설건설,,,16397AAA0,건설공사비지수,65.95,2020＝100
200803,15397AA2AA22,일반토목시설건설,,,16397AAA0,건설공사비지수,66.96,2020＝100
200804,15397AA2AA22,일반토목시설건설,,,16397AAA0,건설공사비지수,68.96,2020＝100
200805,15397AA2AA22,일반토목시설건설,,,16397AAA0,건설공사비지수,71.07,2020＝100
200806,15397AA2AA22,일반토목시설건설,,,16397AAA0,건설공사비지수,72.56,2020＝100
200807,15397AA2AA22,일반토목시설건설,,,16397AAA0,건설공사비지수,74.35,2020＝100
200808,15397AA2AA22,일반토목시설건설,,,16397AAA0,건설공사비지수,74.12,2020＝100
200809,15397AA2AA22,일반토목시설건설,,,16397AAA0,건설공사비지수,75.71,2020＝100
200810,15397AA2AA22,일반토목시설건설,,,16397AAA0,건설공사비지수,75.85,2020＝100
200811,15397AA2AA22,일반토목시설건설,,,16397AAA0,건설공사비지수,74.94,2020＝100
200812,15397AA2AA22,일반토목시설건설,,,16397AAA0,건설공사비지수,74.05,2020＝100
200801,15397AA2AA221,하천사방,,,16397AAA0,건설공사비지수,63.72,2020＝100
200802,15397AA2AA221,하천사방,,,16397AAA0,건설공사비지수,64.41,2020＝100
200803,15397AA2AA221,하천사방,,,16397AAA0,건설공사비지수,65.41,2020＝100
200804,15397AA2AA221,하천사방,,,16397AAA0,건설공사비지수,67.13,2020＝100
200805,15397AA2AA221,하천사방,,,16397AAA0,건설공사비지수,68.59,2020＝100
200806,15397AA2AA221,하천사방,,,16397AAA0,건설공사비지수,69.89,2020＝100
200807,15397AA2AA221,하천사방,,,16397AAA0,건설공사비지수,71.14,2020＝100
200808,15397AA2AA221,하천사방,,,16397AAA0,건설공사비지수,70.94,2020＝100
200809,15397AA2AA221,하천사방,,,16397AAA0,건설공사비지수,72.23,2020＝100
200810,15397AA2AA221,하천사방,,,16397AAA0,건설공사비지수,72.09,2020＝100
200811,15397AA2AA221,하천사방,,,16397AAA0,건설공사비지수,71.19,2020＝100
200812,15397AA2AA221,하천사방,,,16397AAA0,건설공사비지수,70.31,2020＝100
200801,15397AA2AA222,상하수도시설,,,16397AAA0,건설공사비지수,65.1,2020＝100
200802,15397AA2AA222,상하수도시설,,,16397AAA0,건설공사비지수,67.47,2020＝100
200803,15397AA2AA222,상하수도시설,,,16397AAA0,건설공사비지수,68.41,2020＝100
200804,15397AA2AA222,상하수도시설,,,16397AAA0,건설공사비지수,70.64,2020＝100
200805,15397AA2AA222,상하수도시설,,,16397AAA0,건설공사비지수,74.22,2020＝100
200806,15397AA2AA222,상하수도시설,,,16397AAA0,건설공사비지수,75.45,2020＝100
200807,15397AA2AA222,상하수도시설,,,16397AAA0,건설공사비지수,78.61,2020＝100
200808,15397AA2AA222,상하수도시설,,,16397AAA0,건설공사비지수,78.66,2020＝100
200809,15397AA2AA222,상하수도시설,,,16397AAA0,건설공사비지수,79.85,2020＝100
200810,15397AA2AA222,상하수도시설,,,16397AAA0,건설공사비지수,79.94,2020＝100
200811,15397AA2AA222,상하수도시설,,,16397AAA0,건설공사비지수,79.37,2020＝100
200812,15397AA2AA222,상하수도시설,,,16397AAA0,건설공사비지수,78.79,2020＝100
200801,15397AA2AA223,농림수산토목,,,16397AAA0,건설공사비지수,62.11,2020＝100
200802,15397AA2AA223,농림수산토목,,,16397AAA0,건설공사비지수,62.72,2020＝100
200803,15397AA2AA223,농림수산토목,,,16397AAA0,건설공사비지수,63.81,2020＝100
200804,15397AA2AA223,농림수산토목,,,16397AAA0,건설공사비지수,65.26,2020＝100
200805,15397AA2AA223,농림수산토목,,,16397AAA0,건설공사비지수,67.04,2020＝100
200806,15397AA2AA223,농림수산토목,,,16397AAA0,건설공사비지수,68.57,2020＝100
200807,15397AA2AA223,농림수산토목,,,16397AAA0,건설공사비지수,70.52,2020＝100
200808,15397AA2AA223,농림수산토목,,,16397AAA0,건설공사비지수,69.9,2020＝100
200809,15397AA2AA223,농림수산토목,,,16397AAA0,건설공사비지수,71.34,2020＝100
200810,15397AA2AA223,농림수산토목,,,16397AAA0,건설공사비지수,71.4,2020＝100
200811,15397AA2AA223,농림수산토목,,,16397AAA0,건설공사비지수,70.4,2020＝100
200812,15397AA2AA223,농림수산토목,,,16397AAA0,건설공사비지수,69.46,2020＝100
200801,15397AA2AA224,도시토목,,,16397AAA0,건설공사비지수,65.13,2020＝100
200802,15397AA2AA224,도시토목,,,16397AAA0,건설공사비지수,66.2,2020＝100
200803,15397AA2AA224,도시토목,,,16397AAA0,건설공사비지수,67.26,2020＝100
200804,15397AA2AA224,도시토목,,,16397AAA0,건설공사비지수,69.36,2020＝100
200805,15397AA2AA224,도시토목,,,16397AAA0,건설공사비지수,71.15,2020＝100
200806,15397AA2AA224,도시토목,,,16397AAA0,건설공사비지수,72.84,2020＝100
200807,15397AA2AA224,도시토목,,,16397AAA0,건설공사비지수,74.26,2020＝100
200808,15397AA2AA224,도시토목,,,16397AAA0,건설공사비지수,73.92,2020＝100
200809,15397AA2AA224,도시토목,,,16397AAA0,건설공사비지수,75.9,2020＝100
200810,15397AA2AA224,도시토목,,,16397AAA0,건설공사비지수,76.21,2020＝100
200811,15397AA2AA224,도시토목,,,16397AAA0,건설공사비지수,75.15,2020＝100
200812,15397AA2AA224,도시토목,,,16397AAA0,건설공사비지수,74.11,2020＝100
200801,15397AA2AA23,산업시설건설,,,16397AAA0,건설공사비지수,66.08,2020＝100
200802,15397AA2AA23,산업시설건설,,,16397AAA0,건설공사비지수,67.15,2020＝100
200803,15397AA2AA23,산업시설건설,,,16397AAA0,건설공사비지수,68.07,2020＝100
200804,15397AA2AA23,산업시설건설,,,16397AAA0,건설공사비지수,69.85,2020＝100
200805,15397AA2AA23,산업시설건설,,,16397AAA0,건설공사비지수,71.29,2020＝100
200806,15397AA2AA23,산업시설건설,,,16397AAA0,건설공사비지수,72.51,2020＝100
200807,15397AA2AA23,산업시설건설,,,16397AAA0,건설공사비지수,74.31,2020＝100
200808,15397AA2AA23,산업시설건설,,,16397AAA0,건설공사비지수,74.69,2020＝100
200809,15397AA2AA23,산업시설건설,,,16397AAA0,건설공사비지수,75.9,2020＝100
200810,15397AA2AA23,산업시설건설,,,16397AAA0,건설공사비지수,75.67,2020＝100
200811,15397AA2AA23,산업시설건설,,,16397AAA0,건설공사비지수,74.66,2020＝100
200812,15397AA2AA23,산업시설건설,,,16397AAA0,건설공사비지수,73.08,2020＝100
200801,15397AA2AA231,환경정화시설,,,16397AAA0,건설공사비지수,62.29,2020＝100
200802,15397AA2AA231,환경정화시설,,,16397AAA0,건설공사비지수,63.28,2020＝100
200803,15397AA2AA231,환경정화시설,,,16397AAA0,건설공사비지수,64.48,2020＝100
200804,15397AA2AA231,환경정화시설,,,16397AAA0,건설공사비지수,66.69,2020＝100
200805,15397AA2AA231,환경정화시설,,,16397AAA0,건설공사비지수,68.45,2020＝100
200806,15397AA2AA231,환경정화시설,,,16397AAA0,건설공사비지수,70.19,2020＝100
200807,15397AA2AA231,환경정화시설,,,16397AAA0,건설공사비지수,72.3,2020＝100
200808,15397AA2AA231,환경정화시설,,,16397AAA0,건설공사비지수,72.41,2020＝100
200809,15397AA2AA231,환경정화시설,,,16397AAA0,건설공사비지수,73.72,2020＝100
200810,15397AA2AA231,환경정화시설,,,16397AAA0,건설공사비지수,73.8,2020＝100
200811,15397AA2AA231,환경정화시설,,,16397AAA0,건설공사비지수,73.21,2020＝100
200812,15397AA2AA231,환경정화시설,,,16397AAA0,건설공사비지수,71.89,2020＝100
200801,15397AA2AA232,발전소시설,,,16397AAA0,건설공사비지수,68.46,2020＝100
200802,15397AA2AA232,발전소시설,,,16397AAA0,건설공사비지수,69.18,2020＝100
200803,15397AA2AA232,발전소시설,,,16397AAA0,건설공사비지수,70.08,2020＝100
200804,15397AA2AA232,발전소시설,,,16397AAA0,건설공사비지수,71.73,2020＝100
200805,15397AA2AA232,발전소시설,,,16397AAA0,건설공사비지수,72.63,2020＝100
200806,15397AA2AA232,발전소시설,,,16397AAA0,건설공사비지수,73.78,2020＝100
200807,15397AA2AA232,발전소시설,,,16397AAA0,건설공사비지수,75.59,2020＝100
200808,15397AA2AA232,발전소시설,,,16397AAA0,건설공사비지수,76.25,2020＝100
200809,15397AA2AA232,발전소시설,,,16397AAA0,건설공사비지수,77.02,2020＝100
200810,15397AA2AA232,발전소시설,,,16397AAA0,건설공사비지수,76.19,2020＝100
200811,15397AA2AA232,발전소시설,,,16397AAA0,건설공사비지수,74.68,2020＝100
200812,15397AA2AA232,발전소시설,,,16397AAA0,건설공사비지수,72.39,2020＝100
200801,15397AA2AA234,산업플랜트,,,16397AAA0,건설공사비지수,63.2,2020＝100
200802,15397AA2AA234,산업플랜트,,,16397AAA0,건설공사비지수,64.68,2020＝100
200803,15397AA2AA234,산업플랜트,,,16397AAA0,건설공사비지수,65.56,2020＝100
200804,15397AA2AA234,산업플랜트,,,16397AAA0,건설공사비지수,67.57,2020＝100
200805,15397AA2AA234,산업플랜트,,,16397AAA0,건설공사비지수,69.41,2020＝100
200806,15397AA2AA234,산업플랜트,,,16397AAA0,건설공사비지수,70.85,2020＝100
200807,15397AA2AA234,산업플랜트,,,16397AAA0,건설공사비지수,72.75,2020＝100
200808,15397AA2AA234,산업플랜트,,,16397AAA0,건설공사비지수,73.06,2020＝100
200809,15397AA2AA234,산업플랜트,,,16397AAA0,건설공사비지수,74.5,2020＝100
200810,15397AA2AA234,산업플랜트,,,16397AAA0,건설공사비지수,74.52,2020＝100
200811,15397AA2AA234,산업플랜트,,,16397AAA0,건설공사비지수,73.77,2020＝100
200812,15397AA2AA234,산업플랜트,,,16397AAA0,건설공사비지수,72.63,2020＝100
200801,15397AA2AA24,기타건설,,,16397AAA0,건설공사비지수,63.78,2020＝100
200802,15397AA2AA24,기타건설,,,16397AAA0,건설공사비지수,64.98,2020＝100
200803,15397AA2AA24,기타건설,,,16397AAA0,건설공사비지수,66.14,2020＝100
200804,15397AA2AA24,기타건설,,,16397AAA0,건설공사비지수,68.42,2020＝100
200805,15397AA2AA24,기타건설,,,16397AAA0,건설공사비지수,70.47,2020＝100
200806,15397AA2AA24,기타건설,,,16397AAA0,건설공사비지수,71.94,2020＝100
200807,15397AA2AA24,기타건설,,,16397AAA0,건설공사비지수,73.5,2020＝100
200808,15397AA2AA24,기타건설,,,16397AAA0,건설공사비지수,73.3,2020＝100
200809,15397AA2AA24,기타건설,,,16397AAA0,건설공사비지수,74.45,2020＝100
200810,15397AA2AA24,기타건설,,,16397AAA0,건설공사비지수,74.44,2020＝100
200811,15397AA2AA24,기타건설,,,16397AAA0,건설공사비지수,73.31,2020＝100
200812,15397AA2AA24,기타건설,,,16397AAA0,건설공사비지수,71.9,2020＝100
200801,15397AA2AA241,기타건설,,,16397AAA0,건설공사비지수,63.78,2020＝100
200802,15397AA2AA241,기타건설,,,16397AAA0,건설공사비지수,64.98,2020＝100
200803,15397AA2AA241,기타건설,,,16397AAA0,건설공사비지수,66.14,2020＝100
200804,15397AA2AA241,기타건설,,,16397AAA0,건설공사비지수,68.42,2020＝100
200805,15397AA2AA241,기타건설,,,16397AAA0,건설공사비지수,70.47,2020＝100
200806,15397AA2AA241,기타건설,,,16397AAA0,건설공사비지수,71.94,2020＝100
200807,15397AA2AA241,기타건설,,,16397AAA0,건설공사비지수,73.5,2020＝100
200808,15397AA2AA241,기타건설,,,16397AAA0,건설공사비지수,73.3,2020＝100
200809,15397AA2AA241,기타건설,,,16397AAA0,건설공사비지수,74.45,2020＝100
200810,15397AA2AA241,기타건설,,,16397AAA0,건설공사비지수,74.44,2020＝100
200811,15397AA2AA241,기타건설,,,16397AAA0,건설공사비지수,73.31,2020＝100
200812,15397AA2AA241,기타건설,,,16397AAA0,건설공사비지수,71.9,2020＝100
200901,15397AA2AA,건설,,,16397AAA0,건설공사비지수,73.16,2020＝100
200902,15397AA2AA,건설,,,16397AAA0,건설공사비지수,72.97,2020＝100
200903,15397AA2AA,건설,,,16397AAA0,건설공사비지수,72.96,2020＝100
200904,15397AA2AA,건설,,,16397AAA0,건설공사비지수,72.98,2020＝100
200905,15397AA2AA,건설,,,16397AAA0,건설공사비지수,72.52,2020＝100
200906,15397AA2AA,건설,,,16397AAA0,건설공사비지수,72.07,2020＝100
200907,15397AA2AA,건설,,,16397AAA0,건설공사비지수,72.14,2020＝100
200908,15397AA2AA,건설,,,16397AAA0,건설공사비지수,72.38,2020＝100
200909,15397AA2AA,건설,,,16397AAA0,건설공사비지수,72.74,2020＝100
200910,15397AA2AA,건설,,,16397AAA0,건설공사비지수,72.67,2020＝100
200911,15397AA2AA,건설,,,16397AAA0,건설공사비지수,72.67,2020＝100
200912,15397AA2AA,건설,,,16397AAA0,건설공사비지수,72.64,2020＝100
200901,15397AA2AA1,건물건설 및 건축보수,,,16397AAA0,건설공사비지수,72.85,2020＝100
200902,15397AA2AA1,건물건설 및 건축보수,,,16397AAA0,건설공사비지수,72.67,2020＝100
200903,15397AA2AA1,건물건설 및 건축보수,,,16397AAA0,건설공사비지수,72.69,2020＝100
200904,15397AA2AA1,건물건설 및 건축보수,,,16397AAA0,건설공사비지수,72.67,2020＝100
200905,15397AA2AA1,건물건설 및 건축보수,,,16397AAA0,건설공사비지수,72.31,2020＝100
200906,15397AA2AA1,건물건설 및 건축보수,,,16397AAA0,건설공사비지수,71.89,2020＝100
200907,15397AA2AA1,건물건설 및 건축보수,,,16397AAA0,건설공사비지수,72.01,2020＝100
200908,15397AA2AA1,건물건설 및 건축보수,,,16397AAA0,건설공사비지수,72.18,2020＝100
200909,15397AA2AA1,건물건설 및 건축보수,,,16397AAA0,건설공사비지수,72.59,2020＝100
200910,15397AA2AA1,건물건설 및 건축보수,,,16397AAA0,건설공사비지수,72.51,2020＝100
200911,15397AA2AA1,건물건설 및 건축보수,,,16397AAA0,건설공사비지수,72.4,2020＝100
200912,15397AA2AA1,건물건설 및 건축보수,,,16397AAA0,건설공사비지수,72.38,2020＝100
200901,15397AA2AA11,주거용건물,,,16397AAA0,건설공사비지수,72,2020＝100
200902,15397AA2AA11,주거용건물,,,16397AAA0,건설공사비지수,71.84,2020＝100
200903,15397AA2AA11,주거용건물,,,16397AAA0,건설공사비지수,71.89,2020＝100
200904,15397AA2AA11,주거용건물,,,16397AAA0,건설공사비지수,71.93,2020＝100
200905,15397AA2AA11,주거용건물,,,16397AAA0,건설공사비지수,71.7,2020＝100
200906,15397AA2AA11,주거용건물,,,16397AAA0,건설공사비지수,71.34,2020＝100
200907,15397AA2AA11,주거용건물,,,16397AAA0,건설공사비지수,71.56,2020＝100
200908,15397AA2AA11,주거용건물,,,16397AAA0,건설공사비지수,71.72,2020＝100
200909,15397AA2AA11,주거용건물,,,16397AAA0,건설공사비지수,72.09,2020＝100
200910,15397AA2AA11,주거용건물,,,16397AAA0,건설공사비지수,72.02,2020＝100
200911,15397AA2AA11,주거용건물,,,16397AAA0,건설공사비지수,71.79,2020＝100
200912,15397AA2AA11,주거용건물,,,16397AAA0,건설공사비지수,71.78,2020＝100
200901,15397AA2AA111,주거용건물,,,16397AAA0,건설공사비지수,72,2020＝100
200902,15397AA2AA111,주거용건물,,,16397AAA0,건설공사비지수,71.84,2020＝100
200903,15397AA2AA111,주거용건물,,,16397AAA0,건설공사비지수,71.89,2020＝100
200904,15397AA2AA111,주거용건물,,,16397AAA0,건설공사비지수,71.93,2020＝100
200905,15397AA2AA111,주거용건물,,,16397AAA0,건설공사비지수,71.7,2020＝100
200906,15397AA2AA111,주거용건물,,,16397AAA0,건설공사비지수,71.34,2020＝100
200907,15397AA2AA111,주거용건물,,,16397AAA0,건설공사비지수,71.56,2020＝100
200908,15397AA2AA111,주거용건물,,,16397AAA0,건설공사비지수,71.72,2020＝100
200909,15397AA2AA111,주거용건물,,,16397AAA0,건설공사비지수,72.09,2020＝100
200910,15397AA2AA111,주거용건물,,,16397AAA0,건설공사비지수,72.02,2020＝100
200911,15397AA2AA111,주거용건물,,,16397AAA0,건설공사비지수,71.79,2020＝100
200912,15397AA2AA111,주거용건물,,,16397AAA0,건설공사비지수,71.78,2020＝100
200901,15397AA2AA12,비주거용건물,,,16397AAA0,건설공사비지수,73.54,2020＝100
200902,15397AA2AA12,비주거용건물,,,16397AAA0,건설공사비지수,73.36,2020＝100
200903,15397AA2AA12,비주거용건물,,,16397AAA0,건설공사비지수,73.37,2020＝100
200904,15397AA2AA12,비주거용건물,,,16397AAA0,건설공사비지수,73.35,2020＝100
200905,15397AA2AA12,비주거용건물,,,16397AAA0,건설공사비지수,72.91,2020＝100
200906,15397AA2AA12,비주거용건물,,,16397AAA0,건설공사비지수,72.43,2020＝100
200907,15397AA2AA12,비주거용건물,,,16397AAA0,건설공사비지수,72.51,2020＝100
200908,15397AA2AA12,비주거용건물,,,16397AAA0,건설공사비지수,72.71,2020＝100
200909,15397AA2AA12,비주거용건물,,,16397AAA0,건설공사비지수,73.14,2020＝100
200910,15397AA2AA12,비주거용건물,,,16397AAA0,건설공사비지수,73.04,2020＝100
200911,15397AA2AA12,비주거용건물,,,16397AAA0,건설공사비지수,72.99,2020＝100
200912,15397AA2AA12,비주거용건물,,,16397AAA0,건설공사비지수,72.98,2020＝100
200901,15397AA2AA121,비주거용건물,,,16397AAA0,건설공사비지수,73.54,2020＝100
200902,15397AA2AA121,비주거용건물,,,16397AAA0,건설공사비지수,73.36,2020＝100
200903,15397AA2AA121,비주거용건물,,,16397AAA0,건설공사비지수,73.37,2020＝100
200904,15397AA2AA121,비주거용건물,,,16397AAA0,건설공사비지수,73.35,2020＝100
200905,15397AA2AA121,비주거용건물,,,16397AAA0,건설공사비지수,72.91,2020＝100
200906,15397AA2AA121,비주거용건물,,,16397AAA0,건설공사비지수,72.43,2020＝100
200907,15397AA2AA121,비주거용건물,,,16397AAA0,건설공사비지수,72.51,2020＝100
200908,15397AA2AA121,비주거용건물,,,16397AAA0,건설공사비지수,72.71,2020＝100
200909,15397AA2AA121,비주거용건물,,,16397AAA0,건설공사비지수,73.14,2020＝100
200910,15397AA2AA121,비주거용건물,,,16397AAA0,건설공사비지수,73.04,2020＝100
200911,15397AA2AA121,비주거용건물,,,16397AAA0,건설공사비지수,72.99,2020＝100
200912,15397AA2AA121,비주거용건물,,,16397AAA0,건설공사비지수,72.98,2020＝100
200901,15397AA2AA13,건축보수,,,16397AAA0,건설공사비지수,72.89,2020＝100
200902,15397AA2AA13,건축보수,,,16397AAA0,건설공사비지수,72.73,2020＝100
200903,15397AA2AA13,건축보수,,,16397AAA0,건설공사비지수,72.65,2020＝100
200904,15397AA2AA13,건축보수,,,16397AAA0,건설공사비지수,72.44,2020＝100
200905,15397AA2AA13,건축보수,,,16397AAA0,건설공사비지수,71.92,2020＝100
200906,15397AA2AA13,건축보수,,,16397AAA0,건설공사비지수,71.66,2020＝100
200907,15397AA2AA13,건축보수,,,16397AAA0,건설공사비지수,71.73,2020＝100
200908,15397AA2AA13,건축보수,,,16397AAA0,건설공사비지수,71.79,2020＝100
200909,15397AA2AA13,건축보수,,,16397AAA0,건설공사비지수,72.08,2020＝100
200910,15397AA2AA13,건축보수,,,16397AAA0,건설공사비지수,72.04,2020＝100
200911,15397AA2AA13,건축보수,,,16397AAA0,건설공사비지수,72.04,2020＝100
200912,15397AA2AA13,건축보수,,,16397AAA0,건설공사비지수,72,2020＝100
200901,15397AA2AA131,건축보수,,,16397AAA0,건설공사비지수,72.89,2020＝100
200902,15397AA2AA131,건축보수,,,16397AAA0,건설공사비지수,72.73,2020＝100
200903,15397AA2AA131,건축보수,,,16397AAA0,건설공사비지수,72.65,2020＝100
200904,15397AA2AA131,건축보수,,,16397AAA0,건설공사비지수,72.44,2020＝100
200905,15397AA2AA131,건축보수,,,16397AAA0,건설공사비지수,71.92,2020＝100
200906,15397AA2AA131,건축보수,,,16397AAA0,건설공사비지수,71.66,2020＝100
200907,15397AA2AA131,건축보수,,,16397AAA0,건설공사비지수,71.73,2020＝100
200908,15397AA2AA131,건축보수,,,16397AAA0,건설공사비지수,71.79,2020＝100
200909,15397AA2AA131,건축보수,,,16397AAA0,건설공사비지수,72.08,2020＝100
200910,15397AA2AA131,건축보수,,,16397AAA0,건설공사비지수,72.04,2020＝100
200911,15397AA2AA131,건축보수,,,16397AAA0,건설공사비지수,72.04,2020＝100
200912,15397AA2AA131,건축보수,,,16397AAA0,건설공사비지수,72,2020＝100
200901,15397AA2AA2,토목건설,,,16397AAA0,건설공사비지수,73.86,2020＝100
200902,15397AA2AA2,토목건설,,,16397AAA0,건설공사비지수,73.65,2020＝100
200903,15397AA2AA2,토목건설,,,16397AAA0,건설공사비지수,73.61,2020＝100
200904,15397AA2AA2,토목건설,,,16397AAA0,건설공사비지수,73.67,2020＝100
200905,15397AA2AA2,토목건설,,,16397AAA0,건설공사비지수,73.08,2020＝100
200906,15397AA2AA2,토목건설,,,16397AAA0,건설공사비지수,72.55,2020＝100
200907,15397AA2AA2,토목건설,,,16397AAA0,건설공사비지수,72.58,2020＝100
200908,15397AA2AA2,토목건설,,,16397AAA0,건설공사비지수,72.91,2020＝100
200909,15397AA2AA2,토목건설,,,16397AAA0,건설공사비지수,73.22,2020＝100
200910,15397AA2AA2,토목건설,,,16397AAA0,건설공사비지수,73.16,2020＝100
200911,15397AA2AA2,토목건설,,,16397AAA0,건설공사비지수,73.33,2020＝100
200912,15397AA2AA2,토목건설,,,16397AAA0,건설공사비지수,73.28,2020＝100
200901,15397AA2AA21,교통시설건설,,,16397AAA0,건설공사비지수,73.71,2020＝100
200902,15397AA2AA21,교통시설건설,,,16397AAA0,건설공사비지수,73.55,2020＝100
200903,15397AA2AA21,교통시설건설,,,16397AAA0,건설공사비지수,73.43,2020＝100
200904,15397AA2AA21,교통시설건설,,,16397AAA0,건설공사비지수,73.44,2020＝100
200905,15397AA2AA21,교통시설건설,,,16397AAA0,건설공사비지수,72.85,2020＝100
200906,15397AA2AA21,교통시설건설,,,16397AAA0,건설공사비지수,72.55,2020＝100
200907,15397AA2AA21,교통시설건설,,,16397AAA0,건설공사비지수,72.66,2020＝100
200908,15397AA2AA21,교통시설건설,,,16397AAA0,건설공사비지수,72.96,2020＝100
200909,15397AA2AA21,교통시설건설,,,16397AAA0,건설공사비지수,73.29,2020＝100
200910,15397AA2AA21,교통시설건설,,,16397AAA0,건설공사비지수,73.19,2020＝100
200911,15397AA2AA21,교통시설건설,,,16397AAA0,건설공사비지수,73.44,2020＝100
200912,15397AA2AA21,교통시설건설,,,16397AAA0,건설공사비지수,73.33,2020＝100
200901,15397AA2AA211,도로시설,,,16397AAA0,건설공사비지수,72.91,2020＝100
200902,15397AA2AA211,도로시설,,,16397AAA0,건설공사비지수,72.74,2020＝100
200903,15397AA2AA211,도로시설,,,16397AAA0,건설공사비지수,72.61,2020＝100
200904,15397AA2AA211,도로시설,,,16397AAA0,건설공사비지수,72.67,2020＝100
200905,15397AA2AA211,도로시설,,,16397AAA0,건설공사비지수,72.27,2020＝100
200906,15397AA2AA211,도로시설,,,16397AAA0,건설공사비지수,72.09,2020＝100
200907,15397AA2AA211,도로시설,,,16397AAA0,건설공사비지수,72.18,2020＝100
200908,15397AA2AA211,도로시설,,,16397AAA0,건설공사비지수,72.53,2020＝100
200909,15397AA2AA211,도로시설,,,16397AAA0,건설공사비지수,72.84,2020＝100
200910,15397AA2AA211,도로시설,,,16397AAA0,건설공사비지수,72.76,2020＝100
200911,15397AA2AA211,도로시설,,,16397AAA0,건설공사비지수,73.05,2020＝100
200912,15397AA2AA211,도로시설,,,16397AAA0,건설공사비지수,72.95,2020＝100
200901,15397AA2AA212,철도시설,,,16397AAA0,건설공사비지수,76.5,2020＝100
200902,15397AA2AA212,철도시설,,,16397AAA0,건설공사비지수,76.37,2020＝100
200903,15397AA2AA212,철도시설,,,16397AAA0,건설공사비지수,76.3,2020＝100
200904,15397AA2AA212,철도시설,,,16397AAA0,건설공사비지수,76.12,2020＝100
200905,15397AA2AA212,철도시설,,,16397AAA0,건설공사비지수,75,2020＝100
200906,15397AA2AA212,철도시설,,,16397AAA0,건설공사비지수,74.29,2020＝100
200907,15397AA2AA212,철도시설,,,16397AAA0,건설공사비지수,74.39,2020＝100
200908,15397AA2AA212,철도시설,,,16397AAA0,건설공사비지수,74.63,2020＝100
200909,15397AA2AA212,철도시설,,,16397AAA0,건설공사비지수,75.08,2020＝100
200910,15397AA2AA212,철도시설,,,16397AAA0,건설공사비지수,74.92,2020＝100
200911,15397AA2AA212,철도시설,,,16397AAA0,건설공사비지수,74.67,2020＝100
200912,15397AA2AA212,철도시설,,,16397AAA0,건설공사비지수,74.57,2020＝100
200901,15397AA2AA213,항만시설,,,16397AAA0,건설공사비지수,70.53,2020＝100
200902,15397AA2AA213,항만시설,,,16397AAA0,건설공사비지수,70.34,2020＝100
200903,15397AA2AA213,항만시설,,,16397AAA0,건설공사비지수,70.25,2020＝100
200904,15397AA2AA213,항만시설,,,16397AAA0,건설공사비지수,70.36,2020＝100
200905,15397AA2AA213,항만시설,,,16397AAA0,건설공사비지수,70,2020＝100
200906,15397AA2AA213,항만시설,,,16397AAA0,건설공사비지수,70.11,2020＝100
200907,15397AA2AA213,항만시설,,,16397AAA0,건설공사비지수,70.16,2020＝100
200908,15397AA2AA213,항만시설,,,16397AAA0,건설공사비지수,70.39,2020＝100
200909,15397AA2AA213,항만시설,,,16397AAA0,건설공사비지수,70.55,2020＝100
200910,15397AA2AA213,항만시설,,,16397AAA0,건설공사비지수,70.44,2020＝100
200911,15397AA2AA213,항만시설,,,16397AAA0,건설공사비지수,71.82,2020＝100
200912,15397AA2AA213,항만시설,,,16397AAA0,건설공사비지수,71.66,2020＝100
200901,15397AA2AA22,일반토목시설건설,,,16397AAA0,건설공사비지수,74.46,2020＝100
200902,15397AA2AA22,일반토목시설건설,,,16397AAA0,건설공사비지수,74.18,2020＝100
200903,15397AA2AA22,일반토목시설건설,,,16397AAA0,건설공사비지수,73.97,2020＝100
200904,15397AA2AA22,일반토목시설건설,,,16397AAA0,건설공사비지수,73.89,2020＝100
200905,15397AA2AA22,일반토목시설건설,,,16397AAA0,건설공사비지수,73.16,2020＝100
200906,15397AA2AA22,일반토목시설건설,,,16397AAA0,건설공사비지수,72.38,2020＝100
200907,15397AA2AA22,일반토목시설건설,,,16397AAA0,건설공사비지수,72.34,2020＝100
200908,15397AA2AA22,일반토목시설건설,,,16397AAA0,건설공사비지수,72.57,2020＝100
200909,15397AA2AA22,일반토목시설건설,,,16397AAA0,건설공사비지수,72.72,2020＝100
200910,15397AA2AA22,일반토목시설건설,,,16397AAA0,건설공사비지수,72.7,2020＝100
200911,15397AA2AA22,일반토목시설건설,,,16397AAA0,건설공사비지수,72.92,2020＝100
200912,15397AA2AA22,일반토목시설건설,,,16397AAA0,건설공사비지수,72.78,2020＝100
200901,15397AA2AA221,하천사방,,,16397AAA0,건설공사비지수,70.64,2020＝100
200902,15397AA2AA221,하천사방,,,16397AAA0,건설공사비지수,70.45,2020＝100
200903,15397AA2AA221,하천사방,,,16397AAA0,건설공사비지수,70.45,2020＝100
200904,15397AA2AA221,하천사방,,,16397AAA0,건설공사비지수,70.45,2020＝100
200905,15397AA2AA221,하천사방,,,16397AAA0,건설공사비지수,69.98,2020＝100
200906,15397AA2AA221,하천사방,,,16397AAA0,건설공사비지수,69.97,2020＝100
200907,15397AA2AA221,하천사방,,,16397AAA0,건설공사비지수,70.17,2020＝100
200908,15397AA2AA221,하천사방,,,16397AAA0,건설공사비지수,70.41,2020＝100
200909,15397AA2AA221,하천사방,,,16397AAA0,건설공사비지수,70.51,2020＝100
200910,15397AA2AA221,하천사방,,,16397AAA0,건설공사비지수,70.39,2020＝100
200911,15397AA2AA221,하천사방,,,16397AAA0,건설공사비지수,70.82,2020＝100
200912,15397AA2AA221,하천사방,,,16397AAA0,건설공사비지수,70.7,2020＝100
200901,15397AA2AA222,상하수도시설,,,16397AAA0,건설공사비지수,78.89,2020＝100
200902,15397AA2AA222,상하수도시설,,,16397AAA0,건설공사비지수,78.41,2020＝100
200903,15397AA2AA222,상하수도시설,,,16397AAA0,건설공사비지수,78.21,2020＝100
200904,15397AA2AA222,상하수도시설,,,16397AAA0,건설공사비지수,77.89,2020＝100
200905,15397AA2AA222,상하수도시설,,,16397AAA0,건설공사비지수,76.42,2020＝100
200906,15397AA2AA222,상하수도시설,,,16397AAA0,건설공사비지수,73.88,2020＝100
200907,15397AA2AA222,상하수도시설,,,16397AAA0,건설공사비지수,73.46,2020＝100
200908,15397AA2AA222,상하수도시설,,,16397AAA0,건설공사비지수,73.56,2020＝100
200909,15397AA2AA222,상하수도시설,,,16397AAA0,건설공사비지수,73.73,2020＝100
200910,15397AA2AA222,상하수도시설,,,16397AAA0,건설공사비지수,74.04,2020＝100
200911,15397AA2AA222,상하수도시설,,,16397AAA0,건설공사비지수,74.25,2020＝100
200912,15397AA2AA222,상하수도시설,,,16397AAA0,건설공사비지수,74.11,2020＝100
200901,15397AA2AA223,농림수산토목,,,16397AAA0,건설공사비지수,69.9,2020＝100
200902,15397AA2AA223,농림수산토목,,,16397AAA0,건설공사비지수,69.68,2020＝100
200903,15397AA2AA223,농림수산토목,,,16397AAA0,건설공사비지수,69.61,2020＝100
200904,15397AA2AA223,농림수산토목,,,16397AAA0,건설공사비지수,69.61,2020＝100
200905,15397AA2AA223,농림수산토목,,,16397AAA0,건설공사비지수,68.98,2020＝100
200906,15397AA2AA223,농림수산토목,,,16397AAA0,건설공사비지수,68.83,2020＝100
200907,15397AA2AA223,농림수산토목,,,16397AAA0,건설공사비지수,68.82,2020＝100
200908,15397AA2AA223,농림수산토목,,,16397AAA0,건설공사비지수,69.11,2020＝100
200909,15397AA2AA223,농림수산토목,,,16397AAA0,건설공사비지수,69.29,2020＝100
200910,15397AA2AA223,농림수산토목,,,16397AAA0,건설공사비지수,69.1,2020＝100
200911,15397AA2AA223,농림수산토목,,,16397AAA0,건설공사비지수,69.38,2020＝100
200912,15397AA2AA223,농림수산토목,,,16397AAA0,건설공사비지수,69.14,2020＝100
200901,15397AA2AA224,도시토목,,,16397AAA0,건설공사비지수,74.71,2020＝100
200902,15397AA2AA224,도시토목,,,16397AAA0,건설공사비지수,74.47,2020＝100
200903,15397AA2AA224,도시토목,,,16397AAA0,건설공사비지수,74.13,2020＝100
200904,15397AA2AA224,도시토목,,,16397AAA0,건설공사비지수,74.12,2020＝100
200905,15397AA2AA224,도시토목,,,16397AAA0,건설공사비지수,73.61,2020＝100
200906,15397AA2AA224,도시토목,,,16397AAA0,건설공사비지수,73.16,2020＝100
200907,15397AA2AA224,도시토목,,,16397AAA0,건설공사비지수,73.18,2020＝100
200908,15397AA2AA224,도시토목,,,16397AAA0,건설공사비지수,73.43,2020＝100
200909,15397AA2AA224,도시토목,,,16397AAA0,건설공사비지수,73.6,2020＝100
200910,15397AA2AA224,도시토목,,,16397AAA0,건설공사비지수,73.5,2020＝100
200911,15397AA2AA224,도시토목,,,16397AAA0,건설공사비지수,73.62,2020＝100
200912,15397AA2AA224,도시토목,,,16397AAA0,건설공사비지수,73.47,2020＝100
200901,15397AA2AA23,산업시설건설,,,16397AAA0,건설공사비지수,73.41,2020＝100
200902,15397AA2AA23,산업시설건설,,,16397AAA0,건설공사비지수,73.24,2020＝100
200903,15397AA2AA23,산업시설건설,,,16397AAA0,건설공사비지수,73.51,2020＝100
200904,15397AA2AA23,산업시설건설,,,16397AAA0,건설공사비지수,73.83,2020＝100
200905,15397AA2AA23,산업시설건설,,,16397AAA0,건설공사비지수,73.35,2020＝100
200906,15397AA2AA23,산업시설건설,,,16397AAA0,건설공사비지수,72.88,2020＝100
200907,15397AA2AA23,산업시설건설,,,16397AAA0,건설공사비지수,72.84,2020＝100
200908,15397AA2AA23,산업시설건설,,,16397AAA0,건설공사비지수,73.38,2020＝100
200909,15397AA2AA23,산업시설건설,,,16397AAA0,건설공사비지수,73.84,2020＝100
200910,15397AA2AA23,산업시설건설,,,16397AAA0,건설공사비지수,73.8,2020＝100
200911,15397AA2AA23,산업시설건설,,,16397AAA0,건설공사비지수,73.88,2020＝100
200912,15397AA2AA23,산업시설건설,,,16397AAA0,건설공사비지수,74.01,2020＝100
200901,15397AA2AA231,환경정화시설,,,16397AAA0,건설공사비지수,71.94,2020＝100
200902,15397AA2AA231,환경정화시설,,,16397AAA0,건설공사비지수,71.73,2020＝100
200903,15397AA2AA231,환경정화시설,,,16397AAA0,건설공사비지수,71.62,2020＝100
200904,15397AA2AA231,환경정화시설,,,16397AAA0,건설공사비지수,71.51,2020＝100
200905,15397AA2AA231,환경정화시설,,,16397AAA0,건설공사비지수,71,2020＝100
200906,15397AA2AA231,환경정화시설,,,16397AAA0,건설공사비지수,70.37,2020＝100
200907,15397AA2AA231,환경정화시설,,,16397AAA0,건설공사비지수,70.43,2020＝100
200908,15397AA2AA231,환경정화시설,,,16397AAA0,건설공사비지수,70.54,2020＝100
200909,15397AA2AA231,환경정화시설,,,16397AAA0,건설공사비지수,70.94,2020＝100
200910,15397AA2AA231,환경정화시설,,,16397AAA0,건설공사비지수,70.89,2020＝100
200911,15397AA2AA231,환경정화시설,,,16397AAA0,건설공사비지수,70.77,2020＝100
200912,15397AA2AA231,환경정화시설,,,16397AAA0,건설공사비지수,70.75,2020＝100
200901,15397AA2AA232,발전소시설,,,16397AAA0,건설공사비지수,72.67,2020＝100
200902,15397AA2AA232,발전소시설,,,16397AAA0,건설공사비지수,72.64,2020＝100
200903,15397AA2AA232,발전소시설,,,16397AAA0,건설공사비지수,73.36,2020＝100
200904,15397AA2AA232,발전소시설,,,16397AAA0,건설공사비지수,74.52,2020＝100
200905,15397AA2AA232,발전소시설,,,16397AAA0,건설공사비지수,74.28,2020＝100
200906,15397AA2AA232,발전소시설,,,16397AAA0,건설공사비지수,74.49,2020＝100
200907,15397AA2AA232,발전소시설,,,16397AAA0,건설공사비지수,74.55,2020＝100
200908,15397AA2AA232,발전소시설,,,16397AAA0,건설공사비지수,75.7,2020＝100
200909,15397AA2AA232,발전소시설,,,16397AAA0,건설공사비지수,76.36,2020＝100
200910,15397AA2AA232,발전소시설,,,16397AAA0,건설공사비지수,76.31,2020＝100
200911,15397AA2AA232,발전소시설,,,16397AAA0,건설공사비지수,76.67,2020＝100
200912,15397AA2AA232,발전소시설,,,16397AAA0,건설공사비지수,77.04,2020＝100
200901,15397AA2AA234,산업플랜트,,,16397AAA0,건설공사비지수,73.01,2020＝100
200902,15397AA2AA234,산업플랜트,,,16397AAA0,건설공사비지수,72.76,2020＝100
200903,15397AA2AA234,산업플랜트,,,16397AAA0,건설공사비지수,72.76,2020＝100
200904,15397AA2AA234,산업플랜트,,,16397AAA0,건설공사비지수,72.59,2020＝100
200905,15397AA2AA234,산업플랜트,,,16397AAA0,건설공사비지수,71.95,2020＝100
200906,15397AA2AA234,산업플랜트,,,16397AAA0,건설공사비지수,70.86,2020＝100
200907,15397AA2AA234,산업플랜트,,,16397AAA0,건설공사비지수,70.72,2020＝100
200908,15397AA2AA234,산업플랜트,,,16397AAA0,건설공사비지수,70.83,2020＝100
200909,15397AA2AA234,산업플랜트,,,16397AAA0,건설공사비지수,71.17,2020＝100
200910,15397AA2AA234,산업플랜트,,,16397AAA0,건설공사비지수,71.16,2020＝100
200911,15397AA2AA234,산업플랜트,,,16397AAA0,건설공사비지수,70.99,2020＝100
200912,15397AA2AA234,산업플랜트,,,16397AAA0,건설공사비지수,70.98,2020＝100
200901,15397AA2AA24,기타건설,,,16397AAA0,건설공사비지수,72.31,2020＝100
200902,15397AA2AA24,기타건설,,,16397AAA0,건설공사비지수,72,2020＝100
200903,15397AA2AA24,기타건설,,,16397AAA0,건설공사비지수,71.86,2020＝100
200904,15397AA2AA24,기타건설,,,16397AAA0,건설공사비지수,71.9,2020＝100
200905,15397AA2AA24,기타건설,,,16397AAA0,건설공사비지수,71.46,2020＝100
200906,15397AA2AA24,기타건설,,,16397AAA0,건설공사비지수,70.8,2020＝100
200907,15397AA2AA24,기타건설,,,16397AAA0,건설공사비지수,70.99,2020＝100
200908,15397AA2AA24,기타건설,,,16397AAA0,건설공사비지수,71.16,2020＝100
200909,15397AA2AA24,기타건설,,,16397AAA0,건설공사비지수,71.53,2020＝100
200910,15397AA2AA24,기타건설,,,16397AAA0,건설공사비지수,71.44,2020＝100
200911,15397AA2AA24,기타건설,,,16397AAA0,건설공사비지수,71.38,2020＝100
200912,15397AA2AA24,기타건설,,,16397AAA0,건설공사비지수,71.27,2020＝100
200901,15397AA2AA241,기타건설,,,16397AAA0,건설공사비지수,72.31,2020＝100
200902,15397AA2AA241,기타건설,,,16397AAA0,건설공사비지수,72,2020＝100
200903,15397AA2AA241,기타건설,,,16397AAA0,건설공사비지수,71.86,2020＝100
200904,15397AA2AA241,기타건설,,,16397AAA0,건설공사비지수,71.9,2020＝100
200905,15397AA2AA241,기타건설,,,16397AAA0,건설공사비지수,71.46,2020＝100
200906,15397AA2AA241,기타건설,,,16397AAA0,건설공사비지수,70.8,2020＝100
200907,15397AA2AA241,기타건설,,,16397AAA0,건설공사비지수,70.99,2020＝100
200908,15397AA2AA241,기타건설,,,16397AAA0,건설공사비지수,71.16,2020＝100
200909,15397AA2AA241,기타건설,,,16397AAA0,건설공사비지수,71.53,2020＝100
200910,15397AA2AA241,기타건설,,,16397AAA0,건설공사비지수,71.44,2020＝100
200911,15397AA2AA241,기타건설,,,16397AAA0,건설공사비지수,71.38,2020＝100
200912,15397AA2AA241,기타건설,,,16397AAA0,건설공사비지수,71.27,2020＝100
201001,15397AA2AA,건설,,,16397AAA0,건설공사비지수,73.59,2020＝100
201002,15397AA2AA,건설,,,16397AAA0,건설공사비지수,73.58,2020＝100
201003,15397AA2AA,건설,,,16397AAA0,건설공사비지수,74,2020＝100
201004,15397AA2AA,건설,,,16397AAA0,건설공사비지수,74.75,2020＝100
201005,15397AA2AA,건설,,,16397AAA0,건설공사비지수,75.38,2020＝100
201006,15397AA2AA,건설,,,16397AAA0,건설공사비지수,75.4,2020＝100
201007,15397AA2AA,건설,,,16397AAA0,건설공사비지수,75.4,2020＝100
201008,15397AA2AA,건설,,,16397AAA0,건설공사비지수,75.46,2020＝100
201009,15397AA2AA,건설,,,16397AAA0,건설공사비지수,76.31,2020＝100
201010,15397AA2AA,건설,,,16397AAA0,건설공사비지수,76.39,2020＝100
201011,15397AA2AA,건설,,,16397AAA0,건설공사비지수,76.45,2020＝100
201012,15397AA2AA,건설,,,16397AAA0,건설공사비지수,76.63,2020＝100
201001,15397AA2AA1,건물건설 및 건축보수,,,16397AAA0,건설공사비지수,73.3,2020＝100
201002,15397AA2AA1,건물건설 및 건축보수,,,16397AAA0,건설공사비지수,73.32,2020＝100
201003,15397AA2AA1,건물건설 및 건축보수,,,16397AAA0,건설공사비지수,73.71,2020＝100
201004,15397AA2AA1,건물건설 및 건축보수,,,16397AAA0,건설공사비지수,74.39,2020＝100
201005,15397AA2AA1,건물건설 및 건축보수,,,16397AAA0,건설공사비지수,74.96,2020＝100
201006,15397AA2AA1,건물건설 및 건축보수,,,16397AAA0,건설공사비지수,74.93,2020＝100
201007,15397AA2AA1,건물건설 및 건축보수,,,16397AAA0,건설공사비지수,74.91,2020＝100
201008,15397AA2AA1,건물건설 및 건축보수,,,16397AAA0,건설공사비지수,74.94,2020＝100
201009,15397AA2AA1,건물건설 및 건축보수,,,16397AAA0,건설공사비지수,75.77,2020＝100
201010,15397AA2AA1,건물건설 및 건축보수,,,16397AAA0,건설공사비지수,75.83,2020＝100
201011,15397AA2AA1,건물건설 및 건축보수,,,16397AAA0,건설공사비지수,75.89,2020＝100
201012,15397AA2AA1,건물건설 및 건축보수,,,16397AAA0,건설공사비지수,76.04,2020＝100
201001,15397AA2AA11,주거용건물,,,16397AAA0,건설공사비지수,72.61,2020＝100
201002,15397AA2AA11,주거용건물,,,16397AAA0,건설공사비지수,72.62,2020＝100
201003,15397AA2AA11,주거용건물,,,16397AAA0,건설공사비지수,73.02,2020＝100
201004,15397AA2AA11,주거용건물,,,16397AAA0,건설공사비지수,73.71,2020＝100
201005,15397AA2AA11,주거용건물,,,16397AAA0,건설공사비지수,74.23,2020＝100
201006,15397AA2AA11,주거용건물,,,16397AAA0,건설공사비지수,74.16,2020＝100
201007,15397AA2AA11,주거용건물,,,16397AAA0,건설공사비지수,74.13,2020＝100
201008,15397AA2AA11,주거용건물,,,16397AAA0,건설공사비지수,74.14,2020＝100
201009,15397AA2AA11,주거용건물,,,16397AAA0,건설공사비지수,74.99,2020＝100
201010,15397AA2AA11,주거용건물,,,16397AAA0,건설공사비지수,75.01,2020＝100
201011,15397AA2AA11,주거용건물,,,16397AAA0,건설공사비지수,75.07,2020＝100
201012,15397AA2AA11,주거용건물,,,16397AAA0,건설공사비지수,75.22,2020＝100
201001,15397AA2AA111,주거용건물,,,16397AAA0,건설공사비지수,72.61,2020＝100
201002,15397AA2AA111,주거용건물,,,16397AAA0,건설공사비지수,72.62,2020＝100
201003,15397AA2AA111,주거용건물,,,16397AAA0,건설공사비지수,73.02,2020＝100
201004,15397AA2AA111,주거용건물,,,16397AAA0,건설공사비지수,73.71,2020＝100
201005,15397AA2AA111,주거용건물,,,16397AAA0,건설공사비지수,74.23,2020＝100
201006,15397AA2AA111,주거용건물,,,16397AAA0,건설공사비지수,74.16,2020＝100
201007,15397AA2AA111,주거용건물,,,16397AAA0,건설공사비지수,74.13,2020＝100
201008,15397AA2AA111,주거용건물,,,16397AAA0,건설공사비지수,74.14,2020＝100
201009,15397AA2AA111,주거용건물,,,16397AAA0,건설공사비지수,74.99,2020＝100
201010,15397AA2AA111,주거용건물,,,16397AAA0,건설공사비지수,75.01,2020＝100
201011,15397AA2AA111,주거용건물,,,16397AAA0,건설공사비지수,75.07,2020＝100
201012,15397AA2AA111,주거용건물,,,16397AAA0,건설공사비지수,75.22,2020＝100
201001,15397AA2AA12,비주거용건물,,,16397AAA0,건설공사비지수,73.95,2020＝100
201002,15397AA2AA12,비주거용건물,,,16397AAA0,건설공사비지수,73.97,2020＝100
201003,15397AA2AA12,비주거용건물,,,16397AAA0,건설공사비지수,74.37,2020＝100
201004,15397AA2AA12,비주거용건물,,,16397AAA0,건설공사비지수,75.06,2020＝100
201005,15397AA2AA12,비주거용건물,,,16397AAA0,건설공사비지수,75.7,2020＝100
201006,15397AA2AA12,비주거용건물,,,16397AAA0,건설공사비지수,75.69,2020＝100
201007,15397AA2AA12,비주거용건물,,,16397AAA0,건설공사비지수,75.7,2020＝100
201008,15397AA2AA12,비주거용건물,,,16397AAA0,건설공사비지수,75.74,2020＝100
201009,15397AA2AA12,비주거용건물,,,16397AAA0,건설공사비지수,76.55,2020＝100
201010,15397AA2AA12,비주거용건물,,,16397AAA0,건설공사비지수,76.63,2020＝100
201011,15397AA2AA12,비주거용건물,,,16397AAA0,건설공사비지수,76.69,2020＝100
201012,15397AA2AA12,비주거용건물,,,16397AAA0,건설공사비지수,76.86,2020＝100
201001,15397AA2AA121,비주거용건물,,,16397AAA0,건설공사비지수,73.95,2020＝100
201002,15397AA2AA121,비주거용건물,,,16397AAA0,건설공사비지수,73.97,2020＝100
201003,15397AA2AA121,비주거용건물,,,16397AAA0,건설공사비지수,74.37,2020＝100
201004,15397AA2AA121,비주거용건물,,,16397AAA0,건설공사비지수,75.06,2020＝100
201005,15397AA2AA121,비주거용건물,,,16397AAA0,건설공사비지수,75.7,2020＝100
201006,15397AA2AA121,비주거용건물,,,16397AAA0,건설공사비지수,75.69,2020＝100
201007,15397AA2AA121,비주거용건물,,,16397AAA0,건설공사비지수,75.7,2020＝100
201008,15397AA2AA121,비주거용건물,,,16397AAA0,건설공사비지수,75.74,2020＝100
201009,15397AA2AA121,비주거용건물,,,16397AAA0,건설공사비지수,76.55,2020＝100
201010,15397AA2AA121,비주거용건물,,,16397AAA0,건설공사비지수,76.63,2020＝100
201011,15397AA2AA121,비주거용건물,,,16397AAA0,건설공사비지수,76.69,2020＝100
201012,15397AA2AA121,비주거용건물,,,16397AAA0,건설공사비지수,76.86,2020＝100
201001,15397AA2AA13,건축보수,,,16397AAA0,건설공사비지수,73.01,2020＝100
201002,15397AA2AA13,건축보수,,,16397AAA0,건설공사비지수,73.02,2020＝100
201003,15397AA2AA13,건축보수,,,16397AAA0,건설공사비지수,73.32,2020＝100
201004,15397AA2AA13,건축보수,,,16397AAA0,건설공사비지수,73.92,2020＝100
201005,15397AA2AA13,건축보수,,,16397AAA0,건설공사비지수,74.23,2020＝100
201006,15397AA2AA13,건축보수,,,16397AAA0,건설공사비지수,74.37,2020＝100
201007,15397AA2AA13,건축보수,,,16397AAA0,건설공사비지수,74.25,2020＝100
201008,15397AA2AA13,건축보수,,,16397AAA0,건설공사비지수,74.31,2020＝100
201009,15397AA2AA13,건축보수,,,16397AAA0,건설공사비지수,75.12,2020＝100
201010,15397AA2AA13,건축보수,,,16397AAA0,건설공사비지수,75.24,2020＝100
201011,15397AA2AA13,건축보수,,,16397AAA0,건설공사비지수,75.32,2020＝100
201012,15397AA2AA13,건축보수,,,16397AAA0,건설공사비지수,75.43,2020＝100
201001,15397AA2AA131,건축보수,,,16397AAA0,건설공사비지수,73.01,2020＝100
201002,15397AA2AA131,건축보수,,,16397AAA0,건설공사비지수,73.02,2020＝100
201003,15397AA2AA131,건축보수,,,16397AAA0,건설공사비지수,73.32,2020＝100
201004,15397AA2AA131,건축보수,,,16397AAA0,건설공사비지수,73.92,2020＝100
201005,15397AA2AA131,건축보수,,,16397AAA0,건설공사비지수,74.23,2020＝100
201006,15397AA2AA131,건축보수,,,16397AAA0,건설공사비지수,74.37,2020＝100
201007,15397AA2AA131,건축보수,,,16397AAA0,건설공사비지수,74.25,2020＝100
201008,15397AA2AA131,건축보수,,,16397AAA0,건설공사비지수,74.31,2020＝100
201009,15397AA2AA131,건축보수,,,16397AAA0,건설공사비지수,75.12,2020＝100
201010,15397AA2AA131,건축보수,,,16397AAA0,건설공사비지수,75.24,2020＝100
201011,15397AA2AA131,건축보수,,,16397AAA0,건설공사비지수,75.32,2020＝100
201012,15397AA2AA131,건축보수,,,16397AAA0,건설공사비지수,75.43,2020＝100
201001,15397AA2AA2,토목건설,,,16397AAA0,건설공사비지수,74.26,2020＝100
201002,15397AA2AA2,토목건설,,,16397AAA0,건설공사비지수,74.19,2020＝100
201003,15397AA2AA2,토목건설,,,16397AAA0,건설공사비지수,74.66,2020＝100
201004,15397AA2AA2,토목건설,,,16397AAA0,건설공사비지수,75.54,2020＝100
201005,15397AA2AA2,토목건설,,,16397AAA0,건설공사비지수,76.31,2020＝100
201006,15397AA2AA2,토목건설,,,16397AAA0,건설공사비지수,76.42,2020＝100
201007,15397AA2AA2,토목건설,,,16397AAA0,건설공사비지수,76.48,2020＝100
201008,15397AA2AA2,토목건설,,,16397AAA0,건설공사비지수,76.58,2020＝100
201009,15397AA2AA2,토목건설,,,16397AAA0,건설공사비지수,77.49,2020＝100
201010,15397AA2AA2,토목건설,,,16397AAA0,건설공사비지수,77.61,2020＝100
201011,15397AA2AA2,토목건설,,,16397AAA0,건설공사비지수,77.68,2020＝100
201012,15397AA2AA2,토목건설,,,16397AAA0,건설공사비지수,77.93,2020＝100
201001,15397AA2AA21,교통시설건설,,,16397AAA0,건설공사비지수,74.32,2020＝100
201002,15397AA2AA21,교통시설건설,,,16397AAA0,건설공사비지수,74.23,2020＝100
201003,15397AA2AA21,교통시설건설,,,16397AAA0,건설공사비지수,74.86,2020＝100
201004,15397AA2AA21,교통시설건설,,,16397AAA0,건설공사비지수,75.96,2020＝100
201005,15397AA2AA21,교통시설건설,,,16397AAA0,건설공사비지수,77.41,2020＝100
201006,15397AA2AA21,교통시설건설,,,16397AAA0,건설공사비지수,77.55,2020＝100
201007,15397AA2AA21,교통시설건설,,,16397AAA0,건설공사비지수,77.69,2020＝100
201008,15397AA2AA21,교통시설건설,,,16397AAA0,건설공사비지수,77.67,2020＝100
201009,15397AA2AA21,교통시설건설,,,16397AAA0,건설공사비지수,78.45,2020＝100
201010,15397AA2AA21,교통시설건설,,,16397AAA0,건설공사비지수,78.29,2020＝100
201011,15397AA2AA21,교통시설건설,,,16397AAA0,건설공사비지수,78.33,2020＝100
201012,15397AA2AA21,교통시설건설,,,16397AAA0,건설공사비지수,78.47,2020＝100
201001,15397AA2AA211,도로시설,,,16397AAA0,건설공사비지수,74.01,2020＝100
201002,15397AA2AA211,도로시설,,,16397AAA0,건설공사비지수,73.89,2020＝100
201003,15397AA2AA211,도로시설,,,16397AAA0,건설공사비지수,74.53,2020＝100
201004,15397AA2AA211,도로시설,,,16397AAA0,건설공사비지수,75.79,2020＝100
201005,15397AA2AA211,도로시설,,,16397AAA0,건설공사비지수,76.81,2020＝100
201006,15397AA2AA211,도로시설,,,16397AAA0,건설공사비지수,77.05,2020＝100
201007,15397AA2AA211,도로시설,,,16397AAA0,건설공사비지수,77.08,2020＝100
201008,15397AA2AA211,도로시설,,,16397AAA0,건설공사비지수,77.04,2020＝100
201009,15397AA2AA211,도로시설,,,16397AAA0,건설공사비지수,77.78,2020＝100
201010,15397AA2AA211,도로시설,,,16397AAA0,건설공사비지수,77.52,2020＝100
201011,15397AA2AA211,도로시설,,,16397AAA0,건설공사비지수,77.56,2020＝100
201012,15397AA2AA211,도로시설,,,16397AAA0,건설공사비지수,77.68,2020＝100
201001,15397AA2AA212,철도시설,,,16397AAA0,건설공사비지수,75.37,2020＝100
201002,15397AA2AA212,철도시설,,,16397AAA0,건설공사비지수,75.35,2020＝100
201003,15397AA2AA212,철도시설,,,16397AAA0,건설공사비지수,75.94,2020＝100
201004,15397AA2AA212,철도시설,,,16397AAA0,건설공사비지수,76.74,2020＝100
201005,15397AA2AA212,철도시설,,,16397AAA0,건설공사비지수,79.29,2020＝100
201006,15397AA2AA212,철도시설,,,16397AAA0,건설공사비지수,79.2,2020＝100
201007,15397AA2AA212,철도시설,,,16397AAA0,건설공사비지수,79.62,2020＝100
201008,15397AA2AA212,철도시설,,,16397AAA0,건설공사비지수,79.64,2020＝100
201009,15397AA2AA212,철도시설,,,16397AAA0,건설공사비지수,80.49,2020＝100
201010,15397AA2AA212,철도시설,,,16397AAA0,건설공사비지수,80.5,2020＝100
201011,15397AA2AA212,철도시설,,,16397AAA0,건설공사비지수,80.55,2020＝100
201012,15397AA2AA212,철도시설,,,16397AAA0,건설공사비지수,80.72,2020＝100
201001,15397AA2AA213,항만시설,,,16397AAA0,건설공사비지수,72.61,2020＝100
201002,15397AA2AA213,항만시설,,,16397AAA0,건설공사비지수,72.49,2020＝100
201003,15397AA2AA213,항만시설,,,16397AAA0,건설공사비지수,73.11,2020＝100
201004,15397AA2AA213,항만시설,,,16397AAA0,건설공사비지수,74.04,2020＝100
201005,15397AA2AA213,항만시설,,,16397AAA0,건설공사비지수,75.03,2020＝100
201006,15397AA2AA213,항만시설,,,16397AAA0,건설공사비지수,75,2020＝100
201007,15397AA2AA213,항만시설,,,16397AAA0,건설공사비지수,75,2020＝100
201008,15397AA2AA213,항만시설,,,16397AAA0,건설공사비지수,75.06,2020＝100
201009,15397AA2AA213,항만시설,,,16397AAA0,건설공사비지수,75.87,2020＝100
201010,15397AA2AA213,항만시설,,,16397AAA0,건설공사비지수,75.88,2020＝100
201011,15397AA2AA213,항만시설,,,16397AAA0,건설공사비지수,75.94,2020＝100
201012,15397AA2AA213,항만시설,,,16397AAA0,건설공사비지수,76.13,2020＝100
201001,15397AA2AA22,일반토목시설건설,,,16397AAA0,건설공사비지수,73.72,2020＝100
201002,15397AA2AA22,일반토목시설건설,,,16397AAA0,건설공사비지수,73.67,2020＝100
201003,15397AA2AA22,일반토목시설건설,,,16397AAA0,건설공사비지수,73.99,2020＝100
201004,15397AA2AA22,일반토목시설건설,,,16397AAA0,건설공사비지수,74.7,2020＝100
201005,15397AA2AA22,일반토목시설건설,,,16397AAA0,건설공사비지수,75.26,2020＝100
201006,15397AA2AA22,일반토목시설건설,,,16397AAA0,건설공사비지수,75.55,2020＝100
201007,15397AA2AA22,일반토목시설건설,,,16397AAA0,건설공사비지수,75.63,2020＝100
201008,15397AA2AA22,일반토목시설건설,,,16397AAA0,건설공사비지수,75.89,2020＝100
201009,15397AA2AA22,일반토목시설건설,,,16397AAA0,건설공사비지수,76.77,2020＝100
201010,15397AA2AA22,일반토목시설건설,,,16397AAA0,건설공사비지수,76.67,2020＝100
201011,15397AA2AA22,일반토목시설건설,,,16397AAA0,건설공사비지수,76.68,2020＝100
201012,15397AA2AA22,일반토목시설건설,,,16397AAA0,건설공사비지수,76.85,2020＝100
201001,15397AA2AA221,하천사방,,,16397AAA0,건설공사비지수,71.64,2020＝100
201002,15397AA2AA221,하천사방,,,16397AAA0,건설공사비지수,71.58,2020＝100
201003,15397AA2AA221,하천사방,,,16397AAA0,건설공사비지수,71.92,2020＝100
201004,15397AA2AA221,하천사방,,,16397AAA0,건설공사비지수,72.35,2020＝100
201005,15397AA2AA221,하천사방,,,16397AAA0,건설공사비지수,73.19,2020＝100
201006,15397AA2AA221,하천사방,,,16397AAA0,건설공사비지수,73.26,2020＝100
201007,15397AA2AA221,하천사방,,,16397AAA0,건설공사비지수,73.42,2020＝100
201008,15397AA2AA221,하천사방,,,16397AAA0,건설공사비지수,73.44,2020＝100
201009,15397AA2AA221,하천사방,,,16397AAA0,건설공사비지수,74.32,2020＝100
201010,15397AA2AA221,하천사방,,,16397AAA0,건설공사비지수,74.35,2020＝100
201011,15397AA2AA221,하천사방,,,16397AAA0,건설공사비지수,74.43,2020＝100
201012,15397AA2AA221,하천사방,,,16397AAA0,건설공사비지수,74.65,2020＝100
201001,15397AA2AA222,상하수도시설,,,16397AAA0,건설공사비지수,74.93,2020＝100
201002,15397AA2AA222,상하수도시설,,,16397AAA0,건설공사비지수,74.89,2020＝100
201003,15397AA2AA222,상하수도시설,,,16397AAA0,건설공사비지수,75.08,2020＝100
201004,15397AA2AA222,상하수도시설,,,16397AAA0,건설공사비지수,75.75,2020＝100
201005,15397AA2AA222,상하수도시설,,,16397AAA0,건설공사비지수,75.97,2020＝100
201006,15397AA2AA222,상하수도시설,,,16397AAA0,건설공사비지수,76.21,2020＝100
201007,15397AA2AA222,상하수도시설,,,16397AAA0,건설공사비지수,76.31,2020＝100
201008,15397AA2AA222,상하수도시설,,,16397AAA0,건설공사비지수,77.05,2020＝100
201009,15397AA2AA222,상하수도시설,,,16397AAA0,건설공사비지수,77.94,2020＝100
201010,15397AA2AA222,상하수도시설,,,16397AAA0,건설공사비지수,78.09,2020＝100
201011,15397AA2AA222,상하수도시설,,,16397AAA0,건설공사비지수,77.98,2020＝100
201012,15397AA2AA222,상하수도시설,,,16397AAA0,건설공사비지수,78.05,2020＝100
201001,15397AA2AA223,농림수산토목,,,16397AAA0,건설공사비지수,70.3,2020＝100
201002,15397AA2AA223,농림수산토목,,,16397AAA0,건설공사비지수,70.26,2020＝100
201003,15397AA2AA223,농림수산토목,,,16397AAA0,건설공사비지수,70.78,2020＝100
201004,15397AA2AA223,농림수산토목,,,16397AAA0,건설공사비지수,71.82,2020＝100
201005,15397AA2AA223,농림수산토목,,,16397AAA0,건설공사비지수,72.67,2020＝100
201006,15397AA2AA223,농림수산토목,,,16397AAA0,건설공사비지수,72.76,2020＝100
201007,15397AA2AA223,농림수산토목,,,16397AAA0,건설공사비지수,72.78,2020＝100
201008,15397AA2AA223,농림수산토목,,,16397AAA0,건설공사비지수,72.97,2020＝100
201009,15397AA2AA223,농림수산토목,,,16397AAA0,건설공사비지수,73.73,2020＝100
201010,15397AA2AA223,농림수산토목,,,16397AAA0,건설공사비지수,73.79,2020＝100
201011,15397AA2AA223,농림수산토목,,,16397AAA0,건설공사비지수,73.87,2020＝100
201012,15397AA2AA223,농림수산토목,,,16397AAA0,건설공사비지수,74.06,2020＝100
201001,15397AA2AA224,도시토목,,,16397AAA0,건설공사비지수,74.42,2020＝100
201002,15397AA2AA224,도시토목,,,16397AAA0,건설공사비지수,74.38,2020＝100
201003,15397AA2AA224,도시토목,,,16397AAA0,건설공사비지수,74.72,2020＝100
201004,15397AA2AA224,도시토목,,,16397AAA0,건설공사비지수,75.43,2020＝100
201005,15397AA2AA224,도시토목,,,16397AAA0,건설공사비지수,76.05,2020＝100
201006,15397AA2AA224,도시토목,,,16397AAA0,건설공사비지수,76.45,2020＝100
201007,15397AA2AA224,도시토목,,,16397AAA0,건설공사비지수,76.5,2020＝100
201008,15397AA2AA224,도시토목,,,16397AAA0,건설공사비지수,76.62,2020＝100
201009,15397AA2AA224,도시토목,,,16397AAA0,건설공사비지수,77.51,2020＝100
201010,15397AA2AA224,도시토목,,,16397AAA0,건설공사비지수,77.25,2020＝100
201011,15397AA2AA224,도시토목,,,16397AAA0,건설공사비지수,77.28,2020＝100
201012,15397AA2AA224,도시토목,,,16397AAA0,건설공사비지수,77.48,2020＝100
201001,15397AA2AA23,산업시설건설,,,16397AAA0,건설공사비지수,75.1,2020＝100
201002,15397AA2AA23,산업시설건설,,,16397AAA0,건설공사비지수,75.03,2020＝100
201003,15397AA2AA23,산업시설건설,,,16397AAA0,건설공사비지수,75.46,2020＝100
201004,15397AA2AA23,산업시설건설,,,16397AAA0,건설공사비지수,76.28,2020＝100
201005,15397AA2AA23,산업시설건설,,,16397AAA0,건설공사비지수,76.59,2020＝100
201006,15397AA2AA23,산업시설건설,,,16397AAA0,건설공사비지수,76.57,2020＝100
201007,15397AA2AA23,산업시설건설,,,16397AAA0,건설공사비지수,76.59,2020＝100
201008,15397AA2AA23,산업시설건설,,,16397AAA0,건설공사비지수,76.66,2020＝100
201009,15397AA2AA23,산업시설건설,,,16397AAA0,건설공사비지수,77.72,2020＝100
201010,15397AA2AA23,산업시설건설,,,16397AAA0,건설공사비지수,78.18,2020＝100
201011,15397AA2AA23,산업시설건설,,,16397AAA0,건설공사비지수,78.3,2020＝100
201012,15397AA2AA23,산업시설건설,,,16397AAA0,건설공사비지수,78.69,2020＝100
201001,15397AA2AA231,환경정화시설,,,16397AAA0,건설공사비지수,71.75,2020＝100
201002,15397AA2AA231,환경정화시설,,,16397AAA0,건설공사비지수,71.79,2020＝100
201003,15397AA2AA231,환경정화시설,,,16397AAA0,건설공사비지수,72.21,2020＝100
201004,15397AA2AA231,환경정화시설,,,16397AAA0,건설공사비지수,72.95,2020＝100
201005,15397AA2AA231,환경정화시설,,,16397AAA0,건설공사비지수,73.66,2020＝100
201006,15397AA2AA231,환경정화시설,,,16397AAA0,건설공사비지수,73.63,2020＝100
201007,15397AA2AA231,환경정화시설,,,16397AAA0,건설공사비지수,73.6,2020＝100
201008,15397AA2AA231,환경정화시설,,,16397AAA0,건설공사비지수,73.7,2020＝100
201009,15397AA2AA231,환경정화시설,,,16397AAA0,건설공사비지수,74.66,2020＝100
201010,15397AA2AA231,환경정화시설,,,16397AAA0,건설공사비지수,74.71,2020＝100
201011,15397AA2AA231,환경정화시설,,,16397AAA0,건설공사비지수,74.75,2020＝100
201012,15397AA2AA231,환경정화시설,,,16397AAA0,건설공사비지수,74.91,2020＝100
201001,15397AA2AA232,발전소시설,,,16397AAA0,건설공사비지수,78.24,2020＝100
201002,15397AA2AA232,발전소시설,,,16397AAA0,건설공사비지수,78.11,2020＝100
201003,15397AA2AA232,발전소시설,,,16397AAA0,건설공사비지수,78.59,2020＝100
201004,15397AA2AA232,발전소시설,,,16397AAA0,건설공사비지수,79.46,2020＝100
201005,15397AA2AA232,발전소시설,,,16397AAA0,건설공사비지수,79.36,2020＝100
201006,15397AA2AA232,발전소시설,,,16397AAA0,건설공사비지수,79.22,2020＝100
201007,15397AA2AA232,발전소시설,,,16397AAA0,건설공사비지수,79.16,2020＝100
201008,15397AA2AA232,발전소시설,,,16397AAA0,건설공사비지수,79.14,2020＝100
201009,15397AA2AA232,발전소시설,,,16397AAA0,건설공사비지수,80.35,2020＝100
201010,15397AA2AA232,발전소시설,,,16397AAA0,건설공사비지수,81.19,2020＝100
201011,15397AA2AA232,발전소시설,,,16397AAA0,건설공사비지수,81.42,2020＝100
201012,15397AA2AA232,발전소시설,,,16397AAA0,건설공사비지수,82.08,2020＝100
201001,15397AA2AA234,산업플랜트,,,16397AAA0,건설공사비지수,71.91,2020＝100
201002,15397AA2AA234,산업플랜트,,,16397AAA0,건설공사비지수,71.92,2020＝100
201003,15397AA2AA234,산업플랜트,,,16397AAA0,건설공사비지수,72.27,2020＝100
201004,15397AA2AA234,산업플랜트,,,16397AAA0,건설공사비지수,73.07,2020＝100
201005,15397AA2AA234,산업플랜트,,,16397AAA0,건설공사비지수,73.88,2020＝100
201006,15397AA2AA234,산업플랜트,,,16397AAA0,건설공사비지수,74.03,2020＝100
201007,15397AA2AA234,산업플랜트,,,16397AAA0,건설공사비지수,74.16,2020＝100
201008,15397AA2AA234,산업플랜트,,,16397AAA0,건설공사비지수,74.34,2020＝100
201009,15397AA2AA234,산업플랜트,,,16397AAA0,건설공사비지수,75.22,2020＝100
201010,15397AA2AA234,산업플랜트,,,16397AAA0,건설공사비지수,75.23,2020＝100
201011,15397AA2AA234,산업플랜트,,,16397AAA0,건설공사비지수,75.23,2020＝100
201012,15397AA2AA234,산업플랜트,,,16397AAA0,건설공사비지수,75.32,2020＝100
201001,15397AA2AA24,기타건설,,,16397AAA0,건설공사비지수,72.06,2020＝100
201002,15397AA2AA24,기타건설,,,16397AAA0,건설공사비지수,72.07,2020＝100
201003,15397AA2AA24,기타건설,,,16397AAA0,건설공사비지수,72.52,2020＝100
201004,15397AA2AA24,기타건설,,,16397AAA0,건설공사비지수,73.4,2020＝100
201005,15397AA2AA24,기타건설,,,16397AAA0,건설공사비지수,74.26,2020＝100
201006,15397AA2AA24,기타건설,,,16397AAA0,건설공사비지수,74.22,2020＝100
201007,15397AA2AA24,기타건설,,,16397AAA0,건설공사비지수,74.22,2020＝100
201008,15397AA2AA24,기타건설,,,16397AAA0,건설공사비지수,74.39,2020＝100
201009,15397AA2AA24,기타건설,,,16397AAA0,건설공사비지수,75.39,2020＝100
201010,15397AA2AA24,기타건설,,,16397AAA0,건설공사비지수,75.54,2020＝100
201011,15397AA2AA24,기타건설,,,16397AAA0,건설공사비지수,75.59,2020＝100
201012,15397AA2AA24,기타건설,,,16397AAA0,건설공사비지수,75.8,2020＝100
201001,15397AA2AA241,기타건설,,,16397AAA0,건설공사비지수,72.06,2020＝100
201002,15397AA2AA241,기타건설,,,16397AAA0,건설공사비지수,72.07,2020＝100
201003,15397AA2AA241,기타건설,,,16397AAA0,건설공사비지수,72.52,2020＝100
201004,15397AA2AA241,기타건설,,,16397AAA0,건설공사비지수,73.4,2020＝100
201005,15397AA2AA241,기타건설,,,16397AAA0,건설공사비지수,74.26,2020＝100
201006,15397AA2AA241,기타건설,,,16397AAA0,건설공사비지수,74.22,2020＝100
201007,15397AA2AA241,기타건설,,,16397AAA0,건설공사비지수,74.22,2020＝100
201008,15397AA2AA241,기타건설,,,16397AAA0,건설공사비지수,74.39,2020＝100
201009,15397AA2AA241,기타건설,,,16397AAA0,건설공사비지수,75.39,2020＝100
201010,15397AA2AA241,기타건설,,,16397AAA0,건설공사비지수,75.54,2020＝100
201011,15397AA2AA241,기타건설,,,16397AAA0,건설공사비지수,75.59,2020＝100
201012,15397AA2AA241,기타건설,,,16397AAA0,건설공사비지수,75.8,2020＝100
201101,15397AA2AA,건설,,,16397AAA0,건설공사비지수,77.46,2020＝100
201102,15397AA2AA,건설,,,16397AAA0,건설공사비지수,78.02,2020＝100
201103,15397AA2AA,건설,,,16397AAA0,건설공사비지수,78.88,2020＝100
201104,15397AA2AA,건설,,,16397AAA0,건설공사비지수,79.32,2020＝100
201105,15397AA2AA,건설,,,16397AAA0,건설공사비지수,79.64,2020＝100
201106,15397AA2AA,건설,,,16397AAA0,건설공사비지수,79.56,2020＝100
201107,15397AA2AA,건설,,,16397AAA0,건설공사비지수,80,2020＝100
201108,15397AA2AA,건설,,,16397AAA0,건설공사비지수,80.01,2020＝100
201109,15397AA2AA,건설,,,16397AAA0,건설공사비지수,80.89,2020＝100
201110,15397AA2AA,건설,,,16397AAA0,건설공사비지수,80.95,2020＝100
201111,15397AA2AA,건설,,,16397AAA0,건설공사비지수,80.77,2020＝100
201112,15397AA2AA,건설,,,16397AAA0,건설공사비지수,80.76,2020＝100
201101,15397AA2AA1,건물건설 및 건축보수,,,16397AAA0,건설공사비지수,76.81,2020＝100
201102,15397AA2AA1,건물건설 및 건축보수,,,16397AAA0,건설공사비지수,77.39,2020＝100
201103,15397AA2AA1,건물건설 및 건축보수,,,16397AAA0,건설공사비지수,78.29,2020＝100
201104,15397AA2AA1,건물건설 및 건축보수,,,16397AAA0,건설공사비지수,78.75,2020＝100
201105,15397AA2AA1,건물건설 및 건축보수,,,16397AAA0,건설공사비지수,79.05,2020＝100
201106,15397AA2AA1,건물건설 및 건축보수,,,16397AAA0,건설공사비지수,78.95,2020＝100
201107,15397AA2AA1,건물건설 및 건축보수,,,16397AAA0,건설공사비지수,79.39,2020＝100
201108,15397AA2AA1,건물건설 및 건축보수,,,16397AAA0,건설공사비지수,79.48,2020＝100
201109,15397AA2AA1,건물건설 및 건축보수,,,16397AAA0,건설공사비지수,80.35,2020＝100
201110,15397AA2AA1,건물건설 및 건축보수,,,16397AAA0,건설공사비지수,80.45,2020＝100
201111,15397AA2AA1,건물건설 및 건축보수,,,16397AAA0,건설공사비지수,80.28,2020＝100
201112,15397AA2AA1,건물건설 및 건축보수,,,16397AAA0,건설공사비지수,80.25,2020＝100
201101,15397AA2AA11,주거용건물,,,16397AAA0,건설공사비지수,75.96,2020＝100
201102,15397AA2AA11,주거용건물,,,16397AAA0,건설공사비지수,76.55,2020＝100
201103,15397AA2AA11,주거용건물,,,16397AAA0,건설공사비지수,77.43,2020＝100
201104,15397AA2AA11,주거용건물,,,16397AAA0,건설공사비지수,77.84,2020＝100
201105,15397AA2AA11,주거용건물,,,16397AAA0,건설공사비지수,78.08,2020＝100
201106,15397AA2AA11,주거용건물,,,16397AAA0,건설공사비지수,77.98,2020＝100
201107,15397AA2AA11,주거용건물,,,16397AAA0,건설공사비지수,78.5,2020＝100
201108,15397AA2AA11,주거용건물,,,16397AAA0,건설공사비지수,78.6,2020＝100
201109,15397AA2AA11,주거용건물,,,16397AAA0,건설공사비지수,79.47,2020＝100
201110,15397AA2AA11,주거용건물,,,16397AAA0,건설공사비지수,79.6,2020＝100
201111,15397AA2AA11,주거용건물,,,16397AAA0,건설공사비지수,79.43,2020＝100
201112,15397AA2AA11,주거용건물,,,16397AAA0,건설공사비지수,79.42,2020＝100
201101,15397AA2AA111,주거용건물,,,16397AAA0,건설공사비지수,75.96,2020＝100
201102,15397AA2AA111,주거용건물,,,16397AAA0,건설공사비지수,76.55,2020＝100
201103,15397AA2AA111,주거용건물,,,16397AAA0,건설공사비지수,77.43,2020＝100
201104,15397AA2AA111,주거용건물,,,16397AAA0,건설공사비지수,77.84,2020＝100
201105,15397AA2AA111,주거용건물,,,16397AAA0,건설공사비지수,78.08,2020＝100
201106,15397AA2AA111,주거용건물,,,16397AAA0,건설공사비지수,77.98,2020＝100
201107,15397AA2AA111,주거용건물,,,16397AAA0,건설공사비지수,78.5,2020＝100
201108,15397AA2AA111,주거용건물,,,16397AAA0,건설공사비지수,78.6,2020＝100
201109,15397AA2AA111,주거용건물,,,16397AAA0,건설공사비지수,79.47,2020＝100
201110,15397AA2AA111,주거용건물,,,16397AAA0,건설공사비지수,79.6,2020＝100
201111,15397AA2AA111,주거용건물,,,16397AAA0,건설공사비지수,79.43,2020＝100
201112,15397AA2AA111,주거용건물,,,16397AAA0,건설공사비지수,79.42,2020＝100
201101,15397AA2AA12,비주거용건물,,,16397AAA0,건설공사비지수,77.64,2020＝100
201102,15397AA2AA12,비주거용건물,,,16397AAA0,건설공사비지수,78.24,2020＝100
201103,15397AA2AA12,비주거용건물,,,16397AAA0,건설공사비지수,79.12,2020＝100
201104,15397AA2AA12,비주거용건물,,,16397AAA0,건설공사비지수,79.58,2020＝100
201105,15397AA2AA12,비주거용건물,,,16397AAA0,건설공사비지수,79.94,2020＝100
201106,15397AA2AA12,비주거용건물,,,16397AAA0,건설공사비지수,79.82,2020＝100
201107,15397AA2AA12,비주거용건물,,,16397AAA0,건설공사비지수,80.22,2020＝100
201108,15397AA2AA12,비주거용건물,,,16397AAA0,건설공사비지수,80.29,2020＝100
201109,15397AA2AA12,비주거용건물,,,16397AAA0,건설공사비지수,81.14,2020＝100
201110,15397AA2AA12,비주거용건물,,,16397AAA0,건설공사비지수,81.2,2020＝100
201111,15397AA2AA12,비주거용건물,,,16397AAA0,건설공사비지수,81.01,2020＝100
201112,15397AA2AA12,비주거용건물,,,16397AAA0,건설공사비지수,80.95,2020＝100
201101,15397AA2AA121,비주거용건물,,,16397AAA0,건설공사비지수,77.64,2020＝100
201102,15397AA2AA121,비주거용건물,,,16397AAA0,건설공사비지수,78.24,2020＝100
201103,15397AA2AA121,비주거용건물,,,16397AAA0,건설공사비지수,79.12,2020＝100
201104,15397AA2AA121,비주거용건물,,,16397AAA0,건설공사비지수,79.58,2020＝100
201105,15397AA2AA121,비주거용건물,,,16397AAA0,건설공사비지수,79.94,2020＝100
201106,15397AA2AA121,비주거용건물,,,16397AAA0,건설공사비지수,79.82,2020＝100
201107,15397AA2AA121,비주거용건물,,,16397AAA0,건설공사비지수,80.22,2020＝100
201108,15397AA2AA121,비주거용건물,,,16397AAA0,건설공사비지수,80.29,2020＝100
201109,15397AA2AA121,비주거용건물,,,16397AAA0,건설공사비지수,81.14,2020＝100
201110,15397AA2AA121,비주거용건물,,,16397AAA0,건설공사비지수,81.2,2020＝100
201111,15397AA2AA121,비주거용건물,,,16397AAA0,건설공사비지수,81.01,2020＝100
201112,15397AA2AA121,비주거용건물,,,16397AAA0,건설공사비지수,80.95,2020＝100
201101,15397AA2AA13,건축보수,,,16397AAA0,건설공사비지수,76.25,2020＝100
201102,15397AA2AA13,건축보수,,,16397AAA0,건설공사비지수,76.79,2020＝100
201103,15397AA2AA13,건축보수,,,16397AAA0,건설공사비지수,77.78,2020＝100
201104,15397AA2AA13,건축보수,,,16397AAA0,건설공사비지수,78.54,2020＝100
201105,15397AA2AA13,건축보수,,,16397AAA0,건설공사비지수,78.75,2020＝100
201106,15397AA2AA13,건축보수,,,16397AAA0,건설공사비지수,78.69,2020＝100
201107,15397AA2AA13,건축보수,,,16397AAA0,건설공사비지수,79.08,2020＝100
201108,15397AA2AA13,건축보수,,,16397AAA0,건설공사비지수,79.22,2020＝100
201109,15397AA2AA13,건축보수,,,16397AAA0,건설공사비지수,80.17,2020＝100
201110,15397AA2AA13,건축보수,,,16397AAA0,건설공사비지수,80.45,2020＝100
201111,15397AA2AA13,건축보수,,,16397AAA0,건설공사비지수,80.3,2020＝100
201112,15397AA2AA13,건축보수,,,16397AAA0,건설공사비지수,80.33,2020＝100
201101,15397AA2AA131,건축보수,,,16397AAA0,건설공사비지수,76.25,2020＝100
201102,15397AA2AA131,건축보수,,,16397AAA0,건설공사비지수,76.79,2020＝100
201103,15397AA2AA131,건축보수,,,16397AAA0,건설공사비지수,77.78,2020＝100
201104,15397AA2AA131,건축보수,,,16397AAA0,건설공사비지수,78.54,2020＝100
201105,15397AA2AA131,건축보수,,,16397AAA0,건설공사비지수,78.75,2020＝100
201106,15397AA2AA131,건축보수,,,16397AAA0,건설공사비지수,78.69,2020＝100
201107,15397AA2AA131,건축보수,,,16397AAA0,건설공사비지수,79.08,2020＝100
201108,15397AA2AA131,건축보수,,,16397AAA0,건설공사비지수,79.22,2020＝100
201109,15397AA2AA131,건축보수,,,16397AAA0,건설공사비지수,80.17,2020＝100
201110,15397AA2AA131,건축보수,,,16397AAA0,건설공사비지수,80.45,2020＝100
201111,15397AA2AA131,건축보수,,,16397AAA0,건설공사비지수,80.3,2020＝100
201112,15397AA2AA131,건축보수,,,16397AAA0,건설공사비지수,80.33,2020＝100
201101,15397AA2AA2,토목건설,,,16397AAA0,건설공사비지수,78.85,2020＝100
201102,15397AA2AA2,토목건설,,,16397AAA0,건설공사비지수,79.38,2020＝100
201103,15397AA2AA2,토목건설,,,16397AAA0,건설공사비지수,80.17,2020＝100
201104,15397AA2AA2,토목건설,,,16397AAA0,건설공사비지수,80.55,2020＝100
201105,15397AA2AA2,토목건설,,,16397AAA0,건설공사비지수,80.93,2020＝100
201106,15397AA2AA2,토목건설,,,16397AAA0,건설공사비지수,80.9,2020＝100
201107,15397AA2AA2,토목건설,,,16397AAA0,건설공사비지수,81.32,2020＝100
201108,15397AA2AA2,토목건설,,,16397AAA0,건설공사비지수,81.16,2020＝100
201109,15397AA2AA2,토목건설,,,16397AAA0,건설공사비지수,82.06,2020＝100
201110,15397AA2AA2,토목건설,,,16397AAA0,건설공사비지수,82.04,2020＝100
201111,15397AA2AA2,토목건설,,,16397AAA0,건설공사비지수,81.86,2020＝100
201112,15397AA2AA2,토목건설,,,16397AAA0,건설공사비지수,81.87,2020＝100
201101,15397AA2AA21,교통시설건설,,,16397AAA0,건설공사비지수,79.1,2020＝100
201102,15397AA2AA21,교통시설건설,,,16397AAA0,건설공사비지수,79.75,2020＝100
201103,15397AA2AA21,교통시설건설,,,16397AAA0,건설공사비지수,80.86,2020＝100
201104,15397AA2AA21,교통시설건설,,,16397AAA0,건설공사비지수,81.35,2020＝100
201105,15397AA2AA21,교통시설건설,,,16397AAA0,건설공사비지수,81.88,2020＝100
201106,15397AA2AA21,교통시설건설,,,16397AAA0,건설공사비지수,82.02,2020＝100
201107,15397AA2AA21,교통시설건설,,,16397AAA0,건설공사비지수,82.53,2020＝100
201108,15397AA2AA21,교통시설건설,,,16397AAA0,건설공사비지수,82.41,2020＝100
201109,15397AA2AA21,교통시설건설,,,16397AAA0,건설공사비지수,83.25,2020＝100
201110,15397AA2AA21,교통시설건설,,,16397AAA0,건설공사비지수,83.43,2020＝100
201111,15397AA2AA21,교통시설건설,,,16397AAA0,건설공사비지수,83.24,2020＝100
201112,15397AA2AA21,교통시설건설,,,16397AAA0,건설공사비지수,83.13,2020＝100
201101,15397AA2AA211,도로시설,,,16397AAA0,건설공사비지수,78.3,2020＝100
201102,15397AA2AA211,도로시설,,,16397AAA0,건설공사비지수,78.98,2020＝100
201103,15397AA2AA211,도로시설,,,16397AAA0,건설공사비지수,80.16,2020＝100
201104,15397AA2AA211,도로시설,,,16397AAA0,건설공사비지수,80.77,2020＝100
201105,15397AA2AA211,도로시설,,,16397AAA0,건설공사비지수,81.12,2020＝100
201106,15397AA2AA211,도로시설,,,16397AAA0,건설공사비지수,81.12,2020＝100
201107,15397AA2AA211,도로시설,,,16397AAA0,건설공사비지수,81.64,2020＝100
201108,15397AA2AA211,도로시설,,,16397AAA0,건설공사비지수,81.59,2020＝100
201109,15397AA2AA211,도로시설,,,16397AAA0,건설공사비지수,82.34,2020＝100
201110,15397AA2AA211,도로시설,,,16397AAA0,건설공사비지수,82.53,2020＝100
201111,15397AA2AA211,도로시설,,,16397AAA0,건설공사비지수,82.35,2020＝100
201112,15397AA2AA211,도로시설,,,16397AAA0,건설공사비지수,82.35,2020＝100
201101,15397AA2AA212,철도시설,,,16397AAA0,건설공사비지수,81.38,2020＝100
201102,15397AA2AA212,철도시설,,,16397AAA0,건설공사비지수,81.95,2020＝100
201103,15397AA2AA212,철도시설,,,16397AAA0,건설공사비지수,82.88,2020＝100
201104,15397AA2AA212,철도시설,,,16397AAA0,건설공사비지수,83.2,2020＝100
201105,15397AA2AA212,철도시설,,,16397AAA0,건설공사비지수,84.16,2020＝100
201106,15397AA2AA212,철도시설,,,16397AAA0,건설공사비지수,84.66,2020＝100
201107,15397AA2AA212,철도시설,,,16397AAA0,건설공사비지수,85.18,2020＝100
201108,15397AA2AA212,철도시설,,,16397AAA0,건설공사비지수,84.89,2020＝100
201109,15397AA2AA212,철도시설,,,16397AAA0,건설공사비지수,85.93,2020＝100
201110,15397AA2AA212,철도시설,,,16397AAA0,건설공사비지수,86.08,2020＝100
201111,15397AA2AA212,철도시설,,,16397AAA0,건설공사비지수,85.82,2020＝100
201112,15397AA2AA212,철도시설,,,16397AAA0,건설공사비지수,85.47,2020＝100
201101,15397AA2AA213,항만시설,,,16397AAA0,건설공사비지수,76.84,2020＝100
201102,15397AA2AA213,항만시설,,,16397AAA0,건설공사비지수,77.45,2020＝100
201103,15397AA2AA213,항만시설,,,16397AAA0,건설공사비지수,78.48,2020＝100
201104,15397AA2AA213,항만시설,,,16397AAA0,건설공사비지수,78.66,2020＝100
201105,15397AA2AA213,항만시설,,,16397AAA0,건설공사비지수,78.98,2020＝100
201106,15397AA2AA213,항만시설,,,16397AAA0,건설공사비지수,78.9,2020＝100
201107,15397AA2AA213,항만시설,,,16397AAA0,건설공사비지수,79.26,2020＝100
201108,15397AA2AA213,항만시설,,,16397AAA0,건설공사비지수,79.23,2020＝100
201109,15397AA2AA213,항만시설,,,16397AAA0,건설공사비지수,80.1,2020＝100
201110,15397AA2AA213,항만시설,,,16397AAA0,건설공사비지수,80.38,2020＝100
201111,15397AA2AA213,항만시설,,,16397AAA0,건설공사비지수,80.29,2020＝100
201112,15397AA2AA213,항만시설,,,16397AAA0,건설공사비지수,80.33,2020＝100
201101,15397AA2AA22,일반토목시설건설,,,16397AAA0,건설공사비지수,77.64,2020＝100
201102,15397AA2AA22,일반토목시설건설,,,16397AAA0,건설공사비지수,78,2020＝100
201103,15397AA2AA22,일반토목시설건설,,,16397AAA0,건설공사비지수,78.72,2020＝100
201104,15397AA2AA22,일반토목시설건설,,,16397AAA0,건설공사비지수,79.33,2020＝100
201105,15397AA2AA22,일반토목시설건설,,,16397AAA0,건설공사비지수,80.06,2020＝100
201106,15397AA2AA22,일반토목시설건설,,,16397AAA0,건설공사비지수,80.17,2020＝100
201107,15397AA2AA22,일반토목시설건설,,,16397AAA0,건설공사비지수,80.45,2020＝100
201108,15397AA2AA22,일반토목시설건설,,,16397AAA0,건설공사비지수,80.42,2020＝100
201109,15397AA2AA22,일반토목시설건설,,,16397AAA0,건설공사비지수,81.45,2020＝100
201110,15397AA2AA22,일반토목시설건설,,,16397AAA0,건설공사비지수,81.63,2020＝100
201111,15397AA2AA22,일반토목시설건설,,,16397AAA0,건설공사비지수,81.61,2020＝100
201112,15397AA2AA22,일반토목시설건설,,,16397AAA0,건설공사비지수,81.64,2020＝100
201101,15397AA2AA221,하천사방,,,16397AAA0,건설공사비지수,75.47,2020＝100
201102,15397AA2AA221,하천사방,,,16397AAA0,건설공사비지수,75.78,2020＝100
201103,15397AA2AA221,하천사방,,,16397AAA0,건설공사비지수,76.36,2020＝100
201104,15397AA2AA221,하천사방,,,16397AAA0,건설공사비지수,76.59,2020＝100
201105,15397AA2AA221,하천사방,,,16397AAA0,건설공사비지수,76.76,2020＝100
201106,15397AA2AA221,하천사방,,,16397AAA0,건설공사비지수,76.83,2020＝100
201107,15397AA2AA221,하천사방,,,16397AAA0,건설공사비지수,77.24,2020＝100
201108,15397AA2AA221,하천사방,,,16397AAA0,건설공사비지수,77.26,2020＝100
201109,15397AA2AA221,하천사방,,,16397AAA0,건설공사비지수,78.31,2020＝100
201110,15397AA2AA221,하천사방,,,16397AAA0,건설공사비지수,78.64,2020＝100
201111,15397AA2AA221,하천사방,,,16397AAA0,건설공사비지수,78.62,2020＝100
201112,15397AA2AA221,하천사방,,,16397AAA0,건설공사비지수,78.64,2020＝100
201101,15397AA2AA222,상하수도시설,,,16397AAA0,건설공사비지수,78.78,2020＝100
201102,15397AA2AA222,상하수도시설,,,16397AAA0,건설공사비지수,78.97,2020＝100
201103,15397AA2AA222,상하수도시설,,,16397AAA0,건설공사비지수,79.35,2020＝100
201104,15397AA2AA222,상하수도시설,,,16397AAA0,건설공사비지수,79.8,2020＝100
201105,15397AA2AA222,상하수도시설,,,16397AAA0,건설공사비지수,81.9,2020＝100
201106,15397AA2AA222,상하수도시설,,,16397AAA0,건설공사비지수,82.05,2020＝100
201107,15397AA2AA222,상하수도시설,,,16397AAA0,건설공사비지수,82.17,2020＝100
201108,15397AA2AA222,상하수도시설,,,16397AAA0,건설공사비지수,81.99,2020＝100
201109,15397AA2AA222,상하수도시설,,,16397AAA0,건설공사비지수,83.07,2020＝100
201110,15397AA2AA222,상하수도시설,,,16397AAA0,건설공사비지수,83.12,2020＝100
201111,15397AA2AA222,상하수도시설,,,16397AAA0,건설공사비지수,83.23,2020＝100
201112,15397AA2AA222,상하수도시설,,,16397AAA0,건설공사비지수,83.26,2020＝100
201101,15397AA2AA223,농림수산토목,,,16397AAA0,건설공사비지수,74.95,2020＝100
201102,15397AA2AA223,농림수산토목,,,16397AAA0,건설공사비지수,75.58,2020＝100
201103,15397AA2AA223,농림수산토목,,,16397AAA0,건설공사비지수,76.91,2020＝100
201104,15397AA2AA223,농림수산토목,,,16397AAA0,건설공사비지수,77.4,2020＝100
201105,15397AA2AA223,농림수산토목,,,16397AAA0,건설공사비지수,77.5,2020＝100
201106,15397AA2AA223,농림수산토목,,,16397AAA0,건설공사비지수,77.38,2020＝100
201107,15397AA2AA223,농림수산토목,,,16397AAA0,건설공사비지수,77.5,2020＝100
201108,15397AA2AA223,농림수산토목,,,16397AAA0,건설공사비지수,77.76,2020＝100
201109,15397AA2AA223,농림수산토목,,,16397AAA0,건설공사비지수,78.71,2020＝100
201110,15397AA2AA223,농림수산토목,,,16397AAA0,건설공사비지수,79.05,2020＝100
201111,15397AA2AA223,농림수산토목,,,16397AAA0,건설공사비지수,78.82,2020＝100
201112,15397AA2AA223,농림수산토목,,,16397AAA0,건설공사비지수,79.03,2020＝100
201101,15397AA2AA224,도시토목,,,16397AAA0,건설공사비지수,78.28,2020＝100
201102,15397AA2AA224,도시토목,,,16397AAA0,건설공사비지수,78.67,2020＝100
201103,15397AA2AA224,도시토목,,,16397AAA0,건설공사비지수,79.47,2020＝100
201104,15397AA2AA224,도시토목,,,16397AAA0,건설공사비지수,80.25,2020＝100
201105,15397AA2AA224,도시토목,,,16397AAA0,건설공사비지수,80.6,2020＝100
201106,15397AA2AA224,도시토목,,,16397AAA0,건설공사비지수,80.75,2020＝100
201107,15397AA2AA224,도시토목,,,16397AAA0,건설공사비지수,81.09,2020＝100
201108,15397AA2AA224,도시토목,,,16397AAA0,건설공사비지수,81.07,2020＝100
201109,15397AA2AA224,도시토목,,,16397AAA0,건설공사비지수,82.1,2020＝100
201110,15397AA2AA224,도시토목,,,16397AAA0,건설공사비지수,82.25,2020＝100
201111,15397AA2AA224,도시토목,,,16397AAA0,건설공사비지수,82.22,2020＝100
201112,15397AA2AA224,도시토목,,,16397AAA0,건설공사비지수,82.21,2020＝100
201101,15397AA2AA23,산업시설건설,,,16397AAA0,건설공사비지수,79.92,2020＝100
201102,15397AA2AA23,산업시설건설,,,16397AAA0,건설공사비지수,80.46,2020＝100
201103,15397AA2AA23,산업시설건설,,,16397AAA0,건설공사비지수,81.01,2020＝100
201104,15397AA2AA23,산업시설건설,,,16397AAA0,건설공사비지수,81.17,2020＝100
201105,15397AA2AA23,산업시설건설,,,16397AAA0,건설공사비지수,81.26,2020＝100
201106,15397AA2AA23,산업시설건설,,,16397AAA0,건설공사비지수,81.01,2020＝100
201107,15397AA2AA23,산업시설건설,,,16397AAA0,건설공사비지수,81.49,2020＝100
201108,15397AA2AA23,산업시설건설,,,16397AAA0,건설공사비지수,81.2,2020＝100
201109,15397AA2AA23,산업시설건설,,,16397AAA0,건설공사비지수,82.04,2020＝100
201110,15397AA2AA23,산업시설건설,,,16397AAA0,건설공사비지수,81.76,2020＝100
201111,15397AA2AA23,산업시설건설,,,16397AAA0,건설공사비지수,81.48,2020＝100
201112,15397AA2AA23,산업시설건설,,,16397AAA0,건설공사비지수,81.56,2020＝100
201101,15397AA2AA231,환경정화시설,,,16397AAA0,건설공사비지수,75.67,2020＝100
201102,15397AA2AA231,환경정화시설,,,16397AAA0,건설공사비지수,76.26,2020＝100
201103,15397AA2AA231,환경정화시설,,,16397AAA0,건설공사비지수,77.18,2020＝100
201104,15397AA2AA231,환경정화시설,,,16397AAA0,건설공사비지수,77.96,2020＝100
201105,15397AA2AA231,환경정화시설,,,16397AAA0,건설공사비지수,78.09,2020＝100
201106,15397AA2AA231,환경정화시설,,,16397AAA0,건설공사비지수,77.99,2020＝100
201107,15397AA2AA231,환경정화시설,,,16397AAA0,건설공사비지수,78.14,2020＝100
201108,15397AA2AA231,환경정화시설,,,16397AAA0,건설공사비지수,78.31,2020＝100
201109,15397AA2AA231,환경정화시설,,,16397AAA0,건설공사비지수,79.42,2020＝100
201110,15397AA2AA231,환경정화시설,,,16397AAA0,건설공사비지수,79.45,2020＝100
201111,15397AA2AA231,환경정화시설,,,16397AAA0,건설공사비지수,79.29,2020＝100
201112,15397AA2AA231,환경정화시설,,,16397AAA0,건설공사비지수,79.34,2020＝100
201101,15397AA2AA232,발전소시설,,,16397AAA0,건설공사비지수,83.77,2020＝100
201102,15397AA2AA232,발전소시설,,,16397AAA0,건설공사비지수,84.38,2020＝100
201103,15397AA2AA232,발전소시설,,,16397AAA0,건설공사비지수,84.82,2020＝100
201104,15397AA2AA232,발전소시설,,,16397AAA0,건설공사비지수,84.7,2020＝100
201105,15397AA2AA232,발전소시설,,,16397AAA0,건설공사비지수,84.38,2020＝100
201106,15397AA2AA232,발전소시설,,,16397AAA0,건설공사비지수,83.98,2020＝100
201107,15397AA2AA232,발전소시설,,,16397AAA0,건설공사비지수,84.74,2020＝100
201108,15397AA2AA232,발전소시설,,,16397AAA0,건설공사비지수,84.1,2020＝100
201109,15397AA2AA232,발전소시설,,,16397AAA0,건설공사비지수,84.83,2020＝100
201110,15397AA2AA232,발전소시설,,,16397AAA0,건설공사비지수,84.2,2020＝100
201111,15397AA2AA232,발전소시설,,,16397AAA0,건설공사비지수,83.84,2020＝100
201112,15397AA2AA232,발전소시설,,,16397AAA0,건설공사비지수,84,2020＝100
201101,15397AA2AA234,산업플랜트,,,16397AAA0,건설공사비지수,76.04,2020＝100
201102,15397AA2AA234,산업플랜트,,,16397AAA0,건설공사비지수,76.49,2020＝100
201103,15397AA2AA234,산업플랜트,,,16397AAA0,건설공사비지수,77.11,2020＝100
201104,15397AA2AA234,산업플랜트,,,16397AAA0,건설공사비지수,77.46,2020＝100
201105,15397AA2AA234,산업플랜트,,,16397AAA0,건설공사비지수,78.11,2020＝100
201106,15397AA2AA234,산업플랜트,,,16397AAA0,건설공사비지수,78.11,2020＝100
201107,15397AA2AA234,산업플랜트,,,16397AAA0,건설공사비지수,78.3,2020＝100
201108,15397AA2AA234,산업플랜트,,,16397AAA0,건설공사비지수,78.35,2020＝100
201109,15397AA2AA234,산업플랜트,,,16397AAA0,건설공사비지수,79.3,2020＝100
201110,15397AA2AA234,산업플랜트,,,16397AAA0,건설공사비지수,79.38,2020＝100
201111,15397AA2AA234,산업플랜트,,,16397AAA0,건설공사비지수,79.21,2020＝100
201112,15397AA2AA234,산업플랜트,,,16397AAA0,건설공사비지수,79.18,2020＝100
201101,15397AA2AA24,기타건설,,,16397AAA0,건설공사비지수,76.72,2020＝100
201102,15397AA2AA24,기타건설,,,16397AAA0,건설공사비지수,77.31,2020＝100
201103,15397AA2AA24,기타건설,,,16397AAA0,건설공사비지수,78.2,2020＝100
201104,15397AA2AA24,기타건설,,,16397AAA0,건설공사비지수,78.64,2020＝100
201105,15397AA2AA24,기타건설,,,16397AAA0,건설공사비지수,79,2020＝100
201106,15397AA2AA24,기타건설,,,16397AAA0,건설공사비지수,78.81,2020＝100
201107,15397AA2AA24,기타건설,,,16397AAA0,건설공사비지수,78.96,2020＝100
201108,15397AA2AA24,기타건설,,,16397AAA0,건설공사비지수,79.09,2020＝100
201109,15397AA2AA24,기타건설,,,16397AAA0,건설공사비지수,80.13,2020＝100
201110,15397AA2AA24,기타건설,,,16397AAA0,건설공사비지수,80.16,2020＝100
201111,15397AA2AA24,기타건설,,,16397AAA0,건설공사비지수,80.04,2020＝100
201112,15397AA2AA24,기타건설,,,16397AAA0,건설공사비지수,80.1,2020＝100
201101,15397AA2AA241,기타건설,,,16397AAA0,건설공사비지수,76.72,2020＝100
201102,15397AA2AA241,기타건설,,,16397AAA0,건설공사비지수,77.31,2020＝100
201103,15397AA2AA241,기타건설,,,16397AAA0,건설공사비지수,78.2,2020＝100
201104,15397AA2AA241,기타건설,,,16397AAA0,건설공사비지수,78.64,2020＝100
201105,15397AA2AA241,기타건설,,,16397AAA0,건설공사비지수,79,2020＝100
201106,15397AA2AA241,기타건설,,,16397AAA0,건설공사비지수,78.81,2020＝100
201107,15397AA2AA241,기타건설,,,16397AAA0,건설공사비지수,78.96,2020＝100
201108,15397AA2AA241,기타건설,,,16397AAA0,건설공사비지수,79.09,2020＝100
201109,15397AA2AA241,기타건설,,,16397AAA0,건설공사비지수,80.13,2020＝100
201110,15397AA2AA241,기타건설,,,16397AAA0,건설공사비지수,80.16,2020＝100
201111,15397AA2AA241,기타건설,,,16397AAA0,건설공사비지수,80.04,2020＝100
201112,15397AA2AA241,기타건설,,,16397AAA0,건설공사비지수,80.1,2020＝100
201201,15397AA2AA,건설,,,16397AAA0,건설공사비지수,81.58,2020＝100
201202,15397AA2AA,건설,,,16397AAA0,건설공사비지수,81.66,2020＝100
201203,15397AA2AA,건설,,,16397AAA0,건설공사비지수,82.04,2020＝100
201204,15397AA2AA,건설,,,16397AAA0,건설공사비지수,82.13,2020＝100
201205,15397AA2AA,건설,,,16397AAA0,건설공사비지수,82.02,2020＝100
201206,15397AA2AA,건설,,,16397AAA0,건설공사비지수,81.86,2020＝100
201207,15397AA2AA,건설,,,16397AAA0,건설공사비지수,81.69,2020＝100
201208,15397AA2AA,건설,,,16397AAA0,건설공사비지수,81.61,2020＝100
201209,15397AA2AA,건설,,,16397AAA0,건설공사비지수,82.88,2020＝100
201210,15397AA2AA,건설,,,16397AAA0,건설공사비지수,82.67,2020＝100
201211,15397AA2AA,건설,,,16397AAA0,건설공사비지수,82.49,2020＝100
201212,15397AA2AA,건설,,,16397AAA0,건설공사비지수,82.42,2020＝100
201201,15397AA2AA1,건물건설 및 건축보수,,,16397AAA0,건설공사비지수,81.05,2020＝100
201202,15397AA2AA1,건물건설 및 건축보수,,,16397AAA0,건설공사비지수,81.1,2020＝100
201203,15397AA2AA1,건물건설 및 건축보수,,,16397AAA0,건설공사비지수,81.47,2020＝100
201204,15397AA2AA1,건물건설 및 건축보수,,,16397AAA0,건설공사비지수,81.55,2020＝100
201205,15397AA2AA1,건물건설 및 건축보수,,,16397AAA0,건설공사비지수,81.49,2020＝100
201206,15397AA2AA1,건물건설 및 건축보수,,,16397AAA0,건설공사비지수,81.37,2020＝100
201207,15397AA2AA1,건물건설 및 건축보수,,,16397AAA0,건설공사비지수,81.2,2020＝100
201208,15397AA2AA1,건물건설 및 건축보수,,,16397AAA0,건설공사비지수,81.12,2020＝100
201209,15397AA2AA1,건물건설 및 건축보수,,,16397AAA0,건설공사비지수,82.33,2020＝100
201210,15397AA2AA1,건물건설 및 건축보수,,,16397AAA0,건설공사비지수,82.15,2020＝100
201211,15397AA2AA1,건물건설 및 건축보수,,,16397AAA0,건설공사비지수,81.98,2020＝100
201212,15397AA2AA1,건물건설 및 건축보수,,,16397AAA0,건설공사비지수,81.92,2020＝100
201201,15397AA2AA11,주거용건물,,,16397AAA0,건설공사비지수,80.23,2020＝100
201202,15397AA2AA11,주거용건물,,,16397AAA0,건설공사비지수,80.29,2020＝100
201203,15397AA2AA11,주거용건물,,,16397AAA0,건설공사비지수,80.69,2020＝100
201204,15397AA2AA11,주거용건물,,,16397AAA0,건설공사비지수,80.82,2020＝100
201205,15397AA2AA11,주거용건물,,,16397AAA0,건설공사비지수,80.78,2020＝100
201206,15397AA2AA11,주거용건물,,,16397AAA0,건설공사비지수,80.71,2020＝100
201207,15397AA2AA11,주거용건물,,,16397AAA0,건설공사비지수,80.54,2020＝100
201208,15397AA2AA11,주거용건물,,,16397AAA0,건설공사비지수,80.48,2020＝100
201209,15397AA2AA11,주거용건물,,,16397AAA0,건설공사비지수,81.71,2020＝100
201210,15397AA2AA11,주거용건물,,,16397AAA0,건설공사비지수,81.51,2020＝100
201211,15397AA2AA11,주거용건물,,,16397AAA0,건설공사비지수,81.34,2020＝100
201212,15397AA2AA11,주거용건물,,,16397AAA0,건설공사비지수,81.26,2020＝100
201201,15397AA2AA111,주거용건물,,,16397AAA0,건설공사비지수,80.23,2020＝100
201202,15397AA2AA111,주거용건물,,,16397AAA0,건설공사비지수,80.29,2020＝100
201203,15397AA2AA111,주거용건물,,,16397AAA0,건설공사비지수,80.69,2020＝100
201204,15397AA2AA111,주거용건물,,,16397AAA0,건설공사비지수,80.82,2020＝100
201205,15397AA2AA111,주거용건물,,,16397AAA0,건설공사비지수,80.78,2020＝100
201206,15397AA2AA111,주거용건물,,,16397AAA0,건설공사비지수,80.71,2020＝100
201207,15397AA2AA111,주거용건물,,,16397AAA0,건설공사비지수,80.54,2020＝100
201208,15397AA2AA111,주거용건물,,,16397AAA0,건설공사비지수,80.48,2020＝100
201209,15397AA2AA111,주거용건물,,,16397AAA0,건설공사비지수,81.71,2020＝100
201210,15397AA2AA111,주거용건물,,,16397AAA0,건설공사비지수,81.51,2020＝100
201211,15397AA2AA111,주거용건물,,,16397AAA0,건설공사비지수,81.34,2020＝100
201212,15397AA2AA111,주거용건물,,,16397AAA0,건설공사비지수,81.26,2020＝100
201201,15397AA2AA12,비주거용건물,,,16397AAA0,건설공사비지수,81.75,2020＝100
201202,15397AA2AA12,비주거용건물,,,16397AAA0,건설공사비지수,81.8,2020＝100
201203,15397AA2AA12,비주거용건물,,,16397AAA0,건설공사비지수,82.16,2020＝100
201204,15397AA2AA12,비주거용건물,,,16397AAA0,건설공사비지수,82.22,2020＝100
201205,15397AA2AA12,비주거용건물,,,16397AAA0,건설공사비지수,82.15,2020＝100
201206,15397AA2AA12,비주거용건물,,,16397AAA0,건설공사비지수,81.97,2020＝100
201207,15397AA2AA12,비주거용건물,,,16397AAA0,건설공사비지수,81.79,2020＝100
201208,15397AA2AA12,비주거용건물,,,16397AAA0,건설공사비지수,81.7,2020＝100
201209,15397AA2AA12,비주거용건물,,,16397AAA0,건설공사비지수,82.86,2020＝100
201210,15397AA2AA12,비주거용건물,,,16397AAA0,건설공사비지수,82.68,2020＝100
201211,15397AA2AA12,비주거용건물,,,16397AAA0,건설공사비지수,82.52,2020＝100
201212,15397AA2AA12,비주거용건물,,,16397AAA0,건설공사비지수,82.44,2020＝100
201201,15397AA2AA121,비주거용건물,,,16397AAA0,건설공사비지수,81.75,2020＝100
201202,15397AA2AA121,비주거용건물,,,16397AAA0,건설공사비지수,81.8,2020＝100
201203,15397AA2AA121,비주거용건물,,,16397AAA0,건설공사비지수,82.16,2020＝100
201204,15397AA2AA121,비주거용건물,,,16397AAA0,건설공사비지수,82.22,2020＝100
201205,15397AA2AA121,비주거용건물,,,16397AAA0,건설공사비지수,82.15,2020＝100
201206,15397AA2AA121,비주거용건물,,,16397AAA0,건설공사비지수,81.97,2020＝100
201207,15397AA2AA121,비주거용건물,,,16397AAA0,건설공사비지수,81.79,2020＝100
201208,15397AA2AA121,비주거용건물,,,16397AAA0,건설공사비지수,81.7,2020＝100
201209,15397AA2AA121,비주거용건물,,,16397AAA0,건설공사비지수,82.86,2020＝100
201210,15397AA2AA121,비주거용건물,,,16397AAA0,건설공사비지수,82.68,2020＝100
201211,15397AA2AA121,비주거용건물,,,16397AAA0,건설공사비지수,82.52,2020＝100
201212,15397AA2AA121,비주거용건물,,,16397AAA0,건설공사비지수,82.44,2020＝100
201201,15397AA2AA13,건축보수,,,16397AAA0,건설공사비지수,81.12,2020＝100
201202,15397AA2AA13,건축보수,,,16397AAA0,건설공사비지수,81.2,2020＝100
201203,15397AA2AA13,건축보수,,,16397AAA0,건설공사비지수,81.42,2020＝100
201204,15397AA2AA13,건축보수,,,16397AAA0,건설공사비지수,81.31,2020＝100
201205,15397AA2AA13,건축보수,,,16397AAA0,건설공사비지수,81.33,2020＝100
201206,15397AA2AA13,건축보수,,,16397AAA0,건설공사비지수,81.16,2020＝100
201207,15397AA2AA13,건축보수,,,16397AAA0,건설공사비지수,81.09,2020＝100
201208,15397AA2AA13,건축보수,,,16397AAA0,건설공사비지수,81.02,2020＝100
201209,15397AA2AA13,건축보수,,,16397AAA0,건설공사비지수,82.34,2020＝100
201210,15397AA2AA13,건축보수,,,16397AAA0,건설공사비지수,82.27,2020＝100
201211,15397AA2AA13,건축보수,,,16397AAA0,건설공사비지수,82.03,2020＝100
201212,15397AA2AA13,건축보수,,,16397AAA0,건설공사비지수,82.19,2020＝100
201201,15397AA2AA131,건축보수,,,16397AAA0,건설공사비지수,81.12,2020＝100
201202,15397AA2AA131,건축보수,,,16397AAA0,건설공사비지수,81.2,2020＝100
201203,15397AA2AA131,건축보수,,,16397AAA0,건설공사비지수,81.42,2020＝100
201204,15397AA2AA131,건축보수,,,16397AAA0,건설공사비지수,81.31,2020＝100
201205,15397AA2AA131,건축보수,,,16397AAA0,건설공사비지수,81.33,2020＝100
201206,15397AA2AA131,건축보수,,,16397AAA0,건설공사비지수,81.16,2020＝100
201207,15397AA2AA131,건축보수,,,16397AAA0,건설공사비지수,81.09,2020＝100
201208,15397AA2AA131,건축보수,,,16397AAA0,건설공사비지수,81.02,2020＝100
201209,15397AA2AA131,건축보수,,,16397AAA0,건설공사비지수,82.34,2020＝100
201210,15397AA2AA131,건축보수,,,16397AAA0,건설공사비지수,82.27,2020＝100
201211,15397AA2AA131,건축보수,,,16397AAA0,건설공사비지수,82.03,2020＝100
201212,15397AA2AA131,건축보수,,,16397AAA0,건설공사비지수,82.19,2020＝100
201201,15397AA2AA2,토목건설,,,16397AAA0,건설공사비지수,82.73,2020＝100
201202,15397AA2AA2,토목건설,,,16397AAA0,건설공사비지수,82.86,2020＝100
201203,15397AA2AA2,토목건설,,,16397AAA0,건설공사비지수,83.26,2020＝100
201204,15397AA2AA2,토목건설,,,16397AAA0,건설공사비지수,83.37,2020＝100
201205,15397AA2AA2,토목건설,,,16397AAA0,건설공사비지수,83.18,2020＝100
201206,15397AA2AA2,토목건설,,,16397AAA0,건설공사비지수,82.94,2020＝100
201207,15397AA2AA2,토목건설,,,16397AAA0,건설공사비지수,82.78,2020＝100
201208,15397AA2AA2,토목건설,,,16397AAA0,건설공사비지수,82.67,2020＝100
201209,15397AA2AA2,토목건설,,,16397AAA0,건설공사비지수,84.09,2020＝100
201210,15397AA2AA2,토목건설,,,16397AAA0,건설공사비지수,83.83,2020＝100
201211,15397AA2AA2,토목건설,,,16397AAA0,건설공사비지수,83.62,2020＝100
201212,15397AA2AA2,토목건설,,,16397AAA0,건설공사비지수,83.52,2020＝100
201201,15397AA2AA21,교통시설건설,,,16397AAA0,건설공사비지수,83.99,2020＝100
201202,15397AA2AA21,교통시설건설,,,16397AAA0,건설공사비지수,84.03,2020＝100
201203,15397AA2AA21,교통시설건설,,,16397AAA0,건설공사비지수,84.75,2020＝100
201204,15397AA2AA21,교통시설건설,,,16397AAA0,건설공사비지수,85.08,2020＝100
201205,15397AA2AA21,교통시설건설,,,16397AAA0,건설공사비지수,84.78,2020＝100
201206,15397AA2AA21,교통시설건설,,,16397AAA0,건설공사비지수,84.63,2020＝100
201207,15397AA2AA21,교통시설건설,,,16397AAA0,건설공사비지수,84.55,2020＝100
201208,15397AA2AA21,교통시설건설,,,16397AAA0,건설공사비지수,84.5,2020＝100
201209,15397AA2AA21,교통시설건설,,,16397AAA0,건설공사비지수,85.69,2020＝100
201210,15397AA2AA21,교통시설건설,,,16397AAA0,건설공사비지수,85.13,2020＝100
201211,15397AA2AA21,교통시설건설,,,16397AAA0,건설공사비지수,84.98,2020＝100
201212,15397AA2AA21,교통시설건설,,,16397AAA0,건설공사비지수,84.85,2020＝100
201201,15397AA2AA211,도로시설,,,16397AAA0,건설공사비지수,83.23,2020＝100
201202,15397AA2AA211,도로시설,,,16397AAA0,건설공사비지수,83.37,2020＝100
201203,15397AA2AA211,도로시설,,,16397AAA0,건설공사비지수,84.19,2020＝100
201204,15397AA2AA211,도로시설,,,16397AAA0,건설공사비지수,84.56,2020＝100
201205,15397AA2AA211,도로시설,,,16397AAA0,건설공사비지수,84.42,2020＝100
201206,15397AA2AA211,도로시설,,,16397AAA0,건설공사비지수,84.16,2020＝100
201207,15397AA2AA211,도로시설,,,16397AAA0,건설공사비지수,84.06,2020＝100
201208,15397AA2AA211,도로시설,,,16397AAA0,건설공사비지수,84.07,2020＝100
201209,15397AA2AA211,도로시설,,,16397AAA0,건설공사비지수,85.36,2020＝100
201210,15397AA2AA211,도로시설,,,16397AAA0,건설공사비지수,85.15,2020＝100
201211,15397AA2AA211,도로시설,,,16397AAA0,건설공사비지수,84.99,2020＝100
201212,15397AA2AA211,도로시설,,,16397AAA0,건설공사비지수,84.89,2020＝100
201201,15397AA2AA212,철도시설,,,16397AAA0,건설공사비지수,86.21,2020＝100
201202,15397AA2AA212,철도시설,,,16397AAA0,건설공사비지수,86,2020＝100
201203,15397AA2AA212,철도시설,,,16397AAA0,건설공사비지수,86.57,2020＝100
201204,15397AA2AA212,철도시설,,,16397AAA0,건설공사비지수,86.79,2020＝100
201205,15397AA2AA212,철도시설,,,16397AAA0,건설공사비지수,86.09,2020＝100
201206,15397AA2AA212,철도시설,,,16397AAA0,건설공사비지수,86.2,2020＝100
201207,15397AA2AA212,철도시설,,,16397AAA0,건설공사비지수,86.16,2020＝100
201208,15397AA2AA212,철도시설,,,16397AAA0,건설공사비지수,85.96,2020＝100
201209,15397AA2AA212,철도시설,,,16397AAA0,건설공사비지수,86.83,2020＝100
201210,15397AA2AA212,철도시설,,,16397AAA0,건설공사비지수,85.46,2020＝100
201211,15397AA2AA212,철도시설,,,16397AAA0,건설공사비지수,85.33,2020＝100
201212,15397AA2AA212,철도시설,,,16397AAA0,건설공사비지수,85.1,2020＝100
201201,15397AA2AA213,항만시설,,,16397AAA0,건설공사비지수,81.35,2020＝100
201202,15397AA2AA213,항만시설,,,16397AAA0,건설공사비지수,81.56,2020＝100
201203,15397AA2AA213,항만시설,,,16397AAA0,건설공사비지수,81.97,2020＝100
201204,15397AA2AA213,항만시설,,,16397AAA0,건설공사비지수,82.35,2020＝100
201205,15397AA2AA213,항만시설,,,16397AAA0,건설공사비지수,82.25,2020＝100
201206,15397AA2AA213,항만시설,,,16397AAA0,건설공사비지수,82.05,2020＝100
201207,15397AA2AA213,항만시설,,,16397AAA0,건설공사비지수,81.98,2020＝100
201208,15397AA2AA213,항만시설,,,16397AAA0,건설공사비지수,82.1,2020＝100
201209,15397AA2AA213,항만시설,,,16397AAA0,건설공사비지수,83.49,2020＝100
201210,15397AA2AA213,항만시설,,,16397AAA0,건설공사비지수,83.2,2020＝100
201211,15397AA2AA213,항만시설,,,16397AAA0,건설공사비지수,83.07,2020＝100
201212,15397AA2AA213,항만시설,,,16397AAA0,건설공사비지수,82.96,2020＝100
201201,15397AA2AA22,일반토목시설건설,,,16397AAA0,건설공사비지수,82.61,2020＝100
201202,15397AA2AA22,일반토목시설건설,,,16397AAA0,건설공사비지수,82.71,2020＝100
201203,15397AA2AA22,일반토목시설건설,,,16397AAA0,건설공사비지수,83.26,2020＝100
201204,15397AA2AA22,일반토목시설건설,,,16397AAA0,건설공사비지수,83.45,2020＝100
201205,15397AA2AA22,일반토목시설건설,,,16397AAA0,건설공사비지수,83.34,2020＝100
201206,15397AA2AA22,일반토목시설건설,,,16397AAA0,건설공사비지수,83.19,2020＝100
201207,15397AA2AA22,일반토목시설건설,,,16397AAA0,건설공사비지수,83.15,2020＝100
201208,15397AA2AA22,일반토목시설건설,,,16397AAA0,건설공사비지수,83.13,2020＝100
201209,15397AA2AA22,일반토목시설건설,,,16397AAA0,건설공사비지수,84.6,2020＝100
201210,15397AA2AA22,일반토목시설건설,,,16397AAA0,건설공사비지수,84.38,2020＝100
201211,15397AA2AA22,일반토목시설건설,,,16397AAA0,건설공사비지수,84.27,2020＝100
201212,15397AA2AA22,일반토목시설건설,,,16397AAA0,건설공사비지수,84.15,2020＝100
201201,15397AA2AA221,하천사방,,,16397AAA0,건설공사비지수,79.75,2020＝100
201202,15397AA2AA221,하천사방,,,16397AAA0,건설공사비지수,80.01,2020＝100
201203,15397AA2AA221,하천사방,,,16397AAA0,건설공사비지수,80.45,2020＝100
201204,15397AA2AA221,하천사방,,,16397AAA0,건설공사비지수,80.9,2020＝100
201205,15397AA2AA221,하천사방,,,16397AAA0,건설공사비지수,80.98,2020＝100
201206,15397AA2AA221,하천사방,,,16397AAA0,건설공사비지수,80.88,2020＝100
201207,15397AA2AA221,하천사방,,,16397AAA0,건설공사비지수,80.83,2020＝100
201208,15397AA2AA221,하천사방,,,16397AAA0,건설공사비지수,80.92,2020＝100
201209,15397AA2AA221,하천사방,,,16397AAA0,건설공사비지수,82.46,2020＝100
201210,15397AA2AA221,하천사방,,,16397AAA0,건설공사비지수,82.27,2020＝100
201211,15397AA2AA221,하천사방,,,16397AAA0,건설공사비지수,82.16,2020＝100
201212,15397AA2AA221,하천사방,,,16397AAA0,건설공사비지수,82.06,2020＝100
201201,15397AA2AA222,상하수도시설,,,16397AAA0,건설공사비지수,84.05,2020＝100
201202,15397AA2AA222,상하수도시설,,,16397AAA0,건설공사비지수,84.11,2020＝100
201203,15397AA2AA222,상하수도시설,,,16397AAA0,건설공사비지수,84.27,2020＝100
201204,15397AA2AA222,상하수도시설,,,16397AAA0,건설공사비지수,84.37,2020＝100
201205,15397AA2AA222,상하수도시설,,,16397AAA0,건설공사비지수,84.24,2020＝100
201206,15397AA2AA222,상하수도시설,,,16397AAA0,건설공사비지수,84.27,2020＝100
201207,15397AA2AA222,상하수도시설,,,16397AAA0,건설공사비지수,84.19,2020＝100
201208,15397AA2AA222,상하수도시설,,,16397AAA0,건설공사비지수,83.78,2020＝100
201209,15397AA2AA222,상하수도시설,,,16397AAA0,건설공사비지수,85.16,2020＝100
201210,15397AA2AA222,상하수도시설,,,16397AAA0,건설공사비지수,85.02,2020＝100
201211,15397AA2AA222,상하수도시설,,,16397AAA0,건설공사비지수,85,2020＝100
201212,15397AA2AA222,상하수도시설,,,16397AAA0,건설공사비지수,84.84,2020＝100
201201,15397AA2AA223,농림수산토목,,,16397AAA0,건설공사비지수,80.05,2020＝100
201202,15397AA2AA223,농림수산토목,,,16397AAA0,건설공사비지수,80.12,2020＝100
201203,15397AA2AA223,농림수산토목,,,16397AAA0,건설공사비지수,80.37,2020＝100
201204,15397AA2AA223,농림수산토목,,,16397AAA0,건설공사비지수,80.41,2020＝100
201205,15397AA2AA223,농림수산토목,,,16397AAA0,건설공사비지수,80.27,2020＝100
201206,15397AA2AA223,농림수산토목,,,16397AAA0,건설공사비지수,79.96,2020＝100
201207,15397AA2AA223,농림수산토목,,,16397AAA0,건설공사비지수,79.89,2020＝100
201208,15397AA2AA223,농림수산토목,,,16397AAA0,건설공사비지수,80.2,2020＝100
201209,15397AA2AA223,농림수산토목,,,16397AAA0,건설공사비지수,81.63,2020＝100
201210,15397AA2AA223,농림수산토목,,,16397AAA0,건설공사비지수,81.39,2020＝100
201211,15397AA2AA223,농림수산토목,,,16397AAA0,건설공사비지수,81.15,2020＝100
201212,15397AA2AA223,농림수산토목,,,16397AAA0,건설공사비지수,81.08,2020＝100
201201,15397AA2AA224,도시토목,,,16397AAA0,건설공사비지수,83.23,2020＝100
201202,15397AA2AA224,도시토목,,,16397AAA0,건설공사비지수,83.32,2020＝100
201203,15397AA2AA224,도시토목,,,16397AAA0,건설공사비지수,84.12,2020＝100
201204,15397AA2AA224,도시토목,,,16397AAA0,건설공사비지수,84.33,2020＝100
201205,15397AA2AA224,도시토목,,,16397AAA0,건설공사비지수,84.19,2020＝100
201206,15397AA2AA224,도시토목,,,16397AAA0,건설공사비지수,83.98,2020＝100
201207,15397AA2AA224,도시토목,,,16397AAA0,건설공사비지수,83.96,2020＝100
201208,15397AA2AA224,도시토목,,,16397AAA0,건설공사비지수,84.03,2020＝100
201209,15397AA2AA224,도시토목,,,16397AAA0,건설공사비지수,85.54,2020＝100
201210,15397AA2AA224,도시토목,,,16397AAA0,건설공사비지수,85.28,2020＝100
201211,15397AA2AA224,도시토목,,,16397AAA0,건설공사비지수,85.15,2020＝100
201212,15397AA2AA224,도시토목,,,16397AAA0,건설공사비지수,85.03,2020＝100
201201,15397AA2AA23,산업시설건설,,,16397AAA0,건설공사비지수,82.39,2020＝100
201202,15397AA2AA23,산업시설건설,,,16397AAA0,건설공사비지수,82.61,2020＝100
201203,15397AA2AA23,산업시설건설,,,16397AAA0,건설공사비지수,82.68,2020＝100
201204,15397AA2AA23,산업시설건설,,,16397AAA0,건설공사비지수,82.58,2020＝100
201205,15397AA2AA23,산업시설건설,,,16397AAA0,건설공사비지수,82.43,2020＝100
201206,15397AA2AA23,산업시설건설,,,16397AAA0,건설공사비지수,82.08,2020＝100
201207,15397AA2AA23,산업시설건설,,,16397AAA0,건설공사비지수,81.79,2020＝100
201208,15397AA2AA23,산업시설건설,,,16397AAA0,건설공사비지수,81.57,2020＝100
201209,15397AA2AA23,산업시설건설,,,16397AAA0,건설공사비지수,83.17,2020＝100
201210,15397AA2AA23,산업시설건설,,,16397AAA0,건설공사비지수,83.1,2020＝100
201211,15397AA2AA23,산업시설건설,,,16397AAA0,건설공사비지수,82.79,2020＝100
201212,15397AA2AA23,산업시설건설,,,16397AAA0,건설공사비지수,82.75,2020＝100
201201,15397AA2AA231,환경정화시설,,,16397AAA0,건설공사비지수,80.18,2020＝100
201202,15397AA2AA231,환경정화시설,,,16397AAA0,건설공사비지수,80.23,2020＝100
201203,15397AA2AA231,환경정화시설,,,16397AAA0,건설공사비지수,80.37,2020＝100
201204,15397AA2AA231,환경정화시설,,,16397AAA0,건설공사비지수,80.25,2020＝100
201205,15397AA2AA231,환경정화시설,,,16397AAA0,건설공사비지수,80.27,2020＝100
201206,15397AA2AA231,환경정화시설,,,16397AAA0,건설공사비지수,80.15,2020＝100
201207,15397AA2AA231,환경정화시설,,,16397AAA0,건설공사비지수,80,2020＝100
201208,15397AA2AA231,환경정화시설,,,16397AAA0,건설공사비지수,79.95,2020＝100
201209,15397AA2AA231,환경정화시설,,,16397AAA0,건설공사비지수,81.34,2020＝100
201210,15397AA2AA231,환경정화시설,,,16397AAA0,건설공사비지수,81.1,2020＝100
201211,15397AA2AA231,환경정화시설,,,16397AAA0,건설공사비지수,80.84,2020＝100
201212,15397AA2AA231,환경정화시설,,,16397AAA0,건설공사비지수,80.68,2020＝100
201201,15397AA2AA232,발전소시설,,,16397AAA0,건설공사비지수,84.83,2020＝100
201202,15397AA2AA232,발전소시설,,,16397AAA0,건설공사비지수,85.22,2020＝100
201203,15397AA2AA232,발전소시설,,,16397AAA0,건설공사비지수,85.25,2020＝100
201204,15397AA2AA232,발전소시설,,,16397AAA0,건설공사비지수,85.07,2020＝100
201205,15397AA2AA232,발전소시설,,,16397AAA0,건설공사비지수,84.8,2020＝100
201206,15397AA2AA232,발전소시설,,,16397AAA0,건설공사비지수,84.19,2020＝100
201207,15397AA2AA232,발전소시설,,,16397AAA0,건설공사비지수,83.72,2020＝100
201208,15397AA2AA232,발전소시설,,,16397AAA0,건설공사비지수,83.5,2020＝100
201209,15397AA2AA232,발전소시설,,,16397AAA0,건설공사비지수,85.3,2020＝100
201210,15397AA2AA232,발전소시설,,,16397AAA0,건설공사비지수,85.31,2020＝100
201211,15397AA2AA232,발전소시설,,,16397AAA0,건설공사비지수,84.91,2020＝100
201212,15397AA2AA232,발전소시설,,,16397AAA0,건설공사비지수,84.92,2020＝100
201201,15397AA2AA234,산업플랜트,,,16397AAA0,건설공사비지수,80.01,2020＝100
201202,15397AA2AA234,산업플랜트,,,16397AAA0,건설공사비지수,80.06,2020＝100
201203,15397AA2AA234,산업플랜트,,,16397AAA0,건설공사비지수,80.17,2020＝100
201204,15397AA2AA234,산업플랜트,,,16397AAA0,건설공사비지수,80.24,2020＝100
201205,15397AA2AA234,산업플랜트,,,16397AAA0,건설공사비지수,80.21,2020＝100
201206,15397AA2AA234,산업플랜트,,,16397AAA0,건설공사비지수,80.19,2020＝100
201207,15397AA2AA234,산업플랜트,,,16397AAA0,건설공사비지수,80.07,2020＝100
201208,15397AA2AA234,산업플랜트,,,16397AAA0,건설공사비지수,79.79,2020＝100
201209,15397AA2AA234,산업플랜트,,,16397AAA0,건설공사비지수,81.17,2020＝100
201210,15397AA2AA234,산업플랜트,,,16397AAA0,건설공사비지수,81.03,2020＝100
201211,15397AA2AA234,산업플랜트,,,16397AAA0,건설공사비지수,80.91,2020＝100
201212,15397AA2AA234,산업플랜트,,,16397AAA0,건설공사비지수,80.81,2020＝100
201201,15397AA2AA24,기타건설,,,16397AAA0,건설공사비지수,81.02,2020＝100
201202,15397AA2AA24,기타건설,,,16397AAA0,건설공사비지수,81.04,2020＝100
201203,15397AA2AA24,기타건설,,,16397AAA0,건설공사비지수,81.2,2020＝100
201204,15397AA2AA24,기타건설,,,16397AAA0,건설공사비지수,81.18,2020＝100
201205,15397AA2AA24,기타건설,,,16397AAA0,건설공사비지수,81.04,2020＝100
201206,15397AA2AA24,기타건설,,,16397AAA0,건설공사비지수,80.69,2020＝100
201207,15397AA2AA24,기타건설,,,16397AAA0,건설공사비지수,80.52,2020＝100
201208,15397AA2AA24,기타건설,,,16397AAA0,건설공사비지수,80.5,2020＝100
201209,15397AA2AA24,기타건설,,,16397AAA0,건설공사비지수,82.03,2020＝100
201210,15397AA2AA24,기타건설,,,16397AAA0,건설공사비지수,81.72,2020＝100
201211,15397AA2AA24,기타건설,,,16397AAA0,건설공사비지수,81.55,2020＝100
201212,15397AA2AA24,기타건설,,,16397AAA0,건설공사비지수,81.35,2020＝100
201201,15397AA2AA241,기타건설,,,16397AAA0,건설공사비지수,81.02,2020＝100
201202,15397AA2AA241,기타건설,,,16397AAA0,건설공사비지수,81.04,2020＝100
201203,15397AA2AA241,기타건설,,,16397AAA0,건설공사비지수,81.2,2020＝100
201204,15397AA2AA241,기타건설,,,16397AAA0,건설공사비지수,81.18,2020＝100
201205,15397AA2AA241,기타건설,,,16397AAA0,건설공사비지수,81.04,2020＝100
201206,15397AA2AA241,기타건설,,,16397AAA0,건설공사비지수,80.69,2020＝100
201207,15397AA2AA241,기타건설,,,16397AAA0,건설공사비지수,80.52,2020＝100
201208,15397AA2AA241,기타건설,,,16397AAA0,건설공사비지수,80.5,2020＝100
201209,15397AA2AA241,기타건설,,,16397AAA0,건설공사비지수,82.03,2020＝100
201210,15397AA2AA241,기타건설,,,16397AAA0,건설공사비지수,81.72,2020＝100
201211,15397AA2AA241,기타건설,,,16397AAA0,건설공사비지수,81.55,2020＝100
201212,15397AA2AA241,기타건설,,,16397AAA0,건설공사비지수,81.35,2020＝100
201301,15397AA2AA,건설,,,16397AAA0,건설공사비지수,83.25,2020＝100
201302,15397AA2AA,건설,,,16397AAA0,건설공사비지수,83.46,2020＝100
201303,15397AA2AA,건설,,,16397AAA0,건설공사비지수,83.22,2020＝100
201304,15397AA2AA,건설,,,16397AAA0,건설공사비지수,83.11,2020＝100
201305,15397AA2AA,건설,,,16397AAA0,건설공사비지수,82.97,2020＝100
201306,15397AA2AA,건설,,,16397AAA0,건설공사비지수,82.92,2020＝100
201307,15397AA2AA,건설,,,16397AAA0,건설공사비지수,82.83,2020＝100
201308,15397AA2AA,건설,,,16397AAA0,건설공사비지수,82.84,2020＝100
201309,15397AA2AA,건설,,,16397AAA0,건설공사비지수,84.25,2020＝100
201310,15397AA2AA,건설,,,16397AAA0,건설공사비지수,84.19,2020＝100
201311,15397AA2AA,건설,,,16397AAA0,건설공사비지수,84.02,2020＝100
201312,15397AA2AA,건설,,,16397AAA0,건설공사비지수,84.21,2020＝100
201301,15397AA2AA1,건물건설 및 건축보수,,,16397AAA0,건설공사비지수,82.74,2020＝100
201302,15397AA2AA1,건물건설 및 건축보수,,,16397AAA0,건설공사비지수,82.93,2020＝100
201303,15397AA2AA1,건물건설 및 건축보수,,,16397AAA0,건설공사비지수,82.72,2020＝100
201304,15397AA2AA1,건물건설 및 건축보수,,,16397AAA0,건설공사비지수,82.65,2020＝100
201305,15397AA2AA1,건물건설 및 건축보수,,,16397AAA0,건설공사비지수,82.51,2020＝100
201306,15397AA2AA1,건물건설 및 건축보수,,,16397AAA0,건설공사비지수,82.48,2020＝100
201307,15397AA2AA1,건물건설 및 건축보수,,,16397AAA0,건설공사비지수,82.41,2020＝100
201308,15397AA2AA1,건물건설 및 건축보수,,,16397AAA0,건설공사비지수,82.43,2020＝100
201309,15397AA2AA1,건물건설 및 건축보수,,,16397AAA0,건설공사비지수,83.82,2020＝100
201310,15397AA2AA1,건물건설 및 건축보수,,,16397AAA0,건설공사비지수,83.8,2020＝100
201311,15397AA2AA1,건물건설 및 건축보수,,,16397AAA0,건설공사비지수,83.64,2020＝100
201312,15397AA2AA1,건물건설 및 건축보수,,,16397AAA0,건설공사비지수,83.83,2020＝100
201301,15397AA2AA11,주거용건물,,,16397AAA0,건설공사비지수,82.14,2020＝100
201302,15397AA2AA11,주거용건물,,,16397AAA0,건설공사비지수,82.3,2020＝100
201303,15397AA2AA11,주거용건물,,,16397AAA0,건설공사비지수,82.11,2020＝100
201304,15397AA2AA11,주거용건물,,,16397AAA0,건설공사비지수,82.03,2020＝100
201305,15397AA2AA11,주거용건물,,,16397AAA0,건설공사비지수,81.89,2020＝100
201306,15397AA2AA11,주거용건물,,,16397AAA0,건설공사비지수,81.88,2020＝100
201307,15397AA2AA11,주거용건물,,,16397AAA0,건설공사비지수,81.79,2020＝100
201308,15397AA2AA11,주거용건물,,,16397AAA0,건설공사비지수,81.83,2020＝100
201309,15397AA2AA11,주거용건물,,,16397AAA0,건설공사비지수,83.25,2020＝100
201310,15397AA2AA11,주거용건물,,,16397AAA0,건설공사비지수,83.21,2020＝100
201311,15397AA2AA11,주거용건물,,,16397AAA0,건설공사비지수,83.1,2020＝100
201312,15397AA2AA11,주거용건물,,,16397AAA0,건설공사비지수,83.31,2020＝100
201301,15397AA2AA111,주거용건물,,,16397AAA0,건설공사비지수,82.14,2020＝100
201302,15397AA2AA111,주거용건물,,,16397AAA0,건설공사비지수,82.3,2020＝100
201303,15397AA2AA111,주거용건물,,,16397AAA0,건설공사비지수,82.11,2020＝100
201304,15397AA2AA111,주거용건물,,,16397AAA0,건설공사비지수,82.03,2020＝100
201305,15397AA2AA111,주거용건물,,,16397AAA0,건설공사비지수,81.89,2020＝100
201306,15397AA2AA111,주거용건물,,,16397AAA0,건설공사비지수,81.88,2020＝100
201307,15397AA2AA111,주거용건물,,,16397AAA0,건설공사비지수,81.79,2020＝100
201308,15397AA2AA111,주거용건물,,,16397AAA0,건설공사비지수,81.83,2020＝100
201309,15397AA2AA111,주거용건물,,,16397AAA0,건설공사비지수,83.25,2020＝100
201310,15397AA2AA111,주거용건물,,,16397AAA0,건설공사비지수,83.21,2020＝100
201311,15397AA2AA111,주거용건물,,,16397AAA0,건설공사비지수,83.1,2020＝100
201312,15397AA2AA111,주거용건물,,,16397AAA0,건설공사비지수,83.31,2020＝100
201301,15397AA2AA12,비주거용건물,,,16397AAA0,건설공사비지수,83.23,2020＝100
201302,15397AA2AA12,비주거용건물,,,16397AAA0,건설공사비지수,83.45,2020＝100
201303,15397AA2AA12,비주거용건물,,,16397AAA0,건설공사비지수,83.21,2020＝100
201304,15397AA2AA12,비주거용건물,,,16397AAA0,건설공사비지수,83.13,2020＝100
201305,15397AA2AA12,비주거용건물,,,16397AAA0,건설공사비지수,82.98,2020＝100
201306,15397AA2AA12,비주거용건물,,,16397AAA0,건설공사비지수,82.95,2020＝100
201307,15397AA2AA12,비주거용건물,,,16397AAA0,건설공사비지수,82.85,2020＝100
201308,15397AA2AA12,비주거용건물,,,16397AAA0,건설공사비지수,82.89,2020＝100
201309,15397AA2AA12,비주거용건물,,,16397AAA0,건설공사비지수,84.24,2020＝100
201310,15397AA2AA12,비주거용건물,,,16397AAA0,건설공사비지수,84.2,2020＝100
201311,15397AA2AA12,비주거용건물,,,16397AAA0,건설공사비지수,84,2020＝100
201312,15397AA2AA12,비주거용건물,,,16397AAA0,건설공사비지수,84.2,2020＝100
201301,15397AA2AA121,비주거용건물,,,16397AAA0,건설공사비지수,83.23,2020＝100
201302,15397AA2AA121,비주거용건물,,,16397AAA0,건설공사비지수,83.45,2020＝100
201303,15397AA2AA121,비주거용건물,,,16397AAA0,건설공사비지수,83.21,2020＝100
201304,15397AA2AA121,비주거용건물,,,16397AAA0,건설공사비지수,83.13,2020＝100
201305,15397AA2AA121,비주거용건물,,,16397AAA0,건설공사비지수,82.98,2020＝100
201306,15397AA2AA121,비주거용건물,,,16397AAA0,건설공사비지수,82.95,2020＝100
201307,15397AA2AA121,비주거용건물,,,16397AAA0,건설공사비지수,82.85,2020＝100
201308,15397AA2AA121,비주거용건물,,,16397AAA0,건설공사비지수,82.89,2020＝100
201309,15397AA2AA121,비주거용건물,,,16397AAA0,건설공사비지수,84.24,2020＝100
201310,15397AA2AA121,비주거용건물,,,16397AAA0,건설공사비지수,84.2,2020＝100
201311,15397AA2AA121,비주거용건물,,,16397AAA0,건설공사비지수,84,2020＝100
201312,15397AA2AA121,비주거용건물,,,16397AAA0,건설공사비지수,84.2,2020＝100
201301,15397AA2AA13,건축보수,,,16397AAA0,건설공사비지수,82.88,2020＝100
201302,15397AA2AA13,건축보수,,,16397AAA0,건설공사비지수,83.02,2020＝100
201303,15397AA2AA13,건축보수,,,16397AAA0,건설공사비지수,82.97,2020＝100
201304,15397AA2AA13,건축보수,,,16397AAA0,건설공사비지수,82.92,2020＝100
201305,15397AA2AA13,건축보수,,,16397AAA0,건설공사비지수,82.85,2020＝100
201306,15397AA2AA13,건축보수,,,16397AAA0,건설공사비지수,82.84,2020＝100
201307,15397AA2AA13,건축보수,,,16397AAA0,건설공사비지수,82.84,2020＝100
201308,15397AA2AA13,건축보수,,,16397AAA0,건설공사비지수,82.84,2020＝100
201309,15397AA2AA13,건축보수,,,16397AAA0,건설공사비지수,84.32,2020＝100
201310,15397AA2AA13,건축보수,,,16397AAA0,건설공사비지수,84.29,2020＝100
201311,15397AA2AA13,건축보수,,,16397AAA0,건설공사비지수,84.2,2020＝100
201312,15397AA2AA13,건축보수,,,16397AAA0,건설공사비지수,84.25,2020＝100
201301,15397AA2AA131,건축보수,,,16397AAA0,건설공사비지수,82.88,2020＝100
201302,15397AA2AA131,건축보수,,,16397AAA0,건설공사비지수,83.02,2020＝100
201303,15397AA2AA131,건축보수,,,16397AAA0,건설공사비지수,82.97,2020＝100
201304,15397AA2AA131,건축보수,,,16397AAA0,건설공사비지수,82.92,2020＝100
201305,15397AA2AA131,건축보수,,,16397AAA0,건설공사비지수,82.85,2020＝100
201306,15397AA2AA131,건축보수,,,16397AAA0,건설공사비지수,82.84,2020＝100
201307,15397AA2AA131,건축보수,,,16397AAA0,건설공사비지수,82.84,2020＝100
201308,15397AA2AA131,건축보수,,,16397AAA0,건설공사비지수,82.84,2020＝100
201309,15397AA2AA131,건축보수,,,16397AAA0,건설공사비지수,84.32,2020＝100
201310,15397AA2AA131,건축보수,,,16397AAA0,건설공사비지수,84.29,2020＝100
201311,15397AA2AA131,건축보수,,,16397AAA0,건설공사비지수,84.2,2020＝100
201312,15397AA2AA131,건축보수,,,16397AAA0,건설공사비지수,84.25,2020＝100
201301,15397AA2AA2,토목건설,,,16397AAA0,건설공사비지수,84.38,2020＝100
201302,15397AA2AA2,토목건설,,,16397AAA0,건설공사비지수,84.61,2020＝100
201303,15397AA2AA2,토목건설,,,16397AAA0,건설공사비지수,84.32,2020＝100
201304,15397AA2AA2,토목건설,,,16397AAA0,건설공사비지수,84.14,2020＝100
201305,15397AA2AA2,토목건설,,,16397AAA0,건설공사비지수,83.99,2020＝100
201306,15397AA2AA2,토목건설,,,16397AAA0,건설공사비지수,83.9,2020＝100
201307,15397AA2AA2,토목건설,,,16397AAA0,건설공사비지수,83.79,2020＝100
201308,15397AA2AA2,토목건설,,,16397AAA0,건설공사비지수,83.77,2020＝100
201309,15397AA2AA2,토목건설,,,16397AAA0,건설공사비지수,85.21,2020＝100
201310,15397AA2AA2,토목건설,,,16397AAA0,건설공사비지수,85.08,2020＝100
201311,15397AA2AA2,토목건설,,,16397AAA0,건설공사비지수,84.88,2020＝100
201312,15397AA2AA2,토목건설,,,16397AAA0,건설공사비지수,85.05,2020＝100
201301,15397AA2AA21,교통시설건설,,,16397AAA0,건설공사비지수,85.67,2020＝100
201302,15397AA2AA21,교통시설건설,,,16397AAA0,건설공사비지수,86.02,2020＝100
201303,15397AA2AA21,교통시설건설,,,16397AAA0,건설공사비지수,85.56,2020＝100
201304,15397AA2AA21,교통시설건설,,,16397AAA0,건설공사비지수,85.39,2020＝100
201305,15397AA2AA21,교통시설건설,,,16397AAA0,건설공사비지수,85.46,2020＝100
201306,15397AA2AA21,교통시설건설,,,16397AAA0,건설공사비지수,85.23,2020＝100
201307,15397AA2AA21,교통시설건설,,,16397AAA0,건설공사비지수,85.14,2020＝100
201308,15397AA2AA21,교통시설건설,,,16397AAA0,건설공사비지수,85.11,2020＝100
201309,15397AA2AA21,교통시설건설,,,16397AAA0,건설공사비지수,86.36,2020＝100
201310,15397AA2AA21,교통시설건설,,,16397AAA0,건설공사비지수,86.27,2020＝100
201311,15397AA2AA21,교통시설건설,,,16397AAA0,건설공사비지수,86.18,2020＝100
201312,15397AA2AA21,교통시설건설,,,16397AAA0,건설공사비지수,86.38,2020＝100
201301,15397AA2AA211,도로시설,,,16397AAA0,건설공사비지수,85.61,2020＝100
201302,15397AA2AA211,도로시설,,,16397AAA0,건설공사비지수,85.88,2020＝100
201303,15397AA2AA211,도로시설,,,16397AAA0,건설공사비지수,85.71,2020＝100
201304,15397AA2AA211,도로시설,,,16397AAA0,건설공사비지수,85.53,2020＝100
201305,15397AA2AA211,도로시설,,,16397AAA0,건설공사비지수,85.46,2020＝100
201306,15397AA2AA211,도로시설,,,16397AAA0,건설공사비지수,85.41,2020＝100
201307,15397AA2AA211,도로시설,,,16397AAA0,건설공사비지수,85.13,2020＝100
201308,15397AA2AA211,도로시설,,,16397AAA0,건설공사비지수,85.15,2020＝100
201309,15397AA2AA211,도로시설,,,16397AAA0,건설공사비지수,86.46,2020＝100
201310,15397AA2AA211,도로시설,,,16397AAA0,건설공사비지수,86.34,2020＝100
201311,15397AA2AA211,도로시설,,,16397AAA0,건설공사비지수,86.24,2020＝100
201312,15397AA2AA211,도로시설,,,16397AAA0,건설공사비지수,86.4,2020＝100
201301,15397AA2AA212,철도시설,,,16397AAA0,건설공사비지수,86.2,2020＝100
201302,15397AA2AA212,철도시설,,,16397AAA0,건설공사비지수,86.68,2020＝100
201303,15397AA2AA212,철도시설,,,16397AAA0,건설공사비지수,85.56,2020＝100
201304,15397AA2AA212,철도시설,,,16397AAA0,건설공사비지수,85.44,2020＝100
201305,15397AA2AA212,철도시설,,,16397AAA0,건설공사비지수,85.82,2020＝100
201306,15397AA2AA212,철도시설,,,16397AAA0,건설공사비지수,85.15,2020＝100
201307,15397AA2AA212,철도시설,,,16397AAA0,건설공사비지수,85.48,2020＝100
201308,15397AA2AA212,철도시설,,,16397AAA0,건설공사비지수,85.32,2020＝100
201309,15397AA2AA212,철도시설,,,16397AAA0,건설공사비지수,86.38,2020＝100
201310,15397AA2AA212,철도시설,,,16397AAA0,건설공사비지수,86.39,2020＝100
201311,15397AA2AA212,철도시설,,,16397AAA0,건설공사비지수,86.3,2020＝100
201312,15397AA2AA212,철도시설,,,16397AAA0,건설공사비지수,86.61,2020＝100
201301,15397AA2AA213,항만시설,,,16397AAA0,건설공사비지수,83.8,2020＝100
201302,15397AA2AA213,항만시설,,,16397AAA0,건설공사비지수,84.16,2020＝100
201303,15397AA2AA213,항만시설,,,16397AAA0,건설공사비지수,83.85,2020＝100
201304,15397AA2AA213,항만시설,,,16397AAA0,건설공사비지수,83.59,2020＝100
201305,15397AA2AA213,항만시설,,,16397AAA0,건설공사비지수,83.49,2020＝100
201306,15397AA2AA213,항만시설,,,16397AAA0,건설공사비지수,83.48,2020＝100
201307,15397AA2AA213,항만시설,,,16397AAA0,건설공사비지수,83.48,2020＝100
201308,15397AA2AA213,항만시설,,,16397AAA0,건설공사비지수,83.5,2020＝100
201309,15397AA2AA213,항만시설,,,16397AAA0,건설공사비지수,84.93,2020＝100
201310,15397AA2AA213,항만시설,,,16397AAA0,건설공사비지수,84.77,2020＝100
201311,15397AA2AA213,항만시설,,,16397AAA0,건설공사비지수,84.69,2020＝100
201312,15397AA2AA213,항만시설,,,16397AAA0,건설공사비지수,84.95,2020＝100
201301,15397AA2AA22,일반토목시설건설,,,16397AAA0,건설공사비지수,84.99,2020＝100
201302,15397AA2AA22,일반토목시설건설,,,16397AAA0,건설공사비지수,85.26,2020＝100
201303,15397AA2AA22,일반토목시설건설,,,16397AAA0,건설공사비지수,85.01,2020＝100
201304,15397AA2AA22,일반토목시설건설,,,16397AAA0,건설공사비지수,84.7,2020＝100
201305,15397AA2AA22,일반토목시설건설,,,16397AAA0,건설공사비지수,84.6,2020＝100
201306,15397AA2AA22,일반토목시설건설,,,16397AAA0,건설공사비지수,84.6,2020＝100
201307,15397AA2AA22,일반토목시설건설,,,16397AAA0,건설공사비지수,84.36,2020＝100
201308,15397AA2AA22,일반토목시설건설,,,16397AAA0,건설공사비지수,84.36,2020＝100
201309,15397AA2AA22,일반토목시설건설,,,16397AAA0,건설공사비지수,85.91,2020＝100
201310,15397AA2AA22,일반토목시설건설,,,16397AAA0,건설공사비지수,85.78,2020＝100
201311,15397AA2AA22,일반토목시설건설,,,16397AAA0,건설공사비지수,85.7,2020＝100
201312,15397AA2AA22,일반토목시설건설,,,16397AAA0,건설공사비지수,85.88,2020＝100
201301,15397AA2AA221,하천사방,,,16397AAA0,건설공사비지수,82.93,2020＝100
201302,15397AA2AA221,하천사방,,,16397AAA0,건설공사비지수,83.19,2020＝100
201303,15397AA2AA221,하천사방,,,16397AAA0,건설공사비지수,82.93,2020＝100
201304,15397AA2AA221,하천사방,,,16397AAA0,건설공사비지수,82.76,2020＝100
201305,15397AA2AA221,하천사방,,,16397AAA0,건설공사비지수,82.63,2020＝100
201306,15397AA2AA221,하천사방,,,16397AAA0,건설공사비지수,82.61,2020＝100
201307,15397AA2AA221,하천사방,,,16397AAA0,건설공사비지수,82.57,2020＝100
201308,15397AA2AA221,하천사방,,,16397AAA0,건설공사비지수,82.63,2020＝100
201309,15397AA2AA221,하천사방,,,16397AAA0,건설공사비지수,84.22,2020＝100
201310,15397AA2AA221,하천사방,,,16397AAA0,건설공사비지수,84.03,2020＝100
201311,15397AA2AA221,하천사방,,,16397AAA0,건설공사비지수,83.87,2020＝100
201312,15397AA2AA221,하천사방,,,16397AAA0,건설공사비지수,84.06,2020＝100
201301,15397AA2AA222,상하수도시설,,,16397AAA0,건설공사비지수,85.64,2020＝100
201302,15397AA2AA222,상하수도시설,,,16397AAA0,건설공사비지수,85.73,2020＝100
201303,15397AA2AA222,상하수도시설,,,16397AAA0,건설공사비지수,85.62,2020＝100
201304,15397AA2AA222,상하수도시설,,,16397AAA0,건설공사비지수,85.03,2020＝100
201305,15397AA2AA222,상하수도시설,,,16397AAA0,건설공사비지수,85,2020＝100
201306,15397AA2AA222,상하수도시설,,,16397AAA0,건설공사비지수,84.99,2020＝100
201307,15397AA2AA222,상하수도시설,,,16397AAA0,건설공사비지수,84.83,2020＝100
201308,15397AA2AA222,상하수도시설,,,16397AAA0,건설공사비지수,84.79,2020＝100
201309,15397AA2AA222,상하수도시설,,,16397AAA0,건설공사비지수,86.33,2020＝100
201310,15397AA2AA222,상하수도시설,,,16397AAA0,건설공사비지수,86.19,2020＝100
201311,15397AA2AA222,상하수도시설,,,16397AAA0,건설공사비지수,86.14,2020＝100
201312,15397AA2AA222,상하수도시설,,,16397AAA0,건설공사비지수,86.22,2020＝100
201301,15397AA2AA223,농림수산토목,,,16397AAA0,건설공사비지수,81.92,2020＝100
201302,15397AA2AA223,농림수산토목,,,16397AAA0,건설공사비지수,82.36,2020＝100
201303,15397AA2AA223,농림수산토목,,,16397AAA0,건설공사비지수,82.21,2020＝100
201304,15397AA2AA223,농림수산토목,,,16397AAA0,건설공사비지수,82.1,2020＝100
201305,15397AA2AA223,농림수산토목,,,16397AAA0,건설공사비지수,82.01,2020＝100
201306,15397AA2AA223,농림수산토목,,,16397AAA0,건설공사비지수,82.03,2020＝100
201307,15397AA2AA223,농림수산토목,,,16397AAA0,건설공사비지수,82.05,2020＝100
201308,15397AA2AA223,농림수산토목,,,16397AAA0,건설공사비지수,82.01,2020＝100
201309,15397AA2AA223,농림수산토목,,,16397AAA0,건설공사비지수,83.51,2020＝100
201310,15397AA2AA223,농림수산토목,,,16397AAA0,건설공사비지수,83.37,2020＝100
201311,15397AA2AA223,농림수산토목,,,16397AAA0,건설공사비지수,83.38,2020＝100
201312,15397AA2AA223,농림수산토목,,,16397AAA0,건설공사비지수,83.71,2020＝100
201301,15397AA2AA224,도시토목,,,16397AAA0,건설공사비지수,85.89,2020＝100
201302,15397AA2AA224,도시토목,,,16397AAA0,건설공사비지수,86.21,2020＝100
201303,15397AA2AA224,도시토목,,,16397AAA0,건설공사비지수,85.88,2020＝100
201304,15397AA2AA224,도시토목,,,16397AAA0,건설공사비지수,85.64,2020＝100
201305,15397AA2AA224,도시토목,,,16397AAA0,건설공사비지수,85.5,2020＝100
201306,15397AA2AA224,도시토목,,,16397AAA0,건설공사비지수,85.5,2020＝100
201307,15397AA2AA224,도시토목,,,16397AAA0,건설공사비지수,85.15,2020＝100
201308,15397AA2AA224,도시토목,,,16397AAA0,건설공사비지수,85.16,2020＝100
201309,15397AA2AA224,도시토목,,,16397AAA0,건설공사비지수,86.71,2020＝100
201310,15397AA2AA224,도시토목,,,16397AAA0,건설공사비지수,86.59,2020＝100
201311,15397AA2AA224,도시토목,,,16397AAA0,건설공사비지수,86.5,2020＝100
201312,15397AA2AA224,도시토목,,,16397AAA0,건설공사비지수,86.7,2020＝100
201301,15397AA2AA23,산업시설건설,,,16397AAA0,건설공사비지수,83.64,2020＝100
201302,15397AA2AA23,산업시설건설,,,16397AAA0,건설공사비지수,83.76,2020＝100
201303,15397AA2AA23,산업시설건설,,,16397AAA0,건설공사비지수,83.59,2020＝100
201304,15397AA2AA23,산업시설건설,,,16397AAA0,건설공사비지수,83.45,2020＝100
201305,15397AA2AA23,산업시설건설,,,16397AAA0,건설공사비지수,83.12,2020＝100
201306,15397AA2AA23,산업시설건설,,,16397AAA0,건설공사비지수,83.07,2020＝100
201307,15397AA2AA23,산업시설건설,,,16397AAA0,건설공사비지수,83.03,2020＝100
201308,15397AA2AA23,산업시설건설,,,16397AAA0,건설공사비지수,83.01,2020＝100
201309,15397AA2AA23,산업시설건설,,,16397AAA0,건설공사비지수,84.54,2020＝100
201310,15397AA2AA23,산업시설건설,,,16397AAA0,건설공사비지수,84.36,2020＝100
201311,15397AA2AA23,산업시설건설,,,16397AAA0,건설공사비지수,84.01,2020＝100
201312,15397AA2AA23,산업시설건설,,,16397AAA0,건설공사비지수,84.11,2020＝100
201301,15397AA2AA231,환경정화시설,,,16397AAA0,건설공사비지수,81.7,2020＝100
201302,15397AA2AA231,환경정화시설,,,16397AAA0,건설공사비지수,81.83,2020＝100
201303,15397AA2AA231,환경정화시설,,,16397AAA0,건설공사비지수,81.5,2020＝100
201304,15397AA2AA231,환경정화시설,,,16397AAA0,건설공사비지수,81.41,2020＝100
201305,15397AA2AA231,환경정화시설,,,16397AAA0,건설공사비지수,81.38,2020＝100
201306,15397AA2AA231,환경정화시설,,,16397AAA0,건설공사비지수,81.37,2020＝100
201307,15397AA2AA231,환경정화시설,,,16397AAA0,건설공사비지수,81.23,2020＝100
201308,15397AA2AA231,환경정화시설,,,16397AAA0,건설공사비지수,81.23,2020＝100
201309,15397AA2AA231,환경정화시설,,,16397AAA0,건설공사비지수,82.75,2020＝100
201310,15397AA2AA231,환경정화시설,,,16397AAA0,건설공사비지수,82.73,2020＝100
201311,15397AA2AA231,환경정화시설,,,16397AAA0,건설공사비지수,82.53,2020＝100
201312,15397AA2AA231,환경정화시설,,,16397AAA0,건설공사비지수,82.85,2020＝100
201301,15397AA2AA232,발전소시설,,,16397AAA0,건설공사비지수,85.82,2020＝100
201302,15397AA2AA232,발전소시설,,,16397AAA0,건설공사비지수,85.96,2020＝100
201303,15397AA2AA232,발전소시설,,,16397AAA0,건설공사비지수,85.76,2020＝100
201304,15397AA2AA232,발전소시설,,,16397AAA0,건설공사비지수,85.63,2020＝100
201305,15397AA2AA232,발전소시설,,,16397AAA0,건설공사비지수,85.19,2020＝100
201306,15397AA2AA232,발전소시설,,,16397AAA0,건설공사비지수,85.11,2020＝100
201307,15397AA2AA232,발전소시설,,,16397AAA0,건설공사비지수,85.13,2020＝100
201308,15397AA2AA232,발전소시설,,,16397AAA0,건설공사비지수,85.09,2020＝100
201309,15397AA2AA232,발전소시설,,,16397AAA0,건설공사비지수,86.59,2020＝100
201310,15397AA2AA232,발전소시설,,,16397AAA0,건설공사비지수,86.29,2020＝100
201311,15397AA2AA232,발전소시설,,,16397AAA0,건설공사비지수,85.81,2020＝100
201312,15397AA2AA232,발전소시설,,,16397AAA0,건설공사비지수,85.83,2020＝100
201301,15397AA2AA234,산업플랜트,,,16397AAA0,건설공사비지수,81.66,2020＝100
201302,15397AA2AA234,산업플랜트,,,16397AAA0,건설공사비지수,81.74,2020＝100
201303,15397AA2AA234,산업플랜트,,,16397AAA0,건설공사비지수,81.65,2020＝100
201304,15397AA2AA234,산업플랜트,,,16397AAA0,건설공사비지수,81.49,2020＝100
201305,15397AA2AA234,산업플랜트,,,16397AAA0,건설공사비지수,81.26,2020＝100
201306,15397AA2AA234,산업플랜트,,,16397AAA0,건설공사비지수,81.24,2020＝100
201307,15397AA2AA234,산업플랜트,,,16397AAA0,건설공사비지수,81.14,2020＝100
201308,15397AA2AA234,산업플랜트,,,16397AAA0,건설공사비지수,81.13,2020＝100
201309,15397AA2AA234,산업플랜트,,,16397AAA0,건설공사비지수,82.68,2020＝100
201310,15397AA2AA234,산업플랜트,,,16397AAA0,건설공사비지수,82.62,2020＝100
201311,15397AA2AA234,산업플랜트,,,16397AAA0,건설공사비지수,82.44,2020＝100
201312,15397AA2AA234,산업플랜트,,,16397AAA0,건설공사비지수,82.6,2020＝100
201301,15397AA2AA24,기타건설,,,16397AAA0,건설공사비지수,82.34,2020＝100
201302,15397AA2AA24,기타건설,,,16397AAA0,건설공사비지수,82.57,2020＝100
201303,15397AA2AA24,기타건설,,,16397AAA0,건설공사비지수,82.19,2020＝100
201304,15397AA2AA24,기타건설,,,16397AAA0,건설공사비지수,81.99,2020＝100
201305,15397AA2AA24,기타건설,,,16397AAA0,건설공사비지수,81.78,2020＝100
201306,15397AA2AA24,기타건설,,,16397AAA0,건설공사비지수,81.74,2020＝100
201307,15397AA2AA24,기타건설,,,16397AAA0,건설공사비지수,81.67,2020＝100
201308,15397AA2AA24,기타건설,,,16397AAA0,건설공사비지수,81.66,2020＝100
201309,15397AA2AA24,기타건설,,,16397AAA0,건설공사비지수,83.19,2020＝100
201310,15397AA2AA24,기타건설,,,16397AAA0,건설공사비지수,83.09,2020＝100
201311,15397AA2AA24,기타건설,,,16397AAA0,건설공사비지수,82.94,2020＝100
201312,15397AA2AA24,기타건설,,,16397AAA0,건설공사비지수,83.27,2020＝100
201301,15397AA2AA241,기타건설,,,16397AAA0,건설공사비지수,82.34,2020＝100
201302,15397AA2AA241,기타건설,,,16397AAA0,건설공사비지수,82.57,2020＝100
201303,15397AA2AA241,기타건설,,,16397AAA0,건설공사비지수,82.19,2020＝100
201304,15397AA2AA241,기타건설,,,16397AAA0,건설공사비지수,81.99,2020＝100
201305,15397AA2AA241,기타건설,,,16397AAA0,건설공사비지수,81.78,2020＝100
201306,15397AA2AA241,기타건설,,,16397AAA0,건설공사비지수,81.74,2020＝100
201307,15397AA2AA241,기타건설,,,16397AAA0,건설공사비지수,81.67,2020＝100
201308,15397AA2AA241,기타건설,,,16397AAA0,건설공사비지수,81.66,2020＝100
201309,15397AA2AA241,기타건설,,,16397AAA0,건설공사비지수,83.19,2020＝100
201310,15397AA2AA241,기타건설,,,16397AAA0,건설공사비지수,83.09,2020＝100
201311,15397AA2AA241,기타건설,,,16397AAA0,건설공사비지수,82.94,2020＝100
201312,15397AA2AA241,기타건설,,,16397AAA0,건설공사비지수,83.27,2020＝100
201401,15397AA2AA,건설,,,16397AAA0,건설공사비지수,84.53,2020＝100
201402,15397AA2AA,건설,,,16397AAA0,건설공사비지수,84.53,2020＝100
201403,15397AA2AA,건설,,,16397AAA0,건설공사비지수,85.03,2020＝100
201404,15397AA2AA,건설,,,16397AAA0,건설공사비지수,85.05,2020＝100
201405,15397AA2AA,건설,,,16397AAA0,건설공사비지수,84.84,2020＝100
201406,15397AA2AA,건설,,,16397AAA0,건설공사비지수,84.55,2020＝100
201407,15397AA2AA,건설,,,16397AAA0,건설공사비지수,84.57,2020＝100
201408,15397AA2AA,건설,,,16397AAA0,건설공사비지수,84.57,2020＝100
201409,15397AA2AA,건설,,,16397AAA0,건설공사비지수,85.65,2020＝100
201410,15397AA2AA,건설,,,16397AAA0,건설공사비지수,85.5,2020＝100
201411,15397AA2AA,건설,,,16397AAA0,건설공사비지수,85.46,2020＝100
201412,15397AA2AA,건설,,,16397AAA0,건설공사비지수,85.3,2020＝100
201401,15397AA2AA1,건물건설 및 건축보수,,,16397AAA0,건설공사비지수,84.15,2020＝100
201402,15397AA2AA1,건물건설 및 건축보수,,,16397AAA0,건설공사비지수,84.15,2020＝100
201403,15397AA2AA1,건물건설 및 건축보수,,,16397AAA0,건설공사비지수,84.77,2020＝100
201404,15397AA2AA1,건물건설 및 건축보수,,,16397AAA0,건설공사비지수,84.84,2020＝100
201405,15397AA2AA1,건물건설 및 건축보수,,,16397AAA0,건설공사비지수,84.62,2020＝100
201406,15397AA2AA1,건물건설 및 건축보수,,,16397AAA0,건설공사비지수,84.34,2020＝100
201407,15397AA2AA1,건물건설 및 건축보수,,,16397AAA0,건설공사비지수,84.37,2020＝100
201408,15397AA2AA1,건물건설 및 건축보수,,,16397AAA0,건설공사비지수,84.38,2020＝100
201409,15397AA2AA1,건물건설 및 건축보수,,,16397AAA0,건설공사비지수,85.45,2020＝100
201410,15397AA2AA1,건물건설 및 건축보수,,,16397AAA0,건설공사비지수,85.33,2020＝100
201411,15397AA2AA1,건물건설 및 건축보수,,,16397AAA0,건설공사비지수,85.29,2020＝100
201412,15397AA2AA1,건물건설 및 건축보수,,,16397AAA0,건설공사비지수,85.18,2020＝100
201401,15397AA2AA11,주거용건물,,,16397AAA0,건설공사비지수,83.65,2020＝100
201402,15397AA2AA11,주거용건물,,,16397AAA0,건설공사비지수,83.65,2020＝100
201403,15397AA2AA11,주거용건물,,,16397AAA0,건설공사비지수,84.43,2020＝100
201404,15397AA2AA11,주거용건물,,,16397AAA0,건설공사비지수,84.52,2020＝100
201405,15397AA2AA11,주거용건물,,,16397AAA0,건설공사비지수,84.27,2020＝100
201406,15397AA2AA11,주거용건물,,,16397AAA0,건설공사비지수,83.94,2020＝100
201407,15397AA2AA11,주거용건물,,,16397AAA0,건설공사비지수,83.99,2020＝100
201408,15397AA2AA11,주거용건물,,,16397AAA0,건설공사비지수,84.02,2020＝100
201409,15397AA2AA11,주거용건물,,,16397AAA0,건설공사비지수,85.11,2020＝100
201410,15397AA2AA11,주거용건물,,,16397AAA0,건설공사비지수,84.99,2020＝100
201411,15397AA2AA11,주거용건물,,,16397AAA0,건설공사비지수,84.95,2020＝100
201412,15397AA2AA11,주거용건물,,,16397AAA0,건설공사비지수,84.85,2020＝100
201401,15397AA2AA111,주거용건물,,,16397AAA0,건설공사비지수,83.65,2020＝100
201402,15397AA2AA111,주거용건물,,,16397AAA0,건설공사비지수,83.65,2020＝100
201403,15397AA2AA111,주거용건물,,,16397AAA0,건설공사비지수,84.43,2020＝100
201404,15397AA2AA111,주거용건물,,,16397AAA0,건설공사비지수,84.52,2020＝100
201405,15397AA2AA111,주거용건물,,,16397AAA0,건설공사비지수,84.27,2020＝100
201406,15397AA2AA111,주거용건물,,,16397AAA0,건설공사비지수,83.94,2020＝100
201407,15397AA2AA111,주거용건물,,,16397AAA0,건설공사비지수,83.99,2020＝100
201408,15397AA2AA111,주거용건물,,,16397AAA0,건설공사비지수,84.02,2020＝100
201409,15397AA2AA111,주거용건물,,,16397AAA0,건설공사비지수,85.11,2020＝100
201410,15397AA2AA111,주거용건물,,,16397AAA0,건설공사비지수,84.99,2020＝100
201411,15397AA2AA111,주거용건물,,,16397AAA0,건설공사비지수,84.95,2020＝100
201412,15397AA2AA111,주거용건물,,,16397AAA0,건설공사비지수,84.85,2020＝100
201401,15397AA2AA12,비주거용건물,,,16397AAA0,건설공사비지수,84.49,2020＝100
201402,15397AA2AA12,비주거용건물,,,16397AAA0,건설공사비지수,84.5,2020＝100
201403,15397AA2AA12,비주거용건물,,,16397AAA0,건설공사비지수,85.02,2020＝100
201404,15397AA2AA12,비주거용건물,,,16397AAA0,건설공사비지수,85.08,2020＝100
201405,15397AA2AA12,비주거용건물,,,16397AAA0,건설공사비지수,84.88,2020＝100
201406,15397AA2AA12,비주거용건물,,,16397AAA0,건설공사비지수,84.59,2020＝100
201407,15397AA2AA12,비주거용건물,,,16397AAA0,건설공사비지수,84.61,2020＝100
201408,15397AA2AA12,비주거용건물,,,16397AAA0,건설공사비지수,84.62,2020＝100
201409,15397AA2AA12,비주거용건물,,,16397AAA0,건설공사비지수,85.66,2020＝100
201410,15397AA2AA12,비주거용건물,,,16397AAA0,건설공사비지수,85.53,2020＝100
201411,15397AA2AA12,비주거용건물,,,16397AAA0,건설공사비지수,85.49,2020＝100
201412,15397AA2AA12,비주거용건물,,,16397AAA0,건설공사비지수,85.34,2020＝100
201401,15397AA2AA121,비주거용건물,,,16397AAA0,건설공사비지수,84.49,2020＝100
201402,15397AA2AA121,비주거용건물,,,16397AAA0,건설공사비지수,84.5,2020＝100
201403,15397AA2AA121,비주거용건물,,,16397AAA0,건설공사비지수,85.02,2020＝100
201404,15397AA2AA121,비주거용건물,,,16397AAA0,건설공사비지수,85.08,2020＝100
201405,15397AA2AA121,비주거용건물,,,16397AAA0,건설공사비지수,84.88,2020＝100
201406,15397AA2AA121,비주거용건물,,,16397AAA0,건설공사비지수,84.59,2020＝100
201407,15397AA2AA121,비주거용건물,,,16397AAA0,건설공사비지수,84.61,2020＝100
201408,15397AA2AA121,비주거용건물,,,16397AAA0,건설공사비지수,84.62,2020＝100
201409,15397AA2AA121,비주거용건물,,,16397AAA0,건설공사비지수,85.66,2020＝100
201410,15397AA2AA121,비주거용건물,,,16397AAA0,건설공사비지수,85.53,2020＝100
201411,15397AA2AA121,비주거용건물,,,16397AAA0,건설공사비지수,85.49,2020＝100
201412,15397AA2AA121,비주거용건물,,,16397AAA0,건설공사비지수,85.34,2020＝100
201401,15397AA2AA13,건축보수,,,16397AAA0,건설공사비지수,84.63,2020＝100
201402,15397AA2AA13,건축보수,,,16397AAA0,건설공사비지수,84.67,2020＝100
201403,15397AA2AA13,건축보수,,,16397AAA0,건설공사비지수,84.89,2020＝100
201404,15397AA2AA13,건축보수,,,16397AAA0,건설공사비지수,84.91,2020＝100
201405,15397AA2AA13,건축보수,,,16397AAA0,건설공사비지수,84.91,2020＝100
201406,15397AA2AA13,건축보수,,,16397AAA0,건설공사비지수,84.78,2020＝100
201407,15397AA2AA13,건축보수,,,16397AAA0,건설공사비지수,84.78,2020＝100
201408,15397AA2AA13,건축보수,,,16397AAA0,건설공사비지수,84.76,2020＝100
201409,15397AA2AA13,건축보수,,,16397AAA0,건설공사비지수,85.88,2020＝100
201410,15397AA2AA13,건축보수,,,16397AAA0,건설공사비지수,85.81,2020＝100
201411,15397AA2AA13,건축보수,,,16397AAA0,건설공사비지수,85.79,2020＝100
201412,15397AA2AA13,건축보수,,,16397AAA0,건설공사비지수,85.69,2020＝100
201401,15397AA2AA131,건축보수,,,16397AAA0,건설공사비지수,84.63,2020＝100
201402,15397AA2AA131,건축보수,,,16397AAA0,건설공사비지수,84.67,2020＝100
201403,15397AA2AA131,건축보수,,,16397AAA0,건설공사비지수,84.89,2020＝100
201404,15397AA2AA131,건축보수,,,16397AAA0,건설공사비지수,84.91,2020＝100
201405,15397AA2AA131,건축보수,,,16397AAA0,건설공사비지수,84.91,2020＝100
201406,15397AA2AA131,건축보수,,,16397AAA0,건설공사비지수,84.78,2020＝100
201407,15397AA2AA131,건축보수,,,16397AAA0,건설공사비지수,84.78,2020＝100
201408,15397AA2AA131,건축보수,,,16397AAA0,건설공사비지수,84.76,2020＝100
201409,15397AA2AA131,건축보수,,,16397AAA0,건설공사비지수,85.88,2020＝100
201410,15397AA2AA131,건축보수,,,16397AAA0,건설공사비지수,85.81,2020＝100
201411,15397AA2AA131,건축보수,,,16397AAA0,건설공사비지수,85.79,2020＝100
201412,15397AA2AA131,건축보수,,,16397AAA0,건설공사비지수,85.69,2020＝100
201401,15397AA2AA2,토목건설,,,16397AAA0,건설공사비지수,85.38,2020＝100
201402,15397AA2AA2,토목건설,,,16397AAA0,건설공사비지수,85.38,2020＝100
201403,15397AA2AA2,토목건설,,,16397AAA0,건설공사비지수,85.67,2020＝100
201404,15397AA2AA2,토목건설,,,16397AAA0,건설공사비지수,85.56,2020＝100
201405,15397AA2AA2,토목건설,,,16397AAA0,건설공사비지수,85.38,2020＝100
201406,15397AA2AA2,토목건설,,,16397AAA0,건설공사비지수,85.08,2020＝100
201407,15397AA2AA2,토목건설,,,16397AAA0,건설공사비지수,85.08,2020＝100
201408,15397AA2AA2,토목건설,,,16397AAA0,건설공사비지수,85.03,2020＝100
201409,15397AA2AA2,토목건설,,,16397AAA0,건설공사비지수,86.15,2020＝100
201410,15397AA2AA2,토목건설,,,16397AAA0,건설공사비지수,85.96,2020＝100
201411,15397AA2AA2,토목건설,,,16397AAA0,건설공사비지수,85.91,2020＝100
201412,15397AA2AA2,토목건설,,,16397AAA0,건설공사비지수,85.65,2020＝100
201401,15397AA2AA21,교통시설건설,,,16397AAA0,건설공사비지수,86.67,2020＝100
201402,15397AA2AA21,교통시설건설,,,16397AAA0,건설공사비지수,86.57,2020＝100
201403,15397AA2AA21,교통시설건설,,,16397AAA0,건설공사비지수,87.37,2020＝100
201404,15397AA2AA21,교통시설건설,,,16397AAA0,건설공사비지수,87.44,2020＝100
201405,15397AA2AA21,교통시설건설,,,16397AAA0,건설공사비지수,87.15,2020＝100
201406,15397AA2AA21,교통시설건설,,,16397AAA0,건설공사비지수,86.69,2020＝100
201407,15397AA2AA21,교통시설건설,,,16397AAA0,건설공사비지수,86.7,2020＝100
201408,15397AA2AA21,교통시설건설,,,16397AAA0,건설공사비지수,86.68,2020＝100
201409,15397AA2AA21,교통시설건설,,,16397AAA0,건설공사비지수,87.66,2020＝100
201410,15397AA2AA21,교통시설건설,,,16397AAA0,건설공사비지수,87.29,2020＝100
201411,15397AA2AA21,교통시설건설,,,16397AAA0,건설공사비지수,87.22,2020＝100
201412,15397AA2AA21,교통시설건설,,,16397AAA0,건설공사비지수,86.86,2020＝100
201401,15397AA2AA211,도로시설,,,16397AAA0,건설공사비지수,86.68,2020＝100
201402,15397AA2AA211,도로시설,,,16397AAA0,건설공사비지수,86.66,2020＝100
201403,15397AA2AA211,도로시설,,,16397AAA0,건설공사비지수,87.59,2020＝100
201404,15397AA2AA211,도로시설,,,16397AAA0,건설공사비지수,87.73,2020＝100
201405,15397AA2AA211,도로시설,,,16397AAA0,건설공사비지수,87.4,2020＝100
201406,15397AA2AA211,도로시설,,,16397AAA0,건설공사비지수,86.98,2020＝100
201407,15397AA2AA211,도로시설,,,16397AAA0,건설공사비지수,87.05,2020＝100
201408,15397AA2AA211,도로시설,,,16397AAA0,건설공사비지수,87.08,2020＝100
201409,15397AA2AA211,도로시설,,,16397AAA0,건설공사비지수,88.05,2020＝100
201410,15397AA2AA211,도로시설,,,16397AAA0,건설공사비지수,87.76,2020＝100
201411,15397AA2AA211,도로시설,,,16397AAA0,건설공사비지수,87.59,2020＝100
201412,15397AA2AA211,도로시설,,,16397AAA0,건설공사비지수,87.34,2020＝100
201401,15397AA2AA212,철도시설,,,16397AAA0,건설공사비지수,86.92,2020＝100
201402,15397AA2AA212,철도시설,,,16397AAA0,건설공사비지수,86.57,2020＝100
201403,15397AA2AA212,철도시설,,,16397AAA0,건설공사비지수,87.21,2020＝100
201404,15397AA2AA212,철도시설,,,16397AAA0,건설공사비지수,87.12,2020＝100
201405,15397AA2AA212,철도시설,,,16397AAA0,건설공사비지수,86.86,2020＝100
201406,15397AA2AA212,철도시설,,,16397AAA0,건설공사비지수,86.28,2020＝100
201407,15397AA2AA212,철도시설,,,16397AAA0,건설공사비지수,86.16,2020＝100
201408,15397AA2AA212,철도시설,,,16397AAA0,건설공사비지수,86.04,2020＝100
201409,15397AA2AA212,철도시설,,,16397AAA0,건설공사비지수,87.01,2020＝100
201410,15397AA2AA212,철도시설,,,16397AAA0,건설공사비지수,86.45,2020＝100
201411,15397AA2AA212,철도시설,,,16397AAA0,건설공사비지수,86.63,2020＝100
201412,15397AA2AA212,철도시설,,,16397AAA0,건설공사비지수,85.99,2020＝100
201401,15397AA2AA213,항만시설,,,16397AAA0,건설공사비지수,85.21,2020＝100
201402,15397AA2AA213,항만시설,,,16397AAA0,건설공사비지수,85.22,2020＝100
201403,15397AA2AA213,항만시설,,,16397AAA0,건설공사비지수,85.71,2020＝100
201404,15397AA2AA213,항만시설,,,16397AAA0,건설공사비지수,85.74,2020＝100
201405,15397AA2AA213,항만시설,,,16397AAA0,건설공사비지수,85.58,2020＝100
201406,15397AA2AA213,항만시설,,,16397AAA0,건설공사비지수,85.32,2020＝100
201407,15397AA2AA213,항만시설,,,16397AAA0,건설공사비지수,85.31,2020＝100
201408,15397AA2AA213,항만시설,,,16397AAA0,건설공사비지수,85.31,2020＝100
201409,15397AA2AA213,항만시설,,,16397AAA0,건설공사비지수,86.39,2020＝100
201410,15397AA2AA213,항만시설,,,16397AAA0,건설공사비지수,86.13,2020＝100
201411,15397AA2AA213,항만시설,,,16397AAA0,건설공사비지수,86.02,2020＝100
201412,15397AA2AA213,항만시설,,,16397AAA0,건설공사비지수,85.73,2020＝100
201401,15397AA2AA22,일반토목시설건설,,,16397AAA0,건설공사비지수,86.23,2020＝100
201402,15397AA2AA22,일반토목시설건설,,,16397AAA0,건설공사비지수,86.2,2020＝100
201403,15397AA2AA22,일반토목시설건설,,,16397AAA0,건설공사비지수,86.56,2020＝100
201404,15397AA2AA22,일반토목시설건설,,,16397AAA0,건설공사비지수,86.56,2020＝100
201405,15397AA2AA22,일반토목시설건설,,,16397AAA0,건설공사비지수,86.32,2020＝100
201406,15397AA2AA22,일반토목시설건설,,,16397AAA0,건설공사비지수,86.08,2020＝100
201407,15397AA2AA22,일반토목시설건설,,,16397AAA0,건설공사비지수,85.93,2020＝100
201408,15397AA2AA22,일반토목시설건설,,,16397AAA0,건설공사비지수,85.88,2020＝100
201409,15397AA2AA22,일반토목시설건설,,,16397AAA0,건설공사비지수,87.09,2020＝100
201410,15397AA2AA22,일반토목시설건설,,,16397AAA0,건설공사비지수,86.95,2020＝100
201411,15397AA2AA22,일반토목시설건설,,,16397AAA0,건설공사비지수,86.84,2020＝100
201412,15397AA2AA22,일반토목시설건설,,,16397AAA0,건설공사비지수,86.58,2020＝100
201401,15397AA2AA221,하천사방,,,16397AAA0,건설공사비지수,84.46,2020＝100
201402,15397AA2AA221,하천사방,,,16397AAA0,건설공사비지수,84.45,2020＝100
201403,15397AA2AA221,하천사방,,,16397AAA0,건설공사비지수,84.91,2020＝100
201404,15397AA2AA221,하천사방,,,16397AAA0,건설공사비지수,84.89,2020＝100
201405,15397AA2AA221,하천사방,,,16397AAA0,건설공사비지수,84.77,2020＝100
201406,15397AA2AA221,하천사방,,,16397AAA0,건설공사비지수,84.51,2020＝100
201407,15397AA2AA221,하천사방,,,16397AAA0,건설공사비지수,84.55,2020＝100
201408,15397AA2AA221,하천사방,,,16397AAA0,건설공사비지수,84.56,2020＝100
201409,15397AA2AA221,하천사방,,,16397AAA0,건설공사비지수,85.8,2020＝100
201410,15397AA2AA221,하천사방,,,16397AAA0,건설공사비지수,85.62,2020＝100
201411,15397AA2AA221,하천사방,,,16397AAA0,건설공사비지수,85.5,2020＝100
201412,15397AA2AA221,하천사방,,,16397AAA0,건설공사비지수,85.18,2020＝100
201401,15397AA2AA222,상하수도시설,,,16397AAA0,건설공사비지수,86.64,2020＝100
201402,15397AA2AA222,상하수도시설,,,16397AAA0,건설공사비지수,86.59,2020＝100
201403,15397AA2AA222,상하수도시설,,,16397AAA0,건설공사비지수,86.71,2020＝100
201404,15397AA2AA222,상하수도시설,,,16397AAA0,건설공사비지수,86.73,2020＝100
201405,15397AA2AA222,상하수도시설,,,16397AAA0,건설공사비지수,86.31,2020＝100
201406,15397AA2AA222,상하수도시설,,,16397AAA0,건설공사비지수,86.07,2020＝100
201407,15397AA2AA222,상하수도시설,,,16397AAA0,건설공사비지수,85.64,2020＝100
201408,15397AA2AA222,상하수도시설,,,16397AAA0,건설공사비지수,85.51,2020＝100
201409,15397AA2AA222,상하수도시설,,,16397AAA0,건설공사비지수,86.75,2020＝100
201410,15397AA2AA222,상하수도시설,,,16397AAA0,건설공사비지수,86.73,2020＝100
201411,15397AA2AA222,상하수도시설,,,16397AAA0,건설공사비지수,86.66,2020＝100
201412,15397AA2AA222,상하수도시설,,,16397AAA0,건설공사비지수,86.6,2020＝100
201401,15397AA2AA223,농림수산토목,,,16397AAA0,건설공사비지수,84.02,2020＝100
201402,15397AA2AA223,농림수산토목,,,16397AAA0,건설공사비지수,84.07,2020＝100
201403,15397AA2AA223,농림수산토목,,,16397AAA0,건설공사비지수,84.11,2020＝100
201404,15397AA2AA223,농림수산토목,,,16397AAA0,건설공사비지수,84.07,2020＝100
201405,15397AA2AA223,농림수산토목,,,16397AAA0,건설공사비지수,84.02,2020＝100
201406,15397AA2AA223,농림수산토목,,,16397AAA0,건설공사비지수,83.89,2020＝100
201407,15397AA2AA223,농림수산토목,,,16397AAA0,건설공사비지수,83.87,2020＝100
201408,15397AA2AA223,농림수산토목,,,16397AAA0,건설공사비지수,83.79,2020＝100
201409,15397AA2AA223,농림수산토목,,,16397AAA0,건설공사비지수,84.93,2020＝100
201410,15397AA2AA223,농림수산토목,,,16397AAA0,건설공사비지수,84.64,2020＝100
201411,15397AA2AA223,농림수산토목,,,16397AAA0,건설공사비지수,84.51,2020＝100
201412,15397AA2AA223,농림수산토목,,,16397AAA0,건설공사비지수,84.19,2020＝100
201401,15397AA2AA224,도시토목,,,16397AAA0,건설공사비지수,87.01,2020＝100
201402,15397AA2AA224,도시토목,,,16397AAA0,건설공사비지수,86.98,2020＝100
201403,15397AA2AA224,도시토목,,,16397AAA0,건설공사비지수,87.47,2020＝100
201404,15397AA2AA224,도시토목,,,16397AAA0,건설공사비지수,87.49,2020＝100
201405,15397AA2AA224,도시토목,,,16397AAA0,건설공사비지수,87.26,2020＝100
201406,15397AA2AA224,도시토목,,,16397AAA0,건설공사비지수,87,2020＝100
201407,15397AA2AA224,도시토목,,,16397AAA0,건설공사비지수,86.92,2020＝100
201408,15397AA2AA224,도시토목,,,16397AAA0,건설공사비지수,86.9,2020＝100
201409,15397AA2AA224,도시토목,,,16397AAA0,건설공사비지수,88.12,2020＝100
201410,15397AA2AA224,도시토목,,,16397AAA0,건설공사비지수,87.94,2020＝100
201411,15397AA2AA224,도시토목,,,16397AAA0,건설공사비지수,87.82,2020＝100
201412,15397AA2AA224,도시토목,,,16397AAA0,건설공사비지수,87.49,2020＝100
201401,15397AA2AA23,산업시설건설,,,16397AAA0,건설공사비지수,84.49,2020＝100
201402,15397AA2AA23,산업시설건설,,,16397AAA0,건설공사비지수,84.59,2020＝100
201403,15397AA2AA23,산업시설건설,,,16397AAA0,건설공사비지수,84.43,2020＝100
201404,15397AA2AA23,산업시설건설,,,16397AAA0,건설공사비지수,84.12,2020＝100
201405,15397AA2AA23,산업시설건설,,,16397AAA0,건설공사비지수,84.02,2020＝100
201406,15397AA2AA23,산업시설건설,,,16397AAA0,건설공사비지수,83.8,2020＝100
201407,15397AA2AA23,산업시설건설,,,16397AAA0,건설공사비지수,83.9,2020＝100
201408,15397AA2AA23,산업시설건설,,,16397AAA0,건설공사비지수,83.84,2020＝100
201409,15397AA2AA23,산업시설건설,,,16397AAA0,건설공사비지수,85,2020＝100
201410,15397AA2AA23,산업시설건설,,,16397AAA0,건설공사비지수,84.92,2020＝100
201411,15397AA2AA23,산업시설건설,,,16397AAA0,건설공사비지수,84.91,2020＝100
201412,15397AA2AA23,산업시설건설,,,16397AAA0,건설공사비지수,84.73,2020＝100
201401,15397AA2AA231,환경정화시설,,,16397AAA0,건설공사비지수,83.17,2020＝100
201402,15397AA2AA231,환경정화시설,,,16397AAA0,건설공사비지수,83.12,2020＝100
201403,15397AA2AA231,환경정화시설,,,16397AAA0,건설공사비지수,83.24,2020＝100
201404,15397AA2AA231,환경정화시설,,,16397AAA0,건설공사비지수,83.24,2020＝100
201405,15397AA2AA231,환경정화시설,,,16397AAA0,건설공사비지수,83.18,2020＝100
201406,15397AA2AA231,환경정화시설,,,16397AAA0,건설공사비지수,83.09,2020＝100
201407,15397AA2AA231,환경정화시설,,,16397AAA0,건설공사비지수,83.05,2020＝100
201408,15397AA2AA231,환경정화시설,,,16397AAA0,건설공사비지수,83.07,2020＝100
201409,15397AA2AA231,환경정화시설,,,16397AAA0,건설공사비지수,84.31,2020＝100
201410,15397AA2AA231,환경정화시설,,,16397AAA0,건설공사비지수,84.26,2020＝100
201411,15397AA2AA231,환경정화시설,,,16397AAA0,건설공사비지수,84.2,2020＝100
201412,15397AA2AA231,환경정화시설,,,16397AAA0,건설공사비지수,84.2,2020＝100
201401,15397AA2AA232,발전소시설,,,16397AAA0,건설공사비지수,86.23,2020＝100
201402,15397AA2AA232,발전소시설,,,16397AAA0,건설공사비지수,86.47,2020＝100
201403,15397AA2AA232,발전소시설,,,16397AAA0,건설공사비지수,86.1,2020＝100
201404,15397AA2AA232,발전소시설,,,16397AAA0,건설공사비지수,85.56,2020＝100
201405,15397AA2AA232,발전소시설,,,16397AAA0,건설공사비지수,85.51,2020＝100
201406,15397AA2AA232,발전소시설,,,16397AAA0,건설공사비지수,85.23,2020＝100
201407,15397AA2AA232,발전소시설,,,16397AAA0,건설공사비지수,85.5,2020＝100
201408,15397AA2AA232,발전소시설,,,16397AAA0,건설공사비지수,85.42,2020＝100
201409,15397AA2AA232,발전소시설,,,16397AAA0,건설공사비지수,86.55,2020＝100
201410,15397AA2AA232,발전소시설,,,16397AAA0,건설공사비지수,86.47,2020＝100
201411,15397AA2AA232,발전소시설,,,16397AAA0,건설공사비지수,86.52,2020＝100
201412,15397AA2AA232,발전소시설,,,16397AAA0,건설공사비지수,86.23,2020＝100
201401,15397AA2AA234,산업플랜트,,,16397AAA0,건설공사비지수,82.98,2020＝100
201402,15397AA2AA234,산업플랜트,,,16397AAA0,건설공사비지수,82.92,2020＝100
201403,15397AA2AA234,산업플랜트,,,16397AAA0,건설공사비지수,83,2020＝100
201404,15397AA2AA234,산업플랜트,,,16397AAA0,건설공사비지수,82.9,2020＝100
201405,15397AA2AA234,산업플랜트,,,16397AAA0,건설공사비지수,82.74,2020＝100
201406,15397AA2AA234,산업플랜트,,,16397AAA0,건설공사비지수,82.54,2020＝100
201407,15397AA2AA234,산업플랜트,,,16397AAA0,건설공사비지수,82.45,2020＝100
201408,15397AA2AA234,산업플랜트,,,16397AAA0,건설공사비지수,82.41,2020＝100
201409,15397AA2AA234,산업플랜트,,,16397AAA0,건설공사비지수,83.58,2020＝100
201410,15397AA2AA234,산업플랜트,,,16397AAA0,건설공사비지수,83.5,2020＝100
201411,15397AA2AA234,산업플랜트,,,16397AAA0,건설공사비지수,83.43,2020＝100
201412,15397AA2AA234,산업플랜트,,,16397AAA0,건설공사비지수,83.36,2020＝100
201401,15397AA2AA24,기타건설,,,16397AAA0,건설공사비지수,83.56,2020＝100
201402,15397AA2AA24,기타건설,,,16397AAA0,건설공사비지수,83.53,2020＝100
201403,15397AA2AA24,기타건설,,,16397AAA0,건설공사비지수,83.78,2020＝100
201404,15397AA2AA24,기타건설,,,16397AAA0,건설공사비지수,83.7,2020＝100
201405,15397AA2AA24,기타건설,,,16397AAA0,건설공사비지수,83.59,2020＝100
201406,15397AA2AA24,기타건설,,,16397AAA0,건설공사비지수,83.48,2020＝100
201407,15397AA2AA24,기타건설,,,16397AAA0,건설공사비지수,83.33,2020＝100
201408,15397AA2AA24,기타건설,,,16397AAA0,건설공사비지수,83.25,2020＝100
201409,15397AA2AA24,기타건설,,,16397AAA0,건설공사비지수,84.52,2020＝100
201410,15397AA2AA24,기타건설,,,16397AAA0,건설공사비지수,84.35,2020＝100
201411,15397AA2AA24,기타건설,,,16397AAA0,건설공사비지수,84.26,2020＝100
201412,15397AA2AA24,기타건설,,,16397AAA0,건설공사비지수,84.01,2020＝100
201401,15397AA2AA241,기타건설,,,16397AAA0,건설공사비지수,83.56,2020＝100
201402,15397AA2AA241,기타건설,,,16397AAA0,건설공사비지수,83.53,2020＝100
201403,15397AA2AA241,기타건설,,,16397AAA0,건설공사비지수,83.78,2020＝100
201404,15397AA2AA241,기타건설,,,16397AAA0,건설공사비지수,83.7,2020＝100
201405,15397AA2AA241,기타건설,,,16397AAA0,건설공사비지수,83.59,2020＝100
201406,15397AA2AA241,기타건설,,,16397AAA0,건설공사비지수,83.48,2020＝100
201407,15397AA2AA241,기타건설,,,16397AAA0,건설공사비지수,83.33,2020＝100
201408,15397AA2AA241,기타건설,,,16397AAA0,건설공사비지수,83.25,2020＝100
201409,15397AA2AA241,기타건설,,,16397AAA0,건설공사비지수,84.52,2020＝100
201410,15397AA2AA241,기타건설,,,16397AAA0,건설공사비지수,84.35,2020＝100
201411,15397AA2AA241,기타건설,,,16397AAA0,건설공사비지수,84.26,2020＝100
201412,15397AA2AA241,기타건설,,,16397AAA0,건설공사비지수,84.01,2020＝100
201501,15397AA2AA,건설,,,16397AAA0,건설공사비지수,85.64,2020＝100
201502,15397AA2AA,건설,,,16397AAA0,건설공사비지수,85.47,2020＝100
201503,15397AA2AA,건설,,,16397AAA0,건설공사비지수,85.36,2020＝100
201504,15397AA2AA,건설,,,16397AAA0,건설공사비지수,85.1,2020＝100
201505,15397AA2AA,건설,,,16397AAA0,건설공사비지수,85.05,2020＝100
201506,15397AA2AA,건설,,,16397AAA0,건설공사비지수,84.99,2020＝100
201507,15397AA2AA,건설,,,16397AAA0,건설공사비지수,85,2020＝100
201508,15397AA2AA,건설,,,16397AAA0,건설공사비지수,84.87,2020＝100
201509,15397AA2AA,건설,,,16397AAA0,건설공사비지수,85.68,2020＝100
201510,15397AA2AA,건설,,,16397AAA0,건설공사비지수,85.52,2020＝100
201511,15397AA2AA,건설,,,16397AAA0,건설공사비지수,85.35,2020＝100
201512,15397AA2AA,건설,,,16397AAA0,건설공사비지수,84.86,2020＝100
201501,15397AA2AA1,건물건설 및 건축보수,,,16397AAA0,건설공사비지수,85.51,2020＝100
201502,15397AA2AA1,건물건설 및 건축보수,,,16397AAA0,건설공사비지수,85.41,2020＝100
201503,15397AA2AA1,건물건설 및 건축보수,,,16397AAA0,건설공사비지수,85.32,2020＝100
201504,15397AA2AA1,건물건설 및 건축보수,,,16397AAA0,건설공사비지수,85.03,2020＝100
201505,15397AA2AA1,건물건설 및 건축보수,,,16397AAA0,건설공사비지수,84.95,2020＝100
201506,15397AA2AA1,건물건설 및 건축보수,,,16397AAA0,건설공사비지수,84.89,2020＝100
201507,15397AA2AA1,건물건설 및 건축보수,,,16397AAA0,건설공사비지수,84.97,2020＝100
201508,15397AA2AA1,건물건설 및 건축보수,,,16397AAA0,건설공사비지수,84.9,2020＝100
201509,15397AA2AA1,건물건설 및 건축보수,,,16397AAA0,건설공사비지수,85.73,2020＝100
201510,15397AA2AA1,건물건설 및 건축보수,,,16397AAA0,건설공사비지수,85.57,2020＝100
201511,15397AA2AA1,건물건설 및 건축보수,,,16397AAA0,건설공사비지수,85.45,2020＝100
201512,15397AA2AA1,건물건설 및 건축보수,,,16397AAA0,건설공사비지수,84.96,2020＝100
201501,15397AA2AA11,주거용건물,,,16397AAA0,건설공사비지수,85.2,2020＝100
201502,15397AA2AA11,주거용건물,,,16397AAA0,건설공사비지수,85.1,2020＝100
201503,15397AA2AA11,주거용건물,,,16397AAA0,건설공사비지수,85.02,2020＝100
201504,15397AA2AA11,주거용건물,,,16397AAA0,건설공사비지수,84.71,2020＝100
201505,15397AA2AA11,주거용건물,,,16397AAA0,건설공사비지수,84.62,2020＝100
201506,15397AA2AA11,주거용건물,,,16397AAA0,건설공사비지수,84.56,2020＝100
201507,15397AA2AA11,주거용건물,,,16397AAA0,건설공사비지수,84.62,2020＝100
201508,15397AA2AA11,주거용건물,,,16397AAA0,건설공사비지수,84.56,2020＝100
201509,15397AA2AA11,주거용건물,,,16397AAA0,건설공사비지수,85.41,2020＝100
201510,15397AA2AA11,주거용건물,,,16397AAA0,건설공사비지수,85.26,2020＝100
201511,15397AA2AA11,주거용건물,,,16397AAA0,건설공사비지수,85.16,2020＝100
201512,15397AA2AA11,주거용건물,,,16397AAA0,건설공사비지수,84.62,2020＝100
201501,15397AA2AA111,주거용건물,,,16397AAA0,건설공사비지수,85.2,2020＝100
201502,15397AA2AA111,주거용건물,,,16397AAA0,건설공사비지수,85.1,2020＝100
201503,15397AA2AA111,주거용건물,,,16397AAA0,건설공사비지수,85.02,2020＝100
201504,15397AA2AA111,주거용건물,,,16397AAA0,건설공사비지수,84.71,2020＝100
201505,15397AA2AA111,주거용건물,,,16397AAA0,건설공사비지수,84.62,2020＝100
201506,15397AA2AA111,주거용건물,,,16397AAA0,건설공사비지수,84.56,2020＝100
201507,15397AA2AA111,주거용건물,,,16397AAA0,건설공사비지수,84.62,2020＝100
201508,15397AA2AA111,주거용건물,,,16397AAA0,건설공사비지수,84.56,2020＝100
201509,15397AA2AA111,주거용건물,,,16397AAA0,건설공사비지수,85.41,2020＝100
201510,15397AA2AA111,주거용건물,,,16397AAA0,건설공사비지수,85.26,2020＝100
201511,15397AA2AA111,주거용건물,,,16397AAA0,건설공사비지수,85.16,2020＝100
201512,15397AA2AA111,주거용건물,,,16397AAA0,건설공사비지수,84.62,2020＝100
201501,15397AA2AA12,비주거용건물,,,16397AAA0,건설공사비지수,85.66,2020＝100
201502,15397AA2AA12,비주거용건물,,,16397AAA0,건설공사비지수,85.54,2020＝100
201503,15397AA2AA12,비주거용건물,,,16397AAA0,건설공사비지수,85.45,2020＝100
201504,15397AA2AA12,비주거용건물,,,16397AAA0,건설공사비지수,85.16,2020＝100
201505,15397AA2AA12,비주거용건물,,,16397AAA0,건설공사비지수,85.06,2020＝100
201506,15397AA2AA12,비주거용건물,,,16397AAA0,건설공사비지수,85.01,2020＝100
201507,15397AA2AA12,비주거용건물,,,16397AAA0,건설공사비지수,85.1,2020＝100
201508,15397AA2AA12,비주거용건물,,,16397AAA0,건설공사비지수,85.01,2020＝100
201509,15397AA2AA12,비주거용건물,,,16397AAA0,건설공사비지수,85.83,2020＝100
201510,15397AA2AA12,비주거용건물,,,16397AAA0,건설공사비지수,85.65,2020＝100
201511,15397AA2AA12,비주거용건물,,,16397AAA0,건설공사비지수,85.52,2020＝100
201512,15397AA2AA12,비주거용건물,,,16397AAA0,건설공사비지수,85.04,2020＝100
201501,15397AA2AA121,비주거용건물,,,16397AAA0,건설공사비지수,85.66,2020＝100
201502,15397AA2AA121,비주거용건물,,,16397AAA0,건설공사비지수,85.54,2020＝100
201503,15397AA2AA121,비주거용건물,,,16397AAA0,건설공사비지수,85.45,2020＝100
201504,15397AA2AA121,비주거용건물,,,16397AAA0,건설공사비지수,85.16,2020＝100
201505,15397AA2AA121,비주거용건물,,,16397AAA0,건설공사비지수,85.06,2020＝100
201506,15397AA2AA121,비주거용건물,,,16397AAA0,건설공사비지수,85.01,2020＝100
201507,15397AA2AA121,비주거용건물,,,16397AAA0,건설공사비지수,85.1,2020＝100
201508,15397AA2AA121,비주거용건물,,,16397AAA0,건설공사비지수,85.01,2020＝100
201509,15397AA2AA121,비주거용건물,,,16397AAA0,건설공사비지수,85.83,2020＝100
201510,15397AA2AA121,비주거용건물,,,16397AAA0,건설공사비지수,85.65,2020＝100
201511,15397AA2AA121,비주거용건물,,,16397AAA0,건설공사비지수,85.52,2020＝100
201512,15397AA2AA121,비주거용건물,,,16397AAA0,건설공사비지수,85.04,2020＝100
201501,15397AA2AA13,건축보수,,,16397AAA0,건설공사비지수,86.07,2020＝100
201502,15397AA2AA13,건축보수,,,16397AAA0,건설공사비지수,85.99,2020＝100
201503,15397AA2AA13,건축보수,,,16397AAA0,건설공사비지수,85.89,2020＝100
201504,15397AA2AA13,건축보수,,,16397AAA0,건설공사비지수,85.76,2020＝100
201505,15397AA2AA13,건축보수,,,16397AAA0,건설공사비지수,85.73,2020＝100
201506,15397AA2AA13,건축보수,,,16397AAA0,건설공사비지수,85.69,2020＝100
201507,15397AA2AA13,건축보수,,,16397AAA0,건설공사비지수,85.8,2020＝100
201508,15397AA2AA13,건축보수,,,16397AAA0,건설공사비지수,85.7,2020＝100
201509,15397AA2AA13,건축보수,,,16397AAA0,건설공사비지수,86.54,2020＝100
201510,15397AA2AA13,건축보수,,,16397AAA0,건설공사비지수,86.43,2020＝100
201511,15397AA2AA13,건축보수,,,16397AAA0,건설공사비지수,86.32,2020＝100
201512,15397AA2AA13,건축보수,,,16397AAA0,건설공사비지수,85.97,2020＝100
201501,15397AA2AA131,건축보수,,,16397AAA0,건설공사비지수,86.07,2020＝100
201502,15397AA2AA131,건축보수,,,16397AAA0,건설공사비지수,85.99,2020＝100
201503,15397AA2AA131,건축보수,,,16397AAA0,건설공사비지수,85.89,2020＝100
201504,15397AA2AA131,건축보수,,,16397AAA0,건설공사비지수,85.76,2020＝100
201505,15397AA2AA131,건축보수,,,16397AAA0,건설공사비지수,85.73,2020＝100
201506,15397AA2AA131,건축보수,,,16397AAA0,건설공사비지수,85.69,2020＝100
201507,15397AA2AA131,건축보수,,,16397AAA0,건설공사비지수,85.8,2020＝100
201508,15397AA2AA131,건축보수,,,16397AAA0,건설공사비지수,85.7,2020＝100
201509,15397AA2AA131,건축보수,,,16397AAA0,건설공사비지수,86.54,2020＝100
201510,15397AA2AA131,건축보수,,,16397AAA0,건설공사비지수,86.43,2020＝100
201511,15397AA2AA131,건축보수,,,16397AAA0,건설공사비지수,86.32,2020＝100
201512,15397AA2AA131,건축보수,,,16397AAA0,건설공사비지수,85.97,2020＝100
201501,15397AA2AA2,토목건설,,,16397AAA0,건설공사비지수,86,2020＝100
201502,15397AA2AA2,토목건설,,,16397AAA0,건설공사비지수,85.67,2020＝100
201503,15397AA2AA2,토목건설,,,16397AAA0,건설공사비지수,85.52,2020＝100
201504,15397AA2AA2,토목건설,,,16397AAA0,건설공사비지수,85.31,2020＝100
201505,15397AA2AA2,토목건설,,,16397AAA0,건설공사비지수,85.35,2020＝100
201506,15397AA2AA2,토목건설,,,16397AAA0,건설공사비지수,85.26,2020＝100
201507,15397AA2AA2,토목건설,,,16397AAA0,건설공사비지수,85.1,2020＝100
201508,15397AA2AA2,토목건설,,,16397AAA0,건설공사비지수,84.86,2020＝100
201509,15397AA2AA2,토목건설,,,16397AAA0,건설공사비지수,85.59,2020＝100
201510,15397AA2AA2,토목건설,,,16397AAA0,건설공사비지수,85.43,2020＝100
201511,15397AA2AA2,토목건설,,,16397AAA0,건설공사비지수,85.13,2020＝100
201512,15397AA2AA2,토목건설,,,16397AAA0,건설공사비지수,84.62,2020＝100
201501,15397AA2AA21,교통시설건설,,,16397AAA0,건설공사비지수,87.12,2020＝100
201502,15397AA2AA21,교통시설건설,,,16397AAA0,건설공사비지수,87.04,2020＝100
201503,15397AA2AA21,교통시설건설,,,16397AAA0,건설공사비지수,86.92,2020＝100
201504,15397AA2AA21,교통시설건설,,,16397AAA0,건설공사비지수,86.57,2020＝100
201505,15397AA2AA21,교통시설건설,,,16397AAA0,건설공사비지수,86.59,2020＝100
201506,15397AA2AA21,교통시설건설,,,16397AAA0,건설공사비지수,86.53,2020＝100
201507,15397AA2AA21,교통시설건설,,,16397AAA0,건설공사비지수,86.36,2020＝100
201508,15397AA2AA21,교통시설건설,,,16397AAA0,건설공사비지수,86.15,2020＝100
201509,15397AA2AA21,교통시설건설,,,16397AAA0,건설공사비지수,86.9,2020＝100
201510,15397AA2AA21,교통시설건설,,,16397AAA0,건설공사비지수,86.76,2020＝100
201511,15397AA2AA21,교통시설건설,,,16397AAA0,건설공사비지수,86.52,2020＝100
201512,15397AA2AA21,교통시설건설,,,16397AAA0,건설공사비지수,85.87,2020＝100
201501,15397AA2AA211,도로시설,,,16397AAA0,건설공사비지수,87.5,2020＝100
201502,15397AA2AA211,도로시설,,,16397AAA0,건설공사비지수,87.46,2020＝100
201503,15397AA2AA211,도로시설,,,16397AAA0,건설공사비지수,87.44,2020＝100
201504,15397AA2AA211,도로시설,,,16397AAA0,건설공사비지수,87.15,2020＝100
201505,15397AA2AA211,도로시설,,,16397AAA0,건설공사비지수,87.22,2020＝100
201506,15397AA2AA211,도로시설,,,16397AAA0,건설공사비지수,87.12,2020＝100
201507,15397AA2AA211,도로시설,,,16397AAA0,건설공사비지수,86.97,2020＝100
201508,15397AA2AA211,도로시설,,,16397AAA0,건설공사비지수,86.74,2020＝100
201509,15397AA2AA211,도로시설,,,16397AAA0,건설공사비지수,87.45,2020＝100
201510,15397AA2AA211,도로시설,,,16397AAA0,건설공사비지수,87.34,2020＝100
201511,15397AA2AA211,도로시설,,,16397AAA0,건설공사비지수,87.1,2020＝100
201512,15397AA2AA211,도로시설,,,16397AAA0,건설공사비지수,86.48,2020＝100
201501,15397AA2AA212,철도시설,,,16397AAA0,건설공사비지수,86.48,2020＝100
201502,15397AA2AA212,철도시설,,,16397AAA0,건설공사비지수,86.26,2020＝100
201503,15397AA2AA212,철도시설,,,16397AAA0,건설공사비지수,85.89,2020＝100
201504,15397AA2AA212,철도시설,,,16397AAA0,건설공사비지수,85.37,2020＝100
201505,15397AA2AA212,철도시설,,,16397AAA0,건설공사비지수,85.21,2020＝100
201506,15397AA2AA212,철도시설,,,16397AAA0,건설공사비지수,85.27,2020＝100
201507,15397AA2AA212,철도시설,,,16397AAA0,건설공사비지수,85.08,2020＝100
201508,15397AA2AA212,철도시설,,,16397AAA0,건설공사비지수,84.91,2020＝100
201509,15397AA2AA212,철도시설,,,16397AAA0,건설공사비지수,85.7,2020＝100
201510,15397AA2AA212,철도시설,,,16397AAA0,건설공사비지수,85.49,2020＝100
201511,15397AA2AA212,철도시설,,,16397AAA0,건설공사비지수,85.23,2020＝100
201512,15397AA2AA212,철도시설,,,16397AAA0,건설공사비지수,84.46,2020＝100
201501,15397AA2AA213,항만시설,,,16397AAA0,건설공사비지수,85.89,2020＝100
201502,15397AA2AA213,항만시설,,,16397AAA0,건설공사비지수,85.97,2020＝100
201503,15397AA2AA213,항만시설,,,16397AAA0,건설공사비지수,85.88,2020＝100
201504,15397AA2AA213,항만시설,,,16397AAA0,건설공사비지수,85.57,2020＝100
201505,15397AA2AA213,항만시설,,,16397AAA0,건설공사비지수,85.73,2020＝100
201506,15397AA2AA213,항만시설,,,16397AAA0,건설공사비지수,85.57,2020＝100
201507,15397AA2AA213,항만시설,,,16397AAA0,건설공사비지수,85.43,2020＝100
201508,15397AA2AA213,항만시설,,,16397AAA0,건설공사비지수,85.16,2020＝100
201509,15397AA2AA213,항만시설,,,16397AAA0,건설공사비지수,86.03,2020＝100
201510,15397AA2AA213,항만시설,,,16397AAA0,건설공사비지수,85.94,2020＝100
201511,15397AA2AA213,항만시설,,,16397AAA0,건설공사비지수,85.81,2020＝100
201512,15397AA2AA213,항만시설,,,16397AAA0,건설공사비지수,85.2,2020＝100
201501,15397AA2AA22,일반토목시설건설,,,16397AAA0,건설공사비지수,86.85,2020＝100
201502,15397AA2AA22,일반토목시설건설,,,16397AAA0,건설공사비지수,86.82,2020＝100
201503,15397AA2AA22,일반토목시설건설,,,16397AAA0,건설공사비지수,86.62,2020＝100
201504,15397AA2AA22,일반토목시설건설,,,16397AAA0,건설공사비지수,86.37,2020＝100
201505,15397AA2AA22,일반토목시설건설,,,16397AAA0,건설공사비지수,86.42,2020＝100
201506,15397AA2AA22,일반토목시설건설,,,16397AAA0,건설공사비지수,86.26,2020＝100
201507,15397AA2AA22,일반토목시설건설,,,16397AAA0,건설공사비지수,86.16,2020＝100
201508,15397AA2AA22,일반토목시설건설,,,16397AAA0,건설공사비지수,85.92,2020＝100
201509,15397AA2AA22,일반토목시설건설,,,16397AAA0,건설공사비지수,86.64,2020＝100
201510,15397AA2AA22,일반토목시설건설,,,16397AAA0,건설공사비지수,86.52,2020＝100
201511,15397AA2AA22,일반토목시설건설,,,16397AAA0,건설공사비지수,86.37,2020＝100
201512,15397AA2AA22,일반토목시설건설,,,16397AAA0,건설공사비지수,85.9,2020＝100
201501,15397AA2AA221,하천사방,,,16397AAA0,건설공사비지수,85.44,2020＝100
201502,15397AA2AA221,하천사방,,,16397AAA0,건설공사비지수,85.41,2020＝100
201503,15397AA2AA221,하천사방,,,16397AAA0,건설공사비지수,85.38,2020＝100
201504,15397AA2AA221,하천사방,,,16397AAA0,건설공사비지수,85.14,2020＝100
201505,15397AA2AA221,하천사방,,,16397AAA0,건설공사비지수,85.2,2020＝100
201506,15397AA2AA221,하천사방,,,16397AAA0,건설공사비지수,85.1,2020＝100
201507,15397AA2AA221,하천사방,,,16397AAA0,건설공사비지수,85.05,2020＝100
201508,15397AA2AA221,하천사방,,,16397AAA0,건설공사비지수,84.86,2020＝100
201509,15397AA2AA221,하천사방,,,16397AAA0,건설공사비지수,85.87,2020＝100
201510,15397AA2AA221,하천사방,,,16397AAA0,건설공사비지수,85.74,2020＝100
201511,15397AA2AA221,하천사방,,,16397AAA0,건설공사비지수,85.62,2020＝100
201512,15397AA2AA221,하천사방,,,16397AAA0,건설공사비지수,85.17,2020＝100
201501,15397AA2AA222,상하수도시설,,,16397AAA0,건설공사비지수,86.98,2020＝100
201502,15397AA2AA222,상하수도시설,,,16397AAA0,건설공사비지수,86.74,2020＝100
201503,15397AA2AA222,상하수도시설,,,16397AAA0,건설공사비지수,86.25,2020＝100
201504,15397AA2AA222,상하수도시설,,,16397AAA0,건설공사비지수,86.07,2020＝100
201505,15397AA2AA222,상하수도시설,,,16397AAA0,건설공사비지수,86.04,2020＝100
201506,15397AA2AA222,상하수도시설,,,16397AAA0,건설공사비지수,85.8,2020＝100
201507,15397AA2AA222,상하수도시설,,,16397AAA0,건설공사비지수,85.72,2020＝100
201508,15397AA2AA222,상하수도시설,,,16397AAA0,건설공사비지수,85.51,2020＝100
201509,15397AA2AA222,상하수도시설,,,16397AAA0,건설공사비지수,85.95,2020＝100
201510,15397AA2AA222,상하수도시설,,,16397AAA0,건설공사비지수,85.81,2020＝100
201511,15397AA2AA222,상하수도시설,,,16397AAA0,건설공사비지수,85.67,2020＝100
201512,15397AA2AA222,상하수도시설,,,16397AAA0,건설공사비지수,85.42,2020＝100
201501,15397AA2AA223,농림수산토목,,,16397AAA0,건설공사비지수,84.36,2020＝100
201502,15397AA2AA223,농림수산토목,,,16397AAA0,건설공사비지수,84.47,2020＝100
201503,15397AA2AA223,농림수산토목,,,16397AAA0,건설공사비지수,84.4,2020＝100
201504,15397AA2AA223,농림수산토목,,,16397AAA0,건설공사비지수,84.18,2020＝100
201505,15397AA2AA223,농림수산토목,,,16397AAA0,건설공사비지수,84.38,2020＝100
201506,15397AA2AA223,농림수산토목,,,16397AAA0,건설공사비지수,84.25,2020＝100
201507,15397AA2AA223,농림수산토목,,,16397AAA0,건설공사비지수,84.18,2020＝100
201508,15397AA2AA223,농림수산토목,,,16397AAA0,건설공사비지수,83.83,2020＝100
201509,15397AA2AA223,농림수산토목,,,16397AAA0,건설공사비지수,84.74,2020＝100
201510,15397AA2AA223,농림수산토목,,,16397AAA0,건설공사비지수,84.76,2020＝100
201511,15397AA2AA223,농림수산토목,,,16397AAA0,건설공사비지수,84.6,2020＝100
201512,15397AA2AA223,농림수산토목,,,16397AAA0,건설공사비지수,84.11,2020＝100
201501,15397AA2AA224,도시토목,,,16397AAA0,건설공사비지수,87.74,2020＝100
201502,15397AA2AA224,도시토목,,,16397AAA0,건설공사비지수,87.81,2020＝100
201503,15397AA2AA224,도시토목,,,16397AAA0,건설공사비지수,87.75,2020＝100
201504,15397AA2AA224,도시토목,,,16397AAA0,건설공사비지수,87.44,2020＝100
201505,15397AA2AA224,도시토목,,,16397AAA0,건설공사비지수,87.54,2020＝100
201506,15397AA2AA224,도시토목,,,16397AAA0,건설공사비지수,87.4,2020＝100
201507,15397AA2AA224,도시토목,,,16397AAA0,건설공사비지수,87.26,2020＝100
201508,15397AA2AA224,도시토목,,,16397AAA0,건설공사비지수,87.01,2020＝100
201509,15397AA2AA224,도시토목,,,16397AAA0,건설공사비지수,87.79,2020＝100
201510,15397AA2AA224,도시토목,,,16397AAA0,건설공사비지수,87.66,2020＝100
201511,15397AA2AA224,도시토목,,,16397AAA0,건설공사비지수,87.5,2020＝100
201512,15397AA2AA224,도시토목,,,16397AAA0,건설공사비지수,86.86,2020＝100
201501,15397AA2AA23,산업시설건설,,,16397AAA0,건설공사비지수,85.22,2020＝100
201502,15397AA2AA23,산업시설건설,,,16397AAA0,건설공사비지수,84.6,2020＝100
201503,15397AA2AA23,산업시설건설,,,16397AAA0,건설공사비지수,84.43,2020＝100
201504,15397AA2AA23,산업시설건설,,,16397AAA0,건설공사비지수,84.32,2020＝100
201505,15397AA2AA23,산업시설건설,,,16397AAA0,건설공사비지수,84.33,2020＝100
201506,15397AA2AA23,산업시설건설,,,16397AAA0,건설공사비지수,84.28,2020＝100
201507,15397AA2AA23,산업시설건설,,,16397AAA0,건설공사비지수,84.13,2020＝100
201508,15397AA2AA23,산업시설건설,,,16397AAA0,건설공사비지수,83.9,2020＝100
201509,15397AA2AA23,산업시설건설,,,16397AAA0,건설공사비지수,84.63,2020＝100
201510,15397AA2AA23,산업시설건설,,,16397AAA0,건설공사비지수,84.44,2020＝100
201511,15397AA2AA23,산업시설건설,,,16397AAA0,건설공사비지수,84.05,2020＝100
201512,15397AA2AA23,산업시설건설,,,16397AAA0,건설공사비지수,83.66,2020＝100
201501,15397AA2AA231,환경정화시설,,,16397AAA0,건설공사비지수,84.61,2020＝100
201502,15397AA2AA231,환경정화시설,,,16397AAA0,건설공사비지수,84.44,2020＝100
201503,15397AA2AA231,환경정화시설,,,16397AAA0,건설공사비지수,84.19,2020＝100
201504,15397AA2AA231,환경정화시설,,,16397AAA0,건설공사비지수,83.76,2020＝100
201505,15397AA2AA231,환경정화시설,,,16397AAA0,건설공사비지수,83.67,2020＝100
201506,15397AA2AA231,환경정화시설,,,16397AAA0,건설공사비지수,83.58,2020＝100
201507,15397AA2AA231,환경정화시설,,,16397AAA0,건설공사비지수,83.74,2020＝100
201508,15397AA2AA231,환경정화시설,,,16397AAA0,건설공사비지수,83.68,2020＝100
201509,15397AA2AA231,환경정화시설,,,16397AAA0,건설공사비지수,84.47,2020＝100
201510,15397AA2AA231,환경정화시설,,,16397AAA0,건설공사비지수,84.27,2020＝100
201511,15397AA2AA231,환경정화시설,,,16397AAA0,건설공사비지수,84.15,2020＝100
201512,15397AA2AA231,환경정화시설,,,16397AAA0,건설공사비지수,83.61,2020＝100
201501,15397AA2AA232,발전소시설,,,16397AAA0,건설공사비지수,86.68,2020＝100
201502,15397AA2AA232,발전소시설,,,16397AAA0,건설공사비지수,85.62,2020＝100
201503,15397AA2AA232,발전소시설,,,16397AAA0,건설공사비지수,85.59,2020＝100
201504,15397AA2AA232,발전소시설,,,16397AAA0,건설공사비지수,85.65,2020＝100
201505,15397AA2AA232,발전소시설,,,16397AAA0,건설공사비지수,85.82,2020＝100
201506,15397AA2AA232,발전소시설,,,16397AAA0,건설공사비지수,85.81,2020＝100
201507,15397AA2AA232,발전소시설,,,16397AAA0,건설공사비지수,85.47,2020＝100
201508,15397AA2AA232,발전소시설,,,16397AAA0,건설공사비지수,85.09,2020＝100
201509,15397AA2AA232,발전소시설,,,16397AAA0,건설공사비지수,85.59,2020＝100
201510,15397AA2AA232,발전소시설,,,16397AAA0,건설공사비지수,85.35,2020＝100
201511,15397AA2AA232,발전소시설,,,16397AAA0,건설공사비지수,84.69,2020＝100
201512,15397AA2AA232,발전소시설,,,16397AAA0,건설공사비지수,84.12,2020＝100
201501,15397AA2AA234,산업플랜트,,,16397AAA0,건설공사비지수,83.88,2020＝100
201502,15397AA2AA234,산업플랜트,,,16397AAA0,건설공사비지수,83.63,2020＝100
201503,15397AA2AA234,산업플랜트,,,16397AAA0,건설공사비지수,83.34,2020＝100
201504,15397AA2AA234,산업플랜트,,,16397AAA0,건설공사비지수,83.11,2020＝100
201505,15397AA2AA234,산업플랜트,,,16397AAA0,건설공사비지수,82.98,2020＝100
201506,15397AA2AA234,산업플랜트,,,16397AAA0,건설공사비지수,82.89,2020＝100
201507,15397AA2AA234,산업플랜트,,,16397AAA0,건설공사비지수,82.88,2020＝100
201508,15397AA2AA234,산업플랜트,,,16397AAA0,건설공사비지수,82.78,2020＝100
201509,15397AA2AA234,산업플랜트,,,16397AAA0,건설공사비지수,83.71,2020＝100
201510,15397AA2AA234,산업플랜트,,,16397AAA0,건설공사비지수,83.57,2020＝100
201511,15397AA2AA234,산업플랜트,,,16397AAA0,건설공사비지수,83.4,2020＝100
201512,15397AA2AA234,산업플랜트,,,16397AAA0,건설공사비지수,83.23,2020＝100
201501,15397AA2AA24,기타건설,,,16397AAA0,건설공사비지수,84.29,2020＝100
201502,15397AA2AA24,기타건설,,,16397AAA0,건설공사비지수,83.71,2020＝100
201503,15397AA2AA24,기타건설,,,16397AAA0,건설공사비지수,83.61,2020＝100
201504,15397AA2AA24,기타건설,,,16397AAA0,건설공사비지수,83.49,2020＝100
201505,15397AA2AA24,기타건설,,,16397AAA0,건설공사비지수,83.6,2020＝100
201506,15397AA2AA24,기타건설,,,16397AAA0,건설공사비지수,83.52,2020＝100
201507,15397AA2AA24,기타건설,,,16397AAA0,건설공사비지수,83.26,2020＝100
201508,15397AA2AA24,기타건설,,,16397AAA0,건설공사비지수,82.9,2020＝100
201509,15397AA2AA24,기타건설,,,16397AAA0,건설공사비지수,83.67,2020＝100
201510,15397AA2AA24,기타건설,,,16397AAA0,건설공사비지수,83.46,2020＝100
201511,15397AA2AA24,기타건설,,,16397AAA0,건설공사비지수,83.02,2020＝100
201512,15397AA2AA24,기타건설,,,16397AAA0,건설공사비지수,82.4,2020＝100
201501,15397AA2AA241,기타건설,,,16397AAA0,건설공사비지수,84.29,2020＝100
201502,15397AA2AA241,기타건설,,,16397AAA0,건설공사비지수,83.71,2020＝100
201503,15397AA2AA241,기타건설,,,16397AAA0,건설공사비지수,83.61,2020＝100
201504,15397AA2AA241,기타건설,,,16397AAA0,건설공사비지수,83.49,2020＝100
201505,15397AA2AA241,기타건설,,,16397AAA0,건설공사비지수,83.6,2020＝100
201506,15397AA2AA241,기타건설,,,16397AAA0,건설공사비지수,83.52,2020＝100
201507,15397AA2AA241,기타건설,,,16397AAA0,건설공사비지수,83.26,2020＝100
201508,15397AA2AA241,기타건설,,,16397AAA0,건설공사비지수,82.9,2020＝100
201509,15397AA2AA241,기타건설,,,16397AAA0,건설공사비지수,83.67,2020＝100
201510,15397AA2AA241,기타건설,,,16397AAA0,건설공사비지수,83.46,2020＝100
201511,15397AA2AA241,기타건설,,,16397AAA0,건설공사비지수,83.02,2020＝100
201512,15397AA2AA241,기타건설,,,16397AAA0,건설공사비지수,82.4,2020＝100
201601,15397AA2AA,건설,,,16397AAA0,건설공사비지수,85.27,2020＝100
201602,15397AA2AA,건설,,,16397AAA0,건설공사비지수,85.19,2020＝100
201603,15397AA2AA,건설,,,16397AAA0,건설공사비지수,85.31,2020＝100
201604,15397AA2AA,건설,,,16397AAA0,건설공사비지수,85.91,2020＝100
201605,15397AA2AA,건설,,,16397AAA0,건설공사비지수,86.21,2020＝100
201606,15397AA2AA,건설,,,16397AAA0,건설공사비지수,86.52,2020＝100
201607,15397AA2AA,건설,,,16397AAA0,건설공사비지수,86.52,2020＝100
201608,15397AA2AA,건설,,,16397AAA0,건설공사비지수,86.35,2020＝100
201609,15397AA2AA,건설,,,16397AAA0,건설공사비지수,87.62,2020＝100
201610,15397AA2AA,건설,,,16397AAA0,건설공사비지수,87.71,2020＝100
201611,15397AA2AA,건설,,,16397AAA0,건설공사비지수,87.93,2020＝100
201612,15397AA2AA,건설,,,16397AAA0,건설공사비지수,88.36,2020＝100
201601,15397AA2AA1,건물건설 및 건축보수,,,16397AAA0,건설공사비지수,85.6,2020＝100
201602,15397AA2AA1,건물건설 및 건축보수,,,16397AAA0,건설공사비지수,85.53,2020＝100
201603,15397AA2AA1,건물건설 및 건축보수,,,16397AAA0,건설공사비지수,85.58,2020＝100
201604,15397AA2AA1,건물건설 및 건축보수,,,16397AAA0,건설공사비지수,86.24,2020＝100
201605,15397AA2AA1,건물건설 및 건축보수,,,16397AAA0,건설공사비지수,86.5,2020＝100
201606,15397AA2AA1,건물건설 및 건축보수,,,16397AAA0,건설공사비지수,86.81,2020＝100
201607,15397AA2AA1,건물건설 및 건축보수,,,16397AAA0,건설공사비지수,86.82,2020＝100
201608,15397AA2AA1,건물건설 및 건축보수,,,16397AAA0,건설공사비지수,86.67,2020＝100
201609,15397AA2AA1,건물건설 및 건축보수,,,16397AAA0,건설공사비지수,87.92,2020＝100
201610,15397AA2AA1,건물건설 및 건축보수,,,16397AAA0,건설공사비지수,87.98,2020＝100
201611,15397AA2AA1,건물건설 및 건축보수,,,16397AAA0,건설공사비지수,88.12,2020＝100
201612,15397AA2AA1,건물건설 및 건축보수,,,16397AAA0,건설공사비지수,88.48,2020＝100
201601,15397AA2AA11,주거용건물,,,16397AAA0,건설공사비지수,85.28,2020＝100
201602,15397AA2AA11,주거용건물,,,16397AAA0,건설공사비지수,85.21,2020＝100
201603,15397AA2AA11,주거용건물,,,16397AAA0,건설공사비지수,85.27,2020＝100
201604,15397AA2AA11,주거용건물,,,16397AAA0,건설공사비지수,85.98,2020＝100
201605,15397AA2AA11,주거용건물,,,16397AAA0,건설공사비지수,86.25,2020＝100
201606,15397AA2AA11,주거용건물,,,16397AAA0,건설공사비지수,86.58,2020＝100
201607,15397AA2AA11,주거용건물,,,16397AAA0,건설공사비지수,86.62,2020＝100
201608,15397AA2AA11,주거용건물,,,16397AAA0,건설공사비지수,86.46,2020＝100
201609,15397AA2AA11,주거용건물,,,16397AAA0,건설공사비지수,87.74,2020＝100
201610,15397AA2AA11,주거용건물,,,16397AAA0,건설공사비지수,87.8,2020＝100
201611,15397AA2AA11,주거용건물,,,16397AAA0,건설공사비지수,87.93,2020＝100
201612,15397AA2AA11,주거용건물,,,16397AAA0,건설공사비지수,88.27,2020＝100
201601,15397AA2AA111,주거용건물,,,16397AAA0,건설공사비지수,85.28,2020＝100
201602,15397AA2AA111,주거용건물,,,16397AAA0,건설공사비지수,85.21,2020＝100
201603,15397AA2AA111,주거용건물,,,16397AAA0,건설공사비지수,85.27,2020＝100
201604,15397AA2AA111,주거용건물,,,16397AAA0,건설공사비지수,85.98,2020＝100
201605,15397AA2AA111,주거용건물,,,16397AAA0,건설공사비지수,86.25,2020＝100
201606,15397AA2AA111,주거용건물,,,16397AAA0,건설공사비지수,86.58,2020＝100
201607,15397AA2AA111,주거용건물,,,16397AAA0,건설공사비지수,86.62,2020＝100
201608,15397AA2AA111,주거용건물,,,16397AAA0,건설공사비지수,86.46,2020＝100
201609,15397AA2AA111,주거용건물,,,16397AAA0,건설공사비지수,87.74,2020＝100
201610,15397AA2AA111,주거용건물,,,16397AAA0,건설공사비지수,87.8,2020＝100
201611,15397AA2AA111,주거용건물,,,16397AAA0,건설공사비지수,87.93,2020＝100
201612,15397AA2AA111,주거용건물,,,16397AAA0,건설공사비지수,88.27,2020＝100
201601,15397AA2AA12,비주거용건물,,,16397AAA0,건설공사비지수,85.65,2020＝100
201602,15397AA2AA12,비주거용건물,,,16397AAA0,건설공사비지수,85.57,2020＝100
201603,15397AA2AA12,비주거용건물,,,16397AAA0,건설공사비지수,85.6,2020＝100
201604,15397AA2AA12,비주거용건물,,,16397AAA0,건설공사비지수,86.26,2020＝100
201605,15397AA2AA12,비주거용건물,,,16397AAA0,건설공사비지수,86.53,2020＝100
201606,15397AA2AA12,비주거용건물,,,16397AAA0,건설공사비지수,86.83,2020＝100
201607,15397AA2AA12,비주거용건물,,,16397AAA0,건설공사비지수,86.83,2020＝100
201608,15397AA2AA12,비주거용건물,,,16397AAA0,건설공사비지수,86.68,2020＝100
201609,15397AA2AA12,비주거용건물,,,16397AAA0,건설공사비지수,87.92,2020＝100
201610,15397AA2AA12,비주거용건물,,,16397AAA0,건설공사비지수,87.98,2020＝100
201611,15397AA2AA12,비주거용건물,,,16397AAA0,건설공사비지수,88.14,2020＝100
201612,15397AA2AA12,비주거용건물,,,16397AAA0,건설공사비지수,88.52,2020＝100
201601,15397AA2AA121,비주거용건물,,,16397AAA0,건설공사비지수,85.65,2020＝100
201602,15397AA2AA121,비주거용건물,,,16397AAA0,건설공사비지수,85.57,2020＝100
201603,15397AA2AA121,비주거용건물,,,16397AAA0,건설공사비지수,85.6,2020＝100
201604,15397AA2AA121,비주거용건물,,,16397AAA0,건설공사비지수,86.26,2020＝100
201605,15397AA2AA121,비주거용건물,,,16397AAA0,건설공사비지수,86.53,2020＝100
201606,15397AA2AA121,비주거용건물,,,16397AAA0,건설공사비지수,86.83,2020＝100
201607,15397AA2AA121,비주거용건물,,,16397AAA0,건설공사비지수,86.83,2020＝100
201608,15397AA2AA121,비주거용건물,,,16397AAA0,건설공사비지수,86.68,2020＝100
201609,15397AA2AA121,비주거용건물,,,16397AAA0,건설공사비지수,87.92,2020＝100
201610,15397AA2AA121,비주거용건물,,,16397AAA0,건설공사비지수,87.98,2020＝100
201611,15397AA2AA121,비주거용건물,,,16397AAA0,건설공사비지수,88.14,2020＝100
201612,15397AA2AA121,비주거용건물,,,16397AAA0,건설공사비지수,88.52,2020＝100
201601,15397AA2AA13,건축보수,,,16397AAA0,건설공사비지수,86.69,2020＝100
201602,15397AA2AA13,건축보수,,,16397AAA0,건설공사비지수,86.65,2020＝100
201603,15397AA2AA13,건축보수,,,16397AAA0,건설공사비지수,86.69,2020＝100
201604,15397AA2AA13,건축보수,,,16397AAA0,건설공사비지수,87.13,2020＝100
201605,15397AA2AA13,건축보수,,,16397AAA0,건설공사비지수,87.38,2020＝100
201606,15397AA2AA13,건축보수,,,16397AAA0,건설공사비지수,87.6,2020＝100
201607,15397AA2AA13,건축보수,,,16397AAA0,건설공사비지수,87.58,2020＝100
201608,15397AA2AA13,건축보수,,,16397AAA0,건설공사비지수,87.48,2020＝100
201609,15397AA2AA13,건축보수,,,16397AAA0,건설공사비지수,88.59,2020＝100
201610,15397AA2AA13,건축보수,,,16397AAA0,건설공사비지수,88.63,2020＝100
201611,15397AA2AA13,건축보수,,,16397AAA0,건설공사비지수,88.76,2020＝100
201612,15397AA2AA13,건축보수,,,16397AAA0,건설공사비지수,89.06,2020＝100
201601,15397AA2AA131,건축보수,,,16397AAA0,건설공사비지수,86.69,2020＝100
201602,15397AA2AA131,건축보수,,,16397AAA0,건설공사비지수,86.65,2020＝100
201603,15397AA2AA131,건축보수,,,16397AAA0,건설공사비지수,86.69,2020＝100
201604,15397AA2AA131,건축보수,,,16397AAA0,건설공사비지수,87.13,2020＝100
201605,15397AA2AA131,건축보수,,,16397AAA0,건설공사비지수,87.38,2020＝100
201606,15397AA2AA131,건축보수,,,16397AAA0,건설공사비지수,87.6,2020＝100
201607,15397AA2AA131,건축보수,,,16397AAA0,건설공사비지수,87.58,2020＝100
201608,15397AA2AA131,건축보수,,,16397AAA0,건설공사비지수,87.48,2020＝100
201609,15397AA2AA131,건축보수,,,16397AAA0,건설공사비지수,88.59,2020＝100
201610,15397AA2AA131,건축보수,,,16397AAA0,건설공사비지수,88.63,2020＝100
201611,15397AA2AA131,건축보수,,,16397AAA0,건설공사비지수,88.76,2020＝100
201612,15397AA2AA131,건축보수,,,16397AAA0,건설공사비지수,89.06,2020＝100
201601,15397AA2AA2,토목건설,,,16397AAA0,건설공사비지수,84.45,2020＝100
201602,15397AA2AA2,토목건설,,,16397AAA0,건설공사비지수,84.34,2020＝100
201603,15397AA2AA2,토목건설,,,16397AAA0,건설공사비지수,84.66,2020＝100
201604,15397AA2AA2,토목건설,,,16397AAA0,건설공사비지수,85.1,2020＝100
201605,15397AA2AA2,토목건설,,,16397AAA0,건설공사비지수,85.48,2020＝100
201606,15397AA2AA2,토목건설,,,16397AAA0,건설공사비지수,85.83,2020＝100
201607,15397AA2AA2,토목건설,,,16397AAA0,건설공사비지수,85.76,2020＝100
201608,15397AA2AA2,토목건설,,,16397AAA0,건설공사비지수,85.56,2020＝100
201609,15397AA2AA2,토목건설,,,16397AAA0,건설공사비지수,86.89,2020＝100
201610,15397AA2AA2,토목건설,,,16397AAA0,건설공사비지수,87.05,2020＝100
201611,15397AA2AA2,토목건설,,,16397AAA0,건설공사비지수,87.47,2020＝100
201612,15397AA2AA2,토목건설,,,16397AAA0,건설공사비지수,88.09,2020＝100
201601,15397AA2AA21,교통시설건설,,,16397AAA0,건설공사비지수,84.91,2020＝100
201602,15397AA2AA21,교통시설건설,,,16397AAA0,건설공사비지수,84.75,2020＝100
201603,15397AA2AA21,교통시설건설,,,16397AAA0,건설공사비지수,85,2020＝100
201604,15397AA2AA21,교통시설건설,,,16397AAA0,건설공사비지수,85.75,2020＝100
201605,15397AA2AA21,교통시설건설,,,16397AAA0,건설공사비지수,86.23,2020＝100
201606,15397AA2AA21,교통시설건설,,,16397AAA0,건설공사비지수,86.82,2020＝100
201607,15397AA2AA21,교통시설건설,,,16397AAA0,건설공사비지수,86.87,2020＝100
201608,15397AA2AA21,교통시설건설,,,16397AAA0,건설공사비지수,86.67,2020＝100
201609,15397AA2AA21,교통시설건설,,,16397AAA0,건설공사비지수,87.92,2020＝100
201610,15397AA2AA21,교통시설건설,,,16397AAA0,건설공사비지수,88.17,2020＝100
201611,15397AA2AA21,교통시설건설,,,16397AAA0,건설공사비지수,88.25,2020＝100
201612,15397AA2AA21,교통시설건설,,,16397AAA0,건설공사비지수,88.83,2020＝100
201601,15397AA2AA211,도로시설,,,16397AAA0,건설공사비지수,84.96,2020＝100
201602,15397AA2AA211,도로시설,,,16397AAA0,건설공사비지수,84.82,2020＝100
201603,15397AA2AA211,도로시설,,,16397AAA0,건설공사비지수,85.14,2020＝100
201604,15397AA2AA211,도로시설,,,16397AAA0,건설공사비지수,85.88,2020＝100
201605,15397AA2AA211,도로시설,,,16397AAA0,건설공사비지수,86.36,2020＝100
201606,15397AA2AA211,도로시설,,,16397AAA0,건설공사비지수,87.03,2020＝100
201607,15397AA2AA211,도로시설,,,16397AAA0,건설공사비지수,87.11,2020＝100
201608,15397AA2AA211,도로시설,,,16397AAA0,건설공사비지수,86.88,2020＝100
201609,15397AA2AA211,도로시설,,,16397AAA0,건설공사비지수,88.1,2020＝100
201610,15397AA2AA211,도로시설,,,16397AAA0,건설공사비지수,88.38,2020＝100
201611,15397AA2AA211,도로시설,,,16397AAA0,건설공사비지수,88.45,2020＝100
201612,15397AA2AA211,도로시설,,,16397AAA0,건설공사비지수,89.01,2020＝100
201601,15397AA2AA212,철도시설,,,16397AAA0,건설공사비지수,84.68,2020＝100
201602,15397AA2AA212,철도시설,,,16397AAA0,건설공사비지수,84.5,2020＝100
201603,15397AA2AA212,철도시설,,,16397AAA0,건설공사비지수,84.51,2020＝100
201604,15397AA2AA212,철도시설,,,16397AAA0,건설공사비지수,85.39,2020＝100
201605,15397AA2AA212,철도시설,,,16397AAA0,건설공사비지수,85.84,2020＝100
201606,15397AA2AA212,철도시설,,,16397AAA0,건설공사비지수,86.23,2020＝100
201607,15397AA2AA212,철도시설,,,16397AAA0,건설공사비지수,86.25,2020＝100
201608,15397AA2AA212,철도시설,,,16397AAA0,건설공사비지수,86.11,2020＝100
201609,15397AA2AA212,철도시설,,,16397AAA0,건설공사비지수,87.4,2020＝100
201610,15397AA2AA212,철도시설,,,16397AAA0,건설공사비지수,87.56,2020＝100
201611,15397AA2AA212,철도시설,,,16397AAA0,건설공사비지수,87.69,2020＝100
201612,15397AA2AA212,철도시설,,,16397AAA0,건설공사비지수,88.3,2020＝100
201601,15397AA2AA213,항만시설,,,16397AAA0,건설공사비지수,85.29,2020＝100
201602,15397AA2AA213,항만시설,,,16397AAA0,건설공사비지수,85.07,2020＝100
201603,15397AA2AA213,항만시설,,,16397AAA0,건설공사비지수,85.52,2020＝100
201604,15397AA2AA213,항만시설,,,16397AAA0,건설공사비지수,85.93,2020＝100
201605,15397AA2AA213,항만시설,,,16397AAA0,건설공사비지수,86.55,2020＝100
201606,15397AA2AA213,항만시설,,,16397AAA0,건설공사비지수,87.01,2020＝100
201607,15397AA2AA213,항만시설,,,16397AAA0,건설공사비지수,86.95,2020＝100
201608,15397AA2AA213,항만시설,,,16397AAA0,건설공사비지수,86.73,2020＝100
201609,15397AA2AA213,항만시설,,,16397AAA0,건설공사비지수,88.2,2020＝100
201610,15397AA2AA213,항만시설,,,16397AAA0,건설공사비지수,88.47,2020＝100
201611,15397AA2AA213,항만시설,,,16397AAA0,건설공사비지수,88.5,2020＝100
201612,15397AA2AA213,항만시설,,,16397AAA0,건설공사비지수,89.1,2020＝100
201601,15397AA2AA22,일반토목시설건설,,,16397AAA0,건설공사비지수,84.82,2020＝100
201602,15397AA2AA22,일반토목시설건설,,,16397AAA0,건설공사비지수,84.53,2020＝100
201603,15397AA2AA22,일반토목시설건설,,,16397AAA0,건설공사비지수,84.86,2020＝100
201604,15397AA2AA22,일반토목시설건설,,,16397AAA0,건설공사비지수,85.19,2020＝100
201605,15397AA2AA22,일반토목시설건설,,,16397AAA0,건설공사비지수,85.76,2020＝100
201606,15397AA2AA22,일반토목시설건설,,,16397AAA0,건설공사비지수,86.12,2020＝100
201607,15397AA2AA22,일반토목시설건설,,,16397AAA0,건설공사비지수,86.03,2020＝100
201608,15397AA2AA22,일반토목시설건설,,,16397AAA0,건설공사비지수,85.83,2020＝100
201609,15397AA2AA22,일반토목시설건설,,,16397AAA0,건설공사비지수,87.19,2020＝100
201610,15397AA2AA22,일반토목시설건설,,,16397AAA0,건설공사비지수,87.46,2020＝100
201611,15397AA2AA22,일반토목시설건설,,,16397AAA0,건설공사비지수,87.6,2020＝100
201612,15397AA2AA22,일반토목시설건설,,,16397AAA0,건설공사비지수,88.21,2020＝100
201601,15397AA2AA221,하천사방,,,16397AAA0,건설공사비지수,85.43,2020＝100
201602,15397AA2AA221,하천사방,,,16397AAA0,건설공사비지수,85.36,2020＝100
201603,15397AA2AA221,하천사방,,,16397AAA0,건설공사비지수,85.57,2020＝100
201604,15397AA2AA221,하천사방,,,16397AAA0,건설공사비지수,85.94,2020＝100
201605,15397AA2AA221,하천사방,,,16397AAA0,건설공사비지수,86.39,2020＝100
201606,15397AA2AA221,하천사방,,,16397AAA0,건설공사비지수,86.78,2020＝100
201607,15397AA2AA221,하천사방,,,16397AAA0,건설공사비지수,86.68,2020＝100
201608,15397AA2AA221,하천사방,,,16397AAA0,건설공사비지수,86.43,2020＝100
201609,15397AA2AA221,하천사방,,,16397AAA0,건설공사비지수,87.91,2020＝100
201610,15397AA2AA221,하천사방,,,16397AAA0,건설공사비지수,88.09,2020＝100
201611,15397AA2AA221,하천사방,,,16397AAA0,건설공사비지수,88.17,2020＝100
201612,15397AA2AA221,하천사방,,,16397AAA0,건설공사비지수,88.57,2020＝100
201601,15397AA2AA222,상하수도시설,,,16397AAA0,건설공사비지수,85.45,2020＝100
201602,15397AA2AA222,상하수도시설,,,16397AAA0,건설공사비지수,84.73,2020＝100
201603,15397AA2AA222,상하수도시설,,,16397AAA0,건설공사비지수,85.24,2020＝100
201604,15397AA2AA222,상하수도시설,,,16397AAA0,건설공사비지수,85.42,2020＝100
201605,15397AA2AA222,상하수도시설,,,16397AAA0,건설공사비지수,86.11,2020＝100
201606,15397AA2AA222,상하수도시설,,,16397AAA0,건설공사비지수,86.38,2020＝100
201607,15397AA2AA222,상하수도시설,,,16397AAA0,건설공사비지수,86.36,2020＝100
201608,15397AA2AA222,상하수도시설,,,16397AAA0,건설공사비지수,86.26,2020＝100
201609,15397AA2AA222,상하수도시설,,,16397AAA0,건설공사비지수,87.6,2020＝100
201610,15397AA2AA222,상하수도시설,,,16397AAA0,건설공사비지수,87.84,2020＝100
201611,15397AA2AA222,상하수도시설,,,16397AAA0,건설공사비지수,88.06,2020＝100
201612,15397AA2AA222,상하수도시설,,,16397AAA0,건설공사비지수,88.79,2020＝100
201601,15397AA2AA223,농림수산토목,,,16397AAA0,건설공사비지수,84.42,2020＝100
201602,15397AA2AA223,농림수산토목,,,16397AAA0,건설공사비지수,84.36,2020＝100
201603,15397AA2AA223,농림수산토목,,,16397AAA0,건설공사비지수,84.78,2020＝100
201604,15397AA2AA223,농림수산토목,,,16397AAA0,건설공사비지수,85.28,2020＝100
201605,15397AA2AA223,농림수산토목,,,16397AAA0,건설공사비지수,85.82,2020＝100
201606,15397AA2AA223,농림수산토목,,,16397AAA0,건설공사비지수,86.21,2020＝100
201607,15397AA2AA223,농림수산토목,,,16397AAA0,건설공사비지수,86.17,2020＝100
201608,15397AA2AA223,농림수산토목,,,16397AAA0,건설공사비지수,85.93,2020＝100
201609,15397AA2AA223,농림수산토목,,,16397AAA0,건설공사비지수,87.38,2020＝100
201610,15397AA2AA223,농림수산토목,,,16397AAA0,건설공사비지수,87.61,2020＝100
201611,15397AA2AA223,농림수산토목,,,16397AAA0,건설공사비지수,87.65,2020＝100
201612,15397AA2AA223,농림수산토목,,,16397AAA0,건설공사비지수,88.24,2020＝100
201601,15397AA2AA224,도시토목,,,16397AAA0,건설공사비지수,84.45,2020＝100
201602,15397AA2AA224,도시토목,,,16397AAA0,건설공사비지수,84.34,2020＝100
201603,15397AA2AA224,도시토목,,,16397AAA0,건설공사비지수,84.55,2020＝100
201604,15397AA2AA224,도시토목,,,16397AAA0,건설공사비지수,84.94,2020＝100
201605,15397AA2AA224,도시토목,,,16397AAA0,건설공사비지수,85.47,2020＝100
201606,15397AA2AA224,도시토목,,,16397AAA0,건설공사비지수,85.87,2020＝100
201607,15397AA2AA224,도시토목,,,16397AAA0,건설공사비지수,85.73,2020＝100
201608,15397AA2AA224,도시토목,,,16397AAA0,건설공사비지수,85.47,2020＝100
201609,15397AA2AA224,도시토목,,,16397AAA0,건설공사비지수,86.79,2020＝100
201610,15397AA2AA224,도시토목,,,16397AAA0,건설공사비지수,87.11,2020＝100
201611,15397AA2AA224,도시토목,,,16397AAA0,건설공사비지수,87.22,2020＝100
201612,15397AA2AA224,도시토목,,,16397AAA0,건설공사비지수,87.81,2020＝100
201601,15397AA2AA23,산업시설건설,,,16397AAA0,건설공사비지수,84.38,2020＝100
201602,15397AA2AA23,산업시설건설,,,16397AAA0,건설공사비지수,84.36,2020＝100
201603,15397AA2AA23,산업시설건설,,,16397AAA0,건설공사비지수,84.7,2020＝100
201604,15397AA2AA23,산업시설건설,,,16397AAA0,건설공사비지수,84.99,2020＝100
201605,15397AA2AA23,산업시설건설,,,16397AAA0,건설공사비지수,85.2,2020＝100
201606,15397AA2AA23,산업시설건설,,,16397AAA0,건설공사비지수,85.4,2020＝100
201607,15397AA2AA23,산업시설건설,,,16397AAA0,건설공사비지수,85.29,2020＝100
201608,15397AA2AA23,산업시설건설,,,16397AAA0,건설공사비지수,85.1,2020＝100
201609,15397AA2AA23,산업시설건설,,,16397AAA0,건설공사비지수,86.43,2020＝100
201610,15397AA2AA23,산업시설건설,,,16397AAA0,건설공사비지수,86.48,2020＝100
201611,15397AA2AA23,산업시설건설,,,16397AAA0,건설공사비지수,87.21,2020＝100
201612,15397AA2AA23,산업시설건설,,,16397AAA0,건설공사비지수,87.8,2020＝100
201601,15397AA2AA231,환경정화시설,,,16397AAA0,건설공사비지수,84,2020＝100
201602,15397AA2AA231,환경정화시설,,,16397AAA0,건설공사비지수,83.88,2020＝100
201603,15397AA2AA231,환경정화시설,,,16397AAA0,건설공사비지수,84.2,2020＝100
201604,15397AA2AA231,환경정화시설,,,16397AAA0,건설공사비지수,85.01,2020＝100
201605,15397AA2AA231,환경정화시설,,,16397AAA0,건설공사비지수,85.31,2020＝100
201606,15397AA2AA231,환경정화시설,,,16397AAA0,건설공사비지수,85.49,2020＝100
201607,15397AA2AA231,환경정화시설,,,16397AAA0,건설공사비지수,85.4,2020＝100
201608,15397AA2AA231,환경정화시설,,,16397AAA0,건설공사비지수,85.18,2020＝100
201609,15397AA2AA231,환경정화시설,,,16397AAA0,건설공사비지수,86.57,2020＝100
201610,15397AA2AA231,환경정화시설,,,16397AAA0,건설공사비지수,86.59,2020＝100
201611,15397AA2AA231,환경정화시설,,,16397AAA0,건설공사비지수,86.83,2020＝100
201612,15397AA2AA231,환경정화시설,,,16397AAA0,건설공사비지수,87.42,2020＝100
201601,15397AA2AA232,발전소시설,,,16397AAA0,건설공사비지수,84.81,2020＝100
201602,15397AA2AA232,발전소시설,,,16397AAA0,건설공사비지수,84.96,2020＝100
201603,15397AA2AA232,발전소시설,,,16397AAA0,건설공사비지수,85.39,2020＝100
201604,15397AA2AA232,발전소시설,,,16397AAA0,건설공사비지수,85.46,2020＝100
201605,15397AA2AA232,발전소시설,,,16397AAA0,건설공사비지수,85.51,2020＝100
201606,15397AA2AA232,발전소시설,,,16397AAA0,건설공사비지수,85.52,2020＝100
201607,15397AA2AA232,발전소시설,,,16397AAA0,건설공사비지수,85.31,2020＝100
201608,15397AA2AA232,발전소시설,,,16397AAA0,건설공사비지수,85.1,2020＝100
201609,15397AA2AA232,발전소시설,,,16397AAA0,건설공사비지수,86.21,2020＝100
201610,15397AA2AA232,발전소시설,,,16397AAA0,건설공사비지수,86.25,2020＝100
201611,15397AA2AA232,발전소시설,,,16397AAA0,건설공사비지수,87.56,2020＝100
201612,15397AA2AA232,발전소시설,,,16397AAA0,건설공사비지수,88.29,2020＝100
201601,15397AA2AA234,산업플랜트,,,16397AAA0,건설공사비지수,84.01,2020＝100
201602,15397AA2AA234,산업플랜트,,,16397AAA0,건설공사비지수,83.85,2020＝100
201603,15397AA2AA234,산업플랜트,,,16397AAA0,건설공사비지수,84.11,2020＝100
201604,15397AA2AA234,산업플랜트,,,16397AAA0,건설공사비지수,84.53,2020＝100
201605,15397AA2AA234,산업플랜트,,,16397AAA0,건설공사비지수,84.88,2020＝100
201606,15397AA2AA234,산업플랜트,,,16397AAA0,건설공사비지수,85.27,2020＝100
201607,15397AA2AA234,산업플랜트,,,16397AAA0,건설공사비지수,85.25,2020＝100
201608,15397AA2AA234,산업플랜트,,,16397AAA0,건설공사비지수,85.09,2020＝100
201609,15397AA2AA234,산업플랜트,,,16397AAA0,건설공사비지수,86.62,2020＝100
201610,15397AA2AA234,산업플랜트,,,16397AAA0,건설공사비지수,86.69,2020＝100
201611,15397AA2AA234,산업플랜트,,,16397AAA0,건설공사비지수,86.92,2020＝100
201612,15397AA2AA234,산업플랜트,,,16397AAA0,건설공사비지수,87.39,2020＝100
201601,15397AA2AA24,기타건설,,,16397AAA0,건설공사비지수,83.05,2020＝100
201602,15397AA2AA24,기타건설,,,16397AAA0,건설공사비지수,83.08,2020＝100
201603,15397AA2AA24,기타건설,,,16397AAA0,건설공사비지수,83.49,2020＝100
201604,15397AA2AA24,기타건설,,,16397AAA0,건설공사비지수,83.8,2020＝100
201605,15397AA2AA24,기타건설,,,16397AAA0,건설공사비지수,84.09,2020＝100
201606,15397AA2AA24,기타건설,,,16397AAA0,건설공사비지수,84.32,2020＝100
201607,15397AA2AA24,기타건설,,,16397AAA0,건설공사비지수,84.15,2020＝100
201608,15397AA2AA24,기타건설,,,16397AAA0,건설공사비지수,83.89,2020＝100
201609,15397AA2AA24,기타건설,,,16397AAA0,건설공사비지수,85.35,2020＝100
201610,15397AA2AA24,기타건설,,,16397AAA0,건설공사비지수,85.45,2020＝100
201611,15397AA2AA24,기타건설,,,16397AAA0,건설공사비지수,86.26,2020＝100
201612,15397AA2AA24,기타건설,,,16397AAA0,건설공사비지수,87.04,2020＝100
201601,15397AA2AA241,기타건설,,,16397AAA0,건설공사비지수,83.05,2020＝100
201602,15397AA2AA241,기타건설,,,16397AAA0,건설공사비지수,83.08,2020＝100
201603,15397AA2AA241,기타건설,,,16397AAA0,건설공사비지수,83.49,2020＝100
201604,15397AA2AA241,기타건설,,,16397AAA0,건설공사비지수,83.8,2020＝100
201605,15397AA2AA241,기타건설,,,16397AAA0,건설공사비지수,84.09,2020＝100
201606,15397AA2AA241,기타건설,,,16397AAA0,건설공사비지수,84.32,2020＝100
201607,15397AA2AA241,기타건설,,,16397AAA0,건설공사비지수,84.15,2020＝100
201608,15397AA2AA241,기타건설,,,16397AAA0,건설공사비지수,83.89,2020＝100
201609,15397AA2AA241,기타건설,,,16397AAA0,건설공사비지수,85.35,2020＝100
201610,15397AA2AA241,기타건설,,,16397AAA0,건설공사비지수,85.45,2020＝100
201611,15397AA2AA241,기타건설,,,16397AAA0,건설공사비지수,86.26,2020＝100
201612,15397AA2AA241,기타건설,,,16397AAA0,건설공사비지수,87.04,2020＝100
201701,15397AA2AA,건설,,,16397AAA0,건설공사비지수,89.99,2020＝100
201702,15397AA2AA,건설,,,16397AAA0,건설공사비지수,90.17,2020＝100
201703,15397AA2AA,건설,,,16397AAA0,건설공사비지수,90.16,2020＝100
201704,15397AA2AA,건설,,,16397AAA0,건설공사비지수,90.11,2020＝100
201705,15397AA2AA,건설,,,16397AAA0,건설공사비지수,89.96,2020＝100
201706,15397AA2AA,건설,,,16397AAA0,건설공사비지수,89.88,2020＝100
201707,15397AA2AA,건설,,,16397AAA0,건설공사비지수,89.88,2020＝100
201708,15397AA2AA,건설,,,16397AAA0,건설공사비지수,90.06,2020＝100
201709,15397AA2AA,건설,,,16397AAA0,건설공사비지수,91.74,2020＝100
201710,15397AA2AA,건설,,,16397AAA0,건설공사비지수,92.01,2020＝100
201711,15397AA2AA,건설,,,16397AAA0,건설공사비지수,92.05,2020＝100
201712,15397AA2AA,건설,,,16397AAA0,건설공사비지수,92.15,2020＝100
201701,15397AA2AA1,건물건설 및 건축보수,,,16397AAA0,건설공사비지수,90.04,2020＝100
201702,15397AA2AA1,건물건설 및 건축보수,,,16397AAA0,건설공사비지수,90.23,2020＝100
201703,15397AA2AA1,건물건설 및 건축보수,,,16397AAA0,건설공사비지수,90.26,2020＝100
201704,15397AA2AA1,건물건설 및 건축보수,,,16397AAA0,건설공사비지수,90.21,2020＝100
201705,15397AA2AA1,건물건설 및 건축보수,,,16397AAA0,건설공사비지수,90.12,2020＝100
201706,15397AA2AA1,건물건설 및 건축보수,,,16397AAA0,건설공사비지수,90.07,2020＝100
201707,15397AA2AA1,건물건설 및 건축보수,,,16397AAA0,건설공사비지수,90.01,2020＝100
201708,15397AA2AA1,건물건설 및 건축보수,,,16397AAA0,건설공사비지수,90.15,2020＝100
201709,15397AA2AA1,건물건설 및 건축보수,,,16397AAA0,건설공사비지수,91.76,2020＝100
201710,15397AA2AA1,건물건설 및 건축보수,,,16397AAA0,건설공사비지수,91.99,2020＝100
201711,15397AA2AA1,건물건설 및 건축보수,,,16397AAA0,건설공사비지수,92.05,2020＝100
201712,15397AA2AA1,건물건설 및 건축보수,,,16397AAA0,건설공사비지수,92.17,2020＝100
201701,15397AA2AA11,주거용건물,,,16397AAA0,건설공사비지수,89.86,2020＝100
201702,15397AA2AA11,주거용건물,,,16397AAA0,건설공사비지수,90.03,2020＝100
201703,15397AA2AA11,주거용건물,,,16397AAA0,건설공사비지수,90.05,2020＝100
201704,15397AA2AA11,주거용건물,,,16397AAA0,건설공사비지수,90.03,2020＝100
201705,15397AA2AA11,주거용건물,,,16397AAA0,건설공사비지수,89.94,2020＝100
201706,15397AA2AA11,주거용건물,,,16397AAA0,건설공사비지수,89.9,2020＝100
201707,15397AA2AA11,주거용건물,,,16397AAA0,건설공사비지수,89.83,2020＝100
201708,15397AA2AA11,주거용건물,,,16397AAA0,건설공사비지수,89.96,2020＝100
201709,15397AA2AA11,주거용건물,,,16397AAA0,건설공사비지수,91.6,2020＝100
201710,15397AA2AA11,주거용건물,,,16397AAA0,건설공사비지수,91.84,2020＝100
201711,15397AA2AA11,주거용건물,,,16397AAA0,건설공사비지수,91.91,2020＝100
201712,15397AA2AA11,주거용건물,,,16397AAA0,건설공사비지수,92.02,2020＝100
201701,15397AA2AA111,주거용건물,,,16397AAA0,건설공사비지수,89.86,2020＝100
201702,15397AA2AA111,주거용건물,,,16397AAA0,건설공사비지수,90.03,2020＝100
201703,15397AA2AA111,주거용건물,,,16397AAA0,건설공사비지수,90.05,2020＝100
201704,15397AA2AA111,주거용건물,,,16397AAA0,건설공사비지수,90.03,2020＝100
201705,15397AA2AA111,주거용건물,,,16397AAA0,건설공사비지수,89.94,2020＝100
201706,15397AA2AA111,주거용건물,,,16397AAA0,건설공사비지수,89.9,2020＝100
201707,15397AA2AA111,주거용건물,,,16397AAA0,건설공사비지수,89.83,2020＝100
201708,15397AA2AA111,주거용건물,,,16397AAA0,건설공사비지수,89.96,2020＝100
201709,15397AA2AA111,주거용건물,,,16397AAA0,건설공사비지수,91.6,2020＝100
201710,15397AA2AA111,주거용건물,,,16397AAA0,건설공사비지수,91.84,2020＝100
201711,15397AA2AA111,주거용건물,,,16397AAA0,건설공사비지수,91.91,2020＝100
201712,15397AA2AA111,주거용건물,,,16397AAA0,건설공사비지수,92.02,2020＝100
201701,15397AA2AA12,비주거용건물,,,16397AAA0,건설공사비지수,90.1,2020＝100
201702,15397AA2AA12,비주거용건물,,,16397AAA0,건설공사비지수,90.3,2020＝100
201703,15397AA2AA12,비주거용건물,,,16397AAA0,건설공사비지수,90.33,2020＝100
201704,15397AA2AA12,비주거용건물,,,16397AAA0,건설공사비지수,90.27,2020＝100
201705,15397AA2AA12,비주거용건물,,,16397AAA0,건설공사비지수,90.18,2020＝100
201706,15397AA2AA12,비주거용건물,,,16397AAA0,건설공사비지수,90.1,2020＝100
201707,15397AA2AA12,비주거용건물,,,16397AAA0,건설공사비지수,90.05,2020＝100
201708,15397AA2AA12,비주거용건물,,,16397AAA0,건설공사비지수,90.21,2020＝100
201709,15397AA2AA12,비주거용건물,,,16397AAA0,건설공사비지수,91.83,2020＝100
201710,15397AA2AA12,비주거용건물,,,16397AAA0,건설공사비지수,92.07,2020＝100
201711,15397AA2AA12,비주거용건물,,,16397AAA0,건설공사비지수,92.13,2020＝100
201712,15397AA2AA12,비주거용건물,,,16397AAA0,건설공사비지수,92.25,2020＝100
201701,15397AA2AA121,비주거용건물,,,16397AAA0,건설공사비지수,90.1,2020＝100
201702,15397AA2AA121,비주거용건물,,,16397AAA0,건설공사비지수,90.3,2020＝100
201703,15397AA2AA121,비주거용건물,,,16397AAA0,건설공사비지수,90.33,2020＝100
201704,15397AA2AA121,비주거용건물,,,16397AAA0,건설공사비지수,90.27,2020＝100
201705,15397AA2AA121,비주거용건물,,,16397AAA0,건설공사비지수,90.18,2020＝100
201706,15397AA2AA121,비주거용건물,,,16397AAA0,건설공사비지수,90.1,2020＝100
201707,15397AA2AA121,비주거용건물,,,16397AAA0,건설공사비지수,90.05,2020＝100
201708,15397AA2AA121,비주거용건물,,,16397AAA0,건설공사비지수,90.21,2020＝100
201709,15397AA2AA121,비주거용건물,,,16397AAA0,건설공사비지수,91.83,2020＝100
201710,15397AA2AA121,비주거용건물,,,16397AAA0,건설공사비지수,92.07,2020＝100
201711,15397AA2AA121,비주거용건물,,,16397AAA0,건설공사비지수,92.13,2020＝100
201712,15397AA2AA121,비주거용건물,,,16397AAA0,건설공사비지수,92.25,2020＝100
201701,15397AA2AA13,건축보수,,,16397AAA0,건설공사비지수,90.48,2020＝100
201702,15397AA2AA13,건축보수,,,16397AAA0,건설공사비지수,90.74,2020＝100
201703,15397AA2AA13,건축보수,,,16397AAA0,건설공사비지수,90.79,2020＝100
201704,15397AA2AA13,건축보수,,,16397AAA0,건설공사비지수,90.67,2020＝100
201705,15397AA2AA13,건축보수,,,16397AAA0,건설공사비지수,90.6,2020＝100
201706,15397AA2AA13,건축보수,,,16397AAA0,건설공사비지수,90.56,2020＝100
201707,15397AA2AA13,건축보수,,,16397AAA0,건설공사비지수,90.55,2020＝100
201708,15397AA2AA13,건축보수,,,16397AAA0,건설공사비지수,90.65,2020＝100
201709,15397AA2AA13,건축보수,,,16397AAA0,건설공사비지수,92.06,2020＝100
201710,15397AA2AA13,건축보수,,,16397AAA0,건설공사비지수,92.21,2020＝100
201711,15397AA2AA13,건축보수,,,16397AAA0,건설공사비지수,92.25,2020＝100
201712,15397AA2AA13,건축보수,,,16397AAA0,건설공사비지수,92.4,2020＝100
201701,15397AA2AA131,건축보수,,,16397AAA0,건설공사비지수,90.48,2020＝100
201702,15397AA2AA131,건축보수,,,16397AAA0,건설공사비지수,90.74,2020＝100
201703,15397AA2AA131,건축보수,,,16397AAA0,건설공사비지수,90.79,2020＝100
201704,15397AA2AA131,건축보수,,,16397AAA0,건설공사비지수,90.67,2020＝100
201705,15397AA2AA131,건축보수,,,16397AAA0,건설공사비지수,90.6,2020＝100
201706,15397AA2AA131,건축보수,,,16397AAA0,건설공사비지수,90.56,2020＝100
201707,15397AA2AA131,건축보수,,,16397AAA0,건설공사비지수,90.55,2020＝100
201708,15397AA2AA131,건축보수,,,16397AAA0,건설공사비지수,90.65,2020＝100
201709,15397AA2AA131,건축보수,,,16397AAA0,건설공사비지수,92.06,2020＝100
201710,15397AA2AA131,건축보수,,,16397AAA0,건설공사비지수,92.21,2020＝100
201711,15397AA2AA131,건축보수,,,16397AAA0,건설공사비지수,92.25,2020＝100
201712,15397AA2AA131,건축보수,,,16397AAA0,건설공사비지수,92.4,2020＝100
201701,15397AA2AA2,토목건설,,,16397AAA0,건설공사비지수,89.89,2020＝100
201702,15397AA2AA2,토목건설,,,16397AAA0,건설공사비지수,90.03,2020＝100
201703,15397AA2AA2,토목건설,,,16397AAA0,건설공사비지수,89.93,2020＝100
201704,15397AA2AA2,토목건설,,,16397AAA0,건설공사비지수,89.86,2020＝100
201705,15397AA2AA2,토목건설,,,16397AAA0,건설공사비지수,89.57,2020＝100
201706,15397AA2AA2,토목건설,,,16397AAA0,건설공사비지수,89.43,2020＝100
201707,15397AA2AA2,토목건설,,,16397AAA0,건설공사비지수,89.57,2020＝100
201708,15397AA2AA2,토목건설,,,16397AAA0,건설공사비지수,89.86,2020＝100
201709,15397AA2AA2,토목건설,,,16397AAA0,건설공사비지수,91.7,2020＝100
201710,15397AA2AA2,토목건설,,,16397AAA0,건설공사비지수,92.09,2020＝100
201711,15397AA2AA2,토목건설,,,16397AAA0,건설공사비지수,92.09,2020＝100
201712,15397AA2AA2,토목건설,,,16397AAA0,건설공사비지수,92.13,2020＝100
201701,15397AA2AA21,교통시설건설,,,16397AAA0,건설공사비지수,90.76,2020＝100
201702,15397AA2AA21,교통시설건설,,,16397AAA0,건설공사비지수,90.74,2020＝100
201703,15397AA2AA21,교통시설건설,,,16397AAA0,건설공사비지수,90.65,2020＝100
201704,15397AA2AA21,교통시설건설,,,16397AAA0,건설공사비지수,90.81,2020＝100
201705,15397AA2AA21,교통시설건설,,,16397AAA0,건설공사비지수,90.52,2020＝100
201706,15397AA2AA21,교통시설건설,,,16397AAA0,건설공사비지수,90.3,2020＝100
201707,15397AA2AA21,교통시설건설,,,16397AAA0,건설공사비지수,90.33,2020＝100
201708,15397AA2AA21,교통시설건설,,,16397AAA0,건설공사비지수,90.53,2020＝100
201709,15397AA2AA21,교통시설건설,,,16397AAA0,건설공사비지수,92.39,2020＝100
201710,15397AA2AA21,교통시설건설,,,16397AAA0,건설공사비지수,92.59,2020＝100
201711,15397AA2AA21,교통시설건설,,,16397AAA0,건설공사비지수,92.75,2020＝100
201712,15397AA2AA21,교통시설건설,,,16397AAA0,건설공사비지수,92.86,2020＝100
201701,15397AA2AA211,도로시설,,,16397AAA0,건설공사비지수,90.92,2020＝100
201702,15397AA2AA211,도로시설,,,16397AAA0,건설공사비지수,90.84,2020＝100
201703,15397AA2AA211,도로시설,,,16397AAA0,건설공사비지수,90.68,2020＝100
201704,15397AA2AA211,도로시설,,,16397AAA0,건설공사비지수,90.91,2020＝100
201705,15397AA2AA211,도로시설,,,16397AAA0,건설공사비지수,90.6,2020＝100
201706,15397AA2AA211,도로시설,,,16397AAA0,건설공사비지수,90.39,2020＝100
201707,15397AA2AA211,도로시설,,,16397AAA0,건설공사비지수,90.43,2020＝100
201708,15397AA2AA211,도로시설,,,16397AAA0,건설공사비지수,90.62,2020＝100
201709,15397AA2AA211,도로시설,,,16397AAA0,건설공사비지수,92.5,2020＝100
201710,15397AA2AA211,도로시설,,,16397AAA0,건설공사비지수,92.57,2020＝100
201711,15397AA2AA211,도로시설,,,16397AAA0,건설공사비지수,92.77,2020＝100
201712,15397AA2AA211,도로시설,,,16397AAA0,건설공사비지수,92.9,2020＝100
201701,15397AA2AA212,철도시설,,,16397AAA0,건설공사비지수,90.4,2020＝100
201702,15397AA2AA212,철도시설,,,16397AAA0,건설공사비지수,90.53,2020＝100
201703,15397AA2AA212,철도시설,,,16397AAA0,건설공사비지수,90.61,2020＝100
201704,15397AA2AA212,철도시설,,,16397AAA0,건설공사비지수,90.7,2020＝100
201705,15397AA2AA212,철도시설,,,16397AAA0,건설공사비지수,90.47,2020＝100
201706,15397AA2AA212,철도시설,,,16397AAA0,건설공사비지수,90.21,2020＝100
201707,15397AA2AA212,철도시설,,,16397AAA0,건설공사비지수,90.2,2020＝100
201708,15397AA2AA212,철도시설,,,16397AAA0,건설공사비지수,90.45,2020＝100
201709,15397AA2AA212,철도시설,,,16397AAA0,건설공사비지수,92.3,2020＝100
201710,15397AA2AA212,철도시설,,,16397AAA0,건설공사비지수,92.82,2020＝100
201711,15397AA2AA212,철도시설,,,16397AAA0,건설공사비지수,92.91,2020＝100
201712,15397AA2AA212,철도시설,,,16397AAA0,건설공사비지수,92.95,2020＝100
201701,15397AA2AA213,항만시설,,,16397AAA0,건설공사비지수,90.65,2020＝100
201702,15397AA2AA213,항만시설,,,16397AAA0,건설공사비지수,90.59,2020＝100
201703,15397AA2AA213,항만시설,,,16397AAA0,건설공사비지수,90.56,2020＝100
201704,15397AA2AA213,항만시설,,,16397AAA0,건설공사비지수,90.32,2020＝100
201705,15397AA2AA213,항만시설,,,16397AAA0,건설공사비지수,89.95,2020＝100
201706,15397AA2AA213,항만시설,,,16397AAA0,건설공사비지수,89.74,2020＝100
201707,15397AA2AA213,항만시설,,,16397AAA0,건설공사비지수,89.85,2020＝100
201708,15397AA2AA213,항만시설,,,16397AAA0,건설공사비지수,89.99,2020＝100
201709,15397AA2AA213,항만시설,,,16397AAA0,건설공사비지수,91.75,2020＝100
201710,15397AA2AA213,항만시설,,,16397AAA0,건설공사비지수,91.87,2020＝100
201711,15397AA2AA213,항만시설,,,16397AAA0,건설공사비지수,92,2020＝100
201712,15397AA2AA213,항만시설,,,16397AAA0,건설공사비지수,92.15,2020＝100
201701,15397AA2AA22,일반토목시설건설,,,16397AAA0,건설공사비지수,89.9,2020＝100
201702,15397AA2AA22,일반토목시설건설,,,16397AAA0,건설공사비지수,89.98,2020＝100
201703,15397AA2AA22,일반토목시설건설,,,16397AAA0,건설공사비지수,89.98,2020＝100
201704,15397AA2AA22,일반토목시설건설,,,16397AAA0,건설공사비지수,89.77,2020＝100
201705,15397AA2AA22,일반토목시설건설,,,16397AAA0,건설공사비지수,89.46,2020＝100
201706,15397AA2AA22,일반토목시설건설,,,16397AAA0,건설공사비지수,89.23,2020＝100
201707,15397AA2AA22,일반토목시설건설,,,16397AAA0,건설공사비지수,89.29,2020＝100
201708,15397AA2AA22,일반토목시설건설,,,16397AAA0,건설공사비지수,89.46,2020＝100
201709,15397AA2AA22,일반토목시설건설,,,16397AAA0,건설공사비지수,91.21,2020＝100
201710,15397AA2AA22,일반토목시설건설,,,16397AAA0,건설공사비지수,91.43,2020＝100
201711,15397AA2AA22,일반토목시설건설,,,16397AAA0,건설공사비지수,91.54,2020＝100
201712,15397AA2AA22,일반토목시설건설,,,16397AAA0,건설공사비지수,91.69,2020＝100
201701,15397AA2AA221,하천사방,,,16397AAA0,건설공사비지수,90.12,2020＝100
201702,15397AA2AA221,하천사방,,,16397AAA0,건설공사비지수,90.07,2020＝100
201703,15397AA2AA221,하천사방,,,16397AAA0,건설공사비지수,90.08,2020＝100
201704,15397AA2AA221,하천사방,,,16397AAA0,건설공사비지수,90.01,2020＝100
201705,15397AA2AA221,하천사방,,,16397AAA0,건설공사비지수,89.69,2020＝100
201706,15397AA2AA221,하천사방,,,16397AAA0,건설공사비지수,89.51,2020＝100
201707,15397AA2AA221,하천사방,,,16397AAA0,건설공사비지수,89.54,2020＝100
201708,15397AA2AA221,하천사방,,,16397AAA0,건설공사비지수,89.6,2020＝100
201709,15397AA2AA221,하천사방,,,16397AAA0,건설공사비지수,91.35,2020＝100
201710,15397AA2AA221,하천사방,,,16397AAA0,건설공사비지수,91.34,2020＝100
201711,15397AA2AA221,하천사방,,,16397AAA0,건설공사비지수,91.46,2020＝100
201712,15397AA2AA221,하천사방,,,16397AAA0,건설공사비지수,91.6,2020＝100
201701,15397AA2AA222,상하수도시설,,,16397AAA0,건설공사비지수,90.48,2020＝100
201702,15397AA2AA222,상하수도시설,,,16397AAA0,건설공사비지수,90.81,2020＝100
201703,15397AA2AA222,상하수도시설,,,16397AAA0,건설공사비지수,90.92,2020＝100
201704,15397AA2AA222,상하수도시설,,,16397AAA0,건설공사비지수,89.92,2020＝100
201705,15397AA2AA222,상하수도시설,,,16397AAA0,건설공사비지수,89.59,2020＝100
201706,15397AA2AA222,상하수도시설,,,16397AAA0,건설공사비지수,89.32,2020＝100
201707,15397AA2AA222,상하수도시설,,,16397AAA0,건설공사비지수,89.33,2020＝100
201708,15397AA2AA222,상하수도시설,,,16397AAA0,건설공사비지수,89.56,2020＝100
201709,15397AA2AA222,상하수도시설,,,16397AAA0,건설공사비지수,91.28,2020＝100
201710,15397AA2AA222,상하수도시설,,,16397AAA0,건설공사비지수,91.63,2020＝100
201711,15397AA2AA222,상하수도시설,,,16397AAA0,건설공사비지수,91.64,2020＝100
201712,15397AA2AA222,상하수도시설,,,16397AAA0,건설공사비지수,91.8,2020＝100
201701,15397AA2AA223,농림수산토목,,,16397AAA0,건설공사비지수,90.04,2020＝100
201702,15397AA2AA223,농림수산토목,,,16397AAA0,건설공사비지수,89.98,2020＝100
201703,15397AA2AA223,농림수산토목,,,16397AAA0,건설공사비지수,89.91,2020＝100
201704,15397AA2AA223,농림수산토목,,,16397AAA0,건설공사비지수,89.76,2020＝100
201705,15397AA2AA223,농림수산토목,,,16397AAA0,건설공사비지수,89.44,2020＝100
201706,15397AA2AA223,농림수산토목,,,16397AAA0,건설공사비지수,89.25,2020＝100
201707,15397AA2AA223,농림수산토목,,,16397AAA0,건설공사비지수,89.37,2020＝100
201708,15397AA2AA223,농림수산토목,,,16397AAA0,건설공사비지수,89.48,2020＝100
201709,15397AA2AA223,농림수산토목,,,16397AAA0,건설공사비지수,91.34,2020＝100
201710,15397AA2AA223,농림수산토목,,,16397AAA0,건설공사비지수,91.44,2020＝100
201711,15397AA2AA223,농림수산토목,,,16397AAA0,건설공사비지수,91.65,2020＝100
201712,15397AA2AA223,농림수산토목,,,16397AAA0,건설공사비지수,91.83,2020＝100
201701,15397AA2AA224,도시토목,,,16397AAA0,건설공사비지수,89.49,2020＝100
201702,15397AA2AA224,도시토목,,,16397AAA0,건설공사비지수,89.48,2020＝100
201703,15397AA2AA224,도시토목,,,16397AAA0,건설공사비지수,89.41,2020＝100
201704,15397AA2AA224,도시토목,,,16397AAA0,건설공사비지수,89.68,2020＝100
201705,15397AA2AA224,도시토목,,,16397AAA0,건설공사비지수,89.39,2020＝100
201706,15397AA2AA224,도시토목,,,16397AAA0,건설공사비지수,89.15,2020＝100
201707,15397AA2AA224,도시토목,,,16397AAA0,건설공사비지수,89.26,2020＝100
201708,15397AA2AA224,도시토목,,,16397AAA0,건설공사비지수,89.43,2020＝100
201709,15397AA2AA224,도시토목,,,16397AAA0,건설공사비지수,91.15,2020＝100
201710,15397AA2AA224,도시토목,,,16397AAA0,건설공사비지수,91.37,2020＝100
201711,15397AA2AA224,도시토목,,,16397AAA0,건설공사비지수,91.59,2020＝100
201712,15397AA2AA224,도시토목,,,16397AAA0,건설공사비지수,91.74,2020＝100
201701,15397AA2AA23,산업시설건설,,,16397AAA0,건설공사비지수,89.53,2020＝100
201702,15397AA2AA23,산업시설건설,,,16397AAA0,건설공사비지수,89.81,2020＝100
201703,15397AA2AA23,산업시설건설,,,16397AAA0,건설공사비지수,89.67,2020＝100
201704,15397AA2AA23,산업시설건설,,,16397AAA0,건설공사비지수,89.5,2020＝100
201705,15397AA2AA23,산업시설건설,,,16397AAA0,건설공사비지수,89.24,2020＝100
201706,15397AA2AA23,산업시설건설,,,16397AAA0,건설공사비지수,89.21,2020＝100
201707,15397AA2AA23,산업시설건설,,,16397AAA0,건설공사비지수,89.42,2020＝100
201708,15397AA2AA23,산업시설건설,,,16397AAA0,건설공사비지수,89.78,2020＝100
201709,15397AA2AA23,산업시설건설,,,16397AAA0,건설공사비지수,91.59,2020＝100
201710,15397AA2AA23,산업시설건설,,,16397AAA0,건설공사비지수,92.14,2020＝100
201711,15397AA2AA23,산업시설건설,,,16397AAA0,건설공사비지수,91.97,2020＝100
201712,15397AA2AA23,산업시설건설,,,16397AAA0,건설공사비지수,91.94,2020＝100
201701,15397AA2AA231,환경정화시설,,,16397AAA0,건설공사비지수,89.2,2020＝100
201702,15397AA2AA231,환경정화시설,,,16397AAA0,건설공사비지수,89.39,2020＝100
201703,15397AA2AA231,환경정화시설,,,16397AAA0,건설공사비지수,89.43,2020＝100
201704,15397AA2AA231,환경정화시설,,,16397AAA0,건설공사비지수,89.28,2020＝100
201705,15397AA2AA231,환경정화시설,,,16397AAA0,건설공사비지수,89.16,2020＝100
201706,15397AA2AA231,환경정화시설,,,16397AAA0,건설공사비지수,89.09,2020＝100
201707,15397AA2AA231,환경정화시설,,,16397AAA0,건설공사비지수,89.05,2020＝100
201708,15397AA2AA231,환경정화시설,,,16397AAA0,건설공사비지수,89.33,2020＝100
201709,15397AA2AA231,환경정화시설,,,16397AAA0,건설공사비지수,91.15,2020＝100
201710,15397AA2AA231,환경정화시설,,,16397AAA0,건설공사비지수,91.53,2020＝100
201711,15397AA2AA231,환경정화시설,,,16397AAA0,건설공사비지수,91.48,2020＝100
201712,15397AA2AA231,환경정화시설,,,16397AAA0,건설공사비지수,91.6,2020＝100
201701,15397AA2AA232,발전소시설,,,16397AAA0,건설공사비지수,89.91,2020＝100
201702,15397AA2AA232,발전소시설,,,16397AAA0,건설공사비지수,90.2,2020＝100
201703,15397AA2AA232,발전소시설,,,16397AAA0,건설공사비지수,89.9,2020＝100
201704,15397AA2AA232,발전소시설,,,16397AAA0,건설공사비지수,89.86,2020＝100
201705,15397AA2AA232,발전소시설,,,16397AAA0,건설공사비지수,89.59,2020＝100
201706,15397AA2AA232,발전소시설,,,16397AAA0,건설공사비지수,89.62,2020＝100
201707,15397AA2AA232,발전소시설,,,16397AAA0,건설공사비지수,90.07,2020＝100
201708,15397AA2AA232,발전소시설,,,16397AAA0,건설공사비지수,90.59,2020＝100
201709,15397AA2AA232,발전소시설,,,16397AAA0,건설공사비지수,92.35,2020＝100
201710,15397AA2AA232,발전소시설,,,16397AAA0,건설공사비지수,93.3,2020＝100
201711,15397AA2AA232,발전소시설,,,16397AAA0,건설공사비지수,93.04,2020＝100
201712,15397AA2AA232,발전소시설,,,16397AAA0,건설공사비지수,92.85,2020＝100
201701,15397AA2AA234,산업플랜트,,,16397AAA0,건설공사비지수,89.21,2020＝100
201702,15397AA2AA234,산업플랜트,,,16397AAA0,건설공사비지수,89.49,2020＝100
201703,15397AA2AA234,산업플랜트,,,16397AAA0,건설공사비지수,89.49,2020＝100
201704,15397AA2AA234,산업플랜트,,,16397AAA0,건설공사비지수,89.18,2020＝100
201705,15397AA2AA234,산업플랜트,,,16397AAA0,건설공사비지수,88.92,2020＝100
201706,15397AA2AA234,산업플랜트,,,16397AAA0,건설공사비지수,88.82,2020＝100
201707,15397AA2AA234,산업플랜트,,,16397AAA0,건설공사비지수,88.85,2020＝100
201708,15397AA2AA234,산업플랜트,,,16397AAA0,건설공사비지수,89.06,2020＝100
201709,15397AA2AA234,산업플랜트,,,16397AAA0,건설공사비지수,90.92,2020＝100
201710,15397AA2AA234,산업플랜트,,,16397AAA0,건설공사비지수,91.1,2020＝100
201711,15397AA2AA234,산업플랜트,,,16397AAA0,건설공사비지수,91.01,2020＝100
201712,15397AA2AA234,산업플랜트,,,16397AAA0,건설공사비지수,91.1,2020＝100
201701,15397AA2AA24,기타건설,,,16397AAA0,건설공사비지수,88.94,2020＝100
201702,15397AA2AA24,기타건설,,,16397AAA0,건설공사비지수,89.16,2020＝100
201703,15397AA2AA24,기타건설,,,16397AAA0,건설공사비지수,88.97,2020＝100
201704,15397AA2AA24,기타건설,,,16397AAA0,건설공사비지수,88.9,2020＝100
201705,15397AA2AA24,기타건설,,,16397AAA0,건설공사비지수,88.58,2020＝100
201706,15397AA2AA24,기타건설,,,16397AAA0,건설공사비지수,88.48,2020＝100
201707,15397AA2AA24,기타건설,,,16397AAA0,건설공사비지수,88.78,2020＝100
201708,15397AA2AA24,기타건설,,,16397AAA0,건설공사비지수,89.23,2020＝100
201709,15397AA2AA24,기타건설,,,16397AAA0,건설공사비지수,91.28,2020＝100
201710,15397AA2AA24,기타건설,,,16397AAA0,건설공사비지수,91.92,2020＝100
201711,15397AA2AA24,기타건설,,,16397AAA0,건설공사비지수,91.82,2020＝100
201712,15397AA2AA24,기타건설,,,16397AAA0,건설공사비지수,91.79,2020＝100
201701,15397AA2AA241,기타건설,,,16397AAA0,건설공사비지수,88.94,2020＝100
201702,15397AA2AA241,기타건설,,,16397AAA0,건설공사비지수,89.16,2020＝100
201703,15397AA2AA241,기타건설,,,16397AAA0,건설공사비지수,88.97,2020＝100
201704,15397AA2AA241,기타건설,,,16397AAA0,건설공사비지수,88.9,2020＝100
201705,15397AA2AA241,기타건설,,,16397AAA0,건설공사비지수,88.58,2020＝100
201706,15397AA2AA241,기타건설,,,16397AAA0,건설공사비지수,88.48,2020＝100
201707,15397AA2AA241,기타건설,,,16397AAA0,건설공사비지수,88.78,2020＝100
201708,15397AA2AA241,기타건설,,,16397AAA0,건설공사비지수,89.23,2020＝100
201709,15397AA2AA241,기타건설,,,16397AAA0,건설공사비지수,91.28,2020＝100
201710,15397AA2AA241,기타건설,,,16397AAA0,건설공사비지수,91.92,2020＝100
201711,15397AA2AA241,기타건설,,,16397AAA0,건설공사비지수,91.82,2020＝100
201712,15397AA2AA241,기타건설,,,16397AAA0,건설공사비지수,91.79,2020＝100
201801,15397AA2AA,건설,,,16397AAA0,건설공사비지수,93.52,2020＝100
201802,15397AA2AA,건설,,,16397AAA0,건설공사비지수,93.55,2020＝100
201803,15397AA2AA,건설,,,16397AAA0,건설공사비지수,93.6,2020＝100
201804,15397AA2AA,건설,,,16397AAA0,건설공사비지수,93.74,2020＝100
201805,15397AA2AA,건설,,,16397AAA0,건설공사비지수,93.78,2020＝100
201806,15397AA2AA,건설,,,16397AAA0,건설공사비지수,94.07,2020＝100
201807,15397AA2AA,건설,,,16397AAA0,건설공사비지수,94.12,2020＝100
201808,15397AA2AA,건설,,,16397AAA0,건설공사비지수,94.09,2020＝100
201809,15397AA2AA,건설,,,16397AAA0,건설공사비지수,96.21,2020＝100
201810,15397AA2AA,건설,,,16397AAA0,건설공사비지수,96.38,2020＝100
201811,15397AA2AA,건설,,,16397AAA0,건설공사비지수,96.19,2020＝100
201812,15397AA2AA,건설,,,16397AAA0,건설공사비지수,96.04,2020＝100
201801,15397AA2AA1,건물건설 및 건축보수,,,16397AAA0,건설공사비지수,93.54,2020＝100
201802,15397AA2AA1,건물건설 및 건축보수,,,16397AAA0,건설공사비지수,93.56,2020＝100
201803,15397AA2AA1,건물건설 및 건축보수,,,16397AAA0,건설공사비지수,93.63,2020＝100
201804,15397AA2AA1,건물건설 및 건축보수,,,16397AAA0,건설공사비지수,93.77,2020＝100
201805,15397AA2AA1,건물건설 및 건축보수,,,16397AAA0,건설공사비지수,93.78,2020＝100
201806,15397AA2AA1,건물건설 및 건축보수,,,16397AAA0,건설공사비지수,94.08,2020＝100
201807,15397AA2AA1,건물건설 및 건축보수,,,16397AAA0,건설공사비지수,94.16,2020＝100
201808,15397AA2AA1,건물건설 및 건축보수,,,16397AAA0,건설공사비지수,94.16,2020＝100
201809,15397AA2AA1,건물건설 및 건축보수,,,16397AAA0,건설공사비지수,96.23,2020＝100
201810,15397AA2AA1,건물건설 및 건축보수,,,16397AAA0,건설공사비지수,96.38,2020＝100
201811,15397AA2AA1,건물건설 및 건축보수,,,16397AAA0,건설공사비지수,96.22,2020＝100
201812,15397AA2AA1,건물건설 및 건축보수,,,16397AAA0,건설공사비지수,96.11,2020＝100
201801,15397AA2AA11,주거용건물,,,16397AAA0,건설공사비지수,93.42,2020＝100
201802,15397AA2AA11,주거용건물,,,16397AAA0,건설공사비지수,93.43,2020＝100
201803,15397AA2AA11,주거용건물,,,16397AAA0,건설공사비지수,93.5,2020＝100
201804,15397AA2AA11,주거용건물,,,16397AAA0,건설공사비지수,93.65,2020＝100
201805,15397AA2AA11,주거용건물,,,16397AAA0,건설공사비지수,93.65,2020＝100
201806,15397AA2AA11,주거용건물,,,16397AAA0,건설공사비지수,93.91,2020＝100
201807,15397AA2AA11,주거용건물,,,16397AAA0,건설공사비지수,94,2020＝100
201808,15397AA2AA11,주거용건물,,,16397AAA0,건설공사비지수,94,2020＝100
201809,15397AA2AA11,주거용건물,,,16397AAA0,건설공사비지수,96.13,2020＝100
201810,15397AA2AA11,주거용건물,,,16397AAA0,건설공사비지수,96.3,2020＝100
201811,15397AA2AA11,주거용건물,,,16397AAA0,건설공사비지수,96.16,2020＝100
201812,15397AA2AA11,주거용건물,,,16397AAA0,건설공사비지수,96.05,2020＝100
201801,15397AA2AA111,주거용건물,,,16397AAA0,건설공사비지수,93.42,2020＝100
201802,15397AA2AA111,주거용건물,,,16397AAA0,건설공사비지수,93.43,2020＝100
201803,15397AA2AA111,주거용건물,,,16397AAA0,건설공사비지수,93.5,2020＝100
201804,15397AA2AA111,주거용건물,,,16397AAA0,건설공사비지수,93.65,2020＝100
201805,15397AA2AA111,주거용건물,,,16397AAA0,건설공사비지수,93.65,2020＝100
201806,15397AA2AA111,주거용건물,,,16397AAA0,건설공사비지수,93.91,2020＝100
201807,15397AA2AA111,주거용건물,,,16397AAA0,건설공사비지수,94,2020＝100
201808,15397AA2AA111,주거용건물,,,16397AAA0,건설공사비지수,94,2020＝100
201809,15397AA2AA111,주거용건물,,,16397AAA0,건설공사비지수,96.13,2020＝100
201810,15397AA2AA111,주거용건물,,,16397AAA0,건설공사비지수,96.3,2020＝100
201811,15397AA2AA111,주거용건물,,,16397AAA0,건설공사비지수,96.16,2020＝100
201812,15397AA2AA111,주거용건물,,,16397AAA0,건설공사비지수,96.05,2020＝100
201801,15397AA2AA12,비주거용건물,,,16397AAA0,건설공사비지수,93.59,2020＝100
201802,15397AA2AA12,비주거용건물,,,16397AAA0,건설공사비지수,93.61,2020＝100
201803,15397AA2AA12,비주거용건물,,,16397AAA0,건설공사비지수,93.69,2020＝100
201804,15397AA2AA12,비주거용건물,,,16397AAA0,건설공사비지수,93.81,2020＝100
201805,15397AA2AA12,비주거용건물,,,16397AAA0,건설공사비지수,93.84,2020＝100
201806,15397AA2AA12,비주거용건물,,,16397AAA0,건설공사비지수,94.2,2020＝100
201807,15397AA2AA12,비주거용건물,,,16397AAA0,건설공사비지수,94.28,2020＝100
201808,15397AA2AA12,비주거용건물,,,16397AAA0,건설공사비지수,94.28,2020＝100
201809,15397AA2AA12,비주거용건물,,,16397AAA0,건설공사비지수,96.33,2020＝100
201810,15397AA2AA12,비주거용건물,,,16397AAA0,건설공사비지수,96.47,2020＝100
201811,15397AA2AA12,비주거용건물,,,16397AAA0,건설공사비지수,96.31,2020＝100
201812,15397AA2AA12,비주거용건물,,,16397AAA0,건설공사비지수,96.19,2020＝100
201801,15397AA2AA121,비주거용건물,,,16397AAA0,건설공사비지수,93.59,2020＝100
201802,15397AA2AA121,비주거용건물,,,16397AAA0,건설공사비지수,93.61,2020＝100
201803,15397AA2AA121,비주거용건물,,,16397AAA0,건설공사비지수,93.69,2020＝100
201804,15397AA2AA121,비주거용건물,,,16397AAA0,건설공사비지수,93.81,2020＝100
201805,15397AA2AA121,비주거용건물,,,16397AAA0,건설공사비지수,93.84,2020＝100
201806,15397AA2AA121,비주거용건물,,,16397AAA0,건설공사비지수,94.2,2020＝100
201807,15397AA2AA121,비주거용건물,,,16397AAA0,건설공사비지수,94.28,2020＝100
201808,15397AA2AA121,비주거용건물,,,16397AAA0,건설공사비지수,94.28,2020＝100
201809,15397AA2AA121,비주거용건물,,,16397AAA0,건설공사비지수,96.33,2020＝100
201810,15397AA2AA121,비주거용건물,,,16397AAA0,건설공사비지수,96.47,2020＝100
201811,15397AA2AA121,비주거용건물,,,16397AAA0,건설공사비지수,96.31,2020＝100
201812,15397AA2AA121,비주거용건물,,,16397AAA0,건설공사비지수,96.19,2020＝100
201801,15397AA2AA13,건축보수,,,16397AAA0,건설공사비지수,93.75,2020＝100
201802,15397AA2AA13,건축보수,,,16397AAA0,건설공사비지수,93.8,2020＝100
201803,15397AA2AA13,건축보수,,,16397AAA0,건설공사비지수,93.89,2020＝100
201804,15397AA2AA13,건축보수,,,16397AAA0,건설공사비지수,94.02,2020＝100
201805,15397AA2AA13,건축보수,,,16397AAA0,건설공사비지수,94.03,2020＝100
201806,15397AA2AA13,건축보수,,,16397AAA0,건설공사비지수,94.19,2020＝100
201807,15397AA2AA13,건축보수,,,16397AAA0,건설공사비지수,94.23,2020＝100
201808,15397AA2AA13,건축보수,,,16397AAA0,건설공사비지수,94.23,2020＝100
201809,15397AA2AA13,건축보수,,,16397AAA0,건설공사비지수,96.2,2020＝100
201810,15397AA2AA13,건축보수,,,16397AAA0,건설공사비지수,96.23,2020＝100
201811,15397AA2AA13,건축보수,,,16397AAA0,건설공사비지수,96.06,2020＝100
201812,15397AA2AA13,건축보수,,,16397AAA0,건설공사비지수,96,2020＝100
201801,15397AA2AA131,건축보수,,,16397AAA0,건설공사비지수,93.75,2020＝100
201802,15397AA2AA131,건축보수,,,16397AAA0,건설공사비지수,93.8,2020＝100
201803,15397AA2AA131,건축보수,,,16397AAA0,건설공사비지수,93.89,2020＝100
201804,15397AA2AA131,건축보수,,,16397AAA0,건설공사비지수,94.02,2020＝100
201805,15397AA2AA131,건축보수,,,16397AAA0,건설공사비지수,94.03,2020＝100
201806,15397AA2AA131,건축보수,,,16397AAA0,건설공사비지수,94.19,2020＝100
201807,15397AA2AA131,건축보수,,,16397AAA0,건설공사비지수,94.23,2020＝100
201808,15397AA2AA131,건축보수,,,16397AAA0,건설공사비지수,94.23,2020＝100
201809,15397AA2AA131,건축보수,,,16397AAA0,건설공사비지수,96.2,2020＝100
201810,15397AA2AA131,건축보수,,,16397AAA0,건설공사비지수,96.23,2020＝100
201811,15397AA2AA131,건축보수,,,16397AAA0,건설공사비지수,96.06,2020＝100
201812,15397AA2AA131,건축보수,,,16397AAA0,건설공사비지수,96,2020＝100
201801,15397AA2AA2,토목건설,,,16397AAA0,건설공사비지수,93.5,2020＝100
201802,15397AA2AA2,토목건설,,,16397AAA0,건설공사비지수,93.57,2020＝100
201803,15397AA2AA2,토목건설,,,16397AAA0,건설공사비지수,93.54,2020＝100
201804,15397AA2AA2,토목건설,,,16397AAA0,건설공사비지수,93.68,2020＝100
201805,15397AA2AA2,토목건설,,,16397AAA0,건설공사비지수,93.82,2020＝100
201806,15397AA2AA2,토목건설,,,16397AAA0,건설공사비지수,94.09,2020＝100
201807,15397AA2AA2,토목건설,,,16397AAA0,건설공사비지수,94.06,2020＝100
201808,15397AA2AA2,토목건설,,,16397AAA0,건설공사비지수,93.95,2020＝100
201809,15397AA2AA2,토목건설,,,16397AAA0,건설공사비지수,96.19,2020＝100
201810,15397AA2AA2,토목건설,,,16397AAA0,건설공사비지수,96.42,2020＝100
201811,15397AA2AA2,토목건설,,,16397AAA0,건설공사비지수,96.13,2020＝100
201812,15397AA2AA2,토목건설,,,16397AAA0,건설공사비지수,95.88,2020＝100
201801,15397AA2AA21,교통시설건설,,,16397AAA0,건설공사비지수,94.17,2020＝100
201802,15397AA2AA21,교통시설건설,,,16397AAA0,건설공사비지수,94.22,2020＝100
201803,15397AA2AA21,교통시설건설,,,16397AAA0,건설공사비지수,94.31,2020＝100
201804,15397AA2AA21,교통시설건설,,,16397AAA0,건설공사비지수,94.53,2020＝100
201805,15397AA2AA21,교통시설건설,,,16397AAA0,건설공사비지수,94.65,2020＝100
201806,15397AA2AA21,교통시설건설,,,16397AAA0,건설공사비지수,94.98,2020＝100
201807,15397AA2AA21,교통시설건설,,,16397AAA0,건설공사비지수,95.25,2020＝100
201808,15397AA2AA21,교통시설건설,,,16397AAA0,건설공사비지수,95.28,2020＝100
201809,15397AA2AA21,교통시설건설,,,16397AAA0,건설공사비지수,97.45,2020＝100
201810,15397AA2AA21,교통시설건설,,,16397AAA0,건설공사비지수,97.67,2020＝100
201811,15397AA2AA21,교통시설건설,,,16397AAA0,건설공사비지수,97.34,2020＝100
201812,15397AA2AA21,교통시설건설,,,16397AAA0,건설공사비지수,96.99,2020＝100
201801,15397AA2AA211,도로시설,,,16397AAA0,건설공사비지수,94.13,2020＝100
201802,15397AA2AA211,도로시설,,,16397AAA0,건설공사비지수,94.19,2020＝100
201803,15397AA2AA211,도로시설,,,16397AAA0,건설공사비지수,94.29,2020＝100
201804,15397AA2AA211,도로시설,,,16397AAA0,건설공사비지수,94.54,2020＝100
201805,15397AA2AA211,도로시설,,,16397AAA0,건설공사비지수,94.69,2020＝100
201806,15397AA2AA211,도로시설,,,16397AAA0,건설공사비지수,95.08,2020＝100
201807,15397AA2AA211,도로시설,,,16397AAA0,건설공사비지수,95.38,2020＝100
201808,15397AA2AA211,도로시설,,,16397AAA0,건설공사비지수,95.44,2020＝100
201809,15397AA2AA211,도로시설,,,16397AAA0,건설공사비지수,97.56,2020＝100
201810,15397AA2AA211,도로시설,,,16397AAA0,건설공사비지수,97.79,2020＝100
201811,15397AA2AA211,도로시설,,,16397AAA0,건설공사비지수,97.49,2020＝100
201812,15397AA2AA211,도로시설,,,16397AAA0,건설공사비지수,97.11,2020＝100
201801,15397AA2AA212,철도시설,,,16397AAA0,건설공사비지수,94.42,2020＝100
201802,15397AA2AA212,철도시설,,,16397AAA0,건설공사비지수,94.44,2020＝100
201803,15397AA2AA212,철도시설,,,16397AAA0,건설공사비지수,94.53,2020＝100
201804,15397AA2AA212,철도시설,,,16397AAA0,건설공사비지수,94.62,2020＝100
201805,15397AA2AA212,철도시설,,,16397AAA0,건설공사비지수,94.63,2020＝100
201806,15397AA2AA212,철도시설,,,16397AAA0,건설공사비지수,94.85,2020＝100
201807,15397AA2AA212,철도시설,,,16397AAA0,건설공사비지수,95.04,2020＝100
201808,15397AA2AA212,철도시설,,,16397AAA0,건설공사비지수,95.02,2020＝100
201809,15397AA2AA212,철도시설,,,16397AAA0,건설공사비지수,97.26,2020＝100
201810,15397AA2AA212,철도시설,,,16397AAA0,건설공사비지수,97.45,2020＝100
201811,15397AA2AA212,철도시설,,,16397AAA0,건설공사비지수,97.14,2020＝100
201812,15397AA2AA212,철도시설,,,16397AAA0,건설공사비지수,96.85,2020＝100
201801,15397AA2AA213,항만시설,,,16397AAA0,건설공사비지수,93.65,2020＝100
201802,15397AA2AA213,항만시설,,,16397AAA0,건설공사비지수,93.76,2020＝100
201803,15397AA2AA213,항만시설,,,16397AAA0,건설공사비지수,93.81,2020＝100
201804,15397AA2AA213,항만시설,,,16397AAA0,건설공사비지수,94.11,2020＝100
201805,15397AA2AA213,항만시설,,,16397AAA0,건설공사비지수,94.42,2020＝100
201806,15397AA2AA213,항만시설,,,16397AAA0,건설공사비지수,94.56,2020＝100
201807,15397AA2AA213,항만시설,,,16397AAA0,건설공사비지수,94.75,2020＝100
201808,15397AA2AA213,항만시설,,,16397AAA0,건설공사비지수,94.77,2020＝100
201809,15397AA2AA213,항만시설,,,16397AAA0,건설공사비지수,97.15,2020＝100
201810,15397AA2AA213,항만시설,,,16397AAA0,건설공사비지수,97.43,2020＝100
201811,15397AA2AA213,항만시설,,,16397AAA0,건설공사비지수,96.7,2020＝100
201812,15397AA2AA213,항만시설,,,16397AAA0,건설공사비지수,96.36,2020＝100
201801,15397AA2AA22,일반토목시설건설,,,16397AAA0,건설공사비지수,93.02,2020＝100
201802,15397AA2AA22,일반토목시설건설,,,16397AAA0,건설공사비지수,93.2,2020＝100
201803,15397AA2AA22,일반토목시설건설,,,16397AAA0,건설공사비지수,93.22,2020＝100
201804,15397AA2AA22,일반토목시설건설,,,16397AAA0,건설공사비지수,93.49,2020＝100
201805,15397AA2AA22,일반토목시설건설,,,16397AAA0,건설공사비지수,93.76,2020＝100
201806,15397AA2AA22,일반토목시설건설,,,16397AAA0,건설공사비지수,94.05,2020＝100
201807,15397AA2AA22,일반토목시설건설,,,16397AAA0,건설공사비지수,94.29,2020＝100
201808,15397AA2AA22,일반토목시설건설,,,16397AAA0,건설공사비지수,94.33,2020＝100
201809,15397AA2AA22,일반토목시설건설,,,16397AAA0,건설공사비지수,96.62,2020＝100
201810,15397AA2AA22,일반토목시설건설,,,16397AAA0,건설공사비지수,96.82,2020＝100
201811,15397AA2AA22,일반토목시설건설,,,16397AAA0,건설공사비지수,96.34,2020＝100
201812,15397AA2AA22,일반토목시설건설,,,16397AAA0,건설공사비지수,96.05,2020＝100
201801,15397AA2AA221,하천사방,,,16397AAA0,건설공사비지수,93.05,2020＝100
201802,15397AA2AA221,하천사방,,,16397AAA0,건설공사비지수,93.11,2020＝100
201803,15397AA2AA221,하천사방,,,16397AAA0,건설공사비지수,93.18,2020＝100
201804,15397AA2AA221,하천사방,,,16397AAA0,건설공사비지수,93.33,2020＝100
201805,15397AA2AA221,하천사방,,,16397AAA0,건설공사비지수,93.51,2020＝100
201806,15397AA2AA221,하천사방,,,16397AAA0,건설공사비지수,93.74,2020＝100
201807,15397AA2AA221,하천사방,,,16397AAA0,건설공사비지수,93.95,2020＝100
201808,15397AA2AA221,하천사방,,,16397AAA0,건설공사비지수,94.01,2020＝100
201809,15397AA2AA221,하천사방,,,16397AAA0,건설공사비지수,96.5,2020＝100
201810,15397AA2AA221,하천사방,,,16397AAA0,건설공사비지수,96.75,2020＝100
201811,15397AA2AA221,하천사방,,,16397AAA0,건설공사비지수,96.28,2020＝100
201812,15397AA2AA221,하천사방,,,16397AAA0,건설공사비지수,96.06,2020＝100
201801,15397AA2AA222,상하수도시설,,,16397AAA0,건설공사비지수,93.11,2020＝100
201802,15397AA2AA222,상하수도시설,,,16397AAA0,건설공사비지수,93.55,2020＝100
201803,15397AA2AA222,상하수도시설,,,16397AAA0,건설공사비지수,93.56,2020＝100
201804,15397AA2AA222,상하수도시설,,,16397AAA0,건설공사비지수,93.74,2020＝100
201805,15397AA2AA222,상하수도시설,,,16397AAA0,건설공사비지수,94.17,2020＝100
201806,15397AA2AA222,상하수도시설,,,16397AAA0,건설공사비지수,94.29,2020＝100
201807,15397AA2AA222,상하수도시설,,,16397AAA0,건설공사비지수,94.38,2020＝100
201808,15397AA2AA222,상하수도시설,,,16397AAA0,건설공사비지수,94.46,2020＝100
201809,15397AA2AA222,상하수도시설,,,16397AAA0,건설공사비지수,96.63,2020＝100
201810,15397AA2AA222,상하수도시설,,,16397AAA0,건설공사비지수,96.72,2020＝100
201811,15397AA2AA222,상하수도시설,,,16397AAA0,건설공사비지수,96.04,2020＝100
201812,15397AA2AA222,상하수도시설,,,16397AAA0,건설공사비지수,95.89,2020＝100
201801,15397AA2AA223,농림수산토목,,,16397AAA0,건설공사비지수,93.31,2020＝100
201802,15397AA2AA223,농림수산토목,,,16397AAA0,건설공사비지수,93.31,2020＝100
201803,15397AA2AA223,농림수산토목,,,16397AAA0,건설공사비지수,93.35,2020＝100
201804,15397AA2AA223,농림수산토목,,,16397AAA0,건설공사비지수,93.64,2020＝100
201805,15397AA2AA223,농림수산토목,,,16397AAA0,건설공사비지수,93.8,2020＝100
201806,15397AA2AA223,농림수산토목,,,16397AAA0,건설공사비지수,93.98,2020＝100
201807,15397AA2AA223,농림수산토목,,,16397AAA0,건설공사비지수,94.16,2020＝100
201808,15397AA2AA223,농림수산토목,,,16397AAA0,건설공사비지수,94.21,2020＝100
201809,15397AA2AA223,농림수산토목,,,16397AAA0,건설공사비지수,96.69,2020＝100
201810,15397AA2AA223,농림수산토목,,,16397AAA0,건설공사비지수,96.9,2020＝100
201811,15397AA2AA223,농림수산토목,,,16397AAA0,건설공사비지수,96.17,2020＝100
201812,15397AA2AA223,농림수산토목,,,16397AAA0,건설공사비지수,95.8,2020＝100
201801,15397AA2AA224,도시토목,,,16397AAA0,건설공사비지수,93.02,2020＝100
201802,15397AA2AA224,도시토목,,,16397AAA0,건설공사비지수,93.08,2020＝100
201803,15397AA2AA224,도시토목,,,16397AAA0,건설공사비지수,93.08,2020＝100
201804,15397AA2AA224,도시토목,,,16397AAA0,건설공사비지수,93.46,2020＝100
201805,15397AA2AA224,도시토목,,,16397AAA0,건설공사비지수,93.66,2020＝100
201806,15397AA2AA224,도시토목,,,16397AAA0,건설공사비지수,94.11,2020＝100
201807,15397AA2AA224,도시토목,,,16397AAA0,건설공사비지수,94.46,2020＝100
201808,15397AA2AA224,도시토목,,,16397AAA0,건설공사비지수,94.47,2020＝100
201809,15397AA2AA224,도시토목,,,16397AAA0,건설공사비지수,96.72,2020＝100
201810,15397AA2AA224,도시토목,,,16397AAA0,건설공사비지수,96.98,2020＝100
201811,15397AA2AA224,도시토목,,,16397AAA0,건설공사비지수,96.65,2020＝100
201812,15397AA2AA224,도시토목,,,16397AAA0,건설공사비지수,96.25,2020＝100
201801,15397AA2AA23,산업시설건설,,,16397AAA0,건설공사비지수,93.31,2020＝100
201802,15397AA2AA23,산업시설건설,,,16397AAA0,건설공사비지수,93.36,2020＝100
201803,15397AA2AA23,산업시설건설,,,16397AAA0,건설공사비지수,93.25,2020＝100
201804,15397AA2AA23,산업시설건설,,,16397AAA0,건설공사비지수,93.27,2020＝100
201805,15397AA2AA23,산업시설건설,,,16397AAA0,건설공사비지수,93.33,2020＝100
201806,15397AA2AA23,산업시설건설,,,16397AAA0,건설공사비지수,93.56,2020＝100
201807,15397AA2AA23,산업시설건설,,,16397AAA0,건설공사비지수,93.22,2020＝100
201808,15397AA2AA23,산업시설건설,,,16397AAA0,건설공사비지수,92.98,2020＝100
201809,15397AA2AA23,산업시설건설,,,16397AAA0,건설공사비지수,95.16,2020＝100
201810,15397AA2AA23,산업시설건설,,,16397AAA0,건설공사비지수,95.4,2020＝100
201811,15397AA2AA23,산업시설건설,,,16397AAA0,건설공사비지수,95.25,2020＝100
201812,15397AA2AA23,산업시설건설,,,16397AAA0,건설공사비지수,95.17,2020＝100
201801,15397AA2AA231,환경정화시설,,,16397AAA0,건설공사비지수,92.98,2020＝100
201802,15397AA2AA231,환경정화시설,,,16397AAA0,건설공사비지수,93,2020＝100
201803,15397AA2AA231,환경정화시설,,,16397AAA0,건설공사비지수,92.97,2020＝100
201804,15397AA2AA231,환경정화시설,,,16397AAA0,건설공사비지수,93.06,2020＝100
201805,15397AA2AA231,환경정화시설,,,16397AAA0,건설공사비지수,93.1,2020＝100
201806,15397AA2AA231,환경정화시설,,,16397AAA0,건설공사비지수,93.29,2020＝100
201807,15397AA2AA231,환경정화시설,,,16397AAA0,건설공사비지수,93.47,2020＝100
201808,15397AA2AA231,환경정화시설,,,16397AAA0,건설공사비지수,93.54,2020＝100
201809,15397AA2AA231,환경정화시설,,,16397AAA0,건설공사비지수,95.7,2020＝100
201810,15397AA2AA231,환경정화시설,,,16397AAA0,건설공사비지수,95.97,2020＝100
201811,15397AA2AA231,환경정화시설,,,16397AAA0,건설공사비지수,95.77,2020＝100
201812,15397AA2AA231,환경정화시설,,,16397AAA0,건설공사비지수,95.7,2020＝100
201801,15397AA2AA232,발전소시설,,,16397AAA0,건설공사비지수,94.17,2020＝100
201802,15397AA2AA232,발전소시설,,,16397AAA0,건설공사비지수,94.2,2020＝100
201803,15397AA2AA232,발전소시설,,,16397AAA0,건설공사비지수,93.91,2020＝100
201804,15397AA2AA232,발전소시설,,,16397AAA0,건설공사비지수,93.96,2020＝100
201805,15397AA2AA232,발전소시설,,,16397AAA0,건설공사비지수,94.01,2020＝100
201806,15397AA2AA232,발전소시설,,,16397AAA0,건설공사비지수,94.4,2020＝100
201807,15397AA2AA232,발전소시설,,,16397AAA0,건설공사비지수,93.58,2020＝100
201808,15397AA2AA232,발전소시설,,,16397AAA0,건설공사비지수,92.94,2020＝100
201809,15397AA2AA232,발전소시설,,,16397AAA0,건설공사비지수,94.88,2020＝100
201810,15397AA2AA232,발전소시설,,,16397AAA0,건설공사비지수,95.33,2020＝100
201811,15397AA2AA232,발전소시설,,,16397AAA0,건설공사비지수,95.28,2020＝100
201812,15397AA2AA232,발전소시설,,,16397AAA0,건설공사비지수,95.03,2020＝100
201801,15397AA2AA234,산업플랜트,,,16397AAA0,건설공사비지수,92.54,2020＝100
201802,15397AA2AA234,산업플랜트,,,16397AAA0,건설공사비지수,92.6,2020＝100
201803,15397AA2AA234,산업플랜트,,,16397AAA0,건설공사비지수,92.66,2020＝100
201804,15397AA2AA234,산업플랜트,,,16397AAA0,건설공사비지수,92.64,2020＝100
201805,15397AA2AA234,산업플랜트,,,16397AAA0,건설공사비지수,92.71,2020＝100
201806,15397AA2AA234,산업플랜트,,,16397AAA0,건설공사비지수,92.79,2020＝100
201807,15397AA2AA234,산업플랜트,,,16397AAA0,건설공사비지수,92.83,2020＝100
201808,15397AA2AA234,산업플랜트,,,16397AAA0,건설공사비지수,92.93,2020＝100
201809,15397AA2AA234,산업플랜트,,,16397AAA0,건설공사비지수,95.37,2020＝100
201810,15397AA2AA234,산업플랜트,,,16397AAA0,건설공사비지수,95.39,2020＝100
201811,15397AA2AA234,산업플랜트,,,16397AAA0,건설공사비지수,95.15,2020＝100
201812,15397AA2AA234,산업플랜트,,,16397AAA0,건설공사비지수,95.23,2020＝100
201801,15397AA2AA24,기타건설,,,16397AAA0,건설공사비지수,93.33,2020＝100
201802,15397AA2AA24,기타건설,,,16397AAA0,건설공사비지수,93.3,2020＝100
201803,15397AA2AA24,기타건설,,,16397AAA0,건설공사비지수,93.14,2020＝100
201804,15397AA2AA24,기타건설,,,16397AAA0,건설공사비지수,93.26,2020＝100
201805,15397AA2AA24,기타건설,,,16397AAA0,건설공사비지수,93.4,2020＝100
201806,15397AA2AA24,기타건설,,,16397AAA0,건설공사비지수,93.66,2020＝100
201807,15397AA2AA24,기타건설,,,16397AAA0,건설공사비지수,93.36,2020＝100
201808,15397AA2AA24,기타건설,,,16397AAA0,건설공사비지수,93.07,2020＝100
201809,15397AA2AA24,기타건설,,,16397AAA0,건설공사비지수,95.52,2020＝100
201810,15397AA2AA24,기타건설,,,16397AAA0,건설공사비지수,95.78,2020＝100
201811,15397AA2AA24,기타건설,,,16397AAA0,건설공사비지수,95.49,2020＝100
201812,15397AA2AA24,기타건설,,,16397AAA0,건설공사비지수,95.13,2020＝100
201801,15397AA2AA241,기타건설,,,16397AAA0,건설공사비지수,93.33,2020＝100
201802,15397AA2AA241,기타건설,,,16397AAA0,건설공사비지수,93.3,2020＝100
201803,15397AA2AA241,기타건설,,,16397AAA0,건설공사비지수,93.14,2020＝100
201804,15397AA2AA241,기타건설,,,16397AAA0,건설공사비지수,93.26,2020＝100
201805,15397AA2AA241,기타건설,,,16397AAA0,건설공사비지수,93.4,2020＝100
201806,15397AA2AA241,기타건설,,,16397AAA0,건설공사비지수,93.66,2020＝100
201807,15397AA2AA241,기타건설,,,16397AAA0,건설공사비지수,93.36,2020＝100
201808,15397AA2AA241,기타건설,,,16397AAA0,건설공사비지수,93.07,2020＝100
201809,15397AA2AA241,기타건설,,,16397AAA0,건설공사비지수,95.52,2020＝100
201810,15397AA2AA241,기타건설,,,16397AAA0,건설공사비지수,95.78,2020＝100
201811,15397AA2AA241,기타건설,,,16397AAA0,건설공사비지수,95.49,2020＝100
201812,15397AA2AA241,기타건설,,,16397AAA0,건설공사비지수,95.13,2020＝100
201901,15397AA2AA,건설,,,16397AAA0,건설공사비지수,97.58,2020＝100
201902,15397AA2AA,건설,,,16397AAA0,건설공사비지수,97.62,2020＝100
201903,15397AA2AA,건설,,,16397AAA0,건설공사비지수,97.76,2020＝100
201904,15397AA2AA,건설,,,16397AAA0,건설공사비지수,97.74,2020＝100
201905,15397AA2AA,건설,,,16397AAA0,건설공사비지수,97.77,2020＝100
201906,15397AA2AA,건설,,,16397AAA0,건설공사비지수,97.73,2020＝100
201907,15397AA2AA,건설,,,16397AAA0,건설공사비지수,97.71,2020＝100
201908,15397AA2AA,건설,,,16397AAA0,건설공사비지수,97.72,2020＝100
201909,15397AA2AA,건설,,,16397AAA0,건설공사비지수,98.91,2020＝100
201910,15397AA2AA,건설,,,16397AAA0,건설공사비지수,98.73,2020＝100
201911,15397AA2AA,건설,,,16397AAA0,건설공사비지수,98.63,2020＝100
201912,15397AA2AA,건설,,,16397AAA0,건설공사비지수,98.63,2020＝100
201901,15397AA2AA1,건물건설 및 건축보수,,,16397AAA0,건설공사비지수,97.6,2020＝100
201902,15397AA2AA1,건물건설 및 건축보수,,,16397AAA0,건설공사비지수,97.59,2020＝100
201903,15397AA2AA1,건물건설 및 건축보수,,,16397AAA0,건설공사비지수,97.69,2020＝100
201904,15397AA2AA1,건물건설 및 건축보수,,,16397AAA0,건설공사비지수,97.67,2020＝100
201905,15397AA2AA1,건물건설 및 건축보수,,,16397AAA0,건설공사비지수,97.69,2020＝100
201906,15397AA2AA1,건물건설 및 건축보수,,,16397AAA0,건설공사비지수,97.66,2020＝100
201907,15397AA2AA1,건물건설 및 건축보수,,,16397AAA0,건설공사비지수,97.63,2020＝100
201908,15397AA2AA1,건물건설 및 건축보수,,,16397AAA0,건설공사비지수,97.61,2020＝100
201909,15397AA2AA1,건물건설 및 건축보수,,,16397AAA0,건설공사비지수,98.79,2020＝100
201910,15397AA2AA1,건물건설 및 건축보수,,,16397AAA0,건설공사비지수,98.6,2020＝100
201911,15397AA2AA1,건물건설 및 건축보수,,,16397AAA0,건설공사비지수,98.51,2020＝100
201912,15397AA2AA1,건물건설 및 건축보수,,,16397AAA0,건설공사비지수,98.47,2020＝100
201901,15397AA2AA11,주거용건물,,,16397AAA0,건설공사비지수,97.57,2020＝100
201902,15397AA2AA11,주거용건물,,,16397AAA0,건설공사비지수,97.52,2020＝100
201903,15397AA2AA11,주거용건물,,,16397AAA0,건설공사비지수,97.62,2020＝100
201904,15397AA2AA11,주거용건물,,,16397AAA0,건설공사비지수,97.65,2020＝100
201905,15397AA2AA11,주거용건물,,,16397AAA0,건설공사비지수,97.65,2020＝100
201906,15397AA2AA11,주거용건물,,,16397AAA0,건설공사비지수,97.61,2020＝100
201907,15397AA2AA11,주거용건물,,,16397AAA0,건설공사비지수,97.6,2020＝100
201908,15397AA2AA11,주거용건물,,,16397AAA0,건설공사비지수,97.56,2020＝100
201909,15397AA2AA11,주거용건물,,,16397AAA0,건설공사비지수,98.76,2020＝100
201910,15397AA2AA11,주거용건물,,,16397AAA0,건설공사비지수,98.59,2020＝100
201911,15397AA2AA11,주거용건물,,,16397AAA0,건설공사비지수,98.49,2020＝100
201912,15397AA2AA11,주거용건물,,,16397AAA0,건설공사비지수,98.43,2020＝100
201901,15397AA2AA111,주거용건물,,,16397AAA0,건설공사비지수,97.57,2020＝100
201902,15397AA2AA111,주거용건물,,,16397AAA0,건설공사비지수,97.52,2020＝100
201903,15397AA2AA111,주거용건물,,,16397AAA0,건설공사비지수,97.62,2020＝100
201904,15397AA2AA111,주거용건물,,,16397AAA0,건설공사비지수,97.65,2020＝100
201905,15397AA2AA111,주거용건물,,,16397AAA0,건설공사비지수,97.65,2020＝100
201906,15397AA2AA111,주거용건물,,,16397AAA0,건설공사비지수,97.61,2020＝100
201907,15397AA2AA111,주거용건물,,,16397AAA0,건설공사비지수,97.6,2020＝100
201908,15397AA2AA111,주거용건물,,,16397AAA0,건설공사비지수,97.56,2020＝100
201909,15397AA2AA111,주거용건물,,,16397AAA0,건설공사비지수,98.76,2020＝100
201910,15397AA2AA111,주거용건물,,,16397AAA0,건설공사비지수,98.59,2020＝100
201911,15397AA2AA111,주거용건물,,,16397AAA0,건설공사비지수,98.49,2020＝100
201912,15397AA2AA111,주거용건물,,,16397AAA0,건설공사비지수,98.43,2020＝100
201901,15397AA2AA12,비주거용건물,,,16397AAA0,건설공사비지수,97.65,2020＝100
201902,15397AA2AA12,비주거용건물,,,16397AAA0,건설공사비지수,97.64,2020＝100
201903,15397AA2AA12,비주거용건물,,,16397AAA0,건설공사비지수,97.75,2020＝100
201904,15397AA2AA12,비주거용건물,,,16397AAA0,건설공사비지수,97.71,2020＝100
201905,15397AA2AA12,비주거용건물,,,16397AAA0,건설공사비지수,97.72,2020＝100
201906,15397AA2AA12,비주거용건물,,,16397AAA0,건설공사비지수,97.7,2020＝100
201907,15397AA2AA12,비주거용건물,,,16397AAA0,건설공사비지수,97.66,2020＝100
201908,15397AA2AA12,비주거용건물,,,16397AAA0,건설공사비지수,97.66,2020＝100
201909,15397AA2AA12,비주거용건물,,,16397AAA0,건설공사비지수,98.83,2020＝100
201910,15397AA2AA12,비주거용건물,,,16397AAA0,건설공사비지수,98.63,2020＝100
201911,15397AA2AA12,비주거용건물,,,16397AAA0,건설공사비지수,98.53,2020＝100
201912,15397AA2AA12,비주거용건물,,,16397AAA0,건설공사비지수,98.5,2020＝100
201901,15397AA2AA121,비주거용건물,,,16397AAA0,건설공사비지수,97.65,2020＝100
201902,15397AA2AA121,비주거용건물,,,16397AAA0,건설공사비지수,97.64,2020＝100
201903,15397AA2AA121,비주거용건물,,,16397AAA0,건설공사비지수,97.75,2020＝100
201904,15397AA2AA121,비주거용건물,,,16397AAA0,건설공사비지수,97.71,2020＝100
201905,15397AA2AA121,비주거용건물,,,16397AAA0,건설공사비지수,97.72,2020＝100
201906,15397AA2AA121,비주거용건물,,,16397AAA0,건설공사비지수,97.7,2020＝100
201907,15397AA2AA121,비주거용건물,,,16397AAA0,건설공사비지수,97.66,2020＝100
201908,15397AA2AA121,비주거용건물,,,16397AAA0,건설공사비지수,97.66,2020＝100
201909,15397AA2AA121,비주거용건물,,,16397AAA0,건설공사비지수,98.83,2020＝100
201910,15397AA2AA121,비주거용건물,,,16397AAA0,건설공사비지수,98.63,2020＝100
201911,15397AA2AA121,비주거용건물,,,16397AAA0,건설공사비지수,98.53,2020＝100
201912,15397AA2AA121,비주거용건물,,,16397AAA0,건설공사비지수,98.5,2020＝100
201901,15397AA2AA13,건축보수,,,16397AAA0,건설공사비지수,97.46,2020＝100
201902,15397AA2AA13,건축보수,,,16397AAA0,건설공사비지수,97.59,2020＝100
201903,15397AA2AA13,건축보수,,,16397AAA0,건설공사비지수,97.73,2020＝100
201904,15397AA2AA13,건축보수,,,16397AAA0,건설공사비지수,97.63,2020＝100
201905,15397AA2AA13,건축보수,,,16397AAA0,건설공사비지수,97.66,2020＝100
201906,15397AA2AA13,건축보수,,,16397AAA0,건설공사비지수,97.67,2020＝100
201907,15397AA2AA13,건축보수,,,16397AAA0,건설공사비지수,97.6,2020＝100
201908,15397AA2AA13,건축보수,,,16397AAA0,건설공사비지수,97.62,2020＝100
201909,15397AA2AA13,건축보수,,,16397AAA0,건설공사비지수,98.74,2020＝100
201910,15397AA2AA13,건축보수,,,16397AAA0,건설공사비지수,98.54,2020＝100
201911,15397AA2AA13,건축보수,,,16397AAA0,건설공사비지수,98.5,2020＝100
201912,15397AA2AA13,건축보수,,,16397AAA0,건설공사비지수,98.5,2020＝100
201901,15397AA2AA131,건축보수,,,16397AAA0,건설공사비지수,97.46,2020＝100
201902,15397AA2AA131,건축보수,,,16397AAA0,건설공사비지수,97.59,2020＝100
201903,15397AA2AA131,건축보수,,,16397AAA0,건설공사비지수,97.73,2020＝100
201904,15397AA2AA131,건축보수,,,16397AAA0,건설공사비지수,97.63,2020＝100
201905,15397AA2AA131,건축보수,,,16397AAA0,건설공사비지수,97.66,2020＝100
201906,15397AA2AA131,건축보수,,,16397AAA0,건설공사비지수,97.67,2020＝100
201907,15397AA2AA131,건축보수,,,16397AAA0,건설공사비지수,97.6,2020＝100
201908,15397AA2AA131,건축보수,,,16397AAA0,건설공사비지수,97.62,2020＝100
201909,15397AA2AA131,건축보수,,,16397AAA0,건설공사비지수,98.74,2020＝100
201910,15397AA2AA131,건축보수,,,16397AAA0,건설공사비지수,98.54,2020＝100
201911,15397AA2AA131,건축보수,,,16397AAA0,건설공사비지수,98.5,2020＝100
201912,15397AA2AA131,건축보수,,,16397AAA0,건설공사비지수,98.5,2020＝100
201901,15397AA2AA2,토목건설,,,16397AAA0,건설공사비지수,97.53,2020＝100
201902,15397AA2AA2,토목건설,,,16397AAA0,건설공사비지수,97.72,2020＝100
201903,15397AA2AA2,토목건설,,,16397AAA0,건설공사비지수,97.94,2020＝100
201904,15397AA2AA2,토목건설,,,16397AAA0,건설공사비지수,97.91,2020＝100
201905,15397AA2AA2,토목건설,,,16397AAA0,건설공사비지수,97.99,2020＝100
201906,15397AA2AA2,토목건설,,,16397AAA0,건설공사비지수,97.9,2020＝100
201907,15397AA2AA2,토목건설,,,16397AAA0,건설공사비지수,97.91,2020＝100
201908,15397AA2AA2,토목건설,,,16397AAA0,건설공사비지수,97.99,2020＝100
201909,15397AA2AA2,토목건설,,,16397AAA0,건설공사비지수,99.23,2020＝100
201910,15397AA2AA2,토목건설,,,16397AAA0,건설공사비지수,99.05,2020＝100
201911,15397AA2AA2,토목건설,,,16397AAA0,건설공사비지수,98.95,2020＝100
201912,15397AA2AA2,토목건설,,,16397AAA0,건설공사비지수,99.06,2020＝100
201901,15397AA2AA21,교통시설건설,,,16397AAA0,건설공사비지수,98.58,2020＝100
201902,15397AA2AA21,교통시설건설,,,16397AAA0,건설공사비지수,98.58,2020＝100
201903,15397AA2AA21,교통시설건설,,,16397AAA0,건설공사비지수,98.69,2020＝100
201904,15397AA2AA21,교통시설건설,,,16397AAA0,건설공사비지수,98.75,2020＝100
201905,15397AA2AA21,교통시설건설,,,16397AAA0,건설공사비지수,98.92,2020＝100
201906,15397AA2AA21,교통시설건설,,,16397AAA0,건설공사비지수,98.92,2020＝100
201907,15397AA2AA21,교통시설건설,,,16397AAA0,건설공사비지수,99,2020＝100
201908,15397AA2AA21,교통시설건설,,,16397AAA0,건설공사비지수,99,2020＝100
201909,15397AA2AA21,교통시설건설,,,16397AAA0,건설공사비지수,100.11,2020＝100
201910,15397AA2AA21,교통시설건설,,,16397AAA0,건설공사비지수,99.9,2020＝100
201911,15397AA2AA21,교통시설건설,,,16397AAA0,건설공사비지수,99.76,2020＝100
201912,15397AA2AA21,교통시설건설,,,16397AAA0,건설공사비지수,99.75,2020＝100
201901,15397AA2AA211,도로시설,,,16397AAA0,건설공사비지수,98.82,2020＝100
201902,15397AA2AA211,도로시설,,,16397AAA0,건설공사비지수,98.82,2020＝100
201903,15397AA2AA211,도로시설,,,16397AAA0,건설공사비지수,98.91,2020＝100
201904,15397AA2AA211,도로시설,,,16397AAA0,건설공사비지수,99.01,2020＝100
201905,15397AA2AA211,도로시설,,,16397AAA0,건설공사비지수,99.23,2020＝100
201906,15397AA2AA211,도로시설,,,16397AAA0,건설공사비지수,99.24,2020＝100
201907,15397AA2AA211,도로시설,,,16397AAA0,건설공사비지수,99.37,2020＝100
201908,15397AA2AA211,도로시설,,,16397AAA0,건설공사비지수,99.4,2020＝100
201909,15397AA2AA211,도로시설,,,16397AAA0,건설공사비지수,100.44,2020＝100
201910,15397AA2AA211,도로시설,,,16397AAA0,건설공사비지수,100.27,2020＝100
201911,15397AA2AA211,도로시설,,,16397AAA0,건설공사비지수,100.13,2020＝100
201912,15397AA2AA211,도로시설,,,16397AAA0,건설공사비지수,100.13,2020＝100
201901,15397AA2AA212,철도시설,,,16397AAA0,건설공사비지수,98.14,2020＝100
201902,15397AA2AA212,철도시설,,,16397AAA0,건설공사비지수,98.15,2020＝100
201903,15397AA2AA212,철도시설,,,16397AAA0,건설공사비지수,98.26,2020＝100
201904,15397AA2AA212,철도시설,,,16397AAA0,건설공사비지수,98.24,2020＝100
201905,15397AA2AA212,철도시설,,,16397AAA0,건설공사비지수,98.29,2020＝100
201906,15397AA2AA212,철도시설,,,16397AAA0,건설공사비지수,98.29,2020＝100
201907,15397AA2AA212,철도시설,,,16397AAA0,건설공사비지수,98.25,2020＝100
201908,15397AA2AA212,철도시설,,,16397AAA0,건설공사비지수,98.19,2020＝100
201909,15397AA2AA212,철도시설,,,16397AAA0,건설공사비지수,99.38,2020＝100
201910,15397AA2AA212,철도시설,,,16397AAA0,건설공사비지수,99.09,2020＝100
201911,15397AA2AA212,철도시설,,,16397AAA0,건설공사비지수,98.92,2020＝100
201912,15397AA2AA212,철도시설,,,16397AAA0,건설공사비지수,98.9,2020＝100
201901,15397AA2AA213,항만시설,,,16397AAA0,건설공사비지수,97.85,2020＝100
201902,15397AA2AA213,항만시설,,,16397AAA0,건설공사비지수,97.85,2020＝100
201903,15397AA2AA213,항만시설,,,16397AAA0,건설공사비지수,98.1,2020＝100
201904,15397AA2AA213,항만시설,,,16397AAA0,건설공사비지수,98.2,2020＝100
201905,15397AA2AA213,항만시설,,,16397AAA0,건설공사비지수,98.28,2020＝100
201906,15397AA2AA213,항만시설,,,16397AAA0,건설공사비지수,98.15,2020＝100
201907,15397AA2AA213,항만시설,,,16397AAA0,건설공사비지수,98.21,2020＝100
201908,15397AA2AA213,항만시설,,,16397AAA0,건설공사비지수,98.18,2020＝100
201909,15397AA2AA213,항만시설,,,16397AAA0,건설공사비지수,99.57,2020＝100
201910,15397AA2AA213,항만시설,,,16397AAA0,건설공사비지수,99.31,2020＝100
201911,15397AA2AA213,항만시설,,,16397AAA0,건설공사비지수,99.28,2020＝100
201912,15397AA2AA213,항만시설,,,16397AAA0,건설공사비지수,99.28,2020＝100
201901,15397AA2AA22,일반토목시설건설,,,16397AAA0,건설공사비지수,97.85,2020＝100
201902,15397AA2AA22,일반토목시설건설,,,16397AAA0,건설공사비지수,97.91,2020＝100
201903,15397AA2AA22,일반토목시설건설,,,16397AAA0,건설공사비지수,98.12,2020＝100
201904,15397AA2AA22,일반토목시설건설,,,16397AAA0,건설공사비지수,98.18,2020＝100
201905,15397AA2AA22,일반토목시설건설,,,16397AAA0,건설공사비지수,98.37,2020＝100
201906,15397AA2AA22,일반토목시설건설,,,16397AAA0,건설공사비지수,98.41,2020＝100
201907,15397AA2AA22,일반토목시설건설,,,16397AAA0,건설공사비지수,98.51,2020＝100
201908,15397AA2AA22,일반토목시설건설,,,16397AAA0,건설공사비지수,98.51,2020＝100
201909,15397AA2AA22,일반토목시설건설,,,16397AAA0,건설공사비지수,99.82,2020＝100
201910,15397AA2AA22,일반토목시설건설,,,16397AAA0,건설공사비지수,99.64,2020＝100
201911,15397AA2AA22,일반토목시설건설,,,16397AAA0,건설공사비지수,99.59,2020＝100
201912,15397AA2AA22,일반토목시설건설,,,16397AAA0,건설공사비지수,99.6,2020＝100
201901,15397AA2AA221,하천사방,,,16397AAA0,건설공사비지수,97.57,2020＝100
201902,15397AA2AA221,하천사방,,,16397AAA0,건설공사비지수,97.57,2020＝100
201903,15397AA2AA221,하천사방,,,16397AAA0,건설공사비지수,97.73,2020＝100
201904,15397AA2AA221,하천사방,,,16397AAA0,건설공사비지수,97.74,2020＝100
201905,15397AA2AA221,하천사방,,,16397AAA0,건설공사비지수,97.89,2020＝100
201906,15397AA2AA221,하천사방,,,16397AAA0,건설공사비지수,97.88,2020＝100
201907,15397AA2AA221,하천사방,,,16397AAA0,건설공사비지수,97.84,2020＝100
201908,15397AA2AA221,하천사방,,,16397AAA0,건설공사비지수,97.84,2020＝100
201909,15397AA2AA221,하천사방,,,16397AAA0,건설공사비지수,99.26,2020＝100
201910,15397AA2AA221,하천사방,,,16397AAA0,건설공사비지수,99.1,2020＝100
201911,15397AA2AA221,하천사방,,,16397AAA0,건설공사비지수,99.01,2020＝100
201912,15397AA2AA221,하천사방,,,16397AAA0,건설공사비지수,99,2020＝100
201901,15397AA2AA222,상하수도시설,,,16397AAA0,건설공사비지수,97.36,2020＝100
201902,15397AA2AA222,상하수도시설,,,16397AAA0,건설공사비지수,97.44,2020＝100
201903,15397AA2AA222,상하수도시설,,,16397AAA0,건설공사비지수,97.62,2020＝100
201904,15397AA2AA222,상하수도시설,,,16397AAA0,건설공사비지수,97.66,2020＝100
201905,15397AA2AA222,상하수도시설,,,16397AAA0,건설공사비지수,97.7,2020＝100
201906,15397AA2AA222,상하수도시설,,,16397AAA0,건설공사비지수,97.67,2020＝100
201907,15397AA2AA222,상하수도시설,,,16397AAA0,건설공사비지수,97.63,2020＝100
201908,15397AA2AA222,상하수도시설,,,16397AAA0,건설공사비지수,97.66,2020＝100
201909,15397AA2AA222,상하수도시설,,,16397AAA0,건설공사비지수,98.94,2020＝100
201910,15397AA2AA222,상하수도시설,,,16397AAA0,건설공사비지수,98.81,2020＝100
201911,15397AA2AA222,상하수도시설,,,16397AAA0,건설공사비지수,98.77,2020＝100
201912,15397AA2AA222,상하수도시설,,,16397AAA0,건설공사비지수,98.76,2020＝100
201901,15397AA2AA223,농림수산토목,,,16397AAA0,건설공사비지수,97.36,2020＝100
201902,15397AA2AA223,농림수산토목,,,16397AAA0,건설공사비지수,97.46,2020＝100
201903,15397AA2AA223,농림수산토목,,,16397AAA0,건설공사비지수,97.68,2020＝100
201904,15397AA2AA223,농림수산토목,,,16397AAA0,건설공사비지수,97.74,2020＝100
201905,15397AA2AA223,농림수산토목,,,16397AAA0,건설공사비지수,97.88,2020＝100
201906,15397AA2AA223,농림수산토목,,,16397AAA0,건설공사비지수,97.76,2020＝100
201907,15397AA2AA223,농림수산토목,,,16397AAA0,건설공사비지수,97.8,2020＝100
201908,15397AA2AA223,농림수산토목,,,16397AAA0,건설공사비지수,97.77,2020＝100
201909,15397AA2AA223,농림수산토목,,,16397AAA0,건설공사비지수,99.23,2020＝100
201910,15397AA2AA223,농림수산토목,,,16397AAA0,건설공사비지수,99.03,2020＝100
201911,15397AA2AA223,농림수산토목,,,16397AAA0,건설공사비지수,99.06,2020＝100
201912,15397AA2AA223,농림수산토목,,,16397AAA0,건설공사비지수,99.1,2020＝100
201901,15397AA2AA224,도시토목,,,16397AAA0,건설공사비지수,98.37,2020＝100
201902,15397AA2AA224,도시토목,,,16397AAA0,건설공사비지수,98.42,2020＝100
201903,15397AA2AA224,도시토목,,,16397AAA0,건설공사비지수,98.67,2020＝100
201904,15397AA2AA224,도시토목,,,16397AAA0,건설공사비지수,98.77,2020＝100
201905,15397AA2AA224,도시토목,,,16397AAA0,건설공사비지수,99.06,2020＝100
201906,15397AA2AA224,도시토목,,,16397AAA0,건설공사비지수,99.19,2020＝100
201907,15397AA2AA224,도시토목,,,16397AAA0,건설공사비지수,99.45,2020＝100
201908,15397AA2AA224,도시토목,,,16397AAA0,건설공사비지수,99.43,2020＝100
201909,15397AA2AA224,도시토목,,,16397AAA0,건설공사비지수,100.69,2020＝100
201910,15397AA2AA224,도시토목,,,16397AAA0,건설공사비지수,100.46,2020＝100
201911,15397AA2AA224,도시토목,,,16397AAA0,건설공사비지수,100.42,2020＝100
201912,15397AA2AA224,도시토목,,,16397AAA0,건설공사비지수,100.44,2020＝100
201901,15397AA2AA23,산업시설건설,,,16397AAA0,건설공사비지수,96.79,2020＝100
201902,15397AA2AA23,산업시설건설,,,16397AAA0,건설공사비지수,97.13,2020＝100
201903,15397AA2AA23,산업시설건설,,,16397AAA0,건설공사비지수,97.39,2020＝100
201904,15397AA2AA23,산업시설건설,,,16397AAA0,건설공사비지수,97.26,2020＝100
201905,15397AA2AA23,산업시설건설,,,16397AAA0,건설공사비지수,97.24,2020＝100
201906,15397AA2AA23,산업시설건설,,,16397AAA0,건설공사비지수,97.07,2020＝100
201907,15397AA2AA23,산업시설건설,,,16397AAA0,건설공사비지수,97,2020＝100
201908,15397AA2AA23,산업시설건설,,,16397AAA0,건설공사비지수,97.17,2020＝100
201909,15397AA2AA23,산업시설건설,,,16397AAA0,건설공사비지수,98.41,2020＝100
201910,15397AA2AA23,산업시설건설,,,16397AAA0,건설공사비지수,98.25,2020＝100
201911,15397AA2AA23,산업시설건설,,,16397AAA0,건설공사비지수,98.15,2020＝100
201912,15397AA2AA23,산업시설건설,,,16397AAA0,건설공사비지수,98.36,2020＝100
201901,15397AA2AA231,환경정화시설,,,16397AAA0,건설공사비지수,97.22,2020＝100
201902,15397AA2AA231,환경정화시설,,,16397AAA0,건설공사비지수,97.09,2020＝100
201903,15397AA2AA231,환경정화시설,,,16397AAA0,건설공사비지수,97.21,2020＝100
201904,15397AA2AA231,환경정화시설,,,16397AAA0,건설공사비지수,97.21,2020＝100
201905,15397AA2AA231,환경정화시설,,,16397AAA0,건설공사비지수,97.24,2020＝100
201906,15397AA2AA231,환경정화시설,,,16397AAA0,건설공사비지수,97.27,2020＝100
201907,15397AA2AA231,환경정화시설,,,16397AAA0,건설공사비지수,97.24,2020＝100
201908,15397AA2AA231,환경정화시설,,,16397AAA0,건설공사비지수,97.25,2020＝100
201909,15397AA2AA231,환경정화시설,,,16397AAA0,건설공사비지수,98.53,2020＝100
201910,15397AA2AA231,환경정화시설,,,16397AAA0,건설공사비지수,98.31,2020＝100
201911,15397AA2AA231,환경정화시설,,,16397AAA0,건설공사비지수,98.15,2020＝100
201912,15397AA2AA231,환경정화시설,,,16397AAA0,건설공사비지수,98.14,2020＝100
201901,15397AA2AA232,발전소시설,,,16397AAA0,건설공사비지수,96.58,2020＝100
201902,15397AA2AA232,발전소시설,,,16397AAA0,건설공사비지수,97.16,2020＝100
201903,15397AA2AA232,발전소시설,,,16397AAA0,건설공사비지수,97.65,2020＝100
201904,15397AA2AA232,발전소시설,,,16397AAA0,건설공사비지수,97.57,2020＝100
201905,15397AA2AA232,발전소시설,,,16397AAA0,건설공사비지수,97.44,2020＝100
201906,15397AA2AA232,발전소시설,,,16397AAA0,건설공사비지수,97,2020＝100
201907,15397AA2AA232,발전소시설,,,16397AAA0,건설공사비지수,96.94,2020＝100
201908,15397AA2AA232,발전소시설,,,16397AAA0,건설공사비지수,97.18,2020＝100
201909,15397AA2AA232,발전소시설,,,16397AAA0,건설공사비지수,98.34,2020＝100
201910,15397AA2AA232,발전소시설,,,16397AAA0,건설공사비지수,98.19,2020＝100
201911,15397AA2AA232,발전소시설,,,16397AAA0,건설공사비지수,98.17,2020＝100
201912,15397AA2AA232,발전소시설,,,16397AAA0,건설공사비지수,98.69,2020＝100
201901,15397AA2AA234,산업플랜트,,,16397AAA0,건설공사비지수,96.94,2020＝100
201902,15397AA2AA234,산업플랜트,,,16397AAA0,건설공사비지수,97.11,2020＝100
201903,15397AA2AA234,산업플랜트,,,16397AAA0,건설공사비지수,97.17,2020＝100
201904,15397AA2AA234,산업플랜트,,,16397AAA0,건설공사비지수,96.98,2020＝100
201905,15397AA2AA234,산업플랜트,,,16397AAA0,건설공사비지수,97.06,2020＝100
201906,15397AA2AA234,산업플랜트,,,16397AAA0,건설공사비지수,97.12,2020＝100
201907,15397AA2AA234,산업플랜트,,,16397AAA0,건설공사비지수,97.02,2020＝100
201908,15397AA2AA234,산업플랜트,,,16397AAA0,건설공사비지수,97.14,2020＝100
201909,15397AA2AA234,산업플랜트,,,16397AAA0,건설공사비지수,98.46,2020＝100
201910,15397AA2AA234,산업플랜트,,,16397AAA0,건설공사비지수,98.31,2020＝100
201911,15397AA2AA234,산업플랜트,,,16397AAA0,건설공사비지수,98.13,2020＝100
201912,15397AA2AA234,산업플랜트,,,16397AAA0,건설공사비지수,98.08,2020＝100
201901,15397AA2AA24,기타건설,,,16397AAA0,건설공사비지수,96.7,2020＝100
201902,15397AA2AA24,기타건설,,,16397AAA0,건설공사비지수,97.11,2020＝100
201903,15397AA2AA24,기타건설,,,16397AAA0,건설공사비지수,97.48,2020＝100
201904,15397AA2AA24,기타건설,,,16397AAA0,건설공사비지수,97.41,2020＝100
201905,15397AA2AA24,기타건설,,,16397AAA0,건설공사비지수,97.37,2020＝100
201906,15397AA2AA24,기타건설,,,16397AAA0,건설공사비지수,97.08,2020＝100
201907,15397AA2AA24,기타건설,,,16397AAA0,건설공사비지수,97.02,2020＝100
201908,15397AA2AA24,기타건설,,,16397AAA0,건설공사비지수,97.17,2020＝100
201909,15397AA2AA24,기타건설,,,16397AAA0,건설공사비지수,98.59,2020＝100
201910,15397AA2AA24,기타건설,,,16397AAA0,건설공사비지수,98.39,2020＝100
201911,15397AA2AA24,기타건설,,,16397AAA0,건설공사비지수,98.33,2020＝100
201912,15397AA2AA24,기타건설,,,16397AAA0,건설공사비지수,98.57,2020＝100
201901,15397AA2AA241,기타건설,,,16397AAA0,건설공사비지수,96.7,2020＝100
201902,15397AA2AA241,기타건설,,,16397AAA0,건설공사비지수,97.11,2020＝100
201903,15397AA2AA241,기타건설,,,16397AAA0,건설공사비지수,97.48,2020＝100
201904,15397AA2AA241,기타건설,,,16397AAA0,건설공사비지수,97.41,2020＝100
201905,15397AA2AA241,기타건설,,,16397AAA0,건설공사비지수,97.37,2020＝100
201906,15397AA2AA241,기타건설,,,16397AAA0,건설공사비지수,97.08,2020＝100
201907,15397AA2AA241,기타건설,,,16397AAA0,건설공사비지수,97.02,2020＝100
201908,15397AA2AA241,기타건설,,,16397AAA0,건설공사비지수,97.17,2020＝100
201909,15397AA2AA241,기타건설,,,16397AAA0,건설공사비지수,98.59,2020＝100
201910,15397AA2AA241,기타건설,,,16397AAA0,건설공사비지수,98.39,2020＝100
201911,15397AA2AA241,기타건설,,,16397AAA0,건설공사비지수,98.33,2020＝100
201912,15397AA2AA241,기타건설,,,16397AAA0,건설공사비지수,98.57,2020＝100
202001,15397AA2AA,건설,,,16397AAA0,건설공사비지수,99.86,2020＝100
202002,15397AA2AA,건설,,,16397AAA0,건설공사비지수,99.8,2020＝100
202003,15397AA2AA,건설,,,16397AAA0,건설공사비지수,99.53,2020＝100
202004,15397AA2AA,건설,,,16397AAA0,건설공사비지수,99.26,2020＝100
202005,15397AA2AA,건설,,,16397AAA0,건설공사비지수,99.25,2020＝100
202006,15397AA2AA,건설,,,16397AAA0,건설공사비지수,99.35,2020＝100
202007,15397AA2AA,건설,,,16397AAA0,건설공사비지수,99.31,2020＝100
202008,15397AA2AA,건설,,,16397AAA0,건설공사비지수,99.35,2020＝100
202009,15397AA2AA,건설,,,16397AAA0,건설공사비지수,100.64,2020＝100
202010,15397AA2AA,건설,,,16397AAA0,건설공사비지수,100.63,2020＝100
202011,15397AA2AA,건설,,,16397AAA0,건설공사비지수,100.97,2020＝100
202012,15397AA2AA,건설,,,16397AAA0,건설공사비지수,102.04,2020＝100
202001,15397AA2AA1,건물건설 및 건축보수,,,16397AAA0,건설공사비지수,99.68,2020＝100
202002,15397AA2AA1,건물건설 및 건축보수,,,16397AAA0,건설공사비지수,99.71,2020＝100
202003,15397AA2AA1,건물건설 및 건축보수,,,16397AAA0,건설공사비지수,99.56,2020＝100
202004,15397AA2AA1,건물건설 및 건축보수,,,16397AAA0,건설공사비지수,99.4,2020＝100
202005,15397AA2AA1,건물건설 및 건축보수,,,16397AAA0,건설공사비지수,99.39,2020＝100
202006,15397AA2AA1,건물건설 및 건축보수,,,16397AAA0,건설공사비지수,99.41,2020＝100
202007,15397AA2AA1,건물건설 및 건축보수,,,16397AAA0,건설공사비지수,99.34,2020＝100
202008,15397AA2AA1,건물건설 및 건축보수,,,16397AAA0,건설공사비지수,99.37,2020＝100
202009,15397AA2AA1,건물건설 및 건축보수,,,16397AAA0,건설공사비지수,100.63,2020＝100
202010,15397AA2AA1,건물건설 및 건축보수,,,16397AAA0,건설공사비지수,100.64,2020＝100
202011,15397AA2AA1,건물건설 및 건축보수,,,16397AAA0,건설공사비지수,100.93,2020＝100
202012,15397AA2AA1,건물건설 및 건축보수,,,16397AAA0,건설공사비지수,101.94,2020＝100
202001,15397AA2AA11,주거용건물,,,16397AAA0,건설공사비지수,99.66,2020＝100
202002,15397AA2AA11,주거용건물,,,16397AAA0,건설공사비지수,99.7,2020＝100
202003,15397AA2AA11,주거용건물,,,16397AAA0,건설공사비지수,99.56,2020＝100
202004,15397AA2AA11,주거용건물,,,16397AAA0,건설공사비지수,99.42,2020＝100
202005,15397AA2AA11,주거용건물,,,16397AAA0,건설공사비지수,99.41,2020＝100
202006,15397AA2AA11,주거용건물,,,16397AAA0,건설공사비지수,99.42,2020＝100
202007,15397AA2AA11,주거용건물,,,16397AAA0,건설공사비지수,99.34,2020＝100
202008,15397AA2AA11,주거용건물,,,16397AAA0,건설공사비지수,99.38,2020＝100
202009,15397AA2AA11,주거용건물,,,16397AAA0,건설공사비지수,100.66,2020＝100
202010,15397AA2AA11,주거용건물,,,16397AAA0,건설공사비지수,100.66,2020＝100
202011,15397AA2AA11,주거용건물,,,16397AAA0,건설공사비지수,100.94,2020＝100
202012,15397AA2AA11,주거용건물,,,16397AAA0,건설공사비지수,101.84,2020＝100
202001,15397AA2AA111,주거용건물,,,16397AAA0,건설공사비지수,99.66,2020＝100
202002,15397AA2AA111,주거용건물,,,16397AAA0,건설공사비지수,99.7,2020＝100
202003,15397AA2AA111,주거용건물,,,16397AAA0,건설공사비지수,99.56,2020＝100
202004,15397AA2AA111,주거용건물,,,16397AAA0,건설공사비지수,99.42,2020＝100
202005,15397AA2AA111,주거용건물,,,16397AAA0,건설공사비지수,99.41,2020＝100
202006,15397AA2AA111,주거용건물,,,16397AAA0,건설공사비지수,99.42,2020＝100
202007,15397AA2AA111,주거용건물,,,16397AAA0,건설공사비지수,99.34,2020＝100
202008,15397AA2AA111,주거용건물,,,16397AAA0,건설공사비지수,99.38,2020＝100
202009,15397AA2AA111,주거용건물,,,16397AAA0,건설공사비지수,100.66,2020＝100
202010,15397AA2AA111,주거용건물,,,16397AAA0,건설공사비지수,100.66,2020＝100
202011,15397AA2AA111,주거용건물,,,16397AAA0,건설공사비지수,100.94,2020＝100
202012,15397AA2AA111,주거용건물,,,16397AAA0,건설공사비지수,101.84,2020＝100
202001,15397AA2AA12,비주거용건물,,,16397AAA0,건설공사비지수,99.69,2020＝100
202002,15397AA2AA12,비주거용건물,,,16397AAA0,건설공사비지수,99.71,2020＝100
202003,15397AA2AA12,비주거용건물,,,16397AAA0,건설공사비지수,99.55,2020＝100
202004,15397AA2AA12,비주거용건물,,,16397AAA0,건설공사비지수,99.37,2020＝100
202005,15397AA2AA12,비주거용건물,,,16397AAA0,건설공사비지수,99.37,2020＝100
202006,15397AA2AA12,비주거용건물,,,16397AAA0,건설공사비지수,99.39,2020＝100
202007,15397AA2AA12,비주거용건물,,,16397AAA0,건설공사비지수,99.32,2020＝100
202008,15397AA2AA12,비주거용건물,,,16397AAA0,건설공사비지수,99.36,2020＝100
202009,15397AA2AA12,비주거용건물,,,16397AAA0,건설공사비지수,100.61,2020＝100
202010,15397AA2AA12,비주거용건물,,,16397AAA0,건설공사비지수,100.64,2020＝100
202011,15397AA2AA12,비주거용건물,,,16397AAA0,건설공사비지수,100.95,2020＝100
202012,15397AA2AA12,비주거용건물,,,16397AAA0,건설공사비지수,102.03,2020＝100
202001,15397AA2AA121,비주거용건물,,,16397AAA0,건설공사비지수,99.69,2020＝100
202002,15397AA2AA121,비주거용건물,,,16397AAA0,건설공사비지수,99.71,2020＝100
202003,15397AA2AA121,비주거용건물,,,16397AAA0,건설공사비지수,99.55,2020＝100
202004,15397AA2AA121,비주거용건물,,,16397AAA0,건설공사비지수,99.37,2020＝100
202005,15397AA2AA121,비주거용건물,,,16397AAA0,건설공사비지수,99.37,2020＝100
202006,15397AA2AA121,비주거용건물,,,16397AAA0,건설공사비지수,99.39,2020＝100
202007,15397AA2AA121,비주거용건물,,,16397AAA0,건설공사비지수,99.32,2020＝100
202008,15397AA2AA121,비주거용건물,,,16397AAA0,건설공사비지수,99.36,2020＝100
202009,15397AA2AA121,비주거용건물,,,16397AAA0,건설공사비지수,100.61,2020＝100
202010,15397AA2AA121,비주거용건물,,,16397AAA0,건설공사비지수,100.64,2020＝100
202011,15397AA2AA121,비주거용건물,,,16397AAA0,건설공사비지수,100.95,2020＝100
202012,15397AA2AA121,비주거용건물,,,16397AAA0,건설공사비지수,102.03,2020＝100
202001,15397AA2AA13,건축보수,,,16397AAA0,건설공사비지수,99.74,2020＝100
202002,15397AA2AA13,건축보수,,,16397AAA0,건설공사비지수,99.75,2020＝100
202003,15397AA2AA13,건축보수,,,16397AAA0,건설공사비지수,99.63,2020＝100
202004,15397AA2AA13,건축보수,,,16397AAA0,건설공사비지수,99.45,2020＝100
202005,15397AA2AA13,건축보수,,,16397AAA0,건설공사비지수,99.39,2020＝100
202006,15397AA2AA13,건축보수,,,16397AAA0,건설공사비지수,99.41,2020＝100
202007,15397AA2AA13,건축보수,,,16397AAA0,건설공사비지수,99.37,2020＝100
202008,15397AA2AA13,건축보수,,,16397AAA0,건설공사비지수,99.41,2020＝100
202009,15397AA2AA13,건축보수,,,16397AAA0,건설공사비지수,100.6,2020＝100
202010,15397AA2AA13,건축보수,,,16397AAA0,건설공사비지수,100.55,2020＝100
202011,15397AA2AA13,건축보수,,,16397AAA0,건설공사비지수,100.8,2020＝100
202012,15397AA2AA13,건축보수,,,16397AAA0,건설공사비지수,101.9,2020＝100
202001,15397AA2AA131,건축보수,,,16397AAA0,건설공사비지수,99.74,2020＝100
202002,15397AA2AA131,건축보수,,,16397AAA0,건설공사비지수,99.75,2020＝100
202003,15397AA2AA131,건축보수,,,16397AAA0,건설공사비지수,99.63,2020＝100
202004,15397AA2AA131,건축보수,,,16397AAA0,건설공사비지수,99.45,2020＝100
202005,15397AA2AA131,건축보수,,,16397AAA0,건설공사비지수,99.39,2020＝100
202006,15397AA2AA131,건축보수,,,16397AAA0,건설공사비지수,99.41,2020＝100
202007,15397AA2AA131,건축보수,,,16397AAA0,건설공사비지수,99.37,2020＝100
202008,15397AA2AA131,건축보수,,,16397AAA0,건설공사비지수,99.41,2020＝100
202009,15397AA2AA131,건축보수,,,16397AAA0,건설공사비지수,100.6,2020＝100
202010,15397AA2AA131,건축보수,,,16397AAA0,건설공사비지수,100.55,2020＝100
202011,15397AA2AA131,건축보수,,,16397AAA0,건설공사비지수,100.8,2020＝100
202012,15397AA2AA131,건축보수,,,16397AAA0,건설공사비지수,101.9,2020＝100
202001,15397AA2AA2,토목건설,,,16397AAA0,건설공사비지수,100.29,2020＝100
202002,15397AA2AA2,토목건설,,,16397AAA0,건설공사비지수,100.01,2020＝100
202003,15397AA2AA2,토목건설,,,16397AAA0,건설공사비지수,99.46,2020＝100
202004,15397AA2AA2,토목건설,,,16397AAA0,건설공사비지수,98.92,2020＝100
202005,15397AA2AA2,토목건설,,,16397AAA0,건설공사비지수,98.92,2020＝100
202006,15397AA2AA2,토목건설,,,16397AAA0,건설공사비지수,99.2,2020＝100
202007,15397AA2AA2,토목건설,,,16397AAA0,건설공사비지수,99.26,2020＝100
202008,15397AA2AA2,토목건설,,,16397AAA0,건설공사비지수,99.3,2020＝100
202009,15397AA2AA2,토목건설,,,16397AAA0,건설공사비지수,100.65,2020＝100
202010,15397AA2AA2,토목건설,,,16397AAA0,건설공사비지수,100.6,2020＝100
202011,15397AA2AA2,토목건설,,,16397AAA0,건설공사비지수,101.06,2020＝100
202012,15397AA2AA2,토목건설,,,16397AAA0,건설공사비지수,102.32,2020＝100
202001,15397AA2AA21,교통시설건설,,,16397AAA0,건설공사비지수,100.83,2020＝100
202002,15397AA2AA21,교통시설건설,,,16397AAA0,건설공사비지수,100.44,2020＝100
202003,15397AA2AA21,교통시설건설,,,16397AAA0,건설공사비지수,99.93,2020＝100
202004,15397AA2AA21,교통시설건설,,,16397AAA0,건설공사비지수,99.22,2020＝100
202005,15397AA2AA21,교통시설건설,,,16397AAA0,건설공사비지수,99.1,2020＝100
202006,15397AA2AA21,교통시설건설,,,16397AAA0,건설공사비지수,99.33,2020＝100
202007,15397AA2AA21,교통시설건설,,,16397AAA0,건설공사비지수,99.18,2020＝100
202008,15397AA2AA21,교통시설건설,,,16397AAA0,건설공사비지수,98.97,2020＝100
202009,15397AA2AA21,교통시설건설,,,16397AAA0,건설공사비지수,100.17,2020＝100
202010,15397AA2AA21,교통시설건설,,,16397AAA0,건설공사비지수,100.12,2020＝100
202011,15397AA2AA21,교통시설건설,,,16397AAA0,건설공사비지수,100.66,2020＝100
202012,15397AA2AA21,교통시설건설,,,16397AAA0,건설공사비지수,102.05,2020＝100
202001,15397AA2AA211,도로시설,,,16397AAA0,건설공사비지수,101.12,2020＝100
202002,15397AA2AA211,도로시설,,,16397AAA0,건설공사비지수,100.6,2020＝100
202003,15397AA2AA211,도로시설,,,16397AAA0,건설공사비지수,100.02,2020＝100
202004,15397AA2AA211,도로시설,,,16397AAA0,건설공사비지수,99.17,2020＝100
202005,15397AA2AA211,도로시설,,,16397AAA0,건설공사비지수,99.08,2020＝100
202006,15397AA2AA211,도로시설,,,16397AAA0,건설공사비지수,99.35,2020＝100
202007,15397AA2AA211,도로시설,,,16397AAA0,건설공사비지수,99.18,2020＝100
202008,15397AA2AA211,도로시설,,,16397AAA0,건설공사비지수,98.86,2020＝100
202009,15397AA2AA211,도로시설,,,16397AAA0,건설공사비지수,100.03,2020＝100
202010,15397AA2AA211,도로시설,,,16397AAA0,건설공사비지수,99.95,2020＝100
202011,15397AA2AA211,도로시설,,,16397AAA0,건설공사비지수,100.56,2020＝100
202012,15397AA2AA211,도로시설,,,16397AAA0,건설공사비지수,102.09,2020＝100
202001,15397AA2AA212,철도시설,,,16397AAA0,건설공사비지수,100.14,2020＝100
202002,15397AA2AA212,철도시설,,,16397AAA0,건설공사비지수,100.07,2020＝100
202003,15397AA2AA212,철도시설,,,16397AAA0,건설공사비지수,99.77,2020＝100
202004,15397AA2AA212,철도시설,,,16397AAA0,건설공사비지수,99.4,2020＝100
202005,15397AA2AA212,철도시설,,,16397AAA0,건설공사비지수,99.17,2020＝100
202006,15397AA2AA212,철도시설,,,16397AAA0,건설공사비지수,99.28,2020＝100
202007,15397AA2AA212,철도시설,,,16397AAA0,건설공사비지수,99.16,2020＝100
202008,15397AA2AA212,철도시설,,,16397AAA0,건설공사비지수,99.17,2020＝100
202009,15397AA2AA212,철도시설,,,16397AAA0,건설공사비지수,100.48,2020＝100
202010,15397AA2AA212,철도시설,,,16397AAA0,건설공사비지수,100.53,2020＝100
202011,15397AA2AA212,철도시설,,,16397AAA0,건설공사비지수,100.89,2020＝100
202012,15397AA2AA212,철도시설,,,16397AAA0,건설공사비지수,101.94,2020＝100
202001,15397AA2AA213,항만시설,,,16397AAA0,건설공사비지수,100.66,2020＝100
202002,15397AA2AA213,항만시설,,,16397AAA0,건설공사비지수,100.27,2020＝100
202003,15397AA2AA213,항만시설,,,16397AAA0,건설공사비지수,99.65,2020＝100
202004,15397AA2AA213,항만시설,,,16397AAA0,건설공사비지수,98.98,2020＝100
202005,15397AA2AA213,항만시설,,,16397AAA0,건설공사비지수,99.02,2020＝100
202006,15397AA2AA213,항만시설,,,16397AAA0,건설공사비지수,99.34,2020＝100
202007,15397AA2AA213,항만시설,,,16397AAA0,건설공사비지수,99.21,2020＝100
202008,15397AA2AA213,항만시설,,,16397AAA0,건설공사비지수,99.25,2020＝100
202009,15397AA2AA213,항만시설,,,16397AAA0,건설공사비지수,100.4,2020＝100
202010,15397AA2AA213,항만시설,,,16397AAA0,건설공사비지수,100.34,2020＝100
202011,15397AA2AA213,항만시설,,,16397AAA0,건설공사비지수,100.81,2020＝100
202012,15397AA2AA213,항만시설,,,16397AAA0,건설공사비지수,102.07,2020＝100
202001,15397AA2AA22,일반토목시설건설,,,16397AAA0,건설공사비지수,100.89,2020＝100
202002,15397AA2AA22,일반토목시설건설,,,16397AAA0,건설공사비지수,100.41,2020＝100
202003,15397AA2AA22,일반토목시설건설,,,16397AAA0,건설공사비지수,99.95,2020＝100
202004,15397AA2AA22,일반토목시설건설,,,16397AAA0,건설공사비지수,99.32,2020＝100
202005,15397AA2AA22,일반토목시설건설,,,16397AAA0,건설공사비지수,99.29,2020＝100
202006,15397AA2AA22,일반토목시설건설,,,16397AAA0,건설공사비지수,99.47,2020＝100
202007,15397AA2AA22,일반토목시설건설,,,16397AAA0,건설공사비지수,99.2,2020＝100
202008,15397AA2AA22,일반토목시설건설,,,16397AAA0,건설공사비지수,99.02,2020＝100
202009,15397AA2AA22,일반토목시설건설,,,16397AAA0,건설공사비지수,100.23,2020＝100
202010,15397AA2AA22,일반토목시설건설,,,16397AAA0,건설공사비지수,100.12,2020＝100
202011,15397AA2AA22,일반토목시설건설,,,16397AAA0,건설공사비지수,100.46,2020＝100
202012,15397AA2AA22,일반토목시설건설,,,16397AAA0,건설공사비지수,101.63,2020＝100
202001,15397AA2AA221,하천사방,,,16397AAA0,건설공사비지수,100.39,2020＝100
202002,15397AA2AA221,하천사방,,,16397AAA0,건설공사비지수,100.19,2020＝100
202003,15397AA2AA221,하천사방,,,16397AAA0,건설공사비지수,99.74,2020＝100
202004,15397AA2AA221,하천사방,,,16397AAA0,건설공사비지수,99.12,2020＝100
202005,15397AA2AA221,하천사방,,,16397AAA0,건설공사비지수,98.94,2020＝100
202006,15397AA2AA221,하천사방,,,16397AAA0,건설공사비지수,99.24,2020＝100
202007,15397AA2AA221,하천사방,,,16397AAA0,건설공사비지수,99.2,2020＝100
202008,15397AA2AA221,하천사방,,,16397AAA0,건설공사비지수,99.19,2020＝100
202009,15397AA2AA221,하천사방,,,16397AAA0,건설공사비지수,100.5,2020＝100
202010,15397AA2AA221,하천사방,,,16397AAA0,건설공사비지수,100.44,2020＝100
202011,15397AA2AA221,하천사방,,,16397AAA0,건설공사비지수,100.92,2020＝100
202012,15397AA2AA221,하천사방,,,16397AAA0,건설공사비지수,102.12,2020＝100
202001,15397AA2AA222,상하수도시설,,,16397AAA0,건설공사비지수,100.31,2020＝100
202002,15397AA2AA222,상하수도시설,,,16397AAA0,건설공사비지수,100.1,2020＝100
202003,15397AA2AA222,상하수도시설,,,16397AAA0,건설공사비지수,99.87,2020＝100
202004,15397AA2AA222,상하수도시설,,,16397AAA0,건설공사비지수,99.48,2020＝100
202005,15397AA2AA222,상하수도시설,,,16397AAA0,건설공사비지수,99.44,2020＝100
202006,15397AA2AA222,상하수도시설,,,16397AAA0,건설공사비지수,99.34,2020＝100
202007,15397AA2AA222,상하수도시설,,,16397AAA0,건설공사비지수,99.06,2020＝100
202008,15397AA2AA222,상하수도시설,,,16397AAA0,건설공사비지수,99.19,2020＝100
202009,15397AA2AA222,상하수도시설,,,16397AAA0,건설공사비지수,100.48,2020＝100
202010,15397AA2AA222,상하수도시설,,,16397AAA0,건설공사비지수,100.42,2020＝100
202011,15397AA2AA222,상하수도시설,,,16397AAA0,건설공사비지수,100.63,2020＝100
202012,15397AA2AA222,상하수도시설,,,16397AAA0,건설공사비지수,101.68,2020＝100
202001,15397AA2AA223,농림수산토목,,,16397AAA0,건설공사비지수,100.45,2020＝100
202002,15397AA2AA223,농림수산토목,,,16397AAA0,건설공사비지수,100.15,2020＝100
202003,15397AA2AA223,농림수산토목,,,16397AAA0,건설공사비지수,99.54,2020＝100
202004,15397AA2AA223,농림수산토목,,,16397AAA0,건설공사비지수,98.91,2020＝100
202005,15397AA2AA223,농림수산토목,,,16397AAA0,건설공사비지수,98.9,2020＝100
202006,15397AA2AA223,농림수산토목,,,16397AAA0,건설공사비지수,99.27,2020＝100
202007,15397AA2AA223,농림수산토목,,,16397AAA0,건설공사비지수,99.17,2020＝100
202008,15397AA2AA223,농림수산토목,,,16397AAA0,건설공사비지수,99.23,2020＝100
202009,15397AA2AA223,농림수산토목,,,16397AAA0,건설공사비지수,100.48,2020＝100
202010,15397AA2AA223,농림수산토목,,,16397AAA0,건설공사비지수,100.43,2020＝100
202011,15397AA2AA223,농림수산토목,,,16397AAA0,건설공사비지수,100.93,2020＝100
202012,15397AA2AA223,농림수산토목,,,16397AAA0,건설공사비지수,102.54,2020＝100
202001,15397AA2AA224,도시토목,,,16397AAA0,건설공사비지수,101.48,2020＝100
202002,15397AA2AA224,도시토목,,,16397AAA0,건설공사비지수,100.73,2020＝100
202003,15397AA2AA224,도시토목,,,16397AAA0,건설공사비지수,100.15,2020＝100
202004,15397AA2AA224,도시토목,,,16397AAA0,건설공사비지수,99.35,2020＝100
202005,15397AA2AA224,도시토목,,,16397AAA0,건설공사비지수,99.35,2020＝100
202006,15397AA2AA224,도시토목,,,16397AAA0,건설공사비지수,99.67,2020＝100
202007,15397AA2AA224,도시토목,,,16397AAA0,건설공사비지수,99.31,2020＝100
202008,15397AA2AA224,도시토목,,,16397AAA0,건설공사비지수,98.83,2020＝100
202009,15397AA2AA224,도시토목,,,16397AAA0,건설공사비지수,99.94,2020＝100
202010,15397AA2AA224,도시토목,,,16397AAA0,건설공사비지수,99.78,2020＝100
202011,15397AA2AA224,도시토목,,,16397AAA0,건설공사비지수,100.14,2020＝100
202012,15397AA2AA224,도시토목,,,16397AAA0,건설공사비지수,101.27,2020＝100
202001,15397AA2AA23,산업시설건설,,,16397AAA0,건설공사비지수,99.64,2020＝100
202002,15397AA2AA23,산업시설건설,,,16397AAA0,건설공사비지수,99.57,2020＝100
202003,15397AA2AA23,산업시설건설,,,16397AAA0,건설공사비지수,99.01,2020＝100
202004,15397AA2AA23,산업시설건설,,,16397AAA0,건설공사비지수,98.68,2020＝100
202005,15397AA2AA23,산업시설건설,,,16397AAA0,건설공사비지수,98.73,2020＝100
202006,15397AA2AA23,산업시설건설,,,16397AAA0,건설공사비지수,99.04,2020＝100
202007,15397AA2AA23,산업시설건설,,,16397AAA0,건설공사비지수,99.34,2020＝100
202008,15397AA2AA23,산업시설건설,,,16397AAA0,건설공사비지수,99.62,2020＝100
202009,15397AA2AA23,산업시설건설,,,16397AAA0,건설공사비지수,101.1,2020＝100
202010,15397AA2AA23,산업시설건설,,,16397AAA0,건설공사비지수,101.07,2020＝100
202011,15397AA2AA23,산업시설건설,,,16397AAA0,건설공사비지수,101.51,2020＝100
202012,15397AA2AA23,산업시설건설,,,16397AAA0,건설공사비지수,102.7,2020＝100
202001,15397AA2AA231,환경정화시설,,,16397AAA0,건설공사비지수,99.58,2020＝100
202002,15397AA2AA231,환경정화시설,,,16397AAA0,건설공사비지수,99.69,2020＝100
202003,15397AA2AA231,환경정화시설,,,16397AAA0,건설공사비지수,99.58,2020＝100
202004,15397AA2AA231,환경정화시설,,,16397AAA0,건설공사비지수,99.43,2020＝100
202005,15397AA2AA231,환경정화시설,,,16397AAA0,건설공사비지수,99.41,2020＝100
202006,15397AA2AA231,환경정화시설,,,16397AAA0,건설공사비지수,99.36,2020＝100
202007,15397AA2AA231,환경정화시설,,,16397AAA0,건설공사비지수,99.16,2020＝100
202008,15397AA2AA231,환경정화시설,,,16397AAA0,건설공사비지수,99.2,2020＝100
202009,15397AA2AA231,환경정화시설,,,16397AAA0,건설공사비지수,100.57,2020＝100
202010,15397AA2AA231,환경정화시설,,,16397AAA0,건설공사비지수,100.66,2020＝100
202011,15397AA2AA231,환경정화시설,,,16397AAA0,건설공사비지수,101.02,2020＝100
202012,15397AA2AA231,환경정화시설,,,16397AAA0,건설공사비지수,102.34,2020＝100
202001,15397AA2AA232,발전소시설,,,16397AAA0,건설공사비지수,99.63,2020＝100
202002,15397AA2AA232,발전소시설,,,16397AAA0,건설공사비지수,99.37,2020＝100
202003,15397AA2AA232,발전소시설,,,16397AAA0,건설공사비지수,98.21,2020＝100
202004,15397AA2AA232,발전소시설,,,16397AAA0,건설공사비지수,97.66,2020＝100
202005,15397AA2AA232,발전소시설,,,16397AAA0,건설공사비지수,98.04,2020＝100
202006,15397AA2AA232,발전소시설,,,16397AAA0,건설공사비지수,98.8,2020＝100
202007,15397AA2AA232,발전소시설,,,16397AAA0,건설공사비지수,99.62,2020＝100
202008,15397AA2AA232,발전소시설,,,16397AAA0,건설공사비지수,100.18,2020＝100
202009,15397AA2AA232,발전소시설,,,16397AAA0,건설공사비지수,101.6,2020＝100
202010,15397AA2AA232,발전소시설,,,16397AAA0,건설공사비지수,101.5,2020＝100
202011,15397AA2AA232,발전소시설,,,16397AAA0,건설공사비지수,102.05,2020＝100
202012,15397AA2AA232,발전소시설,,,16397AAA0,건설공사비지수,103.35,2020＝100
202001,15397AA2AA234,산업플랜트,,,16397AAA0,건설공사비지수,99.67,2020＝100
202002,15397AA2AA234,산업플랜트,,,16397AAA0,건설공사비지수,99.75,2020＝100
202003,15397AA2AA234,산업플랜트,,,16397AAA0,건설공사비지수,99.71,2020＝100
202004,15397AA2AA234,산업플랜트,,,16397AAA0,건설공사비지수,99.55,2020＝100
202005,15397AA2AA234,산업플랜트,,,16397AAA0,건설공사비지수,99.3,2020＝100
202006,15397AA2AA234,산업플랜트,,,16397AAA0,건설공사비지수,99.22,2020＝100
202007,15397AA2AA234,산업플랜트,,,16397AAA0,건설공사비지수,99.08,2020＝100
202008,15397AA2AA234,산업플랜트,,,16397AAA0,건설공사비지수,99.13,2020＝100
202009,15397AA2AA234,산업플랜트,,,16397AAA0,건설공사비지수,100.69,2020＝100
202010,15397AA2AA234,산업플랜트,,,16397AAA0,건설공사비지수,100.72,2020＝100
202011,15397AA2AA234,산업플랜트,,,16397AAA0,건설공사비지수,101.05,2020＝100
202012,15397AA2AA234,산업플랜트,,,16397AAA0,건설공사비지수,102.12,2020＝100
202001,15397AA2AA24,기타건설,,,16397AAA0,건설공사비지수,99.89,2020＝100
202002,15397AA2AA24,기타건설,,,16397AAA0,건설공사비지수,99.64,2020＝100
202003,15397AA2AA24,기타건설,,,16397AAA0,건설공사비지수,98.86,2020＝100
202004,15397AA2AA24,기타건설,,,16397AAA0,건설공사비지수,98.27,2020＝100
202005,15397AA2AA24,기타건설,,,16397AAA0,건설공사비지수,98.41,2020＝100
202006,15397AA2AA24,기타건설,,,16397AAA0,건설공사비지수,98.95,2020＝100
202007,15397AA2AA24,기타건설,,,16397AAA0,건설공사비지수,99.29,2020＝100
202008,15397AA2AA24,기타건설,,,16397AAA0,건설공사비지수,99.66,2020＝100
202009,15397AA2AA24,기타건설,,,16397AAA0,건설공사비지수,101.2,2020＝100
202010,15397AA2AA24,기타건설,,,16397AAA0,건설공사비지수,101.15,2020＝100
202011,15397AA2AA24,기타건설,,,16397AAA0,건설공사비지수,101.66,2020＝100
202012,15397AA2AA24,기타건설,,,16397AAA0,건설공사비지수,103.02,2020＝100
202001,15397AA2AA241,기타건설,,,16397AAA0,건설공사비지수,99.89,2020＝100
202002,15397AA2AA241,기타건설,,,16397AAA0,건설공사비지수,99.64,2020＝100
202003,15397AA2AA241,기타건설,,,16397AAA0,건설공사비지수,98.86,2020＝100
202004,15397AA2AA241,기타건설,,,16397AAA0,건설공사비지수,98.27,2020＝100
202005,15397AA2AA241,기타건설,,,16397AAA0,건설공사비지수,98.41,2020＝100
202006,15397AA2AA241,기타건설,,,16397AAA0,건설공사비지수,98.95,2020＝100
202007,15397AA2AA241,기타건설,,,16397AAA0,건설공사비지수,99.29,2020＝100
202008,15397AA2AA241,기타건설,,,16397AAA0,건설공사비지수,99.66,2020＝100
202009,15397AA2AA241,기타건설,,,16397AAA0,건설공사비지수,101.2,2020＝100
202010,15397AA2AA241,기타건설,,,16397AAA0,건설공사비지수,101.15,2020＝100
202011,15397AA2AA241,기타건설,,,16397AAA0,건설공사비지수,101.66,2020＝100
202012,15397AA2AA241,기타건설,,,16397AAA0,건설공사비지수,103.02,2020＝100
202101,15397AA2AA,건설,,,16397AAA0,건설공사비지수,104.07,2020＝100
202102,15397AA2AA,건설,,,16397AAA0,건설공사비지수,104.74,2020＝100
202103,15397AA2AA,건설,,,16397AAA0,건설공사비지수,105.89,2020＝100
202104,15397AA2AA,건설,,,16397AAA0,건설공사비지수,108.16,2020＝100
202105,15397AA2AA,건설,,,16397AAA0,건설공사비지수,110.11,2020＝100
202106,15397AA2AA,건설,,,16397AAA0,건설공사비지수,111.33,2020＝100
202107,15397AA2AA,건설,,,16397AAA0,건설공사비지수,112.51,2020＝100
202108,15397AA2AA,건설,,,16397AAA0,건설공사비지수,114.13,2020＝100
202109,15397AA2AA,건설,,,16397AAA0,건설공사비지수,115.52,2020＝100
202110,15397AA2AA,건설,,,16397AAA0,건설공사비지수,116.79,2020＝100
202111,15397AA2AA,건설,,,16397AAA0,건설공사비지수,117.19,2020＝100
202112,15397AA2AA,건설,,,16397AAA0,건설공사비지수,117.37,2020＝100
202101,15397AA2AA1,건물건설 및 건축보수,,,16397AAA0,건설공사비지수,103.94,2020＝100
202102,15397AA2AA1,건물건설 및 건축보수,,,16397AAA0,건설공사비지수,104.49,2020＝100
202103,15397AA2AA1,건물건설 및 건축보수,,,16397AAA0,건설공사비지수,105.57,2020＝100
202104,15397AA2AA1,건물건설 및 건축보수,,,16397AAA0,건설공사비지수,107.89,2020＝100
202105,15397AA2AA1,건물건설 및 건축보수,,,16397AAA0,건설공사비지수,109.95,2020＝100
202106,15397AA2AA1,건물건설 및 건축보수,,,16397AAA0,건설공사비지수,111.19,2020＝100
202107,15397AA2AA1,건물건설 및 건축보수,,,16397AAA0,건설공사비지수,112.29,2020＝100
202108,15397AA2AA1,건물건설 및 건축보수,,,16397AAA0,건설공사비지수,114.07,2020＝100
202109,15397AA2AA1,건물건설 및 건축보수,,,16397AAA0,건설공사비지수,115.45,2020＝100
202110,15397AA2AA1,건물건설 및 건축보수,,,16397AAA0,건설공사비지수,116.63,2020＝100
202111,15397AA2AA1,건물건설 및 건축보수,,,16397AAA0,건설공사비지수,117.04,2020＝100
202112,15397AA2AA1,건물건설 및 건축보수,,,16397AAA0,건설공사비지수,117.23,2020＝100
202101,15397AA2AA11,주거용건물,,,16397AAA0,건설공사비지수,103.8,2020＝100
202102,15397AA2AA11,주거용건물,,,16397AAA0,건설공사비지수,104.29,2020＝100
202103,15397AA2AA11,주거용건물,,,16397AAA0,건설공사비지수,105.28,2020＝100
202104,15397AA2AA11,주거용건물,,,16397AAA0,건설공사비지수,107.58,2020＝100
202105,15397AA2AA11,주거용건물,,,16397AAA0,건설공사비지수,109.51,2020＝100
202106,15397AA2AA11,주거용건물,,,16397AAA0,건설공사비지수,110.73,2020＝100
202107,15397AA2AA11,주거용건물,,,16397AAA0,건설공사비지수,111.78,2020＝100
202108,15397AA2AA11,주거용건물,,,16397AAA0,건설공사비지수,113.41,2020＝100
202109,15397AA2AA11,주거용건물,,,16397AAA0,건설공사비지수,114.76,2020＝100
202110,15397AA2AA11,주거용건물,,,16397AAA0,건설공사비지수,115.89,2020＝100
202111,15397AA2AA11,주거용건물,,,16397AAA0,건설공사비지수,116.26,2020＝100
202112,15397AA2AA11,주거용건물,,,16397AAA0,건설공사비지수,116.47,2020＝100
202101,15397AA2AA111,주거용건물,,,16397AAA0,건설공사비지수,103.8,2020＝100
202102,15397AA2AA111,주거용건물,,,16397AAA0,건설공사비지수,104.29,2020＝100
202103,15397AA2AA111,주거용건물,,,16397AAA0,건설공사비지수,105.28,2020＝100
202104,15397AA2AA111,주거용건물,,,16397AAA0,건설공사비지수,107.58,2020＝100
202105,15397AA2AA111,주거용건물,,,16397AAA0,건설공사비지수,109.51,2020＝100
202106,15397AA2AA111,주거용건물,,,16397AAA0,건설공사비지수,110.73,2020＝100
202107,15397AA2AA111,주거용건물,,,16397AAA0,건설공사비지수,111.78,2020＝100
202108,15397AA2AA111,주거용건물,,,16397AAA0,건설공사비지수,113.41,2020＝100
202109,15397AA2AA111,주거용건물,,,16397AAA0,건설공사비지수,114.76,2020＝100
202110,15397AA2AA111,주거용건물,,,16397AAA0,건설공사비지수,115.89,2020＝100
202111,15397AA2AA111,주거용건물,,,16397AAA0,건설공사비지수,116.26,2020＝100
202112,15397AA2AA111,주거용건물,,,16397AAA0,건설공사비지수,116.47,2020＝100
202101,15397AA2AA12,비주거용건물,,,16397AAA0,건설공사비지수,104.08,2020＝100
202102,15397AA2AA12,비주거용건물,,,16397AAA0,건설공사비지수,104.67,2020＝100
202103,15397AA2AA12,비주거용건물,,,16397AAA0,건설공사비지수,105.81,2020＝100
202104,15397AA2AA12,비주거용건물,,,16397AAA0,건설공사비지수,108.15,2020＝100
202105,15397AA2AA12,비주거용건물,,,16397AAA0,건설공사비지수,110.32,2020＝100
202106,15397AA2AA12,비주거용건물,,,16397AAA0,건설공사비지수,111.6,2020＝100
202107,15397AA2AA12,비주거용건물,,,16397AAA0,건설공사비지수,112.71,2020＝100
202108,15397AA2AA12,비주거용건물,,,16397AAA0,건설공사비지수,114.61,2020＝100
202109,15397AA2AA12,비주거용건물,,,16397AAA0,건설공사비지수,116.01,2020＝100
202110,15397AA2AA12,비주거용건물,,,16397AAA0,건설공사비지수,117.22,2020＝100
202111,15397AA2AA12,비주거용건물,,,16397AAA0,건설공사비지수,117.64,2020＝100
202112,15397AA2AA12,비주거용건물,,,16397AAA0,건설공사비지수,117.84,2020＝100
202101,15397AA2AA121,비주거용건물,,,16397AAA0,건설공사비지수,104.08,2020＝100
202102,15397AA2AA121,비주거용건물,,,16397AAA0,건설공사비지수,104.67,2020＝100
202103,15397AA2AA121,비주거용건물,,,16397AAA0,건설공사비지수,105.81,2020＝100
202104,15397AA2AA121,비주거용건물,,,16397AAA0,건설공사비지수,108.15,2020＝100
202105,15397AA2AA121,비주거용건물,,,16397AAA0,건설공사비지수,110.32,2020＝100
202106,15397AA2AA121,비주거용건물,,,16397AAA0,건설공사비지수,111.6,2020＝100
202107,15397AA2AA121,비주거용건물,,,16397AAA0,건설공사비지수,112.71,2020＝100
202108,15397AA2AA121,비주거용건물,,,16397AAA0,건설공사비지수,114.61,2020＝100
202109,15397AA2AA121,비주거용건물,,,16397AAA0,건설공사비지수,116.01,2020＝100
202110,15397AA2AA121,비주거용건물,,,16397AAA0,건설공사비지수,117.22,2020＝100
202111,15397AA2AA121,비주거용건물,,,16397AAA0,건설공사비지수,117.64,2020＝100
202112,15397AA2AA121,비주거용건물,,,16397AAA0,건설공사비지수,117.84,2020＝100
202101,15397AA2AA13,건축보수,,,16397AAA0,건설공사비지수,103.9,2020＝100
202102,15397AA2AA13,건축보수,,,16397AAA0,건설공사비지수,104.47,2020＝100
202103,15397AA2AA13,건축보수,,,16397AAA0,건설공사비지수,105.68,2020＝100
202104,15397AA2AA13,건축보수,,,16397AAA0,건설공사비지수,108,2020＝100
202105,15397AA2AA13,건축보수,,,16397AAA0,건설공사비지수,110.12,2020＝100
202106,15397AA2AA13,건축보수,,,16397AAA0,건설공사비지수,111.23,2020＝100
202107,15397AA2AA13,건축보수,,,16397AAA0,건설공사비지수,112.51,2020＝100
202108,15397AA2AA13,건축보수,,,16397AAA0,건설공사비지수,114.39,2020＝100
202109,15397AA2AA13,건축보수,,,16397AAA0,건설공사비지수,115.76,2020＝100
202110,15397AA2AA13,건축보수,,,16397AAA0,건설공사비지수,116.99,2020＝100
202111,15397AA2AA13,건축보수,,,16397AAA0,건설공사비지수,117.49,2020＝100
202112,15397AA2AA13,건축보수,,,16397AAA0,건설공사비지수,117.6,2020＝100
202101,15397AA2AA131,건축보수,,,16397AAA0,건설공사비지수,103.9,2020＝100
202102,15397AA2AA131,건축보수,,,16397AAA0,건설공사비지수,104.47,2020＝100
202103,15397AA2AA131,건축보수,,,16397AAA0,건설공사비지수,105.68,2020＝100
202104,15397AA2AA131,건축보수,,,16397AAA0,건설공사비지수,108,2020＝100
202105,15397AA2AA131,건축보수,,,16397AAA0,건설공사비지수,110.12,2020＝100
202106,15397AA2AA131,건축보수,,,16397AAA0,건설공사비지수,111.23,2020＝100
202107,15397AA2AA131,건축보수,,,16397AAA0,건설공사비지수,112.51,2020＝100
202108,15397AA2AA131,건축보수,,,16397AAA0,건설공사비지수,114.39,2020＝100
202109,15397AA2AA131,건축보수,,,16397AAA0,건설공사비지수,115.76,2020＝100
202110,15397AA2AA131,건축보수,,,16397AAA0,건설공사비지수,116.99,2020＝100
202111,15397AA2AA131,건축보수,,,16397AAA0,건설공사비지수,117.49,2020＝100
202112,15397AA2AA131,건축보수,,,16397AAA0,건설공사비지수,117.6,2020＝100
202101,15397AA2AA2,토목건설,,,16397AAA0,건설공사비지수,104.4,2020＝100
202102,15397AA2AA2,토목건설,,,16397AAA0,건설공사비지수,105.36,2020＝100
202103,15397AA2AA2,토목건설,,,16397AAA0,건설공사비지수,106.69,2020＝100
202104,15397AA2AA2,토목건설,,,16397AAA0,건설공사비지수,108.84,2020＝100
202105,15397AA2AA2,토목건설,,,16397AAA0,건설공사비지수,110.52,2020＝100
202106,15397AA2AA2,토목건설,,,16397AAA0,건설공사비지수,111.69,2020＝100
202107,15397AA2AA2,토목건설,,,16397AAA0,건설공사비지수,113.06,2020＝100
202108,15397AA2AA2,토목건설,,,16397AAA0,건설공사비지수,114.25,2020＝100
202109,15397AA2AA2,토목건설,,,16397AAA0,건설공사비지수,115.69,2020＝100
202110,15397AA2AA2,토목건설,,,16397AAA0,건설공사비지수,117.2,2020＝100
202111,15397AA2AA2,토목건설,,,16397AAA0,건설공사비지수,117.55,2020＝100
202112,15397AA2AA2,토목건설,,,16397AAA0,건설공사비지수,117.7,2020＝100
202101,15397AA2AA21,교통시설건설,,,16397AAA0,건설공사비지수,104.13,2020＝100
202102,15397AA2AA21,교통시설건설,,,16397AAA0,건설공사비지수,104.83,2020＝100
202103,15397AA2AA21,교통시설건설,,,16397AAA0,건설공사비지수,105.93,2020＝100
202104,15397AA2AA21,교통시설건설,,,16397AAA0,건설공사비지수,108.14,2020＝100
202105,15397AA2AA21,교통시설건설,,,16397AAA0,건설공사비지수,109.74,2020＝100
202106,15397AA2AA21,교통시설건설,,,16397AAA0,건설공사비지수,111.38,2020＝100
202107,15397AA2AA21,교통시설건설,,,16397AAA0,건설공사비지수,112.61,2020＝100
202108,15397AA2AA21,교통시설건설,,,16397AAA0,건설공사비지수,113.9,2020＝100
202109,15397AA2AA21,교통시설건설,,,16397AAA0,건설공사비지수,115.17,2020＝100
202110,15397AA2AA21,교통시설건설,,,16397AAA0,건설공사비지수,117.09,2020＝100
202111,15397AA2AA21,교통시설건설,,,16397AAA0,건설공사비지수,117.55,2020＝100
202112,15397AA2AA21,교통시설건설,,,16397AAA0,건설공사비지수,117.68,2020＝100
202101,15397AA2AA211,도로시설,,,16397AAA0,건설공사비지수,104.2,2020＝100
202102,15397AA2AA211,도로시설,,,16397AAA0,건설공사비지수,104.82,2020＝100
202103,15397AA2AA211,도로시설,,,16397AAA0,건설공사비지수,106.02,2020＝100
202104,15397AA2AA211,도로시설,,,16397AAA0,건설공사비지수,108.33,2020＝100
202105,15397AA2AA211,도로시설,,,16397AAA0,건설공사비지수,109.99,2020＝100
202106,15397AA2AA211,도로시설,,,16397AAA0,건설공사비지수,111.66,2020＝100
202107,15397AA2AA211,도로시설,,,16397AAA0,건설공사비지수,112.78,2020＝100
202108,15397AA2AA211,도로시설,,,16397AAA0,건설공사비지수,114.16,2020＝100
202109,15397AA2AA211,도로시설,,,16397AAA0,건설공사비지수,115.34,2020＝100
202110,15397AA2AA211,도로시설,,,16397AAA0,건설공사비지수,117.54,2020＝100
202111,15397AA2AA211,도로시설,,,16397AAA0,건설공사비지수,117.97,2020＝100
202112,15397AA2AA211,도로시설,,,16397AAA0,건설공사비지수,118.27,2020＝100
202101,15397AA2AA212,철도시설,,,16397AAA0,건설공사비지수,103.92,2020＝100
202102,15397AA2AA212,철도시설,,,16397AAA0,건설공사비지수,104.81,2020＝100
202103,15397AA2AA212,철도시설,,,16397AAA0,건설공사비지수,105.67,2020＝100
202104,15397AA2AA212,철도시설,,,16397AAA0,건설공사비지수,107.63,2020＝100
202105,15397AA2AA212,철도시설,,,16397AAA0,건설공사비지수,109.24,2020＝100
202106,15397AA2AA212,철도시설,,,16397AAA0,건설공사비지수,110.95,2020＝100
202107,15397AA2AA212,철도시설,,,16397AAA0,건설공사비지수,112.36,2020＝100
202108,15397AA2AA212,철도시설,,,16397AAA0,건설공사비지수,113.57,2020＝100
202109,15397AA2AA212,철도시설,,,16397AAA0,건설공사비지수,115.06,2020＝100
202110,15397AA2AA212,철도시설,,,16397AAA0,건설공사비지수,116.43,2020＝100
202111,15397AA2AA212,철도시설,,,16397AAA0,건설공사비지수,116.98,2020＝100
202112,15397AA2AA212,철도시설,,,16397AAA0,건설공사비지수,116.84,2020＝100
202101,15397AA2AA213,항만시설,,,16397AAA0,건설공사비지수,104.27,2020＝100
202102,15397AA2AA213,항만시설,,,16397AAA0,건설공사비지수,104.99,2020＝100
202103,15397AA2AA213,항만시설,,,16397AAA0,건설공사비지수,106.03,2020＝100
202104,15397AA2AA213,항만시설,,,16397AAA0,건설공사비지수,108.13,2020＝100
202105,15397AA2AA213,항만시설,,,16397AAA0,건설공사비지수,109.13,2020＝100
202106,15397AA2AA213,항만시설,,,16397AAA0,건설공사비지수,110.35,2020＝100
202107,15397AA2AA213,항만시설,,,16397AAA0,건설공사비지수,111.97,2020＝100
202108,15397AA2AA213,항만시설,,,16397AAA0,건설공사비지수,112.56,2020＝100
202109,15397AA2AA213,항만시설,,,16397AAA0,건설공사비지수,113.93,2020＝100
202110,15397AA2AA213,항만시설,,,16397AAA0,건설공사비지수,115.25,2020＝100
202111,15397AA2AA213,항만시설,,,16397AAA0,건설공사비지수,115.65,2020＝100
202112,15397AA2AA213,항만시설,,,16397AAA0,건설공사비지수,115.23,2020＝100
202101,15397AA2AA22,일반토목시설건설,,,16397AAA0,건설공사비지수,103.85,2020＝100
202102,15397AA2AA22,일반토목시설건설,,,16397AAA0,건설공사비지수,104.55,2020＝100
202103,15397AA2AA22,일반토목시설건설,,,16397AAA0,건설공사비지수,105.67,2020＝100
202104,15397AA2AA22,일반토목시설건설,,,16397AAA0,건설공사비지수,108.29,2020＝100
202105,15397AA2AA22,일반토목시설건설,,,16397AAA0,건설공사비지수,109.54,2020＝100
202106,15397AA2AA22,일반토목시설건설,,,16397AAA0,건설공사비지수,110.92,2020＝100
202107,15397AA2AA22,일반토목시설건설,,,16397AAA0,건설공사비지수,113.02,2020＝100
202108,15397AA2AA22,일반토목시설건설,,,16397AAA0,건설공사비지수,114.03,2020＝100
202109,15397AA2AA22,일반토목시설건설,,,16397AAA0,건설공사비지수,115.47,2020＝100
202110,15397AA2AA22,일반토목시설건설,,,16397AAA0,건설공사비지수,116.97,2020＝100
202111,15397AA2AA22,일반토목시설건설,,,16397AAA0,건설공사비지수,117.45,2020＝100
202112,15397AA2AA22,일반토목시설건설,,,16397AAA0,건설공사비지수,117.38,2020＝100
202101,15397AA2AA221,하천사방,,,16397AAA0,건설공사비지수,104.11,2020＝100
202102,15397AA2AA221,하천사방,,,16397AAA0,건설공사비지수,104.91,2020＝100
202103,15397AA2AA221,하천사방,,,16397AAA0,건설공사비지수,105.84,2020＝100
202104,15397AA2AA221,하천사방,,,16397AAA0,건설공사비지수,107.25,2020＝100
202105,15397AA2AA221,하천사방,,,16397AAA0,건설공사비지수,108.3,2020＝100
202106,15397AA2AA221,하천사방,,,16397AAA0,건설공사비지수,109.49,2020＝100
202107,15397AA2AA221,하천사방,,,16397AAA0,건설공사비지수,110.41,2020＝100
202108,15397AA2AA221,하천사방,,,16397AAA0,건설공사비지수,110.98,2020＝100
202109,15397AA2AA221,하천사방,,,16397AAA0,건설공사비지수,112.49,2020＝100
202110,15397AA2AA221,하천사방,,,16397AAA0,건설공사비지수,113.64,2020＝100
202111,15397AA2AA221,하천사방,,,16397AAA0,건설공사비지수,114.14,2020＝100
202112,15397AA2AA221,하천사방,,,16397AAA0,건설공사비지수,114,2020＝100
202101,15397AA2AA222,상하수도시설,,,16397AAA0,건설공사비지수,104.22,2020＝100
202102,15397AA2AA222,상하수도시설,,,16397AAA0,건설공사비지수,105.02,2020＝100
202103,15397AA2AA222,상하수도시설,,,16397AAA0,건설공사비지수,106.26,2020＝100
202104,15397AA2AA222,상하수도시설,,,16397AAA0,건설공사비지수,109.68,2020＝100
202105,15397AA2AA222,상하수도시설,,,16397AAA0,건설공사비지수,110.36,2020＝100
202106,15397AA2AA222,상하수도시설,,,16397AAA0,건설공사비지수,111.44,2020＝100
202107,15397AA2AA222,상하수도시설,,,16397AAA0,건설공사비지수,115.01,2020＝100
202108,15397AA2AA222,상하수도시설,,,16397AAA0,건설공사비지수,115.96,2020＝100
202109,15397AA2AA222,상하수도시설,,,16397AAA0,건설공사비지수,117.54,2020＝100
202110,15397AA2AA222,상하수도시설,,,16397AAA0,건설공사비지수,118.62,2020＝100
202111,15397AA2AA222,상하수도시설,,,16397AAA0,건설공사비지수,119.03,2020＝100
202112,15397AA2AA222,상하수도시설,,,16397AAA0,건설공사비지수,118.48,2020＝100
202101,15397AA2AA223,농림수산토목,,,16397AAA0,건설공사비지수,104.89,2020＝100
202102,15397AA2AA223,농림수산토목,,,16397AAA0,건설공사비지수,105.59,2020＝100
202103,15397AA2AA223,농림수산토목,,,16397AAA0,건설공사비지수,107.07,2020＝100
202104,15397AA2AA223,농림수산토목,,,16397AAA0,건설공사비지수,109.2,2020＝100
202105,15397AA2AA223,농림수산토목,,,16397AAA0,건설공사비지수,111.26,2020＝100
202106,15397AA2AA223,농림수산토목,,,16397AAA0,건설공사비지수,112.89,2020＝100
202107,15397AA2AA223,농림수산토목,,,16397AAA0,건설공사비지수,114.16,2020＝100
202108,15397AA2AA223,농림수산토목,,,16397AAA0,건설공사비지수,115.77,2020＝100
202109,15397AA2AA223,농림수산토목,,,16397AAA0,건설공사비지수,117.23,2020＝100
202110,15397AA2AA223,농림수산토목,,,16397AAA0,건설공사비지수,118.79,2020＝100
202111,15397AA2AA223,농림수산토목,,,16397AAA0,건설공사비지수,119.09,2020＝100
202112,15397AA2AA223,농림수산토목,,,16397AAA0,건설공사비지수,118.68,2020＝100
202101,15397AA2AA224,도시토목,,,16397AAA0,건설공사비지수,103.3,2020＝100
202102,15397AA2AA224,도시토목,,,16397AAA0,건설공사비지수,103.9,2020＝100
202103,15397AA2AA224,도시토목,,,16397AAA0,건설공사비지수,104.91,2020＝100
202104,15397AA2AA224,도시토목,,,16397AAA0,건설공사비지수,107.38,2020＝100
202105,15397AA2AA224,도시토목,,,16397AAA0,건설공사비지수,108.91,2020＝100
202106,15397AA2AA224,도시토목,,,16397AAA0,건설공사비지수,110.48,2020＝100
202107,15397AA2AA224,도시토목,,,16397AAA0,건설공사비지수,112.04,2020＝100
202108,15397AA2AA224,도시토목,,,16397AAA0,건설공사비지수,113.08,2020＝100
202109,15397AA2AA224,도시토목,,,16397AAA0,건설공사비지수,114.4,2020＝100
202110,15397AA2AA224,도시토목,,,16397AAA0,건설공사비지수,116.24,2020＝100
202111,15397AA2AA224,도시토목,,,16397AAA0,건설공사비지수,116.79,2020＝100
202112,15397AA2AA224,도시토목,,,16397AAA0,건설공사비지수,117.12,2020＝100
202101,15397AA2AA23,산업시설건설,,,16397AAA0,건설공사비지수,104.62,2020＝100
202102,15397AA2AA23,산업시설건설,,,16397AAA0,건설공사비지수,105.84,2020＝100
202103,15397AA2AA23,산업시설건설,,,16397AAA0,건설공사비지수,107.37,2020＝100
202104,15397AA2AA23,산업시설건설,,,16397AAA0,건설공사비지수,109.27,2020＝100
202105,15397AA2AA23,산업시설건설,,,16397AAA0,건설공사비지수,111.09,2020＝100
202106,15397AA2AA23,산업시설건설,,,16397AAA0,건설공사비지수,111.88,2020＝100
202107,15397AA2AA23,산업시설건설,,,16397AAA0,건설공사비지수,112.96,2020＝100
202108,15397AA2AA23,산업시설건설,,,16397AAA0,건설공사비지수,114.14,2020＝100
202109,15397AA2AA23,산업시설건설,,,16397AAA0,건설공사비지수,115.66,2020＝100
202110,15397AA2AA23,산업시설건설,,,16397AAA0,건설공사비지수,116.86,2020＝100
202111,15397AA2AA23,산업시설건설,,,16397AAA0,건설공사비지수,117.03,2020＝100
202112,15397AA2AA23,산업시설건설,,,16397AAA0,건설공사비지수,117.34,2020＝100
202101,15397AA2AA231,환경정화시설,,,16397AAA0,건설공사비지수,104.86,2020＝100
202102,15397AA2AA231,환경정화시설,,,16397AAA0,건설공사비지수,105.59,2020＝100
202103,15397AA2AA231,환경정화시설,,,16397AAA0,건설공사비지수,106.87,2020＝100
202104,15397AA2AA231,환경정화시설,,,16397AAA0,건설공사비지수,109.67,2020＝100
202105,15397AA2AA231,환경정화시설,,,16397AAA0,건설공사비지수,112.65,2020＝100
202106,15397AA2AA231,환경정화시설,,,16397AAA0,건설공사비지수,114.45,2020＝100
202107,15397AA2AA231,환경정화시설,,,16397AAA0,건설공사비지수,116.04,2020＝100
202108,15397AA2AA231,환경정화시설,,,16397AAA0,건설공사비지수,118.56,2020＝100
202109,15397AA2AA231,환경정화시설,,,16397AAA0,건설공사비지수,120.13,2020＝100
202110,15397AA2AA231,환경정화시설,,,16397AAA0,건설공사비지수,121.29,2020＝100
202111,15397AA2AA231,환경정화시설,,,16397AAA0,건설공사비지수,121.72,2020＝100
202112,15397AA2AA231,환경정화시설,,,16397AAA0,건설공사비지수,121.83,2020＝100
202101,15397AA2AA232,발전소시설,,,16397AAA0,건설공사비지수,104.89,2020＝100
202102,15397AA2AA232,발전소시설,,,16397AAA0,건설공사비지수,106.72,2020＝100
202103,15397AA2AA232,발전소시설,,,16397AAA0,건설공사비지수,108.75,2020＝100
202104,15397AA2AA232,발전소시설,,,16397AAA0,건설공사비지수,110.36,2020＝100
202105,15397AA2AA232,발전소시설,,,16397AAA0,건설공사비지수,112.23,2020＝100
202106,15397AA2AA232,발전소시설,,,16397AAA0,건설공사비지수,112.32,2020＝100
202107,15397AA2AA232,발전소시설,,,16397AAA0,건설공사비지수,112.74,2020＝100
202108,15397AA2AA232,발전소시설,,,16397AAA0,건설공사비지수,113.65,2020＝100
202109,15397AA2AA232,발전소시설,,,16397AAA0,건설공사비지수,115.03,2020＝100
202110,15397AA2AA232,발전소시설,,,16397AAA0,건설공사비지수,116.68,2020＝100
202111,15397AA2AA232,발전소시설,,,16397AAA0,건설공사비지수,116.84,2020＝100
202112,15397AA2AA232,발전소시설,,,16397AAA0,건설공사비지수,117.5,2020＝100
202101,15397AA2AA234,산업플랜트,,,16397AAA0,건설공사비지수,104.32,2020＝100
202102,15397AA2AA234,산업플랜트,,,16397AAA0,건설공사비지수,105.02,2020＝100
202103,15397AA2AA234,산업플랜트,,,16397AAA0,건설공사비지수,106.11,2020＝100
202104,15397AA2AA234,산업플랜트,,,16397AAA0,건설공사비지수,108.13,2020＝100
202105,15397AA2AA234,산업플랜트,,,16397AAA0,건설공사비지수,109.73,2020＝100
202106,15397AA2AA234,산업플랜트,,,16397AAA0,건설공사비지수,111.06,2020＝100
202107,15397AA2AA234,산업플랜트,,,16397AAA0,건설공사비지수,112.71,2020＝100
202108,15397AA2AA234,산업플랜트,,,16397AAA0,건설공사비지수,113.95,2020＝100
202109,15397AA2AA234,산업플랜트,,,16397AAA0,건설공사비지수,115.58,2020＝100
202110,15397AA2AA234,산업플랜트,,,16397AAA0,건설공사비지수,116.36,2020＝100
202111,15397AA2AA234,산업플랜트,,,16397AAA0,건설공사비지수,116.51,2020＝100
202112,15397AA2AA234,산업플랜트,,,16397AAA0,건설공사비지수,116.51,2020＝100
202101,15397AA2AA24,기타건설,,,16397AAA0,건설공사비지수,105.27,2020＝100
202102,15397AA2AA24,기타건설,,,16397AAA0,건설공사비지수,106.56,2020＝100
202103,15397AA2AA24,기타건설,,,16397AAA0,건설공사비지수,108.21,2020＝100
202104,15397AA2AA24,기타건설,,,16397AAA0,건설공사비지수,110.11,2020＝100
202105,15397AA2AA24,기타건설,,,16397AAA0,건설공사비지수,112.33,2020＝100
202106,15397AA2AA24,기타건설,,,16397AAA0,건설공사비지수,113.13,2020＝100
202107,15397AA2AA24,기타건설,,,16397AAA0,건설공사비지수,114.39,2020＝100
202108,15397AA2AA24,기타건설,,,16397AAA0,건설공사비지수,115.69,2020＝100
202109,15397AA2AA24,기타건설,,,16397AAA0,건설공사비지수,117.3,2020＝100
202110,15397AA2AA24,기타건설,,,16397AAA0,건설공사비지수,118.74,2020＝100
202111,15397AA2AA24,기타건설,,,16397AAA0,건설공사비지수,119.14,2020＝100
202112,15397AA2AA24,기타건설,,,16397AAA0,건설공사비지수,119.21,2020＝100
202101,15397AA2AA241,기타건설,,,16397AAA0,건설공사비지수,105.27,2020＝100
202102,15397AA2AA241,기타건설,,,16397AAA0,건설공사비지수,106.56,2020＝100
202103,15397AA2AA241,기타건설,,,16397AAA0,건설공사비지수,108.21,2020＝100
202104,15397AA2AA241,기타건설,,,16397AAA0,건설공사비지수,110.11,2020＝100
202105,15397AA2AA241,기타건설,,,16397AAA0,건설공사비지수,112.33,2020＝100
202106,15397AA2AA241,기타건설,,,16397AAA0,건설공사비지수,113.13,2020＝100
202107,15397AA2AA241,기타건설,,,16397AAA0,건설공사비지수,114.39,2020＝100
202108,15397AA2AA241,기타건설,,,16397AAA0,건설공사비지수,115.69,2020＝100
202109,15397AA2AA241,기타건설,,,16397AAA0,건설공사비지수,117.3,2020＝100
202110,15397AA2AA241,기타건설,,,16397AAA0,건설공사비지수,118.74,2020＝100
202111,15397AA2AA241,기타건설,,,16397AAA0,건설공사비지수,119.14,2020＝100
202112,15397AA2AA241,기타건설,,,16397AAA0,건설공사비지수,119.21,2020＝100
202201,15397AA2AA,건설,,,16397AAA0,건설공사비지수,119.77,2020＝100
202202,15397AA2AA,건설,,,16397AAA0,건설공사비지수,120.14,2020＝100
202203,15397AA2AA,건설,,,16397AAA0,건설공사비지수,121.46,2020＝100
202204,15397AA2AA,건설,,,16397AAA0,건설공사비지수,123.27,2020＝100
202205,15397AA2AA,건설,,,16397AAA0,건설공사비지수,124.6,2020＝100
202206,15397AA2AA,건설,,,16397AAA0,건설공사비지수,124.92,2020＝100
202207,15397AA2AA,건설,,,16397AAA0,건설공사비지수,125.01,2020＝100
202208,15397AA2AA,건설,,,16397AAA0,건설공사비지수,124.34,2020＝100
202209,15397AA2AA,건설,,,16397AAA0,건설공사비지수,125.52,2020＝100
202210,15397AA2AA,건설,,,16397AAA0,건설공사비지수,125.6,2020＝100
202211,15397AA2AA,건설,,,16397AAA0,건설공사비지수,125.7,2020＝100
202212,15397AA2AA,건설,,,16397AAA0,건설공사비지수,125.33,2020＝100
202201,15397AA2AA1,건물건설 및 건축보수,,,16397AAA0,건설공사비지수,119.59,2020＝100
202202,15397AA2AA1,건물건설 및 건축보수,,,16397AAA0,건설공사비지수,119.84,2020＝100
202203,15397AA2AA1,건물건설 및 건축보수,,,16397AAA0,건설공사비지수,120.99,2020＝100
202204,15397AA2AA1,건물건설 및 건축보수,,,16397AAA0,건설공사비지수,122.67,2020＝100
202205,15397AA2AA1,건물건설 및 건축보수,,,16397AAA0,건설공사비지수,124.15,2020＝100
202206,15397AA2AA1,건물건설 및 건축보수,,,16397AAA0,건설공사비지수,124.33,2020＝100
202207,15397AA2AA1,건물건설 및 건축보수,,,16397AAA0,건설공사비지수,124.62,2020＝100
202208,15397AA2AA1,건물건설 및 건축보수,,,16397AAA0,건설공사비지수,123.82,2020＝100
202209,15397AA2AA1,건물건설 및 건축보수,,,16397AAA0,건설공사비지수,124.84,2020＝100
202210,15397AA2AA1,건물건설 및 건축보수,,,16397AAA0,건설공사비지수,124.81,2020＝100
202211,15397AA2AA1,건물건설 및 건축보수,,,16397AAA0,건설공사비지수,124.93,2020＝100
202212,15397AA2AA1,건물건설 및 건축보수,,,16397AAA0,건설공사비지수,124.69,2020＝100
202201,15397AA2AA11,주거용건물,,,16397AAA0,건설공사비지수,118.85,2020＝100
202202,15397AA2AA11,주거용건물,,,16397AAA0,건설공사비지수,119.13,2020＝100
202203,15397AA2AA11,주거용건물,,,16397AAA0,건설공사비지수,120.31,2020＝100
202204,15397AA2AA11,주거용건물,,,16397AAA0,건설공사비지수,121.99,2020＝100
202205,15397AA2AA11,주거용건물,,,16397AAA0,건설공사비지수,123.48,2020＝100
202206,15397AA2AA11,주거용건물,,,16397AAA0,건설공사비지수,123.67,2020＝100
202207,15397AA2AA11,주거용건물,,,16397AAA0,건설공사비지수,124.08,2020＝100
202208,15397AA2AA11,주거용건물,,,16397AAA0,건설공사비지수,123.14,2020＝100
202209,15397AA2AA11,주거용건물,,,16397AAA0,건설공사비지수,124.21,2020＝100
202210,15397AA2AA11,주거용건물,,,16397AAA0,건설공사비지수,124.24,2020＝100
202211,15397AA2AA11,주거용건물,,,16397AAA0,건설공사비지수,124.44,2020＝100
202212,15397AA2AA11,주거용건물,,,16397AAA0,건설공사비지수,124.23,2020＝100
202201,15397AA2AA111,주거용건물,,,16397AAA0,건설공사비지수,118.85,2020＝100
202202,15397AA2AA111,주거용건물,,,16397AAA0,건설공사비지수,119.13,2020＝100
202203,15397AA2AA111,주거용건물,,,16397AAA0,건설공사비지수,120.31,2020＝100
202204,15397AA2AA111,주거용건물,,,16397AAA0,건설공사비지수,121.99,2020＝100
202205,15397AA2AA111,주거용건물,,,16397AAA0,건설공사비지수,123.48,2020＝100
202206,15397AA2AA111,주거용건물,,,16397AAA0,건설공사비지수,123.67,2020＝100
202207,15397AA2AA111,주거용건물,,,16397AAA0,건설공사비지수,124.08,2020＝100
202208,15397AA2AA111,주거용건물,,,16397AAA0,건설공사비지수,123.14,2020＝100
202209,15397AA2AA111,주거용건물,,,16397AAA0,건설공사비지수,124.21,2020＝100
202210,15397AA2AA111,주거용건물,,,16397AAA0,건설공사비지수,124.24,2020＝100
202211,15397AA2AA111,주거용건물,,,16397AAA0,건설공사비지수,124.44,2020＝100
202212,15397AA2AA111,주거용건물,,,16397AAA0,건설공사비지수,124.23,2020＝100
202201,15397AA2AA12,비주거용건물,,,16397AAA0,건설공사비지수,120.11,2020＝100
202202,15397AA2AA12,비주거용건물,,,16397AAA0,건설공사비지수,120.36,2020＝100
202203,15397AA2AA12,비주거용건물,,,16397AAA0,건설공사비지수,121.5,2020＝100
202204,15397AA2AA12,비주거용건물,,,16397AAA0,건설공사비지수,123.21,2020＝100
202205,15397AA2AA12,비주거용건물,,,16397AAA0,건설공사비지수,124.72,2020＝100
202206,15397AA2AA12,비주거용건물,,,16397AAA0,건설공사비지수,124.89,2020＝100
202207,15397AA2AA12,비주거용건물,,,16397AAA0,건설공사비지수,125.13,2020＝100
202208,15397AA2AA12,비주거용건물,,,16397AAA0,건설공사비지수,124.35,2020＝100
202209,15397AA2AA12,비주거용건물,,,16397AAA0,건설공사비지수,125.32,2020＝100
202210,15397AA2AA12,비주거용건물,,,16397AAA0,건설공사비지수,125.3,2020＝100
202211,15397AA2AA12,비주거용건물,,,16397AAA0,건설공사비지수,125.4,2020＝100
202212,15397AA2AA12,비주거용건물,,,16397AAA0,건설공사비지수,125.12,2020＝100
202201,15397AA2AA121,비주거용건물,,,16397AAA0,건설공사비지수,120.11,2020＝100
202202,15397AA2AA121,비주거용건물,,,16397AAA0,건설공사비지수,120.36,2020＝100
202203,15397AA2AA121,비주거용건물,,,16397AAA0,건설공사비지수,121.5,2020＝100
202204,15397AA2AA121,비주거용건물,,,16397AAA0,건설공사비지수,123.21,2020＝100
202205,15397AA2AA121,비주거용건물,,,16397AAA0,건설공사비지수,124.72,2020＝100
202206,15397AA2AA121,비주거용건물,,,16397AAA0,건설공사비지수,124.89,2020＝100
202207,15397AA2AA121,비주거용건물,,,16397AAA0,건설공사비지수,125.13,2020＝100
202208,15397AA2AA121,비주거용건물,,,16397AAA0,건설공사비지수,124.35,2020＝100
202209,15397AA2AA121,비주거용건물,,,16397AAA0,건설공사비지수,125.32,2020＝100
202210,15397AA2AA121,비주거용건물,,,16397AAA0,건설공사비지수,125.3,2020＝100
202211,15397AA2AA121,비주거용건물,,,16397AAA0,건설공사비지수,125.4,2020＝100
202212,15397AA2AA121,비주거용건물,,,16397AAA0,건설공사비지수,125.12,2020＝100
202201,15397AA2AA13,건축보수,,,16397AAA0,건설공사비지수,120.25,2020＝100
202202,15397AA2AA13,건축보수,,,16397AAA0,건설공사비지수,120.42,2020＝100
202203,15397AA2AA13,건축보수,,,16397AAA0,건설공사비지수,121.47,2020＝100
202204,15397AA2AA13,건축보수,,,16397AAA0,건설공사비지수,123,2020＝100
202205,15397AA2AA13,건축보수,,,16397AAA0,건설공사비지수,124.31,2020＝100
202206,15397AA2AA13,건축보수,,,16397AAA0,건설공사비지수,124.46,2020＝100
202207,15397AA2AA13,건축보수,,,16397AAA0,건설공사비지수,124.57,2020＝100
202208,15397AA2AA13,건축보수,,,16397AAA0,건설공사비지수,124.27,2020＝100
202209,15397AA2AA13,건축보수,,,16397AAA0,건설공사비지수,125.26,2020＝100
202210,15397AA2AA13,건축보수,,,16397AAA0,건설공사비지수,124.96,2020＝100
202211,15397AA2AA13,건축보수,,,16397AAA0,건설공사비지수,124.84,2020＝100
202212,15397AA2AA13,건축보수,,,16397AAA0,건설공사비지수,124.61,2020＝100
202201,15397AA2AA131,건축보수,,,16397AAA0,건설공사비지수,120.25,2020＝100
202202,15397AA2AA131,건축보수,,,16397AAA0,건설공사비지수,120.42,2020＝100
202203,15397AA2AA131,건축보수,,,16397AAA0,건설공사비지수,121.47,2020＝100
202204,15397AA2AA131,건축보수,,,16397AAA0,건설공사비지수,123,2020＝100
202205,15397AA2AA131,건축보수,,,16397AAA0,건설공사비지수,124.31,2020＝100
202206,15397AA2AA131,건축보수,,,16397AAA0,건설공사비지수,124.46,2020＝100
202207,15397AA2AA131,건축보수,,,16397AAA0,건설공사비지수,124.57,2020＝100
202208,15397AA2AA131,건축보수,,,16397AAA0,건설공사비지수,124.27,2020＝100
202209,15397AA2AA131,건축보수,,,16397AAA0,건설공사비지수,125.26,2020＝100
202210,15397AA2AA131,건축보수,,,16397AAA0,건설공사비지수,124.96,2020＝100
202211,15397AA2AA131,건축보수,,,16397AAA0,건설공사비지수,124.84,2020＝100
202212,15397AA2AA131,건축보수,,,16397AAA0,건설공사비지수,124.61,2020＝100
202201,15397AA2AA2,토목건설,,,16397AAA0,건설공사비지수,120.21,2020＝100
202202,15397AA2AA2,토목건설,,,16397AAA0,건설공사비지수,120.88,2020＝100
202203,15397AA2AA2,토목건설,,,16397AAA0,건설공사비지수,122.64,2020＝100
202204,15397AA2AA2,토목건설,,,16397AAA0,건설공사비지수,124.78,2020＝100
202205,15397AA2AA2,토목건설,,,16397AAA0,건설공사비지수,125.73,2020＝100
202206,15397AA2AA2,토목건설,,,16397AAA0,건설공사비지수,126.39,2020＝100
202207,15397AA2AA2,토목건설,,,16397AAA0,건설공사비지수,125.98,2020＝100
202208,15397AA2AA2,토목건설,,,16397AAA0,건설공사비지수,125.63,2020＝100
202209,15397AA2AA2,토목건설,,,16397AAA0,건설공사비지수,127.23,2020＝100
202210,15397AA2AA2,토목건설,,,16397AAA0,건설공사비지수,127.6,2020＝100
202211,15397AA2AA2,토목건설,,,16397AAA0,건설공사비지수,127.62,2020＝100
202212,15397AA2AA2,토목건설,,,16397AAA0,건설공사비지수,126.95,2020＝100
202201,15397AA2AA21,교통시설건설,,,16397AAA0,건설공사비지수,120.25,2020＝100
202202,15397AA2AA21,교통시설건설,,,16397AAA0,건설공사비지수,121.12,2020＝100
202203,15397AA2AA21,교통시설건설,,,16397AAA0,건설공사비지수,122.97,2020＝100
202204,15397AA2AA21,교통시설건설,,,16397AAA0,건설공사비지수,126.15,2020＝100
202205,15397AA2AA21,교통시설건설,,,16397AAA0,건설공사비지수,127.93,2020＝100
202206,15397AA2AA21,교통시설건설,,,16397AAA0,건설공사비지수,128.91,2020＝100
202207,15397AA2AA21,교통시설건설,,,16397AAA0,건설공사비지수,129.28,2020＝100
202208,15397AA2AA21,교통시설건설,,,16397AAA0,건설공사비지수,128.31,2020＝100
202209,15397AA2AA21,교통시설건설,,,16397AAA0,건설공사비지수,129.51,2020＝100
202210,15397AA2AA21,교통시설건설,,,16397AAA0,건설공사비지수,129.79,2020＝100
202211,15397AA2AA21,교통시설건설,,,16397AAA0,건설공사비지수,130.02,2020＝100
202212,15397AA2AA21,교통시설건설,,,16397AAA0,건설공사비지수,129.1,2020＝100
202201,15397AA2AA211,도로시설,,,16397AAA0,건설공사비지수,120.99,2020＝100
202202,15397AA2AA211,도로시설,,,16397AAA0,건설공사비지수,122.02,2020＝100
202203,15397AA2AA211,도로시설,,,16397AAA0,건설공사비지수,123.89,2020＝100
202204,15397AA2AA211,도로시설,,,16397AAA0,건설공사비지수,127.55,2020＝100
202205,15397AA2AA211,도로시설,,,16397AAA0,건설공사비지수,129.35,2020＝100
202206,15397AA2AA211,도로시설,,,16397AAA0,건설공사비지수,130.65,2020＝100
202207,15397AA2AA211,도로시설,,,16397AAA0,건설공사비지수,131.28,2020＝100
202208,15397AA2AA211,도로시설,,,16397AAA0,건설공사비지수,130.52,2020＝100
202209,15397AA2AA211,도로시설,,,16397AAA0,건설공사비지수,131.63,2020＝100
202210,15397AA2AA211,도로시설,,,16397AAA0,건설공사비지수,131.94,2020＝100
202211,15397AA2AA211,도로시설,,,16397AAA0,건설공사비지수,132.14,2020＝100
202212,15397AA2AA211,도로시설,,,16397AAA0,건설공사비지수,131.09,2020＝100
202201,15397AA2AA212,철도시설,,,16397AAA0,건설공사비지수,118.96,2020＝100
202202,15397AA2AA212,철도시설,,,16397AAA0,건설공사비지수,119.4,2020＝100
202203,15397AA2AA212,철도시설,,,16397AAA0,건설공사비지수,121.12,2020＝100
202204,15397AA2AA212,철도시설,,,16397AAA0,건설공사비지수,123.4,2020＝100
202205,15397AA2AA212,철도시설,,,16397AAA0,건설공사비지수,125.26,2020＝100
202206,15397AA2AA212,철도시설,,,16397AAA0,건설공사비지수,125.37,2020＝100
202207,15397AA2AA212,철도시설,,,16397AAA0,건설공사비지수,125.22,2020＝100
202208,15397AA2AA212,철도시설,,,16397AAA0,건설공사비지수,123.68,2020＝100
202209,15397AA2AA212,철도시설,,,16397AAA0,건설공사비지수,124.94,2020＝100
202210,15397AA2AA212,철도시설,,,16397AAA0,건설공사비지수,125.06,2020＝100
202211,15397AA2AA212,철도시설,,,16397AAA0,건설공사비지수,125.32,2020＝100
202212,15397AA2AA212,철도시설,,,16397AAA0,건설공사비지수,124.84,2020＝100
202201,15397AA2AA213,항만시설,,,16397AAA0,건설공사비지수,117.99,2020＝100
202202,15397AA2AA213,항만시설,,,16397AAA0,건설공사비지수,118.86,2020＝100
202203,15397AA2AA213,항만시설,,,16397AAA0,건설공사비지수,121.14,2020＝100
202204,15397AA2AA213,항만시설,,,16397AAA0,건설공사비지수,123.01,2020＝100
202205,15397AA2AA213,항만시설,,,16397AAA0,건설공사비지수,124.25,2020＝100
202206,15397AA2AA213,항만시설,,,16397AAA0,건설공사비지수,125.35,2020＝100
202207,15397AA2AA213,항만시설,,,16397AAA0,건설공사비지수,125.29,2020＝100
202208,15397AA2AA213,항만시설,,,16397AAA0,건설공사비지수,124.29,2020＝100
202209,15397AA2AA213,항만시설,,,16397AAA0,건설공사비지수,126.07,2020＝100
202210,15397AA2AA213,항만시설,,,16397AAA0,건설공사비지수,126.82,2020＝100
202211,15397AA2AA213,항만시설,,,16397AAA0,건설공사비지수,127.04,2020＝100
202212,15397AA2AA213,항만시설,,,16397AAA0,건설공사비지수,125.93,2020＝100
202201,15397AA2AA22,일반토목시설건설,,,16397AAA0,건설공사비지수,120.07,2020＝100
202202,15397AA2AA22,일반토목시설건설,,,16397AAA0,건설공사비지수,120.95,2020＝100
202203,15397AA2AA22,일반토목시설건설,,,16397AAA0,건설공사비지수,122.89,2020＝100
202204,15397AA2AA22,일반토목시설건설,,,16397AAA0,건설공사비지수,125.4,2020＝100
202205,15397AA2AA22,일반토목시설건설,,,16397AAA0,건설공사비지수,126.59,2020＝100
202206,15397AA2AA22,일반토목시설건설,,,16397AAA0,건설공사비지수,127.77,2020＝100
202207,15397AA2AA22,일반토목시설건설,,,16397AAA0,건설공사비지수,127.85,2020＝100
202208,15397AA2AA22,일반토목시설건설,,,16397AAA0,건설공사비지수,127.49,2020＝100
202209,15397AA2AA22,일반토목시설건설,,,16397AAA0,건설공사비지수,129.12,2020＝100
202210,15397AA2AA22,일반토목시설건설,,,16397AAA0,건설공사비지수,129.64,2020＝100
202211,15397AA2AA22,일반토목시설건설,,,16397AAA0,건설공사비지수,129.42,2020＝100
202212,15397AA2AA22,일반토목시설건설,,,16397AAA0,건설공사비지수,128.15,2020＝100
202201,15397AA2AA221,하천사방,,,16397AAA0,건설공사비지수,116.71,2020＝100
202202,15397AA2AA221,하천사방,,,16397AAA0,건설공사비지수,117.34,2020＝100
202203,15397AA2AA221,하천사방,,,16397AAA0,건설공사비지수,119.09,2020＝100
202204,15397AA2AA221,하천사방,,,16397AAA0,건설공사비지수,121.08,2020＝100
202205,15397AA2AA221,하천사방,,,16397AAA0,건설공사비지수,122.32,2020＝100
202206,15397AA2AA221,하천사방,,,16397AAA0,건설공사비지수,123.18,2020＝100
202207,15397AA2AA221,하천사방,,,16397AAA0,건설공사비지수,123.25,2020＝100
202208,15397AA2AA221,하천사방,,,16397AAA0,건설공사비지수,122.43,2020＝100
202209,15397AA2AA221,하천사방,,,16397AAA0,건설공사비지수,123.93,2020＝100
202210,15397AA2AA221,하천사방,,,16397AAA0,건설공사비지수,124.38,2020＝100
202211,15397AA2AA221,하천사방,,,16397AAA0,건설공사비지수,124.82,2020＝100
202212,15397AA2AA221,하천사방,,,16397AAA0,건설공사비지수,124.08,2020＝100
202201,15397AA2AA222,상하수도시설,,,16397AAA0,건설공사비지수,120.7,2020＝100
202202,15397AA2AA222,상하수도시설,,,16397AAA0,건설공사비지수,121.04,2020＝100
202203,15397AA2AA222,상하수도시설,,,16397AAA0,건설공사비지수,122.99,2020＝100
202204,15397AA2AA222,상하수도시설,,,16397AAA0,건설공사비지수,124.6,2020＝100
202205,15397AA2AA222,상하수도시설,,,16397AAA0,건설공사비지수,125.1,2020＝100
202206,15397AA2AA222,상하수도시설,,,16397AAA0,건설공사비지수,125.9,2020＝100
202207,15397AA2AA222,상하수도시설,,,16397AAA0,건설공사비지수,125.81,2020＝100
202208,15397AA2AA222,상하수도시설,,,16397AAA0,건설공사비지수,125.83,2020＝100
202209,15397AA2AA222,상하수도시설,,,16397AAA0,건설공사비지수,128.05,2020＝100
202210,15397AA2AA222,상하수도시설,,,16397AAA0,건설공사비지수,128.79,2020＝100
202211,15397AA2AA222,상하수도시설,,,16397AAA0,건설공사비지수,127.92,2020＝100
202212,15397AA2AA222,상하수도시설,,,16397AAA0,건설공사비지수,126.89,2020＝100
202201,15397AA2AA223,농림수산토목,,,16397AAA0,건설공사비지수,121.22,2020＝100
202202,15397AA2AA223,농림수산토목,,,16397AAA0,건설공사비지수,121.98,2020＝100
202203,15397AA2AA223,농림수산토목,,,16397AAA0,건설공사비지수,124.08,2020＝100
202204,15397AA2AA223,농림수산토목,,,16397AAA0,건설공사비지수,126.3,2020＝100
202205,15397AA2AA223,농림수산토목,,,16397AAA0,건설공사비지수,127.78,2020＝100
202206,15397AA2AA223,농림수산토목,,,16397AAA0,건설공사비지수,128.58,2020＝100
202207,15397AA2AA223,농림수산토목,,,16397AAA0,건설공사비지수,128.29,2020＝100
202208,15397AA2AA223,농림수산토목,,,16397AAA0,건설공사비지수,127.25,2020＝100
202209,15397AA2AA223,농림수산토목,,,16397AAA0,건설공사비지수,128.62,2020＝100
202210,15397AA2AA223,농림수산토목,,,16397AAA0,건설공사비지수,129.68,2020＝100
202211,15397AA2AA223,농림수산토목,,,16397AAA0,건설공사비지수,129.52,2020＝100
202212,15397AA2AA223,농림수산토목,,,16397AAA0,건설공사비지수,128.31,2020＝100
202201,15397AA2AA224,도시토목,,,16397AAA0,건설공사비지수,120.1,2020＝100
202202,15397AA2AA224,도시토목,,,16397AAA0,건설공사비지수,121.44,2020＝100
202203,15397AA2AA224,도시토목,,,16397AAA0,건설공사비지수,123.39,2020＝100
202204,15397AA2AA224,도시토목,,,16397AAA0,건설공사비지수,126.67,2020＝100
202205,15397AA2AA224,도시토목,,,16397AAA0,건설공사비지수,128.22,2020＝100
202206,15397AA2AA224,도시토목,,,16397AAA0,건설공사비지수,129.86,2020＝100
202207,15397AA2AA224,도시토목,,,16397AAA0,건설공사비지수,130.09,2020＝100
202208,15397AA2AA224,도시토목,,,16397AAA0,건설공사비지수,129.74,2020＝100
202209,15397AA2AA224,도시토목,,,16397AAA0,건설공사비지수,131.04,2020＝100
202210,15397AA2AA224,도시토목,,,16397AAA0,건설공사비지수,131.32,2020＝100
202211,15397AA2AA224,도시토목,,,16397AAA0,건설공사비지수,131.34,2020＝100
202212,15397AA2AA224,도시토목,,,16397AAA0,건설공사비지수,129.77,2020＝100
202201,15397AA2AA23,산업시설건설,,,16397AAA0,건설공사비지수,119.69,2020＝100
202202,15397AA2AA23,산업시설건설,,,16397AAA0,건설공사비지수,120.12,2020＝100
202203,15397AA2AA23,산업시설건설,,,16397AAA0,건설공사비지수,121.67,2020＝100
202204,15397AA2AA23,산업시설건설,,,16397AAA0,건설공사비지수,123.02,2020＝100
202205,15397AA2AA23,산업시설건설,,,16397AAA0,건설공사비지수,123.31,2020＝100
202206,15397AA2AA23,산업시설건설,,,16397AAA0,건설공사비지수,123.56,2020＝100
202207,15397AA2AA23,산업시설건설,,,16397AAA0,건설공사비지수,122.59,2020＝100
202208,15397AA2AA23,산업시설건설,,,16397AAA0,건설공사비지수,122.71,2020＝100
202209,15397AA2AA23,산업시설건설,,,16397AAA0,건설공사비지수,124.54,2020＝100
202210,15397AA2AA23,산업시설건설,,,16397AAA0,건설공사비지수,124.88,2020＝100
202211,15397AA2AA23,산업시설건설,,,16397AAA0,건설공사비지수,124.92,2020＝100
202212,15397AA2AA23,산업시설건설,,,16397AAA0,건설공사비지수,124.78,2020＝100
202201,15397AA2AA231,환경정화시설,,,16397AAA0,건설공사비지수,123.74,2020＝100
202202,15397AA2AA231,환경정화시설,,,16397AAA0,건설공사비지수,124.18,2020＝100
202203,15397AA2AA231,환경정화시설,,,16397AAA0,건설공사비지수,125.47,2020＝100
202204,15397AA2AA231,환경정화시설,,,16397AAA0,건설공사비지수,127.53,2020＝100
202205,15397AA2AA231,환경정화시설,,,16397AAA0,건설공사비지수,128.98,2020＝100
202206,15397AA2AA231,환경정화시설,,,16397AAA0,건설공사비지수,128.82,2020＝100
202207,15397AA2AA231,환경정화시설,,,16397AAA0,건설공사비지수,128.7,2020＝100
202208,15397AA2AA231,환경정화시설,,,16397AAA0,건설공사비지수,127.71,2020＝100
202209,15397AA2AA231,환경정화시설,,,16397AAA0,건설공사비지수,128.84,2020＝100
202210,15397AA2AA231,환경정화시설,,,16397AAA0,건설공사비지수,129.15,2020＝100
202211,15397AA2AA231,환경정화시설,,,16397AAA0,건설공사비지수,129.06,2020＝100
202212,15397AA2AA231,환경정화시설,,,16397AAA0,건설공사비지수,128.49,2020＝100
202201,15397AA2AA232,발전소시설,,,16397AAA0,건설공사비지수,120.05,2020＝100
202202,15397AA2AA232,발전소시설,,,16397AAA0,건설공사비지수,120.79,2020＝100
202203,15397AA2AA232,발전소시설,,,16397AAA0,건설공사비지수,122.81,2020＝100
202204,15397AA2AA232,발전소시설,,,16397AAA0,건설공사비지수,124.01,2020＝100
202205,15397AA2AA232,발전소시설,,,16397AAA0,건설공사비지수,123.61,2020＝100
202206,15397AA2AA232,발전소시설,,,16397AAA0,건설공사비지수,123.93,2020＝100
202207,15397AA2AA232,발전소시설,,,16397AAA0,건설공사비지수,122.01,2020＝100
202208,15397AA2AA232,발전소시설,,,16397AAA0,건설공사비지수,122.62,2020＝100
202209,15397AA2AA232,발전소시설,,,16397AAA0,건설공사비지수,124.83,2020＝100
202210,15397AA2AA232,발전소시설,,,16397AAA0,건설공사비지수,125.3,2020＝100
202211,15397AA2AA232,발전소시설,,,16397AAA0,건설공사비지수,125.59,2020＝100
202212,15397AA2AA232,발전소시설,,,16397AAA0,건설공사비지수,125.66,2020＝100
202201,15397AA2AA234,산업플랜트,,,16397AAA0,건설공사비지수,118.73,2020＝100
202202,15397AA2AA234,산업플랜트,,,16397AAA0,건설공사비지수,118.85,2020＝100
202203,15397AA2AA234,산업플랜트,,,16397AAA0,건설공사비지수,119.99,2020＝100
202204,15397AA2AA234,산업플랜트,,,16397AAA0,건설공사비지수,121.37,2020＝100
202205,15397AA2AA234,산업플랜트,,,16397AAA0,건설공사비지수,122.17,2020＝100
202206,15397AA2AA234,산업플랜트,,,16397AAA0,건설공사비지수,122.42,2020＝100
202207,15397AA2AA234,산업플랜트,,,16397AAA0,건설공사비지수,122.26,2020＝100
202208,15397AA2AA234,산업플랜트,,,16397AAA0,건설공사비지수,122.06,2020＝100
202209,15397AA2AA234,산업플랜트,,,16397AAA0,건설공사비지수,123.62,2020＝100
202210,15397AA2AA234,산업플랜트,,,16397AAA0,건설공사비지수,123.83,2020＝100
202211,15397AA2AA234,산업플랜트,,,16397AAA0,건설공사비지수,123.66,2020＝100
202212,15397AA2AA234,산업플랜트,,,16397AAA0,건설공사비지수,123.37,2020＝100
202201,15397AA2AA24,기타건설,,,16397AAA0,건설공사비지수,121.74,2020＝100
202202,15397AA2AA24,기타건설,,,16397AAA0,건설공사비지수,122.3,2020＝100
202203,15397AA2AA24,기타건설,,,16397AAA0,건설공사비지수,124.16,2020＝100
202204,15397AA2AA24,기타건설,,,16397AAA0,건설공사비지수,125.55,2020＝100
202205,15397AA2AA24,기타건설,,,16397AAA0,건설공사비지수,126.12,2020＝100
202206,15397AA2AA24,기타건설,,,16397AAA0,건설공사비지수,126.29,2020＝100
202207,15397AA2AA24,기타건설,,,16397AAA0,건설공사비지수,124.92,2020＝100
202208,15397AA2AA24,기타건설,,,16397AAA0,건설공사비지수,124.68,2020＝100
202209,15397AA2AA24,기타건설,,,16397AAA0,건설공사비지수,126.47,2020＝100
202210,15397AA2AA24,기타건설,,,16397AAA0,건설공사비지수,126.84,2020＝100
202211,15397AA2AA24,기타건설,,,16397AAA0,건설공사비지수,126.76,2020＝100
202212,15397AA2AA24,기타건설,,,16397AAA0,건설공사비지수,126.16,2020＝100
202201,15397AA2AA241,기타건설,,,16397AAA0,건설공사비지수,121.74,2020＝100
202202,15397AA2AA241,기타건설,,,16397AAA0,건설공사비지수,122.3,2020＝100
202203,15397AA2AA241,기타건설,,,16397AAA0,건설공사비지수,124.16,2020＝100
202204,15397AA2AA241,기타건설,,,16397AAA0,건설공사비지수,125.55,2020＝100
202205,15397AA2AA241,기타건설,,,16397AAA0,건설공사비지수,126.12,2020＝100
202206,15397AA2AA241,기타건설,,,16397AAA0,건설공사비지수,126.29,2020＝100
202207,15397AA2AA241,기타건설,,,16397AAA0,건설공사비지수,124.92,2020＝100
202208,15397AA2AA241,기타건설,,,16397AAA0,건설공사비지수,124.68,2020＝100
202209,15397AA2AA241,기타건설,,,16397AAA0,건설공사비지수,126.47,2020＝100
202210,15397AA2AA241,기타건설,,,16397AAA0,건설공사비지수,126.84,2020＝100
202211,15397AA2AA241,기타건설,,,16397AAA0,건설공사비지수,126.76,2020＝100
202212,15397AA2AA241,기타건설,,,16397AAA0,건설공사비지수,126.16,2020＝100
202301,15397AA2AA,건설,,,16397AAA0,건설공사비지수,127.1,2020＝100
202302,15397AA2AA,건설,,,16397AAA0,건설공사비지수,127.16,2020＝100
202303,15397AA2AA,건설,,,16397AAA0,건설공사비지수,127.34,2020＝100
202304,15397AA2AA,건설,,,16397AAA0,건설공사비지수,127.45,2020＝100
202305,15397AA2AA,건설,,,16397AAA0,건설공사비지수,127.39,2020＝100
202306,15397AA2AA,건설,,,16397AAA0,건설공사비지수,127.42,2020＝100
202307,15397AA2AA,건설,,,16397AAA0,건설공사비지수,127.33,2020＝100
202308,15397AA2AA,건설,,,16397AAA0,건설공사비지수,127.39,2020＝100
202309,15397AA2AA,건설,,,16397AAA0,건설공사비지수,129.34,2020＝100
202310,15397AA2AA,건설,,,16397AAA0,건설공사비지수,129.13,2020＝100
202311,15397AA2AA,건설,,,16397AAA0,건설공사비지수,128.94,2020＝100
202312,15397AA2AA,건설,,,16397AAA0,건설공사비지수,128.78,2020＝100
202301,15397AA2AA1,건물건설 및 건축보수,,,16397AAA0,건설공사비지수,126.42,2020＝100
202302,15397AA2AA1,건물건설 및 건축보수,,,16397AAA0,건설공사비지수,126.46,2020＝100
202303,15397AA2AA1,건물건설 및 건축보수,,,16397AAA0,건설공사비지수,126.65,2020＝100
202304,15397AA2AA1,건물건설 및 건축보수,,,16397AAA0,건설공사비지수,126.76,2020＝100
202305,15397AA2AA1,건물건설 및 건축보수,,,16397AAA0,건설공사비지수,126.81,2020＝100
202306,15397AA2AA1,건물건설 및 건축보수,,,16397AAA0,건설공사비지수,126.87,2020＝100
202307,15397AA2AA1,건물건설 및 건축보수,,,16397AAA0,건설공사비지수,126.7,2020＝100
202308,15397AA2AA1,건물건설 및 건축보수,,,16397AAA0,건설공사비지수,126.7,2020＝100
202309,15397AA2AA1,건물건설 및 건축보수,,,16397AAA0,건설공사비지수,128.64,2020＝100
202310,15397AA2AA1,건물건설 및 건축보수,,,16397AAA0,건설공사비지수,128.45,2020＝100
202311,15397AA2AA1,건물건설 및 건축보수,,,16397AAA0,건설공사비지수,128.28,2020＝100
202312,15397AA2AA1,건물건설 및 건축보수,,,16397AAA0,건설공사비지수,128.16,2020＝100
202301,15397AA2AA11,주거용건물,,,16397AAA0,건설공사비지수,125.98,2020＝100
202302,15397AA2AA11,주거용건물,,,16397AAA0,건설공사비지수,126.05,2020＝100
202303,15397AA2AA11,주거용건물,,,16397AAA0,건설공사비지수,126.28,2020＝100
202304,15397AA2AA11,주거용건물,,,16397AAA0,건설공사비지수,126.4,2020＝100
202305,15397AA2AA11,주거용건물,,,16397AAA0,건설공사비지수,126.49,2020＝100
202306,15397AA2AA11,주거용건물,,,16397AAA0,건설공사비지수,126.51,2020＝100
202307,15397AA2AA11,주거용건물,,,16397AAA0,건설공사비지수,126.34,2020＝100
202308,15397AA2AA11,주거용건물,,,16397AAA0,건설공사비지수,126.33,2020＝100
202309,15397AA2AA11,주거용건물,,,16397AAA0,건설공사비지수,128.33,2020＝100
202310,15397AA2AA11,주거용건물,,,16397AAA0,건설공사비지수,128.15,2020＝100
202311,15397AA2AA11,주거용건물,,,16397AAA0,건설공사비지수,127.99,2020＝100
202312,15397AA2AA11,주거용건물,,,16397AAA0,건설공사비지수,127.87,2020＝100
202301,15397AA2AA111,주거용건물,,,16397AAA0,건설공사비지수,125.98,2020＝100
202302,15397AA2AA111,주거용건물,,,16397AAA0,건설공사비지수,126.05,2020＝100
202303,15397AA2AA111,주거용건물,,,16397AAA0,건설공사비지수,126.28,2020＝100
202304,15397AA2AA111,주거용건물,,,16397AAA0,건설공사비지수,126.4,2020＝100
202305,15397AA2AA111,주거용건물,,,16397AAA0,건설공사비지수,126.49,2020＝100
202306,15397AA2AA111,주거용건물,,,16397AAA0,건설공사비지수,126.51,2020＝100
202307,15397AA2AA111,주거용건물,,,16397AAA0,건설공사비지수,126.34,2020＝100
202308,15397AA2AA111,주거용건물,,,16397AAA0,건설공사비지수,126.33,2020＝100
202309,15397AA2AA111,주거용건물,,,16397AAA0,건설공사비지수,128.33,2020＝100
202310,15397AA2AA111,주거용건물,,,16397AAA0,건설공사비지수,128.15,2020＝100
202311,15397AA2AA111,주거용건물,,,16397AAA0,건설공사비지수,127.99,2020＝100
202312,15397AA2AA111,주거용건물,,,16397AAA0,건설공사비지수,127.87,2020＝100
202301,15397AA2AA12,비주거용건물,,,16397AAA0,건설공사비지수,126.83,2020＝100
202302,15397AA2AA12,비주거용건물,,,16397AAA0,건설공사비지수,126.9,2020＝100
202303,15397AA2AA12,비주거용건물,,,16397AAA0,건설공사비지수,127.09,2020＝100
202304,15397AA2AA12,비주거용건물,,,16397AAA0,건설공사비지수,127.24,2020＝100
202305,15397AA2AA12,비주거용건물,,,16397AAA0,건설공사비지수,127.27,2020＝100
202306,15397AA2AA12,비주거용건물,,,16397AAA0,건설공사비지수,127.36,2020＝100
202307,15397AA2AA12,비주거용건물,,,16397AAA0,건설공사비지수,127.19,2020＝100
202308,15397AA2AA12,비주거용건물,,,16397AAA0,건설공사비지수,127.19,2020＝100
202309,15397AA2AA12,비주거용건물,,,16397AAA0,건설공사비지수,129.09,2020＝100
202310,15397AA2AA12,비주거용건물,,,16397AAA0,건설공사비지수,128.9,2020＝100
202311,15397AA2AA12,비주거용건물,,,16397AAA0,건설공사비지수,128.7,2020＝100
202312,15397AA2AA12,비주거용건물,,,16397AAA0,건설공사비지수,128.58,2020＝100
202301,15397AA2AA121,비주거용건물,,,16397AAA0,건설공사비지수,126.83,2020＝100
202302,15397AA2AA121,비주거용건물,,,16397AAA0,건설공사비지수,126.9,2020＝100
202303,15397AA2AA121,비주거용건물,,,16397AAA0,건설공사비지수,127.09,2020＝100
202304,15397AA2AA121,비주거용건물,,,16397AAA0,건설공사비지수,127.24,2020＝100
202305,15397AA2AA121,비주거용건물,,,16397AAA0,건설공사비지수,127.27,2020＝100
202306,15397AA2AA121,비주거용건물,,,16397AAA0,건설공사비지수,127.36,2020＝100
202307,15397AA2AA121,비주거용건물,,,16397AAA0,건설공사비지수,127.19,2020＝100
202308,15397AA2AA121,비주거용건물,,,16397AAA0,건설공사비지수,127.19,2020＝100
202309,15397AA2AA121,비주거용건물,,,16397AAA0,건설공사비지수,129.09,2020＝100
202310,15397AA2AA121,비주거용건물,,,16397AAA0,건설공사비지수,128.9,2020＝100
202311,15397AA2AA121,비주거용건물,,,16397AAA0,건설공사비지수,128.7,2020＝100
202312,15397AA2AA121,비주거용건물,,,16397AAA0,건설공사비지수,128.58,2020＝100
202301,15397AA2AA13,건축보수,,,16397AAA0,건설공사비지수,126.31,2020＝100
202302,15397AA2AA13,건축보수,,,16397AAA0,건설공사비지수,126.2,2020＝100
202303,15397AA2AA13,건축보수,,,16397AAA0,건설공사비지수,126.17,2020＝100
202304,15397AA2AA13,건축보수,,,16397AAA0,건설공사비지수,126.13,2020＝100
202305,15397AA2AA13,건축보수,,,16397AAA0,건설공사비지수,126.1,2020＝100
202306,15397AA2AA13,건축보수,,,16397AAA0,건설공사비지수,126.16,2020＝100
202307,15397AA2AA13,건축보수,,,16397AAA0,건설공사비지수,126,2020＝100
202308,15397AA2AA13,건축보수,,,16397AAA0,건설공사비지수,126.03,2020＝100
202309,15397AA2AA13,건축보수,,,16397AAA0,건설공사비지수,127.84,2020＝100
202310,15397AA2AA13,건축보수,,,16397AAA0,건설공사비지수,127.7,2020＝100
202311,15397AA2AA13,건축보수,,,16397AAA0,건설공사비지수,127.57,2020＝100
202312,15397AA2AA13,건축보수,,,16397AAA0,건설공사비지수,127.46,2020＝100
202301,15397AA2AA131,건축보수,,,16397AAA0,건설공사비지수,126.31,2020＝100
202302,15397AA2AA131,건축보수,,,16397AAA0,건설공사비지수,126.2,2020＝100
202303,15397AA2AA131,건축보수,,,16397AAA0,건설공사비지수,126.17,2020＝100
202304,15397AA2AA131,건축보수,,,16397AAA0,건설공사비지수,126.13,2020＝100
202305,15397AA2AA131,건축보수,,,16397AAA0,건설공사비지수,126.1,2020＝100
202306,15397AA2AA131,건축보수,,,16397AAA0,건설공사비지수,126.16,2020＝100
202307,15397AA2AA131,건축보수,,,16397AAA0,건설공사비지수,126,2020＝100
202308,15397AA2AA131,건축보수,,,16397AAA0,건설공사비지수,126.03,2020＝100
202309,15397AA2AA131,건축보수,,,16397AAA0,건설공사비지수,127.84,2020＝100
202310,15397AA2AA131,건축보수,,,16397AAA0,건설공사비지수,127.7,2020＝100
202311,15397AA2AA131,건축보수,,,16397AAA0,건설공사비지수,127.57,2020＝100
202312,15397AA2AA131,건축보수,,,16397AAA0,건설공사비지수,127.46,2020＝100
202301,15397AA2AA2,토목건설,,,16397AAA0,건설공사비지수,128.83,2020＝100
202302,15397AA2AA2,토목건설,,,16397AAA0,건설공사비지수,128.91,2020＝100
202303,15397AA2AA2,토목건설,,,16397AAA0,건설공사비지수,129.09,2020＝100
202304,15397AA2AA2,토목건설,,,16397AAA0,건설공사비지수,129.18,2020＝100
202305,15397AA2AA2,토목건설,,,16397AAA0,건설공사비지수,128.84,2020＝100
202306,15397AA2AA2,토목건설,,,16397AAA0,건설공사비지수,128.8,2020＝100
202307,15397AA2AA2,토목건설,,,16397AAA0,건설공사비지수,128.89,2020＝100
202308,15397AA2AA2,토목건설,,,16397AAA0,건설공사비지수,129.12,2020＝100
202309,15397AA2AA2,토목건설,,,16397AAA0,건설공사비지수,131.11,2020＝100
202310,15397AA2AA2,토목건설,,,16397AAA0,건설공사비지수,130.85,2020＝100
202311,15397AA2AA2,토목건설,,,16397AAA0,건설공사비지수,130.59,2020＝100
202312,15397AA2AA2,토목건설,,,16397AAA0,건설공사비지수,130.33,2020＝100
202301,15397AA2AA21,교통시설건설,,,16397AAA0,건설공사비지수,130.55,2020＝100
202302,15397AA2AA21,교통시설건설,,,16397AAA0,건설공사비지수,130.56,2020＝100
202303,15397AA2AA21,교통시설건설,,,16397AAA0,건설공사비지수,130.87,2020＝100
202304,15397AA2AA21,교통시설건설,,,16397AAA0,건설공사비지수,130.89,2020＝100
202305,15397AA2AA21,교통시설건설,,,16397AAA0,건설공사비지수,130.75,2020＝100
202306,15397AA2AA21,교통시설건설,,,16397AAA0,건설공사비지수,130.7,2020＝100
202307,15397AA2AA21,교통시설건설,,,16397AAA0,건설공사비지수,130.85,2020＝100
202308,15397AA2AA21,교통시설건설,,,16397AAA0,건설공사비지수,131.37,2020＝100
202309,15397AA2AA21,교통시설건설,,,16397AAA0,건설공사비지수,133.34,2020＝100
202310,15397AA2AA21,교통시설건설,,,16397AAA0,건설공사비지수,133.28,2020＝100
202311,15397AA2AA21,교통시설건설,,,16397AAA0,건설공사비지수,132.76,2020＝100
202312,15397AA2AA21,교통시설건설,,,16397AAA0,건설공사비지수,132.25,2020＝100
202301,15397AA2AA211,도로시설,,,16397AAA0,건설공사비지수,132.38,2020＝100
202302,15397AA2AA211,도로시설,,,16397AAA0,건설공사비지수,132.38,2020＝100
202303,15397AA2AA211,도로시설,,,16397AAA0,건설공사비지수,132.73,2020＝100
202304,15397AA2AA211,도로시설,,,16397AAA0,건설공사비지수,132.69,2020＝100
202305,15397AA2AA211,도로시설,,,16397AAA0,건설공사비지수,132.59,2020＝100
202306,15397AA2AA211,도로시설,,,16397AAA0,건설공사비지수,132.55,2020＝100
202307,15397AA2AA211,도로시설,,,16397AAA0,건설공사비지수,132.87,2020＝100
202308,15397AA2AA211,도로시설,,,16397AAA0,건설공사비지수,133.51,2020＝100
202309,15397AA2AA211,도로시설,,,16397AAA0,건설공사비지수,135.45,2020＝100
202310,15397AA2AA211,도로시설,,,16397AAA0,건설공사비지수,135.52,2020＝100
202311,15397AA2AA211,도로시설,,,16397AAA0,건설공사비지수,134.95,2020＝100
202312,15397AA2AA211,도로시설,,,16397AAA0,건설공사비지수,134.38,2020＝100
202301,15397AA2AA212,철도시설,,,16397AAA0,건설공사비지수,126.6,2020＝100
202302,15397AA2AA212,철도시설,,,16397AAA0,건설공사비지수,126.67,2020＝100
202303,15397AA2AA212,철도시설,,,16397AAA0,건설공사비지수,126.95,2020＝100
202304,15397AA2AA212,철도시설,,,16397AAA0,건설공사비지수,127.09,2020＝100
202305,15397AA2AA212,철도시설,,,16397AAA0,건설공사비지수,126.98,2020＝100
202306,15397AA2AA212,철도시설,,,16397AAA0,건설공사비지수,126.94,2020＝100
202307,15397AA2AA212,철도시설,,,16397AAA0,건설공사비지수,126.63,2020＝100
202308,15397AA2AA212,철도시설,,,16397AAA0,건설공사비지수,126.82,2020＝100
202309,15397AA2AA212,철도시설,,,16397AAA0,건설공사비지수,128.76,2020＝100
202310,15397AA2AA212,철도시설,,,16397AAA0,건설공사비지수,128.46,2020＝100
202311,15397AA2AA212,철도시설,,,16397AAA0,건설공사비지수,128.1,2020＝100
202312,15397AA2AA212,철도시설,,,16397AAA0,건설공사비지수,127.76,2020＝100
202301,15397AA2AA213,항만시설,,,16397AAA0,건설공사비지수,127.65,2020＝100
202302,15397AA2AA213,항만시설,,,16397AAA0,건설공사비지수,127.54,2020＝100
202303,15397AA2AA213,항만시설,,,16397AAA0,건설공사비지수,127.65,2020＝100
202304,15397AA2AA213,항만시설,,,16397AAA0,건설공사비지수,127.68,2020＝100
202305,15397AA2AA213,항만시설,,,16397AAA0,건설공사비지수,127.15,2020＝100
202306,15397AA2AA213,항만시설,,,16397AAA0,건설공사비지수,127,2020＝100
202307,15397AA2AA213,항만시설,,,16397AAA0,건설공사비지수,127.23,2020＝100
202308,15397AA2AA213,항만시설,,,16397AAA0,건설공사비지수,127.81,2020＝100
202309,15397AA2AA213,항만시설,,,16397AAA0,건설공사비지수,130.11,2020＝100
202310,15397AA2AA213,항만시설,,,16397AAA0,건설공사비지수,129.72,2020＝100
202311,15397AA2AA213,항만시설,,,16397AAA0,건설공사비지수,129.09,2020＝100
202312,15397AA2AA213,항만시설,,,16397AAA0,건설공사비지수,128.48,2020＝100
202301,15397AA2AA22,일반토목시설건설,,,16397AAA0,건설공사비지수,129.78,2020＝100
202302,15397AA2AA22,일반토목시설건설,,,16397AAA0,건설공사비지수,129.7,2020＝100
202303,15397AA2AA22,일반토목시설건설,,,16397AAA0,건설공사비지수,129.76,2020＝100
202304,15397AA2AA22,일반토목시설건설,,,16397AAA0,건설공사비지수,129.61,2020＝100
202305,15397AA2AA22,일반토목시설건설,,,16397AAA0,건설공사비지수,129.15,2020＝100
202306,15397AA2AA22,일반토목시설건설,,,16397AAA0,건설공사비지수,129.05,2020＝100
202307,15397AA2AA22,일반토목시설건설,,,16397AAA0,건설공사비지수,129.32,2020＝100
202308,15397AA2AA22,일반토목시설건설,,,16397AAA0,건설공사비지수,129.65,2020＝100
202309,15397AA2AA22,일반토목시설건설,,,16397AAA0,건설공사비지수,131.8,2020＝100
202310,15397AA2AA22,일반토목시설건설,,,16397AAA0,건설공사비지수,131.53,2020＝100
202311,15397AA2AA22,일반토목시설건설,,,16397AAA0,건설공사비지수,130.97,2020＝100
202312,15397AA2AA22,일반토목시설건설,,,16397AAA0,건설공사비지수,130.61,2020＝100
202301,15397AA2AA221,하천사방,,,16397AAA0,건설공사비지수,125.79,2020＝100
202302,15397AA2AA221,하천사방,,,16397AAA0,건설공사비지수,125.67,2020＝100
202303,15397AA2AA221,하천사방,,,16397AAA0,건설공사비지수,125.8,2020＝100
202304,15397AA2AA221,하천사방,,,16397AAA0,건설공사비지수,125.75,2020＝100
202305,15397AA2AA221,하천사방,,,16397AAA0,건설공사비지수,125.49,2020＝100
202306,15397AA2AA221,하천사방,,,16397AAA0,건설공사비지수,125.19,2020＝100
202307,15397AA2AA221,하천사방,,,16397AAA0,건설공사비지수,125.25,2020＝100
202308,15397AA2AA221,하천사방,,,16397AAA0,건설공사비지수,125.69,2020＝100
202309,15397AA2AA221,하천사방,,,16397AAA0,건설공사비지수,128.11,2020＝100
202310,15397AA2AA221,하천사방,,,16397AAA0,건설공사비지수,128.01,2020＝100
202311,15397AA2AA221,하천사방,,,16397AAA0,건설공사비지수,127.61,2020＝100
202312,15397AA2AA221,하천사방,,,16397AAA0,건설공사비지수,126.94,2020＝100
202301,15397AA2AA222,상하수도시설,,,16397AAA0,건설공사비지수,128.46,2020＝100
202302,15397AA2AA222,상하수도시설,,,16397AAA0,건설공사비지수,128.52,2020＝100
202303,15397AA2AA222,상하수도시설,,,16397AAA0,건설공사비지수,128.61,2020＝100
202304,15397AA2AA222,상하수도시설,,,16397AAA0,건설공사비지수,128.6,2020＝100
202305,15397AA2AA222,상하수도시설,,,16397AAA0,건설공사비지수,128.04,2020＝100
202306,15397AA2AA222,상하수도시설,,,16397AAA0,건설공사비지수,127.99,2020＝100
202307,15397AA2AA222,상하수도시설,,,16397AAA0,건설공사비지수,128.09,2020＝100
202308,15397AA2AA222,상하수도시설,,,16397AAA0,건설공사비지수,127.94,2020＝100
202309,15397AA2AA222,상하수도시설,,,16397AAA0,건설공사비지수,129.86,2020＝100
202310,15397AA2AA222,상하수도시설,,,16397AAA0,건설공사비지수,129.02,2020＝100
202311,15397AA2AA222,상하수도시설,,,16397AAA0,건설공사비지수,128.44,2020＝100
202312,15397AA2AA222,상하수도시설,,,16397AAA0,건설공사비지수,128.42,2020＝100
202301,15397AA2AA223,농림수산토목,,,16397AAA0,건설공사비지수,130.37,2020＝100
202302,15397AA2AA223,농림수산토목,,,16397AAA0,건설공사비지수,130.14,2020＝100
202303,15397AA2AA223,농림수산토목,,,16397AAA0,건설공사비지수,129.99,2020＝100
202304,15397AA2AA223,농림수산토목,,,16397AAA0,건설공사비지수,130.09,2020＝100
202305,15397AA2AA223,농림수산토목,,,16397AAA0,건설공사비지수,129.62,2020＝100
202306,15397AA2AA223,농림수산토목,,,16397AAA0,건설공사비지수,129.55,2020＝100
202307,15397AA2AA223,농림수산토목,,,16397AAA0,건설공사비지수,129.69,2020＝100
202308,15397AA2AA223,농림수산토목,,,16397AAA0,건설공사비지수,130.3,2020＝100
202309,15397AA2AA223,농림수산토목,,,16397AAA0,건설공사비지수,132.62,2020＝100
202310,15397AA2AA223,농림수산토목,,,16397AAA0,건설공사비지수,132.31,2020＝100
202311,15397AA2AA223,농림수산토목,,,16397AAA0,건설공사비지수,131.96,2020＝100
202312,15397AA2AA223,농림수산토목,,,16397AAA0,건설공사비지수,131.5,2020＝100
202301,15397AA2AA224,도시토목,,,16397AAA0,건설공사비지수,131.29,2020＝100
202302,15397AA2AA224,도시토목,,,16397AAA0,건설공사비지수,131.17,2020＝100
202303,15397AA2AA224,도시토목,,,16397AAA0,건설공사비지수,131.21,2020＝100
202304,15397AA2AA224,도시토목,,,16397AAA0,건설공사비지수,130.91,2020＝100
202305,15397AA2AA224,도시토목,,,16397AAA0,건설공사비지수,130.47,2020＝100
202306,15397AA2AA224,도시토목,,,16397AAA0,건설공사비지수,130.39,2020＝100
202307,15397AA2AA224,도시토목,,,16397AAA0,건설공사비지수,130.83,2020＝100
202308,15397AA2AA224,도시토목,,,16397AAA0,건설공사비지수,131.4,2020＝100
202309,15397AA2AA224,도시토목,,,16397AAA0,건설공사비지수,133.57,2020＝100
202310,15397AA2AA224,도시토목,,,16397AAA0,건설공사비지수,133.64,2020＝100
202311,15397AA2AA224,도시토목,,,16397AAA0,건설공사비지수,133.03,2020＝100
202312,15397AA2AA224,도시토목,,,16397AAA0,건설공사비지수,132.56,2020＝100
202301,15397AA2AA23,산업시설건설,,,16397AAA0,건설공사비지수,127.02,2020＝100
202302,15397AA2AA23,산업시설건설,,,16397AAA0,건설공사비지수,127.25,2020＝100
202303,15397AA2AA23,산업시설건설,,,16397AAA0,건설공사비지수,127.44,2020＝100
202304,15397AA2AA23,산업시설건설,,,16397AAA0,건설공사비지수,127.68,2020＝100
202305,15397AA2AA23,산업시설건설,,,16397AAA0,건설공사비지수,127.35,2020＝100
202306,15397AA2AA23,산업시설건설,,,16397AAA0,건설공사비지수,127.34,2020＝100
202307,15397AA2AA23,산업시설건설,,,16397AAA0,건설공사비지수,127.29,2020＝100
202308,15397AA2AA23,산업시설건설,,,16397AAA0,건설공사비지수,127.2,2020＝100
202309,15397AA2AA23,산업시설건설,,,16397AAA0,건설공사비지수,129.06,2020＝100
202310,15397AA2AA23,산업시설건설,,,16397AAA0,건설공사비지수,128.7,2020＝100
202311,15397AA2AA23,산업시설건설,,,16397AAA0,건설공사비지수,128.78,2020＝100
202312,15397AA2AA23,산업시설건설,,,16397AAA0,건설공사비지수,128.76,2020＝100
202301,15397AA2AA231,환경정화시설,,,16397AAA0,건설공사비지수,130.24,2020＝100
202302,15397AA2AA231,환경정화시설,,,16397AAA0,건설공사비지수,130.46,2020＝100
202303,15397AA2AA231,환경정화시설,,,16397AAA0,건설공사비지수,130.46,2020＝100
202304,15397AA2AA231,환경정화시설,,,16397AAA0,건설공사비지수,130.61,2020＝100
202305,15397AA2AA231,환경정화시설,,,16397AAA0,건설공사비지수,130.44,2020＝100
202306,15397AA2AA231,환경정화시설,,,16397AAA0,건설공사비지수,130.34,2020＝100
202307,15397AA2AA231,환경정화시설,,,16397AAA0,건설공사비지수,130.12,2020＝100
202308,15397AA2AA231,환경정화시설,,,16397AAA0,건설공사비지수,129.97,2020＝100
202309,15397AA2AA231,환경정화시설,,,16397AAA0,건설공사비지수,131.97,2020＝100
202310,15397AA2AA231,환경정화시설,,,16397AAA0,건설공사비지수,131.61,2020＝100
202311,15397AA2AA231,환경정화시설,,,16397AAA0,건설공사비지수,131.34,2020＝100
202312,15397AA2AA231,환경정화시설,,,16397AAA0,건설공사비지수,131.32,2020＝100
202301,15397AA2AA232,발전소시설,,,16397AAA0,건설공사비지수,128.07,2020＝100
202302,15397AA2AA232,발전소시설,,,16397AAA0,건설공사비지수,128.38,2020＝100
202303,15397AA2AA232,발전소시설,,,16397AAA0,건설공사비지수,128.68,2020＝100
202304,15397AA2AA232,발전소시설,,,16397AAA0,건설공사비지수,129.07,2020＝100
202305,15397AA2AA232,발전소시설,,,16397AAA0,건설공사비지수,128.41,2020＝100
202306,15397AA2AA232,발전소시설,,,16397AAA0,건설공사비지수,128.58,2020＝100
202307,15397AA2AA232,발전소시설,,,16397AAA0,건설공사비지수,128.73,2020＝100
202308,15397AA2AA232,발전소시설,,,16397AAA0,건설공사비지수,128.74,2020＝100
202309,15397AA2AA232,발전소시설,,,16397AAA0,건설공사비지수,130.28,2020＝100
202310,15397AA2AA232,발전소시설,,,16397AAA0,건설공사비지수,129.77,2020＝100
202311,15397AA2AA232,발전소시설,,,16397AAA0,건설공사비지수,130.15,2020＝100
202312,15397AA2AA232,발전소시설,,,16397AAA0,건설공사비지수,130.2,2020＝100
202301,15397AA2AA234,산업플랜트,,,16397AAA0,건설공사비지수,125.51,2020＝100
202302,15397AA2AA234,산업플랜트,,,16397AAA0,건설공사비지수,125.66,2020＝100
202303,15397AA2AA234,산업플랜트,,,16397AAA0,건설공사비지수,125.78,2020＝100
202304,15397AA2AA234,산업플랜트,,,16397AAA0,건설공사비지수,125.89,2020＝100
202305,15397AA2AA234,산업플랜트,,,16397AAA0,건설공사비지수,125.85,2020＝100
202306,15397AA2AA234,산업플랜트,,,16397AAA0,건설공사비지수,125.68,2020＝100
202307,15397AA2AA234,산업플랜트,,,16397AAA0,건설공사비지수,125.45,2020＝100
202308,15397AA2AA234,산업플랜트,,,16397AAA0,건설공사비지수,125.28,2020＝100
202309,15397AA2AA234,산업플랜트,,,16397AAA0,건설공사비지수,127.43,2020＝100
202310,15397AA2AA234,산업플랜트,,,16397AAA0,건설공사비지수,127.21,2020＝100
202311,15397AA2AA234,산업플랜트,,,16397AAA0,건설공사비지수,127.06,2020＝100
202312,15397AA2AA234,산업플랜트,,,16397AAA0,건설공사비지수,126.98,2020＝100
202301,15397AA2AA24,기타건설,,,16397AAA0,건설공사비지수,128.42,2020＝100
202302,15397AA2AA24,기타건설,,,16397AAA0,건설공사비지수,128.49,2020＝100
202303,15397AA2AA24,기타건설,,,16397AAA0,건설공사비지수,128.57,2020＝100
202304,15397AA2AA24,기타건설,,,16397AAA0,건설공사비지수,128.83,2020＝100
202305,15397AA2AA24,기타건설,,,16397AAA0,건설공사비지수,128.23,2020＝100
202306,15397AA2AA24,기타건설,,,16397AAA0,건설공사비지수,128.22,2020＝100
202307,15397AA2AA24,기타건설,,,16397AAA0,건설공사비지수,128.28,2020＝100
202308,15397AA2AA24,기타건설,,,16397AAA0,건설공사비지수,128.53,2020＝100
202309,15397AA2AA24,기타건설,,,16397AAA0,건설공사비지수,130.69,2020＝100
202310,15397AA2AA24,기타건설,,,16397AAA0,건설공사비지수,130.28,2020＝100
202311,15397AA2AA24,기타건설,,,16397AAA0,건설공사비지수,130.15,2020＝100
202312,15397AA2AA24,기타건설,,,16397AAA0,건설공사비지수,129.97,2020＝100
202301,15397AA2AA241,기타건설,,,16397AAA0,건설공사비지수,128.42,2020＝100
202302,15397AA2AA241,기타건설,,,16397AAA0,건설공사비지수,128.49,2020＝100
202303,15397AA2AA241,기타건설,,,16397AAA0,건설공사비지수,128.57,2020＝100
202304,15397AA2AA241,기타건설,,,16397AAA0,건설공사비지수,128.83,2020＝100
202305,15397AA2AA241,기타건설,,,16397AAA0,건설공사비지수,128.23,2020＝100
202306,15397AA2AA241,기타건설,,,16397AAA0,건설공사비지수,128.22,2020＝100
202307,15397AA2AA241,기타건설,,,16397AAA0,건설공사비지수,128.28,2020＝100
202308,15397AA2AA241,기타건설,,,16397AAA0,건설공사비지수,128.53,2020＝100
202309,15397AA2AA241,기타건설,,,16397AAA0,건설공사비지수,130.69,2020＝100
202310,15397AA2AA241,기타건설,,,16397AAA0,건설공사비지수,130.28,2020＝100
202311,15397AA2AA241,기타건설,,,16397AAA0,건설공사비지수,130.15,2020＝100
202312,15397AA2AA241,기타건설,,,16397AAA0,건설공사비지수,129.97,2020＝100
202401,15397AA2AA,건설,,,16397AAA0,건설공사비지수,129.77,2020＝100
202402,15397AA2AA,건설,,,16397AAA0,건설공사비지수,130.05,2020＝100
202403,15397AA2AA,건설,,,16397AAA0,건설공사비지수,130.05,2020＝100
202404,15397AA2AA,건설,,,16397AAA0,건설공사비지수,130.08,2020＝100
202405,15397AA2AA,건설,,,16397AAA0,건설공사비지수,130.2,2020＝100
202406,15397AA2AA,건설,,,16397AAA0,건설공사비지수,130.11,2020＝100
202407,15397AA2AA,건설,,,16397AAA0,건설공사비지수,129.96,2020＝100
202408,15397AA2AA,건설,,,16397AAA0,건설공사비지수,129.72,2020＝100
202409,15397AA2AA,건설,,,16397AAA0,건설공사비지수,130.39,2020＝100
202410,15397AA2AA,건설,,,16397AAA0,건설공사비지수,130.29,2020＝100
202411,15397AA2AA,건설,,,16397AAA0,건설공사비지수,130.22,2020＝100
202412,15397AA2AA,건설,,,16397AAA0,건설공사비지수,130.12,2020＝100
202401,15397AA2AA1,건물건설 및 건축보수,,,16397AAA0,건설공사비지수,129.16,2020＝100
202402,15397AA2AA1,건물건설 및 건축보수,,,16397AAA0,건설공사비지수,129.41,2020＝100
202403,15397AA2AA1,건물건설 및 건축보수,,,16397AAA0,건설공사비지수,129.37,2020＝100
202404,15397AA2AA1,건물건설 및 건축보수,,,16397AAA0,건설공사비지수,129.34,2020＝100
202405,15397AA2AA1,건물건설 및 건축보수,,,16397AAA0,건설공사비지수,129.35,2020＝100
202406,15397AA2AA1,건물건설 및 건축보수,,,16397AAA0,건설공사비지수,129.24,2020＝100
202407,15397AA2AA1,건물건설 및 건축보수,,,16397AAA0,건설공사비지수,129.11,2020＝100
202408,15397AA2AA1,건물건설 및 건축보수,,,16397AAA0,건설공사비지수,128.98,2020＝100
202409,15397AA2AA1,건물건설 및 건축보수,,,16397AAA0,건설공사비지수,129.68,2020＝100
202410,15397AA2AA1,건물건설 및 건축보수,,,16397AAA0,건설공사비지수,129.5,2020＝100
202411,15397AA2AA1,건물건설 및 건축보수,,,16397AAA0,건설공사비지수,129.42,2020＝100
202412,15397AA2AA1,건물건설 및 건축보수,,,16397AAA0,건설공사비지수,129.27,2020＝100
202401,15397AA2AA11,주거용건물,,,16397AAA0,건설공사비지수,128.93,2020＝100
202402,15397AA2AA11,주거용건물,,,16397AAA0,건설공사비지수,129.21,2020＝100
202403,15397AA2AA11,주거용건물,,,16397AAA0,건설공사비지수,129.14,2020＝100
202404,15397AA2AA11,주거용건물,,,16397AAA0,건설공사비지수,129.1,2020＝100
202405,15397AA2AA11,주거용건물,,,16397AAA0,건설공사비지수,129.08,2020＝100
202406,15397AA2AA11,주거용건물,,,16397AAA0,건설공사비지수,128.95,2020＝100
202407,15397AA2AA11,주거용건물,,,16397AAA0,건설공사비지수,128.79,2020＝100
202408,15397AA2AA11,주거용건물,,,16397AAA0,건설공사비지수,128.7,2020＝100
202409,15397AA2AA11,주거용건물,,,16397AAA0,건설공사비지수,129.43,2020＝100
202410,15397AA2AA11,주거용건물,,,16397AAA0,건설공사비지수,129.23,2020＝100
202411,15397AA2AA11,주거용건물,,,16397AAA0,건설공사비지수,129.17,2020＝100
202412,15397AA2AA11,주거용건물,,,16397AAA0,건설공사비지수,129.01,2020＝100
202401,15397AA2AA111,주거용건물,,,16397AAA0,건설공사비지수,128.93,2020＝100
202402,15397AA2AA111,주거용건물,,,16397AAA0,건설공사비지수,129.21,2020＝100
202403,15397AA2AA111,주거용건물,,,16397AAA0,건설공사비지수,129.14,2020＝100
202404,15397AA2AA111,주거용건물,,,16397AAA0,건설공사비지수,129.1,2020＝100
202405,15397AA2AA111,주거용건물,,,16397AAA0,건설공사비지수,129.08,2020＝100
202406,15397AA2AA111,주거용건물,,,16397AAA0,건설공사비지수,128.95,2020＝100
202407,15397AA2AA111,주거용건물,,,16397AAA0,건설공사비지수,128.79,2020＝100
202408,15397AA2AA111,주거용건물,,,16397AAA0,건설공사비지수,128.7,2020＝100
202409,15397AA2AA111,주거용건물,,,16397AAA0,건설공사비지수,129.43,2020＝100
202410,15397AA2AA111,주거용건물,,,16397AAA0,건설공사비지수,129.23,2020＝100
202411,15397AA2AA111,주거용건물,,,16397AAA0,건설공사비지수,129.17,2020＝100
202412,15397AA2AA111,주거용건물,,,16397AAA0,건설공사비지수,129.01,2020＝100
202401,15397AA2AA12,비주거용건물,,,16397AAA0,건설공사비지수,129.52,2020＝100
202402,15397AA2AA12,비주거용건물,,,16397AAA0,건설공사비지수,129.77,2020＝100
202403,15397AA2AA12,비주거용건물,,,16397AAA0,건설공사비지수,129.74,2020＝100
202404,15397AA2AA12,비주거용건물,,,16397AAA0,건설공사비지수,129.71,2020＝100
202405,15397AA2AA12,비주거용건물,,,16397AAA0,건설공사비지수,129.74,2020＝100
202406,15397AA2AA12,비주거용건물,,,16397AAA0,건설공사비지수,129.62,2020＝100
202407,15397AA2AA12,비주거용건물,,,16397AAA0,건설공사비지수,129.5,2020＝100
202408,15397AA2AA12,비주거용건물,,,16397AAA0,건설공사비지수,129.34,2020＝100
202409,15397AA2AA12,비주거용건물,,,16397AAA0,건설공사비지수,130.02,2020＝100
202410,15397AA2AA12,비주거용건물,,,16397AAA0,건설공사비지수,129.85,2020＝100
202411,15397AA2AA12,비주거용건물,,,16397AAA0,건설공사비지수,129.75,2020＝100
202412,15397AA2AA12,비주거용건물,,,16397AAA0,건설공사비지수,129.61,2020＝100
202401,15397AA2AA121,비주거용건물,,,16397AAA0,건설공사비지수,129.52,2020＝100
202402,15397AA2AA121,비주거용건물,,,16397AAA0,건설공사비지수,129.77,2020＝100
202403,15397AA2AA121,비주거용건물,,,16397AAA0,건설공사비지수,129.74,2020＝100
202404,15397AA2AA121,비주거용건물,,,16397AAA0,건설공사비지수,129.71,2020＝100
202405,15397AA2AA121,비주거용건물,,,16397AAA0,건설공사비지수,129.74,2020＝100
202406,15397AA2AA121,비주거용건물,,,16397AAA0,건설공사비지수,129.62,2020＝100
202407,15397AA2AA121,비주거용건물,,,16397AAA0,건설공사비지수,129.5,2020＝100
202408,15397AA2AA121,비주거용건물,,,16397AAA0,건설공사비지수,129.34,2020＝100
202409,15397AA2AA121,비주거용건물,,,16397AAA0,건설공사비지수,130.02,2020＝100
202410,15397AA2AA121,비주거용건물,,,16397AAA0,건설공사비지수,129.85,2020＝100
202411,15397AA2AA121,비주거용건물,,,16397AAA0,건설공사비지수,129.75,2020＝100
202412,15397AA2AA121,비주거용건물,,,16397AAA0,건설공사비지수,129.61,2020＝100
202401,15397AA2AA13,건축보수,,,16397AAA0,건설공사비지수,128.47,2020＝100
202402,15397AA2AA13,건축보수,,,16397AAA0,건설공사비지수,128.64,2020＝100
202403,15397AA2AA13,건축보수,,,16397AAA0,건설공사비지수,128.63,2020＝100
202404,15397AA2AA13,건축보수,,,16397AAA0,건설공사비지수,128.64,2020＝100
202405,15397AA2AA13,건축보수,,,16397AAA0,건설공사비지수,128.73,2020＝100
202406,15397AA2AA13,건축보수,,,16397AAA0,건설공사비지수,128.73,2020＝100
202407,15397AA2AA13,건축보수,,,16397AAA0,건설공사비지수,128.67,2020＝100
202408,15397AA2AA13,건축보수,,,16397AAA0,건설공사비지수,128.53,2020＝100
202409,15397AA2AA13,건축보수,,,16397AAA0,건설공사비지수,129.16,2020＝100
202410,15397AA2AA13,건축보수,,,16397AAA0,건설공사비지수,129.05,2020＝100
202411,15397AA2AA13,건축보수,,,16397AAA0,건설공사비지수,128.96,2020＝100
202412,15397AA2AA13,건축보수,,,16397AAA0,건설공사비지수,128.87,2020＝100
202401,15397AA2AA131,건축보수,,,16397AAA0,건설공사비지수,128.47,2020＝100
202402,15397AA2AA131,건축보수,,,16397AAA0,건설공사비지수,128.64,2020＝100
202403,15397AA2AA131,건축보수,,,16397AAA0,건설공사비지수,128.63,2020＝100
202404,15397AA2AA131,건축보수,,,16397AAA0,건설공사비지수,128.64,2020＝100
202405,15397AA2AA131,건축보수,,,16397AAA0,건설공사비지수,128.73,2020＝100
202406,15397AA2AA131,건축보수,,,16397AAA0,건설공사비지수,128.73,2020＝100
202407,15397AA2AA131,건축보수,,,16397AAA0,건설공사비지수,128.67,2020＝100
202408,15397AA2AA131,건축보수,,,16397AAA0,건설공사비지수,128.53,2020＝100
202409,15397AA2AA131,건축보수,,,16397AAA0,건설공사비지수,129.16,2020＝100
202410,15397AA2AA131,건축보수,,,16397AAA0,건설공사비지수,129.05,2020＝100
202411,15397AA2AA131,건축보수,,,16397AAA0,건설공사비지수,128.96,2020＝100
202412,15397AA2AA131,건축보수,,,16397AAA0,건설공사비지수,128.87,2020＝100
202401,15397AA2AA2,토목건설,,,16397AAA0,건설공사비지수,131.3,2020＝100
202402,15397AA2AA2,토목건설,,,16397AAA0,건설공사비지수,131.67,2020＝100
202403,15397AA2AA2,토목건설,,,16397AAA0,건설공사비지수,131.75,2020＝100
202404,15397AA2AA2,토목건설,,,16397AAA0,건설공사비지수,131.96,2020＝100
202405,15397AA2AA2,토목건설,,,16397AAA0,건설공사비지수,132.35,2020＝100
202406,15397AA2AA2,토목건설,,,16397AAA0,건설공사비지수,132.29,2020＝100
202407,15397AA2AA2,토목건설,,,16397AAA0,건설공사비지수,132.09,2020＝100
202408,15397AA2AA2,토목건설,,,16397AAA0,건설공사비지수,131.58,2020＝100
202409,15397AA2AA2,토목건설,,,16397AAA0,건설공사비지수,132.18,2020＝100
202410,15397AA2AA2,토목건설,,,16397AAA0,건설공사비지수,132.28,2020＝100
202411,15397AA2AA2,토목건설,,,16397AAA0,건설공사비지수,132.23,2020＝100
202412,15397AA2AA2,토목건설,,,16397AAA0,건설공사비지수,132.27,2020＝100
202401,15397AA2AA21,교통시설건설,,,16397AAA0,건설공사비지수,133.23,2020＝100
202402,15397AA2AA21,교통시설건설,,,16397AAA0,건설공사비지수,133.69,2020＝100
202403,15397AA2AA21,교통시설건설,,,16397AAA0,건설공사비지수,133.44,2020＝100
202404,15397AA2AA21,교통시설건설,,,16397AAA0,건설공사비지수,132.98,2020＝100
202405,15397AA2AA21,교통시설건설,,,16397AAA0,건설공사비지수,132.77,2020＝100
202406,15397AA2AA21,교통시설건설,,,16397AAA0,건설공사비지수,132.74,2020＝100
202407,15397AA2AA21,교통시설건설,,,16397AAA0,건설공사비지수,132.64,2020＝100
202408,15397AA2AA21,교통시설건설,,,16397AAA0,건설공사비지수,132.24,2020＝100
202409,15397AA2AA21,교통시설건설,,,16397AAA0,건설공사비지수,132.6,2020＝100
202410,15397AA2AA21,교통시설건설,,,16397AAA0,건설공사비지수,132.4,2020＝100
202411,15397AA2AA21,교통시설건설,,,16397AAA0,건설공사비지수,132.53,2020＝100
202412,15397AA2AA21,교통시설건설,,,16397AAA0,건설공사비지수,132.48,2020＝100
202401,15397AA2AA211,도로시설,,,16397AAA0,건설공사비지수,135.31,2020＝100
202402,15397AA2AA211,도로시설,,,16397AAA0,건설공사비지수,135.82,2020＝100
202403,15397AA2AA211,도로시설,,,16397AAA0,건설공사비지수,135.52,2020＝100
202404,15397AA2AA211,도로시설,,,16397AAA0,건설공사비지수,134.88,2020＝100
202405,15397AA2AA211,도로시설,,,16397AAA0,건설공사비지수,134.66,2020＝100
202406,15397AA2AA211,도로시설,,,16397AAA0,건설공사비지수,134.67,2020＝100
202407,15397AA2AA211,도로시설,,,16397AAA0,건설공사비지수,134.6,2020＝100
202408,15397AA2AA211,도로시설,,,16397AAA0,건설공사비지수,134.17,2020＝100
202409,15397AA2AA211,도로시설,,,16397AAA0,건설공사비지수,134.48,2020＝100
202410,15397AA2AA211,도로시설,,,16397AAA0,건설공사비지수,134.25,2020＝100
202411,15397AA2AA211,도로시설,,,16397AAA0,건설공사비지수,134.41,2020＝100
202412,15397AA2AA211,도로시설,,,16397AAA0,건설공사비지수,134.38,2020＝100
202401,15397AA2AA212,철도시설,,,16397AAA0,건설공사비지수,128.91,2020＝100
202402,15397AA2AA212,철도시설,,,16397AAA0,건설공사비지수,129.25,2020＝100
202403,15397AA2AA212,철도시설,,,16397AAA0,건설공사비지수,129.18,2020＝100
202404,15397AA2AA212,철도시설,,,16397AAA0,건설공사비지수,129.13,2020＝100
202405,15397AA2AA212,철도시설,,,16397AAA0,건설공사비지수,128.99,2020＝100
202406,15397AA2AA212,철도시설,,,16397AAA0,건설공사비지수,128.93,2020＝100
202407,15397AA2AA212,철도시설,,,16397AAA0,건설공사비지수,128.73,2020＝100
202408,15397AA2AA212,철도시설,,,16397AAA0,건설공사비지수,128.4,2020＝100
202409,15397AA2AA212,철도시설,,,16397AAA0,건설공사비지수,128.89,2020＝100
202410,15397AA2AA212,철도시설,,,16397AAA0,건설공사비지수,128.73,2020＝100
202411,15397AA2AA212,철도시설,,,16397AAA0,건설공사비지수,128.75,2020＝100
202412,15397AA2AA212,철도시설,,,16397AAA0,건설공사비지수,128.66,2020＝100
202401,15397AA2AA213,항만시설,,,16397AAA0,건설공사비지수,129.32,2020＝100
202402,15397AA2AA213,항만시설,,,16397AAA0,건설공사비지수,129.77,2020＝100
202403,15397AA2AA213,항만시설,,,16397AAA0,건설공사비지수,129.44,2020＝100
202404,15397AA2AA213,항만시설,,,16397AAA0,건설공사비지수,129.06,2020＝100
202405,15397AA2AA213,항만시설,,,16397AAA0,건설공사비지수,128.76,2020＝100
202406,15397AA2AA213,항만시설,,,16397AAA0,건설공사비지수,128.42,2020＝100
202407,15397AA2AA213,항만시설,,,16397AAA0,건설공사비지수,128.48,2020＝100
202408,15397AA2AA213,항만시설,,,16397AAA0,건설공사비지수,128.04,2020＝100
202409,15397AA2AA213,항만시설,,,16397AAA0,건설공사비지수,128.41,2020＝100
202410,15397AA2AA213,항만시설,,,16397AAA0,건설공사비지수,128.37,2020＝100
202411,15397AA2AA213,항만시설,,,16397AAA0,건설공사비지수,128.57,2020＝100
202412,15397AA2AA213,항만시설,,,16397AAA0,건설공사비지수,128.5,2020＝100
202401,15397AA2AA22,일반토목시설건설,,,16397AAA0,건설공사비지수,131.23,2020＝100
202402,15397AA2AA22,일반토목시설건설,,,16397AAA0,건설공사비지수,131.54,2020＝100
202403,15397AA2AA22,일반토목시설건설,,,16397AAA0,건설공사비지수,131.32,2020＝100
202404,15397AA2AA22,일반토목시설건설,,,16397AAA0,건설공사비지수,130.48,2020＝100
202405,15397AA2AA22,일반토목시설건설,,,16397AAA0,건설공사비지수,130.28,2020＝100
202406,15397AA2AA22,일반토목시설건설,,,16397AAA0,건설공사비지수,130.32,2020＝100
202407,15397AA2AA22,일반토목시설건설,,,16397AAA0,건설공사비지수,130.36,2020＝100
202408,15397AA2AA22,일반토목시설건설,,,16397AAA0,건설공사비지수,130.04,2020＝100
202409,15397AA2AA22,일반토목시설건설,,,16397AAA0,건설공사비지수,130.43,2020＝100
202410,15397AA2AA22,일반토목시설건설,,,16397AAA0,건설공사비지수,130.26,2020＝100
202411,15397AA2AA22,일반토목시설건설,,,16397AAA0,건설공사비지수,130.4,2020＝100
202412,15397AA2AA22,일반토목시설건설,,,16397AAA0,건설공사비지수,130.35,2020＝100
202401,15397AA2AA221,하천사방,,,16397AAA0,건설공사비지수,128.09,2020＝100
202402,15397AA2AA221,하천사방,,,16397AAA0,건설공사비지수,128.47,2020＝100
202403,15397AA2AA221,하천사방,,,16397AAA0,건설공사비지수,128.17,2020＝100
202404,15397AA2AA221,하천사방,,,16397AAA0,건설공사비지수,127.87,2020＝100
202405,15397AA2AA221,하천사방,,,16397AAA0,건설공사비지수,127.67,2020＝100
202406,15397AA2AA221,하천사방,,,16397AAA0,건설공사비지수,127.28,2020＝100
202407,15397AA2AA221,하천사방,,,16397AAA0,건설공사비지수,127.35,2020＝100
202408,15397AA2AA221,하천사방,,,16397AAA0,건설공사비지수,127.02,2020＝100
202409,15397AA2AA221,하천사방,,,16397AAA0,건설공사비지수,127.57,2020＝100
202410,15397AA2AA221,하천사방,,,16397AAA0,건설공사비지수,127.46,2020＝100
202411,15397AA2AA221,하천사방,,,16397AAA0,건설공사비지수,127.59,2020＝100
202412,15397AA2AA221,하천사방,,,16397AAA0,건설공사비지수,127.53,2020＝100
202401,15397AA2AA222,상하수도시설,,,16397AAA0,건설공사비지수,128.42,2020＝100
202402,15397AA2AA222,상하수도시설,,,16397AAA0,건설공사비지수,128.56,2020＝100
202403,15397AA2AA222,상하수도시설,,,16397AAA0,건설공사비지수,128.38,2020＝100
202404,15397AA2AA222,상하수도시설,,,16397AAA0,건설공사비지수,127.41,2020＝100
202405,15397AA2AA222,상하수도시설,,,16397AAA0,건설공사비지수,127.36,2020＝100
202406,15397AA2AA222,상하수도시설,,,16397AAA0,건설공사비지수,127.29,2020＝100
202407,15397AA2AA222,상하수도시설,,,16397AAA0,건설공사비지수,127.17,2020＝100
202408,15397AA2AA222,상하수도시설,,,16397AAA0,건설공사비지수,126.98,2020＝100
202409,15397AA2AA222,상하수도시설,,,16397AAA0,건설공사비지수,127.37,2020＝100
202410,15397AA2AA222,상하수도시설,,,16397AAA0,건설공사비지수,127.13,2020＝100
202411,15397AA2AA222,상하수도시설,,,16397AAA0,건설공사비지수,127.19,2020＝100
202412,15397AA2AA222,상하수도시설,,,16397AAA0,건설공사비지수,127.16,2020＝100
202401,15397AA2AA223,농림수산토목,,,16397AAA0,건설공사비지수,132.66,2020＝100
202402,15397AA2AA223,농림수산토목,,,16397AAA0,건설공사비지수,132.96,2020＝100
202403,15397AA2AA223,농림수산토목,,,16397AAA0,건설공사비지수,132.68,2020＝100
202404,15397AA2AA223,농림수산토목,,,16397AAA0,건설공사비지수,132.4,2020＝100
202405,15397AA2AA223,농림수산토목,,,16397AAA0,건설공사비지수,132.14,2020＝100
202406,15397AA2AA223,농림수산토목,,,16397AAA0,건설공사비지수,131.99,2020＝100
202407,15397AA2AA223,농림수산토목,,,16397AAA0,건설공사비지수,132.13,2020＝100
202408,15397AA2AA223,농림수산토목,,,16397AAA0,건설공사비지수,131.69,2020＝100
202409,15397AA2AA223,농림수산토목,,,16397AAA0,건설공사비지수,132.13,2020＝100
202410,15397AA2AA223,농림수산토목,,,16397AAA0,건설공사비지수,132.24,2020＝100
202411,15397AA2AA223,농림수산토목,,,16397AAA0,건설공사비지수,132.86,2020＝100
202412,15397AA2AA223,농림수산토목,,,16397AAA0,건설공사비지수,132.79,2020＝100
202401,15397AA2AA224,도시토목,,,16397AAA0,건설공사비지수,133.33,2020＝100
202402,15397AA2AA224,도시토목,,,16397AAA0,건설공사비지수,133.74,2020＝100
202403,15397AA2AA224,도시토목,,,16397AAA0,건설공사비지수,133.52,2020＝100
202404,15397AA2AA224,도시토목,,,16397AAA0,건설공사비지수,132.53,2020＝100
202405,15397AA2AA224,도시토목,,,16397AAA0,건설공사비지수,132.26,2020＝100
202406,15397AA2AA224,도시토목,,,16397AAA0,건설공사비지수,132.5,2020＝100
202407,15397AA2AA224,도시토목,,,16397AAA0,건설공사비지수,132.61,2020＝100
202408,15397AA2AA224,도시토목,,,16397AAA0,건설공사비지수,132.21,2020＝100
202409,15397AA2AA224,도시토목,,,16397AAA0,건설공사비지수,132.57,2020＝100
202410,15397AA2AA224,도시토목,,,16397AAA0,건설공사비지수,132.38,2020＝100
202411,15397AA2AA224,도시토목,,,16397AAA0,건설공사비지수,132.49,2020＝100
202412,15397AA2AA224,도시토목,,,16397AAA0,건설공사비지수,132.45,2020＝100
202401,15397AA2AA23,산업시설건설,,,16397AAA0,건설공사비지수,129.81,2020＝100
202402,15397AA2AA23,산업시설건설,,,16397AAA0,건설공사비지수,130.11,2020＝100
202403,15397AA2AA23,산업시설건설,,,16397AAA0,건설공사비지수,130.52,2020＝100
202404,15397AA2AA23,산업시설건설,,,16397AAA0,건설공사비지수,131.57,2020＝100
202405,15397AA2AA23,산업시설건설,,,16397AAA0,건설공사비지수,132.57,2020＝100
202406,15397AA2AA23,산업시설건설,,,16397AAA0,건설공사비지수,132.47,2020＝100
202407,15397AA2AA23,산업시설건설,,,16397AAA0,건설공사비지수,132.09,2020＝100
202408,15397AA2AA23,산업시설건설,,,16397AAA0,건설공사비지수,131.49,2020＝100
202409,15397AA2AA23,산업시설건설,,,16397AAA0,건설공사비지수,132.35,2020＝100
202410,15397AA2AA23,산업시설건설,,,16397AAA0,건설공사비지수,132.73,2020＝100
202411,15397AA2AA23,산업시설건설,,,16397AAA0,건설공사비지수,132.49,2020＝100
202412,15397AA2AA23,산업시설건설,,,16397AAA0,건설공사비지수,132.6,2020＝100
202401,15397AA2AA231,환경정화시설,,,16397AAA0,건설공사비지수,132.13,2020＝100
202402,15397AA2AA231,환경정화시설,,,16397AAA0,건설공사비지수,132.12,2020＝100
202403,15397AA2AA231,환경정화시설,,,16397AAA0,건설공사비지수,132,2020＝100
202404,15397AA2AA231,환경정화시설,,,16397AAA0,건설공사비지수,131.68,2020＝100
202405,15397AA2AA231,환경정화시설,,,16397AAA0,건설공사비지수,131.65,2020＝100
202406,15397AA2AA231,환경정화시설,,,16397AAA0,건설공사비지수,131.85,2020＝100
202407,15397AA2AA231,환경정화시설,,,16397AAA0,건설공사비지수,131.73,2020＝100
202408,15397AA2AA231,환경정화시설,,,16397AAA0,건설공사비지수,131.77,2020＝100
202409,15397AA2AA231,환경정화시설,,,16397AAA0,건설공사비지수,132.59,2020＝100
202410,15397AA2AA231,환경정화시설,,,16397AAA0,건설공사비지수,132.28,2020＝100
202411,15397AA2AA231,환경정화시설,,,16397AAA0,건설공사비지수,132.14,2020＝100
202412,15397AA2AA231,환경정화시설,,,16397AAA0,건설공사비지수,131.9,2020＝100
202401,15397AA2AA232,발전소시설,,,16397AAA0,건설공사비지수,131.34,2020＝100
202402,15397AA2AA232,발전소시설,,,16397AAA0,건설공사비지수,131.8,2020＝100
202403,15397AA2AA232,발전소시설,,,16397AAA0,건설공사비지수,132.83,2020＝100
202404,15397AA2AA232,발전소시설,,,16397AAA0,건설공사비지수,135.39,2020＝100
202405,15397AA2AA232,발전소시설,,,16397AAA0,건설공사비지수,137.5,2020＝100
202406,15397AA2AA232,발전소시설,,,16397AAA0,건설공사비지수,137.35,2020＝100
202407,15397AA2AA232,발전소시설,,,16397AAA0,건설공사비지수,136.69,2020＝100
202408,15397AA2AA232,발전소시설,,,16397AAA0,건설공사비지수,135.51,2020＝100
202409,15397AA2AA232,발전소시설,,,16397AAA0,건설공사비지수,136.42,2020＝100
202410,15397AA2AA232,발전소시설,,,16397AAA0,건설공사비지수,137.44,2020＝100
202411,15397AA2AA232,발전소시설,,,16397AAA0,건설공사비지수,136.99,2020＝100
202412,15397AA2AA232,발전소시설,,,16397AAA0,건설공사비지수,137.38,2020＝100
202401,15397AA2AA234,산업플랜트,,,16397AAA0,건설공사비지수,127.98,2020＝100
202402,15397AA2AA234,산업플랜트,,,16397AAA0,건설공사비지수,128.17,2020＝100
202403,15397AA2AA234,산업플랜트,,,16397AAA0,건설공사비지수,128.04,2020＝100
202404,15397AA2AA234,산업플랜트,,,16397AAA0,건설공사비지수,127.82,2020＝100
202405,15397AA2AA234,산업플랜트,,,16397AAA0,건설공사비지수,127.89,2020＝100
202406,15397AA2AA234,산업플랜트,,,16397AAA0,건설공사비지수,127.8,2020＝100
202407,15397AA2AA234,산업플랜트,,,16397AAA0,건설공사비지수,127.66,2020＝100
202408,15397AA2AA234,산업플랜트,,,16397AAA0,건설공사비지수,127.52,2020＝100
202409,15397AA2AA234,산업플랜트,,,16397AAA0,건설공사비지수,128.33,2020＝100
202410,15397AA2AA234,산업플랜트,,,16397AAA0,건설공사비지수,128.2,2020＝100
202411,15397AA2AA234,산업플랜트,,,16397AAA0,건설공사비지수,128.15,2020＝100
202412,15397AA2AA234,산업플랜트,,,16397AAA0,건설공사비지수,128.05,2020＝100
202401,15397AA2AA24,기타건설,,,16397AAA0,건설공사비지수,131.3,2020＝100
202402,15397AA2AA24,기타건설,,,16397AAA0,건설공사비지수,131.71,2020＝100
202403,15397AA2AA24,기타건설,,,16397AAA0,건설공사비지수,132.15,2020＝100
202404,15397AA2AA24,기타건설,,,16397AAA0,건설공사비지수,133.24,2020＝100
202405,15397AA2AA24,기타건설,,,16397AAA0,건설공사비지수,134.24,2020＝100
202406,15397AA2AA24,기타건설,,,16397AAA0,건설공사비지수,134.06,2020＝100
202407,15397AA2AA24,기타건설,,,16397AAA0,건설공사비지수,133.76,2020＝100
202408,15397AA2AA24,기타건설,,,16397AAA0,건설공사비지수,132.9,2020＝100
202409,15397AA2AA24,기타건설,,,16397AAA0,건설공사비지수,133.67,2020＝100
202410,15397AA2AA24,기타건설,,,16397AAA0,건설공사비지수,134.11,2020＝100
202411,15397AA2AA24,기타건설,,,16397AAA0,건설공사비지수,133.89,2020＝100
202412,15397AA2AA24,기타건설,,,16397AAA0,건설공사비지수,134.04,2020＝100
202401,15397AA2AA241,기타건설,,,16397AAA0,건설공사비지수,131.3,2020＝100
202402,15397AA2AA241,기타건설,,,16397AAA0,건설공사비지수,131.71,2020＝100
202403,15397AA2AA241,기타건설,,,16397AAA0,건설공사비지수,132.15,2020＝100
202404,15397AA2AA241,기타건설,,,16397AAA0,건설공사비지수,133.24,2020＝100
202405,15397AA2AA241,기타건설,,,16397AAA0,건설공사비지수,134.24,2020＝100
202406,15397AA2AA241,기타건설,,,16397AAA0,건설공사비지수,134.06,2020＝100
202407,15397AA2AA241,기타건설,,,16397AAA0,건설공사비지수,133.76,2020＝100
202408,15397AA2AA241,기타건설,,,16397AAA0,건설공사비지수,132.9,2020＝100
202409,15397AA2AA241,기타건설,,,16397AAA0,건설공사비지수,133.67,2020＝100
202410,15397AA2AA241,기타건설,,,16397AAA0,건설공사비지수,134.11,2020＝100
202411,15397AA2AA241,기타건설,,,16397AAA0,건설공사비지수,133.89,2020＝100
202412,15397AA2AA241,기타건설,,,16397AAA0,건설공사비지수,134.04,2020＝100
202501,15397AA2AA,건설,,,16397AAA0,건설공사비지수,131.03,2020＝100
202502,15397AA2AA,건설,,,16397AAA0,건설공사비지수,131.02,2020＝100
202503,15397AA2AA,건설,,,16397AAA0,건설공사비지수,131.11,2020＝100
202504,15397AA2AA,건설,,,16397AAA0,건설공사비지수,131.06,2020＝100
202505,15397AA2AA,건설,,,16397AAA0,건설공사비지수,131.03,2020＝100
202506,15397AA2AA,건설,,,16397AAA0,건설공사비지수,131.04,2020＝100
202507,15397AA2AA,건설,,,16397AAA0,건설공사비지수,131.02,2020＝100
202508,15397AA2AA,건설,,,16397AAA0,건설공사비지수,130.91,2020＝100
202509,15397AA2AA,건설,,,16397AAA0,건설공사비지수,131.66,2020＝100
202510,15397AA2AA,건설,,,16397AAA0,건설공사비지수,131.97,2020＝100
202511,15397AA2AA,건설,,,16397AAA0,건설공사비지수,132.45,2020＝100
202512,15397AA2AA,건설,,,16397AAA0,건설공사비지수,132.7,2020＝100
202501,15397AA2AA1,건물건설 및 건축보수,,,16397AAA0,건설공사비지수,130.13,2020＝100
202502,15397AA2AA1,건물건설 및 건축보수,,,16397AAA0,건설공사비지수,130.1,2020＝100
202503,15397AA2AA1,건물건설 및 건축보수,,,16397AAA0,건설공사비지수,130.14,2020＝100
202504,15397AA2AA1,건물건설 및 건축보수,,,16397AAA0,건설공사비지수,130.14,2020＝100
202505,15397AA2AA1,건물건설 및 건축보수,,,16397AAA0,건설공사비지수,130.15,2020＝100
202506,15397AA2AA1,건물건설 및 건축보수,,,16397AAA0,건설공사비지수,130.17,2020＝100
202507,15397AA2AA1,건물건설 및 건축보수,,,16397AAA0,건설공사비지수,130.18,2020＝100
202508,15397AA2AA1,건물건설 및 건축보수,,,16397AAA0,건설공사비지수,130.07,2020＝100
202509,15397AA2AA1,건물건설 및 건축보수,,,16397AAA0,건설공사비지수,130.74,2020＝100
202510,15397AA2AA1,건물건설 및 건축보수,,,16397AAA0,건설공사비지수,130.87,2020＝100
202511,15397AA2AA1,건물건설 및 건축보수,,,16397AAA0,건설공사비지수,131.23,2020＝100
202512,15397AA2AA1,건물건설 및 건축보수,,,16397AAA0,건설공사비지수,131.32,2020＝100
202501,15397AA2AA11,주거용건물,,,16397AAA0,건설공사비지수,129.88,2020＝100
202502,15397AA2AA11,주거용건물,,,16397AAA0,건설공사비지수,129.85,2020＝100
202503,15397AA2AA11,주거용건물,,,16397AAA0,건설공사비지수,129.8,2020＝100
202504,15397AA2AA11,주거용건물,,,16397AAA0,건설공사비지수,129.81,2020＝100
202505,15397AA2AA11,주거용건물,,,16397AAA0,건설공사비지수,129.82,2020＝100
202506,15397AA2AA11,주거용건물,,,16397AAA0,건설공사비지수,129.82,2020＝100
202507,15397AA2AA11,주거용건물,,,16397AAA0,건설공사비지수,129.85,2020＝100
202508,15397AA2AA11,주거용건물,,,16397AAA0,건설공사비지수,129.72,2020＝100
202509,15397AA2AA11,주거용건물,,,16397AAA0,건설공사비지수,130.32,2020＝100
202510,15397AA2AA11,주거용건물,,,16397AAA0,건설공사비지수,130.43,2020＝100
202511,15397AA2AA11,주거용건물,,,16397AAA0,건설공사비지수,130.73,2020＝100
202512,15397AA2AA11,주거용건물,,,16397AAA0,건설공사비지수,130.76,2020＝100
202501,15397AA2AA111,주거용건물,,,16397AAA0,건설공사비지수,129.88,2020＝100
202502,15397AA2AA111,주거용건물,,,16397AAA0,건설공사비지수,129.85,2020＝100
202503,15397AA2AA111,주거용건물,,,16397AAA0,건설공사비지수,129.8,2020＝100
202504,15397AA2AA111,주거용건물,,,16397AAA0,건설공사비지수,129.81,2020＝100
202505,15397AA2AA111,주거용건물,,,16397AAA0,건설공사비지수,129.82,2020＝100
202506,15397AA2AA111,주거용건물,,,16397AAA0,건설공사비지수,129.82,2020＝100
202507,15397AA2AA111,주거용건물,,,16397AAA0,건설공사비지수,129.85,2020＝100
202508,15397AA2AA111,주거용건물,,,16397AAA0,건설공사비지수,129.72,2020＝100
202509,15397AA2AA111,주거용건물,,,16397AAA0,건설공사비지수,130.32,2020＝100
202510,15397AA2AA111,주거용건물,,,16397AAA0,건설공사비지수,130.43,2020＝100
202511,15397AA2AA111,주거용건물,,,16397AAA0,건설공사비지수,130.73,2020＝100
202512,15397AA2AA111,주거용건물,,,16397AAA0,건설공사비지수,130.76,2020＝100
202501,15397AA2AA12,비주거용건물,,,16397AAA0,건설공사비지수,130.47,2020＝100
202502,15397AA2AA12,비주거용건물,,,16397AAA0,건설공사비지수,130.44,2020＝100
202503,15397AA2AA12,비주거용건물,,,16397AAA0,건설공사비지수,130.53,2020＝100
202504,15397AA2AA12,비주거용건물,,,16397AAA0,건설공사비지수,130.53,2020＝100
202505,15397AA2AA12,비주거용건물,,,16397AAA0,건설공사비지수,130.56,2020＝100
202506,15397AA2AA12,비주거용건물,,,16397AAA0,건설공사비지수,130.59,2020＝100
202507,15397AA2AA12,비주거용건물,,,16397AAA0,건설공사비지수,130.59,2020＝100
202508,15397AA2AA12,비주거용건물,,,16397AAA0,건설공사비지수,130.48,2020＝100
202509,15397AA2AA12,비주거용건물,,,16397AAA0,건설공사비지수,131.19,2020＝100
202510,15397AA2AA12,비주거용건물,,,16397AAA0,건설공사비지수,131.33,2020＝100
202511,15397AA2AA12,비주거용건물,,,16397AAA0,건설공사비지수,131.72,2020＝100
202512,15397AA2AA12,비주거용건물,,,16397AAA0,건설공사비지수,131.83,2020＝100
202501,15397AA2AA121,비주거용건물,,,16397AAA0,건설공사비지수,130.47,2020＝100
202502,15397AA2AA121,비주거용건물,,,16397AAA0,건설공사비지수,130.44,2020＝100
202503,15397AA2AA121,비주거용건물,,,16397AAA0,건설공사비지수,130.53,2020＝100
202504,15397AA2AA121,비주거용건물,,,16397AAA0,건설공사비지수,130.53,2020＝100
202505,15397AA2AA121,비주거용건물,,,16397AAA0,건설공사비지수,130.56,2020＝100
202506,15397AA2AA121,비주거용건물,,,16397AAA0,건설공사비지수,130.59,2020＝100
202507,15397AA2AA121,비주거용건물,,,16397AAA0,건설공사비지수,130.59,2020＝100
202508,15397AA2AA121,비주거용건물,,,16397AAA0,건설공사비지수,130.48,2020＝100
202509,15397AA2AA121,비주거용건물,,,16397AAA0,건설공사비지수,131.19,2020＝100
202510,15397AA2AA121,비주거용건물,,,16397AAA0,건설공사비지수,131.33,2020＝100
202511,15397AA2AA121,비주거용건물,,,16397AAA0,건설공사비지수,131.72,2020＝100
202512,15397AA2AA121,비주거용건물,,,16397AAA0,건설공사비지수,131.83,2020＝100
202501,15397AA2AA13,건축보수,,,16397AAA0,건설공사비지수,129.69,2020＝100
202502,15397AA2AA13,건축보수,,,16397AAA0,건설공사비지수,129.64,2020＝100
202503,15397AA2AA13,건축보수,,,16397AAA0,건설공사비지수,129.85,2020＝100
202504,15397AA2AA13,건축보수,,,16397AAA0,건설공사비지수,129.76,2020＝100
202505,15397AA2AA13,건축보수,,,16397AAA0,건설공사비지수,129.72,2020＝100
202506,15397AA2AA13,건축보수,,,16397AAA0,건설공사비지수,129.79,2020＝100
202507,15397AA2AA13,건축보수,,,16397AAA0,건설공사비지수,129.74,2020＝100
202508,15397AA2AA13,건축보수,,,16397AAA0,건설공사비지수,129.68,2020＝100
202509,15397AA2AA13,건축보수,,,16397AAA0,건설공사비지수,130.44,2020＝100
202510,15397AA2AA13,건축보수,,,16397AAA0,건설공사비지수,130.62,2020＝100
202511,15397AA2AA13,건축보수,,,16397AAA0,건설공사비지수,131.08,2020＝100
202512,15397AA2AA13,건축보수,,,16397AAA0,건설공사비지수,131.31,2020＝100
202501,15397AA2AA131,건축보수,,,16397AAA0,건설공사비지수,129.69,2020＝100
202502,15397AA2AA131,건축보수,,,16397AAA0,건설공사비지수,129.64,2020＝100
202503,15397AA2AA131,건축보수,,,16397AAA0,건설공사비지수,129.85,2020＝100
202504,15397AA2AA131,건축보수,,,16397AAA0,건설공사비지수,129.76,2020＝100
202505,15397AA2AA131,건축보수,,,16397AAA0,건설공사비지수,129.72,2020＝100
202506,15397AA2AA131,건축보수,,,16397AAA0,건설공사비지수,129.79,2020＝100
202507,15397AA2AA131,건축보수,,,16397AAA0,건설공사비지수,129.74,2020＝100
202508,15397AA2AA131,건축보수,,,16397AAA0,건설공사비지수,129.68,2020＝100
202509,15397AA2AA131,건축보수,,,16397AAA0,건설공사비지수,130.44,2020＝100
202510,15397AA2AA131,건축보수,,,16397AAA0,건설공사비지수,130.62,2020＝100
202511,15397AA2AA131,건축보수,,,16397AAA0,건설공사비지수,131.08,2020＝100
202512,15397AA2AA131,건축보수,,,16397AAA0,건설공사비지수,131.31,2020＝100
202501,15397AA2AA2,토목건설,,,16397AAA0,건설공사비지수,133.28,2020＝100
202502,15397AA2AA2,토목건설,,,16397AAA0,건설공사비지수,133.35,2020＝100
202503,15397AA2AA2,토목건설,,,16397AAA0,건설공사비지수,133.56,2020＝100
202504,15397AA2AA2,토목건설,,,16397AAA0,건설공사비지수,133.39,2020＝100
202505,15397AA2AA2,토목건설,,,16397AAA0,건설공사비지수,133.24,2020＝100
202506,15397AA2AA2,토목건설,,,16397AAA0,건설공사비지수,133.21,2020＝100
202507,15397AA2AA2,토목건설,,,16397AAA0,건설공사비지수,133.13,2020＝100
202508,15397AA2AA2,토목건설,,,16397AAA0,건설공사비지수,133.03,2020＝100
202509,15397AA2AA2,토목건설,,,16397AAA0,건설공사비지수,133.97,2020＝100
202510,15397AA2AA2,토목건설,,,16397AAA0,건설공사비지수,134.76,2020＝100
202511,15397AA2AA2,토목건설,,,16397AAA0,건설공사비지수,135.53,2020＝100
202512,15397AA2AA2,토목건설,,,16397AAA0,건설공사비지수,136.19,2020＝100
202501,15397AA2AA21,교통시설건설,,,16397AAA0,건설공사비지수,133.37,2020＝100
202502,15397AA2AA21,교통시설건설,,,16397AAA0,건설공사비지수,133.16,2020＝100
202503,15397AA2AA21,교통시설건설,,,16397AAA0,건설공사비지수,132.8,2020＝100
202504,15397AA2AA21,교통시설건설,,,16397AAA0,건설공사비지수,133.07,2020＝100
202505,15397AA2AA21,교통시설건설,,,16397AAA0,건설공사비지수,132.89,2020＝100
202506,15397AA2AA21,교통시설건설,,,16397AAA0,건설공사비지수,132.6,2020＝100
202507,15397AA2AA21,교통시설건설,,,16397AAA0,건설공사비지수,132.52,2020＝100
202508,15397AA2AA21,교통시설건설,,,16397AAA0,건설공사비지수,132.3,2020＝100
202509,15397AA2AA21,교통시설건설,,,16397AAA0,건설공사비지수,132.96,2020＝100
202510,15397AA2AA21,교통시설건설,,,16397AAA0,건설공사비지수,133.08,2020＝100
202511,15397AA2AA21,교통시설건설,,,16397AAA0,건설공사비지수,133.55,2020＝100
202512,15397AA2AA21,교통시설건설,,,16397AAA0,건설공사비지수,133.36,2020＝100
202501,15397AA2AA211,도로시설,,,16397AAA0,건설공사비지수,135.33,2020＝100
202502,15397AA2AA211,도로시설,,,16397AAA0,건설공사비지수,135.02,2020＝100
202503,15397AA2AA211,도로시설,,,16397AAA0,건설공사비지수,134.55,2020＝100
202504,15397AA2AA211,도로시설,,,16397AAA0,건설공사비지수,134.96,2020＝100
202505,15397AA2AA211,도로시설,,,16397AAA0,건설공사비지수,134.72,2020＝100
202506,15397AA2AA211,도로시설,,,16397AAA0,건설공사비지수,134.25,2020＝100
202507,15397AA2AA211,도로시설,,,16397AAA0,건설공사비지수,134.16,2020＝100
202508,15397AA2AA211,도로시설,,,16397AAA0,건설공사비지수,133.94,2020＝100
202509,15397AA2AA211,도로시설,,,16397AAA0,건설공사비지수,134.54,2020＝100
202510,15397AA2AA211,도로시설,,,16397AAA0,건설공사비지수,134.64,2020＝100
202511,15397AA2AA211,도로시설,,,16397AAA0,건설공사비지수,135.13,2020＝100
202512,15397AA2AA211,도로시설,,,16397AAA0,건설공사비지수,134.82,2020＝100
202501,15397AA2AA212,철도시설,,,16397AAA0,건설공사비지수,129.34,2020＝100
202502,15397AA2AA212,철도시설,,,16397AAA0,건설공사비지수,129.32,2020＝100
202503,15397AA2AA212,철도시설,,,16397AAA0,건설공사비지수,129.27,2020＝100
202504,15397AA2AA212,철도시설,,,16397AAA0,건설공사비지수,129.23,2020＝100
202505,15397AA2AA212,철도시설,,,16397AAA0,건설공사비지수,129.22,2020＝100
202506,15397AA2AA212,철도시설,,,16397AAA0,건설공사비지수,129.3,2020＝100
202507,15397AA2AA212,철도시설,,,16397AAA0,건설공사비지수,129.2,2020＝100
202508,15397AA2AA212,철도시설,,,16397AAA0,건설공사비지수,128.95,2020＝100
202509,15397AA2AA212,철도시설,,,16397AAA0,건설공사비지수,129.71,2020＝100
202510,15397AA2AA212,철도시설,,,16397AAA0,건설공사비지수,129.86,2020＝100
202511,15397AA2AA212,철도시설,,,16397AAA0,건설공사비지수,130.21,2020＝100
202512,15397AA2AA212,철도시설,,,16397AAA0,건설공사비지수,130.35,2020＝100
202501,15397AA2AA213,항만시설,,,16397AAA0,건설공사비지수,129.58,2020＝100
202502,15397AA2AA213,항만시설,,,16397AAA0,건설공사비지수,129.51,2020＝100
202503,15397AA2AA213,항만시설,,,16397AAA0,건설공사비지수,129.22,2020＝100
202504,15397AA2AA213,항만시설,,,16397AAA0,건설공사비지수,129.18,2020＝100
202505,15397AA2AA213,항만시설,,,16397AAA0,건설공사비지수,129.01,2020＝100
202506,15397AA2AA213,항만시설,,,16397AAA0,건설공사비지수,129.06,2020＝100
202507,15397AA2AA213,항만시설,,,16397AAA0,건설공사비지수,129.19,2020＝100
202508,15397AA2AA213,항만시설,,,16397AAA0,건설공사비지수,129.14,2020＝100
202509,15397AA2AA213,항만시설,,,16397AAA0,건설공사비지수,129.92,2020＝100
202510,15397AA2AA213,항만시설,,,16397AAA0,건설공사비지수,130.11,2020＝100
202511,15397AA2AA213,항만시설,,,16397AAA0,건설공사비지수,130.81,2020＝100
202512,15397AA2AA213,항만시설,,,16397AAA0,건설공사비지수,130.56,2020＝100
202501,15397AA2AA22,일반토목시설건설,,,16397AAA0,건설공사비지수,131.33,2020＝100
202502,15397AA2AA22,일반토목시설건설,,,16397AAA0,건설공사비지수,131.09,2020＝100
202503,15397AA2AA22,일반토목시설건설,,,16397AAA0,건설공사비지수,130.9,2020＝100
202504,15397AA2AA22,일반토목시설건설,,,16397AAA0,건설공사비지수,131.2,2020＝100
202505,15397AA2AA22,일반토목시설건설,,,16397AAA0,건설공사비지수,131.04,2020＝100
202506,15397AA2AA22,일반토목시설건설,,,16397AAA0,건설공사비지수,130.73,2020＝100
202507,15397AA2AA22,일반토목시설건설,,,16397AAA0,건설공사비지수,130.59,2020＝100
202508,15397AA2AA22,일반토목시설건설,,,16397AAA0,건설공사비지수,130.51,2020＝100
202509,15397AA2AA22,일반토목시설건설,,,16397AAA0,건설공사비지수,131.24,2020＝100
202510,15397AA2AA22,일반토목시설건설,,,16397AAA0,건설공사비지수,131.36,2020＝100
202511,15397AA2AA22,일반토목시설건설,,,16397AAA0,건설공사비지수,131.87,2020＝100
202512,15397AA2AA22,일반토목시설건설,,,16397AAA0,건설공사비지수,131.67,2020＝100
202501,15397AA2AA221,하천사방,,,16397AAA0,건설공사비지수,128.46,2020＝100
202502,15397AA2AA221,하천사방,,,16397AAA0,건설공사비지수,128.39,2020＝100
202503,15397AA2AA221,하천사방,,,16397AAA0,건설공사비지수,128.19,2020＝100
202504,15397AA2AA221,하천사방,,,16397AAA0,건설공사비지수,128.29,2020＝100
202505,15397AA2AA221,하천사방,,,16397AAA0,건설공사비지수,128.16,2020＝100
202506,15397AA2AA221,하천사방,,,16397AAA0,건설공사비지수,128.22,2020＝100
202507,15397AA2AA221,하천사방,,,16397AAA0,건설공사비지수,128.31,2020＝100
202508,15397AA2AA221,하천사방,,,16397AAA0,건설공사비지수,128.33,2020＝100
202509,15397AA2AA221,하천사방,,,16397AAA0,건설공사비지수,129.18,2020＝100
202510,15397AA2AA221,하천사방,,,16397AAA0,건설공사비지수,129.35,2020＝100
202511,15397AA2AA221,하천사방,,,16397AAA0,건설공사비지수,129.96,2020＝100
202512,15397AA2AA221,하천사방,,,16397AAA0,건설공사비지수,129.87,2020＝100
202501,15397AA2AA222,상하수도시설,,,16397AAA0,건설공사비지수,128.12,2020＝100
202502,15397AA2AA222,상하수도시설,,,16397AAA0,건설공사비지수,128.16,2020＝100
202503,15397AA2AA222,상하수도시설,,,16397AAA0,건설공사비지수,128.1,2020＝100
202504,15397AA2AA222,상하수도시설,,,16397AAA0,건설공사비지수,128.09,2020＝100
202505,15397AA2AA222,상하수도시설,,,16397AAA0,건설공사비지수,127.98,2020＝100
202506,15397AA2AA222,상하수도시설,,,16397AAA0,건설공사비지수,127.89,2020＝100
202507,15397AA2AA222,상하수도시설,,,16397AAA0,건설공사비지수,127.66,2020＝100
202508,15397AA2AA222,상하수도시설,,,16397AAA0,건설공사비지수,127.61,2020＝100
202509,15397AA2AA222,상하수도시설,,,16397AAA0,건설공사비지수,128.36,2020＝100
202510,15397AA2AA222,상하수도시설,,,16397AAA0,건설공사비지수,128.52,2020＝100
202511,15397AA2AA222,상하수도시설,,,16397AAA0,건설공사비지수,128.77,2020＝100
202512,15397AA2AA222,상하수도시설,,,16397AAA0,건설공사비지수,128.69,2020＝100
202501,15397AA2AA223,농림수산토목,,,16397AAA0,건설공사비지수,133.91,2020＝100
202502,15397AA2AA223,농림수산토목,,,16397AAA0,건설공사비지수,133.76,2020＝100
202503,15397AA2AA223,농림수산토목,,,16397AAA0,건설공사비지수,133.67,2020＝100
202504,15397AA2AA223,농림수산토목,,,16397AAA0,건설공사비지수,133.57,2020＝100
202505,15397AA2AA223,농림수산토목,,,16397AAA0,건설공사비지수,133.39,2020＝100
202506,15397AA2AA223,농림수산토목,,,16397AAA0,건설공사비지수,133.41,2020＝100
202507,15397AA2AA223,농림수산토목,,,16397AAA0,건설공사비지수,133.54,2020＝100
202508,15397AA2AA223,농림수산토목,,,16397AAA0,건설공사비지수,133.52,2020＝100
202509,15397AA2AA223,농림수산토목,,,16397AAA0,건설공사비지수,134.33,2020＝100
202510,15397AA2AA223,농림수산토목,,,16397AAA0,건설공사비지수,134.44,2020＝100
202511,15397AA2AA223,농림수산토목,,,16397AAA0,건설공사비지수,135.26,2020＝100
202512,15397AA2AA223,농림수산토목,,,16397AAA0,건설공사비지수,135.02,2020＝100
202501,15397AA2AA224,도시토목,,,16397AAA0,건설공사비지수,133.44,2020＝100
202502,15397AA2AA224,도시토목,,,16397AAA0,건설공사비지수,132.96,2020＝100
202503,15397AA2AA224,도시토목,,,16397AAA0,건설공사비지수,132.67,2020＝100
202504,15397AA2AA224,도시토목,,,16397AAA0,건설공사비지수,133.34,2020＝100
202505,15397AA2AA224,도시토목,,,16397AAA0,건설공사비지수,133.14,2020＝100
202506,15397AA2AA224,도시토목,,,16397AAA0,건설공사비지수,132.52,2020＝100
202507,15397AA2AA224,도시토목,,,16397AAA0,건설공사비지수,132.33,2020＝100
202508,15397AA2AA224,도시토목,,,16397AAA0,건설공사비지수,132.2,2020＝100
202509,15397AA2AA224,도시토목,,,16397AAA0,건설공사비지수,132.87,2020＝100
202510,15397AA2AA224,도시토목,,,16397AAA0,건설공사비지수,132.93,2020＝100
202511,15397AA2AA224,도시토목,,,16397AAA0,건설공사비지수,133.53,2020＝100
202512,15397AA2AA224,도시토목,,,16397AAA0,건설공사비지수,133.22,2020＝100
202501,15397AA2AA23,산업시설건설,,,16397AAA0,건설공사비지수,133.64,2020＝100
202502,15397AA2AA23,산업시설건설,,,16397AAA0,건설공사비지수,134,2020＝100
202503,15397AA2AA23,산업시설건설,,,16397AAA0,건설공사비지수,134.75,2020＝100
202504,15397AA2AA23,산업시설건설,,,16397AAA0,건설공사비지수,134.14,2020＝100
202505,15397AA2AA23,산업시설건설,,,16397AAA0,건설공사비지수,134.07,2020＝100
202506,15397AA2AA23,산업시설건설,,,16397AAA0,건설공사비지수,134.33,2020＝100
202507,15397AA2AA23,산업시설건설,,,16397AAA0,건설공사비지수,134.23,2020＝100
202508,15397AA2AA23,산업시설건설,,,16397AAA0,건설공사비지수,134.23,2020＝100
202509,15397AA2AA23,산업시설건설,,,16397AAA0,건설공사비지수,135.39,2020＝100
202510,15397AA2AA23,산업시설건설,,,16397AAA0,건설공사비지수,136.86,2020＝100
202511,15397AA2AA23,산업시설건설,,,16397AAA0,건설공사비지수,137.84,2020＝100
202512,15397AA2AA23,산업시설건설,,,16397AAA0,건설공사비지수,139.4,2020＝100
202501,15397AA2AA231,환경정화시설,,,16397AAA0,건설공사비지수,132.82,2020＝100
202502,15397AA2AA231,환경정화시설,,,16397AAA0,건설공사비지수,132.79,2020＝100
202503,15397AA2AA231,환경정화시설,,,16397AAA0,건설공사비지수,133.01,2020＝100
202504,15397AA2AA231,환경정화시설,,,16397AAA0,건설공사비지수,133.14,2020＝100
202505,15397AA2AA231,환경정화시설,,,16397AAA0,건설공사비지수,133.18,2020＝100
202506,15397AA2AA231,환경정화시설,,,16397AAA0,건설공사비지수,133.09,2020＝100
202507,15397AA2AA231,환경정화시설,,,16397AAA0,건설공사비지수,132.99,2020＝100
202508,15397AA2AA231,환경정화시설,,,16397AAA0,건설공사비지수,133.03,2020＝100
202509,15397AA2AA231,환경정화시설,,,16397AAA0,건설공사비지수,133.66,2020＝100
202510,15397AA2AA231,환경정화시설,,,16397AAA0,건설공사비지수,133.76,2020＝100
202511,15397AA2AA231,환경정화시설,,,16397AAA0,건설공사비지수,134.15,2020＝100
202512,15397AA2AA231,환경정화시설,,,16397AAA0,건설공사비지수,134.43,2020＝100
202501,15397AA2AA232,발전소시설,,,16397AAA0,건설공사비지수,138.6,2020＝100
202502,15397AA2AA232,발전소시설,,,16397AAA0,건설공사비지수,139.49,2020＝100
202503,15397AA2AA232,발전소시설,,,16397AAA0,건설공사비지수,140.87,2020＝100
202504,15397AA2AA232,발전소시설,,,16397AAA0,건설공사비지수,139.58,2020＝100
202505,15397AA2AA232,발전소시설,,,16397AAA0,건설공사비지수,139.4,2020＝100
202506,15397AA2AA232,발전소시설,,,16397AAA0,건설공사비지수,139.94,2020＝100
202507,15397AA2AA232,발전소시설,,,16397AAA0,건설공사비지수,139.88,2020＝100
202508,15397AA2AA232,발전소시설,,,16397AAA0,건설공사비지수,139.86,2020＝100
202509,15397AA2AA232,발전소시설,,,16397AAA0,건설공사비지수,141.37,2020＝100
202510,15397AA2AA232,발전소시설,,,16397AAA0,건설공사비지수,144.28,2020＝100
202511,15397AA2AA232,발전소시설,,,16397AAA0,건설공사비지수,146.1,2020＝100
202512,15397AA2AA232,발전소시설,,,16397AAA0,건설공사비지수,149.14,2020＝100
202501,15397AA2AA234,산업플랜트,,,16397AAA0,건설공사비지수,128.92,2020＝100
202502,15397AA2AA234,산업플랜트,,,16397AAA0,건설공사비지수,128.83,2020＝100
202503,15397AA2AA234,산업플랜트,,,16397AAA0,건설공사비지수,129.03,2020＝100
202504,15397AA2AA234,산업플랜트,,,16397AAA0,건설공사비지수,128.99,2020＝100
202505,15397AA2AA234,산업플랜트,,,16397AAA0,건설공사비지수,129,2020＝100
202506,15397AA2AA234,산업플랜트,,,16397AAA0,건설공사비지수,129.03,2020＝100
202507,15397AA2AA234,산업플랜트,,,16397AAA0,건설공사비지수,128.91,2020＝100
202508,15397AA2AA234,산업플랜트,,,16397AAA0,건설공사비지수,128.92,2020＝100
202509,15397AA2AA234,산업플랜트,,,16397AAA0,건설공사비지수,129.82,2020＝100
202510,15397AA2AA234,산업플랜트,,,16397AAA0,건설공사비지수,130.08,2020＝100
202511,15397AA2AA234,산업플랜트,,,16397AAA0,건설공사비지수,130.33,2020＝100
202512,15397AA2AA234,산업플랜트,,,16397AAA0,건설공사비지수,130.63,2020＝100
202501,15397AA2AA24,기타건설,,,16397AAA0,건설공사비지수,135.34,2020＝100
202502,15397AA2AA24,기타건설,,,16397AAA0,건설공사비지수,135.7,2020＝100
202503,15397AA2AA24,기타건설,,,16397AAA0,건설공사비지수,136.32,2020＝100
202504,15397AA2AA24,기타건설,,,16397AAA0,건설공사비지수,135.6,2020＝100
202505,15397AA2AA24,기타건설,,,16397AAA0,건설공사비지수,135.38,2020＝100
202506,15397AA2AA24,기타건설,,,16397AAA0,건설공사비지수,135.58,2020＝100
202507,15397AA2AA24,기타건설,,,16397AAA0,건설공사비지수,135.59,2020＝100
202508,15397AA2AA24,기타건설,,,16397AAA0,건설공사비지수,135.48,2020＝100
202509,15397AA2AA24,기타건설,,,16397AAA0,건설공사비지수,136.76,2020＝100
202510,15397AA2AA24,기타건설,,,16397AAA0,건설공사비지수,138.32,2020＝100
202511,15397AA2AA24,기타건설,,,16397AAA0,건설공사비지수,139.6,2020＝100
202512,15397AA2AA24,기타건설,,,16397AAA0,건설공사비지수,141.02,2020＝100
202501,15397AA2AA241,기타건설,,,16397AAA0,건설공사비지수,135.34,2020＝100
202502,15397AA2AA241,기타건설,,,16397AAA0,건설공사비지수,135.7,2020＝100
202503,15397AA2AA241,기타건설,,,16397AAA0,건설공사비지수,136.32,2020＝100
202504,15397AA2AA241,기타건설,,,16397AAA0,건설공사비지수,135.6,2020＝100
202505,15397AA2AA241,기타건설,,,16397AAA0,건설공사비지수,135.38,2020＝100
202506,15397AA2AA241,기타건설,,,16397AAA0,건설공사비지수,135.58,2020＝100
202507,15397AA2AA241,기타건설,,,16397AAA0,건설공사비지수,135.59,2020＝100
202508,15397AA2AA241,기타건설,,,16397AAA0,건설공사비지수,135.48,2020＝100
202509,15397AA2AA241,기타건설,,,16397AAA0,건설공사비지수,136.76,2020＝100
202510,15397AA2AA241,기타건설,,,16397AAA0,건설공사비지수,138.32,2020＝100
202511,15397AA2AA241,기타건설,,,16397AAA0,건설공사비지수,139.6,2020＝100
202512,15397AA2AA241,기타건설,,,16397AAA0,건설공사비지수,141.02,2020＝100
202601,15397AA2AA,건설,,,16397AAA0,건설공사비지수,133.52,2020＝100
202602,15397AA2AA,건설,,,16397AAA0,건설공사비지수,133.76,2020＝100
202603,15397AA2AA,건설,,,16397AAA0,건설공사비지수,134.53,2020＝100
202604,15397AA2AA,건설,,,16397AAA0,건설공사비지수,137.12,2020＝100
202605,15397AA2AA,건설,,,16397AAA0,건설공사비지수,137.8,2020＝100
202606,15397AA2AA,건설,,,16397AAA0,건설공사비지수,138.22,2020＝100
202601,15397AA2AA1,건물건설 및 건축보수,,,16397AAA0,건설공사비지수,131.95,2020＝100
202602,15397AA2AA1,건물건설 및 건축보수,,,16397AAA0,건설공사비지수,132.14,2020＝100
202603,15397AA2AA1,건물건설 및 건축보수,,,16397AAA0,건설공사비지수,132.85,2020＝100
202604,15397AA2AA1,건물건설 및 건축보수,,,16397AAA0,건설공사비지수,134.98,2020＝100
202605,15397AA2AA1,건물건설 및 건축보수,,,16397AAA0,건설공사비지수,135.58,2020＝100
202606,15397AA2AA1,건물건설 및 건축보수,,,16397AAA0,건설공사비지수,135.91,2020＝100
202601,15397AA2AA11,주거용건물,,,16397AAA0,건설공사비지수,131.36,2020＝100
202602,15397AA2AA11,주거용건물,,,16397AAA0,건설공사비지수,131.56,2020＝100
202603,15397AA2AA11,주거용건물,,,16397AAA0,건설공사비지수,132.27,2020＝100
202604,15397AA2AA11,주거용건물,,,16397AAA0,건설공사비지수,134.22,2020＝100
202605,15397AA2AA11,주거용건물,,,16397AAA0,건설공사비지수,134.76,2020＝100
202606,15397AA2AA11,주거용건물,,,16397AAA0,건설공사비지수,135.08,2020＝100
202601,15397AA2AA111,주거용건물,,,16397AAA0,건설공사비지수,131.36,2020＝100
202602,15397AA2AA111,주거용건물,,,16397AAA0,건설공사비지수,131.56,2020＝100
202603,15397AA2AA111,주거용건물,,,16397AAA0,건설공사비지수,132.27,2020＝100
202604,15397AA2AA111,주거용건물,,,16397AAA0,건설공사비지수,134.22,2020＝100
202605,15397AA2AA111,주거용건물,,,16397AAA0,건설공사비지수,134.76,2020＝100
202606,15397AA2AA111,주거용건물,,,16397AAA0,건설공사비지수,135.08,2020＝100
202601,15397AA2AA12,비주거용건물,,,16397AAA0,건설공사비지수,132.5,2020＝100
202602,15397AA2AA12,비주거용건물,,,16397AAA0,건설공사비지수,132.69,2020＝100
202603,15397AA2AA12,비주거용건물,,,16397AAA0,건설공사비지수,133.43,2020＝100
202604,15397AA2AA12,비주거용건물,,,16397AAA0,건설공사비지수,135.66,2020＝100
202605,15397AA2AA12,비주거용건물,,,16397AAA0,건설공사비지수,136.3,2020＝100
202606,15397AA2AA12,비주거용건물,,,16397AAA0,건설공사비지수,136.64,2020＝100
202601,15397AA2AA121,비주거용건물,,,16397AAA0,건설공사비지수,132.5,2020＝100
202602,15397AA2AA121,비주거용건물,,,16397AAA0,건설공사비지수,132.69,2020＝100
202603,15397AA2AA121,비주거용건물,,,16397AAA0,건설공사비지수,133.43,2020＝100
202604,15397AA2AA121,비주거용건물,,,16397AAA0,건설공사비지수,135.66,2020＝100
202605,15397AA2AA121,비주거용건물,,,16397AAA0,건설공사비지수,136.3,2020＝100
202606,15397AA2AA121,비주거용건물,,,16397AAA0,건설공사비지수,136.64,2020＝100
202601,15397AA2AA13,건축보수,,,16397AAA0,건설공사비지수,131.92,2020＝100
202602,15397AA2AA13,건축보수,,,16397AAA0,건설공사비지수,132.03,2020＝100
202603,15397AA2AA13,건축보수,,,16397AAA0,건설공사비지수,132.64,2020＝100
202604,15397AA2AA13,건축보수,,,16397AAA0,건설공사비지수,135.05,2020＝100
202605,15397AA2AA13,건축보수,,,16397AAA0,건설공사비지수,135.67,2020＝100
202606,15397AA2AA13,건축보수,,,16397AAA0,건설공사비지수,136.01,2020＝100
202601,15397AA2AA131,건축보수,,,16397AAA0,건설공사비지수,131.92,2020＝100
202602,15397AA2AA131,건축보수,,,16397AAA0,건설공사비지수,132.03,2020＝100
202603,15397AA2AA131,건축보수,,,16397AAA0,건설공사비지수,132.64,2020＝100
202604,15397AA2AA131,건축보수,,,16397AAA0,건설공사비지수,135.05,2020＝100
202605,15397AA2AA131,건축보수,,,16397AAA0,건설공사비지수,135.67,2020＝100
202606,15397AA2AA131,건축보수,,,16397AAA0,건설공사비지수,136.01,2020＝100
202601,15397AA2AA2,토목건설,,,16397AAA0,건설공사비지수,137.51,2020＝100
202602,15397AA2AA2,토목건설,,,16397AAA0,건설공사비지수,137.88,2020＝100
202603,15397AA2AA2,토목건설,,,16397AAA0,건설공사비지수,138.78,2020＝100
202604,15397AA2AA2,토목건설,,,16397AAA0,건설공사비지수,142.53,2020＝100
202605,15397AA2AA2,토목건설,,,16397AAA0,건설공사비지수,143.46,2020＝100
202606,15397AA2AA2,토목건설,,,16397AAA0,건설공사비지수,144.09,2020＝100
202601,15397AA2AA21,교통시설건설,,,16397AAA0,건설공사비지수,133.49,2020＝100
202602,15397AA2AA21,교통시설건설,,,16397AAA0,건설공사비지수,133.92,2020＝100
202603,15397AA2AA21,교통시설건설,,,16397AAA0,건설공사비지수,135.48,2020＝100
202604,15397AA2AA21,교통시설건설,,,16397AAA0,건설공사비지수,141.2,2020＝100
202605,15397AA2AA21,교통시설건설,,,16397AAA0,건설공사비지수,141.72,2020＝100
202606,15397AA2AA21,교통시설건설,,,16397AAA0,건설공사비지수,141.94,2020＝100
202601,15397AA2AA211,도로시설,,,16397AAA0,건설공사비지수,134.86,2020＝100
202602,15397AA2AA211,도로시설,,,16397AAA0,건설공사비지수,135.29,2020＝100
202603,15397AA2AA211,도로시설,,,16397AAA0,건설공사비지수,137.14,2020＝100
202604,15397AA2AA211,도로시설,,,16397AAA0,건설공사비지수,144.59,2020＝100
202605,15397AA2AA211,도로시설,,,16397AAA0,건설공사비지수,145.08,2020＝100
202606,15397AA2AA211,도로시설,,,16397AAA0,건설공사비지수,145.21,2020＝100
202601,15397AA2AA212,철도시설,,,16397AAA0,건설공사비지수,130.65,2020＝100
202602,15397AA2AA212,철도시설,,,16397AAA0,건설공사비지수,131.04,2020＝100
202603,15397AA2AA212,철도시설,,,16397AAA0,건설공사비지수,131.91,2020＝100
202604,15397AA2AA212,철도시설,,,16397AAA0,건설공사비지수,133.96,2020＝100
202605,15397AA2AA212,철도시설,,,16397AAA0,건설공사비지수,134.64,2020＝100
202606,15397AA2AA212,철도시설,,,16397AAA0,건설공사비지수,135.11,2020＝100
202601,15397AA2AA213,항만시설,,,16397AAA0,건설공사비지수,130.89,2020＝100
202602,15397AA2AA213,항만시설,,,16397AAA0,건설공사비지수,131.4,2020＝100
202603,15397AA2AA213,항만시설,,,16397AAA0,건설공사비지수,132.77,2020＝100
202604,15397AA2AA213,항만시설,,,16397AAA0,건설공사비지수,135.5,2020＝100
202605,15397AA2AA213,항만시설,,,16397AAA0,건설공사비지수,135.9,2020＝100
202606,15397AA2AA213,항만시설,,,16397AAA0,건설공사비지수,136.01,2020＝100
202601,15397AA2AA22,일반토목시설건설,,,16397AAA0,건설공사비지수,131.8,2020＝100
202602,15397AA2AA22,일반토목시설건설,,,16397AAA0,건설공사비지수,132.22,2020＝100
202603,15397AA2AA22,일반토목시설건설,,,16397AAA0,건설공사비지수,133.29,2020＝100
202604,15397AA2AA22,일반토목시설건설,,,16397AAA0,건설공사비지수,138.71,2020＝100
202605,15397AA2AA22,일반토목시설건설,,,16397AAA0,건설공사비지수,139.09,2020＝100
202606,15397AA2AA22,일반토목시설건설,,,16397AAA0,건설공사비지수,139.22,2020＝100
202601,15397AA2AA221,하천사방,,,16397AAA0,건설공사비지수,130.15,2020＝100
202602,15397AA2AA221,하천사방,,,16397AAA0,건설공사비지수,130.52,2020＝100
202603,15397AA2AA221,하천사방,,,16397AAA0,건설공사비지수,131.68,2020＝100
202604,15397AA2AA221,하천사방,,,16397AAA0,건설공사비지수,134.54,2020＝100
202605,15397AA2AA221,하천사방,,,16397AAA0,건설공사비지수,134.97,2020＝100
202606,15397AA2AA221,하천사방,,,16397AAA0,건설공사비지수,135.12,2020＝100
202601,15397AA2AA222,상하수도시설,,,16397AAA0,건설공사비지수,129,2020＝100
202602,15397AA2AA222,상하수도시설,,,16397AAA0,건설공사비지수,129.42,2020＝100
202603,15397AA2AA222,상하수도시설,,,16397AAA0,건설공사비지수,130.04,2020＝100
202604,15397AA2AA222,상하수도시설,,,16397AAA0,건설공사비지수,131.66,2020＝100
202605,15397AA2AA222,상하수도시설,,,16397AAA0,건설공사비지수,132.02,2020＝100
202606,15397AA2AA222,상하수도시설,,,16397AAA0,건설공사비지수,132.17,2020＝100
202601,15397AA2AA223,농림수산토목,,,16397AAA0,건설공사비지수,135.19,2020＝100
202602,15397AA2AA223,농림수산토목,,,16397AAA0,건설공사비지수,135.58,2020＝100
202603,15397AA2AA223,농림수산토목,,,16397AAA0,건설공사비지수,137.05,2020＝100
202604,15397AA2AA223,농림수산토목,,,16397AAA0,건설공사비지수,139.52,2020＝100
202605,15397AA2AA223,농림수산토목,,,16397AAA0,건설공사비지수,139.82,2020＝100
202606,15397AA2AA223,농림수산토목,,,16397AAA0,건설공사비지수,139.87,2020＝100
202601,15397AA2AA224,도시토목,,,16397AAA0,건설공사비지수,133.2,2020＝100
202602,15397AA2AA224,도시토목,,,16397AAA0,건설공사비지수,133.63,2020＝100
202603,15397AA2AA224,도시토목,,,16397AAA0,건설공사비지수,134.89,2020＝100
202604,15397AA2AA224,도시토목,,,16397AAA0,건설공사비지수,143.99,2020＝100
202605,15397AA2AA224,도시토목,,,16397AAA0,건설공사비지수,144.38,2020＝100
202606,15397AA2AA224,도시토목,,,16397AAA0,건설공사비지수,144.5,2020＝100
202601,15397AA2AA23,산업시설건설,,,16397AAA0,건설공사비지수,141.94,2020＝100
202602,15397AA2AA23,산업시설건설,,,16397AAA0,건설공사비지수,142.24,2020＝100
202603,15397AA2AA23,산업시설건설,,,16397AAA0,건설공사비지수,142.62,2020＝100
202604,15397AA2AA23,산업시설건설,,,16397AAA0,건설공사비지수,144.38,2020＝100
202605,15397AA2AA23,산업시설건설,,,16397AAA0,건설공사비지수,145.77,2020＝100
202606,15397AA2AA23,산업시설건설,,,16397AAA0,건설공사비지수,146.88,2020＝100
202601,15397AA2AA231,환경정화시설,,,16397AAA0,건설공사비지수,135.04,2020＝100
202602,15397AA2AA231,환경정화시설,,,16397AAA0,건설공사비지수,135.28,2020＝100
202603,15397AA2AA231,환경정화시설,,,16397AAA0,건설공사비지수,135.69,2020＝100
202604,15397AA2AA231,환경정화시설,,,16397AAA0,건설공사비지수,137.41,2020＝100
202605,15397AA2AA231,환경정화시설,,,16397AAA0,건설공사비지수,137.92,2020＝100
202606,15397AA2AA231,환경정화시설,,,16397AAA0,건설공사비지수,138.26,2020＝100
202601,15397AA2AA232,발전소시설,,,16397AAA0,건설공사비지수,153.88,2020＝100
202602,15397AA2AA232,발전소시설,,,16397AAA0,건설공사비지수,154.25,2020＝100
202603,15397AA2AA232,발전소시설,,,16397AAA0,건설공사비지수,154.69,2020＝100
202604,15397AA2AA232,발전소시설,,,16397AAA0,건설공사비지수,156.84,2020＝100
202605,15397AA2AA232,발전소시설,,,16397AAA0,건설공사비지수,159.28,2020＝100
202606,15397AA2AA232,발전소시설,,,16397AAA0,건설공사비지수,161.13,2020＝100
202601,15397AA2AA234,산업플랜트,,,16397AAA0,건설공사비지수,131.3,2020＝100
202602,15397AA2AA234,산업플랜트,,,16397AAA0,건설공사비지수,131.55,2020＝100
202603,15397AA2AA234,산업플랜트,,,16397AAA0,건설공사비지수,131.88,2020＝100
202604,15397AA2AA234,산업플랜트,,,16397AAA0,건설공사비지수,133.26,2020＝100
202605,15397AA2AA234,산업플랜트,,,16397AAA0,건설공사비지수,133.78,2020＝100
202606,15397AA2AA234,산업플랜트,,,16397AAA0,건설공사비지수,134.28,2020＝100
202601,15397AA2AA24,기타건설,,,16397AAA0,건설공사비지수,143.59,2020＝100
202602,15397AA2AA24,기타건설,,,16397AAA0,건설공사비지수,143.92,2020＝100
202603,15397AA2AA24,기타건설,,,16397AAA0,건설공사비지수,144.53,2020＝100
202604,15397AA2AA24,기타건설,,,16397AAA0,건설공사비지수,146.64,2020＝100
202605,15397AA2AA24,기타건설,,,16397AAA0,건설공사비지수,148.08,2020＝100
202606,15397AA2AA24,기타건설,,,16397AAA0,건설공사비지수,149.1,2020＝100
202601,15397AA2AA241,기타건설,,,16397AAA0,건설공사비지수,143.59,2020＝100
202602,15397AA2AA241,기타건설,,,16397AAA0,건설공사비지수,143.92,2020＝100
202603,15397AA2AA241,기타건설,,,16397AAA0,건설공사비지수,144.53,2020＝100
202604,15397AA2AA241,기타건설,,,16397AAA0,건설공사비지수,146.64,2020＝100
202605,15397AA2AA241,기타건설,,,16397AAA0,건설공사비지수,148.08,2020＝100
202606,15397AA2AA241,기타건설,,,16397AAA0,건설공사비지수,149.1,2020＝100
