emd_cd10,sido_cd,sgg_cd,ym,workplaces,insured,notice_amount,file
1154510100,11,11545,2026-0,6967,121114,43354088340, 내역_20260825
4113510700,41,41135,2026-0,823,22510,8942620540, 내역_20260825
1141011800,11,11410,2026-0,149,2491,704098600, 내역_20260825
1168011400,11,11680,2026-0,199,10476,5163560900, 내역_20260825
1165010800,11,11650,2026-0,5685,168285,66042726860, 내역_20260825
1114015400,11,11140,2026-0,69,548,184130060, 내역_20260825
1171010700,11,11710,2026-0,1869,23196,8275965620, 내역_20260825
4121010600,41,41210,2026-0,847,19180,7596072540, 내역_20260825
1159010100,11,11590,2026-0,246,3328,1091817840, 내역_20260825
1111010600,11,11110,2026-0,56,735,240094100, 내역_20260825
1111011600,11,11110,2026-0,20,2100,758599500, 내역_20260825
1156011000,11,11560,2026-0,3123,271250,136856416740, 내역_20260825
1111012600,11,11110,2026-0,147,7414,3718130600, 내역_20260825
1114010300,11,11140,2026-0,291,10298,4565908680, 내역_20260825
1114010400,11,11140,2026-0,78,13650,7607323400, 내역_20260825
1114014400,11,11140,2026-0,106,5481,2091345960, 내역_20260825
1114010800,11,11140,2026-0,130,8980,4945766800, 내역_20260825
1114011100,11,11140,2026-0,141,15930,7226971420, 내역_20260825
4128113100,41,41281,2026-0,598,4855,1637670040, 내역_20260825
1138010100,11,11380,2026-0,62,1025,294146520, 내역_20260825
1111018400,11,11110,2026-0,37,1193,249049940, 내역_20260825
1171010600,11,11710,2026-0,257,7778,2448001180, 내역_20260825
1111016400,11,11110,2026-0,179,2797,1064909860, 내역_20260825
1114011800,11,11140,2026-0,309,26399,13175804640, 내역_20260825
1150010500,11,11500,2026-0,2700,98221,41841531520, 내역_20260825
1153010200,11,11530,2026-0,3970,78451,28396770560, 내역_20260825
4167038021,41,41670,2026-0,27,281,89355280, 내역_20260825
1114015100,11,11140,2026-0,41,312,101501880, 내역_20260825
1126010600,11,11260,2026-0,516,7306,2481162220, 내역_20260825
1165010700,11,11650,2026-0,1062,25206,9651085480, 내역_20260825
4122011600,41,41220,2026-0,16,337,125918800, 내역_20260825
1121510300,11,11215,2026-0,666,10515,3319089400, 내역_20260825
1147010300,11,11470,2026-0,457,6036,1801193540, 내역_20260825
1168010400,11,11680,2026-0,1372,33232,13394165960, 내역_20260825
1171010900,11,11710,2026-0,190,5005,1814556940, 내역_20260825
1120011400,11,11200,2026-0,1768,31041,11767127660, 내역_20260825
4155038025,41,41550,2026-0,47,1010,362464960, 내역_20260825
1174010700,11,11740,2026-0,225,2695,820149640, 내역_20260825
1144012700,11,11440,2026-0,894,35651,14483836080, 내역_20260825
1123010300,11,11230,2026-0,241,2501,772687400, 내역_20260825
1123010900,11,11230,2026-0,136,2887,910517840, 내역_20260825
4146132024,41,41461,2026-0,1,17,4939800, 내역_20260825
4145010800,41,41450,2026-0,959,11432,4214574520, 내역_20260825
4136025326,41,41360,2026-0,143,2746,895457700, 내역_20260825
1156011800,11,11560,2026-0,103,778,216183900, 내역_20260825
1123010600,11,11230,2026-0,771,10059,3185665540, 내역_20260825
1168010600,11,11680,2026-0,2098,83598,36550335980, 내역_20260825
4127310400,41,41273,2026-0,1480,35318,14316497220, 내역_20260825
4161025936,41,41610,2026-0,120,1696,623412600, 내역_20260825
1123010500,11,11230,2026-0,343,4188,1283855460, 내역_20260825
1144010400,11,11440,2026-0,706,21459,7748532360, 내역_20260825
4155036021,41,41550,2026-0,52,823,303544720, 내역_20260825
1165010200,11,11650,2026-0,2092,128157,65795166100, 내역_20260825
4161033025,41,41610,2026-0,38,348,120075120, 내역_20260825
1117013100,11,11170,2026-0,629,15108,5770890200, 내역_20260825
1114011700,11,11140,2026-0,71,8457,3686520920, 내역_20260825
1117010100,11,11170,2026-0,107,1971,663586160, 내역_20260825
1111011400,11,11110,2026-0,41,6589,3003603020, 내역_20260825
1168010800,11,11680,2026-0,4227,97214,34921995880, 내역_20260825
1114010500,11,11140,2026-0,167,40762,20195418600, 내역_20260825
4150034024,41,41500,2026-0,27,385,114218500, 내역_20260825
1168010100,11,11680,2026-0,6260,232380,93482213500, 내역_20260825
1162010300,11,11620,2026-0,129,1796,634688660, 내역_20260825
1114016600,11,11140,2026-0,238,8982,3786385520, 내역_20260825
1150010200,11,11500,2026-0,1101,32301,10505762520, 내역_20260825
1168010500,11,11680,2026-0,3357,121071,46990591980, 내역_20260825
1111012800,11,11110,2026-0,90,4325,2255120220, 내역_20260825
1114011300,11,11140,2026-0,78,2100,663535680, 내역_20260825
4127310600,41,41273,2026-0,569,16913,7281569680, 내역_20260825
1120011500,11,11200,2026-0,2855,63090,22168448920, 내역_20260825
4127310700,41,41273,2026-0,467,9358,3178516840, 내역_20260825
1174010200,11,11740,2026-0,330,13607,4068032200, 내역_20260825
1165010100,11,11650,2026-0,1815,37793,14230342980, 내역_20260825
4150025330,41,41500,2026-0,209,44058,25441703500, 내역_20260825
1141011700,11,11410,2026-0,321,4504,1468562640, 내역_20260825
1132010500,11,11320,2026-0,212,3727,1215302340, 내역_20260825
1174011000,11,11740,2026-0,110,1741,593402400, 내역_20260825
1135010300,11,11350,2026-0,444,9421,2769335640, 내역_20260825
1121510100,11,11215,2026-0,494,7476,2505998100, 내역_20260825
1123010100,11,11230,2026-0,193,3584,1105340960, 내역_20260825
1129012600,11,11290,2026-0,24,265,84960560, 내역_20260825
1123010800,11,11230,2026-0,118,3120,721828360, 내역_20260825
4145011500,41,41450,2026-0,159,1861,631385700, 내역_20260825
1165010300,11,11650,2026-0,147,2781,1120501500, 내역_20260825
1171010200,11,11710,2026-0,543,68480,28006444720, 내역_20260825
1123010200,11,11230,2026-0,395,9143,3716416340, 내역_20260825
1126010200,11,11260,2026-0,225,5347,2075455480, 내역_20260825
4157025325,41,41570,2026-0,168,3146,1099368400, 내역_20260825
1135010200,11,11350,2026-0,219,3850,1106952920, 내역_20260825
1130510400,11,11305,2026-0,36,748,255673980, 내역_20260825
1132010700,11,11320,2026-0,473,5874,1779515420, 내역_20260825
1135010500,11,11350,2026-0,844,12619,3889650440, 내역_20260825
1150010600,11,11500,2026-0,160,3293,1051355220, 내역_20260825
2820011000,28,28200,2026-0,832,13110,4284051320, 내역_20260825
2829010800,28,28290,2026-0,735,17480,5122631300, 내역_20260825
1114012500,11,11140,2026-0,150,5371,2091673520, 내역_20260825
1114014700,11,11140,2026-0,110,11173,5354237460, 내역_20260825
4159325024,41,41593,2026-0,223,2393,795933720, 내역_20260825
1114017100,11,11140,2026-0,129,4973,1785504200, 내역_20260825
1114014300,11,11140,2026-0,84,1412,533380840, 내역_20260825
1156013300,11,11560,2026-0,321,8191,2656632100, 내역_20260825
1147010200,11,11470,2026-0,819,14804,5562619640, 내역_20260825
1111015900,11,11110,2026-0,68,3309,1387980360, 내역_20260825
1117012500,11,11170,2026-0,607,22221,10855671500, 내역_20260825
1144011100,11,11440,2026-0,192,2973,908975620, 내역_20260825
1111013800,11,11110,2026-0,78,17538,3978838440, 내역_20260825
1114015900,11,11140,2026-0,79,9119,3553198720, 내역_20260825
1121510500,11,11215,2026-0,583,22994,8778804440, 내역_20260825
4182025022,41,41820,2026-0,58,789,276491780, 내역_20260825
4159134021,41,41591,2026-0,144,4734,2212913300, 내역_20260825
1121510200,11,11215,2026-0,144,1715,565500020, 내역_20260825
1114016100,11,11140,2026-0,111,14245,4210935020, 내역_20260825
1171010400,11,11710,2026-0,384,7929,2706100980, 내역_20260825
1126010100,11,11260,2026-0,430,5565,1742457100, 내역_20260825
4159131022,41,41591,2026-0,50,502,173060080, 내역_20260825
4159134030,41,41591,2026-0,130,1720,625080460, 내역_20260825
1123010700,11,11230,2026-0,116,2690,905610340, 내역_20260825
1120010700,11,11200,2026-0,244,4712,1546709720, 내역_20260825
4163033027,41,41630,2026-0,83,905,290195580, 내역_20260825
1159010700,11,11590,2026-0,426,5643,1878028920, 내역_20260825
1126010500,11,11260,2026-0,230,3546,1114872340, 내역_20260825
4136025024,41,41360,2026-0,134,1314,452165160, 내역_20260825
4145011100,41,41450,2026-0,46,516,170842600, 내역_20260825
4183033024,41,41830,2026-0,15,135,36928500, 내역_20260825
1130510200,11,11305,2026-0,273,3950,1184476040, 내역_20260825
1129013900,11,11290,2026-0,146,2820,764782200, 내역_20260825
1129013300,11,11290,2026-0,218,4965,1544676200, 내역_20260825
1111011800,11,11110,2026-0,118,3051,1433900980, 내역_20260825
1168010300,11,11680,2026-0,584,19200,6451777980, 내역_20260825
1171011400,11,11710,2026-0,112,1700,512095100, 내역_20260825
4165032022,41,41650,2026-0,45,473,143814060, 내역_20260825
1144010500,11,11440,2026-0,114,1195,385787440, 내역_20260825
4148011500,41,41480,2026-0,348,8778,3118363040, 내역_20260825
1111012400,11,11110,2026-0,177,17579,6207345600, 내역_20260825
1114013700,11,11140,2026-0,75,3135,1189983880, 내역_20260825
1114016000,11,11140,2026-0,41,485,154946500, 내역_20260825
1168010700,11,11680,2026-0,2158,36738,12922099180, 내역_20260825
1114013200,11,11140,2026-0,86,1091,415025640, 내역_20260825
1114014800,11,11140,2026-0,158,5572,2523238200, 내역_20260825
1111014400,11,11110,2026-0,18,228,62697440, 내역_20260825
1111012900,11,11110,2026-0,43,1506,647856860, 내역_20260825
1156012700,11,11560,2026-0,411,12540,4325684320, 내역_20260825
1114010700,11,11140,2026-0,32,1620,833824880, 내역_20260825
1114012300,11,11140,2026-0,35,964,508930880, 내역_20260825
1114015800,11,11140,2026-0,118,5070,1741986540, 내역_20260825
2820011100,28,28200,2026-0,1964,34163,12271063340, 내역_20260825
1171011200,11,11710,2026-0,347,5622,1919363020, 내역_20260825
4129010600,41,41290,2026-0,101,5699,1652503600, 내역_20260825
1171011100,11,11710,2026-0,943,17461,6763837840, 내역_20260825
1174010600,11,11740,2026-0,175,5992,2335371100, 내역_20260825
1130510100,11,11305,2026-0,375,4762,1365495320, 내역_20260825
4161033028,41,41610,2026-0,140,1699,558973960, 내역_20260825
2818510600,28,28185,2026-0,3051,63547,26398799960, 내역_20260825
4165033026,41,41650,2026-0,188,1921,599474000, 내역_20260825
1171010500,11,11710,2026-0,397,5982,1898569640, 내역_20260825
4163033021,41,41630,2026-0,160,1965,630260920, 내역_20260825
1123010400,11,11230,2026-0,273,3868,1069843740, 내역_20260825
4165035023,41,41650,2026-0,14,217,83624120, 내역_20260825
1111014600,11,11110,2026-0,28,245,67996900, 내역_20260825
1114016200,11,11140,2026-0,969,13668,4287653220, 내역_20260825
1132010800,11,11320,2026-0,218,3394,990112160, 내역_20260825
1132010600,11,11320,2026-0,264,3602,1015916140, 내역_20260825
1111018300,11,11110,2026-0,70,939,285497860, 내역_20260825
1130510300,11,11305,2026-0,399,5406,1621656100, 내역_20260825
4148025627,41,41480,2026-0,31,296,88384180, 내역_20260825
4125010100,41,41250,2026-0,46,422,127028460, 내역_20260825
2820010700,28,28200,2026-0,383,10798,4055757540, 내역_20260825
4137012000,41,41370,2026-0,47,1128,442723300, 내역_20260825
4136011100,41,41360,2026-0,949,9098,2875340960, 내역_20260825
1138010900,11,11380,2026-0,148,1684,478087160, 내역_20260825
1138010500,11,11380,2026-0,87,2223,779759700, 내역_20260825
4113510300,41,41135,2026-0,811,50797,27820443580, 내역_20260825
1141010200,11,11410,2026-0,157,13966,6600193920, 내역_20260825
1154510200,11,11545,2026-0,735,12442,4388304500, 내역_20260825
1138010400,11,11380,2026-0,157,2361,690431780, 내역_20260825
1150010700,11,11500,2026-0,172,1738,594742200, 내역_20260825
4141010500,41,41410,2026-0,396,6160,2167533620, 내역_20260825
1144012200,11,11440,2026-0,469,8287,3181519600, 내역_20260825
1144012500,11,11440,2026-0,607,7911,2425822440, 내역_20260825
1144010900,11,11440,2026-0,114,3803,1465175920, 내역_20260825
1150010100,11,11500,2026-0,406,7424,2881345380, 내역_20260825
1150011000,11,11500,2026-0,68,2596,1202302260, 내역_20260825
2815510300,28,28155,2026-0,544,34709,13635661140, 내역_20260825
4159135024,41,41591,2026-0,193,2792,997707700, 내역_20260825
1156012800,11,11560,2026-0,291,15665,5254469580, 내역_20260825
1159010900,11,11590,2026-0,267,15900,6815195100, 내역_20260825
4159135022,41,41591,2026-0,281,3609,1319003740, 내역_20260825
1138011000,11,11380,2026-0,96,1426,430481980, 내역_20260825
1156012300,11,11560,2026-0,152,3499,1077386020, 내역_20260825
1154510300,11,11545,2026-0,717,10204,3340698220, 내역_20260825
1114011000,11,11140,2026-0,131,21950,7627482800, 내역_20260825
4141010200,41,41410,2026-0,1032,16890,6372659360, 내역_20260825
4119610800,41,41196,2026-0,437,5771,1908499460, 내역_20260825
1168011300,11,11680,2026-0,61,577,153466460, 내역_20260825
4128111700,41,41281,2026-0,65,621,187478160, 내역_20260825
1117010400,11,11170,2026-0,117,7677,2982972280, 내역_20260825
4165031027,41,41650,2026-0,29,290,91946640, 내역_20260825
1150010300,11,11500,2026-0,735,10316,3163739140, 내역_20260825
1141010600,11,11410,2026-0,20,261,73723260, 내역_20260825
1144012000,11,11440,2026-0,1487,23478,8392895600, 내역_20260825
1144011500,11,11440,2026-0,175,2553,751853140, 내역_20260825
1144010700,11,11440,2026-0,200,5235,1795969560, 내역_20260825
1150010400,11,11500,2026-0,656,8808,3032321860, 내역_20260825
1144010200,11,11440,2026-0,626,20631,8891150460, 내역_20260825
1156012600,11,11560,2026-0,180,2170,626717000, 내역_20260825
4183032026,41,41830,2026-0,18,761,234973740, 내역_20260825
4129010300,41,41290,2026-0,595,28337,11925577980, 내역_20260825
4157025026,41,41570,2026-0,44,286,96803660, 내역_20260825
4150031028,41,41500,2026-0,28,423,141545620, 내역_20260825
1141010400,11,11410,2026-0,43,4434,2105586260, 내역_20260825
1138011400,11,11380,2026-0,225,3453,1094760600, 내역_20260825
4113310500,41,41133,2026-0,1811,43484,16430284980, 내역_20260825
1147010100,11,11470,2026-0,718,11425,3555222880, 내역_20260825
1111013700,11,11110,2026-0,78,710,211520200, 내역_20260825
1117011200,11,11170,2026-0,103,1262,438531820, 내역_20260825
2827510200,28,28275,2026-0,370,10307,4090277360, 내역_20260825
1171010800,11,11710,2026-0,3231,98472,33028134940, 내역_20260825
1153011000,11,11530,2026-0,70,1003,306168600, 내역_20260825
1141011900,11,11410,2026-0,136,1801,520344520, 내역_20260825
4165033024,41,41650,2026-0,84,827,255401220, 내역_20260825
4165025022,41,41650,2026-0,190,1919,568314680, 내역_20260825
1138010700,11,11380,2026-0,250,3233,1009987120, 내역_20260825
1141012000,11,11410,2026-0,123,1515,474619240, 내역_20260825
1114012900,11,11140,2026-0,48,481,143862840, 내역_20260825
1165010600,11,11650,2026-0,764,21137,8845420500, 내역_20260825
1141011400,11,11410,2026-0,75,7015,2285820840, 내역_20260825
1144012300,11,11440,2026-0,282,2672,836852840, 내역_20260825
1150010900,11,11500,2026-0,309,11857,4831404240, 내역_20260825
4148010700,41,41480,2026-0,43,380,117050960, 내역_20260825
1168011800,11,11680,2026-0,944,39362,14317195900, 내역_20260825
1162010100,11,11620,2026-0,876,16486,5348333880, 내역_20260825
1117013000,11,11170,2026-0,410,5346,1947483340, 내역_20260825
1165011000,11,11650,2026-0,45,3277,1493368220, 내역_20260825
1156013200,11,11560,2026-0,433,6484,2139209240, 내역_20260825
1117011100,11,11170,2026-0,47,575,184267200, 내역_20260825
1156013000,11,11560,2026-0,78,1068,352671880, 내역_20260825
1174010800,11,11740,2026-0,750,17422,5637549200, 내역_20260825
1141010100,11,11410,2026-0,110,3375,1176007700, 내역_20260825
4146310600,41,41463,2026-0,117,3551,1694574960, 내역_20260825
1174010500,11,11740,2026-0,313,5576,1908321780, 내역_20260825
4119610500,41,41196,2026-0,80,1138,366174660, 내역_20260825
1138010300,11,11380,2026-0,161,3355,1139386780, 내역_20260825
4119610700,41,41196,2026-0,816,9815,3497610520, 내역_20260825
1111012000,11,11110,2026-0,344,8882,4027438800, 내역_20260825
4148035022,41,41480,2026-0,43,509,159996860, 내역_20260825
1138010600,11,11380,2026-0,165,2020,643657880, 내역_20260825
4157025021,41,41570,2026-0,69,981,297060700, 내역_20260825
2812510200,28,28125,2026-0,27,414,151040940, 내역_20260825
1153010100,11,11530,2026-0,266,5941,1927701140, 내역_20260825
4127310500,41,41273,2026-0,766,15736,6302087840, 내역_20260825
1117010900,11,11170,2026-0,22,909,264110780, 내역_20260825
1156011600,11,11560,2026-0,148,7321,2060725380, 내역_20260825
4139013200,41,41390,2026-0,3503,61711,23795864280, 내역_20260825
4113510900,41,41135,2026-0,1168,85406,39656391920, 내역_20260825
4113510500,41,41135,2026-0,581,20845,9610076000, 내역_20260825
4157025626,41,41570,2026-0,921,13860,4837413740, 내역_20260825
4121010500,41,41210,2026-0,167,1308,422209540, 내역_20260825
1117012800,11,11170,2026-0,481,22977,10794862020, 내역_20260825
4150035033,41,41500,2026-0,7,135,47498340, 내역_20260825
1153011100,11,11530,2026-0,44,596,194457540, 내역_20260825
4159125335,41,41591,2026-0,37,608,237861900, 내역_20260825
4145012300,41,41450,2026-0,202,1957,675318860, 내역_20260825
4129010500,41,41290,2026-0,142,2133,705905220, 내역_20260825
4157034021,41,41570,2026-0,89,667,219490400, 내역_20260825
1153010300,11,11530,2026-0,44,784,232221280, 내역_20260825
4155035023,41,41550,2026-0,24,459,167078220, 내역_20260825
4128110600,41,41281,2026-0,154,1730,574776700, 내역_20260825
4159134025,41,41591,2026-0,226,2920,1114552000, 내역_20260825
1156011100,11,11560,2026-0,282,10801,3071812360, 내역_20260825
4148026225,41,41480,2026-0,134,1661,563007280, 내역_20260825
2817710500,28,28177,2026-0,786,19265,5148773780, 내역_20260825
1156012100,11,11560,2026-0,543,21537,7157663560, 내역_20260825
4159710600,41,41597,2026-0,1857,25367,9793136140, 내역_20260825
1156012900,11,11560,2026-0,395,11388,4764412020, 내역_20260825
4148025023,41,41480,2026-0,95,2568,898172260, 내역_20260825
1121510400,11,11215,2026-0,229,3943,1519226520, 내역_20260825
4180025327,41,41800,2026-0,23,240,88767100, 내역_20260825
1162010200,11,11620,2026-0,834,15947,5042237860, 내역_20260825
4113511000,41,41135,2026-0,318,13338,6546886280, 내역_20260825
1174010100,11,11740,2026-0,185,2214,617969320, 내역_20260825
1159010800,11,11590,2026-0,191,5731,2387641860, 내역_20260825
4121010400,41,41210,2026-0,665,12369,5329464860, 내역_20260825
1153010600,11,11530,2026-0,278,3600,1100839740, 내역_20260825
4122010300,41,41220,2026-0,174,6679,2608823260, 내역_20260825
4159125621,41,41591,2026-0,284,4357,1409207760, 내역_20260825
4117110100,41,41171,2026-0,1242,19496,6487356840, 내역_20260825
4127110300,41,41271,2026-0,529,6732,2010870240, 내역_20260825
4159131024,41,41591,2026-0,188,3371,1306411640, 내역_20260825
4157025628,41,41570,2026-0,39,417,132071460, 내역_20260825
4145011000,41,41450,2026-0,1019,10634,3393548180, 내역_20260825
1156011300,11,11560,2026-0,339,9196,2868516840, 내역_20260825
1174010300,11,11740,2026-0,150,20160,9979923560, 내역_20260825
1168011000,11,11680,2026-0,73,743,229769760, 내역_20260825
4122012000,41,41220,2026-0,157,4222,1531460660, 내역_20260825
4117310200,41,41173,2026-0,2357,44676,17476726800, 내역_20260825
4159325023,41,41593,2026-0,61,737,236682700, 내역_20260825
1111016900,11,11110,2026-0,57,990,332839240, 내역_20260825
1111012100,11,11110,2026-0,130,8765,4743942200, 내역_20260825
4148025624,41,41480,2026-0,31,468,150529780, 내역_20260825
4157036028,41,41570,2026-0,185,1946,673891900, 내역_20260825
4119410700,41,41194,2026-0,3,51,8275700, 내역_20260825
4113511400,41,41135,2026-0,584,19711,7831942420, 내역_20260825
4129010900,41,41290,2026-0,139,6447,2921242820, 내역_20260825
1159010200,11,11590,2026-0,358,4242,1312769300, 내역_20260825
1171011300,11,11710,2026-0,248,2957,928170880, 내역_20260825
4159134026,41,41591,2026-0,307,4093,1641558440, 내역_20260825
4145010900,41,41450,2026-0,782,8183,2635586820, 내역_20260825
4127310300,41,41273,2026-0,568,10143,4034287380, 내역_20260825
1153010700,11,11530,2026-0,201,3439,1045531360, 내역_20260825
1111012300,11,11110,2026-0,117,10511,5691648380, 내역_20260825
4157035024,41,41570,2026-0,73,928,332999440, 내역_20260825
2871025028,28,28710,2026-0,27,428,138994400, 내역_20260825
2820010100,28,28200,2026-0,919,16354,5538444080, 내역_20260825
4119210500,41,41192,2026-0,185,2169,747274040, 내역_20260825
4157035021,41,41570,2026-0,29,274,96970740, 내역_20260825
4139011200,41,41390,2026-0,184,1364,455887660, 내역_20260825
4119210400,41,41192,2026-0,656,13959,5392126760, 내역_20260825
2827511000,28,28275,2026-0,1414,24005,8586793720, 내역_20260825
1111016300,11,11110,2026-0,57,538,166271800, 내역_20260825
1111016000,11,11110,2026-0,123,6875,2966852700, 내역_20260825
4159125626,41,41591,2026-0,90,1503,585941920, 내역_20260825
1111015400,11,11110,2026-0,72,444,154361520, 내역_20260825
1156012400,11,11560,2026-0,329,4906,1848940000, 내역_20260825
1156010400,11,11560,2026-0,70,1430,534037400, 내역_20260825
4150025329,41,41500,2026-0,26,303,91957220, 내역_20260825
1117013200,11,11170,2026-0,53,1743,780826820, 내역_20260825
1111013400,11,11110,2026-0,67,1107,383426480, 내역_20260825
1111015600,11,11110,2026-0,36,456,153145380, 내역_20260825
1120010300,11,11200,2026-0,49,737,232181380, 내역_20260825
1111016600,11,11110,2026-0,82,2205,786885280, 내역_20260825
1111016800,11,11110,2026-0,160,1994,616009480, 내역_20260825
1141011600,11,11410,2026-0,196,2165,636615260, 내역_20260825
4157010400,41,41570,2026-0,519,5087,1578039020, 내역_20260825
1111013600,11,11110,2026-0,109,4070,1505331060, 내역_20260825
1153010800,11,11530,2026-0,176,2145,641056060, 내역_20260825
1111013500,11,11110,2026-0,124,3551,1465123660, 내역_20260825
1138010200,11,11380,2026-0,200,2706,782954440, 내역_20260825
1150010800,11,11500,2026-0,196,19832,11200309500, 내역_20260825
4146126229,41,41461,2026-0,131,1454,483373340, 내역_20260825
1114016700,11,11140,2026-0,115,3987,1752473300, 내역_20260825
4146110500,41,41461,2026-0,148,3258,1227608880, 내역_20260825
1114016800,11,11140,2026-0,213,44641,17817670940, 내역_20260825
1111012500,11,11110,2026-0,88,6490,3424119500, 내역_20260825
1114015500,11,11140,2026-0,105,910,292480960, 내역_20260825
1111012700,11,11110,2026-0,70,9767,5195579780, 내역_20260825
1114012700,11,11140,2026-0,111,2453,717302620, 내역_20260825
1144012100,11,11440,2026-0,652,10345,3641035600, 내역_20260825
1111017400,11,11110,2026-0,126,1453,452132500, 내역_20260825
1111018600,11,11110,2026-0,11,125,38451520, 내역_20260825
1111011500,11,11110,2026-0,27,414,147053300, 내역_20260825
1111011700,11,11110,2026-0,169,2815,1010539320, 내역_20260825
4143010200,41,41430,2026-0,91,1132,410829060, 내역_20260825
1114011200,11,11140,2026-0,91,2886,1214667360, 내역_20260825
1111017700,11,11110,2026-0,22,4193,2088131860, 내역_20260825
1156010300,11,11560,2026-0,135,2188,781116140, 내역_20260825
4159711300,41,41597,2026-0,271,14959,6139402280, 내역_20260825
4146125323,41,41461,2026-0,137,1193,390148040, 내역_20260825
4161011600,41,41610,2026-0,100,1723,633130060, 내역_20260825
1114011900,11,11140,2026-0,44,1961,911123040, 내역_20260825
4146310300,41,41463,2026-0,83,956,320407100, 내역_20260825
4157034030,41,41570,2026-0,185,1884,651900840, 내역_20260825
4159131025,41,41591,2026-0,286,4549,1742207740, 내역_20260825
4113110800,41,41131,2026-0,572,8556,2967062500, 내역_20260825
1114012200,11,11140,2026-0,51,4178,2022896460, 내역_20260825
1171010100,11,11710,2026-0,671,13333,4613791540, 내역_20260825
1111017500,11,11110,2026-0,127,1174,359176160, 내역_20260825
1111011900,11,11110,2026-0,108,8132,3709157160, 내역_20260825
4159125324,41,41591,2026-0,94,9393,4169010280, 내역_20260825
1144012400,11,11440,2026-0,301,3333,1078233900, 내역_20260825
1171010300,11,11710,2026-0,183,11656,5938522280, 내역_20260825
4143010900,41,41430,2026-0,390,4658,1660181720, 내역_20260825
1111015700,11,11110,2026-0,53,6850,3125396980, 내역_20260825
4150031027,41,41500,2026-0,17,451,173620720, 내역_20260825
1111014700,11,11110,2026-0,29,1231,513879240, 내역_20260825
1120010800,11,11200,2026-0,17,155,42872200, 내역_20260825
4148010900,41,41480,2026-0,108,1482,424639720, 내역_20260825
1114011400,11,11140,2026-0,101,24070,12660037120, 내역_20260825
4122025623,41,41220,2026-0,82,4229,2188911140, 내역_20260825
1111018700,11,11110,2026-0,20,754,251306180, 내역_20260825
4113111300,41,41131,2026-0,33,249,77864740, 내역_20260825
1156010800,11,11560,2026-0,168,3191,1182632260, 내역_20260825
4161010200,41,41610,2026-0,58,968,291302000, 내역_20260825
4111313700,41,41113,2026-0,356,7458,2656379580, 내역_20260825
4128112900,41,41281,2026-0,78,914,238962340, 내역_20260825
4146310800,41,41463,2026-0,172,4159,1495359080, 내역_20260825
4167025026,41,41670,2026-0,9,87,32237820, 내역_20260825
4148031023,41,41480,2026-0,222,3858,1438200220, 내역_20260825
1165011100,11,11650,2026-0,96,995,329557000, 내역_20260825
1114017300,11,11140,2026-0,53,718,263756060, 내역_20260825
4161025924,41,41610,2026-0,37,476,182358800, 내역_20260825
1129011700,11,11290,2026-0,17,177,66449800, 내역_20260825
4128510600,41,41285,2026-0,629,10284,3718882360, 내역_20260825
1114012100,11,11140,2026-0,88,15925,8828264700, 내역_20260825
4128110100,41,41281,2026-0,133,2495,799113520, 내역_20260825
4128113000,41,41281,2026-0,70,574,200687980, 내역_20260825
1114013100,11,11140,2026-0,25,2276,1242111940, 내역_20260825
1114012600,11,11140,2026-0,98,2573,1032689140, 내역_20260825
1114015000,11,11140,2026-0,66,10494,4945941820, 내역_20260825
1114013900,11,11140,2026-0,94,2861,716606400, 내역_20260825
1114010100,11,11140,2026-0,160,1835,700203380, 내역_20260825
4148025325,41,41480,2026-0,63,643,208440240, 내역_20260825
1111014100,11,11110,2026-0,57,909,300304140, 내역_20260825
4119410400,41,41194,2026-0,155,1986,604774440, 내역_20260825
1114013500,11,11140,2026-0,54,525,185787100, 내역_20260825
1144010800,11,11440,2026-0,112,1618,585689560, 내역_20260825
1111012200,11,11110,2026-0,150,21792,11421294800, 내역_20260825
1141010300,11,11410,2026-0,27,323,102668200, 내역_20260825
4148011900,41,41480,2026-0,62,564,168974480, 내역_20260825
1111011300,11,11110,2026-0,33,723,244574300, 내역_20260825
1144011300,11,11440,2026-0,28,211,70428800, 내역_20260825
1114014500,11,11140,2026-0,57,1436,583542980, 내역_20260825
4111514000,41,41115,2026-0,166,2641,922654400, 내역_20260825
1144010300,11,11440,2026-0,77,1734,792744460, 내역_20260825
4155033023,41,41550,2026-0,22,486,165189160, 내역_20260825
4146311800,41,41463,2026-0,304,8504,3532383880, 내역_20260825
1114010900,11,11140,2026-0,92,5296,2843908480, 내역_20260825
4146510300,41,41465,2026-0,365,16038,5602298260, 내역_20260825
4150010500,41,41500,2026-0,12,326,115214500, 내역_20260825
1117011800,11,11170,2026-0,43,615,212035000, 내역_20260825
1121510900,11,11215,2026-0,185,3467,965033260, 내역_20260825
1117011900,11,11170,2026-0,96,1205,388935260, 내역_20260825
1144011000,11,11440,2026-0,109,3485,1088154420, 내역_20260825
1117010500,11,11170,2026-0,62,2071,793697900, 내역_20260825
1129013600,11,11290,2026-0,204,5771,1800398720, 내역_20260825
4150031021,41,41500,2026-0,24,604,218220400, 내역_20260825
4163032027,41,41630,2026-0,89,1386,507643720, 내역_20260825
4163031021,41,41630,2026-0,77,1047,308264980, 내역_20260825
1174010900,11,11740,2026-0,469,10107,3706869760, 내역_20260825
4159134027,41,41591,2026-0,109,2077,850846140, 내역_20260825
4146125624,41,41461,2026-0,58,919,331377340, 내역_20260825
4115010500,41,41150,2026-0,244,4465,1359311800, 내역_20260825
4148035026,41,41480,2026-0,94,1218,406928720, 내역_20260825
1120010200,11,11200,2026-0,123,1259,403289040, 내역_20260825
4113111200,41,41131,2026-0,209,2560,1124702480, 내역_20260825
1114013300,11,11140,2026-0,64,593,194215980, 내역_20260825
1156011400,11,11560,2026-0,337,10654,3978131700, 내역_20260825
4150034028,41,41500,2026-0,58,1123,464629240, 내역_20260825
4146134024,41,41461,2026-0,42,835,318912460, 내역_20260825
4131010400,41,41310,2026-0,289,3112,975703420, 내역_20260825
1129012500,11,11290,2026-0,142,4661,1329155280, 내역_20260825
4117310100,41,41173,2026-0,426,6187,2125121440, 내역_20260825
1129013800,11,11290,2026-0,179,1852,560426780, 내역_20260825
4165032023,41,41650,2026-0,85,1288,422862100, 내역_20260825
1117012900,11,11170,2026-0,101,1768,700094640, 내역_20260825
4155034023,41,41550,2026-0,21,870,425986420, 내역_20260825
1111018000,11,11110,2026-0,6,37,15581720, 내역_20260825
1114013800,11,11140,2026-0,146,1568,530692680, 내역_20260825
4163011000,41,41630,2026-0,85,1687,571549760, 내역_20260825
1114017400,11,11140,2026-0,19,577,249586880, 내역_20260825
4129010700,41,41290,2026-0,166,6719,2258069120, 내역_20260825
4146310400,41,41463,2026-0,91,9649,3444108420, 내역_20260825
1129010700,11,11290,2026-0,31,351,101989820, 내역_20260825
1129010800,11,11290,2026-0,34,361,101475120, 내역_20260825
1129011900,11,11290,2026-0,35,771,233764980, 내역_20260825
4145010600,41,41450,2026-0,239,3227,935278980, 내역_20260825
4122032023,41,41220,2026-0,297,6994,2467714440, 내역_20260825
4161025925,41,41610,2026-0,60,473,164778280, 내역_20260825
2829010500,28,28290,2026-0,277,3548,1117948380, 내역_20260825
4155039027,41,41550,2026-0,43,414,142262020, 내역_20260825
1123011000,11,11230,2026-0,98,2187,514186360, 내역_20260825
1159010500,11,11590,2026-0,102,3339,832165700, 내역_20260825
4161025325,41,41610,2026-0,88,913,280461300, 내역_20260825
4161011400,41,41610,2026-0,89,1032,346742640, 내역_20260825
4165033021,41,41650,2026-0,42,471,174053740, 내역_20260825
4150025333,41,41500,2026-0,31,562,207824460, 내역_20260825
1120010400,11,11200,2026-0,111,1385,434914460, 내역_20260825
4136025925,41,41360,2026-0,166,1546,482475400, 내역_20260825
1165010400,11,11650,2026-0,9,66,21524360, 내역_20260825
4161012000,41,41610,2026-0,138,1491,476227340, 내역_20260825
2823710200,28,28237,2026-0,295,4878,1674682140, 내역_20260825
1120012200,11,11200,2026-0,303,22382,10831797940, 내역_20260825
1117010800,11,11170,2026-0,57,3902,1265318460, 내역_20260825
1120010600,11,11200,2026-0,54,2944,682893980, 내역_20260825
1117013600,11,11170,2026-0,19,206,56029860, 내역_20260825
1117011700,11,11170,2026-0,132,1531,559807980, 내역_20260825
4148011200,41,41480,2026-0,100,997,290193660, 내역_20260825
4157025623,41,41570,2026-0,138,1148,343297480, 내역_20260825
4159131023,41,41591,2026-0,74,678,235652820, 내역_20260825
1156010700,11,11560,2026-0,122,2499,841961260, 내역_20260825
1156011700,11,11560,2026-0,52,616,180537900, 내역_20260825
4159332021,41,41593,2026-0,184,2404,888032260, 내역_20260825
4146311700,41,41463,2026-0,119,2172,697497220, 내역_20260825
2823710500,28,28237,2026-0,301,3763,1163935340, 내역_20260825
1120011300,11,11200,2026-0,102,1297,378414340, 내역_20260825
1117012400,11,11170,2026-0,88,733,234799580, 내역_20260825
1117010700,11,11170,2026-0,148,21064,6358856500, 내역_20260825
4128510400,41,41285,2026-0,1368,15137,5201011000, 내역_20260825
2817710400,28,28177,2026-0,480,7275,2363402480, 내역_20260825
4117110300,41,41171,2026-0,133,2578,1096845100, 내역_20260825
1156010900,11,11560,2026-0,148,4133,1478320120, 내역_20260825
4146311600,41,41463,2026-0,540,6165,1966159400, 내역_20260825
4119210300,41,41192,2026-0,660,8462,2809363120, 내역_20260825
1114011600,11,11140,2026-0,13,2676,1390435040, 내역_20260825
4146311100,41,41463,2026-0,789,11637,4445301300, 내역_20260825
1156010600,11,11560,2026-0,23,278,94693220, 내역_20260825
4159510900,41,41595,2026-0,319,6551,2533002060, 내역_20260825
1156010500,11,11560,2026-0,99,5256,1867931480, 내역_20260825
4119610100,41,41196,2026-0,299,9548,2547316660, 내역_20260825
4113510200,41,41135,2026-0,527,10275,4075488800, 내역_20260825
1111015500,11,11110,2026-0,44,432,143080640, 내역_20260825
4127310900,41,41273,2026-0,215,3724,1146431060, 내역_20260825
4146125324,41,41461,2026-0,109,1171,373919300, 내역_20260825
4117310400,41,41173,2026-0,1428,24745,10138550660, 내역_20260825
1117013300,11,11170,2026-0,35,1025,347018500, 내역_20260825
1111017000,11,11110,2026-0,25,321,107698700, 내역_20260825
1111010700,11,11110,2026-0,71,2694,979586440, 내역_20260825
2829010900,28,28290,2026-0,250,2616,850127900, 내역_20260825
4128511100,41,41285,2026-0,313,3376,1084800080, 내역_20260825
4146125022,41,41461,2026-0,90,1334,502007380, 내역_20260825
4117110200,41,41171,2026-0,219,7802,3043627560, 내역_20260825
4148012000,41,41480,2026-0,245,3492,1201124200, 내역_20260825
4157034033,41,41570,2026-0,92,939,313044000, 내역_20260825
4148035023,41,41480,2026-0,61,741,265230380, 내역_20260825
4157025624,41,41570,2026-0,80,790,238962500, 내역_20260825
4148010100,41,41480,2026-0,262,4487,1351200840, 내역_20260825
4157025022,41,41570,2026-0,126,1634,505078540, 내역_20260825
2824510300,28,28245,2026-0,358,6267,2116457080, 내역_20260825
4139010500,41,41390,2026-0,108,948,296415260, 내역_20260825
4148032022,41,41480,2026-0,123,1655,518635380, 내역_20260825
4148011100,41,41480,2026-0,193,2024,642610740, 내역_20260825
1144011700,11,11440,2026-0,15,246,84355780, 내역_20260825
1165010900,11,11650,2026-0,120,2223,786805020, 내역_20260825
1126010300,11,11260,2026-0,172,1560,459300160, 내역_20260825
4161037024,41,41610,2026-0,11,71,21889160, 내역_20260825
4119210900,41,41192,2026-0,851,8502,2569286700, 내역_20260825
1111015800,11,11110,2026-0,15,141,43415040, 내역_20260825
4146125029,41,41461,2026-0,57,409,133375340, 내역_20260825
1129012400,11,11290,2026-0,30,273,85603540, 내역_20260825
1114014000,11,11140,2026-0,5,49,14931340, 내역_20260825
4157035023,41,41570,2026-0,150,2102,754495980, 내역_20260825
1114013600,11,11140,2026-0,62,758,282624040, 내역_20260825
1111011000,11,11110,2026-0,21,213,67499460, 내역_20260825
1111013000,11,11110,2026-0,43,564,162665080, 내역_20260825
4148026226,41,41480,2026-0,80,728,210152860, 내역_20260825
2827510900,28,28275,2026-0,599,8657,3119319220, 내역_20260825
4122025624,41,41220,2026-0,158,7428,3775986680, 내역_20260825
4159711400,41,41597,2026-0,86,1307,433470380, 내역_20260825
4117310300,41,41173,2026-0,449,10273,4086698640, 내역_20260825
1111015200,11,11110,2026-0,75,500,136134940, 내역_20260825
4161011900,41,41610,2026-0,170,1818,610023060, 내역_20260825
1156011500,11,11560,2026-0,70,1105,349905940, 내역_20260825
1114015200,11,11140,2026-0,49,358,122613320, 내역_20260825
1114013400,11,11140,2026-0,33,187,60155740, 내역_20260825
1129012900,11,11290,2026-0,38,782,310376220, 내역_20260825
4146125924,41,41461,2026-0,44,564,208300480, 내역_20260825
1111017100,11,11110,2026-0,36,272,81114100, 내역_20260825
1168011500,11,11680,2026-0,423,22456,8349287640, 내역_20260825
1114014600,11,11140,2026-0,25,384,112156940, 내역_20260825
1129013500,11,11290,2026-0,133,1454,424955020, 내역_20260825
4128510900,41,41285,2026-0,95,835,251742500, 내역_20260825
4111710300,41,41117,2026-0,718,15198,5597321160, 내역_20260825
1111015300,11,11110,2026-0,59,801,251797100, 내역_20260825
1111014000,11,11110,2026-0,31,434,160870780, 내역_20260825
1111017300,11,11110,2026-0,34,961,185588700, 내역_20260825
1156011900,11,11560,2026-0,82,711,235513380, 내역_20260825
2824510400,28,28245,2026-0,287,4825,1726690500, 내역_20260825
4111313500,41,41113,2026-0,198,2953,916242320, 내역_20260825
4141010300,41,41410,2026-0,267,5976,2049828200, 내역_20260825
4146135021,41,41461,2026-0,20,1139,559609140, 내역_20260825
2829010700,28,28290,2026-0,150,1967,600369300, 내역_20260825
4137010600,41,41370,2026-0,119,5464,2159348740, 내역_20260825
4159136021,41,41591,2026-0,88,1403,571400040, 내역_20260825
4159125622,41,41591,2026-0,162,1759,614055840, 내역_20260825
4113110300,41,41131,2026-0,137,2105,668356160, 내역_20260825
4163033024,41,41630,2026-0,15,256,86330520, 내역_20260825
2827510800,28,28275,2026-0,585,7667,2529918960, 내역_20260825
4145011300,41,41450,2026-0,225,1794,567394960, 내역_20260825
4127110700,41,41271,2026-0,96,1097,365074220, 내역_20260825
4143010100,41,41430,2026-0,215,4162,1610530540, 내역_20260825
4182033023,41,41820,2026-0,11,257,78846380, 내역_20260825
1117012700,11,11170,2026-0,37,388,107297760, 내역_20260825
4121010300,41,41210,2026-0,443,4228,1269342840, 내역_20260825
1156012000,11,11560,2026-0,43,324,105732540, 내역_20260825
4159125624,41,41591,2026-0,36,377,127047740, 내역_20260825
4150010900,41,41500,2026-0,67,811,254288920, 내역_20260825
4143010500,41,41430,2026-0,236,3639,1252606060, 내역_20260825
2812513500,28,28125,2026-0,336,5584,2014425160, 내역_20260825
4146126227,41,41461,2026-0,4,37,13982660, 내역_20260825
4159510500,41,41595,2026-0,371,9894,3534197120, 내역_20260825
1114012400,11,11140,2026-0,113,7204,3013686100, 내역_20260825
1168011100,11,11680,2026-0,110,1679,559095520, 내역_20260825
4122032022,41,41220,2026-0,39,759,304503860, 내역_20260825
4159710200,41,41597,2026-0,430,8137,2932503640, 내역_20260825
1111016200,11,11110,2026-0,63,647,219291820, 내역_20260825
4111312800,41,41113,2026-0,787,18949,7135666400, 내역_20260825
4136025623,41,41360,2026-0,123,1332,411952520, 내역_20260825
4150010100,41,41500,2026-0,88,1209,394075160, 내역_20260825
1114010200,11,11140,2026-0,201,6818,2910336540, 내역_20260825
4111514100,41,41115,2026-0,698,15383,5185218160, 내역_20260825
4122011300,41,41220,2026-0,118,1736,526787400, 내역_20260825
2823710400,28,28237,2026-0,970,27679,12525154980, 내역_20260825
4157010700,41,41570,2026-0,295,3620,1162350500, 내역_20260825
1120010500,11,11200,2026-0,466,7575,2933504920, 내역_20260825
4146125928,41,41461,2026-0,79,976,355560700, 내역_20260825
4163033026,41,41630,2026-0,100,1248,411122740, 내역_20260825
4127110500,41,41271,2026-0,103,1475,527920400, 내역_20260825
4113111500,41,41131,2026-0,459,15324,6177617460, 내역_20260825
1126010400,11,11260,2026-0,202,2266,677941360, 내역_20260825
4136025022,41,41360,2026-0,125,2062,753934060, 내역_20260825
1111010400,11,11110,2026-0,16,129,47044300, 내역_20260825
2817710300,28,28177,2026-0,394,5103,1702676020, 내역_20260825
4148025027,41,41480,2026-0,8,63,18426140, 내역_20260825
1121510700,11,11215,2026-0,202,3458,935954220, 내역_20260825
1120011800,11,11200,2026-0,99,1182,373357580, 내역_20260825
4136025629,41,41360,2026-0,129,1570,489471500, 내역_20260825
4128710400,41,41287,2026-0,481,8360,3055010720, 내역_20260825
4113510100,41,41135,2026-0,51,2791,1430347160, 내역_20260825
4167025025,41,41670,2026-0,13,438,151351120, 내역_20260825
4122025921,41,41220,2026-0,90,3048,1352054700, 내역_20260825
1150011100,11,11500,2026-0,13,3923,1746296720, 내역_20260825
4111113300,41,41111,2026-0,115,2983,924684880, 내역_20260825
4127111400,41,41271,2026-0,67,641,220899460, 내역_20260825
4165041023,41,41650,2026-0,29,397,141450840, 내역_20260825
4141010400,41,41410,2026-0,404,5871,1808637440, 내역_20260825
4155034022,41,41550,2026-0,51,2781,1288742000, 내역_20260825
4159125628,41,41591,2026-0,256,4433,1824733820, 내역_20260825
4111113500,41,41111,2026-0,133,3632,1405544280, 내역_20260825
4157025324,41,41570,2026-0,285,2837,947377660, 내역_20260825
1141010500,11,11410,2026-0,14,276,111009320, 내역_20260825
4155034038,41,41550,2026-0,44,1170,433236880, 내역_20260825
1111016100,11,11110,2026-0,20,181,50832140, 내역_20260825
4136011200,41,41360,2026-0,1254,13361,4405702140, 내역_20260825
1156011200,11,11560,2026-0,121,2614,808860680, 내역_20260825
4119610200,41,41196,2026-0,53,613,166657540, 내역_20260825
1156010100,11,11560,2026-0,50,727,218370840, 내역_20260825
4146125027,41,41461,2026-0,85,3850,1304835020, 내역_20260825
1111013200,11,11110,2026-0,46,526,179554960, 내역_20260825
4150035026,41,41500,2026-0,66,1473,617090900, 내역_20260825
2827511100,28,28275,2026-0,1091,14545,5298410460, 내역_20260825
1111014800,11,11110,2026-0,50,15016,8145942580, 내역_20260825
1114016500,11,11140,2026-0,122,1125,339547100, 내역_20260825
1129012200,11,11290,2026-0,15,154,52720980, 내역_20260825
4161025921,41,41610,2026-0,101,1098,371135940, 내역_20260825
4163031025,41,41630,2026-0,84,807,255234080, 내역_20260825
1111016500,11,11110,2026-0,45,568,195725160, 내역_20260825
4146110600,41,41461,2026-0,122,2326,874252860, 내역_20260825
2812514500,28,28125,2026-0,46,1115,482804660, 내역_20260825
4161011100,41,41610,2026-0,126,1476,471388380, 내역_20260825
4161011700,41,41610,2026-0,293,3388,1124237180, 내역_20260825
4148026223,41,41480,2026-0,29,272,84038940, 내역_20260825
4119510400,41,41195,2026-0,5,102,26880680, 내역_20260825
4122011400,41,41220,2026-0,94,982,351928140, 내역_20260825
2824510100,28,28245,2026-0,253,3638,1175763340, 내역_20260825
1129010100,11,11290,2026-0,94,925,290520240, 내역_20260825
1144011400,11,11440,2026-0,101,2733,829576620, 내역_20260825
4139013100,41,41390,2026-0,178,1762,574051620, 내역_20260825
4155035032,41,41550,2026-0,28,801,309250840, 내역_20260825
4161011000,41,41610,2026-0,203,2606,796461860, 내역_20260825
4183033027,41,41830,2026-0,3,27,9180420, 내역_20260825
1156012500,11,11560,2026-0,139,1989,663135320, 내역_20260825
4150011100,41,41500,2026-0,39,1359,660712060, 내역_20260825
1114012000,11,11140,2026-0,18,332,89912160, 내역_20260825
2871037023,28,28710,2026-0,17,143,40195740, 내역_20260825
2820010200,28,28200,2026-0,411,8214,2857817040, 내역_20260825
4148032023,41,41480,2026-0,40,734,242411140, 내역_20260825
4163025022,41,41630,2026-0,57,548,180929140, 내역_20260825
4122025041,41,41220,2026-0,64,8667,3867371500, 내역_20260825
4137010100,41,41370,2026-0,157,2380,706323260, 내역_20260825
4148032027,41,41480,2026-0,140,1576,539369620, 내역_20260825
4122011200,41,41220,2026-0,98,1722,498702060, 내역_20260825
4122025925,41,41220,2026-0,29,396,146232780, 내역_20260825
1129011500,11,11290,2026-0,76,769,255648340, 내역_20260825
1150011300,11,11500,2026-0,2,6957,3823527700, 내역_20260825
4150033021,41,41500,2026-0,20,424,159903500, 내역_20260825
1111010800,11,11110,2026-0,26,262,83175180, 내역_20260825
4159132031,41,41591,2026-0,18,107,42217740, 내역_20260825
4161025330,41,41610,2026-0,112,1151,380217240, 내역_20260825
1141011200,11,11410,2026-0,102,2857,603284320, 내역_20260825
1129013400,11,11290,2026-0,126,1762,534960080, 내역_20260825
4148032021,41,41480,2026-0,50,820,287366180, 내역_20260825
4128510100,41,41285,2026-0,302,3056,930495760, 내역_20260825
4148026222,41,41480,2026-0,64,674,207053420, 내역_20260825
1159010300,11,11590,2026-0,49,1102,288538140, 내역_20260825
4136025625,41,41360,2026-0,51,718,248711600, 내역_20260825
4146125321,41,41461,2026-0,69,963,287114020, 내역_20260825
4128111200,41,41281,2026-0,338,3993,1466531660, 내역_20260825
4128110300,41,41281,2026-0,84,923,287351020, 내역_20260825
1141011000,11,11410,2026-0,91,1186,307497260, 내역_20260825
1129010300,11,11290,2026-0,74,1837,379554240, 내역_20260825
4159125625,41,41591,2026-0,38,397,138824760, 내역_20260825
4148025322,41,41480,2026-0,37,1155,416405740, 내역_20260825
4161034022,41,41610,2026-0,11,74,21078040, 내역_20260825
4148035021,41,41480,2026-0,118,1070,349386140, 내역_20260825
1111013900,11,11110,2026-0,19,130,39422600, 내역_20260825
1141010800,11,11410,2026-0,8,69,20119640, 내역_20260825
1156012200,11,11560,2026-0,40,283,93889680, 내역_20260825
4146135024,41,41461,2026-0,35,813,328426740, 내역_20260825
4146125626,41,41461,2026-0,141,3265,1216155580, 내역_20260825
4165034023,41,41650,2026-0,67,1049,373820980, 내역_20260825
4146310200,41,41463,2026-0,622,8067,2689590600, 내역_20260825
4113510800,41,41135,2026-0,118,1426,467054720, 내역_20260825
4136010800,41,41360,2026-0,57,507,158900200, 내역_20260825
1114017000,11,11140,2026-0,20,22988,13161226060, 내역_20260825
4128510200,41,41285,2026-0,164,3029,932049540, 내역_20260825
1114015300,11,11140,2026-0,12,87,29010060, 내역_20260825
4165025028,41,41650,2026-0,36,339,116144340, 내역_20260825
1114015700,11,11140,2026-0,40,248,74184900, 내역_20260825
4119210200,41,41192,2026-0,206,3821,1187968840, 내역_20260825
4163011400,41,41630,2026-0,324,3358,1012783380, 내역_20260825
2823710100,28,28237,2026-0,634,9959,3080020740, 내역_20260825
4122031031,41,41220,2026-0,20,840,286149100, 내역_20260825
4161025329,41,41610,2026-0,169,2184,680296540, 내역_20260825
1114014100,11,11140,2026-0,4,117,41265040, 내역_20260825
4111710400,41,41117,2026-0,377,4031,1420600420, 내역_20260825
4111710100,41,41117,2026-0,298,143876,87256000020, 내역_20260825
4146134021,41,41461,2026-0,45,694,267573100, 내역_20260825
4111710500,41,41117,2026-0,596,9131,3094860040, 내역_20260825
1129010200,11,11290,2026-0,43,545,152822960, 내역_20260825
4148025324,41,41480,2026-0,74,858,292552380, 내역_20260825
4146125322,41,41461,2026-0,129,1224,413709540, 내역_20260825
4115010300,41,41150,2026-0,57,707,229525720, 내역_20260825
1129012700,11,11290,2026-0,16,166,43208400, 내역_20260825
4165010300,41,41650,2026-0,70,684,200169840, 내역_20260825
4159125334,41,41591,2026-0,78,1321,492993720, 내역_20260825
2818510100,28,28185,2026-0,253,3658,1271837360, 내역_20260825
4165035024,41,41650,2026-0,13,225,73087460, 내역_20260825
4139010100,41,41390,2026-0,370,4902,1450480860, 내역_20260825
4159136023,41,41591,2026-0,44,813,338941100, 내역_20260825
4128113200,41,41281,2026-0,659,5225,1667483620, 내역_20260825
4119210700,41,41192,2026-0,103,1192,375041300, 내역_20260825
4161025332,41,41610,2026-0,63,628,204021440, 내역_20260825
4128111100,41,41281,2026-0,112,1353,434077720, 내역_20260825
1111011100,11,11110,2026-0,37,1170,556596060, 내역_20260825
4136034021,41,41360,2026-0,50,775,241484720, 내역_20260825
4113111000,41,41131,2026-0,19,227,82851660, 내역_20260825
4128710700,41,41287,2026-0,107,897,267920800, 내역_20260825
1111013300,11,11110,2026-0,50,525,121032220, 내역_20260825
4127310100,41,41273,2026-0,1115,15513,4908409120, 내역_20260825
1114016300,11,11140,2026-0,79,1135,377114500, 내역_20260825
4159333039,41,41593,2026-0,30,444,156504660, 내역_20260825
4128110400,41,41281,2026-0,327,6054,1553698860, 내역_20260825
1111010100,11,11110,2026-0,27,262,85982180, 내역_20260825
1135010400,11,11350,2026-0,144,3039,995158980, 내역_20260825
1111010200,11,11110,2026-0,26,294,88505480, 내역_20260825
4136026221,41,41360,2026-0,219,2542,805523380, 내역_20260825
4136025923,41,41360,2026-0,104,1254,427461780, 내역_20260825
1168011200,11,11680,2026-0,186,2631,1016515220, 내역_20260825
4159125031,41,41591,2026-0,64,907,305951880, 내역_20260825
2829010600,28,28290,2026-0,88,870,280254900, 내역_20260825
1144010100,11,11440,2026-0,110,1169,363963940, 내역_20260825
2823710300,28,28237,2026-0,198,2974,943033300, 내역_20260825
4128112800,41,41281,2026-0,339,4686,1466126660, 내역_20260825
4128112500,41,41281,2026-0,40,403,131852060, 내역_20260825
2824511200,28,28245,2026-0,41,360,118415680, 내역_20260825
1129011200,11,11290,2026-0,38,1110,297708920, 내역_20260825
4163011100,41,41630,2026-0,107,1186,380277260, 내역_20260825
4113111700,41,41131,2026-0,48,865,280584380, 내역_20260825
4127111500,41,41271,2026-0,32,357,128481720, 내역_20260825
1153011200,11,11530,2026-0,181,1713,500700360, 내역_20260825
2817710200,28,28177,2026-0,299,5179,1430803900, 내역_20260825
1111018200,11,11110,2026-0,24,220,67520460, 내역_20260825
4137012300,41,41370,2026-0,12,91,24756760, 내역_20260825
4161010700,41,41610,2026-0,56,544,187863160, 내역_20260825
4145010200,41,41450,2026-0,180,1524,451286120, 내역_20260825
4113511500,41,41135,2026-0,180,2297,875982800, 내역_20260825
4161025926,41,41610,2026-0,21,220,72835700, 내역_20260825
2871025022,28,28710,2026-0,50,649,203099440, 내역_20260825
4167011500,41,41670,2026-0,51,461,123657880, 내역_20260825
4128710500,41,41287,2026-0,306,3327,1025135000, 내역_20260825
4161033027,41,41610,2026-0,60,693,240176220, 내역_20260825
4148011000,41,41480,2026-0,81,870,282282960, 내역_20260825
4159134022,41,41591,2026-0,157,1557,555629980, 내역_20260825
1129011100,11,11290,2026-0,22,186,51494200, 내역_20260825
4113111600,41,41131,2026-0,196,10204,4787130380, 내역_20260825
1135010600,11,11350,2026-0,270,3160,912570800, 내역_20260825
4146111000,41,41461,2026-0,9,67,21710420, 내역_20260825
4159131026,41,41591,2026-0,19,210,66369720, 내역_20260825
4165032025,41,41650,2026-0,33,302,105914520, 내역_20260825
2871032028,28,28710,2026-0,7,42,13100720, 내역_20260825
1117012600,11,11170,2026-0,28,1613,477891440, 내역_20260825
4119410600,41,41194,2026-0,324,2698,803214500, 내역_20260825
4122031026,41,41220,2026-0,56,4141,1966934200, 내역_20260825
4161025321,41,41610,2026-0,101,1314,448558020, 내역_20260825
4150031030,41,41500,2026-0,17,187,59563800, 내역_20260825
1111018500,11,11110,2026-0,15,610,105959800, 내역_20260825
4146510200,41,41465,2026-0,335,6950,2104387300, 내역_20260825
4161025328,41,41610,2026-0,175,1976,664347580, 내역_20260825
1114014200,11,11140,2026-0,53,887,306619620, 내역_20260825
4157035022,41,41570,2026-0,33,794,280525940, 내역_20260825
4161033023,41,41610,2026-0,90,818,277060680, 내역_20260825
4139010200,41,41390,2026-0,291,2989,919643040, 내역_20260825
4163011600,41,41630,2026-0,163,2083,585461540, 내역_20260825
4136025922,41,41360,2026-0,76,513,159881920, 내역_20260825
4136025325,41,41360,2026-0,96,959,276340040, 내역_20260825
4131010600,41,41310,2026-0,31,226,73758980, 내역_20260825
4111313200,41,41113,2026-0,124,1180,335497860, 내역_20260825
4155032025,41,41550,2026-0,14,200,71662360, 내역_20260825
4146310700,41,41463,2026-0,134,14910,8092469600, 내역_20260825
4115010600,41,41150,2026-0,335,4256,1170380520, 내역_20260825
4136034022,41,41360,2026-0,14,184,55456660, 내역_20260825
1117011300,11,11170,2026-0,128,1069,356179340, 내역_20260825
4150034023,41,41500,2026-0,27,858,325111300, 내역_20260825
2827510500,28,28275,2026-0,182,3464,945554780, 내역_20260825
4167011900,41,41670,2026-0,23,198,52776840, 내역_20260825
4113511300,41,41135,2026-0,21,237,93030900, 내역_20260825
4159125326,41,41591,2026-0,173,3453,1258606140, 내역_20260825
4155034028,41,41550,2026-0,6,31,12388740, 내역_20260825
4115010400,41,41150,2026-0,230,2724,755877820, 내역_20260825
4146311000,41,41463,2026-0,86,2016,529572620, 내역_20260825
1129010900,11,11290,2026-0,29,811,289697720, 내역_20260825
4161025930,41,41610,2026-0,48,545,175839960, 내역_20260825
2829010300,28,28290,2026-0,205,2510,800103440, 내역_20260825
4136025328,41,41360,2026-0,208,2484,740781040, 내역_20260825
4157025025,41,41570,2026-0,169,1974,678000540, 내역_20260825
4136034027,41,41360,2026-0,112,1220,400083380, 내역_20260825
4146311200,41,41463,2026-0,66,856,249555680, 내역_20260825
2824510200,28,28245,2026-0,487,7327,2037182820, 내역_20260825
2812510700,28,28125,2026-0,389,5519,1991774720, 내역_20260825
4157010300,41,41570,2026-0,228,2075,600762160, 내역_20260825
4167037025,41,41670,2026-0,5,41,11503800, 내역_20260825
4136025628,41,41360,2026-0,98,1301,394426520, 내역_20260825
4148032030,41,41480,2026-0,50,419,142209160, 내역_20260825
4113511100,41,41135,2026-0,248,4056,1548315340, 내역_20260825
1111010900,11,11110,2026-0,4,29,7041660, 내역_20260825
1111011200,11,11110,2026-0,13,131,34489160, 내역_20260825
1153010900,11,11530,2026-0,64,887,287812060, 내역_20260825
2823710800,28,28237,2026-0,103,2045,575230060, 내역_20260825
1141011300,11,11410,2026-0,31,377,120137980, 내역_20260825
4127111200,41,41271,2026-0,117,2385,896129980, 내역_20260825
4157025024,41,41570,2026-0,21,541,198507080, 내역_20260825
4113310600,41,41133,2026-0,152,2870,1039643100, 내역_20260825
4159125029,41,41591,2026-0,42,755,286502100, 내역_20260825
1117013500,11,11170,2026-0,12,992,286373980, 내역_20260825
4146135023,41,41461,2026-0,48,981,389758880, 내역_20260825
4161025922,41,41610,2026-0,91,1035,346939200, 내역_20260825
4155039026,41,41550,2026-0,12,125,43283020, 내역_20260825
4113510600,41,41135,2026-0,143,2133,736866580, 내역_20260825
4155038021,41,41550,2026-0,43,555,200025300, 내역_20260825
4167025040,41,41670,2026-0,13,182,67567240, 내역_20260825
4148026224,41,41480,2026-0,89,921,306102140, 내역_20260825
4163033025,41,41630,2026-0,8,127,43412940, 내역_20260825
4122025922,41,41220,2026-0,47,744,258282280, 내역_20260825
4159510100,41,41595,2026-0,202,2047,595309440, 내역_20260825
4157025621,41,41570,2026-0,112,1080,343780440, 내역_20260825
4146510700,41,41465,2026-0,474,6464,2264856180, 내역_20260825
4139012400,41,41390,2026-0,179,1487,449204360, 내역_20260825
2823710600,28,28237,2026-0,353,3587,1140546020, 내역_20260825
4122031022,41,41220,2026-0,92,2710,1079295840, 내역_20260825
2871031024,28,28710,2026-0,5,134,41303280, 내역_20260825
4155038026,41,41550,2026-0,46,403,138275080, 내역_20260825
4163025025,41,41630,2026-0,87,1450,461704280, 내역_20260825
4136031023,41,41360,2026-0,57,534,158323340, 내역_20260825
4183038027,41,41830,2026-0,7,118,44574520, 내역_20260825
4139012800,41,41390,2026-0,65,568,185436360, 내역_20260825
1129013700,11,11290,2026-0,42,739,235947940, 내역_20260825
4139013400,41,41390,2026-0,92,783,270855960, 내역_20260825
1129013200,11,11290,2026-0,6,48,11349020, 내역_20260825
1117012100,11,11170,2026-0,57,563,179437400, 내역_20260825
4119210800,41,41192,2026-0,864,10703,3306114060, 내역_20260825
4139010700,41,41390,2026-0,70,576,195236660, 내역_20260825
4136025630,41,41360,2026-0,174,1775,544061100, 내역_20260825
4131010100,41,41310,2026-0,504,4141,1284247680, 내역_20260825
2824511700,28,28245,2026-0,20,124,39985480, 내역_20260825
4145012400,41,41450,2026-0,99,1105,373584000, 내역_20260825
4146125024,41,41461,2026-0,86,1109,447669580, 내역_20260825
4150010200,41,41500,2026-0,67,1350,466715420, 내역_20260825
4128112000,41,41281,2026-0,104,1117,374845340, 내역_20260825
1117011000,11,11170,2026-0,45,1766,339381500, 내역_20260825
4167011400,41,41670,2026-0,20,273,85334180, 내역_20260825
4122031030,41,41220,2026-0,20,278,96826440, 내역_20260825
4150036026,41,41500,2026-0,25,280,97623440, 내역_20260825
4146125326,41,41461,2026-0,44,403,123110080, 내역_20260825
4155036025,41,41550,2026-0,6,75,28427620, 내역_20260825
1111010500,11,11110,2026-0,18,238,76176760, 내역_20260825
1129010400,11,11290,2026-0,15,121,37435240, 내역_20260825
4161011800,41,41610,2026-0,133,4864,2065940420, 내역_20260825
4157025323,41,41570,2026-0,68,458,139817600, 내역_20260825
4145011800,41,41450,2026-0,43,387,132964640, 내역_20260825
4136034026,41,41360,2026-0,77,881,277423700, 내역_20260825
4161011500,41,41610,2026-0,115,1048,309912840, 내역_20260825
4165010400,41,41650,2026-0,91,1091,278576600, 내역_20260825
4145011400,41,41450,2026-0,130,1602,562203460, 내역_20260825
4161010600,41,41610,2026-0,43,352,111424180, 내역_20260825
4157036022,41,41570,2026-0,59,512,181851200, 내역_20260825
4159711500,41,41597,2026-0,352,4792,1619238620, 내역_20260825
4150034025,41,41500,2026-0,75,1576,614234340, 내역_20260825
1111016700,11,11110,2026-0,57,628,206637160, 내역_20260825
2824510600,28,28245,2026-0,73,915,251178300, 내역_20260825
4157025028,41,41570,2026-0,88,720,247161940, 내역_20260825
4146125327,41,41461,2026-0,63,906,299971100, 내역_20260825
4150035027,41,41500,2026-0,19,220,71425340, 내역_20260825
4121010200,41,41210,2026-0,279,4189,1318416320, 내역_20260825
4159710100,41,41597,2026-0,160,2831,957070840, 내역_20260825
4136010200,41,41360,2026-0,141,1895,581316480, 내역_20260825
4161025327,41,41610,2026-0,85,776,259036380, 내역_20260825
4122025326,41,41220,2026-0,28,1041,462963720, 내역_20260825
4146311300,41,41463,2026-0,119,6018,3100621480, 내역_20260825
4146126228,41,41461,2026-0,37,459,152054460, 내역_20260825
4183032021,41,41830,2026-0,6,48,10967060, 내역_20260825
4159331024,41,41593,2026-0,9,98,34480580, 내역_20260825
4183040024,41,41830,2026-0,36,546,176518360, 내역_20260825
4155034033,41,41550,2026-0,35,1685,683692840, 내역_20260825
4113310900,41,41133,2026-0,130,1723,579059540, 내역_20260825
4145010500,41,41450,2026-0,72,1346,463020120, 내역_20260825
4136010100,41,41360,2026-0,159,1870,556260260, 내역_20260825
4159135023,41,41591,2026-0,228,3987,1626255520, 내역_20260825
2823710900,28,28237,2026-0,27,948,322880620, 내역_20260825
4128112300,41,41281,2026-0,328,5182,1635932880, 내역_20260825
4159333027,41,41593,2026-0,160,1517,566352920, 내역_20260825
4131010300,41,41310,2026-0,448,4971,1540224020, 내역_20260825
4157036030,41,41570,2026-0,29,344,106972760, 내역_20260825
1117012300,11,11170,2026-0,109,1416,493837760, 내역_20260825
4127310200,41,41273,2026-0,94,974,276323460, 내역_20260825
4128511200,41,41285,2026-0,151,1503,467934780, 내역_20260825
4143011100,41,41430,2026-0,103,1475,519512640, 내역_20260825
4155031021,41,41550,2026-0,8,78,27237480, 내역_20260825
4122025622,41,41220,2026-0,110,1567,584149700, 내역_20260825
4159134028,41,41591,2026-0,28,280,94226320, 내역_20260825
4136034025,41,41360,2026-0,11,237,70870160, 내역_20260825
4146134025,41,41461,2026-0,30,978,429088620, 내역_20260825
4182031034,41,41820,2026-0,7,95,31395580, 내역_20260825
4159333032,41,41593,2026-0,94,1397,531176940, 내역_20260825
4122025628,41,41220,2026-0,40,489,177371940, 내역_20260825
4146126230,41,41461,2026-0,32,690,246399120, 내역_20260825
4159135026,41,41591,2026-0,20,262,88866120, 내역_20260825
1114010600,11,11140,2026-0,12,160,64806120, 내역_20260825
4155039033,41,41550,2026-0,16,337,133544120, 내역_20260825
4128511000,41,41285,2026-0,144,1450,453795680, 내역_20260825
4161033022,41,41610,2026-0,62,618,209851620, 내역_20260825
1114016400,11,11140,2026-0,16,239,78897560, 내역_20260825
4159710300,41,41597,2026-0,146,13114,5715095060, 내역_20260825
4146126225,41,41461,2026-0,20,594,288669400, 내역_20260825
4159711000,41,41597,2026-0,148,2576,842280800, 내역_20260825
4157034022,41,41570,2026-0,100,850,307653500, 내역_20260825
4115010900,41,41150,2026-0,198,2703,802402260, 내역_20260825
4113110700,41,41131,2026-0,232,4139,1200816300, 내역_20260825
1138010800,11,11380,2026-0,138,1419,393489540, 내역_20260825
1144011200,11,11440,2026-0,6,52,15739840, 내역_20260825
1111015000,11,11110,2026-0,1,47,11186120, 내역_20260825
4136025621,41,41360,2026-0,89,1044,348598400, 내역_20260825
4150031032,41,41500,2026-0,16,440,169083780, 내역_20260825
4145012200,41,41450,2026-0,55,337,111572820, 내역_20260825
4157025029,41,41570,2026-0,143,1400,441160320, 내역_20260825
4161010800,41,41610,2026-0,92,735,239459340, 내역_20260825
1159010600,11,11590,2026-0,21,194,58331940, 내역_20260825
4141010100,41,41410,2026-0,204,3982,1259587740, 내역_20260825
4165031022,41,41650,2026-0,120,2355,750146940, 내역_20260825
4122031024,41,41220,2026-0,31,401,138245520, 내역_20260825
1144012600,11,11440,2026-0,18,171,48799340, 내역_20260825
4139012900,41,41390,2026-0,154,1935,557406040, 내역_20260825
1111017200,11,11110,2026-0,50,523,169237900, 내역_20260825
4128510300,41,41285,2026-0,81,945,261390040, 내역_20260825
4159136026,41,41591,2026-0,129,2606,1124660260, 내역_20260825
4165034022,41,41650,2026-0,53,513,155165120, 내역_20260825
4146310100,41,41463,2026-0,211,3672,1235989740, 내역_20260825
4157010900,41,41570,2026-0,496,4658,1376827680, 내역_20260825
4161025934,41,41610,2026-0,61,618,207536060, 내역_20260825
2871031026,28,28710,2026-0,10,72,20765980, 내역_20260825
4159333021,41,41593,2026-0,44,463,146610220, 내역_20260825
4122025928,41,41220,2026-0,57,1662,740716080, 내역_20260825
4146125923,41,41461,2026-0,56,934,334706580, 내역_20260825
4148032028,41,41480,2026-0,74,1243,401443380, 내역_20260825
4119210100,41,41192,2026-0,341,4642,1348507760, 내역_20260825
4128110900,41,41281,2026-0,112,1362,405119960, 내역_20260825
2823710700,28,28237,2026-0,171,1863,549452580, 내역_20260825
4143010800,41,41430,2026-0,49,494,174594880, 내역_20260825
4139011300,41,41390,2026-0,96,648,214884840, 내역_20260825
1129011800,11,11290,2026-0,25,146,42777420, 내역_20260825
4161033026,41,41610,2026-0,37,296,97281720, 내역_20260825
4136025025,41,41360,2026-0,79,549,164702540, 내역_20260825
4163034027,41,41630,2026-0,8,73,28793200, 내역_20260825
4159332026,41,41593,2026-0,10,111,41934880, 내역_20260825
2818510500,28,28185,2026-0,205,3920,1360527540, 내역_20260825
4148025323,41,41480,2026-0,68,1406,446675760, 내역_20260825
4155025026,41,41550,2026-0,54,1023,316168600, 내역_20260825
4122033025,41,41220,2026-0,116,1628,669007360, 내역_20260825
4136026521,41,41360,2026-0,81,1074,346145120, 내역_20260825
4113111100,41,41131,2026-0,17,174,59916440, 내역_20260825
4136010400,41,41360,2026-0,73,716,244423400, 내역_20260825
4146110100,41,41461,2026-0,196,5041,1879552060, 내역_20260825
4165036023,41,41650,2026-0,23,283,90876220, 내역_20260825
1117010200,11,11170,2026-0,51,3257,989506380, 내역_20260825
4159125325,41,41591,2026-0,224,3851,1536312520, 내역_20260825
4131010200,41,41310,2026-0,141,1305,398963460, 내역_20260825
4159333033,41,41593,2026-0,95,2434,935491260, 내역_20260825
4145010300,41,41450,2026-0,100,863,274438680, 내역_20260825
4161010400,41,41610,2026-0,47,363,115511800, 내역_20260825
4159325021,41,41593,2026-0,106,1705,468738260, 내역_20260825
4148010600,41,41480,2026-0,65,1147,287991900, 내역_20260825
4180025321,41,41800,2026-0,93,867,244838680, 내역_20260825
4148036026,41,41480,2026-0,10,191,61466580, 내역_20260825
4128511300,41,41285,2026-0,388,3381,1046480520, 내역_20260825
4136025926,41,41360,2026-0,115,1291,419551240, 내역_20260825
4148032031,41,41480,2026-0,29,254,81124600, 내역_20260825
4139010600,41,41390,2026-0,290,3192,1030115000, 내역_20260825
4136025627,41,41360,2026-0,62,651,210074640, 내역_20260825
4159333037,41,41593,2026-0,7,88,31196920, 내역_20260825
4150034021,41,41500,2026-0,51,485,159395720, 내역_20260825
4145011600,41,41450,2026-0,75,1195,496666180, 내역_20260825
4136010300,41,41360,2026-0,204,2730,776203500, 내역_20260825
4122025930,41,41220,2026-0,45,1987,988172040, 내역_20260825
4115010200,41,41150,2026-0,185,2727,735525580, 내역_20260825
4137011300,41,41370,2026-0,248,3398,1210202260, 내역_20260825
4111113100,41,41111,2026-0,138,2094,743093840, 내역_20260825
4146510500,41,41465,2026-0,124,1419,405847820, 내역_20260825
4139012500,41,41390,2026-0,35,224,71358120, 내역_20260825
4148026221,41,41480,2026-0,67,678,202804000, 내역_20260825
4136031021,41,41360,2026-0,57,489,146124860, 내역_20260825
4161010300,41,41610,2026-0,205,2664,775726580, 내역_20260825
1141011100,11,11410,2026-0,151,1887,461052940, 내역_20260825
4150011300,41,41500,2026-0,14,143,43297060, 내역_20260825
4157035025,41,41570,2026-0,17,547,120573100, 내역_20260825
4150035031,41,41500,2026-0,28,360,133976480, 내역_20260825
4146125922,41,41461,2026-0,75,3874,1672301660, 내역_20260825
4139012600,41,41390,2026-0,77,788,286009920, 내역_20260825
4128112600,41,41281,2026-0,23,246,78500720, 내역_20260825
4136036025,41,41360,2026-0,13,101,31211160, 내역_20260825
4159134029,41,41591,2026-0,71,673,233361340, 내역_20260825
4111710200,41,41117,2026-0,477,19013,8155074560, 내역_20260825
4128510500,41,41285,2026-0,144,4643,1654920080, 내역_20260825
4129010400,41,41290,2026-0,24,578,195474720, 내역_20260825
4165031021,41,41650,2026-0,31,313,91640800, 내역_20260825
4155035033,41,41550,2026-0,53,863,342132120, 내역_20260825
4159133024,41,41591,2026-0,58,791,303000380, 내역_20260825
4113310100,41,41133,2026-0,252,3205,998130320, 내역_20260825
4157025027,41,41570,2026-0,173,1565,519704980, 내역_20260825
1120010900,11,11200,2026-0,44,349,97433460, 내역_20260825
4150035028,41,41500,2026-0,22,230,87391680, 내역_20260825
4182031033,41,41820,2026-0,5,193,66868840, 내역_20260825
4155038023,41,41550,2026-0,51,1412,511440620, 내역_20260825
4128111900,41,41281,2026-0,86,1121,316820380, 내역_20260825
2827510100,28,28275,2026-0,92,1706,613455120, 내역_20260825
4155033031,41,41550,2026-0,5,64,21087100, 내역_20260825
4157025322,41,41570,2026-0,23,188,58562880, 내역_20260825
4150025029,41,41500,2026-0,25,268,86578760, 내역_20260825
4127110200,41,41271,2026-0,260,2729,744250760, 내역_20260825
4148012200,41,41480,2026-0,326,4193,1266033820, 내역_20260825
4163025021,41,41630,2026-0,96,900,249535500, 내역_20260825
4122032024,41,41220,2026-0,48,526,194381800, 내역_20260825
4121010700,41,41210,2026-0,90,866,299471820, 내역_20260825
4183035021,41,41830,2026-0,22,146,40186360, 내역_20260825
4122011700,41,41220,2026-0,221,4401,1420600500, 내역_20260825
4155025025,41,41550,2026-0,81,1056,312993620, 내역_20260825
4122033021,41,41220,2026-0,16,165,50855720, 내역_20260825
2815510200,28,28155,2026-0,109,1069,337301020, 내역_20260825
4122025327,41,41220,2026-0,22,295,111705080, 내역_20260825
4155034025,41,41550,2026-0,9,89,26759680, 내역_20260825
4159125028,41,41591,2026-0,51,807,288458420, 내역_20260825
4163010700,41,41630,2026-0,91,1015,286917080, 내역_20260825
4155036038,41,41550,2026-0,14,205,66262620, 내역_20260825
1111014300,11,11110,2026-0,4,23,6463340, 내역_20260825
4128510700,41,41285,2026-0,223,2991,948217560, 내역_20260825
1111014900,11,11110,2026-0,37,590,208132060, 내역_20260825
4159125627,41,41591,2026-0,120,1391,492306060, 내역_20260825
4165031023,41,41650,2026-0,60,554,193837040, 내역_20260825
4119410500,41,41194,2026-0,219,3016,955059300, 내역_20260825
4161025326,41,41610,2026-0,108,1167,404459120, 내역_20260825
4157034024,41,41570,2026-0,108,833,280601820, 내역_20260825
4111313300,41,41113,2026-0,130,1412,418184080, 내역_20260825
4161025929,41,41610,2026-0,15,129,47370980, 내역_20260825
4161010900,41,41610,2026-0,70,659,219103760, 내역_20260825
4161025923,41,41610,2026-0,27,511,94114480, 내역_20260825
4128112400,41,41281,2026-0,29,295,87347400, 내역_20260825
4165010500,41,41650,2026-0,118,1639,526600320, 내역_20260825
1111018100,11,11110,2026-0,7,46,13158760, 내역_20260825
4136025324,41,41360,2026-0,122,1364,483592480, 내역_20260825
4128112200,41,41281,2026-0,40,650,233459620, 내역_20260825
4128710600,41,41287,2026-0,173,1679,505417120, 내역_20260825
4163034021,41,41630,2026-0,17,195,60043580, 내역_20260825
4157010600,41,41570,2026-0,246,2738,823748020, 내역_20260825
4148011800,41,41480,2026-0,50,528,185103760, 내역_20260825
4157034029,41,41570,2026-0,275,3151,1174987380, 내역_20260825
4150025323,41,41500,2026-0,22,422,153862100, 내역_20260825
4122025929,41,41220,2026-0,82,2366,945004780, 내역_20260825
4111312600,41,41113,2026-0,258,2892,816721840, 내역_20260825
4146135022,41,41461,2026-0,14,206,75455920, 내역_20260825
1120010100,11,11200,2026-0,26,208,65136660, 내역_20260825
4159325030,41,41593,2026-0,70,719,264744960, 내역_20260825
4159133021,41,41591,2026-0,128,1842,710599200, 내역_20260825
4113511200,41,41135,2026-0,62,1707,523247540, 내역_20260825
1117012200,11,11170,2026-0,21,129,45149780, 내역_20260825
1111015100,11,11110,2026-0,59,439,143896260, 내역_20260825
4111313100,41,41113,2026-0,141,2164,719544800, 내역_20260825
4121010800,41,41210,2026-0,64,748,270609640, 내역_20260825
4157025625,41,41570,2026-0,75,1235,436943040, 내역_20260825
4122011800,41,41220,2026-0,313,5177,1585965360, 내역_20260825
4159131021,41,41591,2026-0,43,423,156398260, 내역_20260825
4163034023,41,41630,2026-0,55,771,214972680, 내역_20260825
4159134032,41,41591,2026-0,37,406,146400540, 내역_20260825
4115010100,41,41150,2026-0,584,9561,3275395280, 내역_20260825
4136025021,41,41360,2026-0,112,1103,373384960, 내역_20260825
4122034023,41,41220,2026-0,14,107,32409900, 내역_20260825
4165032021,41,41650,2026-0,92,751,244227940, 내역_20260825
4115011300,41,41150,2026-0,58,621,184232900, 내역_20260825
4157034025,41,41570,2026-0,153,1298,437679100, 내역_20260825
4111710600,41,41117,2026-0,315,4662,1726716320, 내역_20260825
4128710200,41,41287,2026-0,220,2658,748884560, 내역_20260825
4146110200,41,41461,2026-0,191,1787,561396100, 내역_20260825
4145010100,41,41450,2026-0,26,232,69149920, 내역_20260825
4111113000,41,41111,2026-0,265,4803,1647501500, 내역_20260825
4161025927,41,41610,2026-0,50,573,190945860, 내역_20260825
4136026223,41,41360,2026-0,210,2242,646743580, 내역_20260825
4159310100,41,41593,2026-0,51,548,167720820, 내역_20260825
1141010700,11,11410,2026-0,6,42,11079360, 내역_20260825
4159125338,41,41591,2026-0,50,1276,454952800, 내역_20260825
4148012100,41,41480,2026-0,84,971,333598840, 내역_20260825
4148035028,41,41480,2026-0,7,81,26572480, 내역_20260825
4159135028,41,41591,2026-0,93,2726,1230579640, 내역_20260825
4155038027,41,41550,2026-0,41,1455,588415440, 내역_20260825
4143010700,41,41430,2026-0,147,1615,455867800, 내역_20260825
4136010500,41,41360,2026-0,41,357,106388000, 내역_20260825
4165034024,41,41650,2026-0,12,114,41322940, 내역_20260825
4145012100,41,41450,2026-0,3,19,7261740, 내역_20260825
4136025327,41,41360,2026-0,158,2138,727085520, 내역_20260825
4139010300,41,41390,2026-0,110,1307,461528040, 내역_20260825
4165025021,41,41650,2026-0,147,2036,602657800, 내역_20260825
4136025023,41,41360,2026-0,33,444,126263800, 내역_20260825
4146126222,41,41461,2026-0,44,523,182056340, 내역_20260825
4157034026,41,41570,2026-0,88,651,227973600, 내역_20260825
4146110800,41,41461,2026-0,30,217,72959180, 내역_20260825
4159125327,41,41591,2026-0,55,494,173226500, 내역_20260825
4159125022,41,41591,2026-0,54,638,238920180, 내역_20260825
2829010400,28,28290,2026-0,303,4515,1419117160, 내역_20260825
1141010900,11,11410,2026-0,11,137,35615820, 내역_20260825
4159134031,41,41591,2026-0,124,1692,637672420, 내역_20260825
4148026227,41,41480,2026-0,57,451,141753020, 내역_20260825
4146510100,41,41465,2026-0,308,4090,1206803640, 내역_20260825
4146125025,41,41461,2026-0,71,737,240684340, 내역_20260825
4113511600,41,41135,2026-0,48,392,109193160, 내역_20260825
4155042023,41,41550,2026-0,7,153,57169820, 내역_20260825
4122025932,41,41220,2026-0,98,1453,559204060, 내역_20260825
4148036021,41,41480,2026-0,12,122,35287900, 내역_20260825
4119410200,41,41194,2026-0,94,1208,382465860, 내역_20260825
2871040024,28,28710,2026-0,1,4,1438080, 내역_20260825
4163010900,41,41630,2026-0,69,566,193506240, 내역_20260825
4155041023,41,41550,2026-0,25,355,117945480, 내역_20260825
2812514300,28,28125,2026-0,15,171,43751720, 내역_20260825
4159012100,41,41590,2026-0,1,3,883500, 내역_20260825
4155035026,41,41550,2026-0,25,223,74774720, 내역_20260825
4150033024,41,41500,2026-0,15,151,57830540, 내역_20260825
4148031021,41,41480,2026-0,63,799,282321520, 내역_20260825
4111113400,41,41111,2026-0,113,1490,448786800, 내역_20260825
4159132035,41,41591,2026-0,22,170,57835620, 내역_20260825
4165037022,41,41650,2026-0,12,142,45611060, 내역_20260825
4150034027,41,41500,2026-0,34,613,219371160, 내역_20260825
4180025025,41,41800,2026-0,16,299,96468840, 내역_20260825
4137011400,41,41370,2026-0,156,3348,1232570740, 내역_20260825
4148025022,41,41480,2026-0,36,1188,487469600, 내역_20260825
4159510200,41,41595,2026-0,286,3442,985211820, 내역_20260825
4115011200,41,41150,2026-0,145,1229,354757100, 내역_20260825
4163011700,41,41630,2026-0,93,941,296945800, 내역_20260825
4155012400,41,41550,2026-0,38,323,99251340, 내역_20260825
4122025621,41,41220,2026-0,52,1914,900038660, 내역_20260825
4155038028,41,41550,2026-0,33,831,351800540, 내역_20260825
4136025626,41,41360,2026-0,52,595,182594600, 내역_20260825
4150025326,41,41500,2026-0,7,50,18435000, 내역_20260825
4127310800,41,41273,2026-0,404,3143,916312340, 내역_20260825
4183025028,41,41830,2026-0,13,156,57152980, 내역_20260825
4150032023,41,41500,2026-0,15,163,54868920, 내역_20260825
4146125628,41,41461,2026-0,83,782,252585320, 내역_20260825
4165041022,41,41650,2026-0,26,280,90451220, 내역_20260825
4127110900,41,41271,2026-0,120,1646,454222680, 내역_20260825
4122025931,41,41220,2026-0,16,251,95973640, 내역_20260825
1144010600,11,11440,2026-0,7,29,10070860, 내역_20260825
4111112900,41,41111,2026-0,123,3818,973239460, 내역_20260825
4159132032,41,41591,2026-0,73,867,311621400, 내역_20260825
4122025627,41,41220,2026-0,30,261,90320280, 내역_20260825
4183031021,41,41830,2026-0,11,87,25006520, 내역_20260825
4150010300,41,41500,2026-0,141,2746,809562560, 내역_20260825
4111312900,41,41113,2026-0,154,3695,1367930640, 내역_20260825
4159333022,41,41593,2026-0,133,1940,741810060, 내역_20260825
4165037023,41,41650,2026-0,24,212,68844320, 내역_20260825
2812512500,28,28125,2026-0,342,5902,2281643900, 내역_20260825
4127110400,41,41271,2026-0,258,2908,797214000, 내역_20260825
4161011300,41,41610,2026-0,161,1359,429568240, 내역_20260825
4161037026,41,41610,2026-0,6,29,7668300, 내역_20260825
4119610600,41,41196,2026-0,30,775,338530820, 내역_20260825
4150036024,41,41500,2026-0,14,119,37881440, 내역_20260825
4155041030,41,41550,2026-0,4,47,16868380, 내역_20260825
4165025026,41,41650,2026-0,72,664,199165220, 내역_20260825
4159134035,41,41591,2026-0,8,35,10065640, 내역_20260825
4150037030,41,41500,2026-0,12,90,31426400, 내역_20260825
4183034021,41,41830,2026-0,18,216,78885320, 내역_20260825
4155025029,41,41550,2026-0,71,1349,459242640, 내역_20260825
4122037021,41,41220,2026-0,8,67,26411660, 내역_20260825
4119410100,41,41194,2026-0,144,2986,980988360, 내역_20260825
4136025321,41,41360,2026-0,155,2525,741844520, 내역_20260825
4159325034,41,41593,2026-0,64,929,311669920, 내역_20260825
4167010200,41,41670,2026-0,75,986,304062220, 내역_20260825
2818510300,28,28185,2026-0,196,3484,1051348940, 내역_20260825
2871042021,28,28710,2026-0,2,11,2700520, 내역_20260825
4182034521,41,41820,2026-0,24,208,62548080, 내역_20260825
4159325027,41,41593,2026-0,90,1500,509960200, 내역_20260825
4159125331,41,41591,2026-0,36,598,208153760, 내역_20260825
4137010300,41,41370,2026-0,239,4576,1510060280, 내역_20260825
2812511800,28,28125,2026-0,4,85,35255920, 내역_20260825
4165035022,41,41650,2026-0,9,48,18410620, 내역_20260825
4155012500,41,41550,2026-0,57,1130,444982840, 내역_20260825
4113110400,41,41131,2026-0,66,1023,329336940, 내역_20260825
4113310300,41,41133,2026-0,126,1695,490424840, 내역_20260825
4159133023,41,41591,2026-0,16,258,94212500, 내역_20260825
4122025328,41,41220,2026-0,7,98,39267660, 내역_20260825
4150038021,41,41500,2026-0,10,74,31079160, 내역_20260825
4167032027,41,41670,2026-0,11,147,52526700, 내역_20260825
4163011500,41,41630,2026-0,77,695,193153820, 내역_20260825
4155035025,41,41550,2026-0,15,228,69731200, 내역_20260825
4163033022,41,41630,2026-0,28,628,199801360, 내역_20260825
4122010600,41,41220,2026-0,84,1175,420641680, 내역_20260825
4161037021,41,41610,2026-0,5,35,11382480, 내역_20260825
4163025024,41,41630,2026-0,28,248,64716980, 내역_20260825
4139012700,41,41390,2026-0,98,1028,343169320, 내역_20260825
4161025935,41,41610,2026-0,47,741,268709800, 내역_20260825
1156010200,11,11560,2026-0,23,1287,328222200, 내역_20260825
4157010200,41,41570,2026-0,108,2454,854432860, 내역_20260825
4157010500,41,41570,2026-0,85,802,260079180, 내역_20260825
4115011100,41,41150,2026-0,98,1487,505987940, 내역_20260825
4159132033,41,41591,2026-0,57,597,222152540, 내역_20260825
4127311100,41,41273,2026-0,30,298,96057200, 내역_20260825
4111513500,41,41115,2026-0,68,668,183433580, 내역_20260825
4146135032,41,41461,2026-0,19,559,206155940, 내역_20260825
1114012800,11,11140,2026-0,12,245,93500340, 내역_20260825
4155033029,41,41550,2026-0,42,970,334923520, 내역_20260825
2812513200,28,28125,2026-0,10,106,28411360, 내역_20260825
4157036031,41,41570,2026-0,43,312,99716680, 내역_20260825
4122010200,41,41220,2026-0,62,1378,562044280, 내역_20260825
4182025021,41,41820,2026-0,100,1210,390838760, 내역_20260825
4122025324,41,41220,2026-0,21,184,51536920, 내역_20260825
4122012700,41,41220,2026-0,137,1489,479615040, 내역_20260825
4131010700,41,41310,2026-0,125,1309,408763540, 내역_20260825
4148031025,41,41480,2026-0,142,1490,490954400, 내역_20260825
4155038022,41,41550,2026-0,52,3062,733085480, 내역_20260825
4163031024,41,41630,2026-0,26,273,81345700, 내역_20260825
4159134024,41,41591,2026-0,83,1514,553173160, 내역_20260825
4122025321,41,41220,2026-0,55,984,334145800, 내역_20260825
4161025932,41,41610,2026-0,33,468,170301380, 내역_20260825
4150038022,41,41500,2026-0,2,11,3605820, 내역_20260825
2812510300,28,28125,2026-0,191,4533,2392708780, 내역_20260825
4165025029,41,41650,2026-0,94,841,267105380, 내역_20260825
4146126224,41,41461,2026-0,45,1451,625841760, 내역_20260825
4122010100,41,41220,2026-0,161,2016,573920960, 내역_20260825
4159333030,41,41593,2026-0,152,2154,760886120, 내역_20260825
4167034530,41,41670,2026-0,11,73,24647900, 내역_20260825
4146125926,41,41461,2026-0,45,1202,407496140, 내역_20260825
4150037022,41,41500,2026-0,8,61,19418860, 내역_20260825
4150035025,41,41500,2026-0,61,1158,450808680, 내역_20260825
4157036029,41,41570,2026-0,23,196,65505740, 내역_20260825
4146310900,41,41463,2026-0,247,26283,15105306900, 내역_20260825
4155012200,41,41550,2026-0,49,548,171884740, 내역_20260825
1120011200,11,11200,2026-0,44,429,132651620, 내역_20260825
4122012200,41,41220,2026-0,34,541,122226040, 내역_20260825
4159125329,41,41591,2026-0,118,1609,603744140, 내역_20260825
4155036023,41,41550,2026-0,28,318,118329860, 내역_20260825
4137010800,41,41370,2026-0,85,1277,415833200, 내역_20260825
4111512800,41,41115,2026-0,18,371,144765160, 내역_20260825
4159136022,41,41591,2026-0,183,2724,1009849620, 내역_20260825
4159135029,41,41591,2026-0,24,310,111365960, 내역_20260825
4159332025,41,41593,2026-0,25,185,60295660, 내역_20260825
4128111300,41,41281,2026-0,84,924,309968020, 내역_20260825
1114011500,11,11140,2026-0,28,1167,446347660, 내역_20260825
4157025321,41,41570,2026-0,52,641,201667380, 내역_20260825
4139011000,41,41390,2026-0,84,677,243573060, 내역_20260825
1159010400,11,11590,2026-0,23,175,50869320, 내역_20260825
2820010400,28,28200,2026-0,58,601,205733960, 내역_20260825
2872037021,28,28720,2026-0,6,28,5135560, 내역_20260825
2872033022,28,28720,2026-0,14,94,27551400, 내역_20260825
4150031029,41,41500,2026-0,28,379,118422640, 내역_20260825
4180025022,41,41800,2026-0,8,108,35799980, 내역_20260825
4182025031,41,41820,2026-0,8,33,9264580, 내역_20260825
4146134022,41,41461,2026-0,24,324,124782740, 내역_20260825
4167036033,41,41670,2026-0,9,115,32588180, 내역_20260825
4183041027,41,41830,2026-0,1,19,7533160, 내역_20260825
4128510800,41,41285,2026-0,10,105,29268320, 내역_20260825
4146135027,41,41461,2026-0,14,121,43248240, 내역_20260825
2872033021,28,28720,2026-0,38,265,81654380, 내역_20260825
4127111000,41,41271,2026-0,48,549,200959300, 내역_20260825
4182025029,41,41820,2026-0,6,39,9917180, 내역_20260825
4159333023,41,41593,2026-0,71,881,274269540, 내역_20260825
4111512200,41,41115,2026-0,19,181,50831120, 내역_20260825
4167035026,41,41670,2026-0,3,100,32572880, 내역_20260825
2872033025,28,28720,2026-0,5,22,7982800, 내역_20260825
4155034035,41,41550,2026-0,23,434,158099540, 내역_20260825
4155036022,41,41550,2026-0,7,69,21250720, 내역_20260825
4121010100,41,41210,2026-0,270,4341,1423819980, 내역_20260825
4155042024,41,41550,2026-0,17,798,331989800, 내역_20260825
4163031026,41,41630,2026-0,54,842,306394940, 내역_20260825
4139010900,41,41390,2026-0,102,812,287587260, 내역_20260825
4150036025,41,41500,2026-0,15,156,57509100, 내역_20260825
2871035025,28,28710,2026-0,7,65,16168820, 내역_20260825
4157010100,41,41570,2026-0,116,1409,494023960, 내역_20260825
4148037026,41,41480,2026-0,45,646,234580760, 내역_20260825
4128110500,41,41281,2026-0,104,1438,577403700, 내역_20260825
4128710100,41,41287,2026-0,148,1749,535039320, 내역_20260825
2871036021,28,28710,2026-0,6,57,15971720, 내역_20260825
4131010500,41,41310,2026-0,200,3231,1098491100, 내역_20260825
4155039030,41,41550,2026-0,8,65,23489840, 내역_20260825
4146125927,41,41461,2026-0,20,275,93227580, 내역_20260825
4111312700,41,41113,2026-0,73,594,160865700, 내역_20260825
4159133027,41,41591,2026-0,24,252,90236840, 내역_20260825
2817710100,28,28177,2026-0,224,3686,1112428360, 내역_20260825
4159125333,41,41591,2026-0,35,614,222529420, 내역_20260825
4137011000,41,41370,2026-0,89,1031,359311460, 내역_20260825
4122031029,41,41220,2026-0,50,1359,505804120, 내역_20260825
4157025627,41,41570,2026-0,87,864,291733220, 내역_20260825
4163031023,41,41630,2026-0,96,1028,315686860, 내역_20260825
4122025029,41,41220,2026-0,12,101,26150680, 내역_20260825
4159125027,41,41591,2026-0,187,2118,787264580, 내역_20260825
4125011200,41,41250,2026-0,80,867,258000080, 내역_20260825
4161011200,41,41610,2026-0,121,1241,411303980, 내역_20260825
4183025024,41,41830,2026-0,24,247,81250660, 내역_20260825
4122033023,41,41220,2026-0,15,431,137590360, 내역_20260825
4155031025,41,41550,2026-0,12,184,67482600, 내역_20260825
4111314000,41,41113,2026-0,35,269,79516960, 내역_20260825
4183036027,41,41830,2026-0,2,8,2035700, 내역_20260825
4157034023,41,41570,2026-0,57,469,162829200, 내역_20260825
4163010200,41,41630,2026-0,3,26,6967060, 내역_20260825
4148035029,41,41480,2026-0,31,247,78152140, 내역_20260825
4125010300,41,41250,2026-0,178,2416,642907500, 내역_20260825
4137010900,41,41370,2026-0,11,124,37063240, 내역_20260825
4163032028,41,41630,2026-0,25,244,82957120, 내역_20260825
4139010800,41,41390,2026-0,130,1442,473442880, 내역_20260825
4148036022,41,41480,2026-0,15,262,91218440, 내역_20260825
4167036022,41,41670,2026-0,5,126,32296000, 내역_20260825
4150025332,41,41500,2026-0,21,245,76428380, 내역_20260825
4159325028,41,41593,2026-0,109,1390,455085200, 내역_20260825
4148010400,41,41480,2026-0,74,626,202030120, 내역_20260825
4167034532,41,41670,2026-0,8,84,27681680, 내역_20260825
4165038024,41,41650,2026-0,16,135,35778340, 내역_20260825
4165033022,41,41650,2026-0,21,208,60575520, 내역_20260825
4159036027,41,41590,2026-0,1,3,1248940, 내역_20260825
4155031028,41,41550,2026-0,11,295,113338240, 내역_20260825
4159125337,41,41591,2026-0,45,414,145224140, 내역_20260825
4125011000,41,41250,2026-0,24,738,242072200, 내역_20260825
4122010800,41,41220,2026-0,143,1839,680429460, 내역_20260825
4155041024,41,41550,2026-0,17,265,88677940, 내역_20260825
2827510600,28,28275,2026-0,251,3294,1018276600, 내역_20260825
4111513800,41,41115,2026-0,146,1665,519496680, 내역_20260825
4150010600,41,41500,2026-0,16,266,103555500, 내역_20260825
4163010500,41,41630,2026-0,40,310,86762180, 내역_20260825
4163032024,41,41630,2026-0,26,835,331939260, 내역_20260825
4167035024,41,41670,2026-0,8,153,40429320, 내역_20260825
4155041028,41,41550,2026-0,4,44,14833900, 내역_20260825
4137010400,41,41370,2026-0,159,1876,480408080, 내역_20260825
4128111400,41,41281,2026-0,46,880,260757140, 내역_20260825
4163011300,41,41630,2026-0,56,795,268143120, 내역_20260825
4122011100,41,41220,2026-0,59,729,243082980, 내역_20260825
4159510400,41,41595,2026-0,79,1775,529620920, 내역_20260825
4155036028,41,41550,2026-0,20,260,93855540, 내역_20260825
4167010100,41,41670,2026-0,52,573,163134560, 내역_20260825
4146125325,41,41461,2026-0,114,1396,489685020, 내역_20260825
4150033022,41,41500,2026-0,55,736,257453960, 내역_20260825
4113510400,41,41135,2026-0,28,594,178826960, 내역_20260825
4159333028,41,41593,2026-0,77,745,263292600, 내역_20260825
4159331026,41,41593,2026-0,10,68,19630800, 내역_20260825
4165033023,41,41650,2026-0,69,761,263399400, 내역_20260825
4146125621,41,41461,2026-0,42,784,277536800, 내역_20260825
4165010600,41,41650,2026-0,86,1615,523506000, 내역_20260825
4155033030,41,41550,2026-0,16,411,181045980, 내역_20260825
4182032522,41,41820,2026-0,14,229,59469820, 내역_20260825
4148035025,41,41480,2026-0,69,669,224145360, 내역_20260825
4150034030,41,41500,2026-0,39,722,266371920, 내역_20260825
4148025321,41,41480,2026-0,24,333,102304780, 내역_20260825
4182031025,41,41820,2026-0,22,791,251858760, 내역_20260825
4159333036,41,41593,2026-0,32,617,252642000, 내역_20260825
4146310500,41,41463,2026-0,104,1641,535400340, 내역_20260825
2872035026,28,28720,2026-0,1,4,1991920, 내역_20260825
4122031021,41,41220,2026-0,11,466,158442660, 내역_20260825
2812510100,28,28125,2026-0,106,1543,680218440, 내역_20260825
4155032022,41,41550,2026-0,5,38,13406400, 내역_20260825
4159135021,41,41591,2026-0,34,315,105941540, 내역_20260825
4165034021,41,41650,2026-0,42,594,182402600, 내역_20260825
4159325029,41,41593,2026-0,16,111,36420120, 내역_20260825
4182032521,41,41820,2026-0,61,539,165112920, 내역_20260825
4155011400,41,41550,2026-0,11,90,27898040, 내역_20260825
4163031022,41,41630,2026-0,68,612,195713780, 내역_20260825
4180025021,41,41800,2026-0,40,475,158565880, 내역_20260825
4183040021,41,41830,2026-0,16,151,44260480, 내역_20260825
4167035021,41,41670,2026-0,5,46,14129980, 내역_20260825
2818510400,28,28185,2026-0,121,1592,440385960, 내역_20260825
4150032030,41,41500,2026-0,19,614,204254860, 내역_20260825
4165036021,41,41650,2026-0,35,807,250310140, 내역_20260825
4159136024,41,41591,2026-0,149,2192,796848260, 내역_20260825
4122025625,41,41220,2026-0,47,1000,399820680, 내역_20260825
4122033024,41,41220,2026-0,9,69,26226340, 내역_20260825
4146311400,41,41463,2026-0,167,1941,658739180, 내역_20260825
4150031023,41,41500,2026-0,15,188,58818780, 내역_20260825
4139012000,41,41390,2026-0,23,196,51073120, 내역_20260825
2820010800,28,28200,2026-0,75,768,220451780, 내역_20260825
4122032025,41,41220,2026-0,26,297,107096000, 내역_20260825
4111313600,41,41113,2026-0,136,1888,633398520, 내역_20260825
4167037023,41,41670,2026-0,7,28,7749800, 내역_20260825
4122034026,41,41220,2026-0,35,507,177266180, 내역_20260825
4129010200,41,41290,2026-0,45,614,165960320, 내역_20260825
4136036024,41,41360,2026-0,3,23,8177800, 내역_20260825
4122011900,41,41220,2026-0,140,1450,437965120, 내역_20260825
4148038023,41,41480,2026-0,1,8,2405900, 내역_20260825
2820010300,28,28200,2026-0,413,5867,1813556180, 내역_20260825
4180033025,41,41800,2026-0,9,58,23387560, 내역_20260825
4122010400,41,41220,2026-0,45,5135,2872410640, 내역_20260825
4150010400,41,41500,2026-0,49,267,84180960, 내역_20260825
2871025024,28,28710,2026-0,44,778,239438240, 내역_20260825
4122037030,41,41220,2026-0,11,167,49194440, 내역_20260825
4122025926,41,41220,2026-0,74,1250,469844920, 내역_20260825
4159132023,41,41591,2026-0,49,311,98449440, 내역_20260825
4146135033,41,41461,2026-0,21,189,61352460, 내역_20260825
4155040025,41,41550,2026-0,21,202,60169640, 내역_20260825
2815510600,28,28155,2026-0,14,156,42485180, 내역_20260825
4146125021,41,41461,2026-0,57,935,306085160, 내역_20260825
4165034028,41,41650,2026-0,5,41,13982200, 내역_20260825
4161010100,41,41610,2026-0,119,2434,824857760, 내역_20260825
4163032025,41,41630,2026-0,12,100,32507340, 내역_20260825
4143010300,41,41430,2026-0,181,3067,1039929120, 내역_20260825
4137010200,41,41370,2026-0,48,496,160047000, 내역_20260825
4113110200,41,41131,2026-0,161,2735,927019100, 내역_20260825
4155040023,41,41550,2026-0,26,505,163210300, 내역_20260825
4155038024,41,41550,2026-0,38,487,173470420, 내역_20260825
4182033028,41,41820,2026-0,9,72,26997980, 내역_20260825
4113110100,41,41131,2026-0,171,2087,636053180, 내역_20260825
4165037021,41,41650,2026-0,14,170,53787460, 내역_20260825
4182033021,41,41820,2026-0,13,103,36667940, 내역_20260825
4165034026,41,41650,2026-0,7,104,46398960, 내역_20260825
4111710700,41,41117,2026-0,168,2850,873741300, 내역_20260825
4155036031,41,41550,2026-0,25,377,123699800, 내역_20260825
4122031027,41,41220,2026-0,144,2877,1053480380, 내역_20260825
4161037023,41,41610,2026-0,11,119,40033440, 내역_20260825
4127311200,41,41273,2026-0,17,199,68426260, 내역_20260825
4159133022,41,41591,2026-0,36,370,133890920, 내역_20260825
4159333034,41,41593,2026-0,46,490,184154960, 내역_20260825
4148011300,41,41480,2026-0,320,3762,1200922140, 내역_20260825
4165041021,41,41650,2026-0,34,472,164069280, 내역_20260825
4155033032,41,41550,2026-0,6,158,46742060, 내역_20260825
4159125336,41,41591,2026-0,154,1795,657637460, 내역_20260825
4167035027,41,41670,2026-0,4,34,9954120, 내역_20260825
4183033026,41,41830,2026-0,1,9,2438980, 내역_20260825
4167035037,41,41670,2026-0,12,115,39871800, 내역_20260825
4165036022,41,41650,2026-0,19,271,93176440, 내역_20260825
4180025322,41,41800,2026-0,47,392,108836280, 내역_20260825
4122025323,41,41220,2026-0,25,581,203970720, 내역_20260825
4148025021,41,41480,2026-0,60,907,295355480, 내역_20260825
4148031022,41,41480,2026-0,66,552,180651240, 내역_20260825
4155040029,41,41550,2026-0,29,330,129233440, 내역_20260825
4161025323,41,41610,2026-0,29,292,94717360, 내역_20260825
2820010600,28,28200,2026-0,51,433,138065140, 내역_20260825
4155011800,41,41550,2026-0,62,1346,356247280, 내역_20260825
4155034029,41,41550,2026-0,24,553,221293320, 내역_20260825
2829011000,28,28290,2026-0,163,1559,512899680, 내역_20260825
4161010500,41,41610,2026-0,79,1031,275189120, 내역_20260825
4167032031,41,41670,2026-0,13,82,25113680, 내역_20260825
1129012000,11,11290,2026-0,9,69,17434820, 내역_20260825
2815510100,28,28155,2026-0,225,2430,710287460, 내역_20260825
4128710300,41,41287,2026-0,93,1335,393750560, 내역_20260825
4155025030,41,41550,2026-0,66,939,332298160, 내역_20260825
4159333031,41,41593,2026-0,49,655,230215720, 내역_20260825
4165035021,41,41650,2026-0,18,203,94601260, 내역_20260825
4146125921,41,41461,2026-0,34,266,102848280, 내역_20260825
4182032524,41,41820,2026-0,17,148,41810640, 내역_20260825
4122012300,41,41220,2026-0,32,467,137896180, 내역_20260825
4128112100,41,41281,2026-0,18,143,43674460, 내역_20260825
4150034022,41,41500,2026-0,12,121,38676740, 내역_20260825
4111313400,41,41113,2026-0,191,2620,795854560, 내역_20260825
2871033021,28,28710,2026-0,22,342,118216540, 내역_20260825
2872036021,28,28720,2026-0,41,780,308339960, 내역_20260825
4165031026,41,41650,2026-0,21,199,59690860, 내역_20260825
2827510400,28,28275,2026-0,75,2224,793443780, 내역_20260825
1117010600,11,11170,2026-0,6,250,89237500, 내역_20260825
4122012500,41,41220,2026-0,31,279,103258260, 내역_20260825
4155012600,41,41550,2026-0,43,551,218634660, 내역_20260825
4163033023,41,41630,2026-0,45,439,146693320, 내역_20260825
4183025021,41,41830,2026-0,105,1573,492123300, 내역_20260825
4146110400,41,41461,2026-0,132,2664,979864620, 내역_20260825
2871032025,28,28710,2026-0,17,141,42203100, 내역_20260825
4165039022,41,41650,2026-0,4,14,3873640, 내역_20260825
4167032023,41,41670,2026-0,14,87,27459440, 내역_20260825
4139010400,41,41390,2026-0,41,352,117931160, 내역_20260825
4122032021,41,41220,2026-0,50,691,224304680, 내역_20260825
4128111800,41,41281,2026-0,81,929,308440240, 내역_20260825
4183040027,41,41830,2026-0,6,67,18180740, 내역_20260825
4141010800,41,41410,2026-0,53,462,144440860, 내역_20260825
4159325025,41,41593,2026-0,73,1007,261177280, 내역_20260825
2812510500,28,28125,2026-0,11,107,29815360, 내역_20260825
4122012100,41,41220,2026-0,77,862,322764980, 내역_20260825
2871038022,28,28710,2026-0,5,42,11275500, 내역_20260825
4167025031,41,41670,2026-0,2,31,10761120, 내역_20260825
4159333035,41,41593,2026-0,24,311,107646340, 내역_20260825
4145011900,41,41450,2026-0,7,46,10633940, 내역_20260825
4127110100,41,41271,2026-0,64,1240,385557420, 내역_20260825
4165038023,41,41650,2026-0,10,314,123819580, 내역_20260825
4157025622,41,41570,2026-0,67,844,264272840, 내역_20260825
4182033026,41,41820,2026-0,2,37,12583560, 내역_20260825
2812512900,28,28125,2026-0,60,1359,574852380, 내역_20260825
4139012100,41,41390,2026-0,92,887,263126180, 내역_20260825
4157034027,41,41570,2026-0,78,665,218887220, 내역_20260825
4159133029,41,41591,2026-0,10,48,16643760, 내역_20260825
4148011600,41,41480,2026-0,44,500,183118360, 내역_20260825
4113310400,41,41133,2026-0,52,460,152500700, 내역_20260825
4148036023,41,41480,2026-0,6,52,14629540, 내역_20260825
4161025928,41,41610,2026-0,20,226,79509720, 내역_20260825
4159125330,41,41591,2026-0,53,501,176480740, 내역_20260825
4150034031,41,41500,2026-0,22,299,97807180, 내역_20260825
4150037021,41,41500,2026-0,9,105,34939580, 내역_20260825
4163010400,41,41630,2026-0,11,69,24667020, 내역_20260825
4150034026,41,41500,2026-0,22,269,84718860, 내역_20260825
4122025626,41,41220,2026-0,40,732,273525100, 내역_20260825
4125010200,41,41250,2026-0,89,1703,462003080, 내역_20260825
4146125629,41,41461,2026-0,88,1326,482340360, 내역_20260825
4157036027,41,41570,2026-0,45,474,167142140, 내역_20260825
4136025921,41,41360,2026-0,50,393,122164280, 내역_20260825
4183025025,41,41830,2026-0,80,1451,455991980, 내역_20260825
2812513300,28,28125,2026-0,11,74,22837480, 내역_20260825
1114016900,11,11140,2026-0,11,74,25006280, 내역_20260825
1120011000,11,11200,2026-0,30,346,112093440, 내역_20260825
4150032031,41,41500,2026-0,8,88,27168800, 내역_20260825
1120011100,11,11200,2026-0,17,119,33917460, 내역_20260825
4125010700,41,41250,2026-0,53,850,279018680, 내역_20260825
4150025324,41,41500,2026-0,39,556,193623900, 내역_20260825
4136010600,41,41360,2026-0,59,411,138406860, 내역_20260825
4139013500,41,41390,2026-0,516,4657,1407070220, 내역_20260825
4159132026,41,41591,2026-0,31,329,118765840, 내역_20260825
4146125931,41,41461,2026-0,54,3075,808174860, 내역_20260825
4155012800,41,41550,2026-0,22,753,271160200, 내역_20260825
4155041026,41,41550,2026-0,12,136,46407760, 내역_20260825
4167025022,41,41670,2026-0,9,287,105302880, 내역_20260825
2820010900,28,28200,2026-0,55,519,133371040, 내역_20260825
4139011900,41,41390,2026-0,67,454,156094140, 내역_20260825
4165033027,41,41650,2026-0,49,617,195409880, 내역_20260825
4159325026,41,41593,2026-0,61,585,199955480, 내역_20260825
4146125929,41,41461,2026-0,18,364,137006360, 내역_20260825
2812513400,28,28125,2026-0,11,136,43638100, 내역_20260825
4146125622,41,41461,2026-0,15,131,40215000, 내역_20260825
4165031024,41,41650,2026-0,21,273,94684480, 내역_20260825
4159125332,41,41591,2026-0,37,583,192747080, 내역_20260825
4146135030,41,41461,2026-0,15,247,91525440, 내역_20260825
4161025021,41,41610,2026-0,2,9,2586600, 내역_20260825
4150010700,41,41500,2026-0,47,830,282328720, 내역_20260825
4159333029,41,41593,2026-0,62,498,178845980, 내역_20260825
4148036027,41,41480,2026-0,11,79,29160340, 내역_20260825
4150034029,41,41500,2026-0,7,58,19935940, 내역_20260825
4128710800,41,41287,2026-0,57,476,162441580, 내역_20260825
2812512400,28,28125,2026-0,5,52,16775780, 내역_20260825
4146110700,41,41461,2026-0,115,1624,460200900, 내역_20260825
4159125321,41,41591,2026-0,30,582,208226700, 내역_20260825
4122025923,41,41220,2026-0,83,1251,467812260, 내역_20260825
4139011800,41,41390,2026-0,107,2013,621602620, 내역_20260825
4180033023,41,41800,2026-0,30,341,118815940, 내역_20260825
4141010700,41,41410,2026-0,23,269,105630460, 내역_20260825
4148012300,41,41480,2026-0,55,705,189953120, 내역_20260825
4159333026,41,41593,2026-0,85,839,290837800, 내역_20260825
4159510700,41,41595,2026-0,31,313,95785500, 내역_20260825
4155033026,41,41550,2026-0,39,476,169885940, 내역_20260825
4155035024,41,41550,2026-0,25,784,290433860, 내역_20260825
4122011000,41,41220,2026-0,98,1123,321078580, 내역_20260825
4159331022,41,41593,2026-0,31,251,67540560, 내역_20260825
4155013100,41,41550,2026-0,11,124,33333700, 내역_20260825
4155040024,41,41550,2026-0,5,46,16603880, 내역_20260825
4139013000,41,41390,2026-0,104,1215,331847460, 내역_20260825
4155035027,41,41550,2026-0,21,606,266735420, 내역_20260825
4157025023,41,41570,2026-0,79,1117,416140160, 내역_20260825
4182034524,41,41820,2026-0,4,35,12416260, 내역_20260825
4150031026,41,41500,2026-0,33,276,90246920, 내역_20260825
4137011500,41,41370,2026-0,15,420,162799360, 내역_20260825
4159125032,41,41591,2026-0,35,520,191704480, 내역_20260825
4150025322,41,41500,2026-0,33,348,109563200, 내역_20260825
4155041027,41,41550,2026-0,17,399,80061420, 내역_20260825
4137011600,41,41370,2026-0,72,884,291478180, 내역_20260825
4148010800,41,41480,2026-0,225,2196,646074980, 내역_20260825
4167036032,41,41670,2026-0,9,110,34475380, 내역_20260825
1129012800,11,11290,2026-0,13,145,33660180, 내역_20260825
2824512200,28,28245,2026-0,7,53,15977560, 내역_20260825
4159125322,41,41591,2026-0,31,241,67315620, 내역_20260825
4159132024,41,41591,2026-0,15,85,28721920, 내역_20260825
4159331021,41,41593,2026-0,35,1098,535254080, 내역_20260825
4148025029,41,41480,2026-0,34,310,111222820, 내역_20260825
4159132021,41,41591,2026-0,85,941,329230180, 내역_20260825
4159013600,41,41590,2026-0,4,26,8956400, 내역_20260825
4122025329,41,41220,2026-0,24,368,142775720, 내역_20260825
4150025321,41,41500,2026-0,47,572,200888460, 내역_20260825
4148035024,41,41480,2026-0,39,628,217689900, 내역_20260825
2824511900,28,28245,2026-0,14,136,39074180, 내역_20260825
4157034031,41,41570,2026-0,73,634,213027580, 내역_20260825
4148011400,41,41480,2026-0,22,295,116319540, 내역_20260825
4122010700,41,41220,2026-0,87,913,357695540, 내역_20260825
4111113700,41,41111,2026-0,56,819,233919300, 내역_20260825
4165033025,41,41650,2026-0,109,999,299177600, 내역_20260825
4167032033,41,41670,2026-0,5,38,12173660, 내역_20260825
4167010700,41,41670,2026-0,53,794,254384000, 내역_20260825
4157035028,41,41570,2026-0,4,44,16759640, 내역_20260825
4183037021,41,41830,2026-0,11,102,36572880, 내역_20260825
4122011500,41,41220,2026-0,11,118,46465960, 내역_20260825
4165010200,41,41650,2026-0,51,598,191789140, 내역_20260825
4159134034,41,41591,2026-0,77,896,338373020, 내역_20260825
4150037029,41,41500,2026-0,9,255,82909120, 내역_20260825
2818510200,28,28185,2026-0,72,747,185034320, 내역_20260825
4125010900,41,41250,2026-0,26,785,275142320, 내역_20260825
4159134033,41,41591,2026-0,24,424,157461260, 내역_20260825
4165010100,41,41650,2026-0,134,2448,796427400, 내역_20260825
4115011000,41,41150,2026-0,190,2618,854698640, 내역_20260825
4146110300,41,41461,2026-0,161,2774,816540720, 내역_20260825
4155011300,41,41550,2026-0,9,104,31644620, 내역_20260825
4148025625,41,41480,2026-0,53,697,238858440, 내역_20260825
4159510600,41,41595,2026-0,81,777,258134000, 내역_20260825
4163032026,41,41630,2026-0,49,759,235673700, 내역_20260825
4148037033,41,41480,2026-0,3,15,4376300, 내역_20260825
4146125328,41,41461,2026-0,42,536,179577000, 내역_20260825
2812510400,28,28125,2026-0,11,182,41473080, 내역_20260825
4157036021,41,41570,2026-0,61,513,176985960, 내역_20260825
4148010200,41,41480,2026-0,67,1442,377205180, 내역_20260825
4155011100,41,41550,2026-0,2,17,4873940, 내역_20260825
2817710700,28,28177,2026-0,58,1178,401168300, 내역_20260825
4119610400,41,41196,2026-0,114,1781,608993740, 내역_20260825
4146125028,41,41461,2026-0,30,244,89883860, 내역_20260825
4159310200,41,41593,2026-0,120,1077,337274820, 내역_20260825
4165039021,41,41650,2026-0,20,209,64513680, 내역_20260825
4183038026,41,41830,2026-0,1,6,1188500, 내역_20260825
4155036037,41,41550,2026-0,9,79,19677300, 내역_20260825
2812514000,28,28125,2026-0,15,147,43433640, 내역_20260825
4180033021,41,41800,2026-0,4,24,6700640, 내역_20260825
4136025622,41,41360,2026-0,92,1136,267105760, 내역_20260825
4155025023,41,41550,2026-0,22,211,74487100, 내역_20260825
4111513900,41,41115,2026-0,53,970,309307200, 내역_20260825
4155035031,41,41550,2026-0,26,385,117351420, 내역_20260825
4183039525,41,41830,2026-0,4,37,11203240, 내역_20260825
4122025045,41,41220,2026-0,36,509,159641580, 내역_20260825
4155034021,41,41550,2026-0,11,131,48636320, 내역_20260825
4127110600,41,41271,2026-0,35,308,103518080, 내역_20260825
2829010100,28,28290,2026-0,89,1891,690420280, 내역_20260825
4148035027,41,41480,2026-0,55,564,174889560, 내역_20260825
4129010100,41,41290,2026-0,6,120,29317980, 내역_20260825
4159133030,41,41591,2026-0,10,114,37311360, 내역_20260825
4161025933,41,41610,2026-0,39,387,122401060, 내역_20260825
4155040021,41,41550,2026-0,20,229,81879080, 내역_20260825
4146311500,41,41463,2026-0,78,1032,310540220, 내역_20260825
4146125627,41,41461,2026-0,28,385,132569740, 내역_20260825
4136025924,41,41360,2026-0,29,332,107707560, 내역_20260825
4127111300,41,41271,2026-0,36,277,95687880, 내역_20260825
4155034037,41,41550,2026-0,20,172,58989480, 내역_20260825
4167025036,41,41670,2026-0,3,24,6345360, 내역_20260825
2817710600,28,28177,2026-0,72,760,202224760, 내역_20260825
4159136025,41,41591,2026-0,60,561,202838960, 내역_20260825
4165040026,41,41650,2026-0,4,105,24616840, 내역_20260825
4122025026,41,41220,2026-0,6,46,11742280, 내역_20260825
2871035028,28,28710,2026-0,4,78,27821680, 내역_20260825
1129012300,11,11290,2026-0,12,69,21043900, 내역_20260825
2812512800,28,28125,2026-0,3,12,3217000, 내역_20260825
4146510400,41,41465,2026-0,62,576,166201560, 내역_20260825
4182025028,41,41820,2026-0,10,85,25237760, 내역_20260825
4163032021,41,41630,2026-0,23,298,97881540, 내역_20260825
4167010900,41,41670,2026-0,28,268,91006280, 내역_20260825
4150031033,41,41500,2026-0,11,215,71895520, 내역_20260825
2812513000,28,28125,2026-0,13,125,42149520, 내역_20260825
4182034021,41,41820,2026-0,1,51,11887640, 내역_20260825
4146126221,41,41461,2026-0,97,1594,497451200, 내역_20260825
4180032022,41,41800,2026-0,19,221,82453600, 내역_20260825
4119210600,41,41192,2026-0,23,546,177041820, 내역_20260825
4183025032,41,41830,2026-0,40,334,83479840, 내역_20260825
4143010400,41,41430,2026-0,63,1193,431583820, 내역_20260825
4146135029,41,41461,2026-0,16,185,58417320, 내역_20260825
4150037023,41,41500,2026-0,5,29,9866880, 내역_20260825
4119710300,41,41197,2026-0,3,67,20219600, 내역_20260825
4137011700,41,41370,2026-0,35,286,104813180, 내역_20260825
4163025023,41,41630,2026-0,45,380,122749080, 내역_20260825
2871037026,28,28710,2026-0,4,21,7436680, 내역_20260825
4136025322,41,41360,2026-0,96,1030,347649060, 내역_20260825
4146134023,41,41461,2026-0,25,331,115799520, 내역_20260825
4150036022,41,41500,2026-0,11,153,47542880, 내역_20260825
2871039021,28,28710,2026-0,5,32,7458940, 내역_20260825
1114013000,11,11140,2026-0,15,173,54010980, 내역_20260825
2871035021,28,28710,2026-0,2,9,2769840, 내역_20260825
4183025027,41,41830,2026-0,21,494,178473920, 내역_20260825
4148025026,41,41480,2026-0,11,108,32397760, 내역_20260825
4159132034,41,41591,2026-0,34,262,86394380, 내역_20260825
4180025027,41,41800,2026-0,11,62,18490880, 내역_20260825
4148032026,41,41480,2026-0,14,174,65468900, 내역_20260825
4155011500,41,41550,2026-0,5,35,11244800, 내역_20260825
4159131030,41,41591,2026-0,21,284,111451720, 내역_20260825
4159131027,41,41591,2026-0,19,182,60507060, 내역_20260825
4146125625,41,41461,2026-0,23,327,133548000, 내역_20260825
4157032027,41,41570,2026-0,5,48,16773880, 내역_20260825
4122010900,41,41220,2026-0,106,1077,321040280, 내역_20260825
4182031022,41,41820,2026-0,12,64,16115640, 내역_20260825
4136036022,41,41360,2026-0,5,56,23745480, 내역_20260825
4163034025,41,41630,2026-0,39,571,163830820, 내역_20260825
4183031023,41,41830,2026-0,11,102,32825580, 내역_20260825
2812512100,28,28125,2026-0,1,3,610440, 내역_20260825
4159333024,41,41593,2026-0,27,205,72940880, 내역_20260825
2871041021,28,28710,2026-0,6,45,13814760, 내역_20260825
4159125339,41,41591,2026-0,109,1519,470376700, 내역_20260825
4150036028,41,41500,2026-0,19,235,90399580, 내역_20260825
2827510700,28,28275,2026-0,49,684,202854840, 내역_20260825
4146135031,41,41461,2026-0,11,113,40093000, 내역_20260825
4182033029,41,41820,2026-0,14,166,55728980, 내역_20260825
4155035028,41,41550,2026-0,36,458,153268020, 내역_20260825
4137011100,41,41370,2026-0,123,1624,529893700, 내역_20260825
4128110200,41,41281,2026-0,33,405,129168240, 내역_20260825
4167010300,41,41670,2026-0,25,269,75257560, 내역_20260825
4159332027,41,41593,2026-0,51,540,185884200, 내역_20260825
4159510300,41,41595,2026-0,34,622,254365920, 내역_20260825
4159135030,41,41591,2026-0,23,251,92062780, 내역_20260825
4111513300,41,41115,2026-0,40,496,158208780, 내역_20260825
4167010400,41,41670,2026-0,3,12,3304780, 내역_20260825
2812513900,28,28125,2026-0,24,265,87761680, 내역_20260825
4155036036,41,41550,2026-0,16,178,59417380, 내역_20260825
4155010400,41,41550,2026-0,3,39,11260680, 내역_20260825
4146125023,41,41461,2026-0,58,2607,755913260, 내역_20260825
4119610300,41,41196,2026-0,43,692,210651340, 내역_20260825
4159041027,41,41590,2026-0,1,3,1094280, 내역_20260825
4122025330,41,41220,2026-0,83,988,305124660, 내역_20260825
4150032024,41,41500,2026-0,19,239,75148720, 내역_20260825
4148025028,41,41480,2026-0,2,7,2303480, 내역_20260825
4155031024,41,41550,2026-0,13,114,38859440, 내역_20260825
4115010700,41,41150,2026-0,56,774,227860240, 내역_20260825
4146134027,41,41461,2026-0,199,14537,6980372760, 내역_20260825
4119510800,41,41195,2026-0,1,11,2083740, 내역_20260825
4167031035,41,41670,2026-0,13,128,41242720, 내역_20260825
4167031021,41,41670,2026-0,24,466,165872840, 내역_20260825
4167025038,41,41670,2026-0,5,33,12983980, 내역_20260825
4159133028,41,41591,2026-0,41,244,82156500, 내역_20260825
4159332028,41,41593,2026-0,51,384,129549800, 내역_20260825
4136025323,41,41360,2026-0,37,418,128196420, 내역_20260825
4155031035,41,41550,2026-0,9,434,212224480, 내역_20260825
4182034527,41,41820,2026-0,2,42,15133240, 내역_20260825
2812512700,28,28125,2026-0,3,35,8716440, 내역_20260825
4167035028,41,41670,2026-0,2,29,7539280, 내역_20260825
4167036024,41,41670,2026-0,4,25,7988120, 내역_20260825
2824511000,28,28245,2026-0,40,347,125610460, 내역_20260825
4150011000,41,41500,2026-0,50,492,154776440, 내역_20260825
4159136027,41,41591,2026-0,80,1574,629968640, 내역_20260825
4155012300,41,41550,2026-0,16,129,27789260, 내역_20260825
4122034028,41,41220,2026-0,4,48,14661760, 내역_20260825
4157036025,41,41570,2026-0,11,130,44416500, 내역_20260825
2871025025,28,28710,2026-0,47,384,103862500, 내역_20260825
4150025331,41,41500,2026-0,12,142,49678260, 내역_20260825
4150032026,41,41500,2026-0,35,594,178787200, 내역_20260825
4150032025,41,41500,2026-0,14,168,56310980, 내역_20260825
4167010600,41,41670,2026-0,5,35,12410220, 내역_20260825
4165039023,41,41650,2026-0,8,142,47437440, 내역_20260825
4119710100,41,41197,2026-0,3,26,7602660, 내역_20260825
4155031030,41,41550,2026-0,8,47,17089000, 내역_20260825
4155035034,41,41550,2026-0,10,93,31798300, 내역_20260825
4148037025,41,41480,2026-0,6,68,15717580, 내역_20260825
4150031031,41,41500,2026-0,13,100,33362220, 내역_20260825
4157010800,41,41570,2026-0,72,851,214241060, 내역_20260825
4122032027,41,41220,2026-0,9,111,44102700, 내역_20260825
4159031022,41,41590,2026-0,1,11,2361280, 내역_20260825
4167025032,41,41670,2026-0,25,867,395844440, 내역_20260825
4159131028,41,41591,2026-0,18,129,47800920, 내역_20260825
4159131029,41,41591,2026-0,44,579,210086000, 내역_20260825
4150036021,41,41500,2026-0,24,301,108790440, 내역_20260825
4159333025,41,41593,2026-0,44,463,167915840, 내역_20260825
4167038025,41,41670,2026-0,2,52,23215700, 내역_20260825
2824512300,28,28245,2026-0,22,310,81012980, 내역_20260825
4159325035,41,41593,2026-0,35,244,81655120, 내역_20260825
4122012600,41,41220,2026-0,42,540,185707200, 내역_20260825
4159110100,41,41591,2026-0,100,1002,298027340, 내역_20260825
4150032022,41,41500,2026-0,8,103,32834300, 내역_20260825
2815510400,28,28155,2026-0,66,1068,431155280, 내역_20260825
4183033021,41,41830,2026-0,22,390,131442160, 내역_20260825
4111314100,41,41113,2026-0,82,840,312778760, 내역_20260825
4155036026,41,41550,2026-0,11,101,37117060, 내역_20260825
2820010500,28,28200,2026-0,166,1765,528261180, 내역_20260825
4148025622,41,41480,2026-0,26,491,150061880, 내역_20260825
4180025324,41,41800,2026-0,4,26,10256580, 내역_20260825
2824511100,28,28245,2026-0,27,265,82668580, 내역_20260825
4155011200,41,41550,2026-0,2,9,2378720, 내역_20260825
4128111000,41,41281,2026-0,62,617,206129140, 내역_20260825
2871031025,28,28710,2026-0,43,602,236748520, 내역_20260825
2824510800,28,28245,2026-0,14,151,43062060, 내역_20260825
4122010500,41,41220,2026-0,34,334,101134480, 내역_20260825
4165034025,41,41650,2026-0,14,117,34575500, 내역_20260825
4150033025,41,41500,2026-0,53,918,330831180, 내역_20260825
4167034533,41,41670,2026-0,16,114,42200960, 내역_20260825
4163025026,41,41630,2026-0,35,367,103825920, 내역_20260825
4159332024,41,41593,2026-0,48,356,105507460, 내역_20260825
4122025322,41,41220,2026-0,29,365,124936400, 내역_20260825
4111113600,41,41111,2026-0,124,1917,637790260, 내역_20260825
4155031023,41,41550,2026-0,6,60,20954320, 내역_20260825
4165031028,41,41650,2026-0,44,548,158681220, 내역_20260825
4146134029,41,41461,2026-0,20,446,187494920, 내역_20260825
4167034523,41,41670,2026-0,13,178,52403100, 내역_20260825
4183040023,41,41830,2026-0,5,58,17054840, 내역_20260825
4159125631,41,41591,2026-0,1,6,1278960, 내역_20260825
4148010500,41,41480,2026-0,63,851,268917660, 내역_20260825
4150033023,41,41500,2026-0,28,491,164909740, 내역_20260825
4119410300,41,41194,2026-0,32,420,126436980, 내역_20260825
4167011800,41,41670,2026-0,10,86,24867580, 내역_20260825
4155025031,41,41550,2026-0,55,645,187580900, 내역_20260825
4161025027,41,41610,2026-0,3,35,10623880, 내역_20260825
4167011200,41,41670,2026-0,26,209,67031380, 내역_20260825
4167033021,41,41670,2026-0,7,72,25639340, 내역_20260825
4167025021,41,41670,2026-0,21,242,82362700, 내역_20260825
4167036021,41,41670,2026-0,5,59,22904420, 내역_20260825
4146125623,41,41461,2026-0,34,276,99237460, 내역_20260825
4122012800,41,41220,2026-0,928,47611,19540685560, 내역_20260825
4167034521,41,41670,2026-0,10,85,23892240, 내역_20260825
4148011700,41,41480,2026-0,160,1771,514997980, 내역_20260825
1129011400,11,11290,2026-0,24,196,62121540, 내역_20260825
2872038021,28,28720,2026-0,13,98,27743780, 내역_20260825
4122034025,41,41220,2026-0,61,1204,472498600, 내역_20260825
4161033021,41,41610,2026-0,40,429,146678320, 내역_20260825
4159034022,41,41590,2026-0,1,7,2488200, 내역_20260825
4167032032,41,41670,2026-0,13,157,46933280, 내역_20260825
2824511600,28,28245,2026-0,26,132,39679260, 내역_20260825
4159331027,41,41593,2026-0,21,114,40566080, 내역_20260825
4159331025,41,41593,2026-0,27,233,72980060, 내역_20260825
4148032029,41,41480,2026-0,29,274,83191420, 내역_20260825
4150025327,41,41500,2026-0,11,156,51125360, 내역_20260825
2824510500,28,28245,2026-0,38,434,106509800, 내역_20260825
4155013200,41,41550,2026-0,4,68,21853940, 내역_20260825
4159325031,41,41593,2026-0,33,280,87284740, 내역_20260825
4157034028,41,41570,2026-0,23,248,81526840, 내역_20260825
4113310700,41,41133,2026-0,73,655,194485820, 내역_20260825
4161025324,41,41610,2026-0,25,252,77982580, 내역_20260825
4137012400,41,41370,2026-0,49,681,224927160, 내역_20260825
4163011200,41,41630,2026-0,66,594,172459880, 내역_20260825
4157036023,41,41570,2026-0,19,155,50840680, 내역_20260825
4150035029,41,41500,2026-0,3,33,11117740, 내역_20260825
4182032526,41,41820,2026-0,7,42,12461340, 내역_20260825
4150025328,41,41500,2026-0,25,325,93919800, 내역_20260825
4122033026,41,41220,2026-0,27,309,90955740, 내역_20260825
2812514100,28,28125,2026-0,19,171,42919360, 내역_20260825
4150037031,41,41500,2026-0,21,241,97498360, 내역_20260825
4137012100,41,41370,2026-0,143,1538,529121220, 내역_20260825
4155010100,41,41550,2026-0,41,496,150456980, 내역_20260825
4150038029,41,41500,2026-0,6,94,31014440, 내역_20260825
4167035033,41,41670,2026-0,5,68,27430620, 내역_20260825
4183033022,41,41830,2026-0,14,194,68559460, 내역_20260825
1144011600,11,11440,2026-0,4,107,44074240, 내역_20260825
4163010800,41,41630,2026-0,149,1681,480367960, 내역_20260825
4141010900,41,41410,2026-0,36,367,104709140, 내역_20260825
4155012700,41,41550,2026-0,16,86,25931020, 내역_20260825
4150036027,41,41500,2026-0,10,110,38322120, 내역_20260825
4159125030,41,41591,2026-0,103,13631,7993105500, 내역_20260825
4111513600,41,41115,2026-0,49,958,275883780, 내역_20260825
4159710800,41,41597,2026-0,81,3136,758077460, 내역_20260825
4127110800,41,41271,2026-0,51,1220,442123860, 내역_20260825
4150025022,41,41500,2026-0,4,107,28620600, 내역_20260825
4111513700,41,41115,2026-0,41,481,133387120, 내역_20260825
2871031027,28,28710,2026-0,10,115,30607120, 내역_20260825
4167032028,41,41670,2026-0,8,56,19040480, 내역_20260825
4150025021,41,41500,2026-0,34,462,164627820, 내역_20260825
4159325032,41,41593,2026-0,37,396,134954540, 내역_20260825
4155011700,41,41550,2026-0,19,571,202000840, 내역_20260825
4113110600,41,41131,2026-0,22,458,92924680, 내역_20260825
4167036023,41,41670,2026-0,14,220,89973840, 내역_20260825
4155032031,41,41550,2026-0,14,166,52749760, 내역_20260825
4159132030,41,41591,2026-0,37,484,173239500, 내역_20260825
4155036027,41,41550,2026-0,7,80,24035320, 내역_20260825
4122031023,41,41220,2026-0,26,354,131918740, 내역_20260825
4155010900,41,41550,2026-0,10,155,41870240, 내역_20260825
1129011300,11,11290,2026-0,18,228,60730900, 내역_20260825
4165037025,41,41650,2026-0,11,97,30612860, 내역_20260825
4150032028,41,41500,2026-0,50,726,253026300, 내역_20260825
1129011000,11,11290,2026-0,6,91,19481880, 내역_20260825
4159125341,41,41591,2026-0,28,328,116010460, 내역_20260825
2812513100,28,28125,2026-0,6,52,14751340, 내역_20260825
1129010600,11,11290,2026-0,12,133,34703660, 내역_20260825
4159125623,41,41591,2026-0,103,1137,429526460, 내역_20260825
4165033028,41,41650,2026-0,37,482,158553740, 내역_20260825
2871035023,28,28710,2026-0,2,7,1468700, 내역_20260825
2812510800,28,28125,2026-0,5,86,27241020, 내역_20260825
4148032024,41,41480,2026-0,31,478,157931240, 내역_20260825
4146510600,41,41465,2026-0,153,1745,588629960, 내역_20260825
4155034026,41,41550,2026-0,5,42,14066200, 내역_20260825
4137010500,41,41370,2026-0,36,823,195024260, 내역_20260825
4167034529,41,41670,2026-0,11,112,35302720, 내역_20260825
4122025024,41,41220,2026-0,12,106,31306500, 내역_20260825
4183036025,41,41830,2026-0,8,176,64880520, 내역_20260825
2827510300,28,28275,2026-0,22,363,95306240, 내역_20260825
4165025023,41,41650,2026-0,20,155,46633040, 내역_20260825
4148037021,41,41480,2026-0,2,37,15091020, 내역_20260825
4128111600,41,41281,2026-0,37,337,94120400, 내역_20260825
4159125328,41,41591,2026-0,21,170,59183220, 내역_20260825
4180032024,41,41800,2026-0,6,50,16265980, 내역_20260825
4155031027,41,41550,2026-0,8,58,19876920, 내역_20260825
4161025322,41,41610,2026-0,63,708,208314220, 내역_20260825
4122025023,41,41220,2026-0,32,3016,1325151660, 내역_20260825
4183033029,41,41830,2026-0,16,127,43333320, 내역_20260825
4159134023,41,41591,2026-0,18,202,73416620, 내역_20260825
4122025027,41,41220,2026-0,13,99,27726120, 내역_20260825
4150025024,41,41500,2026-0,6,47,18054500, 내역_20260825
4165025027,41,41650,2026-0,45,487,141499840, 내역_20260825
4111513200,41,41115,2026-0,38,1161,375229000, 내역_20260825
4183031024,41,41830,2026-0,13,104,27861880, 내역_20260825
4165036026,41,41650,2026-0,17,230,88446900, 내역_20260825
4167032026,41,41670,2026-0,4,35,11117440, 내역_20260825
4111113200,41,41111,2026-0,104,1492,368035940, 내역_20260825
4167031025,41,41670,2026-0,3,47,10964820, 내역_20260825
4125011100,41,41250,2026-0,14,251,70027060, 내역_20260825
4183039530,41,41830,2026-0,4,35,9641120, 내역_20260825
4183031026,41,41830,2026-0,3,49,15837360, 내역_20260825
1129011600,11,11290,2026-0,30,231,68771220, 내역_20260825
1144011800,11,11440,2026-0,6,98,28358220, 내역_20260825
1111014500,11,11110,2026-0,2,17,4644260, 내역_20260825
4136031024,41,41360,2026-0,1,3,637900, 내역_20260825
2824511300,28,28245,2026-0,14,88,26843660, 내역_20260825
4180033024,41,41800,2026-0,2,79,39036120, 내역_20260825
4159134036,41,41591,2026-0,50,746,268154520, 내역_20260825
2824511400,28,28245,2026-0,22,263,79565060, 내역_20260825
4180036022,41,41800,2026-0,7,38,10334000, 내역_20260825
4155031029,41,41550,2026-0,11,173,58710780, 내역_20260825
4183040026,41,41830,2026-0,7,41,8781100, 내역_20260825
4157035030,41,41570,2026-0,59,773,277243700, 내역_20260825
4146134031,41,41461,2026-0,14,183,61759360, 내역_20260825
1111014200,11,11110,2026-0,22,694,189235720, 내역_20260825
4122031032,41,41220,2026-0,17,589,284633660, 내역_20260825
4150032029,41,41500,2026-0,6,79,26828860, 내역_20260825
4159331023,41,41593,2026-0,14,121,44558280, 내역_20260825
2812512300,28,28125,2026-0,3,102,39033280, 내역_20260825
4146126223,41,41461,2026-0,20,226,79960280, 내역_20260825
4122036026,41,41220,2026-0,1,11,3177520, 내역_20260825
4182025027,41,41820,2026-0,4,29,8389980, 내역_20260825
4159026224,41,41590,2026-0,1,3,826940, 내역_20260825
4182025023,41,41820,2026-0,18,146,47461400, 내역_20260825
4165036024,41,41650,2026-0,10,72,24782120, 내역_20260825
4150032032,41,41500,2026-0,5,47,15019280, 내역_20260825
4150032021,41,41500,2026-0,13,221,67058460, 내역_20260825
4183039529,41,41830,2026-0,7,89,25995480, 내역_20260825
4183032023,41,41830,2026-0,6,36,14784420, 내역_20260825
4159135025,41,41591,2026-0,33,524,199879680, 내역_20260825
4167036035,41,41670,2026-0,12,107,31753020, 내역_20260825
4150031022,41,41500,2026-0,13,205,59313620, 내역_20260825
4180025326,41,41800,2026-0,13,114,34629920, 내역_20260825
4155012100,41,41550,2026-0,15,237,92689760, 내역_20260825
4148037023,41,41480,2026-0,2,26,8680840, 내역_20260825
4113310800,41,41133,2026-0,20,590,169450620, 내역_20260825
4182035021,41,41820,2026-0,7,56,17524500, 내역_20260825
4150010800,41,41500,2026-0,41,327,108381380, 내역_20260825
2871032021,28,28710,2026-0,25,252,74788600, 내역_20260825
2812514400,28,28125,2026-0,10,119,39728220, 내역_20260825
4167025033,41,41670,2026-0,4,69,22470720, 내역_20260825
4122025629,41,41220,2026-0,31,445,137479560, 내역_20260825
4127111100,41,41271,2026-0,64,740,257469280, 내역_20260825
4148025630,41,41480,2026-0,16,302,103178360, 내역_20260825
4155036029,41,41550,2026-0,25,244,86185280, 내역_20260825
4122033022,41,41220,2026-0,24,185,65208240, 내역_20260825
4148025623,41,41480,2026-0,11,122,28721560, 내역_20260825
4183040030,41,41830,2026-0,2,16,4344040, 내역_20260825
4137011800,41,41370,2026-0,28,387,137183140, 내역_20260825
4183041021,41,41830,2026-0,9,80,27074120, 내역_20260825
4155040030,41,41550,2026-0,17,543,214068840, 내역_20260825
4155041029,41,41550,2026-0,10,77,23802400, 내역_20260825
4148038021,41,41480,2026-0,5,26,8756180, 내역_20260825
4167012000,41,41670,2026-0,22,218,64463960, 내역_20260825
4167031024,41,41670,2026-0,4,49,21009960, 내역_20260825
4139012300,41,41390,2026-0,31,237,67417420, 내역_20260825
2871033022,28,28710,2026-0,11,90,27429980, 내역_20260825
2871025023,28,28710,2026-0,9,82,21372740, 내역_20260825
4148037030,41,41480,2026-0,8,56,17254600, 내역_20260825
4136011000,41,41360,2026-0,6,77,31173340, 내역_20260825
4183035028,41,41830,2026-0,6,48,13201640, 내역_20260825
4119510300,41,41195,2026-0,1,66,19575160, 내역_20260825
2871035024,28,28710,2026-0,7,60,14553320, 내역_20260825
2871032026,28,28710,2026-0,8,42,10951680, 내역_20260825
4146125925,41,41461,2026-0,16,196,69758680, 내역_20260825
4159710500,41,41597,2026-0,99,1239,356892840, 내역_20260825
4159025022,41,41590,2026-0,1,5,1855600, 내역_20260825
4167011100,41,41670,2026-0,25,164,45428800, 내역_20260825
4122025022,41,41220,2026-0,25,234,69778200, 내역_20260825
4159125026,41,41591,2026-0,18,217,74018840, 내역_20260825
4182034525,41,41820,2026-0,3,25,8402800, 내역_20260825
2871025026,28,28710,2026-0,11,252,89736740, 내역_20260825
2871025027,28,28710,2026-0,17,246,111879180, 내역_20260825
4122025042,41,41220,2026-0,5,17,5286540, 내역_20260825
4157035026,41,41570,2026-0,3,11,3903260, 내역_20260825
4159333038,41,41593,2026-0,38,787,308263120, 내역_20260825
4155035029,41,41550,2026-0,4,89,33542600, 내역_20260825
2812515100,28,28125,2026-0,6,69,16448980, 내역_20260825
4146110900,41,41461,2026-0,4,58,20650400, 내역_20260825
4113511700,41,41135,2026-0,23,664,293678900, 내역_20260825
4182031035,41,41820,2026-0,3,45,16846640, 내역_20260825
4122025927,41,41220,2026-0,31,495,182949180, 내역_20260825
4159325036,41,41593,2026-0,15,158,50772520, 내역_20260825
4139011700,41,41390,2026-0,8,47,14866500, 내역_20260825
4155012000,41,41550,2026-0,10,160,60266620, 내역_20260825
4150025023,41,41500,2026-0,19,174,59911440, 내역_20260825
4165038021,41,41650,2026-0,16,274,101354560, 내역_20260825
4180032025,41,41800,2026-0,5,118,28317900, 내역_20260825
2871039024,28,28710,2026-0,4,99,30104520, 내역_20260825
4155010300,41,41550,2026-0,11,94,28213080, 내역_20260825
4150036023,41,41500,2026-0,2,30,11838100, 내역_20260825
4155039021,41,41550,2026-0,8,698,277756120, 내역_20260825
1117011500,11,11170,2026-0,12,113,28836120, 내역_20260825
2824510900,28,28245,2026-0,24,399,131538640, 내역_20260825
4182033022,41,41820,2026-0,5,74,21713320, 내역_20260825
4167025027,41,41670,2026-0,19,268,98830320, 내역_20260825
4122033027,41,41220,2026-0,12,92,24547900, 내역_20260825
4150036029,41,41500,2026-0,12,827,305759620, 내역_20260825
4167011300,41,41670,2026-0,7,86,31130680, 내역_20260825
4155039035,41,41550,2026-0,8,117,39521500, 내역_20260825
4159133025,41,41591,2026-0,22,221,78568960, 내역_20260825
4159125025,41,41591,2026-0,18,414,185861880, 내역_20260825
4155025028,41,41550,2026-0,1,8,2010360, 내역_20260825
4155011900,41,41550,2026-0,14,147,34646720, 내역_20260825
4129011000,41,41290,2026-0,11,251,92563560, 내역_20260825
4155035030,41,41550,2026-0,12,73,24056540, 내역_20260825
4159711100,41,41597,2026-0,127,2377,786062760, 내역_20260825
4148025326,41,41480,2026-0,15,438,180027200, 내역_20260825
4150011200,41,41500,2026-0,20,191,71821560, 내역_20260825
4155031026,41,41550,2026-0,11,429,160249860, 내역_20260825
4136036023,41,41360,2026-0,4,45,11081280, 내역_20260825
4155041022,41,41550,2026-0,2,68,19132080, 내역_20260825
4111313000,41,41113,2026-0,13,174,60241340, 내역_20260825
2871031022,28,28710,2026-0,4,17,5694700, 내역_20260825
4183040025,41,41830,2026-0,2,14,2861600, 내역_20260825
4165032026,41,41650,2026-0,11,184,55725320, 내역_20260825
1111017800,11,11110,2026-0,2,24,11937960, 내역_20260825
4163010600,41,41630,2026-0,99,1165,300140200, 내역_20260825
4148025629,41,41480,2026-0,14,103,32444680, 내역_20260825
4155042022,41,41550,2026-0,13,179,66036740, 내역_20260825
4146135026,41,41461,2026-0,8,77,26649160, 내역_20260825
4161025025,41,41610,2026-0,1,4,1274020, 내역_20260825
4167012300,41,41670,2026-0,10,91,29266580, 내역_20260825
1129013100,11,11290,2026-0,12,91,29295360, 내역_20260825
4137011200,41,41370,2026-0,68,1243,417464740, 내역_20260825
4161025621,41,41610,2026-0,1,3,908740, 내역_20260825
4122037024,41,41220,2026-0,3,24,9224280, 내역_20260825
1117011600,11,11170,2026-0,7,49,14165280, 내역_20260825
4167010800,41,41670,2026-0,59,601,170072980, 내역_20260825
4150038025,41,41500,2026-0,4,58,17685940, 내역_20260825
4127311500,41,41273,2026-0,29,192,61790320, 내역_20260825
4150011400,41,41500,2026-0,27,369,121722380, 내역_20260825
4182032523,41,41820,2026-0,11,68,22623520, 내역_20260825
4167037021,41,41670,2026-0,27,249,80319440, 내역_20260825
4150031024,41,41500,2026-0,4,53,15427060, 내역_20260825
2871032027,28,28710,2026-0,14,112,33675660, 내역_20260825
4148025030,41,41480,2026-0,22,193,64383120, 내역_20260825
4113110500,41,41131,2026-0,42,819,302327540, 내역_20260825
4159510800,41,41595,2026-0,52,851,254972540, 내역_20260825
4161034024,41,41610,2026-0,4,43,9559820, 내역_20260825
4167025035,41,41670,2026-0,24,359,132976660, 내역_20260825
4183037029,41,41830,2026-0,4,20,7977440, 내역_20260825
4167012100,41,41670,2026-0,30,271,65979080, 내역_20260825
1114014900,11,11140,2026-0,26,300,86992860, 내역_20260825
4122012400,41,41220,2026-0,104,1417,431968300, 내역_20260825
4159125323,41,41591,2026-0,16,171,59206620, 내역_20260825
4155042026,41,41550,2026-0,12,168,64664960, 내역_20260825
4150025033,41,41500,2026-0,7,62,17585080, 내역_20260825
4167011000,41,41670,2026-0,6,1045,302433380, 내역_20260825
4161037025,41,41610,2026-0,4,469,172448500, 내역_20260825
4125010600,41,41250,2026-0,15,144,35451080, 내역_20260825
4167037028,41,41670,2026-0,6,85,28062640, 내역_20260825
4163032029,41,41630,2026-0,29,254,77868920, 내역_20260825
4143011000,41,41430,2026-0,62,970,437046760, 내역_20260825
4146134028,41,41461,2026-0,91,3829,1798465780, 내역_20260825
4155025022,41,41550,2026-0,13,136,49396260, 내역_20260825
4165038022,41,41650,2026-0,7,50,13363720, 내역_20260825
4167012200,41,41670,2026-0,42,311,85636800, 내역_20260825
4150037032,41,41500,2026-0,29,313,111810880, 내역_20260825
4148025025,41,41480,2026-0,10,341,121825520, 내역_20260825
4163010100,41,41630,2026-0,14,131,40231980, 내역_20260825
4163010300,41,41630,2026-0,97,1236,403890740, 내역_20260825
4119710400,41,41197,2026-0,2,46,12705340, 내역_20260825
2871031021,28,28710,2026-0,8,73,29126220, 내역_20260825
2872033023,28,28720,2026-0,6,29,9876200, 내역_20260825
4148037024,41,41480,2026-0,9,82,23794140, 내역_20260825
4150033027,41,41500,2026-0,4,24,7720040, 내역_20260825
4148037035,41,41480,2026-0,7,58,16551540, 내역_20260825
4122033028,41,41220,2026-0,57,752,260625620, 내역_20260825
4155040028,41,41550,2026-0,9,94,36776340, 내역_20260825
2871032022,28,28710,2026-0,3,39,11701380, 내역_20260825
4155032034,41,41550,2026-0,4,17,4766520, 내역_20260825
2871033024,28,28710,2026-0,18,105,28506220, 내역_20260825
4122025028,41,41220,2026-0,3,18,4617160, 내역_20260825
4183025030,41,41830,2026-0,2,18,5025460, 내역_20260825
4150033026,41,41500,2026-0,8,99,33152440, 내역_20260825
4167011700,41,41670,2026-0,14,351,130563640, 내역_20260825
4183040029,41,41830,2026-0,3,32,10314460, 내역_20260825
4159325033,41,41593,2026-0,20,255,78476060, 내역_20260825
4183041025,41,41830,2026-0,3,72,21000300, 내역_20260825
4183025026,41,41830,2026-0,34,222,61546200, 내역_20260825
4137010700,41,41370,2026-0,43,521,155132920, 내역_20260825
4155013300,41,41550,2026-0,11,114,35643420, 내역_20260825
2872036022,28,28720,2026-0,40,310,99384800, 내역_20260825
4180034021,41,41800,2026-0,4,22,7457620, 내역_20260825
4150038026,41,41500,2026-0,4,48,13303540, 내역_20260825
4122034021,41,41220,2026-0,24,259,78787960, 내역_20260825
4155040026,41,41550,2026-0,32,304,105941740, 내역_20260825
4148032025,41,41480,2026-0,31,509,171201540, 내역_20260825
4167035034,41,41670,2026-0,8,71,18270480, 내역_20260825
4111512000,41,41115,2026-0,7,116,39934680, 내역_20260825
4159125023,41,41591,2026-0,9,172,61169600, 내역_20260825
4136031022,41,41360,2026-0,9,56,14654240, 내역_20260825
4150031025,41,41500,2026-0,6,83,25945140, 내역_20260825
4167025028,41,41670,2026-0,25,580,223396520, 내역_20260825
4165040024,41,41650,2026-0,9,78,27454660, 내역_20260825
4113313200,41,41133,2026-0,44,628,225222040, 내역_20260825
4183038021,41,41830,2026-0,9,98,36029400, 내역_20260825
2824512100,28,28245,2026-0,1,3,400020, 내역_20260825
4180034025,41,41800,2026-0,1,34,9907040, 내역_20260825
4155036032,41,41550,2026-0,11,107,32542020, 내역_20260825
4167035022,41,41670,2026-0,3,47,11614680, 내역_20260825
4183034024,41,41830,2026-0,15,81,21292080, 내역_20260825
1129013000,11,11290,2026-0,10,304,83936320, 내역_20260825
4150037025,41,41500,2026-0,4,84,31142980, 내역_20260825
4167033022,41,41670,2026-0,3,26,10406320, 내역_20260825
4167031031,41,41670,2026-0,5,38,12298520, 내역_20260825
2871041025,28,28710,2026-0,5,79,24944100, 내역_20260825
4167031023,41,41670,2026-0,15,145,57763740, 내역_20260825
4150035034,41,41500,2026-0,7,198,63943740, 내역_20260825
2812514900,28,28125,2026-0,5,29,7615700, 내역_20260825
4182035026,41,41820,2026-0,3,10,2117260, 내역_20260825
4167031027,41,41670,2026-0,5,72,16021780, 내역_20260825
4155025021,41,41550,2026-0,28,652,285782900, 내역_20260825
4163034026,41,41630,2026-0,12,71,22673800, 내역_20260825
4167038024,41,41670,2026-0,3,11,2636440, 내역_20260825
4159012500,41,41590,2026-0,3,26,7525560, 내역_20260825
2824510700,28,28245,2026-0,27,287,90962820, 내역_20260825
4161035024,41,41610,2026-0,3,16,3731840, 내역_20260825
4167025023,41,41670,2026-0,21,269,94737320, 내역_20260825
4183038024,41,41830,2026-0,1,71,25385300, 내역_20260825
4182034528,41,41820,2026-0,13,342,129860520, 내역_20260825
4155033033,41,41550,2026-0,42,1975,923639800, 내역_20260825
2871039025,28,28710,2026-0,2,8,1673300, 내역_20260825
4165034027,41,41650,2026-0,1,50,20536220, 내역_20260825
4183037027,41,41830,2026-0,2,31,8250060, 내역_20260825
4146125930,41,41461,2026-0,43,561,201864940, 내역_20260825
4165037024,41,41650,2026-0,6,135,54764360, 내역_20260825
4183025031,41,41830,2026-0,21,166,48200440, 내역_20260825
4155033024,41,41550,2026-0,9,131,42142960, 내역_20260825
4136025624,41,41360,2026-0,10,96,24659060, 내역_20260825
2815510800,28,28155,2026-0,3,18,6500200, 내역_20260825
4111513400,41,41115,2026-0,53,581,164933700, 내역_20260825
4167032025,41,41670,2026-0,8,49,18298680, 내역_20260825
4148025327,41,41480,2026-0,18,188,60322600, 내역_20260825
4180035021,41,41800,2026-0,4,28,7360000, 내역_20260825
1129012100,11,11290,2026-0,12,87,24183880, 내역_20260825
4125010800,41,41250,2026-0,13,129,38487800, 내역_20260825
4122034029,41,41220,2026-0,5,52,15627480, 내역_20260825
4183036023,41,41830,2026-0,5,35,9148460, 내역_20260825
4111512100,41,41115,2026-0,7,115,41357360, 내역_20260825
4146131021,41,41461,2026-0,1,11,3214420, 내역_20260825
4159125629,41,41591,2026-0,10,70,24275780, 내역_20260825
4161034027,41,41610,2026-0,1,6,2126160, 내역_20260825
4122031028,41,41220,2026-0,6,64,19841760, 내역_20260825
4159042032,41,41590,2026-0,1,63,22957220, 내역_20260825
4183033028,41,41830,2026-0,13,78,24688100, 내역_20260825
2812510600,28,28125,2026-0,19,246,71500740, 내역_20260825
4125010400,41,41250,2026-0,11,283,102722820, 내역_20260825
2812513600,28,28125,2026-0,9,47,13631400, 내역_20260825
4161034025,41,41610,2026-0,11,81,23420680, 내역_20260825
2812511000,28,28125,2026-0,13,74,23954060, 내역_20260825
2812510900,28,28125,2026-0,2,6,1909840, 내역_20260825
2872034021,28,28720,2026-0,9,43,9819580, 내역_20260825
4167032021,41,41670,2026-0,5,38,11396700, 내역_20260825
4137012200,41,41370,2026-0,32,935,296908840, 내역_20260825
4183031022,41,41830,2026-0,10,104,32784540, 내역_20260825
4161025630,41,41610,2026-0,1,3,870660, 내역_20260825
4155032027,41,41550,2026-0,5,68,19455900, 내역_20260825
2872031021,28,28720,2026-0,7,33,6419900, 내역_20260825
4115010800,41,41150,2026-0,9,120,36220240, 내역_20260825
4122037027,41,41220,2026-0,2,10,3805280, 내역_20260825
4163032023,41,41630,2026-0,7,65,19137440, 내역_20260825
4150025325,41,41500,2026-0,2,9,2240300, 내역_20260825
4111512500,41,41115,2026-0,8,237,49391620, 내역_20260825
4129010800,41,41290,2026-0,12,130,38792660, 내역_20260825
4183041024,41,41830,2026-0,2,8,1811860, 내역_20260825
4148036028,41,41480,2026-0,9,93,30240320, 내역_20260825
4167037024,41,41670,2026-0,14,496,145843520, 내역_20260825
4159012900,41,41590,2026-0,3,29,9728920, 내역_20260825
2812513800,28,28125,2026-0,4,307,111281660, 내역_20260825
4165039024,41,41650,2026-0,9,72,26412580, 내역_20260825
4165032024,41,41650,2026-0,41,311,97574120, 내역_20260825
4150034032,41,41500,2026-0,11,562,150972160, 내역_20260825
4136034024,41,41360,2026-0,8,109,33631980, 내역_20260825
4155034030,41,41550,2026-0,2,70,30574880, 내역_20260825
4146126226,41,41461,2026-0,6,70,23013400, 내역_20260825
2812512200,28,28125,2026-0,3,87,30147540, 내역_20260825
2812511700,28,28125,2026-0,3,43,14859000, 내역_20260825
2812511400,28,28125,2026-0,2,15,4719980, 내역_20260825
4155036033,41,41550,2026-0,7,80,31834740, 내역_20260825
2872035028,28,28720,2026-0,2,7,2379240, 내역_20260825
4159125021,41,41591,2026-0,8,49,17364860, 내역_20260825
4148031024,41,41480,2026-0,12,87,25379240, 내역_20260825
4183039521,41,41830,2026-0,10,112,40877460, 내역_20260825
4180032021,41,41800,2026-0,20,285,87760000, 내역_20260825
2812511100,28,28125,2026-0,6,96,34867560, 내역_20260825
4146125026,41,41461,2026-0,2,94,28340200, 내역_20260825
2824512000,28,28245,2026-0,5,80,28989720, 내역_20260825
2871025021,28,28710,2026-0,24,332,120015940, 내역_20260825
2872031022,28,28720,2026-0,2,13,3970160, 내역_20260825
4167034023,41,41670,2026-0,2,44,14524220, 내역_20260825
2871033026,28,28710,2026-0,15,121,35746420, 내역_20260825
2812512600,28,28125,2026-0,3,68,20745960, 내역_20260825
2872031024,28,28720,2026-0,3,69,28203780, 내역_20260825
2871037028,28,28710,2026-0,1,4,1059140, 내역_20260825
2812511300,28,28125,2026-0,3,34,13605400, 내역_20260825
2871040021,28,28710,2026-0,3,30,7484840, 내역_20260825
4167025024,41,41670,2026-0,6,72,21051100, 내역_20260825
4119510900,41,41195,2026-0,1,78,23473400, 내역_20260825
4161032036,41,41610,2026-0,2,111,51356960, 내역_20260825
2871034022,28,28710,2026-0,7,36,10870940, 내역_20260825
2871025029,28,28710,2026-0,2,13,2931920, 내역_20260825
4167036031,41,41670,2026-0,4,28,10218640, 내역_20260825
2812512000,28,28125,2026-0,1,6,1780380, 내역_20260825
2871037021,28,28710,2026-0,2,101,44430260, 내역_20260825
4122025031,41,41220,2026-0,12,115,39556980, 내역_20260825
4159132022,41,41591,2026-0,13,124,42733120, 내역_20260825
4155031033,41,41550,2026-0,11,90,29625980, 내역_20260825
4182025025,41,41820,2026-0,13,110,35945740, 내역_20260825
4122025036,41,41220,2026-0,4,43,14158080, 내역_20260825
4155031039,41,41550,2026-0,4,41,17107460, 내역_20260825
4165034030,41,41650,2026-0,1,42,14148900, 내역_20260825
4165025025,41,41650,2026-0,18,353,88146660, 내역_20260825
2815510500,28,28155,2026-0,31,319,90617180, 내역_20260825
4180031021,41,41800,2026-0,4,25,7279680, 내역_20260825
4155036034,41,41550,2026-0,4,29,9786120, 내역_20260825
4155031038,41,41550,2026-0,9,89,31585940, 내역_20260825
4180025328,41,41800,2026-0,11,93,31245340, 내역_20260825
4161033024,41,41610,2026-0,7,78,19977400, 내역_20260825
4167032022,41,41670,2026-0,4,22,7452060, 내역_20260825
4183033031,41,41830,2026-0,4,28,6992400, 내역_20260825
4119510700,41,41195,2026-0,2,607,88039020, 내역_20260825
4183025022,41,41830,2026-0,24,167,62131600, 내역_20260825
4159036028,41,41590,2026-0,3,32,10342920, 내역_20260825
4122037029,41,41220,2026-0,8,40,12532160, 내역_20260825
4182031021,41,41820,2026-0,32,264,96081840, 내역_20260825
4111512400,41,41115,2026-0,2,26,8035760, 내역_20260825
4183039528,41,41830,2026-0,2,21,5832040, 내역_20260825
4180038021,41,41800,2026-0,3,49,18017020, 내역_20260825
4157032026,41,41570,2026-0,1,12,3388100, 내역_20260825
4155033028,41,41550,2026-0,20,207,68437360, 내역_20260825
4111513000,41,41115,2026-0,18,107,27507220, 내역_20260825
4183039523,41,41830,2026-0,10,78,23538800, 내역_20260825
4180031026,41,41800,2026-0,13,110,36000500, 내역_20260825
4155039032,41,41550,2026-0,7,38,12397260, 내역_20260825
4167025037,41,41670,2026-0,12,109,32110560, 내역_20260825
4155033025,41,41550,2026-0,3,27,11233940, 내역_20260825
4183025029,41,41830,2026-0,5,41,10917540, 내역_20260825
4155034031,41,41550,2026-0,9,369,108576040, 내역_20260825
4183032022,41,41830,2026-0,5,22,7012480, 내역_20260825
4155012900,41,41550,2026-0,25,920,374797260, 내역_20260825
4146135025,41,41461,2026-0,4,64,21341940, 내역_20260825
4155036035,41,41550,2026-0,6,161,62208420, 내역_20260825
4148025626,41,41480,2026-0,11,129,41908880, 내역_20260825
4146133021,41,41461,2026-0,1,12,3408600, 내역_20260825
4155031031,41,41550,2026-0,8,44,14314520, 내역_20260825
4119910300,41,41199,2026-0,1,14,4434740, 내역_20260825
4159711200,41,41597,2026-0,98,4307,2230160720, 내역_20260825
4155040027,41,41550,2026-0,1,9,2483420, 내역_20260825
4157034032,41,41570,2026-0,4,27,9003740, 내역_20260825
2872035022,28,28720,2026-0,11,80,21191380, 내역_20260825
4122025325,41,41220,2026-0,4,17,5581120, 내역_20260825
2812514600,28,28125,2026-0,5,81,26677660, 내역_20260825
4183039527,41,41830,2026-0,3,46,14455840, 내역_20260825
4182033024,41,41820,2026-0,8,51,14903520, 내역_20260825
4155039028,41,41550,2026-0,11,243,99259200, 내역_20260825
4155010500,41,41550,2026-0,10,142,36366120, 내역_20260825
4150025028,41,41500,2026-0,5,39,13627360, 내역_20260825
4165040023,41,41650,2026-0,4,33,8726600, 내역_20260825
2871032024,28,28710,2026-0,3,30,7628260, 내역_20260825
4155033021,41,41550,2026-0,3,19,7842040, 내역_20260825
4155039022,41,41550,2026-0,10,124,43417320, 내역_20260825
4167031029,41,41670,2026-0,1,31,14101380, 내역_20260825
4182033030,41,41820,2026-0,6,44,13644220, 내역_20260825
4180032023,41,41800,2026-0,5,84,29400700, 내역_20260825
4155010200,41,41550,2026-0,8,65,17927620, 내역_20260825
2871033025,28,28710,2026-0,8,52,12906180, 내역_20260825
4150037027,41,41500,2026-0,2,57,21127140, 내역_20260825
4122025021,41,41220,2026-0,10,168,67785520, 내역_20260825
2871031023,28,28710,2026-0,2,8,1958860, 내역_20260825
4167034524,41,41670,2026-0,2,12,3005640, 내역_20260825
4127311000,41,41273,2026-0,13,95,28550200, 내역_20260825
4159034021,41,41590,2026-0,2,36,13463900, 내역_20260825
4155031022,41,41550,2026-0,14,105,36012020, 내역_20260825
4180025023,41,41800,2026-0,1,8,2266940, 내역_20260825
4161035021,41,41610,2026-0,4,19,6193540, 내역_20260825
4159132025,41,41591,2026-0,13,103,35276000, 내역_20260825
4155033027,41,41550,2026-0,8,132,62518100, 내역_20260825
4159125024,41,41591,2026-0,6,47,15478360, 내역_20260825
4148036024,41,41480,2026-0,12,110,30215460, 내역_20260825
2812514800,28,28125,2026-0,7,45,12878520, 내역_20260825
4111313800,41,41113,2026-0,1,19,7459600, 내역_20260825
4155042027,41,41550,2026-0,3,9,2864020, 내역_20260825
4167038026,41,41670,2026-0,2,8,2170800, 내역_20260825
1111013100,11,11110,2026-0,14,140,44166420, 내역_20260825
4122037022,41,41220,2026-0,13,93,34164660, 내역_20260825
4159041026,41,41590,2026-0,1,4,1631800, 내역_20260825
4182035028,41,41820,2026-0,4,26,7779880, 내역_20260825
4155035021,41,41550,2026-0,7,52,16322820, 내역_20260825
4150036030,41,41500,2026-0,6,96,35529680, 내역_20260825
4183035025,41,41830,2026-0,5,28,10716440, 내역_20260825
4183035027,41,41830,2026-0,1,3,930780, 내역_20260825
4167034531,41,41670,2026-0,6,132,50337760, 내역_20260825
4146135028,41,41461,2026-0,5,155,61541920, 내역_20260825
4163032022,41,41630,2026-0,5,53,15088300, 내역_20260825
4111113900,41,41111,2026-0,10,321,109737720, 내역_20260825
1150011200,11,11500,2026-0,5,58,19186120, 내역_20260825
4161034030,41,41610,2026-0,3,25,9655360, 내역_20260825
4161037022,41,41610,2026-0,10,81,26887680, 내역_20260825
4183038022,41,41830,2026-0,3,32,7595340, 내역_20260825
4182034526,41,41820,2026-0,4,44,14295020, 내역_20260825
4167025039,41,41670,2026-0,5,57,17945340, 내역_20260825
4180025323,41,41800,2026-0,2,17,3865800, 내역_20260825
4167034526,41,41670,2026-0,2,32,9079440, 내역_20260825
4183036029,41,41830,2026-0,2,7,2213820, 내역_20260825
4159133031,41,41591,2026-0,15,227,84509880, 내역_20260825
4167033031,41,41670,2026-0,1,3,740120, 내역_20260825
4163034024,41,41630,2026-0,8,64,17330620, 내역_20260825
4150035030,41,41500,2026-0,3,19,7511520, 내역_20260825
4165035026,41,41650,2026-0,2,32,10390000, 내역_20260825
4182025026,41,41820,2026-0,2,8,1998540, 내역_20260825
4122032028,41,41220,2026-0,7,43,14635440, 내역_20260825
4161025636,41,41610,2026-0,1,4,1513680, 내역_20260825
2871037022,28,28710,2026-0,2,11,2343220, 내역_20260825
4146133026,41,41461,2026-0,1,5,2037420, 내역_20260825
4155034032,41,41550,2026-0,7,87,30502360, 내역_20260825
4150025025,41,41500,2026-0,6,46,14082000, 내역_20260825
4167035025,41,41670,2026-0,2,26,8939740, 내역_20260825
4159033022,41,41590,2026-0,2,11,4292780, 내역_20260825
4183041033,41,41830,2026-0,1,3,961180, 내역_20260825
4143010600,41,41430,2026-0,63,435,130149280, 내역_20260825
4159025924,41,41590,2026-0,1,520,259540320, 내역_20260825
4167034522,41,41670,2026-0,6,49,16541020, 내역_20260825
4139012200,41,41390,2026-0,32,248,75788780, 내역_20260825
4167031028,41,41670,2026-0,3,10,3147160, 내역_20260825
4150037028,41,41500,2026-0,11,83,30017220, 내역_20260825
2812514200,28,28125,2026-0,7,45,10354440, 내역_20260825
4150011500,41,41500,2026-0,14,144,34174260, 내역_20260825
4136037021,41,41360,2026-0,1,22,6707100, 내역_20260825
1117012000,11,11170,2026-0,6,45,12237140, 내역_20260825
1114015600,11,11140,2026-0,19,207,81399340, 내역_20260825
4145011700,41,41450,2026-0,8,34,11275540, 내역_20260825
4165034029,41,41650,2026-0,1,8,2477820, 내역_20260825
4183039522,41,41830,2026-0,2,44,13752080, 내역_20260825
4167036025,41,41670,2026-0,2,13,3654820, 내역_20260825
4155039029,41,41550,2026-0,9,73,25729340, 내역_20260825
4155034027,41,41550,2026-0,3,19,7412340, 내역_20260825
4183035023,41,41830,2026-0,6,47,12970700, 내역_20260825
1117011400,11,11170,2026-0,6,33,9178780, 내역_20260825
4161037027,41,41610,2026-0,1,11,4192000, 내역_20260825
1141011500,11,11410,2026-0,1,4,820700, 내역_20260825
4146131024,41,41461,2026-0,1,6,2104780, 내역_20260825
4180031023,41,41800,2026-0,3,62,23246720, 내역_20260825
4167031030,41,41670,2026-0,7,326,160927780, 내역_20260825
4161034021,41,41610,2026-0,9,109,41616920, 내역_20260825
4122025035,41,41220,2026-0,6,33,9442000, 내역_20260825
4150036031,41,41500,2026-0,9,320,119606640, 내역_20260825
4111512600,41,41115,2026-0,8,126,42358660, 내역_20260825
4159710700,41,41597,2026-0,15,327,108117560, 내역_20260825
4111313900,41,41113,2026-0,15,198,93712880, 내역_20260825
4122025040,41,41220,2026-0,16,309,132003040, 내역_20260825
4146136021,41,41461,2026-0,6,143,45757560, 내역_20260825
4122025039,41,41220,2026-0,2,30,10220740, 내역_20260825
4159041032,41,41590,2026-0,2,65,23177300, 내역_20260825
4159013100,41,41590,2026-0,4,113,52311600, 내역_20260825
4146133029,41,41461,2026-0,3,12,4534940, 내역_20260825
4122037025,41,41220,2026-0,10,70,21820920, 내역_20260825
4111512300,41,41115,2026-0,5,214,77004120, 내역_20260825
4167034525,41,41670,2026-0,1,73,32657320, 내역_20260825
4159012000,41,41590,2026-0,2,48,18902000, 내역_20260825
4159135027,41,41591,2026-0,18,149,46220340, 내역_20260825
4146133024,41,41461,2026-0,2,48,18733020, 내역_20260825
4146133028,41,41461,2026-0,1,18,4775640, 내역_20260825
2871038025,28,28710,2026-0,3,42,16260860, 내역_20260825
4119910500,41,41199,2026-0,1,13,3947020, 내역_20260825
4136010900,41,41360,2026-0,2,29,8667140, 내역_20260825
4165039025,41,41650,2026-0,4,29,9818780, 내역_20260825
4180025028,41,41800,2026-0,14,136,39050980, 내역_20260825
4119510500,41,41195,2026-0,1,18,5082000, 내역_20260825
4159012600,41,41590,2026-0,4,534,207091340, 내역_20260825
4136034023,41,41360,2026-0,10,56,13839100, 내역_20260825
4167038022,41,41670,2026-0,9,89,27498860, 내역_20260825
4167033024,41,41670,2026-0,1,25,9551840, 내역_20260825
4165025024,41,41650,2026-0,12,149,41600760, 내역_20260825
4180031027,41,41800,2026-0,10,82,26061600, 내역_20260825
4167036029,41,41670,2026-0,2,41,15887640, 내역_20260825
4167037029,41,41670,2026-0,4,87,35311980, 내역_20260825
4183035022,41,41830,2026-0,4,21,5284580, 내역_20260825
2871034021,28,28710,2026-0,5,54,18243200, 내역_20260825
4167034033,41,41670,2026-0,1,11,3862440, 내역_20260825
4150032027,41,41500,2026-0,8,47,11770320, 내역_20260825
4150037026,41,41500,2026-0,3,39,17528320, 내역_20260825
4182031023,41,41820,2026-0,7,82,24802260, 내역_20260825
4183039028,41,41830,2026-0,1,14,4221520, 내역_20260825
4183036021,41,41830,2026-0,4,37,11925320, 내역_20260825
4163034022,41,41630,2026-0,10,76,20879080, 내역_20260825
4150025030,41,41500,2026-0,2,41,14733180, 내역_20260825
4167025029,41,41670,2026-0,2,12,3529800, 내역_20260825
4180034027,41,41800,2026-0,1,11,2931720, 내역_20260825
4183034022,41,41830,2026-0,11,53,13401020, 내역_20260825
4141010600,41,41410,2026-0,17,196,78401680, 내역_20260825
4159125635,41,41591,2026-0,3,15,7668680, 내역_20260825
4155032021,41,41550,2026-0,2,8,2364580, 내역_20260825
4155034034,41,41550,2026-0,5,61,21967520, 내역_20260825
4157035029,41,41570,2026-0,2,13,3805520, 내역_20260825
4180034023,41,41800,2026-0,5,25,9038560, 내역_20260825
4155039034,41,41550,2026-0,1,17,4476900, 내역_20260825
4155039031,41,41550,2026-0,9,78,26188720, 내역_20260825
4180033026,41,41800,2026-0,1,43,14441360, 내역_20260825
2871034028,28,28710,2026-0,1,4,1446440, 내역_20260825
4167025034,41,41670,2026-0,2,20,5090180, 내역_20260825
4155031036,41,41550,2026-0,4,29,9334000, 내역_20260825
2871032023,28,28710,2026-0,3,21,3193040, 내역_20260825
1111010300,11,11110,2026-0,4,45,12228220, 내역_20260825
4155040022,41,41550,2026-0,10,113,39167640, 내역_20260825
4122032029,41,41220,2026-0,11,83,30717300, 내역_20260825
2871040025,28,28710,2026-0,2,18,4662340, 내역_20260825
4183038023,41,41830,2026-0,1,7,2145740, 내역_20260825
4159040023,41,41590,2026-0,1,7,3090200, 내역_20260825
4155013000,41,41550,2026-0,8,1672,779950120, 내역_20260825
4159010100,41,41590,2026-0,1,38,4227780, 내역_20260825
4155042021,41,41550,2026-0,1,4,1522360, 내역_20260825
4182032527,41,41820,2026-0,4,52,15677980, 내역_20260825
2872036023,28,28720,2026-0,9,60,15715820, 내역_20260825
4122034024,41,41220,2026-0,7,71,35450340, 내역_20260825
2871037025,28,28710,2026-0,1,10,2272980, 내역_20260825
4122025924,41,41220,2026-0,58,533,160494140, 내역_20260825
4167034026,41,41670,2026-0,1,3,722920, 내역_20260825
4113100000,41,41131,2026-0,1,7,1485760, 내역_20260825
4155025024,41,41550,2026-0,1,3,721200, 내역_20260825
4167032034,41,41670,2026-0,10,54,16806340, 내역_20260825
4128112700,41,41281,2026-0,11,66,20696800, 내역_20260825
4146134026,41,41461,2026-0,15,119,37660260, 내역_20260825
4155032033,41,41550,2026-0,3,19,7320160, 내역_20260825
4167032030,41,41670,2026-0,3,24,7214500, 내역_20260825
4148025628,41,41480,2026-0,3,21,7202000, 내역_20260825
4167038027,41,41670,2026-0,5,54,19278380, 내역_20260825
4180035022,41,41800,2026-0,1,5,2529540, 내역_20260825
4150037024,41,41500,2026-0,10,50,18683820, 내역_20260825
4146134030,41,41461,2026-0,4,39,16977760, 내역_20260825
4146134032,41,41461,2026-0,4,26,6016740, 내역_20260825
4122037026,41,41220,2026-0,6,106,39188420, 내역_20260825
4113110900,41,41131,2026-0,10,295,76623960, 내역_20260825
2824511800,28,28245,2026-0,7,57,15029020, 내역_20260825
4183040033,41,41830,2026-0,2,10,2873580, 내역_20260825
4167011600,41,41670,2026-0,3,24,7653020, 내역_20260825
4183039526,41,41830,2026-0,4,17,4237480, 내역_20260825
4161034023,41,41610,2026-0,3,48,16555940, 내역_20260825
4183025023,41,41830,2026-0,5,40,13203320, 내역_20260825
2815510700,28,28155,2026-0,12,101,29578480, 내역_20260825
4155034036,41,41550,2026-0,1,6,2411520, 내역_20260825
4150025334,41,41500,2026-0,7,67,22855900, 내역_20260825
4155039025,41,41550,2026-0,15,103,32679760, 내역_20260825
4163025027,41,41630,2026-0,17,192,49682000, 내역_20260825
4113511800,41,41135,2026-0,4,41,13649660, 내역_20260825
4183037023,41,41830,2026-0,1,18,4196200, 내역_20260825
4155034024,41,41550,2026-0,3,32,10081580, 내역_20260825
2871036023,28,28710,2026-0,5,33,8748240, 내역_20260825
4183037024,41,41830,2026-0,4,42,12569900, 내역_20260825
4150025032,41,41500,2026-0,4,89,30226700, 내역_20260825
4180025026,41,41800,2026-0,3,56,16266960, 내역_20260825
2871038024,28,28710,2026-0,2,14,4189560, 내역_20260825
4167038023,41,41670,2026-0,10,86,27983900, 내역_20260825
2871039022,28,28710,2026-0,2,14,3190080, 내역_20260825
4183033030,41,41830,2026-0,1,19,5781320, 내역_20260825
1156013100,11,11560,2026-0,3,20,7620580, 내역_20260825
4159035021,41,41590,2026-0,1,9,3727060, 내역_20260825
2812515000,28,28125,2026-0,1,13,3939100, 내역_20260825
4146133022,41,41461,2026-0,2,31,12358740, 내역_20260825
4165034032,41,41650,2026-0,4,22,5778080, 내역_20260825
2871035027,28,28710,2026-0,7,45,10258140, 내역_20260825
4155031034,41,41550,2026-0,5,19,5008880, 내역_20260825
4159125632,41,41591,2026-0,2,8,2492860, 내역_20260825
4150038028,41,41500,2026-0,3,26,8877960, 내역_20260825
4122032026,41,41220,2026-0,4,24,7078980, 내역_20260825
4148037028,41,41480,2026-0,3,11,3644220, 내역_20260825
2812514700,28,28125,2026-0,6,52,15721700, 내역_20260825
4165037026,41,41650,2026-0,11,87,27403260, 내역_20260825
4183040022,41,41830,2026-0,6,65,18747520, 내역_20260825
4155011600,41,41550,2026-0,6,26,6485020, 내역_20260825
4182025024,41,41820,2026-0,1,5,1308140, 내역_20260825
4128111500,41,41281,2026-0,2,9,2744040, 내역_20260825
4155039024,41,41550,2026-0,4,26,9891040, 내역_20260825
4111512700,41,41115,2026-0,5,49,12533120, 내역_20260825
4155035022,41,41550,2026-0,1,3,997500, 내역_20260825
4183041026,41,41830,2026-0,5,23,8648440, 내역_20260825
4150033028,41,41500,2026-0,2,10,4053820, 내역_20260825
4122025025,41,41220,2026-0,5,24,7381020, 내역_20260825
4122034027,41,41220,2026-0,5,56,18882200, 내역_20260825
4139013300,41,41390,2026-0,11,82,23963340, 내역_20260825
4145010400,41,41450,2026-0,7,54,21823580, 내역_20260825
4145011200,41,41450,2026-0,22,262,69426700, 내역_20260825
4157036026,41,41570,2026-0,3,11,2683380, 내역_20260825
4167036030,41,41670,2026-0,4,31,10719560, 내역_20260825
2871039027,28,28710,2026-0,4,48,9007940, 내역_20260825
4183038028,41,41830,2026-0,2,7,2075220, 내역_20260825
4155041021,41,41550,2026-0,3,21,10774360, 내역_20260825
2872037022,28,28720,2026-0,1,6,1885520, 내역_20260825
4180035026,41,41800,2026-0,2,7,2036080, 내역_20260825
4161034029,41,41610,2026-0,3,42,9782400, 내역_20260825
4167035032,41,41670,2026-0,1,3,607140, 내역_20260825
2871033023,28,28710,2026-0,1,3,1145960, 내역_20260825
4180031024,41,41800,2026-0,2,13,4736320, 내역_20260825
4180025325,41,41800,2026-0,1,30,7148920, 내역_20260825
4122037032,41,41220,2026-0,1,4,1083720, 내역_20260825
4183033023,41,41830,2026-0,4,34,10096980, 내역_20260825
4183040031,41,41830,2026-0,5,60,15540940, 내역_20260825
4150035032,41,41500,2026-0,2,11,2967240, 내역_20260825
4163032030,41,41630,2026-0,1,4,1306600, 내역_20260825
4159034023,41,41590,2026-0,4,20,7943420, 내역_20260825
4159332023,41,41593,2026-0,4,35,12812240, 내역_20260825
2871036024,28,28710,2026-0,1,5,1144920, 내역_20260825
2871034029,28,28710,2026-0,2,9,2174760, 내역_20260825
4182031024,41,41820,2026-0,3,47,13970800, 내역_20260825
4146132028,41,41461,2026-0,1,3,1619340, 내역_20260825
4148025024,41,41480,2026-0,4,45,7876280, 내역_20260825
4183036026,41,41830,2026-0,2,8,2734600, 내역_20260825
4161037028,41,41610,2026-0,3,26,5614120, 내역_20260825
4183037025,41,41830,2026-0,2,26,8823600, 내역_20260825
4161025931,41,41610,2026-0,4,16,5262400, 내역_20260825
4159013900,41,41590,2026-0,3,19,8648240, 내역_20260825
4111512900,41,41115,2026-0,14,213,50986160, 내역_20260825
2871041023,28,28710,2026-0,1,3,867040, 내역_20260825
4180034024,41,41800,2026-0,2,6,1966660, 내역_20260825
4180035023,41,41800,2026-0,1,8,2413200, 내역_20260825
4159025925,41,41590,2026-0,1,7,2268740, 내역_20260825
4159037023,41,41590,2026-0,1,3,1724900, 내역_20260825
4180031025,41,41800,2026-0,3,12,4031920, 내역_20260825
4183034023,41,41830,2026-0,14,88,26357480, 내역_20260825
4167035036,41,41670,2026-0,3,22,6940380, 내역_20260825
2871034027,28,28710,2026-0,3,24,6022920, 내역_20260825
4182031027,41,41820,2026-0,5,27,8535960, 내역_20260825
2871039026,28,28710,2026-0,6,53,13395880, 내역_20260825
4122025032,41,41220,2026-0,23,168,62177360, 내역_20260825
4127311300,41,41273,2026-0,5,66,20278960, 내역_20260825
4167037022,41,41670,2026-0,5,83,34245340, 내역_20260825
4182031030,41,41820,2026-0,13,69,27879840, 내역_20260825
2871034024,28,28710,2026-0,1,22,3594640, 내역_20260825
4159710900,41,41597,2026-0,58,803,228877740, 내역_20260825
4167034527,41,41670,2026-0,1,14,5202320, 내역_20260825
4159033021,41,41590,2026-0,1,4,1473880, 내역_20260825
4167033027,41,41670,2026-0,1,7,593120, 내역_20260825
4182031028,41,41820,2026-0,2,17,3351940, 내역_20260825
4167037027,41,41670,2026-0,9,85,30482940, 내역_20260825
4165040022,41,41650,2026-0,1,37,14838980, 내역_20260825
4136026222,41,41360,2026-0,2,14,5288200, 내역_20260825
2812511600,28,28125,2026-0,2,8,2739380, 내역_20260825
4182035027,41,41820,2026-0,2,7,1837440, 내역_20260825
4159026221,41,41590,2026-0,4,17,7946280, 내역_20260825
4183035024,41,41830,2026-0,1,3,1410920, 내역_20260825
4182035023,41,41820,2026-0,3,10,3011340, 내역_20260825
4159133032,41,41591,2026-0,3,36,8540160, 내역_20260825
4155031037,41,41550,2026-0,1,3,1211520, 내역_20260825
4159026232,41,41590,2026-0,1,6,1038620, 내역_20260825
1129010500,11,11290,2026-0,5,46,13645440, 내역_20260825
4122025034,41,41220,2026-0,6,19,4697800, 내역_20260825
4159033023,41,41590,2026-0,1,7,2046940, 내역_20260825
4159042030,41,41590,2026-0,1,29,11370060, 내역_20260825
4150034033,41,41500,2026-0,2,17,4224760, 내역_20260825
2871037027,28,28710,2026-0,1,15,3175740, 내역_20260825
4167035038,41,41670,2026-0,4,88,35249620, 내역_20260825
4137011900,41,41370,2026-0,12,115,31652500, 내역_20260825
4155010600,41,41550,2026-0,2,9,1895140, 내역_20260825
4180036023,41,41800,2026-0,2,18,5109080, 내역_20260825
4159040022,41,41590,2026-0,1,6,1364460, 내역_20260825
4183033025,41,41830,2026-0,4,64,23598420, 내역_20260825
4150038030,41,41500,2026-0,1,11,3098200, 내역_20260825
1111017900,11,11110,2026-0,4,34,9938120, 내역_20260825
4155039023,41,41550,2026-0,1,10,3818480, 내역_20260825
4183032025,41,41830,2026-0,1,4,1563480, 내역_20260825
4122025037,41,41220,2026-0,2,6,1723640, 내역_20260825
4182033027,41,41820,2026-0,2,8,2126320, 내역_20260825
4150025031,41,41500,2026-0,2,16,4487140, 내역_20260825
2871040026,28,28710,2026-0,1,4,686520, 내역_20260825
4182031032,41,41820,2026-0,5,19,5320280, 내역_20260825
4146132022,41,41461,2026-0,1,3,1021120, 내역_20260825
4150033029,41,41500,2026-0,2,16,5923260, 내역_20260825
4165031025,41,41650,2026-0,2,13,2604140, 내역_20260825
4122025033,41,41220,2026-0,1,3,772240, 내역_20260825
4167033030,41,41670,2026-0,1,5,1867180, 내역_20260825
4159013500,41,41590,2026-0,2,53,14716240, 내역_20260825
4159034025,41,41590,2026-0,2,33,11081700, 내역_20260825
4167031032,41,41670,2026-0,1,33,9717480, 내역_20260825
4161035023,41,41610,2026-0,1,6,1862540, 내역_20260825
4150025026,41,41500,2026-0,1,10,2582620, 내역_20260825
4159325022,41,41593,2026-0,8,95,24540940, 내역_20260825
4122025030,41,41220,2026-0,1,10,1749260, 내역_20260825
4182031029,41,41820,2026-0,2,14,3234500, 내역_20260825
1114017200,11,11140,2026-0,4,29,8214000, 내역_20260825
4159025937,41,41590,2026-0,1,4,1207220, 내역_20260825
2812513700,28,28125,2026-0,2,246,73499360, 내역_20260825
4182033025,41,41820,2026-0,4,54,17544920, 내역_20260825
4125010500,41,41250,2026-0,5,74,33572840, 내역_20260825
4180034022,41,41800,2026-0,1,3,815380, 내역_20260825
4182025030,41,41820,2026-0,1,47,27795340, 내역_20260825
4122025043,41,41220,2026-0,1,6,1834400, 내역_20260825
4182025033,41,41820,2026-0,5,41,15341340, 내역_20260825
4155032029,41,41550,2026-0,1,14,4149560, 내역_20260825
4136036021,41,41360,2026-0,2,24,9276060, 내역_20260825
4157036032,41,41570,2026-0,1,8,2747740, 내역_20260825
4167036027,41,41670,2026-0,1,8,551600, 내역_20260825
2871034026,28,28710,2026-0,1,3,1175980, 내역_20260825
4159132027,41,41591,2026-0,1,25,8942800, 내역_20260825
4159035024,41,41590,2026-0,1,9,3600840, 내역_20260825
4159026222,41,41590,2026-0,1,5,1493460, 내역_20260825
4167033026,41,41670,2026-0,1,76,18160500, 내역_20260825
4111513100,41,41115,2026-0,9,72,18057640, 내역_20260825
4159332022,41,41593,2026-0,2,12,4997960, 내역_20260825
4159026233,41,41590,2026-0,2,9,4560020, 내역_20260825
4159125633,41,41591,2026-0,2,17,5647400, 내역_20260825
4159026229,41,41590,2026-0,1,3,1261480, 내역_20260825
4155025027,41,41550,2026-0,3,33,7729100, 내역_20260825
4167031033,41,41670,2026-0,1,8,1721520, 내역_20260825
4159125600,41,41591,2026-0,1,3,865340, 내역_20260825
4182025034,41,41820,2026-0,3,19,5093620, 내역_20260825
4119012100,41,41190,2026-0,1,7,1012220, 내역_20260825
4122037023,41,41220,2026-0,49,497,181713740, 내역_20260825
4159025934,41,41590,2026-0,1,9,2735080, 내역_20260825
4159025929,41,41590,2026-0,1,5,1740280, 내역_20260825
2871035022,28,28710,2026-0,1,4,1147940, 내역_20260825
4183040028,41,41830,2026-0,1,7,459260, 내역_20260825
4180034028,41,41800,2026-0,1,4,1130560, 내역_20260825
4182031026,41,41820,2026-0,2,8,2486120, 내역_20260825
4159133026,41,41591,2026-0,2,14,5245720, 내역_20260825
4159710400,41,41597,2026-0,25,206,82870640, 내역_20260825
2872035023,28,28720,2026-0,1,3,630860, 내역_20260825
4122034022,41,41220,2026-0,2,21,6011020, 내역_20260825
4183038025,41,41830,2026-0,1,26,11770100, 내역_20260825
2829010200,28,28290,2026-0,1,3,841280, 내역_20260825
2812511500,28,28125,2026-0,1,4,1639580, 내역_20260825
4155042025,41,41550,2026-0,1,19,6496720, 내역_20260825
4180036025,41,41800,2026-0,1,5,1176740, 내역_20260825
4119010300,41,41190,2026-0,1,4,1747100, 내역_20260825
4183036024,41,41830,2026-0,2,8,1182820, 내역_20260825
4148037036,41,41480,2026-0,2,4,984180, 내역_20260825
4180025024,41,41800,2026-0,1,4,1420900, 내역_20260825
4128110800,41,41281,2026-0,2,11,2544740, 내역_20260825
4122033029,41,41220,2026-0,18,1488,668928360, 내역_20260825
4155031032,41,41550,2026-0,2,6,2554900, 내역_20260825
4148037034,41,41480,2026-0,2,47,13306880, 내역_20260825
4183031025,41,41830,2026-0,1,3,733200, 내역_20260825
4165040021,41,41650,2026-0,2,7,1612020, 내역_20260825
2829012100,28,28290,2026-0,2,21,4816620, 내역_20260825
4159014000,41,41590,2026-0,1,3,908200, 내역_20260825
4159125340,41,41591,2026-0,3,32,6304400, 내역_20260825
4119012400,41,41190,2026-0,2,14,6138200, 내역_20260825
4155010800,41,41550,2026-0,1,8,2321180, 내역_20260825
4122037031,41,41220,2026-0,1,15,4573800, 내역_20260825
4159013800,41,41590,2026-0,1,14,4424240, 내역_20260825
4155041025,41,41550,2026-0,1,3,994520, 내역_20260825
4119011500,41,41190,2026-0,1,17,6378480, 내역_20260825
4167036028,41,41670,2026-0,1,9,3869860, 내역_20260825
4183036022,41,41830,2026-0,2,6,2024980, 내역_20260825
4159025332,41,41590,2026-0,1,4,1726800, 내역_20260825
4167036034,41,41670,2026-0,1,7,1406700, 내역_20260825
4161035027,41,41610,2026-0,1,3,624040, 내역_20260825
4136036026,41,41360,2026-0,1,3,782200, 내역_20260825
4155032028,41,41550,2026-0,3,18,7413620, 내역_20260825
4159026223,41,41590,2026-0,2,9,3220480, 내역_20260825
4183041023,41,41830,2026-0,1,5,1054500, 내역_20260825
4150025027,41,41500,2026-0,1,4,710960, 내역_20260825
4155036030,41,41550,2026-0,1,3,195860, 내역_20260825
4159031023,41,41590,2026-0,2,12,5806540, 내역_20260825
4183039524,41,41830,2026-0,1,6,1596900, 내역_20260825
4167037026,41,41670,2026-0,1,5,1511420, 내역_20260825
4182031031,41,41820,2026-0,2,11,4934060, 내역_20260825
4180036021,41,41800,2026-0,9,58,20117260, 내역_20260825
4167031034,41,41670,2026-0,1,4,1668360, 내역_20260825
4122032030,41,41220,2026-0,6,89,37365120, 내역_20260825
4167033029,41,41670,2026-0,1,4,1123740, 내역_20260825
4180031022,41,41800,2026-0,1,6,1090120, 내역_20260825
2871034025,28,28710,2026-0,1,12,2493920, 내역_20260825
4159033026,41,41590,2026-0,1,9,3132380, 내역_20260825
4148037029,41,41480,2026-0,2,10,2562860, 내역_20260825
4146136027,41,41461,2026-0,1,3,1338800, 내역_20260825
4161035025,41,41610,2026-0,1,32,7497820, 내역_20260825
4167035029,41,41670,2026-0,1,6,1760980, 내역_20260825
4159040026,41,41590,2026-0,3,22,8257300, 내역_20260825
4159041023,41,41590,2026-0,1,14,5929960, 내역_20260825
4167033023,41,41670,2026-0,1,5,1383240, 내역_20260825
4159041025,41,41590,2026-0,1,4,1346880, 내역_20260825
4155036024,41,41550,2026-0,4,18,8423280, 내역_20260825
4122037028,41,41220,2026-0,1,4,465180, 내역_20260825
4159036030,41,41590,2026-0,1,6,2315120, 내역_20260825
2871040030,28,28710,2026-0,1,4,891820, 내역_20260825
4159036024,41,41590,2026-0,3,14,6514080, 내역_20260825
4159013300,41,41590,2026-0,2,23,5949760, 내역_20260825
2872034022,28,28720,2026-0,1,3,1294360, 내역_20260825
1117013400,11,11170,2026-0,1,27,9702440, 내역_20260825
2871036022,28,28710,2026-0,1,8,1823000, 내역_20260825
4127311400,41,41273,2026-0,2,8,2807220, 내역_20260825
4159032024,41,41590,2026-0,1,10,3863420, 내역_20260825
4148038024,41,41480,2026-0,3,11,3905220, 내역_20260825
4159025330,41,41590,2026-0,1,7,2930740, 내역_20260825
4146136022,41,41461,2026-0,1,3,1721560, 내역_20260825
4159025322,41,41590,2026-0,1,12,3982340, 내역_20260825
4159011900,41,41590,2026-0,1,4,1242660, 내역_20260825
4159031021,41,41590,2026-0,1,3,1491860, 내역_20260825
4159035025,41,41590,2026-0,1,4,1994040, 내역_20260825
4111113800,41,41111,2026-0,1,4,837880, 내역_20260825
2871042024,28,28710,2026-0,1,3,688740, 내역_20260825
4183031027,41,41830,2026-0,1,5,1373680, 내역_20260825
4146136029,41,41461,2026-0,1,6,1986320, 내역_20260825
4167010500,41,41670,2026-0,1,3,1526260, 내역_20260825
1156013400,11,11560,2026-0,1,5,1510460, 내역_20260825
4159132028,41,41591,2026-0,2,11,4975440, 내역_20260825
4155032024,41,41550,2026-0,1,3,617500, 내역_20260825
4182035024,41,41820,2026-0,1,3,783260, 내역_20260825
4155033022,41,41550,2026-0,1,4,1128600, 내역_20260825
4165036025,41,41650,2026-0,1,3,981520, 내역_20260825
4159132029,41,41591,2026-0,1,4,1281820, 내역_20260825
4155032032,41,41550,2026-0,1,5,1873380, 내역_20260825
4148041024,41,41480,2026-0,1,3,659380, 내역_20260825
4165039026,41,41650,2026-0,1,3,881580, 내역_20260825
4180038023,41,41800,2026-0,1,3,1617640, 내역_20260825
4155032023,41,41550,2026-0,1,5,2137500, 내역_20260825
4148040023,41,41480,2026-0,1,3,608940, 내역_20260825
1114012500,11,11140,2023-0,126,2749,833428580, 내역_20230619
1114011700,11,11140,2023-0,78,8197,2950458280, 내역_20230619
1117010100,11,11170,2023-0,102,2140,570754840, 내역_20230619
1111012400,11,11110,2023-0,201,15861,4856514040, 내역_20230619
1114010400,11,11140,2023-0,69,14244,6323349600, 내역_20230619
1156011000,11,11560,2023-0,3136,279187,112425917380, 내역_20230619
1154510100,11,11545,2023-0,6978,124377,36286181760, 내역_20230619
1168010600,11,11680,2023-0,2166,82628,28644110740, 내역_20230619
1168010700,11,11680,2023-0,2138,36754,10411947100, 내역_20230619
1114011100,11,11140,2023-0,145,17881,6485529740, 내역_20230619
1162010300,11,11620,2023-0,130,3140,736412320, 내역_20230619
1114017100,11,11140,2023-0,138,4205,1335314240, 내역_20230619
1168010100,11,11680,2023-0,6397,212508,72166313320, 내역_20230619
1135010300,11,11350,2023-0,451,8890,2183845760, 내역_20230619
1174010200,11,11740,2023-0,174,2709,870514860, 내역_20230619
1168010500,11,11680,2023-0,3471,130218,41957391340, 내역_20230619
1111016400,11,11110,2023-0,159,1671,455838040, 내역_20230619
1168010400,11,11680,2023-0,1367,32869,10574243240, 내역_20230619
1144011100,11,11440,2023-0,197,2856,723623420, 내역_20230619
1111013800,11,11110,2023-0,44,18979,4379931060, 내역_20230619
4167038021,41,41670,2023-0,20,238,64394160, 내역_20230619
1114015100,11,11140,2023-0,42,309,86154280, 내역_20230619
2820011100,28,28200,2023-0,1999,34821,10376289080, 내역_20230619
1165010700,11,11650,2023-0,878,20712,6555878780, 내역_20230619
4182025022,41,41820,2023-0,66,840,249132020, 내역_20230619
4129010600,41,41290,2023-0,73,5725,1106135640, 내역_20230619
1150010500,11,11500,2023-0,2551,74261,25713143840, 내역_20230619
1154510200,11,11545,2023-0,790,16623,4439406920, 내역_20230619
1171011100,11,11710,2023-0,924,17933,5752714660, 내역_20230619
1168010800,11,11680,2023-0,4125,89783,26868808120, 내역_20230619
1174010600,11,11740,2023-0,258,7274,2448632900, 내역_20230619
1121510500,11,11215,2023-0,541,10624,3088155700, 내역_20230619
1123010100,11,11230,2023-0,194,4262,1086850360, 내역_20230619
1174011000,11,11740,2023-0,103,2088,634181760, 내역_20230619
1120011500,11,11200,2023-0,2826,66981,18315563040, 내역_20230619
1121510100,11,11215,2023-0,496,7722,2095201520, 내역_20230619
4161033028,41,41610,2023-0,146,1803,490365920, 내역_20230619
1123010200,11,11230,2023-0,398,8465,2762175220, 내역_20230619
4159036030,41,41590,2023-0,116,1309,393155640, 내역_20230619
1123010800,11,11230,2023-0,97,3286,626053220, 내역_20230619
4183025026,41,41830,2023-0,30,169,37993740, 내역_20230619
1123010600,11,11230,2023-0,769,8397,2216345960, 내역_20230619
1120010700,11,11200,2023-0,201,2723,670889160, 내역_20230619
1126010600,11,11260,2023-0,487,7121,1957578700, 내역_20230619
1123010500,11,11230,2023-0,330,3826,1005018000, 내역_20230619
4127310400,41,41273,2023-0,1548,36230,12052403600, 내역_20230619
4163033021,41,41630,2023-0,168,1977,548202760, 내역_20230619
1123010400,11,11230,2023-0,235,3258,803534760, 내역_20230619
1165010200,11,11650,2023-0,2233,128684,52319628740, 내역_20230619
2826011200,28,28260,2023-0,1400,23590,7070297140, 내역_20230619
1168011400,11,11680,2023-0,190,9832,3836177600, 내역_20230619
1165010800,11,11650,2023-0,5467,159247,50320437960, 내역_20230619
1171010700,11,11710,2023-0,1914,23633,6853028100, 내역_20230619
1114014700,11,11140,2023-0,83,12351,4783099080, 내역_20230619
1111012900,11,11110,2023-0,39,1538,527877800, 내역_20230619
1114014400,11,11140,2023-0,95,5347,1651119900, 내역_20230619
1114010300,11,11140,2023-0,282,7773,2901611060, 내역_20230619
1114012300,11,11140,2023-0,26,201,52028120, 내역_20230619
1114010800,11,11140,2023-0,123,9105,3997762680, 내역_20230619
4150034024,41,41500,2023-0,22,313,84949940, 내역_20230619
1114013200,11,11140,2023-0,86,1157,352184940, 내역_20230619
1114016600,11,11140,2023-0,195,9714,3072367440, 내역_20230619
1114010700,11,11140,2023-0,20,1365,554024280, 내역_20230619
1153010200,11,11530,2023-0,4370,91623,26556674400, 내역_20230619
1168011800,11,11680,2023-0,961,32639,9594672640, 내역_20230619
1114015800,11,11140,2023-0,114,6104,1690205060, 내역_20230619
1114015900,11,11140,2023-0,65,3782,955181940, 내역_20230619
1114016100,11,11140,2023-0,96,5756,1996519380, 내역_20230619
1150010700,11,11500,2023-0,175,1934,533485320, 내역_20230619
4127310700,41,41273,2023-0,450,8685,2537464820, 내역_20230619
1120011400,11,11200,2023-0,1794,29624,8871376960, 내역_20230619
4159033022,41,41590,2023-0,63,595,171982980, 내역_20230619
4155038025,41,41550,2023-0,40,920,278077140, 내역_20230619
1126010200,11,11260,2023-0,211,4554,1449180840, 내역_20230619
1171010300,11,11710,2023-0,172,11230,4613300960, 내역_20230619
1130510100,11,11305,2023-0,296,3161,778761540, 내역_20230619
1174010700,11,11740,2023-0,204,2821,685888980, 내역_20230619
1126010100,11,11260,2023-0,359,4502,1168570660, 내역_20230619
1129012600,11,11290,2023-0,15,152,41561880, 내역_20230619
1132010800,11,11320,2023-0,208,3291,770935280, 내역_20230619
4145011500,41,41450,2023-0,84,1030,306624540, 내역_20230619
4146132024,41,41461,2023-0,33,523,154133800, 내역_20230619
4145010800,41,41450,2023-0,901,10292,3162169500, 내역_20230619
1156011800,11,11560,2023-0,92,669,169834040, 내역_20230619
1165010100,11,11650,2023-0,1819,36176,11067670540, 내역_20230619
1126010500,11,11260,2023-0,205,2885,772038640, 내역_20230619
1165010300,11,11650,2023-0,141,3051,1041970220, 내역_20230619
4161025936,41,41610,2023-0,92,1427,407938820, 내역_20230619
4157025325,41,41570,2023-0,162,3119,886581740, 내역_20230619
1111018300,11,11110,2023-0,72,787,213293000, 내역_20230619
4113510700,41,41135,2023-0,893,25784,8112839120, 내역_20230619
1144010500,11,11440,2023-0,127,1519,411600580, 내역_20230619
1141011800,11,11410,2023-0,140,2439,586136220, 내역_20230619
1114013700,11,11140,2023-0,57,3116,930297240, 내역_20230619
1159010100,11,11590,2023-0,204,2430,649898540, 내역_20230619
1111010600,11,11110,2023-0,49,727,195140900, 내역_20230619
1111012600,11,11110,2023-0,147,8081,3297039860, 내역_20230619
1114016000,11,11140,2023-0,50,531,141144920, 내역_20230619
1138010100,11,11380,2023-0,87,1097,334923840, 내역_20230619
1147010200,11,11470,2023-0,704,15165,4733855180, 내역_20230619
1111015900,11,11110,2023-0,70,2967,1067839960, 내역_20230619
1111012800,11,11110,2023-0,79,1482,457758880, 내역_20230619
1111014400,11,11110,2023-0,16,178,41916420, 내역_20230619
1114011800,11,11140,2023-0,277,33342,13004681780, 내역_20230619
1117012500,11,11170,2023-0,648,21918,8690174000, 내역_20230619
1114011300,11,11140,2023-0,71,2502,647042360, 내역_20230619
1156012700,11,11560,2023-0,449,14107,3798141400, 내역_20230619
1171010600,11,11710,2023-0,236,3045,839935860, 내역_20230619
1123010900,11,11230,2023-0,134,3056,780470940, 내역_20230619
1171011200,11,11710,2023-0,350,5422,1527923000, 내역_20230619
4127310600,41,41273,2023-0,573,17063,5893723220, 내역_20230619
4159036021,41,41590,2023-0,125,4281,1600160340, 내역_20230619
1121510200,11,11215,2023-0,159,2080,551346260, 내역_20230619
1147010300,11,11470,2023-0,438,5013,1272036840, 내역_20230619
4155025023,41,41550,2023-0,20,196,60251340, 내역_20230619
1150010200,11,11500,2023-0,871,38547,9997059240, 내역_20230619
4150025330,41,41500,2023-0,169,37184,17211250500, 내역_20230619
1156013000,11,11560,2023-0,86,1075,292476880, 내역_20230619
1132010500,11,11320,2023-0,206,3563,950947320, 내역_20230619
1144012700,11,11440,2023-0,950,40546,13213965260, 내역_20230619
1171010200,11,11710,2023-0,545,105748,33194211680, 내역_20230619
1123010700,11,11230,2023-0,98,1964,572104220, 내역_20230619
1123010300,11,11230,2023-0,213,1996,485959460, 내역_20230619
4163033027,41,41630,2023-0,72,905,240858000, 내역_20230619
1120010300,11,11200,2023-0,53,719,187711080, 내역_20230619
1171010500,11,11710,2023-0,374,4499,1174632600, 내역_20230619
4161033025,41,41610,2023-0,44,517,140907720, 내역_20230619
4165032022,41,41650,2023-0,44,506,130953460, 내역_20230619
2826011900,28,28260,2023-0,846,12162,3300410820, 내역_20230619
1117013100,11,11170,2023-0,603,13167,4319475260, 내역_20230619
4148011500,41,41480,2023-0,357,9835,2904589480, 내역_20230619
4121010600,41,41210,2023-0,754,16032,5247296320, 내역_20230619
4159025324,41,41590,2023-0,191,1920,581376020, 내역_20230619
1111011600,11,11110,2023-0,22,2071,611208020, 내역_20230619
1114014300,11,11140,2023-0,83,1154,359045160, 내역_20230619
1111011400,11,11110,2023-0,34,2488,514597040, 내역_20230619
1114010500,11,11140,2023-0,152,43068,17190184120, 내역_20230619
1156013300,11,11560,2023-0,343,6132,1846841420, 내역_20230619
1111018400,11,11110,2023-0,37,1117,222084200, 내역_20230619
1114015400,11,11140,2023-0,65,498,140116080, 내역_20230619
1114014800,11,11140,2023-0,145,5079,1886306740, 내역_20230619
1111012300,11,11110,2023-0,119,11812,4937884980, 내역_20230619
1121510300,11,11215,2023-0,647,10323,2718879760, 내역_20230619
4122011600,41,41220,2023-0,17,295,88263980, 내역_20230619
2818510600,28,28185,2023-0,2463,52829,18088734260, 내역_20230619
4165033026,41,41650,2023-0,157,1722,450073700, 내역_20230619
4117310200,41,41173,2023-0,2516,45677,14652553100, 내역_20230619
4136025326,41,41360,2023-0,140,2356,619004920, 내역_20230619
1135010200,11,11350,2023-0,199,3067,637802860, 내역_20230619
4121010200,41,41210,2023-0,235,3915,1066176640, 내역_20230619
4165035023,41,41650,2023-0,15,207,71745780, 내역_20230619
1144010400,11,11440,2023-0,715,21359,6077758440, 내역_20230619
4155036021,41,41550,2023-0,62,926,288507900, 내역_20230619
1111014600,11,11110,2023-0,27,228,55033600, 내역_20230619
1168010300,11,11680,2023-0,714,19522,5562434900, 내역_20230619
1130510300,11,11305,2023-0,380,5003,1239793400, 내역_20230619
1114012900,11,11140,2023-0,61,710,176521360, 내역_20230619
1129013300,11,11290,2023-0,200,4818,1257321560, 내역_20230619
1132010700,11,11320,2023-0,394,4397,1070376060, 내역_20230619
1135010500,11,11350,2023-0,707,9634,2426678200, 내역_20230619
1129013600,11,11290,2023-0,211,5785,1619585540, 내역_20230619
4183033024,41,41830,2023-0,7,57,13159880, 내역_20230619
1130510200,11,11305,2023-0,226,2744,691481380, 내역_20230619
1129013900,11,11290,2023-0,115,2478,518473740, 내역_20230619
1111011800,11,11110,2023-0,142,3247,1245859860, 내역_20230619
1132010600,11,11320,2023-0,256,2754,636452780, 내역_20230619
1171010800,11,11710,2023-0,3264,52524,16123326620, 내역_20230619
1114011000,11,11140,2023-0,136,20714,5871374300, 내역_20230619
1165011000,11,11650,2023-0,53,3604,1364646560, 내역_20230619
4119012400,41,41190,2023-0,414,4962,1384748920, 내역_20230619
1135010600,11,11350,2023-0,232,3090,712946960, 내역_20230619
1138010900,11,11380,2023-0,140,1459,338304220, 내역_20230619
1141010100,11,11410,2023-0,124,2885,817177540, 내역_20230619
1141011900,11,11410,2023-0,140,1658,395154760, 내역_20230619
1165010600,11,11650,2023-0,709,20462,7173190240, 내역_20230619
4146310600,41,41463,2023-0,104,1644,517503440, 내역_20230619
1138010700,11,11380,2023-0,243,2495,647805860, 내역_20230619
1138010500,11,11380,2023-0,88,2454,675819060, 내역_20230619
1138010400,11,11380,2023-0,133,1897,451544960, 내역_20230619
4141010500,41,41410,2023-0,412,5885,1735478120, 내역_20230619
1144012200,11,11440,2023-0,471,8306,2593332980, 내역_20230619
1144010900,11,11440,2023-0,103,3236,1063458400, 내역_20230619
1150010100,11,11500,2023-0,423,7042,2211103120, 내역_20230619
4148010700,41,41480,2023-0,40,710,214435600, 내역_20230619
1156012800,11,11560,2023-0,292,16123,4321204460, 내역_20230619
1150010800,11,11500,2023-0,203,22039,8557284880, 내역_20230619
4159037022,41,41590,2023-0,271,3237,992106800, 내역_20230619
1162010100,11,11620,2023-0,840,14608,4020656320, 내역_20230619
1130510400,11,11305,2023-0,30,738,210058660, 내역_20230619
1171011400,11,11710,2023-0,104,1553,390632760, 내역_20230619
4148025627,41,41480,2023-0,28,298,73307180, 내역_20230619
1171010900,11,11710,2023-0,164,3714,1109344540, 내역_20230619
2820011000,28,28200,2023-0,799,11871,3316330260, 내역_20230619
4125010100,41,41250,2023-0,38,457,110937780, 내역_20230619
2820010700,28,28200,2023-0,359,10330,3134951780, 내역_20230619
4141010200,41,41410,2023-0,1112,16886,5184678220, 내역_20230619
1168011300,11,11680,2023-0,71,590,119833800, 내역_20230619
1141010200,11,11410,2023-0,153,12862,5143934680, 내역_20230619
1150010300,11,11500,2023-0,710,8782,2213720500, 내역_20230619
1141011400,11,11410,2023-0,71,5580,1285135540, 내역_20230619
1144012000,11,11440,2023-0,1451,23306,6754504960, 내역_20230619
1144010200,11,11440,2023-0,615,21542,7327456640, 내역_20230619
4117110300,41,41171,2023-0,117,2730,924465400, 내역_20230619
1144012500,11,11440,2023-0,645,8619,2265615820, 내역_20230619
1138011000,11,11380,2023-0,98,1169,255352720, 내역_20230619
4119012300,41,41190,2023-0,795,9473,2767488160, 내역_20230619
4157010700,41,41570,2023-0,228,2044,538939480, 내역_20230619
1138011400,11,11380,2023-0,178,2874,759244240, 내역_20230619
4183032026,41,41830,2023-0,14,614,160922900, 내역_20230619
1141012000,11,11410,2023-0,111,1275,334785420, 내역_20230619
4157025021,41,41570,2023-0,61,653,155546260, 내역_20230619
1117013000,11,11170,2023-0,340,3349,913693840, 내역_20230619
2814010200,28,28140,2023-0,30,3057,1375341160, 내역_20230619
1123011000,11,11230,2023-0,106,2575,681562700, 내역_20230619
4146310100,41,41463,2023-0,183,2683,741161540, 내역_20230619
4136025024,41,41360,2023-0,120,1239,369840560, 내역_20230619
4145011100,41,41450,2023-0,38,372,100120040, 내역_20230619
1150010600,11,11500,2023-0,149,2328,613925780, 내역_20230619
4139011900,41,41390,2023-0,77,468,119352520, 내역_20230619
4136011100,41,41360,2023-0,833,7265,1978520300, 내역_20230619
4165025022,41,41650,2023-0,158,1497,372221260, 내역_20230619
1153010800,11,11530,2023-0,174,1957,463720400, 내역_20230619
4113510300,41,41135,2023-0,728,45039,19833921940, 내역_20230619
1117010400,11,11170,2023-0,129,8928,2905706420, 내역_20230619
4119012100,41,41190,2023-0,76,855,228580760, 내역_20230619
1138010300,11,11380,2023-0,122,2283,675849440, 내역_20230619
1144012300,11,11440,2023-0,269,2674,671753360, 내역_20230619
1150010400,11,11500,2023-0,747,10549,2944829100, 내역_20230619
1150011000,11,11500,2023-0,61,2356,774620000, 내역_20230619
4159037024,41,41590,2023-0,200,2391,706032060, 내역_20230619
4148035022,41,41480,2023-0,40,583,151119360, 내역_20230619
4157025026,41,41570,2023-0,39,273,78870560, 내역_20230619
1141010600,11,11410,2023-0,17,263,60118180, 내역_20230619
4165033024,41,41650,2023-0,85,800,211157520, 내역_20230619
1156012300,11,11560,2023-0,173,3537,885220060, 내역_20230619
1141011700,11,11410,2023-0,322,4470,1187929120, 내역_20230619
1144011500,11,11440,2023-0,199,3082,768648360, 내역_20230619
1144010700,11,11440,2023-0,218,4666,1339654560, 내역_20230619
1150010900,11,11500,2023-0,342,9340,2870074200, 내역_20230619
1156012600,11,11560,2023-0,128,1886,429778080, 내역_20230619
1159010900,11,11590,2023-0,228,14170,4658806580, 내역_20230619
1141011100,11,11410,2023-0,140,1677,318251180, 내역_20230619
1138010600,11,11380,2023-0,108,959,243078540, 내역_20230619
1141010400,11,11410,2023-0,35,4850,1840657260, 내역_20230619
1117011100,11,11170,2023-0,30,415,108070820, 내역_20230619
2826010400,28,28260,2023-0,274,9225,3109706620, 내역_20230619
1111012100,11,11110,2023-0,123,11884,4981262940, 내역_20230619
4148025624,41,41480,2023-0,25,399,109711940, 내역_20230619
4139013200,41,41390,2023-0,3844,62559,19615011980, 내역_20230619
4113510500,41,41135,2023-0,541,17230,6026738900, 내역_20230619
4119011600,41,41190,2023-0,7,89,16619200, 내역_20230619
4148025023,41,41480,2023-0,88,2206,655198920, 내역_20230619
1171010400,11,11710,2023-0,392,7131,1968176640, 내역_20230619
1111014300,11,11110,2023-0,10,62,14860240, 내역_20230619
4150031028,41,41500,2023-0,25,293,82169720, 내역_20230619
4113310500,41,41133,2023-0,1909,45059,13915446420, 내역_20230619
1147010100,11,11470,2023-0,728,9563,2407666340, 내역_20230619
1117011200,11,11170,2023-0,108,1542,410363640, 내역_20230619
4145011000,41,41450,2023-0,959,8823,2413010220, 내역_20230619
4148026225,41,41480,2023-0,118,1568,429054960, 내역_20230619
2817710500,28,28177,2023-0,725,10451,2794535580, 내역_20230619
1174010500,11,11740,2023-0,319,4911,1376153220, 내역_20230619
1162010200,11,11620,2023-0,827,15692,4140908680, 내역_20230619
4113511000,41,41135,2023-0,267,15207,6127829680, 내역_20230619
1171011300,11,11710,2023-0,154,2215,567905900, 내역_20230619
4159036026,41,41590,2023-0,311,3955,1270400460, 내역_20230619
1111016900,11,11110,2023-0,62,996,270089180, 내역_20230619
1153011000,11,11530,2023-0,76,1090,278490600, 내역_20230619
1156011600,11,11560,2023-0,149,5572,1380260260, 내역_20230619
1156011100,11,11560,2023-0,217,4408,1149796920, 내역_20230619
1114011900,11,11140,2023-0,53,1825,699530800, 내역_20230619
1156012100,11,11560,2023-0,594,24632,6555177200, 내역_20230619
1156012900,11,11560,2023-0,431,12208,4030237900, 내역_20230619
1156011300,11,11560,2023-0,339,8460,2194613400, 내역_20230619
4121010500,41,41210,2023-0,174,1372,364308800, 내역_20230619
1117012800,11,11170,2023-0,477,24211,9071836380, 내역_20230619
4150035033,41,41500,2023-0,6,134,38051100, 내역_20230619
1174010900,11,11740,2023-0,462,7650,2515784480, 내역_20230619
4180025327,41,41800,2023-0,26,283,81019560, 내역_20230619
1174010800,11,11740,2023-0,755,15728,4133520620, 내역_20230619
1159010200,11,11590,2023-0,284,3597,837079560, 내역_20230619
1168011000,11,11680,2023-0,56,728,182755800, 내역_20230619
1174010100,11,11740,2023-0,151,1790,395256060, 내역_20230619
4145012300,41,41450,2023-0,207,1936,554997080, 내역_20230619
1154510300,11,11545,2023-0,701,10165,2740658140, 내역_20230619
1153010100,11,11530,2023-0,305,5510,1606074980, 내역_20230619
4127310500,41,41273,2023-0,807,18959,6242595120, 내역_20230619
1156013200,11,11560,2023-0,381,6070,1660266800, 내역_20230619
1117010900,11,11170,2023-0,27,639,175227040, 내역_20230619
1111013700,11,11110,2023-0,66,696,182367840, 내역_20230619
4157025626,41,41570,2023-0,886,13154,3838214560, 내역_20230619
1121510400,11,11215,2023-0,239,3862,1158422660, 내역_20230619
4113511400,41,41135,2023-0,577,18525,5773977820, 내역_20230619
1114016200,11,11140,2023-0,912,14472,3602049540, 내역_20230619
4145010900,41,41450,2023-0,593,4648,1208372400, 내역_20230619
4127310300,41,41273,2023-0,538,10087,3265777220, 내역_20230619
4157034021,41,41570,2023-0,85,835,233564500, 내역_20230619
4121010400,41,41210,2023-0,617,12394,4548239440, 내역_20230619
4146110600,41,41461,2023-0,145,2516,820611540, 내역_20230619
4117110100,41,41171,2023-0,1181,18335,5195942400, 내역_20230619
4155035023,41,41550,2023-0,26,331,103420860, 내역_20230619
1159010800,11,11590,2023-0,182,5454,1807234400, 내역_20230619
4129010900,41,41290,2023-0,99,5010,1933382280, 내역_20230619
1153011100,11,11530,2023-0,36,450,110733480, 내역_20230619
1174010300,11,11740,2023-0,129,18801,7749127720, 내역_20230619
1159010700,11,11590,2023-0,417,5056,1322939680, 내역_20230619
4159025935,41,41590,2023-0,45,658,206338860, 내역_20230619
4129010500,41,41290,2023-0,171,2255,626183020, 내역_20230619
4122010300,41,41220,2023-0,147,5654,1799129860, 내역_20230619
4159026221,41,41590,2023-0,246,3141,891098760, 내역_20230619
4159036025,41,41590,2023-0,204,2801,910668500, 내역_20230619
4127110300,41,41271,2023-0,486,6236,1681667820, 내역_20230619
4157034030,41,41570,2023-0,184,1952,560857600, 내역_20230619
4159026222,41,41590,2023-0,147,1373,399327680, 내역_20230619
1111016000,11,11110,2023-0,138,5795,2089479340, 내역_20230619
1153010700,11,11530,2023-0,179,3044,757461080, 내역_20230619
1153010600,11,11530,2023-0,243,2120,549031220, 내역_20230619
2820010100,28,28200,2023-0,887,15071,4729904880, 내역_20230619
4119010400,41,41190,2023-0,639,13883,4343045000, 내역_20230619
1111016300,11,11110,2023-0,47,312,69768340, 내역_20230619
1144012100,11,11440,2023-0,639,9013,2543892700, 내역_20230619
1111013500,11,11110,2023-0,88,3096,1005380220, 내역_20230619
1111013600,11,11110,2023-0,96,3531,1055306400, 내역_20230619
1171010100,11,11710,2023-0,601,12696,3505660080, 내역_20230619
1111012000,11,11110,2023-0,338,9190,3177403980, 내역_20230619
4146136029,41,41461,2023-0,130,1563,420994480, 내역_20230619
4150025329,41,41500,2023-0,21,289,67343180, 내역_20230619
1111015700,11,11110,2023-0,62,8539,2804532820, 내역_20230619
4122012000,41,41220,2023-0,132,4108,1274901500, 내역_20230619
4157025628,41,41570,2023-0,28,363,99379620, 내역_20230619
4146310300,41,41463,2023-0,69,763,204392080, 내역_20230619
1114012200,11,11140,2023-0,44,25926,5260926960, 내역_20230619
1111015400,11,11110,2023-0,78,512,154996480, 내역_20230619
1111011500,11,11110,2023-0,30,457,132634960, 내역_20230619
4146110500,41,41461,2023-0,130,3123,1021744740, 내역_20230619
1111011700,11,11110,2023-0,133,2834,812766400, 내역_20230619
4128110600,41,41281,2023-0,111,1432,428761260, 내역_20230619
4157035024,41,41570,2023-0,81,1020,301149820, 내역_20230619
4159033029,41,41590,2023-0,45,547,165328880, 내역_20230619
4157035021,41,41570,2023-0,27,252,74450300, 내역_20230619
4139011200,41,41390,2023-0,222,1642,464048920, 내역_20230619
4159033025,41,41590,2023-0,269,4048,1254950500, 내역_20230619
1138010200,11,11380,2023-0,240,2507,583149460, 내역_20230619
1111017500,11,11110,2023-0,140,1062,272910880, 내역_20230619
4159025924,41,41590,2023-0,104,8343,2995633280, 내역_20230619
1111018600,11,11110,2023-0,12,115,29776560, 내역_20230619
1156012400,11,11560,2023-0,289,4123,1278992820, 내역_20230619
1156010400,11,11560,2023-0,47,522,151869380, 내역_20230619
4143010900,41,41430,2023-0,427,4780,1414854480, 내역_20230619
4157010400,41,41570,2023-0,474,4415,1150170760, 내역_20230619
4122025623,41,41220,2023-0,85,4482,1833019960, 내역_20230619
1114016700,11,11140,2023-0,104,3668,1262801860, 내역_20230619
1117011000,11,11170,2023-0,52,1693,273401780, 내역_20230619
1111011900,11,11110,2023-0,91,7011,2700171980, 내역_20230619
1144012400,11,11440,2023-0,307,3204,862509440, 내역_20230619
2811012800,28,28110,2023-0,354,5333,1582207780, 내역_20230619
1117013200,11,11170,2023-0,54,1091,324638500, 내역_20230619
1111015600,11,11110,2023-0,31,312,76318520, 내역_20230619
1111011300,11,11110,2023-0,35,750,209006940, 내역_20230619
1111016600,11,11110,2023-0,91,2124,607905220, 내역_20230619
1141011600,11,11410,2023-0,192,2723,570259700, 내역_20230619
1111017700,11,11110,2023-0,21,10372,4441480060, 내역_20230619
2811014700,28,28110,2023-0,684,31390,9754074840, 내역_20230619
1114012400,11,11140,2023-0,85,5412,1889398380, 내역_20230619
1156010800,11,11560,2023-0,162,2720,814917160, 내역_20230619
1114011400,11,11140,2023-0,91,17367,7886487480, 내역_20230619
1111012500,11,11110,2023-0,63,7007,3019977460, 내역_20230619
1114016800,11,11140,2023-0,205,46112,14114230400, 내역_20230619
1114012100,11,11140,2023-0,76,16744,7510473380, 내역_20230619
1111016800,11,11110,2023-0,140,2058,516668580, 내역_20230619
1111014700,11,11110,2023-0,21,1526,545484740, 내역_20230619
1120010800,11,11200,2023-0,16,163,37203780, 내역_20230619
1114010200,11,11140,2023-0,206,7021,2467232860, 내역_20230619
4155012800,41,41550,2023-0,24,748,217644160, 내역_20230619
4113111300,41,41131,2023-0,35,295,79426640, 내역_20230619
1114015500,11,11140,2023-0,81,671,180392340, 내역_20230619
4159042032,41,41590,2023-0,126,8359,2978484320, 내역_20230619
1114011200,11,11140,2023-0,89,2840,1011163980, 내역_20230619
4161025023,41,41610,2023-0,84,1348,420404700, 내역_20230619
4128110100,41,41281,2023-0,118,2182,561036040, 내역_20230619
1114015000,11,11140,2023-0,46,10673,4203453520, 내역_20230619
1144010800,11,11440,2023-0,113,2197,640073280, 내역_20230619
1141010300,11,11410,2023-0,38,396,94842020, 내역_20230619
4146310800,41,41463,2023-0,166,2767,883122500, 내역_20230619
4150031027,41,41500,2023-0,15,442,140779700, 내역_20230619
1111013400,11,11110,2023-0,66,954,263796220, 내역_20230619
4143010200,41,41430,2023-0,85,1037,299964280, 내역_20230619
4148010900,41,41480,2023-0,152,1721,547221800, 내역_20230619
1156010300,11,11560,2023-0,133,2194,642714920, 내역_20230619
1111012700,11,11110,2023-0,69,10972,4450295920, 내역_20230619
1111014100,11,11110,2023-0,52,848,246269620, 내역_20230619
1114012700,11,11140,2023-0,71,1916,438147620, 내역_20230619
1129011700,11,11290,2023-0,18,253,69805280, 내역_20230619
4111313700,41,41113,2023-0,324,7661,2392907280, 내역_20230619
1114012600,11,11140,2023-0,64,2060,708578740, 내역_20230619
1114010100,11,11140,2023-0,162,1978,614087200, 내역_20230619
4128510600,41,41285,2023-0,663,9987,2983630200, 내역_20230619
4150010500,41,41500,2023-0,13,177,48655380, 내역_20230619
4146131023,41,41461,2023-0,39,664,198865680, 내역_20230619
4113111500,41,41131,2023-0,418,12995,4037859380, 내역_20230619
4128113000,41,41281,2023-0,75,664,191437680, 내역_20230619
4146510300,41,41465,2023-0,371,11862,3345511960, 내역_20230619
4146510100,41,41465,2023-0,258,3228,813643700, 내역_20230619
4128112900,41,41281,2023-0,66,671,141816860, 내역_20230619
1117011800,11,11170,2023-0,51,620,179451940, 내역_20230619
4119010300,41,41190,2023-0,656,7648,2102377600, 내역_20230619
4119011300,41,41190,2023-0,126,1426,333368060, 내역_20230619
4161025924,41,41610,2023-0,43,497,152146360, 내역_20230619
1114014500,11,11140,2023-0,53,2255,631755280, 내역_20230619
4161010200,41,41610,2023-0,50,975,254925460, 내역_20230619
1114010900,11,11140,2023-0,77,5528,2422517460, 내역_20230619
1114013100,11,11140,2023-0,51,2996,1281667680, 내역_20230619
4113510900,41,41135,2023-0,1229,80921,29746707740, 내역_20230619
4148031023,41,41480,2023-0,265,4620,1344646280, 내역_20230619
1111017400,11,11110,2023-0,111,1359,337608160, 내역_20230619
1117011700,11,11170,2023-0,137,1952,576508280, 내역_20230619
1156011400,11,11560,2023-0,368,14729,3945170340, 내역_20230619
4148025325,41,41480,2023-0,64,602,170871220, 내역_20230619
1144011300,11,11440,2023-0,23,216,53097140, 내역_20230619
1165011100,11,11650,2023-0,95,951,270691980, 내역_20230619
1121510900,11,11215,2023-0,187,3252,719234260, 내역_20230619
1117011900,11,11170,2023-0,96,1164,310007720, 내역_20230619
1144010300,11,11440,2023-0,90,1049,309180460, 내역_20230619
1111018000,11,11110,2023-0,11,68,19176800, 내역_20230619
4163011000,41,41630,2023-0,105,1806,514784180, 내역_20230619
1114017400,11,11140,2023-0,19,502,169833320, 내역_20230619
1129012500,11,11290,2023-0,135,4547,1096939560, 내역_20230619
1114013900,11,11140,2023-0,81,2360,497305140, 내역_20230619
4167025026,41,41670,2023-0,11,81,25316680, 내역_20230619
4148011900,41,41480,2023-0,55,571,152560480, 내역_20230619
1114017300,11,11140,2023-0,32,477,124191200, 내역_20230619
1114013500,11,11140,2023-0,59,653,184369660, 내역_20230619
1144011000,11,11440,2023-0,106,3727,913531260, 내역_20230619
4150034028,41,41500,2023-0,61,1403,450481060, 내역_20230619
1117010500,11,11170,2023-0,59,2308,654738540, 내역_20230619
4163031021,41,41630,2023-0,82,1227,304258000, 내역_20230619
1129013800,11,11290,2023-0,135,1727,469639060, 내역_20230619
1114013300,11,11140,2023-0,58,520,142967560, 내역_20230619
4146134024,41,41461,2023-0,52,861,271850180, 내역_20230619
4129010700,41,41290,2023-0,129,7435,1998882160, 내역_20230619
4146310400,41,41463,2023-0,80,9037,2584320160, 내역_20230619
1129010700,11,11290,2023-0,32,379,89112660, 내역_20230619
4146311800,41,41463,2023-0,347,8468,2989000420, 내역_20230619
4146133024,41,41461,2023-0,23,535,145430620, 내역_20230619
4155034023,41,41550,2023-0,27,836,311159400, 내역_20230619
4146311700,41,41463,2023-0,104,1990,589477220, 내역_20230619
4150025333,41,41500,2023-0,26,777,253716940, 내역_20230619
4136025925,41,41360,2023-0,159,1412,376954740, 내역_20230619
4161025027,41,41610,2023-0,119,1225,336408960, 내역_20230619
4131010400,41,41310,2023-0,274,2935,788199660, 내역_20230619
4117310100,41,41173,2023-0,421,4755,1285476160, 내역_20230619
1129011900,11,11290,2023-0,24,417,112650200, 내역_20230619
1159010500,11,11590,2023-0,79,2759,493311160, 내역_20230619
4165032023,41,41650,2023-0,80,1213,334871720, 내역_20230619
4163032027,41,41630,2023-0,81,1183,350567240, 내역_20230619
4122032023,41,41220,2023-0,250,5715,1834222880, 내역_20230619
4161025325,41,41610,2023-0,82,724,194493200, 내역_20230619
4159036027,41,41590,2023-0,102,2056,697493140, 내역_20230619
4161025021,41,41610,2023-0,103,1498,501752840, 내역_20230619
1120010400,11,11200,2023-0,116,1534,384344020, 내역_20230619
1120011300,11,11200,2023-0,96,1283,299234440, 내역_20230619
1120012200,11,11200,2023-0,242,21927,8946274680, 내역_20230619
1117012900,11,11170,2023-0,77,894,270039260, 내역_20230619
1117010800,11,11170,2023-0,62,4031,1006293960, 내역_20230619
1117010700,11,11170,2023-0,157,14617,3751819420, 내역_20230619
4161025925,41,41610,2023-0,46,397,116915520, 내역_20230619
1120010200,11,11200,2023-0,109,967,255538480, 내역_20230619
4131010300,41,41310,2023-0,456,4465,1127639120, 내역_20230619
1120010600,11,11200,2023-0,50,2840,562463980, 내역_20230619
1117012200,11,11170,2023-0,31,1713,683110240, 내역_20230619
1117012100,11,11170,2023-0,51,538,145466420, 내역_20230619
1117013600,11,11170,2023-0,31,340,81021680, 내역_20230619
1117012400,11,11170,2023-0,76,685,182346920, 내역_20230619
4157025623,41,41570,2023-0,136,1135,286961080, 내역_20230619
4159033023,41,41590,2023-0,74,692,209411040, 내역_20230619
1156011700,11,11560,2023-0,57,554,144593560, 내역_20230619
4150031021,41,41500,2023-0,27,634,192404340, 내역_20230619
1129010800,11,11290,2023-0,25,309,70084540, 내역_20230619
4159042026,41,41590,2023-0,4,639,249857280, 내역_20230619
4115010500,41,41150,2023-0,224,3633,933207720, 내역_20230619
4148035026,41,41480,2023-0,90,1232,337942060, 내역_20230619
2826011500,28,28260,2023-0,171,1846,542307200, 내역_20230619
4155039027,41,41550,2023-0,48,483,140254000, 내역_20230619
4113111200,41,41131,2023-0,203,2408,879433420, 내역_20230619
1165010400,11,11650,2023-0,7,49,14296300, 내역_20230619
2823710500,28,28237,2023-0,276,3290,819077580, 내역_20230619
4161033021,41,41610,2023-0,56,554,168105840, 내역_20230619
1156011200,11,11560,2023-0,138,2798,773589300, 내역_20230619
1117011300,11,11170,2023-0,149,1801,498820640, 내역_20230619
4148025029,41,41480,2023-0,36,353,101975940, 내역_20230619
4148011300,41,41480,2023-0,216,1957,541436600, 내역_20230619
4148011200,41,41480,2023-0,98,866,214367560, 내역_20230619
1111017000,11,11110,2023-0,30,368,97364540, 내역_20230619
1111010700,11,11110,2023-0,80,2773,783883060, 내역_20230619
1156010600,11,11560,2023-0,24,159,35893240, 내역_20230619
4159012600,41,41590,2023-0,305,6236,1945566920, 내역_20230619
4159032021,41,41590,2023-0,177,2249,683144080, 내역_20230619
4146133025,41,41461,2023-0,17,420,142411860, 내역_20230619
4148032022,41,41480,2023-0,130,1762,534000040, 내역_20230619
4148011100,41,41480,2023-0,184,1901,518184540, 내역_20230619
4117310400,41,41173,2023-0,1350,23838,8056674960, 내역_20230619
1114011600,11,11140,2023-0,7,2419,1038734820, 내역_20230619
4113310100,41,41133,2023-0,198,2295,604874740, 내역_20230619
2817710400,28,28177,2023-0,469,7614,2090070640, 내역_20230619
2826012000,28,28260,2023-0,276,2528,715023180, 내역_20230619
4148012000,41,41480,2023-0,246,3435,955487260, 내역_20230619
4128511100,41,41285,2023-0,310,3259,876587960, 내역_20230619
1156010500,11,11560,2023-0,77,1260,334168520, 내역_20230619
4119011700,41,41190,2023-0,247,7101,1707805920, 내역_20230619
4146125022,41,41461,2023-0,76,1862,606311500, 내역_20230619
4146131024,41,41461,2023-0,29,568,145839340, 내역_20230619
4157025022,41,41570,2023-0,103,986,278964600, 내역_20230619
4128113100,41,41281,2023-0,149,1412,432746720, 내역_20230619
1117013300,11,11170,2023-0,39,1255,367429200, 내역_20230619
4128510400,41,41285,2023-0,1421,14287,4110020480, 내역_20230619
4146311100,41,41463,2023-0,787,10534,3342593260, 내역_20230619
1156010700,11,11560,2023-0,49,970,295885600, 내역_20230619
4113510200,41,41135,2023-0,574,17608,6428596620, 내역_20230619
1156010900,11,11560,2023-0,162,5107,1460071120, 내역_20230619
2871025028,28,28710,2023-0,28,463,120959540, 내역_20230619
4117110200,41,41171,2023-0,205,7458,2276848820, 내역_20230619
1111015500,11,11110,2023-0,47,373,98796400, 내역_20230619
4127310900,41,41273,2023-0,196,2667,696953580, 내역_20230619
1144011700,11,11440,2023-0,14,196,61472200, 내역_20230619
4157034033,41,41570,2023-0,83,879,252060140, 내역_20230619
4148035023,41,41480,2023-0,64,731,211133460, 내역_20230619
2826011100,28,28260,2023-0,627,8797,2692844880, 내역_20230619
4122025624,41,41220,2023-0,168,7521,3065138120, 내역_20230619
4148010100,41,41480,2023-0,253,3293,875111780, 내역_20230619
4161037024,41,41610,2023-0,8,62,16778980, 내역_20230619
1129012400,11,11290,2023-0,26,272,71440340, 내역_20230619
4157025624,41,41570,2023-0,64,646,164245820, 내역_20230619
2824510300,28,28245,2023-0,322,5071,1466137700, 내역_20230619
4119010500,41,41190,2023-0,185,2044,587428920, 내역_20230619
4146311400,41,41463,2023-0,177,2276,694328280, 내역_20230619
4119010900,41,41190,2023-0,819,7450,1907031640, 내역_20230619
4139010500,41,41390,2023-0,115,957,249646640, 내역_20230619
1168011500,11,11680,2023-0,493,22501,6592027400, 내역_20230619
1114014000,11,11140,2023-0,5,48,11066400, 내역_20230619
4117310300,41,41173,2023-0,412,9566,3093749660, 내역_20230619
1111012200,11,11110,2023-0,182,21673,8916830220, 내역_20230619
1111015200,11,11110,2023-0,72,491,109595260, 내역_20230619
1114013400,11,11140,2023-0,32,194,48571040, 내역_20230619
1126010300,11,11260,2023-0,165,1628,404371180, 내역_20230619
1111017100,11,11110,2023-0,38,285,67700000, 내역_20230619
4148026226,41,41480,2023-0,69,708,167341460, 내역_20230619
1165010900,11,11650,2023-0,85,1621,440122700, 내역_20230619
4159013900,41,41590,2023-0,51,896,236638680, 내역_20230619
4161011900,41,41610,2023-0,14,119,33699400, 내역_20230619
1156011500,11,11560,2023-0,51,453,120760940, 내역_20230619
1111013000,11,11110,2023-0,42,461,106969460, 내역_20230619
1114015200,11,11140,2023-0,52,341,97839420, 내역_20230619
4113511100,41,41135,2023-0,233,2657,775729660, 내역_20230619
4128510900,41,41285,2023-0,85,788,204277620, 내역_20230619
1111017300,11,11110,2023-0,29,875,138907940, 내역_20230619
1156011900,11,11560,2023-0,88,697,193524840, 내역_20230619
2826011000,28,28260,2023-0,597,7425,2097558060, 내역_20230619
2824510400,28,28245,2023-0,290,4785,1394301780, 내역_20230619
4137010600,41,41370,2023-0,108,4996,1561145140, 내역_20230619
1111011000,11,11110,2023-0,18,168,41531540, 내역_20230619
1114015600,11,11140,2023-0,13,78,23216900, 내역_20230619
1129013500,11,11290,2023-0,127,1163,287255240, 내역_20230619
1111015300,11,11110,2023-0,35,566,137274180, 내역_20230619
4163033024,41,41630,2023-0,12,268,72805480, 내역_20230619
1156012000,11,11560,2023-0,45,301,83117720, 내역_20230619
4136025926,41,41360,2023-0,102,1078,287052180, 내역_20230619
2826011800,28,28260,2023-0,167,2213,596865800, 내역_20230619
4159026224,41,41590,2023-0,47,420,120332440, 내역_20230619
4143010100,41,41430,2023-0,222,4195,1375383540, 내역_20230619
4129010300,41,41290,2023-0,280,7835,2841289220, 내역_20230619
4143010500,41,41430,2023-0,225,3255,939732520, 내역_20230619
1117012700,11,11170,2023-0,31,9814,1875001080, 내역_20230619
4113511200,41,41135,2023-0,60,1596,394091100, 내역_20230619
4146136027,41,41461,2023-0,5,57,16322320, 내역_20230619
4113110800,41,41131,2023-0,482,6334,1856092920, 내역_20230619
4122032022,41,41220,2023-0,44,899,283873380, 내역_20230619
4150010100,41,41500,2023-0,75,1014,294596540, 내역_20230619
1114013600,11,11140,2023-0,59,804,254441000, 내역_20230619
1111014000,11,11110,2023-0,38,441,138128520, 내역_20230619
4165034023,41,41650,2023-0,68,1071,295167920, 내역_20230619
4111710300,41,41117,2023-0,719,13384,3991484400, 내역_20230619
4145011300,41,41450,2023-0,196,1786,479724880, 내역_20230619
4111313500,41,41113,2023-0,153,2003,518362260, 내역_20230619
4127110700,41,41271,2023-0,99,1077,292965060, 내역_20230619
4113110300,41,41131,2023-0,121,1854,521868220, 내역_20230619
4121010300,41,41210,2023-0,267,3163,775160220, 내역_20230619
4122011300,41,41220,2023-0,104,1127,288484560, 내역_20230619
1111015800,11,11110,2023-0,17,124,33356700, 내역_20230619
4159012700,41,41590,2023-0,353,6642,2050385220, 내역_20230619
2823710400,28,28237,2023-0,1063,29141,10662071440, 내역_20230619
4148025027,41,41480,2023-0,6,51,12711740, 내역_20230619
1126010400,11,11260,2023-0,177,1582,410755820, 내역_20230619
4146125928,41,41461,2023-0,19,166,45152580, 내역_20230619
4141010300,41,41410,2023-0,225,4751,1361633000, 내역_20230619
4159040021,41,41590,2023-0,83,1430,477837380, 내역_20230619
4145010600,41,41450,2023-0,232,3083,764694320, 내역_20230619
4182033023,41,41820,2023-0,9,213,52472060, 내역_20230619
4136025623,41,41360,2023-0,134,1410,356036280, 내역_20230619
1135010400,11,11350,2023-0,142,3079,829981860, 내역_20230619
1114013800,11,11140,2023-0,152,2895,783847580, 내역_20230619
1111016200,11,11110,2023-0,50,472,125085160, 내역_20230619
1121510700,11,11215,2023-0,189,2919,645835960, 내역_20230619
4146132028,41,41461,2023-0,48,591,181748320, 내역_20230619
4163033026,41,41630,2023-0,87,1133,310866920, 내역_20230619
4136025022,41,41360,2023-0,123,1874,543855800, 내역_20230619
4136025629,41,41360,2023-0,131,1394,358716400, 내역_20230619
1150011100,11,11500,2023-0,8,3788,1424046180, 내역_20230619
4146135021,41,41461,2023-0,26,1247,491229020, 내역_20230619
4150010900,41,41500,2023-0,53,486,128507120, 내역_20230619
1168011100,11,11680,2023-0,88,1400,395479720, 내역_20230619
4159012000,41,41590,2023-0,378,10709,3204459960, 내역_20230619
1120010500,11,11200,2023-0,501,7887,2447681020, 내역_20230619
4113510100,41,41135,2023-0,50,2648,1090914500, 내역_20230619
4167025025,41,41670,2023-0,15,396,109879620, 내역_20230619
1111017600,11,11110,2023-0,5,56,14884580, 내역_20230619
2817710300,28,28177,2023-0,302,3757,1098214860, 내역_20230619
4111312800,41,41113,2023-0,786,17442,5424216400, 내역_20230619
1120011800,11,11200,2023-0,90,1073,278770120, 내역_20230619
4128710400,41,41287,2023-0,447,7167,2127255880, 내역_20230619
4127111400,41,41271,2023-0,72,643,175905680, 내역_20230619
4155034022,41,41550,2023-0,47,2631,978314680, 내역_20230619
4159026228,41,41590,2023-0,266,4241,1421340740, 내역_20230619
4122025921,41,41220,2023-0,68,3103,1097994780, 내역_20230619
1129010100,11,11290,2023-0,83,1025,253925360, 내역_20230619
1111016100,11,11110,2023-0,16,98,24512860, 내역_20230619
1156010100,11,11560,2023-0,53,888,211710280, 내역_20230619
1111013200,11,11110,2023-0,47,1046,307525660, 내역_20230619
4161025026,41,41610,2023-0,140,1564,434005360, 내역_20230619
4128710600,41,41287,2023-0,166,1523,370896320, 내역_20230619
4111113300,41,41111,2023-0,96,2654,688348000, 내역_20230619
4146125027,41,41461,2023-0,60,3864,1064184760, 내역_20230619
4136011200,41,41360,2023-0,804,8408,2474317000, 내역_20230619
1111014800,11,11110,2023-0,45,16038,6881644660, 내역_20230619
4141010400,41,41410,2023-0,369,5011,1242489380, 내역_20230619
1141010500,11,11410,2023-0,11,296,91445100, 내역_20230619
4150035026,41,41500,2023-0,50,1378,474498660, 내역_20230619
1114016500,11,11140,2023-0,114,1155,296260040, 내역_20230619
1129012200,11,11290,2023-0,18,193,50170220, 내역_20230619
4159013100,41,41590,2023-0,1580,21605,6848861940, 내역_20230619
4157025324,41,41570,2023-0,279,2324,667708600, 내역_20230619
4119011800,41,41190,2023-0,57,405,106711880, 내역_20230619
4150033021,41,41500,2023-0,23,406,120076160, 내역_20230619
4165041023,41,41650,2023-0,26,434,127967520, 내역_20230619
4155034038,41,41550,2023-0,41,1076,323075220, 내역_20230619
4111513500,41,41115,2023-0,62,1027,322075100, 내역_20230619
2824510100,28,28245,2023-0,231,2679,712261780, 내역_20230619
1120011200,11,11200,2023-0,37,293,72529160, 내역_20230619
1111016500,11,11110,2023-0,48,526,147200580, 내역_20230619
4150011100,41,41500,2023-0,37,1216,477596220, 내역_20230619
2871037023,28,28710,2023-0,17,143,34337540, 내역_20230619
4139013100,41,41390,2023-0,175,1464,404592120, 내역_20230619
4155035032,41,41550,2023-0,32,742,232934620, 내역_20230619
2820010200,28,28200,2023-0,401,7210,2077979800, 내역_20230619
1144011400,11,11440,2023-0,81,2378,570564980, 내역_20230619
4161025024,41,41610,2023-0,261,3227,903833640, 내역_20230619
4163025022,41,41630,2023-0,58,571,161247060, 내역_20230619
4157036028,41,41570,2023-0,168,1677,468440960, 내역_20230619
4128510100,41,41285,2023-0,267,2631,683448580, 내역_20230619
1159010300,11,11590,2023-0,49,579,155300020, 내역_20230619
1129011500,11,11290,2023-0,63,707,178829080, 내역_20230619
1150011300,11,11500,2023-0,2,7651,2532692500, 내역_20230619
4161025921,41,41610,2023-0,88,920,262306120, 내역_20230619
4163031025,41,41630,2023-0,70,766,203649820, 내역_20230619
2811013800,28,28110,2023-0,45,1195,456057380, 내역_20230619
1114012000,11,11140,2023-0,13,456,98273540, 내역_20230619
4161011000,41,41610,2023-0,185,2219,579348720, 내역_20230619
4119510400,41,41195,2023-0,15,171,39090740, 내역_20230619
4136025923,41,41360,2023-0,141,1278,355469620, 내역_20230619
4122011400,41,41220,2023-0,86,864,254416220, 내역_20230619
4136034026,41,41360,2023-0,75,911,244488580, 내역_20230619
4161025330,41,41610,2023-0,104,1225,338644400, 내역_20230619
4148032021,41,41480,2023-0,53,799,234773200, 내역_20230619
4122011000,41,41220,2023-0,109,1646,489371440, 내역_20230619
4148032027,41,41480,2023-0,139,1579,451214780, 내역_20230619
4122011200,41,41220,2023-0,102,1315,314577860, 내역_20230619
4136025625,41,41360,2023-0,39,445,113470260, 내역_20230619
4122025925,41,41220,2023-0,32,400,127571240, 내역_20230619
4137010400,41,41370,2023-0,166,2185,519905620, 내역_20230619
4137010100,41,41370,2023-0,148,2135,477998000, 내역_20230619
1114014600,11,11140,2023-0,26,430,106741040, 내역_20230619
1129013400,11,11290,2023-0,101,1144,296895300, 내역_20230619
4122025041,41,41220,2023-0,62,7901,2913387820, 내역_20230619
1141010800,11,11410,2023-0,5,51,13893680, 내역_20230619
1141011000,11,11410,2023-0,77,1158,224280640, 내역_20230619
4146133026,41,41461,2023-0,17,300,89452080, 내역_20230619
4113511500,41,41135,2023-0,179,2344,711969680, 내역_20230619
4165025026,41,41650,2023-0,60,601,165036240, 내역_20230619
4161011300,41,41610,2023-0,143,1291,348425280, 내역_20230619
1153010300,11,11530,2023-0,43,760,183023500, 내역_20230619
1111010800,11,11110,2023-0,18,223,53575460, 내역_20230619
1141011200,11,11410,2023-0,106,2703,519513340, 내역_20230619
4148026222,41,41480,2023-0,62,594,162446460, 내역_20230619
4146125321,41,41461,2023-0,65,855,286668140, 내역_20230619
1111013900,11,11110,2023-0,15,100,28546920, 내역_20230619
1156012200,11,11560,2023-0,50,297,83627880, 내역_20230619
4128110300,41,41281,2023-0,77,769,197924580, 내역_20230619
4146135024,41,41461,2023-0,31,650,213484760, 내역_20230619
4146136028,41,41461,2023-0,37,539,144731660, 내역_20230619
1129012900,11,11290,2023-0,36,504,125265960, 내역_20230619
4146134021,41,41461,2023-0,24,257,79222280, 내역_20230619
4148035021,41,41480,2023-0,110,955,260895980, 내역_20230619
1129010200,11,11290,2023-0,35,444,105369320, 내역_20230619
4128111200,41,41281,2023-0,294,2583,686587600, 내역_20230619
4159041038,41,41590,2023-0,32,821,284432620, 내역_20230619
4115010300,41,41150,2023-0,51,471,130698340, 내역_20230619
4148025322,41,41480,2023-0,34,1116,333802620, 내역_20230619
4159025934,41,41590,2023-0,76,1115,346371760, 내역_20230619
4145012200,41,41450,2023-0,61,431,117339060, 내역_20230619
1129010300,11,11290,2023-0,73,1953,312356480, 내역_20230619
4128710700,41,41287,2023-0,122,929,227189780, 내역_20230619
4159026225,41,41590,2023-0,29,249,74511340, 내역_20230619
4161034022,41,41610,2023-0,12,68,13162040, 내역_20230619
4128510200,41,41285,2023-0,169,2862,726146640, 내역_20230619
4146131022,41,41461,2023-0,30,354,105480280, 내역_20230619
1114015300,11,11140,2023-0,13,112,29549900, 내역_20230619
4163011400,41,41630,2023-0,232,2940,976126000, 내역_20230619
1114015700,11,11140,2023-0,44,276,76926740, 내역_20230619
2823710100,28,28237,2023-0,547,7828,2073637180, 내역_20230619
4113310300,41,41133,2023-0,102,1525,377179500, 내역_20230619
1129012700,11,11290,2023-0,18,178,40173000, 내역_20230619
4159040023,41,41590,2023-0,38,724,248223220, 내역_20230619
4111710400,41,41117,2023-0,369,3484,990876940, 내역_20230619
4111710100,41,41117,2023-0,269,138436,65917967280, 내역_20230619
4165035024,41,41650,2023-0,14,220,62043460, 내역_20230619
1114016300,11,11140,2023-0,73,1018,286341480, 내역_20230619
2823710300,28,28237,2023-0,148,1681,438081580, 내역_20230619
4128111100,41,41281,2023-0,118,964,276120520, 내역_20230619
1114017000,11,11140,2023-0,19,23190,10205363920, 내역_20230619
4111710500,41,41117,2023-0,612,8108,2234643200, 내역_20230619
4165025028,41,41650,2023-0,29,268,72805580, 내역_20230619
4119010200,41,41190,2023-0,223,2718,660449780, 내역_20230619
4122031031,41,41220,2023-0,27,912,249487520, 내역_20230619
4145012400,41,41450,2023-0,106,1162,321643240, 내역_20230619
4113111000,41,41131,2023-0,18,243,76147580, 내역_20230619
4127111500,41,41271,2023-0,41,368,107013660, 내역_20230619
1111018200,11,11110,2023-0,24,206,53899300, 내역_20230619
1129013700,11,11290,2023-0,38,959,210180580, 내역_20230619
1153011200,11,11530,2023-0,157,1396,332898720, 내역_20230619
4163011700,41,41630,2023-0,78,741,202788200, 내역_20230619
4115010400,41,41150,2023-0,222,2473,630918980, 내역_20230619
2826011700,28,28260,2023-0,80,729,215625540, 내역_20230619
4161025329,41,41610,2023-0,139,1699,459969460, 내역_20230619
4122033021,41,41220,2023-0,24,302,83677560, 내역_20230619
4128511300,41,41285,2023-0,378,3047,792126700, 내역_20230619
4161025332,41,41610,2023-0,55,524,146824900, 내역_20230619
1111013300,11,11110,2023-0,46,464,85809500, 내역_20230619
4127310100,41,41273,2023-0,1037,13132,3366555320, 내역_20230619
4128112800,41,41281,2023-0,351,3827,1026543600, 내역_20230619
4128112500,41,41281,2023-0,48,463,127464300, 내역_20230619
2824511200,28,28245,2023-0,43,406,107094040, 내역_20230619
4136034021,41,41360,2023-0,43,573,152301060, 내역_20230619
1129011200,11,11290,2023-0,30,825,141950600, 내역_20230619
4113111700,41,41131,2023-0,52,803,214959260, 내역_20230619
4145012100,41,41450,2023-0,44,594,150449340, 내역_20230619
4122031027,41,41220,2023-0,122,2602,783545600, 내역_20230619
4136026221,41,41360,2023-0,185,1876,504627260, 내역_20230619
4161010700,41,41610,2023-0,77,762,225791200, 내역_20230619
1144010100,11,11440,2023-0,93,2396,634536140, 내역_20230619
4159041039,41,41590,2023-0,31,366,112199300, 내역_20230619
4119010700,41,41190,2023-0,98,1008,272891120, 내역_20230619
1111011100,11,11110,2023-0,33,1145,466424360, 내역_20230619
2817710200,28,28177,2023-0,271,4265,1004027960, 내역_20230619
1117012600,11,11170,2023-0,26,1567,400907800, 내역_20230619
1111010200,11,11110,2023-0,18,293,75511180, 내역_20230619
1111014900,11,11110,2023-0,38,543,144695160, 내역_20230619
4145011700,41,41450,2023-0,57,502,139281200, 내역_20230619
1129011100,11,11290,2023-0,20,144,27555840, 내역_20230619
4146311600,41,41463,2023-0,486,5066,1367232980, 내역_20230619
4165032025,41,41650,2023-0,31,299,86691320, 내역_20230619
2814010700,28,28140,2023-0,388,5225,1572697840, 내역_20230619
4167011500,41,41670,2023-0,43,309,78234140, 내역_20230619
4136025325,41,41360,2023-0,86,819,205138760, 내역_20230619
4161025926,41,41610,2023-0,25,284,76332780, 내역_20230619
2871032028,28,28710,2023-0,10,67,15770000, 내역_20230619
4119011500,41,41190,2023-0,240,1566,399776180, 내역_20230619
4122031026,41,41220,2023-0,52,4514,1639372380, 내역_20230619
4148011000,41,41480,2023-0,90,877,246231140, 내역_20230619
2818510400,28,28185,2023-0,116,1441,296433620, 내역_20230619
1168011200,11,11680,2023-0,153,2156,730103620, 내역_20230619
4146136023,41,41461,2023-0,26,324,96183800, 내역_20230619
1156012500,11,11560,2023-0,63,774,219233800, 내역_20230619
4146111000,41,41461,2023-0,7,58,19121040, 내역_20230619
4163011600,41,41630,2023-0,170,1820,481316380, 내역_20230619
4159033026,41,41590,2023-0,21,265,67836380, 내역_20230619
4136010400,41,41360,2023-0,141,1220,325403220, 내역_20230619
2871025026,28,28710,2023-0,12,571,179225180, 내역_20230619
4111514100,41,41115,2023-0,638,13603,3757041460, 내역_20230619
4136025621,41,41360,2023-0,80,771,221471780, 내역_20230619
4155032025,41,41550,2023-0,13,183,52429360, 내역_20230619
4159036022,41,41590,2023-0,154,1559,446632520, 내역_20230619
1129010900,11,11290,2023-0,19,628,171164900, 내역_20230619
4145010200,41,41450,2023-0,156,1382,338104160, 내역_20230619
4161025930,41,41610,2023-0,50,575,150320080, 내역_20230619
2826011300,28,28260,2023-0,185,1724,459957280, 내역_20230619
4146510200,41,41465,2023-0,316,6665,1832804940, 내역_20230619
4161025328,41,41610,2023-0,190,2082,602103240, 내역_20230619
4115010600,41,41150,2023-0,223,2592,607047440, 내역_20230619
4165034021,41,41650,2023-0,42,515,135792160, 내역_20230619
4128710500,41,41287,2023-0,311,2737,702037880, 내역_20230619
4119010800,41,41190,2023-0,776,8817,2223226760, 내역_20230619
1129012800,11,11290,2023-0,9,78,16529200, 내역_20230619
4146310900,41,41463,2023-0,242,26553,12293491800, 내역_20230619
4161010900,41,41610,2023-0,66,642,182324620, 내역_20230619
4165010400,41,41650,2023-0,82,965,214232760, 내역_20230619
1117010200,11,11170,2023-0,44,3027,763288000, 내역_20230619
4111313200,41,41113,2023-0,124,1111,267297580, 내역_20230619
4136025328,41,41360,2023-0,171,1806,452920640, 내역_20230619
4136034027,41,41360,2023-0,109,1123,305228660, 내역_20230619
4150031030,41,41500,2023-0,18,202,52086840, 내역_20230619
1114014200,11,11140,2023-0,48,873,228349640, 내역_20230619
4157035022,41,41570,2023-0,29,676,196986920, 내역_20230619
1111018500,11,11110,2023-0,24,690,106471460, 내역_20230619
4113310600,41,41133,2023-0,156,2858,851173440, 내역_20230619
4150010200,41,41500,2023-0,59,1089,354899640, 내역_20230619
4136025922,41,41360,2023-0,100,658,171710320, 내역_20230619
4136025628,41,41360,2023-0,86,1281,399306340, 내역_20230619
4157025025,41,41570,2023-0,174,2048,573963460, 내역_20230619
4161011100,41,41610,2023-0,104,1156,310165640, 내역_20230619
4139010200,41,41390,2023-0,276,2672,693142600, 내역_20230619
4146310700,41,41463,2023-0,123,14118,6219320260, 내역_20230619
4159025629,41,41590,2023-0,28,530,166221780, 내역_20230619
4161033023,41,41610,2023-0,90,774,221202960, 내역_20230619
1111010900,11,11110,2023-0,7,32,6175480, 내역_20230619
4167011900,41,41670,2023-0,23,150,33296900, 내역_20230619
1117013500,11,11170,2023-0,16,982,236984000, 내역_20230619
4159025926,41,41590,2023-0,137,2774,899514460, 내역_20230619
4161025922,41,41610,2023-0,96,1125,301859320, 내역_20230619
4157035023,41,41570,2023-0,154,1984,580242040, 내역_20230619
1144012600,11,11440,2023-0,18,165,37302680, 내역_20230619
4146135023,41,41461,2023-0,61,1204,385574920, 내역_20230619
4145011800,41,41450,2023-0,98,670,179029840, 내역_20230619
4119011400,41,41190,2023-0,212,2747,763038960, 내역_20230619
4150034023,41,41500,2023-0,31,693,212914840, 내역_20230619
4111710200,41,41117,2023-0,410,16754,5975502860, 내역_20230619
4113510800,41,41135,2023-0,119,1268,348709100, 내역_20230619
4155038021,41,41550,2023-0,55,839,254188260, 내역_20230619
4122031022,41,41220,2023-0,89,2390,799827160, 내역_20230619
1153010900,11,11530,2023-0,55,769,207189800, 내역_20230619
4136031023,41,41360,2023-0,49,507,123501240, 내역_20230619
4127111200,41,41271,2023-0,110,2350,735015660, 내역_20230619
4163033025,41,41630,2023-0,12,122,33335100, 내역_20230619
4113510600,41,41135,2023-0,166,1964,555669600, 내역_20230619
2826010700,28,28260,2023-0,176,3445,791630820, 내역_20230619
4159033024,41,41590,2023-0,191,3688,1192117820, 내역_20230619
4167037025,41,41670,2023-0,7,53,15262520, 내역_20230619
4161025321,41,41610,2023-0,100,1245,351403520, 내역_20230619
4155031039,41,41550,2023-0,11,129,40160840, 내역_20230619
4163025025,41,41630,2023-0,99,1691,466452440, 내역_20230619
1111011200,11,11110,2023-0,13,83,20842560, 내역_20230619
2823710800,28,28237,2023-0,105,2057,478620940, 내역_20230619
1141011300,11,11410,2023-0,25,425,119309140, 내역_20230619
4157025024,41,41570,2023-0,16,455,137568940, 내역_20230619
4136025630,41,41360,2023-0,168,1747,446945260, 내역_20230619
4136010500,41,41360,2023-0,57,635,163249720, 내역_20230619
4122025922,41,41220,2023-0,50,766,238113440, 내역_20230619
4139013400,41,41390,2023-0,94,745,217653920, 내역_20230619
4150036026,41,41500,2023-0,20,275,80677320, 내역_20230619
4155033023,41,41550,2023-0,20,354,104582120, 내역_20230619
4155036025,41,41550,2023-0,4,65,18986200, 내역_20230619
2871031024,28,28710,2023-0,6,122,28243480, 내역_20230619
4167025040,41,41670,2023-0,10,180,53012440, 내역_20230619
4183038021,41,41830,2023-0,11,102,30417440, 내역_20230619
1111010100,11,11110,2023-0,29,283,71830740, 내역_20230619
4148026224,41,41480,2023-0,95,910,253050940, 내역_20230619
4167011400,41,41670,2023-0,31,413,135065060, 내역_20230619
4139012800,41,41390,2023-0,63,539,155281660, 내역_20230619
4122031030,41,41220,2023-0,25,291,91933280, 내역_20230619
4111313600,41,41113,2023-0,127,1811,522586400, 내역_20230619
1129013200,11,11290,2023-0,5,63,13308120, 내역_20230619
4139012400,41,41390,2023-0,197,1501,390855720, 내역_20230619
4157025621,41,41570,2023-0,109,847,215087820, 내역_20230619
4145011400,41,41450,2023-0,119,1253,368321860, 내역_20230619
4139010700,41,41390,2023-0,76,626,175830460, 내역_20230619
4146125322,41,41461,2023-0,92,824,219699280, 내역_20230619
4157025323,41,41570,2023-0,66,454,121601720, 내역_20230619
4155041026,41,41550,2023-0,15,179,49515580, 내역_20230619
4159037025,41,41590,2023-0,32,469,145027600, 내역_20230619
4146131026,41,41461,2023-0,15,206,58731280, 내역_20230619
2823710600,28,28237,2023-0,316,3106,792126320, 내역_20230619
4139011300,41,41390,2023-0,113,773,212080280, 내역_20230619
2824511700,28,28245,2023-0,16,95,25684360, 내역_20230619
4145011900,41,41450,2023-0,68,512,129241500, 내역_20230619
4159011800,41,41590,2023-0,193,2939,861844440, 내역_20230619
4161010600,41,41610,2023-0,51,460,131946740, 내역_20230619
4128112000,41,41281,2023-0,123,1251,345983480, 내역_20230619
4128510700,41,41285,2023-0,190,1930,530475960, 내역_20230619
4128111900,41,41281,2023-0,84,803,198325040, 내역_20230619
4128112300,41,41281,2023-0,316,4584,1297982000, 내역_20230619
4157036022,41,41570,2023-0,69,607,174250960, 내역_20230619
4113111600,41,41131,2023-0,112,2780,990996240, 내역_20230619
4161025327,41,41610,2023-0,98,864,236093440, 내역_20230619
1129010400,11,11290,2023-0,16,122,30839640, 내역_20230619
4115010700,41,41150,2023-0,44,531,141234340, 내역_20230619
4150034025,41,41500,2023-0,54,1155,371628940, 내역_20230619
1111016700,11,11110,2023-0,65,706,186478260, 내역_20230619
4183032021,41,41830,2023-0,5,32,8844220, 내역_20230619
1120010900,11,11200,2023-0,39,284,65276940, 내역_20230619
4127310200,41,41273,2023-0,78,692,167099140, 내역_20230619
4139010100,41,41390,2023-0,340,4119,993977180, 내역_20230619
4182032521,41,41820,2023-0,52,482,118935660, 내역_20230619
4161025025,41,41610,2023-0,125,1592,439118220, 내역_20230619
4157036030,41,41570,2023-0,21,282,73583360, 내역_20230619
1129012300,11,11290,2023-0,11,62,14771360, 내역_20230619
4122025326,41,41220,2023-0,27,963,330612920, 내역_20230619
1117012300,11,11170,2023-0,118,1490,425939500, 내역_20230619
4143010800,41,41430,2023-0,53,620,161386300, 내역_20230619
4157025028,41,41570,2023-0,92,695,189319180, 내역_20230619
4161011500,41,41610,2023-0,14,103,24114140, 내역_20230619
4146125029,41,41461,2023-0,44,310,82935160, 내역_20230619
4159031024,41,41590,2023-0,10,111,28747360, 내역_20230619
4122025622,41,41220,2023-0,124,2010,658796000, 내역_20230619
4155031021,41,41550,2023-0,7,99,29098240, 내역_20230619
4113110200,41,41131,2023-0,134,2193,671913800, 내역_20230619
4136034025,41,41360,2023-0,10,288,73580980, 내역_20230619
4161033022,41,41610,2023-0,63,635,177298980, 내역_20230619
4146311300,41,41463,2023-0,133,4607,1782121260, 내역_20230619
4145010500,41,41450,2023-0,72,1151,312722200, 내역_20230619
4159036028,41,41590,2023-0,25,275,78505380, 내역_20230619
2824510200,28,28245,2023-0,444,5537,1226654260, 내역_20230619
4155034033,41,41550,2023-0,31,1420,454244180, 내역_20230619
4159012800,41,41590,2023-0,159,13623,4812587720, 내역_20230619
4150032028,41,41500,2023-0,44,581,174311220, 내역_20230619
4121010700,41,41210,2023-0,106,893,245849100, 내역_20230619
4159037023,41,41590,2023-0,220,3466,1131665980, 내역_20230619
1111015000,11,11110,2023-0,1,37,7350060, 내역_20230619
4122025628,41,41220,2023-0,46,635,180875800, 내역_20230619
4155036023,41,41550,2023-0,30,418,126704580, 내역_20230619
4131010700,41,41310,2023-0,135,1715,505639780, 내역_20230619
4146134025,41,41461,2023-0,27,370,99777180, 내역_20230619
4136010100,41,41360,2023-0,126,1132,287308100, 내역_20230619
1114016400,11,11140,2023-0,19,326,85904440, 내역_20230619
4113310900,41,41133,2023-0,134,1925,579382360, 내역_20230619
4146136025,41,41461,2023-0,19,546,204292160, 내역_20230619
4159013500,41,41590,2023-0,77,1051,242501660, 내역_20230619
4159041027,41,41590,2023-0,140,1316,405294260, 내역_20230619
1144011200,11,11440,2023-0,6,41,11870340, 내역_20230619
4157034022,41,41570,2023-0,89,742,221081960, 내역_20230619
4163011100,41,41630,2023-0,103,1185,306519520, 내역_20230619
4150031032,41,41500,2023-0,12,339,104705260, 내역_20230619
1111017200,11,11110,2023-0,31,198,44546740, 내역_20230619
4128510300,41,41285,2023-0,88,869,204464040, 내역_20230619
4157025027,41,41570,2023-0,153,1475,423047120, 내역_20230619
4146310200,41,41463,2023-0,534,7175,2082534020, 내역_20230619
4159041032,41,41590,2023-0,80,1195,371058000, 내역_20230619
4129010200,41,41290,2023-0,52,763,203397980, 내역_20230619
4146136030,41,41461,2023-0,37,642,201683980, 내역_20230619
4113110700,41,41131,2023-0,263,4451,1124124660, 내역_20230619
4159036034,41,41590,2023-0,83,949,292806540, 내역_20230619
4182031034,41,41820,2023-0,2,61,17917700, 내역_20230619
4157025029,41,41570,2023-0,144,1430,393036200, 내역_20230619
4113310700,41,41133,2023-0,74,720,192060240, 내역_20230619
4131010100,41,41310,2023-0,258,2670,782207620, 내역_20230619
4115010900,41,41150,2023-0,160,1504,362799420, 내역_20230619
4155039033,41,41550,2023-0,15,459,156528220, 내역_20230619
4121010100,41,41210,2023-0,233,3872,1101807640, 내역_20230619
4146125923,41,41461,2023-0,32,580,174319980, 내역_20230619
4159040026,41,41590,2023-0,120,2181,733616200, 내역_20230619
4155012700,41,41550,2023-0,14,88,20835100, 내역_20230619
1138010800,11,11380,2023-0,137,1101,267148140, 내역_20230619
1114013000,11,11140,2023-0,12,178,44873460, 내역_20230619
1159010600,11,11590,2023-0,15,161,43186720, 내역_20230619
4136025025,41,41360,2023-0,67,487,127101600, 내역_20230619
4165031022,41,41650,2023-0,114,2135,578691660, 내역_20230619
4122031024,41,41220,2023-0,32,321,93259100, 내역_20230619
4159032026,41,41590,2023-0,7,238,85025840, 내역_20230619
4159012100,41,41590,2023-0,88,791,211699900, 내역_20230619
4139012900,41,41390,2023-0,152,1923,461970180, 내역_20230619
4146510600,41,41465,2023-0,113,1295,396507040, 내역_20230619
4161025022,41,41610,2023-0,91,830,211714820, 내역_20230619
4159013800,41,41590,2023-0,167,6114,1882434660, 내역_20230619
4128111300,41,41281,2023-0,69,677,172108740, 내역_20230619
4161010800,41,41610,2023-0,103,779,199658640, 내역_20230619
4159035021,41,41590,2023-0,131,1792,560415380, 내역_20230619
4141010100,41,41410,2023-0,167,3305,891719320, 내역_20230619
4136025021,41,41360,2023-0,108,912,263093400, 내역_20230619
2818510500,28,28185,2023-0,191,3639,1040416960, 내역_20230619
4161025934,41,41610,2023-0,59,645,180673520, 내역_20230619
4139012600,41,41390,2023-0,78,657,195746020, 내역_20230619
4165034022,41,41650,2023-0,53,692,177247000, 내역_20230619
4163034027,41,41630,2023-0,7,72,26144840, 내역_20230619
4111513700,41,41115,2023-0,29,234,50280900, 내역_20230619
4136025324,41,41360,2023-0,80,786,201767440, 내역_20230619
4159025925,41,41590,2023-0,206,3464,1114841320, 내역_20230619
4148025323,41,41480,2023-0,65,1235,319977960, 내역_20230619
4122025928,41,41220,2023-0,49,1437,531487400, 내역_20230619
4155025026,41,41550,2023-0,69,1133,344291820, 내역_20230619
4136026521,41,41360,2023-0,67,545,143712740, 내역_20230619
4131010200,41,41310,2023-0,159,1476,372029220, 내역_20230619
4159041021,41,41590,2023-0,44,468,118713420, 내역_20230619
4159041033,41,41590,2023-0,100,2326,726147480, 내역_20230619
4148032023,41,41480,2023-0,41,807,211536380, 내역_20230619
4161010300,41,41610,2023-0,215,6211,1827410480, 내역_20230619
4113511700,41,41135,2023-0,33,728,270490680, 내역_20230619
4161010400,41,41610,2023-0,45,328,84850260, 내역_20230619
4159025321,41,41590,2023-0,79,1012,236521420, 내역_20230619
4159012900,41,41590,2023-0,257,3795,1228015140, 내역_20230619
4145010300,41,41450,2023-0,93,981,259076880, 내역_20230619
4150037022,41,41500,2023-0,11,69,18870200, 내역_20230619
1129011800,11,11290,2023-0,15,86,20530180, 내역_20230619
4180025321,41,41800,2023-0,82,840,236978400, 내역_20230619
4148036026,41,41480,2023-0,13,195,50490520, 내역_20230619
1114010600,11,11140,2023-0,12,163,55838320, 내역_20230619
4150011300,41,41500,2023-0,12,131,35456960, 내역_20230619
4148032031,41,41480,2023-0,26,251,68166640, 내역_20230619
4155038022,41,41550,2023-0,49,2086,380550280, 내역_20230619
4150033024,41,41500,2023-0,16,157,44220620, 내역_20230619
4139010600,41,41390,2023-0,207,2034,504496900, 내역_20230619
4119510800,41,41195,2023-0,13,96,26688420, 내역_20230619
4146125626,41,41461,2023-0,87,2474,743031240, 내역_20230619
4113111100,41,41131,2023-0,23,188,51192680, 내역_20230619
4159025936,41,41590,2023-0,150,1739,530496000, 내역_20230619
4148010600,41,41480,2023-0,57,1059,235290660, 내역_20230619
2824510500,28,28245,2023-0,42,411,84384520, 내역_20230619
4159041037,41,41590,2023-0,3,29,10562900, 내역_20230619
4157035025,41,41570,2023-0,17,377,78405720, 내역_20230619
1129010500,11,11290,2023-0,6,34,8500020, 내역_20230619
4183041025,41,41830,2023-0,6,107,30961620, 내역_20230619
4146125323,41,41461,2023-0,92,597,155661020, 내역_20230619
4150035031,41,41500,2023-0,38,467,147153820, 내역_20230619
4122025930,41,41220,2023-0,38,1793,681828880, 내역_20230619
4159011600,41,41590,2023-0,200,1995,458313160, 내역_20230619
4127110600,41,41271,2023-0,32,254,69951940, 내역_20230619
4146132022,41,41461,2023-0,57,3692,1316394420, 내역_20230619
4139012500,41,41390,2023-0,44,273,76894680, 내역_20230619
4136010300,41,41360,2023-0,225,2557,613719420, 내역_20230619
4128510500,41,41285,2023-0,133,4296,1248012100, 내역_20230619
4165036023,41,41650,2023-0,25,216,64191900, 내역_20230619
4128110400,41,41281,2023-0,281,4172,881996880, 내역_20230619
4159014000,41,41590,2023-0,87,738,209132860, 내역_20230619
4148026221,41,41480,2023-0,68,700,187874660, 내역_20230619
4150025029,41,41500,2023-0,27,290,83291480, 내역_20230619
4148012200,41,41480,2023-0,241,2441,748363660, 내역_20230619
4136025627,41,41360,2023-0,64,498,129494480, 내역_20230619
4150034021,41,41500,2023-0,39,381,109941180, 내역_20230619
4155033031,41,41550,2023-0,6,79,21250220, 내역_20230619
4111113100,41,41111,2023-0,91,1585,471246840, 내역_20230619
4129010400,41,41290,2023-0,45,1357,357894220, 내역_20230619
4165031021,41,41650,2023-0,35,344,98933340, 내역_20230619
4115010200,41,41150,2023-0,154,1841,429792860, 내역_20230619
4146510500,41,41465,2023-0,103,1091,265527420, 내역_20230619
4128112600,41,41281,2023-0,21,190,51167000, 내역_20230619
4119010100,41,41190,2023-0,308,4716,1125301140, 내역_20230619
4122031021,41,41220,2023-0,17,224,62185660, 내역_20230619
4150035028,41,41500,2023-0,17,211,65547740, 내역_20230619
4122011700,41,41220,2023-0,193,3687,967782400, 내역_20230619
4159035024,41,41590,2023-0,57,700,209736880, 내역_20230619
4136031021,41,41360,2023-0,73,583,149457220, 내역_20230619
4157025322,41,41570,2023-0,29,286,79972420, 내역_20230619
4163025021,41,41630,2023-0,104,815,192321980, 내역_20230619
4155025025,41,41550,2023-0,89,1033,287886100, 내역_20230619
4122025327,41,41220,2023-0,20,228,71398940, 내역_20230619
4122025621,41,41220,2023-0,56,2052,758021780, 내역_20230619
4136036025,41,41360,2023-0,11,91,24265320, 내역_20230619
4157034027,41,41570,2023-0,89,730,210213940, 내역_20230619
2826010300,28,28260,2023-0,88,1660,506976180, 내역_20230619
4148031021,41,41480,2023-0,74,917,269534680, 내역_20230619
4155035027,41,41550,2023-0,20,684,224256640, 내역_20230619
4155036038,41,41550,2023-0,14,132,35560240, 내역_20230619
2820010500,28,28200,2023-0,143,1407,367849220, 내역_20230619
4159026227,41,41590,2023-0,128,1532,458067360, 내역_20230619
4183035021,41,41830,2023-0,25,182,44201100, 내역_20230619
4148025324,41,41480,2023-0,39,343,99924420, 내역_20230619
4111512900,41,41115,2023-0,12,167,33114720, 내역_20230619
4155038023,41,41550,2023-0,41,809,252111260, 내역_20230619
4182031033,41,41820,2023-0,4,201,49641820, 내역_20230619
4159026226,41,41590,2023-0,90,934,274292780, 내역_20230619
4148032030,41,41480,2023-0,42,520,141275440, 내역_20230619
4128112200,41,41281,2023-0,39,374,112056920, 내역_20230619
4128511200,41,41285,2023-0,147,1328,349253780, 내역_20230619
4155035033,41,41550,2023-0,46,863,275788600, 내역_20230619
4128112700,41,41281,2023-0,12,67,19035060, 내역_20230619
4159025628,41,41590,2023-0,51,958,276471060, 내역_20230619
4155012600,41,41550,2023-0,34,337,90259420, 내역_20230619
4163010700,41,41630,2023-0,62,584,142213340, 내역_20230619
4127111300,41,41271,2023-0,35,287,75365540, 내역_20230619
4136010200,41,41360,2023-0,128,1296,333798320, 내역_20230619
1111018100,11,11110,2023-0,6,75,16892540, 내역_20230619
4146510700,41,41465,2023-0,372,4857,1371824220, 내역_20230619
4159025330,41,41590,2023-0,69,709,216186800, 내역_20230619
4128113200,41,41281,2023-0,164,2068,725466960, 내역_20230619
4111313300,41,41113,2023-0,127,1193,303070580, 내역_20230619
4161025929,41,41610,2023-0,19,133,41326420, 내역_20230619
4111312600,41,41113,2023-0,218,2711,610316440, 내역_20230619
4157036027,41,41570,2023-0,49,410,118993320, 내역_20230619
4115010100,41,41150,2023-0,523,7376,2110368640, 내역_20230619
4122011800,41,41220,2023-0,268,3842,991207120, 내역_20230619
4148032028,41,41480,2023-0,74,1364,327017720, 내역_20230619
4163034021,41,41630,2023-0,17,207,52752500, 내역_20230619
4128710200,41,41287,2023-0,188,2034,460779900, 내역_20230619
4128511000,41,41285,2023-0,129,1327,325500500, 내역_20230619
4165010500,41,41650,2023-0,111,1274,338386200, 내역_20230619
4146135022,41,41461,2023-0,18,218,65059240, 내역_20230619
4161025923,41,41610,2023-0,33,482,103686680, 내역_20230619
1120010100,11,11200,2023-0,22,146,36374920, 내역_20230619
4157034029,41,41570,2023-0,267,3148,964711900, 내역_20230619
4150032026,41,41500,2023-0,29,475,130020420, 내역_20230619
4136025924,41,41360,2023-0,46,330,86290300, 내역_20230619
1111018700,11,11110,2023-0,19,167,38312600, 내역_20230619
4165032021,41,41650,2023-0,89,716,189710240, 내역_20230619
4115011300,41,41150,2023-0,44,464,151262160, 내역_20230619
4127110500,41,41271,2023-0,86,1137,332252260, 내역_20230619
4163034023,41,41630,2023-0,40,524,134101220, 내역_20230619
4159036032,41,41590,2023-0,35,312,94215320, 내역_20230619
4122025929,41,41220,2023-0,68,1761,607008180, 내역_20230619
4111113500,41,41111,2023-0,111,1353,381810320, 내역_20230619
4165031023,41,41650,2023-0,49,647,181050260, 내역_20230619
4137011300,41,41370,2023-0,235,2825,865104060, 내역_20230619
4159033021,41,41590,2023-0,44,402,123627300, 내역_20230619
4146125924,41,41461,2023-0,16,143,45329220, 내역_20230619
4122034023,41,41220,2023-0,14,105,30943500, 내역_20230619
1111015100,11,11110,2023-0,54,408,100362340, 내역_20230619
4111313100,41,41113,2023-0,133,2466,692456360, 내역_20230619
4155036036,41,41550,2023-0,14,125,37245860, 내역_20230619
4121010800,41,41210,2023-0,60,574,174525300, 내역_20230619
4159036029,41,41590,2023-0,65,628,179495340, 내역_20230619
1111010500,11,11110,2023-0,12,167,46105860, 내역_20230619
4148011800,41,41480,2023-0,39,367,106272140, 내역_20230619
4148012100,41,41480,2023-0,82,826,230702720, 내역_20230619
4127310800,41,41273,2023-0,442,2870,689089020, 내역_20230619
4159037028,41,41590,2023-0,77,3980,1584307460, 내역_20230619
4136025023,41,41360,2023-0,27,386,102647380, 내역_20230619
4161033026,41,41610,2023-0,35,271,75682720, 내역_20230619
4143010700,41,41430,2023-0,129,1598,433078440, 내역_20230619
4165010600,41,41650,2023-0,96,1725,443892240, 내역_20230619
4136010700,41,41360,2023-0,29,258,68804500, 내역_20230619
4111113000,41,41111,2023-0,295,6001,2023474820, 내역_20230619
4146136022,41,41461,2023-0,42,594,198614880, 내역_20230619
4157034026,41,41570,2023-0,83,609,174981800, 내역_20230619
4136026223,41,41360,2023-0,191,1877,468743640, 내역_20230619
4155042023,41,41550,2023-0,4,114,37174600, 내역_20230619
4157034025,41,41570,2023-0,154,1377,395363860, 내역_20230619
4155038027,41,41550,2023-0,42,1496,462635340, 내역_20230619
4119011200,41,41190,2023-0,29,272,79141920, 내역_20230619
4145010100,41,41450,2023-0,103,1140,306080080, 내역_20230619
4113511600,41,41135,2023-0,53,413,130083800, 내역_20230619
4159012300,41,41590,2023-0,47,484,125548060, 내역_20230619
4159025328,41,41590,2023-0,104,1421,386323360, 내역_20230619
4139010300,41,41390,2023-0,111,1220,351023440, 내역_20230619
4159025938,41,41590,2023-0,46,1252,335875180, 내역_20230619
4111710600,41,41117,2023-0,332,4445,1353337640, 내역_20230619
4161025927,41,41610,2023-0,61,549,156270580, 내역_20230619
4163010900,41,41630,2023-0,66,526,145442960, 내역_20230619
4145012000,41,41450,2023-0,39,276,68372720, 내역_20230619
4157034024,41,41570,2023-0,99,792,222963800, 내역_20230619
2826012200,28,28260,2023-0,741,8858,2589113020, 내역_20230619
4159025622,41,41590,2023-0,44,541,163197220, 내역_20230619
1114014100,11,11140,2023-0,8,213,63200480, 내역_20230619
4122025932,41,41220,2023-0,113,1588,526165280, 내역_20230619
4159033028,41,41590,2023-0,20,123,37632860, 내역_20230619
4146125025,41,41461,2023-0,58,570,146681440, 내역_20230619
4113110100,41,41131,2023-0,162,1840,514756600, 내역_20230619
1141010700,11,11410,2023-0,5,37,9166620, 내역_20230619
4146110800,41,41461,2023-0,26,175,51003200, 내역_20230619
4111514000,41,41115,2023-0,144,2026,598264880, 내역_20230619
4165036021,41,41650,2023-0,39,1048,276850640, 내역_20230619
4155035026,41,41550,2023-0,32,423,110870320, 내역_20230619
4155041023,41,41550,2023-0,23,288,79960060, 내역_20230619
2871040024,28,28710,2023-0,1,4,1209600, 내역_20230619
4136025327,41,41360,2023-0,152,1800,493706520, 내역_20230619
4111113400,41,41111,2023-0,113,2457,704232740, 내역_20230619
4119011100,41,41190,2023-0,80,1199,271824480, 내역_20230619
4157010300,41,41570,2023-0,203,1656,417114340, 내역_20230619
4165025021,41,41650,2023-0,110,1444,414381040, 내역_20230619
2817710100,28,28177,2023-0,184,3114,819944080, 내역_20230619
4159036031,41,41590,2023-0,121,1682,512755300, 내역_20230619
4159025927,41,41590,2023-0,57,488,149064060, 내역_20230619
2826011400,28,28260,2023-0,200,2253,620693820, 내역_20230619
4159025334,41,41590,2023-0,72,1120,318517720, 내역_20230619
4148011600,41,41480,2023-0,43,372,111908880, 내역_20230619
4148026227,41,41480,2023-0,54,427,111307720, 내역_20230619
4148036021,41,41480,2023-0,15,104,27547180, 내역_20230619
4159034035,41,41590,2023-0,27,208,58835160, 내역_20230619
4127110100,41,41271,2023-0,59,1100,303034040, 내역_20230619
2811013600,28,28110,2023-0,9,68,12330780, 내역_20230619
4146132031,41,41461,2023-0,30,580,179234720, 내역_20230619
4137011400,41,41370,2023-0,115,2274,697282640, 내역_20230619
4119012200,41,41190,2023-0,12,308,95592100, 내역_20230619
4113511300,41,41135,2023-0,24,292,77270920, 내역_20230619
4128111700,41,41281,2023-0,57,536,137741700, 내역_20230619
4155012400,41,41550,2023-0,40,308,79565760, 내역_20230619
4111112900,41,41111,2023-0,114,3062,678186380, 내역_20230619
4150034027,41,41500,2023-0,43,1010,281474100, 내역_20230619
4157025321,41,41570,2023-0,50,349,89328300, 내역_20230619
4183031021,41,41830,2023-0,23,188,56064420, 내역_20230619
4161025322,41,41610,2023-0,67,881,287448700, 내역_20230619
2872033022,28,28720,2023-0,16,93,20843200, 내역_20230619
4150025326,41,41500,2023-0,12,102,26669840, 내역_20230619
2823710200,28,28237,2023-0,295,4543,1307438300, 내역_20230619
4150010300,41,41500,2023-0,130,1824,464971160, 내역_20230619
4148025022,41,41480,2023-0,38,1206,430855020, 내역_20230619
4122037021,41,41220,2023-0,5,47,14795100, 내역_20230619
4159041022,41,41590,2023-0,126,2065,620159720, 내역_20230619
4165037022,41,41650,2023-0,12,146,39626760, 내역_20230619
4122025627,41,41220,2023-0,29,279,87537780, 내역_20230619
4136025321,41,41360,2023-0,110,1304,311084180, 내역_20230619
4146125628,41,41461,2023-0,42,372,97445660, 내역_20230619
4111312900,41,41113,2023-0,142,3207,807971200, 내역_20230619
4127110900,41,41271,2023-0,122,1496,332925600, 내역_20230619
4122025931,41,41220,2023-0,13,291,83810720, 내역_20230619
4155033029,41,41550,2023-0,35,898,262620020, 내역_20230619
4155025021,41,41550,2023-0,26,707,248965540, 내역_20230619
4161037026,41,41610,2023-0,6,32,8268380, 내역_20230619
4155038028,41,41550,2023-0,28,677,217627460, 내역_20230619
4159011700,41,41590,2023-0,245,2495,606133260, 내역_20230619
4183025028,41,41830,2023-0,16,387,112995820, 내역_20230619
4165035022,41,41650,2023-0,9,52,16489240, 내역_20230619
4150034026,41,41500,2023-0,20,216,57484460, 내역_20230619
4183034021,41,41830,2023-0,22,169,42389780, 내역_20230619
4146131021,41,41461,2023-0,17,470,124916120, 내역_20230619
4165041022,41,41650,2023-0,21,251,68753480, 내역_20230619
2811011100,28,28110,2023-0,6,92,29050560, 내역_20230619
4159041028,41,41590,2023-0,83,710,209728300, 내역_20230619
4155012500,41,41550,2023-0,62,1276,440353520, 내역_20230619
4180025021,41,41800,2023-0,51,517,134208520, 내역_20230619
4150032023,41,41500,2023-0,14,114,37776500, 내역_20230619
2818510300,28,28185,2023-0,188,2773,719286620, 내역_20230619
4159035023,41,41590,2023-0,16,249,73872360, 내역_20230619
2871042021,28,28710,2023-0,2,10,2918300, 내역_20230619
2811012500,28,28110,2023-0,16,183,38415140, 내역_20230619
4127110400,41,41271,2023-0,198,1980,485472860, 내역_20230619
4155041030,41,41550,2023-0,3,38,10614260, 내역_20230619
4163025024,41,41630,2023-0,32,221,47931920, 내역_20230619
2811011800,28,28110,2023-0,331,5565,1800645880, 내역_20230619
4113110400,41,41131,2023-0,53,690,173414920, 내역_20230619
4159025327,41,41590,2023-0,77,1071,303982060, 내역_20230619
4146311200,41,41463,2023-0,55,616,160594140, 내역_20230619
4148031025,41,41480,2023-0,115,1255,336936420, 내역_20230619
4155035025,41,41550,2023-0,16,216,57468320, 내역_20230619
4167010200,41,41670,2023-0,61,651,173558200, 내역_20230619
1117011400,11,11170,2023-0,6,34,8791600, 내역_20230619
4163034025,41,41630,2023-0,43,565,147407840, 내역_20230619
4150037030,41,41500,2023-0,19,173,53946860, 내역_20230619
4182034521,41,41820,2023-0,16,117,30789880, 내역_20230619
4161036021,41,41610,2023-0,2,18,5382820, 내역_20230619
2820010900,28,28200,2023-0,49,341,83161480, 내역_20230619
4139012700,41,41390,2023-0,87,878,232893140, 내역_20230619
4161025935,41,41610,2023-0,26,517,139589960, 내역_20230619
4157010200,41,41570,2023-0,94,2188,645850860, 내역_20230619
4146110200,41,41461,2023-0,143,1663,453120520, 내역_20230619
4146131027,41,41461,2023-0,26,416,130542980, 내역_20230619
4125010300,41,41250,2023-0,128,1665,401664860, 내역_20230619
4150038022,41,41500,2023-0,2,18,4768780, 내역_20230619
4136010800,41,41360,2023-0,54,532,138757380, 내역_20230619
4137010300,41,41370,2023-0,239,3723,1107037440, 내역_20230619
4139011800,41,41390,2023-0,82,1207,327612840, 내역_20230619
4150033022,41,41500,2023-0,58,982,285754720, 내역_20230619
4163032026,41,41630,2023-0,64,903,233898800, 내역_20230619
4157010900,41,41570,2023-0,303,2368,587128120, 내역_20230619
4122025328,41,41220,2023-0,10,131,37991600, 내역_20230619
4150038021,41,41500,2023-0,11,65,22860280, 내역_20230619
4159025931,41,41590,2023-0,34,367,114029540, 내역_20230619
4163031024,41,41630,2023-0,31,305,79512640, 내역_20230619
4159036024,41,41590,2023-0,83,1327,395920780, 내역_20230619
4139010900,41,41390,2023-0,104,911,260551760, 내역_20230619
4137010800,41,41370,2023-0,81,833,227977040, 내역_20230619
2871031025,28,28710,2023-0,47,537,169967240, 내역_20230619
4122010200,41,41220,2023-0,73,2565,797577300, 내역_20230619
4146135032,41,41461,2023-0,15,674,206237360, 내역_20230619
2823710700,28,28237,2023-0,141,1480,375489160, 내역_20230619
4146311000,41,41463,2023-0,59,1229,261494140, 내역_20230619
4182033021,41,41820,2023-0,12,104,29822280, 내역_20230619
2814010300,28,28140,2023-0,221,4784,1994285960, 내역_20230619
4165025029,41,41650,2023-0,88,809,214938880, 내역_20230619
4139010400,41,41390,2023-0,50,366,95608060, 내역_20230619
4167025028,41,41670,2023-0,22,583,178227540, 내역_20230619
4137011800,41,41370,2023-0,24,322,81024900, 내역_20230619
4111512800,41,41115,2023-0,14,332,103443000, 내역_20230619
4148031022,41,41480,2023-0,54,381,105607200, 내역_20230619
4155032021,41,41550,2023-0,6,28,7197240, 내역_20230619
2818510100,28,28185,2023-0,215,2657,723426140, 내역_20230619
4122012200,41,41220,2023-0,34,458,89592600, 내역_20230619
4159025929,41,41590,2023-0,121,1654,505226380, 내역_20230619
4165010100,41,41650,2023-0,121,1938,543249520, 내역_20230619
4163033022,41,41630,2023-0,24,540,144146920, 내역_20230619
4125011000,41,41250,2023-0,23,689,195415420, 내역_20230619
4163011500,41,41630,2023-0,65,554,132131360, 내역_20230619
4122010600,41,41220,2023-0,84,1245,359075100, 내역_20230619
4146136024,41,41461,2023-0,50,1424,477726480, 내역_20230619
4127311100,41,41273,2023-0,36,306,79015880, 내역_20230619
2872033025,28,28720,2023-0,1,5,807740, 내역_20230619
4155034035,41,41550,2023-0,31,308,86782740, 내역_20230619
4163031026,41,41630,2023-0,54,854,247682060, 내역_20230619
4155036022,41,41550,2023-0,9,77,20768040, 내역_20230619
4159041029,41,41590,2023-0,66,489,144516300, 내역_20230619
4161025932,41,41610,2023-0,37,424,120956120, 내역_20230619
4128111400,41,41281,2023-0,50,738,177080480, 내역_20230619
1156010200,11,11560,2023-0,32,633,131020240, 내역_20230619
4115011100,41,41150,2023-0,98,1251,342650720, 내역_20230619
4159034033,41,41590,2023-0,49,542,166634560, 내역_20230619
4157010500,41,41570,2023-0,70,631,163022500, 내역_20230619
4167034030,41,41670,2023-0,7,62,16095700, 내역_20230619
2811013300,28,28110,2023-0,12,80,20159420, 내역_20230619
4167036033,41,41670,2023-0,8,101,22508300, 내역_20230619
4183041027,41,41830,2023-0,3,24,6801340, 내역_20230619
4159032025,41,41590,2023-0,42,269,78278320, 내역_20230619
4150035025,41,41500,2023-0,51,1570,466482060, 내역_20230619
4136011000,41,41360,2023-0,45,459,133112100, 내역_20230619
4128510800,41,41285,2023-0,8,81,19981020, 내역_20230619
4161033027,41,41610,2023-0,69,688,195149960, 내역_20230619
4111313800,41,41113,2023-0,5,51,16368620, 내역_20230619
4148035024,41,41480,2023-0,41,652,186229700, 내역_20230619
4182025021,41,41820,2023-0,107,1234,337810720, 내역_20230619
4122012700,41,41220,2023-0,105,1067,288876760, 내역_20230619
4167011700,41,41670,2023-0,15,343,103027960, 내역_20230619
2872033021,28,28720,2023-0,31,235,55956160, 내역_20230619
2871036021,28,28710,2023-0,8,72,20105760, 내역_20230619
4155042024,41,41550,2023-0,25,633,215688880, 내역_20230619
4163010300,41,41630,2023-0,74,832,193311260, 내역_20230619
4167032032,41,41670,2023-0,14,128,34763020, 내역_20230619
4182025029,41,41820,2023-0,6,47,9074680, 내역_20230619
4159041023,41,41590,2023-0,73,781,187639140, 내역_20230619
4122031029,41,41220,2023-0,50,1272,392223640, 내역_20230619
4180025022,41,41800,2023-0,5,50,13462940, 내역_20230619
4159037029,41,41590,2023-0,21,297,90291620, 내역_20230619
4157036029,41,41570,2023-0,26,202,54071800, 내역_20230619
4159040022,41,41590,2023-0,169,2830,889980500, 내역_20230619
4159041030,41,41590,2023-0,146,1815,548751860, 내역_20230619
4146134022,41,41461,2023-0,20,222,62508220, 내역_20230619
4150031029,41,41500,2023-0,31,342,84414120, 내역_20230619
4167035026,41,41670,2023-0,4,118,32154860, 내역_20230619
4159034031,41,41590,2023-0,16,100,30121020, 내역_20230619
4146135027,41,41461,2023-0,11,101,29890780, 내역_20230619
4139011000,41,41390,2023-0,91,648,184124380, 내역_20230619
2872037021,28,28720,2023-0,9,36,5002680, 내역_20230619
4167010300,41,41670,2023-0,22,157,38193920, 내역_20230619
4155012200,41,41550,2023-0,24,152,36387460, 내역_20230619
4150037024,41,41500,2023-0,10,53,14387260, 내역_20230619
1159010400,11,11590,2023-0,24,192,46789960, 내역_20230619
4119011000,41,41190,2023-0,123,2155,614920840, 내역_20230619
4148037026,41,41480,2023-0,48,684,210474980, 내역_20230619
4167036022,41,41670,2023-0,5,126,28436840, 내역_20230619
4148036022,41,41480,2023-0,18,229,69723440, 내역_20230619
4157025627,41,41570,2023-0,88,890,253399160, 내역_20230619
4150036025,41,41500,2023-0,14,130,36961040, 내역_20230619
4155031025,41,41550,2023-0,12,144,37380360, 내역_20230619
4131010500,41,41310,2023-0,157,2434,706706560, 내역_20230619
4148010400,41,41480,2023-0,70,657,177845900, 내역_20230619
4167034032,41,41670,2023-0,6,40,10239980, 내역_20230619
4148025626,41,41480,2023-0,14,139,34970960, 내역_20230619
4157034028,41,41570,2023-0,21,206,56865120, 내역_20230619
4180036022,41,41800,2023-0,7,34,7666800, 내역_20230619
4111513800,41,41115,2023-0,135,1482,374675680, 내역_20230619
4159025933,41,41590,2023-0,30,577,171612780, 내역_20230619
4137011000,41,41370,2023-0,81,916,253429120, 내역_20230619
2820010300,28,28200,2023-0,392,5236,1390710560, 내역_20230619
4157010100,41,41570,2023-0,78,988,286757140, 내역_20230619
2871035025,28,28710,2023-0,7,89,18618260, 내역_20230619
4122012600,41,41220,2023-0,44,384,106006940, 내역_20230619
4146125325,41,41461,2023-0,76,723,209214380, 내역_20230619
4183036027,41,41830,2023-0,1,5,1245580, 내역_20230619
4137012000,41,41370,2023-0,52,1288,418483540, 내역_20230619
4155036028,41,41550,2023-0,15,196,58714660, 내역_20230619
4165038024,41,41650,2023-0,16,115,28410160, 내역_20230619
4125011200,41,41250,2023-0,81,866,212344400, 내역_20230619
4155031028,41,41550,2023-0,12,288,87348060, 내역_20230619
4183025024,41,41830,2023-0,7,51,8737420, 내역_20230619
2826010500,28,28260,2023-0,20,222,56294640, 내역_20230619
4148035029,41,41480,2023-0,28,214,56813960, 내역_20230619
4122033023,41,41220,2023-0,24,278,78864640, 내역_20230619
4150025332,41,41500,2023-0,22,287,75993920, 내역_20230619
4159036033,41,41590,2023-0,21,346,111365520, 내역_20230619
4163031023,41,41630,2023-0,83,1006,262817020, 내역_20230619
4157034023,41,41570,2023-0,62,441,123588760, 내역_20230619
4161025326,41,41610,2023-0,99,1036,306732120, 내역_20230619
2871025022,28,28710,2023-0,43,605,157620680, 내역_20230619
2826010800,28,28260,2023-0,178,1687,441070560, 내역_20230619
4167025035,41,41670,2023-0,24,323,103054220, 내역_20230619
4159035027,41,41590,2023-0,28,298,88422620, 내역_20230619
4146131025,41,41461,2023-0,50,728,220013980, 내역_20230619
4128710100,41,41287,2023-0,132,1416,377790400, 내역_20230619
4163032028,41,41630,2023-0,25,223,60269980, 내역_20230619
4157025023,41,41570,2023-0,86,1282,394309840, 내역_20230619
4122025029,41,41220,2023-0,11,73,15979840, 내역_20230619
4146132026,41,41461,2023-0,28,1080,301234960, 내역_20230619
4125010200,41,41250,2023-0,71,642,156559700, 내역_20230619
4122025321,41,41220,2023-0,46,727,195043400, 내역_20230619
4159031026,41,41590,2023-0,11,60,14894880, 내역_20230619
4159025937,41,41590,2023-0,47,411,120380820, 내역_20230619
2814010100,28,28140,2023-0,104,1518,509551680, 내역_20230619
4163010200,41,41630,2023-0,3,33,7371200, 내역_20230619
4159025627,41,41590,2023-0,166,2033,620550420, 내역_20230619
4165033022,41,41650,2023-0,22,180,46894520, 내역_20230619
4167010100,41,41670,2023-0,44,425,95893580, 내역_20230619
4161011200,41,41610,2023-0,73,921,261678040, 내역_20230619
2823710900,28,28237,2023-0,33,958,277021940, 내역_20230619
4113510400,41,41135,2023-0,25,563,139258520, 내역_20230619
4146125621,41,41461,2023-0,32,223,58731920, 내역_20230619
4182032522,41,41820,2023-0,12,157,30411040, 내역_20230619
4167035024,41,41670,2023-0,6,107,23710620, 내역_20230619
4155041028,41,41550,2023-0,5,35,9281640, 내역_20230619
4167037023,41,41670,2023-0,7,45,10945220, 내역_20230619
4137010900,41,41370,2023-0,16,144,36064900, 내역_20230619
4163010500,41,41630,2023-0,40,332,82593100, 내역_20230619
4139010800,41,41390,2023-0,93,1144,304531720, 내역_20230619
4122011100,41,41220,2023-0,63,755,201968540, 내역_20230619
4159011900,41,41590,2023-0,82,1201,324269220, 내역_20230619
4167034022,41,41670,2023-0,4,25,5279220, 내역_20230619
4163032024,41,41630,2023-0,27,814,268347360, 내역_20230619
4155033030,41,41550,2023-0,11,177,50739980, 내역_20230619
4122010800,41,41220,2023-0,29,378,79282400, 내역_20230619
4155032022,41,41550,2023-0,8,97,26444280, 내역_20230619
4163011300,41,41630,2023-0,52,584,156325160, 내역_20230619
4150035027,41,41500,2023-0,15,166,45767600, 내역_20230619
4146110400,41,41461,2023-0,72,2346,518744620, 내역_20230619
4127110200,41,41271,2023-0,267,2207,513072120, 내역_20230619
4165033023,41,41650,2023-0,72,846,224559780, 내역_20230619
4165010300,41,41650,2023-0,58,575,138168220, 내역_20230619
4165033021,41,41650,2023-0,46,489,150522860, 내역_20230619
4137011600,41,41370,2023-0,78,872,264201120, 내역_20230619
4122025325,41,41220,2023-0,4,14,2786640, 내역_20230619
4150032024,41,41500,2023-0,19,263,69782260, 내역_20230619
4131010600,41,41310,2023-0,38,259,77081740, 내역_20230619
4122034026,41,41220,2023-0,36,490,145216760, 내역_20230619
4146125326,41,41461,2023-0,33,228,52861080, 내역_20230619
4159037021,41,41590,2023-0,37,501,140962800, 내역_20230619
4150034030,41,41500,2023-0,35,749,208845000, 내역_20230619
4163025026,41,41630,2023-0,33,340,85188500, 내역_20230619
4159040024,41,41590,2023-0,140,1963,606653260, 내역_20230619
2820010800,28,28200,2023-0,69,604,145015160, 내역_20230619
4150011500,41,41500,2023-0,14,77,18090360, 내역_20230619
4150010400,41,41500,2023-0,23,151,42962240, 내역_20230619
4163032025,41,41630,2023-0,10,114,34345920, 내역_20230619
4143010300,41,41430,2023-0,195,2656,769902440, 내역_20230619
4167035021,41,41670,2023-0,6,39,9872500, 내역_20230619
4167037027,41,41670,2023-0,9,83,25006000, 내역_20230619
4111710700,41,41117,2023-0,126,1286,332280540, 내역_20230619
4161010500,41,41610,2023-0,83,861,206006920, 내역_20230619
4182031025,41,41820,2023-0,45,1059,354698500, 내역_20230619
4159041036,41,41590,2023-0,32,598,188306800, 내역_20230619
4146310500,41,41463,2023-0,81,1262,341042380, 내역_20230619
4163010600,41,41630,2023-0,99,867,186837700, 내역_20230619
4122010400,41,41220,2023-0,45,5925,2343247720, 내역_20230619
4148025321,41,41480,2023-0,22,255,66141980, 내역_20230619
4136036024,41,41360,2023-0,2,21,6203580, 내역_20230619
4122033024,41,41220,2023-0,13,178,52643620, 내역_20230619
2871025021,28,28710,2023-0,20,316,98722620, 내역_20230619
4122034025,41,41220,2023-0,71,1336,436519120, 내역_20230619
4122011900,41,41220,2023-0,127,1088,285962120, 내역_20230619
4139012000,41,41390,2023-0,18,159,37390620, 내역_20230619
4148038023,41,41480,2023-0,1,8,1784400, 내역_20230619
4122025324,41,41220,2023-0,17,128,26848400, 내역_20230619
4146110100,41,41461,2023-0,155,2579,796847800, 내역_20230619
2872035026,28,28720,2023-0,1,4,1791540, 내역_20230619
4163031022,41,41630,2023-0,63,546,148874980, 내역_20230619
4183040021,41,41830,2023-0,16,127,27734660, 내역_20230619
4157010600,41,41570,2023-0,230,2170,515584560, 내역_20230619
4122025926,41,41220,2023-0,60,1183,374167140, 내역_20230619
4150036024,41,41500,2023-0,11,98,27376780, 내역_20230619
4122025323,41,41220,2023-0,31,604,168749460, 내역_20230619
4146125021,41,41461,2023-0,55,921,244059140, 내역_20230619
4146135033,41,41461,2023-0,22,201,53635320, 내역_20230619
4167025032,41,41670,2023-0,33,768,293368620, 내역_20230619
4159025329,41,41590,2023-0,15,99,26393220, 내역_20230619
2811011200,28,28110,2023-0,1,8,1380600, 내역_20230619
4163025023,41,41630,2023-0,29,196,47451380, 내역_20230619
4182033028,41,41820,2023-0,5,37,9538460, 내역_20230619
4127311200,41,41273,2023-0,26,259,70622300, 내역_20230619
4155038024,41,41550,2023-0,34,390,116080440, 내역_20230619
4159041034,41,41590,2023-0,45,503,150932760, 내역_20230619
4137010200,41,41370,2023-0,39,471,132298260, 내역_20230619
4159025325,41,41590,2023-0,60,1198,207446440, 내역_20230619
4180033025,41,41800,2023-0,4,32,9521100, 내역_20230619
4122037030,41,41220,2023-0,7,126,40092620, 내역_20230619
4183033026,41,41830,2023-0,2,13,2383060, 내역_20230619
4165037021,41,41650,2023-0,11,143,38356640, 내역_20230619
4165035021,41,41650,2023-0,16,287,107145300, 내역_20230619
4182032524,41,41820,2023-0,18,148,31749580, 내역_20230619
4159034023,41,41590,2023-0,41,321,92014120, 내역_20230619
2820010600,28,28200,2023-0,58,490,129957220, 내역_20230619
2811015000,28,28110,2023-0,7,70,17281140, 내역_20230619
4165034028,41,41650,2023-0,4,42,12742840, 내역_20230619
4122032025,41,41220,2023-0,21,299,87499620, 내역_20230619
4122033022,41,41220,2023-0,27,241,65894740, 내역_20230619
4167035037,41,41670,2023-0,11,111,33960000, 내역_20230619
4150032030,41,41500,2023-0,11,318,89574380, 내역_20230619
2871032026,28,28710,2023-0,10,52,11087520, 내역_20230619
4155036031,41,41550,2023-0,24,376,102054360, 내역_20230619
4155040025,41,41550,2023-0,16,207,51022780, 내역_20230619
4161036023,41,41610,2023-0,2,28,11862240, 내역_20230619
2826012100,28,28260,2023-0,77,943,326653680, 내역_20230619
4122012500,41,41220,2023-0,26,254,76078460, 내역_20230619
4167032031,41,41670,2023-0,4,21,5079080, 내역_20230619
4165041021,41,41650,2023-0,33,555,149908600, 내역_20230619
4155033032,41,41550,2023-0,5,123,32909880, 내역_20230619
4180025322,41,41800,2023-0,38,353,76076840, 내역_20230619
4167035027,41,41670,2023-0,3,42,9770940, 내역_20230619
4155034029,41,41550,2023-0,27,480,169100100, 내역_20230619
4165036022,41,41650,2023-0,14,229,68355980, 내역_20230619
4159035022,41,41590,2023-0,33,290,85491600, 내역_20230619
4165039022,41,41650,2023-0,7,29,8771980, 내역_20230619
2811014500,28,28110,2023-0,200,2075,604058300, 내역_20230619
4111313900,41,41113,2023-0,18,340,110307220, 내역_20230619
4128110500,41,41281,2023-0,99,837,219554400, 내역_20230619
1117010600,11,11170,2023-0,3,200,51151180, 내역_20230619
4155010100,41,41550,2023-0,58,658,162130580, 내역_20230619
4146132021,41,41461,2023-0,19,191,63233280, 내역_20230619
4165034026,41,41650,2023-0,8,112,37545140, 내역_20230619
4122012300,41,41220,2023-0,38,441,112562180, 내역_20230619
4115011000,41,41150,2023-0,209,2274,574691900, 내역_20230619
1129012000,11,11290,2023-0,8,79,17191020, 내역_20230619
4148025021,41,41480,2023-0,44,602,158511520, 내역_20230619
4128710300,41,41287,2023-0,82,1001,267742220, 내역_20230619
4155040029,41,41550,2023-0,26,258,76416300, 내역_20230619
4141010800,41,41410,2023-0,64,521,143878460, 내역_20230619
4163033023,41,41630,2023-0,39,399,111607920, 내역_20230619
4183025021,41,41830,2023-0,144,1611,442897580, 내역_20230619
2871032025,28,28710,2023-0,17,143,38242180, 내역_20230619
4167032023,41,41670,2023-0,12,71,17824060, 내역_20230619
4150037021,41,41500,2023-0,10,102,32555120, 내역_20230619
2824510600,28,28245,2023-0,70,440,109388240, 내역_20230619
2820010400,28,28200,2023-0,64,713,198216380, 내역_20230619
4157025622,41,41570,2023-0,70,875,230480080, 내역_20230619
4182033026,41,41820,2023-0,2,34,8538460, 내역_20230619
4150034022,41,41500,2023-0,15,167,52595460, 내역_20230619
4165031026,41,41650,2023-0,20,222,57163380, 내역_20230619
2814010500,28,28140,2023-0,8,97,23036340, 내역_20230619
2826010600,28,28260,2023-0,53,1837,558492700, 내역_20230619
4159025930,41,41590,2023-0,42,532,177542400, 내역_20230619
2871033021,28,28710,2023-0,21,273,70211000, 내역_20230619
2872036021,28,28720,2023-0,45,842,306150940, 내역_20230619
4155025030,41,41550,2023-0,45,692,215068520, 내역_20230619
4111313400,41,41113,2023-0,142,1147,301100160, 내역_20230619
4167032027,41,41670,2023-0,7,77,22511880, 내역_20230619
4157025625,41,41570,2023-0,78,1054,319224120, 내역_20230619
4159041031,41,41590,2023-0,44,756,234625040, 내역_20230619
2818510200,28,28185,2023-0,85,726,178772620, 내역_20230619
2814010400,28,28140,2023-0,10,141,24699360, 내역_20230619
4122025626,41,41220,2023-0,50,773,237500920, 내역_20230619
4150010700,41,41500,2023-0,31,476,133104460, 내역_20230619
2871038022,28,28710,2023-0,5,54,11600400, 내역_20230619
4167025031,41,41670,2023-0,2,28,7962860, 내역_20230619
4136025921,41,41360,2023-0,65,533,137187140, 내역_20230619
2811012600,28,28110,2023-0,10,70,18141800, 내역_20230619
2871025024,28,28710,2023-0,37,717,181052120, 내역_20230619
4122010100,41,41220,2023-0,171,2073,544738480, 내역_20230619
4122032021,41,41220,2023-0,47,576,166343620, 내역_20230619
4148036027,41,41480,2023-0,5,21,5551040, 내역_20230619
4143010400,41,41430,2023-0,59,1259,392332540, 내역_20230619
4146125629,41,41461,2023-0,53,641,201384560, 내역_20230619
2811012200,28,28110,2023-0,63,1487,446160760, 내역_20230619
4183025025,41,41830,2023-0,78,1237,353531140, 내역_20230619
4183040027,41,41830,2023-0,5,67,14663480, 내역_20230619
4159041035,41,41590,2023-0,22,318,92706440, 내역_20230619
4163010400,41,41630,2023-0,12,85,24643520, 내역_20230619
4148036023,41,41480,2023-0,4,30,6985700, 내역_20230619
4159034026,41,41590,2023-0,27,279,79364900, 내역_20230619
4125010700,41,41250,2023-0,66,1148,315146220, 내역_20230619
4122025322,41,41220,2023-0,30,345,110288880, 내역_20230619
4165038023,41,41650,2023-0,10,305,95862080, 내역_20230619
4159035030,41,41590,2023-0,6,28,9715700, 내역_20230619
4180036021,41,41800,2023-0,7,45,13558060, 내역_20230619
4150025324,41,41500,2023-0,35,574,175066880, 내역_20230619
4113310400,41,41133,2023-0,49,469,122364140, 내역_20230619
4161025928,41,41610,2023-0,20,274,72993960, 내역_20230619
4122012100,41,41220,2023-0,90,1582,466811840, 내역_20230619
4150010600,41,41500,2023-0,15,82,20498560, 내역_20230619
4136010600,41,41360,2023-0,44,272,77327780, 내역_20230619
4165033027,41,41650,2023-0,42,561,147500700, 내역_20230619
4150032031,41,41500,2023-0,7,49,13172380, 내역_20230619
1120011000,11,11200,2023-0,24,233,50555220, 내역_20230619
4165031024,41,41650,2023-0,23,294,81976520, 내역_20230619
4165037023,41,41650,2023-0,21,197,51832520, 내역_20230619
2824511000,28,28245,2023-0,16,129,30815700, 내역_20230619
4167025022,41,41670,2023-0,8,238,72407420, 내역_20230619
4159041026,41,41590,2023-0,71,708,216159540, 내역_20230619
4139013500,41,41390,2023-0,229,1689,418419240, 내역_20230619
1120011100,11,11200,2023-0,21,145,37303380, 내역_20230619
4148012300,41,41480,2023-0,46,567,119783200, 내역_20230619
2811011700,28,28110,2023-0,4,15,4615760, 내역_20230619
2811012700,28,28110,2023-0,21,255,89293060, 내역_20230619
4159012200,41,41590,2023-0,31,313,77030040, 내역_20230619
4146135030,41,41461,2023-0,12,258,74999480, 내역_20230619
4159025326,41,41590,2023-0,62,557,156796060, 내역_20230619
4136025323,41,41360,2023-0,71,894,234949960, 내역_20230619
4159036023,41,41590,2023-0,27,269,80221400, 내역_20230619
4125010600,41,41250,2023-0,13,153,34118240, 내역_20230619
4146133022,41,41461,2023-0,8,128,38463200, 내역_20230619
4167010900,41,41670,2023-0,31,443,123535240, 내역_20230619
4146110700,41,41461,2023-0,113,1510,389347900, 내역_20230619
4146132029,41,41461,2023-0,15,305,87077940, 내역_20230619
4128710800,41,41287,2023-0,58,468,128492040, 내역_20230619
4122025923,41,41220,2023-0,83,1025,316332920, 내역_20230619
4159025632,41,41590,2023-0,47,525,163340160, 내역_20230619
4159025932,41,41590,2023-0,38,675,196041200, 내역_20230619
4111513300,41,41115,2023-0,33,292,76830320, 내역_20230619
4146125327,41,41461,2023-0,28,246,64107660, 내역_20230619
4137011500,41,41370,2023-0,10,557,180827160, 내역_20230619
4155033026,41,41550,2023-0,38,391,126183960, 내역_20230619
4180033023,41,41800,2023-0,31,364,103075440, 내역_20230619
4167036035,41,41670,2023-0,14,134,33670940, 내역_20230619
4159025921,41,41590,2023-0,29,608,185495880, 내역_20230619
4155013300,41,41550,2023-0,10,100,26463640, 내역_20230619
4155013100,41,41550,2023-0,11,84,21041040, 내역_20230619
4155035024,41,41550,2023-0,28,773,228960280, 내역_20230619
4155040024,41,41550,2023-0,7,50,15930340, 내역_20230619
4150025322,41,41500,2023-0,26,418,110206620, 내역_20230619
4159032027,41,41590,2023-0,61,590,170624220, 내역_20230619
4148010800,41,41480,2023-0,223,1874,466172920, 내역_20230619
4146133029,41,41461,2023-0,36,747,252918440, 내역_20230619
4159034021,41,41590,2023-0,77,727,214553860, 내역_20230619
2824511300,28,28245,2023-0,18,116,31865720, 내역_20230619
4157034031,41,41570,2023-0,71,599,163961160, 내역_20230619
4159034024,41,41590,2023-0,17,109,30429660, 내역_20230619
4115011200,41,41150,2023-0,100,846,216425200, 내역_20230619
2824512200,28,28245,2023-0,8,92,24288100, 내역_20230619
4161025933,41,41610,2023-0,40,449,115458640, 내역_20230619
4183025031,41,41830,2023-0,15,126,30933100, 내역_20230619
2824511900,28,28245,2023-0,10,127,32166040, 내역_20230619
4155041027,41,41550,2023-0,15,399,62693720, 내역_20230619
4159025922,41,41590,2023-0,22,144,37299580, 내역_20230619
4167010700,41,41670,2023-0,53,590,163235600, 내역_20230619
4122025329,41,41220,2023-0,26,345,121397660, 내역_20230619
4148011400,41,41480,2023-0,42,503,176290980, 내역_20230619
4150025321,41,41500,2023-0,47,638,187719780, 내역_20230619
4155040023,41,41550,2023-0,28,496,129850420, 내역_20230619
4146125921,41,41461,2023-0,11,49,14138520, 내역_20230619
4183025027,41,41830,2023-0,25,467,130839620, 내역_20230619
4122010700,41,41220,2023-0,47,365,98772460, 내역_20230619
4159035031,41,41590,2023-0,11,92,25936460, 내역_20230619
2871025027,28,28710,2023-0,15,198,73779340, 내역_20230619
4155025029,41,41550,2023-0,61,1056,293959920, 내역_20230619
4159031021,41,41590,2023-0,37,1121,403649840, 내역_20230619
4157035028,41,41570,2023-0,5,58,15412800, 내역_20230619
2811012300,28,28110,2023-0,14,134,38366940, 내역_20230619
4157036021,41,41570,2023-0,79,646,176871200, 내역_20230619
4167032033,41,41670,2023-0,6,35,9503520, 내역_20230619
4183038026,41,41830,2023-0,3,11,2662180, 내역_20230619
4155011300,41,41550,2023-0,9,97,19985100, 내역_20230619
4150010800,41,41500,2023-0,39,315,83537300, 내역_20230619
4136025622,41,41360,2023-0,70,638,137986160, 내역_20230619
4165033025,41,41650,2023-0,93,844,216183240, 내역_20230619
4111113700,41,41111,2023-0,48,1147,307171300, 내역_20230619
4137012400,41,41370,2023-0,59,762,230224500, 내역_20230619
4148025625,41,41480,2023-0,40,588,156192160, 내역_20230619
4161011800,41,41610,2023-0,19,94,23181440, 내역_20230619
4146110300,41,41461,2023-0,120,2376,591012580, 내역_20230619
4183037021,41,41830,2023-0,15,116,33315940, 내역_20230619
4122025045,41,41220,2023-0,19,230,53225100, 내역_20230619
4125010900,41,41250,2023-0,30,1030,304294000, 내역_20230619
4167010800,41,41670,2023-0,55,522,125794080, 내역_20230619
2811014600,28,28110,2023-0,77,941,305571380, 내역_20230619
4139013000,41,41390,2023-0,84,921,272943720, 내역_20230619
4165010200,41,41650,2023-0,44,467,126164060, 내역_20230619
4148032024,41,41480,2023-0,25,479,136437560, 내역_20230619
4155011400,41,41550,2023-0,15,114,26754920, 내역_20230619
4159033027,41,41590,2023-0,19,157,44425840, 내역_20230619
4146311500,41,41463,2023-0,69,808,204386160, 내역_20230619
2817710700,28,28177,2023-0,54,1011,285754500, 내역_20230619
4146125324,41,41461,2023-0,68,649,176015940, 내역_20230619
4165032026,41,41650,2023-0,12,193,48672780, 내역_20230619
4183025022,41,41830,2023-0,18,99,25210960, 내역_20230619
4155035031,41,41550,2023-0,22,318,89462140, 내역_20230619
4146132023,41,41461,2023-0,22,435,128451660, 내역_20230619
2871035028,28,28710,2023-0,4,78,22097020, 내역_20230619
4165039021,41,41650,2023-0,17,160,40469920, 내역_20230619
4155038026,41,41550,2023-0,43,366,108659300, 내역_20230619
4150037029,41,41500,2023-0,7,277,75257200, 내역_20230619
4148037033,41,41480,2023-0,4,21,4820360, 내역_20230619
4148010200,41,41480,2023-0,71,1265,303715480, 내역_20230619
1129013100,11,11290,2023-0,12,105,29650780, 내역_20230619
4155034021,41,41550,2023-0,18,133,39902600, 내역_20230619
4157036031,41,41570,2023-0,38,321,91714800, 내역_20230619
4155036037,41,41550,2023-0,5,22,6556960, 내역_20230619
4146133027,41,41461,2023-0,19,330,95339220, 내역_20230619
4163032021,41,41630,2023-0,23,301,81611580, 내역_20230619
4148035027,41,41480,2023-0,44,407,109741860, 내역_20230619
4119012000,41,41190,2023-0,75,726,214325480, 내역_20230619
4122025026,41,41220,2023-0,5,35,9669020, 내역_20230619
4183031023,41,41830,2023-0,13,86,21928180, 내역_20230619
4111314000,41,41113,2023-0,30,204,50342300, 내역_20230619
4182034021,41,41820,2023-0,8,122,25885260, 내역_20230619
4155040021,41,41550,2023-0,24,239,70492580, 내역_20230619
4111513900,41,41115,2023-0,47,669,179392440, 내역_20230619
2826010100,28,28260,2023-0,150,2877,894258180, 내역_20230619
4180033021,41,41800,2023-0,4,24,5806300, 내역_20230619
4183039525,41,41830,2023-0,4,43,10089160, 내역_20230619
4159012400,41,41590,2023-0,119,1020,278757500, 내역_20230619
2817710600,28,28177,2023-0,71,715,183084600, 내역_20230619
4150036022,41,41500,2023-0,11,133,35738740, 내역_20230619
4165040026,41,41650,2023-0,4,88,18088680, 내역_20230619
4122032024,41,41220,2023-0,39,398,124646840, 내역_20230619
4183040026,41,41830,2023-0,3,10,1391720, 내역_20230619
4148035025,41,41480,2023-0,54,588,168674300, 내역_20230619
4128111000,41,41281,2023-0,32,230,64053680, 내역_20230619
4146136021,41,41461,2023-0,79,935,241945600, 내역_20230619
4182025028,41,41820,2023-0,8,75,20747980, 내역_20230619
4139013300,41,41390,2023-0,12,78,20800640, 내역_20230619
4180032022,41,41800,2023-0,22,270,81672780, 내역_20230619
4129010100,41,41290,2023-0,3,99,15048900, 내역_20230619
4159025631,41,41590,2023-0,59,713,201642840, 내역_20230619
4155034037,41,41550,2023-0,22,218,62713820, 내역_20230619
4183040024,41,41830,2023-0,33,428,117937620, 내역_20230619
4128111800,41,41281,2023-0,69,755,213790780, 내역_20230619
4148032026,41,41480,2023-0,11,272,74527020, 내역_20230619
4180025025,41,41800,2023-0,14,296,73696960, 내역_20230619
4159040025,41,41590,2023-0,52,456,137045980, 내역_20230619
4167025036,41,41670,2023-0,1,3,508660, 내역_20230619
4122033025,41,41220,2023-0,58,1210,408295520, 내역_20230619
4119710300,41,41197,2023-0,3,68,17209740, 내역_20230619
4137011700,41,41370,2023-0,14,122,28533420, 내역_20230619
4128110900,41,41281,2023-0,74,673,204686900, 내역_20230619
2811012100,28,28110,2023-0,2,10,2106520, 내역_20230619
4128110200,41,41281,2023-0,33,511,138774120, 내역_20230619
4146510400,41,41465,2023-0,69,596,159387720, 내역_20230619
2817010100,28,28170,2023-0,3,60,15476860, 내역_20230619
4161025323,41,41610,2023-0,34,354,91734340, 내역_20230619
4155035030,41,41550,2023-0,11,68,18834560, 내역_20230619
4146135029,41,41461,2023-0,19,200,53196540, 내역_20230619
4155011500,41,41550,2023-0,3,11,2600500, 내역_20230619
4150035034,41,41500,2023-0,15,113,41072720, 내역_20230619
4136036022,41,41360,2023-0,2,16,3276820, 내역_20230619
4148025026,41,41480,2023-0,16,149,31983160, 내역_20230619
4167025039,41,41670,2023-0,5,47,12270640, 내역_20230619
4155035028,41,41550,2023-0,50,545,136077220, 내역_20230619
4161010100,41,41610,2023-0,87,985,285944780, 내역_20230619
2871037026,28,28710,2023-0,2,12,2865040, 내역_20230619
2871041021,28,28710,2023-0,5,37,10794240, 내역_20230619
4150037025,41,41500,2023-0,7,99,30641400, 내역_20230619
4159041024,41,41590,2023-0,24,171,49495160, 내역_20230619
4155039025,41,41550,2023-0,13,83,22575700, 내역_20230619
4146134023,41,41461,2023-0,22,476,149666260, 내역_20230619
4136025322,41,41360,2023-0,70,712,177085200, 내역_20230619
4159033030,41,41590,2023-0,21,274,89159500, 내역_20230619
4167025038,41,41670,2023-0,4,36,11620800, 내역_20230619
4146135031,41,41461,2023-0,9,112,30646340, 내역_20230619
4150036028,41,41500,2023-0,20,200,61566700, 내역_20230619
2826010900,28,28260,2023-0,41,545,130835220, 내역_20230619
4146134027,41,41461,2023-0,23,164,50727560, 내역_20230619
2871035021,28,28710,2023-0,5,35,10040780, 내역_20230619
4146125023,41,41461,2023-0,48,2577,570640560, 내역_20230619
4155011600,41,41550,2023-0,6,36,8421140, 내역_20230619
4159032028,41,41590,2023-0,56,590,169312420, 내역_20230619
4119011900,41,41190,2023-0,36,592,147105820, 내역_20230619
4157032027,41,41570,2023-0,7,80,22746080, 내역_20230619
1117011500,11,11170,2023-0,17,143,31904240, 내역_20230619
4111312700,41,41113,2023-0,63,470,108690380, 내역_20230619
4148025028,41,41480,2023-0,1,6,1660460, 내역_20230619
4122010900,41,41220,2023-0,119,1410,339730560, 내역_20230619
4159037026,41,41590,2023-0,21,218,63143040, 내역_20230619
4159025939,41,41590,2023-0,72,1111,301272500, 내역_20230619
4182033029,41,41820,2023-0,12,156,40885560, 내역_20230619
4122025924,41,41220,2023-0,42,362,88718900, 내역_20230619
4165031028,41,41650,2023-0,41,557,138286960, 내역_20230619
4146133021,41,41461,2023-0,13,170,52553120, 내역_20230619
4167010400,41,41670,2023-0,2,12,2798260, 내역_20230619
4167034029,41,41670,2023-0,7,67,17288520, 내역_20230619
2811013200,28,28110,2023-0,22,219,60595420, 내역_20230619
4148025623,41,41480,2023-0,18,109,26139280, 내역_20230619
4167035028,41,41670,2023-0,2,12,4170580, 내역_20230619
4167036024,41,41670,2023-0,3,19,4963000, 내역_20230619
4146133028,41,41461,2023-0,30,458,134850860, 내역_20230619
4150033023,41,41500,2023-0,19,300,90414740, 내역_20230619
4159034034,41,41590,2023-0,33,333,103740640, 내역_20230619
4157010800,41,41570,2023-0,56,488,125490540, 내역_20230619
4122032027,41,41220,2023-0,7,100,31909560, 내역_20230619
4167010600,41,41670,2023-0,5,29,8618900, 내역_20230619
4155039023,41,41550,2023-0,2,9,2693380, 내역_20230619
4155031024,41,41550,2023-0,12,77,21202440, 내역_20230619
4146125024,41,41461,2023-0,59,462,124159560, 내역_20230619
2824510900,28,28245,2023-0,24,351,88746340, 내역_20230619
4150032025,41,41500,2023-0,16,154,37848160, 내역_20230619
4146125328,41,41461,2023-0,36,245,67519520, 내역_20230619
4182034027,41,41820,2023-0,1,52,14514340, 내역_20230619
4150011000,41,41500,2023-0,33,261,69527460, 내역_20230619
4150025331,41,41500,2023-0,9,54,14612380, 내역_20230619
4167031035,41,41670,2023-0,13,119,33461980, 내역_20230619
4159035029,41,41590,2023-0,32,183,50382560, 내역_20230619
4167031021,41,41670,2023-0,24,299,89388880, 내역_20230619
4155036032,41,41550,2023-0,14,197,49380260, 내역_20230619
4119710100,41,41197,2023-0,4,39,9190580, 내역_20230619
4155031035,41,41550,2023-0,13,494,184603060, 내역_20230619
4155035034,41,41550,2023-0,8,95,26091300, 내역_20230619
4159040027,41,41590,2023-0,77,1717,569758760, 내역_20230619
4122034028,41,41220,2023-0,5,49,14237660, 내역_20230619
2871025025,28,28710,2023-0,48,394,88022600, 내역_20230619
4148037035,41,41480,2023-0,11,88,18895260, 내역_20230619
2824512300,28,28245,2023-0,28,302,76564760, 내역_20230619
4180025324,41,41800,2023-0,4,20,5135440, 내역_20230619
4155012300,41,41550,2023-0,12,135,23005660, 내역_20230619
4155032031,41,41550,2023-0,11,98,32180560, 내역_20230619
4155031030,41,41550,2023-0,6,42,12869920, 내역_20230619
4165039023,41,41650,2023-0,6,116,34142420, 내역_20230619
4159037030,41,41590,2023-0,24,187,54399220, 내역_20230619
4148025030,41,41480,2023-0,26,214,60165240, 내역_20230619
2826011600,28,28260,2023-0,1,3,492640, 내역_20230619
1114012800,11,11140,2023-0,15,214,63594880, 내역_20230619
4148011700,41,41480,2023-0,124,1156,316091560, 내역_20230619
4183033021,41,41830,2023-0,18,304,90435880, 내역_20230619
4111314100,41,41113,2023-0,51,391,113395740, 내역_20230619
4150032022,41,41500,2023-0,8,138,29962300, 내역_20230619
4150031031,41,41500,2023-0,17,124,33945340, 내역_20230619
4148025622,41,41480,2023-0,27,467,119244900, 내역_20230619
4136036026,41,41360,2023-0,2,8,2187780, 내역_20230619
4167038025,41,41670,2023-0,1,44,16106780, 내역_20230619
4150036021,41,41500,2023-0,23,292,89441600, 내역_20230619
4148037025,41,41480,2023-0,3,16,3491420, 내역_20230619
4159031022,41,41590,2023-0,30,251,60141240, 내역_20230619
4159035025,41,41590,2023-0,15,189,62149460, 내역_20230619
4146131028,41,41461,2023-0,16,616,109518160, 내역_20230619
2824511100,28,28245,2023-0,24,216,55566560, 내역_20230619
4155011200,41,41550,2023-0,2,10,2046880, 내역_20230619
4163010800,41,41630,2023-0,110,1210,279083560, 내역_20230619
4165034025,41,41650,2023-0,14,102,24692260, 내역_20230619
4165031027,41,41650,2023-0,22,272,71158900, 내역_20230619
2811014800,28,28110,2023-0,50,639,195174940, 내역_20230619
4150038024,41,41500,2023-0,1,6,1081860, 내역_20230619
4167034033,41,41670,2023-0,13,128,38640060, 내역_20230619
4128110800,41,41281,2023-0,1,3,885860, 내역_20230619
2824510800,28,28245,2023-0,12,107,29456080, 내역_20230619
4137011100,41,41370,2023-0,131,1724,467144800, 내역_20230619
4128112400,41,41281,2023-0,20,343,79905480, 내역_20230619
4159042033,41,41590,2023-0,32,547,149487740, 내역_20230619
4155031023,41,41550,2023-0,8,98,30660560, 내역_20230619
4111113600,41,41111,2023-0,133,1775,485201720, 내역_20230619
4136010900,41,41360,2023-0,13,240,47933720, 내역_20230619
4150025323,41,41500,2023-0,28,464,138493020, 내역_20230619
4146125028,41,41461,2023-0,26,291,93130300, 내역_20230619
2824511600,28,28245,2023-0,20,103,24715760, 내역_20230619
4159031027,41,41590,2023-0,22,140,42562200, 내역_20230619
4150033025,41,41500,2023-0,55,891,256921660, 내역_20230619
4146133023,41,41461,2023-0,15,175,54235520, 내역_20230619
4159026231,41,41590,2023-0,3,9,2390020, 내역_20230619
4159032024,41,41590,2023-0,44,547,192861940, 내역_20230619
2824512000,28,28245,2023-0,5,69,19543280, 내역_20230619
4167034021,41,41670,2023-0,6,48,13324500, 내역_20230619
4167037021,41,41670,2023-0,23,240,57664800, 내역_20230619
4155011800,41,41550,2023-0,45,1161,273792400, 내역_20230619
4159026223,41,41590,2023-0,75,769,228875260, 내역_20230619
4146125624,41,41461,2023-0,32,409,119488140, 내역_20230619
4167034023,41,41670,2023-0,13,215,53086420, 내역_20230619
4148010500,41,41480,2023-0,58,741,188207620, 내역_20230619
4148025025,41,41480,2023-0,12,285,81495840, 내역_20230619
4150025328,41,41500,2023-0,14,150,39876020, 내역_20230619
4155013200,41,41550,2023-0,6,82,20534160, 내역_20230619
4167033021,41,41670,2023-0,4,59,18109600, 내역_20230619
4146125627,41,41461,2023-0,11,89,21281060, 내역_20230619
2871031026,28,28710,2023-0,9,70,15566180, 내역_20230619
4150031024,41,41500,2023-0,5,47,11712460, 내역_20230619
4182032526,41,41820,2023-0,6,58,14478320, 내역_20230619
4122033026,41,41220,2023-0,40,1361,467305060, 내역_20230619
1144011600,11,11440,2023-0,4,63,17217780, 내역_20230619
4167011200,41,41670,2023-0,26,217,59460260, 내역_20230619
2871033022,28,28710,2023-0,11,99,24632160, 내역_20230619
4113110600,41,41131,2023-0,16,438,58842340, 내역_20230619
4127110800,41,41271,2023-0,42,968,297907800, 내역_20230619
4159025630,41,41590,2023-0,60,13178,6362211700, 내역_20230619
4167025021,41,41670,2023-0,18,210,68621160, 내역_20230619
4167036021,41,41670,2023-0,6,65,21752400, 내역_20230619
2872038021,28,28720,2023-0,12,102,20327840, 내역_20230619
4183034024,41,41830,2023-0,14,88,18830500, 내역_20230619
4159041025,41,41590,2023-0,41,371,108514540, 내역_20230619
4159031025,41,41590,2023-0,23,194,52961740, 내역_20230619
4122031023,41,41220,2023-0,22,327,97459900, 내역_20230619
4159013300,41,41590,2023-0,65,1992,465041340, 내역_20230619
4150036027,41,41500,2023-0,10,103,28187100, 내역_20230619
4129011000,41,41290,2023-0,13,213,64557600, 내역_20230619
4150035029,41,41500,2023-0,6,41,10885880, 내역_20230619
4155039030,41,41550,2023-0,5,46,15226600, 내역_20230619
4167035038,41,41670,2023-0,6,130,37463020, 내역_20230619
4159025336,41,41590,2023-0,22,226,61658540, 내역_20230619
4150038029,41,41500,2023-0,6,102,27894240, 내역_20230619
2811013400,28,28110,2023-0,23,206,41272980, 내역_20230619
4161025324,41,41610,2023-0,28,245,69314180, 내역_20230619
4167036023,41,41670,2023-0,21,249,83577820, 내역_20230619
4159025941,41,41590,2023-0,25,311,87245320, 내역_20230619
4159025332,41,41590,2023-0,42,385,105269920, 내역_20230619
4137012100,41,41370,2023-0,32,438,136574600, 내역_20230619
4141010900,41,41410,2023-0,33,340,90484980, 내역_20230619
4111513600,41,41115,2023-0,43,781,169116960, 내역_20230619
4167032028,41,41670,2023-0,7,57,14430640, 내역_20230619
4137010500,41,41370,2023-0,35,821,166979560, 내역_20230619
1129011400,11,11290,2023-0,23,161,42026740, 내역_20230619
1129011300,11,11290,2023-0,14,198,42620140, 내역_20230619
4113110900,41,41131,2023-0,18,268,70481440, 내역_20230619
4155011700,41,41550,2023-0,8,411,122558380, 내역_20230619
4155036027,41,41550,2023-0,10,124,38129880, 내역_20230619
1129011000,11,11290,2023-0,8,78,17122020, 내역_20230619
4165037025,41,41650,2023-0,7,95,24858280, 내역_20230619
1129010600,11,11290,2023-0,8,88,18799600, 내역_20230619
4155010900,41,41550,2023-0,11,139,27942320, 내역_20230619
2811010100,28,28110,2023-0,8,109,23724300, 내역_20230619
4146134028,41,41461,2023-0,19,247,73622720, 내역_20230619
4155036026,41,41550,2023-0,14,109,34866340, 내역_20230619
4159034032,41,41590,2023-0,70,899,268461900, 내역_20230619
4159025928,41,41590,2023-0,26,213,66419420, 내역_20230619
4180032024,41,41800,2023-0,6,59,17495680, 내역_20230619
4159010700,41,41590,2023-0,1,3,686320, 내역_20230619
4150025021,41,41500,2023-0,17,243,84228840, 내역_20230619
4155034026,41,41550,2023-0,8,94,24352560, 내역_20230619
4148039024,41,41480,2023-0,1,45,9010940, 내역_20230619
2871035023,28,28710,2023-0,2,8,1236600, 내역_20230619
4155031027,41,41550,2023-0,5,45,13567400, 내역_20230619
4183036025,41,41830,2023-0,9,183,51021520, 내역_20230619
4167012100,41,41670,2023-0,27,299,70899680, 내역_20230619
4155039026,41,41550,2023-0,15,136,39705380, 내역_20230619
4128111600,41,41281,2023-0,28,367,102779240, 내역_20230619
4150025024,41,41500,2023-0,6,48,15354700, 내역_20230619
4119510700,41,41195,2023-0,4,544,65694140, 내역_20230619
4148032029,41,41480,2023-0,25,212,54751580, 내역_20230619
4183031024,41,41830,2023-0,11,133,35372500, 내역_20230619
4111513200,41,41115,2023-0,46,857,282669860, 내역_20230619
4148037021,41,41480,2023-0,3,33,9821940, 내역_20230619
2824511400,28,28245,2023-0,20,162,35439060, 내역_20230619
4183031026,41,41830,2023-0,2,44,11209380, 내역_20230619
4125011100,41,41250,2023-0,13,205,52404880, 내역_20230619
4183039530,41,41830,2023-0,4,36,7787820, 내역_20230619
4165025027,41,41650,2023-0,41,416,102715820, 내역_20230619
4161032023,41,41610,2023-0,1,4,1051640, 내역_20230619
1129011600,11,11290,2023-0,21,148,35613160, 내역_20230619
1111014500,11,11110,2023-0,2,19,3851760, 내역_20230619
1144011800,11,11440,2023-0,4,35,9922100, 내역_20230619
4136031024,41,41360,2023-0,1,3,580840, 내역_20230619
4155031029,41,41550,2023-0,13,328,88922220, 내역_20230619
4167031025,41,41670,2023-0,4,77,17445400, 내역_20230619
4167032026,41,41670,2023-0,4,27,7909840, 내역_20230619
4180033024,41,41800,2023-0,2,80,30670680, 내역_20230619
4159031023,41,41590,2023-0,9,75,19454620, 내역_20230619
1111014200,11,11110,2023-0,20,264,65911820, 내역_20230619
4150031023,41,41500,2023-0,10,126,30860820, 내역_20230619
4122025023,41,41220,2023-0,37,2803,954405560, 내역_20230619
4148025326,41,41480,2023-0,22,426,125193920, 내역_20230619
4165036026,41,41650,2023-0,16,259,86998460, 내역_20230619
4146134031,41,41461,2023-0,10,121,35505680, 내역_20230619
4122031032,41,41220,2023-0,15,592,229257520, 내역_20230619
4165033028,41,41650,2023-0,34,420,110740740, 내역_20230619
4136034024,41,41360,2023-0,8,171,52276140, 내역_20230619
4122025629,41,41220,2023-0,30,354,98146720, 내역_20230619
4157035030,41,41570,2023-0,69,881,270288140, 내역_20230619
4182025023,41,41820,2023-0,11,93,23707380, 내역_20230619
4159025331,41,41590,2023-0,30,252,64292260, 내역_20230619
4122037025,41,41220,2023-0,15,125,39673880, 내역_20230619
4183039529,41,41830,2023-0,6,75,18999720, 내역_20230619
4150032032,41,41500,2023-0,9,90,24741600, 내역_20230619
4155036029,41,41550,2023-0,24,298,84491540, 내역_20230619
2811011600,28,28110,2023-0,3,101,33065880, 내역_20230619
4122036026,41,41220,2023-0,1,10,2304680, 내역_20230619
4150031022,41,41500,2023-0,11,231,54589620, 내역_20230619
4180025326,41,41800,2023-0,15,112,27156000, 내역_20230619
4113310800,41,41133,2023-0,23,533,120030820, 내역_20230619
4155012100,41,41550,2023-0,14,257,86039460, 내역_20230619
4122025330,41,41220,2023-0,71,778,218740840, 내역_20230619
4182025027,41,41820,2023-0,4,21,4443900, 내역_20230619
4182031021,41,41820,2023-0,27,217,63565700, 내역_20230619
4167011800,41,41670,2023-0,10,97,22723560, 내역_20230619
4182035021,41,41820,2023-0,5,60,14948280, 내역_20230619
4150032021,41,41500,2023-0,18,264,70014860, 내역_20230619
4183032023,41,41830,2023-0,5,29,7260220, 내역_20230619
4136025626,41,41360,2023-0,41,332,88068400, 내역_20230619
4165036024,41,41650,2023-0,10,65,18991240, 내역_20230619
4180025027,41,41800,2023-0,9,72,19606720, 내역_20230619
4148025630,41,41480,2023-0,17,319,85893960, 내역_20230619
4146134029,41,41461,2023-0,5,65,22774760, 내역_20230619
4148037023,41,41480,2023-0,3,26,6644200, 내역_20230619
4182034024,41,41820,2023-0,1,17,4047620, 내역_20230619
4127111100,41,41271,2023-0,70,955,271475740, 내역_20230619
4155040030,41,41550,2023-0,18,545,176342320, 내역_20230619
4183025032,41,41830,2023-0,32,214,47106920, 내역_20230619
2811013700,28,28110,2023-0,16,159,38708960, 내역_20230619
4159034030,41,41590,2023-0,37,453,133864260, 내역_20230619
4167025033,41,41670,2023-0,6,78,21574020, 내역_20230619
2871032021,28,28710,2023-0,19,154,45531020, 내역_20230619
4146125926,41,41461,2023-0,14,122,34889400, 내역_20230619
4183035028,41,41830,2023-0,7,51,12253000, 내역_20230619
4161011700,41,41610,2023-0,33,228,63578760, 내역_20230619
4159013000,41,41590,2023-0,61,725,184596300, 내역_20230619
4159025022,41,41590,2023-0,1,5,1538080, 내역_20230619
4155041029,41,41550,2023-0,6,37,9966460, 내역_20230619
4183041021,41,41830,2023-0,8,92,26727200, 내역_20230619
4148035028,41,41480,2023-0,6,82,22384280, 내역_20230619
4148038021,41,41480,2023-0,2,11,2370740, 내역_20230619
4119910500,41,41199,2023-0,3,29,8221120, 내역_20230619
4182034025,41,41820,2023-0,3,27,7819640, 내역_20230619
4150037031,41,41500,2023-0,19,227,72931160, 내역_20230619
2871025023,28,28710,2023-0,8,72,16597120, 내역_20230619
4148037030,41,41480,2023-0,6,34,7733200, 내역_20230619
4119510300,41,41195,2023-0,3,102,27546980, 내역_20230619
4150034031,41,41500,2023-0,23,414,107727980, 내역_20230619
4159036036,41,41590,2023-0,64,882,258144580, 내역_20230619
4167011100,41,41670,2023-0,17,115,25337800, 내역_20230619
4155010400,41,41550,2023-0,12,99,22322000, 내역_20230619
4159025626,41,41590,2023-0,16,200,57910180, 내역_20230619
4146132025,41,41461,2023-0,9,175,50014980, 내역_20230619
4122025022,41,41220,2023-0,25,213,57954960, 내역_20230619
1114011500,11,11140,2023-0,7,77,16467260, 내역_20230619
4157035026,41,41570,2023-0,2,10,2187660, 내역_20230619
4127111000,41,41271,2023-0,43,555,177567380, 내역_20230619
4155035029,41,41550,2023-0,5,97,28312500, 내역_20230619
4159034022,41,41590,2023-0,14,111,28602560, 내역_20230619
4139011700,41,41390,2023-0,6,40,8592680, 내역_20230619
4150025023,41,41500,2023-0,22,214,62846160, 내역_20230619
4148026223,41,41480,2023-0,21,140,36196680, 내역_20230619
4146110900,41,41461,2023-0,5,76,22678520, 내역_20230619
4180032025,41,41800,2023-0,4,84,15851640, 내역_20230619
2871039024,28,28710,2023-0,2,53,13219600, 내역_20230619
4165038021,41,41650,2023-0,13,186,56109980, 내역_20230619
4159012500,41,41590,2023-0,49,722,206920980, 내역_20230619
4122025927,41,41220,2023-0,35,404,123507780, 내역_20230619
4167025027,41,41670,2023-0,22,288,89703700, 내역_20230619
4155012000,41,41550,2023-0,13,168,49947080, 내역_20230619
4155010300,41,41550,2023-0,8,44,11506440, 내역_20230619
4182031035,41,41820,2023-0,1,38,11631140, 내역_20230619
4150036023,41,41500,2023-0,2,29,8700240, 내역_20230619
2871039021,28,28710,2023-0,5,27,4887840, 내역_20230619
4167011300,41,41670,2023-0,7,89,25714000, 내역_20230619
4150036029,41,41500,2023-0,8,686,215882360, 내역_20230619
4167011600,41,41670,2023-0,6,49,11150260, 내역_20230619
4137011200,41,41370,2023-0,30,492,107235240, 내역_20230619
4182033022,41,41820,2023-0,4,62,16018420, 내역_20230619
4122033027,41,41220,2023-0,16,222,47111940, 내역_20230619
2872035022,28,28720,2023-0,13,98,17763520, 내역_20230619
4155039035,41,41550,2023-0,9,106,30206140, 내역_20230619
4167034533,41,41670,2023-0,7,50,14747060, 내역_20230619
4136036023,41,41360,2023-0,4,43,9154360, 내역_20230619
4111512500,41,41115,2023-0,24,330,56178580, 내역_20230619
4146135026,41,41461,2023-0,7,60,17758640, 내역_20230619
4155025028,41,41550,2023-0,2,10,3547840, 내역_20230619
4159025625,41,41590,2023-0,16,373,130204200, 내역_20230619
4150011200,41,41500,2023-0,16,146,44181480, 내역_20230619
4183040025,41,41830,2023-0,1,12,1996860, 내역_20230619
4155031026,41,41550,2023-0,9,354,117349400, 내역_20230619
4157036023,41,41570,2023-0,17,141,39687340, 내역_20230619
4111113200,41,41111,2023-0,89,1259,259639000, 내역_20230619
4155011900,41,41550,2023-0,18,147,35422640, 내역_20230619
1117011600,11,11170,2023-0,8,52,14144340, 내역_20230619
4155041022,41,41550,2023-0,5,51,12157940, 내역_20230619
4148025629,41,41480,2023-0,8,79,21158820, 내역_20230619
1111017800,11,11110,2023-0,3,28,10297460, 내역_20230619
4167012300,41,41670,2023-0,6,44,10867680, 내역_20230619
4122037024,41,41220,2023-0,3,26,9532200, 내역_20230619
4165038022,41,41650,2023-0,8,189,57992760, 내역_20230619
4150038025,41,41500,2023-0,4,57,14903620, 내역_20230619
4161025621,41,41610,2023-0,1,3,753100, 내역_20230619
4150025327,41,41500,2023-0,10,151,39651700, 내역_20230619
4155042022,41,41550,2023-0,13,190,56718820, 내역_20230619
2871032027,28,28710,2023-0,10,74,17038260, 내역_20230619
1114014900,11,11140,2023-0,21,230,55593700, 내역_20230619
4127311500,41,41273,2023-0,27,211,52867120, 내역_20230619
1117012000,11,11170,2023-0,6,21,6140280, 내역_20230619
4182032523,41,41820,2023-0,10,80,22865200, 내역_20230619
2872031024,28,28720,2023-0,7,88,27136000, 내역_20230619
2811013000,28,28110,2023-0,5,21,6924280, 내역_20230619
4155042026,41,41550,2023-0,14,213,69886960, 내역_20230619
4161034021,41,41610,2023-0,9,100,33797800, 내역_20230619
4122012400,41,41220,2023-0,89,1165,299086800, 내역_20230619
4113110500,41,41131,2023-0,22,303,66932680, 내역_20230619
4183037029,41,41830,2023-0,3,30,9540640, 내역_20230619
4159025923,41,41590,2023-0,16,136,35238060, 내역_20230619
4155025022,41,41550,2023-0,10,133,40517280, 내역_20230619
4150025033,41,41500,2023-0,6,69,15828960, 내역_20230619
4143011000,41,41430,2023-0,35,660,251847540, 내역_20230619
4155034025,41,41550,2023-0,5,40,9443900, 내역_20230619
4150031026,41,41500,2023-0,25,253,70282520, 내역_20230619
4167037028,41,41670,2023-0,4,80,23084260, 내역_20230619
4159025323,41,41590,2023-0,44,507,138189880, 내역_20230619
4146125922,41,41461,2023-0,27,328,98595700, 내역_20230619
4119010600,41,41190,2023-0,20,464,124941020, 내역_20230619
4163032029,41,41630,2023-0,26,249,62311280, 내역_20230619
4150033027,41,41500,2023-0,2,19,5665740, 내역_20230619
4148037024,41,41480,2023-0,6,57,11590060, 내역_20230619
4150037032,41,41500,2023-0,34,325,95411600, 내역_20230619
4163010100,41,41630,2023-0,24,173,39114400, 내역_20230619
4122034021,41,41220,2023-0,24,253,58650560, 내역_20230619
4119710400,41,41197,2023-0,2,40,8938300, 내역_20230619
2871035027,28,28710,2023-0,6,36,6123740, 내역_20230619
2872033023,28,28720,2023-0,6,32,8032740, 내역_20230619
2872036022,28,28720,2023-0,36,308,83056620, 내역_20230619
4167012200,41,41670,2023-0,45,336,83110940, 내역_20230619
4148036028,41,41480,2023-0,12,116,29762660, 내역_20230619
4122025037,41,41220,2023-0,1,3,656980, 내역_20230619
4155031034,41,41550,2023-0,4,17,3602120, 내역_20230619
4155040028,41,41550,2023-0,9,73,20759860, 내역_20230619
2871032022,28,28710,2023-0,2,35,9511000, 내역_20230619
4182031022,41,41820,2023-0,8,37,10162240, 내역_20230619
2871031021,28,28710,2023-0,8,72,23557460, 내역_20230619
4183033029,41,41830,2023-0,18,162,43026100, 내역_20230619
4159026229,41,41590,2023-0,13,82,22568580, 내역_20230619
4122025028,41,41220,2023-0,6,36,7848580, 내역_20230619
1141010900,11,11410,2023-0,5,99,21351940, 내역_20230619
4183040029,41,41830,2023-0,3,38,8778680, 내역_20230619
2811014900,28,28110,2023-0,25,254,60134900, 내역_20230619
4165025023,41,41650,2023-0,11,76,20305940, 내역_20230619
4183025030,41,41830,2023-0,2,24,5167240, 내역_20230619
4183035024,41,41830,2023-0,1,3,354140, 내역_20230619
4150033026,41,41500,2023-0,7,93,26969660, 내역_20230619
1111010400,11,11110,2023-0,13,110,29296600, 내역_20230619
4146125623,41,41461,2023-0,14,90,24112740, 내역_20230619
4148025024,41,41480,2023-0,4,39,6698460, 내역_20230619
4146125622,41,41461,2023-0,9,77,20958720, 내역_20230619
4159025333,41,41590,2023-0,23,222,58785640, 내역_20230619
4180034021,41,41800,2023-0,3,14,3394680, 내역_20230619
4137010700,41,41370,2023-0,45,474,131341920, 내역_20230619
4180031026,41,41800,2023-0,11,75,19389340, 내역_20230619
4150038026,41,41500,2023-0,6,76,18112840, 내역_20230619
4122035030,41,41220,2023-0,1,71,29241540, 내역_20230619
4155040026,41,41550,2023-0,29,304,95250540, 내역_20230619
4122025024,41,41220,2023-0,11,83,18993380, 내역_20230619
4167035034,41,41670,2023-0,8,64,13326420, 내역_20230619
4165040024,41,41650,2023-0,7,90,27400980, 내역_20230619
4155039032,41,41550,2023-0,12,75,24492180, 내역_20230619
4122036024,41,41220,2023-0,1,3,770580, 내역_20230619
4183040028,41,41830,2023-0,2,8,1919740, 내역_20230619
4136031022,41,41360,2023-0,8,50,12479960, 내역_20230619
4122034024,41,41220,2023-0,5,61,23613300, 내역_20230619
4159025623,41,41590,2023-0,12,169,48856780, 내역_20230619
4148032025,41,41480,2023-0,27,483,136584040, 내역_20230619
4111512200,41,41115,2023-0,13,73,16892120, 내역_20230619
4113313200,41,41133,2023-0,20,128,29993740, 내역_20230619
1129013000,11,11290,2023-0,7,313,64313960, 내역_20230619
4180034025,41,41800,2023-0,2,49,10948440, 내역_20230619
4155031033,41,41550,2023-0,9,93,23048020, 내역_20230619
2824512100,28,28245,2023-0,1,5,1173920, 내역_20230619
4167033022,41,41670,2023-0,4,38,11174880, 내역_20230619
2871032023,28,28710,2023-0,2,12,2227380, 내역_20230619
4167035022,41,41670,2023-0,2,19,4711200, 내역_20230619
4122025021,41,41220,2023-0,20,248,77387680, 내역_20230619
2871041025,28,28710,2023-0,4,69,17168760, 내역_20230619
4167031023,41,41670,2023-0,10,123,36141160, 내역_20230619
4183033022,41,41830,2023-0,21,197,58964040, 내역_20230619
4122025032,41,41220,2023-0,13,163,55550820, 내역_20230619
4165037024,41,41650,2023-0,9,156,49669760, 내역_20230619
4161012000,41,41610,2023-0,13,88,20058240, 내역_20230619
2871033026,28,28710,2023-0,11,115,31194080, 내역_20230619
4161011600,41,41610,2023-0,9,97,29241720, 내역_20230619
2811010600,28,28110,2023-0,4,44,13147120, 내역_20230619
2817010600,28,28170,2023-0,4,76,17211200, 내역_20230619
4167031027,41,41670,2023-0,5,89,15188020, 내역_20230619
2811014200,28,28110,2023-0,4,18,3495140, 내역_20230619
2871039022,28,28710,2023-0,3,21,3790840, 내역_20230619
4183037027,41,41830,2023-0,2,40,8920840, 내역_20230619
4163034026,41,41630,2023-0,17,110,32835600, 내역_20230619
4182035026,41,41820,2023-0,2,13,2938260, 내역_20230619
2824510700,28,28245,2023-0,26,211,52234780, 내역_20230619
4182034023,41,41820,2023-0,6,275,82654240, 내역_20230619
4119910400,41,41199,2023-0,1,6,1718780, 내역_20230619
4111513400,41,41115,2023-0,38,319,65437720, 내역_20230619
4167025023,41,41670,2023-0,23,306,83550220, 내역_20230619
4155040022,41,41550,2023-0,8,89,24269100, 내역_20230619
4155033033,41,41550,2023-0,8,153,41584460, 내역_20230619
2811015200,28,28110,2023-0,4,19,5689500, 내역_20230619
4183038024,41,41830,2023-0,3,82,24564240, 내역_20230619
4161011400,41,41610,2023-0,18,271,87420280, 내역_20230619
4165034027,41,41650,2023-0,1,56,17603340, 내역_20230619
4150032029,41,41500,2023-0,4,36,9085580, 내역_20230619
4136025624,41,41360,2023-0,11,74,18695260, 내역_20230619
4167032025,41,41670,2023-0,6,32,9792320, 내역_20230619
4155033028,41,41550,2023-0,22,225,62048680, 내역_20230619
4148025327,41,41480,2023-0,17,194,56675400, 내역_20230619
4167035033,41,41670,2023-0,3,27,8810680, 내역_20230619
1114016900,11,11140,2023-0,6,40,10975920, 내역_20230619
4111512100,41,41115,2023-0,5,56,15273640, 내역_20230619
4180035021,41,41800,2023-0,3,20,4801360, 내역_20230619
4125010800,41,41250,2023-0,8,63,17903680, 내역_20230619
4122034029,41,41220,2023-0,6,61,14610040, 내역_20230619
4122025031,41,41220,2023-0,8,97,28779260, 내역_20230619
4183033028,41,41830,2023-0,13,75,18870240, 내역_20230619
4183036023,41,41830,2023-0,2,17,2947140, 내역_20230619
4150032027,41,41500,2023-0,4,30,7630560, 내역_20230619
4167011000,41,41670,2023-0,5,1081,249768380, 내역_20230619
2811012900,28,28110,2023-0,7,68,20768660, 내역_20230619
4161034027,41,41610,2023-0,3,20,5955700, 내역_20230619
4155025031,41,41550,2023-0,55,536,130928380, 내역_20230619
4182031029,41,41820,2023-0,4,35,10911500, 내역_20230619
4122031028,41,41220,2023-0,8,95,20325620, 내역_20230619
1129012100,11,11290,2023-0,8,133,39634460, 내역_20230619
4125010400,41,41250,2023-0,14,256,78963200, 내역_20230619
2814010600,28,28140,2023-0,15,187,47437000, 내역_20230619
4159037027,41,41590,2023-0,14,117,32445640, 내역_20230619
4122033029,41,41220,2023-0,212,6514,2135541160, 내역_20230619
2811010200,28,28110,2023-0,7,55,12533980, 내역_20230619
4165034024,41,41650,2023-0,13,122,33737860, 내역_20230619
4161034025,41,41610,2023-0,9,74,17041040, 내역_20230619
4155039021,41,41550,2023-0,9,699,236566000, 내역_20230619
4139012100,41,41390,2023-0,39,380,112143280, 내역_20230619
4182032527,41,41820,2023-0,7,48,14248240, 내역_20230619
4122012800,41,41220,2023-0,756,40994,13957799000, 내역_20230619
2811010300,28,28110,2023-0,14,84,20624240, 내역_20230619
4119710500,41,41197,2023-0,4,31,7033320, 내역_20230619
4183039524,41,41830,2023-0,4,19,4439460, 내역_20230619
4150025325,41,41500,2023-0,2,10,2023260, 내역_20230619
2872031021,28,28720,2023-0,5,33,3442400, 내역_20230619
4183031022,41,41830,2023-0,6,75,21493480, 내역_20230619
4167032021,41,41670,2023-0,2,22,6525380, 내역_20230619
4165039024,41,41650,2023-0,9,79,19569460, 내역_20230619
4122025027,41,41220,2023-0,13,92,22927900, 내역_20230619
4137012200,41,41370,2023-0,27,277,78801400, 내역_20230619
4155032027,41,41550,2023-0,4,56,13762740, 내역_20230619
4163032023,41,41630,2023-0,2,31,8285000, 내역_20230619
4161025630,41,41610,2023-0,1,5,1154680, 내역_20230619
4167037024,41,41670,2023-0,9,418,103444420, 내역_20230619
4115010800,41,41150,2023-0,10,118,28150380, 내역_20230619
4155036033,41,41550,2023-0,5,65,19965380, 내역_20230619
4148031024,41,41480,2023-0,7,80,20353780, 내역_20230619
4150034032,41,41500,2023-0,15,547,127979480, 내역_20230619
4163011200,41,41630,2023-0,41,402,101871160, 내역_20230619
2811013100,28,28110,2023-0,4,283,91109140, 내역_20230619
4155041024,41,41550,2023-0,17,294,86986300, 내역_20230619
4165032024,41,41650,2023-0,29,218,53503300, 내역_20230619
2811010700,28,28110,2023-0,2,16,4224920, 내역_20230619
4155034030,41,41550,2023-0,2,35,12734060, 내역_20230619
4180032021,41,41800,2023-0,16,219,56090340, 내역_20230619
4159025621,41,41590,2023-0,7,46,12256340, 내역_20230619
2811011500,28,28110,2023-0,2,94,25422140, 내역_20230619
2811011000,28,28110,2023-0,2,69,17500680, 내역_20230619
2871031027,28,28710,2023-0,9,97,22879700, 내역_20230619
2811010800,28,28110,2023-0,1,3,657340, 내역_20230619
2811010400,28,28110,2023-0,4,89,29154780, 내역_20230619
4119510900,41,41195,2023-0,16,163,47577380, 내역_20230619
2817010300,28,28170,2023-0,4,68,15430220, 내역_20230619
4146125026,41,41461,2023-0,3,94,24947600, 내역_20230619
4167036031,41,41670,2023-0,5,37,9881480, 내역_20230619
2871034022,28,28710,2023-0,9,60,17544000, 내역_20230619
2817010800,28,28170,2023-0,2,75,17452980, 내역_20230619
2817010200,28,28170,2023-0,1,27,6229960, 내역_20230619
2811010900,28,28110,2023-0,21,223,64110020, 내역_20230619
4157036025,41,41570,2023-0,9,127,36956020, 내역_20230619
2811011300,28,28110,2023-0,1,4,1161880, 내역_20230619
4119910100,41,41199,2023-0,6,115,30408940, 내역_20230619
4161032036,41,41610,2023-0,2,119,45028300, 내역_20230619
2811011900,28,28110,2023-0,2,37,10405800, 내역_20230619
2872031022,28,28720,2023-0,3,34,9233400, 내역_20230619
2817010500,28,28170,2023-0,1,23,6333100, 내역_20230619
4167012000,41,41670,2023-0,23,191,49887760, 내역_20230619
2871040021,28,28710,2023-0,4,37,11476160, 내역_20230619
4167025024,41,41670,2023-0,6,85,22326140, 내역_20230619
4146132027,41,41461,2023-0,6,121,30633620, 내역_20230619
2871037021,28,28710,2023-0,3,34,12143120, 내역_20230619
4122025036,41,41220,2023-0,1,11,2352220, 내역_20230619
2871025029,28,28710,2023-0,2,14,2586120, 내역_20230619
2871037028,28,28710,2023-0,3,16,4233460, 내역_20230619
4155036034,41,41550,2023-0,3,14,3595560, 내역_20230619
4182025025,41,41820,2023-0,15,129,34124040, 내역_20230619
4167034522,41,41670,2023-0,3,89,23644240, 내역_20230619
4122011500,41,41220,2023-0,11,139,48783120, 내역_20230619
4150011400,41,41500,2023-0,23,274,70217600, 내역_20230619
4183039521,41,41830,2023-0,6,87,28288380, 내역_20230619
4180031021,41,41800,2023-0,6,48,10709420, 내역_20230619
4165025025,41,41650,2023-0,4,234,45767540, 내역_20230619
4155031038,41,41550,2023-0,5,28,6817900, 내역_20230619
4165034030,41,41650,2023-0,1,43,11758700, 내역_20230619
4146132030,41,41461,2023-0,16,121,35657320, 내역_20230619
4122025625,41,41220,2023-0,24,378,137043240, 내역_20230619
4122037029,41,41220,2023-0,8,34,9695680, 내역_20230619
4180025328,41,41800,2023-0,11,83,24233620, 내역_20230619
2811012400,28,28110,2023-0,3,16,5535940, 내역_20230619
4167032022,41,41670,2023-0,3,19,5206440, 내역_20230619
4122010500,41,41220,2023-0,38,419,141734360, 내역_20230619
4155011100,41,41550,2023-0,2,10,2488920, 내역_20230619
4161033024,41,41610,2023-0,1,46,8002500, 내역_20230619
4148036024,41,41480,2023-0,12,126,25883220, 내역_20230619
4183033031,41,41830,2023-0,3,17,3576540, 내역_20230619
4111512000,41,41115,2023-0,2,23,8935200, 내역_20230619
2872034021,28,28720,2023-0,12,77,16099500, 내역_20230619
4155033024,41,41550,2023-0,8,95,28166260, 내역_20230619
4161037025,41,41610,2023-0,4,429,135614120, 내역_20230619
4157032026,41,41570,2023-0,1,13,2439560, 내역_20230619
4180038021,41,41800,2023-0,4,64,19047940, 내역_20230619
4183039528,41,41830,2023-0,3,27,6577500, 내역_20230619
4159042030,41,41590,2023-0,15,1126,343058240, 내역_20230619
4111513000,41,41115,2023-0,10,123,29878300, 내역_20230619
4150031033,41,41500,2023-0,11,171,45307520, 내역_20230619
4183032022,41,41830,2023-0,3,23,6281740, 내역_20230619
4167025037,41,41670,2023-0,8,76,16896820, 내역_20230619
4183039523,41,41830,2023-0,6,47,10975480, 내역_20230619
4183025029,41,41830,2023-0,5,46,10923880, 내역_20230619
4155033025,41,41550,2023-0,4,54,17380840, 내역_20230619
4155012900,41,41550,2023-0,11,532,181491000, 내역_20230619
4146125929,41,41461,2023-0,4,117,44256840, 내역_20230619
4155031031,41,41550,2023-0,7,43,10136920, 내역_20230619
4155034031,41,41550,2023-0,9,299,75868720, 내역_20230619
4180031027,41,41800,2023-0,16,126,34848900, 내역_20230619
4165037026,41,41650,2023-0,9,88,25300840, 내역_20230619
4146135025,41,41461,2023-0,5,59,18248820, 내역_20230619
4159042031,41,41590,2023-0,4,556,211633640, 내역_20230619
4161036024,41,41610,2023-0,1,13,2770960, 내역_20230619
4155040027,41,41550,2023-0,1,11,3301440, 내역_20230619
4182033024,41,41820,2023-0,5,32,7924640, 내역_20230619
4150037026,41,41500,2023-0,4,24,6151840, 내역_20230619
4157034032,41,41570,2023-0,3,19,5175780, 내역_20230619
4129010800,41,41290,2023-0,10,97,25825880, 내역_20230619
4127311300,41,41273,2023-0,5,76,21236680, 내역_20230619
2811013900,28,28110,2023-0,5,81,20590360, 내역_20230619
4119910300,41,41199,2023-0,1,13,3451360, 내역_20230619
4159013600,41,41590,2023-0,78,964,294902700, 내역_20230619
4159025335,41,41590,2023-0,26,211,66778440, 내역_20230619
4155039028,41,41550,2023-0,18,219,77449740, 내역_20230619
4183039527,41,41830,2023-0,3,39,9515740, 내역_20230619
4155010500,41,41550,2023-0,4,116,22808900, 내역_20230619
4155036035,41,41550,2023-0,11,177,57900640, 내역_20230619
4150025028,41,41500,2023-0,7,58,16937260, 내역_20230619
4122036023,41,41220,2023-0,2,16,3844280, 내역_20230619
2871033024,28,28710,2023-0,17,108,25532080, 내역_20230619
4165040023,41,41650,2023-0,4,37,7344080, 내역_20230619
4167031029,41,41670,2023-0,2,46,16382340, 내역_20230619
4155039022,41,41550,2023-0,5,32,8831680, 내역_20230619
4167031024,41,41670,2023-0,4,51,16912460, 내역_20230619
4182025031,41,41820,2023-0,4,19,4262240, 내역_20230619
4155033021,41,41550,2023-0,2,19,6484260, 내역_20230619
4180025028,41,41800,2023-0,8,66,14229600, 내역_20230619
4180025023,41,41800,2023-0,1,6,1047920, 내역_20230619
4182033030,41,41820,2023-0,3,30,7897760, 내역_20230619
4155033027,41,41550,2023-0,6,104,38768160, 내역_20230619
4155031022,41,41550,2023-0,15,125,33841260, 내역_20230619
4159025624,41,41590,2023-0,2,32,8962900, 내역_20230619
4180032023,41,41800,2023-0,7,102,29384360, 내역_20230619
4127311000,41,41273,2023-0,11,71,19281560, 내역_20230619
2811012000,28,28110,2023-0,2,31,6918500, 내역_20230619
4155010200,41,41550,2023-0,7,96,17443420, 내역_20230619
2871033025,28,28710,2023-0,10,51,11477340, 내역_20230619
2811014400,28,28110,2023-0,7,56,10010160, 내역_20230619
4167034024,41,41670,2023-0,1,10,2296480, 내역_20230619
4111313000,41,41113,2023-0,12,162,41267520, 내역_20230619
4122025040,41,41220,2023-0,6,35,11137920, 내역_20230619
4183041032,41,41830,2023-0,1,12,2329880, 내역_20230619
4161035021,41,41610,2023-0,1,6,1474080, 내역_20230619
4167025034,41,41670,2023-0,3,22,5423540, 내역_20230619
4155042027,41,41550,2023-0,2,8,2578200, 내역_20230619
4159034025,41,41590,2023-0,13,115,37543240, 내역_20230619
4119910200,41,41199,2023-0,2,30,7426600, 내역_20230619
4136034022,41,41360,2023-0,14,168,41284300, 내역_20230619
1111013100,11,11110,2023-0,13,150,41495920, 내역_20230619
4182035028,41,41820,2023-0,5,37,11239960, 내역_20230619
4137012300,41,41370,2023-0,10,52,12612420, 내역_20230619
4150031025,41,41500,2023-0,5,55,14197180, 내역_20230619
4167034031,41,41670,2023-0,5,143,47141860, 내역_20230619
4183035027,41,41830,2023-0,1,3,720620, 내역_20230619
1150011200,11,11500,2023-0,5,57,16121660, 내역_20230619
4155035021,41,41550,2023-0,7,74,19466420, 내역_20230619
4183035025,41,41830,2023-0,3,19,5379280, 내역_20230619
4183036029,41,41830,2023-0,3,17,3341480, 내역_20230619
4161034030,41,41610,2023-0,5,31,10794780, 내역_20230619
4150036030,41,41500,2023-0,4,88,25909360, 내역_20230619
4145011600,41,41450,2023-0,52,973,329149560, 내역_20230619
4165034032,41,41650,2023-0,2,14,2343480, 내역_20230619
4167034026,41,41670,2023-0,3,32,8414400, 내역_20230619
4163034024,41,41630,2023-0,10,67,14305400, 내역_20230619
4180025323,41,41800,2023-0,1,13,2484500, 내역_20230619
4165035026,41,41650,2023-0,2,33,9825300, 내역_20230619
4146135028,41,41461,2023-0,4,133,44663380, 내역_20230619
4150035030,41,41500,2023-0,2,21,5951120, 내역_20230619
4163032022,41,41630,2023-0,5,63,16206800, 내역_20230619
4182034026,41,41820,2023-0,1,18,5300420, 내역_20230619
4111113900,41,41111,2023-0,10,302,85224000, 내역_20230619
4159035032,41,41590,2023-0,8,171,55485920, 내역_20230619
4183038022,41,41830,2023-0,3,31,5709740, 내역_20230619
4161037022,41,41610,2023-0,5,52,14390300, 내역_20230619
4182025026,41,41820,2023-0,3,10,1891600, 내역_20230619
4183040033,41,41830,2023-0,3,13,2784000, 내역_20230619
4143011100,41,41430,2023-0,45,525,185446760, 내역_20230619
4122032028,41,41220,2023-0,5,70,21006320, 내역_20230619
4150025025,41,41500,2023-0,5,46,10804060, 내역_20230619
2871037022,28,28710,2023-0,1,7,1234340, 내역_20230619
4139012300,41,41390,2023-0,28,169,39374200, 내역_20230619
4161025636,41,41610,2023-0,1,6,1665340, 내역_20230619
4167035025,41,41670,2023-0,2,24,6645660, 내역_20230619
1144010600,11,11440,2023-0,8,58,15923600, 내역_20230619
4113511800,41,41135,2023-0,2,36,10389600, 내역_20230619
4167034530,41,41670,2023-0,4,16,4513020, 내역_20230619
4122037022,41,41220,2023-0,4,31,8465300, 내역_20230619
2811013500,28,28110,2023-0,4,21,4187220, 내역_20230619
2872033024,28,28720,2023-0,2,7,1976360, 내역_20230619
4139012200,41,41390,2023-0,25,295,76813400, 내역_20230619
4143010600,41,41430,2023-0,60,461,125084940, 내역_20230619
4155042021,41,41550,2023-0,2,12,3520300, 내역_20230619
4167031031,41,41670,2023-0,5,32,8979120, 내역_20230619
4136037021,41,41360,2023-0,1,28,6905080, 내역_20230619
4150037028,41,41500,2023-0,8,74,22802400, 내역_20230619
4165034029,41,41650,2023-0,3,35,9722380, 내역_20230619
4183035023,41,41830,2023-0,5,29,8153080, 내역_20230619
4183039522,41,41830,2023-0,1,37,10118740, 내역_20230619
2871039025,28,28710,2023-0,1,4,693520, 내역_20230619
4167036025,41,41670,2023-0,2,12,2854240, 내역_20230619
4150036031,41,41500,2023-0,6,258,78416480, 내역_20230619
4163034022,41,41630,2023-0,9,54,14958980, 내역_20230619
4155034027,41,41550,2023-0,3,16,3518660, 내역_20230619
4155039029,41,41550,2023-0,11,100,31624400, 내역_20230619
4180031023,41,41800,2023-0,3,54,19215560, 내역_20230619
1141011500,11,11410,2023-0,3,9,1814120, 내역_20230619
4122033028,41,41220,2023-0,37,659,170316500, 내역_20230619
4167031030,41,41670,2023-0,7,363,153013980, 내역_20230619
4183038027,41,41830,2023-0,5,114,34331760, 내역_20230619
4122025025,41,41220,2023-0,6,29,7363200, 내역_20230619
4146125927,41,41461,2023-0,10,78,18572860, 내역_20230619
4155034032,41,41550,2023-0,5,75,23962640, 내역_20230619
4167034025,41,41670,2023-0,2,81,30172220, 내역_20230619
4182034022,41,41820,2023-0,1,4,1207880, 내역_20230619
4159013200,41,41590,2023-0,11,167,44213560, 내역_20230619
4122025035,41,41220,2023-0,5,23,4569320, 내역_20230619
4111512600,41,41115,2023-0,8,40,9801740, 내역_20230619
4159042027,41,41590,2023-0,1,119,30026840, 내역_20230619
4122025039,41,41220,2023-0,3,34,7885720, 내역_20230619
4111512300,41,41115,2023-0,7,235,67986540, 내역_20230619
4159036035,41,41590,2023-0,9,34,8156440, 내역_20230619
4159042025,41,41590,2023-0,2,49,11593240, 내역_20230619
4119510200,41,41195,2023-0,5,43,10378020, 내역_20230619
4183035022,41,41830,2023-0,4,25,6018580, 내역_20230619
4182031023,41,41820,2023-0,7,75,21102140, 내역_20230619
2871036023,28,28710,2023-0,7,73,22869540, 내역_20230619
2871038025,28,28710,2023-0,2,40,14395660, 내역_20230619
4165040021,41,41650,2023-0,2,11,3050300, 내역_20230619
4119510500,41,41195,2023-0,2,24,5680980, 내역_20230619
4167033024,41,41670,2023-0,1,23,6951420, 내역_20230619
4182034528,41,41820,2023-0,5,62,16072200, 내역_20230619
4165025024,41,41650,2023-0,8,75,17716280, 내역_20230619
4150034029,41,41500,2023-0,9,265,89111560, 내역_20230619
4183034022,41,41830,2023-0,6,35,8140740, 내역_20230619
4165039025,41,41650,2023-0,4,22,5705660, 내역_20230619
4167038022,41,41670,2023-0,8,73,20794880, 내역_20230619
4167036029,41,41670,2023-0,1,58,19764480, 내역_20230619
4180034027,41,41800,2023-0,1,11,2458940, 내역_20230619
4136034023,41,41360,2023-0,9,101,24132360, 내역_20230619
4159026235,41,41590,2023-0,4,27,10330060, 내역_20230619
4167037029,41,41670,2023-0,3,97,29111400, 내역_20230619
4150025030,41,41500,2023-0,5,45,13626580, 내역_20230619
4155034034,41,41550,2023-0,8,75,22066580, 내역_20230619
4157035029,41,41570,2023-0,1,4,1180060, 내역_20230619
4141010600,41,41410,2023-0,4,24,8120360, 내역_20230619
4150037023,41,41500,2023-0,2,13,4368300, 내역_20230619
4183040030,41,41830,2023-0,1,16,3901260, 내역_20230619
4183036021,41,41830,2023-0,4,34,8696920, 내역_20230619
4167025029,41,41670,2023-0,2,13,3132560, 내역_20230619
4183039028,41,41830,2023-0,1,13,2758980, 내역_20230619
4180034023,41,41800,2023-0,4,22,6050700, 내역_20230619
2871034028,28,28710,2023-0,1,7,2410100, 내역_20230619
4180033026,41,41800,2023-0,1,47,13554740, 내역_20230619
4182034524,41,41820,2023-0,2,21,5721520, 내역_20230619
4146125931,41,41461,2023-0,20,1614,231823980, 내역_20230619
4161025633,41,41610,2023-0,1,3,633300, 내역_20230619
4155039031,41,41550,2023-0,7,61,16142700, 내역_20230619
4180034024,41,41800,2023-0,4,18,4687340, 내역_20230619
4155031036,41,41550,2023-0,4,43,11596580, 내역_20230619
1111010300,11,11110,2023-0,4,56,12134900, 내역_20230619
2872035023,28,28720,2023-0,3,16,3605220, 내역_20230619
4122032029,41,41220,2023-0,7,43,13716640, 내역_20230619
2871040025,28,28710,2023-0,3,23,5402760, 내역_20230619
4161035024,41,41610,2023-0,2,14,3139260, 내역_20230619
2871034021,28,28710,2023-0,6,39,9395680, 내역_20230619
4119510600,41,41195,2023-0,1,4,1289780, 내역_20230619
4161025931,41,41610,2023-0,4,16,4691940, 내역_20230619
4155013000,41,41550,2023-0,4,1159,399600660, 내역_20230619
4161037023,41,41610,2023-0,5,50,10546480, 내역_20230619
2871035024,28,28710,2023-0,2,24,4280020, 내역_20230619
2872036023,28,28720,2023-0,3,21,5110140, 내역_20230619
4155034028,41,41550,2023-0,6,43,11599000, 내역_20230619
4150038028,41,41500,2023-0,4,31,8642300, 내역_20230619
4122035032,41,41220,2023-0,1,11,3908120, 내역_20230619
2871037025,28,28710,2023-0,1,10,1707320, 내역_20230619
4165039026,41,41650,2023-0,2,8,2773240, 내역_20230619
4182034526,41,41820,2023-0,2,27,6131200, 내역_20230619
4167032030,41,41670,2023-0,4,38,10573200, 내역_20230619
4155025024,41,41550,2023-0,2,6,1034260, 내역_20230619
4155032034,41,41550,2023-0,4,26,5360380, 내역_20230619
4167032034,41,41670,2023-0,19,155,50623560, 내역_20230619
4167038027,41,41670,2023-0,4,43,13215320, 내역_20230619
4159032023,41,41590,2023-0,7,64,19461000, 내역_20230619
4155032033,41,41550,2023-0,2,15,5163520, 내역_20230619
4182025030,41,41820,2023-0,5,86,36116500, 내역_20230619
4146134032,41,41461,2023-0,6,42,9619460, 내역_20230619
4182034523,41,41820,2023-0,2,42,13435480, 내역_20230619
4180035022,41,41800,2023-0,2,13,3768880, 내역_20230619
4146134030,41,41461,2023-0,6,89,31078680, 내역_20230619
4128112100,41,41281,2023-0,17,108,27524700, 내역_20230619
4122037026,41,41220,2023-0,6,57,16583980, 내역_20230619
4146136026,41,41461,2023-0,8,76,20307820, 내역_20230619
2871031022,28,28710,2023-0,3,19,5029420, 내역_20230619
4146125625,41,41461,2023-0,13,59,15147340, 내역_20230619
4183025023,41,41830,2023-0,8,45,11555460, 내역_20230619
4183039526,41,41830,2023-0,2,8,2154300, 내역_20230619
4150025334,41,41500,2023-0,10,68,17923080, 내역_20230619
4161034023,41,41610,2023-0,3,36,10088100, 내역_20230619
4155034036,41,41550,2023-0,1,4,1280240, 내역_20230619
4183037023,41,41830,2023-0,4,30,6982600, 내역_20230619
4163025027,41,41630,2023-0,6,58,12242240, 내역_20230619
4155034024,41,41550,2023-0,1,8,2872320, 내역_20230619
4150025032,41,41500,2023-0,2,86,24474960, 내역_20230619
4167034523,41,41670,2023-0,2,27,5536000, 내역_20230619
4183037024,41,41830,2023-0,4,42,10618200, 내역_20230619
4146134026,41,41461,2023-0,11,121,34894480, 내역_20230619
4182031031,41,41820,2023-0,1,4,724660, 내역_20230619
4180038023,41,41800,2023-0,2,31,5987720, 내역_20230619
2871038024,28,28710,2023-0,3,30,9056360, 내역_20230619
2811014000,28,28110,2023-0,4,29,7281300, 내역_20230619
4180025026,41,41800,2023-0,1,45,10790220, 내역_20230619
4183033030,41,41830,2023-0,1,29,7887020, 내역_20230619
1156013100,11,11560,2023-0,6,45,14394260, 내역_20230619
4155039024,41,41550,2023-0,6,46,12789280, 내역_20230619
4182035025,41,41820,2023-0,4,13,4412040, 내역_20230619
4183034023,41,41830,2023-0,13,73,19662640, 내역_20230619
4182034527,41,41820,2023-0,2,7,2438900, 내역_20230619
4148025628,41,41480,2023-0,2,16,4780500, 내역_20230619
4155031032,41,41550,2023-0,2,7,2175540, 내역_20230619
4183036022,41,41830,2023-0,1,4,1379700, 내역_20230619
4148037028,41,41480,2023-0,2,15,3395740, 내역_20230619
4183040022,41,41830,2023-0,8,94,21722400, 내역_20230619
4165031025,41,41650,2023-0,3,13,2988780, 내역_20230619
4161036022,41,41610,2023-0,2,13,3461640, 내역_20230619
4128111500,41,41281,2023-0,1,4,905120, 내역_20230619
4183041026,41,41830,2023-0,3,20,5876300, 내역_20230619
4150034033,41,41500,2023-0,2,11,2504600, 내역_20230619
4183038028,41,41830,2023-0,2,6,1783420, 내역_20230619
4182025024,41,41820,2023-0,6,28,6637260, 내역_20230619
2871039026,28,28710,2023-0,6,37,9563240, 내역_20230619
4155039034,41,41550,2023-0,1,3,812700, 내역_20230619
4150033028,41,41500,2023-0,3,13,3696420, 내역_20230619
4111512700,41,41115,2023-0,5,51,10897060, 내역_20230619
4146125925,41,41461,2023-0,5,34,9033220, 내역_20230619
4122034027,41,41220,2023-0,8,53,15018520, 내역_20230619
4157036026,41,41570,2023-0,3,11,1976680, 내역_20230619
4161035026,41,41610,2023-0,1,3,905300, 내역_20230619
4145011200,41,41450,2023-0,13,149,37650540, 내역_20230619
2872037022,28,28720,2023-0,1,4,1559160, 내역_20230619
4180035026,41,41800,2023-0,1,4,755900, 내역_20230619
4180034028,41,41800,2023-0,1,3,822420, 내역_20230619
4119910800,41,41199,2023-0,7,49,13943400, 내역_20230619
4165040022,41,41650,2023-0,2,32,11201860, 내역_20230619
4167038023,41,41670,2023-0,9,93,27514400, 내역_20230619
4155041021,41,41550,2023-0,3,21,7186920, 내역_20230619
2871033023,28,28710,2023-0,1,3,718000, 내역_20230619
4119910700,41,41199,2023-0,5,38,11198080, 내역_20230619
4180025325,41,41800,2023-0,1,30,5903260, 내역_20230619
4161034029,41,41610,2023-0,5,18,4798440, 내역_20230619
4119710200,41,41197,2023-0,1,7,1874580, 내역_20230619
4119710600,41,41197,2023-0,1,3,908720, 내역_20230619
4167035032,41,41670,2023-0,1,3,410300, 내역_20230619
4183041024,41,41830,2023-0,2,12,2243300, 내역_20230619
4183033023,41,41830,2023-0,4,29,6674780, 내역_20230619
4183040023,41,41830,2023-0,2,43,9967600, 내역_20230619
4122037032,41,41220,2023-0,2,11,2346300, 내역_20230619
4180031024,41,41800,2023-0,2,13,3835400, 내역_20230619
4122035026,41,41220,2023-0,1,4,1289880, 내역_20230619
4150035032,41,41500,2023-0,2,17,3633940, 내역_20230619
4183040031,41,41830,2023-0,2,18,3507220, 내역_20230619
4159013700,41,41590,2023-0,47,809,255237680, 내역_20230619
4141010700,41,41410,2023-0,2,16,3447580, 내역_20230619
2871034029,28,28710,2023-0,1,7,1842360, 내역_20230619
4163032030,41,41630,2023-0,2,7,1949380, 내역_20230619
4119510100,41,41195,2023-0,1,5,340720, 내역_20230619
2871032024,28,28710,2023-0,3,27,5243740, 내역_20230619
4159035026,41,41590,2023-0,4,39,9914560, 내역_20230619
4122035021,41,41220,2023-0,1,7,1874960, 내역_20230619
4183037025,41,41830,2023-0,2,31,7662040, 내역_20230619
4167034531,41,41670,2023-0,1,3,1221020, 내역_20230619
2824511800,28,28245,2023-0,6,35,7564760, 내역_20230619
4180035023,41,41800,2023-0,1,8,2274840, 내역_20230619
4122031025,41,41220,2023-0,3,30,8522300, 내역_20230619
2871041023,28,28710,2023-0,1,4,623940, 내역_20230619
4183031025,41,41830,2023-0,3,14,4175700, 내역_20230619
4167036030,41,41670,2023-0,4,29,6932880, 내역_20230619
4180031025,41,41800,2023-0,6,36,10784640, 내역_20230619
4159042029,41,41590,2023-0,2,42,10708780, 내역_20230619
4122034022,41,41220,2023-0,1,9,3397500, 내역_20230619
2871034027,28,28710,2023-0,2,15,2855300, 내역_20230619
4167035036,41,41670,2023-0,4,22,6581920, 내역_20230619
4155036030,41,41550,2023-0,2,6,1653740, 내역_20230619
4182025034,41,41820,2023-0,2,7,889620, 내역_20230619
4150025022,41,41500,2023-0,2,52,11022720, 내역_20230619
4182031027,41,41820,2023-0,6,37,9367620, 내역_20230619
4146125930,41,41461,2023-0,5,39,9901980, 내역_20230619
4182033027,41,41820,2023-0,1,7,1392540, 내역_20230619
4159013400,41,41590,2023-0,29,280,66656820, 내역_20230619
2871034024,28,28710,2023-0,1,20,2531380, 내역_20230619
4182031028,41,41820,2023-0,3,17,3376020, 내역_20230619
4182031030,41,41820,2023-0,1,3,765000, 내역_20230619
4167037022,41,41670,2023-0,2,15,4083980, 내역_20230619
4183033027,41,41830,2023-0,1,7,1373740, 내역_20230619
4167034027,41,41670,2023-0,1,14,4119680, 내역_20230619
4167034521,41,41670,2023-0,4,42,13267560, 내역_20230619
4150025026,41,41500,2023-0,1,3,582820, 내역_20230619
4136026222,41,41360,2023-0,1,4,1046680, 내역_20230619
4111512400,41,41115,2023-0,4,19,3455240, 내역_20230619
4159042028,41,41590,2023-0,4,66,17463940, 내역_20230619
4167034526,41,41670,2023-0,1,3,637000, 내역_20230619
4165035025,41,41650,2023-0,1,30,13097600, 내역_20230619
4182035027,41,41820,2023-0,3,12,3088140, 내역_20230619
4167037026,41,41670,2023-0,1,3,1309580, 내역_20230619
4182035023,41,41820,2023-0,2,10,2208920, 내역_20230619
4128110700,41,41281,2023-0,1,3,518760, 내역_20230619
4159035028,41,41590,2023-0,2,6,2130300, 내역_20230619
4183041031,41,41830,2023-0,2,6,890160, 내역_20230619
4159025940,41,41590,2023-0,3,9,2966400, 내역_20230619
2811014100,28,28110,2023-0,4,13,3414060, 내역_20230619
4111113800,41,41111,2023-0,10,85,26767720, 내역_20230619
4159026232,41,41590,2023-0,3,12,2865120, 내역_20230619
4145010400,41,41450,2023-0,1,6,2317580, 내역_20230619
4155031037,41,41550,2023-0,2,29,8952400, 내역_20230619
4122037031,41,41220,2023-0,2,6,1116520, 내역_20230619
4159026230,41,41590,2023-0,1,3,602700, 내역_20230619
2871037027,28,28710,2023-0,1,10,1771180, 내역_20230619
4137011900,41,41370,2023-0,5,126,41759020, 내역_20230619
2811015100,28,28110,2023-0,9,95,21499340, 내역_20230619
4155010600,41,41550,2023-0,2,7,1467960, 내역_20230619
4183033025,41,41830,2023-0,8,80,23970140, 내역_20230619
4180036023,41,41800,2023-0,2,16,3613800, 내역_20230619
4167031034,41,41670,2023-0,1,4,454140, 내역_20230619
2871041024,28,28710,2023-0,1,7,1588320, 내역_20230619
4150038030,41,41500,2023-0,2,12,3235980, 내역_20230619
4167036026,41,41670,2023-0,1,3,700820, 내역_20230619
1111017900,11,11110,2023-0,3,35,8131840, 내역_20230619
4183032025,41,41830,2023-0,1,3,1089360, 내역_20230619
4150025031,41,41500,2023-0,1,10,2341320, 내역_20230619
2871040026,28,28710,2023-0,1,3,741320, 내역_20230619
4182031032,41,41820,2023-0,4,24,5110140, 내역_20230619
4183036026,41,41830,2023-0,2,10,3242400, 내역_20230619
4182031024,41,41820,2023-0,2,20,5401100, 내역_20230619
4122025034,41,41220,2023-0,1,4,772020, 내역_20230619
2871036022,28,28710,2023-0,1,4,1004740, 내역_20230619
4161035023,41,41610,2023-0,1,4,989980, 내역_20230619
4167038024,41,41670,2023-0,2,9,2145360, 내역_20230619
4167033030,41,41670,2023-0,1,6,1696400, 내역_20230619
4167031032,41,41670,2023-0,1,13,3487260, 내역_20230619
2871039027,28,28710,2023-0,3,27,3925400, 내역_20230619
4161037021,41,41610,2023-0,1,3,570600, 내역_20230619
4167031028,41,41670,2023-0,2,9,1251860, 내역_20230619
4180025024,41,41800,2023-0,3,13,3911920, 내역_20230619
4183041033,41,41830,2023-0,1,3,551700, 내역_20230619
1114017200,11,11140,2023-0,2,18,4051060, 내역_20230619
4183041030,41,41830,2023-0,1,4,838880, 내역_20230619
4155032023,41,41550,2023-0,4,45,13722180, 내역_20230619
4122033031,41,41220,2023-0,35,477,175388340, 내역_20230619
4167035031,41,41670,2023-0,1,3,754440, 내역_20230619
4182031026,41,41820,2023-0,3,19,4390400, 내역_20230619
4161034024,41,41610,2023-0,3,42,7730160, 내역_20230619
4122025043,41,41220,2023-0,1,3,790460, 내역_20230619
4180034022,41,41800,2023-0,2,12,3172300, 내역_20230619
4182025033,41,41820,2023-0,7,50,16493180, 내역_20230619
4182033025,41,41820,2023-0,3,57,15101940, 내역_20230619
4125010500,41,41250,2023-0,11,94,37470240, 내역_20230619
4155032024,41,41550,2023-0,1,3,1173680, 내역_20230619
4159025322,41,41590,2023-0,50,719,255760340, 내역_20230619
4155032029,41,41550,2023-0,1,9,1986980, 내역_20230619
4136036021,41,41360,2023-0,2,22,7544880, 내역_20230619
2871031023,28,28710,2023-0,2,7,1557260, 내역_20230619
2871034026,28,28710,2023-0,1,6,1583700, 내역_20230619
4159032022,41,41590,2023-0,3,17,3661180, 내역_20230619
4167036027,41,41670,2023-0,1,3,754360, 내역_20230619
4161025331,41,41610,2023-0,1,3,460960, 내역_20230619
4122025030,41,41220,2023-0,1,3,280260, 내역_20230619
4167033026,41,41670,2023-0,1,34,6134200, 내역_20230619
4182032525,41,41820,2023-0,4,31,8093300, 내역_20230619
4111513100,41,41115,2023-0,5,44,10107940, 내역_20230619
4159026233,41,41590,2023-0,11,121,46514380, 내역_20230619
4155025027,41,41550,2023-0,4,16,5037800, 내역_20230619
4180033046,41,41800,2023-0,2,10,4054920, 내역_20230619
4155042025,41,41550,2023-0,1,6,2043060, 내역_20230619
4155010800,41,41550,2023-0,2,18,3456040, 내역_20230619
2872031023,28,28720,2023-0,1,3,1071440, 내역_20230619
4150038023,41,41500,2023-0,1,4,609740, 내역_20230619
4122033030,41,41220,2023-0,5,45,13358100, 내역_20230619
2871035022,28,28710,2023-0,1,6,1229920, 내역_20230619
4167036032,41,41670,2023-0,1,41,13453040, 내역_20230619
4122037023,41,41220,2023-0,14,177,68411760, 내역_20230619
4161035025,41,41610,2023-0,2,9,1842160, 내역_20230619
4183038025,41,41830,2023-0,2,15,5765540, 내역_20230619
2826010200,28,28260,2023-0,1,4,781920, 내역_20230619
4180036025,41,41800,2023-0,1,4,1257300, 내역_20230619
4161037028,41,41610,2023-0,1,4,1585160, 내역_20230619
4183036024,41,41830,2023-0,1,3,345060, 내역_20230619
4180025029,41,41800,2023-0,1,3,1156500, 내역_20230619
4159025633,41,41590,2023-0,1,4,1606300, 내역_20230619
4122037028,41,41220,2023-0,1,3,1328840, 내역_20230619
4122032026,41,41220,2023-0,1,5,1625220, 내역_20230619
4113111400,41,41131,2023-0,1,7,3140800, 내역_20230619
4167034529,41,41670,2023-0,1,5,1224000, 내역_20230619
2872035025,28,28720,2023-0,2,9,2676600, 내역_20230619
4182034525,41,41820,2023-0,1,5,2458440, 내역_20230619
4150037027,41,41500,2023-0,4,19,8908460, 내역_20230619
4148037034,41,41480,2023-0,1,42,9154640, 내역_20230619
4155036024,41,41550,2023-0,1,4,765360, 내역_20230619
2871040028,28,28710,2023-0,2,7,2027600, 내역_20230619
4148037029,41,41480,2023-0,1,3,1305000, 내역_20230619
4183037026,41,41830,2023-0,1,3,1003320, 내역_20230619
2872035024,28,28720,2023-0,1,4,1159200, 내역_20230619
4180037024,41,41800,2023-0,1,3,539360, 내역_20230619
4183032024,41,41830,2023-0,1,3,827100, 내역_20230619
2824511500,28,28245,2023-0,1,3,1332160, 내역_20230619
4180031022,41,41800,2023-0,1,6,2308580, 내역_20230619
2871038023,28,28710,2023-0,1,5,1749500, 내역_20230619
4161033025,41,41610,2021-0,34,354,95132820, 내역_20210618
4165032022,41,41650,2021-0,43,468,113429240, 내역_20210618
1159010100,11,11590,2021-0,204,2745,674710200, 내역_20210618
2826011900,28,28260,2021-0,839,11070,2938514580, 내역_20210618
1117013100,11,11170,2021-0,582,11937,3718173060, 내역_20210618
1168010500,11,11680,2021-0,3302,126737,36989273960, 내역_20210618
4148011500,41,41480,2021-0,346,9778,2701908180, 내역_20210618
1111012800,11,11110,2021-0,66,5297,2140463300, 내역_20210618
4128510400,41,41285,2021-0,1413,15459,4279370080, 내역_20210618
4159025324,41,41590,2021-0,178,1846,483299940, 내역_20210618
1111011600,11,11110,2021-0,26,2115,601371340, 내역_20210618
1114014300,11,11140,2021-0,69,910,267723040, 내역_20210618
1111011400,11,11110,2021-0,36,2311,440954660, 내역_20210618
1168010800,11,11680,2021-0,4052,77913,21831908440, 내역_20210618
1114010500,11,11140,2021-0,172,43637,16025418140, 내역_20210618
1156013300,11,11560,2021-0,348,6473,1775837680, 내역_20210618
1168010100,11,11680,2021-0,6252,184386,56405286140, 내역_20210618
1168010400,11,11680,2021-0,1282,33239,9944690760, 내역_20210618
1111013800,11,11110,2021-0,73,13753,2141086980, 내역_20210618
1150010200,11,11500,2021-0,751,36461,8917364760, 내역_20210618
1111018400,11,11110,2021-0,41,1074,189343600, 내역_20210618
1171010600,11,11710,2021-0,236,3004,761729800, 내역_20210618
1114015400,11,11140,2021-0,73,569,152290980, 내역_20210618
1114014800,11,11140,2021-0,128,4624,1626574440, 내역_20210618
1165010200,11,11650,2021-0,2329,129008,48343897240, 내역_20210618
1114013600,11,11140,2021-0,55,612,169890960, 내역_20210618
1111012300,11,11110,2021-0,113,13102,5120537520, 내역_20210618
1121510300,11,11215,2021-0,664,12231,3038505020, 내역_20210618
4122011600,41,41220,2021-0,18,327,92469820, 내역_20210618
1120011400,11,11200,2021-0,1568,25217,6983734640, 내역_20210618
1144012700,11,11440,2021-0,936,38596,11179238340, 내역_20210618
1123010200,11,11230,2021-0,418,8869,2707021620, 내역_20210618
1165010100,11,11650,2021-0,1863,34619,9574693700, 내역_20210618
1123010500,11,11230,2021-0,331,4955,1104802980, 내역_20210618
2818510600,28,28185,2021-0,2032,43464,13555440080, 내역_20210618
4165033026,41,41650,2021-0,162,2000,479825360, 내역_20210618
1121510100,11,11215,2021-0,503,6269,1476318440, 내역_20210618
4117310200,41,41173,2021-0,2598,44395,12902703740, 내역_20210618
1120011500,11,11200,2021-0,2831,89659,22326106340, 내역_20210618
4136025326,41,41360,2021-0,119,2134,510714340, 내역_20210618
1135010200,11,11350,2021-0,222,3106,633212600, 내역_20210618
1126010400,11,11260,2021-0,178,1736,420411820, 내역_20210618
1123010700,11,11230,2021-0,107,2060,550183500, 내역_20210618
1171010200,11,11710,2021-0,518,116387,31397528300, 내역_20210618
4121010200,41,41210,2021-0,246,4112,979448980, 내역_20210618
4163032027,41,41630,2021-0,99,1559,435864960, 내역_20210618
1144010400,11,11440,2021-0,736,20632,5305234300, 내역_20210618
1123010600,11,11230,2021-0,747,8019,1891059580, 내역_20210618
4155036021,41,41550,2021-0,47,887,257411580, 내역_20210618
1111014600,11,11110,2021-0,28,304,76377360, 내역_20210618
1171011100,11,11710,2021-0,880,16196,4568766280, 내역_20210618
1168010300,11,11680,2021-0,700,19372,5046332120, 내역_20210618
1130510300,11,11305,2021-0,394,5426,1259769820, 내역_20210618
1114016000,11,11140,2021-0,54,586,141382480, 내역_20210618
1129013300,11,11290,2021-0,215,4642,1146756540, 내역_20210618
1126010200,11,11260,2021-0,215,5489,1545015120, 내역_20210618
1132010700,11,11320,2021-0,417,4559,1032739200, 내역_20210618
1135010500,11,11350,2021-0,701,9570,2255121060, 내역_20210618
1114012500,11,11140,2021-0,124,9448,1981437280, 내역_20210618
1114011700,11,11140,2021-0,62,7419,2465624400, 내역_20210618
1117010100,11,11170,2021-0,97,1889,489549120, 내역_20210618
1111012400,11,11110,2021-0,209,12528,3055983820, 내역_20210618
1114010400,11,11140,2021-0,66,14292,5730566360, 내역_20210618
1159010900,11,11590,2021-0,243,15600,4859244980, 내역_20210618
1154510100,11,11545,2021-0,6693,118717,32942848880, 내역_20210618
1168010600,11,11680,2021-0,2041,82083,26010060080, 내역_20210618
1168010700,11,11680,2021-0,2020,37058,9494490140, 내역_20210618
1156011000,11,11560,2021-0,3012,270576,100059916060, 내역_20210618
1114011100,11,11140,2021-0,137,34120,8863264840, 내역_20210618
1162010300,11,11620,2021-0,112,3133,621483600, 내역_20210618
1114017100,11,11140,2021-0,124,4254,1158940920, 내역_20210618
1135010300,11,11350,2021-0,504,9509,2189251280, 내역_20210618
1171010500,11,11710,2021-0,376,4136,1024844620, 내역_20210618
1111016400,11,11110,2021-0,185,1806,465230300, 내역_20210618
1144011100,11,11440,2021-0,197,2816,665134780, 내역_20210618
1114012300,11,11140,2021-0,26,851,330224320, 내역_20210618
4167038021,41,41670,2021-0,15,195,44440980, 내역_20210618
1114015100,11,11140,2021-0,49,332,81447400, 내역_20210618
2820011100,28,28200,2021-0,1962,36273,10109850300, 내역_20210618
1165010800,11,11650,2021-0,5578,151067,43833085360, 내역_20210618
1165010700,11,11650,2021-0,863,20441,5941935440, 내역_20210618
4182025022,41,41820,2021-0,50,768,206477240, 내역_20210618
4129010600,41,41290,2021-0,86,6841,1384514360, 내역_20210618
1150010500,11,11500,2021-0,2280,55677,17292233440, 내역_20210618
1154510200,11,11545,2021-0,843,13284,3545718120, 내역_20210618
1174010800,11,11740,2021-0,770,13828,3364797800, 내역_20210618
1123010100,11,11230,2021-0,190,9069,2553822160, 내역_20210618
1174011000,11,11740,2021-0,94,1786,474460280, 내역_20210618
4161033028,41,41610,2021-0,142,1787,454856480, 내역_20210618
4161010300,41,41610,2021-0,215,6609,2020426900, 내역_20210618
4159036030,41,41590,2021-0,105,1100,304899200, 내역_20210618
1123010800,11,11230,2021-0,76,2690,470021560, 내역_20210618
4183025026,41,41830,2021-0,22,154,30194460, 내역_20210618
1120010700,11,11200,2021-0,195,2654,547021560, 내역_20210618
1126010600,11,11260,2021-0,381,6524,1661625640, 내역_20210618
4127310400,41,41273,2021-0,1502,37067,11481791420, 내역_20210618
4163033021,41,41630,2021-0,182,2244,580235380, 내역_20210618
1123010400,11,11230,2021-0,219,3059,731772760, 내역_20210618
2826011200,28,28260,2021-0,1358,24442,6804014160, 내역_20210618
1168011400,11,11680,2021-0,217,9961,3520147740, 내역_20210618
1171010700,11,11710,2021-0,1967,23985,6400870060, 내역_20210618
1114014700,11,11140,2021-0,83,14176,4337567060, 내역_20210618
1111012900,11,11110,2021-0,40,1364,441126160, 내역_20210618
4113110700,41,41131,2021-0,269,4373,1026155460, 내역_20210618
1114014400,11,11140,2021-0,100,5541,1732907380, 내역_20210618
1114010300,11,11140,2021-0,264,8174,2777515020, 내역_20210618
1114010800,11,11140,2021-0,113,8715,3508165740, 내역_20210618
4150034024,41,41500,2021-0,23,334,80451080, 내역_20210618
1114013200,11,11140,2021-0,93,1159,323287140, 내역_20210618
1114016600,11,11140,2021-0,215,14027,4687995200, 내역_20210618
1114010200,11,11140,2021-0,177,5392,1740134660, 내역_20210618
1114010700,11,11140,2021-0,21,1379,501279160, 내역_20210618
1153010200,11,11530,2021-0,4637,91949,24847373000, 내역_20210618
1168011800,11,11680,2021-0,1002,30284,8068030980, 내역_20210618
1114015800,11,11140,2021-0,109,6655,1736934240, 내역_20210618
1114015900,11,11140,2021-0,61,3154,715274020, 내역_20210618
1121510500,11,11215,2021-0,536,9625,2642482200, 내역_20210618
1114016100,11,11140,2021-0,86,5211,1709683360, 내역_20210618
1150010700,11,11500,2021-0,180,2056,527306820, 내역_20210618
4127310700,41,41273,2021-0,445,8728,2397117960, 내역_20210618
4159033022,41,41590,2021-0,53,569,140363320, 내역_20210618
4155038025,41,41550,2021-0,43,905,251248540, 내역_20210618
1174010600,11,11740,2021-0,208,6902,2203811800, 내역_20210618
1171010300,11,11710,2021-0,182,10977,4118535500, 내역_20210618
1130510100,11,11305,2021-0,307,3169,693229140, 내역_20210618
1174010700,11,11740,2021-0,196,2871,649095900, 내역_20210618
1126010100,11,11260,2021-0,372,4686,1122423220, 내역_20210618
1129012600,11,11290,2021-0,16,141,36096620, 내역_20210618
1132010800,11,11320,2021-0,199,3153,694553200, 내역_20210618
4146132024,41,41461,2021-0,55,1396,310592900, 내역_20210618
4145010800,41,41450,2021-0,725,7365,1912740740, 내역_20210618
1156011800,11,11560,2021-0,94,712,164479900, 내역_20210618
1126010500,11,11260,2021-0,243,3038,742418540, 내역_20210618
4161025936,41,41610,2021-0,101,1374,346576680, 내역_20210618
4157025325,41,41570,2021-0,177,3023,787322220, 내역_20210618
4113510700,41,41135,2021-0,902,27860,8249807980, 내역_20210618
1144010500,11,11440,2021-0,129,1580,383511500, 내역_20210618
1141011800,11,11410,2021-0,150,2618,596729720, 내역_20210618
1114013700,11,11140,2021-0,56,3025,841262300, 내역_20210618
1111010600,11,11110,2021-0,39,402,109374700, 내역_20210618
1111012600,11,11110,2021-0,138,7726,2999235300, 내역_20210618
1138010100,11,11380,2021-0,63,1075,319275100, 내역_20210618
1147010200,11,11470,2021-0,762,16964,5071968220, 내역_20210618
1111015900,11,11110,2021-0,66,2958,995688960, 내역_20210618
1111014400,11,11110,2021-0,14,172,39043300, 내역_20210618
1114011800,11,11140,2021-0,253,29207,10251646800, 내역_20210618
1117012500,11,11170,2021-0,670,21260,7381322700, 내역_20210618
1114011300,11,11140,2021-0,57,1957,449948220, 내역_20210618
1156012700,11,11560,2021-0,475,13213,3310702240, 내역_20210618
1111016500,11,11110,2021-0,48,556,137299660, 내역_20210618
1123010900,11,11230,2021-0,137,3016,714375140, 내역_20210618
1171011200,11,11710,2021-0,350,5789,1466466400, 내역_20210618
4127310600,41,41273,2021-0,610,17280,5631069480, 내역_20210618
4159036021,41,41590,2021-0,118,3842,1373592360, 내역_20210618
1121510200,11,11215,2021-0,147,1932,462624780, 내역_20210618
4136025324,41,41360,2021-0,88,768,187631760, 내역_20210618
1147010300,11,11470,2021-0,441,5384,1261124600, 내역_20210618
4155025023,41,41550,2021-0,21,193,51047400, 내역_20210618
4150025330,41,41500,2021-0,179,37483,15500251940, 내역_20210618
1156013000,11,11560,2021-0,94,1254,301411480, 내역_20210618
1132010500,11,11320,2021-0,230,3600,883731740, 내역_20210618
2820011000,28,28200,2021-0,759,11151,2967852100, 내역_20210618
1123010300,11,11230,2021-0,229,2178,484447960, 내역_20210618
1129013600,11,11290,2021-0,221,5625,1451846340, 내역_20210618
4165033024,41,41650,2021-0,80,780,189447120, 내역_20210618
1130510200,11,11305,2021-0,233,2877,665152640, 내역_20210618
1156012300,11,11560,2021-0,177,3156,741332200, 내역_20210618
1138011400,11,11380,2021-0,173,2639,648263700, 내역_20210618
1141010100,11,11410,2021-0,118,2368,625189760, 내역_20210618
1141011700,11,11410,2021-0,316,4458,1096272520, 내역_20210618
1141010600,11,11410,2021-0,22,297,62261020, 내역_20210618
1138010400,11,11380,2021-0,136,1882,417700880, 내역_20210618
1138010800,11,11380,2021-0,150,1294,288027420, 내역_20210618
1141010200,11,11410,2021-0,153,14197,5234643680, 내역_20210618
1144011500,11,11440,2021-0,189,3748,887253940, 내역_20210618
1144012000,11,11440,2021-0,1346,21201,5717714700, 내역_20210618
1144010700,11,11440,2021-0,239,3236,972894640, 내역_20210618
1150010900,11,11500,2021-0,355,9466,2658632940, 내역_20210618
1138010900,11,11380,2021-0,139,1429,291084340, 내역_20210618
1156012500,11,11560,2021-0,66,1010,245647280, 내역_20210618
1141011100,11,11410,2021-0,175,2213,466987240, 내역_20210618
1138010600,11,11380,2021-0,99,754,178604600, 내역_20210618
1141010400,11,11410,2021-0,36,4546,1705964780, 내역_20210618
1165011000,11,11650,2021-0,57,3482,1212667660, 내역_20210618
1117011000,11,11170,2021-0,55,1584,239125100, 내역_20210618
1117011100,11,11170,2021-0,36,433,103722280, 내역_20210618
2826010400,28,28260,2021-0,292,7996,2350518640, 내역_20210618
1111012100,11,11110,2021-0,113,13517,5221689020, 내역_20210618
4148025624,41,41480,2021-0,25,445,110762700, 내역_20210618
4183033024,41,41830,2021-0,5,49,11848040, 내역_20210618
1129013900,11,11290,2021-0,120,2507,490073040, 내역_20210618
1111011800,11,11110,2021-0,153,2766,1047370420, 내역_20210618
1132010600,11,11320,2021-0,252,2892,622376040, 내역_20210618
1171010800,11,11710,2021-0,3276,51721,14442885780, 내역_20210618
1114011000,11,11140,2021-0,156,19996,5366685360, 내역_20210618
1135010600,11,11350,2021-0,244,3062,655948440, 내역_20210618
1141011900,11,11410,2021-0,135,1798,392065360, 내역_20210618
1165010600,11,11650,2021-0,729,21623,6659202260, 내역_20210618
4146310600,41,41463,2021-0,113,1730,502600040, 내역_20210618
1138010700,11,11380,2021-0,248,2467,617699300, 내역_20210618
1138010500,11,11380,2021-0,99,2438,635664640, 내역_20210618
4141010500,41,41410,2021-0,445,6721,1825446340, 내역_20210618
1144012200,11,11440,2021-0,438,8189,2331923640, 내역_20210618
1144010900,11,11440,2021-0,114,4203,1195304380, 내역_20210618
1150010100,11,11500,2021-0,421,8003,2266506800, 내역_20210618
1156012800,11,11560,2021-0,290,17868,4639723720, 내역_20210618
1150010800,11,11500,2021-0,224,24456,9557138820, 내역_20210618
4159037022,41,41590,2021-0,241,3144,881507700, 내역_20210618
1111018300,11,11110,2021-0,79,839,205275660, 내역_20210618
1130510400,11,11305,2021-0,43,799,238543380, 내역_20210618
1171011400,11,11710,2021-0,118,1679,389597300, 내역_20210618
4148025627,41,41480,2021-0,20,262,62272540, 내역_20210618
1171010900,11,11710,2021-0,164,3717,1031685540, 내역_20210618
4125010100,41,41250,2021-0,36,355,70994840, 내역_20210618
2820010700,28,28200,2021-0,353,10566,3045532960, 내역_20210618
4141010200,41,41410,2021-0,1138,15477,4407499520, 내역_20210618
1168011300,11,11680,2021-0,72,687,133654240, 내역_20210618
4148010700,41,41480,2021-0,34,701,193835060, 내역_20210618
1114012900,11,11140,2021-0,59,666,142485660, 내역_20210618
1150010300,11,11500,2021-0,752,9099,2099846700, 내역_20210618
1141011400,11,11410,2021-0,84,5247,1121480360, 내역_20210618
1144010200,11,11440,2021-0,638,22921,7071063080, 내역_20210618
4117110300,41,41171,2021-0,138,3249,1027382980, 내역_20210618
1144012500,11,11440,2021-0,633,9292,2258850260, 내역_20210618
1138011000,11,11380,2021-0,113,1562,354188480, 내역_20210618
4119012300,41,41190,2021-0,839,9826,2677736620, 내역_20210618
4157010700,41,41570,2021-0,193,1897,447158600, 내역_20210618
4183032026,41,41830,2021-0,10,134,32629340, 내역_20210618
1141012000,11,11410,2021-0,128,1428,362910580, 내역_20210618
4157025021,41,41570,2021-0,61,650,144732680, 내역_20210618
1117013000,11,11170,2021-0,253,2820,670092340, 내역_20210618
4163033027,41,41630,2021-0,75,912,229431300, 내역_20210618
1120010300,11,11200,2021-0,48,664,158282760, 내역_20210618
1123011000,11,11230,2021-0,69,1600,266633160, 내역_20210618
4136025024,41,41360,2021-0,117,1104,292767380, 내역_20210618
4145011100,41,41450,2021-0,42,568,163827740, 내역_20210618
1150010600,11,11500,2021-0,127,2041,494153380, 내역_20210618
4165010600,41,41650,2021-0,78,1561,385425920, 내역_20210618
1153010800,11,11530,2021-0,179,2283,522615340, 내역_20210618
1117010400,11,11170,2021-0,125,12193,3216307220, 내역_20210618
1144012400,11,11440,2021-0,276,2904,727417120, 내역_20210618
1138010300,11,11380,2021-0,125,2396,622235840, 내역_20210618
1144012300,11,11440,2021-0,271,2415,553292400, 내역_20210618
1150010400,11,11500,2021-0,747,9982,2538798420, 내역_20210618
1150011000,11,11500,2021-0,59,2189,765840080, 내역_20210618
4159037024,41,41590,2021-0,184,2298,625734560, 내역_20210618
4128510900,41,41285,2021-0,94,928,215648740, 내역_20210618
4157025026,41,41570,2021-0,40,287,75889620, 내역_20210618
4139013200,41,41390,2021-0,3940,66155,19067603940, 내역_20210618
4113510500,41,41135,2021-0,546,15867,5017363520, 내역_20210618
4148025023,41,41480,2021-0,86,1988,498426180, 내역_20210618
1174010200,11,11740,2021-0,95,1388,342999420, 내역_20210618
1171010400,11,11710,2021-0,385,6665,1691815320, 내역_20210618
1159010800,11,11590,2021-0,196,6102,1802588180, 내역_20210618
4113310500,41,41133,2021-0,1950,47283,13377141840, 내역_20210618
4129010900,41,41290,2021-0,145,7003,2422584780, 내역_20210618
1153011100,11,11530,2021-0,42,441,93219620, 내역_20210618
1174010300,11,11740,2021-0,121,17712,6734273440, 내역_20210618
1159010700,11,11590,2021-0,444,6454,1534683020, 내역_20210618
4159025935,41,41590,2021-0,41,593,170983280, 내역_20210618
1153010600,11,11530,2021-0,297,2758,716314220, 내역_20210618
4129010500,41,41290,2021-0,178,2468,658706000, 내역_20210618
4122010300,41,41220,2021-0,122,5232,1596279100, 내역_20210618
4159026221,41,41590,2021-0,247,3147,860198560, 내역_20210618
4159036025,41,41590,2021-0,220,3041,906752000, 내역_20210618
4127110300,41,41271,2021-0,465,5758,1406201280, 내역_20210618
1154510300,11,11545,2021-0,748,11114,2742072840, 내역_20210618
1153010100,11,11530,2021-0,302,5236,1482170420, 내역_20210618
1162010100,11,11620,2021-0,833,13232,3271629820, 내역_20210618
1111014300,11,11110,2021-0,6,23,4623280, 내역_20210618
4150031028,41,41500,2021-0,19,182,48376380, 내역_20210618
1147010100,11,11470,2021-0,739,9257,2193682100, 내역_20210618
1117011200,11,11170,2021-0,116,1425,367022960, 내역_20210618
1156012100,11,11560,2021-0,612,24654,6127245860, 내역_20210618
1168011500,11,11680,2021-0,497,11656,3109423940, 내역_20210618
4113510900,41,41135,2021-0,1310,81306,26573442280, 내역_20210618
4148026225,41,41480,2021-0,101,1556,396067660, 내역_20210618
1162010200,11,11620,2021-0,846,14165,3323772400, 내역_20210618
4113511000,41,41135,2021-0,272,12017,4353558320, 내역_20210618
1174010900,11,11740,2021-0,481,7393,2198183740, 내역_20210618
1171011300,11,11710,2021-0,233,3218,781741380, 내역_20210618
1174010500,11,11740,2021-0,306,5570,1335085400, 내역_20210618
2814010200,28,28140,2021-0,28,3173,1330736680, 내역_20210618
1111016900,11,11110,2021-0,67,1096,274579020, 내역_20210618
1153011000,11,11530,2021-0,74,1002,239555440, 내역_20210618
1156011600,11,11560,2021-0,157,6352,1428220320, 내역_20210618
1156011100,11,11560,2021-0,105,2820,639573680, 내역_20210618
1114011900,11,11140,2021-0,47,1765,655012080, 내역_20210618
1156012900,11,11560,2021-0,406,8829,2628933180, 내역_20210618
1156011500,11,11560,2021-0,42,388,95993800, 내역_20210618
1156011300,11,11560,2021-0,267,7876,1882017860, 내역_20210618
4121010500,41,41210,2021-0,166,1375,335928000, 내역_20210618
1117012800,11,11170,2021-0,507,23057,7903566800, 내역_20210618
4150035033,41,41500,2021-0,8,202,50688820, 내역_20210618
4180025327,41,41800,2021-0,23,265,68568760, 내역_20210618
1159010200,11,11590,2021-0,283,3543,749807860, 내역_20210618
1168011000,11,11680,2021-0,61,1180,308284000, 내역_20210618
4127110600,41,41271,2021-0,34,298,72930720, 내역_20210618
2824510400,28,28245,2021-0,255,4077,1100162980, 내역_20210618
4127310500,41,41273,2021-0,803,20369,6321062980, 내역_20210618
1156013200,11,11560,2021-0,403,5903,1485858840, 내역_20210618
1117012600,11,11170,2021-0,22,584,153600120, 내역_20210618
1156011400,11,11560,2021-0,379,13342,3362853940, 내역_20210618
4157025626,41,41570,2021-0,796,11873,3185377100, 내역_20210618
1156011200,11,11560,2021-0,156,2531,685331460, 내역_20210618
1121510400,11,11215,2021-0,245,3682,1062529360, 내역_20210618
4183032022,41,41830,2021-0,5,24,5150800, 내역_20210618
4113511400,41,41135,2021-0,585,19362,5461675840, 내역_20210618
1114016200,11,11140,2021-0,872,13629,3226330680, 내역_20210618
4127310300,41,41273,2021-0,476,9858,2992678360, 내역_20210618
4157034021,41,41570,2021-0,81,790,210550240, 내역_20210618
4121010400,41,41210,2021-0,628,12685,4361170420, 내역_20210618
4157034030,41,41570,2021-0,177,2079,551744480, 내역_20210618
4159026222,41,41590,2021-0,160,1629,470196100, 내역_20210618
4119012400,41,41190,2021-0,443,5281,1367318740, 내역_20210618
1153011200,11,11530,2021-0,41,574,113300100, 내역_20210618
1111013700,11,11110,2021-0,61,479,118833540, 내역_20210618
1111016000,11,11110,2021-0,138,6423,2263945320, 내역_20210618
1111011900,11,11110,2021-0,81,6904,2431688900, 내역_20210618
1111015400,11,11110,2021-0,91,647,183412540, 내역_20210618
2811012800,28,28110,2021-0,387,5873,1658194520, 내역_20210618
1117013200,11,11170,2021-0,50,999,281343480, 내역_20210618
1111013400,11,11110,2021-0,59,850,217752440, 내역_20210618
1111015600,11,11110,2021-0,27,233,57257220, 내역_20210618
1114016700,11,11140,2021-0,96,3424,1118361880, 내역_20210618
1111011300,11,11110,2021-0,34,733,194357280, 내역_20210618
1111016600,11,11110,2021-0,83,2273,619146180, 내역_20210618
1141011600,11,11410,2021-0,178,2698,513464060, 내역_20210618
1111011700,11,11110,2021-0,108,2543,684468860, 내역_20210618
1111017700,11,11110,2021-0,27,9393,3667830640, 내역_20210618
2811014700,28,28110,2021-0,555,25909,7492566960, 내역_20210618
4159036026,41,41590,2021-0,296,3956,1185075440, 내역_20210618
1153010700,11,11530,2021-0,181,2926,670986220, 내역_20210618
2820010100,28,28200,2021-0,908,14694,4246705240, 내역_20210618
4119010400,41,41190,2021-0,641,13282,3855716400, 내역_20210618
1111016300,11,11110,2021-0,34,256,54247740, 내역_20210618
1144012100,11,11440,2021-0,554,7422,1972997320, 내역_20210618
1111013500,11,11110,2021-0,87,2358,736307140, 내역_20210618
1111013600,11,11110,2021-0,92,3173,887387060, 내역_20210618
1171010100,11,11710,2021-0,574,11692,3062856400, 내역_20210618
1111012000,11,11110,2021-0,319,9270,2932939360, 내역_20210618
4146136029,41,41461,2021-0,113,1359,349729080, 내역_20210618
4122012000,41,41220,2021-0,122,3533,1005786560, 내역_20210618
4117110200,41,41171,2021-0,221,7370,2068932460, 내역_20210618
4157025628,41,41570,2021-0,27,277,69432240, 내역_20210618
4146310300,41,41463,2021-0,76,753,182008340, 내역_20210618
4128112300,41,41281,2021-0,307,4598,1192051140, 내역_20210618
1120010500,11,11200,2021-0,528,7882,2254770240, 내역_20210618
1111011500,11,11110,2021-0,31,485,128269840, 내역_20210618
4146110600,41,41461,2021-0,108,1879,534146600, 내역_20210618
4117110100,41,41171,2021-0,1009,17165,4416326180, 내역_20210618
4155035023,41,41550,2021-0,25,278,77418360, 내역_20210618
4128110600,41,41281,2021-0,133,1566,369151280, 내역_20210618
4157035024,41,41570,2021-0,71,1016,281665180, 내역_20210618
4159033029,41,41590,2021-0,48,610,167978680, 내역_20210618
4157035021,41,41570,2021-0,26,241,70496560, 내역_20210618
4139011200,41,41390,2021-0,225,1641,438270140, 내역_20210618
4121010300,41,41210,2021-0,270,3356,746249520, 내역_20210618
4159033025,41,41590,2021-0,233,3670,1062196480, 내역_20210618
1138010200,11,11380,2021-0,290,3310,681255280, 내역_20210618
1111017500,11,11110,2021-0,141,1320,303849140, 내역_20210618
4159025924,41,41590,2021-0,78,7613,2562531820, 내역_20210618
1111011000,11,11110,2021-0,17,159,35755940, 내역_20210618
1156012400,11,11560,2021-0,306,5371,1545653300, 내역_20210618
1156010400,11,11560,2021-0,52,568,138865020, 내역_20210618
4143010900,41,41430,2021-0,477,4872,1312058000, 내역_20210618
4119010900,41,41190,2021-0,864,8367,2004477000, 내역_20210618
4122025623,41,41220,2021-0,90,4501,1666278840, 내역_20210618
1156010800,11,11560,2021-0,147,2516,715842660, 내역_20210618
1114011400,11,11140,2021-0,77,17586,7214170620, 내역_20210618
1114016800,11,11140,2021-0,193,17987,5932968660, 내역_20210618
1114012100,11,11140,2021-0,77,15772,6430315400, 내역_20210618
1114011200,11,11140,2021-0,83,2165,759882680, 내역_20210618
4161010200,41,41610,2021-0,45,817,208423060, 내역_20210618
1114010900,11,11140,2021-0,77,3066,1132431980, 내역_20210618
1114013100,11,11140,2021-0,53,2793,1007509800, 내역_20210618
4122031030,41,41220,2021-0,28,324,91646980, 내역_20210618
1114010600,11,11140,2021-0,11,239,76179080, 내역_20210618
1111012500,11,11110,2021-0,48,4977,1939178120, 내역_20210618
4150025329,41,41500,2021-0,24,339,105940420, 내역_20210618
1111015700,11,11110,2021-0,72,3609,973668280, 내역_20210618
1111016800,11,11110,2021-0,123,1844,448477540, 내역_20210618
1111014700,11,11110,2021-0,16,1313,446133340, 내역_20210618
1120010800,11,11200,2021-0,15,130,29974800, 내역_20210618
4155012800,41,41550,2021-0,25,615,172844340, 내역_20210618
4113111300,41,41131,2021-0,31,262,61146960, 내역_20210618
1114015500,11,11140,2021-0,115,946,234364760, 내역_20210618
4159042032,41,41590,2021-0,171,9176,2901889180, 내역_20210618
1114012400,11,11140,2021-0,85,5323,1738711600, 내역_20210618
4161025023,41,41610,2021-0,112,1460,416948560, 내역_20210618
4128110100,41,41281,2021-0,135,2785,617735500, 내역_20210618
1114015000,11,11140,2021-0,44,9185,3354091160, 내역_20210618
1144010800,11,11440,2021-0,116,2164,590089020, 내역_20210618
4146110500,41,41461,2021-0,114,2807,850434700, 내역_20210618
4150031027,41,41500,2021-0,13,420,123330520, 내역_20210618
4143011000,41,41430,2021-0,39,721,237589040, 내역_20210618
4148010900,41,41480,2021-0,73,1036,303323560, 내역_20210618
1156010300,11,11560,2021-0,138,2175,609399100, 내역_20210618
1111012700,11,11110,2021-0,68,12709,4537976100, 내역_20210618
1111014100,11,11110,2021-0,39,570,157389440, 내역_20210618
1114012700,11,11140,2021-0,55,2134,472135520, 내역_20210618
1129011700,11,11290,2021-0,17,278,70187580, 내역_20210618
4111313700,41,41113,2021-0,324,7470,2112656240, 내역_20210618
1114012600,11,11140,2021-0,56,1271,422001920, 내역_20210618
1114010100,11,11140,2021-0,148,2772,717082800, 내역_20210618
2823710400,28,28237,2021-0,913,29219,10010541880, 내역_20210618
4146131023,41,41461,2021-0,44,714,185876940, 내역_20210618
4113111500,41,41131,2021-0,339,5230,1458466440, 내역_20210618
4128113000,41,41281,2021-0,72,618,160261700, 내역_20210618
4146310800,41,41463,2021-0,166,3073,886563620, 내역_20210618
4146510100,41,41465,2021-0,246,2652,664194700, 내역_20210618
1117012700,11,11170,2021-0,34,9768,1734379640, 내역_20210618
1111010500,11,11110,2021-0,12,165,43290020, 내역_20210618
1117011800,11,11170,2021-0,53,773,200247720, 내역_20210618
4148031023,41,41480,2021-0,192,3148,892633940, 내역_20210618
1111017400,11,11110,2021-0,104,1288,291182860, 내역_20210618
1117011700,11,11170,2021-0,137,1455,381391840, 내역_20210618
1114014500,11,11140,2021-0,57,2185,589044200, 내역_20210618
4131010400,41,41310,2021-0,296,3215,763245240, 내역_20210618
1129013800,11,11290,2021-0,116,1113,247145540, 내역_20210618
4117310100,41,41173,2021-0,472,4926,1209146420, 내역_20210618
1129011900,11,11290,2021-0,28,436,104418820, 내역_20210618
1159010500,11,11590,2021-0,85,2967,562288760, 내역_20210618
4165032023,41,41650,2021-0,72,1244,318013860, 내역_20210618
4145010600,41,41450,2021-0,203,2938,655901060, 내역_20210618
1141010300,11,11410,2021-0,31,319,69264080, 내역_20210618
4148025325,41,41480,2021-0,55,765,189378680, 내역_20210618
1144011300,11,11440,2021-0,24,343,81854440, 내역_20210618
1114015600,11,11140,2021-0,38,430,133732000, 내역_20210618
1121510900,11,11215,2021-0,169,5307,997189680, 내역_20210618
1117011900,11,11170,2021-0,104,1220,316385580, 내역_20210618
1117010800,11,11170,2021-0,66,4239,978978180, 내역_20210618
1144010300,11,11440,2021-0,95,1047,275856540, 내역_20210618
1111018000,11,11110,2021-0,5,28,7371120, 내역_20210618
4163011000,41,41630,2021-0,99,1758,451215100, 내역_20210618
1114017400,11,11140,2021-0,20,497,154635720, 내역_20210618
4128510600,41,41285,2021-0,688,10578,2869310600, 내역_20210618
4150010500,41,41500,2021-0,18,199,50884860, 내역_20210618
1114013900,11,11140,2021-0,70,1957,369509260, 내역_20210618
4167025026,41,41670,2021-0,8,94,27415840, 내역_20210618
4148011900,41,41480,2021-0,49,473,115240460, 내역_20210618
1114017300,11,11140,2021-0,32,516,131642300, 내역_20210618
1114013500,11,11140,2021-0,57,594,165917760, 내역_20210618
1144011000,11,11440,2021-0,110,4178,989102400, 내역_20210618
4150034028,41,41500,2021-0,59,1769,521650280, 내역_20210618
1117010500,11,11170,2021-0,58,2141,596467140, 내역_20210618
4163031021,41,41630,2021-0,83,1235,277395440, 내역_20210618
4119011300,41,41190,2021-0,118,1300,276313100, 내역_20210618
4161025924,41,41610,2021-0,36,480,135540460, 내역_20210618
1114013300,11,11140,2021-0,53,439,115686700, 내역_20210618
4146134024,41,41461,2021-0,58,1018,302397160, 내역_20210618
4146310400,41,41463,2021-0,78,8398,2176540780, 내역_20210618
1129010700,11,11290,2021-0,33,414,89457780, 내역_20210618
4146133024,41,41461,2021-0,29,630,168317260, 내역_20210618
4122032023,41,41220,2021-0,243,5778,1724276600, 내역_20210618
4161025325,41,41610,2021-0,87,839,214156180, 내역_20210618
4159036027,41,41590,2021-0,95,2144,668574920, 내역_20210618
4161025021,41,41610,2021-0,105,1284,362052820, 내역_20210618
1120010400,11,11200,2021-0,106,2364,574807800, 내역_20210618
4136025923,41,41360,2021-0,187,1696,426070880, 내역_20210618
1120011300,11,11200,2021-0,91,1230,256064340, 내역_20210618
1120012200,11,11200,2021-0,278,22670,8446324480, 내역_20210618
1117010900,11,11170,2021-0,29,208,44955300, 내역_20210618
1117012900,11,11170,2021-0,75,898,254529980, 내역_20210618
1117010700,11,11170,2021-0,106,10651,2706759440, 내역_20210618
4119010300,41,41190,2021-0,668,8296,2114686580, 내역_20210618
4117310400,41,41173,2021-0,1258,22326,6892185260, 내역_20210618
1114011600,11,11140,2021-0,16,2797,1102300780, 내역_20210618
4113310100,41,41133,2021-0,195,2135,523273320, 내역_20210618
1129012500,11,11290,2021-0,126,4778,1067177740, 내역_20210618
4161025925,41,41610,2021-0,45,341,91071080, 내역_20210618
1120010200,11,11200,2021-0,107,973,229300940, 내역_20210618
4165033025,41,41650,2021-0,92,867,206606000, 내역_20210618
1120010600,11,11200,2021-0,53,2685,490852460, 내역_20210618
1117012200,11,11170,2021-0,31,1746,646843020, 내역_20210618
1117012100,11,11170,2021-0,57,578,140353140, 내역_20210618
1117013600,11,11170,2021-0,26,339,69876640, 내역_20210618
1117012400,11,11170,2021-0,83,755,174432400, 내역_20210618
4150031021,41,41500,2021-0,26,673,187368880, 내역_20210618
1129010800,11,11290,2021-0,23,242,52529060, 내역_20210618
4159042026,41,41590,2021-0,7,789,310104080, 내역_20210618
4115010500,41,41150,2021-0,252,4020,934473640, 내역_20210618
4148035026,41,41480,2021-0,93,1115,284614720, 내역_20210618
2826011500,28,28260,2021-0,110,1100,284769940, 내역_20210618
4155039027,41,41550,2021-0,38,418,106157320, 내역_20210618
1165010400,11,11650,2021-0,8,45,10863200, 내역_20210618
2823710500,28,28237,2021-0,301,3471,823698280, 내역_20210618
4161033021,41,41610,2021-0,47,514,143395100, 내역_20210618
1117011300,11,11170,2021-0,161,1860,461122300, 내역_20210618
4148012300,41,41480,2021-0,48,657,136495980, 내역_20210618
4155034023,41,41550,2021-0,24,753,243110820, 내역_20210618
4146311700,41,41463,2021-0,105,1747,427157240, 내역_20210618
4150025333,41,41500,2021-0,22,616,187109820, 내역_20210618
4136025925,41,41360,2021-0,150,1440,360385740, 내역_20210618
4161025027,41,41610,2021-0,130,1261,315748540, 내역_20210618
4148011300,41,41480,2021-0,237,2426,677225840, 내역_20210618
1165011100,11,11650,2021-0,78,717,180451140, 내역_20210618
1111017000,11,11110,2021-0,41,455,114710220, 내역_20210618
1111010700,11,11110,2021-0,77,2648,691432560, 내역_20210618
1156011900,11,11560,2021-0,87,737,195063560, 내역_20210618
1156012600,11,11560,2021-0,125,1992,444015160, 내역_20210618
2817710400,28,28177,2021-0,468,7411,1898544380, 내역_20210618
2826012000,28,28260,2021-0,242,2102,522394860, 내역_20210618
4128511300,41,41285,2021-0,362,3201,744134300, 내역_20210618
4148012000,41,41480,2021-0,226,3321,861063820, 내역_20210618
4128511100,41,41285,2021-0,270,2969,733402200, 내역_20210618
1111018600,11,11110,2021-0,14,122,31194040, 내역_20210618
4157025624,41,41570,2021-0,53,545,130374620, 내역_20210618
4146311800,41,41463,2021-0,336,8717,2754276600, 내역_20210618
2824510300,28,28245,2021-0,329,5016,1281538360, 내역_20210618
4157025623,41,41570,2021-0,116,1042,235086140, 내역_20210618
4159033023,41,41590,2021-0,69,755,218518640, 내역_20210618
1156011700,11,11560,2021-0,63,665,162890340, 내역_20210618
1156010500,11,11560,2021-0,86,2155,561939260, 내역_20210618
4119011700,41,41190,2021-0,249,5078,1382842980, 내역_20210618
4146125022,41,41461,2021-0,70,1923,560595180, 내역_20210618
4146131024,41,41461,2021-0,39,647,155811440, 내역_20210618
4121010800,41,41210,2021-0,62,476,120885220, 내역_20210618
4157025022,41,41570,2021-0,97,1142,306105240, 내역_20210618
1165010300,11,11650,2021-0,132,1890,488275940, 내역_20210618
1117013300,11,11170,2021-0,32,1155,309357300, 내역_20210618
4146311100,41,41463,2021-0,744,10313,2939885000, 내역_20210618
1156010700,11,11560,2021-0,33,937,263756200, 내역_20210618
1156010900,11,11560,2021-0,187,5169,1372766720, 내역_20210618
2871025028,28,28710,2021-0,25,426,103866840, 내역_20210618
1111015500,11,11110,2021-0,57,456,115030520, 내역_20210618
4127310900,41,41273,2021-0,191,2426,544923380, 내역_20210618
1156010600,11,11560,2021-0,29,186,44837260, 내역_20210618
4159012600,41,41590,2021-0,321,6144,1803193720, 내역_20210618
4159032021,41,41590,2021-0,167,2201,628179940, 내역_20210618
4146133025,41,41461,2021-0,20,442,135445220, 내역_20210618
4148032022,41,41480,2021-0,119,1811,495846160, 내역_20210618
4148011100,41,41480,2021-0,169,1881,471608460, 내역_20210618
1144011700,11,11440,2021-0,14,181,52646260, 내역_20210618
4157034033,41,41570,2021-0,83,880,235149980, 내역_20210618
4148035023,41,41480,2021-0,65,840,235370500, 내역_20210618
4122025624,41,41220,2021-0,164,8080,3047722780, 내역_20210618
4148010100,41,41480,2021-0,260,3164,779212260, 내역_20210618
4161037024,41,41610,2021-0,6,36,9668380, 내역_20210618
4119010500,41,41190,2021-0,190,2311,606160720, 내역_20210618
4146311400,41,41463,2021-0,173,2241,623342220, 내역_20210618
4139010500,41,41390,2021-0,112,940,226179940, 내역_20210618
1114014000,11,11140,2021-0,7,58,12303360, 내역_20210618
1114012200,11,11140,2021-0,36,3087,1006829740, 내역_20210618
4128113100,41,41281,2021-0,118,1328,407893860, 내역_20210618
1111012200,11,11110,2021-0,139,12827,5044215260, 내역_20210618
1111015200,11,11110,2021-0,63,504,107394060, 내역_20210618
1114013400,11,11140,2021-0,42,297,74853160, 내역_20210618
1126010300,11,11260,2021-0,170,1559,344112480, 내역_20210618
4148026226,41,41480,2021-0,66,616,138743800, 내역_20210618
1165010900,11,11650,2021-0,77,1554,391513520, 내역_20210618
4159013900,41,41590,2021-0,66,877,228536240, 내역_20210618
1111016100,11,11110,2021-0,16,108,25746580, 내역_20210618
4128112900,41,41281,2021-0,69,767,165772960, 내역_20210618
1111015800,11,11110,2021-0,23,161,39041060, 내역_20210618
1129012400,11,11290,2021-0,30,317,74614880, 내역_20210618
1111013000,11,11110,2021-0,38,472,100655480, 내역_20210618
1114015200,11,11140,2021-0,48,329,85031320, 내역_20210618
4113511100,41,41135,2021-0,229,2634,693563400, 내역_20210618
2826011100,28,28260,2021-0,571,7963,2209224460, 내역_20210618
1111017300,11,11110,2021-0,23,821,127069240, 내역_20210618
1129013500,11,11290,2021-0,133,1186,269472900, 내역_20210618
4163033024,41,41630,2021-0,14,267,64289920, 내역_20210618
1156012000,11,11560,2021-0,45,335,87105940, 내역_20210618
4136025926,41,41360,2021-0,103,1043,254709440, 내역_20210618
2826011800,28,28260,2021-0,160,1928,516239760, 내역_20210618
4141010300,41,41410,2021-0,191,4433,1169577240, 내역_20210618
4159040021,41,41590,2021-0,70,1288,398441500, 내역_20210618
1111017100,11,11110,2021-0,26,260,58124160, 내역_20210618
4121010600,41,41210,2021-0,465,11329,3133190100, 내역_20210618
4159026224,41,41590,2021-0,45,391,109699180, 내역_20210618
4143010100,41,41430,2021-0,223,4179,1282951220, 내역_20210618
4146510300,41,41465,2021-0,376,11644,3044154400, 내역_20210618
4143010500,41,41430,2021-0,248,3485,928271120, 내역_20210618
4145010900,41,41450,2021-0,352,3267,854609440, 내역_20210618
4161025026,41,41610,2021-0,153,1683,432153880, 내역_20210618
1111014000,11,11110,2021-0,40,532,142822460, 내역_20210618
4111710300,41,41117,2021-0,724,11793,3226564900, 내역_20210618
4113310300,41,41133,2021-0,140,2377,609793500, 내역_20210618
2826011000,28,28260,2021-0,583,7480,1932959000, 내역_20210618
4137010600,41,41370,2021-0,114,4948,1392583340, 내역_20210618
4143010700,41,41430,2021-0,106,1048,229893740, 내역_20210618
4113110300,41,41131,2021-0,127,2209,569034720, 내역_20210618
4122025326,41,41220,2021-0,35,901,285419200, 내역_20210618
4182033023,41,41820,2021-0,12,198,49371820, 내역_20210618
4136025623,41,41360,2021-0,102,977,235751600, 내역_20210618
4113510300,41,41135,2021-0,796,41509,16437544080, 내역_20210618
1111017600,11,11110,2021-0,6,112,29942740, 내역_20210618
2817710300,28,28177,2021-0,279,2889,709496800, 내역_20210618
4113511200,41,41135,2021-0,62,1188,277375100, 내역_20210618
4146136027,41,41461,2021-0,3,44,12585840, 내역_20210618
4113110800,41,41131,2021-0,383,4197,1063228240, 내역_20210618
4111710100,41,41117,2021-0,271,126098,54159810720, 내역_20210618
4150033022,41,41500,2021-0,52,949,262718380, 내역_20210618
1135010400,11,11350,2021-0,142,3263,805664720, 내역_20210618
1114013800,11,11140,2021-0,164,2824,703459480, 내역_20210618
1111016200,11,11110,2021-0,36,353,88840860, 내역_20210618
4145011300,41,41450,2021-0,192,1654,421400360, 내역_20210618
4159036029,41,41590,2021-0,64,742,198320880, 내역_20210618
4127110700,41,41271,2021-0,111,1183,296149800, 내역_20210618
4146135021,41,41461,2021-0,20,1303,483349040, 내역_20210618
4150010900,41,41500,2021-0,52,480,110804140, 내역_20210618
4117310300,41,41173,2021-0,441,9499,2818603280, 내역_20210618
1168011100,11,11680,2021-0,90,1586,420770040, 내역_20210618
1129010600,11,11290,2021-0,13,140,30152580, 내역_20210618
4159012000,41,41590,2021-0,394,11204,3099719660, 내역_20210618
4113510200,41,41135,2021-0,608,15358,5201917980, 내역_20210618
4122011300,41,41220,2021-0,99,1347,307435000, 내역_20210618
4159012700,41,41590,2021-0,437,8618,2440276240, 내역_20210618
4148025027,41,41480,2021-0,12,82,21415880, 내역_20210618
4161025022,41,41610,2021-0,113,962,231937680, 내역_20210618
4146125928,41,41461,2021-0,1,7,2014180, 내역_20210618
1121510700,11,11215,2021-0,165,3106,668542280, 내역_20210618
4111312800,41,41113,2021-0,743,15095,4343277200, 내역_20210618
1120011800,11,11200,2021-0,69,931,218283480, 내역_20210618
4128710400,41,41287,2021-0,403,6319,1786148820, 내역_20210618
4146132028,41,41461,2021-0,61,671,190027100, 내역_20210618
4163033026,41,41630,2021-0,90,1268,339847000, 내역_20210618
4136025022,41,41360,2021-0,118,1934,535532420, 내역_20210618
4136025629,41,41360,2021-0,130,1380,331873500, 내역_20210618
1150011100,11,11500,2021-0,10,3809,1289494780, 내역_20210618
1111015300,11,11110,2021-0,36,524,110609300, 내역_20210618
4127111400,41,41271,2021-0,69,571,146126400, 내역_20210618
4155034022,41,41550,2021-0,49,2431,828247640, 내역_20210618
4159026228,41,41590,2021-0,252,4332,1337627900, 내역_20210618
4122025921,41,41220,2021-0,75,2246,684449500, 내역_20210618
4128710600,41,41287,2021-0,177,1524,332782160, 내역_20210618
4111113300,41,41111,2021-0,97,2547,586574260, 내역_20210618
4113510100,41,41135,2021-0,52,2700,974172860, 내역_20210618
4167025025,41,41670,2021-0,11,329,85282180, 내역_20210618
4141010400,41,41410,2021-0,391,4874,1157142800, 내역_20210618
1141010500,11,11410,2021-0,12,298,82797160, 내역_20210618
4150035026,41,41500,2021-0,49,1455,451548020, 내역_20210618
1114016500,11,11140,2021-0,117,1085,257578800, 내역_20210618
1156010100,11,11560,2021-0,69,1049,235839340, 내역_20210618
1111013200,11,11110,2021-0,51,1604,392419300, 내역_20210618
4150034027,41,41500,2021-0,36,1134,308030020, 내역_20210618
1111014800,11,11110,2021-0,41,18035,7271422040, 내역_20210618
1129012200,11,11290,2021-0,15,187,46520800, 내역_20210618
4157025324,41,41570,2021-0,243,1857,469161680, 내역_20210618
4119011800,41,41190,2021-0,52,402,93685300, 내역_20210618
4165041023,41,41650,2021-0,26,509,141020500, 내역_20210618
4155034038,41,41550,2021-0,38,1123,310047340, 내역_20210618
4111513500,41,41115,2021-0,72,1269,372546560, 내역_20210618
2824510100,28,28245,2021-0,248,2767,655481000, 내역_20210618
4136011200,41,41360,2021-0,552,7466,2220268280, 내역_20210618
4146125027,41,41461,2021-0,44,3490,903262340, 내역_20210618
1120011200,11,11200,2021-0,42,297,70244500, 내역_20210618
1144011400,11,11440,2021-0,78,2462,555621440, 내역_20210618
4161025024,41,41610,2021-0,325,3980,1050972260, 내역_20210618
4163025022,41,41630,2021-0,40,431,110896820, 내역_20210618
1129010100,11,11290,2021-0,95,993,224720500, 내역_20210618
4150033021,41,41500,2021-0,25,420,108916600, 내역_20210618
4159013100,41,41590,2021-0,1233,15316,4504580820, 내역_20210618
4157036028,41,41570,2021-0,169,1588,427243200, 내역_20210618
4128510100,41,41285,2021-0,278,3123,767759640, 내역_20210618
1159010300,11,11590,2021-0,46,579,134343680, 내역_20210618
4161025921,41,41610,2021-0,81,924,243038660, 내역_20210618
2811013800,28,28110,2021-0,33,1222,449719560, 내역_20210618
1114012000,11,11140,2021-0,9,438,88025700, 내역_20210618
4111113400,41,41111,2021-0,123,2680,722338640, 내역_20210618
4150011100,41,41500,2021-0,29,1067,400305260, 내역_20210618
2871037023,28,28710,2021-0,16,133,29561660, 내역_20210618
4155035032,41,41550,2021-0,22,559,158064380, 내역_20210618
4145012300,41,41450,2021-0,186,1671,430484920, 내역_20210618
1144011800,11,11440,2021-0,7,99,27126600, 내역_20210618
4122010100,41,41220,2021-0,175,1968,428005060, 내역_20210618
4137010400,41,41370,2021-0,152,2239,422397680, 내역_20210618
1114014600,11,11140,2021-0,24,235,53908220, 내역_20210618
1129013400,11,11290,2021-0,125,1392,334602600, 내역_20210618
2820010200,28,28200,2021-0,422,6861,1782658180, 내역_20210618
4122025041,41,41220,2021-0,77,8650,2950244940, 내역_20210618
1141010800,11,11410,2021-0,6,46,10737700, 내역_20210618
1129011500,11,11290,2021-0,67,882,186346060, 내역_20210618
1150011300,11,11500,2021-0,2,8266,3147504940, 내역_20210618
1144010100,11,11440,2021-0,114,2766,697453380, 내역_20210618
4128111200,41,41281,2021-0,317,2675,659710920, 내역_20210618
1141011000,11,11410,2021-0,76,1068,196066960, 내역_20210618
4146133026,41,41461,2021-0,20,326,88368560, 내역_20210618
4119510400,41,41195,2021-0,19,192,43741040, 내역_20210618
1153010300,11,11530,2021-0,40,771,160629760, 내역_20210618
1111010800,11,11110,2021-0,15,156,33561740, 내역_20210618
4122032024,41,41220,2021-0,40,422,125588720, 내역_20210618
1141011200,11,11410,2021-0,88,2515,467006100, 내역_20210618
4148026222,41,41480,2021-0,56,602,152151140, 내역_20210618
4161025330,41,41610,2021-0,106,1272,320510960, 내역_20210618
4122011000,41,41220,2021-0,115,1995,548582200, 내역_20210618
4148032027,41,41480,2021-0,128,1525,392361040, 내역_20210618
4122011200,41,41220,2021-0,91,1479,325993520, 내역_20210618
4136025625,41,41360,2021-0,30,346,84531160, 내역_20210618
4122025925,41,41220,2021-0,31,352,99456160, 내역_20210618
1111018200,11,11110,2021-0,33,302,74199160, 내역_20210618
4146125321,41,41461,2021-0,31,319,76309880, 내역_20210618
1111013900,11,11110,2021-0,14,77,19766120, 내역_20210618
4128110300,41,41281,2021-0,73,722,172065340, 내역_20210618
4146134021,41,41461,2021-0,21,272,76843120, 내역_20210618
1129012900,11,11290,2021-0,29,263,58608800, 내역_20210618
4148035021,41,41480,2021-0,109,1005,254499260, 내역_20210618
4122010900,41,41220,2021-0,125,2092,526145860, 내역_20210618
1114016400,11,11140,2021-0,17,333,86389160, 내역_20210618
1129010200,11,11290,2021-0,34,394,80786380, 내역_20210618
4113511500,41,41135,2021-0,176,2156,601957840, 내역_20210618
4165025026,41,41650,2021-0,53,479,124511060, 내역_20210618
4161011300,41,41610,2021-0,141,1384,353793260, 내역_20210618
4128112400,41,41281,2021-0,20,335,73283780, 내역_20210618
4136010600,41,41360,2021-0,66,388,99680420, 내역_20210618
4145012200,41,41450,2021-0,62,497,133752620, 내역_20210618
1129010300,11,11290,2021-0,72,1834,286663300, 내역_20210618
1117010200,11,11170,2021-0,32,2715,668392360, 내역_20210618
1156012200,11,11560,2021-0,43,225,60803260, 내역_20210618
4159041038,41,41590,2021-0,34,879,279429260, 내역_20210618
1114015700,11,11140,2021-0,44,254,62993800, 내역_20210618
4146134028,41,41461,2021-0,26,350,94448940, 내역_20210618
1129012700,11,11290,2021-0,21,333,64858080, 내역_20210618
4159040023,41,41590,2021-0,32,638,207535520, 내역_20210618
1111014200,11,11110,2021-0,15,197,42492360, 내역_20210618
4115010300,41,41150,2021-0,54,452,111096580, 내역_20210618
4148025322,41,41480,2021-0,31,1069,285541240, 내역_20210618
4159025934,41,41590,2021-0,74,1169,335695200, 내역_20210618
4165010400,41,41650,2021-0,83,1017,217166320, 내역_20210618
4128710700,41,41287,2021-0,141,1148,257531780, 내역_20210618
4139010300,41,41390,2021-0,121,823,212725880, 내역_20210618
4165034023,41,41650,2021-0,67,1108,282582760, 내역_20210618
1114017000,11,11140,2021-0,22,22861,9080709760, 내역_20210618
4111710500,41,41117,2021-0,631,9005,2244118260, 내역_20210618
4131010300,41,41310,2021-0,450,4241,975755340, 내역_20210618
1114015300,11,11140,2021-0,14,124,30954060, 내역_20210618
4128510200,41,41285,2021-0,171,2810,667495640, 내역_20210618
4146131022,41,41461,2021-0,39,463,129858880, 내역_20210618
4180034027,41,41800,2021-0,3,23,4911060, 내역_20210618
4146135024,41,41461,2021-0,33,617,181931660, 내역_20210618
4145012400,41,41450,2021-0,104,1041,265384300, 내역_20210618
1114014900,11,11140,2021-0,30,407,97047720, 내역_20210618
1174010100,11,11740,2021-0,153,2043,421656400, 내역_20210618
4161011000,41,41610,2021-0,171,2054,505047580, 내역_20210618
4122025626,41,41220,2021-0,47,712,194504260, 내역_20210618
1114016300,11,11140,2021-0,69,950,248080020, 내역_20210618
2823710300,28,28237,2021-0,165,1995,496371580, 내역_20210618
4128111100,41,41281,2021-0,105,1008,285464940, 내역_20210618
1111010100,11,11110,2021-0,32,286,69453560, 내역_20210618
4165025028,41,41650,2021-0,31,285,73252160, 내역_20210618
4122031031,41,41220,2021-0,30,986,240573400, 내역_20210618
4146131026,41,41461,2021-0,23,247,59590680, 내역_20210618
4161025329,41,41610,2021-0,153,1796,466436940, 내역_20210618
1114014100,11,11140,2021-0,12,229,57143360, 내역_20210618
4127310100,41,41273,2021-0,1012,12648,3032899620, 내역_20210618
4127111500,41,41271,2021-0,36,357,92780820, 내역_20210618
1117011500,11,11170,2021-0,21,155,33674740, 내역_20210618
4129010700,41,41290,2021-0,89,6687,1742584400, 내역_20210618
4113111600,41,41131,2021-0,66,685,218118240, 내역_20210618
4145012100,41,41450,2021-0,58,817,191910380, 내역_20210618
4122031027,41,41220,2021-0,75,1695,487964880, 내역_20210618
4148032029,41,41480,2021-0,18,272,60907000, 내역_20210618
4136026221,41,41360,2021-0,192,1956,465421760, 내역_20210618
1129013700,11,11290,2021-0,38,935,186518060, 내역_20210618
4115010400,41,41150,2021-0,228,2202,497469800, 내역_20210618
2826011700,28,28260,2021-0,71,560,146257320, 내역_20210618
4161025332,41,41610,2021-0,55,509,131653960, 내역_20210618
4159041039,41,41590,2021-0,32,402,119926660, 내역_20210618
4119010700,41,41190,2021-0,96,1079,275351000, 내역_20210618
4128112800,41,41281,2021-0,379,3888,945585960, 내역_20210618
4128112500,41,41281,2021-0,42,418,105892200, 내역_20210618
2824511200,28,28245,2021-0,47,447,105972600, 내역_20210618
4136034021,41,41360,2021-0,37,543,132584680, 내역_20210618
1129011200,11,11290,2021-0,30,782,131841200, 내역_20210618
1111014900,11,11110,2021-0,38,433,107331200, 내역_20210618
4145011700,41,41450,2021-0,69,763,176054700, 내역_20210618
4161010700,41,41610,2021-0,73,719,195063420, 내역_20210618
4113510600,41,41135,2021-0,157,2270,606423740, 내역_20210618
4119012100,41,41190,2021-0,84,908,229559880, 내역_20210618
4165032025,41,41650,2021-0,27,341,91801120, 내역_20210618
2814010700,28,28140,2021-0,391,4301,1062554980, 내역_20210618
4167011500,41,41670,2021-0,35,257,56131400, 내역_20210618
4129010300,41,41290,2021-0,86,1233,360262260, 내역_20210618
2820010300,28,28200,2021-0,420,5526,1338251880, 내역_20210618
1111011100,11,11110,2021-0,29,1126,431532360, 내역_20210618
2817710200,28,28177,2021-0,250,3705,770685860, 내역_20210618
1111010200,11,11110,2021-0,18,269,62500780, 내역_20210618
4122011800,41,41220,2021-0,252,3763,898551880, 내역_20210618
1168011200,11,11680,2021-0,171,2774,829171300, 내역_20210618
4146136023,41,41461,2021-0,17,507,133898640, 내역_20210618
4182031025,41,41820,2021-0,33,1169,313461700, 내역_20210618
1129011100,11,11290,2021-0,20,143,26005840, 내역_20210618
4136025325,41,41360,2021-0,104,929,230852000, 내역_20210618
4161025926,41,41610,2021-0,22,265,65595600, 내역_20210618
4183033021,41,41830,2021-0,22,313,84062400, 내역_20210618
4111514100,41,41115,2021-0,617,14952,3857649700, 내역_20210618
4136025921,41,41360,2021-0,62,495,111755560, 내역_20210618
2871032028,28,28710,2021-0,7,55,13025260, 내역_20210618
4122031026,41,41220,2021-0,57,4292,1409530560, 내역_20210618
4148011000,41,41480,2021-0,77,834,211455280, 내역_20210618
2818510400,28,28185,2021-0,113,1597,307838760, 내역_20210618
4128111900,41,41281,2021-0,82,1203,264262160, 내역_20210618
4146111000,41,41461,2021-0,6,38,10218880, 내역_20210618
4163011600,41,41630,2021-0,106,1525,363373800, 내역_20210618
4159033026,41,41590,2021-0,23,232,59687380, 내역_20210618
4136010400,41,41360,2021-0,166,1433,336471640, 내역_20210618
4136025323,41,41360,2021-0,70,868,207452100, 내역_20210618
4128710500,41,41287,2021-0,302,2580,610509660, 내역_20210618
2826012200,28,28260,2021-0,537,6633,1871692080, 내역_20210618
4119010800,41,41190,2021-0,846,9538,2309978720, 내역_20210618
4136025327,41,41360,2021-0,142,1853,482362120, 내역_20210618
4145011000,41,41450,2021-0,822,7245,1780723420, 내역_20210618
2871025026,28,28710,2021-0,13,626,184301200, 내역_20210618
1129010900,11,11290,2021-0,20,419,112515800, 내역_20210618
4145010200,41,41450,2021-0,139,1157,261274380, 내역_20210618
1114014200,11,11140,2021-0,57,783,180891240, 내역_20210618
4157035022,41,41570,2021-0,28,603,169716320, 내역_20210618
2823710800,28,28237,2021-0,91,1714,370278360, 내역_20210618
4146510200,41,41465,2021-0,291,6186,1530847320, 내역_20210618
4136011100,41,41360,2021-0,605,5306,1313386020, 내역_20210618
4115010600,41,41150,2021-0,204,2408,537853620, 내역_20210618
4150036027,41,41500,2021-0,9,104,27974900, 내역_20210618
1129012800,11,11290,2021-0,11,180,37484920, 내역_20210618
4161010900,41,41610,2021-0,68,762,205176140, 내역_20210618
4148032021,41,41480,2021-0,55,749,191077400, 내역_20210618
4157025025,41,41570,2021-0,154,1898,517479260, 내역_20210618
4146311600,41,41463,2021-0,504,5117,1262681900, 내역_20210618
4111313200,41,41113,2021-0,142,1244,283019300, 내역_20210618
4165033021,41,41650,2021-0,41,468,133454140, 내역_20210618
1111018500,11,11110,2021-0,19,731,95038160, 내역_20210618
4113310600,41,41133,2021-0,151,3548,962678140, 내역_20210618
4165025022,41,41650,2021-0,150,1324,302851060, 내역_20210618
4163010900,41,41630,2021-0,55,444,103441340, 내역_20210618
1111016700,11,11110,2021-0,72,787,192804160, 내역_20210618
4150010200,41,41500,2021-0,49,892,243291020, 내역_20210618
4146135023,41,41461,2021-0,54,1251,373625200, 내역_20210618
4145010300,41,41450,2021-0,96,1092,252746620, 내역_20210618
4136025922,41,41360,2021-0,87,692,170607360, 내역_20210618
4163031026,41,41630,2021-0,59,950,249633860, 내역_20210618
4161011100,41,41610,2021-0,110,1203,298317100, 내역_20210618
4139010200,41,41390,2021-0,281,2601,630297320, 내역_20210618
4146310700,41,41463,2021-0,99,12974,5188195380, 내역_20210618
4159025629,41,41590,2021-0,22,477,143071200, 내역_20210618
4136034027,41,41360,2021-0,91,1079,261368180, 내역_20210618
4150031030,41,41500,2021-0,20,292,69763960, 내역_20210618
4161033023,41,41610,2021-0,89,813,210970660, 내역_20210618
1111010900,11,11110,2021-0,3,24,5759280, 내역_20210618
4167010300,41,41670,2021-0,29,197,41156400, 내역_20210618
1117013500,11,11170,2021-0,10,915,208204400, 내역_20210618
4159025926,41,41590,2021-0,128,2609,793280040, 내역_20210618
4145011800,41,41450,2021-0,118,930,223757140, 내역_20210618
4150034023,41,41500,2021-0,29,607,171596360, 내역_20210618
4111710200,41,41117,2021-0,386,16681,5350749760, 내역_20210618
4113510800,41,41135,2021-0,136,1346,354208600, 내역_20210618
4161025328,41,41610,2021-0,175,1752,448476380, 내역_20210618
4136025628,41,41360,2021-0,78,828,196855600, 내역_20210618
4155038021,41,41550,2021-0,56,764,216813600, 내역_20210618
4122031022,41,41220,2021-0,67,2108,643528000, 내역_20210618
1153010900,11,11530,2021-0,54,753,190847380, 내역_20210618
4136031023,41,41360,2021-0,44,405,93640740, 내역_20210618
2826010700,28,28260,2021-0,178,3582,767238140, 내역_20210618
2871031024,28,28710,2021-0,4,89,19669400, 내역_20210618
4161025922,41,41610,2021-0,93,1100,274983580, 내역_20210618
4157035023,41,41570,2021-0,146,2100,565150500, 내역_20210618
1144012600,11,11440,2021-0,15,223,44115300, 내역_20210618
4159033024,41,41590,2021-0,203,3899,1172489200, 내역_20210618
2811012200,28,28110,2021-0,59,1406,423357500, 내역_20210618
4167037025,41,41670,2021-0,6,43,12043860, 내역_20210618
4161025321,41,41610,2021-0,113,1549,403152640, 내역_20210618
4155031039,41,41550,2021-0,9,130,41451120, 내역_20210618
4157036021,41,41570,2021-0,62,562,141058100, 내역_20210618
4119010200,41,41190,2021-0,226,2874,654389240, 내역_20210618
1111011200,11,11110,2021-0,9,49,10266640, 내역_20210618
1141011300,11,11410,2021-0,26,360,92323780, 내역_20210618
4157025024,41,41570,2021-0,12,450,129007780, 내역_20210618
4136025630,41,41360,2021-0,153,1599,368834580, 내역_20210618
4136010500,41,41360,2021-0,73,700,170364700, 내역_20210618
4127111200,41,41271,2021-0,109,2308,673682300, 내역_20210618
4163033025,41,41630,2021-0,9,111,29382840, 내역_20210618
4155036038,41,41550,2021-0,10,132,31868240, 내역_20210618
4122025922,41,41220,2021-0,44,813,228957100, 내역_20210618
4139013400,41,41390,2021-0,86,667,174433640, 내역_20210618
4150036026,41,41500,2021-0,17,223,57712320, 내역_20210618
4167025040,41,41670,2021-0,11,258,67824900, 내역_20210618
4183038021,41,41830,2021-0,10,91,24527420, 내역_20210618
4148026224,41,41480,2021-0,90,874,222944000, 내역_20210618
4167011400,41,41670,2021-0,14,163,44405820, 내역_20210618
4163025025,41,41630,2021-0,94,1634,410079100, 내역_20210618
4111313600,41,41113,2021-0,167,1767,458410660, 내역_20210618
1129013200,11,11290,2021-0,5,52,8925060, 내역_20210618
4139012400,41,41390,2021-0,143,1124,276684620, 내역_20210618
4157025621,41,41570,2021-0,83,713,179236920, 내역_20210618
4145011400,41,41450,2021-0,151,1398,393636000, 내역_20210618
4139010700,41,41390,2021-0,81,612,158077580, 내역_20210618
4146125322,41,41461,2021-0,67,485,123373960, 내역_20210618
4155036025,41,41550,2021-0,3,81,21928180, 내역_20210618
4157034025,41,41570,2021-0,130,1260,347656760, 내역_20210618
4155041026,41,41550,2021-0,15,124,30086160, 내역_20210618
4159034023,41,41590,2021-0,39,332,87081320, 내역_20210618
4131010100,41,41310,2021-0,204,1954,499103520, 내역_20210618
4139011300,41,41390,2021-0,111,805,205472160, 내역_20210618
2824511700,28,28245,2021-0,17,87,21635740, 내역_20210618
4145011900,41,41450,2021-0,84,699,160949300, 내역_20210618
4157025323,41,41570,2021-0,70,942,226412260, 내역_20210618
4159011800,41,41590,2021-0,205,3456,909045120, 내역_20210618
4161010600,41,41610,2021-0,46,395,104004040, 내역_20210618
4128112000,41,41281,2021-0,164,2044,552901180, 내역_20210618
4128510700,41,41285,2021-0,161,1701,397189940, 내역_20210618
4157010300,41,41570,2021-0,177,1401,324140700, 내역_20210618
4157025027,41,41570,2021-0,149,1404,378028260, 내역_20210618
4128111700,41,41281,2021-0,62,512,120991920, 내역_20210618
4157036022,41,41570,2021-0,66,608,164621660, 내역_20210618
4165025021,41,41650,2021-0,100,1192,300088160, 내역_20210618
1129010400,11,11290,2021-0,12,179,35818780, 내역_20210618
4115010700,41,41150,2021-0,41,499,131032000, 내역_20210618
4157010400,41,41570,2021-0,389,3978,989274400, 내역_20210618
4150034025,41,41500,2021-0,60,1169,325508160, 내역_20210618
4145010100,41,41450,2021-0,125,1365,335171080, 내역_20210618
4182032521,41,41820,2021-0,48,427,96586040, 내역_20210618
4161025025,41,41610,2021-0,147,1756,444411640, 내역_20210618
4161025327,41,41610,2021-0,95,890,224664640, 내역_20210618
1129012300,11,11290,2021-0,8,41,9358560, 내역_20210618
4146125029,41,41461,2021-0,35,300,72947880, 내역_20210618
4159031024,41,41590,2021-0,10,85,22050640, 내역_20210618
4183032021,41,41830,2021-0,5,35,8798660, 내역_20210618
1120010900,11,11200,2021-0,28,229,49031620, 내역_20210618
4155031021,41,41550,2021-0,7,87,23051080, 내역_20210618
1111013300,11,11110,2021-0,54,419,88748840, 내역_20210618
4139010100,41,41390,2021-0,318,5452,1594356780, 내역_20210618
4157036030,41,41570,2021-0,25,330,87701560, 내역_20210618
4113111200,41,41131,2021-0,153,1174,336212520, 내역_20210618
4146311300,41,41463,2021-0,107,3492,1242473480, 내역_20210618
4146136028,41,41461,2021-0,33,564,142598760, 내역_20210618
1117012300,11,11170,2021-0,130,1112,277554660, 내역_20210618
4143010800,41,41430,2021-0,61,688,164490920, 내역_20210618
4157025028,41,41570,2021-0,70,616,159918840, 내역_20210618
4122025622,41,41220,2021-0,117,1955,592791640, 내역_20210618
4155034033,41,41550,2021-0,27,1556,468207760, 내역_20210618
4136034025,41,41360,2021-0,12,321,77993700, 내역_20210618
4161033022,41,41610,2021-0,47,653,168212580, 내역_20210618
4127110200,41,41271,2021-0,311,2690,585877340, 내역_20210618
4150010800,41,41500,2021-0,39,429,89637780, 내역_20210618
4145010500,41,41450,2021-0,77,1250,312834620, 내역_20210618
4128710800,41,41287,2021-0,66,570,142114940, 내역_20210618
4155036023,41,41550,2021-0,30,392,107005020, 내역_20210618
4159036028,41,41590,2021-0,22,264,69627680, 내역_20210618
2824510200,28,28245,2021-0,475,5738,1198057080, 내역_20210618
4131010700,41,41310,2021-0,133,1767,497352440, 내역_20210618
4146134025,41,41461,2021-0,26,371,92915800, 내역_20210618
4136010100,41,41360,2021-0,130,1048,248658520, 내역_20210618
4159012800,41,41590,2021-0,172,10472,3424138780, 내역_20210618
4121010700,41,41210,2021-0,127,1070,265740960, 내역_20210618
4159037023,41,41590,2021-0,205,3640,1123221460, 내역_20210618
1111015000,11,11110,2021-0,1,26,5044520, 내역_20210618
4122025628,41,41220,2021-0,37,552,141608120, 내역_20210618
4150031032,41,41500,2021-0,11,310,81235940, 내역_20210618
2823710700,28,28237,2021-0,170,1847,467442560, 내역_20210618
2823710900,28,28237,2021-0,39,955,255438460, 내역_20210618
4148032031,41,41480,2021-0,25,300,75983540, 내역_20210618
4159041032,41,41590,2021-0,78,1161,331688800, 내역_20210618
4113310900,41,41133,2021-0,147,1800,432859660, 내역_20210618
4146136025,41,41461,2021-0,20,397,139075960, 내역_20210618
4159013500,41,41590,2021-0,70,870,182126520, 내역_20210618
4159041027,41,41590,2021-0,126,1301,371954420, 내역_20210618
1144011200,11,11440,2021-0,10,68,15931820, 내역_20210618
4157034022,41,41570,2021-0,105,850,229388320, 내역_20210618
4182031034,41,41820,2021-0,3,46,11831300, 내역_20210618
4155041023,41,41550,2021-0,29,333,85723100, 내역_20210618
4128510300,41,41285,2021-0,104,1024,226282320, 내역_20210618
4157034029,41,41570,2021-0,261,3408,955667840, 내역_20210618
4129010200,41,41290,2021-0,43,576,126531920, 내역_20210618
4146136030,41,41461,2021-0,33,585,172702280, 내역_20210618
4115010900,41,41150,2021-0,146,1457,330915420, 내역_20210618
4155039033,41,41550,2021-0,18,523,156455720, 내역_20210618
4121010100,41,41210,2021-0,216,3948,989638480, 내역_20210618
4141010100,41,41410,2021-0,181,3372,825057600, 내역_20210618
4157025029,41,41570,2021-0,155,1330,346033240, 내역_20210618
4155012700,41,41550,2021-0,14,80,18151560, 내역_20210618
4113310700,41,41133,2021-0,74,636,159106940, 내역_20210618
4165031022,41,41650,2021-0,87,1876,470460000, 내역_20210618
4122031024,41,41220,2021-0,35,350,96891040, 내역_20210618
4146510700,41,41465,2021-0,363,4109,1077866640, 내역_20210618
4137012400,41,41370,2021-0,45,719,184648180, 내역_20210618
4159040026,41,41590,2021-0,109,2036,641324780, 내역_20210618
4128111300,41,41281,2021-0,64,549,125693500, 내역_20210618
1114013000,11,11140,2021-0,9,178,40783820, 내역_20210618
4122032022,41,41220,2021-0,42,723,208030680, 내역_20210618
1159010600,11,11590,2021-0,29,320,84853140, 내역_20210618
4136025025,41,41360,2021-0,57,454,108218500, 내역_20210618
4159032026,41,41590,2021-0,6,190,62533080, 내역_20210618
4159012100,41,41590,2021-0,89,1106,306146060, 내역_20210618
4139012900,41,41390,2021-0,168,2295,527386600, 내역_20210618
4146510600,41,41465,2021-0,109,1475,435048200, 내역_20210618
4161025934,41,41610,2021-0,64,707,179346560, 내역_20210618
4159013800,41,41590,2021-0,148,3741,1052542620, 내역_20210618
4165034022,41,41650,2021-0,46,677,154156900, 내역_20210618
4163034027,41,41630,2021-0,10,83,25244180, 내역_20210618
4167034021,41,41670,2021-0,10,43,10417180, 내역_20210618
4161010800,41,41610,2021-0,97,776,180676660, 내역_20210618
4159035021,41,41590,2021-0,122,1559,461904360, 내역_20210618
4136025021,41,41360,2021-0,114,930,239730160, 내역_20210618
2818510500,28,28185,2021-0,179,3454,913684820, 내역_20210618
4159041030,41,41590,2021-0,126,1624,458452800, 내역_20210618
4139012600,41,41390,2021-0,82,702,185450580, 내역_20210618
1111017200,11,11110,2021-0,25,200,41041180, 내역_20210618
4111513700,41,41115,2021-0,36,511,134701260, 내역_20210618
4122025928,41,41220,2021-0,49,1365,457102180, 내역_20210618
4161025323,41,41610,2021-0,36,399,97493700, 내역_20210618
4155025026,41,41550,2021-0,45,759,183911020, 내역_20210618
4167012100,41,41670,2021-0,32,253,57076220, 내역_20210618
4136026521,41,41360,2021-0,76,637,150433040, 내역_20210618
4159025925,41,41590,2021-0,199,3411,1030509440, 내역_20210618
4131010200,41,41310,2021-0,144,1326,306845360, 내역_20210618
4159041021,41,41590,2021-0,45,382,96696080, 내역_20210618
4148032023,41,41480,2021-0,38,784,192332920, 내역_20210618
4180025321,41,41800,2021-0,77,774,178487840, 내역_20210618
4128111800,41,41281,2021-0,70,772,195743700, 내역_20210618
4161010400,41,41610,2021-0,46,404,96118840, 내역_20210618
4159025321,41,41590,2021-0,76,1034,232320120, 내역_20210618
4150037022,41,41500,2021-0,10,61,15741560, 내역_20210618
1129011800,11,11290,2021-0,15,93,21109320, 내역_20210618
4148036026,41,41480,2021-0,11,129,32811900, 내역_20210618
4150011300,41,41500,2021-0,7,110,26847280, 내역_20210618
4146110200,41,41461,2021-0,126,1388,379569340, 내역_20210618
4150033024,41,41500,2021-0,18,142,36931200, 내역_20210618
4139010600,41,41390,2021-0,201,1985,479278300, 내역_20210618
4119510800,41,41195,2021-0,15,140,32431680, 내역_20210618
4146125626,41,41461,2021-0,66,1803,520664800, 내역_20210618
4113111100,41,41131,2021-0,20,170,42921600, 내역_20210618
4159025936,41,41590,2021-0,154,1764,507637680, 내역_20210618
4128110200,41,41281,2021-0,36,399,98203480, 내역_20210618
4148012100,41,41480,2021-0,82,800,208720100, 내역_20210618
4148010600,41,41480,2021-0,63,1069,226525560, 내역_20210618
4155039026,41,41550,2021-0,14,74,19372520, 내역_20210618
4159041037,41,41590,2021-0,4,37,11842180, 내역_20210618
4157035025,41,41570,2021-0,21,413,85954980, 내역_20210618
1129010500,11,11290,2021-0,7,55,11509560, 내역_20210618
4155035033,41,41550,2021-0,41,841,248305620, 내역_20210618
4183025031,41,41830,2021-0,13,114,25526720, 내역_20210618
4122025930,41,41220,2021-0,30,1498,528044480, 내역_20210618
4159011600,41,41590,2021-0,205,2205,465551440, 내역_20210618
4146132022,41,41461,2021-0,92,4176,1330647340, 내역_20210618
4136010300,41,41360,2021-0,222,2481,551299040, 내역_20210618
4128510500,41,41285,2021-0,142,4312,1135437960, 내역_20210618
4136025627,41,41360,2021-0,51,495,118164420, 내역_20210618
2823710100,28,28237,2021-0,557,7972,1918504320, 내역_20210618
4159036022,41,41590,2021-0,151,1555,410655620, 내역_20210618
4165036023,41,41650,2021-0,38,288,83894260, 내역_20210618
4128110400,41,41281,2021-0,180,1584,434253660, 내역_20210618
4150035031,41,41500,2021-0,30,451,122329900, 내역_20210618
4139012500,41,41390,2021-0,45,309,77409480, 내역_20210618
4150025029,41,41500,2021-0,22,189,46385640, 내역_20210618
2817710500,28,28177,2021-0,794,12330,3102061360, 내역_20210618
4150034021,41,41500,2021-0,31,319,83723520, 내역_20210618
4155033031,41,41550,2021-0,6,92,23259980, 내역_20210618
4111113100,41,41111,2021-0,82,1786,485622780, 내역_20210618
4129010400,41,41290,2021-0,30,1074,241187820, 내역_20210618
4165031021,41,41650,2021-0,22,189,44199220, 내역_20210618
4148026221,41,41480,2021-0,73,803,199435460, 내역_20210618
4128112600,41,41281,2021-0,17,161,40945920, 내역_20210618
4119010100,41,41190,2021-0,227,3101,744955020, 내역_20210618
4122031021,41,41220,2021-0,15,156,36706140, 내역_20210618
4155025029,41,41550,2021-0,62,1029,258053100, 내역_20210618
4159035024,41,41590,2021-0,57,593,162647140, 내역_20210618
4163031025,41,41630,2021-0,62,690,168162680, 내역_20210618
4115010200,41,41150,2021-0,151,1988,421966680, 내역_20210618
4146510500,41,41465,2021-0,113,1422,360266180, 내역_20210618
4157025322,41,41570,2021-0,30,296,76782280, 내역_20210618
4111710600,41,41117,2021-0,305,4082,1144914360, 내역_20210618
4131010600,41,41310,2021-0,36,268,70097100, 내역_20210618
4119011400,41,41190,2021-0,241,3210,802893660, 내역_20210618
4155035027,41,41550,2021-0,23,571,165331180, 내역_20210618
4183035022,41,41830,2021-0,3,18,4562580, 내역_20210618
4122025621,41,41220,2021-0,57,1734,583781080, 내역_20210618
4163025021,41,41630,2021-0,97,676,148112940, 내역_20210618
4146131021,41,41461,2021-0,26,566,145520520, 내역_20210618
4136036025,41,41360,2021-0,10,66,14952520, 내역_20210618
4122033021,41,41220,2021-0,13,120,30474420, 내역_20210618
2826010300,28,28260,2021-0,99,1945,533955640, 내역_20210618
4122025327,41,41220,2021-0,20,281,80653440, 내역_20210618
4155039029,41,41550,2021-0,11,93,27107500, 내역_20210618
4146510400,41,41465,2021-0,58,497,121103600, 내역_20210618
2820010500,28,28200,2021-0,141,1357,322639480, 내역_20210618
4159026227,41,41590,2021-0,102,1336,369547800, 내역_20210618
4148025324,41,41480,2021-0,43,372,108170600, 내역_20210618
4111512900,41,41115,2021-0,16,167,33360740, 내역_20210618
4155038023,41,41550,2021-0,40,833,233734720, 내역_20210618
4182031033,41,41820,2021-0,7,269,61095700, 내역_20210618
4157034027,41,41570,2021-0,89,722,189120820, 내역_20210618
4159036034,41,41590,2021-0,74,865,245305520, 내역_20210618
4128112200,41,41281,2021-0,34,327,85531380, 내역_20210618
4128112700,41,41281,2021-0,6,60,15421840, 내역_20210618
4159025628,41,41590,2021-0,51,1832,553794500, 내역_20210618
4159026226,41,41590,2021-0,70,887,242350200, 내역_20210618
4155012600,41,41550,2021-0,25,275,64323180, 내역_20210618
4148032030,41,41480,2021-0,40,441,115559720, 내역_20210618
4128511200,41,41285,2021-0,153,1606,387681640, 내역_20210618
4111313300,41,41113,2021-0,130,1378,336831740, 내역_20210618
4161025929,41,41610,2021-0,15,160,42485540, 내역_20210618
4111312600,41,41113,2021-0,216,2470,505479280, 내역_20210618
4127111300,41,41271,2021-0,35,288,69803780, 내역_20210618
4136010200,41,41360,2021-0,134,1340,323825720, 내역_20210618
1117011400,11,11170,2021-0,7,49,12722920, 내역_20210618
1111018100,11,11110,2021-0,9,94,20189680, 내역_20210618
4159025330,41,41590,2021-0,71,668,184306020, 내역_20210618
4146135022,41,41461,2021-0,16,189,52930880, 내역_20210618
4161025923,41,41610,2021-0,31,561,112787820, 내역_20210618
4115010100,41,41150,2021-0,532,7573,1961682760, 내역_20210618
4148032028,41,41480,2021-0,62,1001,273503660, 내역_20210618
4163034021,41,41630,2021-0,19,193,47643960, 내역_20210618
4136025328,41,41360,2021-0,154,1657,380778800, 내역_20210618
4128710200,41,41287,2021-0,204,2315,484174020, 내역_20210618
4119011000,41,41190,2021-0,119,2018,512744180, 내역_20210618
4150032026,41,41500,2021-0,23,423,89906060, 내역_20210618
4165032021,41,41650,2021-0,86,796,194529620, 내역_20210618
4127110500,41,41271,2021-0,78,1090,287633820, 내역_20210618
4159036032,41,41590,2021-0,29,303,82971880, 내역_20210618
1120010100,11,11200,2021-0,20,146,32864980, 내역_20210618
4136025924,41,41360,2021-0,80,566,135914640, 내역_20210618
1111018700,11,11110,2021-0,15,164,36140280, 내역_20210618
1114011500,11,11140,2021-0,13,155,35145660, 내역_20210618
4122025929,41,41220,2021-0,57,2522,857715440, 내역_20210618
4111113500,41,41111,2021-0,122,1558,394651140, 내역_20210618
4165031023,41,41650,2021-0,45,628,159527200, 내역_20210618
4159025328,41,41590,2021-0,106,1360,344907260, 내역_20210618
2818510100,28,28185,2021-0,210,2059,530473960, 내역_20210618
4165010500,41,41650,2021-0,94,1057,253062320, 내역_20210618
4159033021,41,41590,2021-0,44,432,124460580, 내역_20210618
1111015100,11,11110,2021-0,52,395,84227280, 내역_20210618
4111313100,41,41113,2021-0,141,2650,716855220, 내역_20210618
4155036036,41,41550,2021-0,12,126,33629220, 내역_20210618
4148035028,41,41480,2021-0,5,78,19335480, 내역_20210618
4183032024,41,41830,2021-0,1,3,486720, 내역_20210618
4159037028,41,41590,2021-0,67,3472,1273243460, 내역_20210618
4136025023,41,41360,2021-0,30,227,54462080, 내역_20210618
4161033026,41,41610,2021-0,40,385,91714320, 내역_20210618
4136010700,41,41360,2021-0,39,341,85662740, 내역_20210618
4111113000,41,41111,2021-0,240,4668,1412452800, 내역_20210618
4146136022,41,41461,2021-0,43,664,196114580, 내역_20210618
4159041034,41,41590,2021-0,50,550,152119000, 내역_20210618
4157034026,41,41570,2021-0,90,685,184514620, 내역_20210618
4165010100,41,41650,2021-0,120,1957,495928160, 내역_20210618
4155038027,41,41550,2021-0,40,1485,426128320, 내역_20210618
4119011200,41,41190,2021-0,44,899,289492560, 내역_20210618
4159012300,41,41590,2021-0,52,483,108136380, 내역_20210618
4155042023,41,41550,2021-0,6,124,37713320, 내역_20210618
4148011200,41,41480,2021-0,81,828,185807900, 내역_20210618
4159025327,41,41590,2021-0,74,1103,291676840, 내역_20210618
4148025327,41,41480,2021-0,23,249,71849700, 내역_20210618
4159025938,41,41590,2021-0,44,1096,272061920, 내역_20210618
4145012000,41,41450,2021-0,54,380,89083680, 내역_20210618
4157034024,41,41570,2021-0,94,770,209607620, 내역_20210618
4136026223,41,41360,2021-0,173,1713,379650300, 내역_20210618
4122025932,41,41220,2021-0,102,1499,446999980, 내역_20210618
4161025927,41,41610,2021-0,55,548,141498280, 내역_20210618
4161010500,41,41610,2021-0,76,923,201217500, 내역_20210618
4113110100,41,41131,2021-0,158,1917,490717160, 내역_20210618
4183033028,41,41830,2021-0,20,124,35258120, 내역_20210618
4159025622,41,41590,2021-0,35,586,160725180, 내역_20210618
4167011900,41,41670,2021-0,20,132,27819280, 내역_20210618
4163011100,41,41630,2021-0,81,1140,273638060, 내역_20210618
4155035026,41,41550,2021-0,32,379,91921720, 내역_20210618
1141010700,11,11410,2021-0,2,27,5426540, 내역_20210618
4146110800,41,41461,2021-0,25,172,46065760, 내역_20210618
2824510500,28,28245,2021-0,37,424,77046100, 내역_20210618
4157010600,41,41570,2021-0,260,2384,525835280, 내역_20210618
2871025022,28,28710,2021-0,54,683,162898440, 내역_20210618
2823710600,28,28237,2021-0,175,2292,617227500, 내역_20210618
4111514000,41,41115,2021-0,158,2029,533144360, 내역_20210618
2826011300,28,28260,2021-0,192,1724,422934560, 내역_20210618
4119011900,41,41190,2021-0,44,775,172160700, 내역_20210618
4146310100,41,41463,2021-0,188,3341,813654060, 내역_20210618
4159025325,41,41590,2021-0,59,1271,207180200, 내역_20210618
4119011100,41,41190,2021-0,90,1226,256588480, 내역_20210618
4180025322,41,41800,2021-0,39,351,72120900, 내역_20210618
2817710100,28,28177,2021-0,200,2962,705479880, 내역_20210618
4159036031,41,41590,2021-0,129,1890,553059160, 내역_20210618
4159025927,41,41590,2021-0,44,457,133594900, 내역_20210618
4163011700,41,41630,2021-0,60,621,140969900, 내역_20210618
4159025334,41,41590,2021-0,77,1101,301768260, 내역_20210618
4148011600,41,41480,2021-0,40,288,76681380, 내역_20210618
4148037030,41,41480,2021-0,10,58,11987640, 내역_20210618
4113110200,41,41131,2021-0,163,2679,681179460, 내역_20210618
2811013600,28,28110,2021-0,11,105,18127860, 내역_20210618
4146132031,41,41461,2021-0,36,646,177714420, 내역_20210618
4137011400,41,41370,2021-0,105,1994,552039520, 내역_20210618
4155012400,41,41550,2021-0,39,316,77702560, 내역_20210618
4148026227,41,41480,2021-0,56,488,111153480, 내역_20210618
4148036021,41,41480,2021-0,10,95,22945860, 내역_20210618
4159034035,41,41590,2021-0,27,223,56956340, 내역_20210618
4127110100,41,41271,2021-0,62,1127,281610580, 내역_20210618
4157025321,41,41570,2021-0,41,264,59835180, 내역_20210618
4125010700,41,41250,2021-0,68,1233,311606300, 내역_20210618
2871035027,28,28710,2021-0,4,53,11217400, 내역_20210618
4119012200,41,41190,2021-0,17,336,99427740, 내역_20210618
4113511300,41,41135,2021-0,28,327,80430980, 내역_20210618
4122037021,41,41220,2021-0,11,79,22600920, 내역_20210618
4111513800,41,41115,2021-0,142,1436,349704100, 내역_20210618
4157032027,41,41570,2021-0,9,91,22599940, 내역_20210618
4111112900,41,41111,2021-0,115,3983,839651440, 내역_20210618
4161025322,41,41610,2021-0,59,666,186243780, 내역_20210618
4128511000,41,41285,2021-0,123,1201,264967740, 내역_20210618
2872033022,28,28720,2021-0,16,101,19082520, 내역_20210618
4150025326,41,41500,2021-0,9,134,35337900, 내역_20210618
2823710200,28,28237,2021-0,336,5345,1469670160, 내역_20210618
4150010300,41,41500,2021-0,129,2281,499479180, 내역_20210618
4159041033,41,41590,2021-0,81,1807,519115380, 내역_20210618
4159041022,41,41590,2021-0,138,2261,633692500, 내역_20210618
4127110900,41,41271,2021-0,105,1361,290908900, 내역_20210618
4122025931,41,41220,2021-0,12,275,79571200, 내역_20210618
2814010300,28,28140,2021-0,251,5909,2210163540, 내역_20210618
4165037022,41,41650,2021-0,13,131,32443700, 내역_20210618
4161037026,41,41610,2021-0,4,28,5032440, 내역_20210618
4180025025,41,41800,2021-0,17,303,70435740, 내역_20210618
4155038028,41,41550,2021-0,33,627,183649280, 내역_20210618
4146125326,41,41461,2021-0,23,127,26434180, 내역_20210618
4122025627,41,41220,2021-0,27,262,74318780, 내역_20210618
4136025321,41,41360,2021-0,118,1365,299160140, 내역_20210618
4146125628,41,41461,2021-0,29,180,44307780, 내역_20210618
4111312900,41,41113,2021-0,139,3407,847689320, 내역_20210618
4155033029,41,41550,2021-0,38,897,236394780, 내역_20210618
4155025021,41,41550,2021-0,25,524,174305640, 내역_20210618
4159011700,41,41590,2021-0,211,2362,504877820, 내역_20210618
4183025028,41,41830,2021-0,20,362,93181120, 내역_20210618
4165041022,41,41650,2021-0,15,205,51805800, 내역_20210618
4136025626,41,41360,2021-0,34,290,69813620, 내역_20210618
4148025029,41,41480,2021-0,35,306,75987360, 내역_20210618
4165035022,41,41650,2021-0,10,57,16923440, 내역_20210618
4150034026,41,41500,2021-0,20,235,57677960, 내역_20210618
4146125323,41,41461,2021-0,62,421,104483860, 내역_20210618
4143010200,41,41430,2021-0,57,828,222074520, 내역_20210618
4136025621,41,41360,2021-0,82,854,217616140, 내역_20210618
4183025025,41,41830,2021-0,65,967,251727600, 내역_20210618
2811011100,28,28110,2021-0,4,94,26752740, 내역_20210618
4159041028,41,41590,2021-0,79,702,186946220, 내역_20210618
4155012500,41,41550,2021-0,41,892,261478280, 내역_20210618
4165036021,41,41650,2021-0,52,1161,288729960, 내역_20210618
4180025021,41,41800,2021-0,64,634,145493760, 내역_20210618
4127310800,41,41273,2021-0,466,3668,843223340, 내역_20210618
4150032023,41,41500,2021-0,17,138,38203940, 내역_20210618
2818510300,28,28185,2021-0,193,2764,654329200, 내역_20210618
4159035023,41,41590,2021-0,15,242,65383660, 내역_20210618
2811012500,28,28110,2021-0,10,177,32309520, 내역_20210618
4146311200,41,41463,2021-0,59,687,155490800, 내역_20210618
4148031025,41,41480,2021-0,109,1174,291166620, 내역_20210618
4127110400,41,41271,2021-0,197,2035,465015040, 내역_20210618
4155041030,41,41550,2021-0,2,36,8975260, 내역_20210618
4163025024,41,41630,2021-0,26,183,37531720, 내역_20210618
4167010700,41,41670,2021-0,61,670,162102800, 내역_20210618
2811011800,28,28110,2021-0,358,6471,1901055460, 내역_20210618
4113110400,41,41131,2021-0,53,733,165418360, 내역_20210618
2871042021,28,28710,2021-0,2,11,2737660, 내역_20210618
4111313500,41,41113,2021-0,108,1346,332681460, 내역_20210618
4155035025,41,41550,2021-0,18,188,44759580, 내역_20210618
4157010200,41,41570,2021-0,86,1812,498944660, 내역_20210618
4128111400,41,41281,2021-0,59,807,187478220, 내역_20210618
4163034025,41,41630,2021-0,30,445,102539240, 내역_20210618
4150037030,41,41500,2021-0,10,149,34999180, 내역_20210618
4148012200,41,41480,2021-0,153,1375,339447140, 내역_20210618
4182034521,41,41820,2021-0,15,119,28054260, 내역_20210618
4161036021,41,41610,2021-0,2,18,4547460, 내역_20210618
4146133029,41,41461,2021-0,51,976,292831880, 내역_20210618
4139012800,41,41390,2021-0,59,492,124771920, 내역_20210618
4139012700,41,41390,2021-0,89,841,196299540, 내역_20210618
4113111700,41,41131,2021-0,51,839,207460040, 내역_20210618
4155038022,41,41550,2021-0,51,646,176479520, 내역_20210618
4167010200,41,41670,2021-0,61,663,143963920, 내역_20210618
4146131027,41,41461,2021-0,31,485,137568140, 내역_20210618
4125010300,41,41250,2021-0,131,1526,325733040, 내역_20210618
4150038022,41,41500,2021-0,1,13,2993880, 내역_20210618
4146311000,41,41463,2021-0,59,1081,216564260, 내역_20210618
4136010800,41,41360,2021-0,60,631,144747180, 내역_20210618
4137010300,41,41370,2021-0,209,3168,852165960, 내역_20210618
4139011800,41,41390,2021-0,60,932,231881120, 내역_20210618
4163032026,41,41630,2021-0,66,896,216135840, 내역_20210618
4157010900,41,41570,2021-0,158,1471,346086020, 내역_20210618
4122025328,41,41220,2021-0,7,112,29910160, 내역_20210618
4150038021,41,41500,2021-0,8,72,21007180, 내역_20210618
4163031024,41,41630,2021-0,38,354,91154100, 내역_20210618
4159036024,41,41590,2021-0,80,1255,336459620, 내역_20210618
4139010900,41,41390,2021-0,94,761,201763920, 내역_20210618
4137010800,41,41370,2021-0,78,711,162042840, 내역_20210618
2871031025,28,28710,2021-0,47,519,138859560, 내역_20210618
4183033023,41,41830,2021-0,2,17,3961060, 내역_20210618
4182033021,41,41820,2021-0,7,47,9526120, 내역_20210618
4165025029,41,41650,2021-0,78,739,181208200, 내역_20210618
4139010400,41,41390,2021-0,53,977,257662620, 내역_20210618
4167025028,41,41670,2021-0,21,526,151469500, 내역_20210618
4127310200,41,41273,2021-0,68,697,152603160, 내역_20210618
4137011800,41,41370,2021-0,13,253,57332660, 내역_20210618
4111512800,41,41115,2021-0,17,322,89904920, 내역_20210618
4159031027,41,41590,2021-0,19,123,34460240, 내역_20210618
4148031022,41,41480,2021-0,50,432,103633140, 내역_20210618
4155032021,41,41550,2021-0,8,27,4909060, 내역_20210618
4122012200,41,41220,2021-0,39,468,88641480, 내역_20210618
4159025929,41,41590,2021-0,127,1715,492080620, 내역_20210618
4161034023,41,41610,2021-0,3,35,11124980, 내역_20210618
4159025931,41,41590,2021-0,34,500,138004900, 내역_20210618
4125011000,41,41250,2021-0,24,729,191553220, 내역_20210618
4122010200,41,41220,2021-0,109,3610,1058406580, 내역_20210618
4139013100,41,41390,2021-0,171,1509,390291780, 내역_20210618
4146135032,41,41461,2021-0,16,641,184342380, 내역_20210618
4146136024,41,41461,2021-0,47,1251,369451420, 내역_20210618
4155036022,41,41550,2021-0,8,61,16079620, 내역_20210618
4163033022,41,41630,2021-0,23,470,111524920, 내역_20210618
4159041029,41,41590,2021-0,62,592,161559300, 내역_20210618
4127311100,41,41273,2021-0,31,276,66012520, 내역_20210618
4161025932,41,41610,2021-0,35,387,97921620, 내역_20210618
4163011500,41,41630,2021-0,54,503,110092620, 내역_20210618
4122010600,41,41220,2021-0,81,1087,274873720, 내역_20210618
1156010200,11,11560,2021-0,28,443,95290840, 내역_20210618
4115011100,41,41150,2021-0,97,1350,329460240, 내역_20210618
2872033025,28,28720,2021-0,2,9,1523320, 내역_20210618
4155034035,41,41550,2021-0,28,278,75378020, 내역_20210618
4167034030,41,41670,2021-0,12,114,25775400, 내역_20210618
4150035025,41,41500,2021-0,50,1061,341542240, 내역_20210618
4136011000,41,41360,2021-0,50,544,139533960, 내역_20210618
4148036022,41,41480,2021-0,16,235,62521920, 내역_20210618
2817710700,28,28177,2021-0,68,1109,288771700, 내역_20210618
4161033027,41,41610,2021-0,66,703,181870260, 내역_20210618
4159034033,41,41590,2021-0,29,238,65536880, 내역_20210618
4157010500,41,41570,2021-0,69,577,137551460, 내역_20210618
4182025021,41,41820,2021-0,110,1213,297317680, 내역_20210618
4122012700,41,41220,2021-0,89,900,228033020, 내역_20210618
2811013300,28,28110,2021-0,11,154,32272840, 내역_20210618
4167036033,41,41670,2021-0,7,90,18751180, 내역_20210618
4183041027,41,41830,2021-0,1,16,4619280, 내역_20210618
4159032025,41,41590,2021-0,29,240,67947000, 내역_20210618
4182025027,41,41820,2021-0,5,36,8942440, 내역_20210618
4182025029,41,41820,2021-0,4,34,7105580, 내역_20210618
4122031029,41,41220,2021-0,40,1065,323466180, 내역_20210618
4180025022,41,41800,2021-0,7,53,11988160, 내역_20210618
4111313800,41,41113,2021-0,2,40,11841600, 내역_20210618
4148035024,41,41480,2021-0,38,618,153635520, 내역_20210618
4167011700,41,41670,2021-0,14,304,82885300, 내역_20210618
4136031021,41,41360,2021-0,75,687,151520240, 내역_20210618
4159040022,41,41590,2021-0,155,2853,819004520, 내역_20210618
2872033021,28,28720,2021-0,29,261,56745900, 내역_20210618
2871036021,28,28710,2021-0,7,56,15129760, 내역_20210618
4155042024,41,41550,2021-0,16,632,185625940, 내역_20210618
4167032032,41,41670,2021-0,11,103,26588880, 내역_20210618
4145011500,41,41450,2021-0,92,1078,338773080, 내역_20210618
4159034031,41,41590,2021-0,8,39,10520260, 내역_20210618
4159037029,41,41590,2021-0,22,292,82718100, 내역_20210618
4146135027,41,41461,2021-0,12,111,30082480, 내역_20210618
4146134022,41,41461,2021-0,18,216,62322420, 내역_20210618
4128110500,41,41281,2021-0,110,945,226580560, 내역_20210618
4111512200,41,41115,2021-0,10,51,11937580, 내역_20210618
4150031029,41,41500,2021-0,31,376,78347960, 내역_20210618
4167035026,41,41670,2021-0,4,113,25748860, 내역_20210618
4139011000,41,41390,2021-0,86,550,143942700, 내역_20210618
2872037021,28,28720,2021-0,9,52,7715840, 내역_20210618
4127111000,41,41271,2021-0,30,425,132819640, 내역_20210618
4155012200,41,41550,2021-0,16,171,39101060, 내역_20210618
4150037024,41,41500,2021-0,10,51,13436800, 내역_20210618
1159010400,11,11590,2021-0,23,211,46792620, 내역_20210618
4131010500,41,41310,2021-0,186,2628,684610680, 내역_20210618
4122034025,41,41220,2021-0,56,1392,425281460, 내역_20210618
4148037026,41,41480,2021-0,44,630,181108960, 내역_20210618
4122034023,41,41220,2021-0,16,129,31059180, 내역_20210618
4167036022,41,41670,2021-0,8,170,35674300, 내역_20210618
4157025627,41,41570,2021-0,79,801,206998280, 내역_20210618
4155031025,41,41550,2021-0,11,139,35030540, 내역_20210618
4157010100,41,41570,2021-0,84,1133,305154900, 내역_20210618
2871035025,28,28710,2021-0,7,96,18815100, 내역_20210618
4139012000,41,41390,2021-0,21,222,51111200, 내역_20210618
4148010400,41,41480,2021-0,68,681,162702220, 내역_20210618
4167034032,41,41670,2021-0,6,49,11625960, 내역_20210618
4148035022,41,41480,2021-0,42,536,144595260, 내역_20210618
4159025627,41,41590,2021-0,152,1831,521379560, 내역_20210618
4148025626,41,41480,2021-0,12,136,31103860, 내역_20210618
4157034028,41,41570,2021-0,23,181,49762140, 내역_20210618
4180036022,41,41800,2021-0,8,38,8291220, 내역_20210618
4159013600,41,41590,2021-0,78,726,200258480, 내역_20210618
4159025933,41,41590,2021-0,28,611,168486000, 내역_20210618
4137011000,41,41370,2021-0,74,923,230257940, 내역_20210618
4155031028,41,41550,2021-0,14,312,90770320, 내역_20210618
4182031027,41,41820,2021-0,4,26,5824820, 내역_20210618
4150025332,41,41500,2021-0,23,282,79640260, 내역_20210618
4159034034,41,41590,2021-0,34,317,92212600, 내역_20210618
4159036033,41,41590,2021-0,22,375,107468340, 내역_20210618
4122012600,41,41220,2021-0,35,344,84575600, 내역_20210618
4146125325,41,41461,2021-0,66,572,146772040, 내역_20210618
4183036027,41,41830,2021-0,2,7,2388680, 내역_20210618
4137012000,41,41370,2021-0,40,1138,341808260, 내역_20210618
4155036028,41,41550,2021-0,18,235,66390120, 내역_20210618
4165038024,41,41650,2021-0,13,106,22864400, 내역_20210618
2826010500,28,28260,2021-0,28,371,75328080, 내역_20210618
4122033023,41,41220,2021-0,22,211,51668680, 내역_20210618
4163031023,41,41630,2021-0,85,1007,245133500, 내역_20210618
4161025326,41,41610,2021-0,89,941,250934900, 내역_20210618
2826010800,28,28260,2021-0,184,3076,896206060, 내역_20210618
2871033024,28,28710,2021-0,15,68,12114740, 내역_20210618
4167025035,41,41670,2021-0,24,376,108629980, 내역_20210618
4137010100,41,41370,2021-0,163,2346,532880440, 내역_20210618
4159035027,41,41590,2021-0,28,292,80885300, 내역_20210618
4125011200,41,41250,2021-0,85,880,207051980, 내역_20210618
4146131025,41,41461,2021-0,62,942,254947880, 내역_20210618
4128710100,41,41287,2021-0,147,1653,413356220, 내역_20210618
4163032028,41,41630,2021-0,20,195,48302380, 내역_20210618
4159025937,41,41590,2021-0,48,371,96473540, 내역_20210618
4111710400,41,41117,2021-0,327,2978,763354840, 내역_20210618
4157025023,41,41570,2021-0,79,1276,360510180, 내역_20210618
4122025029,41,41220,2021-0,10,79,16130240, 내역_20210618
4146132026,41,41461,2021-0,39,1224,309859680, 내역_20210618
4163010200,41,41630,2021-0,4,31,5523780, 내역_20210618
4148025323,41,41480,2021-0,60,1222,296811680, 내역_20210618
4125010200,41,41250,2021-0,65,607,135408280, 내역_20210618
4122025321,41,41220,2021-0,48,804,190970160, 내역_20210618
4159031026,41,41590,2021-0,10,52,11866900, 내역_20210618
4167035024,41,41670,2021-0,10,92,22929540, 내역_20210618
4155041028,41,41550,2021-0,5,24,6198160, 내역_20210618
4157036027,41,41570,2021-0,42,372,100902620, 내역_20210618
2824510600,28,28245,2021-0,71,482,109146000, 내역_20210618
4165033022,41,41650,2021-0,24,173,39762980, 내역_20210618
4167010100,41,41670,2021-0,35,369,74852140, 내역_20210618
4161011200,41,41610,2021-0,70,874,236248560, 내역_20210618
4113510400,41,41135,2021-0,23,480,111186780, 내역_20210618
4167037023,41,41670,2021-0,4,30,7371560, 내역_20210618
4159012500,41,41590,2021-0,45,703,173062280, 내역_20210618
4137010900,41,41370,2021-0,17,174,38266420, 내역_20210618
4163010500,41,41630,2021-0,35,286,64825340, 내역_20210618
4139010800,41,41390,2021-0,65,827,202311060, 내역_20210618
4150031022,41,41500,2021-0,16,262,59517480, 내역_20210618
4146125621,41,41461,2021-0,19,160,41429800, 내역_20210618
4182032522,41,41820,2021-0,13,173,34656180, 내역_20210618
4122011100,41,41220,2021-0,54,604,148095980, 내역_20210618
4159011900,41,41590,2021-0,87,1377,341087680, 내역_20210618
4167034022,41,41670,2021-0,4,77,16554240, 내역_20210618
4163032024,41,41630,2021-0,23,752,232708040, 내역_20210618
4155033030,41,41550,2021-0,12,205,55793820, 내역_20210618
4122010800,41,41220,2021-0,35,487,95831980, 내역_20210618
4155032022,41,41550,2021-0,7,121,31262680, 내역_20210618
4150035027,41,41500,2021-0,17,186,53491300, 내역_20210618
4155031022,41,41550,2021-0,19,149,36392960, 내역_20210618
4165033023,41,41650,2021-0,73,877,209769820, 내역_20210618
4146310200,41,41463,2021-0,327,3788,922476640, 내역_20210618
4165010300,41,41650,2021-0,57,539,117937460, 내역_20210618
4122011400,41,41220,2021-0,89,871,237989980, 내역_20210618
4167035021,41,41670,2021-0,6,44,10655320, 내역_20210618
4163011300,41,41630,2021-0,41,451,110773480, 내역_20210618
4122034026,41,41220,2021-0,37,727,203934480, 내역_20210618
4159037021,41,41590,2021-0,38,377,96277420, 내역_20210618
4150034030,41,41500,2021-0,32,934,224447560, 내역_20210618
4163025026,41,41630,2021-0,35,336,75818500, 내역_20210618
2820010800,28,28200,2021-0,62,614,138951920, 내역_20210618
4159025632,41,41590,2021-0,49,474,137379140, 내역_20210618
4150011500,41,41500,2021-0,11,69,14729180, 내역_20210618
4159026229,41,41590,2021-0,13,83,20370040, 내역_20210618
4122025325,41,41220,2021-0,4,17,3221160, 내역_20210618
4150010400,41,41500,2021-0,23,152,37571000, 내역_20210618
4167037027,41,41670,2021-0,7,76,20188300, 내역_20210618
4111710700,41,41117,2021-0,122,1468,401208540, 내역_20210618
4159040024,41,41590,2021-0,140,1970,566756200, 내역_20210618
4146110100,41,41461,2021-0,157,2354,672451920, 내역_20210618
4159041036,41,41590,2021-0,32,658,200002600, 내역_20210618
4146310500,41,41463,2021-0,88,1201,316537000, 내역_20210618
4161025935,41,41610,2021-0,25,486,120050940, 내역_20210618
4122010400,41,41220,2021-0,46,5770,2428531020, 내역_20210618
4148025321,41,41480,2021-0,22,243,59983880, 내역_20210618
4163032025,41,41630,2021-0,12,111,30437740, 내역_20210618
4163011200,41,41630,2021-0,35,324,77234840, 내역_20210618
4143010300,41,41430,2021-0,131,1748,460346340, 내역_20210618
4136036024,41,41360,2021-0,2,21,5773940, 내역_20210618
4122033024,41,41220,2021-0,11,89,22952420, 내역_20210618
4122011900,41,41220,2021-0,137,1634,436789680, 내역_20210618
4148038023,41,41480,2021-0,1,8,1613860, 내역_20210618
4122025324,41,41220,2021-0,22,144,28620580, 내역_20210618
2818510200,28,28185,2021-0,71,596,124126220, 내역_20210618
2872035026,28,28720,2021-0,1,4,1502620, 내역_20210618
2871025021,28,28710,2021-0,16,302,84950760, 내역_20210618
4155032025,41,41550,2021-0,12,186,53543280, 내역_20210618
4122025926,41,41220,2021-0,50,1071,320849500, 내역_20210618
4150036024,41,41500,2021-0,11,90,23063360, 내역_20210618
4122025323,41,41220,2021-0,29,571,148668740, 내역_20210618
4113110600,41,41131,2021-0,18,405,51652900, 내역_20210618
4167025032,41,41670,2021-0,31,840,292861680, 내역_20210618
4163031022,41,41630,2021-0,54,527,135121780, 내역_20210618
4183040021,41,41830,2021-0,11,113,22802320, 내역_20210618
4159025329,41,41590,2021-0,15,108,29076800, 내역_20210618
2811011200,28,28110,2021-0,4,16,3400500, 내역_20210618
4165035023,41,41650,2021-0,16,203,63616480, 내역_20210618
4146135033,41,41461,2021-0,16,142,35160340, 내역_20210618
4157025625,41,41570,2021-0,57,754,203460820, 내역_20210618
4127311200,41,41273,2021-0,23,322,91258580, 내역_20210618
4155038024,41,41550,2021-0,29,333,95358180, 내역_20210618
4146125021,41,41461,2021-0,66,1021,250080920, 내역_20210618
4159041025,41,41590,2021-0,36,490,136328200, 내역_20210618
4137010200,41,41370,2021-0,62,746,213210200, 내역_20210618
4180033025,41,41800,2021-0,5,32,7205220, 내역_20210618
4137011300,41,41370,2021-0,103,1533,422485180, 내역_20210618
4163025023,41,41630,2021-0,24,185,39123720, 내역_20210618
4122037030,41,41220,2021-0,8,39,9277280, 내역_20210618
4122011700,41,41220,2021-0,213,3984,960874540, 내역_20210618
4148031021,41,41480,2021-0,67,813,213256040, 내역_20210618
4119011500,41,41190,2021-0,121,901,222270140, 내역_20210618
4182033028,41,41820,2021-0,5,31,7599920, 내역_20210618
4182032523,41,41820,2021-0,9,58,14609380, 내역_20210618
4159032027,41,41590,2021-0,55,680,194163140, 내역_20210618
2820010600,28,28200,2021-0,46,397,94815240, 내역_20210618
2811015000,28,28110,2021-0,9,58,13738980, 내역_20210618
4183033026,41,41830,2021-0,1,10,2142780, 내역_20210618
4122033022,41,41220,2021-0,27,250,68328640, 내역_20210618
4167035037,41,41670,2021-0,9,97,28430960, 내역_20210618
4159025331,41,41590,2021-0,27,205,55768540, 내역_20210618
4165037021,41,41650,2021-0,8,99,26396140, 내역_20210618
4165035021,41,41650,2021-0,16,265,90729280, 내역_20210618
4165041021,41,41650,2021-0,31,502,118901340, 내역_20210618
4155033032,41,41550,2021-0,5,138,34537520, 내역_20210618
4167035027,41,41670,2021-0,1,26,6214620, 내역_20210618
4165034028,41,41650,2021-0,3,39,10546100, 내역_20210618
4122032025,41,41220,2021-0,19,259,69921260, 내역_20210618
4161025933,41,41610,2021-0,41,487,117703800, 내역_20210618
4155034029,41,41550,2021-0,24,517,165109780, 내역_20210618
4155036031,41,41550,2021-0,20,349,88486780, 내역_20210618
4155040025,41,41550,2021-0,18,226,51457860, 내역_20210618
4161036023,41,41610,2021-0,3,34,12537900, 내역_20210618
4159035022,41,41590,2021-0,38,339,93842900, 내역_20210618
2826012100,28,28260,2021-0,46,320,84761720, 내역_20210618
4122012500,41,41220,2021-0,23,253,71882800, 내역_20210618
4167032031,41,41670,2021-0,5,22,5084160, 내역_20210618
2811014500,28,28110,2021-0,138,1431,383467260, 내역_20210618
4111313900,41,41113,2021-0,24,390,109684180, 내역_20210618
4165036022,41,41650,2021-0,15,259,68262820, 내역_20210618
4155010100,41,41550,2021-0,63,747,160251580, 내역_20210618
4146132021,41,41461,2021-0,27,252,72669780, 내역_20210618
4165034026,41,41650,2021-0,9,117,36215100, 내역_20210618
4165039022,41,41650,2021-0,4,19,5271520, 내역_20210618
4113313200,41,41133,2021-0,45,571,161715240, 내역_20210618
4155040029,41,41550,2021-0,26,260,69516480, 내역_20210618
1117010600,11,11170,2021-0,2,183,46649200, 내역_20210618
4122012300,41,41220,2021-0,26,319,75128380, 내역_20210618
4115011000,41,41150,2021-0,208,2368,561515120, 내역_20210618
1129012000,11,11290,2021-0,11,99,17983600, 내역_20210618
4148025021,41,41480,2021-0,51,684,157696440, 내역_20210618
4146110400,41,41461,2021-0,72,2387,515636180, 내역_20210618
4141010800,41,41410,2021-0,63,567,148082580, 내역_20210618
4183025021,41,41830,2021-0,115,1243,292977100, 내역_20210618
2871032025,28,28710,2021-0,14,150,37261800, 내역_20210618
4155010900,41,41550,2021-0,13,151,28094440, 내역_20210618
4128710300,41,41287,2021-0,87,1106,266247900, 내역_20210618
4167032023,41,41670,2021-0,14,91,24243680, 내역_20210618
1111013100,11,11110,2021-0,13,163,41141300, 내역_20210618
2820010400,28,28200,2021-0,60,787,197942920, 내역_20210618
4157025622,41,41570,2021-0,69,879,210903080, 내역_20210618
4182025025,41,41820,2021-0,12,131,32368620, 내역_20210618
4146125629,41,41461,2021-0,47,498,145762200, 내역_20210618
4150034022,41,41500,2021-0,9,180,48084940, 내역_20210618
2826011400,28,28260,2021-0,295,3405,1004706040, 내역_20210618
4148025022,41,41480,2021-0,34,1189,373474600, 내역_20210618
4146133027,41,41461,2021-0,23,387,102081460, 내역_20210618
4150037021,41,41500,2021-0,11,124,38873620, 내역_20210618
4165031026,41,41650,2021-0,21,239,57607040, 내역_20210618
2814010500,28,28140,2021-0,6,80,18557220, 내역_20210618
2826010600,28,28260,2021-0,53,1399,387680020, 내역_20210618
4159025930,41,41590,2021-0,39,372,107669940, 내역_20210618
2871033021,28,28710,2021-0,18,299,67359160, 내역_20210618
2872036021,28,28720,2021-0,44,577,159244720, 내역_20210618
4155025030,41,41550,2021-0,41,656,170916980, 내역_20210618
4111313400,41,41113,2021-0,126,1076,252934360, 내역_20210618
4167032027,41,41670,2021-0,5,64,18276020, 내역_20210618
4146310900,41,41463,2021-0,154,26156,10876346460, 내역_20210618
2814010100,28,28140,2021-0,110,1571,476896820, 내역_20210618
4159041031,41,41590,2021-0,40,727,207307320, 내역_20210618
2871038022,28,28710,2021-0,7,66,12503040, 내역_20210618
4167025031,41,41670,2021-0,2,17,5180480, 내역_20210618
4159033028,41,41590,2021-0,19,114,31359640, 내역_20210618
2811012600,28,28110,2021-0,14,95,22387040, 내역_20210618
2871025024,28,28710,2021-0,41,751,165434640, 내역_20210618
4150010700,41,41500,2021-0,37,437,118663780, 내역_20210618
4139012100,41,41390,2021-0,32,319,81324720, 내역_20210618
4122032021,41,41220,2021-0,52,596,156786520, 내역_20210618
4148036027,41,41480,2021-0,4,27,7750760, 내역_20210618
4159025332,41,41590,2021-0,42,377,97939920, 내역_20210618
4146133028,41,41461,2021-0,43,567,156611560, 내역_20210618
4139011900,41,41390,2021-0,90,576,139895980, 내역_20210618
4183040027,41,41830,2021-0,9,79,16543540, 내역_20210618
4159041035,41,41590,2021-0,21,339,91896140, 내역_20210618
4148036023,41,41480,2021-0,5,34,7953060, 내역_20210618
4150035028,41,41500,2021-0,22,291,94341000, 내역_20210618
4115011300,41,41150,2021-0,27,232,67362920, 내역_20210618
4165038023,41,41650,2021-0,11,308,89326860, 내역_20210618
4159035030,41,41590,2021-0,5,24,6841160, 내역_20210618
4122025021,41,41220,2021-0,39,409,122623460, 내역_20210618
4122025322,41,41220,2021-0,20,262,74035600, 내역_20210618
4113310400,41,41133,2021-0,47,481,119353020, 내역_20210618
4136025322,41,41360,2021-0,76,740,167489880, 내역_20210618
4161025928,41,41610,2021-0,22,246,58949340, 내역_20210618
4122012100,41,41220,2021-0,82,1159,351342260, 내역_20210618
4150025324,41,41500,2021-0,24,345,98957980, 내역_20210618
1120011000,11,11200,2021-0,21,182,38559680, 내역_20210618
4150010600,41,41500,2021-0,12,64,16100800, 내역_20210618
4165033027,41,41650,2021-0,41,545,132108040, 내역_20210618
4146125025,41,41461,2021-0,53,470,120831600, 내역_20210618
4150032031,41,41500,2021-0,7,64,15563760, 내역_20210618
4136010900,41,41360,2021-0,30,379,83863520, 내역_20210618
4165037023,41,41650,2021-0,22,188,44813440, 내역_20210618
4165031024,41,41650,2021-0,14,206,54117060, 내역_20210618
2824511000,28,28245,2021-0,17,132,29797160, 내역_20210618
4155041024,41,41550,2021-0,20,327,88113700, 내역_20210618
4159041026,41,41590,2021-0,79,751,204689320, 내역_20210618
4146135030,41,41461,2021-0,12,122,31321500, 내역_20210618
4159031022,41,41590,2021-0,24,217,47376400, 내역_20210618
4122012400,41,41220,2021-0,87,1264,336918720, 내역_20210618
4159025326,41,41590,2021-0,62,618,162902200, 내역_20210618
1120011100,11,11200,2021-0,20,144,32659880, 내역_20210618
4167025022,41,41670,2021-0,6,181,48479160, 내역_20210618
4180033021,41,41800,2021-0,4,25,5535900, 내역_20210618
4167012300,41,41670,2021-0,7,65,17297620, 내역_20210618
2820010900,28,28200,2021-0,57,419,99933740, 내역_20210618
2811011700,28,28110,2021-0,4,24,6629000, 내역_20210618
2811012700,28,28110,2021-0,13,112,29949580, 내역_20210618
4159012200,41,41590,2021-0,36,376,84573360, 내역_20210618
4125010600,41,41250,2021-0,10,139,29762900, 내역_20210618
4146133022,41,41461,2021-0,10,143,38238860, 내역_20210618
4146110700,41,41461,2021-0,99,1654,363008300, 내역_20210618
4146132029,41,41461,2021-0,18,383,101044100, 내역_20210618
4167010900,41,41670,2021-0,25,391,100269780, 내역_20210618
4141010700,41,41410,2021-0,4,28,5774960, 내역_20210618
4159025932,41,41590,2021-0,30,486,114768800, 내역_20210618
4111513300,41,41115,2021-0,56,1187,366835260, 내역_20210618
4146125327,41,41461,2021-0,22,149,38094840, 내역_20210618
4150010100,41,41500,2021-0,86,954,230311700, 내역_20210618
4122025923,41,41220,2021-0,76,1051,298710620, 내역_20210618
4136025622,41,41360,2021-0,66,518,106907080, 내역_20210618
4155033026,41,41550,2021-0,35,392,114607940, 내역_20210618
4167036035,41,41670,2021-0,14,104,24271300, 내역_20210618
1129011400,11,11290,2021-0,27,340,72495720, 내역_20210618
4159025921,41,41590,2021-0,30,481,135678700, 내역_20210618
4155013100,41,41550,2021-0,9,61,14580480, 내역_20210618
4155035024,41,41550,2021-0,28,765,202638460, 내역_20210618
4163033023,41,41630,2021-0,37,381,95287240, 내역_20210618
4155040024,41,41550,2021-0,7,56,16148480, 내역_20210618
4150025322,41,41500,2021-0,27,300,74993500, 내역_20210618
4159034021,41,41590,2021-0,67,720,197532100, 내역_20210618
4148010800,41,41480,2021-0,202,1860,433054000, 내역_20210618
4159042030,41,41590,2021-0,21,1301,345302460, 내역_20210618
4157034031,41,41570,2021-0,64,571,148698720, 내역_20210618
4148035029,41,41480,2021-0,28,227,57525300, 내역_20210618
4159025922,41,41590,2021-0,16,109,24586640, 내역_20210618
4159034024,41,41590,2021-0,14,109,25284800, 내역_20210618
4148025622,41,41480,2021-0,31,622,154507560, 내역_20210618
4150025321,41,41500,2021-0,51,685,190773140, 내역_20210618
2824511900,28,28245,2021-0,10,122,28296420, 내역_20210618
4155041027,41,41550,2021-0,13,361,47658660, 내역_20210618
4155040023,41,41550,2021-0,26,487,115143940, 내역_20210618
4159035031,41,41590,2021-0,14,109,26957600, 내역_20210618
4122025329,41,41220,2021-0,20,307,98153360, 내역_20210618
4167032033,41,41670,2021-0,3,13,3728740, 내역_20210618
4159031021,41,41590,2021-0,36,903,308185700, 내역_20210618
4157035028,41,41570,2021-0,4,53,13171860, 내역_20210618
4155011300,41,41550,2021-0,12,186,39970060, 내역_20210618
2811012300,28,28110,2021-0,16,162,42091840, 내역_20210618
4111113200,41,41111,2021-0,111,1507,283860980, 내역_20210618
4122010700,41,41220,2021-0,54,461,115395260, 내역_20210618
4183038026,41,41830,2021-0,3,13,2221220, 내역_20210618
4128113200,41,41281,2021-0,48,412,109235460, 내역_20210618
4139013000,41,41390,2021-0,77,852,253307060, 내역_20210618
4148011800,41,41480,2021-0,32,274,73350620, 내역_20210618
4111113700,41,41111,2021-0,44,1457,416972840, 내역_20210618
4183037021,41,41830,2021-0,13,109,26201000, 내역_20210618
4146110300,41,41461,2021-0,119,2127,478279920, 내역_20210618
4157034023,41,41570,2021-0,49,404,112517740, 내역_20210618
4122025045,41,41220,2021-0,23,217,48006220, 내역_20210618
4148025625,41,41480,2021-0,32,602,148335680, 내역_20210618
4163010700,41,41630,2021-0,58,538,120663580, 내역_20210618
2811014600,28,28110,2021-0,80,961,283028700, 내역_20210618
4165010200,41,41650,2021-0,44,478,120957000, 내역_20210618
4148032024,41,41480,2021-0,28,387,96700760, 내역_20210618
4165035024,41,41650,2021-0,14,223,58128120, 내역_20210618
4125010900,41,41250,2021-0,25,1202,333554120, 내역_20210618
4167010800,41,41670,2021-0,60,838,196693800, 내역_20210618
4146311500,41,41463,2021-0,71,962,220299300, 내역_20210618
4146125324,41,41461,2021-0,59,540,128719180, 내역_20210618
4165032026,41,41650,2021-0,9,207,46587380, 내역_20210618
4159033027,41,41590,2021-0,13,117,32014960, 내역_20210618
4159012400,41,41590,2021-0,122,1053,265559320, 내역_20210618
4113110900,41,41131,2021-0,21,291,64020060, 내역_20210618
4146132023,41,41461,2021-0,61,722,203333000, 내역_20210618
4155035031,41,41550,2021-0,20,200,54272160, 내역_20210618
4146125028,41,41461,2021-0,29,296,78270680, 내역_20210618
2871035028,28,28710,2021-0,6,74,18984520, 내역_20210618
4165039021,41,41650,2021-0,17,165,42134060, 내역_20210618
4150037029,41,41500,2021-0,7,280,68424200, 내역_20210618
4148010200,41,41480,2021-0,71,1236,275385440, 내역_20210618
1129013100,11,11290,2021-0,11,111,31535680, 내역_20210618
4183025022,41,41830,2021-0,19,113,25396900, 내역_20210618
4155038026,41,41550,2021-0,35,298,75855000, 내역_20210618
4161025930,41,41610,2021-0,40,409,101373040, 내역_20210618
4155034021,41,41550,2021-0,11,98,27536100, 내역_20210618
4148037033,41,41480,2021-0,3,28,6545760, 내역_20210618
4155036037,41,41550,2021-0,3,25,6938480, 내역_20210618
4119010600,41,41190,2021-0,19,465,117740980, 내역_20210618
2871033025,28,28710,2021-0,10,48,10612960, 내역_20210618
4159035025,41,41590,2021-0,13,152,42714480, 내역_20210618
4183031023,41,41830,2021-0,8,71,16603300, 내역_20210618
4163032021,41,41630,2021-0,23,250,65328900, 내역_20210618
4155040021,41,41550,2021-0,21,266,74327000, 내역_20210618
4157036031,41,41570,2021-0,46,466,120739040, 내역_20210618
4122025026,41,41220,2021-0,5,39,10201300, 내역_20210618
4111513900,41,41115,2021-0,54,833,198867580, 내역_20210618
4183039525,41,41830,2021-0,4,41,9163800, 내역_20210618
4148035027,41,41480,2021-0,34,323,77665220, 내역_20210618
4119012000,41,41190,2021-0,84,745,200019860, 내역_20210618
4150036022,41,41500,2021-0,9,108,28484580, 내역_20210618
4165040026,41,41650,2021-0,7,89,15999280, 내역_20210618
4148035025,41,41480,2021-0,47,515,130150620, 내역_20210618
4128111000,41,41281,2021-0,29,266,85708360, 내역_20210618
4182034021,41,41820,2021-0,8,92,18049140, 내역_20210618
4182031021,41,41820,2021-0,28,251,57636880, 내역_20210618
2826010100,28,28260,2021-0,95,2567,721133120, 내역_20210618
4183040026,41,41830,2021-0,3,14,1655200, 내역_20210618
4180032022,41,41800,2021-0,19,284,79538160, 내역_20210618
4129010100,41,41290,2021-0,3,92,14531300, 내역_20210618
4146136021,41,41461,2021-0,74,843,212977480, 내역_20210618
4183040024,41,41830,2021-0,37,419,105721500, 내역_20210618
2817710600,28,28177,2021-0,62,629,144696380, 내역_20210618
4182025028,41,41820,2021-0,7,55,12391020, 내역_20210618
4139013300,41,41390,2021-0,10,71,17240360, 내역_20210618
4155034037,41,41550,2021-0,20,124,34290580, 내역_20210618
4183025032,41,41830,2021-0,38,420,117982680, 내역_20210618
4159040025,41,41590,2021-0,46,448,125016740, 내역_20210618
4167025036,41,41670,2021-0,1,5,902240, 내역_20210618
4148032026,41,41480,2021-0,13,284,69885780, 내역_20210618
4182025026,41,41820,2021-0,3,12,3162020, 내역_20210618
4122033025,41,41220,2021-0,33,538,170991340, 내역_20210618
4119710300,41,41197,2021-0,3,80,18536500, 내역_20210618
4128110900,41,41281,2021-0,81,680,209840600, 내역_20210618
2811012100,28,28110,2021-0,1,6,1162240, 내역_20210618
2817010100,28,28170,2021-0,4,58,13605580, 내역_20210618
4155011500,41,41550,2021-0,2,9,2066180, 내역_20210618
4150035034,41,41500,2021-0,7,37,8536900, 내역_20210618
4155035030,41,41550,2021-0,8,43,10315740, 내역_20210618
4155031032,41,41550,2021-0,2,8,1255500, 내역_20210618
4148025026,41,41480,2021-0,12,106,23419220, 내역_20210618
4146135029,41,41461,2021-0,17,223,53176000, 내역_20210618
4167025039,41,41670,2021-0,5,43,10438900, 내역_20210618
4161010100,41,41610,2021-0,89,838,221865720, 내역_20210618
2871037026,28,28710,2021-0,4,17,3274860, 내역_20210618
4136036022,41,41360,2021-0,1,9,1783060, 내역_20210618
2811013700,28,28110,2021-0,18,338,55443000, 내역_20210618
4148011700,41,41480,2021-0,93,988,257697380, 내역_20210618
4155035028,41,41550,2021-0,42,437,102700160, 내역_20210618
2871041021,28,28710,2021-0,4,35,9457380, 내역_20210618
4150037025,41,41500,2021-0,5,109,29112740, 내역_20210618
4146135031,41,41461,2021-0,10,91,23905220, 내역_20210618
4150036028,41,41500,2021-0,20,197,53060300, 내역_20210618
2826010900,28,28260,2021-0,51,613,143626980, 내역_20210618
4155039025,41,41550,2021-0,12,76,18215040, 내역_20210618
4159026225,41,41590,2021-0,22,244,71045100, 내역_20210618
2871035021,28,28710,2021-0,6,32,9436340, 내역_20210618
4159033030,41,41590,2021-0,21,290,89017760, 내역_20210618
4180036021,41,41800,2021-0,6,46,10881760, 내역_20210618
4146134027,41,41461,2021-0,17,130,31318920, 내역_20210618
4155010400,41,41550,2021-0,11,101,21133460, 내역_20210618
4146125023,41,41461,2021-0,45,2626,528407780, 내역_20210618
4167025038,41,41670,2021-0,2,16,4292860, 내역_20210618
4183025027,41,41830,2021-0,21,453,116534820, 내역_20210618
4155011600,41,41550,2021-0,7,52,11051100, 내역_20210618
4159041024,41,41590,2021-0,17,164,44328200, 내역_20210618
4159032028,41,41590,2021-0,52,540,145632760, 내역_20210618
4111312700,41,41113,2021-0,62,442,93672960, 내역_20210618
2814010600,28,28140,2021-0,14,164,39072680, 내역_20210618
4165031028,41,41650,2021-0,32,449,102671900, 내역_20210618
4159025625,41,41590,2021-0,13,359,120423840, 내역_20210618
4159025939,41,41590,2021-0,74,1324,351112280, 내역_20210618
4182033029,41,41820,2021-0,15,190,47169640, 내역_20210618
4148025028,41,41480,2021-0,1,11,2499360, 내역_20210618
4146133021,41,41461,2021-0,15,210,62467920, 내역_20210618
4165039023,41,41650,2021-0,10,132,36333780, 내역_20210618
4167035028,41,41670,2021-0,3,24,6157280, 내역_20210618
4167010400,41,41670,2021-0,1,7,1476960, 내역_20210618
4167034029,41,41670,2021-0,9,81,20200060, 내역_20210618
2811013200,28,28110,2021-0,22,189,49436080, 내역_20210618
4148025623,41,41480,2021-0,21,150,36201140, 내역_20210618
4167036024,41,41670,2021-0,3,12,3171920, 내역_20210618
4150033023,41,41500,2021-0,22,390,108836200, 내역_20210618
4167034023,41,41670,2021-0,14,238,53589560, 내역_20210618
4155031024,41,41550,2021-0,10,73,17019500, 내역_20210618
4161025324,41,41610,2021-0,23,244,58332700, 내역_20210618
4157036029,41,41570,2021-0,22,160,39577060, 내역_20210618
4159034030,41,41590,2021-0,29,347,93012580, 내역_20210618
4122025330,41,41220,2021-0,61,650,154701620, 내역_20210618
4146125024,41,41461,2021-0,53,433,112362120, 내역_20210618
4150032025,41,41500,2021-0,13,130,30765040, 내역_20210618
4155036032,41,41550,2021-0,16,219,49325320, 내역_20210618
4155010300,41,41550,2021-0,6,137,24458400, 내역_20210618
4146131028,41,41461,2021-0,30,570,133620480, 내역_20210618
4182034027,41,41820,2021-0,1,42,10178240, 내역_20210618
4150011000,41,41500,2021-0,46,325,85035420, 내역_20210618
4150025331,41,41500,2021-0,6,44,10567280, 내역_20210618
4155034032,41,41550,2021-0,9,114,32709040, 내역_20210618
1141010900,11,11410,2021-0,10,118,35471300, 내역_20210618
4119710100,41,41197,2021-0,4,41,8877680, 내역_20210618
4122034028,41,41220,2021-0,5,36,8794920, 내역_20210618
4159037026,41,41590,2021-0,15,218,59906700, 내역_20210618
4155031035,41,41550,2021-0,12,516,197513620, 내역_20210618
4155035034,41,41550,2021-0,6,80,20779060, 내역_20210618
2871025025,28,28710,2021-0,53,445,95547360, 내역_20210618
4183034023,41,41830,2021-0,12,126,35958960, 내역_20210618
4180025324,41,41800,2021-0,3,18,2818840, 내역_20210618
4155012300,41,41550,2021-0,11,152,25641320, 내역_20210618
4163034023,41,41630,2021-0,41,637,166377680, 내역_20210618
4150011200,41,41500,2021-0,18,162,39216320, 내역_20210618
4148037035,41,41480,2021-0,11,113,21306240, 내역_20210618
4143010400,41,41430,2021-0,57,1244,357685160, 내역_20210618
4155032031,41,41550,2021-0,9,89,26253180, 내역_20210618
4150032030,41,41500,2021-0,11,280,78671280, 내역_20210618
4159012900,41,41590,2021-0,184,2982,961200080, 내역_20210618
1114012800,11,11140,2021-0,14,172,44282460, 내역_20210618
2824512300,28,28245,2021-0,23,216,48623800, 내역_20210618
4167012200,41,41670,2021-0,43,305,65891340, 내역_20210618
4159037030,41,41590,2021-0,17,141,41172720, 내역_20210618
2826011600,28,28260,2021-0,2,19,2957220, 내역_20210618
4146125328,41,41461,2021-0,27,149,34557940, 내역_20210618
4136036026,41,41360,2021-0,3,11,3174180, 내역_20210618
4167038025,41,41670,2021-0,1,37,12073600, 내역_20210618
4150031031,41,41500,2021-0,14,103,25556440, 내역_20210618
4111314100,41,41113,2021-0,39,278,68291100, 내역_20210618
4150032022,41,41500,2021-0,6,93,21598080, 내역_20210618
4150036021,41,41500,2021-0,22,331,93208180, 내역_20210618
2824511100,28,28245,2021-0,18,186,44744320, 내역_20210618
4155011200,41,41550,2021-0,2,11,2175620, 내역_20210618
4163010800,41,41630,2021-0,107,1197,305307000, 내역_20210618
4139012200,41,41390,2021-0,31,292,71424000, 내역_20210618
4165034025,41,41650,2021-0,13,112,27647040, 내역_20210618
4136034026,41,41360,2021-0,55,803,189697920, 내역_20210618
4155025031,41,41550,2021-0,47,444,101938480, 내역_20210618
4165031027,41,41650,2021-0,25,250,57809340, 내역_20210618
2811014800,28,28110,2021-0,42,357,96519960, 내역_20210618
4167034033,41,41670,2021-0,13,107,28452420, 내역_20210618
2824510800,28,28245,2021-0,11,87,24124780, 내역_20210618
4119910100,41,41199,2021-0,8,148,37080020, 내역_20210618
4163011400,41,41630,2021-0,152,2240,720555780, 내역_20210618
4111113600,41,41111,2021-0,136,1938,494793120, 내역_20210618
4150025323,41,41500,2021-0,21,408,109285540, 내역_20210618
4165033028,41,41650,2021-0,33,389,94409840, 내역_20210618
2824512200,28,28245,2021-0,7,65,14956220, 내역_20210618
4159042033,41,41590,2021-0,42,656,162843520, 내역_20210618
4148032025,41,41480,2021-0,21,476,121716600, 내역_20210618
4165034021,41,41650,2021-0,29,492,121910440, 내역_20210618
4146133023,41,41461,2021-0,17,213,61802220, 내역_20210618
4159032024,41,41590,2021-0,10,61,15713640, 내역_20210618
2824512000,28,28245,2021-0,6,78,19201100, 내역_20210618
4150033025,41,41500,2021-0,57,723,198326360, 내역_20210618
4111314000,41,41113,2021-0,37,266,60684200, 내역_20210618
4155011800,41,41550,2021-0,45,889,199140820, 내역_20210618
4148010500,41,41480,2021-0,44,594,141434340, 내역_20210618
4148025025,41,41480,2021-0,11,227,55667640, 내역_20210618
4167033021,41,41670,2021-0,9,77,21151640, 내역_20210618
4150025328,41,41500,2021-0,30,283,82640040, 내역_20210618
2871031026,28,28710,2021-0,5,67,13382500, 내역_20210618
4161036022,41,41610,2021-0,3,17,3798840, 내역_20210618
4155013200,41,41550,2021-0,4,84,19646700, 내역_20210618
4167011200,41,41670,2021-0,26,606,125159000, 내역_20210618
2811010100,28,28110,2021-0,7,42,7529380, 내역_20210618
4159025631,41,41590,2021-0,44,582,146672660, 내역_20210618
4137011600,41,41370,2021-0,41,359,85346980, 내역_20210618
4182032526,41,41820,2021-0,5,58,15394300, 내역_20210618
4122033026,41,41220,2021-0,48,2655,822143360, 내역_20210618
4127110800,41,41271,2021-0,43,970,245683940, 내역_20210618
4159025630,41,41590,2021-0,47,13113,5798501380, 내역_20210618
4167025021,41,41670,2021-0,15,189,55680860, 내역_20210618
4167031021,41,41670,2021-0,19,296,81109900, 내역_20210618
4167036021,41,41670,2021-0,7,69,21578540, 내역_20210618
2872038021,28,28720,2021-0,14,117,23076160, 내역_20210618
4145011600,41,41450,2021-0,59,856,288416840, 내역_20210618
4183034024,41,41830,2021-0,14,123,20973920, 내역_20210618
4146125624,41,41461,2021-0,20,209,54863300, 내역_20210618
4167011100,41,41670,2021-0,14,102,21297400, 내역_20210618
4155031027,41,41550,2021-0,7,59,15020360, 내역_20210618
4122031023,41,41220,2021-0,23,375,97762780, 내역_20210618
4129011000,41,41290,2021-0,11,184,51125060, 내역_20210618
4155039030,41,41550,2021-0,6,55,17086800, 내역_20210618
4167035038,41,41670,2021-0,5,63,15610200, 내역_20210618
4159025336,41,41590,2021-0,20,197,49206560, 내역_20210618
4150038029,41,41500,2021-0,5,73,18196380, 내역_20210618
2811013400,28,28110,2021-0,24,214,39199260, 내역_20210618
4150035029,41,41500,2021-0,5,59,15151820, 내역_20210618
4167036023,41,41670,2021-0,34,692,236409660, 내역_20210618
4137012100,41,41370,2021-0,29,455,144419340, 내역_20210618
4159025941,41,41590,2021-0,23,307,78720500, 내역_20210618
4167032028,41,41670,2021-0,7,53,13054780, 내역_20210618
4111513600,41,41115,2021-0,43,2149,589774720, 내역_20210618
4155011700,41,41550,2021-0,10,398,109086340, 내역_20210618
1129011300,11,11290,2021-0,11,120,23829540, 내역_20210618
1129011000,11,11290,2021-0,6,63,12607440, 내역_20210618
4165037025,41,41650,2021-0,7,118,28265920, 내역_20210618
4155036027,41,41550,2021-0,7,66,15826060, 내역_20210618
4163010300,41,41630,2021-0,75,848,178384700, 내역_20210618
4165025023,41,41650,2021-0,16,78,18251320, 내역_20210618
4127111100,41,41271,2021-0,67,820,219590060, 내역_20210618
2824511300,28,28245,2021-0,19,152,36951200, 내역_20210618
4150032028,41,41500,2021-0,48,639,170158220, 내역_20210618
4182035021,41,41820,2021-0,3,56,12146300, 내역_20210618
4137010500,41,41370,2021-0,28,764,139492360, 내역_20210618
4111513400,41,41115,2021-0,41,300,61662120, 내역_20210618
4155036026,41,41550,2021-0,10,106,28361460, 내역_20210618
4150025021,41,41500,2021-0,15,228,74237300, 내역_20210618
4155040030,41,41550,2021-0,15,476,136177220, 내역_20210618
4159034032,41,41590,2021-0,49,591,169000780, 내역_20210618
4148039024,41,41480,2021-0,1,38,6940660, 내역_20210618
4159025928,41,41590,2021-0,13,97,25645880, 내역_20210618
4180032024,41,41800,2021-0,8,66,17709540, 내역_20210618
2871025027,28,28710,2021-0,16,206,70666420, 내역_20210618
4159010700,41,41590,2021-0,1,3,766240, 내역_20210618
4155034026,41,41550,2021-0,10,143,35236000, 내역_20210618
4148026223,41,41480,2021-0,27,216,48169780, 내역_20210618
4183036025,41,41830,2021-0,10,177,45298480, 내역_20210618
4159041023,41,41590,2021-0,58,593,128919700, 내역_20210618
4128111600,41,41281,2021-0,32,312,69825040, 내역_20210618
4150025024,41,41500,2021-0,6,42,12741480, 내역_20210618
4148037021,41,41480,2021-0,4,78,15235060, 내역_20210618
4119510700,41,41195,2021-0,4,553,65264040, 내역_20210618
4183031024,41,41830,2021-0,11,114,27750200, 내역_20210618
2824511400,28,28245,2021-0,20,159,38561160, 내역_20210618
4165025027,41,41650,2021-0,39,420,100221380, 내역_20210618
4150036025,41,41500,2021-0,14,132,34152200, 내역_20210618
4125011100,41,41250,2021-0,12,225,47965380, 내역_20210618
4183039530,41,41830,2021-0,4,33,5785880, 내역_20210618
4159040027,41,41590,2021-0,76,1934,624315760, 내역_20210618
4180031027,41,41800,2021-0,14,117,29982480, 내역_20210618
4161032023,41,41610,2021-0,1,5,1203540, 내역_20210618
4159036023,41,41590,2021-0,26,253,66226620, 내역_20210618
1129011600,11,11290,2021-0,21,120,26560380, 내역_20210618
4163010600,41,41630,2021-0,84,729,142741760, 내역_20210618
4122025924,41,41220,2021-0,43,379,90674280, 내역_20210618
1111014500,11,11110,2021-0,2,19,3108120, 내역_20210618
4137011100,41,41370,2021-0,114,1594,402961240, 내역_20210618
4136031024,41,41360,2021-0,1,6,1432780, 내역_20210618
4155031029,41,41550,2021-0,13,264,67762680, 내역_20210618
4167031025,41,41670,2021-0,4,67,11884140, 내역_20210618
4167032026,41,41670,2021-0,2,19,5803400, 내역_20210618
4180033024,41,41800,2021-0,2,79,27880900, 내역_20210618
4159031023,41,41590,2021-0,13,118,28181360, 내역_20210618
4150031023,41,41500,2021-0,12,104,23507960, 내역_20210618
4148025326,41,41480,2021-0,24,416,114027800, 내역_20210618
4165036026,41,41650,2021-0,15,217,67258140, 내역_20210618
4122011500,41,41220,2021-0,8,106,33979720, 내역_20210618
4122025023,41,41220,2021-0,40,2593,816910060, 내역_20210618
2811012900,28,28110,2021-0,5,25,6673320, 내역_20210618
4122031032,41,41220,2021-0,16,564,208694500, 내역_20210618
4122025028,41,41220,2021-0,6,30,7203780, 내역_20210618
4122025629,41,41220,2021-0,28,373,95186220, 내역_20210618
4157035030,41,41570,2021-0,63,937,266371380, 내역_20210618
4136034024,41,41360,2021-0,9,206,58075060, 내역_20210618
4122037025,41,41220,2021-0,11,123,37362620, 내역_20210618
4122034021,41,41220,2021-0,27,263,58006940, 내역_20210618
4122025625,41,41220,2021-0,18,121,31428640, 내역_20210618
4182025023,41,41820,2021-0,5,60,14448860, 내역_20210618
4183039529,41,41830,2021-0,7,71,17519980, 내역_20210618
4155036029,41,41550,2021-0,18,194,53831300, 내역_20210618
4159037025,41,41590,2021-0,34,431,117904280, 내역_20210618
4155012100,41,41550,2021-0,10,201,62533280, 내역_20210618
2811011600,28,28110,2021-0,2,100,28269540, 내역_20210618
4122036026,41,41220,2021-0,1,6,1486240, 내역_20210618
4180025326,41,41800,2021-0,15,124,27463680, 내역_20210618
4167011800,41,41670,2021-0,10,101,25049240, 내역_20210618
4113310800,41,41133,2021-0,18,413,91233660, 내역_20210618
4150032021,41,41500,2021-0,14,171,42283500, 내역_20210618
4183032023,41,41830,2021-0,2,18,4484120, 내역_20210618
4159026223,41,41590,2021-0,65,698,194621040, 내역_20210618
4165036024,41,41650,2021-0,10,84,21322660, 내역_20210618
4180025027,41,41800,2021-0,9,59,12659040, 내역_20210618
4150036029,41,41500,2021-0,7,633,184071600, 내역_20210618
4146134029,41,41461,2021-0,5,68,21425400, 내역_20210618
4148025630,41,41480,2021-0,14,295,76045120, 내역_20210618
4148037023,41,41480,2021-0,2,14,3465800, 내역_20210618
4122031028,41,41220,2021-0,9,71,18063380, 내역_20210618
4182034024,41,41820,2021-0,1,12,2976060, 내역_20210618
4167025033,41,41670,2021-0,5,76,20089580, 내역_20210618
2871032021,28,28710,2021-0,18,168,44613840, 내역_20210618
4183035028,41,41830,2021-0,6,46,10199280, 내역_20210618
4122037031,41,41220,2021-0,2,7,1798720, 내역_20210618
2871033022,28,28710,2021-0,4,50,12370140, 내역_20210618
4159013000,41,41590,2021-0,81,1273,339110400, 내역_20210618
4159025022,41,41590,2021-0,1,5,1474180, 내역_20210618
4183041021,41,41830,2021-0,11,99,24923500, 내역_20210618
4155041029,41,41550,2021-0,7,143,40951960, 내역_20210618
4155031030,41,41550,2021-0,4,18,3997480, 내역_20210618
4148038021,41,41480,2021-0,4,21,5160480, 내역_20210618
4119910500,41,41199,2021-0,4,38,9865640, 내역_20210618
4182034025,41,41820,2021-0,2,23,6381020, 내역_20210618
4150037031,41,41500,2021-0,19,230,68545420, 내역_20210618
4165032024,41,41650,2021-0,23,189,40218580, 내역_20210618
2871025023,28,28710,2021-0,8,64,15772320, 내역_20210618
2871032026,28,28710,2021-0,12,56,10950100, 내역_20210618
4119510300,41,41195,2021-0,6,176,41296680, 내역_20210618
4150034031,41,41500,2021-0,31,684,164620340, 내역_20210618
4159036036,41,41590,2021-0,50,703,192734560, 내역_20210618
4159025626,41,41590,2021-0,10,177,43741060, 내역_20210618
4146132025,41,41461,2021-0,14,221,60581580, 내역_20210618
4122025022,41,41220,2021-0,20,239,61852380, 내역_20210618
1144010600,11,11440,2021-0,8,39,9832240, 내역_20210618
4146134023,41,41461,2021-0,18,472,139091420, 내역_20210618
4157035026,41,41570,2021-0,3,10,2081560, 내역_20210618
4155035029,41,41550,2021-0,6,108,28483540, 내역_20210618
4159034022,41,41590,2021-0,13,148,33817600, 내역_20210618
4146110900,41,41461,2021-0,7,91,26610340, 내역_20210618
4139011700,41,41390,2021-0,5,43,8413040, 내역_20210618
4150025023,41,41500,2021-0,18,195,49748440, 내역_20210618
4165038021,41,41650,2021-0,9,152,43685780, 내역_20210618
4113511700,41,41135,2021-0,20,691,240913200, 내역_20210618
4180032025,41,41800,2021-0,3,66,11415000, 내역_20210618
2871039024,28,28710,2021-0,1,50,11908680, 내역_20210618
4113111000,41,41131,2021-0,14,124,33631880, 내역_20210618
4122025927,41,41220,2021-0,32,381,106959200, 내역_20210618
4182031035,41,41820,2021-0,2,44,12586200, 내역_20210618
4167025027,41,41670,2021-0,21,230,66560040, 내역_20210618
4155012000,41,41550,2021-0,8,123,33878940, 내역_20210618
4155031026,41,41550,2021-0,11,340,106214220, 내역_20210618
4167011300,41,41670,2021-0,8,103,28639940, 내역_20210618
4150036023,41,41500,2021-0,2,27,7538360, 내역_20210618
2871039021,28,28710,2021-0,3,19,3861020, 내역_20210618
4129010800,41,41290,2021-0,14,142,35847100, 내역_20210618
4167011600,41,41670,2021-0,5,30,6220020, 내역_20210618
4182033022,41,41820,2021-0,3,74,16769080, 내역_20210618
4183031021,41,41830,2021-0,13,141,34293420, 내역_20210618
4137011200,41,41370,2021-0,32,503,94071160, 내역_20210618
4122033027,41,41220,2021-0,16,120,24275000, 내역_20210618
4141010900,41,41410,2021-0,22,241,54152180, 내역_20210618
2872035022,28,28720,2021-0,11,90,12420900, 내역_20210618
4155039035,41,41550,2021-0,8,123,31712540, 내역_20210618
4183033027,41,41830,2021-0,3,16,3577720, 내역_20210618
4167031028,41,41670,2021-0,3,16,3553880, 내역_20210618
4136036023,41,41360,2021-0,3,41,7621240, 내역_20210618
4111512500,41,41115,2021-0,27,296,47585620, 내역_20210618
4146135026,41,41461,2021-0,7,71,19329240, 내역_20210618
4155025028,41,41550,2021-0,1,7,2084020, 내역_20210618
4157036023,41,41570,2021-0,16,147,37934660, 내역_20210618
4155011900,41,41550,2021-0,18,130,29929140, 내역_20210618
4155041022,41,41550,2021-0,4,53,9887700, 내역_20210618
1111017800,11,11110,2021-0,3,25,8701200, 내역_20210618
1117011600,11,11170,2021-0,4,35,8090780, 내역_20210618
4148025629,41,41480,2021-0,8,79,18206360, 내역_20210618
4122037024,41,41220,2021-0,2,23,7882140, 내역_20210618
4150025327,41,41500,2021-0,7,154,34861520, 내역_20210618
4122010500,41,41220,2021-0,33,296,81272520, 내역_20210618
4165038022,41,41650,2021-0,8,207,57265740, 내역_20210618
4183034021,41,41830,2021-0,19,124,26730040, 내역_20210618
4155042022,41,41550,2021-0,10,296,76355520, 내역_20210618
4155025025,41,41550,2021-0,60,684,166173620, 내역_20210618
4161025621,41,41610,2021-0,1,4,978900, 내역_20210618
4150031024,41,41500,2021-0,3,39,9633240, 내역_20210618
4127311500,41,41273,2021-0,26,204,46886240, 내역_20210618
2871032027,28,28710,2021-0,5,60,13712020, 내역_20210618
4167037021,41,41670,2021-0,21,224,51601860, 내역_20210618
1117012000,11,11170,2021-0,6,21,4860260, 내역_20210618
4148025030,41,41480,2021-0,23,199,50081760, 내역_20210618
2811013000,28,28110,2021-0,4,30,8868380, 내역_20210618
4155042026,41,41550,2021-0,12,135,37838060, 내역_20210618
2872031024,28,28720,2021-0,4,60,17043480, 내역_20210618
4161034021,41,41610,2021-0,8,70,22044440, 내역_20210618
4183037029,41,41830,2021-0,3,53,16972800, 내역_20210618
4159031025,41,41590,2021-0,17,114,28885440, 내역_20210618
4113110500,41,41131,2021-0,16,371,93650200, 내역_20210618
4159025923,41,41590,2021-0,8,81,19853360, 내역_20210618
4155025022,41,41550,2021-0,10,121,30881520, 내역_20210618
4159035029,41,41590,2021-0,23,170,45575640, 내역_20210618
4155034025,41,41550,2021-0,4,27,5862860, 내역_20210618
4150031026,41,41500,2021-0,19,163,42853920, 내역_20210618
4167037028,41,41670,2021-0,4,83,23199620, 내역_20210618
4159025323,41,41590,2021-0,59,603,161068540, 내역_20210618
4150033027,41,41500,2021-0,3,20,4746640, 내역_20210618
4163032029,41,41630,2021-0,25,254,60457200, 내역_20210618
4148037024,41,41480,2021-0,6,58,12248580, 내역_20210618
4150037032,41,41500,2021-0,21,224,60705600, 내역_20210618
4163010100,41,41630,2021-0,17,92,18266960, 내역_20210618
4119710400,41,41197,2021-0,4,196,25663780, 내역_20210618
4136025624,41,41360,2021-0,12,84,20887960, 내역_20210618
4148036028,41,41480,2021-0,12,120,29167180, 내역_20210618
4155040028,41,41550,2021-0,7,53,13826300, 내역_20210618
4182031022,41,41820,2021-0,6,37,9569660, 내역_20210618
4122025037,41,41220,2021-0,1,3,405520, 내역_20210618
2871032022,28,28710,2021-0,2,41,10566940, 내역_20210618
4183033029,41,41830,2021-0,18,149,36636100, 내역_20210618
2811014900,28,28110,2021-0,17,188,41073460, 내역_20210618
4183040029,41,41830,2021-0,3,38,7752840, 내역_20210618
4183025030,41,41830,2021-0,2,29,5781940, 내역_20210618
4159014000,41,41590,2021-0,36,364,103706320, 내역_20210618
1111010400,11,11110,2021-0,12,102,24241080, 내역_20210618
4146125622,41,41461,2021-0,3,12,3732880, 내역_20210618
4150033026,41,41500,2021-0,8,96,25605180, 내역_20210618
4148025024,41,41480,2021-0,4,53,8239300, 내역_20210618
4159025333,41,41590,2021-0,23,239,58231100, 내역_20210618
4146125623,41,41461,2021-0,16,90,24349860, 내역_20210618
4155013300,41,41550,2021-0,8,84,21243680, 내역_20210618
4180034021,41,41800,2021-0,2,9,2481020, 내역_20210618
4180031026,41,41800,2021-0,8,54,12752500, 내역_20210618
4137010700,41,41370,2021-0,44,431,100058060, 내역_20210618
4183041025,41,41830,2021-0,6,75,17758360, 내역_20210618
4150038026,41,41500,2021-0,3,77,14614720, 내역_20210618
4122025024,41,41220,2021-0,7,66,14964780, 내역_20210618
4155011400,41,41550,2021-0,18,137,26245180, 내역_20210618
4122035030,41,41220,2021-0,1,82,31014440, 내역_20210618
4167035034,41,41670,2021-0,7,71,14193000, 내역_20210618
4155040026,41,41550,2021-0,23,287,74053980, 내역_20210618
2811010900,28,28110,2021-0,23,285,68274100, 내역_20210618
2872036022,28,28720,2021-0,34,292,68989700, 내역_20210618
4165040024,41,41650,2021-0,7,89,22932400, 내역_20210618
1114016900,11,11140,2021-0,7,44,12101780, 내역_20210618
4136031022,41,41360,2021-0,7,42,10686460, 내역_20210618
4146134031,41,41461,2021-0,6,85,24280720, 내역_20210618
4161034022,41,41610,2021-0,16,92,19874940, 내역_20210618
4155039032,41,41550,2021-0,6,40,10045480, 내역_20210618
4122034024,41,41220,2021-0,11,86,27948180, 내역_20210618
4159025623,41,41590,2021-0,10,118,33712100, 내역_20210618
4122036024,41,41220,2021-0,1,3,849500, 내역_20210618
1129013000,11,11290,2021-0,14,375,87482980, 내역_20210618
4180034025,41,41800,2021-0,1,47,9134340, 내역_20210618
4155031033,41,41550,2021-0,10,128,29439140, 내역_20210618
2824512100,28,28245,2021-0,1,6,1335380, 내역_20210618
2871032023,28,28710,2021-0,2,10,1334040, 내역_20210618
4111513200,41,41115,2021-0,53,1158,363361700, 내역_20210618
4167033022,41,41670,2021-0,2,37,10006980, 내역_20210618
4167035022,41,41670,2021-0,1,8,2144680, 내역_20210618
4167031031,41,41670,2021-0,10,214,45087300, 내역_20210618
4150037028,41,41500,2021-0,5,42,8885680, 내역_20210618
4159013300,41,41590,2021-0,40,737,223809420, 내역_20210618
2871041025,28,28710,2021-0,6,76,17592900, 내역_20210618
4167031023,41,41670,2021-0,10,125,35032780, 내역_20210618
4183033022,41,41830,2021-0,12,191,49238720, 내역_20210618
4165037024,41,41650,2021-0,9,160,46069400, 내역_20210618
2824510900,28,28245,2021-0,23,358,82152360, 내역_20210618
2871033026,28,28710,2021-0,10,107,29066000, 내역_20210618
2817010600,28,28170,2021-0,4,65,13364380, 내역_20210618
4180033023,41,41800,2021-0,23,234,62274520, 내역_20210618
2811010600,28,28110,2021-0,5,54,15632100, 내역_20210618
2871039022,28,28710,2021-0,3,17,2911820, 내역_20210618
4146132030,41,41461,2021-0,21,183,49024720, 내역_20210618
4167031027,41,41670,2021-0,5,125,19655880, 내역_20210618
2811014200,28,28110,2021-0,2,11,1837780, 내역_20210618
4182035026,41,41820,2021-0,2,17,3169360, 내역_20210618
4183037027,41,41830,2021-0,2,46,9025920, 내역_20210618
4163034026,41,41630,2021-0,16,99,24382180, 내역_20210618
4150032024,41,41500,2021-0,20,190,46893800, 내역_20210618
2824510700,28,28245,2021-0,26,223,50928400, 내역_20210618
4122025027,41,41220,2021-0,14,103,24064940, 내역_20210618
4182034023,41,41820,2021-0,6,311,85056400, 내역_20210618
4119910400,41,41199,2021-0,1,10,2351320, 내역_20210618
4163010400,41,41630,2021-0,13,99,24788020, 내역_20210618
4167025023,41,41670,2021-0,24,263,64815800, 내역_20210618
4155040022,41,41550,2021-0,10,90,24397820, 내역_20210618
4155033033,41,41550,2021-0,5,110,25583100, 내역_20210618
4183038024,41,41830,2021-0,4,91,23281220, 내역_20210618
4165034027,41,41650,2021-0,1,63,17040800, 내역_20210618
4150032029,41,41500,2021-0,3,22,5595580, 내역_20210618
4167032025,41,41670,2021-0,5,28,7009840, 내역_20210618
2871031021,28,28710,2021-0,6,55,17014440, 내역_20210618
4167035033,41,41670,2021-0,5,27,8789720, 내역_20210618
4155033028,41,41550,2021-0,20,200,51682920, 내역_20210618
4111512100,41,41115,2021-0,7,64,15032000, 내역_20210618
4180035021,41,41800,2021-0,2,13,3069340, 내역_20210618
4125010800,41,41250,2021-0,9,77,19765380, 내역_20210618
4139012300,41,41390,2021-0,20,139,31797940, 내역_20210618
4122034029,41,41220,2021-0,6,73,16070340, 내역_20210618
4159025335,41,41590,2021-0,23,181,52044500, 내역_20210618
2817010900,28,28170,2021-0,1,3,659420, 내역_20210618
4183036023,41,41830,2021-0,3,15,2533280, 내역_20210618
4150032027,41,41500,2021-0,5,40,8777840, 내역_20210618
4167011000,41,41670,2021-0,4,1001,219437440, 내역_20210618
4183040023,41,41830,2021-0,2,37,7745220, 내역_20210618
4182031029,41,41820,2021-0,4,57,17325820, 내역_20210618
4161034027,41,41610,2021-0,2,12,2361400, 내역_20210618
4125010400,41,41250,2021-0,12,276,76363860, 내역_20210618
1129012100,11,11290,2021-0,8,98,20701560, 내역_20210618
4159037027,41,41590,2021-0,16,161,37203360, 내역_20210618
4122033029,41,41220,2021-0,425,16685,4842483080, 내역_20210618
2811010200,28,28110,2021-0,10,55,12139480, 내역_20210618
4155039021,41,41550,2021-0,6,341,109488520, 내역_20210618
4165034024,41,41650,2021-0,15,140,34925700, 내역_20210618
4182032525,41,41820,2021-0,2,9,2122200, 내역_20210618
4161034025,41,41610,2021-0,8,80,17620200, 내역_20210618
4182032527,41,41820,2021-0,6,30,6864360, 내역_20210618
2811010300,28,28110,2021-0,13,70,16652780, 내역_20210618
4167031035,41,41670,2021-0,7,77,18504760, 내역_20210618
4119710500,41,41197,2021-0,4,34,7164080, 내역_20210618
4183039524,41,41830,2021-0,2,8,1483000, 내역_20210618
4183031022,41,41830,2021-0,8,80,20468160, 내역_20210618
2872031021,28,28720,2021-0,4,24,2536960, 내역_20210618
4167032021,41,41670,2021-0,2,23,6147560, 내역_20210618
4150025325,41,41500,2021-0,4,17,3051940, 내역_20210618
4165039024,41,41650,2021-0,10,87,22406720, 내역_20210618
4137012200,41,41370,2021-0,12,384,84035820, 내역_20210618
4155032027,41,41550,2021-0,3,13,2975420, 내역_20210618
4155034024,41,41550,2021-0,3,16,3716960, 내역_20210618
4161025630,41,41610,2021-0,1,5,1315320, 내역_20210618
4115010800,41,41150,2021-0,6,93,21892360, 내역_20210618
4182025030,41,41820,2021-0,7,92,38146300, 내역_20210618
4163032023,41,41630,2021-0,1,25,6346680, 내역_20210618
4167037024,41,41670,2021-0,9,482,113144460, 내역_20210618
4161037021,41,41610,2021-0,3,11,2755220, 내역_20210618
4148031024,41,41480,2021-0,5,44,10288240, 내역_20210618
4155036033,41,41550,2021-0,5,59,17219440, 내역_20210618
4150034032,41,41500,2021-0,13,469,110723720, 내역_20210618
2811013100,28,28110,2021-0,4,284,80691120, 내역_20210618
4155034030,41,41550,2021-0,2,38,12648120, 내역_20210618
4183035021,41,41830,2021-0,20,125,27818840, 내역_20210618
2811010700,28,28110,2021-0,2,11,2978160, 내역_20210618
4159034026,41,41590,2021-0,20,198,52280680, 내역_20210618
4180032021,41,41800,2021-0,19,277,62101860, 내역_20210618
2811011500,28,28110,2021-0,2,97,23177240, 내역_20210618
2811011000,28,28110,2021-0,1,21,6426660, 내역_20210618
4159025621,41,41590,2021-0,5,43,11291040, 내역_20210618
2871031027,28,28710,2021-0,12,123,26744900, 내역_20210618
2817010300,28,28170,2021-0,4,60,13385820, 내역_20210618
2811010800,28,28110,2021-0,1,3,643480, 내역_20210618
2811010400,28,28110,2021-0,3,83,25360360, 내역_20210618
4119510900,41,41195,2021-0,17,178,46899320, 내역_20210618
4167036031,41,41670,2021-0,7,51,12379440, 내역_20210618
2871034022,28,28710,2021-0,10,69,15226860, 내역_20210618
4146125026,41,41461,2021-0,7,106,28622480, 내역_20210618
2872033023,28,28720,2021-0,9,46,11727100, 내역_20210618
2817010800,28,28170,2021-0,2,77,15925060, 내역_20210618
2817010200,28,28170,2021-0,1,26,5599280, 내역_20210618
2811011300,28,28110,2021-0,1,5,1217140, 내역_20210618
4161032036,41,41610,2021-0,2,148,48975900, 내역_20210618
2814010400,28,28140,2021-0,3,50,8027420, 내역_20210618
4167012000,41,41670,2021-0,26,234,50181820, 내역_20210618
2871040021,28,28710,2021-0,4,37,9729260, 내역_20210618
4157036025,41,41570,2021-0,10,119,30641360, 내역_20210618
2811011900,28,28110,2021-0,3,53,15217620, 내역_20210618
2872031022,28,28720,2021-0,4,29,5682400, 내역_20210618
2817010500,28,28170,2021-0,1,18,4635440, 내역_20210618
4146132027,41,41461,2021-0,7,144,35010420, 내역_20210618
2871037021,28,28710,2021-0,4,40,13244280, 내역_20210618
4167025024,41,41670,2021-0,7,91,22470940, 내역_20210618
4146125625,41,41461,2021-0,10,76,21917400, 내역_20210618
4122025036,41,41220,2021-0,2,12,2399460, 내역_20210618
2871025029,28,28710,2021-0,1,12,2254720, 내역_20210618
4167025037,41,41670,2021-0,8,60,12373380, 내역_20210618
4122025031,41,41220,2021-0,10,82,22937560, 내역_20210618
4155036034,41,41550,2021-0,3,17,3387800, 내역_20210618
4150011400,41,41500,2021-0,29,351,86096560, 내역_20210618
4183039521,41,41830,2021-0,8,127,38870800, 내역_20210618
4180031021,41,41800,2021-0,3,32,5861560, 내역_20210618
4165025025,41,41650,2021-0,3,253,47012780, 내역_20210618
4155031038,41,41550,2021-0,4,24,5800580, 내역_20210618
4165034030,41,41650,2021-0,2,39,10093720, 내역_20210618
4122037029,41,41220,2021-0,6,33,8630660, 내역_20210618
4180025328,41,41800,2021-0,6,67,16530980, 내역_20210618
4167032022,41,41670,2021-0,3,18,4322360, 내역_20210618
4165037026,41,41650,2021-0,10,113,26420040, 내역_20210618
2811012400,28,28110,2021-0,4,20,5383000, 내역_20210618
4137011500,41,41370,2021-0,11,550,150347900, 내역_20210618
4161033024,41,41610,2021-0,2,57,9445220, 내역_20210618
4148036024,41,41480,2021-0,9,69,15620480, 내역_20210618
4183033031,41,41830,2021-0,3,14,3330860, 내역_20210618
4111512000,41,41115,2021-0,4,45,11832820, 내역_20210618
4150025033,41,41500,2021-0,6,89,16136600, 내역_20210618
4155011100,41,41550,2021-0,1,4,810700, 내역_20210618
2872034021,28,28720,2021-0,7,51,7269940, 내역_20210618
4155033024,41,41550,2021-0,6,82,24007740, 내역_20210618
4161037025,41,41610,2021-0,3,339,105292600, 내역_20210618
4180038021,41,41800,2021-0,6,84,22150060, 내역_20210618
4157032026,41,41570,2021-0,1,17,3210520, 내역_20210618
4183039528,41,41830,2021-0,3,19,4695500, 내역_20210618
4137011700,41,41370,2021-0,5,58,14309460, 내역_20210618
4159010300,41,41590,2021-0,1,8,2811860, 내역_20210618
4111513000,41,41115,2021-0,9,133,32734020, 내역_20210618
4150031033,41,41500,2021-0,8,170,40927000, 내역_20210618
4182032524,41,41820,2021-0,16,121,23584780, 내역_20210618
4183039523,41,41830,2021-0,6,43,9564420, 내역_20210618
4183025029,41,41830,2021-0,5,37,8497280, 내역_20210618
4183031026,41,41830,2021-0,1,8,2036500, 내역_20210618
4155033025,41,41550,2021-0,2,25,6448300, 내역_20210618
4155012900,41,41550,2021-0,12,505,159178100, 내역_20210618
4155031031,41,41550,2021-0,8,52,11917800, 내역_20210618
4155034031,41,41550,2021-0,9,336,78053460, 내역_20210618
4155031023,41,41550,2021-0,7,135,40975280, 내역_20210618
4146135025,41,41461,2021-0,8,75,20843660, 내역_20210618
4159042031,41,41590,2021-0,4,577,199315700, 내역_20210618
4161036024,41,41610,2021-0,1,12,2378560, 내역_20210618
4155040027,41,41550,2021-0,4,32,7644100, 내역_20210618
4182033024,41,41820,2021-0,5,31,6633660, 내역_20210618
4157034032,41,41570,2021-0,2,19,5242000, 내역_20210618
2811013900,28,28110,2021-0,2,84,20677320, 내역_20210618
4119910300,41,41199,2021-0,1,13,3078860, 내역_20210618
4127311300,41,41273,2021-0,7,73,17915680, 내역_20210618
4183039527,41,41830,2021-0,4,40,8536040, 내역_20210618
4155039028,41,41550,2021-0,11,209,67631440, 내역_20210618
4165039025,41,41650,2021-0,4,20,4732000, 내역_20210618
4155010500,41,41550,2021-0,4,65,14457240, 내역_20210618
4150025028,41,41500,2021-0,7,57,16268840, 내역_20210618
4122036023,41,41220,2021-0,2,27,7190920, 내역_20210618
4167031029,41,41670,2021-0,2,45,14574140, 내역_20210618
4155039022,41,41550,2021-0,6,48,12531000, 내역_20210618
4167031024,41,41670,2021-0,4,61,17880640, 내역_20210618
4182025031,41,41820,2021-0,2,14,3797240, 내역_20210618
4155033021,41,41550,2021-0,1,8,1928320, 내역_20210618
4146134026,41,41461,2021-0,11,117,27916360, 내역_20210618
4165040023,41,41650,2021-0,5,36,6947080, 내역_20210618
4182033030,41,41820,2021-0,2,14,3057260, 내역_20210618
4155036035,41,41550,2021-0,8,166,50870020, 내역_20210618
4155033027,41,41550,2021-0,6,89,30927120, 내역_20210618
4159025624,41,41590,2021-0,6,40,9816660, 내역_20210618
4180025023,41,41800,2021-0,1,7,1207040, 내역_20210618
2811012000,28,28110,2021-0,2,28,5819340, 내역_20210618
4155010200,41,41550,2021-0,6,103,15071520, 내역_20210618
2811014400,28,28110,2021-0,7,57,8773380, 내역_20210618
4127311000,41,41273,2021-0,10,79,20431020, 내역_20210618
4167034024,41,41670,2021-0,1,7,1456720, 내역_20210618
4111313000,41,41113,2021-0,9,146,37039420, 내역_20210618
4161035021,41,41610,2021-0,2,8,1544740, 내역_20210618
4159034025,41,41590,2021-0,13,69,19491800, 내역_20210618
4167032034,41,41670,2021-0,6,64,16298240, 내역_20210618
4167032030,41,41670,2021-0,5,30,7700060, 내역_20210618
4119910200,41,41199,2021-0,2,30,6649920, 내역_20210618
4183041033,41,41830,2021-0,1,7,887120, 내역_20210618
4136034022,41,41360,2021-0,9,159,34050760, 내역_20210618
4159010800,41,41590,2021-0,1,3,552600, 내역_20210618
4182035028,41,41820,2021-0,5,32,6637020, 내역_20210618
4183038028,41,41830,2021-0,2,12,3470340, 내역_20210618
4148037025,41,41480,2021-0,3,17,4097920, 내역_20210618
4150031025,41,41500,2021-0,5,35,9464140, 내역_20210618
4167034031,41,41670,2021-0,6,168,53680620, 내역_20210618
4157010800,41,41570,2021-0,51,381,91148540, 내역_20210618
4183035027,41,41830,2021-0,1,3,653940, 내역_20210618
4183035025,41,41830,2021-0,5,27,6463180, 내역_20210618
4183036029,41,41830,2021-0,3,10,2709700, 내역_20210618
4161034030,41,41610,2021-0,2,13,4021880, 내역_20210618
1150011200,11,11500,2021-0,5,64,16753480, 내역_20210618
4155035021,41,41550,2021-0,3,40,8442320, 내역_20210618
4155041021,41,41550,2021-0,4,22,7365300, 내역_20210618
4150036030,41,41500,2021-0,5,113,29013340, 내역_20210618
4165034032,41,41650,2021-0,2,20,3618120, 내역_20210618
4167034026,41,41670,2021-0,2,22,6252040, 내역_20210618
4122025034,41,41220,2021-0,4,18,5239840, 내역_20210618
4180025323,41,41800,2021-0,3,32,7259160, 내역_20210618
4165035026,41,41650,2021-0,2,29,7831700, 내역_20210618
4146135028,41,41461,2021-0,4,143,43229280, 내역_20210618
4167033031,41,41670,2021-0,1,5,1087880, 내역_20210618
4148011400,41,41480,2021-0,18,89,22988280, 내역_20210618
4150035030,41,41500,2021-0,2,17,4552320, 내역_20210618
4163032022,41,41630,2021-0,4,56,14611420, 내역_20210618
4182031023,41,41820,2021-0,8,73,18515140, 내역_20210618
4182034026,41,41820,2021-0,1,14,3784100, 내역_20210618
4111113900,41,41111,2021-0,9,329,86805640, 내역_20210618
4128510800,41,41285,2021-0,9,76,18581500, 내역_20210618
4159035032,41,41590,2021-0,10,170,49545820, 내역_20210618
4183038022,41,41830,2021-0,2,27,4605720, 내역_20210618
4161037022,41,41610,2021-0,8,60,15377920, 내역_20210618
4183040033,41,41830,2021-0,5,22,4257460, 내역_20210618
4167037022,41,41670,2021-0,3,33,8540700, 내역_20210618
4143011100,41,41430,2021-0,18,89,22048340, 내역_20210618
4122032028,41,41220,2021-0,4,64,16326460, 내역_20210618
4150025025,41,41500,2021-0,8,58,13123680, 내역_20210618
4167035025,41,41670,2021-0,3,29,7945940, 내역_20210618
2871037022,28,28710,2021-0,2,10,1423520, 내역_20210618
4161025636,41,41610,2021-0,1,7,1899420, 내역_20210618
4183025024,41,41830,2021-0,6,47,6800280, 내역_20210618
4113511800,41,41135,2021-0,2,50,13431560, 내역_20210618
4122037022,41,41220,2021-0,3,33,7524140, 내역_20210618
2811013500,28,28110,2021-0,4,18,2895240, 내역_20210618
4155042021,41,41550,2021-0,2,16,3783700, 내역_20210618
4143010600,41,41430,2021-0,50,495,140087560, 내역_20210618
4136037021,41,41360,2021-0,1,36,7610560, 내역_20210618
4165034029,41,41650,2021-0,4,42,9972640, 내역_20210618
2871038025,28,28710,2021-0,4,52,15527760, 내역_20210618
4180032023,41,41800,2021-0,3,91,25000680, 내역_20210618
4183035023,41,41830,2021-0,3,15,3181520, 내역_20210618
4183039522,41,41830,2021-0,2,36,8227720, 내역_20210618
2871039025,28,28710,2021-0,1,4,634560, 내역_20210618
4150036031,41,41500,2021-0,8,281,76371340, 내역_20210618
4163034022,41,41630,2021-0,9,53,12709320, 내역_20210618
4115011200,41,41150,2021-0,39,358,95839100, 내역_20210618
4155034027,41,41550,2021-0,3,19,4011940, 내역_20210618
4167034000,41,41670,2021-0,1,4,1255040, 내역_20210618
4150032032,41,41500,2021-0,6,67,17415120, 내역_20210618
1141011500,11,11410,2021-0,2,6,701000, 내역_20210618
4180031023,41,41800,2021-0,2,43,15345040, 내역_20210618
4111512400,41,41115,2021-0,3,9,1304360, 내역_20210618
4122033028,41,41220,2021-0,36,435,101067720, 내역_20210618
4167031030,41,41670,2021-0,8,260,99010160, 내역_20210618
4183038027,41,41830,2021-0,4,111,30697780, 내역_20210618
4167010600,41,41670,2021-0,1,8,2630320, 내역_20210618
4159013200,41,41590,2021-0,6,162,41330740, 내역_20210618
4182034022,41,41820,2021-0,1,5,1423340, 내역_20210618
4167034025,41,41670,2021-0,2,85,32818660, 내역_20210618
4122025035,41,41220,2021-0,6,35,8293260, 내역_20210618
4155033023,41,41550,2021-0,17,294,74689460, 내역_20210618
4111512600,41,41115,2021-0,12,68,13519220, 내역_20210618
4159010600,41,41590,2021-0,1,7,1999120, 내역_20210618
4122025040,41,41220,2021-0,3,26,9086480, 내역_20210618
4159042027,41,41590,2021-0,1,98,24865880, 내역_20210618
4122025039,41,41220,2021-0,2,27,7609840, 내역_20210618
4111512300,41,41115,2021-0,7,219,60706240, 내역_20210618
4159036035,41,41590,2021-0,6,30,7485840, 내역_20210618
4159042025,41,41590,2021-0,2,174,41879240, 내역_20210618
4146125929,41,41461,2021-0,4,89,30504420, 내역_20210618
4119510200,41,41195,2021-0,4,36,8066620, 내역_20210618
4165036025,41,41650,2021-0,1,9,1790180, 내역_20210618
2871036023,28,28710,2021-0,6,52,13548500, 내역_20210618
4165040021,41,41650,2021-0,1,9,1907680, 내역_20210618
4119910600,41,41199,2021-0,2,156,46696160, 내역_20210618
4150034029,41,41500,2021-0,8,256,80619140, 내역_20210618
4167033024,41,41670,2021-0,1,27,7681940, 내역_20210618
4128310200,41,41283,2021-0,1,3,672920, 내역_20210618
4119510500,41,41195,2021-0,2,33,7503620, 내역_20210618
4183034022,41,41830,2021-0,9,57,14469620, 내역_20210618
4182034523,41,41820,2021-0,3,69,18621260, 내역_20210618
4165025024,41,41650,2021-0,7,67,14243240, 내역_20210618
4180025028,41,41800,2021-0,3,20,4821600, 내역_20210618
4165040025,41,41650,2021-0,1,5,659680, 내역_20210618
4167038022,41,41670,2021-0,7,71,17575580, 내역_20210618
4167036029,41,41670,2021-0,1,75,24693400, 내역_20210618
4136034023,41,41360,2021-0,7,101,24507500, 내역_20210618
4150025030,41,41500,2021-0,5,48,13107000, 내역_20210618
4155034034,41,41550,2021-0,7,50,11925140, 내역_20210618
4167037029,41,41670,2021-0,5,96,26492100, 내역_20210618
4157035029,41,41570,2021-0,1,3,801080, 내역_20210618
4141010600,41,41410,2021-0,5,38,10090820, 내역_20210618
4150037026,41,41500,2021-0,4,23,5923720, 내역_20210618
4150037023,41,41500,2021-0,2,11,2527020, 내역_20210618
4183040030,41,41830,2021-0,2,23,4744020, 내역_20210618
4155013000,41,41550,2021-0,5,980,317033840, 내역_20210618
4183036021,41,41830,2021-0,3,28,6822360, 내역_20210618
4167025029,41,41670,2021-0,2,17,3941560, 내역_20210618
4155039031,41,41550,2021-0,12,124,37282320, 내역_20210618
4183039028,41,41830,2021-0,1,12,2278860, 내역_20210618
4180034023,41,41800,2021-0,4,21,4901660, 내역_20210618
4180033026,41,41800,2021-0,1,53,14644220, 내역_20210618
4161025633,41,41610,2021-0,1,3,775420, 내역_20210618
4146125931,41,41461,2021-0,3,33,5870980, 내역_20210618
4167025034,41,41670,2021-0,2,15,3859260, 내역_20210618
4180034024,41,41800,2021-0,3,14,3715980, 내역_20210618
4155031036,41,41550,2021-0,2,31,7880200, 내역_20210618
2811015100,28,28110,2021-0,9,103,23977980, 내역_20210618
1111010300,11,11110,2021-0,3,65,13325180, 내역_20210618
2872035023,28,28720,2021-0,1,9,1649600, 내역_20210618
4122032029,41,41220,2021-0,6,35,8523540, 내역_20210618
4159026235,41,41590,2021-0,2,7,1650660, 내역_20210618
1156013100,11,11560,2021-0,7,64,18890320, 내역_20210618
4161035024,41,41610,2021-0,2,14,3022620, 내역_20210618
2871034021,28,28710,2021-0,6,30,6510700, 내역_20210618
4155039024,41,41550,2021-0,7,45,13099480, 내역_20210618
4119510600,41,41195,2021-0,1,5,1240640, 내역_20210618
4159010100,41,41590,2021-0,1,7,979340, 내역_20210618
4161025931,41,41610,2021-0,4,20,5671240, 내역_20210618
4161037023,41,41610,2021-0,5,47,9042300, 내역_20210618
2872036023,28,28720,2021-0,9,35,7878860, 내역_20210618
2871035024,28,28710,2021-0,4,61,11026220, 내역_20210618
4155034028,41,41550,2021-0,1,7,2399740, 내역_20210618
4150038028,41,41500,2021-0,2,21,4996180, 내역_20210618
4122035032,41,41220,2021-0,2,20,6329340, 내역_20210618
4165039026,41,41650,2021-0,2,11,2553280, 내역_20210618
2871037025,28,28710,2021-0,1,11,1738920, 내역_20210618
4182034526,41,41820,2021-0,3,30,6502400, 내역_20210618
4148037034,41,41480,2021-0,1,54,11186240, 내역_20210618
4155032034,41,41550,2021-0,3,18,3766440, 내역_20210618
4122032027,41,41220,2021-0,8,90,26073060, 내역_20210618
4137012300,41,41370,2021-0,8,48,10893960, 내역_20210618
4182025024,41,41820,2021-0,4,16,2766580, 내역_20210618
2871039026,28,28710,2021-0,5,39,8429640, 내역_20210618
4155032033,41,41550,2021-0,2,10,1620140, 내역_20210618
4146134032,41,41461,2021-0,5,43,9328520, 내역_20210618
4180035022,41,41800,2021-0,2,13,3523300, 내역_20210618
4146134030,41,41461,2021-0,8,89,25928020, 내역_20210618
4157032025,41,41570,2021-0,1,8,1815160, 내역_20210618
4122037026,41,41220,2021-0,5,60,16838520, 내역_20210618
4128112100,41,41281,2021-0,14,113,30147560, 내역_20210618
4163034024,41,41630,2021-0,5,53,12062700, 내역_20210618
2871031022,28,28710,2021-0,4,36,10083520, 내역_20210618
4146136026,41,41461,2021-0,6,72,16082940, 내역_20210618
4146125926,41,41461,2021-0,4,22,6784940, 내역_20210618
2824511600,28,28245,2021-0,14,85,20413760, 내역_20210618
4183025023,41,41830,2021-0,5,28,6441860, 내역_20210618
4183039526,41,41830,2021-0,2,13,2186400, 내역_20210618
2871036025,28,28710,2021-0,1,3,474920, 내역_20210618
4150025334,41,41500,2021-0,8,40,10256180, 내역_20210618
4155034036,41,41550,2021-0,1,8,2157620, 내역_20210618
4167036034,41,41670,2021-0,1,10,2077820, 내역_20210618
2824511800,28,28245,2021-0,6,29,5318000, 내역_20210618
4183037023,41,41830,2021-0,5,74,21017820, 내역_20210618
4163025027,41,41630,2021-0,6,62,12614340, 내역_20210618
4150025032,41,41500,2021-0,4,111,29199360, 내역_20210618
4183037024,41,41830,2021-0,2,23,6419060, 내역_20210618
4183040025,41,41830,2021-0,1,4,701100, 내역_20210618
4146125627,41,41461,2021-0,6,34,8357780, 내역_20210618
4182031031,41,41820,2021-0,1,4,784980, 내역_20210618
1117010300,11,11170,2021-0,1,5,1294740, 내역_20210618
4180038023,41,41800,2021-0,2,40,6939760, 내역_20210618
2871038024,28,28710,2021-0,4,29,8105920, 내역_20210618
2811014000,28,28110,2021-0,4,35,8112900, 내역_20210618
4180025026,41,41800,2021-0,1,43,9288380, 내역_20210618
4183033030,41,41830,2021-0,1,27,5900160, 내역_20210618
4150025026,41,41500,2021-0,1,3,676780, 내역_20210618
4161034024,41,41610,2021-0,2,8,1520600, 내역_20210618
4182035025,41,41820,2021-0,2,19,3125760, 내역_20210618
4128111500,41,41281,2021-0,2,9,1746800, 내역_20210618
4161036025,41,41610,2021-0,1,4,981340, 내역_20210618
4182034527,41,41820,2021-0,3,10,3150880, 내역_20210618
4167036025,41,41670,2021-0,2,15,3649120, 내역_20210618
4155031034,41,41550,2021-0,3,15,3269620, 내역_20210618
4113511600,41,41135,2021-0,71,551,166486720, 내역_20210618
4148037028,41,41480,2021-0,2,12,2319640, 내역_20210618
4150038025,41,41500,2021-0,2,46,9995280, 내역_20210618
4183040022,41,41830,2021-0,7,91,19731840, 내역_20210618
4180025024,41,41800,2021-0,2,6,897920, 내역_20210618
4183041026,41,41830,2021-0,3,23,5272980, 내역_20210618
4182031032,41,41820,2021-0,8,74,16648000, 내역_20210618
4150034033,41,41500,2021-0,2,8,1681180, 내역_20210618
4111512700,41,41115,2021-0,7,67,13653120, 내역_20210618
4119910800,41,41199,2021-0,9,69,18072980, 내역_20210618
4150033028,41,41500,2021-0,2,10,3079860, 내역_20210618
4159035028,41,41590,2021-0,2,10,2928560, 내역_20210618
1144011600,11,11440,2021-0,1,26,6647960, 내역_20210618
4122034027,41,41220,2021-0,4,50,12949820, 내역_20210618
2826010200,28,28260,2021-0,1,12,2648900, 내역_20210618
4157036026,41,41570,2021-0,3,11,2511740, 내역_20210618
4145011200,41,41450,2021-0,14,157,38817080, 내역_20210618
4165034031,41,41650,2021-0,2,7,1482100, 내역_20210618
4150025022,41,41500,2021-0,3,23,5206380, 내역_20210618
4180034028,41,41800,2021-0,1,4,733580, 내역_20210618
4165040022,41,41650,2021-0,2,33,10990140, 내역_20210618
4167037026,41,41670,2021-0,1,3,869480, 내역_20210618
4122035021,41,41220,2021-0,2,10,1993000, 내역_20210618
4180025325,41,41800,2021-0,2,34,6058120, 내역_20210618
4161034029,41,41610,2021-0,3,16,3376620, 내역_20210618
2871033023,28,28710,2021-0,1,3,587320, 내역_20210618
4119910700,41,41199,2021-0,5,47,11718140, 내역_20210618
4119710200,41,41197,2021-0,1,5,1305540, 내역_20210618
4159026231,41,41590,2021-0,3,10,2421060, 내역_20210618
4119710600,41,41197,2021-0,1,3,1041740, 내역_20210618
4183041024,41,41830,2021-0,3,18,3431720, 내역_20210618
4122037032,41,41220,2021-0,1,4,789480, 내역_20210618
4155025027,41,41550,2021-0,3,14,2946600, 내역_20210618
4180031024,41,41800,2021-0,2,13,3829300, 내역_20210618
4159013400,41,41590,2021-0,22,334,78285780, 내역_20210618
4122035026,41,41220,2021-0,1,4,1191320, 내역_20210618
4150035032,41,41500,2021-0,2,21,3940780, 내역_20210618
4183040031,41,41830,2021-0,2,17,2843180, 내역_20210618
4122025033,41,41220,2021-0,1,30,5560800, 내역_20210618
4155010600,41,41550,2021-0,2,7,1577140, 내역_20210618
4159013700,41,41590,2021-0,30,492,146049780, 내역_20210618
4150038027,41,41500,2021-0,1,3,683360, 내역_20210618
2871034029,28,28710,2021-0,1,9,2409060, 내역_20210618
4119510100,41,41195,2021-0,1,10,777660, 내역_20210618
4163032030,41,41630,2021-0,1,6,1536900, 내역_20210618
2871032024,28,28710,2021-0,3,31,5502400, 내역_20210618
2871040028,28,28710,2021-0,1,4,666000, 내역_20210618
4183037025,41,41830,2021-0,2,28,6697900, 내역_20210618
2811015200,28,28110,2021-0,2,22,7283500, 내역_20210618
4155042027,41,41550,2021-0,1,3,607480, 내역_20210618
4122035024,41,41220,2021-0,1,3,694780, 내역_20210618
4122035029,41,41220,2021-0,1,10,2026420, 내역_20210618
4182033025,41,41820,2021-0,4,53,11321480, 내역_20210618
4122037028,41,41220,2021-0,4,55,16502800, 내역_20210618
4180035023,41,41800,2021-0,1,4,1033720, 내역_20210618
4122031025,41,41220,2021-0,2,29,6598660, 내역_20210618
4122025042,41,41220,2021-0,1,8,1240820, 내역_20210618
4155036024,41,41550,2021-0,1,5,792000, 내역_20210618
4180031025,41,41800,2021-0,1,3,416680, 내역_20210618
4159042029,41,41590,2021-0,2,50,12403540, 내역_20210618
2871034027,28,28710,2021-0,2,14,2779000, 내역_20210618
4122034022,41,41220,2021-0,4,21,4922700, 내역_20210618
4167035036,41,41670,2021-0,2,11,3039080, 내역_20210618
4122025032,41,41220,2021-0,10,74,23791360, 내역_20210618
4167036030,41,41670,2021-0,2,12,2420320, 내역_20210618
4155033022,41,41550,2021-0,1,11,2935800, 내역_20210618
4146125930,41,41461,2021-0,4,17,4570320, 내역_20210618
4182033027,41,41820,2021-0,2,10,2406240, 내역_20210618
2871034024,28,28710,2021-0,1,16,1806960, 내역_20210618
4182031030,41,41820,2021-0,1,3,1035180, 내역_20210618
4167034027,41,41670,2021-0,1,14,3782740, 내역_20210618
4159034028,41,41590,2021-0,1,5,1363760, 내역_20210618
4136026222,41,41360,2021-0,1,3,447480, 내역_20210618
2871036022,28,28710,2021-0,2,7,1432660, 내역_20210618
4122033031,41,41220,2021-0,45,660,226453200, 내역_20210618
4182034528,41,41820,2021-0,2,13,2497700, 내역_20210618
4159042028,41,41590,2021-0,4,54,13247740, 내역_20210618
4159025940,41,41590,2021-0,6,61,24671540, 내역_20210618
4182035027,41,41820,2021-0,2,7,1179800, 내역_20210618
4165031025,41,41650,2021-0,1,6,1053260, 내역_20210618
4180025029,41,41800,2021-0,1,7,1383020, 내역_20210618
4161035023,41,41610,2021-0,1,3,673740, 내역_20210618
4155036030,41,41550,2021-0,1,7,1783420, 내역_20210618
4183035024,41,41830,2021-0,1,3,583180, 내역_20210618
4183041031,41,41830,2021-0,2,6,926520, 내역_20210618
4122025025,41,41220,2021-0,1,6,1036260, 내역_20210618
4111113800,41,41111,2021-0,4,30,6280900, 내역_20210618
4122037023,41,41220,2021-0,2,12,3353020, 내역_20210618
4146125927,41,41461,2021-0,2,9,1623040, 내역_20210618
4145010400,41,41450,2021-0,2,10,2736260, 내역_20210618
4159026230,41,41590,2021-0,1,3,121040, 내역_20210618
4182031028,41,41820,2021-0,3,17,3772960, 내역_20210618
4137011900,41,41370,2021-0,10,66,20834380, 내역_20210618
4183031025,41,41830,2021-0,1,5,854520, 내역_20210618
4146125925,41,41461,2021-0,2,10,2552200, 내역_20210618
4183033025,41,41830,2021-0,3,53,15443460, 내역_20210618
4183040028,41,41830,2021-0,2,8,1980160, 내역_20210618
4183038023,41,41830,2021-0,1,10,1785580, 내역_20210618
4180036023,41,41800,2021-0,3,20,4245160, 내역_20210618
4167031034,41,41670,2021-0,1,3,428220, 내역_20210618
4146125924,41,41461,2021-0,1,3,680120, 내역_20210618
4119011600,41,41190,2021-0,10,91,22404800, 내역_20210618
4167038024,41,41670,2021-0,2,6,1231460, 내역_20210618
2871041024,28,28710,2021-0,3,17,4068420, 내역_20210618
4155032032,41,41550,2021-0,1,3,1116080, 내역_20210618
4167036026,41,41670,2021-0,1,4,799720, 내역_20210618
4150038030,41,41500,2021-0,1,8,1898500, 내역_20210618
1111017900,11,11110,2021-0,2,31,6405840, 내역_20210618
4167033026,41,41670,2021-0,2,57,9580880, 내역_20210618
4155039023,41,41550,2021-0,1,6,1777640, 내역_20210618
4150025031,41,41500,2021-0,1,16,3055080, 내역_20210618
4167033030,41,41670,2021-0,2,10,1919860, 내역_20210618
4159035026,41,41590,2021-0,1,12,2673120, 내역_20210618
4182031024,41,41820,2021-0,1,14,3776360, 내역_20210618
4183036026,41,41830,2021-0,1,3,468900, 내역_20210618
4183041032,41,41830,2021-0,1,5,837000, 내역_20210618
4159032023,41,41590,2021-0,4,16,5995340, 내역_20210618
4183040032,41,41830,2021-0,1,5,905640, 내역_20210618
4159026232,41,41590,2021-0,18,111,35710080, 내역_20210618
4122032026,41,41220,2021-0,1,4,902320, 내역_20210618
4136036021,41,41360,2021-0,2,22,6029840, 내역_20210618
4161025331,41,41610,2021-0,1,5,1174400, 내역_20210618
4122025030,41,41220,2021-0,1,3,1190700, 내역_20210618
1114017200,11,11140,2021-0,1,13,2695800, 내역_20210618
4167036032,41,41670,2021-0,2,83,21512960, 내역_20210618
4155032030,41,41550,2021-0,1,4,1440000, 내역_20210618
4125010500,41,41250,2021-0,3,21,6556460, 내역_20210618
4146125923,41,41461,2021-0,5,33,8220840, 내역_20210618
4182031026,41,41820,2021-0,1,3,430540, 내역_20210618
4155031037,41,41550,2021-0,9,73,22166500, 내역_20210618
2811014100,28,28110,2021-0,3,28,9558760, 내역_20210618
4161037028,41,41610,2021-0,1,4,684000, 내역_20210618
2872031023,28,28720,2021-0,5,19,5621560, 내역_20210618
4148040021,41,41480,2021-0,1,9,2629160, 내역_20210618
4155032023,41,41550,2021-0,2,55,17341040, 내역_20210618
4167035031,41,41670,2021-0,1,7,1503880, 내역_20210618
2872033024,28,28720,2021-0,1,4,1216860, 내역_20210618
4122033030,41,41220,2021-0,25,251,68653140, 내역_20210618
4122025043,41,41220,2021-0,1,5,1002100, 내역_20210618
4180034022,41,41800,2021-0,4,29,5973780, 내역_20210618
4167036028,41,41670,2021-0,1,3,504000, 내역_20210618
4159025322,41,41590,2021-0,14,266,97205880, 내역_20210618
2871040022,28,28710,2021-0,1,4,1307960, 내역_20210618
4155032029,41,41550,2021-0,1,6,1161000, 내역_20210618
4167036027,41,41670,2021-0,2,6,1352700, 내역_20210618
4182025034,41,41820,2021-0,3,13,2853000, 내역_20210618
4182025033,41,41820,2021-0,4,42,9650720, 내역_20210618
4155032028,41,41550,2021-0,1,3,955340, 내역_20210618
4148039021,41,41480,2021-0,2,6,1830860, 내역_20210618
4167038027,41,41670,2021-0,2,9,1737000, 내역_20210618
2871034026,28,28710,2021-0,1,6,1840500, 내역_20210618
4182034522,41,41820,2021-0,1,4,972000, 내역_20210618
4148037032,41,41480,2021-0,1,4,1310400, 내역_20210618
2871040025,28,28710,2021-0,2,9,3454100, 내역_20210618
4182035024,41,41820,2021-0,3,12,4503580, 내역_20210618
4146125921,41,41461,2021-0,5,48,7258860, 내역_20210618
4167038023,41,41670,2021-0,2,22,5119100, 내역_20210618
2872037022,28,28720,2021-0,1,0,0, 내역_20210618
4183041023,41,41830,2021-0,1,3,738000, 내역_20210618
2871036024,28,28710,2021-0,1,4,961640, 내역_20210618
4161037027,41,41610,2021-0,1,4,1398600, 내역_20210618
2871034023,28,28710,2021-0,1,3,413000, 내역_20210618
2871035026,28,28710,2021-0,1,4,1091060, 내역_20210618
4150037027,41,41500,2021-0,3,24,9230840, 내역_20210618
2871037027,28,28710,2021-0,2,7,1121400, 내역_20210618
4111513100,41,41115,2021-0,3,15,2398500, 내역_20210618
4159026233,41,41590,2021-0,6,47,15633740, 내역_20210618
2872035021,28,28720,2021-0,1,6,1390220, 내역_20210618
2871039027,28,28710,2021-0,1,9,701560, 내역_20210618
2823700200,28,28237,2021-0,1,10,2287800, 내역_20210618
4148025628,41,41480,2021-0,1,6,2656800, 내역_20210618
2871037024,28,28710,2021-0,1,14,2620800, 내역_20210618
4182035023,41,41820,2021-0,1,9,2020040, 내역_20210618
2871041026,28,28710,2021-0,1,3,767240, 내역_20210618
1156013400,11,11560,2021-0,1,5,955420, 내역_20210618
4146125922,41,41461,2021-0,4,25,9020220, 내역_20210618
4183036024,41,41830,2021-0,1,4,926100, 내역_20210618
4161035025,41,41610,2021-0,1,3,810440, 내역_20210618
4155041025,41,41550,2021-0,1,3,720000, 내역_20210618
4182025032,41,41820,2021-0,1,6,1584860, 내역_20210618
4180035024,41,41800,2021-0,1,3,742500, 내역_20210618
4165035025,41,41650,2021-0,1,6,1627100, 내역_20210618
4113111400,41,41131,2021-0,1,5,1955240, 내역_20210618
4167010500,41,41670,2021-0,1,4,1304540, 내역_20210618
1141010400,11,11410,2018-0,38,4374,1461339160, 내역 2018년 6월
1168010100,11,11680,2018-0,5896,189528,49979575000, 내역 2018년 6월
1168010400,11,11680,2018-0,1159,33754,8745695260, 내역 2018년 6월
1114012500,11,11140,2018-0,145,10501,1829544700, 내역 2018년 6월
1114011700,11,11140,2018-0,59,7523,2133196900, 내역 2018년 6월
1117010100,11,11170,2018-0,97,1408,347422340, 내역 2018년 6월
1111012400,11,11110,2018-0,251,17140,4764865580, 내역 2018년 6월
1114010400,11,11140,2018-0,77,15266,5565775980, 내역 2018년 6월
1111012000,11,11110,2018-0,292,7440,1923262120, 내역 2018년 6월
1154510100,11,11545,2018-0,5938,114322,28368649840, 내역 2018년 6월
1168010600,11,11680,2018-0,1889,78084,21546460660, 내역 2018년 6월
1168010700,11,11680,2018-0,1752,39972,8217119440, 내역 2018년 6월
1156011000,11,11560,2018-0,2771,256881,86459561020, 내역 2018년 6월
1114011100,11,11140,2018-0,154,31010,7267174580, 내역 2018년 6월
1162010300,11,11620,2018-0,102,2617,517173320, 내역 2018년 6월
1114017100,11,11140,2018-0,131,5028,1157764260, 내역 2018년 6월
1135010300,11,11350,2018-0,475,9798,1993909180, 내역 2018년 6월
1171010500,11,11710,2018-0,339,4269,900033640, 내역 2018년 6월
1168010500,11,11680,2018-0,3014,128434,32057401560, 내역 2018년 6월
1111016400,11,11110,2018-0,181,2052,472614800, 내역 2018년 6월
1156010800,11,11560,2018-0,155,2428,597197240, 내역 2018년 6월
1144011100,11,11440,2018-0,177,2957,634176380, 내역 2018년 6월
1114010100,11,11140,2018-0,219,4571,923106100, 내역 2018년 6월
1114012300,11,11140,2018-0,29,882,311305660, 내역 2018년 6월
1111013800,11,11110,2018-0,50,2231,446597280, 내역 2018년 6월
4167038021,41,41670,2018-0,13,159,33080160, 내역 2018년 6월
1114015100,11,11140,2018-0,45,577,112401460, 내역 2018년 6월
2820011100,28,28200,2018-0,1839,38245,9501135280, 내역 2018년 6월
1165010800,11,11650,2018-0,5193,143532,36422875040, 내역 2018년 6월
1165010700,11,11650,2018-0,836,19572,5000248040, 내역 2018년 6월
4182025022,41,41820,2018-0,41,771,182723260, 내역 2018년 6월
4129010600,41,41290,2018-0,97,8004,1350831740, 내역 2018년 6월
1150010500,11,11500,2018-0,1176,23723,6949511160, 내역 2018년 6월
1154510200,11,11545,2018-0,850,12879,2879198460, 내역 2018년 6월
1171011100,11,11710,2018-0,827,15457,3711561360, 내역 2018년 6월
1168010800,11,11680,2018-0,3808,78912,19147189640, 내역 2018년 6월
1174010800,11,11740,2018-0,762,15413,3226168640, 내역 2018년 6월
1120011400,11,11200,2018-0,1178,20236,4805016380, 내역 2018년 6월
1123010100,11,11230,2018-0,211,10299,2375279160, 내역 2018년 6월
1174011000,11,11740,2018-0,62,1586,363547300, 내역 2018년 6월
1120011500,11,11200,2018-0,2238,81539,17664654040, 내역 2018년 6월
1121510100,11,11215,2018-0,479,5293,1065987060, 내역 2018년 6월
4161033028,41,41610,2018-0,121,1573,359596500, 내역 2018년 6월
1123010200,11,11230,2018-0,372,7819,2074274140, 내역 2018년 6월
4159036030,41,41590,2018-0,108,1689,435658800, 내역 2018년 6월
1123010800,11,11230,2018-0,66,2330,377495000, 내역 2018년 6월
4183025026,41,41830,2018-0,20,147,24752120, 내역 2018년 6월
1123010600,11,11230,2018-0,756,8855,1841706760, 내역 2018년 6월
1120010700,11,11200,2018-0,197,2195,442924740, 내역 2018년 6월
1126010600,11,11260,2018-0,234,4967,1123691660, 내역 2018년 6월
1123010700,11,11230,2018-0,101,2257,503814080, 내역 2018년 6월
1123010500,11,11230,2018-0,323,3561,713144340, 내역 2018년 6월
2826011200,28,28260,2018-0,1241,25824,6474307320, 내역 2018년 6월
1168011400,11,11680,2018-0,163,8813,2741514320, 내역 2018년 6월
1171010700,11,11710,2018-0,1973,25893,6011346580, 내역 2018년 6월
1114014700,11,11140,2018-0,82,13859,3756105040, 내역 2018년 6월
1111012900,11,11110,2018-0,53,1435,358538300, 내역 2018년 6월
4113110700,41,41131,2018-0,294,4388,913014520, 내역 2018년 6월
1114014400,11,11140,2018-0,122,6036,1545663860, 내역 2018년 6월
1114010300,11,11140,2018-0,258,12875,3042700980, 내역 2018년 6월
1111011900,11,11110,2018-0,88,7950,2412041700, 내역 2018년 6월
1114010800,11,11140,2018-0,83,8524,3046277120, 내역 2018년 6월
4150034024,41,41500,2018-0,16,269,56313580, 내역 2018년 6월
1114013200,11,11140,2018-0,90,1158,284514000, 내역 2018년 6월
1114016600,11,11140,2018-0,292,17682,5011694120, 내역 2018년 6월
1114010200,11,11140,2018-0,145,8331,2708556000, 내역 2018년 6월
1114010700,11,11140,2018-0,15,1252,407137860, 내역 2018년 6월
1153010200,11,11530,2018-0,4602,94477,22526034060, 내역 2018년 6월
1168011800,11,11680,2018-0,1027,32531,7249500780, 내역 2018년 6월
1114015800,11,11140,2018-0,114,7394,1553346900, 내역 2018년 6월
1114015900,11,11140,2018-0,67,7344,1004649120, 내역 2018년 6월
1121510500,11,11215,2018-0,513,8702,2010042360, 내역 2018년 6월
4127310700,41,41273,2018-0,449,9090,2263581220, 내역 2018년 6월
1121510300,11,11215,2018-0,646,12510,2664556960, 내역 2018년 6월
4159033022,41,41590,2018-0,59,612,137202260, 내역 2018년 6월
4155038025,41,41550,2018-0,31,831,210287580, 내역 2018년 6월
1126010200,11,11260,2018-0,202,6351,1574497400, 내역 2018년 6월
1174010600,11,11740,2018-0,159,4712,1309686420, 내역 2018년 6월
1171010300,11,11710,2018-0,181,10274,3386711620, 내역 2018년 6월
1130510100,11,11305,2018-0,295,3673,698351860, 내역 2018년 6월
1174010700,11,11740,2018-0,177,2631,498008740, 내역 2018년 6월
1126010100,11,11260,2018-0,348,4502,945280780, 내역 2018년 6월
1129012600,11,11290,2018-0,15,192,46516500, 내역 2018년 6월
1132010800,11,11320,2018-0,190,3280,636641080, 내역 2018년 6월
4146132024,41,41461,2018-0,42,1082,204569860, 내역 2018년 6월
4145010800,41,41450,2018-0,482,5594,1262092580, 내역 2018년 6월
1156011800,11,11560,2018-0,93,912,188937920, 내역 2018년 6월
1165010100,11,11650,2018-0,1886,37707,8860832260, 내역 2018년 6월
1126010500,11,11260,2018-0,174,2595,502504920, 내역 2018년 6월
4161025936,41,41610,2018-0,95,1463,323584260, 내역 2018년 6월
1165010200,11,11650,2018-0,2342,131504,43839428660, 내역 2018년 6월
4113510700,41,41135,2018-0,913,21300,5600076880, 내역 2018년 6월
1144010500,11,11440,2018-0,133,1565,353047820, 내역 2018년 6월
1141011800,11,11410,2018-0,121,2347,458932860, 내역 2018년 6월
1114013700,11,11140,2018-0,80,3583,836677620, 내역 2018년 6월
1159010100,11,11590,2018-0,215,3359,706292000, 내역 2018년 6월
1111010600,11,11110,2018-0,48,671,159978240, 내역 2018년 6월
1111012600,11,11110,2018-0,141,18081,3841226960, 내역 2018년 6월
1114016000,11,11140,2018-0,52,553,124262500, 내역 2018년 6월
1138010100,11,11380,2018-0,44,954,208846040, 내역 2018년 6월
1147010200,11,11470,2018-0,752,14355,3819307860, 내역 2018년 6월
1111015900,11,11110,2018-0,57,2209,667894900, 내역 2018년 6월
1111012800,11,11110,2018-0,78,6065,2142565720, 내역 2018년 6월
1111014400,11,11110,2018-0,14,185,37694920, 내역 2018년 6월
1114011800,11,11140,2018-0,265,37047,10987840520, 내역 2018년 6월
1117012500,11,11170,2018-0,653,21480,6500519460, 내역 2018년 6월
1114011300,11,11140,2018-0,71,1750,365970900, 내역 2018년 6월
1156012700,11,11560,2018-0,411,13740,2744644680, 내역 2018년 6월
1171010600,11,11710,2018-0,245,4003,863562220, 내역 2018년 6월
1144010200,11,11440,2018-0,614,21540,5815112860, 내역 2018년 6월
1111016500,11,11110,2018-0,47,519,107949040, 내역 2018년 6월
1123010900,11,11230,2018-0,128,2930,641240900, 내역 2018년 6월
1171011200,11,11710,2018-0,346,6697,1508318980, 내역 2018년 6월
4127310600,41,41273,2018-0,583,17825,5092958540, 내역 2018년 6월
4159036021,41,41590,2018-0,99,3745,1166365800, 내역 2018년 6월
1121510200,11,11215,2018-0,149,1804,377334980, 내역 2018년 6월
4136025324,41,41360,2018-0,88,920,176841200, 내역 2018년 6월
1147010300,11,11470,2018-0,467,6065,1194285620, 내역 2018년 6월
4155025023,41,41550,2018-0,18,241,48711000, 내역 2018년 6월
1150010800,11,11500,2018-0,247,24819,8375224740, 내역 2018년 6월
4150025330,41,41500,2018-0,117,30337,11375473600, 내역 2018년 6월
1156013000,11,11560,2018-0,47,1266,247111360, 내역 2018년 6월
1132010500,11,11320,2018-0,208,3652,784490720, 내역 2018년 6월
2820011000,28,28200,2018-0,701,11024,2570593440, 내역 2018년 6월
1144012700,11,11440,2018-0,833,32727,9243090620, 내역 2018년 6월
1171010200,11,11710,2018-0,482,81698,20148300400, 내역 2018년 6월
1123010300,11,11230,2018-0,233,2088,419483800, 내역 2018년 6월
4161033025,41,41610,2018-0,35,430,103022540, 내역 2018년 6월
4165032022,41,41650,2018-0,42,511,106116460, 내역 2018년 6월
2826011900,28,28260,2018-0,726,10261,2426507540, 내역 2018년 6월
1117013100,11,11170,2018-0,505,12139,3344193220, 내역 2018년 6월
4148011500,41,41480,2018-0,307,9250,2401711800, 내역 2018년 6월
4128510400,41,41285,2018-0,1378,15593,3795241340, 내역 2018년 6월
4159025324,41,41590,2018-0,141,1621,373057160, 내역 2018년 6월
1111011600,11,11110,2018-0,24,880,203675000, 내역 2018년 6월
1114014300,11,11140,2018-0,71,1774,542063340, 내역 2018년 6월
1111011400,11,11110,2018-0,30,2373,379268480, 내역 2018년 6월
1114010500,11,11140,2018-0,145,40648,13452989120, 내역 2018년 6월
1156013300,11,11560,2018-0,392,7243,1694204340, 내역 2018년 6월
1111013500,11,11110,2018-0,94,1059,216313460, 내역 2018년 6월
1150010200,11,11500,2018-0,770,36590,7465461720, 내역 2018년 6월
1111018400,11,11110,2018-0,40,1302,224648760, 내역 2018년 6월
1114015400,11,11140,2018-0,75,605,142726360, 내역 2018년 6월
1114014800,11,11140,2018-0,135,4206,1312111060, 내역 2018년 6월
1114013600,11,11140,2018-0,38,1237,365485280, 내역 2018년 6월
1111012300,11,11110,2018-0,117,12205,4277390480, 내역 2018년 6월
4122011600,41,41220,2018-0,14,688,151302100, 내역 2018년 6월
1144012100,11,11440,2018-0,540,8263,1913718780, 내역 2018년 6월
2818510600,28,28185,2018-0,1559,34246,9567324820, 내역 2018년 6월
4165033026,41,41650,2018-0,123,1645,349772760, 내역 2018년 6월
4117310200,41,41173,2018-0,2438,41824,10896070780, 내역 2018년 6월
1135010200,11,11350,2018-0,201,3131,568412860, 내역 2018년 6월
1126010400,11,11260,2018-0,187,1945,395895600, 내역 2018년 6월
4121010200,41,41210,2018-0,254,4729,1013452720, 내역 2018년 6월
4163032027,41,41630,2018-0,92,1802,437846740, 내역 2018년 6월
1144010400,11,11440,2018-0,719,19785,4353320040, 내역 2018년 6월
4155036021,41,41550,2018-0,38,668,167370300, 내역 2018년 6월
1111014600,11,11110,2018-0,33,328,66874840, 내역 2018년 6월
1168010300,11,11680,2018-0,708,17664,3761128420, 내역 2018년 6월
1129013400,11,11290,2018-0,98,1065,220581700, 내역 2018년 6월
1130510300,11,11305,2018-0,330,4909,979268220, 내역 2018년 6월
1129013300,11,11290,2018-0,210,4986,1102046960, 내역 2018년 6월
4127310400,41,41273,2018-0,1490,39725,10943540200, 내역 2018년 6월
4163033021,41,41630,2018-0,160,2175,491009640, 내역 2018년 6월
1123010400,11,11230,2018-0,175,2140,434785580, 내역 2018년 6월
4131010400,41,41310,2018-0,274,2714,583744620, 내역 2018년 6월
4183033024,41,41830,2018-0,5,25,4273460, 내역 2018년 6월
2817710500,28,28177,2018-0,686,11438,2353721620, 내역 2018년 6월
4136026221,41,41360,2018-0,138,1434,279754020, 내역 2018년 6월
1130510200,11,11305,2018-0,203,2871,576694460, 내역 2018년 6월
1129013900,11,11290,2018-0,121,2522,462240920, 내역 2018년 6월
1129010100,11,11290,2018-0,93,1531,340981860, 내역 2018년 6월
1138011000,11,11380,2018-0,99,1093,186585740, 내역 2018년 6월
1135010500,11,11350,2018-0,651,9235,1889476020, 내역 2018년 6월
1132010600,11,11320,2018-0,244,3232,592620620, 내역 2018년 6월
1171010800,11,11710,2018-0,2956,46747,11451349600, 내역 2018년 6월
1129013600,11,11290,2018-0,220,4548,1092395520, 내역 2018년 6월
1114011000,11,11140,2018-0,130,18408,3920130280, 내역 2018년 6월
1165011000,11,11650,2018-0,49,2861,928562480, 내역 2018년 6월
1135010600,11,11350,2018-0,228,2704,512048540, 내역 2018년 6월
1132010700,11,11320,2018-0,370,4339,810705640, 내역 2018년 6월
1138010900,11,11380,2018-0,135,1529,278813400, 내역 2018년 6월
1141010100,11,11410,2018-0,118,2324,548793540, 내역 2018년 6월
1141011900,11,11410,2018-0,125,2005,362312480, 내역 2018년 6월
1165010600,11,11650,2018-0,673,21752,5797382020, 내역 2018년 6월
4146310600,41,41463,2018-0,105,1566,405707860, 내역 2018년 6월
1138010700,11,11380,2018-0,257,2802,602789320, 내역 2018년 6월
1138010500,11,11380,2018-0,73,2059,469254040, 내역 2018년 6월
1138010400,11,11380,2018-0,133,1773,341064600, 내역 2018년 6월
4141010500,41,41410,2018-0,433,7096,1635433960, 내역 2018년 6월
1144012200,11,11440,2018-0,436,7974,2017233940, 내역 2018년 6월
4157025325,41,41570,2018-0,152,2563,619016580, 내역 2018년 6월
1111018300,11,11110,2018-0,85,798,179393940, 내역 2018년 6월
1130510400,11,11305,2018-0,25,591,152524380, 내역 2018년 6월
1171011400,11,11710,2018-0,125,1569,277358540, 내역 2018년 6월
4148025627,41,41480,2018-0,18,217,46210540, 내역 2018년 6월
1171010900,11,11710,2018-0,124,3738,945681080, 내역 2018년 6월
4125010100,41,41250,2018-0,30,316,52385920, 내역 2018년 6월
2820010700,28,28200,2018-0,346,11509,2966508240, 내역 2018년 6월
4141010200,41,41410,2018-0,1078,15703,3938340640, 내역 2018년 6월
1168011300,11,11680,2018-0,66,552,82726900, 내역 2018년 6월
4148010700,41,41480,2018-0,21,606,142476800, 내역 2018년 6월
1141010200,11,11410,2018-0,153,14134,4676234240, 내역 2018년 6월
1114012900,11,11140,2018-0,58,861,154281340, 내역 2018년 6월
1150010300,11,11500,2018-0,721,9347,1893336520, 내역 2018년 6월
1141011400,11,11410,2018-0,60,4256,842815760, 내역 2018년 6월
1144012000,11,11440,2018-0,1277,21265,4819825500, 내역 2018년 6월
4117110300,41,41171,2018-0,133,3560,938043080, 내역 2018년 6월
1144012500,11,11440,2018-0,621,8197,1639725180, 내역 2018년 6월
4119012300,41,41190,2018-0,837,10782,2600385620, 내역 2018년 6월
4163033027,41,41630,2018-0,83,1042,224317500, 내역 2018년 6월
4131010100,41,41310,2018-0,165,1391,303465720, 내역 2018년 6월
1123011000,11,11230,2018-0,70,1797,262826980, 내역 2018년 6월
4136025024,41,41360,2018-0,107,930,207910300, 내역 2018년 6월
4145011100,41,41450,2018-0,41,340,85482680, 내역 2018년 6월
1150010600,11,11500,2018-0,155,2822,599179540, 내역 2018년 6월
4165010600,41,41650,2018-0,65,1370,319799020, 내역 2018년 6월
1153010800,11,11530,2018-0,210,2776,516229340, 내역 2018년 6월
1141012000,11,11410,2018-0,105,1214,284254580, 내역 2018년 6월
1117010400,11,11170,2018-0,123,14458,3110760200, 내역 2018년 6월
1144012400,11,11440,2018-0,291,3018,646935980, 내역 2018년 6월
1138010300,11,11380,2018-0,118,2306,534004920, 내역 2018년 6월
1150010700,11,11500,2018-0,152,1944,423159500, 내역 2018년 6월
1150010400,11,11500,2018-0,672,9787,2157331480, 내역 2018년 6월
1150011000,11,11500,2018-0,60,2381,681199440, 내역 2018년 6월
4159037024,41,41590,2018-0,160,2067,506067280, 내역 2018년 6월
4146311400,41,41463,2018-0,153,1910,493956660, 내역 2018년 6월
1111016200,11,11110,2018-0,39,443,90923920, 내역 2018년 6월
4163011600,41,41630,2018-0,78,999,179247900, 내역 2018년 6월
4165033024,41,41650,2018-0,65,718,150558000, 내역 2018년 6월
1129011900,11,11290,2018-0,24,384,81564320, 내역 2018년 6월
1156012300,11,11560,2018-0,181,2874,620025040, 내역 2018년 6월
1138011400,11,11380,2018-0,175,2892,720282500, 내역 2018년 6월
1141011700,11,11410,2018-0,309,4223,927636980, 내역 2018년 6월
1141010600,11,11410,2018-0,23,266,49039360, 내역 2018년 6월
1138010800,11,11380,2018-0,145,1337,255981160, 내역 2018년 6월
1144011500,11,11440,2018-0,185,3216,701805020, 내역 2018년 6월
1144010700,11,11440,2018-0,253,3366,880196500, 내역 2018년 6월
4159025330,41,41590,2018-0,61,672,159050160, 내역 2018년 6월
1150010900,11,11500,2018-0,372,8400,2126961620, 내역 2018년 6월
1156012500,11,11560,2018-0,65,864,188482740, 내역 2018년 6월
1159010900,11,11590,2018-0,249,17059,4635371360, 내역 2018년 6월
1141011100,11,11410,2018-0,133,1550,258350500, 내역 2018년 6월
1138010600,11,11380,2018-0,91,645,121831520, 내역 2018년 6월
1144012300,11,11440,2018-0,244,2654,546879140, 내역 2018년 6월
1117011000,11,11170,2018-0,38,1163,186749200, 내역 2018년 6월
1117011100,11,11170,2018-0,32,302,65317100, 내역 2018년 6월
2826010400,28,28260,2018-0,304,7338,2003337280, 내역 2018년 6월
1144011000,11,11440,2018-0,106,4697,945347800, 내역 2018년 6월
1144010900,11,11440,2018-0,118,4024,1025170740, 내역 2018년 6월
1150010100,11,11500,2018-0,432,8515,2109785400, 내역 2018년 6월
1156012800,11,11560,2018-0,277,17643,3930189220, 내역 2018년 6월
4159037022,41,41590,2018-0,230,3181,787073060, 내역 2018년 6월
1162010100,11,11620,2018-0,803,14221,3192797680, 내역 2018년 6월
1111014300,11,11110,2018-0,6,40,7506680, 내역 2018년 6월
4150031028,41,41500,2018-0,19,235,52953960, 내역 2018년 6월
4113310500,41,41133,2018-0,1861,46488,11623113040, 내역 2018년 6월
1147010100,11,11470,2018-0,739,8972,1894819380, 내역 2018년 6월
1117011200,11,11170,2018-0,110,8177,1314840140, 내역 2018년 6월
1156012100,11,11560,2018-0,597,22407,4729546360, 내역 2018년 6월
1117013000,11,11170,2018-0,289,3362,718453140, 내역 2018년 6월
4113510900,41,41135,2018-0,1216,63161,18274112100, 내역 2018년 6월
4139013200,41,41390,2018-0,3621,64284,16659788660, 내역 2018년 6월
4148026225,41,41480,2018-0,84,1669,357345360, 내역 2018년 6월
1174010500,11,11740,2018-0,303,5028,1113601960, 내역 2018년 6월
1162010200,11,11620,2018-0,798,12973,2640304780, 내역 2018년 6월
4157010700,41,41570,2018-0,184,2233,484415400, 내역 2018년 6월
4183032026,41,41830,2018-0,8,149,33085280, 내역 2018년 6월
4157025021,41,41570,2018-0,57,760,143897820, 내역 2018년 6월
2814010200,28,28140,2018-0,31,3231,1152513660, 내역 2018년 6월
1114013900,11,11140,2018-0,84,1827,345834300, 내역 2018년 6월
4127310500,41,41273,2018-0,789,22794,6269328420, 내역 2018년 6월
1111016900,11,11110,2018-0,53,824,180987480, 내역 2018년 6월
1153011000,11,11530,2018-0,71,1200,245279620, 내역 2018년 6월
1156011600,11,11560,2018-0,134,5259,1036457080, 내역 2018년 6월
1156011100,11,11560,2018-0,118,1943,387992460, 내역 2018년 6월
1114011900,11,11140,2018-0,53,2297,684268140, 내역 2018년 6월
1156012900,11,11560,2018-0,348,9625,2570542980, 내역 2018년 6월
1156011500,11,11560,2018-0,60,669,150815600, 내역 2018년 6월
1156011300,11,11560,2018-0,223,8269,1621476560, 내역 2018년 6월
4121010500,41,41210,2018-0,155,1469,314141840, 내역 2018년 6월
1117012800,11,11170,2018-0,408,22772,6065713600, 내역 2018년 6월
4150035033,41,41500,2018-0,8,190,40348720, 내역 2018년 6월
1174010900,11,11740,2018-0,444,7139,1813622460, 내역 2018년 6월
1111012100,11,11110,2018-0,110,10826,3407109580, 내역 2018년 6월
4128510900,41,41285,2018-0,98,1071,216501480, 내역 2018년 6월
4157025026,41,41570,2018-0,33,272,60839440, 내역 2018년 6월
4127110600,41,41271,2018-0,29,280,61089480, 내역 2018년 6월
2824510400,28,28245,2018-0,163,1845,420377600, 내역 2018년 6월
1154510300,11,11545,2018-0,734,10504,2255081180, 내역 2018년 6월
1153010100,11,11530,2018-0,298,5521,1370884220, 내역 2018년 6월
1156013200,11,11560,2018-0,428,6380,1377645200, 내역 2018년 6월
1117012600,11,11170,2018-0,26,571,129751760, 내역 2018년 6월
1156011400,11,11560,2018-0,372,14713,3094212020, 내역 2018년 6월
4157010200,41,41570,2018-0,88,1745,439810260, 내역 2018년 6월
4157025626,41,41570,2018-0,705,10812,2568005880, 내역 2018년 6월
1156011200,11,11560,2018-0,146,2035,425785820, 내역 2018년 6월
1121510400,11,11215,2018-0,246,4270,1073830160, 내역 2018년 6월
1174010200,11,11740,2018-0,106,1599,387413900, 내역 2018년 6월
4113511400,41,41135,2018-0,573,17643,4309896300, 내역 2018년 6월
4161025329,41,41610,2018-0,132,1629,365721100, 내역 2018년 6월
1114016200,11,11140,2018-0,850,14935,3015950040, 내역 2018년 6월
4148025624,41,41480,2018-0,24,484,108637580, 내역 2018년 6월
4119011600,41,41190,2018-0,6,63,12661740, 내역 2018년 6월
4148025023,41,41480,2018-0,79,2319,517677020, 내역 2018년 6월
1171010400,11,11710,2018-0,375,6864,1518626420, 내역 2018년 6월
1159010800,11,11590,2018-0,197,6148,1618783760, 내역 2018년 6월
1171011300,11,11710,2018-0,139,2770,588292680, 내역 2018년 6월
4129010900,41,41290,2018-0,113,6689,2076070020, 내역 2018년 6월
1153011100,11,11530,2018-0,26,364,66438520, 내역 2018년 6월
1174010300,11,11740,2018-0,139,17757,5960822180, 내역 2018년 6월
1159010700,11,11590,2018-0,413,6020,1220189820, 내역 2018년 6월
4159025935,41,41590,2018-0,39,645,160003380, 내역 2018년 6월
1153010600,11,11530,2018-0,266,2294,482069400, 내역 2018년 6월
4129010500,41,41290,2018-0,157,2045,469613200, 내역 2018년 6월
4122010300,41,41220,2018-0,120,4780,1281719460, 내역 2018년 6월
4113511000,41,41135,2018-0,189,6702,1987384200, 내역 2018년 6월
4113510500,41,41135,2018-0,518,19678,5635262720, 내역 2018년 6월
4136025630,41,41360,2018-0,125,1325,269808880, 내역 2018년 6월
4159036026,41,41590,2018-0,250,3942,1027983360, 내역 2018년 6월
1153010700,11,11530,2018-0,178,2857,564709080, 내역 2018년 6월
4119010400,41,41190,2018-0,625,12486,3033228420, 내역 2018년 6월
4119010300,41,41190,2018-0,593,7392,1684327460, 내역 2018년 6월
1159010200,11,11590,2018-0,272,3449,655323400, 내역 2018년 6월
1168011000,11,11680,2018-0,69,3798,981717600, 내역 2018년 6월
1174010100,11,11740,2018-0,160,1833,349776280, 내역 2018년 6월
4113510200,41,41135,2018-0,537,10642,3059262560, 내역 2018년 6월
4159037025,41,41590,2018-0,35,695,177257420, 내역 2018년 6월
4122012000,41,41220,2018-0,114,3538,881495540, 내역 2018년 6월
4117110200,41,41171,2018-0,225,7256,1798455800, 내역 2018년 6월
4157025628,41,41570,2018-0,23,287,65274440, 내역 2018년 6월
4146310300,41,41463,2018-0,80,925,204655600, 내역 2018년 6월
1171010100,11,11710,2018-0,614,12679,2856198700, 내역 2018년 6월
4127310300,41,41273,2018-0,394,9455,2560794820, 내역 2018년 6월
4157034021,41,41570,2018-0,62,867,204941060, 내역 2018년 6월
4121010400,41,41210,2018-0,603,12463,3849205260, 내역 2018년 6월
4146110600,41,41461,2018-0,83,1988,481755100, 내역 2018년 6월
4117110100,41,41171,2018-0,1003,17194,3724568340, 내역 2018년 6월
4155035023,41,41550,2018-0,15,129,29612880, 내역 2018년 6월
4128110600,41,41281,2018-0,132,1435,290927080, 내역 2018년 6월
4157035024,41,41570,2018-0,70,1070,257117540, 내역 2018년 6월
4159033029,41,41590,2018-0,44,568,142055280, 내역 2018년 6월
4161025022,41,41610,2018-0,110,1158,257186480, 내역 2018년 6월
4157035021,41,41570,2018-0,20,224,59420620, 내역 2018년 6월
4139011200,41,41390,2018-0,212,1567,369194800, 내역 2018년 6월
4121010300,41,41210,2018-0,271,3035,594486140, 내역 2018년 6월
1138010200,11,11380,2018-0,306,3217,626140300, 내역 2018년 6월
1111017500,11,11110,2018-0,131,1273,242957960, 내역 2018년 6월
4159025924,41,41590,2018-0,71,7399,2206207520, 내역 2018년 6월
1111011000,11,11110,2018-0,19,171,35901920, 내역 2018년 6월
1156012400,11,11560,2018-0,175,3788,1011652100, 내역 2018년 6월
4159026221,41,41590,2018-0,197,2786,667155720, 내역 2018년 6월
4159036025,41,41590,2018-0,199,2844,740262020, 내역 2018년 6월
1111011100,11,11110,2018-0,25,300,65006780, 내역 2018년 6월
4127110300,41,41271,2018-0,437,5692,1280923800, 내역 2018년 6월
4157036027,41,41570,2018-0,43,409,96676460, 내역 2018년 6월
4157025622,41,41570,2018-0,59,786,166626240, 내역 2018년 6월
4157034030,41,41570,2018-0,187,2205,527950120, 내역 2018년 6월
4159026222,41,41590,2018-0,105,1095,265858380, 내역 2018년 6월
4119012400,41,41190,2018-0,407,5625,1289336140, 내역 2018년 6월
1153011200,11,11530,2018-0,35,441,115971700, 내역 2018년 6월
1111013700,11,11110,2018-0,51,484,105992020, 내역 2018년 6월
1111016000,11,11110,2018-0,143,6926,2216238660, 내역 2018년 6월
1111017400,11,11110,2018-0,103,1435,278834260, 내역 2018년 6월
1111015400,11,11110,2018-0,108,821,204159340, 내역 2018년 6월
2811012800,28,28110,2018-0,378,6309,1553524780, 내역 2018년 6월
1117013200,11,11170,2018-0,48,1121,262761340, 내역 2018년 6월
1111015600,11,11110,2018-0,28,280,52875080, 내역 2018년 6월
1114016700,11,11140,2018-0,96,4099,1192871740, 내역 2018년 6월
1111016300,11,11110,2018-0,31,246,41780240, 내역 2018년 6월
1111013600,11,11110,2018-0,104,3525,853091420, 내역 2018년 6월
4146136029,41,41461,2018-0,117,1573,359506500, 내역 2018년 6월
1111015700,11,11110,2018-0,71,4619,1019753400, 내역 2018년 6월
1111016600,11,11110,2018-0,77,2251,588443980, 내역 2018년 6월
1111016800,11,11110,2018-0,122,1930,413983740, 내역 2018년 6월
1111014700,11,11110,2018-0,11,1324,354892380, 내역 2018년 6월
1120010800,11,11200,2018-0,16,127,24937580, 내역 2018년 6월
1156010100,11,11560,2018-0,59,592,115500600, 내역 2018년 6월
4155012800,41,41550,2018-0,29,1067,264196440, 내역 2018년 6월
4113111300,41,41131,2018-0,26,216,48074900, 내역 2018년 6월
1114015500,11,11140,2018-0,122,1379,277949020, 내역 2018년 6월
1111011700,11,11110,2018-0,110,2837,697427740, 내역 2018년 6월
4159042032,41,41590,2018-0,250,10329,2876294340, 내역 2018년 6월
1114012400,11,11140,2018-0,73,5814,1498015180, 내역 2018년 6월
4128112300,41,41281,2018-0,292,4708,1024402140, 내역 2018년 6월
1120010500,11,11200,2018-0,526,7396,1753967520, 내역 2018년 6월
1111011500,11,11110,2018-0,28,431,100987640, 내역 2018년 6월
4150031027,41,41500,2018-0,9,374,100956120, 내역 2018년 6월
1111013400,11,11110,2018-0,68,1062,233500780, 내역 2018년 6월
4143011000,41,41430,2018-0,44,731,199625600, 내역 2018년 6월
1114011200,11,11140,2018-0,95,4392,1355612140, 내역 2018년 6월
4148010900,41,41480,2018-0,32,422,105156400, 내역 2018년 6월
1111012500,11,11110,2018-0,57,4545,1623870380, 내역 2018년 6월
1114011400,11,11140,2018-0,102,17603,6327719760, 내역 2018년 6월
4143010900,41,41430,2018-0,440,4265,1059062440, 내역 2018년 6월
1120010300,11,11200,2018-0,48,721,138637020, 내역 2018년 6월
4119010900,41,41190,2018-0,814,8528,1723870620, 내역 2018년 6월
4122025623,41,41220,2018-0,93,5179,1715891980, 내역 2018년 6월
1111013200,11,11110,2018-0,66,2245,403288260, 내역 2018년 6월
2823710400,28,28237,2018-0,794,32780,10154694260, 내역 2018년 6월
2820010100,28,28200,2018-0,816,13057,3174674300, 내역 2018년 6월
4146131023,41,41461,2018-0,55,780,178681120, 내역 2018년 6월
1111011800,11,11110,2018-0,194,3060,960816020, 내역 2018년 6월
4146310800,41,41463,2018-0,150,3433,947995860, 내역 2018년 6월
4146510100,41,41465,2018-0,268,3317,805305420, 내역 2018년 6월
1117012700,11,11170,2018-0,31,9162,1351767980, 내역 2018년 6월
1111011300,11,11110,2018-0,36,598,138827500, 내역 2018년 6월
1141011600,11,11410,2018-0,135,2235,418163180, 내역 2018년 6월
1111017700,11,11110,2018-0,15,2997,945097760, 내역 2018년 6월
2811014700,28,28110,2018-0,445,21363,5136906880, 내역 2018년 6월
4146310200,41,41463,2018-0,295,4246,944545520, 내역 2018년 6월
1114016800,11,11140,2018-0,192,16578,5073220120, 내역 2018년 6월
1114012100,11,11140,2018-0,84,16009,5707212460, 내역 2018년 6월
1156010300,11,11560,2018-0,149,2231,549806460, 내역 2018년 6월
1168011500,11,11680,2018-0,493,10488,2394288200, 내역 2018년 6월
4161025023,41,41610,2018-0,85,1353,351095540, 내역 2018년 6월
2817710300,28,28177,2018-0,259,3138,659813100, 내역 2018년 6월
4128110100,41,41281,2018-0,133,2141,472516960, 내역 2018년 6월
1114011600,11,11140,2018-0,7,2597,929864340, 내역 2018년 6월
1114015000,11,11140,2018-0,36,6639,2375451300, 내역 2018년 6월
1144010800,11,11440,2018-0,122,2084,501863740, 내역 2018년 6월
1141010300,11,11410,2018-0,48,518,108941420, 내역 2018년 6월
4148025325,41,41480,2018-0,47,752,165391060, 내역 2018년 6월
1114015600,11,11140,2018-0,45,346,96537180, 내역 2018년 6월
1111014100,11,11110,2018-0,38,494,114806460, 내역 2018년 6월
1114012700,11,11140,2018-0,81,2719,541511700, 내역 2018년 6월
1129011700,11,11290,2018-0,14,190,45594600, 내역 2018년 6월
4111313700,41,41113,2018-0,332,7297,1696136620, 내역 2018년 6월
1114012600,11,11140,2018-0,60,1524,421066540, 내역 2018년 6월
2826011000,28,28260,2018-0,525,7484,1666764440, 내역 2018년 6월
4128510600,41,41285,2018-0,691,9422,2258734260, 내역 2018년 6월
4150010500,41,41500,2018-0,10,129,30082840, 내역 2018년 6월
4148031023,41,41480,2018-0,241,6886,1942138880, 내역 2018년 6월
4122025628,41,41220,2018-0,35,582,129241920, 내역 2018년 6월
1111010500,11,11110,2018-0,13,144,32216100, 내역 2018년 6월
1117011800,11,11170,2018-0,46,1186,340997280, 내역 2018년 6월
4111710300,41,41117,2018-0,615,10055,2405042780, 내역 2018년 6월
4119011300,41,41190,2018-0,120,1275,255163220, 내역 2018년 6월
4161025026,41,41610,2018-0,140,1594,359292140, 내역 2018년 6월
1114014500,11,11140,2018-0,52,1877,446664920, 내역 2018년 6월
4159033025,41,41590,2018-0,206,3227,824918100, 내역 2018년 6월
1114013300,11,11140,2018-0,51,471,108135760, 내역 2018년 6월
1114010900,11,11140,2018-0,87,5769,1403774800, 내역 2018년 6월
1114013100,11,11140,2018-0,60,2742,896461120, 내역 2018년 6월
4122031030,41,41220,2018-0,31,390,106758980, 내역 2018년 6월
1114010600,11,11140,2018-0,8,218,64676600, 내역 2018년 6월
1111014000,11,11110,2018-0,27,445,103195960, 내역 2018년 6월
4148032027,41,41480,2018-0,114,1344,311360980, 내역 2018년 6월
4180025327,41,41800,2018-0,15,226,49392920, 내역 2018년 6월
1117011700,11,11170,2018-0,136,1710,409065360, 내역 2018년 6월
1121510900,11,11215,2018-0,158,4403,763919360, 내역 2018년 6월
2820010900,28,28200,2018-0,49,403,82952280, 내역 2018년 6월
1117011900,11,11170,2018-0,98,1151,255132440, 내역 2018년 6월
1117010800,11,11170,2018-0,58,1984,447296500, 내역 2018년 6월
1144010300,11,11440,2018-0,104,1185,291698980, 내역 2018년 6월
1111018000,11,11110,2018-0,7,31,5592880, 내역 2018년 6월
4163011000,41,41630,2018-0,77,1519,324721200, 내역 2018년 6월
1114017400,11,11140,2018-0,17,592,177027720, 내역 2018년 6월
1129013800,11,11290,2018-0,128,1571,302460640, 내역 2018년 6월
1129012500,11,11290,2018-0,99,3747,764527260, 내역 2018년 6월
4161025925,41,41610,2018-0,42,330,75784420, 내역 2018년 6월
4167025026,41,41670,2018-0,11,103,24776500, 내역 2018년 6월
4148011900,41,41480,2018-0,39,632,145440960, 내역 2018년 6월
1114017300,11,11140,2018-0,36,499,110865820, 내역 2018년 6월
1114013500,11,11140,2018-0,71,675,161233720, 내역 2018년 6월
4165031023,41,41650,2018-0,42,606,138141080, 내역 2018년 6월
4150034028,41,41500,2018-0,59,1667,399074800, 내역 2018년 6월
1117010500,11,11170,2018-0,43,2188,545056020, 내역 2018년 6월
4163031021,41,41630,2018-0,71,1049,214631060, 내역 2018년 6월
4146134024,41,41461,2018-0,52,1072,275397280, 내역 2018년 6월
4129010700,41,41290,2018-0,93,6453,1405172120, 내역 2018년 6월
4146310400,41,41463,2018-0,76,7921,1836628420, 내역 2018년 6월
1129010700,11,11290,2018-0,24,397,77131300, 내역 2018년 6월
1129012300,11,11290,2018-0,8,49,9262980, 내역 2018년 6월
4163025024,41,41630,2018-0,24,221,35002700, 내역 2018년 6월
4146133024,41,41461,2018-0,39,1006,233794720, 내역 2018년 6월
4155034023,41,41550,2018-0,17,595,165712500, 내역 2018년 6월
4146311700,41,41463,2018-0,95,2137,440895180, 내역 2018년 6월
4150025333,41,41500,2018-0,21,531,134507820, 내역 2018년 6월
4136025925,41,41360,2018-0,131,1462,310790660, 내역 2018년 6월
4161025027,41,41610,2018-0,124,1372,310152100, 내역 2018년 6월
4148011300,41,41480,2018-0,141,1128,235348980, 내역 2018년 6월
1117010900,11,11170,2018-0,34,531,101348700, 내역 2018년 6월
4111313200,41,41113,2018-0,125,1080,209208600, 내역 2018년 6월
4117310100,41,41173,2018-0,451,5157,1119828580, 내역 2018년 6월
1159010500,11,11590,2018-0,81,2524,435397260, 내역 2018년 6월
4165032023,41,41650,2018-0,60,1105,251252840, 내역 2018년 6월
4122032023,41,41220,2018-0,202,4464,1200678320, 내역 2018년 6월
4161025325,41,41610,2018-0,79,733,172481460, 내역 2018년 6월
4159036027,41,41590,2018-0,90,2027,556449660, 내역 2018년 6월
4117310400,41,41173,2018-0,1101,21634,6046637220, 내역 2018년 6월
4161025021,41,41610,2018-0,77,869,207170900, 내역 2018년 6월
4161025327,41,41610,2018-0,86,761,174754440, 내역 2018년 6월
1120010400,11,11200,2018-0,91,3692,692772820, 내역 2018년 6월
4157025029,41,41570,2018-0,129,1331,307718540, 내역 2018년 6월
4136025923,41,41360,2018-0,154,1494,317834680, 내역 2018년 6월
1120010200,11,11200,2018-0,94,714,142403780, 내역 2018년 6월
4165025026,41,41650,2018-0,45,477,102230600, 내역 2018년 6월
1120010600,11,11200,2018-0,38,2402,419267600, 내역 2018년 6월
1117012200,11,11170,2018-0,30,2091,621832920, 내역 2018년 6월
1117011300,11,11170,2018-0,162,1727,369247840, 내역 2018년 6월
1117013600,11,11170,2018-0,24,279,56722320, 내역 2018년 6월
1117012400,11,11170,2018-0,89,779,162327100, 내역 2018년 6월
4165034025,41,41650,2018-0,11,113,23043800, 내역 2018년 6월
4157025623,41,41570,2018-0,94,815,144404580, 내역 2018년 6월
4159033023,41,41590,2018-0,69,776,204148320, 내역 2018년 6월
1156011700,11,11560,2018-0,57,725,148180580, 내역 2018년 6월
4150031021,41,41500,2018-0,22,723,172029960, 내역 2018년 6월
1129010800,11,11290,2018-0,23,565,101587840, 내역 2018년 6월
4159042026,41,41590,2018-0,36,1348,457064700, 내역 2018년 6월
1117012900,11,11170,2018-0,68,781,196604060, 내역 2018년 6월
4115010500,41,41150,2018-0,209,3582,702644200, 내역 2018년 6월
4148035026,41,41480,2018-0,75,1020,231031880, 내역 2018년 6월
4146110500,41,41461,2018-0,96,3369,952006840, 내역 2018년 6월
2826011500,28,28260,2018-0,71,647,135260260, 내역 2018년 6월
4155039027,41,41550,2018-0,36,453,95369000, 내역 2018년 6월
2823710500,28,28237,2018-0,259,3090,641150460, 내역 2018년 6월
4148012300,41,41480,2018-0,63,983,182785900, 내역 2018년 6월
1120012200,11,11200,2018-0,278,23787,7861725640, 내역 2018년 6월
1111017000,11,11110,2018-0,32,380,84449320, 내역 2018년 6월
1111010700,11,11110,2018-0,60,3763,783445060, 내역 2018년 6월
1156011900,11,11560,2018-0,93,794,179566640, 내역 2018년 6월
1156012600,11,11560,2018-0,120,1844,386790700, 내역 2018년 6월
1156010600,11,11560,2018-0,23,163,35755820, 내역 2018년 6월
4159012600,41,41590,2018-0,261,5180,1321251640, 내역 2018년 6월
4159032021,41,41590,2018-0,155,2223,558169280, 내역 2018년 6월
4146133025,41,41461,2018-0,21,432,114432100, 내역 2018년 6월
4148032022,41,41480,2018-0,102,1980,464716700, 내역 2018년 6월
4148011100,41,41480,2018-0,163,1833,400281280, 내역 2018년 6월
1120011300,11,11200,2018-0,80,811,168671220, 내역 2018년 6월
1117010700,11,11170,2018-0,113,13185,2803122400, 내역 2018년 6월
4113310100,41,41133,2018-0,184,2084,449644400, 내역 2018년 6월
2817710400,28,28177,2018-0,434,7355,1738439380, 내역 2018년 6월
1156010400,11,11560,2018-0,41,522,109726680, 내역 2018년 6월
1156010500,11,11560,2018-0,74,2181,500816640, 내역 2018년 6월
4119011700,41,41190,2018-0,233,5659,1426208080, 내역 2018년 6월
4146125022,41,41461,2018-0,69,1720,438464320, 내역 2018년 6월
4128111100,41,41281,2018-0,78,937,259601280, 내역 2018년 6월
4148035021,41,41480,2018-0,110,1126,243689500, 내역 2018년 6월
4146131024,41,41461,2018-0,57,810,171165860, 내역 2018년 6월
4121010800,41,41210,2018-0,52,414,90179100, 내역 2018년 6월
4157025022,41,41570,2018-0,65,848,182788020, 내역 2018년 6월
1165010300,11,11650,2018-0,116,1900,462865680, 내역 2018년 6월
1159010300,11,11590,2018-0,48,828,162095420, 내역 2018년 6월
1117010200,11,11170,2018-0,36,1880,407452200, 내역 2018년 6월
1117013300,11,11170,2018-0,25,1055,239936780, 내역 2018년 6월
4146311100,41,41463,2018-0,631,8954,2224847100, 내역 2018년 6월
1156010700,11,11560,2018-0,41,694,175450500, 내역 2018년 6월
1126010300,11,11260,2018-0,166,1702,325381620, 내역 2018년 6월
1156010900,11,11560,2018-0,207,5518,1251245820, 내역 2018년 6월
2871025028,28,28710,2018-0,17,296,69673380, 내역 2018년 6월
1111015500,11,11110,2018-0,64,962,180147000, 내역 2018년 6월
1144011700,11,11440,2018-0,12,334,63663480, 내역 2018년 6월
4148035023,41,41480,2018-0,49,967,253884100, 내역 2018년 6월
4122025624,41,41220,2018-0,163,8086,2757299080, 내역 2018년 6월
4148010100,41,41480,2018-0,250,3399,698611180, 내역 2018년 6월
4145010500,41,41450,2018-0,64,1163,249925800, 내역 2018년 6월
1129012400,11,11290,2018-0,28,245,54035740, 내역 2018년 6월
2826012000,28,28260,2018-0,213,1959,422163520, 내역 2018년 6월
4128511300,41,41285,2018-0,316,2865,597295320, 내역 2018년 6월
4148012000,41,41480,2018-0,200,3181,727552100, 내역 2018년 6월
4128511100,41,41285,2018-0,219,2562,536003820, 내역 2018년 6월
1111018600,11,11110,2018-0,14,114,23815400, 내역 2018년 6월
4157025624,41,41570,2018-0,52,585,127496200, 내역 2018년 6월
4146311800,41,41463,2018-0,287,8549,2300595880, 내역 2018년 6월
2824510300,28,28245,2018-0,320,5177,1102868680, 내역 2018년 6월
4119010500,41,41190,2018-0,183,2515,577564140, 내역 2018년 6월
4128113100,41,41281,2018-0,48,466,101124960, 내역 2018년 6월
4159025939,41,41590,2018-0,81,1169,254331560, 내역 2018년 6월
4161033021,41,41610,2018-0,47,520,118558140, 내역 2018년 6월
1111012200,11,11110,2018-0,137,13594,4651829160, 내역 2018년 6월
1111015200,11,11110,2018-0,63,499,92815740, 내역 2018년 6월
1114013400,11,11140,2018-0,37,319,66363020, 내역 2018년 6월
4127310900,41,41273,2018-0,203,3500,683960160, 내역 2018년 6월
4119012100,41,41190,2018-0,82,904,189255060, 내역 2018년 6월
4148026226,41,41480,2018-0,51,559,110109320, 내역 2018년 6월
4159013900,41,41590,2018-0,26,360,91723020, 내역 2018년 6월
4121010600,41,41210,2018-0,127,7684,1772337200, 내역 2018년 6월
1111016100,11,11110,2018-0,17,196,39166960, 내역 2018년 6월
1111013000,11,11110,2018-0,32,456,80615600, 내역 2018년 6월
1114015200,11,11140,2018-0,50,382,88398940, 내역 2018년 6월
4113511100,41,41135,2018-0,229,2728,614006580, 내역 2018년 6월
2826011100,28,28260,2018-0,401,6311,1552085260, 내역 2018년 6월
1111016700,11,11110,2018-0,59,805,165364740, 내역 2018년 6월
1111017300,11,11110,2018-0,30,732,119833540, 내역 2018년 6월
4113310300,41,41133,2018-0,95,1513,326359460, 내역 2018년 6월
4183031021,41,41830,2018-0,23,186,35659780, 내역 2018년 6월
4139010500,41,41390,2018-0,95,860,183410320, 내역 2018년 6월
1114014000,11,11140,2018-0,4,84,17685960, 내역 2018년 6월
1114012200,11,11140,2018-0,40,4161,1248897580, 내역 2018년 6월
1114013000,11,11140,2018-0,27,608,150647200, 내역 2018년 6월
1111012700,11,11110,2018-0,43,10112,3186340780, 내역 2018년 6월
1129013500,11,11290,2018-0,116,1253,225846640, 내역 2018년 6월
1111017100,11,11110,2018-0,38,247,44477340, 내역 2018년 6월
1114016100,11,11140,2018-0,84,3424,1035168840, 내역 2018년 6월
4119011000,41,41190,2018-0,124,2164,467365360, 내역 2018년 6월
4159026224,41,41590,2018-0,33,341,84384240, 내역 2018년 6월
4143010100,41,41430,2018-0,219,5322,1478489960, 내역 2018년 6월
4146510300,41,41465,2018-0,360,10889,2672850920, 내역 2018년 6월
2826011800,28,28260,2018-0,90,956,205005340, 내역 2018년 6월
4143010500,41,41430,2018-0,253,3697,850698760, 내역 2018년 6월
1111015800,11,11110,2018-0,28,219,48024100, 내역 2018년 6월
4139010200,41,41390,2018-0,262,2530,514449440, 내역 2018년 6월
4128111200,41,41281,2018-0,311,2820,621663580, 내역 2018년 6월
4183025032,41,41830,2018-0,25,165,28589080, 내역 2018년 6월
4157025025,41,41570,2018-0,153,2036,485979820, 내역 2018년 6월
4137010600,41,41370,2018-0,105,4577,1176325320, 내역 2018년 6월
4143010700,41,41430,2018-0,108,1196,224137340, 내역 2018년 6월
4113110300,41,41131,2018-0,119,2417,527388700, 내역 2018년 6월
4122025326,41,41220,2018-0,25,896,243306160, 내역 2018년 6월
1111015300,11,11110,2018-0,31,326,57987680, 내역 2018년 6월
4111514100,41,41115,2018-0,593,13595,3063187560, 내역 2018년 6월
1121510700,11,11215,2018-0,141,2726,515068980, 내역 2018년 6월
1111010100,11,11110,2018-0,30,322,75708120, 내역 2018년 6월
4163033024,41,41630,2018-0,16,258,53063280, 내역 2018년 6월
1156012000,11,11560,2018-0,45,521,116891700, 내역 2018년 6월
4136025926,41,41360,2018-0,86,1043,215939380, 내역 2018년 6월
4141010300,41,41410,2018-0,171,4010,899154300, 내역 2018년 6월
4128111800,41,41281,2018-0,70,852,187566180, 내역 2018년 6월
4159040021,41,41590,2018-0,64,1216,331882200, 내역 2018년 6월
4113511200,41,41135,2018-0,59,1209,241761820, 내역 2018년 6월
4146136027,41,41461,2018-0,3,55,14395920, 내역 2018년 6월
4113110800,41,41131,2018-0,204,2249,554314300, 내역 2018년 6월
4111710100,41,41117,2018-0,255,115451,44397834680, 내역 2018년 6월
4150033022,41,41500,2018-0,38,801,182892700, 내역 2018년 6월
1135010400,11,11350,2018-0,151,3105,666059280, 내역 2018년 6월
1114013800,11,11140,2018-0,156,2722,585717500, 내역 2018년 6월
4165034023,41,41650,2018-0,72,1501,351611920, 내역 2018년 6월
4145011300,41,41450,2018-0,189,1698,372686020, 내역 2018년 6월
4159036029,41,41590,2018-0,70,844,203925280, 내역 2018년 6월
4127110700,41,41271,2018-0,111,1229,265087120, 내역 2018년 6월
4146135021,41,41461,2018-0,13,1332,454183320, 내역 2018년 6월
4150010900,41,41500,2018-0,47,531,103060200, 내역 2018년 6월
4117310300,41,41173,2018-0,380,8889,2313829920, 내역 2018년 6월
4136025022,41,41360,2018-0,101,1961,473761680, 내역 2018년 6월
1168011100,11,11680,2018-0,66,1431,330144800, 내역 2018년 6월
4122011300,41,41220,2018-0,106,1389,275971880, 내역 2018년 6월
4159012700,41,41590,2018-0,456,7223,1851872060, 내역 2018년 6월
4148025027,41,41480,2018-0,6,57,11411260, 내역 2018년 6월
4161025024,41,41610,2018-0,315,3744,832531580, 내역 2018년 6월
4136025623,41,41360,2018-0,105,1169,225632520, 내역 2018년 6월
4113510300,41,41135,2018-0,738,41628,14525975720, 내역 2018년 6월
4146132028,41,41461,2018-0,49,529,124564860, 내역 2018년 6월
4163033026,41,41630,2018-0,90,1501,351602300, 내역 2018년 6월
4136025629,41,41360,2018-0,125,1394,301053740, 내역 2018년 6월
1150011100,11,11500,2018-0,7,2862,920445440, 내역 2018년 6월
4127111400,41,41271,2018-0,78,598,129758020, 내역 2018년 6월
4155034022,41,41550,2018-0,43,2387,715307580, 내역 2018년 6월
4159012000,41,41590,2018-0,331,7436,1893012460, 내역 2018년 6월
4146135031,41,41461,2018-0,8,103,24265000, 내역 2018년 6월
4113510100,41,41135,2018-0,44,2308,748513420, 내역 2018년 6월
4167025025,41,41670,2018-0,10,301,69654140, 내역 2018년 6월
1111017600,11,11110,2018-0,7,173,47591880, 내역 2018년 6월
4111312800,41,41113,2018-0,692,15159,3811868900, 내역 2018년 6월
1120011800,11,11200,2018-0,64,1151,254281460, 내역 2018년 6월
4113111500,41,41131,2018-0,220,2925,744775460, 내역 2018년 6월
1141010700,11,11410,2018-0,2,48,8383360, 내역 2018년 6월
4128710400,41,41287,2018-0,336,5868,1495163460, 내역 2018년 6월
4159026228,41,41590,2018-0,217,4411,1217766640, 내역 2018년 6월
4122025921,41,41220,2018-0,66,2038,558337680, 내역 2018년 6월
1114017000,11,11140,2018-0,25,22838,7934913580, 내역 2018년 6월
4128710600,41,41287,2018-0,166,1685,306997760, 내역 2018년 6월
4111113300,41,41111,2018-0,102,2178,468176300, 내역 2018년 6월
4165041023,41,41650,2018-0,26,485,118448940, 내역 2018년 6월
2824510200,28,28245,2018-0,444,5735,1038854320, 내역 2018년 6월
4146125027,41,41461,2018-0,39,3985,898762640, 내역 2018년 6월
4136011200,41,41360,2018-0,87,2236,624793660, 내역 2018년 6월
1111014800,11,11110,2018-0,37,33318,12308860460, 내역 2018년 6월
1120011200,11,11200,2018-0,27,238,46346040, 내역 2018년 6월
4141010400,41,41410,2018-0,379,5737,1152498840, 내역 2018년 6월
1141010500,11,11410,2018-0,12,296,70001100, 내역 2018년 6월
4150035026,41,41500,2018-0,44,1436,377419420, 내역 2018년 6월
1129012200,11,11290,2018-0,16,180,36796240, 내역 2018년 6월
4157025324,41,41570,2018-0,210,1722,383662260, 내역 2018년 6월
4119011800,41,41190,2018-0,50,357,74143160, 내역 2018년 6월
1165010900,11,11650,2018-0,66,1588,321428640, 내역 2018년 6월
4150033021,41,41500,2018-0,30,430,100169220, 내역 2018년 6월
4155034038,41,41550,2018-0,38,1312,324943980, 내역 2018년 6월
4111113400,41,41111,2018-0,134,4020,985275880, 내역 2018년 6월
2824510100,28,28245,2018-0,233,4329,1001594980, 내역 2018년 6월
4150011100,41,41500,2018-0,20,1275,439986820, 내역 2018년 6월
2871037023,28,28710,2018-0,12,123,23789180, 내역 2018년 6월
4139013100,41,41390,2018-0,144,1367,297758860, 내역 2018년 6월
4155035032,41,41550,2018-0,27,800,203243500, 내역 2018년 6월
1144011800,11,11440,2018-0,11,152,44960660, 내역 2018년 6월
4161025324,41,41610,2018-0,21,314,82642100, 내역 2018년 6월
1114016500,11,11140,2018-0,92,1405,262031120, 내역 2018년 6월
1144011400,11,11440,2018-0,82,2557,502694760, 내역 2018년 6월
4157036028,41,41570,2018-0,144,1632,392678400, 내역 2018년 6월
4128510100,41,41285,2018-0,236,2661,562800200, 내역 2018년 6월
4159035029,41,41590,2018-0,17,124,25411280, 내역 2018년 6월
1129011500,11,11290,2018-0,62,683,131703200, 내역 2018년 6월
1150011300,11,11500,2018-0,5,8311,2800875720, 내역 2018년 6월
4161025921,41,41610,2018-0,83,1120,254393920, 내역 2018년 6월
2811013800,28,28110,2018-0,30,1630,544416420, 내역 2018년 6월
1114012000,11,11140,2018-0,15,559,93829600, 내역 2018년 6월
4119510400,41,41195,2018-0,23,225,46770980, 내역 2018년 6월
4161025330,41,41610,2018-0,91,1254,274630840, 내역 2018년 6월
4122011000,41,41220,2018-0,118,2033,484102940, 내역 2018년 6월
4122011200,41,41220,2018-0,85,865,178345760, 내역 2018년 6월
4136025625,41,41360,2018-0,28,298,68639100, 내역 2018년 6월
4122025925,41,41220,2018-0,30,413,99228080, 내역 2018년 6월
1111018200,11,11110,2018-0,31,241,48981100, 내역 2018년 6월
4163025022,41,41630,2018-0,40,418,94687400, 내역 2018년 6월
4137010400,41,41370,2018-0,165,2148,353271500, 내역 2018년 6월
4145012300,41,41450,2018-0,178,1751,371466680, 내역 2018년 6월
1114014600,11,11140,2018-0,16,171,31775360, 내역 2018년 6월
1114014200,11,11140,2018-0,52,743,150891320, 내역 2018년 6월
2820010200,28,28200,2018-0,463,7575,1668313440, 내역 2018년 6월
1144010100,11,11440,2018-0,90,2096,441102320, 내역 2018년 6월
1141011000,11,11410,2018-0,74,1072,162630000, 내역 2018년 6월
4146133026,41,41461,2018-0,26,365,90608980, 내역 2018년 6월
4113511500,41,41135,2018-0,163,1957,499234620, 내역 2018년 6월
4161011300,41,41610,2018-0,112,1177,256490520, 내역 2018년 6월
1153010300,11,11530,2018-0,47,710,128383520, 내역 2018년 6월
1111010800,11,11110,2018-0,15,153,28172920, 내역 2018년 6월
4122032021,41,41220,2018-0,51,707,168540180, 내역 2018년 6월
1141011200,11,11410,2018-0,79,2576,472305120, 내역 2018년 6월
2818510100,28,28185,2018-0,183,1915,432797100, 내역 2018년 6월
4159011800,41,41590,2018-0,192,2834,659447660, 내역 2018년 6월
4122025041,41,41220,2018-0,55,9209,2858515720, 내역 2018년 6월
1111013900,11,11110,2018-0,10,69,15351040, 내역 2018년 6월
1156012200,11,11560,2018-0,37,223,52927220, 내역 2018년 6월
1141010800,11,11410,2018-0,8,51,11137400, 내역 2018년 6월
4128110300,41,41281,2018-0,58,590,127187380, 내역 2018년 6월
4146134021,41,41461,2018-0,19,282,67770720, 내역 2018년 6월
4121010700,41,41210,2018-0,115,977,206602220, 내역 2018년 6월
4128112400,41,41281,2018-0,18,191,42002580, 내역 2018년 6월
4157025627,41,41570,2018-0,73,600,143912320, 내역 2018년 6월
4113110200,41,41131,2018-0,160,2135,416688640, 내역 2018년 6월
1114015700,11,11140,2018-0,47,268,59608600, 내역 2018년 6월
4148025322,41,41480,2018-0,30,963,215480820, 내역 2018년 6월
4136010600,41,41360,2018-0,59,392,85486320, 내역 2018년 6월
4145012200,41,41450,2018-0,80,584,123681420, 내역 2018년 6월
1129010300,11,11290,2018-0,73,1850,282535480, 내역 2018년 6월
4128510200,41,41285,2018-0,184,2814,591692400, 내역 2018년 6월
1114015300,11,11140,2018-0,16,138,30312720, 내역 2018년 6월
4146131022,41,41461,2018-0,57,525,121946620, 내역 2018년 6월
1129012900,11,11290,2018-0,28,409,83588960, 내역 2018년 6월
1114016400,11,11140,2018-0,13,308,64725840, 내역 2018년 6월
1129010200,11,11290,2018-0,27,347,62020480, 내역 2018년 6월
4128112900,41,41281,2018-0,63,728,139913680, 내역 2018년 6월
4146134028,41,41461,2018-0,20,283,69282960, 내역 2018년 6월
4159025934,41,41590,2018-0,60,1101,281976700, 내역 2018년 6월
4165010400,41,41650,2018-0,80,1030,182037940, 내역 2018년 6월
4128710700,41,41287,2018-0,101,1033,192385780, 내역 2018년 6월
4139010300,41,41390,2018-0,115,848,201314240, 내역 2018년 6월
4111710500,41,41117,2018-0,639,9061,1984567040, 내역 2018년 6월
4131010700,41,41310,2018-0,138,1745,411820600, 내역 2018년 6월
4146135024,41,41461,2018-0,29,604,158832200, 내역 2018년 6월
4145012400,41,41450,2018-0,87,839,180264720, 내역 2018년 6월
4161033023,41,41610,2018-0,77,734,168589960, 내역 2018년 6월
1129012700,11,11290,2018-0,21,351,60457260, 내역 2018년 6월
4159040023,41,41590,2018-0,30,752,212333860, 내역 2018년 6월
1114016300,11,11140,2018-0,45,2344,500110100, 내역 2018년 6월
2823710300,28,28237,2018-0,146,1595,315114360, 내역 2018년 6월
4165025028,41,41650,2018-0,32,307,68457580, 내역 2018년 6월
4122031031,41,41220,2018-0,30,606,140899560, 내역 2018년 6월
4146131026,41,41461,2018-0,29,274,58405740, 내역 2018년 6월
1114014100,11,11140,2018-0,8,79,17395560, 내역 2018년 6월
4127310100,41,41273,2018-0,1035,12844,2708402360, 내역 2018년 6월
1114014900,11,11140,2018-0,18,238,46832780, 내역 2018년 6월
4122025626,41,41220,2018-0,42,672,164677760, 내역 2018년 6월
1129013700,11,11290,2018-0,34,921,151840940, 내역 2018년 6월
4115010400,41,41150,2018-0,246,2518,503942700, 내역 2018년 6월
4157036029,41,41570,2018-0,21,174,39364640, 내역 2018년 6월
2826011700,28,28260,2018-0,63,560,125622360, 내역 2018년 6월
4161025332,41,41610,2018-0,55,519,112704380, 내역 2018년 6월
4159041039,41,41590,2018-0,27,412,109470380, 내역 2018년 6월
4128112800,41,41281,2018-0,383,4026,848692080, 내역 2018년 6월
2824511200,28,28245,2018-0,40,401,85620980, 내역 2018년 6월
4136034021,41,41360,2018-0,34,494,104426180, 내역 2018년 6월
1129011200,11,11290,2018-0,29,609,98826080, 내역 2018년 6월
1111014900,11,11110,2018-0,29,387,91323400, 내역 2018년 6월
4145011700,41,41450,2018-0,71,833,164850020, 내역 2018년 6월
4159041030,41,41590,2018-0,123,1776,449275480, 내역 2018년 6월
1129011100,11,11290,2018-0,19,130,21440360, 내역 2018년 6월
4127111500,41,41271,2018-0,41,456,103979420, 내역 2018년 6월
1117011500,11,11170,2018-0,34,350,62674080, 내역 2018년 6월
4113111600,41,41131,2018-0,38,329,80543100, 내역 2018년 6월
4145012100,41,41450,2018-0,51,749,155030840, 내역 2018년 6월
4122031027,41,41220,2018-0,38,976,238710620, 내역 2018년 6월
4148032029,41,41480,2018-0,20,353,64630920, 내역 2018년 6월
4136010500,41,41360,2018-0,68,1065,238733360, 내역 2018년 6월
4128113000,41,41281,2018-0,74,521,110547340, 내역 2018년 6월
4161010700,41,41610,2018-0,63,620,150907500, 내역 2018년 6월
4129010300,41,41290,2018-0,28,437,108789340, 내역 2018년 6월
4113510800,41,41135,2018-0,121,1144,261135700, 내역 2018년 6월
4119010700,41,41190,2018-0,85,974,215101240, 내역 2018년 6월
2817710200,28,28177,2018-0,217,3115,551448500, 내역 2018년 6월
1111010200,11,11110,2018-0,18,252,57801280, 내역 2018년 6월
4165032025,41,41650,2018-0,27,378,86835900, 내역 2018년 6월
2814010700,28,28140,2018-0,364,4079,911411640, 내역 2018년 6월
2820010300,28,28200,2018-0,374,5027,1045048540, 내역 2018년 6월
4136010700,41,41360,2018-0,99,951,244376860, 내역 2018년 6월
4148025025,41,41480,2018-0,11,188,37829820, 내역 2018년 6월
4163031024,41,41630,2018-0,36,384,82702560, 내역 2018년 6월
4122031026,41,41220,2018-0,52,3477,983946720, 내역 2018년 6월
4122011800,41,41220,2018-0,242,3623,764111840, 내역 2018년 6월
1168011200,11,11680,2018-0,129,1756,450445140, 내역 2018년 6월
4146136023,41,41461,2018-0,22,580,126994400, 내역 2018년 6월
4128111900,41,41281,2018-0,64,1117,204334960, 내역 2018년 6월
4146111000,41,41461,2018-0,4,57,15644120, 내역 2018년 6월
4136025327,41,41360,2018-0,99,1433,320242160, 내역 2018년 6월
4145011000,41,41450,2018-0,339,2849,658521380, 내역 2018년 6월
4128511000,41,41285,2018-0,111,1161,214152640, 내역 2018년 6월
2871025026,28,28710,2018-0,13,573,141549200, 내역 2018년 6월
4167011500,41,41670,2018-0,37,294,55200360, 내역 2018년 6월
4136025325,41,41360,2018-0,56,649,136804400, 내역 2018년 6월
4161025926,41,41610,2018-0,15,200,44318040, 내역 2018년 6월
4136025921,41,41360,2018-0,71,620,122866260, 내역 2018년 6월
2818510400,28,28185,2018-0,109,1543,257664320, 내역 2018년 6월
4127310800,41,41273,2018-0,471,3748,735168540, 내역 2018년 6월
4146510200,41,41465,2018-0,319,5557,1277237920, 내역 2018년 6월
4128112500,41,41281,2018-0,39,350,79188420, 내역 2018년 6월
4136011100,41,41360,2018-0,376,3468,738808000, 내역 2018년 6월
4159033026,41,41590,2018-0,26,266,62284960, 내역 2018년 6월
4136010400,41,41360,2018-0,159,1563,310202240, 내역 2018년 6월
4128710500,41,41287,2018-0,282,2672,544292860, 내역 2018년 6월
2826012200,28,28260,2018-0,357,4864,1215491780, 내역 2018년 6월
1129010600,11,11290,2018-0,8,93,17582940, 내역 2018년 6월
4119010800,41,41190,2018-0,719,8971,1809326720, 내역 2018년 6월
1129012800,11,11290,2018-0,9,158,25288080, 내역 2018년 6월
4146311600,41,41463,2018-0,431,4573,998498760, 내역 2018년 6월
4165033021,41,41650,2018-0,40,516,125225860, 내역 2018년 6월
4145010200,41,41450,2018-0,121,1253,243647000, 내역 2018년 6월
1129010900,11,11290,2018-0,17,430,94611720, 내역 2018년 6월
4122012500,41,41220,2018-0,20,202,49824200, 내역 2018년 6월
4150036027,41,41500,2018-0,10,125,27126720, 내역 2018년 6월
4145010300,41,41450,2018-0,86,1013,206372480, 내역 2018년 6월
4136025922,41,41360,2018-0,101,793,179982460, 내역 2018년 6월
4161010900,41,41610,2018-0,69,893,212597360, 내역 2018년 6월
4148032021,41,41480,2018-0,51,701,159302620, 내역 2018년 6월
4136034027,41,41360,2018-0,80,1009,215946800, 내역 2018년 6월
4150031030,41,41500,2018-0,16,300,59454800, 내역 2018년 6월
1111010900,11,11110,2018-0,4,33,7797020, 내역 2018년 6월
4167011900,41,41670,2018-0,17,107,18323720, 내역 2018년 6월
4157035022,41,41570,2018-0,29,549,130842840, 내역 2018년 6월
2823710800,28,28237,2018-0,96,1556,304295560, 내역 2018년 6월
1111018500,11,11110,2018-0,19,1141,140122180, 내역 2018년 6월
4113310600,41,41133,2018-0,140,2946,756203220, 내역 2018년 6월
4165025022,41,41650,2018-0,120,1141,226770780, 내역 2018년 6월
4163010900,41,41630,2018-0,41,389,81128300, 내역 2018년 6월
4111514000,41,41115,2018-0,181,2455,558336160, 내역 2018년 6월
4161033024,41,41610,2018-0,3,116,15393700, 내역 2018년 6월
4136025628,41,41360,2018-0,68,807,162678100, 내역 2018년 6월
4155038021,41,41550,2018-0,47,730,183418200, 내역 2018년 6월
4163031026,41,41630,2018-0,54,931,215776080, 내역 2018년 6월
4161011100,41,41610,2018-0,94,965,212086680, 내역 2018년 6월
4111313100,41,41113,2018-0,115,1923,416514760, 내역 2018년 6월
4128110400,41,41281,2018-0,97,834,196543500, 내역 2018년 6월
1117013500,11,11170,2018-0,13,954,180627720, 내역 2018년 6월
4159025926,41,41590,2018-0,116,2722,737190960, 내역 2018년 6월
4161025922,41,41610,2018-0,78,1209,271485280, 내역 2018년 6월
4157035023,41,41570,2018-0,138,1922,461362580, 내역 2018년 6월
1144012600,11,11440,2018-0,21,396,67125760, 내역 2018년 6월
4136010100,41,41360,2018-0,119,920,189094440, 내역 2018년 6월
4159033024,41,41590,2018-0,188,3978,1080621920, 내역 2018년 6월
2826010700,28,28260,2018-0,207,3489,662068960, 내역 2018년 6월
2811012200,28,28110,2018-0,80,1614,436797900, 내역 2018년 6월
4167037025,41,41670,2018-0,4,29,7595840, 내역 2018년 6월
4161025321,41,41610,2018-0,100,1461,325921000, 내역 2018년 6월
4155031039,41,41550,2018-0,7,83,21760720, 내역 2018년 6월
4150010200,41,41500,2018-0,44,681,167883500, 내역 2018년 6월
4146135023,41,41461,2018-0,53,1266,306446720, 내역 2018년 6월
4145011800,41,41450,2018-0,114,974,209756700, 내역 2018년 6월
4150034023,41,41500,2018-0,21,284,67395920, 내역 2018년 6월
4111710200,41,41117,2018-0,337,8983,2137367140, 내역 2018년 6월
4127111200,41,41271,2018-0,107,2456,630373280, 내역 2018년 6월
1153010900,11,11530,2018-0,53,811,174012000, 내역 2018년 6월
4136031023,41,41360,2018-0,36,364,76489360, 내역 2018년 6월
4163033025,41,41630,2018-0,8,126,29487180, 내역 2018년 6월
4122025922,41,41220,2018-0,51,964,233699560, 내역 2018년 6월
1165011100,11,11650,2018-0,64,577,134142280, 내역 2018년 6월
4119010200,41,41190,2018-0,227,2983,609762280, 내역 2018년 6월
4161025328,41,41610,2018-0,159,1613,377790200, 내역 2018년 6월
1111011200,11,11110,2018-0,11,68,11413740, 내역 2018년 6월
1141011300,11,11410,2018-0,25,311,69583780, 내역 2018년 6월
4139013400,41,41390,2018-0,86,650,148611600, 내역 2018년 6월
4150036026,41,41500,2018-0,14,241,58086480, 내역 2018년 6월
2818510300,28,28185,2018-0,187,2887,597986640, 내역 2018년 6월
4146125325,41,41461,2018-0,19,179,34178540, 내역 2018년 6월
2871031024,28,28710,2018-0,3,78,15810920, 내역 2018년 6월
4167025040,41,41670,2018-0,9,265,60405320, 내역 2018년 6월
4183038021,41,41830,2018-0,6,62,15431100, 내역 2018년 6월
4148026224,41,41480,2018-0,80,817,177620440, 내역 2018년 6월
4159034021,41,41590,2018-0,53,690,171506200, 내역 2018년 6월
1117012100,11,11170,2018-0,44,456,100128660, 내역 2018년 6월
4131010500,41,41310,2018-0,186,2577,564888040, 내역 2018년 6월
4157025024,41,41570,2018-0,17,400,104749820, 내역 2018년 6월
4145011900,41,41450,2018-0,79,616,127803480, 내역 2018년 6월
1129011800,11,11290,2018-0,22,118,21812240, 내역 2018년 6월
4113310900,41,41133,2018-0,137,2038,364812960, 내역 2018년 6월
4111313600,41,41113,2018-0,116,1169,219415960, 내역 2018년 6월
1129013200,11,11290,2018-0,6,59,9292280, 내역 2018년 6월
4139012400,41,41390,2018-0,116,1023,235916340, 내역 2018년 6월
4157025621,41,41570,2018-0,66,598,125077860, 내역 2018년 6월
4155036025,41,41550,2018-0,2,99,19954880, 내역 2018년 6월
4146110700,41,41461,2018-0,104,1379,282760640, 내역 2018년 6월
4167011400,41,41670,2018-0,13,170,36668980, 내역 2018년 6월
4139012800,41,41390,2018-0,52,463,106757640, 내역 2018년 6월
4159041025,41,41590,2018-0,39,578,143976880, 내역 2018년 6월
4159034023,41,41590,2018-0,35,328,77977840, 내역 2018년 6월
4145011400,41,41450,2018-0,102,986,242884860, 내역 2018년 6월
4139010700,41,41390,2018-0,83,653,154912680, 내역 2018년 6월
4146131025,41,41461,2018-0,89,1137,269799140, 내역 2018년 6월
4139011300,41,41390,2018-0,135,954,227326560, 내역 2018년 6월
4145010900,41,41450,2018-0,188,1674,431746460, 내역 2018년 6월
4157025323,41,41570,2018-0,64,484,104152300, 내역 2018년 6월
4128710800,41,41287,2018-0,66,591,126801680, 내역 2018년 6월
4155041026,41,41550,2018-0,16,232,48850640, 내역 2018년 6월
4159025629,41,41590,2018-0,21,518,139753800, 내역 2018년 6월
4159036028,41,41590,2018-0,25,277,66688280, 내역 2018년 6월
4157025027,41,41570,2018-0,138,1510,347049280, 내역 2018년 6월
4157036022,41,41570,2018-0,54,632,152292720, 내역 2018년 6월
2824511700,28,28245,2018-0,17,92,19166480, 내역 2018년 6월
4145010600,41,41450,2018-0,195,2784,566554880, 내역 2018년 6월
4128112000,41,41281,2018-0,141,1770,375863020, 내역 2018년 6월
4157010300,41,41570,2018-0,140,1232,290919600, 내역 2018년 6월
4113111700,41,41131,2018-0,34,816,161623640, 내역 2018년 6월
4145010100,41,41450,2018-0,130,1413,313788420, 내역 2018년 6월
4146110100,41,41461,2018-0,151,2457,585846420, 내역 2018년 6월
4146311200,41,41463,2018-0,52,566,105566140, 내역 2018년 6월
4157032027,41,41570,2018-0,12,97,21176300, 내역 2018년 6월
1129010400,11,11290,2018-0,12,143,23747000, 내역 2018년 6월
4115010700,41,41150,2018-0,35,573,142645000, 내역 2018년 6월
4157010400,41,41570,2018-0,192,2492,568916100, 내역 2018년 6월
4163032028,41,41630,2018-0,26,233,52106880, 내역 2018년 6월
4150034025,41,41500,2018-0,62,1367,311719940, 내역 2018년 6월
4161010400,41,41610,2018-0,43,361,74173760, 내역 2018년 6월
1120010900,11,11200,2018-0,39,267,50746580, 내역 2018년 6월
4111710600,41,41117,2018-0,257,3751,966249460, 내역 2018년 6월
4182032521,41,41820,2018-0,39,354,68034260, 내역 2018년 6월
4161025025,41,41610,2018-0,128,1664,362784680, 내역 2018년 6월
4157036030,41,41570,2018-0,26,331,76243020, 내역 2018년 6월
4146136028,41,41461,2018-0,20,454,94119920, 내역 2018년 6월
1117012300,11,11170,2018-0,130,1093,242289160, 내역 2018년 6월
4143010800,41,41430,2018-0,64,685,143011840, 내역 2018년 6월
4157025028,41,41570,2018-0,64,616,145491940, 내역 2018년 6월
4115010900,41,41150,2018-0,168,1562,300175880, 내역 2018년 6월
4136025326,41,41360,2018-0,94,1739,370697680, 내역 2018년 6월
4155031021,41,41550,2018-0,7,90,20312000, 내역 2018년 6월
1111013300,11,11110,2018-0,49,622,97643680, 내역 2018년 6월
4115010600,41,41150,2018-0,182,2066,412086080, 내역 2018년 6월
4136034025,41,41360,2018-0,12,365,75079060, 내역 2018년 6월
4127110200,41,41271,2018-0,263,2467,469351480, 내역 2018년 6월
4146134030,41,41461,2018-0,6,66,14618320, 내역 2018년 6월
4161025935,41,41610,2018-0,24,505,103009040, 내역 2018년 6월
4146132023,41,41461,2018-0,45,762,193186060, 내역 2018년 6월
4122025622,41,41220,2018-0,113,2136,573913980, 내역 2018년 6월
4150010800,41,41500,2018-0,34,255,50702920, 내역 2018년 6월
1111015000,11,11110,2018-0,1,25,4303800, 내역 2018년 6월
4148010800,41,41480,2018-0,138,1362,276804960, 내역 2018년 6월
4146134025,41,41461,2018-0,26,938,200022300, 내역 2018년 6월
4159037023,41,41590,2018-0,196,3347,860617640, 내역 2018년 6월
4146136025,41,41461,2018-0,14,338,103272400, 내역 2018년 6월
4159013500,41,41590,2018-0,12,142,30763100, 내역 2018년 6월
4163033022,41,41630,2018-0,25,416,82578500, 내역 2018년 6월
4159041027,41,41590,2018-0,104,1323,330248200, 내역 2018년 6월
4155034033,41,41550,2018-0,24,1493,398610920, 내역 2018년 6월
4159012800,41,41590,2018-0,167,9247,2628615560, 내역 2018년 6월
4150031032,41,41500,2018-0,12,212,52599600, 내역 2018년 6월
2823710700,28,28237,2018-0,146,1487,274814860, 내역 2018년 6월
4155036023,41,41550,2018-0,31,517,117170080, 내역 2018년 6월
1144011300,11,11440,2018-0,28,315,66979920, 내역 2018년 6월
1144011200,11,11440,2018-0,12,77,15960200, 내역 2018년 6월
4157034022,41,41570,2018-0,95,958,232221700, 내역 2018년 6월
4155041023,41,41550,2018-0,22,332,76207440, 내역 2018년 6월
4159041032,41,41590,2018-0,72,1223,300229780, 내역 2018년 6월
4129010200,41,41290,2018-0,37,495,88475480, 내역 2018년 6월
4146136030,41,41461,2018-0,24,363,94284160, 내역 2018년 6월
4157035030,41,41570,2018-0,59,917,231993240, 내역 2018년 6월
4141010100,41,41410,2018-0,190,3675,770852000, 내역 2018년 6월
4159036034,41,41590,2018-0,67,846,208019840, 내역 2018년 6월
4182031034,41,41820,2018-0,3,41,9066740, 내역 2018년 6월
4113310700,41,41133,2018-0,66,679,146973940, 내역 2018년 6월
4115010200,41,41150,2018-0,149,1907,341111260, 내역 2018년 6월
4165031022,41,41650,2018-0,65,1384,303865460, 내역 2018년 6월
4122031024,41,41220,2018-0,27,388,95159580, 내역 2018년 6월
4113511700,41,41135,2018-0,22,748,219921540, 내역 2018년 6월
4155039033,41,41550,2018-0,21,549,136673880, 내역 2018년 6월
4121010100,41,41210,2018-0,210,3691,738299520, 내역 2018년 6월
4146510700,41,41465,2018-0,196,2443,581164920, 내역 2018년 6월
4137012400,41,41370,2018-0,44,623,159057520, 내역 2018년 6월
4159040026,41,41590,2018-0,97,1921,549893680, 내역 2018년 6월
4155012700,41,41550,2018-0,11,85,15050180, 내역 2018년 6월
4122032022,41,41220,2018-0,37,604,148388880, 내역 2018년 6월
4159032026,41,41590,2018-0,6,222,61353360, 내역 2018년 6월
4159012100,41,41590,2018-0,70,612,138794780, 내역 2018년 6월
4139012900,41,41390,2018-0,135,1707,366794540, 내역 2018년 6월
4157010600,41,41570,2018-0,257,2584,566195080, 내역 2018년 6월
4161025934,41,41610,2018-0,59,606,136700860, 내역 2018년 6월
4159013800,41,41590,2018-0,78,1366,349761440, 내역 2018년 6월
4159035021,41,41590,2018-0,84,1199,309822880, 내역 2018년 6월
4165033025,41,41650,2018-0,73,741,158036220, 내역 2018년 6월
4111513700,41,41115,2018-0,24,354,77076240, 내역 2018년 6월
1159010600,11,11590,2018-0,21,226,46294000, 내역 2018년 6월
4136025025,41,41360,2018-0,52,446,87116340, 내역 2018년 6월
4139012600,41,41390,2018-0,69,628,143956220, 내역 2018년 6월
1111015100,11,11110,2018-0,56,462,80951280, 내역 2018년 6월
4139010100,41,41390,2018-0,295,5593,1536063620, 내역 2018년 6월
4165034022,41,41650,2018-0,35,641,129455080, 내역 2018년 6월
4163034027,41,41630,2018-0,5,66,18697820, 내역 2018년 6월
4161011000,41,41610,2018-0,165,1996,455115960, 내역 2018년 6월
4127110900,41,41271,2018-0,104,1261,248945660, 내역 2018년 6월
4136025021,41,41360,2018-0,115,964,205243280, 내역 2018년 6월
2818510500,28,28185,2018-0,167,3309,782900280, 내역 2018년 6월
1111017200,11,11110,2018-0,31,279,50028880, 내역 2018년 6월
4139010900,41,41390,2018-0,69,565,121319420, 내역 2018년 6월
4163025025,41,41630,2018-0,82,1495,320028200, 내역 2018년 6월
4163010600,41,41630,2018-0,59,556,95427160, 내역 2018년 6월
4131010300,41,41310,2018-0,395,3929,756614620, 내역 2018년 6월
4131010200,41,41310,2018-0,117,1169,235072600, 내역 2018년 6월
4159041021,41,41590,2018-0,36,344,72442180, 내역 2018년 6월
4136010900,41,41360,2018-0,49,555,100017960, 내역 2018년 6월
4148025323,41,41480,2018-0,50,1056,231615240, 내역 2018년 6월
4122025928,41,41220,2018-0,43,1561,463541220, 내역 2018년 6월
4163032026,41,41630,2018-0,60,900,209353340, 내역 2018년 6월
4161025323,41,41610,2018-0,30,274,64435660, 내역 2018년 6월
4159025925,41,41590,2018-0,204,3815,1014876320, 내역 2018년 6월
2823710100,28,28237,2018-0,499,7210,1461522340, 내역 2018년 6월
4150037022,41,41500,2018-0,8,57,12119640, 내역 2018년 6월
4159025929,41,41590,2018-0,103,1549,398689260, 내역 2018년 6월
4155025026,41,41550,2018-0,44,913,171707280, 내역 2018년 6월
4139010600,41,41390,2018-0,158,1850,410264980, 내역 2018년 6월
4161010300,41,41610,2018-0,190,6879,1797168660, 내역 2018년 6월
4150033024,41,41500,2018-0,15,119,24037960, 내역 2018년 6월
4111513800,41,41115,2018-0,123,1158,248579680, 내역 2018년 6월
4159025321,41,41590,2018-0,54,953,184882440, 내역 2018년 6월
4148011000,41,41480,2018-0,68,748,163873080, 내역 2018년 6월
4128510700,41,41285,2018-0,147,1779,352814640, 내역 2018년 6월
4159025936,41,41590,2018-0,132,1710,428045260, 내역 2018년 6월
4128110200,41,41281,2018-0,30,292,72133140, 내역 2018년 6월
4148012100,41,41480,2018-0,59,576,128813020, 내역 2018년 6월
4148010600,41,41480,2018-0,49,647,138165320, 내역 2018년 6월
4148032023,41,41480,2018-0,28,564,114937900, 내역 2018년 6월
4180025321,41,41800,2018-0,66,693,141700980, 내역 2018년 6월
4148036026,41,41480,2018-0,9,92,19590080, 내역 2018년 6월
4119510800,41,41195,2018-0,25,240,41048700, 내역 2018년 6월
4122025930,41,41220,2018-0,25,1441,449835240, 내역 2018년 6월
4159011600,41,41590,2018-0,186,1993,360288060, 내역 2018년 6월
4146132022,41,41461,2018-0,70,3608,1015915880, 내역 2018년 6월
4159013100,41,41590,2018-0,441,6526,1803945220, 내역 2018년 6월
4113111100,41,41131,2018-0,19,138,31228660, 내역 2018년 6월
4155039026,41,41550,2018-0,11,160,32283220, 내역 2018년 6월
2871035024,28,28710,2018-0,6,99,15333140, 내역 2018년 6월
4159036022,41,41590,2018-0,144,1910,484267020, 내역 2018년 6월
4150011300,41,41500,2018-0,9,189,41495200, 내역 2018년 6월
4148032031,41,41480,2018-0,20,269,60361800, 내역 2018년 6월
1129011600,11,11290,2018-0,19,139,23949380, 내역 2018년 6월
4139012500,41,41390,2018-0,48,401,93376480, 내역 2018년 6월
4111113200,41,41111,2018-0,106,955,180481220, 내역 2018년 6월
4136010300,41,41360,2018-0,228,2778,523257760, 내역 2018년 6월
4165036023,41,41650,2018-0,26,268,65725020, 내역 2018년 6월
4159025327,41,41590,2018-0,66,975,232944800, 내역 2018년 6월
4159041037,41,41590,2018-0,4,40,10816740, 내역 2018년 6월
4157035025,41,41570,2018-0,23,449,85879660, 내역 2018년 6월
1129010500,11,11290,2018-0,5,39,6037160, 내역 2018년 6월
4155035033,41,41550,2018-0,35,821,210606660, 내역 2018년 6월
4183025031,41,41830,2018-0,14,146,25071220, 내역 2018년 6월
4150025029,41,41500,2018-0,18,148,29870340, 내역 2018년 6월
4128510500,41,41285,2018-0,138,3663,871315200, 내역 2018년 6월
4136025627,41,41360,2018-0,48,425,84805400, 내역 2018년 6월
4159041038,41,41590,2018-0,32,885,259007960, 내역 2018년 6월
4159040027,41,41590,2018-0,69,1707,491598540, 내역 2018년 6월
4150034021,41,41500,2018-0,27,281,68003100, 내역 2018년 6월
4155033031,41,41550,2018-0,7,82,16673120, 내역 2018년 6월
4129010400,41,41290,2018-0,28,952,184746180, 내역 2018년 6월
4165031021,41,41650,2018-0,17,152,29465520, 내역 2018년 6월
4146125029,41,41461,2018-0,33,281,63785660, 내역 2018년 6월
4155025029,41,41550,2018-0,46,691,154563660, 내역 2018년 6월
4131010600,41,41310,2018-0,37,307,69224500, 내역 2018년 6월
4122011700,41,41220,2018-0,199,3004,632510960, 내역 2018년 6월
4111113100,41,41111,2018-0,69,1731,423507040, 내역 2018년 6월
4159035024,41,41590,2018-0,48,481,112800940, 내역 2018년 6월
4146132021,41,41461,2018-0,30,337,93293140, 내역 2018년 6월
4146510500,41,41465,2018-0,91,1138,233043740, 내역 2018년 6월
4161010800,41,41610,2018-0,99,977,204980680, 내역 2018년 6월
4157025322,41,41570,2018-0,22,208,44349000, 내역 2018년 6월
4148026221,41,41480,2018-0,78,794,172606020, 내역 2018년 6월
4128112600,41,41281,2018-0,11,176,38838300, 내역 2018년 6월
4119010100,41,41190,2018-0,192,3011,594743960, 내역 2018년 6월
4122031021,41,41220,2018-0,12,95,18078120, 내역 2018년 6월
4119011400,41,41190,2018-0,225,3441,741477600, 내역 2018년 6월
4155035027,41,41550,2018-0,17,657,223875060, 내역 2018년 6월
4183025021,41,41830,2018-0,109,1168,220998380, 내역 2018년 6월
2826011300,28,28260,2018-0,151,1511,306579180, 내역 2018년 6월
4136037021,41,41360,2018-0,70,631,119290640, 내역 2018년 6월
4183035022,41,41830,2018-0,4,26,6576380, 내역 2018년 6월
4163025021,41,41630,2018-0,76,688,122283440, 내역 2018년 6월
4146131021,41,41461,2018-0,48,682,140745380, 내역 2018년 6월
4136036025,41,41360,2018-0,9,56,9174180, 내역 2018년 6월
4157034027,41,41570,2018-0,82,811,185213020, 내역 2018년 6월
4159033028,41,41590,2018-0,21,163,38238180, 내역 2018년 6월
4122025327,41,41220,2018-0,15,294,75281940, 내역 2018년 6월
4150032024,41,41500,2018-0,16,158,33306660, 내역 2018년 6월
4155039029,41,41550,2018-0,11,101,26652320, 내역 2018년 6월
4155036038,41,41550,2018-0,7,107,22638240, 내역 2018년 6월
4146510400,41,41465,2018-0,53,454,110724320, 내역 2018년 6월
4182031021,41,41820,2018-0,38,585,164580720, 내역 2018년 6월
4148025324,41,41480,2018-0,31,324,83815840, 내역 2018년 6월
4111512900,41,41115,2018-0,12,80,16280920, 내역 2018년 6월
4146310700,41,41463,2018-0,92,11800,4238023240, 내역 2018년 6월
4122033021,41,41220,2018-0,17,190,46188800, 내역 2018년 6월
2826010300,28,28260,2018-0,107,1959,479700760, 내역 2018년 6월
4159026227,41,41590,2018-0,85,1175,295454420, 내역 2018년 6월
4163031025,41,41630,2018-0,49,605,131506700, 내역 2018년 6월
4155038023,41,41550,2018-0,36,780,188793660, 내역 2018년 6월
4182031033,41,41820,2018-0,5,206,43611100, 내역 2018년 6월
4143010300,41,41430,2018-0,72,856,202058500, 내역 2018년 6월
4159026226,41,41590,2018-0,64,795,184695460, 내역 2018년 6월
4155031031,41,41550,2018-0,6,51,10040280, 내역 2018년 6월
4113510600,41,41135,2018-0,157,2389,557387340, 내역 2018년 6월
4128112200,41,41281,2018-0,35,309,59625580, 내역 2018년 6월
4128511200,41,41285,2018-0,150,1603,325271880, 내역 2018년 6월
4128112700,41,41281,2018-0,14,86,18857340, 내역 2018년 6월
4159025628,41,41590,2018-0,49,1756,490874340, 내역 2018년 6월
4163010700,41,41630,2018-0,53,449,92311820, 내역 2018년 6월
4127111300,41,41271,2018-0,34,248,46641660, 내역 2018년 6월
4136010200,41,41360,2018-0,141,1285,269653860, 내역 2018년 6월
1159010400,11,11590,2018-0,19,183,34923840, 내역 2018년 6월
4115010300,41,41150,2018-0,46,498,120849760, 내역 2018년 6월
4115010100,41,41150,2018-0,456,6634,1477391800, 내역 2018년 6월
4111313300,41,41113,2018-0,122,1386,283471420, 내역 2018년 6월
4161025929,41,41610,2018-0,11,76,18426400, 내역 2018년 6월
4111312600,41,41113,2018-0,206,2516,438754680, 내역 2018년 6월
4150035031,41,41500,2018-0,21,375,85540820, 내역 2018년 6월
4148032030,41,41480,2018-0,37,510,119154080, 내역 2018년 6월
4161025322,41,41610,2018-0,59,621,132780920, 내역 2018년 6월
4148035025,41,41480,2018-0,41,444,101099740, 내역 2018년 6월
4157036021,41,41570,2018-0,55,551,128474520, 내역 2018년 6월
4125010300,41,41250,2018-0,142,1567,285491760, 내역 2018년 6월
4146135022,41,41461,2018-0,20,231,51477440, 내역 2018년 6월
4161025923,41,41610,2018-0,27,414,82155700, 내역 2018년 6월
1156010200,11,11560,2018-0,25,468,92143500, 내역 2018년 6월
4122025023,41,41220,2018-0,43,2253,595254900, 내역 2018년 6월
1111018100,11,11110,2018-0,8,87,16432800, 내역 2018년 6월
4165032021,41,41650,2018-0,76,756,158038740, 내역 2018년 6월
4127110500,41,41271,2018-0,69,984,232601900, 내역 2018년 6월
1120010100,11,11200,2018-0,14,167,35168520, 내역 2018년 6월
4111113500,41,41111,2018-0,124,2187,459682380, 내역 2018년 6월
4159025328,41,41590,2018-0,90,1273,288881280, 내역 2018년 6월
4148032028,41,41480,2018-0,58,1000,228320360, 내역 2018년 6월
4163034021,41,41630,2018-0,18,317,71289180, 내역 2018년 6월
4136025328,41,41360,2018-0,121,1517,298617060, 내역 2018년 6월
4128710200,41,41287,2018-0,198,2366,426959980, 내역 2018년 6월
1114011500,11,11140,2018-0,12,153,45348380, 내역 2018년 6월
4159036032,41,41590,2018-0,30,305,71363680, 내역 2018년 6월
4159040025,41,41590,2018-0,45,519,134385700, 내역 2018년 6월
4165010500,41,41650,2018-0,80,964,191266560, 내역 2018년 6월
4159033021,41,41590,2018-0,41,500,119542240, 내역 2018년 6월
4148036022,41,41480,2018-0,13,206,48128880, 내역 2018년 6월
4122034023,41,41220,2018-0,17,163,35810520, 내역 2018년 6월
4157034029,41,41570,2018-0,239,3340,834364540, 내역 2018년 6월
4150032026,41,41500,2018-0,22,486,81442560, 내역 2018년 6월
4136025924,41,41360,2018-0,70,496,108436960, 내역 2018년 6월
4159035022,41,41590,2018-0,41,396,94038540, 내역 2018년 6월
1111018700,11,11110,2018-0,18,211,44167020, 내역 2018년 6월
4113110500,41,41131,2018-0,16,196,36178960, 내역 2018년 6월
4163010500,41,41630,2018-0,32,274,48448880, 내역 2018년 6월
1120011100,11,11200,2018-0,13,84,16541180, 내역 2018년 6월
4183025028,41,41830,2018-0,17,339,78039100, 내역 2018년 6월
4155036036,41,41550,2018-0,14,124,30962400, 내역 2018년 6월
4148026222,41,41480,2018-0,63,669,149047700, 내역 2018년 6월
4161033026,41,41610,2018-0,39,450,96437060, 내역 2018년 6월
4146311300,41,41463,2018-0,111,3138,1024842940, 내역 2018년 6월
4165034024,41,41650,2018-0,13,155,34063840, 내역 2018년 6월
4136025023,41,41360,2018-0,22,178,37152680, 내역 2018년 6월
4111113000,41,41111,2018-0,195,4426,1203507760, 내역 2018년 6월
4146136021,41,41461,2018-0,69,891,206985240, 내역 2018년 6월
4159041034,41,41590,2018-0,50,683,170609580, 내역 2018년 6월
4157034026,41,41570,2018-0,87,709,169262320, 내역 2018년 6월
4159035027,41,41590,2018-0,23,294,73690860, 내역 2018년 6월
4119011200,41,41190,2018-0,23,241,56210440, 내역 2018년 6월
4148035028,41,41480,2018-0,4,56,12049320, 내역 2018년 6월
4183033021,41,41830,2018-0,20,249,65149520, 내역 2018년 6월
4183032024,41,41830,2018-0,2,14,2733980, 내역 2018년 6월
4159037028,41,41590,2018-0,60,2939,947858400, 내역 2018년 6월
4183034023,41,41830,2018-0,8,112,27917820, 내역 2018년 6월
4165010100,41,41650,2018-0,111,1814,387678640, 내역 2018년 6월
4155038027,41,41550,2018-0,45,1522,393497340, 내역 2018년 6월
4148011200,41,41480,2018-0,65,520,106268540, 내역 2018년 6월
4145011600,41,41450,2018-0,37,436,132130520, 내역 2018년 6월
4148011400,41,41480,2018-0,13,65,11750480, 내역 2018년 6월
4167025037,41,41670,2018-0,8,69,13671760, 내역 2018년 6월
4159025938,41,41590,2018-0,31,612,141932120, 내역 2018년 6월
4136026223,41,41360,2018-0,148,1566,292283320, 내역 2018년 6월
4161025927,41,41610,2018-0,49,525,111003860, 내역 2018년 6월
4161010500,41,41610,2018-0,71,816,151130420, 내역 2018년 6월
4113110100,41,41131,2018-0,143,1335,284230600, 내역 2018년 6월
4145012000,41,41450,2018-0,45,328,67950160, 내역 2018년 6월
4157034024,41,41570,2018-0,94,859,204334860, 내역 2018년 6월
4122025932,41,41220,2018-0,85,1255,334227060, 내역 2018년 6월
4146110800,41,41461,2018-0,21,154,35163800, 내역 2018년 6월
4148026227,41,41480,2018-0,45,432,81126740, 내역 2018년 6월
4159025627,41,41590,2018-0,119,1650,409558960, 내역 2018년 6월
4163011100,41,41630,2018-0,69,1183,257001020, 내역 2018년 6월
4155035026,41,41550,2018-0,22,249,53564900, 내역 2018년 6월
2871025022,28,28710,2018-0,42,633,137489260, 내역 2018년 6월
4136025322,41,41360,2018-0,60,672,131385560, 내역 2018년 6월
4183033028,41,41830,2018-0,10,69,15113780, 내역 2018년 6월
4146310100,41,41463,2018-0,189,2764,599378380, 내역 2018년 6월
4159025325,41,41590,2018-0,54,1022,171043380, 내역 2018년 6월
4119011100,41,41190,2018-0,72,1166,207898060, 내역 2018년 6월
2817710100,28,28177,2018-0,200,2662,550191840, 내역 2018년 6월
4159036031,41,41590,2018-0,117,1939,502719400, 내역 2018년 6월
4159025927,41,41590,2018-0,26,297,75007320, 내역 2018년 6월
2823710600,28,28237,2018-0,162,1792,396731320, 내역 2018년 6월
4163011700,41,41630,2018-0,54,677,121519880, 내역 2018년 6월
4148011600,41,41480,2018-0,31,229,51768300, 내역 2018년 6월
4146510600,41,41465,2018-0,105,1147,276652220, 내역 2018년 6월
2811013600,28,28110,2018-0,12,121,17908820, 내역 2018년 6월
4137011400,41,41370,2018-0,72,1482,363304760, 내역 2018년 6월
4148036021,41,41480,2018-0,11,125,26835980, 내역 2018년 6월
4148037030,41,41480,2018-0,10,50,9015300, 내역 2018년 6월
4125010700,41,41250,2018-0,68,1623,362817800, 내역 2018년 6월
2871035027,28,28710,2018-0,5,65,13271720, 내역 2018년 6월
4119012200,41,41190,2018-0,15,246,64860760, 내역 2018년 6월
4113511300,41,41135,2018-0,27,308,67100780, 내역 2018년 6월
4128111700,41,41281,2018-0,58,598,116291760, 내역 2018년 6월
4155012400,41,41550,2018-0,27,179,35036720, 내역 2018년 6월
4122025621,41,41220,2018-0,56,1573,472578740, 내역 2018년 6월
1129012100,11,11290,2018-0,10,64,13583980, 내역 2018년 6월
4111112900,41,41111,2018-0,101,4180,730729300, 내역 2018년 6월
4159034035,41,41590,2018-0,21,177,39245000, 내역 2018년 6월
4122037021,41,41220,2018-0,2,18,5276460, 내역 2018년 6월
4127110100,41,41271,2018-0,65,1099,242741800, 내역 2018년 6월
4159041022,41,41590,2018-0,118,2401,652527240, 내역 2018년 6월
4165037022,41,41650,2018-0,14,175,35820440, 내역 2018년 6월
4136025323,41,41360,2018-0,73,835,173754120, 내역 2018년 6월
4159034032,41,41590,2018-0,23,287,69051880, 내역 2018년 6월
4122025627,41,41220,2018-0,22,392,89937440, 내역 2018년 6월
4119510900,41,41195,2018-0,31,283,63970800, 내역 2018년 6월
4150034027,41,41500,2018-0,24,935,231732580, 내역 2018년 6월
4157025321,41,41570,2018-0,40,256,51388520, 내역 2018년 6월
4183031023,41,41830,2018-0,7,56,12434700, 내역 2018년 6월
2872033022,28,28720,2018-0,10,59,9089800, 내역 2018년 6월
4122025931,41,41220,2018-0,9,254,63348160, 내역 2018년 6월
2814010300,28,28140,2018-0,218,5667,1936564280, 내역 2018년 6월
4155033029,41,41550,2018-0,31,1323,327680500, 내역 2018년 6월
4155025021,41,41550,2018-0,22,467,145198740, 내역 2018년 6월
4161037026,41,41610,2018-0,3,10,1695140, 내역 2018년 6월
4180025025,41,41800,2018-0,11,163,34044280, 내역 2018년 6월
4155038028,41,41550,2018-0,23,457,117429600, 내역 2018년 6월
4146310500,41,41463,2018-0,86,1185,273737380, 내역 2018년 6월
4136025626,41,41360,2018-0,37,260,50626780, 내역 2018년 6월
4148025029,41,41480,2018-0,20,240,59506140, 내역 2018년 6월
4150025326,41,41500,2018-0,15,238,46893880, 내역 2018년 6월
2823710200,28,28237,2018-0,309,4861,1123501600, 내역 2018년 6월
4150010300,41,41500,2018-0,107,1661,339379560, 내역 2018년 6월
4148025022,41,41480,2018-0,32,1091,325252760, 내역 2018년 6월
4136025321,41,41360,2018-0,111,1307,261215460, 내역 2018년 6월
4127111100,41,41271,2018-0,62,659,158786080, 내역 2018년 6월
4150035030,41,41500,2018-0,4,18,4271420, 내역 2018년 6월
4159011700,41,41590,2018-0,196,1997,375349900, 내역 2018년 6월
4165041022,41,41650,2018-0,15,206,43098580, 내역 2018년 6월
4180025021,41,41800,2018-0,57,594,117462020, 내역 2018년 6월
4111312900,41,41113,2018-0,123,3092,641217660, 내역 2018년 6월
4122025321,41,41220,2018-0,34,635,126949080, 내역 2018년 6월
4150032023,41,41500,2018-0,12,164,37714780, 내역 2018년 6월
4159025334,41,41590,2018-0,71,1138,272667200, 내역 2018년 6월
4146133028,41,41461,2018-0,69,776,185159700, 내역 2018년 6월
4165035022,41,41650,2018-0,8,66,17046800, 내역 2018년 6월
4157034025,41,41570,2018-0,99,1089,267525000, 내역 2018년 6월
4159042030,41,41590,2018-0,66,2014,554030100, 내역 2018년 6월
2811011100,28,28110,2018-0,3,78,17823880, 내역 2018년 6월
4159041028,41,41590,2018-0,82,849,208244020, 내역 2018년 6월
4128110500,41,41281,2018-0,83,733,147834220, 내역 2018년 6월
4155012500,41,41550,2018-0,37,804,199317140, 내역 2018년 6월
4165036021,41,41650,2018-0,45,1301,280835360, 내역 2018년 6월
4127110400,41,41271,2018-0,196,2121,424306120, 내역 2018년 6월
2811011800,28,28110,2018-0,350,5732,1463394920, 내역 2018년 6월
4148037021,41,41480,2018-0,6,113,22524880, 내역 2018년 6월
4150034026,41,41500,2018-0,17,240,48538320, 내역 2018년 6월
4146125323,41,41461,2018-0,16,146,29414100, 내역 2018년 6월
4143010200,41,41430,2018-0,45,524,125184440, 내역 2018년 6월
2811012500,28,28110,2018-0,11,136,22261300, 내역 2018년 6월
4155041030,41,41550,2018-0,2,44,9605280, 내역 2018년 6월
4167010700,41,41670,2018-0,54,633,131435380, 내역 2018년 6월
4113110400,41,41131,2018-0,54,826,149103660, 내역 2018년 6월
4146125625,41,41461,2018-0,3,16,3358860, 내역 2018년 6월
4161036021,41,41610,2018-0,2,13,2860080, 내역 2018년 6월
4165033027,41,41650,2018-0,40,575,121492480, 내역 2018년 6월
4122035032,41,41220,2018-0,4,28,7466700, 내역 2018년 6월
4148031025,41,41480,2018-0,94,951,217437180, 내역 2018년 6월
4146133029,41,41461,2018-0,66,1106,275495520, 내역 2018년 6월
4155035025,41,41550,2018-0,14,175,36955940, 내역 2018년 6월
1117011400,11,11170,2018-0,9,54,11392960, 내역 2018년 6월
4163034025,41,41630,2018-0,25,301,64817020, 내역 2018년 6월
4150037030,41,41500,2018-0,10,119,25819820, 내역 2018년 6월
4148012200,41,41480,2018-0,64,609,115138240, 내역 2018년 6월
4182034521,41,41820,2018-0,8,62,11236320, 내역 2018년 6월
4139012700,41,41390,2018-0,72,774,157513780, 내역 2018년 6월
4128111400,41,41281,2018-0,40,632,117143620, 내역 2018년 6월
4139011800,41,41390,2018-0,50,431,85294100, 내역 2018년 6월
4157034033,41,41570,2018-0,72,888,213319520, 내역 2018년 6월
2871042021,28,28710,2018-0,3,14,2674600, 내역 2018년 6월
4155040028,41,41550,2018-0,3,23,5605480, 내역 2018년 6월
4113111200,41,41131,2018-0,25,265,81854320, 내역 2018년 6월
4146110200,41,41461,2018-0,94,1215,275360980, 내역 2018년 6월
4167010200,41,41670,2018-0,61,641,121262240, 내역 2018년 6월
4146131027,41,41461,2018-0,43,634,150184880, 내역 2018년 6월
4136010800,41,41360,2018-0,46,602,126065720, 내역 2018년 6월
4136025621,41,41360,2018-0,77,767,171735640, 내역 2018년 6월
4150037032,41,41500,2018-0,12,129,27957680, 내역 2018년 6월
4157010900,41,41570,2018-0,97,734,168314600, 내역 2018년 6월
4122025328,41,41220,2018-0,5,86,21074900, 내역 2018년 6월
4150038021,41,41500,2018-0,8,78,20905920, 내역 2018년 6월
4111313500,41,41113,2018-0,87,828,169154960, 내역 2018년 6월
4155038022,41,41550,2018-0,40,607,147334920, 내역 2018년 6월
1150011200,11,11500,2018-0,9,61,13803600, 내역 2018년 6월
4150038022,41,41500,2018-0,2,13,2660420, 내역 2018년 6월
4146311000,41,41463,2018-0,52,1089,191948760, 내역 2018년 6월
4159012300,41,41590,2018-0,41,542,112456860, 내역 2018년 6월
4183033023,41,41830,2018-0,2,30,4990080, 내역 2018년 6월
4182033030,41,41820,2018-0,4,16,2991340, 내역 2018년 6월
4165025029,41,41650,2018-0,78,860,183249700, 내역 2018년 6월
4137010300,41,41370,2018-0,178,2861,660938160, 내역 2018년 6월
4146125021,41,41461,2018-0,67,1120,242812020, 내역 2018년 6월
4148031022,41,41480,2018-0,41,368,79148040, 내역 2018년 6월
4155032021,41,41550,2018-0,9,40,7112260, 내역 2018년 6월
4125011000,41,41250,2018-0,28,846,185474680, 내역 2018년 6월
4127310200,41,41273,2018-0,66,717,136700080, 내역 2018년 6월
4163011500,41,41630,2018-0,45,413,80166920, 내역 2018년 6월
4159036024,41,41590,2018-0,74,1371,318828200, 내역 2018년 6월
2811011400,28,28110,2018-0,7,78,16892900, 내역 2018년 6월
4137011200,41,41370,2018-0,33,486,80527740, 내역 2018년 6월
4111512800,41,41115,2018-0,17,310,74558980, 내역 2018년 6월
4155036032,41,41550,2018-0,12,237,52196920, 내역 2018년 6월
4122012200,41,41220,2018-0,34,536,74281660, 내역 2018년 6월
4159041029,41,41590,2018-0,59,589,139276180, 내역 2018년 6월
4122010600,41,41220,2018-0,79,1752,479928800, 내역 2018년 6월
4163010300,41,41630,2018-0,72,808,148926000, 내역 2018년 6월
4115011100,41,41150,2018-0,81,1084,231485520, 내역 2018년 6월
4159034033,41,41590,2018-0,16,161,36252920, 내역 2018년 6월
4157010500,41,41570,2018-0,73,666,152695360, 내역 2018년 6월
4122010200,41,41220,2018-0,72,1971,532787140, 내역 2018년 6월
4146135032,41,41461,2018-0,10,517,125006440, 내역 2018년 6월
4155036022,41,41550,2018-0,7,63,14348560, 내역 2018년 6월
4183040024,41,41830,2018-0,27,369,71774040, 내역 2018년 6월
4127311100,41,41273,2018-0,30,250,53239300, 내역 2018년 6월
4161025932,41,41610,2018-0,34,380,88982760, 내역 2018년 6월
4146125629,41,41461,2018-0,17,261,64266600, 내역 2018년 6월
4182025021,41,41820,2018-0,104,1134,220404000, 내역 2018년 6월
4122012700,41,41220,2018-0,63,696,157649780, 내역 2018년 6월
4146136024,41,41461,2018-0,34,763,220094100, 내역 2018년 6월
4150035025,41,41500,2018-0,39,982,217493280, 내역 2018년 6월
4136011000,41,41360,2018-0,77,774,156925420, 내역 2018년 6월
4183034024,41,41830,2018-0,17,116,21214880, 내역 2018년 6월
2817710700,28,28177,2018-0,63,1181,264195460, 내역 2018년 6월
4161033027,41,41610,2018-0,58,835,182802320, 내역 2018년 6월
4167011700,41,41670,2018-0,17,338,78504880, 내역 2018년 6월
4136031021,41,41360,2018-0,65,668,122577260, 내역 2018년 6월
4159040022,41,41590,2018-0,131,2659,687792440, 내역 2018년 6월
4122025923,41,41220,2018-0,69,936,236864420, 내역 2018년 6월
4167034030,41,41670,2018-0,8,84,15706400, 내역 2018년 6월
4182025029,41,41820,2018-0,6,53,7423900, 내역 2018년 6월
4146125628,41,41461,2018-0,11,59,11555220, 내역 2018년 6월
4122031029,41,41220,2018-0,29,966,266079300, 내역 2018년 6월
4146134022,41,41461,2018-0,14,155,38227300, 내역 2018년 6월
2811013300,28,28110,2018-0,10,128,22741680, 내역 2018년 6월
4146136022,41,41461,2018-0,35,729,170938280, 내역 2018년 6월
4167036033,41,41670,2018-0,6,85,15583120, 내역 2018년 6월
4183041027,41,41830,2018-0,1,11,2519340, 내역 2018년 6월
4159032025,41,41590,2018-0,28,202,42388200, 내역 2018년 6월
4182025027,41,41820,2018-0,5,55,14309200, 내역 2018년 6월
4159037029,41,41590,2018-0,22,302,76719860, 내역 2018년 6월
4146135027,41,41461,2018-0,13,148,31570720, 내역 2018년 6월
4128111300,41,41281,2018-0,50,460,95241380, 내역 2018년 6월
4155012200,41,41550,2018-0,3,24,4615640, 내역 2018년 6월
4150037024,41,41500,2018-0,6,31,7138900, 내역 2018년 6월
2872033021,28,28720,2018-0,36,280,47724760, 내역 2018년 6월
2871036021,28,28710,2018-0,8,68,14936080, 내역 2018년 6월
4155042024,41,41550,2018-0,12,605,156217820, 내역 2018년 6월
4167032032,41,41670,2018-0,12,103,23538580, 내역 2018년 6월
4115011000,41,41150,2018-0,180,2389,471267760, 내역 2018년 6월
4155040021,41,41550,2018-0,16,232,56660840, 내역 2018년 6월
2872037021,28,28720,2018-0,7,66,6460380, 내역 2018년 6월
4167010300,41,41670,2018-0,25,166,30305720, 내역 2018년 6월
4127111000,41,41271,2018-0,39,514,134937640, 내역 2018년 6월
4122034025,41,41220,2018-0,53,1490,415008800, 내역 2018년 6월
4141010800,41,41410,2018-0,72,577,132002300, 내역 2018년 6월
4155034035,41,41550,2018-0,17,199,49124420, 내역 2018년 6월
4145011500,41,41450,2018-0,14,200,49004520, 내역 2018년 6월
4159025622,41,41590,2018-0,26,522,130746440, 내역 2018년 6월
4111512200,41,41115,2018-0,15,108,20836840, 내역 2018년 6월
4150031029,41,41500,2018-0,19,238,50155860, 내역 2018년 6월
4167035026,41,41670,2018-0,3,98,21841840, 내역 2018년 6월
4155031025,41,41550,2018-0,8,128,29952600, 내역 2018년 6월
2871035025,28,28710,2018-0,6,116,19309300, 내역 2018년 6월
4157025625,41,41570,2018-0,51,718,161799380, 내역 2018년 6월
4159025933,41,41590,2018-0,27,659,160220000, 내역 2018년 6월
4161025924,41,41610,2018-0,33,407,94408460, 내역 2018년 6월
4137011000,41,41370,2018-0,55,635,139566300, 내역 2018년 6월
4157010100,41,41570,2018-0,100,1221,262983540, 내역 2018년 6월
4111710400,41,41117,2018-0,121,1109,282771900, 내역 2018년 6월
4122012600,41,41220,2018-0,24,369,76858460, 내역 2018년 6월
4161034027,41,41610,2018-0,2,10,2582260, 내역 2018년 6월
4137012000,41,41370,2018-0,39,1285,340224340, 내역 2018년 6월
4167036022,41,41670,2018-0,11,173,32682020, 내역 2018년 6월
4148010400,41,41480,2018-0,59,620,131282220, 내역 2018년 6월
4167034032,41,41670,2018-0,5,45,8922760, 내역 2018년 6월
4148035022,41,41480,2018-0,39,470,111350380, 내역 2018년 6월
4128710300,41,41287,2018-0,98,1218,259143420, 내역 2018년 6월
4155031028,41,41550,2018-0,12,390,100628020, 내역 2018년 6월
2826010500,28,28260,2018-0,31,331,59502760, 내역 2018년 6월
4150025332,41,41500,2018-0,15,205,41882260, 내역 2018년 6월
4159034034,41,41590,2018-0,29,300,76762700, 내역 2018년 6월
4159036033,41,41590,2018-0,20,312,83290720, 내역 2018년 6월
4163031023,41,41630,2018-0,73,997,214630880, 내역 2018년 6월
4167025035,41,41670,2018-0,17,300,72037580, 내역 2018년 6월
4137010100,41,41370,2018-0,144,2173,444485100, 내역 2018년 6월
4157025023,41,41570,2018-0,54,1149,299516280, 내역 2018년 6월
4148025626,41,41480,2018-0,14,160,30060260, 내역 2018년 6월
4157034028,41,41570,2018-0,21,145,32775380, 내역 2018년 6월
4180036022,41,41800,2018-0,10,43,7675860, 내역 2018년 6월
4159013600,41,41590,2018-0,20,142,37624280, 내역 2018년 6월
4122033023,41,41220,2018-0,17,215,44499900, 내역 2018년 6월
4161025326,41,41610,2018-0,87,931,213810180, 내역 2018년 6월
2826010800,28,28260,2018-0,73,947,185719760, 내역 2018년 6월
2871033024,28,28710,2018-0,13,65,11441660, 내역 2018년 6월
4122025029,41,41220,2018-0,9,93,18122900, 내역 2018년 6월
4146132026,41,41461,2018-0,38,1274,286931580, 내역 2018년 6월
4128510300,41,41285,2018-0,98,991,187351220, 내역 2018년 6월
4163010200,41,41630,2018-0,2,32,4805020, 내역 2018년 6월
4146133021,41,41461,2018-0,30,392,88890420, 내역 2018년 6월
4165038024,41,41650,2018-0,13,96,17953420, 내역 2018년 6월
4159025937,41,41590,2018-0,40,355,82450300, 내역 2018년 6월
4165033022,41,41650,2018-0,15,122,24327680, 내역 2018년 6월
4167010100,41,41670,2018-0,34,342,55189960, 내역 2018년 6월
4161011200,41,41610,2018-0,49,761,149469360, 내역 2018년 6월
2823710900,28,28237,2018-0,39,801,204977780, 내역 2018년 6월
4159026223,41,41590,2018-0,59,714,196753800, 내역 2018년 6월
4128710100,41,41287,2018-0,146,1510,301949300, 내역 2018년 6월
4159031026,41,41590,2018-0,12,57,10628520, 내역 2018년 6월
4155041028,41,41550,2018-0,4,33,7081280, 내역 2018년 6월
4159025326,41,41590,2018-0,49,460,103264400, 내역 2018년 6월
4125010200,41,41250,2018-0,69,591,109371420, 내역 2018년 6월
4167037023,41,41670,2018-0,4,19,2945820, 내역 2018년 6월
4137010900,41,41370,2018-0,17,158,28785800, 내역 2018년 6월
2811011500,28,28110,2018-0,4,105,18735260, 내역 2018년 6월
4139010800,41,41390,2018-0,41,511,102739940, 내역 2018년 6월
4150035027,41,41500,2018-0,8,102,22455340, 내역 2018년 6월
4113510400,41,41135,2018-0,26,566,107254360, 내역 2018년 6월
4159011900,41,41590,2018-0,87,1438,334274700, 내역 2018년 6월
4146135030,41,41461,2018-0,11,120,24510140, 내역 2018년 6월
4167034021,41,41670,2018-0,8,32,5716460, 내역 2018년 6월
4163032024,41,41630,2018-0,24,1040,276587500, 내역 2018년 6월
4155033030,41,41550,2018-0,13,231,56102160, 내역 2018년 6월
4122010800,41,41220,2018-0,38,609,108975040, 내역 2018년 6월
4150034022,41,41500,2018-0,13,196,45020600, 내역 2018년 6월
4155032022,41,41550,2018-0,7,116,25290760, 내역 2018년 6월
4165010200,41,41650,2018-0,39,483,96833120, 내역 2018년 6월
4159025632,41,41590,2018-0,38,505,119172940, 내역 2018년 6월
4150011500,41,41500,2018-0,9,53,10107420, 내역 2018년 6월
4155033034,41,41550,2018-0,1,5,539340, 내역 2018년 6월
4182032522,41,41820,2018-0,14,169,25637640, 내역 2018년 6월
4163011300,41,41630,2018-0,32,453,100352380, 내역 2018년 6월
4111710700,41,41117,2018-0,123,1469,344650060, 내역 2018년 6월
4122034026,41,41220,2018-0,36,883,200491120, 내역 2018년 6월
4159037021,41,41590,2018-0,33,328,77373040, 내역 2018년 6월
4122011100,41,41220,2018-0,43,426,91914760, 내역 2018년 6월
4165010300,41,41650,2018-0,64,684,120823480, 내역 2018년 6월
4167035021,41,41670,2018-0,3,31,5268340, 내역 2018년 6월
4150034030,41,41500,2018-0,36,864,189631240, 내역 2018년 6월
4163025026,41,41630,2018-0,24,295,54223360, 내역 2018년 6월
4159040024,41,41590,2018-0,122,1850,481068980, 내역 2018년 6월
4182031025,41,41820,2018-0,25,722,158759520, 내역 2018년 6월
4159041036,41,41590,2018-0,30,714,189782960, 내역 2018년 6월
4111113600,41,41111,2018-0,118,1809,401770280, 내역 2018년 6월
4122010400,41,41220,2018-0,44,6182,2300507200, 내역 2018년 6월
4148025321,41,41480,2018-0,17,194,41663460, 내역 2018년 6월
4122011400,41,41220,2018-0,62,675,149744140, 내역 2018년 6월
4167037027,41,41670,2018-0,5,56,10774200, 내역 2018년 6월
4159036036,41,41590,2018-0,42,498,123009660, 내역 2018년 6월
4122025324,41,41220,2018-0,15,121,25057640, 내역 2018년 6월
4155025025,41,41550,2018-0,57,792,162590560, 내역 2018년 6월
2872035026,28,28720,2018-0,1,4,1570300, 내역 2018년 6월
2824510600,28,28245,2018-0,70,540,100830280, 내역 2018년 6월
4150010400,41,41500,2018-0,15,110,23748680, 내역 2018년 6월
4148025326,41,41480,2018-0,25,496,114484180, 내역 2018년 6월
4155012600,41,41550,2018-0,19,305,60020960, 내역 2018년 6월
4122011900,41,41220,2018-0,114,1037,265976680, 내역 2018년 6월
4139012000,41,41390,2018-0,26,221,43771620, 내역 2018년 6월
4148038023,41,41480,2018-0,1,6,942820, 내역 2018년 6월
4122025926,41,41220,2018-0,49,1039,259922200, 내역 2018년 6월
4165025021,41,41650,2018-0,100,1252,262617040, 내역 2018년 6월
2818510200,28,28185,2018-0,78,724,131734440, 내역 2018년 6월
4157036031,41,41570,2018-0,45,459,104174680, 내역 2018년 6월
4163031022,41,41630,2018-0,39,395,89552260, 내역 2018년 6월
4183040021,41,41830,2018-0,8,54,9399640, 내역 2018년 6월
4159025329,41,41590,2018-0,10,62,14996100, 내역 2018년 6월
2811011200,28,28110,2018-0,3,48,8507860, 내역 2018년 6월
4163032025,41,41630,2018-0,8,102,25707060, 내역 2018년 6월
2871031025,28,28710,2018-0,40,495,110394140, 내역 2018년 6월
4136036024,41,41360,2018-0,3,28,5317520, 내역 2018년 6월
4122033024,41,41220,2018-0,7,81,16871460, 내역 2018년 6월
2871025023,28,28710,2018-0,9,78,15717020, 내역 2018년 6월
4150036024,41,41500,2018-0,10,97,21340380, 내역 2018년 6월
4155012300,41,41550,2018-0,12,201,27602880, 내역 2018년 6월
4122025322,41,41220,2018-0,23,248,61064940, 내역 2018년 6월
4122025323,41,41220,2018-0,22,588,133704800, 내역 2018년 6월
4113110600,41,41131,2018-0,24,370,52823440, 내역 2018년 6월
4146135033,41,41461,2018-0,11,103,21166080, 내역 2018년 6월
4127311200,41,41273,2018-0,14,234,50289320, 내역 2018년 6월
4167025032,41,41670,2018-0,26,1004,303309760, 내역 2018년 6월
4161010600,41,41610,2018-0,41,662,127306040, 내역 2018년 6월
4163025023,41,41630,2018-0,26,270,46644680, 내역 2018년 6월
4122037030,41,41220,2018-0,7,34,7362440, 내역 2018년 6월
4161025930,41,41610,2018-0,35,403,88089280, 내역 2018년 6월
4155010100,41,41550,2018-0,52,604,108909060, 내역 2018년 6월
4165035023,41,41650,2018-0,25,319,87227000, 내역 2018년 6월
4155038024,41,41550,2018-0,33,397,99012280, 내역 2018년 6월
4148025625,41,41480,2018-0,36,572,118127440, 내역 2018년 6월
4137010200,41,41370,2018-0,35,493,131364820, 내역 2018년 6월
4180033025,41,41800,2018-0,4,24,5934120, 내역 2018년 6월
4183033026,41,41830,2018-0,2,16,4208280, 내역 2018년 6월
4167035037,41,41670,2018-0,9,93,22147180, 내역 2018년 6월
4182033021,41,41820,2018-0,8,51,8769180, 내역 2018년 6월
4182032523,41,41820,2018-0,7,53,9240600, 내역 2018년 6월
4159032027,41,41590,2018-0,55,641,156591780, 내역 2018년 6월
2824511300,28,28245,2018-0,20,171,36464780, 내역 2018년 6월
2820010600,28,28200,2018-0,45,405,82133000, 내역 2018년 6월
4150025329,41,41500,2018-0,11,114,19511160, 내역 2018년 6월
4122010500,41,41220,2018-0,24,220,55726440, 내역 2018년 6월
4165034028,41,41650,2018-0,4,49,10966260, 내역 2018년 6월
4159025331,41,41590,2018-0,33,314,70973000, 내역 2018년 6월
4161033022,41,41610,2018-0,49,643,142795340, 내역 2018년 6월
4155036031,41,41550,2018-0,17,254,57757520, 내역 2018년 6월
4155040025,41,41550,2018-0,8,171,33765900, 내역 2018년 6월
4161036023,41,41610,2018-0,3,37,12147320, 내역 2018년 6월
4148031021,41,41480,2018-0,46,432,95485940, 내역 2018년 6월
4182033028,41,41820,2018-0,1,8,1295440, 내역 2018년 6월
4165041021,41,41650,2018-0,31,569,116989240, 내역 2018년 6월
4155033032,41,41550,2018-0,4,152,34357920, 내역 2018년 6월
4180025322,41,41800,2018-0,34,376,70213320, 내역 2018년 6월
4122032025,41,41220,2018-0,19,312,71283000, 내역 2018년 6월
4155032025,41,41550,2018-0,9,130,29953860, 내역 2018년 6월
4161025933,41,41610,2018-0,41,411,90551380, 내역 2018년 6월
4155034029,41,41550,2018-0,21,504,141182980, 내역 2018년 6월
4165037021,41,41650,2018-0,8,115,25064180, 내역 2018년 6월
4165035021,41,41650,2018-0,15,271,78512020, 내역 2018년 6월
4167035027,41,41670,2018-0,5,40,8443280, 내역 2018년 6월
4165036022,41,41650,2018-0,13,235,51911840, 내역 2018년 6월
4165034026,41,41650,2018-0,10,116,29812540, 내역 2018년 6월
2826012100,28,28260,2018-0,30,223,39412160, 내역 2018년 6월
2811014500,28,28110,2018-0,90,700,164964040, 내역 2018년 6월
4111313900,41,41113,2018-0,27,381,91175660, 내역 2018년 6월
4113313200,41,41133,2018-0,31,220,36855180, 내역 2018년 6월
4155040029,41,41550,2018-0,19,241,61300300, 내역 2018년 6월
1117010600,11,11170,2018-0,4,159,38473140, 내역 2018년 6월
4139010400,41,41390,2018-0,39,675,153647380, 내역 2018년 6월
4165039022,41,41650,2018-0,7,24,5570860, 내역 2018년 6월
4146110400,41,41461,2018-0,64,2148,467674600, 내역 2018년 6월
4122012300,41,41220,2018-0,40,476,134069000, 내역 2018년 6월
2871032025,28,28710,2018-0,14,167,36065440, 내역 2018년 6월
4148037035,41,41480,2018-0,11,102,17011040, 내역 2018년 6월
2814010100,28,28140,2018-0,110,1648,440275740, 내역 2018년 6월
1129012000,11,11290,2018-0,12,86,15944200, 내역 2018년 6월
2820010500,28,28200,2018-0,106,1281,276830680, 내역 2018년 6월
4159012400,41,41590,2018-0,98,1117,254474040, 내역 2018년 6월
2820010400,28,28200,2018-0,57,719,145060520, 내역 2018년 6월
4122010900,41,41220,2018-0,105,1654,330288620, 내역 2018년 6월
2826011400,28,28260,2018-0,95,773,160576320, 내역 2018년 6월
4148025021,41,41480,2018-0,37,704,128871240, 내역 2018년 6월
4155010900,41,41550,2018-0,14,155,23269680, 내역 2018년 6월
4182035023,41,41820,2018-0,2,21,4562060, 내역 2018년 6월
4167032023,41,41670,2018-0,9,78,18429220, 내역 2018년 6월
4150011000,41,41500,2018-0,28,217,44276220, 내역 2018년 6월
4159025930,41,41590,2018-0,30,269,68366560, 내역 2018년 6월
4148010200,41,41480,2018-0,63,1007,193341480, 내역 2018년 6월
4111313400,41,41113,2018-0,91,863,183268340, 내역 2018년 6월
4167032027,41,41670,2018-0,7,78,16882740, 내역 2018년 6월
1111013100,11,11110,2018-0,11,110,23095700, 내역 2018년 6월
4146133027,41,41461,2018-0,23,410,91503040, 내역 2018년 6월
4150037021,41,41500,2018-0,10,99,25850740, 내역 2018년 6월
2826010100,28,28260,2018-0,70,1405,336339340, 내역 2018년 6월
2871033021,28,28710,2018-0,18,297,56034160, 내역 2018년 6월
2872036021,28,28720,2018-0,21,462,103910840, 내역 2018년 6월
4155025030,41,41550,2018-0,28,369,82679240, 내역 2018년 6월
4159041031,41,41590,2018-0,38,835,221063260, 내역 2018년 6월
4146310900,41,41463,2018-0,61,25082,9736921440, 내역 2018년 6월
4165031026,41,41650,2018-0,20,185,38422080, 내역 2018년 6월
2814010500,28,28140,2018-0,6,71,14699920, 내역 2018년 6월
2826010600,28,28260,2018-0,53,1210,272903080, 내역 2018년 6월
4165033023,41,41650,2018-0,64,830,171891320, 내역 2018년 6월
4159041033,41,41590,2018-0,31,483,120385100, 내역 2018년 6월
4150010700,41,41500,2018-0,28,360,90236180, 내역 2018년 6월
4139012100,41,41390,2018-0,22,267,59867860, 내역 2018년 6월
2871025024,28,28710,2018-0,38,585,106578200, 내역 2018년 6월
4122010100,41,41220,2018-0,169,2839,555889840, 내역 2018년 6월
4159025332,41,41590,2018-0,43,390,90092560, 내역 2018년 6월
4183025027,41,41830,2018-0,23,455,92021280, 내역 2018년 6월
2871038022,28,28710,2018-0,5,61,10423740, 내역 2018년 6월
4167025031,41,41670,2018-0,3,24,5312300, 내역 2018년 6월
4111113700,41,41111,2018-0,44,1387,359691360, 내역 2018년 6월
4183040027,41,41830,2018-0,6,87,15205200, 내역 2018년 6월
4159041035,41,41590,2018-0,17,286,67044940, 내역 2018년 6월
4165038023,41,41650,2018-0,10,208,59286440, 내역 2018년 6월
4139011900,41,41390,2018-0,97,737,156848040, 내역 2018년 6월
4165034027,41,41650,2018-0,3,66,16244840, 내역 2018년 6월
4115011300,41,41150,2018-0,18,130,34179880, 내역 2018년 6월
4159035030,41,41590,2018-0,6,39,10355320, 내역 2018년 6월
4180036021,41,41800,2018-0,5,20,3334340, 내역 2018년 6월
4180031021,41,41800,2018-0,5,42,7510840, 내역 2018년 6월
4183025025,41,41830,2018-0,52,846,181784820, 내역 2018년 6월
4143010400,41,41430,2018-0,57,1259,315861820, 내역 2018년 6월
4161010200,41,41610,2018-0,41,545,119605660, 내역 2018년 6월
4113310400,41,41133,2018-0,33,405,90221300, 내역 2018년 6월
4161025928,41,41610,2018-0,18,221,49985200, 내역 2018년 6월
4122012100,41,41220,2018-0,61,1132,336022540, 내역 2018년 6월
4150010600,41,41500,2018-0,14,72,14655780, 내역 2018년 6월
4148036023,41,41480,2018-0,4,25,5446240, 내역 2018년 6월
4122025021,41,41220,2018-0,26,298,79770580, 내역 2018년 6월
1120011000,11,11200,2018-0,19,160,29309820, 내역 2018년 6월
4155031024,41,41550,2018-0,10,54,10522160, 내역 2018년 6월
4137011100,41,41370,2018-0,115,1540,378883120, 내역 2018년 6월
4150036021,41,41500,2018-0,21,364,83351300, 내역 2018년 6월
4159031027,41,41590,2018-0,17,145,33849560, 내역 2018년 6월
4146132031,41,41461,2018-0,49,549,165687920, 내역 2018년 6월
4139011000,41,41390,2018-0,87,595,142219920, 내역 2018년 6월
4165037023,41,41650,2018-0,22,216,42787100, 내역 2018년 6월
4150034029,41,41500,2018-0,7,227,65359600, 내역 2018년 6월
4125011200,41,41250,2018-0,74,944,181254140, 내역 2018년 6월
4150032031,41,41500,2018-0,7,78,17071680, 내역 2018년 6월
4155041024,41,41550,2018-0,21,323,75569260, 내역 2018년 6월
4159041026,41,41590,2018-0,66,630,149673280, 내역 2018년 6월
4111513300,41,41115,2018-0,33,349,59542480, 내역 2018년 6월
4159031022,41,41590,2018-0,15,111,17996260, 내역 2018년 6월
4183040026,41,41830,2018-0,2,12,1277140, 내역 2018년 6월
4165031024,41,41650,2018-0,13,175,40803860, 내역 2018년 6월
4122012400,41,41220,2018-0,82,1116,248005980, 내역 2018년 6월
4163010800,41,41630,2018-0,75,644,131753740, 내역 2018년 6월
2824511000,28,28245,2018-0,17,137,24942460, 내역 2018년 6월
4167025022,41,41670,2018-0,5,172,40132360, 내역 2018년 6월
4167012300,41,41670,2018-0,4,52,12064960, 내역 2018년 6월
2811011700,28,28110,2018-0,5,32,8304500, 내역 2018년 6월
2811012700,28,28110,2018-0,12,140,36983960, 내역 2018년 6월
4159012200,41,41590,2018-0,36,412,78245520, 내역 2018년 6월
4159025932,41,41590,2018-0,28,634,122957360, 내역 2018년 6월
4150010100,41,41500,2018-0,80,1050,211478760, 내역 2018년 6월
4111513500,41,41115,2018-0,80,774,130891080, 내역 2018년 6월
1114012800,11,11140,2018-0,14,188,36534980, 내역 2018년 6월
4125010600,41,41250,2018-0,7,60,10599020, 내역 2018년 6월
4146133022,41,41461,2018-0,12,135,29557440, 내역 2018년 6월
4141010700,41,41410,2018-0,4,31,5275160, 내역 2018년 6월
2872034021,28,28720,2018-0,9,81,10374220, 내역 2018년 6월
4136025622,41,41360,2018-0,65,538,89353380, 내역 2018년 6월
4136034026,41,41360,2018-0,40,775,161959980, 내역 2018년 6월
4182032527,41,41820,2018-0,6,24,4703800, 내역 2018년 6월
4155033026,41,41550,2018-0,32,362,91567400, 내역 2018년 6월
4119012000,41,41190,2018-0,69,689,156770980, 내역 2018년 6월
4159025921,41,41590,2018-0,25,481,112289740, 내역 2018년 6월
4167035024,41,41670,2018-0,4,38,8381220, 내역 2018년 6월
4155013100,41,41550,2018-0,7,51,11781640, 내역 2018년 6월
4155035024,41,41550,2018-0,28,717,167046420, 내역 2018년 6월
4122033028,41,41220,2018-0,26,451,85278760, 내역 2018년 6월
1129011400,11,11290,2018-0,32,262,57144800, 내역 2018년 6월
1144010600,11,11440,2018-0,11,56,12953100, 내역 2018년 6월
4163033023,41,41630,2018-0,32,424,88028760, 내역 2018년 6월
4148037026,41,41480,2018-0,35,556,139809900, 내역 2018년 6월
4159035023,41,41590,2018-0,14,141,36304140, 내역 2018년 6월
2826010900,28,28260,2018-0,46,570,113959420, 내역 2018년 6월
2824510700,28,28245,2018-0,28,220,44300140, 내역 2018년 6월
4119011500,41,41190,2018-0,39,335,72749340, 내역 2018년 6월
1129013000,11,11290,2018-0,5,168,30458780, 내역 2018년 6월
4155040024,41,41550,2018-0,6,60,14063860, 내역 2018년 6월
4150025322,41,41500,2018-0,19,327,69899120, 내역 2018년 6월
4159025922,41,41590,2018-0,24,165,37957000, 내역 2018년 6월
4148035029,41,41480,2018-0,26,308,67536460, 내역 2018년 6월
2824511900,28,28245,2018-0,10,126,24252000, 내역 2018년 6월
4155041027,41,41550,2018-0,12,288,39143460, 내역 2018년 6월
4157034031,41,41570,2018-0,69,542,124382300, 내역 2018년 6월
4159034024,41,41590,2018-0,8,54,14440940, 내역 2018년 6월
4150025321,41,41500,2018-0,42,776,181503260, 내역 2018년 6월
4159037027,41,41590,2018-0,13,99,21689120, 내역 2018년 6월
4146110300,41,41461,2018-0,102,2142,418755840, 내역 2018년 6월
4148025622,41,41480,2018-0,28,610,125894840, 내역 2018년 6월
4159034030,41,41590,2018-0,27,323,77090900, 내역 2018년 6월
4155040023,41,41550,2018-0,26,510,103772580, 내역 2018년 6월
4159031021,41,41590,2018-0,30,1381,365416240, 내역 2018년 6월
2811012300,28,28110,2018-0,17,272,68487280, 내역 2018년 6월
4167031029,41,41670,2018-0,2,37,11933980, 내역 2018년 6월
4157035028,41,41570,2018-0,3,53,10163920, 내역 2018년 6월
4155011300,41,41550,2018-0,10,227,41379700, 내역 2018년 6월
4122025329,41,41220,2018-0,11,226,70068080, 내역 2018년 6월
4167032033,41,41670,2018-0,3,16,3778520, 내역 2018년 6월
4148035024,41,41480,2018-0,32,609,132729520, 내역 2018년 6월
4183038026,41,41830,2018-0,1,5,545220, 내역 2018년 6월
4122010700,41,41220,2018-0,43,475,105956900, 내역 2018년 6월
2811014600,28,28110,2018-0,50,566,153352760, 내역 2018년 6월
4139013000,41,41390,2018-0,27,298,59952940, 내역 2018년 6월
4137011300,41,41370,2018-0,76,760,172786440, 내역 2018년 6월
4167011100,41,41670,2018-0,13,79,16728000, 내역 2018년 6월
4146311500,41,41463,2018-0,55,848,167273860, 내역 2018년 6월
4183037021,41,41830,2018-0,11,92,20618520, 내역 2018년 6월
4157034023,41,41570,2018-0,52,460,107855300, 내역 2018년 6월
4122025045,41,41220,2018-0,28,265,63601380, 내역 2018년 6월
4165035024,41,41650,2018-0,16,236,50006360, 내역 2018년 6월
4122025929,41,41220,2018-0,23,2242,645324100, 내역 2018년 6월
4183033022,41,41830,2018-0,14,164,40008260, 내역 2018년 6월
4148032024,41,41480,2018-0,26,267,59273980, 내역 2018년 6월
4150037029,41,41500,2018-0,7,259,60399600, 내역 2018년 6월
4165032026,41,41650,2018-0,9,158,30988160, 내역 2018년 6월
4113110900,41,41131,2018-0,21,115,26781720, 내역 2018년 6월
1129013100,11,11290,2018-0,11,94,23432560, 내역 2018년 6월
4167010800,41,41670,2018-0,31,421,63281280, 내역 2018년 6월
4159025630,41,41590,2018-0,51,13221,5209245420, 내역 2018년 6월
4159033027,41,41590,2018-0,8,69,16044120, 내역 2018년 6월
4155035031,41,41550,2018-0,17,190,42666800, 내역 2018년 6월
4146125028,41,41461,2018-0,23,233,56781340, 내역 2018년 6월
2871035028,28,28710,2018-0,5,65,12841160, 내역 2018년 6월
4165039021,41,41650,2018-0,14,132,27988360, 내역 2018년 6월
4155038026,41,41550,2018-0,33,334,74445020, 내역 2018년 6월
4148037033,41,41480,2018-0,3,25,4193120, 내역 2018년 6월
4155036037,41,41550,2018-0,2,18,4348080, 내역 2018년 6월
4119010600,41,41190,2018-0,17,369,87634580, 내역 2018년 6월
2871031022,28,28710,2018-0,6,29,5637060, 내역 2018년 6월
4183025022,41,41830,2018-0,14,106,22474260, 내역 2018년 6월
4155034021,41,41550,2018-0,8,90,20277860, 내역 2018년 6월
4159035025,41,41590,2018-0,17,191,50648980, 내역 2018년 6월
4183035021,41,41830,2018-0,20,129,26547680, 내역 2018년 6월
4122025026,41,41220,2018-0,6,38,7806000, 내역 2018년 6월
4111513900,41,41115,2018-0,51,851,177093980, 내역 2018년 6월
4167012100,41,41670,2018-0,22,167,27541660, 내역 2018년 6월
4183039525,41,41830,2018-0,3,41,7626700, 내역 2018년 6월
4180033021,41,41800,2018-0,3,24,4364560, 내역 2018년 6월
1111010400,11,11110,2018-0,16,153,31658140, 내역 2018년 6월
4163032021,41,41630,2018-0,18,292,59654120, 내역 2018년 6월
4122032024,41,41220,2018-0,39,545,138680640, 내역 2018년 6월
4128111000,41,41281,2018-0,6,67,14036360, 내역 2018년 6월
4148035027,41,41480,2018-0,23,237,49468900, 내역 2018년 6월
4137012200,41,41370,2018-0,16,428,77022440, 내역 2018년 6월
4150036022,41,41500,2018-0,10,164,34067220, 내역 2018년 6월
4165040026,41,41650,2018-0,4,68,9900620, 내역 2018년 6월
4182033023,41,41820,2018-0,5,161,35717940, 내역 2018년 6월
4180032022,41,41800,2018-0,27,333,78910520, 내역 2018년 6월
4129010100,41,41290,2018-0,6,130,28349860, 내역 2018년 6월
4182034021,41,41820,2018-0,9,96,17473240, 내역 2018년 6월
4182025028,41,41820,2018-0,17,132,35156200, 내역 2018년 6월
4167033023,41,41670,2018-0,1,49,15134220, 내역 2018년 6월
4155034037,41,41550,2018-0,12,100,23098660, 내역 2018년 6월
2817710600,28,28177,2018-0,50,492,93532580, 내역 2018년 6월
4139013300,41,41390,2018-0,10,63,11787060, 내역 2018년 6월
4167025036,41,41670,2018-0,1,5,824940, 내역 2018년 6월
2811012100,28,28110,2018-0,3,20,3251140, 내역 2018년 6월
4167036035,41,41670,2018-0,11,129,24242140, 내역 2018년 6월
4148032026,41,41480,2018-0,10,266,57524560, 내역 2018년 6월
4128110900,41,41281,2018-0,26,234,65769400, 내역 2018년 6월
4155039030,41,41550,2018-0,6,59,17453440, 내역 2018년 6월
4182025026,41,41820,2018-0,3,14,3265720, 내역 2018년 6월
4122033027,41,41220,2018-0,19,166,32336220, 내역 2018년 6월
4119710300,41,41197,2018-0,3,69,14302080, 내역 2018년 6월
4155011500,41,41550,2018-0,3,14,2115040, 내역 2018년 6월
4150035034,41,41500,2018-0,5,55,13708100, 내역 2018년 6월
2817010100,28,28170,2018-0,9,93,24087640, 내역 2018년 6월
4148025327,41,41480,2018-0,19,152,29395420, 내역 2018년 6월
4146135029,41,41461,2018-0,16,235,43315980, 내역 2018년 6월
4155034032,41,41550,2018-0,9,98,24957780, 내역 2018년 6월
4161010100,41,41610,2018-0,54,590,129491120, 내역 2018년 6월
4155035030,41,41550,2018-0,9,65,11691540, 내역 2018년 6월
4155031032,41,41550,2018-0,2,6,760660, 내역 2018년 6월
4155035028,41,41550,2018-0,30,263,51099840, 내역 2018년 6월
2871037026,28,28710,2018-0,3,10,1577300, 내역 2018년 6월
4150025021,41,41500,2018-0,16,234,62312000, 내역 2018년 6월
4148025026,41,41480,2018-0,12,105,19222980, 내역 2018년 6월
4159033030,41,41590,2018-0,18,279,71574480, 내역 2018년 6월
4122031022,41,41220,2018-0,33,878,237412340, 내역 2018년 6월
4155039025,41,41550,2018-0,14,95,20946480, 내역 2018년 6월
2871035021,28,28710,2018-0,7,33,7871160, 내역 2018년 6월
4146125023,41,41461,2018-0,39,2439,394538200, 내역 2018년 6월
4136036022,41,41360,2018-0,2,15,2947180, 내역 2018년 6월
4150037025,41,41500,2018-0,4,98,25352440, 내역 2018년 6월
4159041024,41,41590,2018-0,17,176,41425140, 내역 2018년 6월
4150036028,41,41500,2018-0,17,208,47413740, 내역 2018년 6월
4155010400,41,41550,2018-0,12,131,25299780, 내역 2018년 6월
2871041021,28,28710,2018-0,4,25,5627080, 내역 2018년 6월
4159032022,41,41590,2018-0,3,12,1744160, 내역 2018년 6월
4136025624,41,41360,2018-0,8,108,25467460, 내역 2018년 6월
4146134027,41,41461,2018-0,7,56,12016520, 내역 2018년 6월
4150031023,41,41500,2018-0,7,53,9158280, 내역 2018년 6월
4150033026,41,41500,2018-0,8,105,24248200, 내역 2018년 6월
4167025038,41,41670,2018-0,2,19,4469500, 내역 2018년 6월
4182033029,41,41820,2018-0,10,132,26256120, 내역 2018년 6월
4167036031,41,41670,2018-0,5,30,5082460, 내역 2018년 6월
4159012500,41,41590,2018-0,42,641,143400200, 내역 2018년 6월
4155011600,41,41550,2018-0,7,55,10657640, 내역 2018년 6월
4159032028,41,41590,2018-0,52,553,124905720, 내역 2018년 6월
4119011900,41,41190,2018-0,28,808,150344400, 내역 2018년 6월
4165031028,41,41650,2018-0,33,485,90802460, 내역 2018년 6월
4167010400,41,41670,2018-0,1,3,602720, 내역 2018년 6월
2811013200,28,28110,2018-0,18,156,35945880, 내역 2018년 6월
4148025623,41,41480,2018-0,15,122,24774580, 내역 2018년 6월
2814010600,28,28140,2018-0,16,192,40501100, 내역 2018년 6월
4148025028,41,41480,2018-0,1,7,1406400, 내역 2018년 6월
4167034029,41,41670,2018-0,7,89,17681020, 내역 2018년 6월
4165039023,41,41650,2018-0,8,149,33541180, 내역 2018년 6월
4167035028,41,41670,2018-0,3,23,5362360, 내역 2018년 6월
4150033023,41,41500,2018-0,15,193,49369640, 내역 2018년 6월
2811014900,28,28110,2018-0,13,159,26232000, 내역 2018년 6월
4167036024,41,41670,2018-0,3,22,5551240, 내역 2018년 6월
4155039023,41,41550,2018-0,1,6,1452680, 내역 2018년 6월
4167034023,41,41670,2018-0,15,254,44956080, 내역 2018년 6월
4122025330,41,41220,2018-0,59,592,122824620, 내역 2018년 6월
4150032025,41,41500,2018-0,12,140,27712020, 내역 2018년 6월
4148011800,41,41480,2018-0,22,226,53619820, 내역 2018년 6월
1141010900,11,11410,2018-0,8,86,15303960, 내역 2018년 6월
4155031035,41,41550,2018-0,14,1357,334708860, 내역 2018년 6월
4146125024,41,41461,2018-0,29,234,49690120, 내역 2018년 6월
4146131028,41,41461,2018-0,35,615,137413680, 내역 2018년 6월
4182034027,41,41820,2018-0,1,41,8064340, 내역 2018년 6월
2871033022,28,28710,2018-0,5,34,6222020, 내역 2018년 6월
4159037026,41,41590,2018-0,17,285,67302900, 내역 2018년 6월
4167010900,41,41670,2018-0,17,302,69674300, 내역 2018년 6월
4122034028,41,41220,2018-0,6,44,8660660, 내역 2018년 6월
2871025025,28,28710,2018-0,39,383,61426340, 내역 2018년 6월
4163034023,41,41630,2018-0,44,476,100358360, 내역 2018년 6월
4150011200,41,41500,2018-0,16,153,30350660, 내역 2018년 6월
4155035034,41,41550,2018-0,8,101,24155160, 내역 2018년 6월
4165034021,41,41650,2018-0,30,553,114400120, 내역 2018년 6월
4180025324,41,41800,2018-0,2,10,757580, 내역 2018년 6월
4155032031,41,41550,2018-0,10,141,33060740, 내역 2018년 6월
4148026223,41,41480,2018-0,24,198,37682920, 내역 2018년 6월
4127110800,41,41271,2018-0,44,852,182942200, 내역 2018년 6월
4148011700,41,41480,2018-0,99,814,192467280, 내역 2018년 6월
4180034026,41,41800,2018-0,2,14,2318260, 내역 2018년 6월
4150031031,41,41500,2018-0,7,89,19420960, 내역 2018년 6월
4148037025,41,41480,2018-0,5,45,7934720, 내역 2018년 6월
4159034031,41,41590,2018-0,5,39,8447140, 내역 2018년 6월
4167012200,41,41670,2018-0,31,294,55172220, 내역 2018년 6월
4159037030,41,41590,2018-0,19,199,50081780, 내역 2018년 6월
4150025023,41,41500,2018-0,18,190,44130360, 내역 2018년 6월
4167038025,41,41670,2018-0,2,35,10314080, 내역 2018년 6월
2824511100,28,28245,2018-0,16,139,29176100, 내역 2018년 6월
4111314100,41,41113,2018-0,34,252,51784620, 내역 2018년 6월
4150032022,41,41500,2018-0,5,84,17320820, 내역 2018년 6월
4111312700,41,41113,2018-0,36,433,96853400, 내역 2018년 6월
4139012200,41,41390,2018-0,15,126,26908920, 내역 2018년 6월
2811014800,28,28110,2018-0,30,286,57123640, 내역 2018년 6월
4155011200,41,41550,2018-0,2,8,1149920, 내역 2018년 6월
4119910100,41,41199,2018-0,11,323,87865520, 내역 2018년 6월
2824510800,28,28245,2018-0,11,155,31989980, 내역 2018년 6월
4150033025,41,41500,2018-0,44,684,165009720, 내역 2018년 6월
4163011400,41,41630,2018-0,68,606,167125900, 내역 2018년 6월
4167034033,41,41670,2018-0,7,83,21256420, 내역 2018년 6월
2811012900,28,28110,2018-0,6,32,7723020, 내역 2018년 6월
4150025323,41,41500,2018-0,27,479,119732960, 내역 2018년 6월
2824512200,28,28245,2018-0,5,41,8962740, 내역 2018년 6월
4146125322,41,41461,2018-0,22,194,53568960, 내역 2018년 6월
2824511600,28,28245,2018-0,13,81,17991960, 내역 2018년 6월
4146133023,41,41461,2018-0,28,305,76299540, 내역 2018년 6월
4159031024,41,41590,2018-0,9,102,19346720, 내역 2018년 6월
2824512000,28,28245,2018-0,5,69,14905300, 내역 2018년 6월
4111314000,41,41113,2018-0,37,253,52464840, 내역 2018년 6월
4159042033,41,41590,2018-0,72,1029,249804980, 내역 2018년 6월
4159025335,41,41590,2018-0,15,158,38274920, 내역 2018년 6월
4150025025,41,41500,2018-0,7,46,8607360, 내역 2018년 6월
2820010800,28,28200,2018-0,48,535,107301460, 내역 2018년 6월
4167037021,41,41670,2018-0,21,253,51605340, 내역 2018년 6월
4155011800,41,41550,2018-0,30,730,148565460, 내역 2018년 6월
4148010500,41,41480,2018-0,40,468,103005340, 내역 2018년 6월
4167033021,41,41670,2018-0,9,73,16534340, 내역 2018년 6월
2871031026,28,28710,2018-0,9,128,19138140, 내역 2018년 6월
4155040022,41,41550,2018-0,9,92,22423180, 내역 2018년 6월
4137011600,41,41370,2018-0,30,430,80297120, 내역 2018년 6월
4150025328,41,41500,2018-0,22,249,51892600, 내역 2018년 6월
1144011600,11,11440,2018-0,1,4,586580, 내역 2018년 6월
4146125324,41,41461,2018-0,23,175,39832220, 내역 2018년 6월
4167011200,41,41670,2018-0,22,576,98305340, 내역 2018년 6월
4167025021,41,41670,2018-0,15,263,65730280, 내역 2018년 6월
4167031021,41,41670,2018-0,18,281,67416420, 내역 2018년 6월
4167036021,41,41670,2018-0,5,67,18010520, 내역 2018년 6월
2872038021,28,28720,2018-0,12,108,15689940, 내역 2018년 6월
4155013200,41,41550,2018-0,4,72,14414080, 내역 2018년 6월
4159012900,41,41590,2018-0,92,1275,346336960, 내역 2018년 6월
2811010100,28,28110,2018-0,8,58,8909000, 내역 2018년 6월
4150032028,41,41500,2018-0,33,553,129194080, 내역 2018년 6월
4146125624,41,41461,2018-0,6,94,24265680, 내역 2018년 6월
2824510500,28,28245,2018-0,47,558,83404440, 내역 2018년 6월
4129011000,41,41290,2018-0,14,194,51329360, 내역 2018년 6월
4182032526,41,41820,2018-0,6,78,18537780, 내역 2018년 6월
4122033026,41,41220,2018-0,19,135,41187480, 내역 2018년 6월
2871025021,28,28710,2018-0,14,248,60493220, 내역 2018년 6월
4150031026,41,41500,2018-0,20,189,39254740, 내역 2018년 6월
4150035029,41,41500,2018-0,5,54,12326660, 내역 2018년 6월
4167035038,41,41670,2018-0,1,38,6997120, 내역 2018년 6월
4159025631,41,41590,2018-0,36,769,176925160, 내역 2018년 6월
1111010300,11,11110,2018-0,2,53,10077660, 내역 2018년 6월
2811013400,28,28110,2018-0,21,239,37939680, 내역 2018년 6월
4167036023,41,41670,2018-0,17,217,56168440, 내역 2018년 6월
4122031023,41,41220,2018-0,26,334,78813320, 내역 2018년 6월
4146125327,41,41461,2018-0,10,107,24402720, 내역 2018년 6월
4167011600,41,41670,2018-0,4,23,3940900, 내역 2018년 6월
4137012100,41,41370,2018-0,11,93,18677320, 내역 2018년 6월
4111513600,41,41115,2018-0,44,931,162981300, 내역 2018년 6월
4167032028,41,41670,2018-0,5,42,8728120, 내역 2018년 6월
4137010500,41,41370,2018-0,32,723,128122680, 내역 2018년 6월
4167025028,41,41670,2018-0,16,502,123894580, 내역 2018년 6월
4148037024,41,41480,2018-0,6,69,11773080, 내역 2018년 6월
4155011700,41,41550,2018-0,12,279,65857360, 내역 2018년 6월
4165032024,41,41650,2018-0,27,217,43091740, 내역 2018년 6월
4128111600,41,41281,2018-0,30,231,44026740, 내역 2018년 6월
4155036027,41,41550,2018-0,8,86,21681820, 내역 2018년 6월
1129011300,11,11290,2018-0,15,145,25327020, 내역 2018년 6월
1129011000,11,11290,2018-0,7,52,8514760, 내역 2018년 6월
4165037025,41,41650,2018-0,8,125,25042580, 내역 2018년 6월
4165025023,41,41650,2018-0,10,86,16167580, 내역 2018년 6월
4122033025,41,41220,2018-0,19,582,179782320, 내역 2018년 6월
2824512300,28,28245,2018-0,19,181,30759200, 내역 2018년 6월
4137010800,41,41370,2018-0,50,457,84290500, 내역 2018년 6월
4155040030,41,41550,2018-0,14,507,127753980, 내역 2018년 6월
4148039024,41,41480,2018-0,1,4,537820, 내역 2018년 6월
4155031027,41,41550,2018-0,6,67,17565180, 내역 2018년 6월
4155034026,41,41550,2018-0,8,300,57450420, 내역 2018년 6월
4122031028,41,41220,2018-0,11,94,20861400, 내역 2018년 6월
4155036026,41,41550,2018-0,10,102,26423500, 내역 2018년 6월
4182034024,41,41820,2018-0,2,25,4506380, 내역 2018년 6월
4183036025,41,41830,2018-0,8,157,37882840, 내역 2018년 6월
4159025928,41,41590,2018-0,9,65,13331700, 내역 2018년 6월
4180032024,41,41800,2018-0,8,74,15054100, 내역 2018년 6월
4159041023,41,41590,2018-0,54,652,122224160, 내역 2018년 6월
4165036024,41,41650,2018-0,9,80,20570640, 내역 2018년 6월
4167035034,41,41670,2018-0,7,60,10590380, 내역 2018년 6월
2871025027,28,28710,2018-0,8,56,10491060, 내역 2018년 6월
4159010700,41,41590,2018-0,1,4,776680, 내역 2018년 6월
4159025931,41,41590,2018-0,28,518,129877320, 내역 2018년 6월
4183032021,41,41830,2018-0,4,24,4599900, 내역 2018년 6월
4150036025,41,41500,2018-0,13,150,30375020, 내역 2018년 6월
4125011100,41,41250,2018-0,14,222,44948420, 내역 2018년 6월
4150025024,41,41500,2018-0,5,55,14942480, 내역 2018년 6월
4183039530,41,41830,2018-0,4,29,4339940, 내역 2018년 6월
4119510700,41,41195,2018-0,7,461,60373680, 내역 2018년 6월
4183031024,41,41830,2018-0,8,76,14005660, 내역 2018년 6월
4111513200,41,41115,2018-0,45,895,243760000, 내역 2018년 6월
4165025027,41,41650,2018-0,30,399,82358600, 내역 2018년 6월
4161032023,41,41610,2018-0,1,9,1737780, 내역 2018년 6월
4148025630,41,41480,2018-0,17,303,69525580, 내역 2018년 6월
4159036023,41,41590,2018-0,24,266,63990740, 내역 2018년 6월
2824511400,28,28245,2018-0,23,205,42921400, 내역 2018년 6월
4122025924,41,41220,2018-0,32,275,62015020, 내역 2018년 6월
4155031029,41,41550,2018-0,12,139,31465460, 내역 2018년 6월
4167031025,41,41670,2018-0,3,81,11965140, 내역 2018년 6월
4167032026,41,41670,2018-0,3,32,7157800, 내역 2018년 6월
1111014500,11,11110,2018-0,2,12,1894100, 내역 2018년 6월
4136031024,41,41360,2018-0,1,8,1468960, 내역 2018년 6월
4180033024,41,41800,2018-0,2,69,21281900, 내역 2018년 6월
4159031023,41,41590,2018-0,14,148,32509920, 내역 2018년 6월
1111014200,11,11110,2018-0,12,170,32833740, 내역 2018년 6월
4122011500,41,41220,2018-0,6,138,28365060, 내역 2018년 6월
4122031032,41,41220,2018-0,14,624,201902600, 내역 2018년 6월
4165036026,41,41650,2018-0,17,239,55983900, 내역 2018년 6월
4146134031,41,41461,2018-0,6,80,20827480, 내역 2018년 6월
4165033028,41,41650,2018-0,22,356,82594580, 내역 2018년 6월
4122025022,41,41220,2018-0,23,217,46737300, 내역 2018년 6월
2871032028,28,28710,2018-0,6,100,19240220, 내역 2018년 6월
4122025629,41,41220,2018-0,27,362,84276020, 내역 2018년 6월
4122025028,41,41220,2018-0,6,36,7052620, 내역 2018년 6월
4122037025,41,41220,2018-0,6,39,7535120, 내역 2018년 6월
4183039529,41,41830,2018-0,5,73,15831340, 내역 2018년 6월
4136034024,41,41360,2018-0,7,198,45247900, 내역 2018년 6월
4182025023,41,41820,2018-0,8,87,17063120, 내역 2018년 6월
4119710500,41,41197,2018-0,5,45,8835060, 내역 2018년 6월
4146125025,41,41461,2018-0,27,279,55758480, 내역 2018년 6월
2871033023,28,28710,2018-0,1,8,1887020, 내역 2018년 6월
4165037026,41,41650,2018-0,7,70,14590800, 내역 2018년 6월
4122025625,41,41220,2018-0,15,116,25801900, 내역 2018년 6월
2811011600,28,28110,2018-0,1,81,21409140, 내역 2018년 6월
4146136026,41,41461,2018-0,4,51,10317180, 내역 2018년 6월
4122036026,41,41220,2018-0,1,7,1379500, 내역 2018년 6월
4155036029,41,41550,2018-0,14,149,39523500, 내역 2018년 6월
4155012100,41,41550,2018-0,12,196,54140420, 내역 2018년 6월
2811011900,28,28110,2018-0,3,45,10492180, 내역 2018년 6월
4111513400,41,41115,2018-0,47,604,108799020, 내역 2018년 6월
4183032023,41,41830,2018-0,1,8,1130740, 내역 2018년 6월
4150031022,41,41500,2018-0,16,322,68578420, 내역 2018년 6월
4180025326,41,41800,2018-0,8,58,12911880, 내역 2018년 6월
4182035021,41,41820,2018-0,3,131,19901300, 내역 2018년 6월
4148037023,41,41480,2018-0,2,9,2450500, 내역 2018년 6월
4150036029,41,41500,2018-0,5,334,91701120, 내역 2018년 6월
4180025027,41,41800,2018-0,9,73,13794360, 내역 2018년 6월
4167025033,41,41670,2018-0,5,80,17165180, 내역 2018년 6월
2871032021,28,28710,2018-0,17,175,40817420, 내역 2018년 6월
4161034022,41,41610,2018-0,9,70,12107820, 내역 2018년 6월
4122033022,41,41220,2018-0,27,194,41971640, 내역 2018년 6월
4122037031,41,41220,2018-0,2,23,6099360, 내역 2018년 6월
4183035028,41,41830,2018-0,7,56,9913540, 내역 2018년 6월
4136036026,41,41360,2018-0,1,3,630000, 내역 2018년 6월
4183041021,41,41830,2018-0,7,74,16393200, 내역 2018년 6월
4180032021,41,41800,2018-0,16,250,45405860, 내역 2018년 6월
4159025022,41,41590,2018-0,1,4,1004300, 내역 2018년 6월
4155041029,41,41550,2018-0,6,179,49229800, 내역 2018년 6월
4155031030,41,41550,2018-0,4,17,2604600, 내역 2018년 6월
4183041024,41,41830,2018-0,2,11,1909140, 내역 2018년 6월
4122034024,41,41220,2018-0,8,66,19726720, 내역 2018년 6월
4148038021,41,41480,2018-0,2,11,1747660, 내역 2018년 6월
2871034029,28,28710,2018-0,2,15,3244480, 내역 2018년 6월
4182034025,41,41820,2018-0,2,22,5449080, 내역 2018년 6월
4167031024,41,41670,2018-0,3,50,14353020, 내역 2018년 6월
4159025322,41,41590,2018-0,4,49,16610320, 내역 2018년 6월
4119910500,41,41199,2018-0,3,34,7951100, 내역 2018년 6월
4150034031,41,41500,2018-0,17,295,58848680, 내역 2018년 6월
4182033022,41,41820,2018-0,4,85,17003540, 내역 2018년 6월
4150037031,41,41500,2018-0,9,144,39774580, 내역 2018년 6월
2871032026,28,28710,2018-0,13,53,10339700, 내역 2018년 6월
4119510300,41,41195,2018-0,8,202,43350280, 내역 2018년 6월
4159025626,41,41590,2018-0,9,140,35076980, 내역 2018년 6월
4159025336,41,41590,2018-0,18,152,33144800, 내역 2018년 6월
4122025325,41,41220,2018-0,4,15,2170860, 내역 2018년 6월
4157035026,41,41570,2018-0,1,6,708000, 내역 2018년 6월
4155035029,41,41550,2018-0,7,137,33140980, 내역 2018년 6월
4159034022,41,41590,2018-0,9,85,19622400, 내역 2018년 6월
4146110900,41,41461,2018-0,3,69,16365260, 내역 2018년 6월
1111017900,11,11110,2018-0,3,20,3997700, 내역 2018년 6월
4146134023,41,41461,2018-0,21,465,120806860, 내역 2018년 6월
2811014400,28,28110,2018-0,6,47,7064440, 내역 2018년 6월
4165038021,41,41650,2018-0,7,138,33859000, 내역 2018년 6월
4122025927,41,41220,2018-0,30,396,97166280, 내역 2018년 6월
4182031035,41,41820,2018-0,2,38,9541580, 내역 2018년 6월
4139011700,41,41390,2018-0,8,62,11015740, 내역 2018년 6월
4155012000,41,41550,2018-0,7,107,24267240, 내역 2018년 6월
4155031026,41,41550,2018-0,10,318,85047280, 내역 2018년 6월
4183036023,41,41830,2018-0,4,25,3270480, 내역 2018년 6월
4150036023,41,41500,2018-0,1,23,5813620, 내역 2018년 6월
4180032025,41,41800,2018-0,5,70,10194220, 내역 2018년 6월
2871039024,28,28710,2018-0,2,50,9968660, 내역 2018년 6월
4167011300,41,41670,2018-0,7,112,28225920, 내역 2018년 6월
4167025027,41,41670,2018-0,17,260,69276500, 내역 2018년 6월
4146132029,41,41461,2018-0,22,393,87846060, 내역 2018년 6월
4159026225,41,41590,2018-0,16,152,40103300, 내역 2018년 6월
1165010400,11,11650,2018-0,12,87,20796540, 내역 2018년 6월
2872035022,28,28720,2018-0,9,91,12503140, 내역 2018년 6월
4165039025,41,41650,2018-0,4,18,3878060, 내역 2018년 6월
4150025324,41,41500,2018-0,19,676,214143260, 내역 2018년 6월
4155025028,41,41550,2018-0,1,8,2104000, 내역 2018년 6월
4159025625,41,41590,2018-0,12,347,105288680, 내역 2018년 6월
4155039035,41,41550,2018-0,6,123,28011040, 내역 2018년 6월
4167031028,41,41670,2018-0,3,16,3330980, 내역 2018년 6월
4136036023,41,41360,2018-0,2,34,5009380, 내역 2018년 6월
4111512500,41,41115,2018-0,24,252,33291420, 내역 2018년 6월
4146135026,41,41461,2018-0,9,73,15974660, 내역 2018년 6월
2811015000,28,28110,2018-0,8,51,9576700, 내역 2018년 6월
4155041022,41,41550,2018-0,3,50,8391340, 내역 2018년 6월
4136034022,41,41360,2018-0,6,120,23396240, 내역 2018년 6월
4137011800,41,41370,2018-0,8,207,38705920, 내역 2018년 6월
4122037024,41,41220,2018-0,5,35,8655740, 내역 2018년 6월
1117011600,11,11170,2018-0,4,37,7487260, 내역 2018년 6월
4167038023,41,41670,2018-0,1,9,2255460, 내역 2018년 6월
4150025327,41,41500,2018-0,6,147,28014120, 내역 2018년 6월
4155042022,41,41550,2018-0,12,149,36107340, 내역 2018년 6월
2871032027,28,28710,2018-0,10,114,20618480, 내역 2018년 6월
4183034021,41,41830,2018-0,12,104,18656640, 내역 2018년 6월
4113111000,41,41131,2018-0,14,96,20697260, 내역 2018년 6월
4165038022,41,41650,2018-0,6,202,42024460, 내역 2018년 6월
4161025621,41,41610,2018-0,1,5,1195720, 내역 2018년 6월
4150031024,41,41500,2018-0,4,60,12391040, 내역 2018년 6월
4122025039,41,41220,2018-0,4,47,9950520, 내역 2018년 6월
4127311500,41,41273,2018-0,33,329,66967240, 내역 2018년 6월
4161034021,41,41610,2018-0,5,61,15658520, 내역 2018년 6월
2811013000,28,28110,2018-0,4,25,6003300, 내역 2018년 6월
4155042026,41,41550,2018-0,9,75,17552100, 내역 2018년 6월
1117012000,11,11170,2018-0,4,17,3987120, 내역 2018년 6월
4148025030,41,41480,2018-0,16,179,40764320, 내역 2018년 6월
4183037029,41,41830,2018-0,4,31,6487980, 내역 2018년 6월
4159025923,41,41590,2018-0,6,82,15524420, 내역 2018년 6월
4150025033,41,41500,2018-0,6,74,14753400, 내역 2018년 6월
4159025323,41,41590,2018-0,49,564,134182260, 내역 2018년 6월
4155025022,41,41550,2018-0,7,140,28986660, 내역 2018년 6월
4137011700,41,41370,2018-0,9,113,21385860, 내역 2018년 6월
4155034025,41,41550,2018-0,3,34,6185420, 내역 2018년 6월
4167037028,41,41670,2018-0,5,95,22419620, 내역 2018년 6월
4122034021,41,41220,2018-0,18,174,34301280, 내역 2018년 6월
4165031027,41,41650,2018-0,14,128,28035180, 내역 2018년 6월
4150033027,41,41500,2018-0,3,22,4792620, 내역 2018년 6월
4163010100,41,41630,2018-0,14,115,19895240, 내역 2018년 6월
4155010300,41,41550,2018-0,5,141,19550500, 내역 2018년 6월
4150032021,41,41500,2018-0,9,155,31504900, 내역 2018년 6월
4148036028,41,41480,2018-0,10,117,22139940, 내역 2018년 6월
4119710400,41,41197,2018-0,5,193,22929140, 내역 2018년 6월
4122025037,41,41220,2018-0,2,7,1810320, 내역 2018년 6월
4183033029,41,41830,2018-0,14,136,28895940, 내역 2018년 6월
4182031022,41,41820,2018-0,4,19,3307640, 내역 2018년 6월
4155031034,41,41550,2018-0,2,8,1920660, 내역 2018년 6월
2871032022,28,28710,2018-0,3,49,10344560, 내역 2018년 6월
4146134026,41,41461,2018-0,12,129,24378580, 내역 2018년 6월
4159026229,41,41590,2018-0,9,56,12049140, 내역 2018년 6월
4183025030,41,41830,2018-0,2,29,4675000, 내역 2018년 6월
4155039031,41,41550,2018-0,11,64,14160700, 내역 2018년 6월
4183040029,41,41830,2018-0,2,40,6680300, 내역 2018년 6월
4167011800,41,41670,2018-0,15,158,34756140, 내역 2018년 6월
4146125622,41,41461,2018-0,3,10,2214160, 내역 2018년 6월
4150037028,41,41500,2018-0,7,61,12047400, 내역 2018년 6월
4148025024,41,41480,2018-0,3,69,5632980, 내역 2018년 6월
4159025333,41,41590,2018-0,20,205,44623620, 내역 2018년 6월
4155013300,41,41550,2018-0,8,100,21087900, 내역 2018년 6월
4122025024,41,41220,2018-0,10,128,29179000, 내역 2018년 6월
4155011400,41,41550,2018-0,13,112,21549880, 내역 2018년 6월
4180031026,41,41800,2018-0,8,62,11823360, 내역 2018년 6월
4150038026,41,41500,2018-0,3,72,11599520, 내역 2018년 6월
4146125623,41,41461,2018-0,2,22,5013840, 내역 2018년 6월
4182031023,41,41820,2018-0,7,58,10806980, 내역 2018년 6월
4155040026,41,41550,2018-0,27,320,73052840, 내역 2018년 6월
4183041025,41,41830,2018-0,2,100,22017820, 내역 2018년 6월
2811013500,28,28110,2018-0,6,75,12774880, 내역 2018년 6월
2871031027,28,28710,2018-0,14,265,70663180, 내역 2018년 6월
4137010700,41,41370,2018-0,30,315,64965300, 내역 2018년 6월
2811010900,28,28110,2018-0,29,265,59504680, 내역 2018년 6월
4159042031,41,41590,2018-0,8,817,256857960, 내역 2018년 6월
4122035030,41,41220,2018-0,1,119,38479220, 내역 2018년 6월
2872036022,28,28720,2018-0,32,261,51309300, 내역 2018년 6월
4163010400,41,41630,2018-0,11,70,11004900, 내역 2018년 6월
4159025941,41,41590,2018-0,17,225,45065340, 내역 2018년 6월
4165040024,41,41650,2018-0,6,84,18890900, 내역 2018년 6월
4150031033,41,41500,2018-0,7,151,32659800, 내역 2018년 6월
4155039032,41,41550,2018-0,7,37,8529140, 내역 2018년 6월
4148032025,41,41480,2018-0,17,489,121338760, 내역 2018년 6월
4119710100,41,41197,2018-0,3,35,6174480, 내역 2018년 6월
4159025623,41,41590,2018-0,10,104,23429640, 내역 2018년 6월
4183040028,41,41830,2018-0,2,7,1061420, 내역 2018년 6월
4136031022,41,41360,2018-0,12,76,13836400, 내역 2018년 6월
4167033022,41,41670,2018-0,2,48,12294780, 내역 2018년 6월
4155031033,41,41550,2018-0,7,91,19422980, 내역 2018년 6월
2824512100,28,28245,2018-0,1,4,695140, 내역 2018년 6월
4161034024,41,41610,2018-0,2,3,382040, 내역 2018년 6월
4180034025,41,41800,2018-0,1,45,8226940, 내역 2018년 6월
2871032023,28,28710,2018-0,2,8,1058720, 내역 2018년 6월
4167035022,41,41670,2018-0,1,9,1362760, 내역 2018년 6월
4167031031,41,41670,2018-0,7,51,13486780, 내역 2018년 6월
1114016900,11,11140,2018-0,7,44,7683540, 내역 2018년 6월
4159013300,41,41590,2018-0,5,204,52743720, 내역 2018년 6월
2871041025,28,28710,2018-0,7,39,8956160, 내역 2018년 6월
4167031023,41,41670,2018-0,11,128,29083860, 내역 2018년 6월
4155011900,41,41550,2018-0,16,121,28766840, 내역 2018년 6월
4165037024,41,41650,2018-0,8,142,36933300, 내역 2018년 6월
4113310800,41,41133,2018-0,12,366,69174240, 내역 2018년 6월
2811010600,28,28110,2018-0,4,58,14037480, 내역 2018년 6월
2811014200,28,28110,2018-0,3,11,1749400, 내역 2018년 6월
4182035026,41,41820,2018-0,1,26,3905540, 내역 2018년 6월
2871033026,28,28710,2018-0,9,93,22109580, 내역 2018년 6월
4167031027,41,41670,2018-0,4,145,15327000, 내역 2018년 6월
4180033023,41,41800,2018-0,20,242,60532260, 내역 2018년 6월
4183037027,41,41830,2018-0,2,47,8312300, 내역 2018년 6월
2817010600,28,28170,2018-0,6,90,16644960, 내역 2018년 6월
4146132030,41,41461,2018-0,16,173,47044060, 내역 2018년 6월
4163034026,41,41630,2018-0,10,71,14952200, 내역 2018년 6월
2871039022,28,28710,2018-0,3,55,18819420, 내역 2018년 6월
2811013700,28,28110,2018-0,16,229,35530260, 내역 2018년 6월
4122025027,41,41220,2018-0,10,79,15855940, 내역 2018년 6월
4150032030,41,41500,2018-0,5,199,47501160, 내역 2018년 6월
4146125626,41,41461,2018-0,6,157,37908560, 내역 2018년 6월
4167025023,41,41670,2018-0,20,217,43611840, 내역 2018년 6월
4119910400,41,41199,2018-0,4,43,11542940, 내역 2018년 6월
4125010900,41,41250,2018-0,24,1343,344604940, 내역 2018년 6월
4122037029,41,41220,2018-0,11,129,37852540, 내역 2018년 6월
4155033033,41,41550,2018-0,3,51,11255480, 내역 2018년 6월
4183038024,41,41830,2018-0,2,84,21459060, 내역 2018년 6월
4182034023,41,41820,2018-0,6,302,73494360, 내역 2018년 6월
4155041021,41,41550,2018-0,4,46,14422740, 내역 2018년 6월
4155036028,41,41550,2018-0,11,160,41132520, 내역 2018년 6월
4150032029,41,41500,2018-0,1,14,2832240, 내역 2018년 6월
4155033028,41,41550,2018-0,17,187,40448380, 내역 2018년 6월
4167032025,41,41670,2018-0,4,19,4219860, 내역 2018년 6월
2871031021,28,28710,2018-0,5,49,12521180, 내역 2018년 6월
2872036023,28,28720,2018-0,3,28,7377800, 내역 2018년 6월
4167035033,41,41670,2018-0,3,23,6392140, 내역 2018년 6월
4180035021,41,41800,2018-0,3,18,3816880, 내역 2018년 6월
4125010800,41,41250,2018-0,7,89,19541620, 내역 2018년 6월
4111313000,41,41113,2018-0,6,149,28003580, 내역 2018년 6월
4159035031,41,41590,2018-0,6,115,25859020, 내역 2018년 6월
4111512100,41,41115,2018-0,8,95,19274660, 내역 2018년 6월
4137012300,41,41370,2018-0,9,67,17736260, 내역 2018년 6월
4139012300,41,41390,2018-0,17,119,32853340, 내역 2018년 6월
4122025036,41,41220,2018-0,2,37,8658760, 내역 2018년 6월
4159035032,41,41590,2018-0,7,204,60841680, 내역 2018년 6월
4167011000,41,41670,2018-0,5,1005,187191260, 내역 2018년 6월
4150032027,41,41500,2018-0,4,44,8009200, 내역 2018년 6월
4183040023,41,41830,2018-0,3,47,8306380, 내역 2018년 6월
4182031029,41,41820,2018-0,4,69,17380880, 내역 2018년 6월
4146134032,41,41461,2018-0,4,36,6096160, 내역 2018년 6월
4155025031,41,41550,2018-0,23,315,63876900, 내역 2018년 6월
4137011900,41,41370,2018-0,1,6,1271320, 내역 2018년 6월
4125010400,41,41250,2018-0,15,317,76420140, 내역 2018년 6월
4183040033,41,41830,2018-0,7,32,4943520, 내역 2018년 6월
4161034025,41,41610,2018-0,7,55,9312700, 내역 2018년 6월
4155039021,41,41550,2018-0,6,194,52112780, 내역 2018년 6월
2811010200,28,28110,2018-0,7,42,7261580, 내역 2018년 6월
2811010300,28,28110,2018-0,15,78,15016980, 내역 2018년 6월
4167031035,41,41670,2018-0,10,118,24684380, 내역 2018년 6월
4143011100,41,41430,2018-0,6,37,5818780, 내역 2018년 6월
4183031022,41,41830,2018-0,6,79,18235840, 내역 2018년 6월
4150025325,41,41500,2018-0,3,17,2951120, 내역 2018년 6월
4167032021,41,41670,2018-0,2,28,5733700, 내역 2018년 6월
4183039524,41,41830,2018-0,2,9,1355800, 내역 2018년 6월
4182035024,41,41820,2018-0,3,54,13227600, 내역 2018년 6월
4167038022,41,41670,2018-0,6,36,8529380, 내역 2018년 6월
4161025630,41,41610,2018-0,1,8,1366900, 내역 2018년 6월
2872031021,28,28720,2018-0,3,32,2792780, 내역 2018년 6월
4165039024,41,41650,2018-0,6,56,13150160, 내역 2018년 6월
2811012600,28,28110,2018-0,13,97,20181040, 내역 2018년 6월
4155032027,41,41550,2018-0,3,47,8994940, 내역 2018년 6월
4163032023,41,41630,2018-0,2,28,6420500, 내역 2018년 6월
4167037024,41,41670,2018-0,9,442,90421540, 내역 2018년 6월
4161037021,41,41610,2018-0,4,25,5574840, 내역 2018년 6월
4115010800,41,41150,2018-0,8,96,19332820, 내역 2018년 6월
4182025030,41,41820,2018-0,4,81,30849500, 내역 2018년 6월
4155034024,41,41550,2018-0,2,10,1901020, 내역 2018년 6월
4155036033,41,41550,2018-0,5,78,20431180, 내역 2018년 6월
2871040021,28,28710,2018-0,4,40,8525720, 내역 2018년 6월
4148031024,41,41480,2018-0,4,20,4581680, 내역 2018년 6월
2811013100,28,28110,2018-0,7,297,74802360, 내역 2018년 6월
4150034032,41,41500,2018-0,8,334,86473240, 내역 2018년 6월
4163011200,41,41630,2018-0,29,300,61337160, 내역 2018년 6월
4155034030,41,41550,2018-0,2,32,9946560, 내역 2018년 6월
4159025621,41,41590,2018-0,7,62,14148300, 내역 2018년 6월
2811010400,28,28110,2018-0,4,30,8203820, 내역 2018년 6월
2811010700,28,28110,2018-0,3,17,3798680, 내역 2018년 6월
4159034026,41,41590,2018-0,13,132,32430520, 내역 2018년 6월
2811011000,28,28110,2018-0,2,24,5777020, 내역 2018년 6월
2811010800,28,28110,2018-0,1,3,550140, 내역 2018년 6월
2817010300,28,28170,2018-0,5,214,49860920, 내역 2018년 6월
4146125026,41,41461,2018-0,4,114,23787500, 내역 2018년 6월
2817010800,28,28170,2018-0,2,86,14655560, 내역 2018년 6월
2817010200,28,28170,2018-0,3,26,5492960, 내역 2018년 6월
2872031024,28,28720,2018-0,3,64,15767800, 내역 2018년 6월
2872033023,28,28720,2018-0,2,18,3512460, 내역 2018년 6월
2814010400,28,28140,2018-0,4,48,6843000, 내역 2018년 6월
4167036032,41,41670,2018-0,2,360,111875300, 내역 2018년 6월
2871034022,28,28710,2018-0,7,47,10947080, 내역 2018년 6월
2817010900,28,28170,2018-0,1,12,3201180, 내역 2018년 6월
4157036025,41,41570,2018-0,8,128,32111940, 내역 2018년 6월
2872031022,28,28720,2018-0,4,31,4742480, 내역 2018년 6월
2817010500,28,28170,2018-0,2,23,5255660, 내역 2018년 6월
4167025024,41,41670,2018-0,8,111,24918680, 내역 2018년 6월
2824510900,28,28245,2018-0,18,284,59233520, 내역 2018년 6월
4161032036,41,41610,2018-0,2,138,40908300, 내역 2018년 6월
4167012000,41,41670,2018-0,22,285,55517880, 내역 2018년 6월
2871039021,28,28710,2018-0,3,19,5211320, 내역 2018년 6월
2811011300,28,28110,2018-0,1,3,597140, 내역 2018년 6월
2871025029,28,28710,2018-0,1,9,1260560, 내역 2018년 6월
2871040028,28,28710,2018-0,1,6,1007340, 내역 2018년 6월
2871037021,28,28710,2018-0,3,47,13029800, 내역 2018년 6월
4146132027,41,41461,2018-0,8,157,34551240, 내역 2018년 6월
4122025031,41,41220,2018-0,16,138,31460560, 내역 2018년 6월
4182025025,41,41820,2018-0,10,98,19198960, 내역 2018년 6월
4155036034,41,41550,2018-0,3,17,2738880, 내역 2018년 6월
4165025025,41,41650,2018-0,4,222,34646200, 내역 2018년 6월
4165034030,41,41650,2018-0,1,32,8087340, 내역 2018년 6월
4150011400,41,41500,2018-0,19,233,51240040, 내역 2018년 6월
4183039521,41,41830,2018-0,8,132,33298080, 내역 2018년 6월
4155031038,41,41550,2018-0,6,44,9469440, 내역 2018년 6월
4122025035,41,41220,2018-0,10,70,16337300, 내역 2018년 6월
4180025328,41,41800,2018-0,5,65,15448620, 내역 2018년 6월
4148025629,41,41480,2018-0,7,67,14530660, 내역 2018년 6월
4146132025,41,41461,2018-0,11,237,48913080, 내역 2018년 6월
4155013000,41,41550,2018-0,4,799,231787860, 내역 2018년 6월
4167032022,41,41670,2018-0,3,25,5665700, 내역 2018년 6월
4159031025,41,41590,2018-0,13,92,17934200, 내역 2018년 6월
4148036024,41,41480,2018-0,10,83,15504600, 내역 2018년 6월
4183033031,41,41830,2018-0,3,25,5973080, 내역 2018년 6월
2811012400,28,28110,2018-0,3,17,4189720, 내역 2018년 6월
4155011100,41,41550,2018-0,1,4,748320, 내역 2018년 6월
4161037025,41,41610,2018-0,2,246,69233760, 내역 2018년 6월
4111512000,41,41115,2018-0,4,34,9779420, 내역 2018년 6월
4155033024,41,41550,2018-0,7,105,26397080, 내역 2018년 6월
4157032026,41,41570,2018-0,1,14,2353980, 내역 2018년 6월
4159010300,41,41590,2018-0,1,8,2226220, 내역 2018년 6월
4180038021,41,41800,2018-0,5,97,25053440, 내역 2018년 6월
4183039528,41,41830,2018-0,2,28,6050000, 내역 2018년 6월
4111513000,41,41115,2018-0,14,173,36371440, 내역 2018년 6월
4155042023,41,41550,2018-0,9,156,37891540, 내역 2018년 6월
4182032524,41,41820,2018-0,13,103,17411040, 내역 2018년 6월
4183039523,41,41830,2018-0,3,61,11559160, 내역 2018년 6월
4183025029,41,41830,2018-0,2,12,2798240, 내역 2018년 6월
4183032022,41,41830,2018-0,4,17,3209500, 내역 2018년 6월
4155033025,41,41550,2018-0,2,22,4481300, 내역 2018년 6월
4183031026,41,41830,2018-0,1,7,1246840, 내역 2018년 6월
4155012900,41,41550,2018-0,9,370,105966340, 내역 2018년 6월
4155034031,41,41550,2018-0,9,331,64469280, 내역 2018년 6월
4163032029,41,41630,2018-0,14,198,41115020, 내역 2018년 6월
4148036027,41,41480,2018-0,2,12,1772700, 내역 2018년 6월
4180025022,41,41800,2018-0,5,41,8676300, 내역 2018년 6월
4155031023,41,41550,2018-0,6,100,27175560, 내역 2018년 6월
4146135025,41,41461,2018-0,7,91,21890880, 내역 2018년 6월
4180031027,41,41800,2018-0,5,109,22849340, 내역 2018년 6월
4155010200,41,41550,2018-0,8,99,12666420, 내역 2018년 6월
4137011500,41,41370,2018-0,8,325,75133420, 내역 2018년 6월
4159013000,41,41590,2018-0,58,709,159489700, 내역 2018년 6월
4161036024,41,41610,2018-0,4,39,6698960, 내역 2018년 6월
4155040027,41,41550,2018-0,1,18,3909980, 내역 2018년 6월
4146134029,41,41461,2018-0,5,62,16070880, 내역 2018년 6월
4157034032,41,41570,2018-0,4,31,6349520, 내역 2018년 6월
2811013900,28,28110,2018-0,4,92,20073100, 내역 2018년 6월
4182033024,41,41820,2018-0,4,33,5721020, 내역 2018년 6월
4119910300,41,41199,2018-0,2,18,3333280, 내역 2018년 6월
4122032027,41,41220,2018-0,9,99,25280240, 내역 2018년 6월
4127311300,41,41273,2018-0,8,87,19238540, 내역 2018년 6월
4129010800,41,41290,2018-0,11,88,22939640, 내역 2018년 6월
4155039028,41,41550,2018-0,9,185,53450520, 내역 2018년 6월
4183039527,41,41830,2018-0,3,34,6302300, 내역 2018년 6월
4159025624,41,41590,2018-0,4,33,7417140, 내역 2018년 6월
4155010500,41,41550,2018-0,4,63,12327300, 내역 2018년 6월
4122036023,41,41220,2018-0,2,22,5849520, 내역 2018년 6월
4150025028,41,41500,2018-0,7,70,16271620, 내역 2018년 6월
4165040023,41,41650,2018-0,5,49,7089320, 내역 2018년 6월
4182025031,41,41820,2018-0,3,15,2705280, 내역 2018년 6월
4180025028,41,41800,2018-0,2,19,3306020, 내역 2018년 6월
4155039022,41,41550,2018-0,7,62,13074860, 내역 2018년 6월
4155033021,41,41550,2018-0,2,16,3509820, 내역 2018년 6월
4180034024,41,41800,2018-0,3,26,4652140, 내역 2018년 6월
4155036035,41,41550,2018-0,9,197,51223220, 내역 2018년 6월
4180025023,41,41800,2018-0,1,8,1136560, 내역 2018년 6월
4127311000,41,41273,2018-0,9,58,13545600, 내역 2018년 6월
2811012000,28,28110,2018-0,2,28,5649400, 내역 2018년 6월
4155033027,41,41550,2018-0,5,77,23464240, 내역 2018년 6월
4155031022,41,41550,2018-0,14,110,25442520, 내역 2018년 6월
4167034024,41,41670,2018-0,2,12,2188420, 내역 2018년 6월
4167025034,41,41670,2018-0,2,15,3689220, 내역 2018년 6월
4161035021,41,41610,2018-0,3,16,2842440, 내역 2018년 6월
4122025040,41,41220,2018-0,5,46,12785020, 내역 2018년 6월
2826011600,28,28260,2018-0,1,17,2244160, 내역 2018년 6월
4159034025,41,41590,2018-0,10,101,27912960, 내역 2018년 6월
4111313800,41,41113,2018-0,1,31,7819320, 내역 2018년 6월
4183041033,41,41830,2018-0,3,15,1800400, 내역 2018년 6월
2872035023,28,28720,2018-0,3,11,1683340, 내역 2018년 6월
4119910200,41,41199,2018-0,2,39,7568860, 내역 2018년 6월
4183033030,41,41830,2018-0,2,27,6113880, 내역 2018년 6월
4146125326,41,41461,2018-0,10,84,16547740, 내역 2018년 6월
4182035028,41,41820,2018-0,3,24,4129340, 내역 2018년 6월
4183038028,41,41830,2018-0,2,9,2441200, 내역 2018년 6월
4161037024,41,41610,2018-0,9,44,9570060, 내역 2018년 6월
4150031025,41,41500,2018-0,7,56,12420460, 내역 2018년 6월
4157010800,41,41570,2018-0,33,281,71988100, 내역 2018년 6월
4167034031,41,41670,2018-0,6,180,53130440, 내역 2018년 6월
4111512700,41,41115,2018-0,8,67,10353140, 내역 2018년 6월
4183035027,41,41830,2018-0,1,4,606960, 내역 2018년 6월
4155035021,41,41550,2018-0,5,32,6551000, 내역 2018년 6월
4183036029,41,41830,2018-0,2,10,2291400, 내역 2018년 6월
4150036030,41,41500,2018-0,4,82,19658900, 내역 2018년 6월
4161034030,41,41610,2018-0,1,5,1524220, 내역 2018년 6월
4180025323,41,41800,2018-0,3,43,6983860, 내역 2018년 6월
4167034026,41,41670,2018-0,4,38,9539320, 내역 2018년 6월
4155033023,41,41550,2018-0,18,314,68408380, 내역 2018년 6월
4122025034,41,41220,2018-0,2,18,5641100, 내역 2018년 6월
4163034024,41,41630,2018-0,6,103,19553380, 내역 2018년 6월
4165034032,41,41650,2018-0,2,32,4885240, 내역 2018년 6월
4165035026,41,41650,2018-0,2,31,6836740, 내역 2018년 6월
4146135028,41,41461,2018-0,4,154,40285500, 내역 2018년 6월
4163032022,41,41630,2018-0,4,59,11164540, 내역 2018년 6월
4183025024,41,41830,2018-0,8,66,6579320, 내역 2018년 6월
4182034026,41,41820,2018-0,2,18,3808740, 내역 2018년 6월
4111113900,41,41111,2018-0,8,304,70292920, 내역 2018년 6월
4183038022,41,41830,2018-0,2,29,4557700, 내역 2018년 6월
4167025039,41,41670,2018-0,5,40,8448100, 내역 2018년 6월
4122032029,41,41220,2018-0,11,96,22756420, 내역 2018년 6월
4128510800,41,41285,2018-0,3,47,6393840, 내역 2018년 6월
4161037022,41,41610,2018-0,8,51,11457640, 내역 2018년 6월
4122032028,41,41220,2018-0,2,37,9941120, 내역 2018년 6월
4161025636,41,41610,2018-0,1,8,2103000, 내역 2018년 6월
2871037022,28,28710,2018-0,5,21,2575760, 내역 2018년 6월
4128112100,41,41281,2018-0,17,116,23618320, 내역 2018년 6월
2871033025,28,28710,2018-0,6,41,7886900, 내역 2018년 6월
4167035025,41,41670,2018-0,2,27,6764660, 내역 2018년 6월
4113511800,41,41135,2018-0,3,45,11603040, 내역 2018년 6월
4122037022,41,41220,2018-0,4,132,26455140, 내역 2018년 6월
4167034022,41,41670,2018-0,3,22,4669920, 내역 2018년 6월
4143010600,41,41430,2018-0,39,426,140341780, 내역 2018년 6월
2811015100,28,28110,2018-0,4,49,9386840, 내역 2018년 6월
4150025022,41,41500,2018-0,2,7,910700, 내역 2018년 6월
4155042021,41,41550,2018-0,2,13,3107160, 내역 2018년 6월
4150025331,41,41500,2018-0,6,45,7118740, 내역 2018년 6월
1111017800,11,11110,2018-0,2,20,6346420, 내역 2018년 6월
4165034029,41,41650,2018-0,4,50,10299280, 내역 2018년 6월
4122025042,41,41220,2018-0,6,23,5131120, 내역 2018년 6월
2871038025,28,28710,2018-0,3,44,12911240, 내역 2018년 6월
4183034022,41,41830,2018-0,7,46,11130940, 내역 2018년 6월
4180032023,41,41800,2018-0,4,88,20587420, 내역 2018년 6월
4183035023,41,41830,2018-0,3,22,3153200, 내역 2018년 6월
4183039522,41,41830,2018-0,1,14,2386860, 내역 2018년 6월
4182031027,41,41820,2018-0,2,8,1943720, 내역 2018년 6월
4115011200,41,41150,2018-0,18,113,34674640, 내역 2018년 6월
2871039025,28,28710,2018-0,1,4,362760, 내역 2018년 6월
4150036031,41,41500,2018-0,6,249,59274620, 내역 2018년 6월
4163034022,41,41630,2018-0,9,41,8536000, 내역 2018년 6월
4155034027,41,41550,2018-0,3,20,4034920, 내역 2018년 6월
1141011500,11,11410,2018-0,1,6,682000, 내역 2018년 6월
4183025023,41,41830,2018-0,5,21,4543320, 내역 2018년 6월
4180031023,41,41800,2018-0,1,43,13529380, 내역 2018년 6월
4148037029,41,41480,2018-0,3,13,2826960, 내역 2018년 6월
4183038027,41,41830,2018-0,4,106,27474660, 내역 2018년 6월
4111512400,41,41115,2018-0,6,25,3796040, 내역 2018년 6월
4167031030,41,41670,2018-0,7,276,96992780, 내역 2018년 6월
4167034025,41,41670,2018-0,2,107,34862200, 내역 2018년 6월
4182034022,41,41820,2018-0,1,3,758140, 내역 2018년 6월
4167010600,41,41670,2018-0,2,14,3975440, 내역 2018년 6월
4111512600,41,41115,2018-0,9,54,9487840, 내역 2018년 6월
4159010600,41,41590,2018-0,1,9,1647420, 내역 2018년 6월
4159032024,41,41590,2018-0,9,61,16306440, 내역 2018년 6월
4159042027,41,41590,2018-0,10,239,73990200, 내역 2018년 6월
4111512300,41,41115,2018-0,9,251,55997200, 내역 2018년 6월
4159036035,41,41590,2018-0,5,38,6925020, 내역 2018년 6월
4159042025,41,41590,2018-0,3,108,20697540, 내역 2018년 6월
4119510200,41,41195,2018-0,7,61,12748620, 내역 2018년 6월
4165036025,41,41650,2018-0,1,11,1865480, 내역 2018년 6월
2871036023,28,28710,2018-0,9,76,18140160, 내역 2018년 6월
4119910600,41,41199,2018-0,2,197,48512460, 내역 2018년 6월
4119510500,41,41195,2018-0,3,38,7913640, 내역 2018년 6월
4128310200,41,41283,2018-0,1,4,880900, 내역 2018년 6월
4165040021,41,41650,2018-0,2,11,1926420, 내역 2018년 6월
4182034523,41,41820,2018-0,3,68,16030300, 내역 2018년 6월
4165025024,41,41650,2018-0,6,59,10833260, 내역 2018년 6월
4180034027,41,41800,2018-0,3,23,3830600, 내역 2018년 6월
4165040025,41,41650,2018-0,2,14,1762360, 내역 2018년 6월
4136034023,41,41360,2018-0,7,83,11741260, 내역 2018년 6월
4167033024,41,41670,2018-0,1,26,6822800, 내역 2018년 6월
4167036029,41,41670,2018-0,1,76,20845960, 내역 2018년 6월
4167037029,41,41670,2018-0,4,94,22565980, 내역 2018년 6월
4150025030,41,41500,2018-0,3,22,3928740, 내역 2018년 6월
4155034034,41,41550,2018-0,3,31,6344400, 내역 2018년 6월
4157035029,41,41570,2018-0,1,4,1062000, 내역 2018년 6월
4141010600,41,41410,2018-0,7,57,16784300, 내역 2018년 6월
4150037026,41,41500,2018-0,4,36,7577560, 내역 2018년 6월
4150037023,41,41500,2018-0,1,6,958480, 내역 2018년 6월
4183040030,41,41830,2018-0,1,21,3536640, 내역 2018년 6월
4183036021,41,41830,2018-0,3,30,5713120, 내역 2018년 6월
4167025029,41,41670,2018-0,2,14,2797360, 내역 2018년 6월
4183039028,41,41830,2018-0,1,10,1449400, 내역 2018년 6월
4128310900,41,41283,2018-0,1,4,658060, 내역 2018년 6월
4150035028,41,41500,2018-0,8,73,20181640, 내역 2018년 6월
4159010100,41,41590,2018-0,3,25,3767020, 내역 2018년 6월
2824511800,28,28245,2018-0,9,43,6861020, 내역 2018년 6월
4159042021,41,41590,2018-0,2,7,1765600, 내역 2018년 6월
4157036023,41,41570,2018-0,4,56,12861960, 내역 2018년 6월
4180033026,41,41800,2018-0,3,41,10562760, 내역 2018년 6월
4128111500,41,41281,2018-0,4,26,3504300, 내역 2018년 6월
4150034033,41,41500,2018-0,2,7,1593160, 내역 2018년 6월
4161025633,41,41610,2018-0,1,3,678760, 내역 2018년 6월
4167038024,41,41670,2018-0,3,32,9180400, 내역 2018년 6월
4136036021,41,41360,2018-0,4,48,14663280, 내역 2018년 6월
4155031036,41,41550,2018-0,1,9,1716900, 내역 2018년 6월
4183036026,41,41830,2018-0,1,4,585960, 내역 2018년 6월
4148025922,41,41480,2018-0,1,7,1562020, 내역 2018년 6월
4150038029,41,41500,2018-0,2,66,14451640, 내역 2018년 6월
2871034021,28,28710,2018-0,3,22,3937000, 내역 2018년 6월
4146125321,41,41461,2018-0,14,71,15199040, 내역 2018년 6월
4119510600,41,41195,2018-0,1,4,1070360, 내역 2018년 6월
4161025931,41,41610,2018-0,4,24,6311160, 내역 2018년 6월
4122034029,41,41220,2018-0,2,39,8350340, 내역 2018년 6월
4155034028,41,41550,2018-0,2,9,2470640, 내역 2018년 6월
4150038028,41,41500,2018-0,2,22,4523400, 내역 2018년 6월
2871037025,28,28710,2018-0,1,11,1563860, 내역 2018년 6월
4165039026,41,41650,2018-0,2,17,4954020, 내역 2018년 6월
4119910700,41,41199,2018-0,6,45,9580740, 내역 2018년 6월
4182034526,41,41820,2018-0,1,17,2718120, 내역 2018년 6월
4167032030,41,41670,2018-0,4,40,9099400, 내역 2018년 6월
4148037034,41,41480,2018-0,1,64,10300840, 내역 2018년 6월
4155032034,41,41550,2018-0,3,17,2917020, 내역 2018년 6월
4167032034,41,41670,2018-0,6,64,13738840, 내역 2018년 6월
4182025024,41,41820,2018-0,4,19,3565280, 내역 2018년 6월
2871039026,28,28710,2018-0,5,35,7874700, 내역 2018년 6월
4155032033,41,41550,2018-0,1,9,1269600, 내역 2018년 6월
4146125627,41,41461,2018-0,1,7,1632680, 내역 2018년 6월
4180035022,41,41800,2018-0,2,16,3951860, 내역 2018년 6월
4157032025,41,41570,2018-0,1,10,2124680, 내역 2018년 6월
4122037026,41,41220,2018-0,5,66,15668840, 내역 2018년 6월
4165031025,41,41650,2018-0,3,20,3552320, 내역 2018년 6월
4157032021,41,41570,2018-0,1,3,670400, 내역 2018년 6월
4183038023,41,41830,2018-0,1,3,402640, 내역 2018년 6월
4182034522,41,41820,2018-0,1,5,743300, 내역 2018년 6월
4183039526,41,41830,2018-0,2,15,2006060, 내역 2018년 6월
4136031025,41,41360,2018-0,1,19,3123320, 내역 2018년 6월
4150025334,41,41500,2018-0,3,26,5545880, 내역 2018년 6월
4161034023,41,41610,2018-0,2,24,6455000, 내역 2018년 6월
4150033028,41,41500,2018-0,1,3,978560, 내역 2018년 6월
4161037023,41,41610,2018-0,3,32,5857200, 내역 2018년 6월
4119710200,41,41197,2018-0,2,31,6143180, 내역 2018년 6월
4155034036,41,41550,2018-0,1,7,1786560, 내역 2018년 6월
4146125621,41,41461,2018-0,5,38,8051540, 내역 2018년 6월
4113511600,41,41135,2018-0,3,10,2017280, 내역 2018년 6월
4145011200,41,41450,2018-0,17,147,30315000, 내역 2018년 6월
4167036034,41,41670,2018-0,1,17,2918820, 내역 2018년 6월
4183037023,41,41830,2018-0,3,41,5919220, 내역 2018년 6월
4163025027,41,41630,2018-0,5,62,10306380, 내역 2018년 6월
4150025032,41,41500,2018-0,3,97,22287460, 내역 2018년 6월
4155032028,41,41550,2018-0,2,7,1845160, 내역 2018년 6월
4159026235,41,41590,2018-0,2,12,3586040, 내역 2018년 6월
4183037024,41,41830,2018-0,3,27,5602900, 내역 2018년 6월
4182031026,41,41820,2018-0,5,23,5091900, 내역 2018년 6월
4182031031,41,41820,2018-0,2,7,1763080, 내역 2018년 6월
1117010300,11,11170,2018-0,1,4,974960, 내역 2018년 6월
4180038023,41,41800,2018-0,1,26,4373960, 내역 2018년 6월
4161034026,41,41610,2018-0,1,3,523780, 내역 2018년 6월
2871038024,28,28710,2018-0,2,21,5350060, 내역 2018년 6월
2811014000,28,28110,2018-0,4,35,6652740, 내역 2018년 6월
4180025026,41,41800,2018-0,1,37,6405140, 내역 2018년 6월
4150025026,41,41500,2018-0,1,4,669040, 내역 2018년 6월
4150032032,41,41500,2018-0,4,44,9231500, 내역 2018년 6월
4146125328,41,41461,2018-0,8,50,9273220, 내역 2018년 6월
1156013100,11,11560,2018-0,4,21,4423180, 내역 2018년 6월
4155039024,41,41550,2018-0,2,9,2737340, 내역 2018년 6월
4182035025,41,41820,2018-0,2,13,2305500, 내역 2018년 6월
4122025038,41,41220,2018-0,1,74,10342200, 내역 2018년 6월
4159011200,41,41590,2018-0,1,3,991340, 내역 2018년 6월
4150035032,41,41500,2018-0,3,25,3928320, 내역 2018년 6월
4167038027,41,41670,2018-0,2,6,675000, 내역 2018년 6월
4183037025,41,41830,2018-0,2,24,5176560, 내역 2018년 6월
4161036025,41,41610,2018-0,1,6,1137560, 내역 2018년 6월
4141010900,41,41410,2018-0,24,218,65401780, 내역 2018년 6월
4167036025,41,41670,2018-0,2,10,2418200, 내역 2018년 6월
2871034024,28,28710,2018-0,3,27,2692980, 내역 2018년 6월
4148037028,41,41480,2018-0,1,8,1379880, 내역 2018년 6월
4150038025,41,41500,2018-0,1,3,818720, 내역 2018년 6월
4183040022,41,41830,2018-0,6,65,11664620, 내역 2018년 6월
4150033029,41,41500,2018-0,1,3,302920, 내역 2018년 6월
4161036022,41,41610,2018-0,2,24,5639780, 내역 2018년 6월
4155031037,41,41550,2018-0,3,42,5724220, 내역 2018년 6월
4182025034,41,41820,2018-0,3,17,3255300, 내역 2018년 6월
4183041026,41,41830,2018-0,2,19,4273900, 내역 2018년 6월
4182031032,41,41820,2018-0,2,33,5594340, 내역 2018년 6월
4167035032,41,41670,2018-0,2,7,1270400, 내역 2018년 6월
4119910800,41,41199,2018-0,12,91,19620340, 내역 2018년 6월
4155039034,41,41550,2018-0,1,3,507140, 내역 2018년 6월
4145010400,41,41450,2018-0,1,7,1201040, 내역 2018년 6월
4167032031,41,41670,2018-0,1,5,1145420, 내역 2018년 6월
4159035028,41,41590,2018-0,2,11,2022060, 내역 2018년 6월
4122034027,41,41220,2018-0,3,19,3959680, 내역 2018년 6월
4183035025,41,41830,2018-0,2,9,1715520, 내역 2018년 6월
2826010200,28,28260,2018-0,2,15,3742960, 내역 2018년 6월
4128113200,41,41281,2018-0,38,356,118043660, 내역 2018년 6월
2811014100,28,28110,2018-0,1,3,322740, 내역 2018년 6월
4165034031,41,41650,2018-0,1,9,1425920, 내역 2018년 6월
4122025044,41,41220,2018-0,2,9,3124800, 내역 2018년 6월
4180034028,41,41800,2018-0,1,4,682560, 내역 2018년 6월
4165040022,41,41650,2018-0,2,35,10108580, 내역 2018년 6월
4180025325,41,41800,2018-0,1,11,1714080, 내역 2018년 6월
4122035021,41,41220,2018-0,2,12,2671520, 내역 2018년 6월
4161034029,41,41610,2018-0,3,20,3422380, 내역 2018년 6월
4155025027,41,41550,2018-0,3,20,4284400, 내역 2018년 6월
4119510100,41,41195,2018-0,2,12,2196520, 내역 2018년 6월
4159026231,41,41590,2018-0,2,10,3093100, 내역 2018년 6월
4119710600,41,41197,2018-0,1,5,1111400, 내역 2018년 6월
4159042029,41,41590,2018-0,26,238,73606780, 내역 2018년 6월
4122037032,41,41220,2018-0,1,5,973600, 내역 2018년 6월
4150037027,41,41500,2018-0,1,3,978660, 내역 2018년 6월
4180031024,41,41800,2018-0,1,9,2305620, 내역 2018년 6월
4122035026,41,41220,2018-0,1,4,1174920, 내역 2018년 6월
4122025032,41,41220,2018-0,14,193,62692680, 내역 2018년 6월
4155010600,41,41550,2018-0,1,4,842820, 내역 2018년 6월
4111113800,41,41111,2018-0,2,9,1081720, 내역 2018년 6월
4150038027,41,41500,2018-0,1,3,322540, 내역 2018년 6월
4150038030,41,41500,2018-0,1,8,1593780, 내역 2018년 6월
4163032030,41,41630,2018-0,1,12,2419140, 내역 2018년 6월
2871032024,28,28710,2018-0,4,35,6548540, 내역 2018년 6월
4182031024,41,41820,2018-0,1,3,632320, 내역 2018년 6월
4182031028,41,41820,2018-0,1,4,804500, 내역 2018년 6월
4122033029,41,41220,2018-0,133,5952,1870485800, 내역 2018년 6월
2871036025,28,28710,2018-0,1,4,357640, 내역 2018년 6월
4122035029,41,41220,2018-0,2,11,2253840, 내역 2018년 6월
2811015200,28,28110,2018-0,1,3,671200, 내역 2018년 6월
4122035024,41,41220,2018-0,1,5,1125000, 내역 2018년 6월
4167037026,41,41670,2018-0,1,3,286200, 내역 2018년 6월
4122035028,41,41220,2018-0,1,3,433620, 내역 2018년 6월
4182033025,41,41820,2018-0,6,55,10234240, 내역 2018년 6월
4122037028,41,41220,2018-0,2,9,2637000, 내역 2018년 6월
4180035023,41,41800,2018-0,2,27,4976700, 내역 2018년 6월
4122031025,41,41220,2018-0,1,12,3109660, 내역 2018년 6월
4159025940,41,41590,2018-0,7,62,20451000, 내역 2018년 6월
4157036026,41,41570,2018-0,2,10,1991860, 내역 2018년 6월
4122032026,41,41220,2018-0,1,3,758060, 내역 2018년 6월
4183031025,41,41830,2018-0,1,6,1162600, 내역 2018년 6월
2871034027,28,28710,2018-0,2,20,3457680, 내역 2018년 6월
4180034023,41,41800,2018-0,2,6,1225500, 내역 2018년 6월
4159025633,41,41590,2018-0,2,13,1205500, 내역 2018년 6월
4182025033,41,41820,2018-0,2,23,6011920, 내역 2018년 6월
4159042028,41,41590,2018-0,18,130,37254520, 내역 2018년 6월
4159013400,41,41590,2018-0,7,132,27255840, 내역 2018년 6월
4159013700,41,41590,2018-0,4,28,5988420, 내역 2018년 6월
4122037027,41,41220,2018-0,1,9,2147120, 내역 2018년 6월
4167037022,41,41670,2018-0,1,10,2667940, 내역 2018년 6월
4183033027,41,41830,2018-0,2,18,2844860, 내역 2018년 6월
4167034027,41,41670,2018-0,1,10,1732480, 내역 2018년 6월
4180025029,41,41800,2018-0,4,20,4132680, 내역 2018년 6월
4159242025,41,41592,2018-0,1,30,8274300, 내역 2018년 6월
1114017200,11,11140,2018-0,3,23,7559100, 내역 2018년 6월
4159013200,41,41590,2018-0,1,12,3093560, 내역 2018년 6월
2871036022,28,28710,2018-0,1,4,896220, 내역 2018년 6월
4167035030,41,41670,2018-0,1,3,486000, 내역 2018년 6월
4122025043,41,41220,2018-0,2,9,2051100, 내역 2018년 6월
4159026232,41,41590,2018-0,14,139,47153480, 내역 2018년 6월
4165035025,41,41650,2018-0,2,11,3614720, 내역 2018년 6월
4182035027,41,41820,2018-0,1,5,809460, 내역 2018년 6월
4148025628,41,41480,2018-0,1,5,1456920, 내역 2018년 6월
4159242033,41,41592,2018-0,3,37,13146480, 내역 2018년 6월
4161035023,41,41610,2018-0,1,3,531000, 내역 2018년 6월
4159242029,41,41592,2018-0,1,6,2022920, 내역 2018년 6월
4155035022,41,41550,2018-0,1,3,356400, 내역 2018년 6월
4122033030,41,41220,2018-0,4,45,16725000, 내역 2018년 6월
4183035024,41,41830,2018-0,2,11,1638000, 내역 2018년 6월
2871042023,28,28710,2018-0,1,4,1136140, 내역 2018년 6월
4155036030,41,41550,2018-0,1,6,1224000, 내역 2018년 6월
4159242030,41,41592,2018-0,2,46,16211140, 내역 2018년 6월
4183035026,41,41830,2018-0,1,3,606600, 내역 2018년 6월
4148037032,41,41480,2018-0,1,5,360000, 내역 2018년 6월
4183000000,41,41830,2018-0,1,5,816640, 내역 2018년 6월
4159035026,41,41590,2018-0,2,6,1717740, 내역 2018년 6월
1117013400,11,11170,2018-0,1,4,1069200, 내역 2018년 6월
4128110700,41,41281,2018-0,1,11,3566700, 내역 2018년 6월
4159026230,41,41590,2018-0,2,12,2659280, 내역 2018년 6월
4125010500,41,41250,2018-0,1,3,735020, 내역 2018년 6월
4159014000,41,41590,2018-0,4,24,4817060, 내역 2018년 6월
4159034027,41,41590,2018-0,1,4,612000, 내역 2018년 6월
2871037027,28,28710,2018-0,1,11,1745360, 내역 2018년 6월
4167035036,41,41670,2018-0,1,7,1291500, 내역 2018년 6월
4182034524,41,41820,2018-0,1,4,1307060, 내역 2018년 6월
4183033025,41,41830,2018-0,1,9,1476320, 내역 2018년 6월
4167031034,41,41670,2018-0,2,12,1737000, 내역 2018년 6월
2871039027,28,28710,2018-0,1,3,967500, 내역 2018년 6월
4180036023,41,41800,2018-0,1,15,2403000, 내역 2018년 6월
4167010500,41,41670,2018-0,1,3,576000, 내역 2018년 6월
4180035026,41,41800,2018-0,1,6,156600, 내역 2018년 6월
4183036024,41,41830,2018-0,1,3,452060, 내역 2018년 6월
4159026234,41,41590,2018-0,1,4,1002220, 내역 2018년 6월
4122033031,41,41220,2018-0,1,6,1952100, 내역 2018년 6월
1156010800,11,11560,2016-0,142,2350,539872700, 내역 2016년 6월
1141010400,11,11410,2016-0,38,4213,1302639180, 내역 2016년 6월
1168010100,11,11680,2016-0,5336,179516,43985428400, 내역 2016년 6월
1168010400,11,11680,2016-0,1041,32088,7796379960, 내역 2016년 6월
1114012500,11,11140,2016-0,144,9490,1528295680, 내역 2016년 6월
1114011700,11,11140,2016-0,57,7674,1960106460, 내역 2016년 6월
1117010100,11,11170,2016-0,79,2252,415570280, 내역 2016년 6월
4148011500,41,41480,2016-0,275,9461,2353983160, 내역 2016년 6월
1111012400,11,11110,2016-0,232,16932,4326345680, 내역 2016년 6월
1114010400,11,11140,2016-0,75,16931,5661527240, 내역 2016년 6월
1111012000,11,11110,2016-0,278,7687,1860620780, 내역 2016년 6월
1154510100,11,11545,2016-0,5489,108718,25239832560, 내역 2016년 6월
1168010600,11,11680,2016-0,1745,73246,18832154000, 내역 2016년 6월
1168010700,11,11680,2016-0,1558,40510,7397087660, 내역 2016년 6월
1156011000,11,11560,2016-0,2573,255292,79337501600, 내역 2016년 6월
1114011100,11,11140,2016-0,147,27577,6440418840, 내역 2016년 6월
1162010300,11,11620,2016-0,104,2344,454120480, 내역 2016년 6월
1114017100,11,11140,2016-0,116,4574,997128800, 내역 2016년 6월
1135010300,11,11350,2016-0,431,9262,1754218040, 내역 2016년 6월
1171010500,11,11710,2016-0,329,4200,848331800, 내역 2016년 6월
1168010500,11,11680,2016-0,2736,120477,28239265300, 내역 2016년 6월
1111016400,11,11110,2016-0,167,2105,453398180, 내역 2016년 6월
1144011100,11,11440,2016-0,176,2630,529200900, 내역 2016년 6월
1114010100,11,11140,2016-0,215,4876,878904700, 내역 2016년 6월
1114012300,11,11140,2016-0,23,873,291865660, 내역 2016년 6월
1111013800,11,11110,2016-0,45,2294,446840760, 내역 2016년 6월
4167038021,41,41670,2016-0,13,172,33049580, 내역 2016년 6월
1114015100,11,11140,2016-0,47,347,70979380, 내역 2016년 6월
2820011100,28,28200,2016-0,1741,37218,8649893700, 내역 2016년 6월
1165010800,11,11650,2016-0,4799,137575,32657697120, 내역 2016년 6월
1165010700,11,11650,2016-0,777,17694,4159051320, 내역 2016년 6월
4182025022,41,41820,2016-0,37,722,153616800, 내역 2016년 6월
4129010600,41,41290,2016-0,87,2801,853939380, 내역 2016년 6월
1150010500,11,11500,2016-0,834,20598,5873870240, 내역 2016년 6월
1154510200,11,11545,2016-0,788,12392,2535071600, 내역 2016년 6월
1171011100,11,11710,2016-0,827,14048,3170752720, 내역 2016년 6월
1168010800,11,11680,2016-0,3485,73971,16998692400, 내역 2016년 6월
1174010800,11,11740,2016-0,710,13957,2656667120, 내역 2016년 6월
1120011400,11,11200,2016-0,1030,18373,4031995660, 내역 2016년 6월
1123010100,11,11230,2016-0,204,8715,1969827960, 내역 2016년 6월
1174011000,11,11740,2016-0,60,1568,328850080, 내역 2016년 6월
1120011500,11,11200,2016-0,2053,75053,15026772780, 내역 2016년 6월
1121510100,11,11215,2016-0,442,5508,1023245580, 내역 2016년 6월
4161033028,41,41610,2016-0,101,1519,320495040, 내역 2016년 6월
1123010200,11,11230,2016-0,367,7486,1847796800, 내역 2016년 6월
4159036030,41,41590,2016-0,99,1775,414573020, 내역 2016년 6월
1123010800,11,11230,2016-0,49,2022,318169540, 내역 2016년 6월
4183025026,41,41830,2016-0,21,164,25025520, 내역 2016년 6월
1123010600,11,11230,2016-0,746,8995,1734344240, 내역 2016년 6월
1120010700,11,11200,2016-0,176,2020,375046300, 내역 2016년 6월
1126010600,11,11260,2016-0,211,4614,931075040, 내역 2016년 6월
1123010700,11,11230,2016-0,103,1889,418707980, 내역 2016년 6월
2826011200,28,28260,2016-0,1152,25105,5806645700, 내역 2016년 6월
1168011400,11,11680,2016-0,163,8336,2475471120, 내역 2016년 6월
1171010700,11,11710,2016-0,1828,24500,5240343740, 내역 2016년 6월
1114014700,11,11140,2016-0,77,13294,3350037080, 내역 2016년 6월
1111012900,11,11110,2016-0,51,1290,299828480, 내역 2016년 6월
4113110700,41,41131,2016-0,264,4155,795356280, 내역 2016년 6월
1114014400,11,11140,2016-0,118,5985,1479244760, 내역 2016년 6월
1114010300,11,11140,2016-0,246,13000,2866523360, 내역 2016년 6월
1111011900,11,11110,2016-0,83,7169,2030785780, 내역 2016년 6월
1114010800,11,11140,2016-0,83,8645,2861370280, 내역 2016년 6월
4150034024,41,41500,2016-0,15,229,44379420, 내역 2016년 6월
1114013200,11,11140,2016-0,82,1054,248015440, 내역 2016년 6월
1114011300,11,11140,2016-0,68,1433,271569180, 내역 2016년 6월
1114016600,11,11140,2016-0,281,15983,4219633920, 내역 2016년 6월
1114010200,11,11140,2016-0,124,8337,2571858200, 내역 2016년 6월
1114010700,11,11140,2016-0,19,1290,372356400, 내역 2016년 6월
1153010200,11,11530,2016-0,4393,93307,20706096520, 내역 2016년 6월
1168011800,11,11680,2016-0,942,28008,5957313660, 내역 2016년 6월
1114015800,11,11140,2016-0,106,6992,1260999660, 내역 2016년 6월
1114015900,11,11140,2016-0,63,8856,964741040, 내역 2016년 6월
1121510500,11,11215,2016-0,494,8523,1777162720, 내역 2016년 6월
4127310700,41,41273,2016-0,429,9078,2087393100, 내역 2016년 6월
1121510300,11,11215,2016-0,589,12129,2418733500, 내역 2016년 6월
4159033022,41,41590,2016-0,57,657,136126400, 내역 2016년 6월
4155038025,41,41550,2016-0,25,760,178504280, 내역 2016년 6월
1126010200,11,11260,2016-0,195,7605,1686237220, 내역 2016년 6월
1174010600,11,11740,2016-0,153,4712,1204127620, 내역 2016년 6월
1171010300,11,11710,2016-0,159,9890,2966766640, 내역 2016년 6월
1130510100,11,11305,2016-0,277,3601,630849180, 내역 2016년 6월
1174010700,11,11740,2016-0,169,2971,572521680, 내역 2016년 6월
1123010500,11,11230,2016-0,311,3550,634615600, 내역 2016년 6월
1126010100,11,11260,2016-0,325,4504,864903200, 내역 2016년 6월
1129012600,11,11290,2016-0,15,187,44266840, 내역 2016년 6월
1132010800,11,11320,2016-0,183,3671,637155280, 내역 2016년 6월
4146132024,41,41461,2016-0,44,620,136121440, 내역 2016년 6월
4145010800,41,41450,2016-0,441,5117,1081186320, 내역 2016년 6월
1156011800,11,11560,2016-0,91,905,170394420, 내역 2016년 6월
1126010500,11,11260,2016-0,146,2387,416355820, 내역 2016년 6월
1165010100,11,11650,2016-0,1757,44927,10914413220, 내역 2016년 6월
1144010200,11,11440,2016-0,543,19632,4992470020, 내역 2016년 6월
1165010200,11,11650,2016-0,2242,130213,40913963480, 내역 2016년 6월
4113510700,41,41135,2016-0,881,20380,4850417360, 내역 2016년 6월
1144010500,11,11440,2016-0,125,1451,298694600, 내역 2016년 6월
1141011800,11,11410,2016-0,119,2461,455155180, 내역 2016년 6월
1114013700,11,11140,2016-0,83,3788,826345320, 내역 2016년 6월
1159010100,11,11590,2016-0,194,3739,717482880, 내역 2016년 6월
1111010600,11,11110,2016-0,43,590,136511980, 내역 2016년 6월
1111012600,11,11110,2016-0,146,15572,3356219540, 내역 2016년 6월
1114016000,11,11140,2016-0,50,554,112977300, 내역 2016년 6월
1138010100,11,11380,2016-0,42,604,133339500, 내역 2016년 6월
1147010200,11,11470,2016-0,714,13777,3370129260, 내역 2016년 6월
1111015900,11,11110,2016-0,48,1939,563050820, 내역 2016년 6월
1111012800,11,11110,2016-0,76,6662,2218817020, 내역 2016년 6월
1111014400,11,11110,2016-0,14,182,35247180, 내역 2016년 6월
1114011800,11,11140,2016-0,224,31508,9129859400, 내역 2016년 6월
1117012500,11,11170,2016-0,624,21415,6059925460, 내역 2016년 6월
1156012700,11,11560,2016-0,398,12540,2304190480, 내역 2016년 6월
1171010600,11,11710,2016-0,228,3823,795427300, 내역 2016년 6월
1111016500,11,11110,2016-0,44,585,105203300, 내역 2016년 6월
1123010900,11,11230,2016-0,115,3142,630010400, 내역 2016년 6월
1171011200,11,11710,2016-0,367,6649,1397095760, 내역 2016년 6월
4127310600,41,41273,2016-0,550,16884,4517665740, 내역 2016년 6월
4159036021,41,41590,2016-0,97,3394,991582140, 내역 2016년 6월
1121510200,11,11215,2016-0,138,1706,345778420, 내역 2016년 6월
4136025324,41,41360,2016-0,77,707,127792000, 내역 2016년 6월
1147010300,11,11470,2016-0,439,6189,1073232120, 내역 2016년 6월
4155025023,41,41550,2016-0,19,292,54837260, 내역 2016년 6월
1150010800,11,11500,2016-0,231,24334,7528858780, 내역 2016년 6월
4150025330,41,41500,2016-0,86,26923,9484054460, 내역 2016년 6월
1156013000,11,11560,2016-0,49,1161,217554120, 내역 2016년 6월
1132010500,11,11320,2016-0,198,3642,698783220, 내역 2016년 6월
2820011000,28,28200,2016-0,643,11634,2524272320, 내역 2016년 6월
1144012700,11,11440,2016-0,735,31113,8268085140, 내역 2016년 6월
1171010200,11,11710,2016-0,466,71576,18256887440, 내역 2016년 6월
1123010300,11,11230,2016-0,233,2108,385705960, 내역 2016년 6월
4161033025,41,41610,2016-0,35,468,99255440, 내역 2016년 6월
4165032022,41,41650,2016-0,37,462,89536460, 내역 2016년 6월
2826011900,28,28260,2016-0,659,9518,2127770700, 내역 2016년 6월
1117013100,11,11170,2016-0,447,11709,3045226100, 내역 2016년 6월
1138010700,11,11380,2016-0,212,2941,555871600, 내역 2016년 6월
4128510400,41,41285,2016-0,1214,13688,3096526960, 내역 2016년 6월
4159025324,41,41590,2016-0,131,1390,286928600, 내역 2016년 6월
1111011600,11,11110,2016-0,29,795,171735440, 내역 2016년 6월
1114014300,11,11140,2016-0,73,1837,510288820, 내역 2016년 6월
1111011400,11,11110,2016-0,31,2440,360062960, 내역 2016년 6월
1114010500,11,11140,2016-0,143,39081,11825359840, 내역 2016년 6월
1156013300,11,11560,2016-0,366,7108,1519116040, 내역 2016년 6월
1111013500,11,11110,2016-0,93,1085,222187900, 내역 2016년 6월
1150010200,11,11500,2016-0,748,36326,6849193840, 내역 2016년 6월
1111018400,11,11110,2016-0,38,1281,200727640, 내역 2016년 6월
1114015400,11,11140,2016-0,67,596,130727820, 내역 2016년 6월
1114014800,11,11140,2016-0,120,4062,1217291500, 내역 2016년 6월
1114013600,11,11140,2016-0,36,1278,365176640, 내역 2016년 6월
1111012300,11,11110,2016-0,102,11508,3764059320, 내역 2016년 6월
4122011600,41,41220,2016-0,12,578,115648540, 내역 2016년 6월
1144012100,11,11440,2016-0,467,7033,1545873720, 내역 2016년 6월
2818510600,28,28185,2016-0,1261,28642,7537570420, 내역 2016년 6월
4165033026,41,41650,2016-0,111,1554,297721740, 내역 2016년 6월
4117310200,41,41173,2016-0,2252,38666,9322607040, 내역 2016년 6월
1135010200,11,11350,2016-0,181,3612,617074680, 내역 2016년 6월
1126010400,11,11260,2016-0,177,1825,356317880, 내역 2016년 6월
4121010200,41,41210,2016-0,240,4418,845647260, 내역 2016년 6월
4163032027,41,41630,2016-0,87,1750,403482880, 내역 2016년 6월
1144010400,11,11440,2016-0,683,18400,3708188780, 내역 2016년 6월
4155036021,41,41550,2016-0,35,578,139013920, 내역 2016년 6월
1111014600,11,11110,2016-0,31,310,55726800, 내역 2016년 6월
1168010300,11,11680,2016-0,677,16756,3220995760, 내역 2016년 6월
1130510300,11,11305,2016-0,323,4925,917422040, 내역 2016년 6월
4127310400,41,41273,2016-0,1367,40096,10189279720, 내역 2016년 6월
4163033021,41,41630,2016-0,140,2074,449366840, 내역 2016년 6월
1123010400,11,11230,2016-0,168,2098,396604060, 내역 2016년 6월
4131010400,41,41310,2016-0,234,2319,444028620, 내역 2016년 6월
4183033024,41,41830,2016-0,5,24,4127260, 내역 2016년 6월
2817710500,28,28177,2016-0,646,11289,2047989260, 내역 2016년 6월
4136026221,41,41360,2016-0,112,1274,231166720, 내역 2016년 6월
1130510200,11,11305,2016-0,205,2957,546043180, 내역 2016년 6월
1129013900,11,11290,2016-0,107,2282,369564480, 내역 2016년 6월
1129010100,11,11290,2016-0,94,1455,296611060, 내역 2016년 6월
1138011000,11,11380,2016-0,96,1153,185263700, 내역 2016년 6월
1135010500,11,11350,2016-0,612,9353,1736370480, 내역 2016년 6월
1132010600,11,11320,2016-0,217,3548,597480240, 내역 2016년 6월
1129013300,11,11290,2016-0,193,4872,986731540, 내역 2016년 6월
1171010800,11,11710,2016-0,2547,43277,9887362920, 내역 2016년 6월
1129013600,11,11290,2016-0,191,3990,912980840, 내역 2016년 6월
1114011000,11,11140,2016-0,121,16610,3209331960, 내역 2016년 6월
1165011000,11,11650,2016-0,50,2790,838902840, 내역 2016년 6월
1135010600,11,11350,2016-0,223,2597,448322360, 내역 2016년 6월
1132010700,11,11320,2016-0,348,4350,732536840, 내역 2016년 6월
1138010900,11,11380,2016-0,129,1830,306479340, 내역 2016년 6월
1141010100,11,11410,2016-0,114,2193,483824200, 내역 2016년 6월
1141011900,11,11410,2016-0,140,2143,346533680, 내역 2016년 6월
1165010600,11,11650,2016-0,646,21419,5268070080, 내역 2016년 6월
4146310600,41,41463,2016-0,87,1391,338684580, 내역 2016년 6월
1138010500,11,11380,2016-0,74,2041,422761500, 내역 2016년 6월
1138010400,11,11380,2016-0,130,1696,296186060, 내역 2016년 6월
4161025936,41,41610,2016-0,84,1314,268895080, 내역 2016년 6월
4157025325,41,41570,2016-0,124,2581,556540580, 내역 2016년 6월
1111018300,11,11110,2016-0,77,738,153595240, 내역 2016년 6월
1130510400,11,11305,2016-0,22,503,129921200, 내역 2016년 6월
1171011400,11,11710,2016-0,122,1744,272483380, 내역 2016년 6월
4148025627,41,41480,2016-0,17,215,40242380, 내역 2016년 6월
1171010900,11,11710,2016-0,133,3839,907646580, 내역 2016년 6월
4125010100,41,41250,2016-0,31,374,57363820, 내역 2016년 6월
2820010700,28,28200,2016-0,319,10801,2575892000, 내역 2016년 6월
4141010200,41,41410,2016-0,994,14947,3483339780, 내역 2016년 6월
1168011300,11,11680,2016-0,62,602,85154360, 내역 2016년 6월
1144012200,11,11440,2016-0,371,7261,1665497160, 내역 2016년 6월
4148010700,41,41480,2016-0,27,961,226416780, 내역 2016년 6월
1141010200,11,11410,2016-0,154,14034,4384542440, 내역 2016년 6월
1114012900,11,11140,2016-0,45,734,131360560, 내역 2016년 6월
1150010300,11,11500,2016-0,653,8863,1617130480, 내역 2016년 6월
1141011700,11,11410,2016-0,267,3666,755748740, 내역 2016년 6월
1141011400,11,11410,2016-0,55,3825,699654800, 내역 2016년 6월
1144012000,11,11440,2016-0,1129,19134,4027866120, 내역 2016년 6월
4117110300,41,41171,2016-0,122,3406,848074840, 내역 2016년 6월
4163033027,41,41630,2016-0,78,984,197714000, 내역 2016년 6월
4131010100,41,41310,2016-0,157,1281,275477660, 내역 2016년 6월
1123011000,11,11230,2016-0,64,1726,230512180, 내역 2016년 6월
4136025024,41,41360,2016-0,95,956,209981560, 내역 2016년 6월
4146110500,41,41461,2016-0,84,3006,798655300, 내역 2016년 6월
4145011100,41,41450,2016-0,44,380,95738380, 내역 2016년 6월
1150010600,11,11500,2016-0,132,2628,500497620, 내역 2016년 6월
4165010600,41,41650,2016-0,67,1305,282056940, 내역 2016년 6월
4165025022,41,41650,2016-0,106,1006,182194340, 내역 2016년 6월
1153010800,11,11530,2016-0,195,2545,434609660, 내역 2016년 6월
1141012000,11,11410,2016-0,78,961,203188700, 내역 2016년 6월
1117010400,11,11170,2016-0,113,15516,3005156540, 내역 2016년 6월
1144012400,11,11440,2016-0,251,2695,538086560, 내역 2016년 6월
1138010300,11,11380,2016-0,119,2075,439242400, 내역 2016년 6월
1150010700,11,11500,2016-0,137,1905,372276980, 내역 2016년 6월
1144012300,11,11440,2016-0,229,2288,415911200, 내역 2016년 6월
1150010400,11,11500,2016-0,638,9452,1927473640, 내역 2016년 6월
1150011000,11,11500,2016-0,61,2027,554096960, 내역 2016년 6월
1111016200,11,11110,2016-0,40,496,92134660, 내역 2016년 6월
4163011600,41,41630,2016-0,71,881,143900560, 내역 2016년 6월
4165033024,41,41650,2016-0,57,654,126210700, 내역 2016년 6월
1129011900,11,11290,2016-0,23,392,65820260, 내역 2016년 6월
1156012300,11,11560,2016-0,162,2460,510862480, 내역 2016년 6월
1138011400,11,11380,2016-0,144,2091,447617540, 내역 2016년 6월
1141010600,11,11410,2016-0,23,266,44270080, 내역 2016년 6월
1141011100,11,11410,2016-0,128,1422,216045780, 내역 2016년 6월
1138010800,11,11380,2016-0,129,1175,202966340, 내역 2016년 6월
1144011500,11,11440,2016-0,151,2772,555861000, 내역 2016년 6월
1144010700,11,11440,2016-0,258,3573,889509640, 내역 2016년 6월
4159025330,41,41590,2016-0,55,658,145298620, 내역 2016년 6월
1150010900,11,11500,2016-0,342,8341,1901846080, 내역 2016년 6월
1156012500,11,11560,2016-0,78,983,186985760, 내역 2016년 6월
1159010900,11,11590,2016-0,268,17043,4214658840, 내역 2016년 6월
1138010600,11,11380,2016-0,83,614,106666960, 내역 2016년 6월
4141010500,41,41410,2016-0,415,7738,1648285620, 내역 2016년 6월
1144011000,11,11440,2016-0,100,4405,792565020, 내역 2016년 6월
1144010900,11,11440,2016-0,107,3647,904245320, 내역 2016년 6월
1150010100,11,11500,2016-0,417,9229,2236898900, 내역 2016년 6월
1156012800,11,11560,2016-0,275,17207,3513005280, 내역 2016년 6월
4159037022,41,41590,2016-0,198,2915,681807700, 내역 2016년 6월
1162010100,11,11620,2016-0,754,13618,2789181820, 내역 2016년 6월
1111014300,11,11110,2016-0,5,47,7967560, 내역 2016년 6월
4150031028,41,41500,2016-0,18,243,50753220, 내역 2016년 6월
4113310500,41,41133,2016-0,1771,38012,9036105980, 내역 2016년 6월
1147010100,11,11470,2016-0,707,8535,1654308920, 내역 2016년 6월
1117011200,11,11170,2016-0,111,6244,953025400, 내역 2016년 6월
1156012100,11,11560,2016-0,573,20967,4044426180, 내역 2016년 6월
1117013000,11,11170,2016-0,258,3144,623586300, 내역 2016년 6월
1156011100,11,11560,2016-0,106,1727,313569160, 내역 2016년 6월
4113510900,41,41135,2016-0,1069,57802,15624988740, 내역 2016년 6월
4139013200,41,41390,2016-0,3327,60687,14656131760, 내역 2016년 6월
4148026225,41,41480,2016-0,79,1710,341741300, 내역 2016년 6월
1144012500,11,11440,2016-0,586,8212,1513056420, 내역 2016년 6월
4119012300,41,41190,2016-0,771,10467,2334919900, 내역 2016년 6월
4157010700,41,41570,2016-0,172,2197,434646360, 내역 2016년 6월
4183032026,41,41830,2016-0,8,162,34385500, 내역 2016년 6월
4157025021,41,41570,2016-0,58,837,146906980, 내역 2016년 6월
2814010200,28,28140,2016-0,33,3169,1096517740, 내역 2016년 6월
1114013900,11,11140,2016-0,74,1452,276967440, 내역 2016년 6월
4127310500,41,41273,2016-0,724,21661,5576639740, 내역 2016년 6월
1111016900,11,11110,2016-0,50,848,169288640, 내역 2016년 6월
1153011000,11,11530,2016-0,73,1232,230886720, 내역 2016년 6월
1156011600,11,11560,2016-0,118,4831,914758780, 내역 2016년 6월
2826010400,28,28260,2016-0,268,6880,1748116020, 내역 2016년 6월
1114011900,11,11140,2016-0,54,2212,629377980, 내역 2016년 6월
1156012900,11,11560,2016-0,319,5421,1252490520, 내역 2016년 6월
1156011500,11,11560,2016-0,57,612,125171660, 내역 2016년 6월
1156011300,11,11560,2016-0,207,7919,1423331320, 내역 2016년 6월
4159037024,41,41590,2016-0,150,1977,449300000, 내역 2016년 6월
4128710200,41,41287,2016-0,194,2064,357056040, 내역 2016년 6월
4146311400,41,41463,2016-0,113,1571,387974380, 내역 2016년 6월
1111012100,11,11110,2016-0,91,11538,3394123660, 내역 2016년 6월
1111018600,11,11110,2016-0,12,117,22363040, 내역 2016년 6월
4128510900,41,41285,2016-0,90,1101,201807660, 내역 2016년 6월
4157025026,41,41570,2016-0,25,214,45345560, 내역 2016년 6월
4127110600,41,41271,2016-0,24,240,44657920, 내역 2016년 6월
2824510400,28,28245,2016-0,138,1607,340495680, 내역 2016년 6월
1154510300,11,11545,2016-0,709,10668,2093869040, 내역 2016년 6월
4157025626,41,41570,2016-0,644,9604,2163404200, 내역 2016년 6월
1153010100,11,11530,2016-0,261,5299,1224952240, 내역 2016년 6월
1156013200,11,11560,2016-0,419,6690,1285569540, 내역 2016년 6월
1117012600,11,11170,2016-0,28,1919,427468420, 내역 2016년 6월
1156011400,11,11560,2016-0,349,12639,2534126460, 내역 2016년 6월
4157010200,41,41570,2016-0,67,1399,309736300, 내역 2016년 6월
1156011200,11,11560,2016-0,146,1797,327789500, 내역 2016년 6월
1121510400,11,11215,2016-0,222,3967,944396020, 내역 2016년 6월
1117011000,11,11170,2016-0,32,1129,162613420, 내역 2016년 6월
1117011100,11,11170,2016-0,32,310,62251920, 내역 2016년 6월
4148025624,41,41480,2016-0,23,434,91785520, 내역 2016년 6월
4119011600,41,41190,2016-0,5,33,9229140, 내역 2016년 6월
4148025023,41,41480,2016-0,80,2210,455789280, 내역 2016년 6월
1174010200,11,11740,2016-0,85,1312,262928340, 내역 2016년 6월
1171010100,11,11710,2016-0,554,11780,2421679140, 내역 2016년 6월
1171010400,11,11710,2016-0,353,6540,1317607680, 내역 2016년 6월
4155031038,41,41550,2016-0,7,51,8939160, 내역 2016년 6월
1174010300,11,11740,2016-0,113,19389,6222518400, 내역 2016년 6월
1159010800,11,11590,2016-0,176,5896,1430300000, 내역 2016년 6월
1171011300,11,11710,2016-0,121,2449,477339400, 내역 2016년 6월
4129010900,41,41290,2016-0,107,6397,1816793280, 내역 2016년 6월
1153011100,11,11530,2016-0,32,308,51827960, 내역 2016년 6월
1159010700,11,11590,2016-0,377,6821,1224627580, 내역 2016년 6월
4159025935,41,41590,2016-0,31,616,140864780, 내역 2016년 6월
1174010500,11,11740,2016-0,291,4581,964925480, 내역 2016년 6월
1162010200,11,11620,2016-0,764,12518,2336089680, 내역 2016년 6월
4113511000,41,41135,2016-0,175,4897,1290415200, 내역 2016년 6월
4127310300,41,41273,2016-0,360,9621,2382465200, 내역 2016년 6월
1174010900,11,11740,2016-0,416,7477,1712873360, 내역 2016년 6월
4113510500,41,41135,2016-0,486,16970,4549749680, 내역 2016년 6월
4136025630,41,41360,2016-0,112,1182,227309880, 내역 2016년 6월
4159036026,41,41590,2016-0,244,3839,927458500, 내역 2016년 6월
1153010700,11,11530,2016-0,182,2809,507276840, 내역 2016년 6월
1153010600,11,11530,2016-0,242,2302,441451400, 내역 2016년 6월
4157036031,41,41570,2016-0,36,340,70647420, 내역 2016년 6월
4121010500,41,41210,2016-0,142,1292,254332720, 내역 2016년 6월
1117012800,11,11170,2016-0,397,20243,4695947580, 내역 2016년 6월
4150035033,41,41500,2016-0,7,151,31778760, 내역 2016년 6월
4119010300,41,41190,2016-0,510,6426,1356432080, 내역 2016년 6월
1159010200,11,11590,2016-0,230,3075,529635860, 내역 2016년 6월
1168011000,11,11680,2016-0,56,3418,835931760, 내역 2016년 6월
1174010100,11,11740,2016-0,136,1603,259244740, 내역 2016년 6월
4113510200,41,41135,2016-0,535,10351,2793587840, 내역 2016년 6월
4159037025,41,41590,2016-0,34,674,159405080, 내역 2016년 6월
4122012000,41,41220,2016-0,114,3333,753602080, 내역 2016년 6월
4117110200,41,41171,2016-0,217,5506,1250515940, 내역 2016년 6월
4113511400,41,41135,2016-0,555,16625,3791333220, 내역 2016년 6월
4161025329,41,41610,2016-0,110,1540,320669920, 내역 2016년 6월
1114016200,11,11140,2016-0,762,14085,2634315140, 내역 2016년 6월
4157034021,41,41570,2016-0,55,809,179463460, 내역 2016년 6월
4121010400,41,41210,2016-0,552,11584,3346006000, 내역 2016년 6월
4146110600,41,41461,2016-0,79,2049,440407400, 내역 2016년 6월
4117110100,41,41171,2016-0,1000,16823,3415368200, 내역 2016년 6월
4155035023,41,41550,2016-0,14,113,25106160, 내역 2016년 6월
4128110600,41,41281,2016-0,105,1303,242536320, 내역 2016년 6월
4157035024,41,41570,2016-0,65,1027,227085640, 내역 2016년 6월
4159033029,41,41590,2016-0,32,473,113974580, 내역 2016년 6월
4161025022,41,41610,2016-0,105,1081,214102400, 내역 2016년 6월
4157035021,41,41570,2016-0,23,254,57706100, 내역 2016년 6월
4139011200,41,41390,2016-0,178,1382,291539480, 내역 2016년 6월
4121010300,41,41210,2016-0,261,2806,520858560, 내역 2016년 6월
4119012100,41,41190,2016-0,71,877,155613160, 내역 2016년 6월
4129010500,41,41290,2016-0,153,1961,425657200, 내역 2016년 6월
4122010300,41,41220,2016-0,109,4596,1118585220, 내역 2016년 6월
4159026221,41,41590,2016-0,159,2203,493803020, 내역 2016년 6월
4159036025,41,41590,2016-0,176,2483,592791520, 내역 2016년 6월
4127110300,41,41271,2016-0,385,5182,1022033860, 내역 2016년 6월
4157036027,41,41570,2016-0,39,326,67948520, 내역 2016년 6월
4157025622,41,41570,2016-0,57,709,132558880, 내역 2016년 6월
4157034030,41,41570,2016-0,160,2093,460278380, 내역 2016년 6월
4159026222,41,41590,2016-0,94,1079,242230100, 내역 2016년 6월
4119012400,41,41190,2016-0,372,5814,1221181860, 내역 2016년 6월
1153011200,11,11530,2016-0,9,199,25131200, 내역 2016년 6월
1111013700,11,11110,2016-0,53,562,111222580, 내역 2016년 6월
1111016000,11,11110,2016-0,145,6700,2072234100, 내역 2016년 6월
1111017400,11,11110,2016-0,96,1365,249762540, 내역 2016년 6월
1111015400,11,11110,2016-0,105,811,184147000, 내역 2016년 6월
2811012800,28,28110,2016-0,360,6497,1495565120, 내역 2016년 6월
4119010400,41,41190,2016-0,553,11404,2563730040, 내역 2016년 6월
1111016300,11,11110,2016-0,32,244,38857680, 내역 2016년 6월
1111013600,11,11110,2016-0,105,3189,758613720, 내역 2016년 6월
4157034033,41,41570,2016-0,63,824,181947140, 내역 2016년 6월
4146136029,41,41461,2016-0,94,1482,312155280, 내역 2016년 6월
1111015700,11,11110,2016-0,67,5199,1040916140, 내역 2016년 6월
1111016600,11,11110,2016-0,64,2522,580610240, 내역 2016년 6월
1111016800,11,11110,2016-0,113,1963,385806060, 내역 2016년 6월
1168011500,11,11680,2016-0,486,9994,2117600500, 내역 2016년 6월
1111014700,11,11110,2016-0,10,1256,307228980, 내역 2016년 6월
4157025628,41,41570,2016-0,21,295,60881560, 내역 2016년 6월
4146310300,41,41463,2016-0,77,942,194082740, 내역 2016년 6월
4128112300,41,41281,2016-0,297,4553,878181780, 내역 2016년 6월
1120010500,11,11200,2016-0,480,6399,1414617520, 내역 2016년 6월
1114016700,11,11140,2016-0,89,3947,1082122680, 내역 2016년 6월
1111011500,11,11110,2016-0,35,438,96143440, 내역 2016년 6월
1111011700,11,11110,2016-0,105,2745,639795780, 내역 2016년 6월
4150031027,41,41500,2016-0,10,429,106602640, 내역 2016년 6월
1111013400,11,11110,2016-0,77,1215,243865260, 내역 2016년 6월
4143011000,41,41430,2016-0,37,757,192965160, 내역 2016년 6월
1114011200,11,11140,2016-0,104,4380,1228247320, 내역 2016년 6월
1138010200,11,11380,2016-0,255,2511,425127140, 내역 2016년 6월
1111017500,11,11110,2016-0,124,1354,236107800, 내역 2016년 6월
4159025924,41,41590,2016-0,67,6545,1787553460, 내역 2016년 6월
1111011000,11,11110,2016-0,18,188,38755640, 내역 2016년 6월
1156012400,11,11560,2016-0,143,3607,923548480, 내역 2016년 6월
1129013400,11,11290,2016-0,86,986,162735360, 내역 2016년 6월
4143010900,41,41430,2016-0,390,3685,848954380, 내역 2016년 6월
1120010300,11,11200,2016-0,45,665,118810200, 내역 2016년 6월
4119010900,41,41190,2016-0,725,7722,1439000920, 내역 2016년 6월
4122025623,41,41220,2016-0,84,4847,1468985400, 내역 2016년 6월
1111013200,11,11110,2016-0,64,2313,340127520, 내역 2016년 6월
2823710400,28,28237,2016-0,758,34453,10199808640, 내역 2016년 6월
2820010100,28,28200,2016-0,779,12486,2834729860, 내역 2016년 6월
4146131023,41,41461,2016-0,54,747,158611560, 내역 2016년 6월
1129011400,11,11290,2016-0,30,285,60921720, 내역 2016년 6월
1111011800,11,11110,2016-0,196,3236,922485760, 내역 2016년 6월
1117013200,11,11170,2016-0,44,1030,234802040, 내역 2016년 6월
1111015600,11,11110,2016-0,26,203,38596940, 내역 2016년 6월
1111011300,11,11110,2016-0,38,597,128715740, 내역 2016년 6월
1141011600,11,11410,2016-0,113,1850,350195680, 내역 2016년 6월
1111017700,11,11110,2016-0,11,2646,796059820, 내역 2016년 6월
2811014700,28,28110,2016-0,495,17610,4257274720, 내역 2016년 6월
1117010900,11,11170,2016-0,29,472,87470400, 내역 2016년 6월
1114011400,11,11140,2016-0,93,18478,6299301220, 내역 2016년 6월
4146310200,41,41463,2016-0,241,4183,830765380, 내역 2016년 6월
1120010800,11,11200,2016-0,14,131,22903540, 내역 2016년 6월
1156010100,11,11560,2016-0,53,493,85572180, 내역 2016년 6월
4155012800,41,41550,2016-0,24,957,224520300, 내역 2016년 6월
4113111300,41,41131,2016-0,26,237,50374240, 내역 2016년 6월
1120010100,11,11200,2016-0,21,245,56215160, 내역 2016년 6월
1114015500,11,11140,2016-0,110,1075,216960100, 내역 2016년 6월
4159042032,41,41590,2016-0,262,8689,2317058440, 내역 2016년 6월
1114012400,11,11140,2016-0,84,6098,1424810200, 내역 2016년 6월
1156010300,11,11560,2016-0,133,2038,465175300, 내역 2016년 6월
4161025023,41,41610,2016-0,89,1478,351997280, 내역 2016년 6월
1114016800,11,11140,2016-0,183,15556,4558859680, 내역 2016년 6월
2817710300,28,28177,2016-0,240,3087,611781240, 내역 2016년 6월
4128110100,41,41281,2016-0,121,1829,373987340, 내역 2016년 6월
1114011600,11,11140,2016-0,8,2461,833473960, 내역 2016년 6월
1114015000,11,11140,2016-0,31,7430,2456184820, 내역 2016년 6월
1144010800,11,11440,2016-0,109,2051,441232020, 내역 2016년 6월
1141010300,11,11410,2016-0,53,550,103332460, 내역 2016년 6월
4148010900,41,41480,2016-0,25,368,82554520, 내역 2016년 6월
1111012500,11,11110,2016-0,39,2954,939951200, 내역 2016년 6월
1111014100,11,11110,2016-0,37,467,105985600, 내역 2016년 6월
1114012700,11,11140,2016-0,75,2560,489252500, 내역 2016년 6월
1129011700,11,11290,2016-0,11,175,38540960, 내역 2016년 6월
4146310800,41,41463,2016-0,138,3057,755019900, 내역 2016년 6월
4111313700,41,41113,2016-0,304,6770,1437490280, 내역 2016년 6월
1114012600,11,11140,2016-0,59,1538,388994000, 내역 2016년 6월
2826011000,28,28260,2016-0,476,7365,1536216040, 내역 2016년 6월
4128510600,41,41285,2016-0,621,8575,1938509380, 내역 2016년 6월
4150010500,41,41500,2016-0,11,161,33236400, 내역 2016년 6월
4146111000,41,41461,2016-0,5,49,11536880, 내역 2016년 6월
4146510100,41,41465,2016-0,256,3382,768342880, 내역 2016년 6월
1117012700,11,11170,2016-0,35,7775,1051536080, 내역 2016년 6월
4122025628,41,41220,2016-0,30,526,110114800, 내역 2016년 6월
1111010500,11,11110,2016-0,12,121,24412180, 내역 2016년 6월
1117011800,11,11170,2016-0,46,1279,328613900, 내역 2016년 6월
4111710300,41,41117,2016-0,488,8611,1924168980, 내역 2016년 6월
4119011300,41,41190,2016-0,102,1214,212310740, 내역 2016년 6월
1114012100,11,11140,2016-0,82,16990,5721373080, 내역 2016년 6월
1114010900,11,11140,2016-0,77,5521,1265120360, 내역 2016년 6월
1114013100,11,11140,2016-0,48,2680,828348360, 내역 2016년 6월
1114010600,11,11140,2016-0,7,215,60717080, 내역 2016년 6월
1114013400,11,11140,2016-0,38,289,55371780, 내역 2016년 6월
1111014000,11,11110,2016-0,28,361,80769560, 내역 2016년 6월
4148032027,41,41480,2016-0,103,1220,254936980, 내역 2016년 6월
4148031023,41,41480,2016-0,133,5049,1104061340, 내역 2016년 6월
4180025327,41,41800,2016-0,15,201,41687360, 내역 2016년 6월
4148025325,41,41480,2016-0,43,785,158213340, 내역 2016년 6월
1144011300,11,11440,2016-0,26,342,67618580, 내역 2016년 6월
1114015600,11,11140,2016-0,37,215,46848060, 내역 2016년 6월
1121510900,11,11215,2016-0,131,4041,648520480, 내역 2016년 6월
2820010900,28,28200,2016-0,51,375,72025560, 내역 2016년 6월
1117011900,11,11170,2016-0,85,1351,263263960, 내역 2016년 6월
1117010800,11,11170,2016-0,62,1915,413976600, 내역 2016년 6월
1144010300,11,11440,2016-0,102,1030,230337520, 내역 2016년 6월
1111018000,11,11110,2016-0,6,41,6809940, 내역 2016년 6월
4163011000,41,41630,2016-0,74,1507,290339100, 내역 2016년 6월
1114017400,11,11140,2016-0,25,659,192314160, 내역 2016년 6월
4167025026,41,41670,2016-0,10,100,20650060, 내역 2016년 6월
4113310900,41,41133,2016-0,126,2217,327509280, 내역 2016년 6월
4148011900,41,41480,2016-0,37,984,180114580, 내역 2016년 6월
1114017300,11,11140,2016-0,30,463,96827580, 내역 2016년 6월
1114013500,11,11140,2016-0,68,681,153365360, 내역 2016년 6월
4165031023,41,41650,2016-0,42,591,119742040, 내역 2016년 6월
4150034028,41,41500,2016-0,49,1463,340343040, 내역 2016년 6월
4161025026,41,41610,2016-0,124,1476,307776880, 내역 2016년 6월
1114014500,11,11140,2016-0,49,1757,385365460, 내역 2016년 6월
4159033025,41,41590,2016-0,190,2843,667727620, 내역 2016년 6월
1114013300,11,11140,2016-0,50,480,102138780, 내역 2016년 6월
4146134024,41,41461,2016-0,44,977,241069320, 내역 2016년 6월
4129010700,41,41290,2016-0,96,7185,1338109840, 내역 2016년 6월
4146310400,41,41463,2016-0,72,5764,1330307280, 내역 2016년 6월
1129010700,11,11290,2016-0,27,432,78398640, 내역 2016년 6월
1129012300,11,11290,2016-0,9,52,8750080, 내역 2016년 6월
1129012500,11,11290,2016-0,91,3336,621407580, 내역 2016년 6월
4163025024,41,41630,2016-0,21,209,31279440, 내역 2016년 6월
4146133024,41,41461,2016-0,37,1005,207853920, 내역 2016년 6월
1117011700,11,11170,2016-0,122,1224,266355840, 내역 2016년 6월
4111313200,41,41113,2016-0,108,990,174404460, 내역 2016년 6월
1129013800,11,11290,2016-0,109,1572,250301120, 내역 2016년 6월
4117310100,41,41173,2016-0,432,5076,1004159760, 내역 2016년 6월
1159010500,11,11590,2016-0,74,2466,376544540, 내역 2016년 6월
4165032023,41,41650,2016-0,54,1041,215549300, 내역 2016년 6월
4122032023,41,41220,2016-0,180,4077,1023872940, 내역 2016년 6월
4161025325,41,41610,2016-0,77,685,158889100, 내역 2016년 6월
4161025925,41,41610,2016-0,38,298,61868500, 내역 2016년 6월
1120010200,11,11200,2016-0,99,845,182648820, 내역 2016년 6월
2824510100,28,28245,2016-0,223,4778,1009130920, 내역 2016년 6월
4165025026,41,41650,2016-0,40,452,88885260, 내역 2016년 6월
4146136026,41,41461,2016-0,4,52,10785440, 내역 2016년 6월
1120010600,11,11200,2016-0,38,2272,361521520, 내역 2016년 6월
1117012200,11,11170,2016-0,41,676,189329800, 내역 2016년 6월
1117011300,11,11170,2016-0,154,1491,290991140, 내역 2016년 6월
1117013600,11,11170,2016-0,22,259,47762000, 내역 2016년 6월
1117012900,11,11170,2016-0,65,1203,239479540, 내역 2016년 6월
1117012400,11,11170,2016-0,88,830,163151660, 내역 2016년 6월
1117010500,11,11170,2016-0,46,2156,492845060, 내역 2016년 6월
4163031021,41,41630,2016-0,65,1130,204876580, 내역 2016년 6월
4150031021,41,41500,2016-0,22,707,157661740, 내역 2016년 6월
1129010800,11,11290,2016-0,21,906,147237160, 내역 2016년 6월
4159042026,41,41590,2016-0,46,1390,415177680, 내역 2016년 6월
4115010500,41,41150,2016-0,178,3264,605629100, 내역 2016년 6월
4148035026,41,41480,2016-0,59,919,196071360, 내역 2016년 6월
2826011500,28,28260,2016-0,50,540,100778960, 내역 2016년 6월
4155039027,41,41550,2016-0,36,436,93062740, 내역 2016년 6월
2823710500,28,28237,2016-0,252,3040,567256200, 내역 2016년 6월
4161011100,41,41610,2016-0,94,1093,224216060, 내역 2016년 6월
4128112000,41,41281,2016-0,131,1537,282134520, 내역 2016년 6월
4155034023,41,41550,2016-0,14,445,111961400, 내역 2016년 6월
4146311700,41,41463,2016-0,92,2306,459171040, 내역 2016년 6월
4150025333,41,41500,2016-0,23,537,132005460, 내역 2016년 6월
4122025023,41,41220,2016-0,34,1955,473420140, 내역 2016년 6월
4136025925,41,41360,2016-0,127,1576,302179700, 내역 2016년 6월
4161025027,41,41610,2016-0,107,1319,270636460, 내역 2016년 6월
4148011300,41,41480,2016-0,127,1032,199361100, 내역 2016년 6월
1120012200,11,11200,2016-0,267,13258,3753675360, 내역 2016년 6월
4119010500,41,41190,2016-0,180,2477,518887280, 내역 2016년 6월
1111017000,11,11110,2016-0,30,401,82426900, 내역 2016년 6월
1111010700,11,11110,2016-0,58,5534,998144140, 내역 2016년 6월
1156011900,11,11560,2016-0,91,827,165744680, 내역 2016년 6월
4159036027,41,41590,2016-0,96,1987,499066660, 내역 2016년 6월
4117310400,41,41173,2016-0,982,20997,5460115080, 내역 2016년 6월
4161025021,41,41610,2016-0,68,884,194211680, 내역 2016년 6월
4161025327,41,41610,2016-0,70,644,138930960, 내역 2016년 6월
1120010400,11,11200,2016-0,85,4347,708846440, 내역 2016년 6월
4157025029,41,41570,2016-0,123,1307,274625120, 내역 2016년 6월
4136025923,41,41360,2016-0,155,1422,277436580, 내역 2016년 6월
1120011300,11,11200,2016-0,88,850,172541880, 내역 2016년 6월
1117010700,11,11170,2016-0,97,10177,2127726080, 내역 2016년 6월
4113310100,41,41133,2016-0,170,2072,414630680, 내역 2016년 6월
4165034025,41,41650,2016-0,15,141,27353920, 내역 2016년 6월
4157025623,41,41570,2016-0,73,677,106399320, 내역 2016년 6월
4159033023,41,41590,2016-0,67,775,188949400, 내역 2016년 6월
1156011700,11,11560,2016-0,53,716,133430780, 내역 2016년 6월
1156010400,11,11560,2016-0,41,523,107806300, 내역 2016년 6월
1156010500,11,11560,2016-0,66,2189,471201640, 내역 2016년 6월
4119011700,41,41190,2016-0,213,5437,1303318240, 내역 2016년 6월
4146125022,41,41461,2016-0,57,1480,337440320, 내역 2016년 6월
4128111100,41,41281,2016-0,58,655,159704640, 내역 2016년 6월
4148035021,41,41480,2016-0,108,1181,239888520, 내역 2016년 6월
4148012300,41,41480,2016-0,52,878,159670640, 내역 2016년 6월
1117010200,11,11170,2016-0,35,1682,332133800, 내역 2016년 6월
1117013300,11,11170,2016-0,24,1282,264662280, 내역 2016년 6월
4146311100,41,41463,2016-0,510,7540,1771710900, 내역 2016년 6월
1156012600,11,11560,2016-0,108,1831,333051340, 내역 2016년 6월
1156010700,11,11560,2016-0,42,664,157048820, 내역 2016년 6월
1156010600,11,11560,2016-0,24,194,42133560, 내역 2016년 6월
4159012600,41,41590,2016-0,223,4950,1165853660, 내역 2016년 6월
4159032021,41,41590,2016-0,146,2071,481179480, 내역 2016년 6월
4146133025,41,41461,2016-0,21,411,103473960, 내역 2016년 6월
4148032022,41,41480,2016-0,108,1824,400210640, 내역 2016년 6월
4148011100,41,41480,2016-0,133,1568,326716280, 내역 2016년 6월
1144011700,11,11440,2016-0,14,366,60091920, 내역 2016년 6월
4148035023,41,41480,2016-0,52,1146,264362420, 내역 2016년 6월
4122025624,41,41220,2016-0,151,7869,2564007300, 내역 2016년 6월
4148010100,41,41480,2016-0,245,3122,579182140, 내역 2016년 6월
2817710400,28,28177,2016-0,401,7401,1579318640, 내역 2016년 6월
2826012000,28,28260,2016-0,187,1914,366356720, 내역 2016년 6월
4128511300,41,41285,2016-0,283,2631,489676500, 내역 2016년 6월
4148012000,41,41480,2016-0,175,2923,620640860, 내역 2016년 6월
4128511100,41,41285,2016-0,186,2259,431478680, 내역 2016년 6월
4157025624,41,41570,2016-0,47,536,109626260, 내역 2016년 6월
4146311800,41,41463,2016-0,276,7544,1901923020, 내역 2016년 6월
2824510300,28,28245,2016-0,306,4883,956117640, 내역 2016년 6월
4146131024,41,41461,2016-0,58,695,135965680, 내역 2016년 6월
4121010800,41,41210,2016-0,46,381,77455540, 내역 2016년 6월
4157025022,41,41570,2016-0,57,764,143916140, 내역 2016년 6월
1165010300,11,11650,2016-0,113,1853,414852800, 내역 2016년 6월
1159010300,11,11590,2016-0,42,577,109815120, 내역 2016년 6월
4128113100,41,41281,2016-0,45,565,110476680, 내역 2016년 6월
4159025939,41,41590,2016-0,68,822,147854640, 내역 2016년 6월
1156010900,11,11560,2016-0,191,5130,1133664680, 내역 2016년 6월
2871025028,28,28710,2016-0,15,304,66650200, 내역 2016년 6월
1111015500,11,11110,2016-0,56,847,143430560, 내역 2016년 6월
4127310900,41,41273,2016-0,161,3265,541011000, 내역 2016년 6월
2824511200,28,28245,2016-0,42,422,83263660, 내역 2016년 6월
4148026226,41,41480,2016-0,44,515,95001860, 내역 2016년 6월
1126010300,11,11260,2016-0,135,1486,258510100, 내역 2016년 6월
4145010500,41,41450,2016-0,65,1043,211293520, 내역 2016년 6월
1129012400,11,11290,2016-0,27,219,43739720, 내역 2016년 6월
1111013000,11,11110,2016-0,28,386,64190040, 내역 2016년 6월
1114015200,11,11140,2016-0,40,347,74097020, 내역 2016년 6월
4183031021,41,41830,2016-0,23,152,26178960, 내역 2016년 6월
4139010500,41,41390,2016-0,82,742,147576920, 내역 2016년 6월
1114014000,11,11140,2016-0,4,86,17337600, 내역 2016년 6월
1114012200,11,11140,2016-0,35,3685,1026935340, 내역 2016년 6월
1114013000,11,11140,2016-0,29,570,137537160, 내역 2016년 6월
4163034025,41,41630,2016-0,22,250,52172940, 내역 2016년 6월
4161033021,41,41610,2016-0,43,492,106003460, 내역 2016년 6월
1111012200,11,11110,2016-0,125,13465,4336438220, 내역 2016년 6월
1111015200,11,11110,2016-0,57,436,73749860, 내역 2016년 6월
1111017100,11,11110,2016-0,26,221,38838840, 내역 2016년 6월
1114016100,11,11140,2016-0,90,3483,996810180, 내역 2016년 6월
4119011000,41,41190,2016-0,116,2235,449321280, 내역 2016년 6월
4159013900,41,41590,2016-0,16,206,50219120, 내역 2016년 6월
4121010600,41,41210,2016-0,92,6191,1326951560, 내역 2016년 6월
1111016100,11,11110,2016-0,22,252,49580760, 내역 2016년 6월
1111015800,11,11110,2016-0,29,244,51638700, 내역 2016년 6월
4148010500,41,41480,2016-0,41,488,102302660, 내역 2016년 6월
4139010200,41,41390,2016-0,225,2328,422858160, 내역 2016년 6월
4150011400,41,41500,2016-0,20,173,36902920, 내역 2016년 6월
4146110100,41,41461,2016-0,137,2361,511975680, 내역 2016년 6월
4113511100,41,41135,2016-0,216,2619,537930580, 내역 2016년 6월
2826011100,28,28260,2016-0,344,5575,1311211620, 내역 2016년 6월
1111016700,11,11110,2016-0,57,710,140617780, 내역 2016년 6월
1111017300,11,11110,2016-0,26,494,85424040, 내역 2016년 6월
4113310300,41,41133,2016-0,79,1393,291715380, 내역 2016년 6월
4137010600,41,41370,2016-0,89,3778,885202180, 내역 2016년 6월
1111012700,11,11110,2016-0,33,9920,2926897560, 내역 2016년 6월
1129013500,11,11290,2016-0,98,1099,193980700, 내역 2016년 6월
1121510700,11,11215,2016-0,121,2516,448394760, 내역 2016년 6월
1111010100,11,11110,2016-0,24,326,73822560, 내역 2016년 6월
1129011000,11,11290,2016-0,11,87,13404300, 내역 2016년 6월
4163033024,41,41630,2016-0,13,249,47957440, 내역 2016년 6월
1156012000,11,11560,2016-0,48,486,98833340, 내역 2016년 6월
4159026224,41,41590,2016-0,37,368,83917140, 내역 2016년 6월
4143010400,41,41430,2016-0,46,1118,263795800, 내역 2016년 6월
4143010100,41,41430,2016-0,220,4997,1275921520, 내역 2016년 6월
4146510300,41,41465,2016-0,301,9247,2211798020, 내역 2016년 6월
2826011800,28,28260,2016-0,90,945,181791940, 내역 2016년 6월
4143010500,41,41430,2016-0,241,3548,735448580, 내역 2016년 6월
4113511200,41,41135,2016-0,59,1409,246901260, 내역 2016년 6월
4146136027,41,41461,2016-0,3,60,15569380, 내역 2016년 6월
4136025623,41,41360,2016-0,98,1169,205742640, 내역 2016년 6월
4128111200,41,41281,2016-0,244,2379,497864740, 내역 2016년 6월
4183025032,41,41830,2016-0,24,166,26357400, 내역 2016년 6월
4157025025,41,41570,2016-0,138,1935,423280340, 내역 2016년 6월
4145011300,41,41450,2016-0,168,1546,322483920, 내역 2016년 6월
4143010700,41,41430,2016-0,106,1097,185201140, 내역 2016년 6월
4113110300,41,41131,2016-0,120,2382,477472480, 내역 2016년 6월
4122025326,41,41220,2016-0,24,1022,236340160, 내역 2016년 6월
1111015300,11,11110,2016-0,26,242,41802380, 내역 2016년 6월
4122011300,41,41220,2016-0,82,1524,261785380, 내역 2016년 6월
4136025926,41,41360,2016-0,67,911,173443720, 내역 2016년 6월
4141010300,41,41410,2016-0,146,3176,673617600, 내역 2016년 6월
4159040021,41,41590,2016-0,57,1171,290045140, 내역 2016년 6월
4161025024,41,41610,2016-0,289,3480,713079440, 내역 2016년 6월
4113110800,41,41131,2016-0,173,2539,660916980, 내역 2016년 6월
4111710100,41,41117,2016-0,249,112365,40766462300, 내역 2016년 6월
4150033022,41,41500,2016-0,30,715,150816740, 내역 2016년 6월
1135010400,11,11350,2016-0,155,3192,632185740, 내역 2016년 6월
1114013800,11,11140,2016-0,159,2666,530841200, 내역 2016년 6월
4159036029,41,41590,2016-0,57,663,149861120, 내역 2016년 6월
4127110700,41,41271,2016-0,105,1235,249708600, 내역 2016년 6월
4146135021,41,41461,2016-0,16,1310,416066740, 내역 2016년 6월
4150010900,41,41500,2016-0,47,483,91215480, 내역 2016년 6월
4117310300,41,41173,2016-0,347,8682,2033650100, 내역 2016년 6월
4136025022,41,41360,2016-0,99,1811,399091160, 내역 2016년 6월
1168011100,11,11680,2016-0,62,1407,306996220, 내역 2016년 6월
1129010600,11,11290,2016-0,9,97,17262460, 내역 2016년 6월
4159012000,41,41590,2016-0,303,6412,1552351080, 내역 2016년 6월
4159012700,41,41590,2016-0,351,5820,1428866200, 내역 2016년 6월
4148025027,41,41480,2016-0,7,72,12672440, 내역 2016년 6월
4113510300,41,41135,2016-0,642,38918,12816177800, 내역 2016년 6월
1111017600,11,11110,2016-0,23,330,95841240, 내역 2016년 6월
4111312800,41,41113,2016-0,609,12579,2952695100, 내역 2016년 6월
1120011800,11,11200,2016-0,57,1118,228005540, 내역 2016년 6월
4113111500,41,41131,2016-0,153,2459,559378260, 내역 2016년 6월
4146132028,41,41461,2016-0,50,473,99480520, 내역 2016년 6월
4163033026,41,41630,2016-0,91,1453,314357080, 내역 2016년 6월
4136025629,41,41360,2016-0,93,1132,217604000, 내역 2016년 6월
1150011100,11,11500,2016-0,5,2027,682200900, 내역 2016년 6월
4127111400,41,41271,2016-0,66,522,106485300, 내역 2016년 6월
4155034022,41,41550,2016-0,38,2369,633720040, 내역 2016년 6월
4159026228,41,41590,2016-0,218,4273,1094157260, 내역 2016년 6월
4122025921,41,41220,2016-0,58,1847,498416820, 내역 2016년 6월
4146135031,41,41461,2016-0,8,117,24738780, 내역 2016년 6월
4128710600,41,41287,2016-0,140,1410,233483180, 내역 2016년 6월
4113510100,41,41135,2016-0,47,2147,639253440, 내역 2016년 6월
4167025025,41,41670,2016-0,10,309,68560540, 내역 2016년 6월
2824510200,28,28245,2016-0,407,5596,938644660, 내역 2016년 6월
1141010700,11,11410,2016-0,3,59,10416200, 내역 2016년 6월
4128710400,41,41287,2016-0,290,5445,1262499900, 내역 2016년 6월
4141010400,41,41410,2016-0,366,4741,922056560, 내역 2016년 6월
1141010500,11,11410,2016-0,14,339,70437240, 내역 2016년 6월
1114017000,11,11140,2016-0,21,23148,7432323640, 내역 2016년 6월
1111014800,11,11110,2016-0,33,40485,14480849360, 내역 2016년 6월
1129012200,11,11290,2016-0,14,168,33905500, 내역 2016년 6월
4157025324,41,41570,2016-0,165,1530,325434380, 내역 2016년 6월
4111113300,41,41111,2016-0,89,1735,357811200, 내역 2016년 6월
4165041023,41,41650,2016-0,26,499,109570420, 내역 2016년 6월
4155034038,41,41550,2016-0,30,1059,255846660, 내역 2016년 6월
4146125027,41,41461,2016-0,33,4246,878518300, 내역 2016년 6월
4136011200,41,41360,2016-0,54,2340,597709560, 내역 2016년 6월
1120011200,11,11200,2016-0,31,230,46500440, 내역 2016년 6월
4150035026,41,41500,2016-0,42,1351,331096020, 내역 2016년 6월
1114016500,11,11140,2016-0,83,1623,273945660, 내역 2016년 6월
4148012200,41,41480,2016-0,50,521,92007560, 내역 2016년 6월
4119011800,41,41190,2016-0,39,294,55603300, 내역 2016년 6월
1165010900,11,11650,2016-0,66,1535,291198320, 내역 2016년 6월
4150033021,41,41500,2016-0,23,313,64049020, 내역 2016년 6월
4111113400,41,41111,2016-0,119,4741,1185555360, 내역 2016년 6월
4161025921,41,41610,2016-0,83,1127,236172520, 내역 2016년 6월
2811013800,28,28110,2016-0,33,1793,556919100, 내역 2016년 6월
4150011100,41,41500,2016-0,20,1207,394051480, 내역 2016년 6월
2871037023,28,28710,2016-0,13,144,25610840, 내역 2016년 6월
4139013100,41,41390,2016-0,138,1259,260285680, 내역 2016년 6월
4155035032,41,41550,2016-0,26,507,122994540, 내역 2016년 6월
1144011800,11,11440,2016-0,13,90,21335840, 내역 2016년 6월
4161025324,41,41610,2016-0,26,279,54405980, 내역 2016년 6월
1144011400,11,11440,2016-0,79,2583,474722300, 내역 2016년 6월
4136011100,41,41360,2016-0,308,2849,574193900, 내역 2016년 6월
4113510400,41,41135,2016-0,17,263,50376300, 내역 2016년 6월
4163025022,41,41630,2016-0,38,426,87688280, 내역 2016년 6월
4137010400,41,41370,2016-0,150,1760,264641240, 내역 2016년 6월
4122012400,41,41220,2016-0,69,991,193575640, 내역 2016년 6월
4157036028,41,41570,2016-0,137,1519,332111620, 내역 2016년 6월
4128510100,41,41285,2016-0,224,2602,503536700, 내역 2016년 6월
4159035029,41,41590,2016-0,17,186,31510480, 내역 2016년 6월
1129011500,11,11290,2016-0,52,536,92700780, 내역 2016년 6월
1150011300,11,11500,2016-0,6,8362,2603490160, 내역 2016년 6월
4119010800,41,41190,2016-0,601,7855,1427809940, 내역 2016년 6월
1114012000,11,11140,2016-0,9,233,42327140, 내역 2016년 6월
4119510400,41,41195,2016-0,25,232,42410380, 내역 2016년 6월
1153010300,11,11530,2016-0,37,635,99374940, 내역 2016년 6월
4161025330,41,41610,2016-0,85,1264,241192880, 내역 2016년 6월
4122011000,41,41220,2016-0,125,2121,459586280, 내역 2016년 6월
4122011200,41,41220,2016-0,58,733,127309480, 내역 2016년 6월
4136025625,41,41360,2016-0,31,309,66651560, 내역 2016년 6월
4122025925,41,41220,2016-0,26,409,91109340, 내역 2016년 6월
1111018200,11,11110,2016-0,32,267,54909780, 내역 2016년 6월
4145012300,41,41450,2016-0,154,1687,322814920, 내역 2016년 6월
1114014600,11,11140,2016-0,14,144,23427000, 내역 2016년 6월
1114014200,11,11140,2016-0,50,1517,211303840, 내역 2016년 6월
2820010200,28,28200,2016-0,440,7289,1467340240, 내역 2016년 6월
4122025041,41,41220,2016-0,40,8054,2473144980, 내역 2016년 6월
1141010800,11,11410,2016-0,7,56,9542960, 내역 2016년 6월
1144010100,11,11440,2016-0,87,1868,351987060, 내역 2016년 6월
1141011000,11,11410,2016-0,82,1145,190516360, 내역 2016년 6월
4146133026,41,41461,2016-0,27,378,86016520, 내역 2016년 6월
4113511500,41,41135,2016-0,152,1754,411633000, 내역 2016년 6월
4161011300,41,41610,2016-0,98,963,189856680, 내역 2016년 6월
4128112400,41,41281,2016-0,9,47,10412540, 내역 2016년 6월
4122025025,41,41220,2016-0,1,3,631240, 내역 2016년 6월
4157010300,41,41570,2016-0,107,949,205720960, 내역 2016년 6월
1111010800,11,11110,2016-0,16,158,26331500, 내역 2016년 6월
4122032021,41,41220,2016-0,42,617,139603540, 내역 2016년 6월
1141011200,11,11410,2016-0,67,2341,390726340, 내역 2016년 6월
2818510100,28,28185,2016-0,170,1858,388886340, 내역 2016년 6월
4159011800,41,41590,2016-0,161,2330,518113200, 내역 2016년 6월
1111013900,11,11110,2016-0,11,67,14229900, 내역 2016년 6월
1156012200,11,11560,2016-0,36,218,47224600, 내역 2016년 6월
1153010900,11,11530,2016-0,52,728,145195560, 내역 2016년 6월
4128110300,41,41281,2016-0,50,566,115455520, 내역 2016년 6월
4146134021,41,41461,2016-0,20,288,60468460, 내역 2016년 6월
1117012100,11,11170,2016-0,37,410,85459680, 내역 2016년 6월
4121010700,41,41210,2016-0,92,847,161950920, 내역 2016년 6월
1129012900,11,11290,2016-0,23,445,85446820, 내역 2016년 6월
4157025627,41,41570,2016-0,65,586,130191040, 내역 2016년 6월
4111513200,41,41115,2016-0,36,883,229383440, 내역 2016년 6월
1114015700,11,11140,2016-0,46,266,54691660, 내역 2016년 6월
4136010800,41,41360,2016-0,41,420,94118820, 내역 2016년 6월
4136010600,41,41360,2016-0,51,366,72709020, 내역 2016년 6월
4145012200,41,41450,2016-0,71,563,106190080, 내역 2016년 6월
1129010300,11,11290,2016-0,69,1703,245973520, 내역 2016년 6월
4119011400,41,41190,2016-0,206,3447,684472160, 내역 2016년 6월
4128510200,41,41285,2016-0,182,2709,516077220, 내역 2016년 6월
1114015300,11,11140,2016-0,15,125,24526400, 내역 2016년 6월
1114016400,11,11140,2016-0,14,341,67926100, 내역 2016년 6월
1129010200,11,11290,2016-0,25,329,52506400, 내역 2016년 6월
4128112900,41,41281,2016-0,64,728,125197100, 내역 2016년 6월
4146134028,41,41461,2016-0,15,222,50871400, 내역 2016년 6월
1129012700,11,11290,2016-0,18,256,38465460, 내역 2016년 6월
4148025322,41,41480,2016-0,27,887,171078340, 내역 2016년 6월
4159025934,41,41590,2016-0,57,954,232371900, 내역 2016년 6월
4165010400,41,41650,2016-0,64,1023,162439600, 내역 2016년 6월
4128710700,41,41287,2016-0,94,899,156427860, 내역 2016년 6월
4139010300,41,41390,2016-0,95,666,150690860, 내역 2016년 6월
4165034023,41,41650,2016-0,56,1276,261923040, 내역 2016년 6월
4111710500,41,41117,2016-0,549,8169,1675540180, 내역 2016년 6월
4146131022,41,41461,2016-0,46,456,102268220, 내역 2016년 6월
4155034033,41,41550,2016-0,25,1543,376053200, 내역 2016년 6월
4146135024,41,41461,2016-0,27,633,145099840, 내역 2016년 6월
4145012400,41,41450,2016-0,78,782,154223580, 내역 2016년 6월
4161033023,41,41610,2016-0,73,762,160575440, 내역 2016년 6월
4159040023,41,41590,2016-0,29,642,170389340, 내역 2016년 6월
1114014900,11,11140,2016-0,19,221,37266460, 내역 2016년 6월
1114016300,11,11140,2016-0,48,2276,432882860, 내역 2016년 6월
2823710300,28,28237,2016-0,139,1543,287349300, 내역 2016년 6월
4163025021,41,41630,2016-0,72,641,104964920, 내역 2016년 6월
4165025028,41,41650,2016-0,30,292,60133200, 내역 2016년 6월
4122031031,41,41220,2016-0,28,530,115704860, 내역 2016년 6월
1114014100,11,11140,2016-0,8,82,16450060, 내역 2016년 6월
4127310100,41,41273,2016-0,926,11855,2279747580, 내역 2016년 6월
4122025626,41,41220,2016-0,41,663,143891100, 내역 2016년 6월
1129013700,11,11290,2016-0,30,918,128649980, 내역 2016년 6월
4115010400,41,41150,2016-0,236,2347,398690500, 내역 2016년 6월
4157036029,41,41570,2016-0,18,165,33519440, 내역 2016년 6월
4122033021,41,41220,2016-0,19,209,47329220, 내역 2016년 6월
4161025332,41,41610,2016-0,53,483,95382480, 내역 2016년 6월
4146510600,41,41465,2016-0,73,765,150340920, 내역 2016년 6월
4128112800,41,41281,2016-0,363,3658,702287720, 내역 2016년 6월
4136034021,41,41360,2016-0,29,454,85067540, 내역 2016년 6월
1129011200,11,11290,2016-0,29,607,93329620, 내역 2016년 6월
4131010700,41,41310,2016-0,117,1719,379647980, 내역 2016년 6월
4127111500,41,41271,2016-0,35,410,83543220, 내역 2016년 6월
4113111600,41,41131,2016-0,29,303,69341840, 내역 2016년 6월
4145012100,41,41450,2016-0,42,649,121803360, 내역 2016년 6월
4122031027,41,41220,2016-0,35,667,151514700, 내역 2016년 6월
4148032029,41,41480,2016-0,17,321,55451680, 내역 2016년 6월
4136010500,41,41360,2016-0,60,546,110209140, 내역 2016년 6월
4128113000,41,41281,2016-0,71,485,93143240, 내역 2016년 6월
4161010700,41,41610,2016-0,60,617,137604040, 내역 2016년 6월
2826011700,28,28260,2016-0,62,499,102327060, 내역 2016년 6월
4129010300,41,41290,2016-0,25,425,99152400, 내역 2016년 6월
4159041039,41,41590,2016-0,23,357,87609040, 내역 2016년 6월
4119010700,41,41190,2016-0,73,929,186547660, 내역 2016년 6월
1111011100,11,11110,2016-0,21,257,52945200, 내역 2016년 6월
4150034027,41,41500,2016-0,24,964,225709480, 내역 2016년 6월
2817710200,28,28177,2016-0,185,2677,426679100, 내역 2016년 6월
1111014900,11,11110,2016-0,26,294,68707660, 내역 2016년 6월
4145011700,41,41450,2016-0,59,697,129900560, 내역 2016년 6월
4159041030,41,41590,2016-0,110,1567,358450200, 내역 2016년 6월
1129011100,11,11290,2016-0,25,178,27013240, 내역 2016년 6월
4165032025,41,41650,2016-0,30,443,93339380, 내역 2016년 6월
4113510800,41,41135,2016-0,106,1032,223395320, 내역 2016년 6월
2820010300,28,28200,2016-0,363,4864,921701880, 내역 2016년 6월
1111010200,11,11110,2016-0,16,269,49479920, 내역 2016년 6월
4122011800,41,41220,2016-0,216,3080,576034400, 내역 2016년 6월
1168011200,11,11680,2016-0,102,1615,393611040, 내역 2016년 6월
4146136023,41,41461,2016-0,18,251,55479560, 내역 2016년 6월
4136025327,41,41360,2016-0,83,1277,267460560, 내역 2016년 6월
2814010700,28,28140,2016-0,348,3892,794287680, 내역 2016년 6월
4167011500,41,41670,2016-0,37,290,52065580, 내역 2016년 6월
4136025325,41,41360,2016-0,57,578,109612580, 내역 2016년 6월
4161025926,41,41610,2016-0,14,174,34930920, 내역 2016년 6월
4183033021,41,41830,2016-0,19,243,61527680, 내역 2016년 6월
4136010700,41,41360,2016-0,74,622,120260740, 내역 2016년 6월
4163031024,41,41630,2016-0,33,409,80629780, 내역 2016년 6월
4122031026,41,41220,2016-0,49,3159,818206900, 내역 2016년 6월
2818510400,28,28185,2016-0,99,1454,232713560, 내역 2016년 6월
4127310800,41,41273,2016-0,436,3669,649109600, 내역 2016년 6월
4128111900,41,41281,2016-0,68,1122,184622360, 내역 2016년 6월
4159033026,41,41590,2016-0,25,190,42529560, 내역 2016년 6월
4136010400,41,41360,2016-0,127,1347,245772980, 내역 2016년 6월
4128710500,41,41287,2016-0,257,2347,432697540, 내역 2016년 6월
4157025625,41,41570,2016-0,35,598,129178500, 내역 2016년 6월
2871025026,28,28710,2016-0,14,541,108875160, 내역 2016년 6월
4165033021,41,41650,2016-0,37,494,107127060, 내역 2016년 6월
4111514100,41,41115,2016-0,555,12795,2614917280, 내역 2016년 6월
4136025921,41,41360,2016-0,59,505,91450960, 내역 2016년 6월
1129010900,11,11290,2016-0,20,349,65093940, 내역 2016년 6월
4145010200,41,41450,2016-0,117,1307,222690200, 내역 2016년 6월
4146510200,41,41465,2016-0,270,4724,1021386220, 내역 2016년 6월
4128112500,41,41281,2016-0,42,361,78026380, 내역 2016년 6월
4150036027,41,41500,2016-0,10,127,25613360, 내역 2016년 6월
2826012200,28,28260,2016-0,280,3775,878766580, 내역 2016년 6월
1129012800,11,11290,2016-0,17,221,41309740, 내역 2016년 6월
4161010900,41,41610,2016-0,67,882,192970580, 내역 2016년 6월
4136034027,41,41360,2016-0,72,1020,199471040, 내역 2016년 6월
4150031030,41,41500,2016-0,13,277,49498600, 내역 2016년 6월
4122012500,41,41220,2016-0,15,205,46654780, 내역 2016년 6월
4157035022,41,41570,2016-0,29,590,121950380, 내역 2016년 6월
2823710800,28,28237,2016-0,87,1396,250631320, 내역 2016년 6월
1111018500,11,11110,2016-0,20,685,86864000, 내역 2016년 6월
4113310600,41,41133,2016-0,120,2591,611778220, 내역 2016년 6월
4145010300,41,41450,2016-0,82,1073,212818200, 내역 2016년 6월
4148032021,41,41480,2016-0,44,606,129230360, 내역 2016년 6월
4163031026,41,41630,2016-0,50,908,191004400, 내역 2016년 6월
4146311600,41,41463,2016-0,367,3820,752073360, 내역 2016년 6월
1111010900,11,11110,2016-0,3,25,4547020, 내역 2016년 6월
4167011900,41,41670,2016-0,12,76,13261040, 내역 2016년 6월
4146110400,41,41461,2016-0,57,1966,389572980, 내역 2016년 6월
1117013500,11,11170,2016-0,13,814,143900000, 내역 2016년 6월
4159025926,41,41590,2016-0,108,2403,600359500, 내역 2016년 6월
4145011000,41,41450,2016-0,251,2190,453272780, 내역 2016년 6월
4161025922,41,41610,2016-0,74,1067,220455220, 내역 2016년 6월
4163010900,41,41630,2016-0,41,389,75222640, 내역 2016년 6월
4111514000,41,41115,2016-0,171,2591,553483740, 내역 2016년 6월
4150010200,41,41500,2016-0,31,598,133792480, 내역 2016년 6월
4146135023,41,41461,2016-0,48,1136,254635540, 내역 2016년 6월
4145011800,41,41450,2016-0,113,1065,213914960, 내역 2016년 6월
4161033024,41,41610,2016-0,3,111,12266380, 내역 2016년 6월
4136025628,41,41360,2016-0,67,635,119863320, 내역 2016년 6월
4155038021,41,41550,2016-0,37,606,146608640, 내역 2016년 6월
4127111200,41,41271,2016-0,114,2353,552001580, 내역 2016년 6월
4111313100,41,41113,2016-0,102,1697,339907940, 내역 2016년 6월
4157035023,41,41570,2016-0,119,1827,408131260, 내역 2016년 6월
1144012600,11,11440,2016-0,20,331,49234000, 내역 2016년 6월
4159033024,41,41590,2016-0,167,3534,891320080, 내역 2016년 6월
2826010700,28,28260,2016-0,185,3182,588069020, 내역 2016년 6월
2811012200,28,28110,2016-0,72,1601,414319940, 내역 2016년 6월
4167037025,41,41670,2016-0,4,37,8330520, 내역 2016년 6월
4161025321,41,41610,2016-0,89,1388,289327800, 내역 2016년 6월
4155031039,41,41550,2016-0,7,79,18828860, 내역 2016년 6월
4157036021,41,41570,2016-0,54,505,109030920, 내역 2016년 6월
4119010200,41,41190,2016-0,200,3338,655305440, 내역 2016년 6월
4150034023,41,41500,2016-0,19,244,56170860, 내역 2016년 6월
4111710200,41,41117,2016-0,308,7990,1817775520, 내역 2016년 6월
4161025328,41,41610,2016-0,126,1393,296945220, 내역 2016년 6월
4136031023,41,41360,2016-0,33,338,68007220, 내역 2016년 6월
4163033025,41,41630,2016-0,7,121,27577640, 내역 2016년 6월
4122025922,41,41220,2016-0,44,781,178832040, 내역 2016년 6월
2818510300,28,28185,2016-0,172,2745,537602100, 내역 2016년 6월
4146125325,41,41461,2016-0,15,125,23199940, 내역 2016년 6월
2871031024,28,28710,2016-0,4,81,14800160, 내역 2016년 6월
4161025323,41,41610,2016-0,25,205,41484760, 내역 2016년 6월
4159034021,41,41590,2016-0,50,649,146223700, 내역 2016년 6월
1111011200,11,11110,2016-0,12,77,12418980, 내역 2016년 6월
4159025327,41,41590,2016-0,51,838,187676700, 내역 2016년 6월
1141011300,11,11410,2016-0,21,318,73196340, 내역 2016년 6월
4131010500,41,41310,2016-0,159,2513,490926860, 내역 2016년 6월
4157025024,41,41570,2016-0,17,392,91004580, 내역 2016년 6월
4145011900,41,41450,2016-0,66,510,94755160, 내역 2016년 6월
4139013400,41,41390,2016-0,70,538,109379220, 내역 2016년 6월
4150036026,41,41500,2016-0,15,231,48428500, 내역 2016년 6월
4167025040,41,41670,2016-0,10,256,56323000, 내역 2016년 6월
4183038021,41,41830,2016-0,6,77,16907220, 내역 2016년 6월
4148026224,41,41480,2016-0,71,828,170749440, 내역 2016년 6월
4167011400,41,41670,2016-0,13,191,35286220, 내역 2016년 6월
4139012800,41,41390,2016-0,37,358,80000880, 내역 2016년 6월
4122031030,41,41220,2016-0,17,242,61099960, 내역 2016년 6월
4111113500,41,41111,2016-0,119,2279,451786660, 내역 2016년 6월
4146131026,41,41461,2016-0,25,246,51674080, 내역 2016년 6월
1129011800,11,11290,2016-0,20,119,21391380, 내역 2016년 6월
4111313600,41,41113,2016-0,108,1135,196349180, 내역 2016년 6월
1129013200,11,11290,2016-0,5,56,8352440, 내역 2016년 6월
4139012400,41,41390,2016-0,92,848,188178060, 내역 2016년 6월
4157025621,41,41570,2016-0,58,553,104156500, 내역 2016년 6월
4155036025,41,41550,2016-0,5,61,13126760, 내역 2016년 6월
4128511000,41,41285,2016-0,97,1036,175440300, 내역 2016년 6월
4159034023,41,41590,2016-0,31,297,59192760, 내역 2016년 6월
4145011400,41,41450,2016-0,78,772,161130740, 내역 2016년 6월
4139010700,41,41390,2016-0,68,512,103749620, 내역 2016년 6월
4146131025,41,41461,2016-0,78,952,209319280, 내역 2016년 6월
4139011300,41,41390,2016-0,98,725,152077420, 내역 2016년 6월
2824511700,28,28245,2016-0,14,72,14256560, 내역 2016년 6월
4145010900,41,41450,2016-0,122,1191,256297820, 내역 2016년 6월
4157025323,41,41570,2016-0,60,521,97277180, 내역 2016년 6월
4155041026,41,41550,2016-0,15,187,35362080, 내역 2016년 6월
4159025629,41,41590,2016-0,16,489,125058940, 내역 2016년 6월
4159036028,41,41590,2016-0,21,288,62145060, 내역 2016년 6월
4157025027,41,41570,2016-0,134,1418,284091420, 내역 2016년 6월
4157036022,41,41570,2016-0,55,588,132322280, 내역 2016년 6월
4128710800,41,41287,2016-0,56,525,104624540, 내역 2016년 6월
4145010600,41,41450,2016-0,182,2693,565531320, 내역 2016년 6월
4113110400,41,41131,2016-0,56,877,147467880, 내역 2016년 6월
4145010100,41,41450,2016-0,118,1262,265397800, 내역 2016년 6월
1129010400,11,11290,2016-0,14,302,58545400, 내역 2016년 6월
4115010700,41,41150,2016-0,33,519,131637400, 내역 2016년 6월
4157010400,41,41570,2016-0,163,2044,418590560, 내역 2016년 6월
4163032028,41,41630,2016-0,23,220,44446200, 내역 2016년 6월
4150034025,41,41500,2016-0,53,1189,259869540, 내역 2016년 6월
4161010400,41,41610,2016-0,40,337,66895700, 내역 2016년 6월
1120010900,11,11200,2016-0,34,249,44835480, 내역 2016년 6월
4111710600,41,41117,2016-0,236,3575,894737820, 내역 2016년 6월
4182032521,41,41820,2016-0,41,401,70321600, 내역 2016년 6월
4161025025,41,41610,2016-0,116,1816,361070800, 내역 2016년 6월
4157036030,41,41570,2016-0,21,260,54807720, 내역 2016년 6월
4146311200,41,41463,2016-0,38,516,86320100, 내역 2016년 6월
4157032027,41,41570,2016-0,15,113,24047860, 내역 2016년 6월
4128111700,41,41281,2016-0,53,637,107346300, 내역 2016년 6월
4146136028,41,41461,2016-0,21,491,93036040, 내역 2016년 6월
1117012300,11,11170,2016-0,122,957,197394640, 내역 2016년 6월
4143010800,41,41430,2016-0,68,746,143629700, 내역 2016년 6월
4157025028,41,41570,2016-0,56,552,124208140, 내역 2016년 6월
4113110100,41,41131,2016-0,138,1504,279062640, 내역 2016년 6월
4115010900,41,41150,2016-0,159,1555,262885800, 내역 2016년 6월
4136025326,41,41360,2016-0,81,1514,307275540, 내역 2016년 6월
4155031021,41,41550,2016-0,7,85,17217660, 내역 2016년 6월
1111013300,11,11110,2016-0,39,323,54726980, 내역 2016년 6월
4115010600,41,41150,2016-0,156,1853,345441800, 내역 2016년 6월
4136034025,41,41360,2016-0,10,390,74977080, 내역 2016년 6월
4146134030,41,41461,2016-0,4,33,6570700, 내역 2016년 6월
4161025935,41,41610,2016-0,19,370,74809360, 내역 2016년 6월
4146132023,41,41461,2016-0,40,641,148193640, 내역 2016년 6월
4122025622,41,41220,2016-0,102,2206,531468740, 내역 2016년 6월
4127110200,41,41271,2016-0,252,2460,444961400, 내역 2016년 6월
4150010800,41,41500,2016-0,27,194,34511500, 내역 2016년 6월
4148010800,41,41480,2016-0,119,1241,243236740, 내역 2016년 6월
4146134025,41,41461,2016-0,21,494,140938800, 내역 2016년 6월
4136010100,41,41360,2016-0,104,873,156142280, 내역 2016년 6월
1111015000,11,11110,2016-0,1,28,4089340, 내역 2016년 6월
4150031032,41,41500,2016-0,10,158,35152720, 내역 2016년 6월
4163010500,41,41630,2016-0,28,224,34134080, 내역 2016년 6월
2823710700,28,28237,2016-0,137,1658,278539800, 내역 2016년 6월
4155036023,41,41550,2016-0,26,374,78801040, 내역 2016년 6월
2823710900,28,28237,2016-0,32,688,171039180, 내역 2016년 6월
4159037023,41,41590,2016-0,179,2901,677761720, 내역 2016년 6월
4146136025,41,41461,2016-0,12,260,77267080, 내역 2016년 6월
4159013500,41,41590,2016-0,3,46,9504900, 내역 2016년 6월
4163033022,41,41630,2016-0,28,410,74230760, 내역 2016년 6월
4159041027,41,41590,2016-0,86,1334,305184380, 내역 2016년 6월
1144011200,11,11440,2016-0,12,79,15141400, 내역 2016년 6월
4157034022,41,41570,2016-0,80,864,191555160, 내역 2016년 6월
4159012800,41,41590,2016-0,156,7625,2015713660, 내역 2016년 6월
2826011300,28,28260,2016-0,142,1439,271706540, 내역 2016년 6월
4155041023,41,41550,2016-0,22,291,60804060, 내역 2016년 6월
4159041032,41,41590,2016-0,60,1100,257013200, 내역 2016년 6월
4129010200,41,41290,2016-0,38,481,85246720, 내역 2016년 6월
1165011100,11,11650,2016-0,57,499,108672940, 내역 2016년 6월
4159036034,41,41590,2016-0,66,894,201927900, 내역 2016년 6월
4115010200,41,41150,2016-0,138,1865,308387380, 내역 2016년 6월
4146136030,41,41461,2016-0,20,307,72586420, 내역 2016년 6월
4157035030,41,41570,2016-0,58,849,195695160, 내역 2016년 6월
4155039033,41,41550,2016-0,19,591,137939020, 내역 2016년 6월
4121010100,41,41210,2016-0,204,3791,671318080, 내역 2016년 6월
4141010100,41,41410,2016-0,173,3747,715447540, 내역 2016년 6월
4182031034,41,41820,2016-0,2,29,5849320, 내역 2016년 6월
4155012700,41,41550,2016-0,11,76,11130400, 내역 2016년 6월
4165031022,41,41650,2016-0,60,1268,259407640, 내역 2016년 6월
4122031024,41,41220,2016-0,30,398,91178560, 내역 2016년 6월
4113511700,41,41135,2016-0,20,742,194278860, 내역 2016년 6월
4128111800,41,41281,2016-0,63,813,166605480, 내역 2016년 6월
4159032026,41,41590,2016-0,6,174,46255520, 내역 2016년 6월
4159012100,41,41590,2016-0,54,441,92127420, 내역 2016년 6월
4137012400,41,41370,2016-0,42,536,126036280, 내역 2016년 6월
4159040026,41,41590,2016-0,93,1841,490205180, 내역 2016년 6월
4122032022,41,41220,2016-0,35,582,143010160, 내역 2016년 6월
4128111300,41,41281,2016-0,52,473,90154380, 내역 2016년 6월
4159035021,41,41590,2016-0,68,1015,238581820, 내역 2016년 6월
1159010600,11,11590,2016-0,21,164,29747140, 내역 2016년 6월
4139012900,41,41390,2016-0,111,1526,278542340, 내역 2016년 6월
4157010600,41,41570,2016-0,245,2566,513425220, 내역 2016년 6월
4161025934,41,41610,2016-0,50,511,106975000, 내역 2016년 6월
4159013800,41,41590,2016-0,53,1196,296775360, 내역 2016년 6월
4159026223,41,41590,2016-0,54,605,144718480, 내역 2016년 6월
4165033025,41,41650,2016-0,66,784,150989760, 내역 2016년 6월
4111513700,41,41115,2016-0,22,385,74446820, 내역 2016년 6월
4136025025,41,41360,2016-0,51,451,81610620, 내역 2016년 6월
4139012600,41,41390,2016-0,70,622,125429680, 내역 2016년 6월
1111015100,11,11110,2016-0,46,351,58908120, 내역 2016년 6월
4139010100,41,41390,2016-0,223,5359,1376837440, 내역 2016년 6월
1111017200,11,11110,2016-0,29,230,40817020, 내역 2016년 6월
4165034022,41,41650,2016-0,39,689,125226300, 내역 2016년 6월
4163034027,41,41630,2016-0,8,74,19978000, 내역 2016년 6월
4161011000,41,41610,2016-0,145,1797,379559600, 내역 2016년 6월
4136025922,41,41360,2016-0,86,635,135094900, 내역 2016년 6월
4136025021,41,41360,2016-0,101,850,169263540, 내역 2016년 6월
2818510500,28,28185,2016-0,143,3235,681967160, 내역 2016년 6월
4139010900,41,41390,2016-0,56,465,95108300, 내역 2016년 6월
4163025025,41,41630,2016-0,66,1230,241440860, 내역 2016년 6월
4163010600,41,41630,2016-0,46,403,58333840, 내역 2016년 6월
4157025023,41,41570,2016-0,52,1295,319920700, 내역 2016년 6월
4131010300,41,41310,2016-0,397,4029,688819520, 내역 2016년 6월
4131010200,41,41310,2016-0,103,1049,221436880, 내역 2016년 6월
4129011000,41,41290,2016-0,12,191,41500040, 내역 2016년 6월
4159041021,41,41590,2016-0,28,289,59123120, 내역 2016년 6월
4136010900,41,41360,2016-0,44,478,78308720, 내역 2016년 6월
4148025323,41,41480,2016-0,45,1030,206159400, 내역 2016년 6월
4122025928,41,41220,2016-0,35,1429,404470860, 내역 2016년 6월
4163032026,41,41630,2016-0,64,1031,219188260, 내역 2016년 6월
4159025925,41,41590,2016-0,182,3716,915959140, 내역 2016년 6월
2823710100,28,28237,2016-0,448,6343,1193855480, 내역 2016년 6월
4167031021,41,41670,2016-0,18,332,69108100, 내역 2016년 6월
4150037022,41,41500,2016-0,10,71,13775800, 내역 2016년 6월
4155025026,41,41550,2016-0,41,861,149780980, 내역 2016년 6월
4139010600,41,41390,2016-0,144,1807,350691960, 내역 2016년 6월
4161010300,41,41610,2016-0,161,6911,1716320660, 내역 2016년 6월
4111513800,41,41115,2016-0,114,1120,218876700, 내역 2016년 6월
4159025321,41,41590,2016-0,44,840,137150960, 내역 2016년 6월
4148011000,41,41480,2016-0,58,640,128564220, 내역 2016년 6월
4136010200,41,41360,2016-0,124,1191,222060500, 내역 2016년 6월
4159025929,41,41590,2016-0,95,1429,341744160, 내역 2016년 6월
4128510700,41,41285,2016-0,126,1503,273967600, 내역 2016년 6월
4159025936,41,41590,2016-0,118,1510,351587860, 내역 2016년 6월
4148032023,41,41480,2016-0,23,573,104985040, 내역 2016년 6월
4180025321,41,41800,2016-0,68,680,122814520, 내역 2016년 6월
4148036026,41,41480,2016-0,7,88,17027320, 내역 2016년 6월
4150033024,41,41500,2016-0,18,133,26340900, 내역 2016년 6월
4119510800,41,41195,2016-0,38,410,58782620, 내역 2016년 6월
4122025930,41,41220,2016-0,28,1391,388257760, 내역 2016년 6월
4113111100,41,41131,2016-0,18,169,35981800, 내역 2016년 6월
4128110200,41,41281,2016-0,27,341,71782260, 내역 2016년 6월
4148012100,41,41480,2016-0,51,551,112488400, 내역 2016년 6월
4148010600,41,41480,2016-0,48,578,119803860, 내역 2016년 6월
4155039026,41,41550,2016-0,8,141,26192300, 내역 2016년 6월
2871035024,28,28710,2016-0,6,68,9366640, 내역 2016년 6월
4150011300,41,41500,2016-0,14,164,35314160, 내역 2016년 6월
4148032031,41,41480,2016-0,19,237,52187200, 내역 2016년 6월
4159011600,41,41590,2016-0,148,1899,307104500, 내역 2016년 6월
4146132022,41,41461,2016-0,63,3147,810367080, 내역 2016년 6월
4159013100,41,41590,2016-0,264,4851,1281265860, 내역 2016년 6월
1129011600,11,11290,2016-0,17,142,23419980, 내역 2016년 6월
4136010300,41,41360,2016-0,208,2489,442294740, 내역 2016년 6월
4159036022,41,41590,2016-0,141,1742,416412680, 내역 2016년 6월
4165036023,41,41650,2016-0,20,275,64090480, 내역 2016년 6월
4128110400,41,41281,2016-0,67,538,110454600, 내역 2016년 6월
4159041037,41,41590,2016-0,4,32,8724580, 내역 2016년 6월
4157035025,41,41570,2016-0,24,431,76528980, 내역 2016년 6월
1129010500,11,11290,2016-0,4,21,3913900, 내역 2016년 6월
4155035033,41,41550,2016-0,39,720,161443020, 내역 2016년 6월
4183025031,41,41830,2016-0,14,144,22506560, 내역 2016년 6월
4139012500,41,41390,2016-0,54,430,96316060, 내역 2016년 6월
4111113200,41,41111,2016-0,93,778,138469300, 내역 2016년 6월
4150025029,41,41500,2016-0,23,148,26670020, 내역 2016년 6월
4128510500,41,41285,2016-0,126,3485,783083480, 내역 2016년 6월
4136025627,41,41360,2016-0,42,397,68299440, 내역 2016년 6월
4159041038,41,41590,2016-0,26,879,235732320, 내역 2016년 6월
4159040027,41,41590,2016-0,57,1550,421383680, 내역 2016년 6월
4129010400,41,41290,2016-0,22,861,154487860, 내역 2016년 6월
4165031021,41,41650,2016-0,19,181,37199760, 내역 2016년 6월
4146125029,41,41461,2016-0,27,332,68088240, 내역 2016년 6월
4150034021,41,41500,2016-0,15,205,43363560, 내역 2016년 6월
4155033031,41,41550,2016-0,3,35,6473160, 내역 2016년 6월
4111113100,41,41111,2016-0,74,1682,378515640, 내역 2016년 6월
4159035024,41,41590,2016-0,42,459,100408780, 내역 2016년 6월
4146132021,41,41461,2016-0,20,293,72611280, 내역 2016년 6월
4146510500,41,41465,2016-0,88,1004,198407840, 내역 2016년 6월
4161010800,41,41610,2016-0,88,940,178244840, 내역 2016년 6월
4148026221,41,41480,2016-0,73,826,162676680, 내역 2016년 6월
4128112600,41,41281,2016-0,9,203,38294380, 내역 2016년 6월
4155025029,41,41550,2016-0,42,567,123283400, 내역 2016년 6월
4131010600,41,41310,2016-0,33,287,56776620, 내역 2016년 6월
4122011700,41,41220,2016-0,178,3092,587926360, 내역 2016년 6월
4136037021,41,41360,2016-0,76,716,130843620, 내역 2016년 6월
4157025322,41,41570,2016-0,22,188,36714160, 내역 2016년 6월
4155034029,41,41550,2016-0,21,526,129408120, 내역 2016년 6월
4119010100,41,41190,2016-0,186,2675,458716860, 내역 2016년 6월
4136025323,41,41360,2016-0,55,711,130786020, 내역 2016년 6월
4122031021,41,41220,2016-0,9,78,13889060, 내역 2016년 6월
4159033028,41,41590,2016-0,18,161,37241300, 내역 2016년 6월
4155035027,41,41550,2016-0,16,774,257743540, 내역 2016년 6월
4183025021,41,41830,2016-0,95,979,159922040, 내역 2016년 6월
4115010100,41,41150,2016-0,403,6130,1257489740, 내역 2016년 6월
4148025030,41,41480,2016-0,16,231,47513980, 내역 2016년 6월
4183035022,41,41830,2016-0,4,27,5408760, 내역 2016년 6월
4146131021,41,41461,2016-0,45,576,116632340, 내역 2016년 6월
4136036025,41,41360,2016-0,7,45,6680980, 내역 2016년 6월
4157034027,41,41570,2016-0,75,782,161574200, 내역 2016년 6월
4146310700,41,41463,2016-0,82,6115,1971916840, 내역 2016년 6월
4122025327,41,41220,2016-0,16,248,60578060, 내역 2016년 6월
4150032024,41,41500,2016-0,16,212,39157040, 내역 2016년 6월
4155039029,41,41550,2016-0,12,111,25208340, 내역 2016년 6월
4155036038,41,41550,2016-0,8,104,21040200, 내역 2016년 6월
4146510400,41,41465,2016-0,39,295,58308160, 내역 2016년 6월
4182031021,41,41820,2016-0,28,522,142335600, 내역 2016년 6월
4159026227,41,41590,2016-0,71,1187,273025140, 내역 2016년 6월
4148025324,41,41480,2016-0,46,1071,338952980, 내역 2016년 6월
4111512900,41,41115,2016-0,6,29,5053800, 내역 2016년 6월
4155038023,41,41550,2016-0,36,629,143344620, 내역 2016년 6월
4143010300,41,41430,2016-0,66,705,146253000, 내역 2016년 6월
2826010300,28,28260,2016-0,98,1713,391949420, 내역 2016년 6월
4163031025,41,41630,2016-0,48,520,108892600, 내역 2016년 6월
4182031033,41,41820,2016-0,4,182,36186640, 내역 2016년 6월
4159026226,41,41590,2016-0,56,720,155022640, 내역 2016년 6월
4155031031,41,41550,2016-0,6,42,7163740, 내역 2016년 6월
4163010700,41,41630,2016-0,47,349,61336220, 내역 2016년 6월
4113510600,41,41135,2016-0,148,2249,510501300, 내역 2016년 6월
4128112200,41,41281,2016-0,28,208,35553920, 내역 2016년 6월
4128511200,41,41285,2016-0,136,1573,292890660, 내역 2016년 6월
4128112700,41,41281,2016-0,14,70,14754700, 내역 2016년 6월
4159025628,41,41590,2016-0,50,1736,465620180, 내역 2016년 6월
4127111300,41,41271,2016-0,35,265,45436360, 내역 2016년 6월
4148011800,41,41480,2016-0,22,193,43649780, 내역 2016년 6월
1159010400,11,11590,2016-0,24,212,40693160, 내역 2016년 6월
4115010300,41,41150,2016-0,32,315,61893740, 내역 2016년 6월
4148032030,41,41480,2016-0,33,428,86681860, 내역 2016년 6월
4155031022,41,41550,2016-0,15,96,20009980, 내역 2016년 6월
4111313300,41,41113,2016-0,116,1310,239241980, 내역 2016년 6월
4161025929,41,41610,2016-0,11,111,27179260, 내역 2016년 6월
4111312600,41,41113,2016-0,183,2519,403327980, 내역 2016년 6월
4150035031,41,41500,2016-0,18,343,72988580, 내역 2016년 6월
4161025322,41,41610,2016-0,53,585,116328900, 내역 2016년 6월
4148035025,41,41480,2016-0,38,468,96523980, 내역 2016년 6월
4125010300,41,41250,2016-0,141,1507,242376180, 내역 2016년 6월
4146135022,41,41461,2016-0,18,204,40933880, 내역 2016년 6월
4161025923,41,41610,2016-0,21,410,70601980, 내역 2016년 6월
4136034026,41,41360,2016-0,42,745,141983240, 내역 2016년 6월
1156010200,11,11560,2016-0,30,382,64723940, 내역 2016년 6월
1111018100,11,11110,2016-0,7,88,14616940, 내역 2016년 6월
1150011200,11,11500,2016-0,12,103,22403460, 내역 2016년 6월
4146510700,41,41465,2016-0,185,2641,638058860, 내역 2016년 6월
4161033027,41,41610,2016-0,49,683,135685780, 내역 2016년 6월
4165032021,41,41650,2016-0,72,663,128993760, 내역 2016년 6월
4127110500,41,41271,2016-0,69,988,217508580, 내역 2016년 6월
4148032028,41,41480,2016-0,54,835,172125660, 내역 2016년 6월
4163034021,41,41630,2016-0,10,276,49085160, 내역 2016년 6월
4136025328,41,41360,2016-0,103,1146,211451420, 내역 2016년 6월
1114011500,11,11140,2016-0,7,44,8622180, 내역 2016년 6월
4159036032,41,41590,2016-0,26,300,65387800, 내역 2016년 6월
4159025328,41,41590,2016-0,85,1235,255332820, 내역 2016년 6월
4165010500,41,41650,2016-0,76,950,170857480, 내역 2016년 6월
4159033021,41,41590,2016-0,32,398,88729940, 내역 2016년 6월
4148036022,41,41480,2016-0,13,203,44386080, 내역 2016년 6월
4122034023,41,41220,2016-0,15,142,28361660, 내역 2016년 6월
4157034029,41,41570,2016-0,214,3218,730624880, 내역 2016년 6월
4150032026,41,41500,2016-0,22,429,70131960, 내역 2016년 6월
4136025924,41,41360,2016-0,56,360,72534700, 내역 2016년 6월
4159035022,41,41590,2016-0,39,440,97829860, 내역 2016년 6월
1111018700,11,11110,2016-0,14,111,21223700, 내역 2016년 6월
4159040025,41,41590,2016-0,36,467,111903760, 내역 2016년 6월
4113110500,41,41131,2016-0,17,383,50859760, 내역 2016년 6월
4119012000,41,41190,2016-0,71,715,150347540, 내역 2016년 6월
4155036036,41,41550,2016-0,13,117,25901020, 내역 2016년 6월
4183025028,41,41830,2016-0,16,309,65741220, 내역 2016년 6월
4146311300,41,41463,2016-0,98,2925,905753560, 내역 2016년 6월
4148026222,41,41480,2016-0,60,658,134618120, 내역 2016년 6월
4161033026,41,41610,2016-0,36,374,73800860, 내역 2016년 6월
4119011200,41,41190,2016-0,18,200,40387940, 내역 2016년 6월
4165034024,41,41650,2016-0,11,170,32594300, 내역 2016년 6월
4148035028,41,41480,2016-0,4,69,13444520, 내역 2016년 6월
4183032024,41,41830,2016-0,2,16,2714080, 내역 2016년 6월
4111113000,41,41111,2016-0,178,4458,1164109900, 내역 2016년 6월
4146136021,41,41461,2016-0,60,763,142094080, 내역 2016년 6월
4159041034,41,41590,2016-0,49,567,128776600, 내역 2016년 6월
4157034026,41,41570,2016-0,76,629,141912480, 내역 2016년 6월
4159035027,41,41590,2016-0,20,286,63653560, 내역 2016년 6월
4145011600,41,41450,2016-0,44,643,198728940, 내역 2016년 6월
4159037028,41,41590,2016-0,56,2642,816035440, 내역 2016년 6월
4183034023,41,41830,2016-0,8,250,58996480, 내역 2016년 6월
4165010100,41,41650,2016-0,113,1722,352913220, 내역 2016년 6월
4155038027,41,41550,2016-0,45,1484,345603840, 내역 2016년 6월
4148011200,41,41480,2016-0,58,460,87279080, 내역 2016년 6월
4148011400,41,41480,2016-0,8,71,17568520, 내역 2016년 6월
4167025037,41,41670,2016-0,8,59,9905740, 내역 2016년 6월
4159025938,41,41590,2016-0,30,582,109257220, 내역 2016년 6월
4136026223,41,41360,2016-0,132,1487,249438820, 내역 2016년 6월
4161025927,41,41610,2016-0,49,510,98775280, 내역 2016년 6월
4161010500,41,41610,2016-0,59,651,108713760, 내역 2016년 6월
4148026227,41,41480,2016-0,43,472,74605260, 내역 2016년 6월
4145012000,41,41450,2016-0,38,316,56565720, 내역 2016년 6월
4157034024,41,41570,2016-0,85,830,175260420, 내역 2016년 6월
4159025627,41,41590,2016-0,100,1360,318100140, 내역 2016년 6월
4157010100,41,41570,2016-0,90,1165,224558240, 내역 2016년 6월
4122025932,41,41220,2016-0,83,1391,338705120, 내역 2016년 6월
4146110800,41,41461,2016-0,21,167,36422500, 내역 2016년 6월
4183033028,41,41830,2016-0,9,61,9686760, 내역 2016년 6월
4163011100,41,41630,2016-0,67,1120,227804060, 내역 2016년 6월
2871025022,28,28710,2016-0,47,516,104735500, 내역 2016년 6월
4136025322,41,41360,2016-0,55,545,98693220, 내역 2016년 6월
2823710600,28,28237,2016-0,148,1747,355832040, 내역 2016년 6월
4148035029,41,41480,2016-0,28,329,63742960, 내역 2016년 6월
4146310100,41,41463,2016-0,163,2420,486387120, 내역 2016년 6월
4159025325,41,41590,2016-0,52,909,140832420, 내역 2016년 6월
4119011100,41,41190,2016-0,51,1031,161386460, 내역 2016년 6월
4155035026,41,41550,2016-0,17,218,41823560, 내역 2016년 6월
4182025027,41,41820,2016-0,3,37,8375200, 내역 2016년 6월
2817710100,28,28177,2016-0,170,2536,468845000, 내역 2016년 6월
4159025927,41,41590,2016-0,20,233,53173740, 내역 2016년 6월
4163011700,41,41630,2016-0,56,624,106993120, 내역 2016년 6월
1141010900,11,11410,2016-0,9,81,13722480, 내역 2016년 6월
4159036031,41,41590,2016-0,100,1841,437091800, 내역 2016년 6월
4148011600,41,41480,2016-0,28,184,41401720, 내역 2016년 6월
4127110100,41,41271,2016-0,56,975,195714880, 내역 2016년 6월
2811013600,28,28110,2016-0,11,121,16191860, 내역 2016년 6월
4139011800,41,41390,2016-0,42,378,72441180, 내역 2016년 6월
4148036021,41,41480,2016-0,8,125,24459500, 내역 2016년 6월
4148037030,41,41480,2016-0,8,38,6069260, 내역 2016년 6월
4113110200,41,41131,2016-0,141,1950,313643460, 내역 2016년 6월
4155042021,41,41550,2016-0,3,16,3647740, 내역 2016년 6월
4137011400,41,41370,2016-0,67,1179,270558660, 내역 2016년 6월
4125010700,41,41250,2016-0,64,1713,341163400, 내역 2016년 6월
2871035027,28,28710,2016-0,5,62,10427480, 내역 2016년 6월
4155012400,41,41550,2016-0,21,177,31816840, 내역 2016년 6월
1129012100,11,11290,2016-0,8,58,11213980, 내역 2016년 6월
4159034035,41,41590,2016-0,19,185,39717660, 내역 2016년 6월
4119012200,41,41190,2016-0,6,166,30090500, 내역 2016년 6월
4113511300,41,41135,2016-0,21,284,65254920, 내역 2016년 6월
4122037021,41,41220,2016-0,5,28,6774840, 내역 2016년 6월
4122025621,41,41220,2016-0,50,1514,424228020, 내역 2016년 6월
4111112900,41,41111,2016-0,90,4461,677756920, 내역 2016년 6월
2824510900,28,28245,2016-0,25,285,56208460, 내역 2016년 6월
4157025321,41,41570,2016-0,29,193,37116880, 내역 2016년 6월
4183031023,41,41830,2016-0,9,67,12816340, 내역 2016년 6월
4159041022,41,41590,2016-0,102,2508,636873080, 내역 2016년 6월
4127110900,41,41271,2016-0,91,1223,221469080, 내역 2016년 6월
4165037022,41,41650,2016-0,13,190,38148040, 내역 2016년 6월
4122025627,41,41220,2016-0,21,237,54406760, 내역 2016년 6월
4119510900,41,41195,2016-0,37,329,59644240, 내역 2016년 6월
4146310500,41,41463,2016-0,79,946,201682560, 내역 2016년 6월
2872033022,28,28720,2016-0,10,68,10878580, 내역 2016년 6월
4150025326,41,41500,2016-0,11,140,26811160, 내역 2016년 6월
2823710200,28,28237,2016-0,326,5022,1052108060, 내역 2016년 6월
4150010300,41,41500,2016-0,110,1637,289458040, 내역 2016년 6월
4148025022,41,41480,2016-0,31,1022,278449620, 내역 2016년 6월
4122025931,41,41220,2016-0,10,209,49092780, 내역 2016년 6월
2814010300,28,28140,2016-0,203,5709,1835906300, 내역 2016년 6월
4155033029,41,41550,2016-0,36,1303,299953740, 내역 2016년 6월
4155025021,41,41550,2016-0,16,402,110504900, 내역 2016년 6월
4127111100,41,41271,2016-0,62,650,138928820, 내역 2016년 6월
4161037026,41,41610,2016-0,3,43,8671780, 내역 2016년 6월
4180025025,41,41800,2016-0,12,173,34229400, 내역 2016년 6월
4155038028,41,41550,2016-0,20,412,97343320, 내역 2016년 6월
4159011700,41,41590,2016-0,168,1686,294880660, 내역 2016년 6월
4136025626,41,41360,2016-0,24,185,35245660, 내역 2016년 6월
4148025029,41,41480,2016-0,18,187,36757800, 내역 2016년 6월
4136025321,41,41360,2016-0,96,1100,203225060, 내역 2016년 6월
4159025334,41,41590,2016-0,58,1032,238304000, 내역 2016년 6월
4146133028,41,41461,2016-0,68,882,190780600, 내역 2016년 6월
4150035030,41,41500,2016-0,4,23,5523280, 내역 2016년 6월
4157034025,41,41570,2016-0,95,1100,249606780, 내역 2016년 6월
4159042030,41,41590,2016-0,34,1409,356831460, 내역 2016년 6월
4165041022,41,41650,2016-0,14,145,27911080, 내역 2016년 6월
2811011100,28,28110,2016-0,3,78,17461180, 내역 2016년 6월
4180025021,41,41800,2016-0,59,531,97360700, 내역 2016년 6월
4111312900,41,41113,2016-0,120,3201,580345460, 내역 2016년 6월
4122025321,41,41220,2016-0,36,619,103688200, 내역 2016년 6월
4150032023,41,41500,2016-0,15,188,37947180, 내역 2016년 6월
4165035022,41,41650,2016-0,7,63,13134900, 내역 2016년 6월
4148037021,41,41480,2016-0,6,102,16709980, 내역 2016년 6월
4150034026,41,41500,2016-0,17,209,39396680, 내역 2016년 6월
4146125323,41,41461,2016-0,11,90,17649360, 내역 2016년 6월
4143010200,41,41430,2016-0,36,441,97455000, 내역 2016년 6월
4159041028,41,41590,2016-0,72,761,163284860, 내역 2016년 6월
4128110500,41,41281,2016-0,68,698,137701760, 내역 2016년 6월
4155012500,41,41550,2016-0,30,642,153341480, 내역 2016년 6월
4165036021,41,41650,2016-0,49,1295,261171860, 내역 2016년 6월
4127110400,41,41271,2016-0,173,2065,386102500, 내역 2016년 6월
4155041030,41,41550,2016-0,1,10,1546200, 내역 2016년 6월
2811011800,28,28110,2016-0,308,5461,1290389540, 내역 2016년 6월
4122031023,41,41220,2016-0,31,363,82967140, 내역 2016년 6월
2811012500,28,28110,2016-0,13,148,21334120, 내역 2016년 6월
4167010700,41,41670,2016-0,42,542,109781100, 내역 2016년 6월
1117011400,11,11170,2016-0,8,55,12187500, 내역 2016년 6월
4146125625,41,41461,2016-0,3,13,2170500, 내역 2016년 6월
4161036021,41,41610,2016-0,4,26,4171560, 내역 2016년 6월
4165033027,41,41650,2016-0,34,463,90041260, 내역 2016년 6월
4122035032,41,41220,2016-0,4,27,6679200, 내역 2016년 6월
2871042021,28,28710,2016-0,2,11,2763240, 내역 2016년 6월
4155040028,41,41550,2016-0,3,24,5057760, 내역 2016년 6월
4146133029,41,41461,2016-0,70,1134,263813160, 내역 2016년 6월
4165010200,41,41650,2016-0,37,473,87997580, 내역 2016년 6월
4155035025,41,41550,2016-0,12,162,32702120, 내역 2016년 6월
4150037030,41,41500,2016-0,13,156,29640120, 내역 2016년 6월
4182034521,41,41820,2016-0,9,73,12194940, 내역 2016년 6월
4139012700,41,41390,2016-0,68,829,158956080, 내역 2016년 6월
4128111400,41,41281,2016-0,37,457,77592220, 내역 2016년 6월
4113111700,41,41131,2016-0,40,873,167483940, 내역 2016년 6월
4113111200,41,41131,2016-0,14,92,16872240, 내역 2016년 6월
4111313500,41,41113,2016-0,83,695,152469540, 내역 2016년 6월
4146110200,41,41461,2016-0,87,1126,216938520, 내역 2016년 6월
4167010200,41,41670,2016-0,58,593,97268640, 내역 2016년 6월
4146131027,41,41461,2016-0,46,649,138105700, 내역 2016년 6월
4136025621,41,41360,2016-0,72,708,150117160, 내역 2016년 6월
4150037032,41,41500,2016-0,12,114,23303400, 내역 2016년 6월
4157010900,41,41570,2016-0,59,430,88199920, 내역 2016년 6월
4122025328,41,41220,2016-0,5,80,17912040, 내역 2016년 6월
4150038021,41,41500,2016-0,6,77,18306020, 내역 2016년 6월
4155038022,41,41550,2016-0,43,740,150058020, 내역 2016년 6월
4159031022,41,41590,2016-0,18,136,21425360, 내역 2016년 6월
4150038022,41,41500,2016-0,2,18,3038080, 내역 2016년 6월
4146311000,41,41463,2016-0,65,1064,187362800, 내역 2016년 6월
4159012300,41,41590,2016-0,27,451,84245820, 내역 2016년 6월
4183033023,41,41830,2016-0,2,40,7563560, 내역 2016년 6월
4182033030,41,41820,2016-0,4,20,2892000, 내역 2016년 6월
4165025029,41,41650,2016-0,71,785,172464960, 내역 2016년 6월
4137010300,41,41370,2016-0,168,2840,594035960, 내역 2016년 6월
4127311100,41,41273,2016-0,25,240,47724560, 내역 2016년 6월
4146125021,41,41461,2016-0,58,1137,229274020, 내역 2016년 6월
4148031022,41,41480,2016-0,34,350,63643220, 내역 2016년 6월
4155032021,41,41550,2016-0,9,45,6899120, 내역 2016년 6월
4125011000,41,41250,2016-0,25,878,179647580, 내역 2016년 6월
4122011900,41,41220,2016-0,63,495,104682080, 내역 2016년 6월
4127310200,41,41273,2016-0,58,622,108434140, 내역 2016년 6월
4163011500,41,41630,2016-0,38,363,65178840, 내역 2016년 6월
4159036024,41,41590,2016-0,68,1190,252495220, 내역 2016년 6월
2811011400,28,28110,2016-0,6,82,16808880, 내역 2016년 6월
4137011200,41,41370,2016-0,26,425,65297380, 내역 2016년 6월
4111512800,41,41115,2016-0,21,323,65479880, 내역 2016년 6월
4155036032,41,41550,2016-0,10,196,37461640, 내역 2016년 6월
4122012200,41,41220,2016-0,29,397,52360300, 내역 2016년 6월
4148031024,41,41480,2016-0,5,159,48344220, 내역 2016년 6월
4159041029,41,41590,2016-0,57,552,118629640, 내역 2016년 6월
4128710100,41,41287,2016-0,132,1515,272223480, 내역 2016년 6월
4122010600,41,41220,2016-0,72,815,170258920, 내역 2016년 6월
4180036021,41,41800,2016-0,7,32,4870000, 내역 2016년 6월
4122010200,41,41220,2016-0,74,1880,479510540, 내역 2016년 6월
4146135032,41,41461,2016-0,9,409,97462920, 내역 2016년 6월
4155036022,41,41550,2016-0,6,56,12616920, 내역 2016년 6월
4161025932,41,41610,2016-0,30,362,78957500, 내역 2016년 6월
4163010300,41,41630,2016-0,65,620,107237460, 내역 2016년 6월
4115011100,41,41150,2016-0,70,1010,204819260, 내역 2016년 6월
4159034033,41,41590,2016-0,21,193,42736520, 내역 2016년 6월
4157010500,41,41570,2016-0,83,792,170988120, 내역 2016년 6월
4146125629,41,41461,2016-0,10,222,49359640, 내역 2016년 6월
4163032021,41,41630,2016-0,17,294,54713200, 내역 2016년 6월
4146136024,41,41461,2016-0,29,682,179637380, 내역 2016년 6월
4122025923,41,41220,2016-0,56,840,198194560, 내역 2016년 6월
4183040024,41,41830,2016-0,23,385,70289220, 내역 2016년 6월
4150035025,41,41500,2016-0,38,777,167290280, 내역 2016년 6월
4136011000,41,41360,2016-0,85,805,147807740, 내역 2016년 6월
4182025021,41,41820,2016-0,96,1060,185186060, 내역 2016년 6월
4122012700,41,41220,2016-0,44,503,102181320, 내역 2016년 6월
4167011700,41,41670,2016-0,18,331,75037680, 내역 2016년 6월
4167034030,41,41670,2016-0,10,95,16804040, 내역 2016년 6월
2811013300,28,28110,2016-0,11,107,18347860, 내역 2016년 6월
4183034024,41,41830,2016-0,13,80,10912240, 내역 2016년 6월
2817710700,28,28177,2016-0,59,1135,236245460, 내역 2016년 6월
4182025029,41,41820,2016-0,5,40,6349680, 내역 2016년 6월
4111313800,41,41113,2016-0,4,40,9974600, 내역 2016년 6월
4148035024,41,41480,2016-0,34,638,128645240, 내역 2016년 6월
4136031021,41,41360,2016-0,64,691,122969080, 내역 2016년 6월
4159040022,41,41590,2016-0,111,2639,633200960, 내역 2016년 6월
4146136022,41,41461,2016-0,37,843,186364200, 내역 2016년 6월
4167036033,41,41670,2016-0,7,84,12434740, 내역 2016년 6월
4111314000,41,41113,2016-0,29,189,36148240, 내역 2016년 6월
4183041027,41,41830,2016-0,1,9,1505820, 내역 2016년 6월
4159032025,41,41590,2016-0,23,196,34859920, 내역 2016년 6월
4146125628,41,41461,2016-0,10,69,12829160, 내역 2016년 6월
4122031029,41,41220,2016-0,32,1420,401948000, 내역 2016년 6월
4159037029,41,41590,2016-0,20,260,63099980, 내역 2016년 6월
4146135027,41,41461,2016-0,14,142,28702320, 내역 2016년 6월
4146134022,41,41461,2016-0,12,123,25025460, 내역 2016년 6월
2872033021,28,28720,2016-0,34,247,49903160, 내역 2016년 6월
2871036021,28,28710,2016-0,7,71,14265000, 내역 2016년 6월
4155042024,41,41550,2016-0,11,479,115067820, 내역 2016년 6월
4167032032,41,41670,2016-0,12,91,17944380, 내역 2016년 6월
4155040021,41,41550,2016-0,15,231,52468880, 내역 2016년 6월
2872037021,28,28720,2016-0,6,41,5126180, 내역 2016년 6월
4167010300,41,41670,2016-0,24,196,28522160, 내역 2016년 6월
4127111000,41,41271,2016-0,38,551,131337060, 내역 2016년 6월
4155012200,41,41550,2016-0,2,18,2625120, 내역 2016년 6월
4150037024,41,41500,2016-0,4,18,3798140, 내역 2016년 6월
4145011500,41,41450,2016-0,9,168,35259480, 내역 2016년 6월
4159025622,41,41590,2016-0,25,476,110965760, 내역 2016년 6월
4111512200,41,41115,2016-0,16,158,24181100, 내역 2016년 6월
4150031029,41,41500,2016-0,21,243,45126560, 내역 2016년 6월
4167034021,41,41670,2016-0,6,65,9141700, 내역 2016년 6월
4115011000,41,41150,2016-0,164,2432,423898980, 내역 2016년 6월
4155031025,41,41550,2016-0,8,162,31888160, 내역 2016년 6월
2824510500,28,28245,2016-0,40,499,63736760, 내역 2016년 6월
4122034025,41,41220,2016-0,46,1174,297627360, 내역 2016년 6월
4141010800,41,41410,2016-0,71,647,131705060, 내역 2016년 6월
4155034035,41,41550,2016-0,20,231,52925720, 내역 2016년 6월
4167035026,41,41670,2016-0,3,97,18666400, 내역 2016년 6월
2871035025,28,28710,2016-0,6,122,18767380, 내역 2016년 6월
4167036022,41,41670,2016-0,11,178,30647020, 내역 2016년 6월
4148010400,41,41480,2016-0,59,631,128164680, 내역 2016년 6월
4167034032,41,41670,2016-0,7,55,9634280, 내역 2016년 6월
2811012600,28,28110,2016-0,17,134,29277160, 내역 2016년 6월
4159025933,41,41590,2016-0,30,691,156895580, 내역 2016년 6월
4129010100,41,41290,2016-0,3,72,7948220, 내역 2016년 6월
4111710400,41,41117,2016-0,78,675,150335340, 내역 2016년 6월
4150025332,41,41500,2016-0,13,184,36695900, 내역 2016년 6월
4122012600,41,41220,2016-0,17,299,55301380, 내역 2016년 6월
4161034027,41,41610,2016-0,2,9,2072400, 내역 2016년 6월
4183036027,41,41830,2016-0,1,5,591740, 내역 2016년 6월
4137012000,41,41370,2016-0,40,1314,326078060, 내역 2016년 6월
4148035022,41,41480,2016-0,34,455,98335340, 내역 2016년 6월
4148025626,41,41480,2016-0,10,119,23207720, 내역 2016년 6월
4157034028,41,41570,2016-0,17,121,24555320, 내역 2016년 6월
4161025924,41,41610,2016-0,30,397,83995220, 내역 2016년 6월
4137011000,41,41370,2016-0,55,539,117276980, 내역 2016년 6월
4128710300,41,41287,2016-0,74,1111,190858020, 내역 2016년 6월
4159025331,41,41590,2016-0,30,326,65858040, 내역 2016년 6월
4155031028,41,41550,2016-0,8,445,102923680, 내역 2016년 6월
4139011900,41,41390,2016-0,79,642,116005820, 내역 2016년 6월
4159034034,41,41590,2016-0,21,252,60158500, 내역 2016년 6월
4159036033,41,41590,2016-0,15,274,68523120, 내역 2016년 6월
4163031023,41,41630,2016-0,75,1005,194326760, 내역 2016년 6월
4161025326,41,41610,2016-0,80,876,182453180, 내역 2016년 6월
2826010800,28,28260,2016-0,53,830,150855740, 내역 2016년 6월
4167025035,41,41670,2016-0,15,297,68260260, 내역 2016년 6월
4137010100,41,41370,2016-0,123,1989,359229600, 내역 2016년 6월
2826010500,28,28260,2016-0,26,296,45200120, 내역 2016년 6월
4122033023,41,41220,2016-0,10,103,15750780, 내역 2016년 6월
2871033024,28,28710,2016-0,12,72,10474440, 내역 2016년 6월
4122025029,41,41220,2016-0,8,99,19347720, 내역 2016년 6월
4165038024,41,41650,2016-0,11,94,13685920, 내역 2016년 6월
4125011200,41,41250,2016-0,70,986,179140180, 내역 2016년 6월
4163032025,41,41630,2016-0,9,126,29735600, 내역 2016년 6월
4159025937,41,41590,2016-0,30,291,64094860, 내역 2016년 6월
4148011700,41,41480,2016-0,44,419,90630320, 내역 2016년 6월
4146132026,41,41461,2016-0,33,1120,231001600, 내역 2016년 6월
4128510300,41,41285,2016-0,97,994,173659820, 내역 2016년 6월
4163010200,41,41630,2016-0,2,27,3449240, 내역 2016년 6월
4122033026,41,41220,2016-0,9,115,27879500, 내역 2016년 6월
4165033022,41,41650,2016-0,13,113,21324500, 내역 2016년 6월
4167010100,41,41670,2016-0,33,322,47789700, 내역 2016년 6월
4161011200,41,41610,2016-0,46,726,150720620, 내역 2016년 6월
4159031026,41,41590,2016-0,5,24,4577980, 내역 2016년 6월
4159025326,41,41590,2016-0,42,435,90786640, 내역 2016년 6월
4125010200,41,41250,2016-0,59,506,82073060, 내역 2016년 6월
4155041028,41,41550,2016-0,3,38,6942120, 내역 2016년 6월
1117011500,11,11170,2016-0,25,366,60174400, 내역 2016년 6월
4137010900,41,41370,2016-0,16,163,28162920, 내역 2016년 6월
4150025321,41,41500,2016-0,40,738,150937160, 내역 2016년 6월
4127311300,41,41273,2016-0,11,87,16292760, 내역 2016년 6월
4139010800,41,41390,2016-0,38,383,74904120, 내역 2016년 6월
4155033034,41,41550,2016-0,1,5,426480, 내역 2016년 6월
4167037023,41,41670,2016-0,3,18,2130900, 내역 2016년 6월
4163032024,41,41630,2016-0,23,1235,290533560, 내역 2016년 6월
4155033030,41,41550,2016-0,10,167,37263920, 내역 2016년 6월
4122010800,41,41220,2016-0,34,543,82740540, 내역 2016년 6월
4150034022,41,41500,2016-0,13,243,52469300, 내역 2016년 6월
4150035027,41,41500,2016-0,7,92,20151180, 내역 2016년 6월
4182032522,41,41820,2016-0,15,158,20026580, 내역 2016년 6월
4111513300,41,41115,2016-0,31,329,48976760, 내역 2016년 6월
4122011100,41,41220,2016-0,38,385,76936160, 내역 2016년 6월
4161025930,41,41610,2016-0,31,381,76325980, 내역 2016년 6월
4159011900,41,41590,2016-0,66,1132,247089100, 내역 2016년 6월
4146135030,41,41461,2016-0,10,141,26490860, 내역 2016년 6월
2826010600,28,28260,2016-0,51,1051,214847640, 내역 2016년 6월
4159012400,41,41590,2016-0,82,811,157946080, 내역 2016년 6월
4155032022,41,41550,2016-0,6,93,18420320, 내역 2016년 6월
4163011300,41,41630,2016-0,32,478,101072460, 내역 2016년 6월
4111710700,41,41117,2016-0,111,1354,286156020, 내역 2016년 6월
4122034026,41,41220,2016-0,34,876,179207440, 내역 2016년 6월
4159025632,41,41590,2016-0,33,471,103566800, 내역 2016년 6월
4150011500,41,41500,2016-0,6,41,8241240, 내역 2016년 6월
2811015100,28,28110,2016-0,5,74,18399820, 내역 2016년 6월
4165010300,41,41650,2016-0,54,639,96261380, 내역 2016년 6월
4159037021,41,41590,2016-0,29,384,77689200, 내역 2016년 6월
4150034030,41,41500,2016-0,33,770,158065700, 내역 2016년 6월
4163025026,41,41630,2016-0,15,221,35912960, 내역 2016년 6월
4159040024,41,41590,2016-0,110,1745,421672580, 내역 2016년 6월
4182031025,41,41820,2016-0,18,684,146714240, 내역 2016년 6월
4122025325,41,41220,2016-0,4,16,2180920, 내역 2016년 6월
4167035021,41,41670,2016-0,5,63,10615540, 내역 2016년 6월
4159041036,41,41590,2016-0,28,481,128472360, 내역 2016년 6월
4159036036,41,41590,2016-0,34,449,101644340, 내역 2016년 6월
4122025324,41,41220,2016-0,15,129,23399080, 내역 2016년 6월
4111113600,41,41111,2016-0,123,1881,378375560, 내역 2016년 6월
4122010400,41,41220,2016-0,46,5998,2122277620, 내역 2016년 6월
4148025321,41,41480,2016-0,13,157,28883820, 내역 2016년 6월
4150010400,41,41500,2016-0,16,106,20602820, 내역 2016년 6월
4148025326,41,41480,2016-0,27,552,116015020, 내역 2016년 6월
4155012600,41,41550,2016-0,16,248,47616240, 내역 2016년 6월
4167037027,41,41670,2016-0,2,18,2864320, 내역 2016년 6월
4155025025,41,41550,2016-0,52,824,153067400, 내역 2016년 6월
4165025021,41,41650,2016-0,93,1177,228047720, 내역 2016년 6월
2818510200,28,28185,2016-0,80,731,116258480, 내역 2016년 6월
4159031025,41,41590,2016-0,8,72,15750200, 내역 2016년 6월
2872035026,28,28720,2016-0,1,4,1471040, 내역 2016년 6월
4163031022,41,41630,2016-0,34,362,75238280, 내역 2016년 6월
2871031025,28,28710,2016-0,37,473,97126500, 내역 2016년 6월
4136036024,41,41360,2016-0,3,27,3795540, 내역 2016년 6월
4122033024,41,41220,2016-0,5,55,11145180, 내역 2016년 6월
2871025023,28,28710,2016-0,10,74,12978200, 내역 2016년 6월
4139012000,41,41390,2016-0,22,216,39368460, 내역 2016년 6월
4148038023,41,41480,2016-0,1,6,842260, 내역 2016년 6월
4167025032,41,41670,2016-0,29,1065,295824740, 내역 2016년 6월
2814010100,28,28140,2016-0,101,1540,387358840, 내역 2016년 6월
4155040027,41,41550,2016-0,2,26,5517660, 내역 2016년 6월
4161010600,41,41610,2016-0,36,392,84677740, 내역 2016년 6월
4183040021,41,41830,2016-0,9,50,7983320, 내역 2016년 6월
4159025329,41,41590,2016-0,10,74,13674940, 내역 2016년 6월
2811011200,28,28110,2016-0,3,64,9714580, 내역 2016년 6월
4155010100,41,41550,2016-0,67,497,82760220, 내역 2016년 6월
4122025926,41,41220,2016-0,37,937,208530580, 내역 2016년 6월
4150036024,41,41500,2016-0,8,84,17645340, 내역 2016년 6월
4155012300,41,41550,2016-0,10,200,24582940, 내역 2016년 6월
4122025322,41,41220,2016-0,16,212,47269960, 내역 2016년 6월
4122025323,41,41220,2016-0,21,585,122664580, 내역 2016년 6월
4113110600,41,41131,2016-0,21,319,43154340, 내역 2016년 6월
4146135033,41,41461,2016-0,10,108,20067100, 내역 2016년 6월
4137010200,41,41370,2016-0,27,453,109575960, 내역 2016년 6월
4180033025,41,41800,2016-0,3,19,3281300, 내역 2016년 6월
4163025023,41,41630,2016-0,25,258,39364660, 내역 2016년 6월
4122037030,41,41220,2016-0,7,31,5985720, 내역 2016년 6월
4165035023,41,41650,2016-0,22,220,51903380, 내역 2016년 6월
4127311200,41,41273,2016-0,11,213,42455880, 내역 2016년 6월
4155038024,41,41550,2016-0,32,410,91404420, 내역 2016년 6월
4183037025,41,41830,2016-0,4,43,5800040, 내역 2016년 6월
4148025625,41,41480,2016-0,33,578,105778180, 내역 2016년 6월
4159041025,41,41590,2016-0,30,565,126960520, 내역 2016년 6월
4159032027,41,41590,2016-0,48,573,122581620, 내역 2016년 6월
2824511300,28,28245,2016-0,18,156,31874600, 내역 2016년 6월
2820010600,28,28200,2016-0,27,298,51719540, 내역 2016년 6월
4183033026,41,41830,2016-0,1,6,769820, 내역 2016년 6월
4167035037,41,41670,2016-0,9,95,20569740, 내역 2016년 6월
4148031021,41,41480,2016-0,38,387,76735040, 내역 2016년 6월
4182033028,41,41820,2016-0,3,16,2084640, 내역 2016년 6월
4182033021,41,41820,2016-0,6,40,5770440, 내역 2016년 6월
4122010500,41,41220,2016-0,15,151,30233580, 내역 2016년 6월
2811015000,28,28110,2016-0,12,78,15020260, 내역 2016년 6월
4165034028,41,41650,2016-0,6,66,13207500, 내역 2016년 6월
4122032025,41,41220,2016-0,20,301,63525020, 내역 2016년 6월
4155032025,41,41550,2016-0,8,147,32210300, 내역 2016년 6월
4161025933,41,41610,2016-0,33,373,76528520, 내역 2016년 6월
4161033022,41,41610,2016-0,48,611,126795380, 내역 2016년 6월
4155036031,41,41550,2016-0,19,254,54703220, 내역 2016년 6월
4148031025,41,41480,2016-0,68,752,151190160, 내역 2016년 6월
4155040025,41,41550,2016-0,8,196,36055440, 내역 2016년 6월
4165037021,41,41650,2016-0,9,126,26485720, 내역 2016년 6월
4182032523,41,41820,2016-0,8,51,7856620, 내역 2016년 6월
4165041021,41,41650,2016-0,27,478,88316100, 내역 2016년 6월
4161036023,41,41610,2016-0,3,38,11404640, 내역 2016년 6월
4155035024,41,41550,2016-0,24,656,143369540, 내역 2016년 6월
4165035021,41,41650,2016-0,12,233,63803420, 내역 2016년 6월
4155033032,41,41550,2016-0,5,156,31950680, 내역 2016년 6월
4180025322,41,41800,2016-0,32,331,54030120, 내역 2016년 6월
4167035027,41,41670,2016-0,3,30,5570620, 내역 2016년 6월
4165036022,41,41650,2016-0,15,212,42698200, 내역 2016년 6월
1117010600,11,11170,2016-0,4,129,31243720, 내역 2016년 6월
4165034026,41,41650,2016-0,26,493,157218960, 내역 2016년 6월
2826012100,28,28260,2016-0,34,201,33829960, 내역 2016년 6월
4167032031,41,41670,2016-0,3,17,2817840, 내역 2016년 6월
2811014500,28,28110,2016-0,56,449,83133020, 내역 2016년 6월
4139010400,41,41390,2016-0,32,562,119512460, 내역 2016년 6월
4111313900,41,41113,2016-0,20,520,114991340, 내역 2016년 6월
4113313200,41,41133,2016-0,29,211,30748960, 내역 2016년 6월
4155040029,41,41550,2016-0,18,266,58070880, 내역 2016년 6월
4122012300,41,41220,2016-0,14,134,20615380, 내역 2016년 6월
2871032025,28,28710,2016-0,11,152,29153880, 내역 2016년 6월
2814010600,28,28140,2016-0,16,141,25986500, 내역 2016년 6월
4148037035,41,41480,2016-0,9,71,10344300, 내역 2016년 6월
1129012000,11,11290,2016-0,11,100,16785260, 내역 2016년 6월
2820010400,28,28200,2016-0,48,680,117322380, 내역 2016년 6월
4155025031,41,41550,2016-0,21,323,57024680, 내역 2016년 6월
4148025021,41,41480,2016-0,42,749,124468360, 내역 2016년 6월
4155010900,41,41550,2016-0,15,176,23691400, 내역 2016년 6월
4165039022,41,41650,2016-0,7,24,5334880, 내역 2016년 6월
4182035023,41,41820,2016-0,1,15,2939700, 내역 2016년 6월
4167032023,41,41670,2016-0,9,81,17230040, 내역 2016년 6월
2820010500,28,28200,2016-0,96,1157,244199000, 내역 2016년 6월
2824510600,28,28245,2016-0,65,579,110169680, 내역 2016년 6월
4159025930,41,41590,2016-0,27,227,51764280, 내역 2016년 6월
2871033021,28,28710,2016-0,17,283,49758380, 내역 2016년 6월
2872036021,28,28720,2016-0,22,344,72644440, 내역 2016년 6월
4155025030,41,41550,2016-0,20,305,63342920, 내역 2016년 6월
4122010900,41,41220,2016-0,91,1009,171328340, 내역 2016년 6월
2826011400,28,28260,2016-0,94,779,159415760, 내역 2016년 6월
4155011800,41,41550,2016-0,28,740,134063920, 내역 2016년 6월
1111013100,11,11110,2016-0,10,111,20177740, 내역 2016년 6월
4146133027,41,41461,2016-0,21,420,81826220, 내역 2016년 6월
4150037021,41,41500,2016-0,10,106,23830460, 내역 2016년 6월
4150011000,41,41500,2016-0,27,234,49791020, 내역 2016년 6월
4159041031,41,41590,2016-0,33,781,192840920, 내역 2016년 6월
4148010200,41,41480,2016-0,64,936,159482320, 내역 2016년 6월
4111313400,41,41113,2016-0,79,741,151833860, 내역 2016년 6월
4167032027,41,41670,2016-0,7,78,16149100, 내역 2016년 6월
4146310900,41,41463,2016-0,62,25534,9378887520, 내역 2016년 6월
4165031026,41,41650,2016-0,20,218,42453200, 내역 2016년 6월
2814010500,28,28140,2016-0,5,61,12549340, 내역 2016년 6월
2826010100,28,28260,2016-0,71,1275,287065820, 내역 2016년 6월
4165033023,41,41650,2016-0,62,778,152202200, 내역 2016년 6월
4167012100,41,41670,2016-0,25,192,29992240, 내역 2016년 6월
4150025329,41,41500,2016-0,10,122,21057240, 내역 2016년 6월
4150031031,41,41500,2016-0,10,197,33596800, 내역 2016년 6월
4159041033,41,41590,2016-0,25,377,83356340, 내역 2016년 6월
2871025024,28,28710,2016-0,35,569,96122680, 내역 2016년 6월
4122010100,41,41220,2016-0,149,1731,311290160, 내역 2016년 6월
4150010700,41,41500,2016-0,19,306,63383220, 내역 2016년 6월
4139012100,41,41390,2016-0,18,267,53998000, 내역 2016년 6월
4148036027,41,41480,2016-0,3,17,2243280, 내역 2016년 6월
4161010200,41,41610,2016-0,35,534,110211320, 내역 2016년 6월
4183025027,41,41830,2016-0,22,392,73918780, 내역 2016년 6월
2871038022,28,28710,2016-0,5,68,10161560, 내역 2016년 6월
4111113700,41,41111,2016-0,40,1503,346494380, 내역 2016년 6월
4159032028,41,41590,2016-0,46,501,106075860, 내역 2016년 6월
4159025332,41,41590,2016-0,33,381,82536220, 내역 2016년 6월
4167025031,41,41670,2016-0,1,11,2489240, 내역 2016년 6월
4165034027,41,41650,2016-0,2,100,23342360, 내역 2016년 6월
4115011300,41,41150,2016-0,10,69,12597060, 내역 2016년 6월
4183040027,41,41830,2016-0,6,93,14098640, 내역 2016년 6월
4159041035,41,41590,2016-0,17,252,56301880, 내역 2016년 6월
4180031021,41,41800,2016-0,5,45,6977480, 내역 2016년 6월
4111513500,41,41115,2016-0,61,574,89069120, 내역 2016년 6월
4165038023,41,41650,2016-0,8,193,47475580, 내역 2016년 6월
4159035030,41,41590,2016-0,4,24,5761400, 내역 2016년 6월
4183025025,41,41830,2016-0,48,754,157586860, 내역 2016년 6월
4113310400,41,41133,2016-0,33,421,85241940, 내역 2016년 6월
4161025928,41,41610,2016-0,15,209,45148340, 내역 2016년 6월
4122012100,41,41220,2016-0,53,523,134836380, 내역 2016년 6월
4150036021,41,41500,2016-0,17,314,66698440, 내역 2016년 6월
4150010600,41,41500,2016-0,12,63,12840840, 내역 2016년 6월
4155031024,41,41550,2016-0,9,46,8585480, 내역 2016년 6월
4137011100,41,41370,2016-0,83,1095,247028280, 내역 2016년 6월
1120011000,11,11200,2016-0,16,147,27219060, 내역 2016년 6월
4146132031,41,41461,2016-0,21,159,33686140, 내역 2016년 6월
4161010100,41,41610,2016-0,50,671,131689220, 내역 2016년 6월
4139011000,41,41390,2016-0,74,500,109371900, 내역 2016년 6월
4165037023,41,41650,2016-0,19,220,39463880, 내역 2016년 6월
4150032031,41,41500,2016-0,7,90,17862240, 내역 2016년 6월
4150034029,41,41500,2016-0,6,212,54385520, 내역 2016년 6월
1120011100,11,11200,2016-0,11,87,14319100, 내역 2016년 6월
4165031024,41,41650,2016-0,7,162,35748500, 내역 2016년 6월
4155041024,41,41550,2016-0,20,255,51699540, 내역 2016년 6월
4159041026,41,41590,2016-0,56,537,119616060, 내역 2016년 6월
4183040026,41,41830,2016-0,3,14,1755160, 내역 2016년 6월
4111314100,41,41113,2016-0,31,248,43354620, 내역 2016년 6월
2824511000,28,28245,2016-0,16,136,24118200, 내역 2016년 6월
4167025022,41,41670,2016-0,5,169,36042020, 내역 2016년 6월
4163010800,41,41630,2016-0,65,590,109113360, 내역 2016년 6월
2811011700,28,28110,2016-0,5,33,7703360, 내역 2016년 6월
2811012700,28,28110,2016-0,19,188,45704980, 내역 2016년 6월
4167012300,41,41670,2016-0,3,43,9711680, 내역 2016년 6월
4159012200,41,41590,2016-0,32,356,60527700, 내역 2016년 6월
1114012800,11,11140,2016-0,14,138,26176800, 내역 2016년 6월
4125010600,41,41250,2016-0,14,82,12139640, 내역 2016년 6월
4146133022,41,41461,2016-0,10,96,17994760, 내역 2016년 6월
4146110700,41,41461,2016-0,94,1200,213231620, 내역 2016년 6월
4159025932,41,41590,2016-0,27,608,101850420, 내역 2016년 6월
4148036028,41,41480,2016-0,12,152,26130840, 내역 2016년 6월
4150010100,41,41500,2016-0,78,951,180824360, 내역 2016년 6월
4141010700,41,41410,2016-0,2,24,3964420, 내역 2016년 6월
4136025622,41,41360,2016-0,47,406,57266560, 내역 2016년 6월
4155033026,41,41550,2016-0,30,319,72456860, 내역 2016년 6월
4159025921,41,41590,2016-0,25,479,104452220, 내역 2016년 6월
4122033028,41,41220,2016-0,24,460,86913280, 내역 2016년 6월
4167035024,41,41670,2016-0,6,59,10110240, 내역 2016년 6월
4163033023,41,41630,2016-0,28,391,73491600, 내역 2016년 6월
4155013100,41,41550,2016-0,4,27,6854260, 내역 2016년 6월
4148037026,41,41480,2016-0,29,442,99440280, 내역 2016년 6월
4159035023,41,41590,2016-0,17,181,38265660, 내역 2016년 6월
1144010600,11,11440,2016-0,9,52,11135240, 내역 2016년 6월
2871037022,28,28710,2016-0,4,16,2214320, 내역 2016년 6월
2826010900,28,28260,2016-0,37,442,87112000, 내역 2016년 6월
4146125324,41,41461,2016-0,16,146,28816240, 내역 2016년 6월
4155040024,41,41550,2016-0,7,69,14848580, 내역 2016년 6월
4150025322,41,41500,2016-0,15,186,41256860, 내역 2016년 6월
2824510700,28,28245,2016-0,23,220,39453940, 내역 2016년 6월
4119011500,41,41190,2016-0,19,167,34029740, 내역 2016년 6월
1129013000,11,11290,2016-0,6,155,26817520, 내역 2016년 6월
2824511900,28,28245,2016-0,8,112,19969720, 내역 2016년 6월
4155041027,41,41550,2016-0,9,300,36536460, 내역 2016년 6월
4159037027,41,41590,2016-0,11,107,22765260, 내역 2016년 6월
4159025922,41,41590,2016-0,25,156,27428560, 내역 2016년 6월
4157034031,41,41570,2016-0,64,502,109941760, 내역 2016년 6월
4159034024,41,41590,2016-0,6,43,10700200, 내역 2016년 6월
4148032026,41,41480,2016-0,8,232,46068400, 내역 2016년 6월
4148025622,41,41480,2016-0,32,569,108413760, 내역 2016년 6월
4159031021,41,41590,2016-0,35,1211,303118980, 내역 2016년 6월
4146110300,41,41461,2016-0,101,1994,355503480, 내역 2016년 6월
4155040023,41,41550,2016-0,27,517,92778980, 내역 2016년 6월
4157035028,41,41570,2016-0,2,36,7477380, 내역 2016년 6월
4155011300,41,41550,2016-0,9,250,41874380, 내역 2016년 6월
4161034025,41,41610,2016-0,8,56,8344380, 내역 2016년 6월
2811012300,28,28110,2016-0,15,226,58662800, 내역 2016년 6월
4167031029,41,41670,2016-0,2,40,12795840, 내역 2016년 6월
4122025329,41,41220,2016-0,10,239,67906740, 내역 2016년 6월
4122011400,41,41220,2016-0,53,667,135899940, 내역 2016년 6월
4122010700,41,41220,2016-0,42,417,81058120, 내역 2016년 6월
4167032033,41,41670,2016-0,4,22,4194580, 내역 2016년 6월
4139013000,41,41390,2016-0,23,241,40680880, 내역 2016년 6월
4180031023,41,41800,2016-0,5,70,18246480, 내역 2016년 6월
4137011300,41,41370,2016-0,67,702,147231180, 내역 2016년 6월
4146311500,41,41463,2016-0,56,860,156532520, 내역 2016년 6월
4183037021,41,41830,2016-0,10,93,19787440, 내역 2016년 6월
2811014600,28,28110,2016-0,33,471,108108480, 내역 2016년 6월
4157034023,41,41570,2016-0,45,406,87876100, 내역 2016년 6월
4122025045,41,41220,2016-0,27,290,57550960, 내역 2016년 6월
4165035024,41,41650,2016-0,12,184,34591820, 내역 2016년 6월
4122025929,41,41220,2016-0,23,2331,614474220, 내역 2016년 6월
4183033022,41,41830,2016-0,12,126,24071040, 내역 2016년 6월
4150037029,41,41500,2016-0,6,74,19827900, 내역 2016년 6월
4165032026,41,41650,2016-0,8,134,24281620, 내역 2016년 6월
4163011200,41,41630,2016-0,24,261,51103680, 내역 2016년 6월
4167010800,41,41670,2016-0,28,418,53927540, 내역 2016년 6월
4122025330,41,41220,2016-0,60,570,106869540, 내역 2016년 6월
4148037033,41,41480,2016-0,3,23,3415640, 내역 2016년 6월
4159025630,41,41590,2016-0,44,12177,4516224980, 내역 2016년 6월
4159033027,41,41590,2016-0,8,68,15068960, 내역 2016년 6월
2811013400,28,28110,2016-0,18,173,25276120, 내역 2016년 6월
4113110900,41,41131,2016-0,18,92,21245520, 내역 2016년 6월
4155036037,41,41550,2016-0,2,16,3705860, 내역 2016년 6월
1129013100,11,11290,2016-0,9,85,19132940, 내역 2016년 6월
4119010600,41,41190,2016-0,13,329,66885920, 내역 2016년 6월
2871031022,28,28710,2016-0,6,33,5139200, 내역 2016년 6월
4146125023,41,41461,2016-0,30,335,55402940, 내역 2016년 6월
4183025022,41,41830,2016-0,14,121,21417960, 내역 2016년 6월
4155035031,41,41550,2016-0,17,153,30858120, 내역 2016년 6월
4146125028,41,41461,2016-0,21,193,41585100, 내역 2016년 6월
2871035028,28,28710,2016-0,4,62,11592380, 내역 2016년 6월
4165039021,41,41650,2016-0,14,149,28634440, 내역 2016년 6월
4155038026,41,41550,2016-0,23,250,50259040, 내역 2016년 6월
4155034021,41,41550,2016-0,9,80,17773100, 내역 2016년 6월
4122025026,41,41220,2016-0,5,37,6793080, 내역 2016년 6월
4111513900,41,41115,2016-0,41,722,137410400, 내역 2016년 6월
4183035021,41,41830,2016-0,17,125,25146100, 내역 2016년 6월
4159035025,41,41590,2016-0,13,150,35833780, 내역 2016년 6월
4180033021,41,41800,2016-0,3,30,4535460, 내역 2016년 6월
4183039525,41,41830,2016-0,3,39,7535400, 내역 2016년 6월
1111010400,11,11110,2016-0,14,220,43600320, 내역 2016년 6월
4159013600,41,41590,2016-0,6,53,9438240, 내역 2016년 6월
4122032024,41,41220,2016-0,36,344,78902820, 내역 2016년 6월
4148035027,41,41480,2016-0,24,250,47174880, 내역 2016년 6월
4137012200,41,41370,2016-0,15,378,59775020, 내역 2016년 6월
4180032022,41,41800,2016-0,27,283,61732160, 내역 2016년 6월
4128111000,41,41281,2016-0,6,53,9997000, 내역 2016년 6월
4167033023,41,41670,2016-0,1,43,11011840, 내역 2016년 6월
4155034037,41,41550,2016-0,8,70,14732800, 내역 2016년 6월
4182034021,41,41820,2016-0,9,100,15822020, 내역 2016년 6월
4150036022,41,41500,2016-0,11,156,30300220, 내역 2016년 6월
4165040026,41,41650,2016-0,6,86,11444680, 내역 2016년 6월
4167011100,41,41670,2016-0,13,92,18215060, 내역 2016년 6월
4182033023,41,41820,2016-0,4,163,31888560, 내역 2016년 6월
2817710600,28,28177,2016-0,50,498,87058160, 내역 2016년 6월
4139013300,41,41390,2016-0,10,57,8702260, 내역 2016년 6월
4167025036,41,41670,2016-0,1,9,1236420, 내역 2016년 6월
4159031027,41,41590,2016-0,15,101,21773320, 내역 2016년 6월
2811012100,28,28110,2016-0,2,8,977820, 내역 2016년 6월
4150038028,41,41500,2016-0,4,41,8609880, 내역 2016년 6월
4128110900,41,41281,2016-0,10,74,15696560, 내역 2016년 6월
2872038021,28,28720,2016-0,15,130,27957400, 내역 2016년 6월
4167036035,41,41670,2016-0,12,189,33082440, 내역 2016년 6월
4159012900,41,41590,2016-0,39,1129,292259620, 내역 2016년 6월
4155039030,41,41550,2016-0,7,65,16977660, 내역 2016년 6월
4182025028,41,41820,2016-0,12,121,17903480, 내역 2016년 6월
4182025026,41,41820,2016-0,4,24,5526360, 내역 2016년 6월
4122033027,41,41220,2016-0,14,157,23093780, 내역 2016년 6월
4119710300,41,41197,2016-0,6,89,18553640, 내역 2016년 6월
4167036026,41,41670,2016-0,1,5,749940, 내역 2016년 6월
4180025026,41,41800,2016-0,3,53,7893560, 내역 2016년 6월
4146135029,41,41461,2016-0,13,212,36132380, 내역 2016년 6월
4155034032,41,41550,2016-0,8,123,28574320, 내역 2016년 6월
4155011500,41,41550,2016-0,4,36,4686040, 내역 2016년 6월
4150035034,41,41500,2016-0,2,15,3299240, 내역 2016년 6월
4148025327,41,41480,2016-0,17,121,19696600, 내역 2016년 6월
4155035028,41,41550,2016-0,26,264,47203700, 내역 2016년 6월
2871037026,28,28710,2016-0,2,9,1365700, 내역 2016년 6월
4155035030,41,41550,2016-0,5,29,5153020, 내역 2016년 6월
4155031032,41,41550,2016-0,2,11,1210100, 내역 2016년 6월
4150025021,41,41500,2016-0,14,199,51662220, 내역 2016년 6월
4122031022,41,41220,2016-0,25,731,184695600, 내역 2016년 6월
4148025026,41,41480,2016-0,9,80,14555220, 내역 2016년 6월
4155039025,41,41550,2016-0,11,91,17985180, 내역 2016년 6월
4159033030,41,41590,2016-0,17,314,76469840, 내역 2016년 6월
4146133021,41,41461,2016-0,23,338,77375900, 내역 2016년 6월
2871035021,28,28710,2016-0,6,33,7455200, 내역 2016년 6월
4136036022,41,41360,2016-0,2,24,4100420, 내역 2016년 6월
2871041021,28,28710,2016-0,5,32,6112180, 내역 2016년 6월
4159032022,41,41590,2016-0,3,13,1530840, 내역 2016년 6월
4150037025,41,41500,2016-0,4,94,23068900, 내역 2016년 6월
4159041024,41,41590,2016-0,11,105,22865260, 내역 2016년 6월
4150036028,41,41500,2016-0,15,165,35199480, 내역 2016년 6월
4150031023,41,41500,2016-0,7,68,11692100, 내역 2016년 6월
4136025624,41,41360,2016-0,8,103,22624580, 내역 2016년 6월
4146134027,41,41461,2016-0,4,47,9750520, 내역 2016년 6월
4150033026,41,41500,2016-0,6,90,18954180, 내역 2016년 6월
4182033029,41,41820,2016-0,10,118,21863500, 내역 2016년 6월
4167025038,41,41670,2016-0,2,14,3034320, 내역 2016년 6월
4183041026,41,41830,2016-0,4,22,3897300, 내역 2016년 6월
4167036031,41,41670,2016-0,8,45,5961060, 내역 2016년 6월
4159012500,41,41590,2016-0,38,467,93415760, 내역 2016년 6월
4155011600,41,41550,2016-0,7,43,6551640, 내역 2016년 6월
4119011900,41,41190,2016-0,22,770,131297260, 내역 2016년 6월
4165031028,41,41650,2016-0,31,441,73736500, 내역 2016년 6월
4167010400,41,41670,2016-0,1,5,1198420, 내역 2016년 6월
2811013200,28,28110,2016-0,13,147,31565060, 내역 2016년 6월
4111312700,41,41113,2016-0,34,428,88788200, 내역 2016년 6월
4148025028,41,41480,2016-0,1,8,1314860, 내역 2016년 6월
4167034029,41,41670,2016-0,6,50,9067040, 내역 2016년 6월
4148025623,41,41480,2016-0,18,131,24538360, 내역 2016년 6월
4165039023,41,41650,2016-0,6,169,32189300, 내역 2016년 6월
4150033023,41,41500,2016-0,13,150,38211340, 내역 2016년 6월
4167035028,41,41670,2016-0,2,17,2465220, 내역 2016년 6월
4167036024,41,41670,2016-0,2,22,5260440, 내역 2016년 6월
4128111500,41,41281,2016-0,6,25,3551980, 내역 2016년 6월
4155039023,41,41550,2016-0,1,6,1249720, 내역 2016년 6월
4167034023,41,41670,2016-0,13,273,45536840, 내역 2016년 6월
4150032025,41,41500,2016-0,11,131,23264560, 내역 2016년 6월
4113310700,41,41133,2016-0,63,705,141991980, 내역 2016년 6월
4159034030,41,41590,2016-0,30,311,69710260, 내역 2016년 6월
4155031035,41,41550,2016-0,12,1481,335652180, 내역 2016년 6월
4137010800,41,41370,2016-0,36,342,55671880, 내역 2016년 6월
4146125024,41,41461,2016-0,23,214,41192520, 내역 2016년 6월
4146131028,41,41461,2016-0,35,579,128227000, 내역 2016년 6월
4182034027,41,41820,2016-0,1,34,6406640, 내역 2016년 6월
2811012000,28,28110,2016-0,4,40,7033740, 내역 2016년 6월
2871033022,28,28710,2016-0,4,16,2281180, 내역 2016년 6월
4122034028,41,41220,2016-0,5,37,6736200, 내역 2016년 6월
4159037026,41,41590,2016-0,14,304,70387600, 내역 2016년 6월
4167010900,41,41670,2016-0,18,295,60059900, 내역 2016년 6월
4159034032,41,41590,2016-0,19,239,53316400, 내역 2016년 6월
2871025025,28,28710,2016-0,41,379,53376880, 내역 2016년 6월
4163034023,41,41630,2016-0,37,488,89380300, 내역 2016년 6월
4150011200,41,41500,2016-0,18,167,28097500, 내역 2016년 6월
4155035034,41,41550,2016-0,8,85,17886860, 내역 2016년 6월
4165034021,41,41650,2016-0,25,493,86393400, 내역 2016년 6월
4180025324,41,41800,2016-0,2,10,795760, 내역 2016년 6월
4155032031,41,41550,2016-0,9,134,29635640, 내역 2016년 6월
4148026223,41,41480,2016-0,27,204,37453040, 내역 2016년 6월
4180036022,41,41800,2016-0,6,35,4639820, 내역 2016년 6월
4127110800,41,41271,2016-0,41,808,154449980, 내역 2016년 6월
4182035022,41,41820,2016-0,2,6,598920, 내역 2016년 6월
4180034026,41,41800,2016-0,1,6,984760, 내역 2016년 6월
4167025021,41,41670,2016-0,13,230,53774280, 내역 2016년 6월
4159034031,41,41590,2016-0,6,42,8557560, 내역 2016년 6월
4148037025,41,41480,2016-0,4,55,8362000, 내역 2016년 6월
4167012200,41,41670,2016-0,24,292,52393820, 내역 2016년 6월
4159037030,41,41590,2016-0,18,246,57201680, 내역 2016년 6월
4167038025,41,41670,2016-0,1,31,8360960, 내역 2016년 6월
4150032022,41,41500,2016-0,5,95,17323680, 내역 2016년 6월
2824511100,28,28245,2016-0,14,107,20587320, 내역 2016년 6월
4182034528,41,41820,2016-0,1,8,2165820, 내역 2016년 6월
4139012200,41,41390,2016-0,13,118,22414280, 내역 2016년 6월
2811014800,28,28110,2016-0,32,337,59439780, 내역 2016년 6월
4165038022,41,41650,2016-0,7,195,37851940, 내역 2016년 6월
4155011200,41,41550,2016-0,1,5,614760, 내역 2016년 6월
4165031027,41,41650,2016-0,10,103,20790320, 내역 2016년 6월
4167011800,41,41670,2016-0,11,127,24885800, 내역 2016년 6월
4119910100,41,41199,2016-0,14,356,91020500, 내역 2016년 6월
4143010600,41,41430,2016-0,8,57,10876700, 내역 2016년 6월
2824510800,28,28245,2016-0,11,101,19813840, 내역 2016년 6월
4150033025,41,41500,2016-0,43,623,135525900, 내역 2016년 6월
4163011400,41,41630,2016-0,35,334,86843980, 내역 2016년 6월
4167034033,41,41670,2016-0,9,94,22084840, 내역 2016년 6월
4183032025,41,41830,2016-0,1,3,684900, 내역 2016년 6월
2811012900,28,28110,2016-0,6,39,8433580, 내역 2016년 6월
4150025323,41,41500,2016-0,22,352,79726320, 내역 2016년 6월
2871032021,28,28710,2016-0,22,185,40035220, 내역 2016년 6월
4146125322,41,41461,2016-0,13,172,48099200, 내역 2016년 6월
4146135025,41,41461,2016-0,7,89,18411040, 내역 2016년 6월
2824512200,28,28245,2016-0,4,47,8182000, 내역 2016년 6월
4159031024,41,41590,2016-0,8,126,23194900, 내역 2016년 6월
2824512000,28,28245,2016-0,5,70,14388820, 내역 2016년 6월
4165033028,41,41650,2016-0,23,368,75761320, 내역 2016년 6월
4146133023,41,41461,2016-0,29,320,72996940, 내역 2016년 6월
4159042033,41,41590,2016-0,60,729,166596180, 내역 2016년 6월
2826011600,28,28260,2016-0,3,27,4721700, 내역 2016년 6월
2820010800,28,28200,2016-0,45,487,93794520, 내역 2016년 6월
4159025335,41,41590,2016-0,15,153,37258100, 내역 2016년 6월
4150025025,41,41500,2016-0,8,45,8057640, 내역 2016년 6월
4167033021,41,41670,2016-0,11,111,24095420, 내역 2016년 6월
4167037021,41,41670,2016-0,18,238,44586920, 내역 2016년 6월
2871031026,28,28710,2016-0,8,126,16675080, 내역 2016년 6월
4161036022,41,41610,2016-0,2,26,4548280, 내역 2016년 6월
4167011200,41,41670,2016-0,23,273,55184600, 내역 2016년 6월
4137011600,41,41370,2016-0,29,371,59972260, 내역 2016년 6월
4148025025,41,41480,2016-0,8,176,33347680, 내역 2016년 6월
4150025328,41,41500,2016-0,21,224,38365360, 내역 2016년 6월
1144011600,11,11440,2016-0,1,3,621520, 내역 2016년 6월
2811010100,28,28110,2016-0,8,52,6559600, 내역 2016년 6월
4167036021,41,41670,2016-0,5,71,16856420, 내역 2016년 6월
4155013200,41,41550,2016-0,3,70,12172240, 내역 2016년 6월
4150032028,41,41500,2016-0,29,425,90856320, 내역 2016년 6월
4146125624,41,41461,2016-0,3,38,9874160, 내역 2016년 6월
4182032526,41,41820,2016-0,3,48,10570560, 내역 2016년 6월
2871025021,28,28710,2016-0,11,234,50177940, 내역 2016년 6월
4150031026,41,41500,2016-0,18,252,46334120, 내역 2016년 6월
4167035038,41,41670,2016-0,1,35,5564400, 내역 2016년 6월
4150035029,41,41500,2016-0,8,82,17642020, 내역 2016년 6월
4159025631,41,41590,2016-0,33,732,156471580, 내역 2016년 6월
1111010300,11,11110,2016-0,3,58,10149720, 내역 2016년 6월
4146125327,41,41461,2016-0,6,85,19163840, 내역 2016년 6월
4167011600,41,41670,2016-0,4,23,2753660, 내역 2016년 6월
4137012100,41,41370,2016-0,9,81,13554940, 내역 2016년 6월
4111513600,41,41115,2016-0,45,897,139645360, 내역 2016년 6월
4167032028,41,41670,2016-0,5,33,7517600, 내역 2016년 6월
4137010500,41,41370,2016-0,27,548,87147080, 내역 2016년 6월
4148037024,41,41480,2016-0,6,73,12054760, 내역 2016년 6월
4167025028,41,41670,2016-0,14,498,112554780, 내역 2016년 6월
4128111600,41,41281,2016-0,28,228,36711960, 내역 2016년 6월
4155011700,41,41550,2016-0,8,227,50008800, 내역 2016년 6월
2824511600,28,28245,2016-0,8,50,9839300, 내역 2016년 6월
4128113200,41,41281,2016-0,3,21,4732580, 내역 2016년 6월
4159025626,41,41590,2016-0,12,139,31144700, 내역 2016년 6월
4165032024,41,41650,2016-0,20,166,28871480, 내역 2016년 6월
4155036027,41,41550,2016-0,9,95,21427060, 내역 2016년 6월
1129011300,11,11290,2016-0,14,148,24066960, 내역 2016년 6월
4165037025,41,41650,2016-0,8,120,21552120, 내역 2016년 6월
4148032024,41,41480,2016-0,21,193,43069340, 내역 2016년 6월
4165025023,41,41650,2016-0,11,77,13428200, 내역 2016년 6월
4122033025,41,41220,2016-0,11,434,127478880, 내역 2016년 6월
2824512300,28,28245,2016-0,18,170,27603740, 내역 2016년 6월
4161034029,41,41610,2016-0,3,21,4827540, 내역 2016년 6월
4155040030,41,41550,2016-0,19,511,113875260, 내역 2016년 6월
2811013900,28,28110,2016-0,2,10,1586420, 내역 2016년 6월
4167036027,41,41670,2016-0,1,5,538460, 내역 2016년 6월
4148039024,41,41480,2016-0,1,4,460420, 내역 2016년 6월
4155034026,41,41550,2016-0,4,269,46537920, 내역 2016년 6월
4155031027,41,41550,2016-0,7,67,16089520, 내역 2016년 6월
4155036026,41,41550,2016-0,9,72,18068360, 내역 2016년 6월
4122031028,41,41220,2016-0,9,76,15221880, 내역 2016년 6월
4182034024,41,41820,2016-0,2,43,6721780, 내역 2016년 6월
4183036025,41,41830,2016-0,8,161,39653200, 내역 2016년 6월
4182032524,41,41820,2016-0,13,91,13607360, 내역 2016년 6월
4165036026,41,41650,2016-0,13,183,41334080, 내역 2016년 6월
4159025928,41,41590,2016-0,6,50,6998780, 내역 2016년 6월
4180032024,41,41800,2016-0,7,71,13525960, 내역 2016년 6월
2871025027,28,28710,2016-0,7,45,8615860, 내역 2016년 6월
4159010700,41,41590,2016-0,1,4,616660, 내역 2016년 6월
4159041023,41,41590,2016-0,38,496,85052000, 내역 2016년 6월
4165036024,41,41650,2016-0,10,82,20279100, 내역 2016년 6월
4167035034,41,41670,2016-0,7,50,7568800, 내역 2016년 6월
4183032021,41,41830,2016-0,4,23,3466960, 내역 2016년 6월
4159025931,41,41590,2016-0,27,464,105216560, 내역 2016년 6월
4150025024,41,41500,2016-0,3,58,14726480, 내역 2016년 6월
4150036025,41,41500,2016-0,11,124,21767240, 내역 2016년 6월
4125011100,41,41250,2016-0,11,267,50972260, 내역 2016년 6월
4183039530,41,41830,2016-0,4,29,3377060, 내역 2016년 6월
4165025027,41,41650,2016-0,27,320,59532540, 내역 2016년 6월
4161032023,41,41610,2016-0,1,7,1247560, 내역 2016년 6월
4148025630,41,41480,2016-0,16,317,64332220, 내역 2016년 6월
2824511400,28,28245,2016-0,16,122,24801760, 내역 2016년 6월
4180025328,41,41800,2016-0,6,78,17517980, 내역 2016년 6월
4159036023,41,41590,2016-0,21,247,50209520, 내역 2016년 6월
4122025924,41,41220,2016-0,23,196,39419960, 내역 2016년 6월
4155031029,41,41550,2016-0,12,133,29197980, 내역 2016년 6월
4167031025,41,41670,2016-0,4,95,12398200, 내역 2016년 6월
4167032026,41,41670,2016-0,5,47,10143400, 내역 2016년 6월
1111014500,11,11110,2016-0,2,19,3174980, 내역 2016년 6월
4136031024,41,41360,2016-0,1,7,1103820, 내역 2016년 6월
4183031024,41,41830,2016-0,6,63,10714020, 내역 2016년 6월
1117010300,11,11170,2016-0,2,9,2266920, 내역 2016년 6월
4180033024,41,41800,2016-0,2,44,13237380, 내역 2016년 6월
4159031023,41,41590,2016-0,11,87,13202360, 내역 2016년 6월
1111014200,11,11110,2016-0,11,141,26368380, 내역 2016년 6월
4122011500,41,41220,2016-0,8,91,22058460, 내역 2016년 6월
4146134031,41,41461,2016-0,6,75,18240800, 내역 2016년 6월
4122031032,41,41220,2016-0,10,628,198398000, 내역 2016년 6월
4122025022,41,41220,2016-0,20,184,36446560, 내역 2016년 6월
2871032028,28,28710,2016-0,6,128,23960080, 내역 2016년 6월
4122025629,41,41220,2016-0,24,348,72250320, 내역 2016년 6월
4122037025,41,41220,2016-0,5,42,7064220, 내역 2016년 6월
4122034021,41,41220,2016-0,15,107,20068420, 내역 2016년 6월
4122025028,41,41220,2016-0,4,39,7673640, 내역 2016년 6월
4136034024,41,41360,2016-0,5,200,43771520, 내역 2016년 6월
4182025023,41,41820,2016-0,5,52,10754620, 내역 2016년 6월
4183039529,41,41830,2016-0,4,77,14912480, 내역 2016년 6월
4146125025,41,41461,2016-0,23,175,31816340, 내역 2016년 6월
4119710500,41,41197,2016-0,7,66,10691640, 내역 2016년 6월
4122025625,41,41220,2016-0,14,114,24629360, 내역 2016년 6월
2811011600,28,28110,2016-0,2,67,16414900, 내역 2016년 6월
4122036026,41,41220,2016-0,1,4,843920, 내역 2016년 6월
2871033023,28,28710,2016-0,1,7,1293560, 내역 2016년 6월
4155036029,41,41550,2016-0,11,134,33185000, 내역 2016년 6월
4155012100,41,41550,2016-0,10,181,49125860, 내역 2016년 6월
2811011900,28,28110,2016-0,3,33,6892580, 내역 2016년 6월
4111513400,41,41115,2016-0,35,697,110224700, 내역 2016년 6월
4122025027,41,41220,2016-0,8,60,11192000, 내역 2016년 6월
4182035021,41,41820,2016-0,5,145,20440120, 내역 2016년 6월
4183032023,41,41830,2016-0,2,9,1105980, 내역 2016년 6월
4150031022,41,41500,2016-0,13,348,65949980, 내역 2016년 6월
4180025326,41,41800,2016-0,8,72,16342240, 내역 2016년 6월
4163010100,41,41630,2016-0,13,118,17892400, 내역 2016년 6월
4150036029,41,41500,2016-0,5,273,69818560, 내역 2016년 6월
4148037023,41,41480,2016-0,2,9,2174300, 내역 2016년 6월
4180025027,41,41800,2016-0,8,63,10954660, 내역 2016년 6월
2872033025,28,28720,2016-0,1,3,462960, 내역 2016년 6월
4167025033,41,41670,2016-0,5,48,10923560, 내역 2016년 6월
4119510100,41,41195,2016-0,7,43,12742340, 내역 2016년 6월
4161034022,41,41610,2016-0,9,84,13238880, 내역 2016년 6월
4122037031,41,41220,2016-0,2,8,1777020, 내역 2016년 6월
4122033022,41,41220,2016-0,20,133,24804540, 내역 2016년 6월
4183035028,41,41830,2016-0,4,42,6900420, 내역 2016년 6월
4155039028,41,41550,2016-0,9,185,51114840, 내역 2016년 6월
4180032021,41,41800,2016-0,18,288,45554980, 내역 2016년 6월
4155041029,41,41550,2016-0,6,217,57826240, 내역 2016년 6월
4183041021,41,41830,2016-0,5,75,14921880, 내역 2016년 6월
4183041024,41,41830,2016-0,2,14,2051160, 내역 2016년 6월
4159025022,41,41590,2016-0,1,5,1133820, 내역 2016년 6월
4122034024,41,41220,2016-0,11,146,45372300, 내역 2016년 6월
4155031030,41,41550,2016-0,4,23,4264840, 내역 2016년 6월
4159025941,41,41590,2016-0,18,218,39582700, 내역 2016년 6월
4148038021,41,41480,2016-0,2,11,1429000, 내역 2016년 6월
4182034025,41,41820,2016-0,2,17,3859680, 내역 2016년 6월
4167031024,41,41670,2016-0,3,50,12501380, 내역 2016년 6월
4159025322,41,41590,2016-0,1,3,355500, 내역 2016년 6월
4119910500,41,41199,2016-0,3,41,8529900, 내역 2016년 6월
4150032021,41,41500,2016-0,8,173,31941700, 내역 2016년 6월
4150034031,41,41500,2016-0,13,285,50182960, 내역 2016년 6월
4150037031,41,41500,2016-0,10,132,33827960, 내역 2016년 6월
4182033022,41,41820,2016-0,3,69,13712400, 내역 2016년 6월
2871032026,28,28710,2016-0,9,50,7923160, 내역 2016년 6월
4119510300,41,41195,2016-0,15,265,52580880, 내역 2016년 6월
4155010400,41,41550,2016-0,8,76,12717160, 내역 2016년 6월
4148032025,41,41480,2016-0,15,434,95486880, 내역 2016년 6월
4146132025,41,41461,2016-0,14,275,53721660, 내역 2016년 6월
4159025336,41,41590,2016-0,17,190,38171840, 내역 2016년 6월
4122025021,41,41220,2016-0,29,358,96532100, 내역 2016년 6월
4167036023,41,41670,2016-0,11,188,45553540, 내역 2016년 6월
4157035026,41,41570,2016-0,2,6,1036960, 내역 2016년 6월
4155035029,41,41550,2016-0,8,127,25932960, 내역 2016년 6월
4159034022,41,41590,2016-0,8,68,15421200, 내역 2016년 6월
4146134023,41,41461,2016-0,16,496,121248180, 내역 2016년 6월
4146110900,41,41461,2016-0,2,40,9714060, 내역 2016년 6월
1111017900,11,11110,2016-0,3,13,2584960, 내역 2016년 6월
4165038021,41,41650,2016-0,6,117,23068620, 내역 2016년 6월
4122025927,41,41220,2016-0,27,352,76518700, 내역 2016년 6월
2811014400,28,28110,2016-0,4,45,5659040, 내역 2016년 6월
4182031035,41,41820,2016-0,3,100,21778420, 내역 2016년 6월
4139011700,41,41390,2016-0,4,29,6225220, 내역 2016년 6월
4150025023,41,41500,2016-0,15,215,43977120, 내역 2016년 6월
4155012000,41,41550,2016-0,7,88,18334160, 내역 2016년 6월
4155031026,41,41550,2016-0,11,273,70156380, 내역 2016년 6월
4180032025,41,41800,2016-0,5,73,8817580, 내역 2016년 6월
2871039024,28,28710,2016-0,1,58,9981400, 내역 2016년 6월
4183036023,41,41830,2016-0,6,36,4225260, 내역 2016년 6월
4150036023,41,41500,2016-0,1,23,5304860, 내역 2016년 6월
4167011300,41,41670,2016-0,6,135,30894260, 내역 2016년 6월
4167025027,41,41670,2016-0,14,266,62619960, 내역 2016년 6월
1114016900,11,11140,2016-0,8,71,11362640, 내역 2016년 6월
2811011500,28,28110,2016-0,3,99,14845040, 내역 2016년 6월
4111512500,41,41115,2016-0,21,183,21900080, 내역 2016년 6월
4146132029,41,41461,2016-0,12,392,82512300, 내역 2016년 6월
1165010400,11,11650,2016-0,7,68,12105960, 내역 2016년 6월
4159026225,41,41590,2016-0,16,131,32809340, 내역 2016년 6월
4163025027,41,41630,2016-0,6,73,12315560, 내역 2016년 6월
2872035022,28,28720,2016-0,7,58,7528020, 내역 2016년 6월
2872036022,28,28720,2016-0,26,228,41933040, 내역 2016년 6월
4165039025,41,41650,2016-0,2,10,2185520, 내역 2016년 6월
4150025324,41,41500,2016-0,16,656,202847460, 내역 2016년 6월
4155025028,41,41550,2016-0,1,9,1818600, 내역 2016년 6월
4155039035,41,41550,2016-0,6,134,29454600, 내역 2016년 6월
4161036028,41,41610,2016-0,1,3,473020, 내역 2016년 6월
4159025625,41,41590,2016-0,12,354,96580660, 내역 2016년 6월
4167031028,41,41670,2016-0,2,10,1545920, 내역 2016년 6월
2872034021,28,28720,2016-0,10,67,10645040, 내역 2016년 6월
4136036023,41,41360,2016-0,3,43,7380940, 내역 2016년 6월
4146135026,41,41461,2016-0,10,91,16571420, 내역 2016년 6월
4136034022,41,41360,2016-0,8,125,21582780, 내역 2016년 6월
4137011800,41,41370,2016-0,6,190,34944180, 내역 2016년 6월
4155041022,41,41550,2016-0,3,30,4305480, 내역 2016년 6월
4122037024,41,41220,2016-0,4,33,7311620, 내역 2016년 6월
4167038027,41,41670,2016-0,1,5,1070800, 내역 2016년 6월
1117011600,11,11170,2016-0,4,39,7379040, 내역 2016년 6월
4167038023,41,41670,2016-0,1,8,1778560, 내역 2016년 6월
4150036031,41,41500,2016-0,7,339,76358280, 내역 2016년 6월
4150025327,41,41500,2016-0,5,159,28381880, 내역 2016년 6월
4155042022,41,41550,2016-0,8,123,27140380, 내역 2016년 6월
4183034021,41,41830,2016-0,9,98,15372900, 내역 2016년 6월
2817010600,28,28170,2016-0,7,97,15784440, 내역 2016년 6월
4167031034,41,41670,2016-0,2,7,1449900, 내역 2016년 6월
2871032027,28,28710,2016-0,5,86,15925000, 내역 2016년 6월
4113111000,41,41131,2016-0,10,68,13543040, 내역 2016년 6월
4161025621,41,41610,2016-0,1,5,1088700, 내역 2016년 6월
4150031024,41,41500,2016-0,3,44,8713360, 내역 2016년 6월
4127311500,41,41273,2016-0,23,259,41554200, 내역 2016년 6월
4115011200,41,41150,2016-0,9,75,14601860, 내역 2016년 6월
4122025039,41,41220,2016-0,4,48,10071500, 내역 2016년 6월
2811013000,28,28110,2016-0,4,26,6020400, 내역 2016년 6월
4113310800,41,41133,2016-0,14,283,50790840, 내역 2016년 6월
4161034021,41,41610,2016-0,4,56,14474740, 내역 2016년 6월
4155042026,41,41550,2016-0,6,68,14422940, 내역 2016년 6월
1117012000,11,11170,2016-0,5,25,4559860, 내역 2016년 6월
2872031024,28,28720,2016-0,5,74,16225240, 내역 2016년 6월
4183037029,41,41830,2016-0,4,28,3733860, 내역 2016년 6월
4159025923,41,41590,2016-0,6,71,11817560, 내역 2016년 6월
4157036023,41,41570,2016-0,5,49,9344680, 내역 2016년 6월
4150025033,41,41500,2016-0,5,77,13399460, 내역 2016년 6월
4159025323,41,41590,2016-0,48,549,125306880, 내역 2016년 6월
4155025022,41,41550,2016-0,8,137,27494640, 내역 2016년 6월
4137011700,41,41370,2016-0,8,114,18843340, 내역 2016년 6월
4167037028,41,41670,2016-0,4,94,20875760, 내역 2016년 6월
4148025936,41,41480,2016-0,1,6,1235400, 내역 2016년 6월
4150033027,41,41500,2016-0,3,20,4105920, 내역 2016년 6월
4155010300,41,41550,2016-0,7,34,5037140, 내역 2016년 6월
2871035022,28,28710,2016-0,1,8,1213020, 내역 2016년 6월
4167036025,41,41670,2016-0,5,26,5065940, 내역 2016년 6월
4119710400,41,41197,2016-0,6,179,19942120, 내역 2016년 6월
4155034031,41,41550,2016-0,12,232,44092940, 내역 2016년 6월
4122025037,41,41220,2016-0,2,6,830600, 내역 2016년 6월
4182031022,41,41820,2016-0,7,52,7928660, 내역 2016년 6월
4183033029,41,41830,2016-0,12,127,22695860, 내역 2016년 6월
4155031034,41,41550,2016-0,2,7,1646260, 내역 2016년 6월
2871032022,28,28710,2016-0,2,51,8974500, 내역 2016년 6월
4159026229,41,41590,2016-0,9,46,10487400, 내역 2016년 6월
4146134026,41,41461,2016-0,8,72,10766740, 내역 2016년 6월
2811014900,28,28110,2016-0,8,153,25393760, 내역 2016년 6월
4183025030,41,41830,2016-0,2,20,2844600, 내역 2016년 6월
4155039031,41,41550,2016-0,9,59,12986700, 내역 2016년 6월
4183040029,41,41830,2016-0,2,46,7218100, 내역 2016년 6월
4150025028,41,41500,2016-0,9,95,18792280, 내역 2016년 6월
4148036023,41,41480,2016-0,4,25,4765260, 내역 2016년 6월
4167031032,41,41670,2016-0,1,9,1551000, 내역 2016년 6월
4146125622,41,41461,2016-0,2,12,2598460, 내역 2016년 6월
4165039024,41,41650,2016-0,8,78,15911960, 내역 2016년 6월
4159010100,41,41590,2016-0,9,42,8573420, 내역 2016년 6월
4159025333,41,41590,2016-0,17,159,32562800, 내역 2016년 6월
4155013300,41,41550,2016-0,8,99,18758520, 내역 2016년 6월
4180031026,41,41800,2016-0,7,43,5701700, 내역 2016년 6월
4150038026,41,41500,2016-0,3,49,7736840, 내역 2016년 6월
4122025024,41,41220,2016-0,8,140,27794940, 내역 2016년 6월
4146125623,41,41461,2016-0,4,28,6296880, 내역 2016년 6월
4182031023,41,41820,2016-0,7,69,12010520, 내역 2016년 6월
4155011400,41,41550,2016-0,12,120,21732080, 내역 2016년 6월
4183041025,41,41830,2016-0,2,108,20824740, 내역 2016년 6월
4155040026,41,41550,2016-0,19,329,70503340, 내역 2016년 6월
2871031027,28,28710,2016-0,12,189,39643860, 내역 2016년 6월
4136025023,41,41360,2016-0,17,147,27250440, 내역 2016년 6월
2811013500,28,28110,2016-0,7,214,22475520, 내역 2016년 6월
4137010700,41,41370,2016-0,20,206,37481220, 내역 2016년 6월
2811010900,28,28110,2016-0,18,300,64561720, 내역 2016년 6월
4163032029,41,41630,2016-0,18,271,51290680, 내역 2016년 6월
4122035030,41,41220,2016-0,1,155,41950040, 내역 2016년 6월
4180025029,41,41800,2016-0,7,39,10487080, 내역 2016년 6월
4159042031,41,41590,2016-0,6,827,234428500, 내역 2016년 6월
4163010400,41,41630,2016-0,7,45,5882640, 내역 2016년 6월
4165040024,41,41650,2016-0,5,79,16805020, 내역 2016년 6월
4150031033,41,41500,2016-0,5,157,36624220, 내역 2016년 6월
4119710100,41,41197,2016-0,3,32,4517800, 내역 2016년 6월
4155039032,41,41550,2016-0,8,43,8416820, 내역 2016년 6월
4159025623,41,41590,2016-0,9,137,28776140, 내역 2016년 6월
4139012300,41,41390,2016-0,21,143,33585100, 내역 2016년 6월
4183040028,41,41830,2016-0,1,6,555280, 내역 2016년 6월
4136031022,41,41360,2016-0,13,78,14054020, 내역 2016년 6월
4167033022,41,41670,2016-0,3,53,11574440, 내역 2016년 6월
4119510600,41,41195,2016-0,2,8,1300300, 내역 2016년 6월
4155031033,41,41550,2016-0,8,121,22221920, 내역 2016년 6월
4161034024,41,41610,2016-0,2,8,1450700, 내역 2016년 6월
2824512100,28,28245,2016-0,1,4,700440, 내역 2016년 6월
4146125321,41,41461,2016-0,9,48,8691640, 내역 2016년 6월
2871032023,28,28710,2016-0,1,4,421460, 내역 2016년 6월
4180034025,41,41800,2016-0,1,47,8623340, 내역 2016년 6월
4167035022,41,41670,2016-0,2,16,2720580, 내역 2016년 6월
4150037028,41,41500,2016-0,7,70,13320040, 내역 2016년 6월
4122025031,41,41220,2016-0,9,113,25964720, 내역 2016년 6월
4159013300,41,41590,2016-0,4,228,55450300, 내역 2016년 6월
2871041025,28,28710,2016-0,3,23,3421380, 내역 2016년 6월
4167031023,41,41670,2016-0,9,110,23583740, 내역 2016년 6월
4155011900,41,41550,2016-0,13,90,19562540, 내역 2016년 6월
4165037024,41,41650,2016-0,6,131,33291680, 내역 2016년 6월
4150034032,41,41500,2016-0,10,470,94996080, 내역 2016년 6월
2811010600,28,28110,2016-0,4,68,16118760, 내역 2016년 6월
2871033026,28,28710,2016-0,9,71,16432400, 내역 2016년 6월
4180033023,41,41800,2016-0,14,184,40688420, 내역 2016년 6월
4167031027,41,41670,2016-0,6,157,16411740, 내역 2016년 6월
2811014200,28,28110,2016-0,1,3,254140, 내역 2016년 6월
4182035026,41,41820,2016-0,1,25,3854560, 내역 2016년 6월
4146132030,41,41461,2016-0,14,131,33490660, 내역 2016년 6월
4183037027,41,41830,2016-0,2,37,5394200, 내역 2016년 6월
4163034026,41,41630,2016-0,9,60,10769160, 내역 2016년 6월
2871039022,28,28710,2016-0,4,30,8554680, 내역 2016년 6월
2811013700,28,28110,2016-0,13,176,27604060, 내역 2016년 6월
4150032030,41,41500,2016-0,4,217,45452840, 내역 2016년 6월
4119910400,41,41199,2016-0,4,38,8803820, 내역 2016년 6월
4146125626,41,41461,2016-0,2,74,16146000, 내역 2016년 6월
4167025023,41,41670,2016-0,14,178,34959100, 내역 2016년 6월
4125010900,41,41250,2016-0,19,1248,269521320, 내역 2016년 6월
4122037029,41,41220,2016-0,7,117,39610880, 내역 2016년 6월
4155033033,41,41550,2016-0,2,50,8397500, 내역 2016년 6월
4182034023,41,41820,2016-0,7,348,76642260, 내역 2016년 6월
4183038024,41,41830,2016-0,4,114,27143900, 내역 2016년 6월
4155040022,41,41550,2016-0,8,79,17388100, 내역 2016년 6월
4155041021,41,41550,2016-0,2,32,8940240, 내역 2016년 6월
4155036028,41,41550,2016-0,15,164,39046660, 내역 2016년 6월
4150032029,41,41500,2016-0,1,12,2349500, 내역 2016년 6월
4167032025,41,41670,2016-0,3,15,2969940, 내역 2016년 6월
4155033028,41,41550,2016-0,10,105,22733540, 내역 2016년 6월
2871031021,28,28710,2016-0,5,66,15202680, 내역 2016년 6월
4167035033,41,41670,2016-0,4,30,7464040, 내역 2016년 6월
2872036023,28,28720,2016-0,3,26,5693880, 내역 2016년 6월
4180035021,41,41800,2016-0,3,18,3866020, 내역 2016년 6월
4125010800,41,41250,2016-0,4,44,10131920, 내역 2016년 6월
4122034029,41,41220,2016-0,4,37,8617620, 내역 2016년 6월
4111313000,41,41113,2016-0,7,168,23425260, 내역 2016년 6월
4111512100,41,41115,2016-0,9,114,20973040, 내역 2016년 6월
4159035031,41,41590,2016-0,6,115,23231260, 내역 2016년 6월
4137012300,41,41370,2016-0,9,71,14036780, 내역 2016년 6월
4159035032,41,41590,2016-0,6,215,60595680, 내역 2016년 6월
2817010900,28,28170,2016-0,2,15,3604780, 내역 2016년 6월
4150032027,41,41500,2016-0,4,34,6837120, 내역 2016년 6월
4167011000,41,41670,2016-0,5,964,157868820, 내역 2016년 6월
4157010800,41,41570,2016-0,30,289,71347260, 내역 2016년 6월
4183040023,41,41830,2016-0,5,50,8038220, 내역 2016년 6월
4182031029,41,41820,2016-0,4,50,9660200, 내역 2016년 6월
4155034025,41,41550,2016-0,2,44,6718300, 내역 2016년 6월
4146134032,41,41461,2016-0,5,59,9226580, 내역 2016년 6월
4137011900,41,41370,2016-0,1,7,1437560, 내역 2016년 6월
4125010400,41,41250,2016-0,15,355,71411080, 내역 2016년 6월
4183040033,41,41830,2016-0,3,14,2139280, 내역 2016년 6월
4155039021,41,41550,2016-0,8,191,44421280, 내역 2016년 6월
4182032525,41,41820,2016-0,1,3,289340, 내역 2016년 6월
4182032527,41,41820,2016-0,6,54,10257000, 내역 2016년 6월
2811010200,28,28110,2016-0,5,29,5093120, 내역 2016년 6월
2811010300,28,28110,2016-0,11,58,10307200, 내역 2016년 6월
4143011100,41,41430,2016-0,4,49,9593880, 내역 2016년 6월
4167031035,41,41670,2016-0,9,124,26787640, 내역 2016년 6월
2871034025,28,28710,2016-0,1,3,124920, 내역 2016년 6월
4183031022,41,41830,2016-0,7,81,17795900, 내역 2016년 6월
4150025325,41,41500,2016-0,3,17,2347780, 내역 2016년 6월
4163034024,41,41630,2016-0,6,132,23163140, 내역 2016년 6월
4167032021,41,41670,2016-0,1,6,1776860, 내역 2016년 6월
4183039524,41,41830,2016-0,2,10,1455340, 내역 2016년 6월
4182035024,41,41820,2016-0,2,50,10395620, 내역 2016년 6월
4167038022,41,41670,2016-0,4,30,6764500, 내역 2016년 6월
2872031021,28,28720,2016-0,4,23,3387460, 내역 2016년 6월
4161025630,41,41610,2016-0,1,6,1013740, 내역 2016년 6월
4155032027,41,41550,2016-0,1,34,6211340, 내역 2016년 6월
4163032023,41,41630,2016-0,3,35,7256600, 내역 2016년 6월
4167037024,41,41670,2016-0,8,442,85507020, 내역 2016년 6월
4115010800,41,41150,2016-0,5,60,10621700, 내역 2016년 6월
4182025030,41,41820,2016-0,4,85,28685080, 내역 2016년 6월
4161037021,41,41610,2016-0,2,14,3706520, 내역 2016년 6월
4155036033,41,41550,2016-0,5,85,21406820, 내역 2016년 6월
2871040021,28,28710,2016-0,4,37,7442240, 내역 2016년 6월
2811013100,28,28110,2016-0,5,286,69252420, 내역 2016년 6월
4155034030,41,41550,2016-0,1,31,9865360, 내역 2016년 6월
4159034026,41,41590,2016-0,10,111,25309020, 내역 2016년 6월
2811010400,28,28110,2016-0,3,31,7644500, 내역 2016년 6월
2811010700,28,28110,2016-0,2,14,2734260, 내역 2016년 6월
4159025621,41,41590,2016-0,7,55,12736160, 내역 2016년 6월
2811011000,28,28110,2016-0,2,27,6017120, 내역 2016년 6월
2811010800,28,28110,2016-0,1,3,484640, 내역 2016년 6월
2817010300,28,28170,2016-0,6,230,51136180, 내역 2016년 6월
4146125026,41,41461,2016-0,4,161,35180300, 내역 2016년 6월
2817010800,28,28170,2016-0,2,113,18162380, 내역 2016년 6월
4146134029,41,41461,2016-0,5,62,13923920, 내역 2016년 6월
2817010200,28,28170,2016-0,16,80,17662160, 내역 2016년 6월
2872033023,28,28720,2016-0,8,75,17850680, 내역 2016년 6월
2814010400,28,28140,2016-0,5,66,7750840, 내역 2016년 6월
4167036032,41,41670,2016-0,2,254,70275260, 내역 2016년 6월
2871034022,28,28710,2016-0,7,42,9220340, 내역 2016년 6월
4157036025,41,41570,2016-0,7,122,27404220, 내역 2016년 6월
2817010100,28,28170,2016-0,5,68,12146320, 내역 2016년 6월
4161032036,41,41610,2016-0,2,123,37497620, 내역 2016년 6월
2872031022,28,28720,2016-0,4,27,3308620, 내역 2016년 6월
2817010500,28,28170,2016-0,10,84,21713080, 내역 2016년 6월
4167012000,41,41670,2016-0,17,240,42119020, 내역 2016년 6월
2871039021,28,28710,2016-0,3,21,4857600, 내역 2016년 6월
4167025024,41,41670,2016-0,6,91,17649840, 내역 2016년 6월
2811011300,28,28110,2016-0,1,3,479940, 내역 2016년 6월
2871040026,28,28710,2016-0,1,5,736260, 내역 2016년 6월
2871040028,28,28710,2016-0,2,9,1213440, 내역 2016년 6월
2871037021,28,28710,2016-0,3,48,12699640, 내역 2016년 6월
4122025036,41,41220,2016-0,2,11,2161660, 내역 2016년 6월
2871025029,28,28710,2016-0,1,10,1226740, 내역 2016년 6월
4146132027,41,41461,2016-0,7,141,29356680, 내역 2016년 6월
4161037024,41,41610,2016-0,6,52,11250080, 내역 2016년 6월
4182025025,41,41820,2016-0,13,105,17903560, 내역 2016년 6월
4155036034,41,41550,2016-0,2,9,1133620, 내역 2016년 6월
4148025024,41,41480,2016-0,2,73,4310440, 내역 2016년 6월
4165025025,41,41650,2016-0,4,212,29666300, 내역 2016년 6월
4165034030,41,41650,2016-0,1,33,7927720, 내역 2016년 6월
4183039521,41,41830,2016-0,6,95,22524520, 내역 2016년 6월
4119510700,41,41195,2016-0,9,552,74323840, 내역 2016년 6월
4148025629,41,41480,2016-0,10,81,17234440, 내역 2016년 6월
4165037026,41,41650,2016-0,6,58,11918640, 내역 2016년 6월
4155013000,41,41550,2016-0,4,610,164866680, 내역 2016년 6월
4167032022,41,41670,2016-0,3,25,4350440, 내역 2016년 6월
4148036024,41,41480,2016-0,8,71,12191800, 내역 2016년 6월
4183033031,41,41830,2016-0,4,22,4430420, 내역 2016년 6월
2811012400,28,28110,2016-0,4,30,6217520, 내역 2016년 6월
4155011100,41,41550,2016-0,1,4,726000, 내역 2016년 6월
4111512000,41,41115,2016-0,2,17,4881720, 내역 2016년 6월
4155033024,41,41550,2016-0,4,82,19333920, 내역 2016년 6월
4161037025,41,41610,2016-0,2,233,57690360, 내역 2016년 6월
4157032026,41,41570,2016-0,1,14,2066080, 내역 2016년 6월
4183039528,41,41830,2016-0,2,33,6062940, 내역 2016년 6월
4159010300,41,41590,2016-0,1,12,2959440, 내역 2016년 6월
4180038021,41,41800,2016-0,4,94,21098360, 내역 2016년 6월
4111513000,41,41115,2016-0,10,84,13813780, 내역 2016년 6월
4155042023,41,41550,2016-0,8,127,28621680, 내역 2016년 6월
4183039523,41,41830,2016-0,4,63,11708100, 내역 2016년 6월
4183025029,41,41830,2016-0,2,29,4631240, 내역 2016년 6월
4183032022,41,41830,2016-0,3,11,1427660, 내역 2016년 6월
4155033025,41,41550,2016-0,4,19,3461700, 내역 2016년 6월
4183031026,41,41830,2016-0,2,14,2259660, 내역 2016년 6월
4155012900,41,41550,2016-0,9,364,94613500, 내역 2016년 6월
4180025022,41,41800,2016-0,4,48,9285060, 내역 2016년 6월
4155031023,41,41550,2016-0,6,98,24803500, 내역 2016년 6월
4180031027,41,41800,2016-0,5,136,26517500, 내역 2016년 6월
4155010200,41,41550,2016-0,5,71,9969340, 내역 2016년 6월
4167031031,41,41670,2016-0,5,139,26257220, 내역 2016년 6월
4137011500,41,41370,2016-0,4,249,52286220, 내역 2016년 6월
4159013000,41,41590,2016-0,42,533,105148300, 내역 2016년 6월
4161036024,41,41610,2016-0,4,41,5767800, 내역 2016년 6월
4157034032,41,41570,2016-0,3,21,4378740, 내역 2016년 6월
4182033024,41,41820,2016-0,3,25,3264800, 내역 2016년 6월
4119910300,41,41199,2016-0,3,25,4087420, 내역 2016년 6월
4122032027,41,41220,2016-0,6,77,16896660, 내역 2016년 6월
4129010800,41,41290,2016-0,11,124,28340340, 내역 2016년 6월
4183039527,41,41830,2016-0,3,55,9045920, 내역 2016년 6월
4159025624,41,41590,2016-0,5,33,6971640, 내역 2016년 6월
4155010500,41,41550,2016-0,5,67,11163060, 내역 2016년 6월
4122036023,41,41220,2016-0,2,19,4524820, 내역 2016년 6월
4165040023,41,41650,2016-0,5,54,6357960, 내역 2016년 6월
4159034029,41,41590,2016-0,1,4,808200, 내역 2016년 6월
4182025031,41,41820,2016-0,1,6,1061600, 내역 2016년 6월
4180025028,41,41800,2016-0,6,37,5819400, 내역 2016년 6월
4155039022,41,41550,2016-0,5,52,9183600, 내역 2016년 6월
4155033021,41,41550,2016-0,2,14,2494420, 내역 2016년 6월
4167025039,41,41670,2016-0,5,42,7553940, 내역 2016년 6월
4180034024,41,41800,2016-0,3,33,5142140, 내역 2016년 6월
4155036035,41,41550,2016-0,6,204,51264180, 내역 2016년 6월
4180025023,41,41800,2016-0,4,20,4315400, 내역 2016년 6월
4127311000,41,41273,2016-0,5,45,9107460, 내역 2016년 6월
4155033027,41,41550,2016-0,5,64,14652920, 내역 2016년 6월
4167034024,41,41670,2016-0,2,15,2347920, 내역 2016년 6월
4167025034,41,41670,2016-0,4,25,4535040, 내역 2016년 6월
4165036025,41,41650,2016-0,2,15,1982900, 내역 2016년 6월
4161035021,41,41610,2016-0,2,10,1752540, 내역 2016년 6월
4122025040,41,41220,2016-0,4,45,11071880, 내역 2016년 6월
4159034025,41,41590,2016-0,7,44,9727280, 내역 2016년 6월
4182031027,41,41820,2016-0,2,19,2994380, 내역 2016년 6월
2871037027,28,28710,2016-0,1,16,3061420, 내역 2016년 6월
4183041033,41,41830,2016-0,4,22,2901560, 내역 2016년 6월
2872035023,28,28720,2016-0,2,7,891980, 내역 2016년 6월
4119910200,41,41199,2016-0,2,45,8007920, 내역 2016년 6월
4183033030,41,41830,2016-0,2,26,5006280, 내역 2016년 6월
4146125326,41,41461,2016-0,7,59,8655920, 내역 2016년 6월
4159010800,41,41590,2016-0,1,7,981580, 내역 2016년 6월
4182035028,41,41820,2016-0,3,24,3452660, 내역 2016년 6월
4183038028,41,41830,2016-0,7,66,19127920, 내역 2016년 6월
4150031025,41,41500,2016-0,7,55,10804640, 내역 2016년 6월
4167034031,41,41670,2016-0,5,213,57734520, 내역 2016년 6월
4111512700,41,41115,2016-0,8,58,7166140, 내역 2016년 6월
4183035027,41,41830,2016-0,1,5,862260, 내역 2016년 6월
4150036030,41,41500,2016-0,5,93,19971340, 내역 2016년 6월
4183036029,41,41830,2016-0,1,8,1272940, 내역 2016년 6월
4161034030,41,41610,2016-0,1,6,1654800, 내역 2016년 6월
4183025023,41,41830,2016-0,3,16,3206300, 내역 2016년 6월
4167034026,41,41670,2016-0,4,35,7327420, 내역 2016년 6월
4180025323,41,41800,2016-0,2,49,6302740, 내역 2016년 6월
4155033023,41,41550,2016-0,10,196,42600160, 내역 2016년 6월
4122025034,41,41220,2016-0,3,15,2730740, 내역 2016년 6월
4165034032,41,41650,2016-0,1,35,5265680, 내역 2016년 6월
4165035026,41,41650,2016-0,1,4,1037860, 내역 2016년 6월
4146135028,41,41461,2016-0,5,154,37337040, 내역 2016년 6월
4163032022,41,41630,2016-0,2,55,9912720, 내역 2016년 6월
4183025024,41,41830,2016-0,6,68,5406720, 내역 2016년 6월
4182034026,41,41820,2016-0,4,57,9220780, 내역 2016년 6월
4111113900,41,41111,2016-0,7,287,61848780, 내역 2016년 6월
4183038022,41,41830,2016-0,2,27,3501700, 내역 2016년 6월
4122032029,41,41220,2016-0,6,48,9530700, 내역 2016년 6월
4128510800,41,41285,2016-0,4,49,6498940, 내역 2016년 6월
4161037022,41,41610,2016-0,2,24,6092620, 내역 2016년 6월
4122032028,41,41220,2016-0,1,25,4866620, 내역 2016년 6월
4161025636,41,41610,2016-0,1,9,2091060, 내역 2016년 6월
4128112100,41,41281,2016-0,14,109,18907660, 내역 2016년 6월
4167035025,41,41670,2016-0,2,27,5530220, 내역 2016년 6월
2871033025,28,28710,2016-0,5,37,6371340, 내역 2016년 6월
4113511800,41,41135,2016-0,2,34,7917480, 내역 2016년 6월
4122037022,41,41220,2016-0,4,104,20321380, 내역 2016년 6월
2872033024,28,28720,2016-0,2,3,170340, 내역 2016년 6월
4167034022,41,41670,2016-0,3,25,4471220, 내역 2016년 6월
4150025022,41,41500,2016-0,1,3,220220, 내역 2016년 6월
4150025331,41,41500,2016-0,4,26,3892300, 내역 2016년 6월
1111017800,11,11110,2016-0,1,12,3497460, 내역 2016년 6월
4122037026,41,41220,2016-0,4,43,8599900, 내역 2016년 6월
4165034029,41,41650,2016-0,4,65,11823860, 내역 2016년 6월
4122025042,41,41220,2016-0,15,96,24889160, 내역 2016년 6월
2871038025,28,28710,2016-0,3,43,11931900, 내역 2016년 6월
4183034022,41,41830,2016-0,8,56,11581520, 내역 2016년 6월
4180032023,41,41800,2016-0,4,90,21809040, 내역 2016년 6월
4183035023,41,41830,2016-0,4,43,7691420, 내역 2016년 6월
4183039522,41,41830,2016-0,3,24,4083700, 내역 2016년 6월
2871039025,28,28710,2016-0,1,4,328200, 내역 2016년 6월
4167034000,41,41670,2016-0,1,4,384460, 내역 2016년 6월
4155034027,41,41550,2016-0,3,18,3291100, 내역 2016년 6월
4183033027,41,41830,2016-0,2,20,3112600, 내역 2016년 6월
2871034024,28,28710,2016-0,3,11,1796260, 내역 2016년 6월
4182025034,41,41820,2016-0,4,29,4324120, 내역 2016년 6월
1141011500,11,11410,2016-0,1,5,531440, 내역 2016년 6월
4111512400,41,41115,2016-0,6,26,4575080, 내역 2016년 6월
4148037029,41,41480,2016-0,1,8,1671460, 내역 2016년 6월
4183038027,41,41830,2016-0,3,84,21085640, 내역 2016년 6월
4167031030,41,41670,2016-0,6,225,72284920, 내역 2016년 6월
4182034022,41,41820,2016-0,1,8,1880600, 내역 2016년 6월
4167010600,41,41670,2016-0,3,13,2845800, 내역 2016년 6월
4167034025,41,41670,2016-0,2,130,38675120, 내역 2016년 6월
4122025035,41,41220,2016-0,6,63,18661820, 내역 2016년 6월
4111512600,41,41115,2016-0,5,30,5651080, 내역 2016년 6월
4159010600,41,41590,2016-0,1,3,625040, 내역 2016년 6월
4159042027,41,41590,2016-0,1,105,24666860, 내역 2016년 6월
4159032024,41,41590,2016-0,3,23,3726520, 내역 2016년 6월
4111512300,41,41115,2016-0,6,182,37248460, 내역 2016년 6월
4159036035,41,41590,2016-0,6,42,6560940, 내역 2016년 6월
4159042025,41,41590,2016-0,4,158,36371940, 내역 2016년 6월
2824511800,28,28245,2016-0,8,70,15188260, 내역 2016년 6월
4119510200,41,41195,2016-0,14,97,18558980, 내역 2016년 6월
2871036023,28,28710,2016-0,6,114,30161380, 내역 2016년 6월
4119510500,41,41195,2016-0,3,34,6003960, 내역 2016년 6월
4119910600,41,41199,2016-0,2,242,53906660, 내역 2016년 6월
4163034022,41,41630,2016-0,3,23,4761720, 내역 2016년 6월
4165040021,41,41650,2016-0,4,44,7862860, 내역 2016년 6월
4167033024,41,41670,2016-0,1,20,5378300, 내역 2016년 6월
4128310200,41,41283,2016-0,1,3,525680, 내역 2016년 6월
4182034523,41,41820,2016-0,3,63,14431080, 내역 2016년 6월
4180034027,41,41800,2016-0,3,26,3654560, 내역 2016년 6월
4165040025,41,41650,2016-0,2,18,2366500, 내역 2016년 6월
4136034023,41,41360,2016-0,6,88,11098140, 내역 2016년 6월
4165025024,41,41650,2016-0,4,57,9856480, 내역 2016년 6월
4167037029,41,41670,2016-0,3,102,21900020, 내역 2016년 6월
4167036029,41,41670,2016-0,1,66,16341820, 내역 2016년 6월
4150025030,41,41500,2016-0,2,14,2281740, 내역 2016년 6월
4155034034,41,41550,2016-0,1,15,2431640, 내역 2016년 6월
4157035029,41,41570,2016-0,1,6,1421760, 내역 2016년 6월
4141010600,41,41410,2016-0,2,19,3252780, 내역 2016년 6월
4150037026,41,41500,2016-0,3,14,2140700, 내역 2016년 6월
4150037023,41,41500,2016-0,1,6,657060, 내역 2016년 6월
4183040030,41,41830,2016-0,1,22,3273840, 내역 2016년 6월
4167025029,41,41670,2016-0,2,12,2026580, 내역 2016년 6월
4183039028,41,41830,2016-0,1,9,915820, 내역 2016년 6월
4183036021,41,41830,2016-0,3,26,4155100, 내역 2016년 6월
4128310900,41,41283,2016-0,1,4,628540, 내역 2016년 6월
4150035028,41,41500,2016-0,5,47,11365980, 내역 2016년 6월
4159042021,41,41590,2016-0,4,17,5194780, 내역 2016년 6월
4180033026,41,41800,2016-0,2,14,4384160, 내역 2016년 6월
4183037024,41,41830,2016-0,4,21,3879160, 내역 2016년 6월
4161025633,41,41610,2016-0,1,8,1364640, 내역 2016년 6월
4150034033,41,41500,2016-0,2,8,1100220, 내역 2016년 6월
4167038024,41,41670,2016-0,2,16,3012880, 내역 2016년 6월
4136036021,41,41360,2016-0,5,37,7746080, 내역 2016년 6월
4182033025,41,41820,2016-0,4,52,9010020, 내역 2016년 6월
4155031036,41,41550,2016-0,1,11,1818600, 내역 2016년 6월
4183036026,41,41830,2016-0,2,7,1004820, 내역 2016년 6월
4148025922,41,41480,2016-0,1,9,1902220, 내역 2016년 6월
2811015200,28,28110,2016-0,2,6,970460, 내역 2016년 6월
4122035026,41,41220,2016-0,2,26,7334780, 내역 2016년 6월
2871034021,28,28710,2016-0,3,18,2834980, 내역 2016년 6월
4183038023,41,41830,2016-0,2,17,2607380, 내역 2016년 6월
4161025931,41,41610,2016-0,3,27,5522720, 내역 2016년 6월
4155036030,41,41550,2016-0,2,7,1476700, 내역 2016년 6월
4155034028,41,41550,2016-0,2,9,2199480, 내역 2016년 6월
4155039024,41,41550,2016-0,3,17,4564100, 내역 2016년 6월
2871037025,28,28710,2016-0,1,10,1331400, 내역 2016년 6월
4165039026,41,41650,2016-0,1,4,685160, 내역 2016년 6월
2811010500,28,28110,2016-0,1,101,8808420, 내역 2016년 6월
4122034027,41,41220,2016-0,3,33,7679860, 내역 2016년 6월
4119910700,41,41199,2016-0,9,59,11072480, 내역 2016년 6월
4183038026,41,41830,2016-0,1,6,1345020, 내역 2016년 6월
4167032030,41,41670,2016-0,4,42,8345260, 내역 2016년 6월
4182034526,41,41820,2016-0,1,3,463760, 내역 2016년 6월
4148037034,41,41480,2016-0,1,49,7028740, 내역 2016년 6월
4155032034,41,41550,2016-0,3,15,2422460, 내역 2016년 6월
4167038026,41,41670,2016-0,1,9,1167480, 내역 2016년 6월
4150025334,41,41500,2016-0,4,29,5559400, 내역 2016년 6월
4167032034,41,41670,2016-0,5,41,8453120, 내역 2016년 6월
4182025024,41,41820,2016-0,3,20,3478480, 내역 2016년 6월
2871039026,28,28710,2016-0,3,35,6935580, 내역 2016년 6월
4183040025,41,41830,2016-0,1,3,392300, 내역 2016년 6월
4155032033,41,41550,2016-0,2,9,1487700, 내역 2016년 6월
4146125627,41,41461,2016-0,1,6,1357720, 내역 2016년 6월
4122025038,41,41220,2016-0,4,83,15551440, 내역 2016년 6월
4183037023,41,41830,2016-0,3,39,5677760, 내역 2016년 6월
4167037022,41,41670,2016-0,1,4,521280, 내역 2016년 6월
4180035022,41,41800,2016-0,2,25,6016800, 내역 2016년 6월
4157032025,41,41570,2016-0,1,12,1997860, 내역 2016년 6월
4165031025,41,41650,2016-0,2,16,3522100, 내역 2016년 6월
4157032021,41,41570,2016-0,1,4,962820, 내역 2016년 6월
4150037027,41,41500,2016-0,1,4,1149980, 내역 2016년 6월
4159042029,41,41590,2016-0,9,86,22277620, 내역 2016년 6월
4136031025,41,41360,2016-0,1,19,2757700, 내역 2016년 6월
4183039526,41,41830,2016-0,2,16,2115040, 내역 2016년 6월
4182034522,41,41820,2016-0,1,4,486000, 내역 2016년 6월
4167035030,41,41670,2016-0,2,24,6711520, 내역 2016년 6월
2871038023,28,28710,2016-0,1,4,552400, 내역 2016년 6월
4161034023,41,41610,2016-0,2,28,6552100, 내역 2016년 6월
4122025032,41,41220,2016-0,41,740,234623080, 내역 2016년 6월
4150035032,41,41500,2016-0,3,33,5487320, 내역 2016년 6월
4150033028,41,41500,2016-0,1,3,930860, 내역 2016년 6월
4161037023,41,41610,2016-0,1,3,499680, 내역 2016년 6월
4155034036,41,41550,2016-0,1,8,1688380, 내역 2016년 6월
4119710200,41,41197,2016-0,2,31,5871320, 내역 2016년 6월
4159035028,41,41590,2016-0,1,5,1368880, 내역 2016년 6월
4146125621,41,41461,2016-0,2,7,1109060, 내역 2016년 6월
4159010200,41,41590,2016-0,1,4,769120, 내역 2016년 6월
4167036034,41,41670,2016-0,1,8,1286240, 내역 2016년 6월
4145011200,41,41450,2016-0,18,126,28515100, 내역 2016년 6월
4150025032,41,41500,2016-0,2,103,22034960, 내역 2016년 6월
4155032028,41,41550,2016-0,1,4,915920, 내역 2016년 6월
4159026235,41,41590,2016-0,3,14,3950100, 내역 2016년 6월
4182031026,41,41820,2016-0,1,3,345220, 내역 2016년 6월
4157036026,41,41570,2016-0,2,6,1234080, 내역 2016년 6월
4182031031,41,41820,2016-0,1,8,1495420, 내역 2016년 6월
4180038023,41,41800,2016-0,2,51,6400660, 내역 2016년 6월
4161034026,41,41610,2016-0,1,4,715500, 내역 2016년 6월
2871038024,28,28710,2016-0,2,24,5698820, 내역 2016년 6월
2811014000,28,28110,2016-0,3,37,6939220, 내역 2016년 6월
4150032032,41,41500,2016-0,3,15,2349980, 내역 2016년 6월
4146125328,41,41461,2016-0,3,28,4939760, 내역 2016년 6월
4159011200,41,41590,2016-0,1,19,3617120, 내역 2016년 6월
1156013100,11,11560,2016-0,2,11,1931040, 내역 2016년 6월
4182035025,41,41820,2016-0,1,11,1403340, 내역 2016년 6월
4183037022,41,41830,2016-0,1,4,323260, 내역 2016년 6월
4150038029,41,41500,2016-0,1,46,9660460, 내역 2016년 6월
4161036025,41,41610,2016-0,1,8,1385880, 내역 2016년 6월
4159011300,41,41590,2016-0,1,9,1678760, 내역 2016년 6월
4183035026,41,41830,2016-0,1,3,607480, 내역 2016년 6월
4141010900,41,41410,2016-0,10,109,30637980, 내역 2016년 6월
4155035021,41,41550,2016-0,3,26,4460580, 내역 2016년 6월
4180025325,41,41800,2016-0,3,18,2770800, 내역 2016년 6월
4119710600,41,41197,2016-0,35,242,72165940, 내역 2016년 6월
4122025044,41,41220,2016-0,34,425,129240640, 내역 2016년 6월
4148037028,41,41480,2016-0,2,17,2328540, 내역 2016년 6월
4150038025,41,41500,2016-0,1,5,921320, 내역 2016년 6월
4180025024,41,41800,2016-0,1,3,144000, 내역 2016년 6월
4182025032,41,41820,2016-0,3,9,2777840, 내역 2016년 6월
4155031037,41,41550,2016-0,2,52,5773300, 내역 2016년 6월
4155039034,41,41550,2016-0,1,3,601740, 내역 2016년 6월
4182031032,41,41820,2016-0,4,49,11038720, 내역 2016년 6월
4159042028,41,41590,2016-0,13,76,22222400, 내역 2016년 6월
4155042027,41,41550,2016-0,1,3,628360, 내역 2016년 6월
4167035032,41,41670,2016-0,1,8,1224600, 내역 2016년 6월
4119910800,41,41199,2016-0,16,104,22248900, 내역 2016년 6월
4145010400,41,41450,2016-0,1,5,1013560, 내역 2016년 6월
4167035036,41,41670,2016-0,1,3,864620, 내역 2016년 6월
4183035025,41,41830,2016-0,1,6,988700, 내역 2016년 6월
4122025030,41,41220,2016-0,1,3,340820, 내역 2016년 6월
4122034022,41,41220,2016-0,2,9,2168720, 내역 2016년 6월
2826010200,28,28260,2016-0,2,16,2974040, 내역 2016년 6월
2811014100,28,28110,2016-0,2,9,1457540, 내역 2016년 6월
4119710700,41,41197,2016-0,23,168,49740780, 내역 2016년 6월
4183040022,41,41830,2016-0,3,56,8886020, 내역 2016년 6월
4165034031,41,41650,2016-0,1,10,1439620, 내역 2016년 6월
4122033029,41,41220,2016-0,34,762,213448960, 내역 2016년 6월
4182031030,41,41820,2016-0,2,6,987300, 내역 2016년 6월
4180035023,41,41800,2016-0,2,21,3680360, 내역 2016년 6월
4165040022,41,41650,2016-0,2,10,2093200, 내역 2016년 6월
2871040022,28,28710,2016-0,1,3,843380, 내역 2016년 6월
4155025027,41,41550,2016-0,2,15,2961060, 내역 2016년 6월
4122035021,41,41220,2016-0,2,12,2776760, 내역 2016년 6월
4122025043,41,41220,2016-0,8,56,16209220, 내역 2016년 6월
4159026231,41,41590,2016-0,1,7,1647140, 내역 2016년 6월
4122037032,41,41220,2016-0,1,4,909720, 내역 2016년 6월
4180031024,41,41800,2016-0,1,4,1265400, 내역 2016년 6월
4155010600,41,41550,2016-0,1,3,736980, 내역 2016년 6월
4150038027,41,41500,2016-0,1,4,441800, 내역 2016년 6월
4159026232,41,41590,2016-0,3,9,2315240, 내역 2016년 6월
4111113800,41,41111,2016-0,1,4,486000, 내역 2016년 6월
4159242025,41,41592,2016-0,2,19,5500720, 내역 2016년 6월
2871034029,28,28710,2016-0,1,12,2415120, 내역 2016년 6월
4150038030,41,41500,2016-0,1,6,1287900, 내역 2016년 6월
4163032030,41,41630,2016-0,1,14,2776380, 내역 2016년 6월
4113111400,41,41131,2016-0,1,12,3497360, 내역 2016년 6월
4122025033,41,41220,2016-0,1,3,1056580, 내역 2016년 6월
4161025331,41,41610,2016-0,1,8,2767940, 내역 2016년 6월
2871032024,28,28710,2016-0,3,20,3044500, 내역 2016년 6월
4182031028,41,41820,2016-0,1,5,1026800, 내역 2016년 6월
4159242022,41,41592,2016-0,3,17,5210720, 내역 2016년 6월
4161025900,41,41610,2016-0,1,4,877940, 내역 2016년 6월
4122035029,41,41220,2016-0,2,14,2982320, 내역 2016년 6월
2872035028,28,28720,2016-0,1,6,1373760, 내역 2016년 6월
4122035024,41,41220,2016-0,1,4,805500, 내역 2016년 6월
4180033027,41,41800,2016-0,1,3,1003220, 내역 2016년 6월
4183041032,41,41830,2016-0,1,5,1245400, 내역 2016년 6월
4122037028,41,41220,2016-0,1,3,387000, 내역 2016년 6월
4148040023,41,41480,2016-0,1,4,1226880, 내역 2016년 6월
4122031025,41,41220,2016-0,1,12,2869780, 내역 2016년 6월
4159025940,41,41590,2016-0,1,3,802800, 내역 2016년 6월
2871036024,28,28710,2016-0,1,3,400500, 내역 2016년 6월
4122032026,41,41220,2016-0,1,4,846900, 내역 2016년 6월
4183035024,41,41830,2016-0,1,4,851040, 내역 2016년 6월
4183031025,41,41830,2016-0,1,4,432000, 내역 2016년 6월
4182033027,41,41820,2016-0,1,4,687600, 내역 2016년 6월
2871034027,28,28710,2016-0,1,4,801980, 내역 2016년 6월
4182025033,41,41820,2016-0,1,3,810000, 내역 2016년 6월
4180034023,41,41800,2016-0,1,3,654660, 내역 2016년 6월
4155034024,41,41550,2016-0,1,5,1153800, 내역 2016년 6월
4148039021,41,41480,2016-0,1,5,1374180, 내역 2016년 6월
4183037026,41,41830,2016-0,1,3,571680, 내역 2016년 6월
