complex_id,complex_name,lawd_cd,region,project_name,project_type,option_stage,option_stage_label,stage_verification,stage_source,stage_label_raw,match_meters,existing_far,existing_households,site_area,land_share,base_allowed_far,policy_allowed_far,upside_allowed_far,estimated_new_households,member_households,general_sale_units,general_sale_ratio,estimated_member_contribution,contribution_status,years_to_next_stage,years_to_completion,project_probability,probability_status,base_case_liquid_exit,project_case_liquid_exit,upside_case_liquid_exit,base_terminal_wealth,project_terminal_wealth,upside_terminal_wealth,net_project_upside,option_value,option_already_priced_ratio,option_data_confidence,option_research_status,option_research_priority
6623,군자주공11단지,41273,경기,군자주공5단지,재건축,8,NEAR_COMPLETE,PROXY_MATCH,경기데이터드림 정비사업 추진현황,청산,375.2,52.216544496000864,400.0,N/A,93.0873949579832,240.0,N/A,N/A,N/A,N/A,N/A,N/A,N/A,NOT_CALCULATED,N/A,N/A,N/A,UNKNOWN,N/A,N/A,N/A,N/A,N/A,N/A,N/A,NOT_CALCULATED,N/A,LOW,STAGE_MAPPED_ONLY,HIGH
6625,"군자주공9,10단지",41273,경기,군자주공7단지,재건축,8,NEAR_COMPLETE,PROXY_MATCH,경기데이터드림 정비사업 추진현황,준공,182.0,228.3920520246544,480.0,N/A,21.26233082706767,264.0,N/A,N/A,N/A,N/A,N/A,N/A,N/A,NOT_CALCULATED,N/A,N/A,N/A,UNKNOWN,N/A,N/A,N/A,N/A,N/A,N/A,N/A,NOT_CALCULATED,N/A,LOW,STAGE_MAPPED_ONLY,HIGH
8261,마평우성,41461,경기,마평1,주거환경개선,8,NEAR_COMPLETE,PROXY_MATCH,경기데이터드림 정비사업 추진현황,준공,365.5,230.0,352.0,N/A,N/A,230.0,N/A,N/A,N/A,N/A,N/A,N/A,N/A,NOT_CALCULATED,N/A,N/A,N/A,UNKNOWN,N/A,N/A,N/A,N/A,N/A,N/A,N/A,NOT_CALCULATED,N/A,LOW,STAGE_MAPPED_ONLY,HIGH
5641,박달1차한신휴플러스,41171,경기,박달1동 연합지구,재건축,8,NEAR_COMPLETE,VERIFIED,경기데이터드림 정비사업 추진현황,준공,97.6,128.0,313.0,N/A,N/A,262.0,N/A,N/A,N/A,N/A,N/A,N/A,N/A,NOT_CALCULATED,N/A,N/A,N/A,UNKNOWN,N/A,N/A,N/A,N/A,N/A,N/A,N/A,NOT_CALCULATED,N/A,MEDIUM,STAGE_MAPPED_ONLY,HIGH
9297,서암주공,41570,경기,서암,주거환경개선,8,NEAR_COMPLETE,PROXY_MATCH,경기데이터드림 정비사업 추진현황,준공,261.2,200.0,126.0,N/A,N/A,200.0,N/A,N/A,N/A,N/A,N/A,N/A,N/A,NOT_CALCULATED,N/A,N/A,N/A,UNKNOWN,N/A,N/A,N/A,N/A,N/A,N/A,N/A,NOT_CALCULATED,N/A,LOW,STAGE_MAPPED_ONLY,HIGH
6150,서정주공3단지,41220,경기,서정주공1,재건축,8,NEAR_COMPLETE,VERIFIED,경기데이터드림 정비사업 추진현황,준공,64.1,82.71301817659314,582.0,N/A,58.60631578947369,230.0,N/A,N/A,N/A,N/A,N/A,N/A,N/A,NOT_CALCULATED,N/A,N/A,N/A,UNKNOWN,N/A,N/A,N/A,N/A,N/A,N/A,N/A,NOT_CALCULATED,N/A,MEDIUM,STAGE_MAPPED_ONLY,HIGH
6527,성포주공10단지,41271,경기,성포주공3단지,재건축,8,NEAR_COMPLETE,PROXY_MATCH,경기데이터드림 정비사업 추진현황,청산,152.1,81.0,700.0,N/A,N/A,259.0,N/A,N/A,N/A,N/A,N/A,N/A,N/A,NOT_CALCULATED,N/A,N/A,N/A,UNKNOWN,N/A,N/A,N/A,N/A,N/A,N/A,N/A,NOT_CALCULATED,N/A,LOW,STAGE_MAPPED_ONLY,HIGH
6146,세경아파트,41220,경기,서정연립,재건축,8,NEAR_COMPLETE,VERIFIED,경기데이터드림 정비사업 추진현황,준공,148.1,137.4976849576567,420.0,N/A,46.024047619047614,228.0,N/A,N/A,N/A,N/A,N/A,N/A,N/A,NOT_CALCULATED,N/A,N/A,N/A,UNKNOWN,N/A,N/A,N/A,N/A,N/A,N/A,N/A,NOT_CALCULATED,N/A,MEDIUM,STAGE_MAPPED_ONLY,HIGH
8220,역북신원아침도시아파트,41461,경기,김량주공아파트(용인1구역),재건축,8,NEAR_COMPLETE,PROXY_MATCH,경기데이터드림 정비사업 추진현황,준공,241.4,90.0,450.0,N/A,N/A,220.0,N/A,N/A,N/A,N/A,N/A,N/A,N/A,NOT_CALCULATED,N/A,N/A,N/A,UNKNOWN,N/A,N/A,N/A,N/A,N/A,N/A,N/A,NOT_CALCULATED,N/A,LOW,STAGE_MAPPED_ONLY,HIGH
6081,철산주공13단지,41210,경기,"철산주공8,9단지",재건축,8,NEAR_COMPLETE,PROXY_MATCH,경기데이터드림 정비사업 추진현황,준공,223.6,169.96840519298806,2064.0,N/A,55.78191056910569,280.0,N/A,N/A,N/A,N/A,N/A,N/A,N/A,NOT_CALCULATED,N/A,N/A,N/A,UNKNOWN,N/A,N/A,N/A,N/A,N/A,N/A,N/A,NOT_CALCULATED,N/A,LOW,STAGE_MAPPED_ONLY,HIGH
4264,가락현대5차,11710,서울,가락현대5차아파트 소규모재건축정비사업조합,소규모재건축,8,NEAR_COMPLETE,VERIFIED,서울 정비사업 정보몽땅,준공인가,82.7,N/A,N/A,N/A,N/A,N/A,N/A,N/A,N/A,N/A,N/A,N/A,N/A,NOT_CALCULATED,N/A,N/A,N/A,UNKNOWN,N/A,N/A,N/A,N/A,N/A,N/A,N/A,NOT_CALCULATED,N/A,MEDIUM,STAGE_MAPPED_ONLY,HIGH
4422,강동헤리티지자이,11740,서울,"길동신동아1,2차아파트 주택재건축정비사업조합",재건축,8,NEAR_COMPLETE,VERIFIED,서울 정비사업 정보몽땅,준공인가,98.3,N/A,N/A,N/A,N/A,N/A,N/A,N/A,N/A,N/A,N/A,N/A,N/A,NOT_CALCULATED,N/A,N/A,N/A,UNKNOWN,N/A,N/A,N/A,N/A,N/A,N/A,N/A,NOT_CALCULATED,N/A,MEDIUM,STAGE_MAPPED_ONLY,HIGH
2180,공릉태릉우성,11350,서울,공릉1(태릉현대) 주택재건축정비사업조합,재건축,8,NEAR_COMPLETE,VERIFIED,서울 정비사업 정보몽땅,조합해산,51.4,161.87486050145077,N/A,N/A,62.226851851851855,N/A,N/A,N/A,N/A,N/A,N/A,N/A,N/A,NOT_CALCULATED,N/A,N/A,N/A,UNKNOWN,N/A,N/A,N/A,N/A,N/A,N/A,N/A,NOT_CALCULATED,N/A,MEDIUM,STAGE_MAPPED_ONLY,HIGH
3764,남현우림루미아트,11620,서울,경성연립 주택재건축정비사업 조합,재건축,8,NEAR_COMPLETE,VERIFIED,서울 정비사업 정보몽땅,준공인가,80.8,N/A,N/A,N/A,N/A,N/A,N/A,N/A,N/A,N/A,N/A,N/A,N/A,NOT_CALCULATED,N/A,N/A,N/A,UNKNOWN,N/A,N/A,N/A,N/A,N/A,N/A,N/A,NOT_CALCULATED,N/A,MEDIUM,STAGE_MAPPED_ONLY,HIGH
4068,대치르엘,11680,서울,대치제2지구 재건축정비사업조합,재건축,8,NEAR_COMPLETE,VERIFIED,서울 정비사업 정보몽땅,이전고시,146.8,N/A,N/A,N/A,N/A,N/A,N/A,N/A,N/A,N/A,N/A,N/A,N/A,NOT_CALCULATED,N/A,N/A,N/A,UNKNOWN,N/A,N/A,N/A,N/A,N/A,N/A,N/A,NOT_CALCULATED,N/A,MEDIUM,STAGE_MAPPED_ONLY,HIGH
4066,디에이치 대치 에델루이아파트,11680,서울,대치동 구마을 제3지구 재건축정비사업조합,재건축,8,NEAR_COMPLETE,VERIFIED,서울 정비사업 정보몽땅,준공인가,35.3,N/A,N/A,N/A,N/A,N/A,N/A,N/A,N/A,N/A,N/A,N/A,N/A,NOT_CALCULATED,N/A,N/A,N/A,UNKNOWN,N/A,N/A,N/A,N/A,N/A,N/A,N/A,NOT_CALCULATED,N/A,MEDIUM,STAGE_MAPPED_ONLY,HIGH
3767,래미안 원페를라,11650,서울,방배6구역 주택재건축 정비사업 조합,재건축,8,NEAR_COMPLETE,VERIFIED,서울 정비사업 정보몽땅,이전고시,3.8,N/A,N/A,N/A,N/A,N/A,N/A,N/A,N/A,N/A,N/A,N/A,N/A,NOT_CALCULATED,N/A,N/A,N/A,UNKNOWN,N/A,N/A,N/A,N/A,N/A,N/A,N/A,NOT_CALCULATED,N/A,MEDIUM,STAGE_MAPPED_ONLY,HIGH
3872,래미안 원펜타스,11650,서울,신반포15차아파트 주택재건축정비사업조합,재건축,8,NEAR_COMPLETE,VERIFIED,서울 정비사업 정보몽땅,조합청산,55.4,N/A,N/A,N/A,N/A,N/A,N/A,N/A,N/A,N/A,N/A,N/A,N/A,NOT_CALCULATED,N/A,N/A,N/A,UNKNOWN,N/A,N/A,N/A,N/A,N/A,N/A,N/A,NOT_CALCULATED,N/A,MEDIUM,STAGE_MAPPED_ONLY,HIGH
3921,래미안서초에스티지에스아파트,11650,서울,우성2차아파트 주택재건축정비사업조합,재건축,8,NEAR_COMPLETE,VERIFIED,서울 정비사업 정보몽땅,조합해산,113.5,N/A,N/A,N/A,N/A,N/A,N/A,N/A,N/A,N/A,N/A,N/A,N/A,NOT_CALCULATED,N/A,N/A,N/A,UNKNOWN,N/A,N/A,N/A,N/A,N/A,N/A,N/A,NOT_CALCULATED,N/A,MEDIUM,STAGE_MAPPED_ONLY,HIGH
4249,래미안송파파인탑,11710,서울,반도아파트 주택재건축정비사업 조합,재건축,8,NEAR_COMPLETE,VERIFIED,서울 정비사업 정보몽땅,조합해산,52.6,N/A,N/A,N/A,N/A,N/A,N/A,N/A,N/A,N/A,N/A,N/A,N/A,NOT_CALCULATED,N/A,N/A,N/A,UNKNOWN,N/A,N/A,N/A,N/A,N/A,N/A,N/A,NOT_CALCULATED,N/A,MEDIUM,STAGE_MAPPED_ONLY,HIGH
3831,메이플자이,11650,서울,신반포4지구 재건축정비사업조합,재건축,8,NEAR_COMPLETE,VERIFIED,서울 정비사업 정보몽땅,준공인가,114.6,N/A,N/A,N/A,N/A,N/A,N/A,N/A,N/A,N/A,N/A,N/A,N/A,NOT_CALCULATED,N/A,N/A,N/A,UNKNOWN,N/A,N/A,N/A,N/A,N/A,N/A,N/A,NOT_CALCULATED,N/A,MEDIUM,STAGE_MAPPED_ONLY,HIGH
2846,"목동대원칸타빌2,3단지",11470,서울,목원연립 주택재건축정비사업 조합,재건축,8,NEAR_COMPLETE,VERIFIED,서울 정비사업 정보몽땅,이전고시,99.7,N/A,N/A,N/A,N/A,N/A,N/A,N/A,N/A,N/A,N/A,N/A,N/A,NOT_CALCULATED,N/A,N/A,N/A,UNKNOWN,N/A,N/A,N/A,N/A,N/A,N/A,N/A,NOT_CALCULATED,N/A,MEDIUM,STAGE_MAPPED_ONLY,HIGH
2258,상계주공9단지,11350,서울,상계주공8단지 주택재건축정비사업 조합,재건축,8,NEAR_COMPLETE,VERIFIED,서울 정비사업 정보몽땅,조합해산,148.0,182.5839643684203,N/A,N/A,34.820424028268555,N/A,N/A,N/A,N/A,N/A,N/A,N/A,N/A,NOT_CALCULATED,N/A,N/A,N/A,UNKNOWN,N/A,N/A,N/A,N/A,N/A,N/A,N/A,NOT_CALCULATED,N/A,MEDIUM,STAGE_MAPPED_ONLY,HIGH
3911,서초그랑자이,11650,서울,서초무지개아파트 재건축정비사업 조합,재건축,8,NEAR_COMPLETE,VERIFIED,서울 정비사업 정보몽땅,조합청산,143.2,N/A,N/A,N/A,N/A,N/A,N/A,N/A,N/A,N/A,N/A,N/A,N/A,NOT_CALCULATED,N/A,N/A,N/A,UNKNOWN,N/A,N/A,N/A,N/A,N/A,N/A,N/A,NOT_CALCULATED,N/A,MEDIUM,STAGE_MAPPED_ONLY,HIGH
2040,송학휴스테이아파트,11320,서울,성삼연립 주택재건축정비사업조합,재건축,8,NEAR_COMPLETE,VERIFIED,서울 정비사업 정보몽땅,이전고시,19.4,N/A,N/A,N/A,N/A,N/A,N/A,N/A,N/A,N/A,N/A,N/A,N/A,NOT_CALCULATED,N/A,N/A,N/A,UNKNOWN,N/A,N/A,N/A,N/A,N/A,N/A,N/A,NOT_CALCULATED,N/A,MEDIUM,STAGE_MAPPED_ONLY,HIGH
3836,신반포르엘,11650,서울,신반포18차24차 주택재건축정비사업조합,재건축,8,NEAR_COMPLETE,VERIFIED,서울 정비사업 정보몽땅,조합청산,47.0,N/A,N/A,N/A,N/A,N/A,N/A,N/A,N/A,N/A,N/A,N/A,N/A,NOT_CALCULATED,N/A,N/A,N/A,UNKNOWN,N/A,N/A,N/A,N/A,N/A,N/A,N/A,NOT_CALCULATED,N/A,MEDIUM,STAGE_MAPPED_ONLY,HIGH
3843,신반포자이아파트,11650,서울,반포한양아파트 주택재건축정비사업조합,재건축,8,NEAR_COMPLETE,VERIFIED,서울 정비사업 정보몽땅,조합청산,87.3,N/A,N/A,N/A,N/A,N/A,N/A,N/A,N/A,N/A,N/A,N/A,N/A,NOT_CALCULATED,N/A,N/A,N/A,UNKNOWN,N/A,N/A,N/A,N/A,N/A,N/A,N/A,NOT_CALCULATED,N/A,MEDIUM,STAGE_MAPPED_ONLY,HIGH
4038,아크로삼성,11680,서울,홍실아파트 주택재건축정비사업조합,재건축,8,NEAR_COMPLETE,VERIFIED,서울 정비사업 정보몽땅,준공인가,145.6,N/A,N/A,N/A,N/A,N/A,N/A,N/A,N/A,N/A,N/A,N/A,N/A,NOT_CALCULATED,N/A,N/A,N/A,UNKNOWN,N/A,N/A,N/A,N/A,N/A,N/A,N/A,NOT_CALCULATED,N/A,MEDIUM,STAGE_MAPPED_ONLY,HIGH
3980,역삼래미안펜타빌,11680,서울,개나리4차아파트주택재건축정비사업 조합,재건축,8,NEAR_COMPLETE,VERIFIED,서울 정비사업 정보몽땅,이전고시,55.6,N/A,N/A,N/A,N/A,N/A,N/A,N/A,N/A,N/A,N/A,N/A,N/A,NOT_CALCULATED,N/A,N/A,N/A,UNKNOWN,N/A,N/A,N/A,N/A,N/A,N/A,N/A,NOT_CALCULATED,N/A,MEDIUM,STAGE_MAPPED_ONLY,HIGH
2914,염창현대아이파크아파트,11500,서울,덕수연립주택재건축정비사업조합,재건축,8,NEAR_COMPLETE,VERIFIED,서울 정비사업 정보몽땅,조합해산,122.2,N/A,N/A,N/A,N/A,N/A,N/A,N/A,N/A,N/A,N/A,N/A,N/A,NOT_CALCULATED,N/A,N/A,N/A,UNKNOWN,N/A,N/A,N/A,N/A,N/A,N/A,N/A,NOT_CALCULATED,N/A,MEDIUM,STAGE_MAPPED_ONLY,HIGH
3830,오티에르반포,11650,서울,신반포21차아파트 주택재건축정비사업조합,재건축,8,NEAR_COMPLETE,VERIFIED,서울 정비사업 정보몽땅,준공인가,28.0,N/A,N/A,N/A,N/A,N/A,N/A,N/A,N/A,N/A,N/A,N/A,N/A,NOT_CALCULATED,N/A,N/A,N/A,UNKNOWN,N/A,N/A,N/A,N/A,N/A,N/A,N/A,NOT_CALCULATED,N/A,MEDIUM,STAGE_MAPPED_ONLY,HIGH
3829,오티에르신반포,11650,서울,신반포18차 337동 주택재건축정비사업조합,재건축,8,NEAR_COMPLETE,VERIFIED,서울 정비사업 정보몽땅,준공인가,44.4,N/A,N/A,N/A,N/A,N/A,N/A,N/A,N/A,N/A,N/A,N/A,N/A,NOT_CALCULATED,N/A,N/A,N/A,UNKNOWN,N/A,N/A,N/A,N/A,N/A,N/A,N/A,NOT_CALCULATED,N/A,MEDIUM,STAGE_MAPPED_ONLY,HIGH
4214,잠실르엘,11710,서울,잠실미성·크로바아파트 주택재건축정비사업조합,재건축,8,NEAR_COMPLETE,VERIFIED,서울 정비사업 정보몽땅,준공인가,90.1,N/A,N/A,N/A,N/A,N/A,N/A,N/A,N/A,N/A,N/A,N/A,N/A,NOT_CALCULATED,N/A,N/A,N/A,UNKNOWN,N/A,N/A,N/A,N/A,N/A,N/A,N/A,NOT_CALCULATED,N/A,MEDIUM,STAGE_MAPPED_ONLY,HIGH
3855,잠원신화,11650,서울,잠원동 대림아파트 주택재건축 정비사업 조합,재건축,8,NEAR_COMPLETE,VERIFIED,서울 정비사업 정보몽땅,조합청산,68.6,N/A,N/A,N/A,N/A,N/A,N/A,N/A,N/A,N/A,N/A,N/A,N/A,NOT_CALCULATED,N/A,N/A,N/A,UNKNOWN,N/A,N/A,N/A,N/A,N/A,N/A,N/A,NOT_CALCULATED,N/A,MEDIUM,STAGE_MAPPED_ONLY,HIGH
1616,장안현대힐스테이트,11230,서울,장안시영2단지2차 주택재건축정비사업 조합 청산법인,재건축,8,NEAR_COMPLETE,VERIFIED,서울 정비사업 정보몽땅,조합청산,119.4,N/A,N/A,N/A,N/A,N/A,N/A,N/A,N/A,N/A,N/A,N/A,N/A,NOT_CALCULATED,N/A,N/A,N/A,UNKNOWN,N/A,N/A,N/A,N/A,N/A,N/A,N/A,NOT_CALCULATED,N/A,MEDIUM,STAGE_MAPPED_ONLY,HIGH
4018,청담르엘,11680,서울,청담삼익아파트 재건축정비사업 조합,재건축,8,NEAR_COMPLETE,VERIFIED,서울 정비사업 정보몽땅,준공인가,40.6,N/A,N/A,N/A,N/A,N/A,N/A,N/A,N/A,N/A,N/A,N/A,N/A,NOT_CALCULATED,N/A,N/A,N/A,UNKNOWN,N/A,N/A,N/A,N/A,N/A,N/A,N/A,NOT_CALCULATED,N/A,MEDIUM,STAGE_MAPPED_ONLY,HIGH
2959,코오롱하늘채아파트,11500,서울,태원연립주택재건축정비사업조합,재건축,8,NEAR_COMPLETE,VERIFIED,서울 정비사업 정보몽땅,이전고시,105.9,N/A,N/A,N/A,N/A,N/A,N/A,N/A,N/A,N/A,N/A,N/A,N/A,NOT_CALCULATED,N/A,N/A,N/A,UNKNOWN,N/A,N/A,N/A,N/A,N/A,N/A,N/A,NOT_CALCULATED,N/A,MEDIUM,STAGE_MAPPED_ONLY,HIGH
4454,프라이어팰리스,11740,서울,강동2단지아파트 재건축정비사업조합,재건축,8,NEAR_COMPLETE,VERIFIED,서울 정비사업 정보몽땅,이전고시,147.7,N/A,N/A,N/A,N/A,N/A,N/A,N/A,N/A,N/A,N/A,N/A,N/A,NOT_CALCULATED,N/A,N/A,N/A,UNKNOWN,N/A,N/A,N/A,N/A,N/A,N/A,N/A,NOT_CALCULATED,N/A,MEDIUM,STAGE_MAPPED_ONLY,HIGH
2563,홍제한양,11410,서울,서강빌라 소규모재건축정비사업,소규모재건축,8,NEAR_COMPLETE,VERIFIED,서울 정비사업 정보몽땅,조합해산,35.2,236.0314380797281,N/A,N/A,42.45390781563126,N/A,N/A,N/A,N/A,N/A,N/A,N/A,N/A,NOT_CALCULATED,N/A,N/A,N/A,UNKNOWN,N/A,N/A,N/A,N/A,N/A,N/A,N/A,NOT_CALCULATED,N/A,MEDIUM,STAGE_MAPPED_ONLY,HIGH
3727,힐스테이트뉴포레,11620,서울,강남아파트 재건축정비사업 조합,재건축,8,NEAR_COMPLETE,VERIFIED,서울 정비사업 정보몽땅,이전고시,43.9,N/A,N/A,N/A,N/A,N/A,N/A,N/A,N/A,N/A,N/A,N/A,N/A,NOT_CALCULATED,N/A,N/A,N/A,UNKNOWN,N/A,N/A,N/A,N/A,N/A,N/A,N/A,NOT_CALCULATED,N/A,MEDIUM,STAGE_MAPPED_ONLY,HIGH
933,석남브라운스톤더프라임,28275,인천,롯데우람재건축,주택재건축,8,NEAR_COMPLETE,VERIFIED,인천 renewal 정비사업 현황,준공,55.7,N/A,689.0,N/A,N/A,N/A,N/A,N/A,N/A,N/A,N/A,N/A,N/A,NOT_CALCULATED,N/A,N/A,N/A,UNKNOWN,N/A,N/A,N/A,N/A,N/A,N/A,N/A,NOT_CALCULATED,N/A,MEDIUM,STAGE_MAPPED_ONLY,HIGH
710,작전 동보2차 아파트,28245,인천,작전구역(현지개량),주거환경개선,8,NEAR_COMPLETE,PROXY_MATCH,인천 renewal 정비사업 현황,준공,200.1,N/A,0.0,N/A,N/A,N/A,N/A,N/A,N/A,N/A,N/A,N/A,N/A,NOT_CALCULATED,N/A,N/A,N/A,UNKNOWN,N/A,N/A,N/A,N/A,N/A,N/A,N/A,NOT_CALCULATED,N/A,LOW,STAGE_MAPPED_ONLY,HIGH
7644,e편한세상 시흥 더블스퀘어 아파트,41390,경기,대야3,재건축,7,CONSTRUCTION,VERIFIED,경기데이터드림 정비사업 추진현황,착공,53.9,180.0,1025.0,N/A,N/A,299.0,N/A,N/A,N/A,N/A,N/A,N/A,N/A,NOT_CALCULATED,2.8,N/A,0.952,VERIFIED,N/A,N/A,N/A,N/A,N/A,N/A,N/A,NOT_CALCULATED,N/A,MEDIUM,STAGE_MAPPED+CONVERSION_RATE,HIGH
5428,신곡신일1차,41150,경기,장암3구역,재개발,7,CONSTRUCTION,PROXY_MATCH,경기데이터드림 정비사업 추진현황,착공,276.1,N/A,460.0,N/A,N/A,300.0,N/A,N/A,N/A,N/A,N/A,N/A,N/A,NOT_CALCULATED,2.8,N/A,0.952,VERIFIED,N/A,N/A,N/A,N/A,N/A,N/A,N/A,NOT_CALCULATED,N/A,LOW,STAGE_MAPPED+CONVERSION_RATE,HIGH
6065,철산 자이브리에르,41210,경기,"철산주공10,11단지",재건축,7,CONSTRUCTION,PROXY_MATCH,경기데이터드림 정비사업 추진현황,착공,191.8,85.0,1080.0,N/A,N/A,267.0,N/A,N/A,N/A,N/A,N/A,N/A,N/A,NOT_CALCULATED,2.8,N/A,0.952,VERIFIED,N/A,N/A,N/A,N/A,N/A,N/A,N/A,NOT_CALCULATED,N/A,LOW,STAGE_MAPPED+CONVERSION_RATE,HIGH
6232,합정주공4단지,41220,경기,합정주공,재건축,7,CONSTRUCTION,PROXY_MATCH,경기데이터드림 정비사업 추진현황,착공,369.3,58.62002362026652,1374.0,N/A,87.27266081871345,299.0,N/A,N/A,N/A,N/A,N/A,N/A,N/A,NOT_CALCULATED,2.8,N/A,0.952,VERIFIED,N/A,N/A,N/A,N/A,N/A,N/A,N/A,NOT_CALCULATED,N/A,LOW,STAGE_MAPPED+CONVERSION_RATE,HIGH
3246,개봉한진,11530,서울,길훈아파트 주택재건축정비사업조합,재건축,7,CONSTRUCTION,VERIFIED,서울 정비사업 정보몽땅,착공,142.7,N/A,N/A,N/A,N/A,N/A,N/A,N/A,N/A,N/A,N/A,N/A,N/A,NOT_CALCULATED,2.8,N/A,0.855,VERIFIED,N/A,N/A,N/A,N/A,N/A,N/A,N/A,NOT_CALCULATED,N/A,MEDIUM,STAGE_MAPPED+CONVERSION_RATE,HIGH
2989,등촌태진아름,11500,서울,등촌1구역주택재건축정비사업조합,재건축,7,CONSTRUCTION,VERIFIED,서울 정비사업 정보몽땅,착공,73.5,N/A,N/A,N/A,N/A,N/A,N/A,N/A,N/A,N/A,N/A,N/A,N/A,NOT_CALCULATED,2.8,N/A,0.855,VERIFIED,N/A,N/A,N/A,N/A,N/A,N/A,N/A,NOT_CALCULATED,N/A,MEDIUM,STAGE_MAPPED+CONVERSION_RATE,HIGH
3997,디에이치퍼스티어아이파크,11680,서울,개포1동주공아파트 주택재건축정비사업조합,재건축,7,CONSTRUCTION,VERIFIED,서울 정비사업 정보몽땅,착공,60.9,N/A,N/A,N/A,N/A,N/A,N/A,N/A,N/A,N/A,N/A,N/A,N/A,NOT_CALCULATED,2.8,N/A,0.855,VERIFIED,N/A,N/A,N/A,N/A,N/A,N/A,N/A,NOT_CALCULATED,N/A,MEDIUM,STAGE_MAPPED+CONVERSION_RATE,HIGH
3870,반포래미안트리니원,11650,서울,반포아파트(제3주구) 주택재건축정비사업 조합,재건축,7,CONSTRUCTION,VERIFIED,서울 정비사업 정보몽땅,착공,75.1,N/A,N/A,N/A,N/A,N/A,N/A,N/A,N/A,N/A,N/A,N/A,N/A,NOT_CALCULATED,2.8,N/A,0.855,VERIFIED,N/A,N/A,N/A,N/A,N/A,N/A,N/A,NOT_CALCULATED,N/A,MEDIUM,STAGE_MAPPED+CONVERSION_RATE,HIGH
3778,방배아트자이,11650,서울,방배삼익아파트 주택재건축정비사업조합,재건축,7,CONSTRUCTION,VERIFIED,서울 정비사업 정보몽땅,분양,93.7,N/A,N/A,N/A,N/A,N/A,N/A,N/A,N/A,N/A,N/A,N/A,N/A,NOT_CALCULATED,2.8,N/A,0.855,VERIFIED,N/A,N/A,N/A,N/A,N/A,N/A,N/A,NOT_CALCULATED,N/A,MEDIUM,STAGE_MAPPED+CONVERSION_RATE,HIGH
3834,블루힐하우스,11650,서울,신반포22차아파트 주택재건축정비사업조합,재건축,7,CONSTRUCTION,VERIFIED,서울 정비사업 정보몽땅,착공,87.6,N/A,N/A,N/A,N/A,N/A,N/A,N/A,N/A,N/A,N/A,N/A,N/A,NOT_CALCULATED,2.8,N/A,0.855,VERIFIED,N/A,N/A,N/A,N/A,N/A,N/A,N/A,NOT_CALCULATED,N/A,MEDIUM,STAGE_MAPPED+CONVERSION_RATE,HIGH
2445,새절역 두산위브트레지움,11380,서울,신사1 주택재건축정비사업 조합,재건축,7,CONSTRUCTION,VERIFIED,서울 정비사업 정보몽땅,착공,90.4,N/A,N/A,N/A,N/A,N/A,N/A,N/A,N/A,N/A,N/A,N/A,N/A,NOT_CALCULATED,2.8,N/A,0.855,VERIFIED,N/A,N/A,N/A,N/A,N/A,N/A,N/A,NOT_CALCULATED,N/A,MEDIUM,STAGE_MAPPED+CONVERSION_RATE,HIGH
1411,서울숲대림아파트,11200,서울,장미아파트주택재건축정비사업,재건축,7,CONSTRUCTION,VERIFIED,서울 정비사업 정보몽땅,착공,140.6,N/A,N/A,N/A,N/A,N/A,N/A,N/A,N/A,N/A,N/A,N/A,N/A,NOT_CALCULATED,2.8,N/A,0.855,VERIFIED,N/A,N/A,N/A,N/A,N/A,N/A,N/A,NOT_CALCULATED,N/A,MEDIUM,STAGE_MAPPED+CONVERSION_RATE,HIGH
2441,센트레빌아스테리움시그니처아파트,11380,서울,역촌1구역 주택재건축정비사업조합,재건축,7,CONSTRUCTION,VERIFIED,서울 정비사업 정보몽땅,분양,137.2,N/A,N/A,N/A,N/A,N/A,N/A,N/A,N/A,N/A,N/A,N/A,N/A,NOT_CALCULATED,2.8,N/A,0.855,VERIFIED,N/A,N/A,N/A,N/A,N/A,N/A,N/A,NOT_CALCULATED,N/A,MEDIUM,STAGE_MAPPED+CONVERSION_RATE,HIGH
3600,신동아갯마을아파트,11590,서울,동작1 주택재건축 조합,재건축,7,CONSTRUCTION,VERIFIED,서울 정비사업 정보몽땅,착공,66.4,N/A,N/A,N/A,N/A,N/A,N/A,N/A,N/A,N/A,N/A,N/A,N/A,NOT_CALCULATED,2.8,N/A,0.855,VERIFIED,N/A,N/A,N/A,N/A,N/A,N/A,N/A,NOT_CALCULATED,N/A,MEDIUM,STAGE_MAPPED+CONVERSION_RATE,HIGH
3996,역삼래미안,11680,서울,"역삼동(758,은하수,760) 주택재건축정비사업조합",재건축,7,CONSTRUCTION,VERIFIED,서울 정비사업 정보몽땅,분양,131.3,N/A,N/A,N/A,N/A,N/A,N/A,N/A,N/A,N/A,N/A,N/A,N/A,NOT_CALCULATED,2.8,N/A,0.855,VERIFIED,N/A,N/A,N/A,N/A,N/A,N/A,N/A,NOT_CALCULATED,N/A,MEDIUM,STAGE_MAPPED+CONVERSION_RATE,HIGH
2149,월계동신,11350,서울,월계동주택재건축정비사업조합,재건축,7,CONSTRUCTION,VERIFIED,서울 정비사업 정보몽땅,착공,116.2,N/A,N/A,N/A,N/A,N/A,N/A,N/A,N/A,N/A,N/A,N/A,N/A,NOT_CALCULATED,2.8,N/A,0.855,VERIFIED,N/A,N/A,N/A,N/A,N/A,N/A,N/A,NOT_CALCULATED,N/A,MEDIUM,STAGE_MAPPED+CONVERSION_RATE,HIGH
4476,이편한세상 강동 프레스티지원,11740,서울,천호3 주택재건축정비사업조합,재건축,7,CONSTRUCTION,VERIFIED,서울 정비사업 정보몽땅,분양,90.9,N/A,N/A,N/A,N/A,N/A,N/A,N/A,N/A,N/A,N/A,N/A,N/A,NOT_CALCULATED,2.8,N/A,0.855,VERIFIED,N/A,N/A,N/A,N/A,N/A,N/A,N/A,NOT_CALCULATED,N/A,MEDIUM,STAGE_MAPPED+CONVERSION_RATE,HIGH
1551,제기현대,11230,서울,제기1주택재건축정비구역(지정개발자방식),재건축,7,CONSTRUCTION,VERIFIED,서울 정비사업 정보몽땅,착공,99.4,N/A,N/A,N/A,N/A,N/A,N/A,N/A,N/A,N/A,N/A,N/A,N/A,NOT_CALCULATED,2.8,N/A,0.855,VERIFIED,N/A,N/A,N/A,N/A,N/A,N/A,N/A,NOT_CALCULATED,N/A,MEDIUM,STAGE_MAPPED+CONVERSION_RATE,HIGH
1796,중앙하이츠,11260,서울,신일빌라 소규모재건축정비사업조합,재건축,7,CONSTRUCTION,VERIFIED,서울 정비사업 정보몽땅,철거,77.0,N/A,N/A,N/A,N/A,N/A,N/A,N/A,N/A,N/A,N/A,N/A,N/A,NOT_CALCULATED,2.8,N/A,0.855,VERIFIED,N/A,N/A,N/A,N/A,N/A,N/A,N/A,NOT_CALCULATED,N/A,MEDIUM,STAGE_MAPPED+CONVERSION_RATE,HIGH
1918,하월곡동신,11290,서울,동신아파트소규모재건축정비사업,소규모재건축,7,CONSTRUCTION,VERIFIED,서울 정비사업 정보몽땅,분양,119.0,N/A,N/A,N/A,N/A,N/A,N/A,N/A,N/A,N/A,N/A,N/A,N/A,NOT_CALCULATED,2.8,N/A,0.855,VERIFIED,N/A,N/A,N/A,N/A,N/A,N/A,N/A,NOT_CALCULATED,N/A,MEDIUM,STAGE_MAPPED+CONVERSION_RATE,HIGH
3079,해태아파트,11500,서울,방화6재정비촉진구역 주택재건축정비사업조합,재건축,7,CONSTRUCTION,VERIFIED,서울 정비사업 정보몽땅,분양,147.3,N/A,N/A,N/A,N/A,N/A,N/A,N/A,N/A,N/A,N/A,N/A,N/A,NOT_CALCULATED,2.8,N/A,0.855,VERIFIED,N/A,N/A,N/A,N/A,N/A,N/A,N/A,NOT_CALCULATED,N/A,MEDIUM,STAGE_MAPPED+CONVERSION_RATE,HIGH
517,산곡 한화1차 아파트,28237,인천,산곡구역,주택재개발,7,CONSTRUCTION,PROXY_MATCH,인천 renewal 정비사업 현황,착공,244.5,N/A,2475.0,N/A,N/A,N/A,N/A,N/A,N/A,N/A,N/A,N/A,N/A,NOT_CALCULATED,2.3,N/A,0.889,PROXY,N/A,N/A,N/A,N/A,N/A,N/A,N/A,NOT_CALCULATED,N/A,LOW,STAGE_MAPPED+CONVERSION_RATE,HIGH
183,청학동보,28185,인천,송도영남아파트구역,주택재건축,7,CONSTRUCTION,VERIFIED,인천 renewal 정비사업 현황,착공,124.1,328.92093225876715,649.0,N/A,34.007407407407406,N/A,N/A,N/A,N/A,N/A,N/A,N/A,N/A,NOT_CALCULATED,2.3,N/A,0.889,PROXY,N/A,N/A,N/A,N/A,N/A,N/A,N/A,NOT_CALCULATED,N/A,MEDIUM,STAGE_MAPPED+CONVERSION_RATE,HIGH
5665,미륭아파트,41173,경기,미륭아파트,재건축,6,DISPOSITION_APPROVED,PROXY_MATCH,경기데이터드림 정비사업 추진현황,관리처분,179.1,255.0,576.0,N/A,N/A,300.0,N/A,N/A,N/A,N/A,N/A,N/A,N/A,NOT_CALCULATED,1.3,N/A,0.941,VERIFIED,N/A,N/A,N/A,N/A,N/A,N/A,N/A,NOT_CALCULATED,N/A,LOW,STAGE_MAPPED+CONVERSION_RATE,HIGH
6768,행신동문,41281,경기,행신 Ⅱ-1구역,재건축,6,DISPOSITION_APPROVED,PROXY_MATCH,경기데이터드림 정비사업 추진현황,관리처분,348.6,104.0,267.0,N/A,N/A,230.0,N/A,N/A,N/A,N/A,N/A,N/A,N/A,NOT_CALCULATED,1.3,N/A,0.941,VERIFIED,N/A,N/A,N/A,N/A,N/A,N/A,N/A,NOT_CALCULATED,N/A,LOW,STAGE_MAPPED+CONVERSION_RATE,HIGH
4276,가락미륭아파트,11710,서울,가락미륭아파트 재건축정비사업조합,재건축,6,DISPOSITION_APPROVED,VERIFIED,서울 정비사업 정보몽땅,관리처분인가,51.0,211.74305056019236,N/A,N/A,46.65885057471264,N/A,N/A,N/A,N/A,N/A,N/A,N/A,N/A,NOT_CALCULATED,1.9,N/A,0.786,VERIFIED,N/A,N/A,N/A,N/A,N/A,N/A,N/A,NOT_CALCULATED,N/A,MEDIUM,STAGE_MAPPED+CONVERSION_RATE,HIGH
4256,가락삼익맨숀,11710,서울,가락삼익맨숀아파트 재건축정비사업 조합,재건축,6,DISPOSITION_APPROVED,VERIFIED,서울 정비사업 정보몽땅,관리처분인가,111.6,198.87806274771148,N/A,N/A,63.80523504273504,N/A,N/A,N/A,N/A,N/A,N/A,N/A,N/A,NOT_CALCULATED,1.9,N/A,0.786,VERIFIED,N/A,N/A,N/A,N/A,N/A,N/A,N/A,NOT_CALCULATED,N/A,MEDIUM,STAGE_MAPPED+CONVERSION_RATE,HIGH
3860,강변아파트,11650,서울,신반포16차아파트 주택재건축정비사업조합,재건축,6,DISPOSITION_APPROVED,VERIFIED,서울 정비사업 정보몽땅,관리처분인가,86.2,263.93882197854873,N/A,N/A,37.086666666666666,N/A,N/A,N/A,N/A,N/A,N/A,N/A,N/A,NOT_CALCULATED,1.9,N/A,0.786,VERIFIED,N/A,N/A,N/A,N/A,N/A,N/A,N/A,NOT_CALCULATED,N/A,MEDIUM,STAGE_MAPPED+CONVERSION_RATE,HIGH
4016,개포주공5단지,11680,서울,개포주공5단지아파트 재건축정비사업 조합,재건축,6,DISPOSITION_APPROVED,VERIFIED,서울 정비사업 정보몽땅,관리처분인가,64.2,167.94371441870456,N/A,N/A,59.42340425531915,N/A,N/A,N/A,N/A,N/A,N/A,N/A,N/A,NOT_CALCULATED,1.9,N/A,0.786,VERIFIED,N/A,N/A,N/A,N/A,N/A,N/A,N/A,NOT_CALCULATED,N/A,MEDIUM,STAGE_MAPPED+CONVERSION_RATE,HIGH
3184,구로보광,11530,서울,구로동440번지일대(보광아파트)재건축정비사업조합,재건축,6,DISPOSITION_APPROVED,VERIFIED,서울 정비사업 정보몽땅,관리처분인가,55.6,122.80924324618823,N/A,N/A,75.57823529411765,N/A,N/A,N/A,N/A,N/A,N/A,N/A,N/A,NOT_CALCULATED,1.9,N/A,0.786,VERIFIED,N/A,N/A,N/A,N/A,N/A,N/A,N/A,NOT_CALCULATED,N/A,MEDIUM,STAGE_MAPPED+CONVERSION_RATE,HIGH
3407,당산삼익,11560,서울,당산현대2차아파트 소규모재건축정비사업조합,소규모재건축,6,DISPOSITION_APPROVED,VERIFIED,서울 정비사업 정보몽땅,관리처분인가,131.5,330.5425441670048,N/A,N/A,46.215340909090905,N/A,N/A,N/A,N/A,N/A,N/A,N/A,N/A,NOT_CALCULATED,1.9,N/A,0.786,VERIFIED,N/A,N/A,N/A,N/A,N/A,N/A,N/A,NOT_CALCULATED,N/A,MEDIUM,STAGE_MAPPED+CONVERSION_RATE,HIGH
4186,도곡개포한신아파트,11680,서울,도곡개포한신아파트 주택재건축정비사업조합,재건축,6,DISPOSITION_APPROVED,VERIFIED,서울 정비사업 정보몽땅,관리처분인가,125.8,170.403758944973,N/A,N/A,58.82741935483871,N/A,N/A,N/A,N/A,N/A,N/A,N/A,N/A,NOT_CALCULATED,1.9,N/A,0.786,VERIFIED,N/A,N/A,N/A,N/A,N/A,N/A,N/A,NOT_CALCULATED,N/A,MEDIUM,STAGE_MAPPED+CONVERSION_RATE,HIGH
4147,디에이치포레센트아파트,11680,서울,일원개포한신아파트 재건축정비사업조합,재건축,6,DISPOSITION_APPROVED,VERIFIED,서울 정비사업 정보몽땅,관리처분인가,142.9,N/A,N/A,N/A,N/A,N/A,N/A,N/A,N/A,N/A,N/A,N/A,N/A,NOT_CALCULATED,1.9,N/A,0.786,VERIFIED,N/A,N/A,N/A,N/A,N/A,N/A,N/A,NOT_CALCULATED,N/A,MEDIUM,STAGE_MAPPED+CONVERSION_RATE,HIGH
3491,래미안에스티움,11560,서울,신길10재정비촉진구역 주택재건축정비사업 사업시행자(한국토지신탁),재건축,6,DISPOSITION_APPROVED,VERIFIED,서울 정비사업 정보몽땅,관리처분인가,127.2,N/A,N/A,N/A,N/A,N/A,N/A,N/A,N/A,N/A,N/A,N/A,N/A,NOT_CALCULATED,1.9,N/A,0.786,VERIFIED,N/A,N/A,N/A,N/A,N/A,N/A,N/A,NOT_CALCULATED,N/A,MEDIUM,STAGE_MAPPED+CONVERSION_RATE,HIGH
3444,문래두산위브,11560,서울,문래진주아파트 주택재건축정비사업조합,재건축,6,DISPOSITION_APPROVED,VERIFIED,서울 정비사업 정보몽땅,관리처분인가,74.9,257.60444915823103,N/A,N/A,38.89608355091384,N/A,N/A,N/A,N/A,N/A,N/A,N/A,N/A,NOT_CALCULATED,1.9,N/A,0.786,VERIFIED,N/A,N/A,N/A,N/A,N/A,N/A,N/A,NOT_CALCULATED,N/A,MEDIUM,STAGE_MAPPED+CONVERSION_RATE,HIGH
4279,삼환가락,11710,서울,삼환가락아파트 재건축정비사업 조합,재건축,6,DISPOSITION_APPROVED,VERIFIED,서울 정비사업 정보몽땅,관리처분인가,131.4,192.3086342799368,N/A,N/A,62.88456790123456,N/A,N/A,N/A,N/A,N/A,N/A,N/A,N/A,NOT_CALCULATED,1.9,N/A,0.786,VERIFIED,N/A,N/A,N/A,N/A,N/A,N/A,N/A,NOT_CALCULATED,N/A,MEDIUM,STAGE_MAPPED+CONVERSION_RATE,HIGH
4343,상아2차아파트,11710,서울,가락상아1차아파트 재건축사업 조합,재건축,6,DISPOSITION_APPROVED,VERIFIED,서울 정비사업 정보몽땅,관리처분인가,115.6,255.39353142512954,N/A,N/A,32.761466666666664,N/A,N/A,N/A,N/A,N/A,N/A,N/A,N/A,NOT_CALCULATED,1.9,N/A,0.786,VERIFIED,N/A,N/A,N/A,N/A,N/A,N/A,N/A,NOT_CALCULATED,N/A,MEDIUM,STAGE_MAPPED+CONVERSION_RATE,HIGH
3861,"신반포 한신 25,26,27차 아파트",11650,서울,신반포27차아파트 주택재건축정비사업조합,재건축,6,DISPOSITION_APPROVED,VERIFIED,서울 정비사업 정보몽땅,관리처분인가,15.1,N/A,N/A,N/A,N/A,N/A,N/A,N/A,N/A,N/A,N/A,N/A,N/A,NOT_CALCULATED,1.9,N/A,0.786,VERIFIED,N/A,N/A,N/A,N/A,N/A,N/A,N/A,NOT_CALCULATED,N/A,MEDIUM,STAGE_MAPPED+CONVERSION_RATE,HIGH
3865,신반포한신5지구(12차),11650,서울,신반포12차아파트 재건축정비사업조합,재건축,6,DISPOSITION_APPROVED,VERIFIED,서울 정비사업 정보몽땅,관리처분인가,48.3,N/A,N/A,N/A,N/A,N/A,N/A,N/A,N/A,N/A,N/A,N/A,N/A,NOT_CALCULATED,1.9,N/A,0.786,VERIFIED,N/A,N/A,N/A,N/A,N/A,N/A,N/A,NOT_CALCULATED,N/A,MEDIUM,STAGE_MAPPED+CONVERSION_RATE,HIGH
2778,신정e-편한세상,11470,서울,신정수정아파트 재건축정비사업,재건축,6,DISPOSITION_APPROVED,VERIFIED,서울 정비사업 정보몽땅,관리처분인가,95.0,N/A,N/A,N/A,N/A,N/A,N/A,N/A,N/A,N/A,N/A,N/A,N/A,NOT_CALCULATED,1.9,N/A,0.786,VERIFIED,N/A,N/A,N/A,N/A,N/A,N/A,N/A,NOT_CALCULATED,N/A,MEDIUM,STAGE_MAPPED+CONVERSION_RATE,HIGH
2758,신정대성유니드1차아파트,11470,서울,신정4재정비촉진구역 재건축정비사업조합,재건축,6,DISPOSITION_APPROVED,VERIFIED,서울 정비사업 정보몽땅,관리처분인가,73.8,N/A,N/A,N/A,N/A,N/A,N/A,N/A,N/A,N/A,N/A,N/A,N/A,NOT_CALCULATED,1.9,N/A,0.786,VERIFIED,N/A,N/A,N/A,N/A,N/A,N/A,N/A,NOT_CALCULATED,N/A,MEDIUM,STAGE_MAPPED+CONVERSION_RATE,HIGH
3376,여의도대교,11560,서울,여의도 대교아파트 재건축정비사업,재건축,6,DISPOSITION_APPROVED,VERIFIED,서울 정비사업 정보몽땅,관리처분인가,69.2,226.5671472286192,N/A,N/A,55.032986111111114,N/A,N/A,N/A,N/A,N/A,N/A,N/A,N/A,NOT_CALCULATED,1.9,N/A,0.786,VERIFIED,N/A,N/A,N/A,N/A,N/A,N/A,N/A,NOT_CALCULATED,N/A,MEDIUM,STAGE_MAPPED+CONVERSION_RATE,HIGH
1234,원효산호,11170,서울,산호아파트 주택재건축 정비사업조합,재건축,6,DISPOSITION_APPROVED,VERIFIED,서울 정비사업 정보몽땅,관리처분인가,57.9,N/A,N/A,N/A,N/A,N/A,N/A,N/A,N/A,N/A,N/A,N/A,N/A,NOT_CALCULATED,1.9,N/A,0.786,VERIFIED,N/A,N/A,N/A,N/A,N/A,N/A,N/A,NOT_CALCULATED,N/A,MEDIUM,STAGE_MAPPED+CONVERSION_RATE,HIGH
1357,응봉대림1차,11200,서울,응봉1 주택재건축정비사업 조합,재건축,6,DISPOSITION_APPROVED,VERIFIED,서울 정비사업 정보몽땅,관리처분인가,149.3,235.7309134801914,N/A,N/A,54.26198830409357,N/A,N/A,N/A,N/A,N/A,N/A,N/A,N/A,NOT_CALCULATED,1.9,N/A,0.786,VERIFIED,N/A,N/A,N/A,N/A,N/A,N/A,N/A,NOT_CALCULATED,N/A,MEDIUM,STAGE_MAPPED+CONVERSION_RATE,HIGH
2558,인왕산현대,11410,서울,홍제3구역주택재건축정비사업조합,재건축,6,DISPOSITION_APPROVED,VERIFIED,서울 정비사업 정보몽땅,관리처분인가,125.0,N/A,N/A,N/A,N/A,N/A,N/A,N/A,N/A,N/A,N/A,N/A,N/A,NOT_CALCULATED,1.9,N/A,0.786,VERIFIED,N/A,N/A,N/A,N/A,N/A,N/A,N/A,NOT_CALCULATED,N/A,MEDIUM,STAGE_MAPPED+CONVERSION_RATE,HIGH
4211,잠실우성4차,11710,서울,잠실우성4차 주택재건축정비사업조합,재건축,6,DISPOSITION_APPROVED,VERIFIED,서울 정비사업 정보몽땅,관리처분인가,70.8,200.20831159798297,N/A,N/A,56.99189189189189,N/A,N/A,N/A,N/A,N/A,N/A,N/A,N/A,NOT_CALCULATED,1.9,N/A,0.786,VERIFIED,N/A,N/A,N/A,N/A,N/A,N/A,N/A,NOT_CALCULATED,N/A,MEDIUM,STAGE_MAPPED+CONVERSION_RATE,HIGH
4327,잠실한양3차,11710,서울,한양3차아파트 재건축정비사업조합,재건축,6,DISPOSITION_APPROVED,VERIFIED,서울 정비사업 정보몽땅,관리처분인가,75.5,183.31791222417544,N/A,N/A,79.68531746031746,N/A,N/A,N/A,N/A,N/A,N/A,N/A,N/A,NOT_CALCULATED,1.9,N/A,0.786,VERIFIED,N/A,N/A,N/A,N/A,N/A,N/A,N/A,NOT_CALCULATED,N/A,MEDIUM,STAGE_MAPPED+CONVERSION_RATE,HIGH
1615,장안현대,11230,서울,장안동 현대아파트 재건축정비사업조합,재건축,6,DISPOSITION_APPROVED,VERIFIED,서울 정비사업 정보몽땅,관리처분인가,107.5,308.7685511236315,N/A,N/A,34.25219298245614,N/A,N/A,N/A,N/A,N/A,N/A,N/A,N/A,NOT_CALCULATED,1.9,N/A,0.786,VERIFIED,N/A,N/A,N/A,N/A,N/A,N/A,N/A,NOT_CALCULATED,N/A,MEDIUM,STAGE_MAPPED+CONVERSION_RATE,HIGH
3278,천왕연지마을1단지 아파트,11530,서울,오류동 현대연립 주택재건축정비사업조합,재건축,6,DISPOSITION_APPROVED,VERIFIED,서울 정비사업 정보몽땅,관리처분인가,122.4,N/A,N/A,N/A,N/A,N/A,N/A,N/A,N/A,N/A,N/A,N/A,N/A,NOT_CALCULATED,1.9,N/A,0.786,VERIFIED,N/A,N/A,N/A,N/A,N/A,N/A,N/A,NOT_CALCULATED,N/A,MEDIUM,STAGE_MAPPED+CONVERSION_RATE,HIGH
4494,천호우성,11740,서울,천호우성아파트 주택재건축정비사업 조합,재건축,6,DISPOSITION_APPROVED,VERIFIED,서울 정비사업 정보몽땅,관리처분인가,86.5,261.13555578048624,N/A,N/A,35.06325678496869,N/A,N/A,N/A,N/A,N/A,N/A,N/A,N/A,NOT_CALCULATED,1.9,N/A,0.786,VERIFIED,N/A,N/A,N/A,N/A,N/A,N/A,N/A,NOT_CALCULATED,N/A,MEDIUM,STAGE_MAPPED+CONVERSION_RATE,HIGH
1273,한강삼익,11170,서울,한강맨션아파트 주택재건축 조합,재건축,6,DISPOSITION_APPROVED,VERIFIED,서울 정비사업 정보몽땅,관리처분인가,107.2,195.44997120603105,N/A,N/A,68.21865079365078,N/A,N/A,N/A,N/A,N/A,N/A,N/A,N/A,NOT_CALCULATED,1.9,N/A,0.786,VERIFIED,N/A,N/A,N/A,N/A,N/A,N/A,N/A,NOT_CALCULATED,N/A,MEDIUM,STAGE_MAPPED+CONVERSION_RATE,HIGH
626,새사미2차아파트,28245,인천,효성새사미아파트구역,주택재건축,6,DISPOSITION_APPROVED,VERIFIED,인천 renewal 정비사업 현황,사업시행인가,68.8,155.40289639806906,413.0,N/A,48.089285714285715,N/A,N/A,N/A,N/A,N/A,N/A,N/A,N/A,NOT_CALCULATED,2.2,N/A,0.875,PROXY,N/A,N/A,N/A,N/A,N/A,N/A,N/A,NOT_CALCULATED,N/A,MEDIUM,STAGE_MAPPED+CONVERSION_RATE,HIGH
6025,미성아파트,41196,경기,성곡2-1,재건축,5,PROJECT_APPROVED,VERIFIED,경기데이터드림 정비사업 추진현황,사업시행,78.9,212.88715497188494,296.0,N/A,18.44493243243243,230.0,N/A,N/A,N/A,N/A,N/A,N/A,N/A,NOT_CALCULATED,1.2,N/A,0.916,VERIFIED,N/A,N/A,N/A,N/A,N/A,N/A,N/A,NOT_CALCULATED,N/A,MEDIUM,STAGE_MAPPED+CONVERSION_RATE,HIGH
5061,은행주공,41133,경기,은행주공아파트,재건축,5,PROJECT_APPROVED,VERIFIED,경기데이터드림 정비사업 추진현황,사업시행,140.4,99.40529016907352,2111.0,N/A,72.73073684210526,250.0,N/A,N/A,N/A,N/A,N/A,N/A,N/A,NOT_CALCULATED,1.2,N/A,0.916,VERIFIED,N/A,N/A,N/A,N/A,N/A,N/A,N/A,NOT_CALCULATED,N/A,MEDIUM,STAGE_MAPPED+CONVERSION_RATE,HIGH
4291,가락1차현대아파트,11710,서울,가락1차현대아파트 재건축정비사업 조합,재건축,5,PROJECT_APPROVED,VERIFIED,서울 정비사업 정보몽땅,사업시행인가,75.0,200.13014781894168,N/A,N/A,66.0577821011673,N/A,N/A,N/A,N/A,N/A,N/A,N/A,N/A,NOT_CALCULATED,1.9,N/A,0.776,VERIFIED,N/A,N/A,N/A,N/A,N/A,N/A,N/A,NOT_CALCULATED,N/A,MEDIUM,STAGE_MAPPED+CONVERSION_RATE,HIGH
4268,가락극동,11710,서울,가락극동아파트 재건축사업 조합,재건축,5,PROJECT_APPROVED,VERIFIED,서울 정비사업 정보몽땅,사업시행인가,85.4,186.6442790720866,N/A,N/A,72.27297297297298,N/A,N/A,N/A,N/A,N/A,N/A,N/A,N/A,NOT_CALCULATED,1.9,N/A,0.776,VERIFIED,N/A,N/A,N/A,N/A,N/A,N/A,N/A,NOT_CALCULATED,N/A,MEDIUM,STAGE_MAPPED+CONVERSION_RATE,HIGH
4014,개포주공7단지,11680,서울,"개포주공6,7단지아파트 재건축정비사업조합",재건축,5,PROJECT_APPROVED,VERIFIED,서울 정비사업 정보몽땅,사업시행인가,126.4,75.90717403245591,N/A,N/A,126.62644444444445,N/A,N/A,N/A,N/A,N/A,N/A,N/A,N/A,NOT_CALCULATED,1.9,N/A,0.776,VERIFIED,N/A,N/A,N/A,N/A,N/A,N/A,N/A,NOT_CALCULATED,N/A,MEDIUM,STAGE_MAPPED+CONVERSION_RATE,HIGH
2634,공덕현대,11440,서울,공덕현대아파트 소규모재건축정비사업 조합,소규모재건축,5,PROJECT_APPROVED,VERIFIED,서울 정비사업 정보몽땅,사업시행인가,55.2,222.2229083424143,N/A,N/A,45.131147540983605,N/A,N/A,N/A,N/A,N/A,N/A,N/A,N/A,NOT_CALCULATED,1.9,N/A,0.776,VERIFIED,N/A,N/A,N/A,N/A,N/A,N/A,N/A,NOT_CALCULATED,N/A,MEDIUM,STAGE_MAPPED+CONVERSION_RATE,HIGH
3349,남서울 무지개,11545,서울,무지개아파트 일대 재건축 정비사업 조합,재건축,5,PROJECT_APPROVED,VERIFIED,서울 정비사업 정보몽땅,사업시행인가,64.8,183.46321551691483,N/A,N/A,41.2453125,N/A,N/A,N/A,N/A,N/A,N/A,N/A,N/A,NOT_CALCULATED,1.9,N/A,0.776,VERIFIED,N/A,N/A,N/A,N/A,N/A,N/A,N/A,NOT_CALCULATED,N/A,MEDIUM,STAGE_MAPPED+CONVERSION_RATE,HIGH
3420,당산유원제일2차,11560,서울,유원제일2차아파트 재건축정비사업조합,재건축,5,PROJECT_APPROVED,VERIFIED,서울 정비사업 정보몽땅,사업시행인가,58.4,198.58240182033288,N/A,N/A,69.88804878048781,N/A,N/A,N/A,N/A,N/A,N/A,N/A,N/A,NOT_CALCULATED,1.9,N/A,0.776,VERIFIED,N/A,N/A,N/A,N/A,N/A,N/A,N/A,NOT_CALCULATED,N/A,MEDIUM,STAGE_MAPPED+CONVERSION_RATE,HIGH
4085,대치쌍용2차,11680,서울,대치쌍용2차아파트 주택재건축정비사업조합,재건축,5,PROJECT_APPROVED,VERIFIED,서울 정비사업 정보몽땅,사업시행인가,41.1,193.23394495412845,N/A,N/A,67.07692307692308,N/A,N/A,N/A,N/A,N/A,N/A,N/A,N/A,NOT_CALCULATED,1.9,N/A,0.776,VERIFIED,N/A,N/A,N/A,N/A,N/A,N/A,N/A,NOT_CALCULATED,N/A,MEDIUM,STAGE_MAPPED+CONVERSION_RATE,HIGH
4086,대치우성1차아파트,11680,서울,대치우성1차아파트 재건축정비사업조합,재건축,5,PROJECT_APPROVED,VERIFIED,서울 정비사업 정보몽땅,사업시행인가,84.0,191.12666532770973,N/A,N/A,62.760504201680675,N/A,N/A,N/A,N/A,N/A,N/A,N/A,N/A,NOT_CALCULATED,1.9,N/A,0.776,VERIFIED,N/A,N/A,N/A,N/A,N/A,N/A,N/A,NOT_CALCULATED,N/A,MEDIUM,STAGE_MAPPED+CONVERSION_RATE,HIGH
3089,마곡푸르지오,11500,서울,신안빌라주택재건축정비사업,재건축,5,PROJECT_APPROVED,VERIFIED,서울 정비사업 정보몽땅,사업시행인가,143.1,N/A,N/A,N/A,N/A,N/A,N/A,N/A,N/A,N/A,N/A,N/A,N/A,NOT_CALCULATED,1.9,N/A,0.776,VERIFIED,N/A,N/A,N/A,N/A,N/A,N/A,N/A,NOT_CALCULATED,N/A,MEDIUM,STAGE_MAPPED+CONVERSION_RATE,HIGH
3429,문래남성,11560,서울,남성아파트 주택재건축정비사업조합,재건축,5,PROJECT_APPROVED,VERIFIED,서울 정비사업 정보몽땅,사업시행인가,50.3,187.97347656455028,N/A,N/A,43.966923076923074,N/A,N/A,N/A,N/A,N/A,N/A,N/A,N/A,NOT_CALCULATED,1.9,N/A,0.776,VERIFIED,N/A,N/A,N/A,N/A,N/A,N/A,N/A,NOT_CALCULATED,N/A,MEDIUM,STAGE_MAPPED+CONVERSION_RATE,HIGH
3776,방배서리풀그랑블아파트,11650,서울,방배7구역 주택재건축정비사업조합,재건축,5,PROJECT_APPROVED,VERIFIED,서울 정비사업 정보몽땅,사업시행인가,137.2,N/A,N/A,N/A,N/A,N/A,N/A,N/A,N/A,N/A,N/A,N/A,N/A,NOT_CALCULATED,1.9,N/A,0.776,VERIFIED,N/A,N/A,N/A,N/A,N/A,N/A,N/A,NOT_CALCULATED,N/A,MEDIUM,STAGE_MAPPED+CONVERSION_RATE,HIGH
1994,번동주공5단지,11305,서울,번동 3구역 가로주택 정비사업 조합,가로주택정비,5,PROJECT_APPROVED,PROXY_MATCH,서울 정비사업 정보몽땅,사업시행인가,293.7,N/A,N/A,N/A,N/A,N/A,N/A,N/A,N/A,N/A,N/A,N/A,N/A,NOT_CALCULATED,1.9,N/A,0.776,VERIFIED,N/A,N/A,N/A,N/A,N/A,N/A,N/A,NOT_CALCULATED,N/A,LOW,STAGE_MAPPED+CONVERSION_RATE,HIGH
2381,불광삼익아파트,11380,서울,불광1주택재건축정비사업(신탁방식),재건축,5,PROJECT_APPROVED,VERIFIED,서울 정비사업 정보몽땅,사업시행인가,63.4,N/A,N/A,N/A,N/A,N/A,N/A,N/A,N/A,N/A,N/A,N/A,N/A,NOT_CALCULATED,1.9,N/A,0.776,VERIFIED,N/A,N/A,N/A,N/A,N/A,N/A,N/A,NOT_CALCULATED,N/A,MEDIUM,STAGE_MAPPED+CONVERSION_RATE,HIGH
3617,사당휴먼시아,11590,서울,사당5주택재건축정비사업조합,재건축,5,PROJECT_APPROVED,VERIFIED,서울 정비사업 정보몽땅,사업시행인가,80.4,N/A,N/A,N/A,N/A,N/A,N/A,N/A,N/A,N/A,N/A,N/A,N/A,NOT_CALCULATED,1.9,N/A,0.776,VERIFIED,N/A,N/A,N/A,N/A,N/A,N/A,N/A,NOT_CALCULATED,N/A,MEDIUM,STAGE_MAPPED+CONVERSION_RATE,HIGH
3213,산업인,11530,서울,고척동 산업인아파트 재건축정비사업조합,재건축,5,PROJECT_APPROVED,VERIFIED,서울 정비사업 정보몽땅,사업시행인가,33.5,408.03918687239775,N/A,N/A,11.93859649122807,N/A,N/A,N/A,N/A,N/A,N/A,N/A,N/A,NOT_CALCULATED,1.9,N/A,0.776,VERIFIED,N/A,N/A,N/A,N/A,N/A,N/A,N/A,NOT_CALCULATED,N/A,MEDIUM,STAGE_MAPPED+CONVERSION_RATE,HIGH
2252,상계주공5단지,11350,서울,상계주공5단지 재건축정비사업,재건축,5,PROJECT_APPROVED,VERIFIED,서울 정비사업 정보몽땅,사업시행인가,22.3,92.6018916188642,N/A,N/A,40.30309523809524,N/A,N/A,N/A,N/A,N/A,N/A,N/A,N/A,NOT_CALCULATED,1.9,N/A,0.776,VERIFIED,N/A,N/A,N/A,N/A,N/A,N/A,N/A,NOT_CALCULATED,N/A,MEDIUM,STAGE_MAPPED+CONVERSION_RATE,HIGH
4473,성내1차e-편한세상,11740,서울,목화연립 주택재건축정비사업조합,재건축,5,PROJECT_APPROVED,VERIFIED,서울 정비사업 정보몽땅,사업시행인가,123.0,N/A,N/A,N/A,N/A,N/A,N/A,N/A,N/A,N/A,N/A,N/A,N/A,NOT_CALCULATED,1.9,N/A,0.776,VERIFIED,N/A,N/A,N/A,N/A,N/A,N/A,N/A,NOT_CALCULATED,N/A,MEDIUM,STAGE_MAPPED+CONVERSION_RATE,HIGH
3331,시흥 중앙하이츠빌라,11545,서울,석수빌라 소규모 재건축 사업 조합,소규모재건축,5,PROJECT_APPROVED,VERIFIED,서울 정비사업 정보몽땅,사업시행인가,54.9,268.2610376474202,N/A,N/A,85.059009009009,N/A,N/A,N/A,N/A,N/A,N/A,N/A,N/A,NOT_CALCULATED,1.9,N/A,0.776,VERIFIED,N/A,N/A,N/A,N/A,N/A,N/A,N/A,NOT_CALCULATED,N/A,MEDIUM,STAGE_MAPPED+CONVERSION_RATE,HIGH
3759,신림미성,11620,서울,미성아파트 재건축정비사업 조합,재건축,5,PROJECT_APPROVED,VERIFIED,서울 정비사업 정보몽땅,사업시행인가,58.7,162.4198784917548,N/A,N/A,55.551785714285714,N/A,N/A,N/A,N/A,N/A,N/A,N/A,N/A,NOT_CALCULATED,1.9,N/A,0.776,VERIFIED,N/A,N/A,N/A,N/A,N/A,N/A,N/A,NOT_CALCULATED,N/A,MEDIUM,STAGE_MAPPED+CONVERSION_RATE,HIGH
3490,신미아파트,11560,서울,신길13재정비촉진구역,재건축,5,PROJECT_APPROVED,VERIFIED,서울 정비사업 정보몽땅,사업시행인가,50.9,115.11485469098484,N/A,N/A,67.94538461538461,N/A,N/A,N/A,N/A,N/A,N/A,N/A,N/A,NOT_CALCULATED,1.9,N/A,0.776,VERIFIED,N/A,N/A,N/A,N/A,N/A,N/A,N/A,NOT_CALCULATED,N/A,MEDIUM,STAGE_MAPPED+CONVERSION_RATE,HIGH
4087,쌍용대치1차,11680,서울,대치쌍용1차아파트 주택재건축정비사업조합,재건축,5,PROJECT_APPROVED,VERIFIED,서울 정비사업 정보몽땅,사업시행인가,92.6,182.1428662110408,N/A,N/A,75.01746031746032,N/A,N/A,N/A,N/A,N/A,N/A,N/A,N/A,NOT_CALCULATED,1.9,N/A,0.776,VERIFIED,N/A,N/A,N/A,N/A,N/A,N/A,N/A,NOT_CALCULATED,N/A,MEDIUM,STAGE_MAPPED+CONVERSION_RATE,HIGH
3386,여의도한양,11560,서울,여의도 한양아파트 재건축정비사업,재건축,5,PROJECT_APPROVED,VERIFIED,서울 정비사업 정보몽땅,사업시행인가,93.1,254.48837409329394,N/A,N/A,59.31802721088435,N/A,N/A,N/A,N/A,N/A,N/A,N/A,N/A,NOT_CALCULATED,1.9,N/A,0.776,VERIFIED,N/A,N/A,N/A,N/A,N/A,N/A,N/A,NOT_CALCULATED,N/A,MEDIUM,STAGE_MAPPED+CONVERSION_RATE,HIGH
4088,은마,11680,서울,은마아파트 재건축정비사업조합,재건축,5,PROJECT_APPROVED,PROXY_MATCH,서울 정비사업 정보몽땅,사업시행인가,211.3,169.7360000468177,N/A,N/A,54.07454792043399,N/A,N/A,N/A,N/A,N/A,N/A,N/A,N/A,NOT_CALCULATED,1.9,N/A,0.776,VERIFIED,N/A,N/A,N/A,N/A,N/A,N/A,N/A,NOT_CALCULATED,N/A,LOW,STAGE_MAPPED+CONVERSION_RATE,HIGH
4212,잠실5단지아파트,11710,서울,잠실5단지아파트 주택재건축정비사업조합,재건축,5,PROJECT_APPROVED,VERIFIED,서울 정비사업 정보몽땅,사업시행인가,81.1,N/A,N/A,N/A,N/A,N/A,N/A,N/A,N/A,N/A,N/A,N/A,N/A,NOT_CALCULATED,1.9,N/A,0.776,VERIFIED,N/A,N/A,N/A,N/A,N/A,N/A,N/A,NOT_CALCULATED,N/A,MEDIUM,STAGE_MAPPED+CONVERSION_RATE,HIGH
1854,정릉2차대주피오레,11290,서울,정릉7 주택재건축정비사업 조합,재건축,5,PROJECT_APPROVED,VERIFIED,서울 정비사업 정보몽땅,사업시행인가,50.7,N/A,N/A,N/A,N/A,N/A,N/A,N/A,N/A,N/A,N/A,N/A,N/A,NOT_CALCULATED,1.9,N/A,0.776,VERIFIED,N/A,N/A,N/A,N/A,N/A,N/A,N/A,NOT_CALCULATED,N/A,MEDIUM,STAGE_MAPPED+CONVERSION_RATE,HIGH
1388,한남하이츠,11200,서울,한남하이츠아파트 주택재건축정비사업조합,재건축,5,PROJECT_APPROVED,VERIFIED,서울 정비사업 정보몽땅,사업시행인가,103.0,156.29801038062283,N/A,N/A,90.75140186915888,N/A,N/A,N/A,N/A,N/A,N/A,N/A,N/A,NOT_CALCULATED,1.9,N/A,0.776,VERIFIED,N/A,N/A,N/A,N/A,N/A,N/A,N/A,NOT_CALCULATED,N/A,MEDIUM,STAGE_MAPPED+CONVERSION_RATE,HIGH
807,송월 아파트,28125,인천,송월아파트구역,주택재개발,5,PROJECT_APPROVED,VERIFIED,인천 renewal 정비사업 현황,사업시행인가,58.1,N/A,692.0,N/A,N/A,N/A,N/A,N/A,N/A,N/A,N/A,N/A,N/A,NOT_CALCULATED,1.3,N/A,0.724,VERIFIED,N/A,N/A,N/A,N/A,N/A,N/A,N/A,NOT_CALCULATED,N/A,MEDIUM,STAGE_MAPPED+CONVERSION_RATE,HIGH
102,주안 남광로얄 아파트,28177,인천,남광로얄아파트구역,주택재건축,5,PROJECT_APPROVED,VERIFIED,인천 renewal 정비사업 현황,사업시행인가,129.4,N/A,654.0,N/A,N/A,N/A,N/A,N/A,N/A,N/A,N/A,N/A,N/A,NOT_CALCULATED,1.3,N/A,0.724,VERIFIED,N/A,N/A,N/A,N/A,N/A,N/A,N/A,NOT_CALCULATED,N/A,MEDIUM,STAGE_MAPPED+CONVERSION_RATE,HIGH
547,청천대진,28237,인천,청천대진아파트구역,주택재건축,5,PROJECT_APPROVED,VERIFIED,인천 renewal 정비사업 현황,사업시행인가,52.0,177.10920029815782,401.0,N/A,44.19294117647059,N/A,N/A,N/A,N/A,N/A,N/A,N/A,N/A,NOT_CALCULATED,1.3,N/A,0.724,VERIFIED,N/A,N/A,N/A,N/A,N/A,N/A,N/A,NOT_CALCULATED,N/A,MEDIUM,STAGE_MAPPED+CONVERSION_RATE,HIGH
6558,고잔주공6단지,41273,경기,주공6단지,재건축,4,OPERATOR_FORMED,VERIFIED,경기데이터드림 정비사업 추진현황,조합설립,104.7,72.14686909813348,590.0,N/A,69.10338983050848,260.0,N/A,N/A,N/A,N/A,N/A,N/A,N/A,NOT_CALCULATED,1.5,N/A,0.787,VERIFIED,N/A,N/A,N/A,N/A,N/A,N/A,N/A,NOT_CALCULATED,N/A,MEDIUM,STAGE_MAPPED+CONVERSION_RATE,HIGH
7110,과천주공10단지,41290,경기,주공10단지구역,재건축,4,OPERATOR_FORMED,VERIFIED,경기데이터드림 정비사업 추진현황,조합설립,115.0,166.78137767655844,632.0,N/A,69.12895569620254,180.0,N/A,N/A,N/A,N/A,N/A,N/A,N/A,NOT_CALCULATED,1.5,N/A,0.787,VERIFIED,N/A,N/A,N/A,N/A,N/A,N/A,N/A,NOT_CALCULATED,N/A,MEDIUM,STAGE_MAPPED+CONVERSION_RATE,HIGH
5685,관양현대,41173,경기,현대아파트,재건축,4,OPERATOR_FORMED,VERIFIED,경기데이터드림 정비사업 추진현황,조합설립,39.8,470.3263939081563,904.0,N/A,27.976906077348065,300.0,N/A,N/A,N/A,N/A,N/A,N/A,N/A,NOT_CALCULATED,1.5,N/A,0.787,VERIFIED,N/A,N/A,N/A,N/A,N/A,N/A,N/A,NOT_CALCULATED,N/A,MEDIUM,STAGE_MAPPED+CONVERSION_RATE,HIGH
6525,성포현대1차,41271,경기,현대1차아파트,재건축,4,OPERATOR_FORMED,VERIFIED,경기데이터드림 정비사업 추진현황,조합설립,47.1,148.94176774228666,570.0,N/A,38.67754385964913,N/A,N/A,N/A,N/A,N/A,N/A,N/A,N/A,NOT_CALCULATED,1.5,N/A,0.787,VERIFIED,N/A,N/A,N/A,N/A,N/A,N/A,N/A,NOT_CALCULATED,N/A,MEDIUM,STAGE_MAPPED+CONVERSION_RATE,HIGH
8544,수지2차삼성,41465,경기,수지2,재건축,4,OPERATOR_FORMED,PROXY_MATCH,경기데이터드림 정비사업 추진현황,조합설립,298.2,250.0,774.0,N/A,N/A,290.0,N/A,N/A,N/A,N/A,N/A,N/A,N/A,NOT_CALCULATED,1.5,N/A,0.787,VERIFIED,N/A,N/A,N/A,N/A,N/A,N/A,N/A,NOT_CALCULATED,N/A,LOW,STAGE_MAPPED+CONVERSION_RATE,HIGH
6975,일산동문(3),41287,경기,일산Ⅰ-2구역,재개발,4,OPERATOR_FORMED,PROXY_MATCH,경기데이터드림 정비사업 추진현황,조합설립,156.7,150.0,94.0,N/A,N/A,230.0,N/A,N/A,N/A,N/A,N/A,N/A,N/A,NOT_CALCULATED,1.5,N/A,0.787,VERIFIED,N/A,N/A,N/A,N/A,N/A,N/A,N/A,NOT_CALCULATED,N/A,LOW,STAGE_MAPPED+CONVERSION_RATE,HIGH
4277,가락쌍용1차,11710,서울,가락쌍용1차아파트 리모델링주택조합,리모델링,4,OPERATOR_FORMED,VERIFIED,서울 정비사업 정보몽땅,조합설립인가,60.7,N/A,N/A,N/A,N/A,N/A,N/A,N/A,N/A,N/A,N/A,N/A,N/A,NOT_CALCULATED,2.8,N/A,0.595,VERIFIED,N/A,N/A,N/A,N/A,N/A,N/A,N/A,NOT_CALCULATED,N/A,MEDIUM,STAGE_MAPPED+CONVERSION_RATE,HIGH
4272,가락우성1차,11710,서울,가락우성1차아파트 재건축정비사업 조합,재건축,4,OPERATOR_FORMED,VERIFIED,서울 정비사업 정보몽땅,조합설립인가,70.2,210.55248161581113,N/A,N/A,41.7684147794994,N/A,N/A,N/A,N/A,N/A,N/A,N/A,N/A,NOT_CALCULATED,2.8,N/A,0.595,VERIFIED,N/A,N/A,N/A,N/A,N/A,N/A,N/A,NOT_CALCULATED,N/A,MEDIUM,STAGE_MAPPED+CONVERSION_RATE,HIGH
4270,가락현대6차,11710,서울,가락현대6차아파트 가로주택정비사업,가로주택정비,4,OPERATOR_FORMED,VERIFIED,서울 정비사업 정보몽땅,조합설립인가,20.7,234.31493059234927,N/A,N/A,47.185,N/A,N/A,N/A,N/A,N/A,N/A,N/A,N/A,NOT_CALCULATED,2.8,N/A,0.595,VERIFIED,N/A,N/A,N/A,N/A,N/A,N/A,N/A,NOT_CALCULATED,N/A,MEDIUM,STAGE_MAPPED+CONVERSION_RATE,HIGH
4184,개포4차우성,11680,서울,개포우성4차아파트 주택재건축정비사업조합,재건축,4,OPERATOR_FORMED,VERIFIED,서울 정비사업 정보몽땅,조합설립인가,110.2,179.28622065883172,N/A,N/A,88.81503267973856,N/A,N/A,N/A,N/A,N/A,N/A,N/A,N/A,NOT_CALCULATED,2.8,N/A,0.595,VERIFIED,N/A,N/A,N/A,N/A,N/A,N/A,N/A,NOT_CALCULATED,N/A,MEDIUM,STAGE_MAPPED+CONVERSION_RATE,HIGH
3999,개포6차우성아파트,11680,서울,개포우성6차아파트 재건축정비사업조합,재건축,4,OPERATOR_FORMED,VERIFIED,서울 정비사업 정보몽땅,조합설립인가,42.2,109.21656985159309,N/A,N/A,76.76592592592593,N/A,N/A,N/A,N/A,N/A,N/A,N/A,N/A,NOT_CALCULATED,2.8,N/A,0.595,VERIFIED,N/A,N/A,N/A,N/A,N/A,N/A,N/A,NOT_CALCULATED,N/A,MEDIUM,STAGE_MAPPED+CONVERSION_RATE,HIGH
4157,개포7차우성,11680,서울,개포우성7차아파트 재건축정비사업조합,재건축,4,OPERATOR_FORMED,VERIFIED,서울 정비사업 정보몽땅,조합설립인가,83.4,186.1244058437387,N/A,N/A,59.20610972568579,N/A,N/A,N/A,N/A,N/A,N/A,N/A,N/A,NOT_CALCULATED,2.8,N/A,0.595,VERIFIED,N/A,N/A,N/A,N/A,N/A,N/A,N/A,NOT_CALCULATED,N/A,MEDIUM,STAGE_MAPPED+CONVERSION_RATE,HIGH
4001,개포래미안포레스트,11680,서울,"개포현대2차아파트 200동,220동 소규모재건축사업조합",소규모재건축,4,OPERATOR_FORMED,VERIFIED,서울 정비사업 정보몽땅,조합설립인가,114.6,N/A,N/A,N/A,N/A,N/A,N/A,N/A,N/A,N/A,N/A,N/A,N/A,NOT_CALCULATED,2.8,N/A,0.595,VERIFIED,N/A,N/A,N/A,N/A,N/A,N/A,N/A,NOT_CALCULATED,N/A,MEDIUM,STAGE_MAPPED+CONVERSION_RATE,HIGH
1755,경남아파트,11260,서울,망우1구역 공공재건축정비사업조합,재건축,4,OPERATOR_FORMED,VERIFIED,서울 정비사업 정보몽땅,조합설립인가,78.5,192.15159653834678,N/A,N/A,40.212,N/A,N/A,N/A,N/A,N/A,N/A,N/A,N/A,NOT_CALCULATED,2.8,N/A,0.595,VERIFIED,N/A,N/A,N/A,N/A,N/A,N/A,N/A,NOT_CALCULATED,N/A,MEDIUM,STAGE_MAPPED+CONVERSION_RATE,HIGH
4400,고덕아남,11740,서울,고덕대우아파트 소규모재건축사업,소규모재건축,4,OPERATOR_FORMED,VERIFIED,서울 정비사업 정보몽땅,조합설립인가,90.9,393.8425381903643,N/A,N/A,31.635687732342006,N/A,N/A,N/A,N/A,N/A,N/A,N/A,N/A,NOT_CALCULATED,2.8,N/A,0.595,VERIFIED,N/A,N/A,N/A,N/A,N/A,N/A,N/A,NOT_CALCULATED,N/A,MEDIUM,STAGE_MAPPED+CONVERSION_RATE,HIGH
3175,구로우성,11530,서울,구로우성아파트 재건축정비사업,재건축,4,OPERATOR_FORMED,VERIFIED,서울 정비사업 정보몽땅,조합설립인가,26.1,294.7727150657953,N/A,N/A,32.473837209302324,N/A,N/A,N/A,N/A,N/A,N/A,N/A,N/A,NOT_CALCULATED,2.8,N/A,0.595,VERIFIED,N/A,N/A,N/A,N/A,N/A,N/A,N/A,NOT_CALCULATED,N/A,MEDIUM,STAGE_MAPPED+CONVERSION_RATE,HIGH
3274,궁동우신빌라,11530,서울,우신빌라 재건축정비사업,재건축,4,OPERATOR_FORMED,VERIFIED,서울 정비사업 정보몽땅,조합설립인가,135.8,154.84335701902182,N/A,N/A,53.74409448818898,N/A,N/A,N/A,N/A,N/A,N/A,N/A,N/A,NOT_CALCULATED,2.8,N/A,0.595,VERIFIED,N/A,N/A,N/A,N/A,N/A,N/A,N/A,NOT_CALCULATED,N/A,MEDIUM,STAGE_MAPPED+CONVERSION_RATE,HIGH
3875,궁전아파트,11650,서울,신반포궁전아파트 주택재건축정비사업조합,재건축,4,OPERATOR_FORMED,VERIFIED,서울 정비사업 정보몽땅,조합설립인가,24.1,411.88575394261375,N/A,N/A,38.69166666666666,N/A,N/A,N/A,N/A,N/A,N/A,N/A,N/A,NOT_CALCULATED,2.8,N/A,0.595,VERIFIED,N/A,N/A,N/A,N/A,N/A,N/A,N/A,NOT_CALCULATED,N/A,MEDIUM,STAGE_MAPPED+CONVERSION_RATE,HIGH
3577,극동강변아파트,11590,서울,극동강변소규모재건축정비사업조합,소규모재건축,4,OPERATOR_FORMED,VERIFIED,서울 정비사업 정보몽땅,조합설립인가,24.3,N/A,N/A,N/A,N/A,N/A,N/A,N/A,N/A,N/A,N/A,N/A,N/A,NOT_CALCULATED,2.8,N/A,0.595,VERIFIED,N/A,N/A,N/A,N/A,N/A,N/A,N/A,NOT_CALCULATED,N/A,MEDIUM,STAGE_MAPPED+CONVERSION_RATE,HIGH
4430,길동우성1차,11740,서울,길동한전우성아파트 소규모주택정비사업조합,소규모재건축,4,OPERATOR_FORMED,VERIFIED,서울 정비사업 정보몽땅,조합설립인가,51.1,240.4929376107966,N/A,N/A,43.17777777777778,N/A,N/A,N/A,N/A,N/A,N/A,N/A,N/A,NOT_CALCULATED,2.8,N/A,0.595,VERIFIED,N/A,N/A,N/A,N/A,N/A,N/A,N/A,NOT_CALCULATED,N/A,MEDIUM,STAGE_MAPPED+CONVERSION_RATE,HIGH
4182,도곡우성아파트,11680,서울,도곡우성아파트 재건축정비사업 조합,재건축,4,OPERATOR_FORMED,VERIFIED,서울 정비사업 정보몽땅,조합설립인가,23.7,481.72275334608025,N/A,N/A,21.456410256410255,N/A,N/A,N/A,N/A,N/A,N/A,N/A,N/A,NOT_CALCULATED,2.8,N/A,0.595,VERIFIED,N/A,N/A,N/A,N/A,N/A,N/A,N/A,NOT_CALCULATED,N/A,MEDIUM,STAGE_MAPPED+CONVERSION_RATE,HIGH
2456,라이프 씨티아파트,11380,서울,성락타운아파트소규모재건축사업,소규모재건축,4,OPERATOR_FORMED,VERIFIED,서울 정비사업 정보몽땅,조합설립인가,144.3,303.84516649552586,N/A,N/A,36.6013422818792,N/A,N/A,N/A,N/A,N/A,N/A,N/A,N/A,NOT_CALCULATED,2.8,N/A,0.595,VERIFIED,N/A,N/A,N/A,N/A,N/A,N/A,N/A,NOT_CALCULATED,N/A,MEDIUM,STAGE_MAPPED+CONVERSION_RATE,HIGH
1332,마장세림,11200,서울,마장세림아파트 주택재건축사업,재건축,4,OPERATOR_FORMED,VERIFIED,서울 정비사업 정보몽땅,조합설립인가,93.0,244.33220586890937,N/A,N/A,35.069543773119605,N/A,N/A,N/A,N/A,N/A,N/A,N/A,N/A,NOT_CALCULATED,2.8,N/A,0.595,VERIFIED,N/A,N/A,N/A,N/A,N/A,N/A,N/A,NOT_CALCULATED,N/A,MEDIUM,STAGE_MAPPED+CONVERSION_RATE,HIGH
4381,"명일삼익가든1,2차",11740,서울,삼익맨숀아파트 재건축정비사업조합,재건축,4,OPERATOR_FORMED,VERIFIED,서울 정비사업 정보몽땅,조합설립인가,108.8,411.39630044843057,N/A,N/A,27.875,N/A,N/A,N/A,N/A,N/A,N/A,N/A,N/A,NOT_CALCULATED,2.8,N/A,0.595,VERIFIED,N/A,N/A,N/A,N/A,N/A,N/A,N/A,NOT_CALCULATED,N/A,MEDIUM,STAGE_MAPPED+CONVERSION_RATE,HIGH
4383,명일삼익그린11차,11740,서울,삼익그린11차아파트 소규모재건축사업 조합,소규모재건축,4,OPERATOR_FORMED,VERIFIED,서울 정비사업 정보몽땅,조합설립인가,71.4,195.40719596105916,N/A,N/A,61.767105263157895,N/A,N/A,N/A,N/A,N/A,N/A,N/A,N/A,NOT_CALCULATED,2.8,N/A,0.595,VERIFIED,N/A,N/A,N/A,N/A,N/A,N/A,N/A,NOT_CALCULATED,N/A,MEDIUM,STAGE_MAPPED+CONVERSION_RATE,HIGH
2797,목동10단지,11470,서울,목동10단지아파트 재건축정비사업,재건축,4,OPERATOR_FORMED,VERIFIED,서울 정비사업 정보몽땅,조합설립인가,103.3,152.36041576064545,N/A,N/A,65.68282407407408,N/A,N/A,N/A,N/A,N/A,N/A,N/A,N/A,NOT_CALCULATED,2.8,N/A,0.595,VERIFIED,N/A,N/A,N/A,N/A,N/A,N/A,N/A,NOT_CALCULATED,N/A,MEDIUM,STAGE_MAPPED+CONVERSION_RATE,HIGH
2792,목동11단지,11470,서울,목동11단지아파트 재건축정비사업,재건축,4,OPERATOR_FORMED,PROXY_MATCH,서울 정비사업 정보몽땅,조합설립인가,150.5,169.3297539953869,N/A,N/A,40.47379310344827,N/A,N/A,N/A,N/A,N/A,N/A,N/A,N/A,NOT_CALCULATED,2.8,N/A,0.595,VERIFIED,N/A,N/A,N/A,N/A,N/A,N/A,N/A,NOT_CALCULATED,N/A,LOW,STAGE_MAPPED+CONVERSION_RATE,HIGH
2793,목동12단지,11470,서울,목동12단지아파트 재건축정비사업,재건축,4,OPERATOR_FORMED,PROXY_MATCH,서울 정비사업 정보몽땅,조합설립인가,222.5,118.49309287871972,N/A,N/A,65.37198924731183,N/A,N/A,N/A,N/A,N/A,N/A,N/A,N/A,NOT_CALCULATED,2.8,N/A,0.595,VERIFIED,N/A,N/A,N/A,N/A,N/A,N/A,N/A,NOT_CALCULATED,N/A,LOW,STAGE_MAPPED+CONVERSION_RATE,HIGH
2786,목동13단지,11470,서울,목동13단지아파트 재건축정비사업,재건축,4,OPERATOR_FORMED,PROXY_MATCH,서울 정비사업 정보몽땅,조합설립인가,152.8,218.2398086786455,N/A,N/A,49.06780701754386,N/A,N/A,N/A,N/A,N/A,N/A,N/A,N/A,NOT_CALCULATED,2.8,N/A,0.595,VERIFIED,N/A,N/A,N/A,N/A,N/A,N/A,N/A,NOT_CALCULATED,N/A,LOW,STAGE_MAPPED+CONVERSION_RATE,HIGH
2854,목동2단지,11470,서울,목동2단지아파트 재건축정비사업,재건축,4,OPERATOR_FORMED,PROXY_MATCH,서울 정비사업 정보몽땅,조합설립인가,183.4,121.59418405829163,N/A,N/A,94.53725609756098,N/A,N/A,N/A,N/A,N/A,N/A,N/A,N/A,NOT_CALCULATED,2.8,N/A,0.595,VERIFIED,N/A,N/A,N/A,N/A,N/A,N/A,N/A,NOT_CALCULATED,N/A,LOW,STAGE_MAPPED+CONVERSION_RATE,HIGH
2849,목동4단지,11470,서울,목동4단지아파트 재건축정비사업,재건축,4,OPERATOR_FORMED,VERIFIED,서울 정비사업 정보몽땅,조합설립인가,118.6,117.6315491875545,N/A,N/A,73.45477568740955,N/A,N/A,N/A,N/A,N/A,N/A,N/A,N/A,NOT_CALCULATED,2.8,N/A,0.595,VERIFIED,N/A,N/A,N/A,N/A,N/A,N/A,N/A,NOT_CALCULATED,N/A,MEDIUM,STAGE_MAPPED+CONVERSION_RATE,HIGH
2850,목동5단지,11470,서울,목동5단지아파트 재건축정비사업,재건축,4,OPERATOR_FORMED,PROXY_MATCH,서울 정비사업 정보몽땅,조합설립인가,183.0,190.1637825388776,N/A,N/A,58.9038961038961,N/A,N/A,N/A,N/A,N/A,N/A,N/A,N/A,NOT_CALCULATED,2.8,N/A,0.595,VERIFIED,N/A,N/A,N/A,N/A,N/A,N/A,N/A,NOT_CALCULATED,N/A,LOW,STAGE_MAPPED+CONVERSION_RATE,HIGH
2839,목동7단지,11470,서울,목동7단지아파트 재건축정비사업조합,재건축,4,OPERATOR_FORMED,VERIFIED,서울 정비사업 정보몽땅,조합설립인가,132.5,212.56414523509824,N/A,N/A,39.22349019607843,N/A,N/A,N/A,N/A,N/A,N/A,N/A,N/A,NOT_CALCULATED,2.8,N/A,0.595,VERIFIED,N/A,N/A,N/A,N/A,N/A,N/A,N/A,NOT_CALCULATED,N/A,MEDIUM,STAGE_MAPPED+CONVERSION_RATE,HIGH
2785,목동8단지,11470,서울,목동8단지아파트 재건축정비사업조합,재건축,4,OPERATOR_FORMED,VERIFIED,서울 정비사업 정보몽땅,조합설립인가,87.4,146.47730509464319,N/A,N/A,52.81826923076923,N/A,N/A,N/A,N/A,N/A,N/A,N/A,N/A,NOT_CALCULATED,2.8,N/A,0.595,VERIFIED,N/A,N/A,N/A,N/A,N/A,N/A,N/A,NOT_CALCULATED,N/A,MEDIUM,STAGE_MAPPED+CONVERSION_RATE,HIGH
2771,목동9단지,11470,서울,목동9단지아파트 재건축정비사업,재건축,4,OPERATOR_FORMED,PROXY_MATCH,서울 정비사업 정보몽땅,조합설립인가,179.7,332.98509333419736,N/A,N/A,33.44620689655173,N/A,N/A,N/A,N/A,N/A,N/A,N/A,N/A,NOT_CALCULATED,2.8,N/A,0.595,VERIFIED,N/A,N/A,N/A,N/A,N/A,N/A,N/A,NOT_CALCULATED,N/A,LOW,STAGE_MAPPED+CONVERSION_RATE,HIGH
3435,문래국화,11560,서울,문래국화아파트 재건축정비사업,재건축,4,OPERATOR_FORMED,VERIFIED,서울 정비사업 정보몽땅,조합설립인가,47.7,182.32002967192295,N/A,N/A,65.90592592592591,N/A,N/A,N/A,N/A,N/A,N/A,N/A,N/A,NOT_CALCULATED,2.8,N/A,0.595,VERIFIED,N/A,N/A,N/A,N/A,N/A,N/A,N/A,NOT_CALCULATED,N/A,MEDIUM,STAGE_MAPPED+CONVERSION_RATE,HIGH
4292,문정건영,11710,서울,문정건영아파트 리모델링주택조합,리모델링,4,OPERATOR_FORMED,VERIFIED,서울 정비사업 정보몽땅,지구단위계획수립/건축심의/교통심의,82.5,314.64219872831933,N/A,N/A,39.015045871559636,N/A,N/A,N/A,N/A,N/A,N/A,N/A,N/A,NOT_CALCULATED,2.8,N/A,0.595,VERIFIED,N/A,N/A,N/A,N/A,N/A,N/A,N/A,NOT_CALCULATED,N/A,MEDIUM,STAGE_MAPPED+CONVERSION_RATE,HIGH
3885,반포미도2차,11650,서울,반포미도1차아파트 재건축정비사업조합,재건축,4,OPERATOR_FORMED,VERIFIED,서울 정비사업 정보몽땅,조합설립인가,77.1,54.33574831413226,N/A,N/A,174.2,N/A,N/A,N/A,N/A,N/A,N/A,N/A,N/A,NOT_CALCULATED,2.8,N/A,0.595,VERIFIED,N/A,N/A,N/A,N/A,N/A,N/A,N/A,NOT_CALCULATED,N/A,MEDIUM,STAGE_MAPPED+CONVERSION_RATE,HIGH
3882,반포삼호가든맨션5차,11650,서울,삼호가든5차아파트 재건축정비사업조합,재건축,4,OPERATOR_FORMED,VERIFIED,서울 정비사업 정보몽땅,조합설립인가,52.0,201.97123783925912,N/A,N/A,81.49761904761905,N/A,N/A,N/A,N/A,N/A,N/A,N/A,N/A,NOT_CALCULATED,2.8,N/A,0.595,VERIFIED,N/A,N/A,N/A,N/A,N/A,N/A,N/A,NOT_CALCULATED,N/A,MEDIUM,STAGE_MAPPED+CONVERSION_RATE,HIGH
3790,방배신삼호,11650,서울,방배신삼호아파트 재건축정비사업조합,재건축,4,OPERATOR_FORMED,VERIFIED,서울 정비사업 정보몽땅,조합설립인가,89.3,195.80707203165622,N/A,N/A,90.36798336798337,N/A,N/A,N/A,N/A,N/A,N/A,N/A,N/A,NOT_CALCULATED,2.8,N/A,0.595,VERIFIED,N/A,N/A,N/A,N/A,N/A,N/A,N/A,NOT_CALCULATED,N/A,MEDIUM,STAGE_MAPPED+CONVERSION_RATE,HIGH
4324,방이대림가락,11710,서울,대림가락아파트 재건축정비사업조합,재건축,4,OPERATOR_FORMED,VERIFIED,서울 정비사업 정보몽땅,조합설립인가,116.2,190.96773644334723,N/A,N/A,73.41875,N/A,N/A,N/A,N/A,N/A,N/A,N/A,N/A,NOT_CALCULATED,2.8,N/A,0.595,VERIFIED,N/A,N/A,N/A,N/A,N/A,N/A,N/A,NOT_CALCULATED,N/A,MEDIUM,STAGE_MAPPED+CONVERSION_RATE,HIGH
3219,삼익아파트2단지,11530,서울,한성아파트 소규모재건축정비사업,소규모재건축,4,OPERATOR_FORMED,VERIFIED,서울 정비사업 정보몽땅,조합설립인가,86.4,N/A,N/A,N/A,N/A,N/A,N/A,N/A,N/A,N/A,N/A,N/A,N/A,NOT_CALCULATED,2.8,N/A,0.595,VERIFIED,N/A,N/A,N/A,N/A,N/A,N/A,N/A,NOT_CALCULATED,N/A,MEDIUM,STAGE_MAPPED+CONVERSION_RATE,HIGH
3272,서울가든빌라,11530,서울,서울가든빌라 주택재건축정비사업,재건축,4,OPERATOR_FORMED,VERIFIED,서울 정비사업 정보몽땅,조합설립인가,108.1,152.2921920054277,N/A,N/A,52.174041297935105,N/A,N/A,N/A,N/A,N/A,N/A,N/A,N/A,NOT_CALCULATED,2.8,N/A,0.595,VERIFIED,N/A,N/A,N/A,N/A,N/A,N/A,N/A,NOT_CALCULATED,N/A,MEDIUM,STAGE_MAPPED+CONVERSION_RATE,HIGH
1400,서울숲 아이파크 리버포레2차,11200,서울,성수제1구역주택재건축정비사업조합,재건축,4,OPERATOR_FORMED,VERIFIED,서울 정비사업 정보몽땅,조합설립인가,146.1,N/A,N/A,N/A,N/A,N/A,N/A,N/A,N/A,N/A,N/A,N/A,N/A,NOT_CALCULATED,2.8,N/A,0.595,VERIFIED,N/A,N/A,N/A,N/A,N/A,N/A,N/A,NOT_CALCULATED,N/A,MEDIUM,STAGE_MAPPED+CONVERSION_RATE,HIGH
3943,서초진흥,11650,서울,서초진흥아파트 주택재건축정비사업조합,재건축,4,OPERATOR_FORMED,VERIFIED,서울 정비사업 정보몽땅,조합설립인가,72.5,254.45235527005613,N/A,N/A,53.96650406504065,N/A,N/A,N/A,N/A,N/A,N/A,N/A,N/A,NOT_CALCULATED,2.8,N/A,0.595,VERIFIED,N/A,N/A,N/A,N/A,N/A,N/A,N/A,NOT_CALCULATED,N/A,MEDIUM,STAGE_MAPPED+CONVERSION_RATE,HIGH
2735,성산시영아파트,11440,서울,성산시영아파트 재건축정비사업조합,재건축,4,OPERATOR_FORMED,VERIFIED,서울 정비사업 정보몽땅,조합설립인가,67.3,N/A,N/A,N/A,N/A,N/A,N/A,N/A,N/A,N/A,N/A,N/A,N/A,NOT_CALCULATED,2.8,N/A,0.595,VERIFIED,N/A,N/A,N/A,N/A,N/A,N/A,N/A,NOT_CALCULATED,N/A,MEDIUM,STAGE_MAPPED+CONVERSION_RATE,HIGH
4254,송파미성,11710,서울,송파미성아파트 재건축정비사업조합,재건축,4,OPERATOR_FORMED,VERIFIED,서울 정비사업 정보몽땅,조합설립인가,144.0,196.0172239353308,N/A,N/A,76.61296296296297,N/A,N/A,N/A,N/A,N/A,N/A,N/A,N/A,NOT_CALCULATED,2.8,N/A,0.595,VERIFIED,N/A,N/A,N/A,N/A,N/A,N/A,N/A,NOT_CALCULATED,N/A,MEDIUM,STAGE_MAPPED+CONVERSION_RATE,HIGH
4255,송파한양2차,11710,서울,송파한양2차아파트 재건축정비사업 조합,재건축,4,OPERATOR_FORMED,PROXY_MATCH,서울 정비사업 정보몽땅,조합설립인가,164.1,N/A,N/A,N/A,N/A,N/A,N/A,N/A,N/A,N/A,N/A,N/A,N/A,NOT_CALCULATED,2.8,N/A,0.595,VERIFIED,N/A,N/A,N/A,N/A,N/A,N/A,N/A,NOT_CALCULATED,N/A,LOW,STAGE_MAPPED+CONVERSION_RATE,HIGH
3503,신길삼성,11560,서울,삼성아파트 주택재건축정비사업조합,재건축,4,OPERATOR_FORMED,VERIFIED,서울 정비사업 정보몽땅,조합설립인가,49.8,191.5945061147695,N/A,N/A,41.5234375,N/A,N/A,N/A,N/A,N/A,N/A,N/A,N/A,NOT_CALCULATED,2.8,N/A,0.595,VERIFIED,N/A,N/A,N/A,N/A,N/A,N/A,N/A,NOT_CALCULATED,N/A,MEDIUM,STAGE_MAPPED+CONVERSION_RATE,HIGH
3754,신림건영1차,11620,서울,미성동 건영아파트  재건축정비사업 조합,재건축,4,OPERATOR_FORMED,VERIFIED,서울 정비사업 정보몽땅,조합설립인가,22.1,192.42595059956955,N/A,N/A,39.66260162601626,N/A,N/A,N/A,N/A,N/A,N/A,N/A,N/A,NOT_CALCULATED,2.8,N/A,0.595,VERIFIED,N/A,N/A,N/A,N/A,N/A,N/A,N/A,NOT_CALCULATED,N/A,MEDIUM,STAGE_MAPPED+CONVERSION_RATE,HIGH
3839,신반포20차아파트,11650,서울,신반포20차아파트 주택재건축정비사업조합,재건축,4,OPERATOR_FORMED,VERIFIED,서울 정비사업 정보몽땅,조합설립인가,67.6,186.0773434304234,N/A,N/A,85.12589285714286,N/A,N/A,N/A,N/A,N/A,N/A,N/A,N/A,NOT_CALCULATED,2.8,N/A,0.595,VERIFIED,N/A,N/A,N/A,N/A,N/A,N/A,N/A,NOT_CALCULATED,N/A,MEDIUM,STAGE_MAPPED+CONVERSION_RATE,HIGH
3866,신반포4차,11650,서울,신반포4차아파트 재건축정비사업조합,재건축,4,OPERATOR_FORMED,PROXY_MATCH,서울 정비사업 정보몽땅,조합설립인가,279.4,183.1646675973924,N/A,N/A,70.44669966996699,N/A,N/A,N/A,N/A,N/A,N/A,N/A,N/A,NOT_CALCULATED,2.8,N/A,0.595,VERIFIED,N/A,N/A,N/A,N/A,N/A,N/A,N/A,NOT_CALCULATED,N/A,LOW,STAGE_MAPPED+CONVERSION_RATE,HIGH
3863,신반포7차,11650,서울,신반포7차아파트주택재건축정비사업조합,재건축,4,OPERATOR_FORMED,VERIFIED,서울 정비사업 정보몽땅,조합설립인가,95.1,124.68085167231493,N/A,N/A,109.2703125,N/A,N/A,N/A,N/A,N/A,N/A,N/A,N/A,NOT_CALCULATED,2.8,N/A,0.595,VERIFIED,N/A,N/A,N/A,N/A,N/A,N/A,N/A,NOT_CALCULATED,N/A,MEDIUM,STAGE_MAPPED+CONVERSION_RATE,HIGH
3858,신반포한신19차,11650,서울,신반포19차 25차(아) 재건축정비사업조합,재건축,4,OPERATOR_FORMED,VERIFIED,서울 정비사업 정보몽땅,조합설립인가,29.5,199.80078571375222,N/A,N/A,55.32685950413223,N/A,N/A,N/A,N/A,N/A,N/A,N/A,N/A,NOT_CALCULATED,2.8,N/A,0.595,VERIFIED,N/A,N/A,N/A,N/A,N/A,N/A,N/A,NOT_CALCULATED,N/A,MEDIUM,STAGE_MAPPED+CONVERSION_RATE,HIGH
2908,신월시영아파트,11470,서울,신월시영아파트 재건축정비사업,재건축,4,OPERATOR_FORMED,VERIFIED,서울 정비사업 정보몽땅,조합설립인가,21.8,114.05114279447245,N/A,N/A,50.520833333333336,N/A,N/A,N/A,N/A,N/A,N/A,N/A,N/A,NOT_CALCULATED,2.8,N/A,0.595,VERIFIED,N/A,N/A,N/A,N/A,N/A,N/A,N/A,NOT_CALCULATED,N/A,MEDIUM,STAGE_MAPPED+CONVERSION_RATE,HIGH
2020,쌍문한양1차,11320,서울,쌍문한양1차아파트 재건축사업,재건축,4,OPERATOR_FORMED,PROXY_MATCH,서울 정비사업 정보몽땅,조합설립인가,184.5,216.85887786520698,N/A,N/A,42.567961165048544,N/A,N/A,N/A,N/A,N/A,N/A,N/A,N/A,NOT_CALCULATED,2.8,N/A,0.595,VERIFIED,N/A,N/A,N/A,N/A,N/A,N/A,N/A,NOT_CALCULATED,N/A,LOW,STAGE_MAPPED+CONVERSION_RATE,HIGH
1835,안암대광,11290,서울,안암제1구역 주택재건축정비사업조합,재건축,4,OPERATOR_FORMED,VERIFIED,서울 정비사업 정보몽땅,조합설립인가,28.2,339.5726563115982,N/A,N/A,17.913841807909606,N/A,N/A,N/A,N/A,N/A,N/A,N/A,N/A,NOT_CALCULATED,2.8,N/A,0.595,VERIFIED,N/A,N/A,N/A,N/A,N/A,N/A,N/A,NOT_CALCULATED,N/A,MEDIUM,STAGE_MAPPED+CONVERSION_RATE,HIGH
4119,"압구정 현대(10,13,14차)",11680,서울,압구정아파트지구 특별계획구역③ 재건축정비사업 조합,재건축,4,OPERATOR_FORMED,VERIFIED,서울 정비사업 정보몽땅,조합설립인가,130.5,N/A,N/A,N/A,N/A,N/A,N/A,N/A,N/A,N/A,N/A,N/A,N/A,NOT_CALCULATED,2.8,N/A,0.595,VERIFIED,N/A,N/A,N/A,N/A,N/A,N/A,N/A,NOT_CALCULATED,N/A,MEDIUM,STAGE_MAPPED+CONVERSION_RATE,HIGH
4120,압구정현대8차,11680,서울,압구정아파트지구 특별계획구역4,재건축,4,OPERATOR_FORMED,VERIFIED,서울 정비사업 정보몽땅,조합설립인가,87.2,446.5489935628895,N/A,N/A,30.406213592233012,N/A,N/A,N/A,N/A,N/A,N/A,N/A,N/A,NOT_CALCULATED,2.8,N/A,0.595,VERIFIED,N/A,N/A,N/A,N/A,N/A,N/A,N/A,NOT_CALCULATED,N/A,MEDIUM,STAGE_MAPPED+CONVERSION_RATE,HIGH
3458,양평신동아아파트,11560,서울,신동아아파트 주택재건축정비사업조합,재건축,4,OPERATOR_FORMED,VERIFIED,서울 정비사업 정보몽땅,조합설립인가,45.8,192.61980007390264,N/A,N/A,41.55070707070707,N/A,N/A,N/A,N/A,N/A,N/A,N/A,N/A,NOT_CALCULATED,2.8,N/A,0.595,VERIFIED,N/A,N/A,N/A,N/A,N/A,N/A,N/A,NOT_CALCULATED,N/A,MEDIUM,STAGE_MAPPED+CONVERSION_RATE,HIGH
3375,여의도공작,11560,서울,여의도 공작아파트 재건축정비사업,재건축,4,OPERATOR_FORMED,VERIFIED,서울 정비사업 정보몽땅,조합설립인가,41.0,265.64468211527037,N/A,N/A,45.120643431635386,N/A,N/A,N/A,N/A,N/A,N/A,N/A,N/A,NOT_CALCULATED,2.8,N/A,0.595,VERIFIED,N/A,N/A,N/A,N/A,N/A,N/A,N/A,NOT_CALCULATED,N/A,MEDIUM,STAGE_MAPPED+CONVERSION_RATE,HIGH
3377,여의도광장,11560,서울,여의도 광장아파트 28주택재건축정비사업,재건축,4,OPERATOR_FORMED,VERIFIED,서울 정비사업 정보몽땅,조합설립인가,101.5,253.79164536963893,N/A,N/A,57.85215053763441,N/A,N/A,N/A,N/A,N/A,N/A,N/A,N/A,NOT_CALCULATED,2.8,N/A,0.595,VERIFIED,N/A,N/A,N/A,N/A,N/A,N/A,N/A,NOT_CALCULATED,N/A,MEDIUM,STAGE_MAPPED+CONVERSION_RATE,HIGH
3381,여의도목화,11560,서울,여의도 목화아파트 주택재건축정비사업조합,재건축,4,OPERATOR_FORMED,VERIFIED,서울 정비사업 정보몽땅,조합설립인가,24.7,232.21452031114956,N/A,N/A,37.083333333333336,N/A,N/A,N/A,N/A,N/A,N/A,N/A,N/A,NOT_CALCULATED,2.8,N/A,0.595,VERIFIED,N/A,N/A,N/A,N/A,N/A,N/A,N/A,NOT_CALCULATED,N/A,MEDIUM,STAGE_MAPPED+CONVERSION_RATE,HIGH
3388,여의도삼익,11560,서울,여의도 삼익아파트 재건축정비사업,재건축,4,OPERATOR_FORMED,VERIFIED,서울 정비사업 정보몽땅,조합설립인가,43.9,255.96552652841368,N/A,N/A,51.56944444444444,N/A,N/A,N/A,N/A,N/A,N/A,N/A,N/A,NOT_CALCULATED,2.8,N/A,0.595,VERIFIED,N/A,N/A,N/A,N/A,N/A,N/A,N/A,NOT_CALCULATED,N/A,MEDIUM,STAGE_MAPPED+CONVERSION_RATE,HIGH
3389,여의도시범아파트,11560,서울,여의도시범아파트주택재건축정비사업(신탁방식-한국자산신탁),재건축,4,OPERATOR_FORMED,VERIFIED,서울 정비사업 정보몽땅,조합설립인가,126.5,188.11828050544804,N/A,N/A,62.40088383838384,N/A,N/A,N/A,N/A,N/A,N/A,N/A,N/A,NOT_CALCULATED,2.8,N/A,0.595,VERIFIED,N/A,N/A,N/A,N/A,N/A,N/A,N/A,NOT_CALCULATED,N/A,MEDIUM,STAGE_MAPPED+CONVERSION_RATE,HIGH
3390,여의도은하,11560,서울,여의도 은하아파트 재건축정비사업,재건축,4,OPERATOR_FORMED,VERIFIED,서울 정비사업 정보몽땅,조합설립인가,58.1,256.414247239429,N/A,N/A,51.56944444444444,N/A,N/A,N/A,N/A,N/A,N/A,N/A,N/A,NOT_CALCULATED,2.8,N/A,0.595,VERIFIED,N/A,N/A,N/A,N/A,N/A,N/A,N/A,NOT_CALCULATED,N/A,MEDIUM,STAGE_MAPPED+CONVERSION_RATE,HIGH
3372,여의도장미,11560,서울,장미아파트 재건축정비사업,재건축,4,OPERATOR_FORMED,VERIFIED,서울 정비사업 정보몽땅,조합설립인가,37.0,243.63773584905658,N/A,N/A,67.60204081632654,N/A,N/A,N/A,N/A,N/A,N/A,N/A,N/A,NOT_CALCULATED,2.8,N/A,0.595,VERIFIED,N/A,N/A,N/A,N/A,N/A,N/A,N/A,NOT_CALCULATED,N/A,MEDIUM,STAGE_MAPPED+CONVERSION_RATE,HIGH
3391,여의도진주,11560,서울,여의도 진주아파트 재건축정비사업,재건축,4,OPERATOR_FORMED,VERIFIED,서울 정비사업 정보몽땅,조합설립인가,136.5,N/A,N/A,N/A,N/A,N/A,N/A,N/A,N/A,N/A,N/A,N/A,N/A,NOT_CALCULATED,2.8,N/A,0.595,VERIFIED,N/A,N/A,N/A,N/A,N/A,N/A,N/A,NOT_CALCULATED,N/A,MEDIUM,STAGE_MAPPED+CONVERSION_RATE,HIGH
3384,여의도화랑,11560,서울,여의도화랑아파트 소규모재건축사업,소규모재건축,4,OPERATOR_FORMED,VERIFIED,서울 정비사업 정보몽땅,조합설립인가,38.4,219.56359765832892,N/A,N/A,58.71875,N/A,N/A,N/A,N/A,N/A,N/A,N/A,N/A,NOT_CALCULATED,2.8,N/A,0.595,VERIFIED,N/A,N/A,N/A,N/A,N/A,N/A,N/A,NOT_CALCULATED,N/A,MEDIUM,STAGE_MAPPED+CONVERSION_RATE,HIGH
2925,염창롯데캐슬,11500,서울,우성주택 소규모재건축정비사업조합,소규모재건축,4,OPERATOR_FORMED,VERIFIED,서울 정비사업 정보몽땅,조합설립인가,71.3,N/A,N/A,N/A,N/A,N/A,N/A,N/A,N/A,N/A,N/A,N/A,N/A,NOT_CALCULATED,2.8,N/A,0.595,VERIFIED,N/A,N/A,N/A,N/A,N/A,N/A,N/A,NOT_CALCULATED,N/A,MEDIUM,STAGE_MAPPED+CONVERSION_RATE,HIGH
2939,염창무학,11500,서울,염창무학아파트 리모델링주택조합,리모델링,4,OPERATOR_FORMED,VERIFIED,서울 정비사업 정보몽땅,지구단위계획수립/건축심의/교통심의,21.0,N/A,N/A,N/A,N/A,N/A,N/A,N/A,N/A,N/A,N/A,N/A,N/A,NOT_CALCULATED,2.8,N/A,0.595,VERIFIED,N/A,N/A,N/A,N/A,N/A,N/A,N/A,NOT_CALCULATED,N/A,MEDIUM,STAGE_MAPPED+CONVERSION_RATE,HIGH
1264,용산시티파크1단지,11170,서울,한양철우아파트 주택재건축 정비사업조합,재건축,4,OPERATOR_FORMED,VERIFIED,서울 정비사업 정보몽땅,조합설립인가,144.5,N/A,N/A,N/A,N/A,N/A,N/A,N/A,N/A,N/A,N/A,N/A,N/A,NOT_CALCULATED,2.8,N/A,0.595,VERIFIED,N/A,N/A,N/A,N/A,N/A,N/A,N/A,NOT_CALCULATED,N/A,MEDIUM,STAGE_MAPPED+CONVERSION_RATE,HIGH
2599,월드컵현대,11410,서울,북가좌제6구역 주택재건축정비사업조합,재건축,4,OPERATOR_FORMED,VERIFIED,서울 정비사업 정보몽땅,조합설립인가,142.9,N/A,N/A,N/A,N/A,N/A,N/A,N/A,N/A,N/A,N/A,N/A,N/A,NOT_CALCULATED,2.8,N/A,0.595,VERIFIED,N/A,N/A,N/A,N/A,N/A,N/A,N/A,NOT_CALCULATED,N/A,MEDIUM,STAGE_MAPPED+CONVERSION_RATE,HIGH
2122,유원도봉아파트,11320,서울,삼환도봉아파트 재건축사업,재건축,4,OPERATOR_FORMED,VERIFIED,서울 정비사업 정보몽땅,조합설립인가,78.7,220.28350928285403,N/A,N/A,48.02447552447553,N/A,N/A,N/A,N/A,N/A,N/A,N/A,N/A,NOT_CALCULATED,2.8,N/A,0.595,VERIFIED,N/A,N/A,N/A,N/A,N/A,N/A,N/A,NOT_CALCULATED,N/A,MEDIUM,STAGE_MAPPED+CONVERSION_RATE,HIGH
1272,이촌왕궁,11170,서울,왕궁아파트 주택재건축 정비사업조합,재건축,4,OPERATOR_FORMED,VERIFIED,서울 정비사업 정보몽땅,조합설립인가,66.1,151.84291916125187,N/A,N/A,70.486,N/A,N/A,N/A,N/A,N/A,N/A,N/A,N/A,NOT_CALCULATED,2.8,N/A,0.595,VERIFIED,N/A,N/A,N/A,N/A,N/A,N/A,N/A,NOT_CALCULATED,N/A,MEDIUM,STAGE_MAPPED+CONVERSION_RATE,HIGH
1520,자양우성2차,11215,서울,자양제7구역 주택재건축정비사업 조합,재건축,4,OPERATOR_FORMED,VERIFIED,서울 정비사업 정보몽땅,조합설립인가,123.3,270.1392075875784,N/A,N/A,32.28148148148148,N/A,N/A,N/A,N/A,N/A,N/A,N/A,N/A,NOT_CALCULATED,2.8,N/A,0.595,VERIFIED,N/A,N/A,N/A,N/A,N/A,N/A,N/A,NOT_CALCULATED,N/A,MEDIUM,STAGE_MAPPED+CONVERSION_RATE,HIGH
1742,장미,11260,서울,장미아파트 소규모재건축정비사업조합,소규모재건축,4,OPERATOR_FORMED,VERIFIED,서울 정비사업 정보몽땅,조합설립인가,41.6,N/A,N/A,N/A,78.042,N/A,N/A,N/A,N/A,N/A,N/A,N/A,N/A,NOT_CALCULATED,2.8,N/A,0.595,VERIFIED,N/A,N/A,N/A,N/A,N/A,N/A,N/A,NOT_CALCULATED,N/A,MEDIUM,STAGE_MAPPED+CONVERSION_RATE,HIGH
1441,중곡SK,11215,서울,중곡동 대원빌라 소규모재건축,소규모재건축,4,OPERATOR_FORMED,VERIFIED,서울 정비사업 정보몽땅,조합설립인가,114.9,N/A,N/A,N/A,N/A,N/A,N/A,N/A,N/A,N/A,N/A,N/A,N/A,NOT_CALCULATED,2.8,N/A,0.595,VERIFIED,N/A,N/A,N/A,N/A,N/A,N/A,N/A,NOT_CALCULATED,N/A,MEDIUM,STAGE_MAPPED+CONVERSION_RATE,HIGH
1439,중곡아파트2단지,11215,서울,중곡아파트 주택재건축정비사업조합,재건축,4,OPERATOR_FORMED,VERIFIED,서울 정비사업 정보몽땅,조합설립인가,21.4,N/A,N/A,N/A,N/A,N/A,N/A,N/A,N/A,N/A,N/A,N/A,N/A,NOT_CALCULATED,2.8,N/A,0.595,VERIFIED,N/A,N/A,N/A,N/A,N/A,N/A,N/A,NOT_CALCULATED,N/A,MEDIUM,STAGE_MAPPED+CONVERSION_RATE,HIGH
1730,중화한신아파트,11260,서울,중화우성타운 재건축정비사업,재건축,4,OPERATOR_FORMED,VERIFIED,서울 정비사업 정보몽땅,조합설립인가,121.1,N/A,N/A,N/A,N/A,N/A,N/A,N/A,N/A,N/A,N/A,N/A,N/A,NOT_CALCULATED,2.8,N/A,0.595,VERIFIED,N/A,N/A,N/A,N/A,N/A,N/A,N/A,NOT_CALCULATED,N/A,MEDIUM,STAGE_MAPPED+CONVERSION_RATE,HIGH
2093,창동상아1차,11320,서울,창동상아1차아파트 재건축사업,재건축,4,OPERATOR_FORMED,VERIFIED,서울 정비사업 정보몽땅,조합설립인가,59.2,251.3190944185027,N/A,N/A,34.19077809798271,N/A,N/A,N/A,N/A,N/A,N/A,N/A,N/A,NOT_CALCULATED,2.8,N/A,0.595,VERIFIED,N/A,N/A,N/A,N/A,N/A,N/A,N/A,NOT_CALCULATED,N/A,MEDIUM,STAGE_MAPPED+CONVERSION_RATE,HIGH
2102,창동주공1단지,11320,서울,창동 신건영빌리지 일대 가로주택정비사업조합,가로주택정비,4,OPERATOR_FORMED,VERIFIED,서울 정비사업 정보몽땅,조합설립인가,110.4,182.8810738140458,N/A,N/A,40.597400990099004,N/A,N/A,N/A,N/A,N/A,N/A,N/A,N/A,NOT_CALCULATED,2.8,N/A,0.595,VERIFIED,N/A,N/A,N/A,N/A,N/A,N/A,N/A,NOT_CALCULATED,N/A,MEDIUM,STAGE_MAPPED+CONVERSION_RATE,HIGH
4028,청담삼성진흥,11680,서울,청담현대1차아파트 소규모재건축정비사업,소규모재건축,4,OPERATOR_FORMED,VERIFIED,서울 정비사업 정보몽땅,조합설립인가,77.3,N/A,N/A,N/A,N/A,N/A,N/A,N/A,N/A,N/A,N/A,N/A,N/A,NOT_CALCULATED,2.8,N/A,0.595,VERIFIED,N/A,N/A,N/A,N/A,N/A,N/A,N/A,NOT_CALCULATED,N/A,MEDIUM,STAGE_MAPPED+CONVERSION_RATE,HIGH
1627,청량리미주,11230,서울,청량리미주아파트 주택재건축정비사업,재건축,4,OPERATOR_FORMED,VERIFIED,서울 정비사업 정보몽땅,조합설립인가,61.1,N/A,N/A,N/A,N/A,N/A,N/A,N/A,N/A,N/A,N/A,N/A,N/A,NOT_CALCULATED,2.8,N/A,0.595,VERIFIED,N/A,N/A,N/A,N/A,N/A,N/A,N/A,NOT_CALCULATED,N/A,MEDIUM,STAGE_MAPPED+CONVERSION_RATE,HIGH
1233,풍전아파트,11170,서울,풍전아파트소규모재건축정비사업조합,소규모재건축,4,OPERATOR_FORMED,VERIFIED,서울 정비사업 정보몽땅,조합설립인가,12.6,N/A,N/A,N/A,12.751449275362319,N/A,N/A,N/A,N/A,N/A,N/A,N/A,N/A,NOT_CALCULATED,2.8,N/A,0.595,VERIFIED,N/A,N/A,N/A,N/A,N/A,N/A,N/A,NOT_CALCULATED,N/A,MEDIUM,STAGE_MAPPED+CONVERSION_RATE,HIGH
1291,한성아파트,11170,서울,한남동 한성아파트 가로주택정비사업,가로주택정비,4,OPERATOR_FORMED,VERIFIED,서울 정비사업 정보몽땅,조합설립인가,22.6,312.85195277020887,N/A,N/A,17.616,N/A,N/A,N/A,N/A,N/A,N/A,N/A,N/A,NOT_CALCULATED,2.8,N/A,0.595,VERIFIED,N/A,N/A,N/A,N/A,N/A,N/A,N/A,NOT_CALCULATED,N/A,MEDIUM,STAGE_MAPPED+CONVERSION_RATE,HIGH
1286,현대한강,11170,서울,강변강서아파트 주택재건축 정비사업조합,재건축,4,OPERATOR_FORMED,VERIFIED,서울 정비사업 정보몽땅,조합설립인가,116.7,N/A,N/A,N/A,N/A,N/A,N/A,N/A,N/A,N/A,N/A,N/A,N/A,NOT_CALCULATED,2.8,N/A,0.595,VERIFIED,N/A,N/A,N/A,N/A,N/A,N/A,N/A,NOT_CALCULATED,N/A,MEDIUM,STAGE_MAPPED+CONVERSION_RATE,HIGH
950,가좌 진주1단지 아파트,28275,인천,가좌진주1차아파트 주택재건축,주택재건축,4,OPERATOR_FORMED,VERIFIED,인천 renewal 정비사업 현황,조합설립인가,47.3,N/A,727.0,N/A,N/A,N/A,N/A,N/A,N/A,N/A,N/A,N/A,N/A,NOT_CALCULATED,2.4,N/A,0.5,VERIFIED,N/A,N/A,N/A,N/A,N/A,N/A,N/A,NOT_CALCULATED,N/A,MEDIUM,STAGE_MAPPED+CONVERSION_RATE,HIGH
519,부평현대1단지,28237,인천,부평현대1단지,주택재건축,4,OPERATOR_FORMED,PROXY_MATCH,인천 renewal 정비사업 현황,조합설립인가,263.8,N/A,3324.0,N/A,N/A,N/A,N/A,N/A,N/A,N/A,N/A,N/A,N/A,NOT_CALCULATED,2.4,N/A,0.5,VERIFIED,N/A,N/A,N/A,N/A,N/A,N/A,N/A,NOT_CALCULATED,N/A,LOW,STAGE_MAPPED+CONVERSION_RATE,HIGH
531,산곡8차 한양 아파트,28237,인천,한양아파트2단지,주택재건축,4,OPERATOR_FORMED,PROXY_MATCH,인천 renewal 정비사업 현황,조합설립인가,247.4,344.1695673794132,0.0,N/A,38.67307692307692,N/A,N/A,N/A,N/A,N/A,N/A,N/A,N/A,NOT_CALCULATED,2.4,N/A,0.5,VERIFIED,N/A,N/A,N/A,N/A,N/A,N/A,N/A,NOT_CALCULATED,N/A,LOW,STAGE_MAPPED+CONVERSION_RATE,HIGH
638,효성 뉴서울1차 아파트,28245,인천,효성뉴서울아파트구역,주택재건축,4,OPERATOR_FORMED,VERIFIED,인천 renewal 정비사업 현황,조합설립인가,25.9,169.43301529949753,570.0,N/A,38.506521739130434,N/A,N/A,N/A,N/A,N/A,N/A,N/A,N/A,NOT_CALCULATED,2.4,N/A,0.5,VERIFIED,N/A,N/A,N/A,N/A,N/A,N/A,N/A,NOT_CALCULATED,N/A,MEDIUM,STAGE_MAPPED+CONVERSION_RATE,HIGH
5948,거산아파트,41194,경기,괴안 3-7(거산아파트),재건축,3,FORMAL_ENTRY,VERIFIED,경기데이터드림 정비사업 추진현황,정비구역,78.8,N/A,260.0,N/A,N/A,230.0,N/A,N/A,N/A,N/A,N/A,N/A,N/A,NOT_CALCULATED,1.6,N/A,0.811,VERIFIED,N/A,N/A,N/A,N/A,N/A,N/A,N/A,NOT_CALCULATED,N/A,MEDIUM,STAGE_MAPPED+CONVERSION_RATE,HIGH
5955,괴안동 아주아파트,41194,경기,괴안 3-6(괴안대진아파트),재건축,3,FORMAL_ENTRY,PROXY_MATCH,경기데이터드림 정비사업 추진현황,정비구역,204.8,196.5420572602844,290.0,N/A,56.71438848920864,230.0,N/A,N/A,N/A,N/A,N/A,N/A,N/A,NOT_CALCULATED,1.6,N/A,0.811,VERIFIED,N/A,N/A,N/A,N/A,N/A,N/A,N/A,NOT_CALCULATED,N/A,LOW,STAGE_MAPPED+CONVERSION_RATE,HIGH
8337,구갈한성1차,41463,경기,기흥1,재건축,3,FORMAL_ENTRY,VERIFIED,경기데이터드림 정비사업 추진현황,추진위원회,93.5,290.0,570.0,N/A,N/A,290.0,N/A,N/A,N/A,N/A,N/A,N/A,N/A,NOT_CALCULATED,1.6,N/A,0.811,VERIFIED,N/A,N/A,N/A,N/A,N/A,N/A,N/A,NOT_CALCULATED,N/A,MEDIUM,STAGE_MAPPED+CONVERSION_RATE,HIGH
8336,구갈한성2차,41463,경기,기흥2,재건축,3,FORMAL_ENTRY,VERIFIED,경기데이터드림 정비사업 추진현황,추진위원회,18.2,250.0,384.0,N/A,N/A,290.0,N/A,N/A,N/A,N/A,N/A,N/A,N/A,NOT_CALCULATED,1.6,N/A,0.811,VERIFIED,N/A,N/A,N/A,N/A,N/A,N/A,N/A,NOT_CALCULATED,N/A,MEDIUM,STAGE_MAPPED+CONVERSION_RATE,HIGH
5566,뉴골든아파트,41171,경기,뉴골든아파트,재건축,3,FORMAL_ENTRY,VERIFIED,경기데이터드림 정비사업 추진현황,추진위원회,96.9,189.74085040862252,231.0,N/A,38.031531531531535,N/A,N/A,N/A,N/A,N/A,N/A,N/A,N/A,NOT_CALCULATED,1.6,N/A,0.811,VERIFIED,N/A,N/A,N/A,N/A,N/A,N/A,N/A,NOT_CALCULATED,N/A,MEDIUM,STAGE_MAPPED+CONVERSION_RATE,HIGH
5616,럭키석수,41171,경기,석수럭키아파트,재건축,3,FORMAL_ENTRY,VERIFIED,경기데이터드림 정비사업 추진현황,정비구역,64.4,250.21914808456302,735.0,N/A,41.130204081632655,280.0,N/A,N/A,N/A,N/A,N/A,N/A,N/A,NOT_CALCULATED,1.6,N/A,0.811,VERIFIED,N/A,N/A,N/A,N/A,N/A,N/A,N/A,NOT_CALCULATED,N/A,MEDIUM,STAGE_MAPPED+CONVERSION_RATE,HIGH
5646,박달신안,41171,경기,박달신안아파트,재건축,3,FORMAL_ENTRY,VERIFIED,경기데이터드림 정비사업 추진현황,추진위원회,60.6,336.162109375,385.0,N/A,34.5945945945946,N/A,N/A,N/A,N/A,N/A,N/A,N/A,N/A,NOT_CALCULATED,1.6,N/A,0.811,VERIFIED,N/A,N/A,N/A,N/A,N/A,N/A,N/A,NOT_CALCULATED,N/A,MEDIUM,STAGE_MAPPED+CONVERSION_RATE,HIGH
5639,박달우성,41171,경기,박달우성아파트,재건축,3,FORMAL_ENTRY,VERIFIED,경기데이터드림 정비사업 추진현황,추진위원회,73.8,226.06359391835267,1020.0,N/A,40.94607843137255,N/A,N/A,N/A,N/A,N/A,N/A,N/A,N/A,NOT_CALCULATED,1.6,N/A,0.811,VERIFIED,N/A,N/A,N/A,N/A,N/A,N/A,N/A,NOT_CALCULATED,N/A,MEDIUM,STAGE_MAPPED+CONVERSION_RATE,HIGH
8545,수지4차삼성,41465,경기,수지1,재건축,3,FORMAL_ENTRY,VERIFIED,경기데이터드림 정비사업 추진현황,추진위원회,109.4,250.0,1137.0,N/A,N/A,290.0,N/A,N/A,N/A,N/A,N/A,N/A,N/A,NOT_CALCULATED,1.6,N/A,0.811,VERIFIED,N/A,N/A,N/A,N/A,N/A,N/A,N/A,NOT_CALCULATED,N/A,MEDIUM,STAGE_MAPPED+CONVERSION_RATE,HIGH
6521,안산월드1단지,41271,경기,월드아파트,재건축,3,FORMAL_ENTRY,VERIFIED,경기데이터드림 정비사업 추진현황,추진위원회,29.9,114.7974670925562,1070.0,N/A,45.000186915887845,N/A,N/A,N/A,N/A,N/A,N/A,N/A,N/A,NOT_CALCULATED,1.6,N/A,0.811,VERIFIED,N/A,N/A,N/A,N/A,N/A,N/A,N/A,NOT_CALCULATED,N/A,MEDIUM,STAGE_MAPPED+CONVERSION_RATE,HIGH
5596,안양벽산,41171,경기,벽산아파트,재건축,3,FORMAL_ENTRY,VERIFIED,경기데이터드림 정비사업 추진현황,정비구역,81.1,255.74238041910715,275.0,N/A,45.13490909090909,N/A,N/A,N/A,N/A,N/A,N/A,N/A,N/A,NOT_CALCULATED,1.6,N/A,0.811,VERIFIED,N/A,N/A,N/A,N/A,N/A,N/A,N/A,NOT_CALCULATED,N/A,MEDIUM,STAGE_MAPPED+CONVERSION_RATE,HIGH
5818,역곡일두,41192,경기,역곡1-2,재건축,3,FORMAL_ENTRY,VERIFIED,경기데이터드림 정비사업 추진현황,추진위원회,77.4,129.0,315.0,N/A,N/A,250.0,N/A,N/A,N/A,N/A,N/A,N/A,N/A,NOT_CALCULATED,1.6,N/A,0.811,VERIFIED,N/A,N/A,N/A,N/A,N/A,N/A,N/A,NOT_CALCULATED,N/A,MEDIUM,STAGE_MAPPED+CONVERSION_RATE,HIGH
7691,은행동풍림,41390,경기,은행동 산호,재개발,3,FORMAL_ENTRY,PROXY_MATCH,경기데이터드림 정비사업 추진현황,정비구역,334.1,230.0,370.0,N/A,N/A,250.0,N/A,N/A,N/A,N/A,N/A,N/A,N/A,NOT_CALCULATED,1.6,N/A,0.811,VERIFIED,N/A,N/A,N/A,N/A,N/A,N/A,N/A,NOT_CALCULATED,N/A,LOW,STAGE_MAPPED+CONVERSION_RATE,HIGH
5604,진흥5차아파트,41171,경기,진흥5차아파트,재건축,3,FORMAL_ENTRY,VERIFIED,경기데이터드림 정비사업 추진현황,정비구역,70.0,198.1269038294169,432.0,N/A,42.55555555555556,250.0,N/A,N/A,N/A,N/A,N/A,N/A,N/A,NOT_CALCULATED,1.6,N/A,0.811,VERIFIED,N/A,N/A,N/A,N/A,N/A,N/A,N/A,NOT_CALCULATED,N/A,MEDIUM,STAGE_MAPPED+CONVERSION_RATE,HIGH
7513,퇴계원4단지,41360,경기,퇴계원4,재개발,3,FORMAL_ENTRY,PROXY_MATCH,경기데이터드림 정비사업 추진현황,정비구역,321.6,36.1,166.0,N/A,N/A,250.0,N/A,N/A,N/A,N/A,N/A,N/A,N/A,NOT_CALCULATED,1.6,N/A,0.811,VERIFIED,N/A,N/A,N/A,N/A,N/A,N/A,N/A,NOT_CALCULATED,N/A,LOW,STAGE_MAPPED+CONVERSION_RATE,HIGH
4338,가락우창,11710,서울,가락우창아파트 재건축정비사업,재건축,3,FORMAL_ENTRY,VERIFIED,서울 정비사업 정보몽땅,추진위원회승인,98.0,203.81098400910344,N/A,N/A,63.246212121212125,N/A,N/A,N/A,N/A,N/A,N/A,N/A,N/A,NOT_CALCULATED,1.5,N/A,0.65,VERIFIED,N/A,N/A,N/A,N/A,N/A,N/A,N/A,NOT_CALCULATED,N/A,MEDIUM,STAGE_MAPPED+CONVERSION_RATE,HIGH
4006,개포2차 현대아파트,11680,서울,개포현대2차아파트 재건축정비사업,재건축,3,FORMAL_ENTRY,VERIFIED,서울 정비사업 정보몽땅,추진위원회승인,89.2,177.2758849836351,N/A,N/A,93.84982078853047,N/A,N/A,N/A,N/A,N/A,N/A,N/A,N/A,NOT_CALCULATED,1.5,N/A,0.65,VERIFIED,N/A,N/A,N/A,N/A,N/A,N/A,N/A,NOT_CALCULATED,N/A,MEDIUM,STAGE_MAPPED+CONVERSION_RATE,HIGH
4010,개포경남아파트,11680,서울,개포 경남·우성3차·현대1차 통합 재건축정비사업,재건축,3,FORMAL_ENTRY,VERIFIED,서울 정비사업 정보몽땅,추진위원회승인,34.2,186.14755572347426,N/A,N/A,81.19926253687315,N/A,N/A,N/A,N/A,N/A,N/A,N/A,N/A,NOT_CALCULATED,1.5,N/A,0.65,VERIFIED,N/A,N/A,N/A,N/A,N/A,N/A,N/A,NOT_CALCULATED,N/A,MEDIUM,STAGE_MAPPED+CONVERSION_RATE,HIGH
4390,고덕주공9단지,11740,서울,고덕주공9단지아파트 재건축정비사업,재건축,3,FORMAL_ENTRY,VERIFIED,서울 정비사업 정보몽땅,추진위원회승인,145.6,172.6571488506154,N/A,N/A,55.61606060606061,N/A,N/A,N/A,N/A,N/A,N/A,N/A,N/A,NOT_CALCULATED,1.5,N/A,0.65,VERIFIED,N/A,N/A,N/A,N/A,N/A,N/A,N/A,NOT_CALCULATED,N/A,MEDIUM,STAGE_MAPPED+CONVERSION_RATE,HIGH
4386,고덕현대아파트,11740,서울,고덕현대아파트 재건축정비사업,재건축,3,FORMAL_ENTRY,VERIFIED,서울 정비사업 정보몽땅,추진위원회승인,122.6,194.84153643931649,N/A,N/A,71.86736641221374,N/A,N/A,N/A,N/A,N/A,N/A,N/A,N/A,NOT_CALCULATED,1.5,N/A,0.65,VERIFIED,N/A,N/A,N/A,N/A,N/A,N/A,N/A,NOT_CALCULATED,N/A,MEDIUM,STAGE_MAPPED+CONVERSION_RATE,HIGH
3212,고척한효,11530,서울,고척동 한효아파트 재건축 정비구역,재건축,3,FORMAL_ENTRY,VERIFIED,서울 정비사업 정보몽땅,정비구역지정,66.4,283.15224913494814,N/A,N/A,36.87241379310345,N/A,N/A,N/A,N/A,N/A,N/A,N/A,N/A,NOT_CALCULATED,1.5,N/A,0.65,VERIFIED,N/A,N/A,N/A,N/A,N/A,N/A,N/A,NOT_CALCULATED,N/A,MEDIUM,STAGE_MAPPED+CONVERSION_RATE,HIGH
4114,논현동현,11680,서울,논현동현아파트 재건축정비사업,재건축,3,FORMAL_ENTRY,VERIFIED,서울 정비사업 정보몽땅,추진위원회승인,130.1,195.28970111073903,N/A,N/A,64.84470802919708,N/A,N/A,N/A,N/A,N/A,N/A,N/A,N/A,NOT_CALCULATED,1.5,N/A,0.65,VERIFIED,N/A,N/A,N/A,N/A,N/A,N/A,N/A,NOT_CALCULATED,N/A,MEDIUM,STAGE_MAPPED+CONVERSION_RATE,HIGH
4089,대치선경,11680,서울,대치선경아파트 재건축정비사업,재건축,3,FORMAL_ENTRY,PROXY_MATCH,서울 정비사업 정보몽땅,추진위원회승인,159.0,186.32046818132108,N/A,N/A,76.05048355899419,N/A,N/A,N/A,N/A,N/A,N/A,N/A,N/A,NOT_CALCULATED,1.5,N/A,0.65,VERIFIED,N/A,N/A,N/A,N/A,N/A,N/A,N/A,NOT_CALCULATED,N/A,LOW,STAGE_MAPPED+CONVERSION_RATE,HIGH
1268,동원베네스트 아파트,11170,서울,이촌동제1구역 주택재건축정비사업 조합설립추진위원회,재건축,3,FORMAL_ENTRY,VERIFIED,서울 정비사업 정보몽땅,추진위원회승인,130.1,N/A,N/A,N/A,N/A,N/A,N/A,N/A,N/A,N/A,N/A,N/A,N/A,NOT_CALCULATED,1.5,N/A,0.65,VERIFIED,N/A,N/A,N/A,N/A,N/A,N/A,N/A,NOT_CALCULATED,N/A,MEDIUM,STAGE_MAPPED+CONVERSION_RATE,HIGH
3873,래미안원베일리,11650,서울,반포경남아파트 주택재건축 정비사업,재건축,3,FORMAL_ENTRY,VERIFIED,서울 정비사업 정보몽땅,추진위원회승인,129.4,N/A,N/A,N/A,N/A,N/A,N/A,N/A,N/A,N/A,N/A,N/A,N/A,NOT_CALCULATED,1.5,N/A,0.65,VERIFIED,N/A,N/A,N/A,N/A,N/A,N/A,N/A,NOT_CALCULATED,N/A,MEDIUM,STAGE_MAPPED+CONVERSION_RATE,HIGH
2652,마포도화우성아파트,11440,서울,도화우성아파트 재건축정비사업,재건축,3,FORMAL_ENTRY,VERIFIED,서울 정비사업 정보몽땅,정비계획 수립,86.1,N/A,N/A,N/A,N/A,N/A,N/A,N/A,N/A,N/A,N/A,N/A,N/A,NOT_CALCULATED,1.5,N/A,0.65,VERIFIED,N/A,N/A,N/A,N/A,N/A,N/A,N/A,NOT_CALCULATED,N/A,MEDIUM,STAGE_MAPPED+CONVERSION_RATE,HIGH
4388,명일동우성,11740,서울,명일우성아파트 재건축정비사업,재건축,3,FORMAL_ENTRY,VERIFIED,서울 정비사업 정보몽땅,정비계획 수립,144.5,192.4257363165213,N/A,N/A,69.1520979020979,N/A,N/A,N/A,N/A,N/A,N/A,N/A,N/A,NOT_CALCULATED,1.5,N/A,0.65,VERIFIED,N/A,N/A,N/A,N/A,N/A,N/A,N/A,NOT_CALCULATED,N/A,MEDIUM,STAGE_MAPPED+CONVERSION_RATE,HIGH
4385,명일신동아,11740,서울,명일동 신동아아파트 재건축정비사업,재건축,3,FORMAL_ENTRY,VERIFIED,서울 정비사업 정보몽땅,추진위원회승인,103.0,196.2521613395755,N/A,N/A,69.40140350877193,N/A,N/A,N/A,N/A,N/A,N/A,N/A,N/A,NOT_CALCULATED,1.5,N/A,0.65,VERIFIED,N/A,N/A,N/A,N/A,N/A,N/A,N/A,NOT_CALCULATED,N/A,MEDIUM,STAGE_MAPPED+CONVERSION_RATE,HIGH
4389,명일한양,11740,서울,명일 한양아파트 재건축정비사업,재건축,3,FORMAL_ENTRY,VERIFIED,서울 정비사업 정보몽땅,추진위원회승인,92.3,182.61705794411387,N/A,N/A,69.73833333333333,N/A,N/A,N/A,N/A,N/A,N/A,N/A,N/A,NOT_CALCULATED,1.5,N/A,0.65,VERIFIED,N/A,N/A,N/A,N/A,N/A,N/A,N/A,NOT_CALCULATED,N/A,MEDIUM,STAGE_MAPPED+CONVERSION_RATE,HIGH
2832,목동3단지,11470,서울,목동3단지아파트 재건축정비사업,재건축,3,FORMAL_ENTRY,PROXY_MATCH,서울 정비사업 정보몽땅,추진위원회승인,183.4,115.82788674071793,N/A,N/A,92.27840050377834,N/A,N/A,N/A,N/A,N/A,N/A,N/A,N/A,NOT_CALCULATED,1.5,N/A,0.65,VERIFIED,N/A,N/A,N/A,N/A,N/A,N/A,N/A,NOT_CALCULATED,N/A,LOW,STAGE_MAPPED+CONVERSION_RATE,HIGH
2395,미성아파트(불광동),11380,서울,불광미성아파트 주택재건축정비사업,재건축,3,FORMAL_ENTRY,VERIFIED,서울 정비사업 정보몽땅,추진위원회승인,96.2,207.76515151515147,N/A,N/A,45.3134328358209,N/A,N/A,N/A,N/A,N/A,N/A,N/A,N/A,NOT_CALCULATED,1.5,N/A,0.65,VERIFIED,N/A,N/A,N/A,N/A,N/A,N/A,N/A,NOT_CALCULATED,N/A,MEDIUM,STAGE_MAPPED+CONVERSION_RATE,HIGH
3785,방배대우효령,11650,서울,방배대우효령아파트 주택재건축정비사업 조합설립추진위원회,재건축,3,FORMAL_ENTRY,VERIFIED,서울 정비사업 정보몽땅,추진위원회승인,63.4,199.40343645458972,N/A,N/A,53.0510989010989,N/A,N/A,N/A,N/A,N/A,N/A,N/A,N/A,NOT_CALCULATED,1.5,N/A,0.65,VERIFIED,N/A,N/A,N/A,N/A,N/A,N/A,N/A,NOT_CALCULATED,N/A,MEDIUM,STAGE_MAPPED+CONVERSION_RATE,HIGH
3798,방배임광3차,11650,서울,임광3차아파트 재건축정비사업 조합설립추진위원회,재건축,3,FORMAL_ENTRY,VERIFIED,서울 정비사업 정보몽땅,추진위원회승인,15.4,N/A,N/A,N/A,N/A,N/A,N/A,N/A,N/A,N/A,N/A,N/A,N/A,NOT_CALCULATED,1.5,N/A,0.65,VERIFIED,N/A,N/A,N/A,N/A,N/A,N/A,N/A,NOT_CALCULATED,N/A,MEDIUM,STAGE_MAPPED+CONVERSION_RATE,HIGH
2868,방주기픈샘1차아파트,11470,서울,신월2구역 주택재건축정비사업 조합설립추진위원회,재건축,3,FORMAL_ENTRY,VERIFIED,서울 정비사업 정보몽땅,추진위원회승인,122.4,N/A,N/A,N/A,N/A,N/A,N/A,N/A,N/A,N/A,N/A,N/A,N/A,NOT_CALCULATED,1.5,N/A,0.65,VERIFIED,N/A,N/A,N/A,N/A,N/A,N/A,N/A,NOT_CALCULATED,N/A,MEDIUM,STAGE_MAPPED+CONVERSION_RATE,HIGH
3792,삼호,11650,서울,방배삼호아파트 주택재건축정비사업 조합설립추진위원회,재건축,3,FORMAL_ENTRY,VERIFIED,서울 정비사업 정보몽땅,추진위원회승인,29.2,N/A,N/A,N/A,N/A,N/A,N/A,N/A,N/A,N/A,N/A,N/A,N/A,NOT_CALCULATED,1.5,N/A,0.65,VERIFIED,N/A,N/A,N/A,N/A,N/A,N/A,N/A,NOT_CALCULATED,N/A,MEDIUM,STAGE_MAPPED+CONVERSION_RATE,HIGH
2287,상계보람,11350,서울,상계보람아파트 재건축정비사업,재건축,3,FORMAL_ENTRY,PROXY_MATCH,서울 정비사업 정보몽땅,추진위원회승인,152.7,384.1534069761781,N/A,N/A,19.20865761689291,N/A,N/A,N/A,N/A,N/A,N/A,N/A,N/A,NOT_CALCULATED,1.5,N/A,0.65,VERIFIED,N/A,N/A,N/A,N/A,N/A,N/A,N/A,NOT_CALCULATED,N/A,LOW,STAGE_MAPPED+CONVERSION_RATE,HIGH
2254,상계주공6단지,11350,서울,상계주공6단지아파트 재건축정비사업,재건축,3,FORMAL_ENTRY,VERIFIED,서울 정비사업 정보몽땅,추진위원회승인,103.0,179.68593994017837,N/A,N/A,34.266666666666666,N/A,N/A,N/A,N/A,N/A,N/A,N/A,N/A,NOT_CALCULATED,1.5,N/A,0.65,VERIFIED,N/A,N/A,N/A,N/A,N/A,N/A,N/A,NOT_CALCULATED,N/A,MEDIUM,STAGE_MAPPED+CONVERSION_RATE,HIGH
4159,상록수아파트,11680,서울,상록수아파트 재건축정비사업,재건축,3,FORMAL_ENTRY,VERIFIED,서울 정비사업 정보몽땅,추진위원회승인,113.8,134.54553724002156,N/A,N/A,83.19297297297298,N/A,N/A,N/A,N/A,N/A,N/A,N/A,N/A,NOT_CALCULATED,1.5,N/A,0.65,VERIFIED,N/A,N/A,N/A,N/A,N/A,N/A,N/A,NOT_CALCULATED,N/A,MEDIUM,STAGE_MAPPED+CONVERSION_RATE,HIGH
4408,상일우성타운,11740,서울,상일동 빌라단지 통합 재건축,재건축,3,FORMAL_ENTRY,VERIFIED,서울 정비사업 정보몽땅,추진위원회승인,111.1,100.18149494849385,N/A,N/A,153.74952380952382,N/A,N/A,N/A,N/A,N/A,N/A,N/A,N/A,NOT_CALCULATED,1.5,N/A,0.65,VERIFIED,N/A,N/A,N/A,N/A,N/A,N/A,N/A,NOT_CALCULATED,N/A,MEDIUM,STAGE_MAPPED+CONVERSION_RATE,HIGH
4151,수서가람,11680,서울,가람아파트 재건축정비사업,재건축,3,FORMAL_ENTRY,VERIFIED,서울 정비사업 정보몽땅,추진위원회승인,119.9,129.2715708220014,N/A,N/A,82.95302419354839,N/A,N/A,N/A,N/A,N/A,N/A,N/A,N/A,NOT_CALCULATED,1.5,N/A,0.65,VERIFIED,N/A,N/A,N/A,N/A,N/A,N/A,N/A,NOT_CALCULATED,N/A,MEDIUM,STAGE_MAPPED+CONVERSION_RATE,HIGH
3353,시흥현대빌라,11545,서울,현대빌라 재건축정비사업,재건축,3,FORMAL_ENTRY,VERIFIED,서울 정비사업 정보몽땅,추진위원회승인,68.1,117.99739694140617,N/A,N/A,48.42787878787879,N/A,N/A,N/A,N/A,N/A,N/A,N/A,N/A,NOT_CALCULATED,1.5,N/A,0.65,VERIFIED,N/A,N/A,N/A,N/A,N/A,N/A,N/A,NOT_CALCULATED,N/A,MEDIUM,STAGE_MAPPED+CONVERSION_RATE,HIGH
3498,신길1차우성아파트,11560,서울,신길우성1차아파트 재건축정비사업,재건축,3,FORMAL_ENTRY,VERIFIED,서울 정비사업 정보몽땅,추진위원회승인,125.8,399.41284878269585,N/A,N/A,22.47747093023256,N/A,N/A,N/A,N/A,N/A,N/A,N/A,N/A,NOT_CALCULATED,1.5,N/A,0.65,VERIFIED,N/A,N/A,N/A,N/A,N/A,N/A,N/A,NOT_CALCULATED,N/A,MEDIUM,STAGE_MAPPED+CONVERSION_RATE,HIGH
3497,신길건영,11560,서울,신길건영아파트 재건축정비사업,재건축,3,FORMAL_ENTRY,PROXY_MATCH,서울 정비사업 정보몽땅,추진위원회승인,193.5,406.0933061768762,N/A,N/A,28.36502590673575,N/A,N/A,N/A,N/A,N/A,N/A,N/A,N/A,NOT_CALCULATED,1.5,N/A,0.65,VERIFIED,N/A,N/A,N/A,N/A,N/A,N/A,N/A,NOT_CALCULATED,N/A,LOW,STAGE_MAPPED+CONVERSION_RATE,HIGH
4116,압구정미성1차,11680,서울,압구정아파트지구 특별계획구역① 재건축사업,재건축,3,FORMAL_ENTRY,VERIFIED,서울 정비사업 정보몽땅,추진위원회승인,86.6,290.385247053627,N/A,N/A,77.34006211180125,N/A,N/A,N/A,N/A,N/A,N/A,N/A,N/A,NOT_CALCULATED,1.5,N/A,0.65,VERIFIED,N/A,N/A,N/A,N/A,N/A,N/A,N/A,NOT_CALCULATED,N/A,MEDIUM,STAGE_MAPPED+CONVERSION_RATE,HIGH
3383,여의도미성,11560,서울,미성아파트 주택재건축정비사업 조합설립추진위원회,재건축,3,FORMAL_ENTRY,VERIFIED,서울 정비사업 정보몽땅,추진위원회승인,52.6,334.66443754478144,N/A,N/A,36.28249566724437,N/A,N/A,N/A,N/A,N/A,N/A,N/A,N/A,NOT_CALCULATED,1.5,N/A,0.65,VERIFIED,N/A,N/A,N/A,N/A,N/A,N/A,N/A,NOT_CALCULATED,N/A,MEDIUM,STAGE_MAPPED+CONVERSION_RATE,HIGH
3374,여의도수정,11560,서울,여의도 수정아파트 주택재건축정비사업,재건축,3,FORMAL_ENTRY,VERIFIED,서울 정비사업 정보몽땅,정비구역지정,32.6,302.3686039776019,N/A,N/A,47.224924012158056,N/A,N/A,N/A,N/A,N/A,N/A,N/A,N/A,NOT_CALCULATED,1.5,N/A,0.65,VERIFIED,N/A,N/A,N/A,N/A,N/A,N/A,N/A,NOT_CALCULATED,N/A,MEDIUM,STAGE_MAPPED+CONVERSION_RATE,HIGH
4179,역삼삼익,11680,서울,도곡삼익아파트 재건축정비사업 조합설립추진위원회,재건축,3,FORMAL_ENTRY,VERIFIED,서울 정비사업 정보몽땅,추진위원회승인,55.3,197.16697819314643,N/A,N/A,71.47773279352226,N/A,N/A,N/A,N/A,N/A,N/A,N/A,N/A,NOT_CALCULATED,1.5,N/A,0.65,VERIFIED,N/A,N/A,N/A,N/A,N/A,N/A,N/A,NOT_CALCULATED,N/A,MEDIUM,STAGE_MAPPED+CONVERSION_RATE,HIGH
2934,염창우성1차,11500,서울,염창동 우성1차·2차·삼천리아파트 통합재건축정비사업,재건축,3,FORMAL_ENTRY,VERIFIED,서울 정비사업 정보몽땅,추진위원회승인,11.4,375.0155541153597,N/A,N/A,27.309734513274336,N/A,N/A,N/A,N/A,N/A,N/A,N/A,N/A,NOT_CALCULATED,1.5,N/A,0.65,VERIFIED,N/A,N/A,N/A,N/A,N/A,N/A,N/A,NOT_CALCULATED,N/A,MEDIUM,STAGE_MAPPED+CONVERSION_RATE,HIGH
3825,우면한라,11650,서울,우면한라아파트 재건축정비사업 조합설립추진위원회,재건축,3,FORMAL_ENTRY,VERIFIED,서울 정비사업 정보몽땅,추진위원회승인,54.6,164.35226120602252,N/A,N/A,57.53531746031746,N/A,N/A,N/A,N/A,N/A,N/A,N/A,N/A,NOT_CALCULATED,1.5,N/A,0.65,VERIFIED,N/A,N/A,N/A,N/A,N/A,N/A,N/A,NOT_CALCULATED,N/A,MEDIUM,STAGE_MAPPED+CONVERSION_RATE,HIGH
1467,워커힐아파트,11215,서울,워커힐아파트1단지 재건축정비사업 조합설립추진위원회,재건축,3,FORMAL_ENTRY,VERIFIED,서울 정비사업 정보몽땅,추진위원회승인,102.6,147.85180642794919,N/A,N/A,151.46527777777777,N/A,N/A,N/A,N/A,N/A,N/A,N/A,N/A,NOT_CALCULATED,1.5,N/A,0.65,VERIFIED,N/A,N/A,N/A,N/A,N/A,N/A,N/A,NOT_CALCULATED,N/A,MEDIUM,STAGE_MAPPED+CONVERSION_RATE,HIGH
2143,월계삼호4차,11350,서울,월계삼호4차아파트 재건축사업,재건축,3,FORMAL_ENTRY,VERIFIED,서울 정비사업 정보몽땅,추진위원회승인,97.7,165.96195133587784,N/A,N/A,44.2232967032967,N/A,N/A,N/A,N/A,N/A,N/A,N/A,N/A,NOT_CALCULATED,1.5,N/A,0.65,VERIFIED,N/A,N/A,N/A,N/A,N/A,N/A,N/A,NOT_CALCULATED,N/A,MEDIUM,STAGE_MAPPED+CONVERSION_RATE,HIGH
2145,월계시영고층,11350,서울,월계시영고층아파트 재건축사업,재건축,3,FORMAL_ENTRY,PROXY_MATCH,서울 정비사업 정보몽땅,추진위원회승인,190.0,200.06925494801558,N/A,N/A,29.466666666666665,N/A,N/A,N/A,N/A,N/A,N/A,N/A,N/A,NOT_CALCULATED,1.5,N/A,0.65,VERIFIED,N/A,N/A,N/A,N/A,N/A,N/A,N/A,NOT_CALCULATED,N/A,LOW,STAGE_MAPPED+CONVERSION_RATE,HIGH
1523,자양한양,11215,서울,자양한양아파트 재건축정비사업,재건축,3,FORMAL_ENTRY,PROXY_MATCH,서울 정비사업 정보몽땅,추진위원회승인,209.4,N/A,N/A,N/A,N/A,N/A,N/A,N/A,N/A,N/A,N/A,N/A,N/A,NOT_CALCULATED,1.5,N/A,0.65,VERIFIED,N/A,N/A,N/A,N/A,N/A,N/A,N/A,NOT_CALCULATED,N/A,LOW,STAGE_MAPPED+CONVERSION_RATE,HIGH
2347,중계그린,11350,서울,중계그린아파트 재건축사업,재건축,3,FORMAL_ENTRY,VERIFIED,서울 정비사업 정보몽땅,추진위원회승인,63.2,N/A,N/A,N/A,N/A,N/A,N/A,N/A,N/A,N/A,N/A,N/A,N/A,NOT_CALCULATED,1.5,N/A,0.65,VERIFIED,N/A,N/A,N/A,N/A,N/A,N/A,N/A,NOT_CALCULATED,N/A,MEDIUM,STAGE_MAPPED+CONVERSION_RATE,HIGH
2099,창동주공18단지,11320,서울,창동주공18단지아파트 재건축사업,재건축,3,FORMAL_ENTRY,VERIFIED,서울 정비사업 정보몽땅,추진위원회승인,145.7,364.38442785752756,N/A,N/A,18.977252747252745,N/A,N/A,N/A,N/A,N/A,N/A,N/A,N/A,NOT_CALCULATED,1.5,N/A,0.65,VERIFIED,N/A,N/A,N/A,N/A,N/A,N/A,N/A,NOT_CALCULATED,N/A,MEDIUM,STAGE_MAPPED+CONVERSION_RATE,HIGH
1289,청화아파트,11170,서울,청화아파트주택재건축정비사업조합설립추진위원회,재건축,3,FORMAL_ENTRY,VERIFIED,서울 정비사업 정보몽땅,추진위원회승인,116.2,223.4502989182008,N/A,N/A,72.92733564013841,N/A,N/A,N/A,N/A,N/A,N/A,N/A,N/A,NOT_CALCULATED,1.5,N/A,0.65,VERIFIED,N/A,N/A,N/A,N/A,N/A,N/A,N/A,NOT_CALCULATED,N/A,MEDIUM,STAGE_MAPPED+CONVERSION_RATE,HIGH
4233,풍납극동,11710,서울,풍납극동아파트 재건축정비사업,재건축,3,FORMAL_ENTRY,VERIFIED,서울 정비사업 정보몽땅,추진위원회승인,74.8,346.5384754172305,N/A,N/A,26.710843373493976,N/A,N/A,N/A,N/A,N/A,N/A,N/A,N/A,NOT_CALCULATED,1.5,N/A,0.65,VERIFIED,N/A,N/A,N/A,N/A,N/A,N/A,N/A,NOT_CALCULATED,N/A,MEDIUM,STAGE_MAPPED+CONVERSION_RATE,HIGH
4242,풍납미성,11710,서울,풍납미성아파트 재건축정비사업,재건축,3,FORMAL_ENTRY,VERIFIED,서울 정비사업 정보몽땅,추진위원회승인,88.5,184.1698538836196,N/A,N/A,70.92727272727272,N/A,N/A,N/A,N/A,N/A,N/A,N/A,N/A,NOT_CALCULATED,1.5,N/A,0.65,VERIFIED,N/A,N/A,N/A,N/A,N/A,N/A,N/A,NOT_CALCULATED,N/A,MEDIUM,STAGE_MAPPED+CONVERSION_RATE,HIGH
2224,하계한신동성,11350,서울,하계한신동성아파트 재건축사업,재건축,3,FORMAL_ENTRY,VERIFIED,서울 정비사업 정보몽땅,정비계획 수립,106.7,264.31986120125816,N/A,N/A,64.35020080321286,N/A,N/A,N/A,N/A,N/A,N/A,N/A,N/A,NOT_CALCULATED,1.5,N/A,0.65,VERIFIED,N/A,N/A,N/A,N/A,N/A,N/A,N/A,NOT_CALCULATED,N/A,MEDIUM,STAGE_MAPPED+CONVERSION_RATE,HIGH
4158,한솔마을,11680,서울,한솔아파트 재건축정비사업,재건축,3,FORMAL_ENTRY,VERIFIED,서울 정비사업 정보몽땅,추진위원회승인,135.3,138.3248863795749,N/A,N/A,83.80473684210526,N/A,N/A,N/A,N/A,N/A,N/A,N/A,N/A,NOT_CALCULATED,1.5,N/A,0.65,VERIFIED,N/A,N/A,N/A,N/A,N/A,N/A,N/A,NOT_CALCULATED,N/A,MEDIUM,STAGE_MAPPED+CONVERSION_RATE,HIGH
4252,한양아파트,11710,서울,한양1차아파트 재건축정비사업,재건축,3,FORMAL_ENTRY,VERIFIED,서울 정비사업 정보몽땅,추진위원회승인,149.4,186.40466346224085,N/A,N/A,71.29895833333333,N/A,N/A,N/A,N/A,N/A,N/A,N/A,N/A,NOT_CALCULATED,1.5,N/A,0.65,VERIFIED,N/A,N/A,N/A,N/A,N/A,N/A,N/A,NOT_CALCULATED,N/A,MEDIUM,STAGE_MAPPED+CONVERSION_RATE,HIGH
923,가정 한신그랜드힐빌리지,28275,인천,한신그랜드힐빌리지,주택재건축,3,FORMAL_ENTRY,PROXY_MATCH,인천 renewal 정비사업 현황,추진위승인,180.1,N/A,N/A,N/A,N/A,N/A,N/A,N/A,N/A,N/A,N/A,N/A,N/A,NOT_CALCULATED,1.9,N/A,0.795,VERIFIED,N/A,N/A,N/A,N/A,N/A,N/A,N/A,NOT_CALCULATED,N/A,LOW,STAGE_MAPPED+CONVERSION_RATE,HIGH
955,가좌 현대3차 아파트,28275,인천,태화아파트,주택재건축,3,FORMAL_ENTRY,VERIFIED,인천 renewal 정비사업 현황,추진위승인,73.5,N/A,N/A,N/A,N/A,N/A,N/A,N/A,N/A,N/A,N/A,N/A,N/A,NOT_CALCULATED,1.9,N/A,0.795,VERIFIED,N/A,N/A,N/A,N/A,N/A,N/A,N/A,NOT_CALCULATED,N/A,MEDIUM,STAGE_MAPPED+CONVERSION_RATE,HIGH
663,계산극동아파트,28245,인천,계산극동아파트,주택재건축,3,FORMAL_ENTRY,VERIFIED,인천 renewal 정비사업 현황,정비구역지정,58.6,304.79435252028367,N/A,N/A,24.846031746031745,N/A,N/A,N/A,N/A,N/A,N/A,N/A,N/A,NOT_CALCULATED,1.9,N/A,0.795,VERIFIED,N/A,N/A,N/A,N/A,N/A,N/A,N/A,NOT_CALCULATED,N/A,MEDIUM,STAGE_MAPPED+CONVERSION_RATE,HIGH
320,구월신세계아파트,28200,인천,신세계아파트,주택재건축,3,FORMAL_ENTRY,VERIFIED,인천 renewal 정비사업 현황,정비구역지정,135.4,N/A,N/A,N/A,N/A,N/A,N/A,N/A,N/A,N/A,N/A,N/A,N/A,NOT_CALCULATED,1.9,N/A,0.795,VERIFIED,N/A,N/A,N/A,N/A,N/A,N/A,N/A,NOT_CALCULATED,N/A,MEDIUM,STAGE_MAPPED+CONVERSION_RATE,HIGH
384,만수주공2단지아파트,28200,인천,만수주공아파트,주택재건축,3,FORMAL_ENTRY,VERIFIED,인천 renewal 정비사업 현황,추진위승인,131.7,111.44042019552394,N/A,N/A,66.47203125,N/A,N/A,N/A,N/A,N/A,N/A,N/A,N/A,NOT_CALCULATED,1.9,N/A,0.795,VERIFIED,N/A,N/A,N/A,N/A,N/A,N/A,N/A,NOT_CALCULATED,N/A,MEDIUM,STAGE_MAPPED+CONVERSION_RATE,HIGH
521,부평3주구 현대아파트,28237,인천,현대3단지,주택재건축,3,FORMAL_ENTRY,VERIFIED,인천 renewal 정비사업 현황,추진위승인,86.7,N/A,N/A,N/A,N/A,N/A,N/A,N/A,N/A,N/A,N/A,N/A,N/A,NOT_CALCULATED,1.9,N/A,0.795,VERIFIED,N/A,N/A,N/A,N/A,N/A,N/A,N/A,NOT_CALCULATED,N/A,MEDIUM,STAGE_MAPPED+CONVERSION_RATE,HIGH
500,부평캐슬&더샵퍼스트,28237,인천,진흥&middot;동남,주택재건축,3,FORMAL_ENTRY,VERIFIED,인천 renewal 정비사업 현황,추진위승인,143.6,N/A,N/A,N/A,N/A,N/A,N/A,N/A,N/A,N/A,N/A,N/A,N/A,NOT_CALCULATED,1.9,N/A,0.795,VERIFIED,N/A,N/A,N/A,N/A,N/A,N/A,N/A,NOT_CALCULATED,N/A,MEDIUM,STAGE_MAPPED+CONVERSION_RATE,HIGH
632,효성 뉴서울6차 아파트,28245,인천,효성 / 정비구역후보지(23년 1차),주택재개발,3,FORMAL_ENTRY,PROXY_MATCH,인천 renewal 정비사업 현황,정비구역지정,263.4,344.30715366181147,1.0,N/A,31.803783783783782,N/A,N/A,N/A,N/A,N/A,N/A,N/A,N/A,NOT_CALCULATED,1.9,N/A,0.795,VERIFIED,N/A,N/A,N/A,N/A,N/A,N/A,N/A,NOT_CALCULATED,N/A,LOW,STAGE_MAPPED+CONVERSION_RATE,HIGH
6729,관산주공그린빌,41281,경기,관산Ⅱ-1구역,재건축,2,EARLY_PROJECT,PROXY_MATCH,경기데이터드림 정비사업 추진현황,예정구역,387.3,230.0,435.0,N/A,N/A,230.0,N/A,N/A,N/A,N/A,N/A,N/A,N/A,NOT_CALCULATED,2.5,N/A,0.572,VERIFIED,N/A,N/A,N/A,N/A,N/A,N/A,N/A,NOT_CALCULATED,N/A,LOW,STAGE_MAPPED+CONVERSION_RATE,HIGH
5958,괴안동삼익3차아파트,41194,경기,괴안 3-2(역곡조공2차아파트),재건축,2,EARLY_PROJECT,VERIFIED,경기데이터드림 정비사업 추진현황,예정구역,129.2,N/A,320.0,N/A,N/A,219.0,N/A,N/A,N/A,N/A,N/A,N/A,N/A,NOT_CALCULATED,2.5,N/A,0.572,VERIFIED,N/A,N/A,N/A,N/A,N/A,N/A,N/A,NOT_CALCULATED,N/A,MEDIUM,STAGE_MAPPED+CONVERSION_RATE,HIGH
8340,구갈풍림저층,41463,경기,기흥3,재건축,2,EARLY_PROJECT,VERIFIED,경기데이터드림 정비사업 추진현황,예정구역,55.8,250.0,205.0,N/A,N/A,290.0,N/A,N/A,N/A,N/A,N/A,N/A,N/A,NOT_CALCULATED,2.5,N/A,0.572,VERIFIED,N/A,N/A,N/A,N/A,N/A,N/A,N/A,NOT_CALCULATED,N/A,MEDIUM,STAGE_MAPPED+CONVERSION_RATE,HIGH
8338,구갈한양,41463,경기,기흥7,재건축,2,EARLY_PROJECT,VERIFIED,경기데이터드림 정비사업 추진현황,예정구역,106.2,250.0,624.0,N/A,N/A,290.0,N/A,N/A,N/A,N/A,N/A,N/A,N/A,NOT_CALCULATED,2.5,N/A,0.572,VERIFIED,N/A,N/A,N/A,N/A,N/A,N/A,N/A,NOT_CALCULATED,N/A,MEDIUM,STAGE_MAPPED+CONVERSION_RATE,HIGH
9060,금산주공,41550,경기,금산주공 아파트,재건축,2,EARLY_PROJECT,VERIFIED,경기데이터드림 정비사업 추진현황,예정구역,86.4,83.0,N/A,N/A,N/A,250.0,N/A,N/A,N/A,N/A,N/A,N/A,N/A,NOT_CALCULATED,2.5,N/A,0.572,VERIFIED,N/A,N/A,N/A,N/A,N/A,N/A,N/A,NOT_CALCULATED,N/A,MEDIUM,STAGE_MAPPED+CONVERSION_RATE,HIGH
8333,기흥동부아파트,41463,경기,기흥5,재건축,2,EARLY_PROJECT,VERIFIED,경기데이터드림 정비사업 추진현황,예정구역,55.0,250.0,200.0,N/A,N/A,290.0,N/A,N/A,N/A,N/A,N/A,N/A,N/A,NOT_CALCULATED,2.5,N/A,0.572,VERIFIED,N/A,N/A,N/A,N/A,N/A,N/A,N/A,NOT_CALCULATED,N/A,MEDIUM,STAGE_MAPPED+CONVERSION_RATE,HIGH
8315,드림랜드,41463,경기,기흥4,재건축,2,EARLY_PROJECT,VERIFIED,경기데이터드림 정비사업 추진현황,예정구역,12.1,240.0,299.0,N/A,N/A,290.0,N/A,N/A,N/A,N/A,N/A,N/A,N/A,NOT_CALCULATED,2.5,N/A,0.572,VERIFIED,N/A,N/A,N/A,N/A,N/A,N/A,N/A,NOT_CALCULATED,N/A,MEDIUM,STAGE_MAPPED+CONVERSION_RATE,HIGH
5009,미도,41131,경기,미도아파트,재건축,2,EARLY_PROJECT,VERIFIED,경기데이터드림 정비사업 추진현황,예정구역,23.9,216.90032437187315,280.0,N/A,38.97642857142857,250.0,N/A,N/A,N/A,N/A,N/A,N/A,N/A,NOT_CALCULATED,2.5,N/A,0.572,VERIFIED,N/A,N/A,N/A,N/A,N/A,N/A,N/A,NOT_CALCULATED,N/A,MEDIUM,STAGE_MAPPED+CONVERSION_RATE,HIGH
5930,부천한신,41194,경기,소사본 3-2(부천한신아파트),재건축,2,EARLY_PROJECT,VERIFIED,경기데이터드림 정비사업 추진현황,예정구역,66.8,269.2693781407035,916.0,N/A,34.75982532751092,230.0,N/A,N/A,N/A,N/A,N/A,N/A,N/A,NOT_CALCULATED,2.5,N/A,0.572,VERIFIED,N/A,N/A,N/A,N/A,N/A,N/A,N/A,NOT_CALCULATED,N/A,MEDIUM,STAGE_MAPPED+CONVERSION_RATE,HIGH
7663,삼보아파트,41390,경기,대야동 삼보,재건축,2,EARLY_PROJECT,VERIFIED,경기데이터드림 정비사업 추진현황,예정구역,106.7,280.0,335.0,N/A,N/A,300.0,N/A,N/A,N/A,N/A,N/A,N/A,N/A,NOT_CALCULATED,2.5,N/A,0.572,VERIFIED,N/A,N/A,N/A,N/A,N/A,N/A,N/A,NOT_CALCULATED,N/A,MEDIUM,STAGE_MAPPED+CONVERSION_RATE,HIGH
5064,상대원삼익,41133,경기,삼익상대원아파트,재건축,2,EARLY_PROJECT,VERIFIED,경기데이터드림 정비사업 추진현황,예정구역,54.5,209.5296172990078,264.0,N/A,22.982575757575756,250.0,N/A,N/A,N/A,N/A,N/A,N/A,N/A,NOT_CALCULATED,2.5,N/A,0.572,VERIFIED,N/A,N/A,N/A,N/A,N/A,N/A,N/A,NOT_CALCULATED,N/A,MEDIUM,STAGE_MAPPED+CONVERSION_RATE,HIGH
5043,성남동어울림아파트,41133,경기,성남동현대아파트,재건축,2,EARLY_PROJECT,PROXY_MATCH,경기데이터드림 정비사업 추진현황,예정구역,341.9,N/A,375.0,N/A,N/A,250.0,N/A,N/A,N/A,N/A,N/A,N/A,N/A,NOT_CALCULATED,2.5,N/A,0.572,VERIFIED,N/A,N/A,N/A,N/A,N/A,N/A,N/A,NOT_CALCULATED,N/A,LOW,STAGE_MAPPED+CONVERSION_RATE,HIGH
6526,성포주공4단지,41271,경기,주공4단지,재건축,2,EARLY_PROJECT,VERIFIED,경기데이터드림 정비사업 추진현황,예정구역,87.2,181.17140837879597,780.0,N/A,57.50474358974358,N/A,N/A,N/A,N/A,N/A,N/A,N/A,N/A,NOT_CALCULATED,2.5,N/A,0.572,VERIFIED,N/A,N/A,N/A,N/A,N/A,N/A,N/A,NOT_CALCULATED,N/A,MEDIUM,STAGE_MAPPED+CONVERSION_RATE,HIGH
4865,아주아파트,41117,경기,원천1(아주아파트),재건축,2,EARLY_PROJECT,PROXY_MATCH,경기데이터드림 정비사업 추진현황,예정구역,373.1,179.84713101517923,230.0,N/A,40.74122807017544,N/A,N/A,N/A,N/A,N/A,N/A,N/A,N/A,NOT_CALCULATED,2.5,N/A,0.572,VERIFIED,N/A,N/A,N/A,N/A,N/A,N/A,N/A,NOT_CALCULATED,N/A,LOW,STAGE_MAPPED+CONVERSION_RATE,HIGH
5965,염광아파트,41194,경기,괴안3-4(염광아파트),재건축,2,EARLY_PROJECT,VERIFIED,경기데이터드림 정비사업 추진현황,예정구역,58.8,197.52055895628519,382.0,N/A,42.33769633507853,230.0,N/A,N/A,N/A,N/A,N/A,N/A,N/A,NOT_CALCULATED,2.5,N/A,0.572,VERIFIED,N/A,N/A,N/A,N/A,N/A,N/A,N/A,NOT_CALCULATED,N/A,MEDIUM,STAGE_MAPPED+CONVERSION_RATE,HIGH
9077,옥산주공,41550,경기,옥산주공 아파트,재건축,2,EARLY_PROJECT,VERIFIED,경기데이터드림 정비사업 추진현황,예정구역,65.9,96.0,N/A,N/A,N/A,250.0,N/A,N/A,N/A,N/A,N/A,N/A,N/A,NOT_CALCULATED,2.5,N/A,0.572,VERIFIED,N/A,N/A,N/A,N/A,N/A,N/A,N/A,NOT_CALCULATED,N/A,MEDIUM,STAGE_MAPPED+CONVERSION_RATE,HIGH
4813,우만주공2단지,41115,경기,"우만1(우만주공1,2단지)",재건축,2,EARLY_PROJECT,PROXY_MATCH,경기데이터드림 정비사업 추진현황,예정구역,343.4,423.23936636034097,1484.0,N/A,18.335162601626017,N/A,N/A,N/A,N/A,N/A,N/A,N/A,N/A,NOT_CALCULATED,2.5,N/A,0.572,VERIFIED,N/A,N/A,N/A,N/A,N/A,N/A,N/A,NOT_CALCULATED,N/A,LOW,STAGE_MAPPED+CONVERSION_RATE,HIGH
6024,원종동 해주아파트 1차,41196,경기,원종 3-2(동문1차아파트),재건축,2,EARLY_PROJECT,PROXY_MATCH,경기데이터드림 정비사업 추진현황,예정구역,203.7,N/A,280.0,N/A,N/A,230.0,N/A,N/A,N/A,N/A,N/A,N/A,N/A,NOT_CALCULATED,2.5,N/A,0.572,VERIFIED,N/A,N/A,N/A,N/A,N/A,N/A,N/A,NOT_CALCULATED,N/A,LOW,STAGE_MAPPED+CONVERSION_RATE,HIGH
6034,원종주공,41196,경기,원종 3-1(원종주공아파트),재건축,2,EARLY_PROJECT,VERIFIED,경기데이터드림 정비사업 추진현황,예정구역,98.4,106.25633623434516,490.0,N/A,48.07142857142857,230.0,N/A,N/A,N/A,N/A,N/A,N/A,N/A,NOT_CALCULATED,2.5,N/A,0.572,VERIFIED,N/A,N/A,N/A,N/A,N/A,N/A,N/A,NOT_CALCULATED,N/A,MEDIUM,STAGE_MAPPED+CONVERSION_RATE,HIGH
4875,원천주공,41117,경기,영통 3구역(원천 주공),재건축,2,EARLY_PROJECT,VERIFIED,경기데이터드림 정비사업 추진현황,예정구역,86.0,156.33805645051504,1320.0,N/A,33.38939393939394,250.0,N/A,N/A,N/A,N/A,N/A,N/A,N/A,NOT_CALCULATED,2.5,N/A,0.572,VERIFIED,N/A,N/A,N/A,N/A,N/A,N/A,N/A,NOT_CALCULATED,N/A,MEDIUM,STAGE_MAPPED+CONVERSION_RATE,HIGH
8080,인덕원삼호,41430,경기,인덕원삼호아파트,재건축,2,EARLY_PROJECT,VERIFIED,경기데이터드림 정비사업 추진현황,예정구역,43.1,247.1,684.0,N/A,N/A,270.0,N/A,N/A,N/A,N/A,N/A,N/A,N/A,NOT_CALCULATED,2.5,N/A,0.572,VERIFIED,N/A,N/A,N/A,N/A,N/A,N/A,N/A,NOT_CALCULATED,N/A,MEDIUM,STAGE_MAPPED+CONVERSION_RATE,HIGH
5758,호계럭키,41173,경기,호계럭키아파트,재건축,2,EARLY_PROJECT,VERIFIED,경기데이터드림 정비사업 추진현황,예정구역,35.4,237.41835874461063,794.0,N/A,52.288413098236774,250.0,N/A,N/A,N/A,N/A,N/A,N/A,N/A,NOT_CALCULATED,2.5,N/A,0.572,VERIFIED,N/A,N/A,N/A,N/A,N/A,N/A,N/A,NOT_CALCULATED,N/A,MEDIUM,STAGE_MAPPED+CONVERSION_RATE,HIGH
4232,강변현대아파트,11710,서울,강변현대아파트 리모델링사업조합,리모델링,2,EARLY_PROJECT,VERIFIED,서울 정비사업 정보몽땅,조합원 모집신고,15.5,233.59283639883836,N/A,N/A,49.66346153846154,N/A,N/A,N/A,N/A,N/A,N/A,N/A,N/A,NOT_CALCULATED,1.2,N/A,0.692,PROXY,N/A,N/A,N/A,N/A,N/A,N/A,N/A,NOT_CALCULATED,N/A,MEDIUM,STAGE_MAPPED+CONVERSION_RATE,HIGH
1162,금강하이츠빌라,11110,서울,금강하이츠빌라 주택재건축사업,재건축,2,EARLY_PROJECT,VERIFIED,서울 정비사업 정보몽땅,안전진단,40.7,240.55968827488488,N/A,N/A,31.958490566037735,N/A,N/A,N/A,N/A,N/A,N/A,N/A,N/A,NOT_CALCULATED,1.2,N/A,0.692,PROXY,N/A,N/A,N/A,N/A,N/A,N/A,N/A,NOT_CALCULATED,N/A,MEDIUM,STAGE_MAPPED+CONVERSION_RATE,HIGH
3405,당산한양,11560,서울,당산한양아파트 재건축정비사업,재건축,2,EARLY_PROJECT,VERIFIED,서울 정비사업 정보몽땅,안전진단,81.1,199.86846123129683,N/A,N/A,50.382248520710064,N/A,N/A,N/A,N/A,N/A,N/A,N/A,N/A,NOT_CALCULATED,1.2,N/A,0.692,PROXY,N/A,N/A,N/A,N/A,N/A,N/A,N/A,NOT_CALCULATED,N/A,MEDIUM,STAGE_MAPPED+CONVERSION_RATE,HIGH
3412,당산현대3차,11560,서울,당산현대3차아파트 재건축정비사업,재건축,2,EARLY_PROJECT,VERIFIED,서울 정비사업 정보몽땅,안전진단,104.2,N/A,N/A,N/A,N/A,N/A,N/A,N/A,N/A,N/A,N/A,N/A,N/A,NOT_CALCULATED,1.2,N/A,0.692,PROXY,N/A,N/A,N/A,N/A,N/A,N/A,N/A,NOT_CALCULATED,N/A,MEDIUM,STAGE_MAPPED+CONVERSION_RATE,HIGH
3528,대림우성,11560,서울,대림우성아파트 재건축정비사업,재건축,2,EARLY_PROJECT,VERIFIED,서울 정비사업 정보몽땅,안전진단,122.1,214.91339325343986,N/A,N/A,41.43448275862069,N/A,N/A,N/A,N/A,N/A,N/A,N/A,N/A,NOT_CALCULATED,1.2,N/A,0.692,PROXY,N/A,N/A,N/A,N/A,N/A,N/A,N/A,NOT_CALCULATED,N/A,MEDIUM,STAGE_MAPPED+CONVERSION_RATE,HIGH
3436,문래공원한신,11560,서울,문래공원한신아파트 재건축정비사업,재건축,2,EARLY_PROJECT,VERIFIED,서울 정비사업 정보몽땅,안전진단,47.5,252.89359371021624,N/A,N/A,35.31525885558583,N/A,N/A,N/A,N/A,N/A,N/A,N/A,N/A,NOT_CALCULATED,1.2,N/A,0.692,PROXY,N/A,N/A,N/A,N/A,N/A,N/A,N/A,NOT_CALCULATED,N/A,MEDIUM,STAGE_MAPPED+CONVERSION_RATE,HIGH
3371,서울아파트관리사무소,11560,서울,서울아파트 재건축정비사업,재건축,2,EARLY_PROJECT,VERIFIED,서울 정비사업 정보몽땅,안전진단,34.7,210.1645342312009,N/A,N/A,88.171875,N/A,N/A,N/A,N/A,N/A,N/A,N/A,N/A,NOT_CALCULATED,1.2,N/A,0.692,PROXY,N/A,N/A,N/A,N/A,N/A,N/A,N/A,NOT_CALCULATED,N/A,MEDIUM,STAGE_MAPPED+CONVERSION_RATE,HIGH
4470,성내현대,11740,서울,성내 현대아파트 재건축 정비사업,재건축,2,EARLY_PROJECT,VERIFIED,서울 정비사업 정보몽땅,안전진단,48.4,227.74841437632136,N/A,N/A,40.981949458483754,N/A,N/A,N/A,N/A,N/A,N/A,N/A,N/A,NOT_CALCULATED,1.2,N/A,0.692,PROXY,N/A,N/A,N/A,N/A,N/A,N/A,N/A,NOT_CALCULATED,N/A,MEDIUM,STAGE_MAPPED+CONVERSION_RATE,HIGH
3509,신길우성3차아파트,11560,서울,신길우성3차아파트 재건축정비사업,재건축,2,EARLY_PROJECT,VERIFIED,서울 정비사업 정보몽땅,안전진단,35.7,411.8093631379165,N/A,N/A,24.853249475890987,N/A,N/A,N/A,N/A,N/A,N/A,N/A,N/A,NOT_CALCULATED,1.2,N/A,0.692,PROXY,N/A,N/A,N/A,N/A,N/A,N/A,N/A,NOT_CALCULATED,N/A,MEDIUM,STAGE_MAPPED+CONVERSION_RATE,HIGH
3470,양평현대2차,11560,서울,양평현대2차아파트 재건축정비사업,재건축,2,EARLY_PROJECT,VERIFIED,서울 정비사업 정보몽땅,안전진단,47.8,276.6827756384532,N/A,N/A,37.538141025641025,N/A,N/A,N/A,N/A,N/A,N/A,N/A,N/A,NOT_CALCULATED,1.2,N/A,0.692,PROXY,N/A,N/A,N/A,N/A,N/A,N/A,N/A,NOT_CALCULATED,N/A,MEDIUM,STAGE_MAPPED+CONVERSION_RATE,HIGH
3370,여의도초원,11560,서울,초원아파트 재건축정비사업,재건축,2,EARLY_PROJECT,VERIFIED,서울 정비사업 정보몽땅,안전진단,9.0,N/A,N/A,N/A,N/A,N/A,N/A,N/A,N/A,N/A,N/A,N/A,N/A,NOT_CALCULATED,1.2,N/A,0.692,PROXY,N/A,N/A,N/A,N/A,N/A,N/A,N/A,NOT_CALCULATED,N/A,MEDIUM,STAGE_MAPPED+CONVERSION_RATE,HIGH
5504,KSC아파트,41150,경기,N/A,N/A,0,PRE_PROJECT,NO_OFFICIAL_RECORD,공식 정비사업 기록 없음(선별 후보),,,N/A,100,N/A,N/A,N/A,N/A,N/A,N/A,N/A,N/A,N/A,N/A,NOT_CALCULATED,N/A,N/A,N/A,UNKNOWN,N/A,N/A,N/A,N/A,N/A,N/A,N/A,NOT_CALCULATED,N/A,LOW,STAGE_MAPPED_ONLY,LOW
9031,SK하이닉스사원,41500,경기,N/A,N/A,0,PRE_PROJECT,NO_OFFICIAL_RECORD,공식 정비사업 기록 없음(선별 후보),,,N/A,420,N/A,N/A,N/A,N/A,N/A,N/A,N/A,N/A,N/A,N/A,NOT_CALCULATED,N/A,N/A,N/A,UNKNOWN,N/A,N/A,N/A,N/A,N/A,N/A,N/A,NOT_CALCULATED,N/A,LOW,STAGE_MAPPED_ONLY,LOW
5527,가능금용,41150,경기,N/A,N/A,0,PRE_PROJECT,NO_OFFICIAL_RECORD,공식 정비사업 기록 없음(선별 후보),,,415.9021980735984,150,N/A,26.993333333333332,N/A,N/A,N/A,N/A,N/A,N/A,N/A,N/A,NOT_CALCULATED,N/A,N/A,N/A,UNKNOWN,N/A,N/A,N/A,N/A,N/A,N/A,N/A,NOT_CALCULATED,N/A,LOW,STAGE_MAPPED_ONLY,LOW
7629,가수주공,41370,경기,N/A,N/A,0,PRE_PROJECT,NO_OFFICIAL_RECORD,공식 정비사업 기록 없음(선별 후보),,,N/A,620,N/A,N/A,N/A,N/A,N/A,N/A,N/A,N/A,N/A,N/A,NOT_CALCULATED,N/A,N/A,N/A,UNKNOWN,N/A,N/A,N/A,N/A,N/A,N/A,N/A,NOT_CALCULATED,N/A,LOW,STAGE_MAPPED_ONLY,LOW
7958,가야1차,41410,경기,N/A,N/A,0,PRE_PROJECT,NO_OFFICIAL_RECORD,공식 정비사업 기록 없음(선별 후보),,,N/A,1601,N/A,N/A,N/A,N/A,N/A,N/A,N/A,N/A,N/A,N/A,NOT_CALCULATED,N/A,N/A,N/A,UNKNOWN,N/A,N/A,N/A,N/A,N/A,N/A,N/A,NOT_CALCULATED,N/A,LOW,STAGE_MAPPED_ONLY,LOW
9219,감정신화,41570,경기,N/A,N/A,0,PRE_PROJECT,NO_OFFICIAL_RECORD,공식 정비사업 기록 없음(선별 후보),,,N/A,654,N/A,N/A,N/A,N/A,N/A,N/A,N/A,N/A,N/A,N/A,NOT_CALCULATED,N/A,N/A,N/A,UNKNOWN,N/A,N/A,N/A,N/A,N/A,N/A,N/A,NOT_CALCULATED,N/A,LOW,STAGE_MAPPED_ONLY,LOW
6996,강선마을12단지두진아파트,41287,경기,N/A,N/A,0,PRE_PROJECT,NO_OFFICIAL_RECORD,공식 정비사업 기록 없음(선별 후보),,,157.82048795045887,309,N/A,43.37540453074433,N/A,N/A,N/A,N/A,N/A,N/A,N/A,N/A,NOT_CALCULATED,N/A,N/A,N/A,UNKNOWN,N/A,N/A,N/A,N/A,N/A,N/A,N/A,NOT_CALCULATED,N/A,LOW,STAGE_MAPPED_ONLY,LOW
7000,강선마을19단지우성아파트,41287,경기,N/A,N/A,0,PRE_PROJECT,NO_OFFICIAL_RECORD,공식 정비사업 기록 없음(선별 후보),,,238.14714398445105,412,N/A,79.04878640776698,N/A,N/A,N/A,N/A,N/A,N/A,N/A,N/A,NOT_CALCULATED,N/A,N/A,N/A,UNKNOWN,N/A,N/A,N/A,N/A,N/A,N/A,N/A,NOT_CALCULATED,N/A,LOW,STAGE_MAPPED_ONLY,LOW
6897,강촌마을3단지,41285,경기,N/A,N/A,0,PRE_PROJECT,NO_OFFICIAL_RECORD,공식 정비사업 기록 없음(선별 후보),,,239.91486402478216,590,N/A,80.42966101694915,N/A,N/A,N/A,N/A,N/A,N/A,N/A,N/A,NOT_CALCULATED,N/A,N/A,N/A,UNKNOWN,N/A,N/A,N/A,N/A,N/A,N/A,N/A,NOT_CALCULATED,N/A,LOW,STAGE_MAPPED_ONLY,LOW
6294,개나리,41220,경기,N/A,N/A,0,PRE_PROJECT,NO_OFFICIAL_RECORD,공식 정비사업 기록 없음(선별 후보),,,202.9257705392007,650,N/A,39.163384615384615,N/A,N/A,N/A,N/A,N/A,N/A,N/A,N/A,NOT_CALCULATED,N/A,N/A,N/A,UNKNOWN,N/A,N/A,N/A,N/A,N/A,N/A,N/A,NOT_CALCULATED,N/A,LOW,STAGE_MAPPED_ONLY,LOW
6122,개운고층,41210,경기,N/A,N/A,0,PRE_PROJECT,NO_OFFICIAL_RECORD,공식 정비사업 기록 없음(선별 후보),,,319.22540368349746,165,N/A,33.10424242424242,N/A,N/A,N/A,N/A,N/A,N/A,N/A,N/A,NOT_CALCULATED,N/A,N/A,N/A,UNKNOWN,N/A,N/A,N/A,N/A,N/A,N/A,N/A,NOT_CALCULATED,N/A,LOW,STAGE_MAPPED_ONLY,LOW
7766,거모녹원,41390,경기,N/A,N/A,0,PRE_PROJECT,NO_OFFICIAL_RECORD,공식 정비사업 기록 없음(선별 후보),,,N/A,220,N/A,N/A,N/A,N/A,N/A,N/A,N/A,N/A,N/A,N/A,NOT_CALCULATED,N/A,N/A,N/A,UNKNOWN,N/A,N/A,N/A,N/A,N/A,N/A,N/A,NOT_CALCULATED,N/A,LOW,STAGE_MAPPED_ONLY,LOW
7768,거모아주3차,41390,경기,N/A,N/A,0,PRE_PROJECT,NO_OFFICIAL_RECORD,공식 정비사업 기록 없음(선별 후보),,,N/A,180,N/A,N/A,N/A,N/A,N/A,N/A,N/A,N/A,N/A,N/A,NOT_CALCULATED,N/A,N/A,N/A,UNKNOWN,N/A,N/A,N/A,N/A,N/A,N/A,N/A,NOT_CALCULATED,N/A,LOW,STAGE_MAPPED_ONLY,LOW
7769,거모아주4단지2차,41390,경기,N/A,N/A,0,PRE_PROJECT,NO_OFFICIAL_RECORD,공식 정비사업 기록 없음(선별 후보),,,N/A,180,N/A,N/A,N/A,N/A,N/A,N/A,N/A,N/A,N/A,N/A,NOT_CALCULATED,N/A,N/A,N/A,UNKNOWN,N/A,N/A,N/A,N/A,N/A,N/A,N/A,NOT_CALCULATED,N/A,LOW,STAGE_MAPPED_ONLY,LOW
9022,거평,41500,경기,N/A,N/A,0,PRE_PROJECT,NO_OFFICIAL_RECORD,공식 정비사업 기록 없음(선별 후보),,,N/A,299,N/A,N/A,N/A,N/A,N/A,N/A,N/A,N/A,N/A,N/A,NOT_CALCULATED,N/A,N/A,N/A,UNKNOWN,N/A,N/A,N/A,N/A,N/A,N/A,N/A,NOT_CALCULATED,N/A,LOW,STAGE_MAPPED_ONLY,LOW
6546,건양타워아파트,41271,경기,N/A,N/A,0,PRE_PROJECT,NO_OFFICIAL_RECORD,공식 정비사업 기록 없음(선별 후보),,,N/A,128,N/A,N/A,N/A,N/A,N/A,N/A,N/A,N/A,N/A,N/A,NOT_CALCULATED,N/A,N/A,N/A,UNKNOWN,N/A,N/A,N/A,N/A,N/A,N/A,N/A,NOT_CALCULATED,N/A,LOW,STAGE_MAPPED_ONLY,LOW
6193,건영1차,41220,경기,N/A,N/A,0,PRE_PROJECT,NO_OFFICIAL_RECORD,공식 정비사업 기록 없음(선별 후보),,,187.29431351511337,562,N/A,48.094306049822066,N/A,N/A,N/A,N/A,N/A,N/A,N/A,N/A,NOT_CALCULATED,N/A,N/A,N/A,UNKNOWN,N/A,N/A,N/A,N/A,N/A,N/A,N/A,NOT_CALCULATED,N/A,LOW,STAGE_MAPPED_ONLY,LOW
6904,건영정발4단지,41285,경기,N/A,N/A,0,PRE_PROJECT,NO_OFFICIAL_RECORD,공식 정비사업 기록 없음(선별 후보),,,157.90429989524614,280,N/A,85.91571428571429,N/A,N/A,N/A,N/A,N/A,N/A,N/A,N/A,NOT_CALCULATED,N/A,N/A,N/A,UNKNOWN,N/A,N/A,N/A,N/A,N/A,N/A,N/A,NOT_CALCULATED,N/A,LOW,STAGE_MAPPED_ONLY,LOW
5967,건우아파트 2차,41194,경기,N/A,N/A,0,PRE_PROJECT,NO_OFFICIAL_RECORD,공식 정비사업 기록 없음(선별 후보),,,N/A,105,N/A,N/A,N/A,N/A,N/A,N/A,N/A,N/A,N/A,N/A,NOT_CALCULATED,N/A,N/A,N/A,UNKNOWN,N/A,N/A,N/A,N/A,N/A,N/A,N/A,NOT_CALCULATED,N/A,LOW,STAGE_MAPPED_ONLY,LOW
9768,경안두진,41610,경기,N/A,N/A,0,PRE_PROJECT,NO_OFFICIAL_RECORD,공식 정비사업 기록 없음(선별 후보),,,N/A,236,N/A,N/A,N/A,N/A,N/A,N/A,N/A,N/A,N/A,N/A,NOT_CALCULATED,N/A,N/A,N/A,UNKNOWN,N/A,N/A,N/A,N/A,N/A,N/A,N/A,NOT_CALCULATED,N/A,LOW,STAGE_MAPPED_ONLY,LOW
7959,계룡삼환,41410,경기,N/A,N/A,0,PRE_PROJECT,NO_OFFICIAL_RECORD,공식 정비사업 기록 없음(선별 후보),,,N/A,604,N/A,N/A,N/A,N/A,N/A,N/A,N/A,N/A,N/A,N/A,NOT_CALCULATED,N/A,N/A,N/A,UNKNOWN,N/A,N/A,N/A,N/A,N/A,N/A,N/A,NOT_CALCULATED,N/A,LOW,STAGE_MAPPED_ONLY,LOW
6041,고강1차2차,41196,경기,N/A,N/A,0,PRE_PROJECT,NO_OFFICIAL_RECORD,공식 정비사업 기록 없음(선별 후보),,,248.11020840692333,338,N/A,33.50295857988166,N/A,N/A,N/A,N/A,N/A,N/A,N/A,N/A,NOT_CALCULATED,N/A,N/A,N/A,UNKNOWN,N/A,N/A,N/A,N/A,N/A,N/A,N/A,NOT_CALCULATED,N/A,LOW,STAGE_MAPPED_ONLY,LOW
6039,고강3차아파트,41196,경기,N/A,N/A,0,PRE_PROJECT,NO_OFFICIAL_RECORD,공식 정비사업 기록 없음(선별 후보),,,155.62104911460074,210,N/A,42.75714285714286,N/A,N/A,N/A,N/A,N/A,N/A,N/A,N/A,NOT_CALCULATED,N/A,N/A,N/A,UNKNOWN,N/A,N/A,N/A,N/A,N/A,N/A,N/A,NOT_CALCULATED,N/A,LOW,STAGE_MAPPED_ONLY,LOW
6433,고덕태평아파트,41220,경기,N/A,N/A,0,PRE_PROJECT,NO_OFFICIAL_RECORD,공식 정비사업 기록 없음(선별 후보),,,N/A,1288,N/A,N/A,N/A,N/A,N/A,N/A,N/A,N/A,N/A,N/A,NOT_CALCULATED,N/A,N/A,N/A,UNKNOWN,N/A,N/A,N/A,N/A,N/A,N/A,N/A,NOT_CALCULATED,N/A,LOW,STAGE_MAPPED_ONLY,LOW
6559,고잔주공7단지,41273,경기,N/A,N/A,0,PRE_PROJECT,NO_OFFICIAL_RECORD,공식 정비사업 기록 없음(선별 후보),,,146.00016563761915,1020,N/A,51.49441176470589,N/A,N/A,N/A,N/A,N/A,N/A,N/A,N/A,NOT_CALCULATED,N/A,N/A,N/A,UNKNOWN,N/A,N/A,N/A,N/A,N/A,N/A,N/A,NOT_CALCULATED,N/A,LOW,STAGE_MAPPED_ONLY,LOW
6562,고잔주공9단지,41273,경기,N/A,N/A,0,PRE_PROJECT,NO_OFFICIAL_RECORD,공식 정비사업 기록 없음(선별 후보),,,189.78719427744025,1320,N/A,38.50787878787879,N/A,N/A,N/A,N/A,N/A,N/A,N/A,N/A,NOT_CALCULATED,N/A,N/A,N/A,UNKNOWN,N/A,N/A,N/A,N/A,N/A,N/A,N/A,NOT_CALCULATED,N/A,LOW,STAGE_MAPPED_ONLY,LOW
9310,고촌길훈1차,41570,경기,N/A,N/A,0,PRE_PROJECT,NO_OFFICIAL_RECORD,공식 정비사업 기록 없음(선별 후보),,,N/A,275,N/A,N/A,N/A,N/A,N/A,N/A,N/A,N/A,N/A,N/A,NOT_CALCULATED,N/A,N/A,N/A,UNKNOWN,N/A,N/A,N/A,N/A,N/A,N/A,N/A,NOT_CALCULATED,N/A,LOW,STAGE_MAPPED_ONLY,LOW
9309,고촌길훈2차,41570,경기,N/A,N/A,0,PRE_PROJECT,NO_OFFICIAL_RECORD,공식 정비사업 기록 없음(선별 후보),,,N/A,238,N/A,N/A,N/A,N/A,N/A,N/A,N/A,N/A,N/A,N/A,NOT_CALCULATED,N/A,N/A,N/A,UNKNOWN,N/A,N/A,N/A,N/A,N/A,N/A,N/A,NOT_CALCULATED,N/A,LOW,STAGE_MAPPED_ONLY,LOW
5691,공작럭키,41173,경기,N/A,N/A,0,PRE_PROJECT,NO_OFFICIAL_RECORD,공식 정비사업 기록 없음(선별 후보),,,223.42957172704757,766,N/A,32.36631853785901,N/A,N/A,N/A,N/A,N/A,N/A,N/A,N/A,NOT_CALCULATED,N/A,N/A,N/A,UNKNOWN,N/A,N/A,N/A,N/A,N/A,N/A,N/A,NOT_CALCULATED,N/A,LOW,STAGE_MAPPED_ONLY,LOW
5679,공작마을성일,41173,경기,N/A,N/A,0,PRE_PROJECT,NO_OFFICIAL_RECORD,공식 정비사업 기록 없음(선별 후보),,,259.2148104613576,750,N/A,34.03,N/A,N/A,N/A,N/A,N/A,N/A,N/A,N/A,NOT_CALCULATED,N/A,N/A,N/A,UNKNOWN,N/A,N/A,N/A,N/A,N/A,N/A,N/A,NOT_CALCULATED,N/A,LOW,STAGE_MAPPED_ONLY,LOW
5692,공작부영2차,41173,경기,N/A,N/A,0,PRE_PROJECT,NO_OFFICIAL_RECORD,공식 정비사업 기록 없음(선별 후보),,,287.8810306088168,1710,N/A,18.973625730994154,N/A,N/A,N/A,N/A,N/A,N/A,N/A,N/A,NOT_CALCULATED,N/A,N/A,N/A,UNKNOWN,N/A,N/A,N/A,N/A,N/A,N/A,N/A,NOT_CALCULATED,N/A,LOW,STAGE_MAPPED_ONLY,LOW
6632,공작한양(고층),41273,경기,N/A,N/A,0,PRE_PROJECT,NO_OFFICIAL_RECORD,공식 정비사업 기록 없음(선별 후보),,,176.46707626247277,2040,N/A,47.91308823529412,N/A,N/A,N/A,N/A,N/A,N/A,N/A,N/A,NOT_CALCULATED,N/A,N/A,N/A,UNKNOWN,N/A,N/A,N/A,N/A,N/A,N/A,N/A,NOT_CALCULATED,N/A,LOW,STAGE_MAPPED_ONLY,LOW
6728,관산새서울,41281,경기,N/A,N/A,0,PRE_PROJECT,NO_OFFICIAL_RECORD,공식 정비사업 기록 없음(선별 후보),,,187.8920796333429,400,N/A,34.91,N/A,N/A,N/A,N/A,N/A,N/A,N/A,N/A,NOT_CALCULATED,N/A,N/A,N/A,UNKNOWN,N/A,N/A,N/A,N/A,N/A,N/A,N/A,NOT_CALCULATED,N/A,LOW,STAGE_MAPPED_ONLY,LOW
5662,관악부영,41173,경기,N/A,N/A,0,PRE_PROJECT,NO_OFFICIAL_RECORD,공식 정비사업 기록 없음(선별 후보),,,248.2481842431197,796,N/A,45.542839195979894,N/A,N/A,N/A,N/A,N/A,N/A,N/A,N/A,NOT_CALCULATED,N/A,N/A,N/A,UNKNOWN,N/A,N/A,N/A,N/A,N/A,N/A,N/A,NOT_CALCULATED,N/A,LOW,STAGE_MAPPED_ONLY,LOW
5672,관악성원,41173,경기,N/A,N/A,0,PRE_PROJECT,NO_OFFICIAL_RECORD,공식 정비사업 기록 없음(선별 후보),,,216.82464454976304,790,N/A,28.845569620253166,N/A,N/A,N/A,N/A,N/A,N/A,N/A,N/A,NOT_CALCULATED,N/A,N/A,N/A,UNKNOWN,N/A,N/A,N/A,N/A,N/A,N/A,N/A,NOT_CALCULATED,N/A,LOW,STAGE_MAPPED_ONLY,LOW
6056,광명상우1차,41210,경기,N/A,N/A,0,PRE_PROJECT,NO_OFFICIAL_RECORD,공식 정비사업 기록 없음(선별 후보),,,460.60366546460506,148,N/A,27.355405405405406,N/A,N/A,N/A,N/A,N/A,N/A,N/A,N/A,NOT_CALCULATED,N/A,N/A,N/A,UNKNOWN,N/A,N/A,N/A,N/A,N/A,N/A,N/A,NOT_CALCULATED,N/A,LOW,STAGE_MAPPED_ONLY,LOW
6062,광명상우2차,41210,경기,N/A,N/A,0,PRE_PROJECT,NO_OFFICIAL_RECORD,공식 정비사업 기록 없음(선별 후보),,,358.2125603864734,169,N/A,29.39644970414201,N/A,N/A,N/A,N/A,N/A,N/A,N/A,N/A,NOT_CALCULATED,N/A,N/A,N/A,UNKNOWN,N/A,N/A,N/A,N/A,N/A,N/A,N/A,NOT_CALCULATED,N/A,LOW,STAGE_MAPPED_ONLY,LOW
6061,광명영화,41210,경기,N/A,N/A,0,PRE_PROJECT,NO_OFFICIAL_RECORD,공식 정비사업 기록 없음(선별 후보),,,N/A,159,N/A,N/A,N/A,N/A,N/A,N/A,N/A,N/A,N/A,N/A,NOT_CALCULATED,N/A,N/A,N/A,UNKNOWN,N/A,N/A,N/A,N/A,N/A,N/A,N/A,NOT_CALCULATED,N/A,LOW,STAGE_MAPPED_ONLY,LOW
6063,광명중앙하이츠,41210,경기,N/A,N/A,0,PRE_PROJECT,NO_OFFICIAL_RECORD,공식 정비사업 기록 없음(선별 후보),,,N/A,1191,N/A,N/A,N/A,N/A,N/A,N/A,N/A,N/A,N/A,N/A,NOT_CALCULATED,N/A,N/A,N/A,UNKNOWN,N/A,N/A,N/A,N/A,N/A,N/A,N/A,NOT_CALCULATED,N/A,LOW,STAGE_MAPPED_ONLY,LOW
6088,광명하안주공6단지,41210,경기,N/A,N/A,0,PRE_PROJECT,NO_OFFICIAL_RECORD,공식 정비사업 기록 없음(선별 후보),,,138.10905799030832,1260,N/A,34.27912698412698,N/A,N/A,N/A,N/A,N/A,N/A,N/A,N/A,NOT_CALCULATED,N/A,N/A,N/A,UNKNOWN,N/A,N/A,N/A,N/A,N/A,N/A,N/A,NOT_CALCULATED,N/A,LOW,STAGE_MAPPED_ONLY,LOW
5788,광성아파트,41192,경기,N/A,N/A,0,PRE_PROJECT,NO_OFFICIAL_RECORD,공식 정비사업 기록 없음(선별 후보),,,477.38619282800084,146,N/A,51.035616438356165,N/A,N/A,N/A,N/A,N/A,N/A,N/A,N/A,NOT_CALCULATED,N/A,N/A,N/A,UNKNOWN,N/A,N/A,N/A,N/A,N/A,N/A,N/A,NOT_CALCULATED,N/A,LOW,STAGE_MAPPED_ONLY,LOW
6549,광운연립 (9차),41273,경기,N/A,N/A,0,PRE_PROJECT,NO_OFFICIAL_RECORD,공식 정비사업 기록 없음(선별 후보),,,130.10808396605628,120,N/A,55.975,N/A,N/A,N/A,N/A,N/A,N/A,N/A,N/A,NOT_CALCULATED,N/A,N/A,N/A,UNKNOWN,N/A,N/A,N/A,N/A,N/A,N/A,N/A,NOT_CALCULATED,N/A,LOW,STAGE_MAPPED_ONLY,LOW
7947,광정목련한양,41410,경기,N/A,N/A,0,PRE_PROJECT,NO_OFFICIAL_RECORD,공식 정비사업 기록 없음(선별 후보),,,N/A,1040,N/A,N/A,N/A,N/A,N/A,N/A,N/A,N/A,N/A,N/A,NOT_CALCULATED,N/A,N/A,N/A,UNKNOWN,N/A,N/A,N/A,N/A,N/A,N/A,N/A,NOT_CALCULATED,N/A,LOW,STAGE_MAPPED_ONLY,LOW
7943,광정삼성장미,41410,경기,N/A,N/A,0,PRE_PROJECT,NO_OFFICIAL_RECORD,공식 정비사업 기록 없음(선별 후보),,,N/A,822,N/A,N/A,N/A,N/A,N/A,N/A,N/A,N/A,N/A,N/A,NOT_CALCULATED,N/A,N/A,N/A,UNKNOWN,N/A,N/A,N/A,N/A,N/A,N/A,N/A,NOT_CALCULATED,N/A,LOW,STAGE_MAPPED_ONLY,LOW
9794,광주동보허브빌,41610,경기,N/A,N/A,0,PRE_PROJECT,NO_OFFICIAL_RECORD,공식 정비사업 기록 없음(선별 후보),,,N/A,815,N/A,N/A,N/A,N/A,N/A,N/A,N/A,N/A,N/A,N/A,NOT_CALCULATED,N/A,N/A,N/A,UNKNOWN,N/A,N/A,N/A,N/A,N/A,N/A,N/A,NOT_CALCULATED,N/A,LOW,STAGE_MAPPED_ONLY,LOW
9795,광주산호아파트입주자대표회의,41610,경기,N/A,N/A,0,PRE_PROJECT,NO_OFFICIAL_RECORD,공식 정비사업 기록 없음(선별 후보),,,N/A,183,N/A,N/A,N/A,N/A,N/A,N/A,N/A,N/A,N/A,N/A,NOT_CALCULATED,N/A,N/A,N/A,UNKNOWN,N/A,N/A,N/A,N/A,N/A,N/A,N/A,NOT_CALCULATED,N/A,LOW,STAGE_MAPPED_ONLY,LOW
8439,교동마을신창아파트,41463,경기,N/A,N/A,0,PRE_PROJECT,NO_OFFICIAL_RECORD,공식 정비사업 기록 없음(선별 후보),,,N/A,490,N/A,N/A,N/A,N/A,N/A,N/A,N/A,N/A,N/A,N/A,NOT_CALCULATED,N/A,N/A,N/A,UNKNOWN,N/A,N/A,N/A,N/A,N/A,N/A,N/A,NOT_CALCULATED,N/A,LOW,STAGE_MAPPED_ONLY,LOW
7168,교문두산,41310,경기,N/A,N/A,0,PRE_PROJECT,NO_OFFICIAL_RECORD,공식 정비사업 기록 없음(선별 후보),,,120.8006911488798,434,N/A,66.80921658986175,N/A,N/A,N/A,N/A,N/A,N/A,N/A,N/A,NOT_CALCULATED,N/A,N/A,N/A,UNKNOWN,N/A,N/A,N/A,N/A,N/A,N/A,N/A,NOT_CALCULATED,N/A,LOW,STAGE_MAPPED_ONLY,LOW
7165,교문우성한양,41310,경기,N/A,N/A,0,PRE_PROJECT,NO_OFFICIAL_RECORD,공식 정비사업 기록 없음(선별 후보),,,235.97521650133837,682,N/A,46.56158357771261,N/A,N/A,N/A,N/A,N/A,N/A,N/A,N/A,NOT_CALCULATED,N/A,N/A,N/A,UNKNOWN,N/A,N/A,N/A,N/A,N/A,N/A,N/A,NOT_CALCULATED,N/A,LOW,STAGE_MAPPED_ONLY,LOW
7171,교문한가람,41310,경기,N/A,N/A,0,PRE_PROJECT,NO_OFFICIAL_RECORD,공식 정비사업 기록 없음(선별 후보),,,268.3631984930314,712,N/A,47.12191011235956,N/A,N/A,N/A,N/A,N/A,N/A,N/A,N/A,NOT_CALCULATED,N/A,N/A,N/A,UNKNOWN,N/A,N/A,N/A,N/A,N/A,N/A,N/A,NOT_CALCULATED,N/A,LOW,STAGE_MAPPED_ONLY,LOW
7172,교문한성1차,41310,경기,N/A,N/A,0,PRE_PROJECT,NO_OFFICIAL_RECORD,공식 정비사업 기록 없음(선별 후보),,,147.65816960312952,490,N/A,67.19408163265305,N/A,N/A,N/A,N/A,N/A,N/A,N/A,N/A,NOT_CALCULATED,N/A,N/A,N/A,UNKNOWN,N/A,N/A,N/A,N/A,N/A,N/A,N/A,NOT_CALCULATED,N/A,LOW,STAGE_MAPPED_ONLY,LOW
8334,구갈우림,41463,경기,N/A,N/A,0,PRE_PROJECT,NO_OFFICIAL_RECORD,공식 정비사업 기록 없음(선별 후보),,,N/A,150,N/A,N/A,N/A,N/A,N/A,N/A,N/A,N/A,N/A,N/A,NOT_CALCULATED,N/A,N/A,N/A,UNKNOWN,N/A,N/A,N/A,N/A,N/A,N/A,N/A,NOT_CALCULATED,N/A,LOW,STAGE_MAPPED_ONLY,LOW
7164,"구리교문(대우,동양고속)",41310,경기,N/A,N/A,0,PRE_PROJECT,NO_OFFICIAL_RECORD,공식 정비사업 기록 없음(선별 후보),,,263.3267119965647,680,N/A,47.603088235294116,N/A,N/A,N/A,N/A,N/A,N/A,N/A,N/A,NOT_CALCULATED,N/A,N/A,N/A,UNKNOWN,N/A,N/A,N/A,N/A,N/A,N/A,N/A,NOT_CALCULATED,N/A,LOW,STAGE_MAPPED_ONLY,LOW
7166,구리덕현,41310,경기,N/A,N/A,0,PRE_PROJECT,NO_OFFICIAL_RECORD,공식 정비사업 기록 없음(선별 후보),,,214.48385863424946,1077,N/A,48.56982358402971,N/A,N/A,N/A,N/A,N/A,N/A,N/A,N/A,NOT_CALCULATED,N/A,N/A,N/A,UNKNOWN,N/A,N/A,N/A,N/A,N/A,N/A,N/A,NOT_CALCULATED,N/A,LOW,STAGE_MAPPED_ONLY,LOW
7196,구리럭키,41310,경기,N/A,N/A,0,PRE_PROJECT,NO_OFFICIAL_RECORD,공식 정비사업 기록 없음(선별 후보),,,207.87704392652097,608,N/A,36.18108552631579,N/A,N/A,N/A,N/A,N/A,N/A,N/A,N/A,NOT_CALCULATED,N/A,N/A,N/A,UNKNOWN,N/A,N/A,N/A,N/A,N/A,N/A,N/A,NOT_CALCULATED,N/A,LOW,STAGE_MAPPED_ONLY,LOW
7147,구리인창주공4단지,41310,경기,N/A,N/A,0,PRE_PROJECT,NO_OFFICIAL_RECORD,공식 정비사업 기록 없음(선별 후보),,,199.92943259921176,1408,N/A,32.36448863636363,N/A,N/A,N/A,N/A,N/A,N/A,N/A,N/A,NOT_CALCULATED,N/A,N/A,N/A,UNKNOWN,N/A,N/A,N/A,N/A,N/A,N/A,N/A,NOT_CALCULATED,N/A,LOW,STAGE_MAPPED_ONLY,LOW
7170,구리하나,41310,경기,N/A,N/A,0,PRE_PROJECT,NO_OFFICIAL_RECORD,공식 정비사업 기록 없음(선별 후보),,,218.77059947997353,686,N/A,48.270699708454806,N/A,N/A,N/A,N/A,N/A,N/A,N/A,N/A,NOT_CALCULATED,N/A,N/A,N/A,UNKNOWN,N/A,N/A,N/A,N/A,N/A,N/A,N/A,NOT_CALCULATED,N/A,LOW,STAGE_MAPPED_ONLY,LOW
5276,구미까치마을건영빌라5단지,41135,경기,N/A,N/A,0,PRE_PROJECT,NO_OFFICIAL_RECORD,공식 정비사업 기록 없음(선별 후보),,,150.35329904922997,208,N/A,70.48942307692307,N/A,N/A,N/A,N/A,N/A,N/A,N/A,N/A,NOT_CALCULATED,N/A,N/A,N/A,UNKNOWN,N/A,N/A,N/A,N/A,N/A,N/A,N/A,NOT_CALCULATED,N/A,LOW,STAGE_MAPPED_ONLY,LOW
5267,구미까치마을대우롯데선경,41135,경기,N/A,N/A,0,PRE_PROJECT,NO_OFFICIAL_RECORD,공식 정비사업 기록 없음(선별 후보),,,179.2248223850314,976,N/A,62.82008196721311,N/A,N/A,N/A,N/A,N/A,N/A,N/A,N/A,NOT_CALCULATED,N/A,N/A,N/A,UNKNOWN,N/A,N/A,N/A,N/A,N/A,N/A,N/A,NOT_CALCULATED,N/A,LOW,STAGE_MAPPED_ONLY,LOW
5268,구미까치마을신원,41135,경기,N/A,N/A,0,PRE_PROJECT,NO_OFFICIAL_RECORD,공식 정비사업 기록 없음(선별 후보),,,260.44676513508324,882,N/A,62.6219954648526,N/A,N/A,N/A,N/A,N/A,N/A,N/A,N/A,NOT_CALCULATED,N/A,N/A,N/A,UNKNOWN,N/A,N/A,N/A,N/A,N/A,N/A,N/A,NOT_CALCULATED,N/A,LOW,STAGE_MAPPED_ONLY,LOW
5264,구미무지개마을삼성건영아파트,41135,경기,N/A,N/A,0,PRE_PROJECT,NO_OFFICIAL_RECORD,공식 정비사업 기록 없음(선별 후보),,,191.80387631637913,498,N/A,89.61847389558233,N/A,N/A,N/A,N/A,N/A,N/A,N/A,N/A,NOT_CALCULATED,N/A,N/A,N/A,UNKNOWN,N/A,N/A,N/A,N/A,N/A,N/A,N/A,NOT_CALCULATED,N/A,LOW,STAGE_MAPPED_ONLY,LOW
5263,구미무지개마을엘지,41135,경기,N/A,N/A,0,PRE_PROJECT,NO_OFFICIAL_RECORD,공식 정비사업 기록 없음(선별 후보),,,264.4294301417022,888,N/A,49.85236486486487,N/A,N/A,N/A,N/A,N/A,N/A,N/A,N/A,NOT_CALCULATED,N/A,N/A,N/A,UNKNOWN,N/A,N/A,N/A,N/A,N/A,N/A,N/A,NOT_CALCULATED,N/A,LOW,STAGE_MAPPED_ONLY,LOW
5266,구미무지개마을청구,41135,경기,N/A,N/A,0,PRE_PROJECT,NO_OFFICIAL_RECORD,공식 정비사업 기록 없음(선별 후보),,,271.98860090203607,932,N/A,45.557403433476395,N/A,N/A,N/A,N/A,N/A,N/A,N/A,N/A,NOT_CALCULATED,N/A,N/A,N/A,UNKNOWN,N/A,N/A,N/A,N/A,N/A,N/A,N/A,NOT_CALCULATED,N/A,LOW,STAGE_MAPPED_ONLY,LOW
5275,구미하얀마을주공5단지,41135,경기,N/A,N/A,0,PRE_PROJECT,NO_OFFICIAL_RECORD,공식 정비사업 기록 없음(선별 후보),,,158.1341057544916,779,N/A,37.18254172015404,N/A,N/A,N/A,N/A,N/A,N/A,N/A,N/A,NOT_CALCULATED,N/A,N/A,N/A,UNKNOWN,N/A,N/A,N/A,N/A,N/A,N/A,N/A,NOT_CALCULATED,N/A,LOW,STAGE_MAPPED_ONLY,LOW
4663,구운 강남아파트,41113,경기,N/A,N/A,0,PRE_PROJECT,NO_OFFICIAL_RECORD,공식 정비사업 기록 없음(선별 후보),,,215.9669854809874,552,N/A,45.19311594202898,N/A,N/A,N/A,N/A,N/A,N/A,N/A,N/A,NOT_CALCULATED,N/A,N/A,N/A,UNKNOWN,N/A,N/A,N/A,N/A,N/A,N/A,N/A,NOT_CALCULATED,N/A,LOW,STAGE_MAPPED_ONLY,LOW
4664,구운삼환,41113,경기,N/A,N/A,0,PRE_PROJECT,NO_OFFICIAL_RECORD,공식 정비사업 기록 없음(선별 후보),,,218.02108440403535,1680,N/A,40.32827380952381,N/A,N/A,N/A,N/A,N/A,N/A,N/A,N/A,NOT_CALCULATED,N/A,N/A,N/A,UNKNOWN,N/A,N/A,N/A,N/A,N/A,N/A,N/A,NOT_CALCULATED,N/A,LOW,STAGE_MAPPED_ONLY,LOW
4667,구운선경,41113,경기,N/A,N/A,0,PRE_PROJECT,NO_OFFICIAL_RECORD,공식 정비사업 기록 없음(선별 후보),,,203.63783283448979,260,N/A,56.92653846153846,N/A,N/A,N/A,N/A,N/A,N/A,N/A,N/A,NOT_CALCULATED,N/A,N/A,N/A,UNKNOWN,N/A,N/A,N/A,N/A,N/A,N/A,N/A,NOT_CALCULATED,N/A,LOW,STAGE_MAPPED_ONLY,LOW
8025,국화,41430,경기,N/A,N/A,0,PRE_PROJECT,NO_OFFICIAL_RECORD,공식 정비사업 기록 없음(선별 후보),,,N/A,220,N/A,N/A,N/A,N/A,N/A,N/A,N/A,N/A,N/A,N/A,NOT_CALCULATED,N/A,N/A,N/A,UNKNOWN,N/A,N/A,N/A,N/A,N/A,N/A,N/A,NOT_CALCULATED,N/A,LOW,STAGE_MAPPED_ONLY,LOW
6626,군자산호한양아파트,41273,경기,N/A,N/A,0,PRE_PROJECT,NO_OFFICIAL_RECORD,공식 정비사업 기록 없음(선별 후보),,,158.2365935468267,1086,N/A,28.93489871086556,N/A,N/A,N/A,N/A,N/A,N/A,N/A,N/A,NOT_CALCULATED,N/A,N/A,N/A,UNKNOWN,N/A,N/A,N/A,N/A,N/A,N/A,N/A,NOT_CALCULATED,N/A,LOW,STAGE_MAPPED_ONLY,LOW
6624,군자주공12단지,41273,경기,N/A,N/A,0,PRE_PROJECT,NO_OFFICIAL_RECORD,공식 정비사업 기록 없음(선별 후보),,,68.51754066838788,1620,N/A,68.37901234567902,N/A,N/A,N/A,N/A,N/A,N/A,N/A,N/A,NOT_CALCULATED,N/A,N/A,N/A,UNKNOWN,N/A,N/A,N/A,N/A,N/A,N/A,N/A,NOT_CALCULATED,N/A,LOW,STAGE_MAPPED_ONLY,LOW
6622,군자주공14단지,41273,경기,N/A,N/A,0,PRE_PROJECT,NO_OFFICIAL_RECORD,공식 정비사업 기록 없음(선별 후보),,,73.55622992673591,770,N/A,73.35142857142857,N/A,N/A,N/A,N/A,N/A,N/A,N/A,N/A,NOT_CALCULATED,N/A,N/A,N/A,UNKNOWN,N/A,N/A,N/A,N/A,N/A,N/A,N/A,NOT_CALCULATED,N/A,LOW,STAGE_MAPPED_ONLY,LOW
6630,군자주공15단지,41273,경기,N/A,N/A,0,PRE_PROJECT,NO_OFFICIAL_RECORD,공식 정비사업 기록 없음(선별 후보),,,112.03442873750889,1210,N/A,44.99892561983471,N/A,N/A,N/A,N/A,N/A,N/A,N/A,N/A,NOT_CALCULATED,N/A,N/A,N/A,UNKNOWN,N/A,N/A,N/A,N/A,N/A,N/A,N/A,NOT_CALCULATED,N/A,LOW,STAGE_MAPPED_ONLY,LOW
7909,군포 동아,41410,경기,N/A,N/A,0,PRE_PROJECT,NO_OFFICIAL_RECORD,공식 정비사업 기록 없음(선별 후보),,,N/A,483,N/A,N/A,N/A,N/A,N/A,N/A,N/A,N/A,N/A,N/A,NOT_CALCULATED,N/A,N/A,N/A,UNKNOWN,N/A,N/A,N/A,N/A,N/A,N/A,N/A,NOT_CALCULATED,N/A,LOW,STAGE_MAPPED_ONLY,LOW
7907,군포두산,41410,경기,N/A,N/A,0,PRE_PROJECT,NO_OFFICIAL_RECORD,공식 정비사업 기록 없음(선별 후보),,,N/A,398,N/A,N/A,N/A,N/A,N/A,N/A,N/A,N/A,N/A,N/A,NOT_CALCULATED,N/A,N/A,N/A,UNKNOWN,N/A,N/A,N/A,N/A,N/A,N/A,N/A,NOT_CALCULATED,N/A,LOW,STAGE_MAPPED_ONLY,LOW
7980,군포신환아파트,41410,경기,N/A,N/A,0,PRE_PROJECT,NO_OFFICIAL_RECORD,공식 정비사업 기록 없음(선별 후보),,,N/A,562,N/A,N/A,N/A,N/A,N/A,N/A,N/A,N/A,N/A,N/A,NOT_CALCULATED,N/A,N/A,N/A,UNKNOWN,N/A,N/A,N/A,N/A,N/A,N/A,N/A,NOT_CALCULATED,N/A,LOW,STAGE_MAPPED_ONLY,LOW
7977,군포율곡,41410,경기,N/A,N/A,0,PRE_PROJECT,NO_OFFICIAL_RECORD,공식 정비사업 기록 없음(선별 후보),,,N/A,2042,N/A,N/A,N/A,N/A,N/A,N/A,N/A,N/A,N/A,N/A,NOT_CALCULATED,N/A,N/A,N/A,UNKNOWN,N/A,N/A,N/A,N/A,N/A,N/A,N/A,NOT_CALCULATED,N/A,LOW,STAGE_MAPPED_ONLY,LOW
4529,궁전아파트,41111,경기,N/A,N/A,0,PRE_PROJECT,NO_OFFICIAL_RECORD,공식 정비사업 기록 없음(선별 후보),,,N/A,N/A,N/A,N/A,N/A,N/A,N/A,N/A,N/A,N/A,N/A,N/A,NOT_CALCULATED,N/A,N/A,N/A,UNKNOWN,N/A,N/A,N/A,N/A,N/A,N/A,N/A,NOT_CALCULATED,N/A,LOW,STAGE_MAPPED_ONLY,LOW
4729,권선대원신동아,41113,경기,N/A,N/A,0,PRE_PROJECT,NO_OFFICIAL_RECORD,공식 정비사업 기록 없음(선별 후보),,,173.99339064579362,1020,N/A,39.560686274509806,N/A,N/A,N/A,N/A,N/A,N/A,N/A,N/A,NOT_CALCULATED,N/A,N/A,N/A,UNKNOWN,N/A,N/A,N/A,N/A,N/A,N/A,N/A,NOT_CALCULATED,N/A,LOW,STAGE_MAPPED_ONLY,LOW
4721,권선두산동아,41113,경기,N/A,N/A,0,PRE_PROJECT,NO_OFFICIAL_RECORD,공식 정비사업 기록 없음(선별 후보),,,261.40544102844194,714,N/A,62.05574229691877,N/A,N/A,N/A,N/A,N/A,N/A,N/A,N/A,NOT_CALCULATED,N/A,N/A,N/A,UNKNOWN,N/A,N/A,N/A,N/A,N/A,N/A,N/A,NOT_CALCULATED,N/A,LOW,STAGE_MAPPED_ONLY,LOW
4751,권선벽산,41113,경기,N/A,N/A,0,PRE_PROJECT,NO_OFFICIAL_RECORD,공식 정비사업 기록 없음(선별 후보),,,271.3965537492952,368,N/A,46.2695652173913,N/A,N/A,N/A,N/A,N/A,N/A,N/A,N/A,NOT_CALCULATED,N/A,N/A,N/A,UNKNOWN,N/A,N/A,N/A,N/A,N/A,N/A,N/A,NOT_CALCULATED,N/A,LOW,STAGE_MAPPED_ONLY,LOW
4722,권선벽산한성,41113,경기,N/A,N/A,0,PRE_PROJECT,NO_OFFICIAL_RECORD,공식 정비사업 기록 없음(선별 후보),,,244.65729696877614,562,N/A,70.26512455516014,N/A,N/A,N/A,N/A,N/A,N/A,N/A,N/A,NOT_CALCULATED,N/A,N/A,N/A,UNKNOWN,N/A,N/A,N/A,N/A,N/A,N/A,N/A,NOT_CALCULATED,N/A,LOW,STAGE_MAPPED_ONLY,LOW
4724,권선삼성,41113,경기,N/A,N/A,0,PRE_PROJECT,NO_OFFICIAL_RECORD,공식 정비사업 기록 없음(선별 후보),,,188.57389495987914,634,N/A,40.19794952681388,N/A,N/A,N/A,N/A,N/A,N/A,N/A,N/A,NOT_CALCULATED,N/A,N/A,N/A,UNKNOWN,N/A,N/A,N/A,N/A,N/A,N/A,N/A,NOT_CALCULATED,N/A,LOW,STAGE_MAPPED_ONLY,LOW
4725,권선삼천리1차,41113,경기,N/A,N/A,0,PRE_PROJECT,NO_OFFICIAL_RECORD,공식 정비사업 기록 없음(선별 후보),,,248.59448611565776,496,N/A,42.49536290322581,N/A,N/A,N/A,N/A,N/A,N/A,N/A,N/A,NOT_CALCULATED,N/A,N/A,N/A,UNKNOWN,N/A,N/A,N/A,N/A,N/A,N/A,N/A,NOT_CALCULATED,N/A,LOW,STAGE_MAPPED_ONLY,LOW
4727,권선성지,41113,경기,N/A,N/A,0,PRE_PROJECT,NO_OFFICIAL_RECORD,공식 정비사업 기록 없음(선별 후보),,,231.6554149446826,650,N/A,29.966923076923077,N/A,N/A,N/A,N/A,N/A,N/A,N/A,N/A,NOT_CALCULATED,N/A,N/A,N/A,UNKNOWN,N/A,N/A,N/A,N/A,N/A,N/A,N/A,NOT_CALCULATED,N/A,LOW,STAGE_MAPPED_ONLY,LOW
4731,권선신우,41113,경기,N/A,N/A,0,PRE_PROJECT,NO_OFFICIAL_RECORD,공식 정비사업 기록 없음(선별 후보),,,235.44515723979168,518,N/A,47.96795366795367,N/A,N/A,N/A,N/A,N/A,N/A,N/A,N/A,NOT_CALCULATED,N/A,N/A,N/A,UNKNOWN,N/A,N/A,N/A,N/A,N/A,N/A,N/A,NOT_CALCULATED,N/A,LOW,STAGE_MAPPED_ONLY,LOW
4743,권선신현대,41113,경기,N/A,N/A,0,PRE_PROJECT,NO_OFFICIAL_RECORD,공식 정비사업 기록 없음(선별 후보),,,238.46450039574734,188,N/A,49.73085106382978,N/A,N/A,N/A,N/A,N/A,N/A,N/A,N/A,NOT_CALCULATED,N/A,N/A,N/A,UNKNOWN,N/A,N/A,N/A,N/A,N/A,N/A,N/A,NOT_CALCULATED,N/A,LOW,STAGE_MAPPED_ONLY,LOW
4752,권선유원보성,41113,경기,N/A,N/A,0,PRE_PROJECT,NO_OFFICIAL_RECORD,공식 정비사업 기록 없음(선별 후보),,,174.56177040952127,1200,N/A,39.448499999999996,N/A,N/A,N/A,N/A,N/A,N/A,N/A,N/A,NOT_CALCULATED,N/A,N/A,N/A,UNKNOWN,N/A,N/A,N/A,N/A,N/A,N/A,N/A,NOT_CALCULATED,N/A,LOW,STAGE_MAPPED_ONLY,LOW
4730,권선풍림신안,41113,경기,N/A,N/A,0,PRE_PROJECT,NO_OFFICIAL_RECORD,공식 정비사업 기록 없음(선별 후보),,,247.19247738894282,552,N/A,66.63967391304348,N/A,N/A,N/A,N/A,N/A,N/A,N/A,N/A,NOT_CALCULATED,N/A,N/A,N/A,UNKNOWN,N/A,N/A,N/A,N/A,N/A,N/A,N/A,NOT_CALCULATED,N/A,LOW,STAGE_MAPPED_ONLY,LOW
4728,권선한양,41113,경기,N/A,N/A,0,PRE_PROJECT,NO_OFFICIAL_RECORD,공식 정비사업 기록 없음(선별 후보),,,237.43467345430912,664,N/A,38.932078313253015,N/A,N/A,N/A,N/A,N/A,N/A,N/A,N/A,NOT_CALCULATED,N/A,N/A,N/A,UNKNOWN,N/A,N/A,N/A,N/A,N/A,N/A,N/A,NOT_CALCULATED,N/A,LOW,STAGE_MAPPED_ONLY,LOW
4750,권선한효,41113,경기,N/A,N/A,0,PRE_PROJECT,NO_OFFICIAL_RECORD,공식 정비사업 기록 없음(선별 후보),,,302.80841799709725,240,N/A,34.45,N/A,N/A,N/A,N/A,N/A,N/A,N/A,N/A,NOT_CALCULATED,N/A,N/A,N/A,UNKNOWN,N/A,N/A,N/A,N/A,N/A,N/A,N/A,NOT_CALCULATED,N/A,LOW,STAGE_MAPPED_ONLY,LOW
4733,권선현대,41113,경기,N/A,N/A,0,PRE_PROJECT,NO_OFFICIAL_RECORD,공식 정비사업 기록 없음(선별 후보),,,301.1620516399635,809,N/A,36.48442521631644,N/A,N/A,N/A,N/A,N/A,N/A,N/A,N/A,NOT_CALCULATED,N/A,N/A,N/A,UNKNOWN,N/A,N/A,N/A,N/A,N/A,N/A,N/A,NOT_CALCULATED,N/A,LOW,STAGE_MAPPED_ONLY,LOW
5864,그린타운삼성우성아파트,41192,경기,N/A,N/A,0,PRE_PROJECT,NO_OFFICIAL_RECORD,공식 정비사업 기록 없음(선별 후보),,,270.7820520976574,592,N/A,69.03614864864865,N/A,N/A,N/A,N/A,N/A,N/A,N/A,N/A,NOT_CALCULATED,N/A,N/A,N/A,UNKNOWN,N/A,N/A,N/A,N/A,N/A,N/A,N/A,NOT_CALCULATED,N/A,LOW,STAGE_MAPPED_ONLY,LOW
7834,금강,41390,경기,N/A,N/A,0,PRE_PROJECT,NO_OFFICIAL_RECORD,공식 정비사업 기록 없음(선별 후보),,,N/A,730,N/A,N/A,N/A,N/A,N/A,N/A,N/A,N/A,N/A,N/A,NOT_CALCULATED,N/A,N/A,N/A,UNKNOWN,N/A,N/A,N/A,N/A,N/A,N/A,N/A,NOT_CALCULATED,N/A,LOW,STAGE_MAPPED_ONLY,LOW
4680,금곡강남,41113,경기,N/A,N/A,0,PRE_PROJECT,NO_OFFICIAL_RECORD,공식 정비사업 기록 없음(선별 후보),,,N/A,794,N/A,N/A,N/A,N/A,N/A,N/A,N/A,N/A,N/A,N/A,NOT_CALCULATED,N/A,N/A,N/A,UNKNOWN,N/A,N/A,N/A,N/A,N/A,N/A,N/A,NOT_CALCULATED,N/A,LOW,STAGE_MAPPED_ONLY,LOW
4679,금곡거산,41113,경기,N/A,N/A,0,PRE_PROJECT,NO_OFFICIAL_RECORD,공식 정비사업 기록 없음(선별 후보),,,260.9307088405962,237,N/A,37.08438818565401,N/A,N/A,N/A,N/A,N/A,N/A,N/A,N/A,NOT_CALCULATED,N/A,N/A,N/A,UNKNOWN,N/A,N/A,N/A,N/A,N/A,N/A,N/A,NOT_CALCULATED,N/A,LOW,STAGE_MAPPED_ONLY,LOW
7255,금곡미라보,41360,경기,N/A,N/A,0,PRE_PROJECT,NO_OFFICIAL_RECORD,공식 정비사업 기록 없음(선별 후보),,,400.3664660717991,184,N/A,26.190217391304348,N/A,N/A,N/A,N/A,N/A,N/A,N/A,N/A,NOT_CALCULATED,N/A,N/A,N/A,UNKNOWN,N/A,N/A,N/A,N/A,N/A,N/A,N/A,NOT_CALCULATED,N/A,LOW,STAGE_MAPPED_ONLY,LOW
4686,금곡삼익1차,41113,경기,N/A,N/A,0,PRE_PROJECT,NO_OFFICIAL_RECORD,공식 정비사업 기록 없음(선별 후보),,,317.13992974238874,400,N/A,34.16,N/A,N/A,N/A,N/A,N/A,N/A,N/A,N/A,NOT_CALCULATED,N/A,N/A,N/A,UNKNOWN,N/A,N/A,N/A,N/A,N/A,N/A,N/A,NOT_CALCULATED,N/A,LOW,STAGE_MAPPED_ONLY,LOW
4688,금곡신미주,41113,경기,N/A,N/A,0,PRE_PROJECT,NO_OFFICIAL_RECORD,공식 정비사업 기록 없음(선별 후보),,,463.1272401433692,646,N/A,24.185758513931887,N/A,N/A,N/A,N/A,N/A,N/A,N/A,N/A,NOT_CALCULATED,N/A,N/A,N/A,UNKNOWN,N/A,N/A,N/A,N/A,N/A,N/A,N/A,NOT_CALCULATED,N/A,LOW,STAGE_MAPPED_ONLY,LOW
5245,금곡청솔마을계룡,41135,경기,N/A,N/A,0,PRE_PROJECT,NO_OFFICIAL_RECORD,공식 정비사업 기록 없음(선별 후보),,,259.95643898914034,492,N/A,39.94024390243902,N/A,N/A,N/A,N/A,N/A,N/A,N/A,N/A,NOT_CALCULATED,N/A,N/A,N/A,UNKNOWN,N/A,N/A,N/A,N/A,N/A,N/A,N/A,NOT_CALCULATED,N/A,LOW,STAGE_MAPPED_ONLY,LOW
5246,금곡청솔마을대원,41135,경기,N/A,N/A,0,PRE_PROJECT,NO_OFFICIAL_RECORD,공식 정비사업 기록 없음(선별 후보),,,305.4771957500116,820,N/A,52.56829268292683,N/A,N/A,N/A,N/A,N/A,N/A,N/A,N/A,NOT_CALCULATED,N/A,N/A,N/A,UNKNOWN,N/A,N/A,N/A,N/A,N/A,N/A,N/A,NOT_CALCULATED,N/A,LOW,STAGE_MAPPED_ONLY,LOW
5257,금곡청솔마을동아,41135,경기,N/A,N/A,0,PRE_PROJECT,NO_OFFICIAL_RECORD,공식 정비사업 기록 없음(선별 후보),,,181.36031419225242,204,N/A,97.85441176470587,N/A,N/A,N/A,N/A,N/A,N/A,N/A,N/A,NOT_CALCULATED,N/A,N/A,N/A,UNKNOWN,N/A,N/A,N/A,N/A,N/A,N/A,N/A,NOT_CALCULATED,N/A,LOW,STAGE_MAPPED_ONLY,LOW
5255,금곡청솔마을서광영남,41135,경기,N/A,N/A,0,PRE_PROJECT,NO_OFFICIAL_RECORD,공식 정비사업 기록 없음(선별 후보),,,223.18449183918233,408,N/A,47.002450980392155,N/A,N/A,N/A,N/A,N/A,N/A,N/A,N/A,NOT_CALCULATED,N/A,N/A,N/A,UNKNOWN,N/A,N/A,N/A,N/A,N/A,N/A,N/A,NOT_CALCULATED,N/A,LOW,STAGE_MAPPED_ONLY,LOW
5247,금곡청솔마을성원,41135,경기,N/A,N/A,0,PRE_PROJECT,NO_OFFICIAL_RECORD,공식 정비사업 기록 없음(선별 후보),,,256.51100704772625,454,N/A,65.75682819383259,N/A,N/A,N/A,N/A,N/A,N/A,N/A,N/A,NOT_CALCULATED,N/A,N/A,N/A,UNKNOWN,N/A,N/A,N/A,N/A,N/A,N/A,N/A,NOT_CALCULATED,N/A,LOW,STAGE_MAPPED_ONLY,LOW
5248,금곡청솔마을유천화인,41135,경기,N/A,N/A,0,PRE_PROJECT,NO_OFFICIAL_RECORD,공식 정비사업 기록 없음(선별 후보),,,234.069640102392,624,N/A,47.26682692307692,N/A,N/A,N/A,N/A,N/A,N/A,N/A,N/A,NOT_CALCULATED,N/A,N/A,N/A,UNKNOWN,N/A,N/A,N/A,N/A,N/A,N/A,N/A,NOT_CALCULATED,N/A,LOW,STAGE_MAPPED_ONLY,LOW
5249,금곡청솔마을주공5단지,41135,경기,N/A,N/A,0,PRE_PROJECT,NO_OFFICIAL_RECORD,공식 정비사업 기록 없음(선별 후보),,,171.19937855212154,474,N/A,53.230801687763716,N/A,N/A,N/A,N/A,N/A,N/A,N/A,N/A,NOT_CALCULATED,N/A,N/A,N/A,UNKNOWN,N/A,N/A,N/A,N/A,N/A,N/A,N/A,NOT_CALCULATED,N/A,LOW,STAGE_MAPPED_ONLY,LOW
5251,금곡청솔마을주공9단지,41135,경기,N/A,N/A,0,PRE_PROJECT,NO_OFFICIAL_RECORD,공식 정비사업 기록 없음(선별 후보),,,125.9536731658865,1020,N/A,35.73078431372549,N/A,N/A,N/A,N/A,N/A,N/A,N/A,N/A,NOT_CALCULATED,N/A,N/A,N/A,UNKNOWN,N/A,N/A,N/A,N/A,N/A,N/A,N/A,NOT_CALCULATED,N/A,LOW,STAGE_MAPPED_ONLY,LOW
5252,금곡청솔마을한라,41135,경기,N/A,N/A,0,PRE_PROJECT,NO_OFFICIAL_RECORD,공식 정비사업 기록 없음(선별 후보),,,271.2445887445887,768,N/A,39.703125,N/A,N/A,N/A,N/A,N/A,N/A,N/A,N/A,NOT_CALCULATED,N/A,N/A,N/A,UNKNOWN,N/A,N/A,N/A,N/A,N/A,N/A,N/A,NOT_CALCULATED,N/A,LOW,STAGE_MAPPED_ONLY,LOW
10162,금광1차아파트,41830,경기,N/A,N/A,0,PRE_PROJECT,NO_OFFICIAL_RECORD,공식 정비사업 기록 없음(선별 후보),,,N/A,N/A,N/A,N/A,N/A,N/A,N/A,N/A,N/A,N/A,N/A,N/A,NOT_CALCULATED,N/A,N/A,N/A,UNKNOWN,N/A,N/A,N/A,N/A,N/A,N/A,N/A,NOT_CALCULATED,N/A,LOW,STAGE_MAPPED_ONLY,LOW
10161,금광2차아파트,41830,경기,N/A,N/A,0,PRE_PROJECT,NO_OFFICIAL_RECORD,공식 정비사업 기록 없음(선별 후보),,,N/A,N/A,N/A,N/A,N/A,N/A,N/A,N/A,N/A,N/A,N/A,N/A,NOT_CALCULATED,N/A,N/A,N/A,UNKNOWN,N/A,N/A,N/A,N/A,N/A,N/A,N/A,NOT_CALCULATED,N/A,LOW,STAGE_MAPPED_ONLY,LOW
5057,금광삼익1차,41133,경기,N/A,N/A,0,PRE_PROJECT,NO_OFFICIAL_RECORD,공식 정비사업 기록 없음(선별 후보),,,207.1285609338013,498,N/A,24.600401606425702,N/A,N/A,N/A,N/A,N/A,N/A,N/A,N/A,NOT_CALCULATED,N/A,N/A,N/A,UNKNOWN,N/A,N/A,N/A,N/A,N/A,N/A,N/A,NOT_CALCULATED,N/A,LOW,STAGE_MAPPED_ONLY,LOW
4715,금성아파트,41113,경기,N/A,N/A,0,PRE_PROJECT,NO_OFFICIAL_RECORD,공식 정비사업 기록 없음(선별 후보),,,179.54696868754164,138,N/A,39.15652173913044,N/A,N/A,N/A,N/A,N/A,N/A,N/A,N/A,NOT_CALCULATED,N/A,N/A,N/A,UNKNOWN,N/A,N/A,N/A,N/A,N/A,N/A,N/A,NOT_CALCULATED,N/A,LOW,STAGE_MAPPED_ONLY,LOW
5511,금오세아,41150,경기,N/A,N/A,0,PRE_PROJECT,NO_OFFICIAL_RECORD,공식 정비사업 기록 없음(선별 후보),,,N/A,250,N/A,N/A,N/A,N/A,N/A,N/A,N/A,N/A,N/A,N/A,NOT_CALCULATED,N/A,N/A,N/A,UNKNOWN,N/A,N/A,N/A,N/A,N/A,N/A,N/A,NOT_CALCULATED,N/A,LOW,STAGE_MAPPED_ONLY,LOW
7984,금정퇴계2차,41410,경기,N/A,N/A,0,PRE_PROJECT,NO_OFFICIAL_RECORD,공식 정비사업 기록 없음(선별 후보),,,N/A,981,N/A,N/A,N/A,N/A,N/A,N/A,N/A,N/A,N/A,N/A,NOT_CALCULATED,N/A,N/A,N/A,UNKNOWN,N/A,N/A,N/A,N/A,N/A,N/A,N/A,NOT_CALCULATED,N/A,LOW,STAGE_MAPPED_ONLY,LOW
8749,금촌대영장미1차,41480,경기,N/A,N/A,0,PRE_PROJECT,NO_OFFICIAL_RECORD,공식 정비사업 기록 없음(선별 후보),,,N/A,244,N/A,N/A,N/A,N/A,N/A,N/A,N/A,N/A,N/A,N/A,NOT_CALCULATED,N/A,N/A,N/A,UNKNOWN,N/A,N/A,N/A,N/A,N/A,N/A,N/A,NOT_CALCULATED,N/A,LOW,STAGE_MAPPED_ONLY,LOW
8767,금촌동문1차,41480,경기,N/A,N/A,0,PRE_PROJECT,NO_OFFICIAL_RECORD,공식 정비사업 기록 없음(선별 후보),,,N/A,228,N/A,N/A,N/A,N/A,N/A,N/A,N/A,N/A,N/A,N/A,NOT_CALCULATED,N/A,N/A,N/A,UNKNOWN,N/A,N/A,N/A,N/A,N/A,N/A,N/A,NOT_CALCULATED,N/A,LOW,STAGE_MAPPED_ONLY,LOW
8754,금촌동현,41480,경기,N/A,N/A,0,PRE_PROJECT,NO_OFFICIAL_RECORD,공식 정비사업 기록 없음(선별 후보),,,N/A,406,N/A,N/A,N/A,N/A,N/A,N/A,N/A,N/A,N/A,N/A,NOT_CALCULATED,N/A,N/A,N/A,UNKNOWN,N/A,N/A,N/A,N/A,N/A,N/A,N/A,NOT_CALCULATED,N/A,LOW,STAGE_MAPPED_ONLY,LOW
8752,금촌두보1차2차,41480,경기,N/A,N/A,0,PRE_PROJECT,NO_OFFICIAL_RECORD,공식 정비사업 기록 없음(선별 후보),,,N/A,296,N/A,N/A,N/A,N/A,N/A,N/A,N/A,N/A,N/A,N/A,NOT_CALCULATED,N/A,N/A,N/A,UNKNOWN,N/A,N/A,N/A,N/A,N/A,N/A,N/A,NOT_CALCULATED,N/A,LOW,STAGE_MAPPED_ONLY,LOW
8773,금촌장안1차초원,41480,경기,N/A,N/A,0,PRE_PROJECT,NO_OFFICIAL_RECORD,공식 정비사업 기록 없음(선별 후보),,,N/A,181,N/A,N/A,N/A,N/A,N/A,N/A,N/A,N/A,N/A,N/A,NOT_CALCULATED,N/A,N/A,N/A,UNKNOWN,N/A,N/A,N/A,N/A,N/A,N/A,N/A,NOT_CALCULATED,N/A,LOW,STAGE_MAPPED_ONLY,LOW
8772,금촌장안2차초원,41480,경기,N/A,N/A,0,PRE_PROJECT,NO_OFFICIAL_RECORD,공식 정비사업 기록 없음(선별 후보),,,N/A,176,N/A,N/A,N/A,N/A,N/A,N/A,N/A,N/A,N/A,N/A,NOT_CALCULATED,N/A,N/A,N/A,UNKNOWN,N/A,N/A,N/A,N/A,N/A,N/A,N/A,NOT_CALCULATED,N/A,LOW,STAGE_MAPPED_ONLY,LOW
4537,기산아파트,41111,경기,N/A,N/A,0,PRE_PROJECT,NO_OFFICIAL_RECORD,공식 정비사업 기록 없음(선별 후보),,,348.75185780581756,134,N/A,24.603731343283584,N/A,N/A,N/A,N/A,N/A,N/A,N/A,N/A,NOT_CALCULATED,N/A,N/A,N/A,UNKNOWN,N/A,N/A,N/A,N/A,N/A,N/A,N/A,NOT_CALCULATED,N/A,LOW,STAGE_MAPPED_ONLY,LOW
9350,기아사원1차,41591,경기,N/A,N/A,0,PRE_PROJECT,NO_OFFICIAL_RECORD,공식 정비사업 기록 없음(선별 후보),,,N/A,296,N/A,N/A,N/A,N/A,N/A,N/A,N/A,N/A,N/A,N/A,NOT_CALCULATED,N/A,N/A,N/A,UNKNOWN,N/A,N/A,N/A,N/A,N/A,N/A,N/A,NOT_CALCULATED,N/A,LOW,STAGE_MAPPED_ONLY,LOW
9351,기아사원2차,41591,경기,N/A,N/A,0,PRE_PROJECT,NO_OFFICIAL_RECORD,공식 정비사업 기록 없음(선별 후보),,,N/A,240,N/A,N/A,N/A,N/A,N/A,N/A,N/A,N/A,N/A,N/A,NOT_CALCULATED,N/A,N/A,N/A,UNKNOWN,N/A,N/A,N/A,N/A,N/A,N/A,N/A,NOT_CALCULATED,N/A,LOW,STAGE_MAPPED_ONLY,LOW
8217,김량장동현대아파트,41461,경기,N/A,N/A,0,PRE_PROJECT,NO_OFFICIAL_RECORD,공식 정비사업 기록 없음(선별 후보),,,N/A,755,N/A,N/A,N/A,N/A,N/A,N/A,N/A,N/A,N/A,N/A,NOT_CALCULATED,N/A,N/A,N/A,UNKNOWN,N/A,N/A,N/A,N/A,N/A,N/A,N/A,NOT_CALCULATED,N/A,LOW,STAGE_MAPPED_ONLY,LOW
9145,김포북변대우,41570,경기,N/A,N/A,0,PRE_PROJECT,NO_OFFICIAL_RECORD,공식 정비사업 기록 없음(선별 후보),,,N/A,543,N/A,N/A,N/A,N/A,N/A,N/A,N/A,N/A,N/A,N/A,NOT_CALCULATED,N/A,N/A,N/A,UNKNOWN,N/A,N/A,N/A,N/A,N/A,N/A,N/A,NOT_CALCULATED,N/A,LOW,STAGE_MAPPED_ONLY,LOW
5269,까치마을2단지주공아파트,41135,경기,N/A,N/A,0,PRE_PROJECT,NO_OFFICIAL_RECORD,공식 정비사업 기록 없음(선별 후보),,,171.1553185303239,768,N/A,48.36666666666667,N/A,N/A,N/A,N/A,N/A,N/A,N/A,N/A,NOT_CALCULATED,N/A,N/A,N/A,UNKNOWN,N/A,N/A,N/A,N/A,N/A,N/A,N/A,NOT_CALCULATED,N/A,LOW,STAGE_MAPPED_ONLY,LOW
5270,까치마을4단지롯데선경,41135,경기,N/A,N/A,0,PRE_PROJECT,NO_OFFICIAL_RECORD,공식 정비사업 기록 없음(선별 후보),,,260.30913646635423,1124,N/A,34.01565836298932,N/A,N/A,N/A,N/A,N/A,N/A,N/A,N/A,NOT_CALCULATED,N/A,N/A,N/A,UNKNOWN,N/A,N/A,N/A,N/A,N/A,N/A,N/A,NOT_CALCULATED,N/A,LOW,STAGE_MAPPED_ONLY,LOW
5277,"까치마을건영빌라3,6단지",41135,경기,N/A,N/A,0,PRE_PROJECT,NO_OFFICIAL_RECORD,공식 정비사업 기록 없음(선별 후보),,,134.7012278308322,332,N/A,55.19578313253012,N/A,N/A,N/A,N/A,N/A,N/A,N/A,N/A,NOT_CALCULATED,N/A,N/A,N/A,UNKNOWN,N/A,N/A,N/A,N/A,N/A,N/A,N/A,NOT_CALCULATED,N/A,LOW,STAGE_MAPPED_ONLY,LOW
5272,까치마을금성백조빌라,41135,경기,N/A,N/A,0,PRE_PROJECT,NO_OFFICIAL_RECORD,공식 정비사업 기록 없음(선별 후보),,,135.61328255495425,112,N/A,66.81696428571429,N/A,N/A,N/A,N/A,N/A,N/A,N/A,N/A,NOT_CALCULATED,N/A,N/A,N/A,UNKNOWN,N/A,N/A,N/A,N/A,N/A,N/A,N/A,NOT_CALCULATED,N/A,LOW,STAGE_MAPPED_ONLY,LOW
6296,꿈그린우성,41220,경기,N/A,N/A,0,PRE_PROJECT,NO_OFFICIAL_RECORD,공식 정비사업 기록 없음(선별 후보),,,214.01938077086862,580,N/A,49.80051724137931,N/A,N/A,N/A,N/A,N/A,N/A,N/A,N/A,NOT_CALCULATED,N/A,N/A,N/A,UNKNOWN,N/A,N/A,N/A,N/A,N/A,N/A,N/A,NOT_CALCULATED,N/A,LOW,STAGE_MAPPED_ONLY,LOW
8088,꿈동산 신안아파트,41450,경기,N/A,N/A,0,PRE_PROJECT,NO_OFFICIAL_RECORD,공식 정비사업 기록 없음(선별 후보),,,N/A,1704,N/A,N/A,N/A,N/A,N/A,N/A,N/A,N/A,N/A,N/A,NOT_CALCULATED,N/A,N/A,N/A,UNKNOWN,N/A,N/A,N/A,N/A,N/A,N/A,N/A,NOT_CALCULATED,N/A,LOW,STAGE_MAPPED_ONLY,LOW
5712,꿈마을건영2차,41173,경기,N/A,N/A,0,PRE_PROJECT,NO_OFFICIAL_RECORD,공식 정비사업 기록 없음(선별 후보),,,258.95567454406375,196,N/A,63.36479591836735,N/A,N/A,N/A,N/A,N/A,N/A,N/A,N/A,NOT_CALCULATED,N/A,N/A,N/A,UNKNOWN,N/A,N/A,N/A,N/A,N/A,N/A,N/A,NOT_CALCULATED,N/A,LOW,STAGE_MAPPED_ONLY,LOW
5713,꿈마을건영3차,41173,경기,N/A,N/A,0,PRE_PROJECT,NO_OFFICIAL_RECORD,공식 정비사업 기록 없음(선별 후보),,,121.76561356267628,386,N/A,127.76606217616579,N/A,N/A,N/A,N/A,N/A,N/A,N/A,N/A,NOT_CALCULATED,N/A,N/A,N/A,UNKNOWN,N/A,N/A,N/A,N/A,N/A,N/A,N/A,NOT_CALCULATED,N/A,LOW,STAGE_MAPPED_ONLY,LOW
5823,꿈마을건영서안아파트,41192,경기,N/A,N/A,0,PRE_PROJECT,NO_OFFICIAL_RECORD,공식 정비사업 기록 없음(선별 후보),,,260.9296854307215,492,N/A,52.18130081300813,N/A,N/A,N/A,N/A,N/A,N/A,N/A,N/A,NOT_CALCULATED,N/A,N/A,N/A,UNKNOWN,N/A,N/A,N/A,N/A,N/A,N/A,N/A,NOT_CALCULATED,N/A,LOW,STAGE_MAPPED_ONLY,LOW
5701,꿈마을금호,41173,경기,N/A,N/A,0,PRE_PROJECT,NO_OFFICIAL_RECORD,공식 정비사업 기록 없음(선별 후보),,,264.5092943533081,250,N/A,68.4932,N/A,N/A,N/A,N/A,N/A,N/A,N/A,N/A,NOT_CALCULATED,N/A,N/A,N/A,UNKNOWN,N/A,N/A,N/A,N/A,N/A,N/A,N/A,NOT_CALCULATED,N/A,LOW,STAGE_MAPPED_ONLY,LOW
5700,꿈마을동아,41173,경기,N/A,N/A,0,PRE_PROJECT,NO_OFFICIAL_RECORD,공식 정비사업 기록 없음(선별 후보),,,122.48851832100848,372,N/A,132.5744623655914,N/A,N/A,N/A,N/A,N/A,N/A,N/A,N/A,NOT_CALCULATED,N/A,N/A,N/A,UNKNOWN,N/A,N/A,N/A,N/A,N/A,N/A,N/A,NOT_CALCULATED,N/A,LOW,STAGE_MAPPED_ONLY,LOW
5702,꿈마을라이프,41173,경기,N/A,N/A,0,PRE_PROJECT,NO_OFFICIAL_RECORD,공식 정비사업 기록 없음(선별 후보),,,225.94256904866285,548,N/A,59.938686131386866,N/A,N/A,N/A,N/A,N/A,N/A,N/A,N/A,NOT_CALCULATED,N/A,N/A,N/A,UNKNOWN,N/A,N/A,N/A,N/A,N/A,N/A,N/A,NOT_CALCULATED,N/A,LOW,STAGE_MAPPED_ONLY,LOW
5703,꿈마을우성,41173,경기,N/A,N/A,0,PRE_PROJECT,NO_OFFICIAL_RECORD,공식 정비사업 기록 없음(선별 후보),,,251.56342345066457,422,N/A,68.96398104265403,N/A,N/A,N/A,N/A,N/A,N/A,N/A,N/A,NOT_CALCULATED,N/A,N/A,N/A,UNKNOWN,N/A,N/A,N/A,N/A,N/A,N/A,N/A,NOT_CALCULATED,N/A,LOW,STAGE_MAPPED_ONLY,LOW
5704,꿈마을한신,41173,경기,N/A,N/A,0,PRE_PROJECT,NO_OFFICIAL_RECORD,공식 정비사업 기록 없음(선별 후보),,,253.68034063644305,566,N/A,60.456360424028276,N/A,N/A,N/A,N/A,N/A,N/A,N/A,N/A,NOT_CALCULATED,N/A,N/A,N/A,UNKNOWN,N/A,N/A,N/A,N/A,N/A,N/A,N/A,NOT_CALCULATED,N/A,LOW,STAGE_MAPPED_ONLY,LOW
5705,꿈마을현대,41173,경기,N/A,N/A,0,PRE_PROJECT,NO_OFFICIAL_RECORD,공식 정비사업 기록 없음(선별 후보),,,255.6527870582029,386,N/A,66.29922279792746,N/A,N/A,N/A,N/A,N/A,N/A,N/A,N/A,NOT_CALCULATED,N/A,N/A,N/A,UNKNOWN,N/A,N/A,N/A,N/A,N/A,N/A,N/A,NOT_CALCULATED,N/A,LOW,STAGE_MAPPED_ONLY,LOW
9771,나산아파트,41610,경기,N/A,N/A,0,PRE_PROJECT,NO_OFFICIAL_RECORD,공식 정비사업 기록 없음(선별 후보),,,N/A,236,N/A,N/A,N/A,N/A,N/A,N/A,N/A,N/A,N/A,N/A,NOT_CALCULATED,N/A,N/A,N/A,UNKNOWN,N/A,N/A,N/A,N/A,N/A,N/A,N/A,NOT_CALCULATED,N/A,LOW,STAGE_MAPPED_ONLY,LOW
7382,남양주대명아파트,41360,경기,N/A,N/A,0,PRE_PROJECT,NO_OFFICIAL_RECORD,공식 정비사업 기록 없음(선별 후보),,,N/A,405,N/A,N/A,N/A,N/A,N/A,N/A,N/A,N/A,N/A,N/A,NOT_CALCULATED,N/A,N/A,N/A,UNKNOWN,N/A,N/A,N/A,N/A,N/A,N/A,N/A,NOT_CALCULATED,N/A,LOW,STAGE_MAPPED_ONLY,LOW
10151,넥스빌 아파트,41820,경기,N/A,N/A,0,PRE_PROJECT,NO_OFFICIAL_RECORD,공식 정비사업 기록 없음(선별 후보),,,N/A,138,N/A,N/A,N/A,N/A,N/A,N/A,N/A,N/A,N/A,N/A,NOT_CALCULATED,N/A,N/A,N/A,UNKNOWN,N/A,N/A,N/A,N/A,N/A,N/A,N/A,NOT_CALCULATED,N/A,LOW,STAGE_MAPPED_ONLY,LOW
5094,노루마을 건영빌라,41135,경기,N/A,N/A,0,PRE_PROJECT,NO_OFFICIAL_RECORD,공식 정비사업 기록 없음(선별 후보),,,104.91721083839975,144,N/A,92.52083333333333,N/A,N/A,N/A,N/A,N/A,N/A,N/A,N/A,NOT_CALCULATED,N/A,N/A,N/A,UNKNOWN,N/A,N/A,N/A,N/A,N/A,N/A,N/A,NOT_CALCULATED,N/A,LOW,STAGE_MAPPED_ONLY,LOW
5535,녹양동원2차,41150,경기,N/A,N/A,0,PRE_PROJECT,NO_OFFICIAL_RECORD,공식 정비사업 기록 없음(선별 후보),,,451.9145146927872,162,N/A,20.796296296296298,N/A,N/A,N/A,N/A,N/A,N/A,N/A,N/A,NOT_CALCULATED,N/A,N/A,N/A,UNKNOWN,N/A,N/A,N/A,N/A,N/A,N/A,N/A,NOT_CALCULATED,N/A,LOW,STAGE_MAPPED_ONLY,LOW
5536,녹양청구,41150,경기,N/A,N/A,0,PRE_PROJECT,NO_OFFICIAL_RECORD,공식 정비사업 기록 없음(선별 후보),,,N/A,409,N/A,N/A,N/A,N/A,N/A,N/A,N/A,N/A,N/A,N/A,NOT_CALCULATED,N/A,N/A,N/A,UNKNOWN,N/A,N/A,N/A,N/A,N/A,N/A,N/A,NOT_CALCULATED,N/A,LOW,STAGE_MAPPED_ONLY,LOW
5534,녹양현대,41150,경기,N/A,N/A,0,PRE_PROJECT,NO_OFFICIAL_RECORD,공식 정비사업 기록 없음(선별 후보),,,207.50413028878444,605,N/A,49.22314049586777,N/A,N/A,N/A,N/A,N/A,N/A,N/A,N/A,NOT_CALCULATED,N/A,N/A,N/A,UNKNOWN,N/A,N/A,N/A,N/A,N/A,N/A,N/A,NOT_CALCULATED,N/A,LOW,STAGE_MAPPED_ONLY,LOW
7758,논곡산호,41390,경기,N/A,N/A,0,PRE_PROJECT,NO_OFFICIAL_RECORD,공식 정비사업 기록 없음(선별 후보),,,N/A,260,N/A,N/A,N/A,N/A,N/A,N/A,N/A,N/A,N/A,N/A,NOT_CALCULATED,N/A,N/A,N/A,UNKNOWN,N/A,N/A,N/A,N/A,N/A,N/A,N/A,NOT_CALCULATED,N/A,LOW,STAGE_MAPPED_ONLY,LOW
5981,뉴서울송내동,41194,경기,N/A,N/A,0,PRE_PROJECT,NO_OFFICIAL_RECORD,공식 정비사업 기록 없음(선별 후보),,,347.67347393022095,971,N/A,40.71699279093718,N/A,N/A,N/A,N/A,N/A,N/A,N/A,N/A,NOT_CALCULATED,N/A,N/A,N/A,UNKNOWN,N/A,N/A,N/A,N/A,N/A,N/A,N/A,NOT_CALCULATED,N/A,LOW,STAGE_MAPPED_ONLY,LOW
6742,능곡대림1차,41281,경기,N/A,N/A,0,PRE_PROJECT,NO_OFFICIAL_RECORD,공식 정비사업 기록 없음(선별 후보),,,268.4800948515664,204,N/A,42.998039215686276,N/A,N/A,N/A,N/A,N/A,N/A,N/A,N/A,NOT_CALCULATED,N/A,N/A,N/A,UNKNOWN,N/A,N/A,N/A,N/A,N/A,N/A,N/A,NOT_CALCULATED,N/A,LOW,STAGE_MAPPED_ONLY,LOW
6743,능곡삼윤,41281,경기,N/A,N/A,0,PRE_PROJECT,NO_OFFICIAL_RECORD,공식 정비사업 기록 없음(선별 후보),,,315.10517146632054,249,N/A,34.34819277108434,N/A,N/A,N/A,N/A,N/A,N/A,N/A,N/A,NOT_CALCULATED,N/A,N/A,N/A,UNKNOWN,N/A,N/A,N/A,N/A,N/A,N/A,N/A,NOT_CALCULATED,N/A,LOW,STAGE_MAPPED_ONLY,LOW
6802,능곡샘터2단지임대,41281,경기,N/A,N/A,0,PRE_PROJECT,NO_OFFICIAL_RECORD,공식 정비사업 기록 없음(선별 후보),,,32.266468405343545,506,N/A,182.8810276679842,N/A,N/A,N/A,N/A,N/A,N/A,N/A,N/A,NOT_CALCULATED,N/A,N/A,N/A,UNKNOWN,N/A,N/A,N/A,N/A,N/A,N/A,N/A,NOT_CALCULATED,N/A,LOW,STAGE_MAPPED_ONLY,LOW
6782,능곡샘터마을2단지주공,41281,경기,N/A,N/A,0,PRE_PROJECT,NO_OFFICIAL_RECORD,공식 정비사업 기록 없음(선별 후보),,,169.87672226916996,2416,N/A,38.30206953642384,N/A,N/A,N/A,N/A,N/A,N/A,N/A,N/A,NOT_CALCULATED,N/A,N/A,N/A,UNKNOWN,N/A,N/A,N/A,N/A,N/A,N/A,N/A,NOT_CALCULATED,N/A,LOW,STAGE_MAPPED_ONLY,LOW
6807,능곡장미7차,41281,경기,N/A,N/A,0,PRE_PROJECT,NO_OFFICIAL_RECORD,공식 정비사업 기록 없음(선별 후보),,,N/A,375,N/A,N/A,N/A,N/A,N/A,N/A,N/A,N/A,N/A,N/A,NOT_CALCULATED,N/A,N/A,N/A,UNKNOWN,N/A,N/A,N/A,N/A,N/A,N/A,N/A,NOT_CALCULATED,N/A,LOW,STAGE_MAPPED_ONLY,LOW
5008,단대선경논골1차,41131,경기,N/A,N/A,0,PRE_PROJECT,NO_OFFICIAL_RECORD,공식 정비사업 기록 없음(선별 후보),,,250.052736435017,426,N/A,20.030516431924884,N/A,N/A,N/A,N/A,N/A,N/A,N/A,N/A,NOT_CALCULATED,N/A,N/A,N/A,UNKNOWN,N/A,N/A,N/A,N/A,N/A,N/A,N/A,NOT_CALCULATED,N/A,LOW,STAGE_MAPPED_ONLY,LOW
6754,달빛마을3단지,41281,경기,N/A,N/A,0,PRE_PROJECT,NO_OFFICIAL_RECORD,공식 정비사업 기록 없음(선별 후보),,,225.34279947100995,856,N/A,53.70841121495327,N/A,N/A,N/A,N/A,N/A,N/A,N/A,N/A,NOT_CALCULATED,N/A,N/A,N/A,UNKNOWN,N/A,N/A,N/A,N/A,N/A,N/A,N/A,NOT_CALCULATED,N/A,LOW,STAGE_MAPPED_ONLY,LOW
6753,달빛마을현대아파트(4단지),41281,경기,N/A,N/A,0,PRE_PROJECT,NO_OFFICIAL_RECORD,공식 정비사업 기록 없음(선별 후보),,,231.5134428304904,300,N/A,80.04266666666666,N/A,N/A,N/A,N/A,N/A,N/A,N/A,N/A,NOT_CALCULATED,N/A,N/A,N/A,UNKNOWN,N/A,N/A,N/A,N/A,N/A,N/A,N/A,NOT_CALCULATED,N/A,LOW,STAGE_MAPPED_ONLY,LOW
9082,당왕대우1차,41550,경기,N/A,N/A,0,PRE_PROJECT,NO_OFFICIAL_RECORD,공식 정비사업 기록 없음(선별 후보),,,N/A,762,N/A,N/A,N/A,N/A,N/A,N/A,N/A,N/A,N/A,N/A,NOT_CALCULATED,N/A,N/A,N/A,UNKNOWN,N/A,N/A,N/A,N/A,N/A,N/A,N/A,NOT_CALCULATED,N/A,LOW,STAGE_MAPPED_ONLY,LOW
9084,당왕쌍용,41550,경기,N/A,N/A,0,PRE_PROJECT,NO_OFFICIAL_RECORD,공식 정비사업 기록 없음(선별 후보),,,N/A,498,N/A,N/A,N/A,N/A,N/A,N/A,N/A,N/A,N/A,N/A,NOT_CALCULATED,N/A,N/A,N/A,UNKNOWN,N/A,N/A,N/A,N/A,N/A,N/A,N/A,NOT_CALCULATED,N/A,LOW,STAGE_MAPPED_ONLY,LOW
6548,대동15차,41273,경기,N/A,N/A,0,PRE_PROJECT,NO_OFFICIAL_RECORD,공식 정비사업 기록 없음(선별 후보),,,176.95486587500594,191,N/A,44.26596858638743,N/A,N/A,N/A,N/A,N/A,N/A,N/A,N/A,NOT_CALCULATED,N/A,N/A,N/A,UNKNOWN,N/A,N/A,N/A,N/A,N/A,N/A,N/A,NOT_CALCULATED,N/A,LOW,STAGE_MAPPED_ONLY,LOW
7949,대림솔거,41410,경기,N/A,N/A,0,PRE_PROJECT,NO_OFFICIAL_RECORD,공식 정비사업 기록 없음(선별 후보),,,N/A,1158,N/A,N/A,N/A,N/A,N/A,N/A,N/A,N/A,N/A,N/A,NOT_CALCULATED,N/A,N/A,N/A,UNKNOWN,N/A,N/A,N/A,N/A,N/A,N/A,N/A,NOT_CALCULATED,N/A,LOW,STAGE_MAPPED_ONLY,LOW
7190,대림한숲,41310,경기,N/A,N/A,0,PRE_PROJECT,NO_OFFICIAL_RECORD,공식 정비사업 기록 없음(선별 후보),,,260.51271199250283,956,N/A,34.60146443514645,N/A,N/A,N/A,N/A,N/A,N/A,N/A,N/A,NOT_CALCULATED,N/A,N/A,N/A,UNKNOWN,N/A,N/A,N/A,N/A,N/A,N/A,N/A,NOT_CALCULATED,N/A,LOW,STAGE_MAPPED_ONLY,LOW
7160,대명빌리지,41310,경기,N/A,N/A,0,PRE_PROJECT,NO_OFFICIAL_RECORD,공식 정비사업 기록 없음(선별 후보),,,100.8221070291231,150,N/A,132.724,N/A,N/A,N/A,N/A,N/A,N/A,N/A,N/A,NOT_CALCULATED,N/A,N/A,N/A,UNKNOWN,N/A,N/A,N/A,N/A,N/A,N/A,N/A,NOT_CALCULATED,N/A,LOW,STAGE_MAPPED_ONLY,LOW
7653,대야늘푸른벽산,41390,경기,N/A,N/A,0,PRE_PROJECT,NO_OFFICIAL_RECORD,공식 정비사업 기록 없음(선별 후보),,,N/A,324,N/A,N/A,N/A,N/A,N/A,N/A,N/A,N/A,N/A,N/A,NOT_CALCULATED,N/A,N/A,N/A,UNKNOWN,N/A,N/A,N/A,N/A,N/A,N/A,N/A,NOT_CALCULATED,N/A,LOW,STAGE_MAPPED_ONLY,LOW
7652,대야벽산1차,41390,경기,N/A,N/A,0,PRE_PROJECT,NO_OFFICIAL_RECORD,공식 정비사업 기록 없음(선별 후보),,,N/A,246,N/A,N/A,N/A,N/A,N/A,N/A,N/A,N/A,N/A,N/A,NOT_CALCULATED,N/A,N/A,N/A,UNKNOWN,N/A,N/A,N/A,N/A,N/A,N/A,N/A,NOT_CALCULATED,N/A,LOW,STAGE_MAPPED_ONLY,LOW
7651,대야우남한신,41390,경기,N/A,N/A,0,PRE_PROJECT,NO_OFFICIAL_RECORD,공식 정비사업 기록 없음(선별 후보),,,N/A,172,N/A,N/A,N/A,N/A,N/A,N/A,N/A,N/A,N/A,N/A,NOT_CALCULATED,N/A,N/A,N/A,UNKNOWN,N/A,N/A,N/A,N/A,N/A,N/A,N/A,NOT_CALCULATED,N/A,LOW,STAGE_MAPPED_ONLY,LOW
7655,대야우성1단지,41390,경기,N/A,N/A,0,PRE_PROJECT,NO_OFFICIAL_RECORD,공식 정비사업 기록 없음(선별 후보),,,N/A,188,N/A,N/A,N/A,N/A,N/A,N/A,N/A,N/A,N/A,N/A,NOT_CALCULATED,N/A,N/A,N/A,UNKNOWN,N/A,N/A,N/A,N/A,N/A,N/A,N/A,NOT_CALCULATED,N/A,LOW,STAGE_MAPPED_ONLY,LOW
7659,대야우성2차아파트,41390,경기,N/A,N/A,0,PRE_PROJECT,NO_OFFICIAL_RECORD,공식 정비사업 기록 없음(선별 후보),,,N/A,541,N/A,N/A,N/A,N/A,N/A,N/A,N/A,N/A,N/A,N/A,NOT_CALCULATED,N/A,N/A,N/A,UNKNOWN,N/A,N/A,N/A,N/A,N/A,N/A,N/A,NOT_CALCULATED,N/A,LOW,STAGE_MAPPED_ONLY,LOW
7657,대야청구1차,41390,경기,N/A,N/A,0,PRE_PROJECT,NO_OFFICIAL_RECORD,공식 정비사업 기록 없음(선별 후보),,,N/A,324,N/A,N/A,N/A,N/A,N/A,N/A,N/A,N/A,N/A,N/A,NOT_CALCULATED,N/A,N/A,N/A,UNKNOWN,N/A,N/A,N/A,N/A,N/A,N/A,N/A,NOT_CALCULATED,N/A,LOW,STAGE_MAPPED_ONLY,LOW
8760,대영장미2차,41480,경기,N/A,N/A,0,PRE_PROJECT,NO_OFFICIAL_RECORD,공식 정비사업 기록 없음(선별 후보),,,N/A,192,N/A,N/A,N/A,N/A,N/A,N/A,N/A,N/A,N/A,N/A,NOT_CALCULATED,N/A,N/A,N/A,UNKNOWN,N/A,N/A,N/A,N/A,N/A,N/A,N/A,NOT_CALCULATED,N/A,LOW,STAGE_MAPPED_ONLY,LOW
6134,대옥7차아파트,41220,경기,N/A,N/A,0,PRE_PROJECT,NO_OFFICIAL_RECORD,공식 정비사업 기록 없음(선별 후보),,,N/A,143,N/A,N/A,N/A,N/A,N/A,N/A,N/A,N/A,N/A,N/A,NOT_CALCULATED,N/A,N/A,N/A,UNKNOWN,N/A,N/A,N/A,N/A,N/A,N/A,N/A,NOT_CALCULATED,N/A,LOW,STAGE_MAPPED_ONLY,LOW
8013,대우장미,41430,경기,N/A,N/A,0,PRE_PROJECT,NO_OFFICIAL_RECORD,공식 정비사업 기록 없음(선별 후보),,,N/A,520,N/A,N/A,N/A,N/A,N/A,N/A,N/A,N/A,N/A,N/A,NOT_CALCULATED,N/A,N/A,N/A,UNKNOWN,N/A,N/A,N/A,N/A,N/A,N/A,N/A,NOT_CALCULATED,N/A,LOW,STAGE_MAPPED_ONLY,LOW
8989,대원그린,41500,경기,N/A,N/A,0,PRE_PROJECT,NO_OFFICIAL_RECORD,공식 정비사업 기록 없음(선별 후보),,,N/A,255,N/A,N/A,N/A,N/A,N/A,N/A,N/A,N/A,N/A,N/A,NOT_CALCULATED,N/A,N/A,N/A,UNKNOWN,N/A,N/A,N/A,N/A,N/A,N/A,N/A,NOT_CALCULATED,N/A,LOW,STAGE_MAPPED_ONLY,LOW
5205,대창파크빌,41135,경기,N/A,N/A,0,PRE_PROJECT,NO_OFFICIAL_RECORD,공식 정비사업 기록 없음(선별 후보),,,150.94375041063233,112,N/A,95.12767857142856,N/A,N/A,N/A,N/A,N/A,N/A,N/A,N/A,NOT_CALCULATED,N/A,N/A,N/A,UNKNOWN,N/A,N/A,N/A,N/A,N/A,N/A,N/A,NOT_CALCULATED,N/A,LOW,STAGE_MAPPED_ONLY,LOW
8946,대호2차,41500,경기,N/A,N/A,0,PRE_PROJECT,NO_OFFICIAL_RECORD,공식 정비사업 기록 없음(선별 후보),,,N/A,150,N/A,N/A,N/A,N/A,N/A,N/A,N/A,N/A,N/A,N/A,NOT_CALCULATED,N/A,N/A,N/A,UNKNOWN,N/A,N/A,N/A,N/A,N/A,N/A,N/A,NOT_CALCULATED,N/A,LOW,STAGE_MAPPED_ONLY,LOW
8990,대호3차,41500,경기,N/A,N/A,0,PRE_PROJECT,NO_OFFICIAL_RECORD,공식 정비사업 기록 없음(선별 후보),,,N/A,260,N/A,N/A,N/A,N/A,N/A,N/A,N/A,N/A,N/A,N/A,NOT_CALCULATED,N/A,N/A,N/A,UNKNOWN,N/A,N/A,N/A,N/A,N/A,N/A,N/A,NOT_CALCULATED,N/A,LOW,STAGE_MAPPED_ONLY,LOW
7071,대화성저건영7단지,41287,경기,N/A,N/A,0,PRE_PROJECT,NO_OFFICIAL_RECORD,공식 정비사업 기록 없음(선별 후보),,,155.56582649393542,248,N/A,89.85927419354839,N/A,N/A,N/A,N/A,N/A,N/A,N/A,N/A,NOT_CALCULATED,N/A,N/A,N/A,UNKNOWN,N/A,N/A,N/A,N/A,N/A,N/A,N/A,NOT_CALCULATED,N/A,LOW,STAGE_MAPPED_ONLY,LOW
7069,대화성저마을11단지건영,41287,경기,N/A,N/A,0,PRE_PROJECT,NO_OFFICIAL_RECORD,공식 정비사업 기록 없음(선별 후보),,,157.66741166371503,152,N/A,85.0703947368421,N/A,N/A,N/A,N/A,N/A,N/A,N/A,N/A,NOT_CALCULATED,N/A,N/A,N/A,UNKNOWN,N/A,N/A,N/A,N/A,N/A,N/A,N/A,NOT_CALCULATED,N/A,LOW,STAGE_MAPPED_ONLY,LOW
7076,대화성저마을1단지동익,41287,경기,N/A,N/A,0,PRE_PROJECT,NO_OFFICIAL_RECORD,공식 정비사업 기록 없음(선별 후보),,,224.5349762316765,640,N/A,47.1346875,N/A,N/A,N/A,N/A,N/A,N/A,N/A,N/A,NOT_CALCULATED,N/A,N/A,N/A,UNKNOWN,N/A,N/A,N/A,N/A,N/A,N/A,N/A,NOT_CALCULATED,N/A,LOW,STAGE_MAPPED_ONLY,LOW
7070,대화성저마을9단지건영,41287,경기,N/A,N/A,0,PRE_PROJECT,NO_OFFICIAL_RECORD,공식 정비사업 기록 없음(선별 후보),,,N/A,248,N/A,N/A,N/A,N/A,N/A,N/A,N/A,N/A,N/A,N/A,NOT_CALCULATED,N/A,N/A,N/A,UNKNOWN,N/A,N/A,N/A,N/A,N/A,N/A,N/A,NOT_CALCULATED,N/A,LOW,STAGE_MAPPED_ONLY,LOW
7072,대화성저마을건영5단지,41287,경기,N/A,N/A,0,PRE_PROJECT,NO_OFFICIAL_RECORD,공식 정비사업 기록 없음(선별 후보),,,158.26805532706496,184,N/A,85.89239130434783,N/A,N/A,N/A,N/A,N/A,N/A,N/A,N/A,NOT_CALCULATED,N/A,N/A,N/A,UNKNOWN,N/A,N/A,N/A,N/A,N/A,N/A,N/A,NOT_CALCULATED,N/A,LOW,STAGE_MAPPED_ONLY,LOW
7066,대화성저마을건영6단지,41287,경기,N/A,N/A,0,PRE_PROJECT,NO_OFFICIAL_RECORD,공식 정비사업 기록 없음(선별 후보),,,160.34869547449782,168,N/A,84.48154761904762,N/A,N/A,N/A,N/A,N/A,N/A,N/A,N/A,NOT_CALCULATED,N/A,N/A,N/A,UNKNOWN,N/A,N/A,N/A,N/A,N/A,N/A,N/A,NOT_CALCULATED,N/A,LOW,STAGE_MAPPED_ONLY,LOW
7064,대화장성4단지대명2차,41287,경기,N/A,N/A,0,PRE_PROJECT,NO_OFFICIAL_RECORD,공식 정비사업 기록 없음(선별 후보),,,236.02526340107096,162,N/A,74.81666666666666,N/A,N/A,N/A,N/A,N/A,N/A,N/A,N/A,NOT_CALCULATED,N/A,N/A,N/A,UNKNOWN,N/A,N/A,N/A,N/A,N/A,N/A,N/A,NOT_CALCULATED,N/A,LOW,STAGE_MAPPED_ONLY,LOW
7073,대화장성마을1단지동부,41287,경기,N/A,N/A,0,PRE_PROJECT,NO_OFFICIAL_RECORD,공식 정비사업 기록 없음(선별 후보),,,200.35857751018108,410,N/A,52.82390243902439,N/A,N/A,N/A,N/A,N/A,N/A,N/A,N/A,NOT_CALCULATED,N/A,N/A,N/A,UNKNOWN,N/A,N/A,N/A,N/A,N/A,N/A,N/A,NOT_CALCULATED,N/A,LOW,STAGE_MAPPED_ONLY,LOW
7077,대화장성마을2단지대명,41287,경기,N/A,N/A,0,PRE_PROJECT,NO_OFFICIAL_RECORD,공식 정비사업 기록 없음(선별 후보),,,190.87409318291944,591,N/A,49.58680203045685,N/A,N/A,N/A,N/A,N/A,N/A,N/A,N/A,NOT_CALCULATED,N/A,N/A,N/A,UNKNOWN,N/A,N/A,N/A,N/A,N/A,N/A,N/A,NOT_CALCULATED,N/A,LOW,STAGE_MAPPED_ONLY,LOW
10000,덕계금용1차,41630,경기,N/A,N/A,0,PRE_PROJECT,NO_OFFICIAL_RECORD,공식 정비사업 기록 없음(선별 후보),,,N/A,188,N/A,N/A,N/A,N/A,N/A,N/A,N/A,N/A,N/A,N/A,NOT_CALCULATED,N/A,N/A,N/A,UNKNOWN,N/A,N/A,N/A,N/A,N/A,N/A,N/A,NOT_CALCULATED,N/A,LOW,STAGE_MAPPED_ONLY,LOW
10002,덕계삼희,41630,경기,N/A,N/A,0,PRE_PROJECT,NO_OFFICIAL_RECORD,공식 정비사업 기록 없음(선별 후보),,,N/A,210,N/A,N/A,N/A,N/A,N/A,N/A,N/A,N/A,N/A,N/A,NOT_CALCULATED,N/A,N/A,N/A,UNKNOWN,N/A,N/A,N/A,N/A,N/A,N/A,N/A,NOT_CALCULATED,N/A,LOW,STAGE_MAPPED_ONLY,LOW
5950,덕림현대아파트,41194,경기,N/A,N/A,0,PRE_PROJECT,NO_OFFICIAL_RECORD,공식 정비사업 기록 없음(선별 후보),,,N/A,190,N/A,N/A,N/A,N/A,N/A,N/A,N/A,N/A,N/A,N/A,NOT_CALCULATED,N/A,N/A,N/A,UNKNOWN,N/A,N/A,N/A,N/A,N/A,N/A,N/A,NOT_CALCULATED,N/A,LOW,STAGE_MAPPED_ONLY,LOW
7356,덕소강변삼익아파트,41360,경기,N/A,N/A,0,PRE_PROJECT,NO_OFFICIAL_RECORD,공식 정비사업 기록 없음(선별 후보),,,N/A,880,N/A,N/A,N/A,N/A,N/A,N/A,N/A,N/A,N/A,N/A,NOT_CALCULATED,N/A,N/A,N/A,UNKNOWN,N/A,N/A,N/A,N/A,N/A,N/A,N/A,NOT_CALCULATED,N/A,LOW,STAGE_MAPPED_ONLY,LOW
7358,덕소주공1단지,41360,경기,N/A,N/A,0,PRE_PROJECT,NO_OFFICIAL_RECORD,공식 정비사업 기록 없음(선별 후보),,,N/A,910,N/A,N/A,N/A,N/A,N/A,N/A,N/A,N/A,N/A,N/A,NOT_CALCULATED,N/A,N/A,N/A,UNKNOWN,N/A,N/A,N/A,N/A,N/A,N/A,N/A,NOT_CALCULATED,N/A,LOW,STAGE_MAPPED_ONLY,LOW
5841,덕유마을주공2단지,41192,경기,N/A,N/A,0,PRE_PROJECT,NO_OFFICIAL_RECORD,공식 정비사업 기록 없음(선별 후보),,,49.64903776649573,509,N/A,138.61414538310413,N/A,N/A,N/A,N/A,N/A,N/A,N/A,N/A,NOT_CALCULATED,N/A,N/A,N/A,UNKNOWN,N/A,N/A,N/A,N/A,N/A,N/A,N/A,NOT_CALCULATED,N/A,LOW,STAGE_MAPPED_ONLY,LOW
7079,덕이철산아파트,41287,경기,N/A,N/A,0,PRE_PROJECT,NO_OFFICIAL_RECORD,공식 정비사업 기록 없음(선별 후보),,,162.76412900616722,270,N/A,36.63333333333333,N/A,N/A,N/A,N/A,N/A,N/A,N/A,N/A,NOT_CALCULATED,N/A,N/A,N/A,UNKNOWN,N/A,N/A,N/A,N/A,N/A,N/A,N/A,NOT_CALCULATED,N/A,LOW,STAGE_MAPPED_ONLY,LOW
9930,덕정 명지아파트,41630,경기,N/A,N/A,0,PRE_PROJECT,NO_OFFICIAL_RECORD,공식 정비사업 기록 없음(선별 후보),,,N/A,88,N/A,N/A,N/A,N/A,N/A,N/A,N/A,N/A,N/A,N/A,NOT_CALCULATED,N/A,N/A,N/A,UNKNOWN,N/A,N/A,N/A,N/A,N/A,N/A,N/A,NOT_CALCULATED,N/A,LOW,STAGE_MAPPED_ONLY,LOW
9934,덕정융보,41630,경기,N/A,N/A,0,PRE_PROJECT,NO_OFFICIAL_RECORD,공식 정비사업 기록 없음(선별 후보),,,N/A,195,N/A,N/A,N/A,N/A,N/A,N/A,N/A,N/A,N/A,N/A,NOT_CALCULATED,N/A,N/A,N/A,UNKNOWN,N/A,N/A,N/A,N/A,N/A,N/A,N/A,NOT_CALCULATED,N/A,LOW,STAGE_MAPPED_ONLY,LOW
8123,덕풍현대아파트,41450,경기,N/A,N/A,0,PRE_PROJECT,NO_OFFICIAL_RECORD,공식 정비사업 기록 없음(선별 후보),,,N/A,555,N/A,N/A,N/A,N/A,N/A,N/A,N/A,N/A,N/A,N/A,NOT_CALCULATED,N/A,N/A,N/A,UNKNOWN,N/A,N/A,N/A,N/A,N/A,N/A,N/A,NOT_CALCULATED,N/A,LOW,STAGE_MAPPED_ONLY,LOW
6486,동두천건영,41250,경기,N/A,N/A,0,PRE_PROJECT,NO_OFFICIAL_RECORD,공식 정비사업 기록 없음(선별 후보),,,338.2049279330059,397,N/A,31.282115869017634,N/A,N/A,N/A,N/A,N/A,N/A,N/A,N/A,NOT_CALCULATED,N/A,N/A,N/A,UNKNOWN,N/A,N/A,N/A,N/A,N/A,N/A,N/A,NOT_CALCULATED,N/A,LOW,STAGE_MAPPED_ONLY,LOW
6473,동두천기상아파트,41250,경기,N/A,N/A,0,PRE_PROJECT,NO_OFFICIAL_RECORD,공식 정비사업 기록 없음(선별 후보),,,330.9643224022126,253,N/A,30.011857707509883,N/A,N/A,N/A,N/A,N/A,N/A,N/A,N/A,NOT_CALCULATED,N/A,N/A,N/A,UNKNOWN,N/A,N/A,N/A,N/A,N/A,N/A,N/A,NOT_CALCULATED,N/A,LOW,STAGE_MAPPED_ONLY,LOW
6472,동두천상우,41250,경기,N/A,N/A,0,PRE_PROJECT,NO_OFFICIAL_RECORD,공식 정비사업 기록 없음(선별 후보),,,310.1350529261467,252,N/A,32.61507936507937,N/A,N/A,N/A,N/A,N/A,N/A,N/A,N/A,NOT_CALCULATED,N/A,N/A,N/A,UNKNOWN,N/A,N/A,N/A,N/A,N/A,N/A,N/A,NOT_CALCULATED,N/A,LOW,STAGE_MAPPED_ONLY,LOW
6487,동두천세아,41250,경기,N/A,N/A,0,PRE_PROJECT,NO_OFFICIAL_RECORD,공식 정비사업 기록 없음(선별 후보),,,N/A,240,N/A,N/A,N/A,N/A,N/A,N/A,N/A,N/A,N/A,N/A,NOT_CALCULATED,N/A,N/A,N/A,UNKNOWN,N/A,N/A,N/A,N/A,N/A,N/A,N/A,NOT_CALCULATED,N/A,LOW,STAGE_MAPPED_ONLY,LOW
6475,동두천에이스1차,41250,경기,N/A,N/A,0,PRE_PROJECT,NO_OFFICIAL_RECORD,공식 정비사업 기록 없음(선별 후보),,,308.7722811936712,292,N/A,34.1986301369863,N/A,N/A,N/A,N/A,N/A,N/A,N/A,N/A,NOT_CALCULATED,N/A,N/A,N/A,UNKNOWN,N/A,N/A,N/A,N/A,N/A,N/A,N/A,NOT_CALCULATED,N/A,LOW,STAGE_MAPPED_ONLY,LOW
6477,동두천에이스2차,41250,경기,N/A,N/A,0,PRE_PROJECT,NO_OFFICIAL_RECORD,공식 정비사업 기록 없음(선별 후보),,,494.5952659263589,286,N/A,23.93006993006993,N/A,N/A,N/A,N/A,N/A,N/A,N/A,N/A,NOT_CALCULATED,N/A,N/A,N/A,UNKNOWN,N/A,N/A,N/A,N/A,N/A,N/A,N/A,NOT_CALCULATED,N/A,LOW,STAGE_MAPPED_ONLY,LOW
6471,동두천에이스4차,41250,경기,N/A,N/A,0,PRE_PROJECT,NO_OFFICIAL_RECORD,공식 정비사업 기록 없음(선별 후보),,,436.6803017602682,246,N/A,24.247967479674795,N/A,N/A,N/A,N/A,N/A,N/A,N/A,N/A,NOT_CALCULATED,N/A,N/A,N/A,UNKNOWN,N/A,N/A,N/A,N/A,N/A,N/A,N/A,NOT_CALCULATED,N/A,LOW,STAGE_MAPPED_ONLY,LOW
6485,동두천우성,41250,경기,N/A,N/A,0,PRE_PROJECT,NO_OFFICIAL_RECORD,공식 정비사업 기록 없음(선별 후보),,,329.8792892156863,163,N/A,30.03680981595092,N/A,N/A,N/A,N/A,N/A,N/A,N/A,N/A,NOT_CALCULATED,N/A,N/A,N/A,UNKNOWN,N/A,N/A,N/A,N/A,N/A,N/A,N/A,NOT_CALCULATED,N/A,LOW,STAGE_MAPPED_ONLY,LOW
8742,동문 2차 아파트,41480,경기,N/A,N/A,0,PRE_PROJECT,NO_OFFICIAL_RECORD,공식 정비사업 기록 없음(선별 후보),,,N/A,128,N/A,N/A,N/A,N/A,N/A,N/A,N/A,N/A,N/A,N/A,NOT_CALCULATED,N/A,N/A,N/A,UNKNOWN,N/A,N/A,N/A,N/A,N/A,N/A,N/A,NOT_CALCULATED,N/A,LOW,STAGE_MAPPED_ONLY,LOW
8927,동문1차아파트,41480,경기,N/A,N/A,0,PRE_PROJECT,NO_OFFICIAL_RECORD,공식 정비사업 기록 없음(선별 후보),,,N/A,118,N/A,N/A,N/A,N/A,N/A,N/A,N/A,N/A,N/A,N/A,NOT_CALCULATED,N/A,N/A,N/A,UNKNOWN,N/A,N/A,N/A,N/A,N/A,N/A,N/A,NOT_CALCULATED,N/A,LOW,STAGE_MAPPED_ONLY,LOW
6042,동문미도아파트,41196,경기,N/A,N/A,0,PRE_PROJECT,NO_OFFICIAL_RECORD,공식 정비사업 기록 없음(선별 후보),,,165.5059885436556,300,N/A,48.00833333333333,N/A,N/A,N/A,N/A,N/A,N/A,N/A,N/A,NOT_CALCULATED,N/A,N/A,N/A,UNKNOWN,N/A,N/A,N/A,N/A,N/A,N/A,N/A,NOT_CALCULATED,N/A,LOW,STAGE_MAPPED_ONLY,LOW
6028,동문아파트,41196,경기,N/A,N/A,0,PRE_PROJECT,NO_OFFICIAL_RECORD,공식 정비사업 기록 없음(선별 후보),,,196.23478625816895,280,N/A,59.56785714285714,N/A,N/A,N/A,N/A,N/A,N/A,N/A,N/A,NOT_CALCULATED,N/A,N/A,N/A,UNKNOWN,N/A,N/A,N/A,N/A,N/A,N/A,N/A,NOT_CALCULATED,N/A,LOW,STAGE_MAPPED_ONLY,LOW
8541,동보1차,41465,경기,N/A,N/A,0,PRE_PROJECT,NO_OFFICIAL_RECORD,공식 정비사업 기록 없음(선별 후보),,,N/A,470,N/A,N/A,N/A,N/A,N/A,N/A,N/A,N/A,N/A,N/A,NOT_CALCULATED,N/A,N/A,N/A,UNKNOWN,N/A,N/A,N/A,N/A,N/A,N/A,N/A,NOT_CALCULATED,N/A,LOW,STAGE_MAPPED_ONLY,LOW
8550,동부1차,41465,경기,N/A,N/A,0,PRE_PROJECT,NO_OFFICIAL_RECORD,공식 정비사업 기록 없음(선별 후보),,,N/A,612,N/A,N/A,N/A,N/A,N/A,N/A,N/A,N/A,N/A,N/A,NOT_CALCULATED,N/A,N/A,N/A,UNKNOWN,N/A,N/A,N/A,N/A,N/A,N/A,N/A,NOT_CALCULATED,N/A,LOW,STAGE_MAPPED_ONLY,LOW
7550,동부삼환,41370,경기,N/A,N/A,0,PRE_PROJECT,NO_OFFICIAL_RECORD,공식 정비사업 기록 없음(선별 후보),,,N/A,1168,N/A,N/A,N/A,N/A,N/A,N/A,N/A,N/A,N/A,N/A,NOT_CALCULATED,N/A,N/A,N/A,UNKNOWN,N/A,N/A,N/A,N/A,N/A,N/A,N/A,NOT_CALCULATED,N/A,LOW,STAGE_MAPPED_ONLY,LOW
6286,동삭현대,41220,경기,N/A,N/A,0,PRE_PROJECT,NO_OFFICIAL_RECORD,공식 정비사업 기록 없음(선별 후보),,,221.3668781134645,612,N/A,45.59313725490196,N/A,N/A,N/A,N/A,N/A,N/A,N/A,N/A,NOT_CALCULATED,N/A,N/A,N/A,UNKNOWN,N/A,N/A,N/A,N/A,N/A,N/A,N/A,NOT_CALCULATED,N/A,LOW,STAGE_MAPPED_ONLY,LOW
6145,동산,41220,경기,N/A,N/A,0,PRE_PROJECT,NO_OFFICIAL_RECORD,공식 정비사업 기록 없음(선별 후보),,,143.20122568788418,520,N/A,52.215576923076924,N/A,N/A,N/A,N/A,N/A,N/A,N/A,N/A,NOT_CALCULATED,N/A,N/A,N/A,UNKNOWN,N/A,N/A,N/A,N/A,N/A,N/A,N/A,NOT_CALCULATED,N/A,LOW,STAGE_MAPPED_ONLY,LOW
6260,동성한아름,41220,경기,N/A,N/A,0,PRE_PROJECT,NO_OFFICIAL_RECORD,공식 정비사업 기록 없음(선별 후보),,,138.56007938072855,234,N/A,67.18675213675213,N/A,N/A,N/A,N/A,N/A,N/A,N/A,N/A,NOT_CALCULATED,N/A,N/A,N/A,UNKNOWN,N/A,N/A,N/A,N/A,N/A,N/A,N/A,NOT_CALCULATED,N/A,LOW,STAGE_MAPPED_ONLY,LOW
6262,동성효성,41220,경기,N/A,N/A,0,PRE_PROJECT,NO_OFFICIAL_RECORD,공식 정비사업 기록 없음(선별 후보),,,132.07495232700086,178,N/A,70.41179775280898,N/A,N/A,N/A,N/A,N/A,N/A,N/A,N/A,NOT_CALCULATED,N/A,N/A,N/A,UNKNOWN,N/A,N/A,N/A,N/A,N/A,N/A,N/A,NOT_CALCULATED,N/A,LOW,STAGE_MAPPED_ONLY,LOW
5440,동신아파트,41150,경기,N/A,N/A,0,PRE_PROJECT,NO_OFFICIAL_RECORD,공식 정비사업 기록 없음(선별 후보),,,255.49124323529006,462,N/A,47.07554112554113,N/A,N/A,N/A,N/A,N/A,N/A,N/A,N/A,NOT_CALCULATED,N/A,N/A,N/A,UNKNOWN,N/A,N/A,N/A,N/A,N/A,N/A,N/A,NOT_CALCULATED,N/A,LOW,STAGE_MAPPED_ONLY,LOW
8279,동아,41461,경기,N/A,N/A,0,PRE_PROJECT,NO_OFFICIAL_RECORD,공식 정비사업 기록 없음(선별 후보),,,N/A,202,N/A,N/A,N/A,N/A,N/A,N/A,N/A,N/A,N/A,N/A,NOT_CALCULATED,N/A,N/A,N/A,UNKNOWN,N/A,N/A,N/A,N/A,N/A,N/A,N/A,NOT_CALCULATED,N/A,LOW,STAGE_MAPPED_ONLY,LOW
6223,동아국화,41220,경기,N/A,N/A,0,PRE_PROJECT,NO_OFFICIAL_RECORD,공식 정비사업 기록 없음(선별 후보),,,131.34064096495163,218,N/A,74.6151376146789,N/A,N/A,N/A,N/A,N/A,N/A,N/A,N/A,NOT_CALCULATED,N/A,N/A,N/A,UNKNOWN,N/A,N/A,N/A,N/A,N/A,N/A,N/A,NOT_CALCULATED,N/A,LOW,STAGE_MAPPED_ONLY,LOW
6257,동아동백,41220,경기,N/A,N/A,0,PRE_PROJECT,NO_OFFICIAL_RECORD,공식 정비사업 기록 없음(선별 후보),,,135.50146229437476,213,N/A,74.00422535211267,N/A,N/A,N/A,N/A,N/A,N/A,N/A,N/A,NOT_CALCULATED,N/A,N/A,N/A,UNKNOWN,N/A,N/A,N/A,N/A,N/A,N/A,N/A,NOT_CALCULATED,N/A,LOW,STAGE_MAPPED_ONLY,LOW
6258,동아모란,41220,경기,N/A,N/A,0,PRE_PROJECT,NO_OFFICIAL_RECORD,공식 정비사업 기록 없음(선별 후보),,,142.5303863651796,258,N/A,68.49767441860466,N/A,N/A,N/A,N/A,N/A,N/A,N/A,N/A,NOT_CALCULATED,N/A,N/A,N/A,UNKNOWN,N/A,N/A,N/A,N/A,N/A,N/A,N/A,NOT_CALCULATED,N/A,LOW,STAGE_MAPPED_ONLY,LOW
6259,동아목련,41220,경기,N/A,N/A,0,PRE_PROJECT,NO_OFFICIAL_RECORD,공식 정비사업 기록 없음(선별 후보),,,284.55768424536626,418,N/A,43.36842105263158,N/A,N/A,N/A,N/A,N/A,N/A,N/A,N/A,NOT_CALCULATED,N/A,N/A,N/A,UNKNOWN,N/A,N/A,N/A,N/A,N/A,N/A,N/A,NOT_CALCULATED,N/A,LOW,STAGE_MAPPED_ONLY,LOW
6236,동아백합,41220,경기,N/A,N/A,0,PRE_PROJECT,NO_OFFICIAL_RECORD,공식 정비사업 기록 없음(선별 후보),,,132.27229112932332,148,N/A,76.75608108108108,N/A,N/A,N/A,N/A,N/A,N/A,N/A,N/A,NOT_CALCULATED,N/A,N/A,N/A,UNKNOWN,N/A,N/A,N/A,N/A,N/A,N/A,N/A,NOT_CALCULATED,N/A,LOW,STAGE_MAPPED_ONLY,LOW
9009,동양,41500,경기,N/A,N/A,0,PRE_PROJECT,NO_OFFICIAL_RECORD,공식 정비사업 기록 없음(선별 후보),,,N/A,154,N/A,N/A,N/A,N/A,N/A,N/A,N/A,N/A,N/A,N/A,NOT_CALCULATED,N/A,N/A,N/A,UNKNOWN,N/A,N/A,N/A,N/A,N/A,N/A,N/A,NOT_CALCULATED,N/A,LOW,STAGE_MAPPED_ONLY,LOW
6466,동양아파트,41250,경기,N/A,N/A,0,PRE_PROJECT,NO_OFFICIAL_RECORD,공식 정비사업 기록 없음(선별 후보),,,236.92865552154464,132,N/A,32.17424242424242,N/A,N/A,N/A,N/A,N/A,N/A,N/A,N/A,NOT_CALCULATED,N/A,N/A,N/A,UNKNOWN,N/A,N/A,N/A,N/A,N/A,N/A,N/A,NOT_CALCULATED,N/A,LOW,STAGE_MAPPED_ONLY,LOW
5526,동원1차아파트,41150,경기,N/A,N/A,0,PRE_PROJECT,NO_OFFICIAL_RECORD,공식 정비사업 기록 없음(선별 후보),,,N/A,406,N/A,N/A,N/A,N/A,N/A,N/A,N/A,N/A,N/A,N/A,NOT_CALCULATED,N/A,N/A,N/A,UNKNOWN,N/A,N/A,N/A,N/A,N/A,N/A,N/A,NOT_CALCULATED,N/A,LOW,STAGE_MAPPED_ONLY,LOW
6036,동원아파트,41196,경기,N/A,N/A,0,PRE_PROJECT,NO_OFFICIAL_RECORD,공식 정비사업 기록 없음(선별 후보),,,158.06451612903226,130,N/A,40.776923076923076,N/A,N/A,N/A,N/A,N/A,N/A,N/A,N/A,NOT_CALCULATED,N/A,N/A,N/A,UNKNOWN,N/A,N/A,N/A,N/A,N/A,N/A,N/A,NOT_CALCULATED,N/A,LOW,STAGE_MAPPED_ONLY,LOW
7772,동원아파트,41390,경기,N/A,N/A,0,PRE_PROJECT,NO_OFFICIAL_RECORD,공식 정비사업 기록 없음(선별 후보),,,N/A,416,N/A,N/A,N/A,N/A,N/A,N/A,N/A,N/A,N/A,N/A,NOT_CALCULATED,N/A,N/A,N/A,UNKNOWN,N/A,N/A,N/A,N/A,N/A,N/A,N/A,NOT_CALCULATED,N/A,LOW,STAGE_MAPPED_ONLY,LOW
6019,동진아파트,41196,경기,N/A,N/A,0,PRE_PROJECT,NO_OFFICIAL_RECORD,공식 정비사업 기록 없음(선별 후보),,,188.15099168266153,250,N/A,31.26,N/A,N/A,N/A,N/A,N/A,N/A,N/A,N/A,NOT_CALCULATED,N/A,N/A,N/A,UNKNOWN,N/A,N/A,N/A,N/A,N/A,N/A,N/A,NOT_CALCULATED,N/A,LOW,STAGE_MAPPED_ONLY,LOW
5343,동화,41150,경기,N/A,N/A,0,PRE_PROJECT,NO_OFFICIAL_RECORD,공식 정비사업 기록 없음(선별 후보),,,N/A,414,N/A,N/A,N/A,N/A,N/A,N/A,N/A,N/A,N/A,N/A,NOT_CALCULATED,N/A,N/A,N/A,UNKNOWN,N/A,N/A,N/A,N/A,N/A,N/A,N/A,NOT_CALCULATED,N/A,LOW,STAGE_MAPPED_ONLY,LOW
6531,라성연립,41271,경기,N/A,N/A,0,PRE_PROJECT,NO_OFFICIAL_RECORD,공식 정비사업 기록 없음(선별 후보),,,N/A,160,N/A,N/A,N/A,N/A,N/A,N/A,N/A,N/A,N/A,N/A,NOT_CALCULATED,N/A,N/A,N/A,UNKNOWN,N/A,N/A,N/A,N/A,N/A,N/A,N/A,NOT_CALCULATED,N/A,LOW,STAGE_MAPPED_ONLY,LOW
6206,라이프,41220,경기,N/A,N/A,0,PRE_PROJECT,NO_OFFICIAL_RECORD,공식 정비사업 기록 없음(선별 후보),,,249.51639551015262,483,N/A,65.66459627329192,N/A,N/A,N/A,N/A,N/A,N/A,N/A,N/A,NOT_CALCULATED,N/A,N/A,N/A,UNKNOWN,N/A,N/A,N/A,N/A,N/A,N/A,N/A,NOT_CALCULATED,N/A,LOW,STAGE_MAPPED_ONLY,LOW
8277,라이프타워아파트,41461,경기,N/A,N/A,0,PRE_PROJECT,NO_OFFICIAL_RECORD,공식 정비사업 기록 없음(선별 후보),,,N/A,139,N/A,N/A,N/A,N/A,N/A,N/A,N/A,N/A,N/A,N/A,NOT_CALCULATED,N/A,N/A,N/A,UNKNOWN,N/A,N/A,N/A,N/A,N/A,N/A,N/A,NOT_CALCULATED,N/A,LOW,STAGE_MAPPED_ONLY,LOW
6011,로얄아파트,41196,경기,N/A,N/A,0,PRE_PROJECT,NO_OFFICIAL_RECORD,공식 정비사업 기록 없음(선별 후보),,,158.88234629178612,220,N/A,44.23227272727273,N/A,N/A,N/A,N/A,N/A,N/A,N/A,N/A,NOT_CALCULATED,N/A,N/A,N/A,UNKNOWN,N/A,N/A,N/A,N/A,N/A,N/A,N/A,NOT_CALCULATED,N/A,LOW,STAGE_MAPPED_ONLY,LOW
6900,마두강촌마을1단지동아,41285,경기,N/A,N/A,0,PRE_PROJECT,NO_OFFICIAL_RECORD,공식 정비사업 기록 없음(선별 후보),,,231.4703321257527,720,N/A,67.62833333333333,N/A,N/A,N/A,N/A,N/A,N/A,N/A,N/A,NOT_CALCULATED,N/A,N/A,N/A,UNKNOWN,N/A,N/A,N/A,N/A,N/A,N/A,N/A,NOT_CALCULATED,N/A,LOW,STAGE_MAPPED_ONLY,LOW
6898,마두강촌마을2단지한신,41285,경기,N/A,N/A,0,PRE_PROJECT,NO_OFFICIAL_RECORD,공식 정비사업 기록 없음(선별 후보),,,248.92845838927425,608,N/A,79.50608552631579,N/A,N/A,N/A,N/A,N/A,N/A,N/A,N/A,NOT_CALCULATED,N/A,N/A,N/A,UNKNOWN,N/A,N/A,N/A,N/A,N/A,N/A,N/A,NOT_CALCULATED,N/A,LOW,STAGE_MAPPED_ONLY,LOW
6902,마두강촌마을5단지라이프1차,41285,경기,N/A,N/A,0,PRE_PROJECT,NO_OFFICIAL_RECORD,공식 정비사업 기록 없음(선별 후보),,,64.52404254015995,760,N/A,100.96960526315789,N/A,N/A,N/A,N/A,N/A,N/A,N/A,N/A,NOT_CALCULATED,N/A,N/A,N/A,UNKNOWN,N/A,N/A,N/A,N/A,N/A,N/A,N/A,NOT_CALCULATED,N/A,LOW,STAGE_MAPPED_ONLY,LOW
6903,마두강촌마을5단지라이프2차,41285,경기,N/A,N/A,0,PRE_PROJECT,NO_OFFICIAL_RECORD,공식 정비사업 기록 없음(선별 후보),,,110.00865294271726,798,N/A,96.16152882205513,N/A,N/A,N/A,N/A,N/A,N/A,N/A,N/A,NOT_CALCULATED,N/A,N/A,N/A,UNKNOWN,N/A,N/A,N/A,N/A,N/A,N/A,N/A,NOT_CALCULATED,N/A,LOW,STAGE_MAPPED_ONLY,LOW
6899,마두강촌마을7단지선경코오롱,41285,경기,N/A,N/A,0,PRE_PROJECT,NO_OFFICIAL_RECORD,공식 정비사업 기록 없음(선별 후보),,,230.942032116909,702,N/A,75.81809116809117,N/A,N/A,N/A,N/A,N/A,N/A,N/A,N/A,NOT_CALCULATED,N/A,N/A,N/A,UNKNOWN,N/A,N/A,N/A,N/A,N/A,N/A,N/A,NOT_CALCULATED,N/A,LOW,STAGE_MAPPED_ONLY,LOW
6901,마두강촌마을8단지우방,41285,경기,N/A,N/A,0,PRE_PROJECT,NO_OFFICIAL_RECORD,공식 정비사업 기록 없음(선별 후보),,,230.4527500127772,766,N/A,71.52114882506527,N/A,N/A,N/A,N/A,N/A,N/A,N/A,N/A,NOT_CALCULATED,N/A,N/A,N/A,UNKNOWN,N/A,N/A,N/A,N/A,N/A,N/A,N/A,NOT_CALCULATED,N/A,LOW,STAGE_MAPPED_ONLY,LOW
6893,마두백마마을1단지삼성,41285,경기,N/A,N/A,0,PRE_PROJECT,NO_OFFICIAL_RECORD,공식 정비사업 기록 없음(선별 후보),,,230.03437687392733,772,N/A,75.17253886010363,N/A,N/A,N/A,N/A,N/A,N/A,N/A,N/A,NOT_CALCULATED,N/A,N/A,N/A,UNKNOWN,N/A,N/A,N/A,N/A,N/A,N/A,N/A,NOT_CALCULATED,N/A,LOW,STAGE_MAPPED_ONLY,LOW
6894,마두백마마을2단지극동삼환,41285,경기,N/A,N/A,0,PRE_PROJECT,NO_OFFICIAL_RECORD,공식 정비사업 기록 없음(선별 후보),,,224.87452781494622,806,N/A,75.47667493796526,N/A,N/A,N/A,N/A,N/A,N/A,N/A,N/A,NOT_CALCULATED,N/A,N/A,N/A,UNKNOWN,N/A,N/A,N/A,N/A,N/A,N/A,N/A,NOT_CALCULATED,N/A,LOW,STAGE_MAPPED_ONLY,LOW
6890,마두백마마을3단지금호한양,41285,경기,N/A,N/A,0,PRE_PROJECT,NO_OFFICIAL_RECORD,공식 정비사업 기록 없음(선별 후보),,,173.5470280229767,1116,N/A,46.735842293906806,N/A,N/A,N/A,N/A,N/A,N/A,N/A,N/A,NOT_CALCULATED,N/A,N/A,N/A,UNKNOWN,N/A,N/A,N/A,N/A,N/A,N/A,N/A,NOT_CALCULATED,N/A,LOW,STAGE_MAPPED_ONLY,LOW
6892,마두백마마을4단지한양청구,41285,경기,N/A,N/A,0,PRE_PROJECT,NO_OFFICIAL_RECORD,공식 정비사업 기록 없음(선별 후보),,,245.1812879807496,668,N/A,73.41017964071857,N/A,N/A,N/A,N/A,N/A,N/A,N/A,N/A,NOT_CALCULATED,N/A,N/A,N/A,UNKNOWN,N/A,N/A,N/A,N/A,N/A,N/A,N/A,NOT_CALCULATED,N/A,LOW,STAGE_MAPPED_ONLY,LOW
6895,마두백마마을5단지쌍용한성,41285,경기,N/A,N/A,0,PRE_PROJECT,NO_OFFICIAL_RECORD,공식 정비사업 기록 없음(선별 후보),,,160.0053380069361,1152,N/A,58.44487847222222,N/A,N/A,N/A,N/A,N/A,N/A,N/A,N/A,NOT_CALCULATED,N/A,N/A,N/A,UNKNOWN,N/A,N/A,N/A,N/A,N/A,N/A,N/A,NOT_CALCULATED,N/A,LOW,STAGE_MAPPED_ONLY,LOW
6891,마두백마마을6단지벽산,41285,경기,N/A,N/A,0,PRE_PROJECT,NO_OFFICIAL_RECORD,공식 정비사업 기록 없음(선별 후보),,,226.20303142216417,438,N/A,59.965525114155255,N/A,N/A,N/A,N/A,N/A,N/A,N/A,N/A,NOT_CALCULATED,N/A,N/A,N/A,UNKNOWN,N/A,N/A,N/A,N/A,N/A,N/A,N/A,NOT_CALCULATED,N/A,LOW,STAGE_MAPPED_ONLY,LOW
7435,마석건영,41360,경기,N/A,N/A,0,PRE_PROJECT,NO_OFFICIAL_RECORD,공식 정비사업 기록 없음(선별 후보),,,N/A,213,N/A,N/A,N/A,N/A,N/A,N/A,N/A,N/A,N/A,N/A,NOT_CALCULATED,N/A,N/A,N/A,UNKNOWN,N/A,N/A,N/A,N/A,N/A,N/A,N/A,NOT_CALCULATED,N/A,LOW,STAGE_MAPPED_ONLY,LOW
7434,마석장미,41360,경기,N/A,N/A,0,PRE_PROJECT,NO_OFFICIAL_RECORD,공식 정비사업 기록 없음(선별 후보),,,N/A,195,N/A,N/A,N/A,N/A,N/A,N/A,N/A,N/A,N/A,N/A,NOT_CALCULATED,N/A,N/A,N/A,UNKNOWN,N/A,N/A,N/A,N/A,N/A,N/A,N/A,NOT_CALCULATED,N/A,LOW,STAGE_MAPPED_ONLY,LOW
8262,마평라이프,41461,경기,N/A,N/A,0,PRE_PROJECT,NO_OFFICIAL_RECORD,공식 정비사업 기록 없음(선별 후보),,,N/A,290,N/A,N/A,N/A,N/A,N/A,N/A,N/A,N/A,N/A,N/A,NOT_CALCULATED,N/A,N/A,N/A,UNKNOWN,N/A,N/A,N/A,N/A,N/A,N/A,N/A,NOT_CALCULATED,N/A,LOW,STAGE_MAPPED_ONLY,LOW
6409,만도사원,41220,경기,N/A,N/A,0,PRE_PROJECT,NO_OFFICIAL_RECORD,공식 정비사업 기록 없음(선별 후보),,,N/A,580,N/A,N/A,N/A,N/A,N/A,N/A,N/A,N/A,N/A,N/A,NOT_CALCULATED,N/A,N/A,N/A,UNKNOWN,N/A,N/A,N/A,N/A,N/A,N/A,N/A,NOT_CALCULATED,N/A,LOW,STAGE_MAPPED_ONLY,LOW
4769,매교문화맨션,41115,경기,N/A,N/A,0,PRE_PROJECT,NO_OFFICIAL_RECORD,공식 정비사업 기록 없음(선별 후보),,,290.17867732800266,175,N/A,34.30285714285714,N/A,N/A,N/A,N/A,N/A,N/A,N/A,N/A,NOT_CALCULATED,N/A,N/A,N/A,UNKNOWN,N/A,N/A,N/A,N/A,N/A,N/A,N/A,NOT_CALCULATED,N/A,LOW,STAGE_MAPPED_ONLY,LOW
4627,매교역성원상떼빌,41113,경기,N/A,N/A,0,PRE_PROJECT,NO_OFFICIAL_RECORD,공식 정비사업 기록 없음(선별 후보),,,309.4852851633854,366,N/A,40.385245901639344,N/A,N/A,N/A,N/A,N/A,N/A,N/A,N/A,NOT_CALCULATED,N/A,N/A,N/A,UNKNOWN,N/A,N/A,N/A,N/A,N/A,N/A,N/A,NOT_CALCULATED,N/A,LOW,STAGE_MAPPED_ONLY,LOW
4863,매탄금성5차,41117,경기,N/A,N/A,0,PRE_PROJECT,NO_OFFICIAL_RECORD,공식 정비사업 기록 없음(선별 후보),,,147.29898672755814,180,N/A,97.31944444444444,N/A,N/A,N/A,N/A,N/A,N/A,N/A,N/A,NOT_CALCULATED,N/A,N/A,N/A,UNKNOWN,N/A,N/A,N/A,N/A,N/A,N/A,N/A,NOT_CALCULATED,N/A,LOW,STAGE_MAPPED_ONLY,LOW
4845,매탄동남,41117,경기,N/A,N/A,0,PRE_PROJECT,NO_OFFICIAL_RECORD,공식 정비사업 기록 없음(선별 후보),,,217.187098542334,892,N/A,32.72477578475336,N/A,N/A,N/A,N/A,N/A,N/A,N/A,N/A,NOT_CALCULATED,N/A,N/A,N/A,UNKNOWN,N/A,N/A,N/A,N/A,N/A,N/A,N/A,NOT_CALCULATED,N/A,LOW,STAGE_MAPPED_ONLY,LOW
4860,매탄동남빌라,41117,경기,N/A,N/A,0,PRE_PROJECT,NO_OFFICIAL_RECORD,공식 정비사업 기록 없음(선별 후보),,,153.8765985755919,496,N/A,59.702217741935485,N/A,N/A,N/A,N/A,N/A,N/A,N/A,N/A,NOT_CALCULATED,N/A,N/A,N/A,UNKNOWN,N/A,N/A,N/A,N/A,N/A,N/A,N/A,NOT_CALCULATED,N/A,LOW,STAGE_MAPPED_ONLY,LOW
4848,매탄삼성1차아파트,41117,경기,N/A,N/A,0,PRE_PROJECT,NO_OFFICIAL_RECORD,공식 정비사업 기록 없음(선별 후보),,,239.59517436104284,930,N/A,35.18838709677419,N/A,N/A,N/A,N/A,N/A,N/A,N/A,N/A,NOT_CALCULATED,N/A,N/A,N/A,UNKNOWN,N/A,N/A,N/A,N/A,N/A,N/A,N/A,NOT_CALCULATED,N/A,LOW,STAGE_MAPPED_ONLY,LOW
4849,매탄삼성2차,41117,경기,N/A,N/A,0,PRE_PROJECT,NO_OFFICIAL_RECORD,공식 정비사업 기록 없음(선별 후보),,,243.11209404072213,624,N/A,39.99903846153846,N/A,N/A,N/A,N/A,N/A,N/A,N/A,N/A,NOT_CALCULATED,N/A,N/A,N/A,UNKNOWN,N/A,N/A,N/A,N/A,N/A,N/A,N/A,NOT_CALCULATED,N/A,LOW,STAGE_MAPPED_ONLY,LOW
4861,매탄삼성3차,41117,경기,N/A,N/A,0,PRE_PROJECT,NO_OFFICIAL_RECORD,공식 정비사업 기록 없음(선별 후보),,,141.9580323734598,595,N/A,61.311764705882354,N/A,N/A,N/A,N/A,N/A,N/A,N/A,N/A,NOT_CALCULATED,N/A,N/A,N/A,UNKNOWN,N/A,N/A,N/A,N/A,N/A,N/A,N/A,NOT_CALCULATED,N/A,LOW,STAGE_MAPPED_ONLY,LOW
4846,매탄성일,41117,경기,N/A,N/A,0,PRE_PROJECT,NO_OFFICIAL_RECORD,공식 정비사업 기록 없음(선별 후보),,,217.09575371549894,990,N/A,33.303030303030305,N/A,N/A,N/A,N/A,N/A,N/A,N/A,N/A,NOT_CALCULATED,N/A,N/A,N/A,UNKNOWN,N/A,N/A,N/A,N/A,N/A,N/A,N/A,NOT_CALCULATED,N/A,LOW,STAGE_MAPPED_ONLY,LOW
4847,매탄원천성일,41117,경기,N/A,N/A,0,PRE_PROJECT,NO_OFFICIAL_RECORD,공식 정비사업 기록 없음(선별 후보),,,294.0388340112338,850,N/A,24.296470588235294,N/A,N/A,N/A,N/A,N/A,N/A,N/A,N/A,NOT_CALCULATED,N/A,N/A,N/A,UNKNOWN,N/A,N/A,N/A,N/A,N/A,N/A,N/A,NOT_CALCULATED,N/A,LOW,STAGE_MAPPED_ONLY,LOW
4862,매탄임광,41117,경기,N/A,N/A,0,PRE_PROJECT,NO_OFFICIAL_RECORD,공식 정비사업 기록 없음(선별 후보),,,227.52826340172766,1320,N/A,43.12113636363637,N/A,N/A,N/A,N/A,N/A,N/A,N/A,N/A,NOT_CALCULATED,N/A,N/A,N/A,UNKNOWN,N/A,N/A,N/A,N/A,N/A,N/A,N/A,NOT_CALCULATED,N/A,LOW,STAGE_MAPPED_ONLY,LOW
4841,매탄주공5단지,41117,경기,N/A,N/A,0,PRE_PROJECT,NO_OFFICIAL_RECORD,공식 정비사업 기록 없음(선별 후보),,,N/A,1240,N/A,N/A,N/A,N/A,N/A,N/A,N/A,N/A,N/A,N/A,NOT_CALCULATED,N/A,N/A,N/A,UNKNOWN,N/A,N/A,N/A,N/A,N/A,N/A,N/A,NOT_CALCULATED,N/A,LOW,STAGE_MAPPED_ONLY,LOW
4843,매탄한국1차,41117,경기,N/A,N/A,0,PRE_PROJECT,NO_OFFICIAL_RECORD,공식 정비사업 기록 없음(선별 후보),,,197.00258225368415,496,N/A,67.92641129032258,N/A,N/A,N/A,N/A,N/A,N/A,N/A,N/A,NOT_CALCULATED,N/A,N/A,N/A,UNKNOWN,N/A,N/A,N/A,N/A,N/A,N/A,N/A,NOT_CALCULATED,N/A,LOW,STAGE_MAPPED_ONLY,LOW
4844,매탄현대,41117,경기,N/A,N/A,0,PRE_PROJECT,NO_OFFICIAL_RECORD,공식 정비사업 기록 없음(선별 후보),,,237.56112438040938,690,N/A,45.14434782608696,N/A,N/A,N/A,N/A,N/A,N/A,N/A,N/A,NOT_CALCULATED,N/A,N/A,N/A,UNKNOWN,N/A,N/A,N/A,N/A,N/A,N/A,N/A,NOT_CALCULATED,N/A,LOW,STAGE_MAPPED_ONLY,LOW
5176,매화마을 화성빌라,41135,경기,N/A,N/A,0,PRE_PROJECT,NO_OFFICIAL_RECORD,공식 정비사업 기록 없음(선별 후보),,,144.1354651055079,116,N/A,93.06379310344828,N/A,N/A,N/A,N/A,N/A,N/A,N/A,N/A,NOT_CALCULATED,N/A,N/A,N/A,UNKNOWN,N/A,N/A,N/A,N/A,N/A,N/A,N/A,NOT_CALCULATED,N/A,LOW,STAGE_MAPPED_ONLY,LOW
5193,매화마을건영빌라,41135,경기,N/A,N/A,0,PRE_PROJECT,NO_OFFICIAL_RECORD,공식 정비사업 기록 없음(선별 후보),,,151.5731767227904,248,N/A,72.2290322580645,N/A,N/A,N/A,N/A,N/A,N/A,N/A,N/A,NOT_CALCULATED,N/A,N/A,N/A,UNKNOWN,N/A,N/A,N/A,N/A,N/A,N/A,N/A,NOT_CALCULATED,N/A,LOW,STAGE_MAPPED_ONLY,LOW
5177,매화마을청구빌라,41135,경기,N/A,N/A,0,PRE_PROJECT,NO_OFFICIAL_RECORD,공식 정비사업 기록 없음(선별 후보),,,143.7022358537989,136,N/A,100.92867647058823,N/A,N/A,N/A,N/A,N/A,N/A,N/A,N/A,NOT_CALCULATED,N/A,N/A,N/A,UNKNOWN,N/A,N/A,N/A,N/A,N/A,N/A,N/A,NOT_CALCULATED,N/A,LOW,STAGE_MAPPED_ONLY,LOW
7761,목감대명,41390,경기,N/A,N/A,0,PRE_PROJECT,NO_OFFICIAL_RECORD,공식 정비사업 기록 없음(선별 후보),,,N/A,195,N/A,N/A,N/A,N/A,N/A,N/A,N/A,N/A,N/A,N/A,NOT_CALCULATED,N/A,N/A,N/A,UNKNOWN,N/A,N/A,N/A,N/A,N/A,N/A,N/A,NOT_CALCULATED,N/A,LOW,STAGE_MAPPED_ONLY,LOW
8027,목련,41430,경기,N/A,N/A,0,PRE_PROJECT,NO_OFFICIAL_RECORD,공식 정비사업 기록 없음(선별 후보),,,N/A,354,N/A,N/A,N/A,N/A,N/A,N/A,N/A,N/A,N/A,N/A,NOT_CALCULATED,N/A,N/A,N/A,UNKNOWN,N/A,N/A,N/A,N/A,N/A,N/A,N/A,NOT_CALCULATED,N/A,LOW,STAGE_MAPPED_ONLY,LOW
5765,목련1단지선경,41173,경기,N/A,N/A,0,PRE_PROJECT,NO_OFFICIAL_RECORD,공식 정비사업 기록 없음(선별 후보),,,254.26086232984994,480,N/A,67.60270833333333,N/A,N/A,N/A,N/A,N/A,N/A,N/A,N/A,NOT_CALCULATED,N/A,N/A,N/A,UNKNOWN,N/A,N/A,N/A,N/A,N/A,N/A,N/A,NOT_CALCULATED,N/A,LOW,STAGE_MAPPED_ONLY,LOW
5742,목련3단지우성아파트,41173,경기,N/A,N/A,0,PRE_PROJECT,NO_OFFICIAL_RECORD,공식 정비사업 기록 없음(선별 후보),,,213.03671076772602,902,N/A,33.77815964523282,N/A,N/A,N/A,N/A,N/A,N/A,N/A,N/A,NOT_CALCULATED,N/A,N/A,N/A,UNKNOWN,N/A,N/A,N/A,N/A,N/A,N/A,N/A,NOT_CALCULATED,N/A,LOW,STAGE_MAPPED_ONLY,LOW
5771,목련5단지우성,41173,경기,N/A,N/A,0,PRE_PROJECT,NO_OFFICIAL_RECORD,공식 정비사업 기록 없음(선별 후보),,,198.96987349110324,683,N/A,31.317423133235724,N/A,N/A,N/A,N/A,N/A,N/A,N/A,N/A,NOT_CALCULATED,N/A,N/A,N/A,UNKNOWN,N/A,N/A,N/A,N/A,N/A,N/A,N/A,NOT_CALCULATED,N/A,LOW,STAGE_MAPPED_ONLY,LOW
5753,목련6단지두산,41173,경기,N/A,N/A,0,PRE_PROJECT,NO_OFFICIAL_RECORD,공식 정비사업 기록 없음(선별 후보),,,252.61324803849203,440,N/A,66.50727272727273,N/A,N/A,N/A,N/A,N/A,N/A,N/A,N/A,NOT_CALCULATED,N/A,N/A,N/A,UNKNOWN,N/A,N/A,N/A,N/A,N/A,N/A,N/A,NOT_CALCULATED,N/A,LOW,STAGE_MAPPED_ONLY,LOW
5772,목련7단지우성,41173,경기,N/A,N/A,0,PRE_PROJECT,NO_OFFICIAL_RECORD,공식 정비사업 기록 없음(선별 후보),,,239.12377571433532,466,N/A,74.23090128755365,N/A,N/A,N/A,N/A,N/A,N/A,N/A,N/A,NOT_CALCULATED,N/A,N/A,N/A,UNKNOWN,N/A,N/A,N/A,N/A,N/A,N/A,N/A,NOT_CALCULATED,N/A,LOW,STAGE_MAPPED_ONLY,LOW
5745,목련8단지 경남동아아파트,41173,경기,N/A,N/A,0,PRE_PROJECT,NO_OFFICIAL_RECORD,공식 정비사업 기록 없음(선별 후보),,,249.32794325827118,516,N/A,66.39631782945736,N/A,N/A,N/A,N/A,N/A,N/A,N/A,N/A,NOT_CALCULATED,N/A,N/A,N/A,UNKNOWN,N/A,N/A,N/A,N/A,N/A,N/A,N/A,NOT_CALCULATED,N/A,LOW,STAGE_MAPPED_ONLY,LOW
5767,목련9단지신동아,41173,경기,N/A,N/A,0,PRE_PROJECT,NO_OFFICIAL_RECORD,공식 정비사업 기록 없음(선별 후보),,,255.06718435280396,578,N/A,65.280276816609,N/A,N/A,N/A,N/A,N/A,N/A,N/A,N/A,NOT_CALCULATED,N/A,N/A,N/A,UNKNOWN,N/A,N/A,N/A,N/A,N/A,N/A,N/A,NOT_CALCULATED,N/A,LOW,STAGE_MAPPED_ONLY,LOW
5175,목련마을 미원빌라,41135,경기,N/A,N/A,0,PRE_PROJECT,NO_OFFICIAL_RECORD,공식 정비사업 기록 없음(선별 후보),,,120.34712023979561,108,N/A,92.0537037037037,N/A,N/A,N/A,N/A,N/A,N/A,N/A,N/A,NOT_CALCULATED,N/A,N/A,N/A,UNKNOWN,N/A,N/A,N/A,N/A,N/A,N/A,N/A,NOT_CALCULATED,N/A,LOW,STAGE_MAPPED_ONLY,LOW
7944,목련우방한국공영,41410,경기,N/A,N/A,0,PRE_PROJECT,NO_OFFICIAL_RECORD,공식 정비사업 기록 없음(선별 후보),,,N/A,792,N/A,N/A,N/A,N/A,N/A,N/A,N/A,N/A,N/A,N/A,NOT_CALCULATED,N/A,N/A,N/A,UNKNOWN,N/A,N/A,N/A,N/A,N/A,N/A,N/A,NOT_CALCULATED,N/A,LOW,STAGE_MAPPED_ONLY,LOW
4618,목화아파트,41111,경기,N/A,N/A,0,PRE_PROJECT,NO_OFFICIAL_RECORD,공식 정비사업 기록 없음(선별 후보),,,366.8298215245031,112,N/A,29.916071428571428,N/A,N/A,N/A,N/A,N/A,N/A,N/A,N/A,NOT_CALCULATED,N/A,N/A,N/A,UNKNOWN,N/A,N/A,N/A,N/A,N/A,N/A,N/A,NOT_CALCULATED,N/A,LOW,STAGE_MAPPED_ONLY,LOW
7950,묘향롯데,41410,경기,N/A,N/A,0,PRE_PROJECT,NO_OFFICIAL_RECORD,공식 정비사업 기록 없음(선별 후보),,,N/A,784,N/A,N/A,N/A,N/A,N/A,N/A,N/A,N/A,N/A,N/A,NOT_CALCULATED,N/A,N/A,N/A,UNKNOWN,N/A,N/A,N/A,N/A,N/A,N/A,N/A,NOT_CALCULATED,N/A,LOW,STAGE_MAPPED_ONLY,LOW
5770,무궁화건영,41173,경기,N/A,N/A,0,PRE_PROJECT,NO_OFFICIAL_RECORD,공식 정비사업 기록 없음(선별 후보),,,107.56317077212512,468,N/A,87.68119658119659,N/A,N/A,N/A,N/A,N/A,N/A,N/A,N/A,NOT_CALCULATED,N/A,N/A,N/A,UNKNOWN,N/A,N/A,N/A,N/A,N/A,N/A,N/A,NOT_CALCULATED,N/A,LOW,STAGE_MAPPED_ONLY,LOW
5754,무궁화경남,41173,경기,N/A,N/A,0,PRE_PROJECT,NO_OFFICIAL_RECORD,공식 정비사업 기록 없음(선별 후보),,,252.899800928998,590,N/A,44.69915254237288,N/A,N/A,N/A,N/A,N/A,N/A,N/A,N/A,NOT_CALCULATED,N/A,N/A,N/A,UNKNOWN,N/A,N/A,N/A,N/A,N/A,N/A,N/A,NOT_CALCULATED,N/A,LOW,STAGE_MAPPED_ONLY,LOW
5755,무궁화금호,41173,경기,N/A,N/A,0,PRE_PROJECT,NO_OFFICIAL_RECORD,공식 정비사업 기록 없음(선별 후보),,,248.53610741131985,438,N/A,44.739041095890414,N/A,N/A,N/A,N/A,N/A,N/A,N/A,N/A,NOT_CALCULATED,N/A,N/A,N/A,UNKNOWN,N/A,N/A,N/A,N/A,N/A,N/A,N/A,NOT_CALCULATED,N/A,LOW,STAGE_MAPPED_ONLY,LOW
8770,"무궁화아파트 1,2동",41480,경기,N/A,N/A,0,PRE_PROJECT,NO_OFFICIAL_RECORD,공식 정비사업 기록 없음(선별 후보),,,N/A,110,N/A,N/A,N/A,N/A,N/A,N/A,N/A,N/A,N/A,N/A,NOT_CALCULATED,N/A,N/A,N/A,UNKNOWN,N/A,N/A,N/A,N/A,N/A,N/A,N/A,NOT_CALCULATED,N/A,LOW,STAGE_MAPPED_ONLY,LOW
5756,무궁화진흥,41173,경기,N/A,N/A,0,PRE_PROJECT,NO_OFFICIAL_RECORD,공식 정비사업 기록 없음(선별 후보),,,238.12303310292128,321,N/A,44.84267912772586,N/A,N/A,N/A,N/A,N/A,N/A,N/A,N/A,NOT_CALCULATED,N/A,N/A,N/A,UNKNOWN,N/A,N/A,N/A,N/A,N/A,N/A,N/A,NOT_CALCULATED,N/A,LOW,STAGE_MAPPED_ONLY,LOW
5768,무궁화코오롱,41173,경기,N/A,N/A,0,PRE_PROJECT,NO_OFFICIAL_RECORD,공식 정비사업 기록 없음(선별 후보),,,115.39473812471365,458,N/A,89.59563318777293,N/A,N/A,N/A,N/A,N/A,N/A,N/A,N/A,NOT_CALCULATED,N/A,N/A,N/A,UNKNOWN,N/A,N/A,N/A,N/A,N/A,N/A,N/A,NOT_CALCULATED,N/A,LOW,STAGE_MAPPED_ONLY,LOW
5769,무궁화효성한양아파트,41173,경기,N/A,N/A,0,PRE_PROJECT,NO_OFFICIAL_RECORD,공식 정비사업 기록 없음(선별 후보),,,256.2984793507465,800,N/A,45.12875,N/A,N/A,N/A,N/A,N/A,N/A,N/A,N/A,NOT_CALCULATED,N/A,N/A,N/A,UNKNOWN,N/A,N/A,N/A,N/A,N/A,N/A,N/A,NOT_CALCULATED,N/A,LOW,STAGE_MAPPED_ONLY,LOW
5265,무지개12단지,41135,경기,N/A,N/A,0,PRE_PROJECT,NO_OFFICIAL_RECORD,공식 정비사업 기록 없음(선별 후보),,,167.1161231939994,905,N/A,46.522320441988946,N/A,N/A,N/A,N/A,N/A,N/A,N/A,N/A,NOT_CALCULATED,N/A,N/A,N/A,UNKNOWN,N/A,N/A,N/A,N/A,N/A,N/A,N/A,NOT_CALCULATED,N/A,LOW,STAGE_MAPPED_ONLY,LOW
5259,"무지개마을 신한,건영아파트",41135,경기,N/A,N/A,0,PRE_PROJECT,NO_OFFICIAL_RECORD,공식 정비사업 기록 없음(선별 후보),,,257.3915510146448,964,N/A,41.1402489626556,N/A,N/A,N/A,N/A,N/A,N/A,N/A,N/A,NOT_CALCULATED,N/A,N/A,N/A,UNKNOWN,N/A,N/A,N/A,N/A,N/A,N/A,N/A,NOT_CALCULATED,N/A,LOW,STAGE_MAPPED_ONLY,LOW
5279,무지개마을건영6단지,41135,경기,N/A,N/A,0,PRE_PROJECT,NO_OFFICIAL_RECORD,공식 정비사업 기록 없음(선별 후보),,,184.5266457257034,208,N/A,106.83269230769231,N/A,N/A,N/A,N/A,N/A,N/A,N/A,N/A,NOT_CALCULATED,N/A,N/A,N/A,UNKNOWN,N/A,N/A,N/A,N/A,N/A,N/A,N/A,NOT_CALCULATED,N/A,LOW,STAGE_MAPPED_ONLY,LOW
5273,무지개마을동아,41135,경기,N/A,N/A,0,PRE_PROJECT,NO_OFFICIAL_RECORD,공식 정비사업 기록 없음(선별 후보),,,176.72222598130983,132,N/A,100.76590909090909,N/A,N/A,N/A,N/A,N/A,N/A,N/A,N/A,NOT_CALCULATED,N/A,N/A,N/A,UNKNOWN,N/A,N/A,N/A,N/A,N/A,N/A,N/A,NOT_CALCULATED,N/A,LOW,STAGE_MAPPED_ONLY,LOW
5280,무지개마을라이프,41135,경기,N/A,N/A,0,PRE_PROJECT,NO_OFFICIAL_RECORD,공식 정비사업 기록 없음(선별 후보),,,182.34483362138747,222,N/A,102.9481981981982,N/A,N/A,N/A,N/A,N/A,N/A,N/A,N/A,NOT_CALCULATED,N/A,N/A,N/A,UNKNOWN,N/A,N/A,N/A,N/A,N/A,N/A,N/A,NOT_CALCULATED,N/A,LOW,STAGE_MAPPED_ONLY,LOW
5281,무지개마을제일,41135,경기,N/A,N/A,0,PRE_PROJECT,NO_OFFICIAL_RECORD,공식 정비사업 기록 없음(선별 후보),,,176.0483098944681,172,N/A,102.03023255813955,N/A,N/A,N/A,N/A,N/A,N/A,N/A,N/A,NOT_CALCULATED,N/A,N/A,N/A,UNKNOWN,N/A,N/A,N/A,N/A,N/A,N/A,N/A,NOT_CALCULATED,N/A,LOW,STAGE_MAPPED_ONLY,LOW
8917,문산선유주공,41480,경기,N/A,N/A,0,PRE_PROJECT,NO_OFFICIAL_RECORD,공식 정비사업 기록 없음(선별 후보),,,N/A,300,N/A,N/A,N/A,N/A,N/A,N/A,N/A,N/A,N/A,N/A,NOT_CALCULATED,N/A,N/A,N/A,UNKNOWN,N/A,N/A,N/A,N/A,N/A,N/A,N/A,NOT_CALCULATED,N/A,LOW,STAGE_MAPPED_ONLY,LOW
8907,문산세성,41480,경기,N/A,N/A,0,PRE_PROJECT,NO_OFFICIAL_RECORD,공식 정비사업 기록 없음(선별 후보),,,N/A,204,N/A,N/A,N/A,N/A,N/A,N/A,N/A,N/A,N/A,N/A,NOT_CALCULATED,N/A,N/A,N/A,UNKNOWN,N/A,N/A,N/A,N/A,N/A,N/A,N/A,NOT_CALCULATED,N/A,LOW,STAGE_MAPPED_ONLY,LOW
8899,문산세아아파트,41480,경기,N/A,N/A,0,PRE_PROJECT,NO_OFFICIAL_RECORD,공식 정비사업 기록 없음(선별 후보),,,N/A,116,N/A,N/A,N/A,N/A,N/A,N/A,N/A,N/A,N/A,N/A,NOT_CALCULATED,N/A,N/A,N/A,UNKNOWN,N/A,N/A,N/A,N/A,N/A,N/A,N/A,NOT_CALCULATED,N/A,LOW,STAGE_MAPPED_ONLY,LOW
8895,문산율곡,41480,경기,N/A,N/A,0,PRE_PROJECT,NO_OFFICIAL_RECORD,공식 정비사업 기록 없음(선별 후보),,,N/A,138,N/A,N/A,N/A,N/A,N/A,N/A,N/A,N/A,N/A,N/A,NOT_CALCULATED,N/A,N/A,N/A,UNKNOWN,N/A,N/A,N/A,N/A,N/A,N/A,N/A,NOT_CALCULATED,N/A,LOW,STAGE_MAPPED_ONLY,LOW
8894,문산주공,41480,경기,N/A,N/A,0,PRE_PROJECT,NO_OFFICIAL_RECORD,공식 정비사업 기록 없음(선별 후보),,,N/A,300,N/A,N/A,N/A,N/A,N/A,N/A,N/A,N/A,N/A,N/A,NOT_CALCULATED,N/A,N/A,N/A,UNKNOWN,N/A,N/A,N/A,N/A,N/A,N/A,N/A,NOT_CALCULATED,N/A,LOW,STAGE_MAPPED_ONLY,LOW
8896,문산한진1차,41480,경기,N/A,N/A,0,PRE_PROJECT,NO_OFFICIAL_RECORD,공식 정비사업 기록 없음(선별 후보),,,N/A,240,N/A,N/A,N/A,N/A,N/A,N/A,N/A,N/A,N/A,N/A,NOT_CALCULATED,N/A,N/A,N/A,UNKNOWN,N/A,N/A,N/A,N/A,N/A,N/A,N/A,NOT_CALCULATED,N/A,LOW,STAGE_MAPPED_ONLY,LOW
8910,문산한진2차아파트,41480,경기,N/A,N/A,0,PRE_PROJECT,NO_OFFICIAL_RECORD,공식 정비사업 기록 없음(선별 후보),,,N/A,148,N/A,N/A,N/A,N/A,N/A,N/A,N/A,N/A,N/A,N/A,NOT_CALCULATED,N/A,N/A,N/A,UNKNOWN,N/A,N/A,N/A,N/A,N/A,N/A,N/A,NOT_CALCULATED,N/A,LOW,STAGE_MAPPED_ONLY,LOW
8897,문산호수아파트,41480,경기,N/A,N/A,0,PRE_PROJECT,NO_OFFICIAL_RECORD,공식 정비사업 기록 없음(선별 후보),,,N/A,336,N/A,N/A,N/A,N/A,N/A,N/A,N/A,N/A,N/A,N/A,NOT_CALCULATED,N/A,N/A,N/A,UNKNOWN,N/A,N/A,N/A,N/A,N/A,N/A,N/A,NOT_CALCULATED,N/A,LOW,STAGE_MAPPED_ONLY,LOW
7032,문촌마을(우성)1,41287,경기,N/A,N/A,0,PRE_PROJECT,NO_OFFICIAL_RECORD,공식 정비사업 기록 없음(선별 후보),,,204.35458374444337,892,N/A,52.83464125560538,N/A,N/A,N/A,N/A,N/A,N/A,N/A,N/A,NOT_CALCULATED,N/A,N/A,N/A,UNKNOWN,N/A,N/A,N/A,N/A,N/A,N/A,N/A,NOT_CALCULATED,N/A,LOW,STAGE_MAPPED_ONLY,LOW
7016,문촌마을10단지동부,41287,경기,N/A,N/A,0,PRE_PROJECT,NO_OFFICIAL_RECORD,공식 정비사업 기록 없음(선별 후보),,,168.08014265193918,252,N/A,56.080555555555556,N/A,N/A,N/A,N/A,N/A,N/A,N/A,N/A,NOT_CALCULATED,N/A,N/A,N/A,UNKNOWN,N/A,N/A,N/A,N/A,N/A,N/A,N/A,NOT_CALCULATED,N/A,LOW,STAGE_MAPPED_ONLY,LOW
7019,문촌마을12단지유승그린,41287,경기,N/A,N/A,0,PRE_PROJECT,NO_OFFICIAL_RECORD,공식 정비사업 기록 없음(선별 후보),,,189.9272024295631,272,N/A,57.62352941176471,N/A,N/A,N/A,N/A,N/A,N/A,N/A,N/A,NOT_CALCULATED,N/A,N/A,N/A,UNKNOWN,N/A,N/A,N/A,N/A,N/A,N/A,N/A,NOT_CALCULATED,N/A,LOW,STAGE_MAPPED_ONLY,LOW
7017,문촌마을13단지대우유토피아,41287,경기,N/A,N/A,0,PRE_PROJECT,NO_OFFICIAL_RECORD,공식 정비사업 기록 없음(선별 후보),,,199.51228033399715,254,N/A,56.34448818897638,N/A,N/A,N/A,N/A,N/A,N/A,N/A,N/A,NOT_CALCULATED,N/A,N/A,N/A,UNKNOWN,N/A,N/A,N/A,N/A,N/A,N/A,N/A,NOT_CALCULATED,N/A,LOW,STAGE_MAPPED_ONLY,LOW
7014,문촌마을15단지부영,41287,경기,N/A,N/A,0,PRE_PROJECT,NO_OFFICIAL_RECORD,공식 정비사업 기록 없음(선별 후보),,,150.15978481749116,547,N/A,43.36270566727605,N/A,N/A,N/A,N/A,N/A,N/A,N/A,N/A,NOT_CALCULATED,N/A,N/A,N/A,UNKNOWN,N/A,N/A,N/A,N/A,N/A,N/A,N/A,NOT_CALCULATED,N/A,LOW,STAGE_MAPPED_ONLY,LOW
7033,문촌마을16단지뉴삼익,41287,경기,N/A,N/A,0,PRE_PROJECT,NO_OFFICIAL_RECORD,공식 정비사업 기록 없음(선별 후보),,,235.57797517763754,956,N/A,46.84330543933054,N/A,N/A,N/A,N/A,N/A,N/A,N/A,N/A,NOT_CALCULATED,N/A,N/A,N/A,UNKNOWN,N/A,N/A,N/A,N/A,N/A,N/A,N/A,NOT_CALCULATED,N/A,LOW,STAGE_MAPPED_ONLY,LOW
7024,문촌마을17단지신안,41287,경기,N/A,N/A,0,PRE_PROJECT,NO_OFFICIAL_RECORD,공식 정비사업 기록 없음(선별 후보),,,230.7175681418832,504,N/A,79.83313492063492,N/A,N/A,N/A,N/A,N/A,N/A,N/A,N/A,NOT_CALCULATED,N/A,N/A,N/A,UNKNOWN,N/A,N/A,N/A,N/A,N/A,N/A,N/A,NOT_CALCULATED,N/A,LOW,STAGE_MAPPED_ONLY,LOW
7021,문촌마을18단지대원,41287,경기,N/A,N/A,0,PRE_PROJECT,NO_OFFICIAL_RECORD,공식 정비사업 기록 없음(선별 후보),,,239.34525321957287,378,N/A,79.12910052910053,N/A,N/A,N/A,N/A,N/A,N/A,N/A,N/A,NOT_CALCULATED,N/A,N/A,N/A,UNKNOWN,N/A,N/A,N/A,N/A,N/A,N/A,N/A,NOT_CALCULATED,N/A,LOW,STAGE_MAPPED_ONLY,LOW
7029,문촌마을19단지신우아파트,41287,경기,N/A,N/A,0,PRE_PROJECT,NO_OFFICIAL_RECORD,공식 정비사업 기록 없음(선별 후보),,,190.87683216564736,658,N/A,67.61352583586626,N/A,N/A,N/A,N/A,N/A,N/A,N/A,N/A,NOT_CALCULATED,N/A,N/A,N/A,UNKNOWN,N/A,N/A,N/A,N/A,N/A,N/A,N/A,NOT_CALCULATED,N/A,LOW,STAGE_MAPPED_ONLY,LOW
7020,문촌마을2단지라이프,41287,경기,N/A,N/A,0,PRE_PROJECT,NO_OFFICIAL_RECORD,공식 정비사업 기록 없음(선별 후보),,,231.0229691715322,348,N/A,79.77959770114943,N/A,N/A,N/A,N/A,N/A,N/A,N/A,N/A,NOT_CALCULATED,N/A,N/A,N/A,UNKNOWN,N/A,N/A,N/A,N/A,N/A,N/A,N/A,NOT_CALCULATED,N/A,LOW,STAGE_MAPPED_ONLY,LOW
7025,문촌마을3단지우성,41287,경기,N/A,N/A,0,PRE_PROJECT,NO_OFFICIAL_RECORD,공식 정비사업 기록 없음(선별 후보),,,254.54520991746102,504,N/A,74.47182539682541,N/A,N/A,N/A,N/A,N/A,N/A,N/A,N/A,NOT_CALCULATED,N/A,N/A,N/A,UNKNOWN,N/A,N/A,N/A,N/A,N/A,N/A,N/A,NOT_CALCULATED,N/A,LOW,STAGE_MAPPED_ONLY,LOW
7027,문촌마을4단지삼익,41287,경기,N/A,N/A,0,PRE_PROJECT,NO_OFFICIAL_RECORD,공식 정비사업 기록 없음(선별 후보),,,253.20754207298953,540,N/A,75.40907407407407,N/A,N/A,N/A,N/A,N/A,N/A,N/A,N/A,NOT_CALCULATED,N/A,N/A,N/A,UNKNOWN,N/A,N/A,N/A,N/A,N/A,N/A,N/A,NOT_CALCULATED,N/A,LOW,STAGE_MAPPED_ONLY,LOW
7023,문촌마을5단지쌍용한일,41287,경기,N/A,N/A,0,PRE_PROJECT,NO_OFFICIAL_RECORD,공식 정비사업 기록 없음(선별 후보),,,223.53391067994855,432,N/A,80.05439814814815,N/A,N/A,N/A,N/A,N/A,N/A,N/A,N/A,NOT_CALCULATED,N/A,N/A,N/A,UNKNOWN,N/A,N/A,N/A,N/A,N/A,N/A,N/A,NOT_CALCULATED,N/A,LOW,STAGE_MAPPED_ONLY,LOW
7028,문촌마을6단지기산쌍용,41287,경기,N/A,N/A,0,PRE_PROJECT,NO_OFFICIAL_RECORD,공식 정비사업 기록 없음(선별 후보),,,194.91904490945993,624,N/A,52.66650641025641,N/A,N/A,N/A,N/A,N/A,N/A,N/A,N/A,NOT_CALCULATED,N/A,N/A,N/A,UNKNOWN,N/A,N/A,N/A,N/A,N/A,N/A,N/A,NOT_CALCULATED,N/A,LOW,STAGE_MAPPED_ONLY,LOW
7026,문촌마을7단지(분양),41287,경기,N/A,N/A,0,PRE_PROJECT,NO_OFFICIAL_RECORD,공식 정비사업 기록 없음(선별 후보),,,75.44499633761613,505,N/A,88.94277227722772,N/A,N/A,N/A,N/A,N/A,N/A,N/A,N/A,NOT_CALCULATED,N/A,N/A,N/A,UNKNOWN,N/A,N/A,N/A,N/A,N/A,N/A,N/A,NOT_CALCULATED,N/A,LOW,STAGE_MAPPED_ONLY,LOW
7031,문촌마을8단지동아,41287,경기,N/A,N/A,0,PRE_PROJECT,NO_OFFICIAL_RECORD,공식 정비사업 기록 없음(선별 후보),,,225.18618698388866,738,N/A,46.929539295392956,N/A,N/A,N/A,N/A,N/A,N/A,N/A,N/A,NOT_CALCULATED,N/A,N/A,N/A,UNKNOWN,N/A,N/A,N/A,N/A,N/A,N/A,N/A,NOT_CALCULATED,N/A,LOW,STAGE_MAPPED_ONLY,LOW
7022,문촌마을9단지(분양)주공,41287,경기,N/A,N/A,0,PRE_PROJECT,NO_OFFICIAL_RECORD,공식 정비사업 기록 없음(선별 후보),,,81.71191774663303,416,N/A,86.08485576923077,N/A,N/A,N/A,N/A,N/A,N/A,N/A,N/A,NOT_CALCULATED,N/A,N/A,N/A,UNKNOWN,N/A,N/A,N/A,N/A,N/A,N/A,N/A,NOT_CALCULATED,N/A,LOW,STAGE_MAPPED_ONLY,LOW
6264,문화,41220,경기,N/A,N/A,0,PRE_PROJECT,NO_OFFICIAL_RECORD,공식 정비사업 기록 없음(선별 후보),,,144.0402695798078,500,N/A,50.1818,N/A,N/A,N/A,N/A,N/A,N/A,N/A,N/A,NOT_CALCULATED,N/A,N/A,N/A,UNKNOWN,N/A,N/A,N/A,N/A,N/A,N/A,N/A,NOT_CALCULATED,N/A,LOW,STAGE_MAPPED_ONLY,LOW
6101,미도아파트1차,41210,경기,N/A,N/A,0,PRE_PROJECT,NO_OFFICIAL_RECORD,공식 정비사업 기록 없음(선별 후보),,,N/A,N/A,N/A,N/A,N/A,N/A,N/A,N/A,N/A,N/A,N/A,N/A,NOT_CALCULATED,N/A,N/A,N/A,UNKNOWN,N/A,N/A,N/A,N/A,N/A,N/A,N/A,NOT_CALCULATED,N/A,LOW,STAGE_MAPPED_ONLY,LOW
5828,미리내마을 동성아파트,41192,경기,N/A,N/A,0,PRE_PROJECT,NO_OFFICIAL_RECORD,공식 정비사업 기록 없음(선별 후보),,,228.5187239257728,970,N/A,41.63865979381443,N/A,N/A,N/A,N/A,N/A,N/A,N/A,N/A,NOT_CALCULATED,N/A,N/A,N/A,UNKNOWN,N/A,N/A,N/A,N/A,N/A,N/A,N/A,NOT_CALCULATED,N/A,LOW,STAGE_MAPPED_ONLY,LOW
5860,미리내마을 롯데아파트,41192,경기,N/A,N/A,0,PRE_PROJECT,NO_OFFICIAL_RECORD,공식 정비사업 기록 없음(선별 후보),,,274.64482051683837,756,N/A,40.51904761904762,N/A,N/A,N/A,N/A,N/A,N/A,N/A,N/A,NOT_CALCULATED,N/A,N/A,N/A,UNKNOWN,N/A,N/A,N/A,N/A,N/A,N/A,N/A,NOT_CALCULATED,N/A,LOW,STAGE_MAPPED_ONLY,LOW
6195,미주1차,41220,경기,N/A,N/A,0,PRE_PROJECT,NO_OFFICIAL_RECORD,공식 정비사업 기록 없음(선별 후보),,,182.0309640777215,216,N/A,60.972685185185185,N/A,N/A,N/A,N/A,N/A,N/A,N/A,N/A,NOT_CALCULATED,N/A,N/A,N/A,UNKNOWN,N/A,N/A,N/A,N/A,N/A,N/A,N/A,NOT_CALCULATED,N/A,LOW,STAGE_MAPPED_ONLY,LOW
6182,미주3차,41220,경기,N/A,N/A,0,PRE_PROJECT,NO_OFFICIAL_RECORD,공식 정비사업 기록 없음(선별 후보),,,294.1978970508603,690,N/A,35.864057971014496,N/A,N/A,N/A,N/A,N/A,N/A,N/A,N/A,NOT_CALCULATED,N/A,N/A,N/A,UNKNOWN,N/A,N/A,N/A,N/A,N/A,N/A,N/A,NOT_CALCULATED,N/A,LOW,STAGE_MAPPED_ONLY,LOW
6950,미주7차아파트,41287,경기,N/A,N/A,0,PRE_PROJECT,NO_OFFICIAL_RECORD,공식 정비사업 기록 없음(선별 후보),,,N/A,165,N/A,13.393939393939394,N/A,N/A,N/A,N/A,N/A,N/A,N/A,N/A,NOT_CALCULATED,N/A,N/A,N/A,UNKNOWN,N/A,N/A,N/A,N/A,N/A,N/A,N/A,NOT_CALCULATED,N/A,LOW,STAGE_MAPPED_ONLY,LOW
5644,박달금호,41171,경기,N/A,N/A,0,PRE_PROJECT,NO_OFFICIAL_RECORD,공식 정비사업 기록 없음(선별 후보),,,273.4462374181179,752,N/A,41.6156914893617,N/A,N/A,N/A,N/A,N/A,N/A,N/A,N/A,NOT_CALCULATED,N/A,N/A,N/A,UNKNOWN,N/A,N/A,N/A,N/A,N/A,N/A,N/A,NOT_CALCULATED,N/A,LOW,STAGE_MAPPED_ONLY,LOW
5640,박달벽산,41171,경기,N/A,N/A,0,PRE_PROJECT,NO_OFFICIAL_RECORD,공식 정비사업 기록 없음(선별 후보),,,355.69829086880833,386,N/A,32.740932642487046,N/A,N/A,N/A,N/A,N/A,N/A,N/A,N/A,NOT_CALCULATED,N/A,N/A,N/A,UNKNOWN,N/A,N/A,N/A,N/A,N/A,N/A,N/A,NOT_CALCULATED,N/A,LOW,STAGE_MAPPED_ONLY,LOW
5910,반달마을극동아파트,41192,경기,N/A,N/A,0,PRE_PROJECT,NO_OFFICIAL_RECORD,공식 정비사업 기록 없음(선별 후보),,,199.54457984844106,1390,N/A,33.14237410071942,N/A,N/A,N/A,N/A,N/A,N/A,N/A,N/A,NOT_CALCULATED,N/A,N/A,N/A,UNKNOWN,N/A,N/A,N/A,N/A,N/A,N/A,N/A,NOT_CALCULATED,N/A,LOW,STAGE_MAPPED_ONLY,LOW
5909,반달마을동아아파트,41192,경기,N/A,N/A,0,PRE_PROJECT,NO_OFFICIAL_RECORD,공식 정비사업 기록 없음(선별 후보),,,74.25514136412956,915,N/A,96.39486338797815,N/A,N/A,N/A,N/A,N/A,N/A,N/A,N/A,NOT_CALCULATED,N/A,N/A,N/A,UNKNOWN,N/A,N/A,N/A,N/A,N/A,N/A,N/A,NOT_CALCULATED,N/A,LOW,STAGE_MAPPED_ONLY,LOW
5904,반달마을삼익아파트,41192,경기,N/A,N/A,0,PRE_PROJECT,NO_OFFICIAL_RECORD,공식 정비사업 기록 없음(선별 후보),,,257.5705495138557,828,N/A,42.76727053140097,N/A,N/A,N/A,N/A,N/A,N/A,N/A,N/A,NOT_CALCULATED,N/A,N/A,N/A,UNKNOWN,N/A,N/A,N/A,N/A,N/A,N/A,N/A,NOT_CALCULATED,N/A,LOW,STAGE_MAPPED_ONLY,LOW
5908,반달마을선경아파트,41192,경기,N/A,N/A,0,PRE_PROJECT,NO_OFFICIAL_RECORD,공식 정비사업 기록 없음(선별 후보),,,74.43541081594034,915,N/A,96.39486338797815,N/A,N/A,N/A,N/A,N/A,N/A,N/A,N/A,NOT_CALCULATED,N/A,N/A,N/A,UNKNOWN,N/A,N/A,N/A,N/A,N/A,N/A,N/A,NOT_CALCULATED,N/A,LOW,STAGE_MAPPED_ONLY,LOW
6868,밤가시1단지,41285,경기,N/A,N/A,0,PRE_PROJECT,NO_OFFICIAL_RECORD,공식 정비사업 기록 없음(선별 후보),,,157.4518944934648,120,N/A,88.30416666666666,N/A,N/A,N/A,N/A,N/A,N/A,N/A,N/A,NOT_CALCULATED,N/A,N/A,N/A,UNKNOWN,N/A,N/A,N/A,N/A,N/A,N/A,N/A,NOT_CALCULATED,N/A,LOW,STAGE_MAPPED_ONLY,LOW
6865,밤가시5단지,41285,경기,N/A,N/A,0,PRE_PROJECT,NO_OFFICIAL_RECORD,공식 정비사업 기록 없음(선별 후보),,,126.36302967593413,120,N/A,136.10916666666668,N/A,N/A,N/A,N/A,N/A,N/A,N/A,N/A,NOT_CALCULATED,N/A,N/A,N/A,UNKNOWN,N/A,N/A,N/A,N/A,N/A,N/A,N/A,NOT_CALCULATED,N/A,LOW,STAGE_MAPPED_ONLY,LOW
6872,밤가시건영7단지,41285,경기,N/A,N/A,0,PRE_PROJECT,NO_OFFICIAL_RECORD,공식 정비사업 기록 없음(선별 후보),,,154.3220276400464,216,N/A,87.76851851851852,N/A,N/A,N/A,N/A,N/A,N/A,N/A,N/A,NOT_CALCULATED,N/A,N/A,N/A,UNKNOWN,N/A,N/A,N/A,N/A,N/A,N/A,N/A,NOT_CALCULATED,N/A,LOW,STAGE_MAPPED_ONLY,LOW
6866,밤가시마을8단지,41285,경기,N/A,N/A,0,PRE_PROJECT,NO_OFFICIAL_RECORD,공식 정비사업 기록 없음(선별 후보),,,190.7359931391243,128,N/A,85.63046875,N/A,N/A,N/A,N/A,N/A,N/A,N/A,N/A,NOT_CALCULATED,N/A,N/A,N/A,UNKNOWN,N/A,N/A,N/A,N/A,N/A,N/A,N/A,NOT_CALCULATED,N/A,LOW,STAGE_MAPPED_ONLY,LOW
7948,백두극동,41410,경기,N/A,N/A,0,PRE_PROJECT,NO_OFFICIAL_RECORD,공식 정비사업 기록 없음(선별 후보),,,N/A,472,N/A,N/A,N/A,N/A,N/A,N/A,N/A,N/A,N/A,N/A,NOT_CALCULATED,N/A,N/A,N/A,UNKNOWN,N/A,N/A,N/A,N/A,N/A,N/A,N/A,NOT_CALCULATED,N/A,LOW,STAGE_MAPPED_ONLY,LOW
7967,백두동성,41410,경기,N/A,N/A,0,PRE_PROJECT,NO_OFFICIAL_RECORD,공식 정비사업 기록 없음(선별 후보),,,N/A,460,N/A,N/A,N/A,N/A,N/A,N/A,N/A,N/A,N/A,N/A,NOT_CALCULATED,N/A,N/A,N/A,UNKNOWN,N/A,N/A,N/A,N/A,N/A,N/A,N/A,NOT_CALCULATED,N/A,LOW,STAGE_MAPPED_ONLY,LOW
7951,백두한양,41410,경기,N/A,N/A,0,PRE_PROJECT,NO_OFFICIAL_RECORD,공식 정비사업 기록 없음(선별 후보),,,N/A,930,N/A,N/A,N/A,N/A,N/A,N/A,N/A,N/A,N/A,N/A,NOT_CALCULATED,N/A,N/A,N/A,UNKNOWN,N/A,N/A,N/A,N/A,N/A,N/A,N/A,NOT_CALCULATED,N/A,LOW,STAGE_MAPPED_ONLY,LOW
10017,백석가야1차아파트,41630,경기,N/A,N/A,0,PRE_PROJECT,NO_OFFICIAL_RECORD,공식 정비사업 기록 없음(선별 후보),,,N/A,210,N/A,N/A,N/A,N/A,N/A,N/A,N/A,N/A,N/A,N/A,NOT_CALCULATED,N/A,N/A,N/A,UNKNOWN,N/A,N/A,N/A,N/A,N/A,N/A,N/A,NOT_CALCULATED,N/A,LOW,STAGE_MAPPED_ONLY,LOW
6908,백석백송마을1단지삼부,41285,경기,N/A,N/A,0,PRE_PROJECT,NO_OFFICIAL_RECORD,공식 정비사업 기록 없음(선별 후보),,,197.3364468931295,222,N/A,61.72747747747748,N/A,N/A,N/A,N/A,N/A,N/A,N/A,N/A,NOT_CALCULATED,N/A,N/A,N/A,UNKNOWN,N/A,N/A,N/A,N/A,N/A,N/A,N/A,NOT_CALCULATED,N/A,LOW,STAGE_MAPPED_ONLY,LOW
6920,백석백송마을2단지대림,41285,경기,N/A,N/A,0,PRE_PROJECT,NO_OFFICIAL_RECORD,공식 정비사업 기록 없음(선별 후보),,,203.75838273344505,862,N/A,41.74211136890951,N/A,N/A,N/A,N/A,N/A,N/A,N/A,N/A,NOT_CALCULATED,N/A,N/A,N/A,UNKNOWN,N/A,N/A,N/A,N/A,N/A,N/A,N/A,NOT_CALCULATED,N/A,LOW,STAGE_MAPPED_ONLY,LOW
6918,백석백송마을5단지삼호풍림,41285,경기,N/A,N/A,0,PRE_PROJECT,NO_OFFICIAL_RECORD,공식 정비사업 기록 없음(선별 후보),,,192.1025078145506,786,N/A,53.31933842239186,N/A,N/A,N/A,N/A,N/A,N/A,N/A,N/A,NOT_CALCULATED,N/A,N/A,N/A,UNKNOWN,N/A,N/A,N/A,N/A,N/A,N/A,N/A,NOT_CALCULATED,N/A,LOW,STAGE_MAPPED_ONLY,LOW
6913,백석백송마을6단지대우벽산,41285,경기,N/A,N/A,0,PRE_PROJECT,NO_OFFICIAL_RECORD,공식 정비사업 기록 없음(선별 후보),,,197.68481384934162,456,N/A,52.49473684210526,N/A,N/A,N/A,N/A,N/A,N/A,N/A,N/A,NOT_CALCULATED,N/A,N/A,N/A,UNKNOWN,N/A,N/A,N/A,N/A,N/A,N/A,N/A,NOT_CALCULATED,N/A,LOW,STAGE_MAPPED_ONLY,LOW
6916,백석백송마을7단지임광,41285,경기,N/A,N/A,0,PRE_PROJECT,NO_OFFICIAL_RECORD,공식 정비사업 기록 없음(선별 후보),,,234.77917141771192,617,N/A,46.90599675850891,N/A,N/A,N/A,N/A,N/A,N/A,N/A,N/A,NOT_CALCULATED,N/A,N/A,N/A,UNKNOWN,N/A,N/A,N/A,N/A,N/A,N/A,N/A,NOT_CALCULATED,N/A,LOW,STAGE_MAPPED_ONLY,LOW
6915,백석백송마을8단지선경코오롱,41285,경기,N/A,N/A,0,PRE_PROJECT,NO_OFFICIAL_RECORD,공식 정비사업 기록 없음(선별 후보),,,195.16391332466833,604,N/A,52.73543046357616,N/A,N/A,N/A,N/A,N/A,N/A,N/A,N/A,NOT_CALCULATED,N/A,N/A,N/A,UNKNOWN,N/A,N/A,N/A,N/A,N/A,N/A,N/A,NOT_CALCULATED,N/A,LOW,STAGE_MAPPED_ONLY,LOW
6914,백석백송마을9단지두산,41285,경기,N/A,N/A,0,PRE_PROJECT,NO_OFFICIAL_RECORD,공식 정비사업 기록 없음(선별 후보),,,194.32120979152526,462,N/A,52.93030303030303,N/A,N/A,N/A,N/A,N/A,N/A,N/A,N/A,NOT_CALCULATED,N/A,N/A,N/A,UNKNOWN,N/A,N/A,N/A,N/A,N/A,N/A,N/A,NOT_CALCULATED,N/A,LOW,STAGE_MAPPED_ONLY,LOW
10015,백석세아1차,41630,경기,N/A,N/A,0,PRE_PROJECT,NO_OFFICIAL_RECORD,공식 정비사업 기록 없음(선별 후보),,,N/A,282,N/A,N/A,N/A,N/A,N/A,N/A,N/A,N/A,N/A,N/A,NOT_CALCULATED,N/A,N/A,N/A,UNKNOWN,N/A,N/A,N/A,N/A,N/A,N/A,N/A,NOT_CALCULATED,N/A,LOW,STAGE_MAPPED_ONLY,LOW
6910,백석흰돌마을1단지금호,41285,경기,N/A,N/A,0,PRE_PROJECT,NO_OFFICIAL_RECORD,공식 정비사업 기록 없음(선별 후보),,,152.4450193184401,299,N/A,50.03277591973244,N/A,N/A,N/A,N/A,N/A,N/A,N/A,N/A,NOT_CALCULATED,N/A,N/A,N/A,UNKNOWN,N/A,N/A,N/A,N/A,N/A,N/A,N/A,NOT_CALCULATED,N/A,LOW,STAGE_MAPPED_ONLY,LOW
6909,백석흰돌마을2단지청구,41285,경기,N/A,N/A,0,PRE_PROJECT,NO_OFFICIAL_RECORD,공식 정비사업 기록 없음(선별 후보),,,192.80215415684953,276,N/A,53.822463768115945,N/A,N/A,N/A,N/A,N/A,N/A,N/A,N/A,NOT_CALCULATED,N/A,N/A,N/A,UNKNOWN,N/A,N/A,N/A,N/A,N/A,N/A,N/A,NOT_CALCULATED,N/A,LOW,STAGE_MAPPED_ONLY,LOW
6919,백석흰돌마을3단지국제한진,41285,경기,N/A,N/A,0,PRE_PROJECT,NO_OFFICIAL_RECORD,공식 정비사업 기록 없음(선별 후보),,,203.87807510513974,816,N/A,52.6843137254902,N/A,N/A,N/A,N/A,N/A,N/A,N/A,N/A,NOT_CALCULATED,N/A,N/A,N/A,UNKNOWN,N/A,N/A,N/A,N/A,N/A,N/A,N/A,NOT_CALCULATED,N/A,LOW,STAGE_MAPPED_ONLY,LOW
6911,백송3단지 우성아파트,41285,경기,N/A,N/A,0,PRE_PROJECT,NO_OFFICIAL_RECORD,공식 정비사업 기록 없음(선별 후보),,,74.46671688683925,426,N/A,89.43403755868545,N/A,N/A,N/A,N/A,N/A,N/A,N/A,N/A,NOT_CALCULATED,N/A,N/A,N/A,UNKNOWN,N/A,N/A,N/A,N/A,N/A,N/A,N/A,NOT_CALCULATED,N/A,LOW,STAGE_MAPPED_ONLY,LOW
6912,백송3단지한신아파트,41285,경기,N/A,N/A,0,PRE_PROJECT,NO_OFFICIAL_RECORD,공식 정비사업 기록 없음(선별 후보),,,81.89988424862659,436,N/A,87.38279816513761,N/A,N/A,N/A,N/A,N/A,N/A,N/A,N/A,NOT_CALCULATED,N/A,N/A,N/A,UNKNOWN,N/A,N/A,N/A,N/A,N/A,N/A,N/A,NOT_CALCULATED,N/A,LOW,STAGE_MAPPED_ONLY,LOW
6906,백송마을10단지건영,41285,경기,N/A,N/A,0,PRE_PROJECT,NO_OFFICIAL_RECORD,공식 정비사업 기록 없음(선별 후보),,,148.3370376190797,152,N/A,87.91381578947369,N/A,N/A,N/A,N/A,N/A,N/A,N/A,N/A,NOT_CALCULATED,N/A,N/A,N/A,UNKNOWN,N/A,N/A,N/A,N/A,N/A,N/A,N/A,NOT_CALCULATED,N/A,LOW,STAGE_MAPPED_ONLY,LOW
8098,백송한신,41450,경기,N/A,N/A,0,PRE_PROJECT,NO_OFFICIAL_RECORD,공식 정비사업 기록 없음(선별 후보),,,N/A,641,N/A,N/A,N/A,N/A,N/A,N/A,N/A,N/A,N/A,N/A,NOT_CALCULATED,N/A,N/A,N/A,UNKNOWN,N/A,N/A,N/A,N/A,N/A,N/A,N/A,NOT_CALCULATED,N/A,LOW,STAGE_MAPPED_ONLY,LOW
8100,백조현대,41450,경기,N/A,N/A,0,PRE_PROJECT,NO_OFFICIAL_RECORD,공식 정비사업 기록 없음(선별 후보),,,N/A,880,N/A,N/A,N/A,N/A,N/A,N/A,N/A,N/A,N/A,N/A,NOT_CALCULATED,N/A,N/A,N/A,UNKNOWN,N/A,N/A,N/A,N/A,N/A,N/A,N/A,NOT_CALCULATED,N/A,LOW,STAGE_MAPPED_ONLY,LOW
6265,벽산늘푸른,41220,경기,N/A,N/A,0,PRE_PROJECT,NO_OFFICIAL_RECORD,공식 정비사업 기록 없음(선별 후보),,,141.83805532205423,368,N/A,68.85570652173914,N/A,N/A,N/A,N/A,N/A,N/A,N/A,N/A,NOT_CALCULATED,N/A,N/A,N/A,UNKNOWN,N/A,N/A,N/A,N/A,N/A,N/A,N/A,NOT_CALCULATED,N/A,LOW,STAGE_MAPPED_ONLY,LOW
8028,벽산백합,41430,경기,N/A,N/A,0,PRE_PROJECT,NO_OFFICIAL_RECORD,공식 정비사업 기록 없음(선별 후보),,,N/A,460,N/A,N/A,N/A,N/A,N/A,N/A,N/A,N/A,N/A,N/A,NOT_CALCULATED,N/A,N/A,N/A,UNKNOWN,N/A,N/A,N/A,N/A,N/A,N/A,N/A,NOT_CALCULATED,N/A,LOW,STAGE_MAPPED_ONLY,LOW
7527,별내동부일신,41360,경기,N/A,N/A,0,PRE_PROJECT,NO_OFFICIAL_RECORD,공식 정비사업 기록 없음(선별 후보),,,N/A,456,N/A,N/A,N/A,N/A,N/A,N/A,N/A,N/A,N/A,N/A,NOT_CALCULATED,N/A,N/A,N/A,UNKNOWN,N/A,N/A,N/A,N/A,N/A,N/A,N/A,NOT_CALCULATED,N/A,LOW,STAGE_MAPPED_ONLY,LOW
7525,별내수락산거성,41360,경기,N/A,N/A,0,PRE_PROJECT,NO_OFFICIAL_RECORD,공식 정비사업 기록 없음(선별 후보),,,N/A,320,N/A,N/A,N/A,N/A,N/A,N/A,N/A,N/A,N/A,N/A,NOT_CALCULATED,N/A,N/A,N/A,UNKNOWN,N/A,N/A,N/A,N/A,N/A,N/A,N/A,NOT_CALCULATED,N/A,LOW,STAGE_MAPPED_ONLY,LOW
9500,병점화남1단지,41595,경기,N/A,N/A,0,PRE_PROJECT,NO_OFFICIAL_RECORD,공식 정비사업 기록 없음(선별 후보),,,N/A,234,N/A,N/A,N/A,N/A,N/A,N/A,N/A,N/A,N/A,N/A,NOT_CALCULATED,N/A,N/A,N/A,UNKNOWN,N/A,N/A,N/A,N/A,N/A,N/A,N/A,NOT_CALCULATED,N/A,LOW,STAGE_MAPPED_ONLY,LOW
9502,병점화남2단지,41595,경기,N/A,N/A,0,PRE_PROJECT,NO_OFFICIAL_RECORD,공식 정비사업 기록 없음(선별 후보),,,N/A,181,N/A,N/A,N/A,N/A,N/A,N/A,N/A,N/A,N/A,N/A,NOT_CALCULATED,N/A,N/A,N/A,UNKNOWN,N/A,N/A,N/A,N/A,N/A,N/A,N/A,NOT_CALCULATED,N/A,LOW,STAGE_MAPPED_ONLY,LOW
7763,보우아파트,41390,경기,N/A,N/A,0,PRE_PROJECT,NO_OFFICIAL_RECORD,공식 정비사업 기록 없음(선별 후보),,,N/A,131,N/A,N/A,N/A,N/A,N/A,N/A,N/A,N/A,N/A,N/A,NOT_CALCULATED,N/A,N/A,N/A,UNKNOWN,N/A,N/A,N/A,N/A,N/A,N/A,N/A,NOT_CALCULATED,N/A,LOW,STAGE_MAPPED_ONLY,LOW
4802,보은맨션,41115,경기,N/A,N/A,0,PRE_PROJECT,NO_OFFICIAL_RECORD,공식 정비사업 기록 없음(선별 후보),,,304.7531470970606,107,N/A,29.473831775700933,N/A,N/A,N/A,N/A,N/A,N/A,N/A,N/A,NOT_CALCULATED,N/A,N/A,N/A,UNKNOWN,N/A,N/A,N/A,N/A,N/A,N/A,N/A,NOT_CALCULATED,N/A,LOW,STAGE_MAPPED_ONLY,LOW
5795,복사골아파트,41192,경기,N/A,N/A,0,PRE_PROJECT,NO_OFFICIAL_RECORD,공식 정비사업 기록 없음(선별 후보),,,177.72139644636263,118,N/A,42.01949152542373,N/A,N/A,N/A,N/A,N/A,N/A,N/A,N/A,NOT_CALCULATED,N/A,N/A,N/A,UNKNOWN,N/A,N/A,N/A,N/A,N/A,N/A,N/A,NOT_CALCULATED,N/A,LOW,STAGE_MAPPED_ONLY,LOW
6499,본오1차,41271,경기,N/A,N/A,0,PRE_PROJECT,NO_OFFICIAL_RECORD,공식 정비사업 기록 없음(선별 후보),,,178.67381855174327,1000,N/A,25.9512,N/A,N/A,N/A,N/A,N/A,N/A,N/A,N/A,NOT_CALCULATED,N/A,N/A,N/A,UNKNOWN,N/A,N/A,N/A,N/A,N/A,N/A,N/A,NOT_CALCULATED,N/A,LOW,STAGE_MAPPED_ONLY,LOW
6498,본오2차,41271,경기,N/A,N/A,0,PRE_PROJECT,NO_OFFICIAL_RECORD,공식 정비사업 기록 없음(선별 후보),,,315.00872600349044,585,N/A,23.115897435897434,N/A,N/A,N/A,N/A,N/A,N/A,N/A,N/A,NOT_CALCULATED,N/A,N/A,N/A,UNKNOWN,N/A,N/A,N/A,N/A,N/A,N/A,N/A,NOT_CALCULATED,N/A,LOW,STAGE_MAPPED_ONLY,LOW
6518,본오주공아파트,41271,경기,N/A,N/A,0,PRE_PROJECT,NO_OFFICIAL_RECORD,공식 정비사업 기록 없음(선별 후보),,,156.64295339020896,519,N/A,49.61868978805395,N/A,N/A,N/A,N/A,N/A,N/A,N/A,N/A,NOT_CALCULATED,N/A,N/A,N/A,UNKNOWN,N/A,N/A,N/A,N/A,N/A,N/A,N/A,NOT_CALCULATED,N/A,LOW,STAGE_MAPPED_ONLY,LOW
7675,부국미산아파트,41390,경기,N/A,N/A,0,PRE_PROJECT,NO_OFFICIAL_RECORD,공식 정비사업 기록 없음(선별 후보),,,N/A,200,N/A,N/A,N/A,N/A,N/A,N/A,N/A,N/A,N/A,N/A,NOT_CALCULATED,N/A,N/A,N/A,UNKNOWN,N/A,N/A,N/A,N/A,N/A,N/A,N/A,NOT_CALCULATED,N/A,LOW,STAGE_MAPPED_ONLY,LOW
8087,부영,41450,경기,N/A,N/A,0,PRE_PROJECT,NO_OFFICIAL_RECORD,공식 정비사업 기록 없음(선별 후보),,,N/A,2055,N/A,N/A,N/A,N/A,N/A,N/A,N/A,N/A,N/A,N/A,NOT_CALCULATED,N/A,N/A,N/A,UNKNOWN,N/A,N/A,N/A,N/A,N/A,N/A,N/A,NOT_CALCULATED,N/A,LOW,STAGE_MAPPED_ONLY,LOW
6295,부영원앙아파트,41220,경기,N/A,N/A,0,PRE_PROJECT,NO_OFFICIAL_RECORD,공식 정비사업 기록 없음(선별 후보),,,174.10440321792785,1590,N/A,37.853962264150944,N/A,N/A,N/A,N/A,N/A,N/A,N/A,N/A,NOT_CALCULATED,N/A,N/A,N/A,UNKNOWN,N/A,N/A,N/A,N/A,N/A,N/A,N/A,NOT_CALCULATED,N/A,LOW,STAGE_MAPPED_ONLY,LOW
6532,부원빌라,41271,경기,N/A,N/A,0,PRE_PROJECT,NO_OFFICIAL_RECORD,공식 정비사업 기록 없음(선별 후보),,,98.76197421603649,132,N/A,61.290151515151514,N/A,N/A,N/A,N/A,N/A,N/A,N/A,N/A,NOT_CALCULATED,N/A,N/A,N/A,UNKNOWN,N/A,N/A,N/A,N/A,N/A,N/A,N/A,NOT_CALCULATED,N/A,LOW,STAGE_MAPPED_ONLY,LOW
5937,부천극동아파트,41194,경기,N/A,N/A,0,PRE_PROJECT,NO_OFFICIAL_RECORD,공식 정비사업 기록 없음(선별 후보),,,240.85604358689037,495,N/A,38.4880808080808,N/A,N/A,N/A,N/A,N/A,N/A,N/A,N/A,NOT_CALCULATED,N/A,N/A,N/A,UNKNOWN,N/A,N/A,N/A,N/A,N/A,N/A,N/A,NOT_CALCULATED,N/A,LOW,STAGE_MAPPED_ONLY,LOW
5938,부천롯데아파트,41194,경기,N/A,N/A,0,PRE_PROJECT,NO_OFFICIAL_RECORD,공식 정비사업 기록 없음(선별 후보),,,N/A,463,N/A,N/A,N/A,N/A,N/A,N/A,N/A,N/A,N/A,N/A,NOT_CALCULATED,N/A,N/A,N/A,UNKNOWN,N/A,N/A,N/A,N/A,N/A,N/A,N/A,NOT_CALCULATED,N/A,LOW,STAGE_MAPPED_ONLY,LOW
5985,부천삼익125동,41194,경기,N/A,N/A,0,PRE_PROJECT,NO_OFFICIAL_RECORD,공식 정비사업 기록 없음(선별 후보),,,N/A,550,N/A,N/A,N/A,N/A,N/A,N/A,N/A,N/A,N/A,N/A,NOT_CALCULATED,N/A,N/A,N/A,UNKNOWN,N/A,N/A,N/A,N/A,N/A,N/A,N/A,NOT_CALCULATED,N/A,LOW,STAGE_MAPPED_ONLY,LOW
5929,부천성지,41194,경기,N/A,N/A,0,PRE_PROJECT,NO_OFFICIAL_RECORD,공식 정비사업 기록 없음(선별 후보),,,260.7741370154009,264,N/A,35.66287878787879,N/A,N/A,N/A,N/A,N/A,N/A,N/A,N/A,NOT_CALCULATED,N/A,N/A,N/A,UNKNOWN,N/A,N/A,N/A,N/A,N/A,N/A,N/A,NOT_CALCULATED,N/A,LOW,STAGE_MAPPED_ONLY,LOW
5792,부천춘의(공단),41192,경기,N/A,N/A,0,PRE_PROJECT,NO_OFFICIAL_RECORD,공식 정비사업 기록 없음(선별 후보),,,171.81720447107557,976,N/A,25.92254098360656,N/A,N/A,N/A,N/A,N/A,N/A,N/A,N/A,NOT_CALCULATED,N/A,N/A,N/A,UNKNOWN,N/A,N/A,N/A,N/A,N/A,N/A,N/A,NOT_CALCULATED,N/A,LOW,STAGE_MAPPED_ONLY,LOW
5669,부흥관악,41173,경기,N/A,N/A,0,PRE_PROJECT,NO_OFFICIAL_RECORD,공식 정비사업 기록 없음(선별 후보),,,207.1795464839496,489,N/A,21.220245398773006,N/A,N/A,N/A,N/A,N/A,N/A,N/A,N/A,NOT_CALCULATED,N/A,N/A,N/A,UNKNOWN,N/A,N/A,N/A,N/A,N/A,N/A,N/A,NOT_CALCULATED,N/A,LOW,STAGE_MAPPED_ONLY,LOW
9212,북변건영,41570,경기,N/A,N/A,0,PRE_PROJECT,NO_OFFICIAL_RECORD,공식 정비사업 기록 없음(선별 후보),,,N/A,150,N/A,N/A,N/A,N/A,N/A,N/A,N/A,N/A,N/A,N/A,NOT_CALCULATED,N/A,N/A,N/A,UNKNOWN,N/A,N/A,N/A,N/A,N/A,N/A,N/A,NOT_CALCULATED,N/A,LOW,STAGE_MAPPED_ONLY,LOW
9148,북변산호,41570,경기,N/A,N/A,0,PRE_PROJECT,NO_OFFICIAL_RECORD,공식 정비사업 기록 없음(선별 후보),,,N/A,909,N/A,N/A,N/A,N/A,N/A,N/A,N/A,N/A,N/A,N/A,NOT_CALCULATED,N/A,N/A,N/A,UNKNOWN,N/A,N/A,N/A,N/A,N/A,N/A,N/A,NOT_CALCULATED,N/A,LOW,STAGE_MAPPED_ONLY,LOW
9216,북변삼환아파트,41570,경기,N/A,N/A,0,PRE_PROJECT,NO_OFFICIAL_RECORD,공식 정비사업 기록 없음(선별 후보),,,N/A,493,N/A,N/A,N/A,N/A,N/A,N/A,N/A,N/A,N/A,N/A,NOT_CALCULATED,N/A,N/A,N/A,UNKNOWN,N/A,N/A,N/A,N/A,N/A,N/A,N/A,NOT_CALCULATED,N/A,LOW,STAGE_MAPPED_ONLY,LOW
9218,북변한국,41570,경기,N/A,N/A,0,PRE_PROJECT,NO_OFFICIAL_RECORD,공식 정비사업 기록 없음(선별 후보),,,N/A,620,N/A,N/A,N/A,N/A,N/A,N/A,N/A,N/A,N/A,N/A,NOT_CALCULATED,N/A,N/A,N/A,UNKNOWN,N/A,N/A,N/A,N/A,N/A,N/A,N/A,NOT_CALCULATED,N/A,LOW,STAGE_MAPPED_ONLY,LOW
5100,분당건영두산빌라,41135,경기,N/A,N/A,0,PRE_PROJECT,NO_OFFICIAL_RECORD,공식 정비사업 기록 없음(선별 후보),,,149.52619637269584,224,N/A,90.31205357142858,N/A,N/A,N/A,N/A,N/A,N/A,N/A,N/A,NOT_CALCULATED,N/A,N/A,N/A,UNKNOWN,N/A,N/A,N/A,N/A,N/A,N/A,N/A,NOT_CALCULATED,N/A,LOW,STAGE_MAPPED_ONLY,LOW
5191,분당매화마을주공3단지,41135,경기,N/A,N/A,0,PRE_PROJECT,NO_OFFICIAL_RECORD,공식 정비사업 기록 없음(선별 후보),,,296.65468179911096,851,N/A,22.12608695652174,N/A,N/A,N/A,N/A,N/A,N/A,N/A,N/A,NOT_CALCULATED,N/A,N/A,N/A,UNKNOWN,N/A,N/A,N/A,N/A,N/A,N/A,N/A,NOT_CALCULATED,N/A,LOW,STAGE_MAPPED_ONLY,LOW
5261,분당무지개마을금강아파트,41135,경기,N/A,N/A,0,PRE_PROJECT,NO_OFFICIAL_RECORD,공식 정비사업 기록 없음(선별 후보),,,209.55374369249034,216,N/A,49.911111111111104,N/A,N/A,N/A,N/A,N/A,N/A,N/A,N/A,NOT_CALCULATED,N/A,N/A,N/A,UNKNOWN,N/A,N/A,N/A,N/A,N/A,N/A,N/A,NOT_CALCULATED,N/A,LOW,STAGE_MAPPED_ONLY,LOW
5262,분당무지개마을대림,41135,경기,N/A,N/A,0,PRE_PROJECT,NO_OFFICIAL_RECORD,공식 정비사업 기록 없음(선별 후보),,,256.3671803211129,778,N/A,46.160154241645245,N/A,N/A,N/A,N/A,N/A,N/A,N/A,N/A,NOT_CALCULATED,N/A,N/A,N/A,UNKNOWN,N/A,N/A,N/A,N/A,N/A,N/A,N/A,NOT_CALCULATED,N/A,LOW,STAGE_MAPPED_ONLY,LOW
5140,분당상록마을보성임광,41135,경기,N/A,N/A,0,PRE_PROJECT,NO_OFFICIAL_RECORD,공식 정비사업 기록 없음(선별 후보),,,226.92200126038986,568,N/A,47.21320422535211,N/A,N/A,N/A,N/A,N/A,N/A,N/A,N/A,NOT_CALCULATED,N/A,N/A,N/A,UNKNOWN,N/A,N/A,N/A,N/A,N/A,N/A,N/A,NOT_CALCULATED,N/A,LOW,STAGE_MAPPED_ONLY,LOW
5096,분당샛별마을동성,41135,경기,N/A,N/A,0,PRE_PROJECT,NO_OFFICIAL_RECORD,공식 정비사업 기록 없음(선별 후보),,,190.0614166744838,582,N/A,65.940206185567,N/A,N/A,N/A,N/A,N/A,N/A,N/A,N/A,NOT_CALCULATED,N/A,N/A,N/A,UNKNOWN,N/A,N/A,N/A,N/A,N/A,N/A,N/A,NOT_CALCULATED,N/A,LOW,STAGE_MAPPED_ONLY,LOW
5097,분당샛별마을라이프,41135,경기,N/A,N/A,0,PRE_PROJECT,NO_OFFICIAL_RECORD,공식 정비사업 기록 없음(선별 후보),,,254.4784463018823,796,N/A,49.10314070351759,N/A,N/A,N/A,N/A,N/A,N/A,N/A,N/A,NOT_CALCULATED,N/A,N/A,N/A,UNKNOWN,N/A,N/A,N/A,N/A,N/A,N/A,N/A,NOT_CALCULATED,N/A,LOW,STAGE_MAPPED_ONLY,LOW
5098,분당샛별마을삼부,41135,경기,N/A,N/A,0,PRE_PROJECT,NO_OFFICIAL_RECORD,공식 정비사업 기록 없음(선별 후보),,,157.68246410493765,588,N/A,69.07891156462586,N/A,N/A,N/A,N/A,N/A,N/A,N/A,N/A,NOT_CALCULATED,N/A,N/A,N/A,UNKNOWN,N/A,N/A,N/A,N/A,N/A,N/A,N/A,NOT_CALCULATED,N/A,LOW,STAGE_MAPPED_ONLY,LOW
5099,분당샛별마을우방,41135,경기,N/A,N/A,0,PRE_PROJECT,NO_OFFICIAL_RECORD,공식 정비사업 기록 없음(선별 후보),,,260.81049176685167,811,N/A,53.271763255240444,N/A,N/A,N/A,N/A,N/A,N/A,N/A,N/A,NOT_CALCULATED,N/A,N/A,N/A,UNKNOWN,N/A,N/A,N/A,N/A,N/A,N/A,N/A,NOT_CALCULATED,N/A,LOW,STAGE_MAPPED_ONLY,LOW
5180,분당성환빌라,41135,경기,N/A,N/A,0,PRE_PROJECT,NO_OFFICIAL_RECORD,공식 정비사업 기록 없음(선별 후보),,,132.59973215372753,136,N/A,90.59191176470588,N/A,N/A,N/A,N/A,N/A,N/A,N/A,N/A,NOT_CALCULATED,N/A,N/A,N/A,UNKNOWN,N/A,N/A,N/A,N/A,N/A,N/A,N/A,NOT_CALCULATED,N/A,LOW,STAGE_MAPPED_ONLY,LOW
5151,분당시범삼성한신아파트,41135,경기,N/A,N/A,0,PRE_PROJECT,NO_OFFICIAL_RECORD,공식 정비사업 기록 없음(선별 후보),,,191.52036609329025,1781,N/A,65.49264458169567,N/A,N/A,N/A,N/A,N/A,N/A,N/A,N/A,NOT_CALCULATED,N/A,N/A,N/A,UNKNOWN,N/A,N/A,N/A,N/A,N/A,N/A,N/A,NOT_CALCULATED,N/A,LOW,STAGE_MAPPED_ONLY,LOW
5102,분당장안타운건영2차,41135,경기,N/A,N/A,0,PRE_PROJECT,NO_OFFICIAL_RECORD,공식 정비사업 기록 없음(선별 후보),,,N/A,1688,N/A,N/A,N/A,N/A,N/A,N/A,N/A,N/A,N/A,N/A,NOT_CALCULATED,N/A,N/A,N/A,UNKNOWN,N/A,N/A,N/A,N/A,N/A,N/A,N/A,NOT_CALCULATED,N/A,LOW,STAGE_MAPPED_ONLY,LOW
5101,분당장안타운한신라이프,41135,경기,N/A,N/A,0,PRE_PROJECT,NO_OFFICIAL_RECORD,공식 정비사업 기록 없음(선별 후보),,,115.23733713184465,264,N/A,90.41287878787878,N/A,N/A,N/A,N/A,N/A,N/A,N/A,N/A,NOT_CALCULATED,N/A,N/A,N/A,UNKNOWN,N/A,N/A,N/A,N/A,N/A,N/A,N/A,NOT_CALCULATED,N/A,LOW,STAGE_MAPPED_ONLY,LOW
5250,분당청솔마을주공6단지,41135,경기,N/A,N/A,0,PRE_PROJECT,NO_OFFICIAL_RECORD,공식 정비사업 기록 없음(선별 후보),,,97.76061400952103,1250,N/A,37.0548,N/A,N/A,N/A,N/A,N/A,N/A,N/A,N/A,NOT_CALCULATED,N/A,N/A,N/A,UNKNOWN,N/A,N/A,N/A,N/A,N/A,N/A,N/A,NOT_CALCULATED,N/A,LOW,STAGE_MAPPED_ONLY,LOW
5271,분당하얀마을6단지,41135,경기,N/A,N/A,0,PRE_PROJECT,NO_OFFICIAL_RECORD,공식 정비사업 기록 없음(선별 후보),,,145.82365486833234,1489,N/A,30.38717259905977,N/A,N/A,N/A,N/A,N/A,N/A,N/A,N/A,NOT_CALCULATED,N/A,N/A,N/A,UNKNOWN,N/A,N/A,N/A,N/A,N/A,N/A,N/A,NOT_CALCULATED,N/A,LOW,STAGE_MAPPED_ONLY,LOW
5675,비산 성원아파트,41173,경기,N/A,N/A,0,PRE_PROJECT,NO_OFFICIAL_RECORD,공식 정비사업 기록 없음(선별 후보),,,316.58351339671566,282,N/A,32.822695035460995,N/A,N/A,N/A,N/A,N/A,N/A,N/A,N/A,NOT_CALCULATED,N/A,N/A,N/A,UNKNOWN,N/A,N/A,N/A,N/A,N/A,N/A,N/A,NOT_CALCULATED,N/A,LOW,STAGE_MAPPED_ONLY,LOW
6944,사리현현대그린,41285,경기,N/A,N/A,0,PRE_PROJECT,NO_OFFICIAL_RECORD,공식 정비사업 기록 없음(선별 후보),,,143.8721264367816,380,N/A,36.63157894736842,N/A,N/A,N/A,N/A,N/A,N/A,N/A,N/A,NOT_CALCULATED,N/A,N/A,N/A,UNKNOWN,N/A,N/A,N/A,N/A,N/A,N/A,N/A,NOT_CALCULATED,N/A,LOW,STAGE_MAPPED_ONLY,LOW
9226,사우길훈4차,41570,경기,N/A,N/A,0,PRE_PROJECT,NO_OFFICIAL_RECORD,공식 정비사업 기록 없음(선별 후보),,,N/A,351,N/A,N/A,N/A,N/A,N/A,N/A,N/A,N/A,N/A,N/A,NOT_CALCULATED,N/A,N/A,N/A,UNKNOWN,N/A,N/A,N/A,N/A,N/A,N/A,N/A,NOT_CALCULATED,N/A,LOW,STAGE_MAPPED_ONLY,LOW
7976,산본 주공3단지 다산아파트,41410,경기,N/A,N/A,0,PRE_PROJECT,NO_OFFICIAL_RECORD,공식 정비사업 기록 없음(선별 후보),,,N/A,829,N/A,N/A,N/A,N/A,N/A,N/A,N/A,N/A,N/A,N/A,NOT_CALCULATED,N/A,N/A,N/A,UNKNOWN,N/A,N/A,N/A,N/A,N/A,N/A,N/A,NOT_CALCULATED,N/A,LOW,STAGE_MAPPED_ONLY,LOW
7937,산본10 주몽2차,41410,경기,N/A,N/A,0,PRE_PROJECT,NO_OFFICIAL_RECORD,공식 정비사업 기록 없음(선별 후보),,,N/A,927,N/A,N/A,N/A,N/A,N/A,N/A,N/A,N/A,N/A,N/A,NOT_CALCULATED,N/A,N/A,N/A,UNKNOWN,N/A,N/A,N/A,N/A,N/A,N/A,N/A,NOT_CALCULATED,N/A,LOW,STAGE_MAPPED_ONLY,LOW
7957,산본11단지주공,41410,경기,N/A,N/A,0,PRE_PROJECT,NO_OFFICIAL_RECORD,공식 정비사업 기록 없음(선별 후보),,,N/A,1400,N/A,N/A,N/A,N/A,N/A,N/A,N/A,N/A,N/A,N/A,NOT_CALCULATED,N/A,N/A,N/A,UNKNOWN,N/A,N/A,N/A,N/A,N/A,N/A,N/A,NOT_CALCULATED,N/A,LOW,STAGE_MAPPED_ONLY,LOW
7965,산본13단지개나리,41410,경기,N/A,N/A,0,PRE_PROJECT,NO_OFFICIAL_RECORD,공식 정비사업 기록 없음(선별 후보),,,N/A,1778,N/A,N/A,N/A,N/A,N/A,N/A,N/A,N/A,N/A,N/A,NOT_CALCULATED,N/A,N/A,N/A,UNKNOWN,N/A,N/A,N/A,N/A,N/A,N/A,N/A,NOT_CALCULATED,N/A,LOW,STAGE_MAPPED_ONLY,LOW
7963,산본4단지한라1차,41410,경기,N/A,N/A,0,PRE_PROJECT,NO_OFFICIAL_RECORD,공식 정비사업 기록 없음(선별 후보),,,N/A,1248,N/A,N/A,N/A,N/A,N/A,N/A,N/A,N/A,N/A,N/A,NOT_CALCULATED,N/A,N/A,N/A,UNKNOWN,N/A,N/A,N/A,N/A,N/A,N/A,N/A,NOT_CALCULATED,N/A,LOW,STAGE_MAPPED_ONLY,LOW
7952,산본7단지 우륵아파트,41410,경기,N/A,N/A,0,PRE_PROJECT,NO_OFFICIAL_RECORD,공식 정비사업 기록 없음(선별 후보),,,N/A,1312,N/A,N/A,N/A,N/A,N/A,N/A,N/A,N/A,N/A,N/A,NOT_CALCULATED,N/A,N/A,N/A,UNKNOWN,N/A,N/A,N/A,N/A,N/A,N/A,N/A,NOT_CALCULATED,N/A,LOW,STAGE_MAPPED_ONLY,LOW
7941,산본가야2차,41410,경기,N/A,N/A,0,PRE_PROJECT,NO_OFFICIAL_RECORD,공식 정비사업 기록 없음(선별 후보),,,N/A,900,N/A,N/A,N/A,N/A,N/A,N/A,N/A,N/A,N/A,N/A,NOT_CALCULATED,N/A,N/A,N/A,UNKNOWN,N/A,N/A,N/A,N/A,N/A,N/A,N/A,NOT_CALCULATED,N/A,LOW,STAGE_MAPPED_ONLY,LOW
7938,산본가야3차,41410,경기,N/A,N/A,0,PRE_PROJECT,NO_OFFICIAL_RECORD,공식 정비사업 기록 없음(선별 후보),,,N/A,949,N/A,N/A,N/A,N/A,N/A,N/A,N/A,N/A,N/A,N/A,NOT_CALCULATED,N/A,N/A,N/A,UNKNOWN,N/A,N/A,N/A,N/A,N/A,N/A,N/A,NOT_CALCULATED,N/A,LOW,STAGE_MAPPED_ONLY,LOW
7939,산본금강1차,41410,경기,N/A,N/A,0,PRE_PROJECT,NO_OFFICIAL_RECORD,공식 정비사업 기록 없음(선별 후보),,,N/A,1318,N/A,N/A,N/A,N/A,N/A,N/A,N/A,N/A,N/A,N/A,NOT_CALCULATED,N/A,N/A,N/A,UNKNOWN,N/A,N/A,N/A,N/A,N/A,N/A,N/A,NOT_CALCULATED,N/A,LOW,STAGE_MAPPED_ONLY,LOW
7960,산본덕유주공,41410,경기,N/A,N/A,0,PRE_PROJECT,NO_OFFICIAL_RECORD,공식 정비사업 기록 없음(선별 후보),,,N/A,267,N/A,N/A,N/A,N/A,N/A,N/A,N/A,N/A,N/A,N/A,NOT_CALCULATED,N/A,N/A,N/A,UNKNOWN,N/A,N/A,N/A,N/A,N/A,N/A,N/A,NOT_CALCULATED,N/A,LOW,STAGE_MAPPED_ONLY,LOW
7956,산본동백우성,41410,경기,N/A,N/A,0,PRE_PROJECT,NO_OFFICIAL_RECORD,공식 정비사업 기록 없음(선별 후보),,,N/A,624,N/A,N/A,N/A,N/A,N/A,N/A,N/A,N/A,N/A,N/A,NOT_CALCULATED,N/A,N/A,N/A,UNKNOWN,N/A,N/A,N/A,N/A,N/A,N/A,N/A,NOT_CALCULATED,N/A,LOW,STAGE_MAPPED_ONLY,LOW
7942,산본매화1,41410,경기,N/A,N/A,0,PRE_PROJECT,NO_OFFICIAL_RECORD,공식 정비사업 기록 없음(선별 후보),,,N/A,1340,N/A,N/A,N/A,N/A,N/A,N/A,N/A,N/A,N/A,N/A,NOT_CALCULATED,N/A,N/A,N/A,UNKNOWN,N/A,N/A,N/A,N/A,N/A,N/A,N/A,NOT_CALCULATED,N/A,LOW,STAGE_MAPPED_ONLY,LOW
7953,산본매화2단지,41410,경기,N/A,N/A,0,PRE_PROJECT,NO_OFFICIAL_RECORD,공식 정비사업 기록 없음(선별 후보),,,N/A,507,N/A,N/A,N/A,N/A,N/A,N/A,N/A,N/A,N/A,N/A,NOT_CALCULATED,N/A,N/A,N/A,UNKNOWN,N/A,N/A,N/A,N/A,N/A,N/A,N/A,NOT_CALCULATED,N/A,LOW,STAGE_MAPPED_ONLY,LOW
7979,산본무궁화주공1단지,41410,경기,N/A,N/A,0,PRE_PROJECT,NO_OFFICIAL_RECORD,공식 정비사업 기록 없음(선별 후보),,,N/A,1329,N/A,N/A,N/A,N/A,N/A,N/A,N/A,N/A,N/A,N/A,NOT_CALCULATED,N/A,N/A,N/A,UNKNOWN,N/A,N/A,N/A,N/A,N/A,N/A,N/A,NOT_CALCULATED,N/A,LOW,STAGE_MAPPED_ONLY,LOW
7955,산본백합,41410,경기,N/A,N/A,0,PRE_PROJECT,NO_OFFICIAL_RECORD,공식 정비사업 기록 없음(선별 후보),,,N/A,536,N/A,N/A,N/A,N/A,N/A,N/A,N/A,N/A,N/A,N/A,NOT_CALCULATED,N/A,N/A,N/A,UNKNOWN,N/A,N/A,N/A,N/A,N/A,N/A,N/A,NOT_CALCULATED,N/A,LOW,STAGE_MAPPED_ONLY,LOW
7954,산본삼성,41410,경기,N/A,N/A,0,PRE_PROJECT,NO_OFFICIAL_RECORD,공식 정비사업 기록 없음(선별 후보),,,N/A,370,N/A,N/A,N/A,N/A,N/A,N/A,N/A,N/A,N/A,N/A,NOT_CALCULATED,N/A,N/A,N/A,UNKNOWN,N/A,N/A,N/A,N/A,N/A,N/A,N/A,NOT_CALCULATED,N/A,LOW,STAGE_MAPPED_ONLY,LOW
7969,산본삼성미도1차,41410,경기,N/A,N/A,0,PRE_PROJECT,NO_OFFICIAL_RECORD,공식 정비사업 기록 없음(선별 후보),,,N/A,194,N/A,N/A,N/A,N/A,N/A,N/A,N/A,N/A,N/A,N/A,NOT_CALCULATED,N/A,N/A,N/A,UNKNOWN,N/A,N/A,N/A,N/A,N/A,N/A,N/A,NOT_CALCULATED,N/A,LOW,STAGE_MAPPED_ONLY,LOW
7940,산본세종,41410,경기,N/A,N/A,0,PRE_PROJECT,NO_OFFICIAL_RECORD,공식 정비사업 기록 없음(선별 후보),,,N/A,1827,N/A,N/A,N/A,N/A,N/A,N/A,N/A,N/A,N/A,N/A,NOT_CALCULATED,N/A,N/A,N/A,UNKNOWN,N/A,N/A,N/A,N/A,N/A,N/A,N/A,NOT_CALCULATED,N/A,LOW,STAGE_MAPPED_ONLY,LOW
7974,산본소월아파트,41410,경기,N/A,N/A,0,PRE_PROJECT,NO_OFFICIAL_RECORD,공식 정비사업 기록 없음(선별 후보),,,N/A,790,N/A,N/A,N/A,N/A,N/A,N/A,N/A,N/A,N/A,N/A,NOT_CALCULATED,N/A,N/A,N/A,UNKNOWN,N/A,N/A,N/A,N/A,N/A,N/A,N/A,NOT_CALCULATED,N/A,LOW,STAGE_MAPPED_ONLY,LOW
7972,산본신안모란,41410,경기,N/A,N/A,0,PRE_PROJECT,NO_OFFICIAL_RECORD,공식 정비사업 기록 없음(선별 후보),,,N/A,716,N/A,N/A,N/A,N/A,N/A,N/A,N/A,N/A,N/A,N/A,NOT_CALCULATED,N/A,N/A,N/A,UNKNOWN,N/A,N/A,N/A,N/A,N/A,N/A,N/A,NOT_CALCULATED,N/A,LOW,STAGE_MAPPED_ONLY,LOW
7945,산본을지,41410,경기,N/A,N/A,0,PRE_PROJECT,NO_OFFICIAL_RECORD,공식 정비사업 기록 없음(선별 후보),,,N/A,818,N/A,N/A,N/A,N/A,N/A,N/A,N/A,N/A,N/A,N/A,NOT_CALCULATED,N/A,N/A,N/A,UNKNOWN,N/A,N/A,N/A,N/A,N/A,N/A,N/A,NOT_CALCULATED,N/A,LOW,STAGE_MAPPED_ONLY,LOW
7968,산본주공9금강2차,41410,경기,N/A,N/A,0,PRE_PROJECT,NO_OFFICIAL_RECORD,공식 정비사업 기록 없음(선별 후보),,,N/A,340,N/A,N/A,N/A,N/A,N/A,N/A,N/A,N/A,N/A,N/A,NOT_CALCULATED,N/A,N/A,N/A,UNKNOWN,N/A,N/A,N/A,N/A,N/A,N/A,N/A,NOT_CALCULATED,N/A,LOW,STAGE_MAPPED_ONLY,LOW
7975,산본주공충무1,41410,경기,N/A,N/A,0,PRE_PROJECT,NO_OFFICIAL_RECORD,공식 정비사업 기록 없음(선별 후보),,,N/A,2489,N/A,N/A,N/A,N/A,N/A,N/A,N/A,N/A,N/A,N/A,NOT_CALCULATED,N/A,N/A,N/A,UNKNOWN,N/A,N/A,N/A,N/A,N/A,N/A,N/A,NOT_CALCULATED,N/A,LOW,STAGE_MAPPED_ONLY,LOW
7978,산본주공퇴계1차아파트,41410,경기,N/A,N/A,0,PRE_PROJECT,NO_OFFICIAL_RECORD,공식 정비사업 기록 없음(선별 후보),,,N/A,1011,N/A,N/A,N/A,N/A,N/A,N/A,N/A,N/A,N/A,N/A,NOT_CALCULATED,N/A,N/A,N/A,UNKNOWN,N/A,N/A,N/A,N/A,N/A,N/A,N/A,NOT_CALCULATED,N/A,LOW,STAGE_MAPPED_ONLY,LOW
7946,산본주몽1,41410,경기,N/A,N/A,0,PRE_PROJECT,NO_OFFICIAL_RECORD,공식 정비사업 기록 없음(선별 후보),,,N/A,1191,N/A,N/A,N/A,N/A,N/A,N/A,N/A,N/A,N/A,N/A,NOT_CALCULATED,N/A,N/A,N/A,UNKNOWN,N/A,N/A,N/A,N/A,N/A,N/A,N/A,NOT_CALCULATED,N/A,LOW,STAGE_MAPPED_ONLY,LOW
7981,산본충무2차,41410,경기,N/A,N/A,0,PRE_PROJECT,NO_OFFICIAL_RECORD,공식 정비사업 기록 없음(선별 후보),,,N/A,476,N/A,N/A,N/A,N/A,N/A,N/A,N/A,N/A,N/A,N/A,NOT_CALCULATED,N/A,N/A,N/A,UNKNOWN,N/A,N/A,N/A,N/A,N/A,N/A,N/A,NOT_CALCULATED,N/A,LOW,STAGE_MAPPED_ONLY,LOW
9427,산호,41591,경기,N/A,N/A,0,PRE_PROJECT,NO_OFFICIAL_RECORD,공식 정비사업 기록 없음(선별 후보),,,N/A,406,N/A,N/A,N/A,N/A,N/A,N/A,N/A,N/A,N/A,N/A,NOT_CALCULATED,N/A,N/A,N/A,UNKNOWN,N/A,N/A,N/A,N/A,N/A,N/A,N/A,NOT_CALCULATED,N/A,LOW,STAGE_MAPPED_ONLY,LOW
8950,산호1차,41500,경기,N/A,N/A,0,PRE_PROJECT,NO_OFFICIAL_RECORD,공식 정비사업 기록 없음(선별 후보),,,N/A,236,N/A,N/A,N/A,N/A,N/A,N/A,N/A,N/A,N/A,N/A,NOT_CALCULATED,N/A,N/A,N/A,UNKNOWN,N/A,N/A,N/A,N/A,N/A,N/A,N/A,NOT_CALCULATED,N/A,LOW,STAGE_MAPPED_ONLY,LOW
8945,산호2차,41500,경기,N/A,N/A,0,PRE_PROJECT,NO_OFFICIAL_RECORD,공식 정비사업 기록 없음(선별 후보),,,N/A,151,N/A,N/A,N/A,N/A,N/A,N/A,N/A,N/A,N/A,N/A,NOT_CALCULATED,N/A,N/A,N/A,UNKNOWN,N/A,N/A,N/A,N/A,N/A,N/A,N/A,NOT_CALCULATED,N/A,LOW,STAGE_MAPPED_ONLY,LOW
6020,삼덕진주아파트,41196,경기,N/A,N/A,0,PRE_PROJECT,NO_OFFICIAL_RECORD,공식 정비사업 기록 없음(선별 후보),,,N/A,110,N/A,N/A,N/A,N/A,N/A,N/A,N/A,N/A,N/A,N/A,NOT_CALCULATED,N/A,N/A,N/A,UNKNOWN,N/A,N/A,N/A,N/A,N/A,N/A,N/A,NOT_CALCULATED,N/A,LOW,STAGE_MAPPED_ONLY,LOW
5433,삼도세라믹아파트,41150,경기,N/A,N/A,0,PRE_PROJECT,NO_OFFICIAL_RECORD,공식 정비사업 기록 없음(선별 후보),,,273.16966293430505,480,N/A,36.13291666666667,N/A,N/A,N/A,N/A,N/A,N/A,N/A,N/A,NOT_CALCULATED,N/A,N/A,N/A,UNKNOWN,N/A,N/A,N/A,N/A,N/A,N/A,N/A,NOT_CALCULATED,N/A,LOW,STAGE_MAPPED_ONLY,LOW
6037,삼두아파트,41196,경기,N/A,N/A,0,PRE_PROJECT,NO_OFFICIAL_RECORD,공식 정비사업 기록 없음(선별 후보),,,229.12407956918344,165,N/A,27.572727272727274,N/A,N/A,N/A,N/A,N/A,N/A,N/A,N/A,NOT_CALCULATED,N/A,N/A,N/A,UNKNOWN,N/A,N/A,N/A,N/A,N/A,N/A,N/A,NOT_CALCULATED,N/A,LOW,STAGE_MAPPED_ONLY,LOW
5796,삼보아파트,41192,경기,N/A,N/A,0,PRE_PROJECT,NO_OFFICIAL_RECORD,공식 정비사업 기록 없음(선별 후보),,,N/A,190,N/A,N/A,N/A,N/A,N/A,N/A,N/A,N/A,N/A,N/A,NOT_CALCULATED,N/A,N/A,N/A,UNKNOWN,N/A,N/A,N/A,N/A,N/A,N/A,N/A,NOT_CALCULATED,N/A,LOW,STAGE_MAPPED_ONLY,LOW
9059,삼부,41550,경기,N/A,N/A,0,PRE_PROJECT,NO_OFFICIAL_RECORD,공식 정비사업 기록 없음(선별 후보),,,N/A,226,N/A,N/A,N/A,N/A,N/A,N/A,N/A,N/A,N/A,N/A,NOT_CALCULATED,N/A,N/A,N/A,UNKNOWN,N/A,N/A,N/A,N/A,N/A,N/A,N/A,NOT_CALCULATED,N/A,LOW,STAGE_MAPPED_ONLY,LOW
8543,삼성1차,41465,경기,N/A,N/A,0,PRE_PROJECT,NO_OFFICIAL_RECORD,공식 정비사업 기록 없음(선별 후보),,,N/A,576,N/A,N/A,N/A,N/A,N/A,N/A,N/A,N/A,N/A,N/A,NOT_CALCULATED,N/A,N/A,N/A,UNKNOWN,N/A,N/A,N/A,N/A,N/A,N/A,N/A,NOT_CALCULATED,N/A,LOW,STAGE_MAPPED_ONLY,LOW
6547,삼성중앙빌라,41273,경기,N/A,N/A,0,PRE_PROJECT,NO_OFFICIAL_RECORD,공식 정비사업 기록 없음(선별 후보),,,N/A,246,N/A,N/A,N/A,N/A,N/A,N/A,N/A,N/A,N/A,N/A,NOT_CALCULATED,N/A,N/A,N/A,UNKNOWN,N/A,N/A,N/A,N/A,N/A,N/A,N/A,NOT_CALCULATED,N/A,LOW,STAGE_MAPPED_ONLY,LOW
7462,삼신,41360,경기,N/A,N/A,0,PRE_PROJECT,NO_OFFICIAL_RECORD,공식 정비사업 기록 없음(선별 후보),,,N/A,345,N/A,N/A,N/A,N/A,N/A,N/A,N/A,N/A,N/A,N/A,NOT_CALCULATED,N/A,N/A,N/A,UNKNOWN,N/A,N/A,N/A,N/A,N/A,N/A,N/A,NOT_CALCULATED,N/A,LOW,STAGE_MAPPED_ONLY,LOW
8002,삼신8차 아파트,41430,경기,N/A,N/A,0,PRE_PROJECT,NO_OFFICIAL_RECORD,공식 정비사업 기록 없음(선별 후보),,,N/A,270,N/A,N/A,N/A,N/A,N/A,N/A,N/A,N/A,N/A,N/A,NOT_CALCULATED,N/A,N/A,N/A,UNKNOWN,N/A,N/A,N/A,N/A,N/A,N/A,N/A,NOT_CALCULATED,N/A,LOW,STAGE_MAPPED_ONLY,LOW
6191,삼익1차아파트,41220,경기,N/A,N/A,0,PRE_PROJECT,NO_OFFICIAL_RECORD,공식 정비사업 기록 없음(선별 후보),,,N/A,270,N/A,N/A,N/A,N/A,N/A,N/A,N/A,N/A,N/A,N/A,NOT_CALCULATED,N/A,N/A,N/A,UNKNOWN,N/A,N/A,N/A,N/A,N/A,N/A,N/A,NOT_CALCULATED,N/A,LOW,STAGE_MAPPED_ONLY,LOW
9010,삼진동산,41500,경기,N/A,N/A,0,PRE_PROJECT,NO_OFFICIAL_RECORD,공식 정비사업 기록 없음(선별 후보),,,N/A,172,N/A,N/A,N/A,N/A,N/A,N/A,N/A,N/A,N/A,N/A,NOT_CALCULATED,N/A,N/A,N/A,UNKNOWN,N/A,N/A,N/A,N/A,N/A,N/A,N/A,NOT_CALCULATED,N/A,LOW,STAGE_MAPPED_ONLY,LOW
4726,삼천리권선2차,41113,경기,N/A,N/A,0,PRE_PROJECT,NO_OFFICIAL_RECORD,공식 정비사업 기록 없음(선별 후보),,,266.4565416749232,546,N/A,39.74377289377289,N/A,N/A,N/A,N/A,N/A,N/A,N/A,N/A,NOT_CALCULATED,N/A,N/A,N/A,UNKNOWN,N/A,N/A,N/A,N/A,N/A,N/A,N/A,NOT_CALCULATED,N/A,LOW,STAGE_MAPPED_ONLY,LOW
10084,삼한아파트,41670,경기,N/A,N/A,0,PRE_PROJECT,NO_OFFICIAL_RECORD,공식 정비사업 기록 없음(선별 후보),,,N/A,156,N/A,N/A,N/A,N/A,N/A,N/A,N/A,N/A,N/A,N/A,NOT_CALCULATED,N/A,N/A,N/A,UNKNOWN,N/A,N/A,N/A,N/A,N/A,N/A,N/A,NOT_CALCULATED,N/A,LOW,STAGE_MAPPED_ONLY,LOW
5594,삼호수정,41171,경기,N/A,N/A,0,PRE_PROJECT,NO_OFFICIAL_RECORD,공식 정비사업 기록 없음(선별 후보),,,363.88088016874474,250,N/A,32.0484,N/A,N/A,N/A,N/A,N/A,N/A,N/A,N/A,NOT_CALCULATED,N/A,N/A,N/A,UNKNOWN,N/A,N/A,N/A,N/A,N/A,N/A,N/A,NOT_CALCULATED,N/A,LOW,STAGE_MAPPED_ONLY,LOW
5746,삼호우주,41173,경기,N/A,N/A,0,PRE_PROJECT,NO_OFFICIAL_RECORD,공식 정비사업 기록 없음(선별 후보),,,364.29032952832216,148,N/A,31.37162162162162,N/A,N/A,N/A,N/A,N/A,N/A,N/A,N/A,NOT_CALCULATED,N/A,N/A,N/A,UNKNOWN,N/A,N/A,N/A,N/A,N/A,N/A,N/A,NOT_CALCULATED,N/A,LOW,STAGE_MAPPED_ONLY,LOW
8008,삼호한아름1차,41430,경기,N/A,N/A,0,PRE_PROJECT,NO_OFFICIAL_RECORD,공식 정비사업 기록 없음(선별 후보),,,N/A,211,N/A,N/A,N/A,N/A,N/A,N/A,N/A,N/A,N/A,N/A,NOT_CALCULATED,N/A,N/A,N/A,UNKNOWN,N/A,N/A,N/A,N/A,N/A,N/A,N/A,NOT_CALCULATED,N/A,LOW,STAGE_MAPPED_ONLY,LOW
8009,삼호한아름2차,41430,경기,N/A,N/A,0,PRE_PROJECT,NO_OFFICIAL_RECORD,공식 정비사업 기록 없음(선별 후보),,,N/A,267,N/A,N/A,N/A,N/A,N/A,N/A,N/A,N/A,N/A,N/A,NOT_CALCULATED,N/A,N/A,N/A,UNKNOWN,N/A,N/A,N/A,N/A,N/A,N/A,N/A,NOT_CALCULATED,N/A,LOW,STAGE_MAPPED_ONLY,LOW
5066,상대원산호,41133,경기,N/A,N/A,0,PRE_PROJECT,NO_OFFICIAL_RECORD,공식 정비사업 기록 없음(선별 후보),,,N/A,158,N/A,N/A,N/A,N/A,N/A,N/A,N/A,N/A,N/A,N/A,NOT_CALCULATED,N/A,N/A,N/A,UNKNOWN,N/A,N/A,N/A,N/A,N/A,N/A,N/A,NOT_CALCULATED,N/A,LOW,STAGE_MAPPED_ONLY,LOW
5063,상대원선경2차,41133,경기,N/A,N/A,0,PRE_PROJECT,NO_OFFICIAL_RECORD,공식 정비사업 기록 없음(선별 후보),,,172.10920378750006,2510,N/A,33.39565737051793,N/A,N/A,N/A,N/A,N/A,N/A,N/A,N/A,NOT_CALCULATED,N/A,N/A,N/A,UNKNOWN,N/A,N/A,N/A,N/A,N/A,N/A,N/A,NOT_CALCULATED,N/A,LOW,STAGE_MAPPED_ONLY,LOW
5067,상대원일성,41133,경기,N/A,N/A,0,PRE_PROJECT,NO_OFFICIAL_RECORD,공식 정비사업 기록 없음(선별 후보),,,322.3602442671984,270,N/A,29.71851851851852,N/A,N/A,N/A,N/A,N/A,N/A,N/A,N/A,NOT_CALCULATED,N/A,N/A,N/A,UNKNOWN,N/A,N/A,N/A,N/A,N/A,N/A,N/A,NOT_CALCULATED,N/A,LOW,STAGE_MAPPED_ONLY,LOW
5890,상동꿈동산신안,41192,경기,N/A,N/A,0,PRE_PROJECT,NO_OFFICIAL_RECORD,공식 정비사업 기록 없음(선별 후보),,,285.9208307076399,668,N/A,64.61556886227544,N/A,N/A,N/A,N/A,N/A,N/A,N/A,N/A,NOT_CALCULATED,N/A,N/A,N/A,UNKNOWN,N/A,N/A,N/A,N/A,N/A,N/A,N/A,NOT_CALCULATED,N/A,LOW,STAGE_MAPPED_ONLY,LOW
5907,상동반달마을건영,41192,경기,N/A,N/A,0,PRE_PROJECT,NO_OFFICIAL_RECORD,공식 정비사업 기록 없음(선별 후보),,,75.93122777101925,912,N/A,96.71195175438596,N/A,N/A,N/A,N/A,N/A,N/A,N/A,N/A,NOT_CALCULATED,N/A,N/A,N/A,UNKNOWN,N/A,N/A,N/A,N/A,N/A,N/A,N/A,NOT_CALCULATED,N/A,LOW,STAGE_MAPPED_ONLY,LOW
5893,상동사랑마을벽산삼익선경,41192,경기,N/A,N/A,0,PRE_PROJECT,NO_OFFICIAL_RECORD,공식 정비사업 기록 없음(선별 후보),,,280.8435830145129,938,N/A,64.06321961620469,N/A,N/A,N/A,N/A,N/A,N/A,N/A,N/A,NOT_CALCULATED,N/A,N/A,N/A,UNKNOWN,N/A,N/A,N/A,N/A,N/A,N/A,N/A,NOT_CALCULATED,N/A,LOW,STAGE_MAPPED_ONLY,LOW
5880,상동사랑마을청구,41192,경기,N/A,N/A,0,PRE_PROJECT,NO_OFFICIAL_RECORD,공식 정비사업 기록 없음(선별 후보),,,285.08806220879245,440,N/A,64.53340909090909,N/A,N/A,N/A,N/A,N/A,N/A,N/A,N/A,NOT_CALCULATED,N/A,N/A,N/A,UNKNOWN,N/A,N/A,N/A,N/A,N/A,N/A,N/A,NOT_CALCULATED,N/A,LOW,STAGE_MAPPED_ONLY,LOW
5906,상동한아름2차,41192,경기,N/A,N/A,0,PRE_PROJECT,NO_OFFICIAL_RECORD,공식 정비사업 기록 없음(선별 후보),,,208.82057151026112,1428,N/A,44.08683473389356,N/A,N/A,N/A,N/A,N/A,N/A,N/A,N/A,NOT_CALCULATED,N/A,N/A,N/A,UNKNOWN,N/A,N/A,N/A,N/A,N/A,N/A,N/A,NOT_CALCULATED,N/A,LOW,STAGE_MAPPED_ONLY,LOW
5902,상동한아름동원,41192,경기,N/A,N/A,0,PRE_PROJECT,NO_OFFICIAL_RECORD,공식 정비사업 기록 없음(선별 후보),,,261.4271826225648,296,N/A,44.48141891891892,N/A,N/A,N/A,N/A,N/A,N/A,N/A,N/A,NOT_CALCULATED,N/A,N/A,N/A,UNKNOWN,N/A,N/A,N/A,N/A,N/A,N/A,N/A,NOT_CALCULATED,N/A,LOW,STAGE_MAPPED_ONLY,LOW
5903,상동한아름한국,41192,경기,N/A,N/A,0,PRE_PROJECT,NO_OFFICIAL_RECORD,공식 정비사업 기록 없음(선별 후보),,,264.0989813941109,500,N/A,33.064800000000005,N/A,N/A,N/A,N/A,N/A,N/A,N/A,N/A,NOT_CALCULATED,N/A,N/A,N/A,UNKNOWN,N/A,N/A,N/A,N/A,N/A,N/A,N/A,NOT_CALCULATED,N/A,LOW,STAGE_MAPPED_ONLY,LOW
6505,상록수요진,41271,경기,N/A,N/A,0,PRE_PROJECT,NO_OFFICIAL_RECORD,공식 정비사업 기록 없음(선별 후보),,,203.11689344785594,598,N/A,81.98444816053511,N/A,N/A,N/A,N/A,N/A,N/A,N/A,N/A,NOT_CALCULATED,N/A,N/A,N/A,UNKNOWN,N/A,N/A,N/A,N/A,N/A,N/A,N/A,NOT_CALCULATED,N/A,LOW,STAGE_MAPPED_ONLY,LOW
6506,상록수타운 월드아파트,41271,경기,N/A,N/A,0,PRE_PROJECT,NO_OFFICIAL_RECORD,공식 정비사업 기록 없음(선별 후보),,,200.52376019910346,626,N/A,90.37316293929712,N/A,N/A,N/A,N/A,N/A,N/A,N/A,N/A,NOT_CALCULATED,N/A,N/A,N/A,UNKNOWN,N/A,N/A,N/A,N/A,N/A,N/A,N/A,NOT_CALCULATED,N/A,LOW,STAGE_MAPPED_ONLY,LOW
6517,상록수한양,41271,경기,N/A,N/A,0,PRE_PROJECT,NO_OFFICIAL_RECORD,공식 정비사업 기록 없음(선별 후보),,,195.59970622497232,2222,N/A,42.38105310531053,N/A,N/A,N/A,N/A,N/A,N/A,N/A,N/A,NOT_CALCULATED,N/A,N/A,N/A,UNKNOWN,N/A,N/A,N/A,N/A,N/A,N/A,N/A,NOT_CALCULATED,N/A,LOW,STAGE_MAPPED_ONLY,LOW
6501,상록수현대1차,41271,경기,N/A,N/A,0,PRE_PROJECT,NO_OFFICIAL_RECORD,공식 정비사업 기록 없음(선별 후보),,,188.5105853639334,478,N/A,79.71652719665272,N/A,N/A,N/A,N/A,N/A,N/A,N/A,N/A,NOT_CALCULATED,N/A,N/A,N/A,UNKNOWN,N/A,N/A,N/A,N/A,N/A,N/A,N/A,NOT_CALCULATED,N/A,LOW,STAGE_MAPPED_ONLY,LOW
6503,상록수현대2차아파트,41271,경기,N/A,N/A,0,PRE_PROJECT,NO_OFFICIAL_RECORD,공식 정비사업 기록 없음(선별 후보),,,187.03998377032937,520,N/A,73.93865384615384,N/A,N/A,N/A,N/A,N/A,N/A,N/A,N/A,NOT_CALCULATED,N/A,N/A,N/A,UNKNOWN,N/A,N/A,N/A,N/A,N/A,N/A,N/A,NOT_CALCULATED,N/A,LOW,STAGE_MAPPED_ONLY,LOW
6497,상록타운선경,41271,경기,N/A,N/A,0,PRE_PROJECT,NO_OFFICIAL_RECORD,공식 정비사업 기록 없음(선별 후보),,,203.71030257715174,550,N/A,75.38272727272727,N/A,N/A,N/A,N/A,N/A,N/A,N/A,N/A,NOT_CALCULATED,N/A,N/A,N/A,UNKNOWN,N/A,N/A,N/A,N/A,N/A,N/A,N/A,NOT_CALCULATED,N/A,LOW,STAGE_MAPPED_ONLY,LOW
6522,상림 우성,41271,경기,N/A,N/A,0,PRE_PROJECT,NO_OFFICIAL_RECORD,공식 정비사업 기록 없음(선별 후보),,,187.7394240547568,1080,N/A,45.615833333333335,N/A,N/A,N/A,N/A,N/A,N/A,N/A,N/A,NOT_CALCULATED,N/A,N/A,N/A,UNKNOWN,N/A,N/A,N/A,N/A,N/A,N/A,N/A,NOT_CALCULATED,N/A,LOW,STAGE_MAPPED_ONLY,LOW
7676,상아그린아파트,41390,경기,N/A,N/A,0,PRE_PROJECT,NO_OFFICIAL_RECORD,공식 정비사업 기록 없음(선별 후보),,,N/A,170,N/A,N/A,N/A,N/A,N/A,N/A,N/A,N/A,N/A,N/A,NOT_CALCULATED,N/A,N/A,N/A,UNKNOWN,N/A,N/A,N/A,N/A,N/A,N/A,N/A,NOT_CALCULATED,N/A,LOW,STAGE_MAPPED_ONLY,LOW
10087,상우1차,41670,경기,N/A,N/A,0,PRE_PROJECT,NO_OFFICIAL_RECORD,공식 정비사업 기록 없음(선별 후보),,,N/A,336,N/A,N/A,N/A,N/A,N/A,N/A,N/A,N/A,N/A,N/A,NOT_CALCULATED,N/A,N/A,N/A,UNKNOWN,N/A,N/A,N/A,N/A,N/A,N/A,N/A,NOT_CALCULATED,N/A,LOW,STAGE_MAPPED_ONLY,LOW
6551,상우연립,41273,경기,N/A,N/A,0,PRE_PROJECT,NO_OFFICIAL_RECORD,공식 정비사업 기록 없음(선별 후보),,,112.17129117209265,126,N/A,62.38333333333333,N/A,N/A,N/A,N/A,N/A,N/A,N/A,N/A,NOT_CALCULATED,N/A,N/A,N/A,UNKNOWN,N/A,N/A,N/A,N/A,N/A,N/A,N/A,NOT_CALCULATED,N/A,LOW,STAGE_MAPPED_ONLY,LOW
5750,샘마을쌍용,41173,경기,N/A,N/A,0,PRE_PROJECT,NO_OFFICIAL_RECORD,공식 정비사업 기록 없음(선별 후보),,,241.83145739425805,384,N/A,68.69244791666667,N/A,N/A,N/A,N/A,N/A,N/A,N/A,N/A,NOT_CALCULATED,N/A,N/A,N/A,UNKNOWN,N/A,N/A,N/A,N/A,N/A,N/A,N/A,NOT_CALCULATED,N/A,LOW,STAGE_MAPPED_ONLY,LOW
5751,샘마을우방,41173,경기,N/A,N/A,0,PRE_PROJECT,NO_OFFICIAL_RECORD,공식 정비사업 기록 없음(선별 후보),,,260.6850799982656,488,N/A,66.16434426229509,N/A,N/A,N/A,N/A,N/A,N/A,N/A,N/A,NOT_CALCULATED,N/A,N/A,N/A,UNKNOWN,N/A,N/A,N/A,N/A,N/A,N/A,N/A,NOT_CALCULATED,N/A,LOW,STAGE_MAPPED_ONLY,LOW
5752,샘마을임광,41173,경기,N/A,N/A,0,PRE_PROJECT,NO_OFFICIAL_RECORD,공식 정비사업 기록 없음(선별 후보),,,262.90663110920934,390,N/A,67.11179487179487,N/A,N/A,N/A,N/A,N/A,N/A,N/A,N/A,NOT_CALCULATED,N/A,N/A,N/A,UNKNOWN,N/A,N/A,N/A,N/A,N/A,N/A,N/A,NOT_CALCULATED,N/A,LOW,STAGE_MAPPED_ONLY,LOW
5670,샛별한양4-1차,41173,경기,N/A,N/A,0,PRE_PROJECT,NO_OFFICIAL_RECORD,공식 정비사업 기록 없음(선별 후보),,,166.73685264616051,1262,N/A,28.486687797147383,N/A,N/A,N/A,N/A,N/A,N/A,N/A,N/A,NOT_CALCULATED,N/A,N/A,N/A,UNKNOWN,N/A,N/A,N/A,N/A,N/A,N/A,N/A,NOT_CALCULATED,N/A,LOW,STAGE_MAPPED_ONLY,LOW
5671,"샛별한양4-2,3차",41173,경기,N/A,N/A,0,PRE_PROJECT,NO_OFFICIAL_RECORD,공식 정비사업 기록 없음(선별 후보),,,329.90343073488646,1482,N/A,20.281848852901486,N/A,N/A,N/A,N/A,N/A,N/A,N/A,N/A,NOT_CALCULATED,N/A,N/A,N/A,UNKNOWN,N/A,N/A,N/A,N/A,N/A,N/A,N/A,NOT_CALCULATED,N/A,LOW,STAGE_MAPPED_ONLY,LOW
6484,생연주공,41250,경기,N/A,N/A,0,PRE_PROJECT,NO_OFFICIAL_RECORD,공식 정비사업 기록 없음(선별 후보),,,241.79247832097528,504,N/A,31.575396825396826,N/A,N/A,N/A,N/A,N/A,N/A,N/A,N/A,NOT_CALCULATED,N/A,N/A,N/A,UNKNOWN,N/A,N/A,N/A,N/A,N/A,N/A,N/A,NOT_CALCULATED,N/A,LOW,STAGE_MAPPED_ONLY,LOW
7654,서강1차아파트,41390,경기,N/A,N/A,0,PRE_PROJECT,NO_OFFICIAL_RECORD,공식 정비사업 기록 없음(선별 후보),,,N/A,176,N/A,N/A,N/A,N/A,N/A,N/A,N/A,N/A,N/A,N/A,NOT_CALCULATED,N/A,N/A,N/A,UNKNOWN,N/A,N/A,N/A,N/A,N/A,N/A,N/A,NOT_CALCULATED,N/A,LOW,STAGE_MAPPED_ONLY,LOW
9057,서광맨션아파트,41550,경기,N/A,N/A,0,PRE_PROJECT,NO_OFFICIAL_RECORD,공식 정비사업 기록 없음(선별 후보),,,N/A,146,N/A,N/A,N/A,N/A,N/A,N/A,N/A,N/A,N/A,N/A,NOT_CALCULATED,N/A,N/A,N/A,UNKNOWN,N/A,N/A,N/A,N/A,N/A,N/A,N/A,NOT_CALCULATED,N/A,LOW,STAGE_MAPPED_ONLY,LOW
6429,서원2차아파트,41220,경기,N/A,N/A,0,PRE_PROJECT,NO_OFFICIAL_RECORD,공식 정비사업 기록 없음(선별 후보),,,161.38988074359872,274,N/A,41.62043795620438,N/A,N/A,N/A,N/A,N/A,N/A,N/A,N/A,NOT_CALCULATED,N/A,N/A,N/A,UNKNOWN,N/A,N/A,N/A,N/A,N/A,N/A,N/A,NOT_CALCULATED,N/A,LOW,STAGE_MAPPED_ONLY,LOW
6147,서정금호타운아파트,41220,경기,N/A,N/A,0,PRE_PROJECT,NO_OFFICIAL_RECORD,공식 정비사업 기록 없음(선별 후보),,,294.4235501126126,648,N/A,32.888888888888886,N/A,N/A,N/A,N/A,N/A,N/A,N/A,N/A,NOT_CALCULATED,N/A,N/A,N/A,UNKNOWN,N/A,N/A,N/A,N/A,N/A,N/A,N/A,NOT_CALCULATED,N/A,LOW,STAGE_MAPPED_ONLY,LOW
5155,서현미래타운,41135,경기,N/A,N/A,0,PRE_PROJECT,NO_OFFICIAL_RECORD,공식 정비사업 기록 없음(선별 후보),,,437.55305355260583,160,N/A,67.001875,N/A,N/A,N/A,N/A,N/A,N/A,N/A,N/A,NOT_CALCULATED,N/A,N/A,N/A,UNKNOWN,N/A,N/A,N/A,N/A,N/A,N/A,N/A,NOT_CALCULATED,N/A,LOW,STAGE_MAPPED_ONLY,LOW
5152,서현시범우성,41135,경기,N/A,N/A,0,PRE_PROJECT,NO_OFFICIAL_RECORD,공식 정비사업 기록 없음(선별 후보),,,194.62844660176185,1874,N/A,57.59466382070437,N/A,N/A,N/A,N/A,N/A,N/A,N/A,N/A,NOT_CALCULATED,N/A,N/A,N/A,UNKNOWN,N/A,N/A,N/A,N/A,N/A,N/A,N/A,NOT_CALCULATED,N/A,LOW,STAGE_MAPPED_ONLY,LOW
5153,서현시범한양,41135,경기,N/A,N/A,0,PRE_PROJECT,NO_OFFICIAL_RECORD,공식 정비사업 기록 없음(선별 후보),,,207.64000345179358,2419,N/A,51.018644067796615,N/A,N/A,N/A,N/A,N/A,N/A,N/A,N/A,NOT_CALCULATED,N/A,N/A,N/A,UNKNOWN,N/A,N/A,N/A,N/A,N/A,N/A,N/A,NOT_CALCULATED,N/A,LOW,STAGE_MAPPED_ONLY,LOW
5145,서현효자촌그린타운,41135,경기,N/A,N/A,0,PRE_PROJECT,NO_OFFICIAL_RECORD,공식 정비사업 기록 없음(선별 후보),,,252.89499619821078,1774,N/A,31.359470124013527,N/A,N/A,N/A,N/A,N/A,N/A,N/A,N/A,NOT_CALCULATED,N/A,N/A,N/A,UNKNOWN,N/A,N/A,N/A,N/A,N/A,N/A,N/A,NOT_CALCULATED,N/A,LOW,STAGE_MAPPED_ONLY,LOW
5146,서현효자촌동아,41135,경기,N/A,N/A,0,PRE_PROJECT,NO_OFFICIAL_RECORD,공식 정비사업 기록 없음(선별 후보),,,268.4176385708045,648,N/A,58.286265432098766,N/A,N/A,N/A,N/A,N/A,N/A,N/A,N/A,NOT_CALCULATED,N/A,N/A,N/A,UNKNOWN,N/A,N/A,N/A,N/A,N/A,N/A,N/A,NOT_CALCULATED,N/A,LOW,STAGE_MAPPED_ONLY,LOW
5147,서현효자촌삼환,41135,경기,N/A,N/A,0,PRE_PROJECT,NO_OFFICIAL_RECORD,공식 정비사업 기록 없음(선별 후보),,,259.60192392360796,632,N/A,57.14193037974683,N/A,N/A,N/A,N/A,N/A,N/A,N/A,N/A,NOT_CALCULATED,N/A,N/A,N/A,UNKNOWN,N/A,N/A,N/A,N/A,N/A,N/A,N/A,NOT_CALCULATED,N/A,LOW,STAGE_MAPPED_ONLY,LOW
5148,서현효자촌임광,41135,경기,N/A,N/A,0,PRE_PROJECT,NO_OFFICIAL_RECORD,공식 정비사업 기록 없음(선별 후보),,,247.0681186732943,732,N/A,64.80573770491803,N/A,N/A,N/A,N/A,N/A,N/A,N/A,N/A,NOT_CALCULATED,N/A,N/A,N/A,UNKNOWN,N/A,N/A,N/A,N/A,N/A,N/A,N/A,NOT_CALCULATED,N/A,LOW,STAGE_MAPPED_ONLY,LOW
8029,선경무궁화,41430,경기,N/A,N/A,0,PRE_PROJECT,NO_OFFICIAL_RECORD,공식 정비사업 기록 없음(선별 후보),,,N/A,370,N/A,N/A,N/A,N/A,N/A,N/A,N/A,N/A,N/A,N/A,NOT_CALCULATED,N/A,N/A,N/A,UNKNOWN,N/A,N/A,N/A,N/A,N/A,N/A,N/A,NOT_CALCULATED,N/A,LOW,STAGE_MAPPED_ONLY,LOW
5848,설악마을주공아파트,41192,경기,N/A,N/A,0,PRE_PROJECT,NO_OFFICIAL_RECORD,공식 정비사업 기록 없음(선별 후보),,,183.5750679711417,1590,N/A,29.377987421383647,N/A,N/A,N/A,N/A,N/A,N/A,N/A,N/A,NOT_CALCULATED,N/A,N/A,N/A,UNKNOWN,N/A,N/A,N/A,N/A,N/A,N/A,N/A,NOT_CALCULATED,N/A,LOW,STAGE_MAPPED_ONLY,LOW
7961,설악아파트,41410,경기,N/A,N/A,0,PRE_PROJECT,NO_OFFICIAL_RECORD,공식 정비사업 기록 없음(선별 후보),,,N/A,1471,N/A,N/A,N/A,N/A,N/A,N/A,N/A,N/A,N/A,N/A,NOT_CALCULATED,N/A,N/A,N/A,UNKNOWN,N/A,N/A,N/A,N/A,N/A,N/A,N/A,NOT_CALCULATED,N/A,LOW,STAGE_MAPPED_ONLY,LOW
5052,성남 중원구 금광동현대아파트,41133,경기,N/A,N/A,0,PRE_PROJECT,NO_OFFICIAL_RECORD,공식 정비사업 기록 없음(선별 후보),,,N/A,124,N/A,N/A,N/A,N/A,N/A,N/A,N/A,N/A,N/A,N/A,NOT_CALCULATED,N/A,N/A,N/A,UNKNOWN,N/A,N/A,N/A,N/A,N/A,N/A,N/A,NOT_CALCULATED,N/A,LOW,STAGE_MAPPED_ONLY,LOW
4987,성남두산,41131,경기,N/A,N/A,0,PRE_PROJECT,NO_OFFICIAL_RECORD,공식 정비사업 기록 없음(선별 후보),,,279.43667843148154,570,N/A,37.87684210526316,N/A,N/A,N/A,N/A,N/A,N/A,N/A,N/A,NOT_CALCULATED,N/A,N/A,N/A,UNKNOWN,N/A,N/A,N/A,N/A,N/A,N/A,N/A,NOT_CALCULATED,N/A,LOW,STAGE_MAPPED_ONLY,LOW
4986,성남한신,41131,경기,N/A,N/A,0,PRE_PROJECT,NO_OFFICIAL_RECORD,공식 정비사업 기록 없음(선별 후보),,,248.1458107999392,585,N/A,38.24649572649573,N/A,N/A,N/A,N/A,N/A,N/A,N/A,N/A,NOT_CALCULATED,N/A,N/A,N/A,UNKNOWN,N/A,N/A,N/A,N/A,N/A,N/A,N/A,NOT_CALCULATED,N/A,LOW,STAGE_MAPPED_ONLY,LOW
5044,성남현대,41133,경기,N/A,N/A,0,PRE_PROJECT,NO_OFFICIAL_RECORD,공식 정비사업 기록 없음(선별 후보),,,N/A,375,N/A,N/A,N/A,N/A,N/A,N/A,N/A,N/A,N/A,N/A,NOT_CALCULATED,N/A,N/A,N/A,UNKNOWN,N/A,N/A,N/A,N/A,N/A,N/A,N/A,NOT_CALCULATED,N/A,LOW,STAGE_MAPPED_ONLY,LOW
6677,성사신원당5단지대명,41281,경기,N/A,N/A,0,PRE_PROJECT,NO_OFFICIAL_RECORD,공식 정비사업 기록 없음(선별 후보),,,236.70515193091055,512,N/A,36.727734375,N/A,N/A,N/A,N/A,N/A,N/A,N/A,N/A,NOT_CALCULATED,N/A,N/A,N/A,UNKNOWN,N/A,N/A,N/A,N/A,N/A,N/A,N/A,NOT_CALCULATED,N/A,LOW,STAGE_MAPPED_ONLY,LOW
6678,성사신원당6단지태영,41281,경기,N/A,N/A,0,PRE_PROJECT,NO_OFFICIAL_RECORD,공식 정비사업 기록 없음(선별 후보),,,273.87347216649164,604,N/A,36.72201986754967,N/A,N/A,N/A,N/A,N/A,N/A,N/A,N/A,NOT_CALCULATED,N/A,N/A,N/A,UNKNOWN,N/A,N/A,N/A,N/A,N/A,N/A,N/A,NOT_CALCULATED,N/A,LOW,STAGE_MAPPED_ONLY,LOW
6676,성사신원당9단지태영,41281,경기,N/A,N/A,0,PRE_PROJECT,NO_OFFICIAL_RECORD,공식 정비사업 기록 없음(선별 후보),,,245.02571164913815,500,N/A,28.3918,N/A,N/A,N/A,N/A,N/A,N/A,N/A,N/A,NOT_CALCULATED,N/A,N/A,N/A,UNKNOWN,N/A,N/A,N/A,N/A,N/A,N/A,N/A,NOT_CALCULATED,N/A,LOW,STAGE_MAPPED_ONLY,LOW
6671,성사어울림마을1단지동문,41281,경기,N/A,N/A,0,PRE_PROJECT,NO_OFFICIAL_RECORD,공식 정비사업 기록 없음(선별 후보),,,259.4617232790354,354,N/A,38.44661016949153,N/A,N/A,N/A,N/A,N/A,N/A,N/A,N/A,NOT_CALCULATED,N/A,N/A,N/A,UNKNOWN,N/A,N/A,N/A,N/A,N/A,N/A,N/A,NOT_CALCULATED,N/A,LOW,STAGE_MAPPED_ONLY,LOW
5952,성우아파트,41194,경기,N/A,N/A,0,PRE_PROJECT,NO_OFFICIAL_RECORD,공식 정비사업 기록 없음(선별 후보),,,N/A,144,N/A,N/A,N/A,N/A,N/A,N/A,N/A,N/A,N/A,N/A,NOT_CALCULATED,N/A,N/A,N/A,UNKNOWN,N/A,N/A,N/A,N/A,N/A,N/A,N/A,NOT_CALCULATED,N/A,LOW,STAGE_MAPPED_ONLY,LOW
6125,성원,41210,경기,N/A,N/A,0,PRE_PROJECT,NO_OFFICIAL_RECORD,공식 정비사업 기록 없음(선별 후보),,,N/A,193,N/A,N/A,N/A,N/A,N/A,N/A,N/A,N/A,N/A,N/A,NOT_CALCULATED,N/A,N/A,N/A,UNKNOWN,N/A,N/A,N/A,N/A,N/A,N/A,N/A,NOT_CALCULATED,N/A,LOW,STAGE_MAPPED_ONLY,LOW
5585,성원1차아파트,41171,경기,N/A,N/A,0,PRE_PROJECT,NO_OFFICIAL_RECORD,공식 정비사업 기록 없음(선별 후보),,,453.1850805820685,934,N/A,27.370449678800856,N/A,N/A,N/A,N/A,N/A,N/A,N/A,N/A,NOT_CALCULATED,N/A,N/A,N/A,UNKNOWN,N/A,N/A,N/A,N/A,N/A,N/A,N/A,NOT_CALCULATED,N/A,LOW,STAGE_MAPPED_ONLY,LOW
5797,성원아파트,41192,경기,N/A,N/A,0,PRE_PROJECT,NO_OFFICIAL_RECORD,공식 정비사업 기록 없음(선별 후보),,,117.7971249240737,200,N/A,49.39,N/A,N/A,N/A,N/A,N/A,N/A,N/A,N/A,NOT_CALCULATED,N/A,N/A,N/A,UNKNOWN,N/A,N/A,N/A,N/A,N/A,N/A,N/A,NOT_CALCULATED,N/A,LOW,STAGE_MAPPED_ONLY,LOW
5086,성원초원아파트,41133,경기,N/A,N/A,0,PRE_PROJECT,NO_OFFICIAL_RECORD,공식 정비사업 기록 없음(선별 후보),,,234.47396561651726,281,N/A,43.263345195729535,N/A,N/A,N/A,N/A,N/A,N/A,N/A,N/A,NOT_CALCULATED,N/A,N/A,N/A,UNKNOWN,N/A,N/A,N/A,N/A,N/A,N/A,N/A,NOT_CALCULATED,N/A,LOW,STAGE_MAPPED_ONLY,LOW
7056,성저건영13단지,41287,경기,N/A,N/A,0,PRE_PROJECT,NO_OFFICIAL_RECORD,공식 정비사업 기록 없음(선별 후보),,,156.0424554652101,144,N/A,89.50555555555555,N/A,N/A,N/A,N/A,N/A,N/A,N/A,N/A,NOT_CALCULATED,N/A,N/A,N/A,UNKNOWN,N/A,N/A,N/A,N/A,N/A,N/A,N/A,NOT_CALCULATED,N/A,LOW,STAGE_MAPPED_ONLY,LOW
7055,성저마을 10단지,41287,경기,N/A,N/A,0,PRE_PROJECT,NO_OFFICIAL_RECORD,공식 정비사업 기록 없음(선별 후보),,,155.48201207817812,120,N/A,93.41916666666665,N/A,N/A,N/A,N/A,N/A,N/A,N/A,N/A,NOT_CALCULATED,N/A,N/A,N/A,UNKNOWN,N/A,N/A,N/A,N/A,N/A,N/A,N/A,NOT_CALCULATED,N/A,LOW,STAGE_MAPPED_ONLY,LOW
7057,성저마을 15단지,41287,경기,N/A,N/A,0,PRE_PROJECT,NO_OFFICIAL_RECORD,공식 정비사업 기록 없음(선별 후보),,,131.62460067793305,96,N/A,170.86249999999998,N/A,N/A,N/A,N/A,N/A,N/A,N/A,N/A,NOT_CALCULATED,N/A,N/A,N/A,UNKNOWN,N/A,N/A,N/A,N/A,N/A,N/A,N/A,NOT_CALCULATED,N/A,LOW,STAGE_MAPPED_ONLY,LOW
7075,성저마을3단지풍림아파트,41287,경기,N/A,N/A,0,PRE_PROJECT,NO_OFFICIAL_RECORD,공식 정비사업 기록 없음(선별 후보),,,194.53041892699608,534,N/A,49.502247191011236,N/A,N/A,N/A,N/A,N/A,N/A,N/A,N/A,NOT_CALCULATED,N/A,N/A,N/A,UNKNOWN,N/A,N/A,N/A,N/A,N/A,N/A,N/A,NOT_CALCULATED,N/A,LOW,STAGE_MAPPED_ONLY,LOW
7074,성저마을4단지삼익아파트,41287,경기,N/A,N/A,0,PRE_PROJECT,NO_OFFICIAL_RECORD,공식 정비사업 기록 없음(선별 후보),,,211.4643519854851,460,N/A,52.719565217391306,N/A,N/A,N/A,N/A,N/A,N/A,N/A,N/A,NOT_CALCULATED,N/A,N/A,N/A,UNKNOWN,N/A,N/A,N/A,N/A,N/A,N/A,N/A,NOT_CALCULATED,N/A,LOW,STAGE_MAPPED_ONLY,LOW
6529,성포선경,41271,경기,N/A,N/A,0,PRE_PROJECT,NO_OFFICIAL_RECORD,공식 정비사업 기록 없음(선별 후보),,,219.31976215646043,1768,N/A,48.90282805429864,N/A,N/A,N/A,N/A,N/A,N/A,N/A,N/A,NOT_CALCULATED,N/A,N/A,N/A,UNKNOWN,N/A,N/A,N/A,N/A,N/A,N/A,N/A,NOT_CALCULATED,N/A,LOW,STAGE_MAPPED_ONLY,LOW
6528,성포예술인,41271,경기,N/A,N/A,0,PRE_PROJECT,NO_OFFICIAL_RECORD,공식 정비사업 기록 없음(선별 후보),,,191.74772888888887,1485,N/A,45.45454545454545,N/A,N/A,N/A,N/A,N/A,N/A,N/A,N/A,NOT_CALCULATED,N/A,N/A,N/A,UNKNOWN,N/A,N/A,N/A,N/A,N/A,N/A,N/A,NOT_CALCULATED,N/A,LOW,STAGE_MAPPED_ONLY,LOW
6530,성포주공11단지,41271,경기,N/A,N/A,0,PRE_PROJECT,NO_OFFICIAL_RECORD,공식 정비사업 기록 없음(선별 후보),,,142.9314187812128,1975,N/A,45.83681012658228,N/A,N/A,N/A,N/A,N/A,N/A,N/A,N/A,NOT_CALCULATED,N/A,N/A,N/A,UNKNOWN,N/A,N/A,N/A,N/A,N/A,N/A,N/A,NOT_CALCULATED,N/A,LOW,STAGE_MAPPED_ONLY,LOW
4628,세류미영,41113,경기,N/A,N/A,0,PRE_PROJECT,NO_OFFICIAL_RECORD,공식 정비사업 기록 없음(선별 후보),,,141.73417341734176,600,N/A,45.550999999999995,N/A,N/A,N/A,N/A,N/A,N/A,N/A,N/A,NOT_CALCULATED,N/A,N/A,N/A,UNKNOWN,N/A,N/A,N/A,N/A,N/A,N/A,N/A,NOT_CALCULATED,N/A,LOW,STAGE_MAPPED_ONLY,LOW
4633,세류한주,41113,경기,N/A,N/A,0,PRE_PROJECT,NO_OFFICIAL_RECORD,공식 정비사업 기록 없음(선별 후보),,,225.8744393442623,180,N/A,42.361111111111114,N/A,N/A,N/A,N/A,N/A,N/A,N/A,N/A,NOT_CALCULATED,N/A,N/A,N/A,UNKNOWN,N/A,N/A,N/A,N/A,N/A,N/A,N/A,NOT_CALCULATED,N/A,LOW,STAGE_MAPPED_ONLY,LOW
4630,세류현대,41113,경기,N/A,N/A,0,PRE_PROJECT,NO_OFFICIAL_RECORD,공식 정비사업 기록 없음(선별 후보),,,183.60721285770285,276,N/A,55.45652173913044,N/A,N/A,N/A,N/A,N/A,N/A,N/A,N/A,NOT_CALCULATED,N/A,N/A,N/A,UNKNOWN,N/A,N/A,N/A,N/A,N/A,N/A,N/A,NOT_CALCULATED,N/A,LOW,STAGE_MAPPED_ONLY,LOW
7739,세우아파트,41390,경기,N/A,N/A,0,PRE_PROJECT,NO_OFFICIAL_RECORD,공식 정비사업 기록 없음(선별 후보),,,N/A,156,N/A,N/A,N/A,N/A,N/A,N/A,N/A,N/A,N/A,N/A,NOT_CALCULATED,N/A,N/A,N/A,UNKNOWN,N/A,N/A,N/A,N/A,N/A,N/A,N/A,NOT_CALCULATED,N/A,LOW,STAGE_MAPPED_ONLY,LOW
6790,소만5단지행신삼신,41281,경기,N/A,N/A,0,PRE_PROJECT,NO_OFFICIAL_RECORD,공식 정비사업 기록 없음(선별 후보),,,271.54826873658834,423,N/A,35.69456264775413,N/A,N/A,N/A,N/A,N/A,N/A,N/A,N/A,NOT_CALCULATED,N/A,N/A,N/A,UNKNOWN,N/A,N/A,N/A,N/A,N/A,N/A,N/A,NOT_CALCULATED,N/A,LOW,STAGE_MAPPED_ONLY,LOW
6796,소만성원6단지아파트,41281,경기,N/A,N/A,0,PRE_PROJECT,NO_OFFICIAL_RECORD,공식 정비사업 기록 없음(선별 후보),,,N/A,1602,N/A,N/A,N/A,N/A,N/A,N/A,N/A,N/A,N/A,N/A,NOT_CALCULATED,N/A,N/A,N/A,UNKNOWN,N/A,N/A,N/A,N/A,N/A,N/A,N/A,NOT_CALCULATED,N/A,LOW,STAGE_MAPPED_ONLY,LOW
5960,소사대진,41194,경기,N/A,N/A,0,PRE_PROJECT,NO_OFFICIAL_RECORD,공식 정비사업 기록 없음(선별 후보),,,N/A,290,N/A,N/A,N/A,N/A,N/A,N/A,N/A,N/A,N/A,N/A,NOT_CALCULATED,N/A,N/A,N/A,UNKNOWN,N/A,N/A,N/A,N/A,N/A,N/A,N/A,NOT_CALCULATED,N/A,LOW,STAGE_MAPPED_ONLY,LOW
5932,소사두산삼성,41194,경기,N/A,N/A,0,PRE_PROJECT,NO_OFFICIAL_RECORD,공식 정비사업 기록 없음(선별 후보),,,297.90912034011154,524,N/A,62.485114503816796,N/A,N/A,N/A,N/A,N/A,N/A,N/A,N/A,NOT_CALCULATED,N/A,N/A,N/A,UNKNOWN,N/A,N/A,N/A,N/A,N/A,N/A,N/A,NOT_CALCULATED,N/A,LOW,STAGE_MAPPED_ONLY,LOW
5959,소사삼익세라믹1차2차,41194,경기,N/A,N/A,0,PRE_PROJECT,NO_OFFICIAL_RECORD,공식 정비사업 기록 없음(선별 후보),,,297.4193995757872,781,N/A,31.390524967989755,N/A,N/A,N/A,N/A,N/A,N/A,N/A,N/A,NOT_CALCULATED,N/A,N/A,N/A,UNKNOWN,N/A,N/A,N/A,N/A,N/A,N/A,N/A,NOT_CALCULATED,N/A,LOW,STAGE_MAPPED_ONLY,LOW
5933,소사주공,41194,경기,N/A,N/A,0,PRE_PROJECT,NO_OFFICIAL_RECORD,공식 정비사업 기록 없음(선별 후보),,,N/A,1210,N/A,N/A,N/A,N/A,N/A,N/A,N/A,N/A,N/A,N/A,NOT_CALCULATED,N/A,N/A,N/A,UNKNOWN,N/A,N/A,N/A,N/A,N/A,N/A,N/A,NOT_CALCULATED,N/A,LOW,STAGE_MAPPED_ONLY,LOW
5923,소사풍림,41194,경기,N/A,N/A,0,PRE_PROJECT,NO_OFFICIAL_RECORD,공식 정비사업 기록 없음(선별 후보),,,227.28471770602354,714,N/A,53.62478991596638,N/A,N/A,N/A,N/A,N/A,N/A,N/A,N/A,NOT_CALCULATED,N/A,N/A,N/A,UNKNOWN,N/A,N/A,N/A,N/A,N/A,N/A,N/A,NOT_CALCULATED,N/A,LOW,STAGE_MAPPED_ONLY,LOW
5931,소새울역청구아파트,41194,경기,N/A,N/A,0,PRE_PROJECT,NO_OFFICIAL_RECORD,공식 정비사업 기록 없음(선별 후보),,,290.82636113886116,202,N/A,63.42970297029703,N/A,N/A,N/A,N/A,N/A,N/A,N/A,N/A,NOT_CALCULATED,N/A,N/A,N/A,UNKNOWN,N/A,N/A,N/A,N/A,N/A,N/A,N/A,NOT_CALCULATED,N/A,LOW,STAGE_MAPPED_ONLY,LOW
6124,소하미도2차,41210,경기,N/A,N/A,0,PRE_PROJECT,NO_OFFICIAL_RECORD,공식 정비사업 기록 없음(선별 후보),,,N/A,193,N/A,N/A,N/A,N/A,N/A,N/A,N/A,N/A,N/A,N/A,NOT_CALCULATED,N/A,N/A,N/A,UNKNOWN,N/A,N/A,N/A,N/A,N/A,N/A,N/A,NOT_CALCULATED,N/A,LOW,STAGE_MAPPED_ONLY,LOW
6126,소하미도3차,41210,경기,N/A,N/A,0,PRE_PROJECT,NO_OFFICIAL_RECORD,공식 정비사업 기록 없음(선별 후보),,,404.83338585811674,220,N/A,27.404090909090908,N/A,N/A,N/A,N/A,N/A,N/A,N/A,N/A,NOT_CALCULATED,N/A,N/A,N/A,UNKNOWN,N/A,N/A,N/A,N/A,N/A,N/A,N/A,NOT_CALCULATED,N/A,LOW,STAGE_MAPPED_ONLY,LOW
6123,소하현대1차,41210,경기,N/A,N/A,0,PRE_PROJECT,NO_OFFICIAL_RECORD,공식 정비사업 기록 없음(선별 후보),,,294.8794172654789,150,N/A,33.86333333333334,N/A,N/A,N/A,N/A,N/A,N/A,N/A,N/A,NOT_CALCULATED,N/A,N/A,N/A,UNKNOWN,N/A,N/A,N/A,N/A,N/A,N/A,N/A,NOT_CALCULATED,N/A,LOW,STAGE_MAPPED_ONLY,LOW
8018,솔거,41430,경기,N/A,N/A,0,PRE_PROJECT,NO_OFFICIAL_RECORD,공식 정비사업 기록 없음(선별 후보),,,N/A,498,N/A,N/A,N/A,N/A,N/A,N/A,N/A,N/A,N/A,N/A,NOT_CALCULATED,N/A,N/A,N/A,UNKNOWN,N/A,N/A,N/A,N/A,N/A,N/A,N/A,NOT_CALCULATED,N/A,LOW,STAGE_MAPPED_ONLY,LOW
5984,송내대한아파트,41194,경기,N/A,N/A,0,PRE_PROJECT,NO_OFFICIAL_RECORD,공식 정비사업 기록 없음(선별 후보),,,208.1102540834846,161,N/A,54.75776397515528,N/A,N/A,N/A,N/A,N/A,N/A,N/A,N/A,NOT_CALCULATED,N/A,N/A,N/A,UNKNOWN,N/A,N/A,N/A,N/A,N/A,N/A,N/A,NOT_CALCULATED,N/A,LOW,STAGE_MAPPED_ONLY,LOW
5986,송내동신,41194,경기,N/A,N/A,0,PRE_PROJECT,NO_OFFICIAL_RECORD,공식 정비사업 기록 없음(선별 후보),,,224.73587505741847,380,N/A,45.83157894736842,N/A,N/A,N/A,N/A,N/A,N/A,N/A,N/A,NOT_CALCULATED,N/A,N/A,N/A,UNKNOWN,N/A,N/A,N/A,N/A,N/A,N/A,N/A,NOT_CALCULATED,N/A,LOW,STAGE_MAPPED_ONLY,LOW
5979,송내성호,41194,경기,N/A,N/A,0,PRE_PROJECT,NO_OFFICIAL_RECORD,공식 정비사업 기록 없음(선별 후보),,,278.32891418224153,238,N/A,38.982352941176465,N/A,N/A,N/A,N/A,N/A,N/A,N/A,N/A,NOT_CALCULATED,N/A,N/A,N/A,UNKNOWN,N/A,N/A,N/A,N/A,N/A,N/A,N/A,NOT_CALCULATED,N/A,LOW,STAGE_MAPPED_ONLY,LOW
5982,송내청실,41194,경기,N/A,N/A,0,PRE_PROJECT,NO_OFFICIAL_RECORD,공식 정비사업 기록 없음(선별 후보),,,349.4822485207101,165,N/A,25.40121212121212,N/A,N/A,N/A,N/A,N/A,N/A,N/A,N/A,NOT_CALCULATED,N/A,N/A,N/A,UNKNOWN,N/A,N/A,N/A,N/A,N/A,N/A,N/A,NOT_CALCULATED,N/A,LOW,STAGE_MAPPED_ONLY,LOW
5983,송내현대,41194,경기,N/A,N/A,0,PRE_PROJECT,NO_OFFICIAL_RECORD,공식 정비사업 기록 없음(선별 후보),,,273.93573250212523,717,N/A,29.531380753138077,N/A,N/A,N/A,N/A,N/A,N/A,N/A,N/A,NOT_CALCULATED,N/A,N/A,N/A,UNKNOWN,N/A,N/A,N/A,N/A,N/A,N/A,N/A,NOT_CALCULATED,N/A,LOW,STAGE_MAPPED_ONLY,LOW
10059,송우리일신건영,41650,경기,N/A,N/A,0,PRE_PROJECT,NO_OFFICIAL_RECORD,공식 정비사업 기록 없음(선별 후보),,,N/A,176,N/A,N/A,N/A,N/A,N/A,N/A,N/A,N/A,N/A,N/A,NOT_CALCULATED,N/A,N/A,N/A,UNKNOWN,N/A,N/A,N/A,N/A,N/A,N/A,N/A,NOT_CALCULATED,N/A,LOW,STAGE_MAPPED_ONLY,LOW
4609,송죽동진맨션,41111,경기,N/A,N/A,0,PRE_PROJECT,NO_OFFICIAL_RECORD,공식 정비사업 기록 없음(선별 후보),,,327.8814948105781,180,N/A,34.57888888888889,N/A,N/A,N/A,N/A,N/A,N/A,N/A,N/A,NOT_CALCULATED,N/A,N/A,N/A,UNKNOWN,N/A,N/A,N/A,N/A,N/A,N/A,N/A,NOT_CALCULATED,N/A,LOW,STAGE_MAPPED_ONLY,LOW
6204,송탄 대림,41220,경기,N/A,N/A,0,PRE_PROJECT,NO_OFFICIAL_RECORD,공식 정비사업 기록 없음(선별 후보),,,N/A,264,N/A,N/A,N/A,N/A,N/A,N/A,N/A,N/A,N/A,N/A,NOT_CALCULATED,N/A,N/A,N/A,UNKNOWN,N/A,N/A,N/A,N/A,N/A,N/A,N/A,NOT_CALCULATED,N/A,LOW,STAGE_MAPPED_ONLY,LOW
6205,송탄동부아파트,41220,경기,N/A,N/A,0,PRE_PROJECT,NO_OFFICIAL_RECORD,공식 정비사업 기록 없음(선별 후보),,,271.0751727111176,336,N/A,56.6077380952381,N/A,N/A,N/A,N/A,N/A,N/A,N/A,N/A,NOT_CALCULATED,N/A,N/A,N/A,UNKNOWN,N/A,N/A,N/A,N/A,N/A,N/A,N/A,NOT_CALCULATED,N/A,LOW,STAGE_MAPPED_ONLY,LOW
6207,송탄삼익2차아파트,41220,경기,N/A,N/A,0,PRE_PROJECT,NO_OFFICIAL_RECORD,공식 정비사업 기록 없음(선별 후보),,,245.86147196629415,364,N/A,45.38296703296704,N/A,N/A,N/A,N/A,N/A,N/A,N/A,N/A,NOT_CALCULATED,N/A,N/A,N/A,UNKNOWN,N/A,N/A,N/A,N/A,N/A,N/A,N/A,NOT_CALCULATED,N/A,LOW,STAGE_MAPPED_ONLY,LOW
6198,송탄우성,41220,경기,N/A,N/A,0,PRE_PROJECT,NO_OFFICIAL_RECORD,공식 정비사업 기록 없음(선별 후보),,,169.51798397080864,414,N/A,59.31207729468599,N/A,N/A,N/A,N/A,N/A,N/A,N/A,N/A,NOT_CALCULATED,N/A,N/A,N/A,UNKNOWN,N/A,N/A,N/A,N/A,N/A,N/A,N/A,NOT_CALCULATED,N/A,LOW,STAGE_MAPPED_ONLY,LOW
6152,송탄한양아파트,41220,경기,N/A,N/A,0,PRE_PROJECT,NO_OFFICIAL_RECORD,공식 정비사업 기록 없음(선별 후보),,,324.309147402436,121,N/A,33.247933884297524,N/A,N/A,N/A,N/A,N/A,N/A,N/A,N/A,NOT_CALCULATED,N/A,N/A,N/A,UNKNOWN,N/A,N/A,N/A,N/A,N/A,N/A,N/A,NOT_CALCULATED,N/A,LOW,STAGE_MAPPED_ONLY,LOW
6209,송탄한일,41220,경기,N/A,N/A,0,PRE_PROJECT,NO_OFFICIAL_RECORD,공식 정비사업 기록 없음(선별 후보),,,217.30108592903417,450,N/A,38.55377777777778,N/A,N/A,N/A,N/A,N/A,N/A,N/A,N/A,NOT_CALCULATED,N/A,N/A,N/A,UNKNOWN,N/A,N/A,N/A,N/A,N/A,N/A,N/A,NOT_CALCULATED,N/A,LOW,STAGE_MAPPED_ONLY,LOW
5109,수내양지마을금호3차,41135,경기,N/A,N/A,0,PRE_PROJECT,NO_OFFICIAL_RECORD,공식 정비사업 기록 없음(선별 후보),,,142.74173939391673,414,N/A,129.1415458937198,N/A,N/A,N/A,N/A,N/A,N/A,N/A,N/A,NOT_CALCULATED,N/A,N/A,N/A,UNKNOWN,N/A,N/A,N/A,N/A,N/A,N/A,N/A,NOT_CALCULATED,N/A,LOW,STAGE_MAPPED_ONLY,LOW
5110,수내양지마을청구,41135,경기,N/A,N/A,0,PRE_PROJECT,NO_OFFICIAL_RECORD,공식 정비사업 기록 없음(선별 후보),,,N/A,1024,N/A,N/A,N/A,N/A,N/A,N/A,N/A,N/A,N/A,N/A,NOT_CALCULATED,N/A,N/A,N/A,UNKNOWN,N/A,N/A,N/A,N/A,N/A,N/A,N/A,NOT_CALCULATED,N/A,LOW,STAGE_MAPPED_ONLY,LOW
5112,수내양지마을한양1단지,41135,경기,N/A,N/A,0,PRE_PROJECT,NO_OFFICIAL_RECORD,공식 정비사업 기록 없음(선별 후보),,,65.2373497364303,1010,N/A,68.65,N/A,N/A,N/A,N/A,N/A,N/A,N/A,N/A,NOT_CALCULATED,N/A,N/A,N/A,UNKNOWN,N/A,N/A,N/A,N/A,N/A,N/A,N/A,NOT_CALCULATED,N/A,LOW,STAGE_MAPPED_ONLY,LOW
5111,수내양지마을한양2단지,41135,경기,N/A,N/A,0,PRE_PROJECT,NO_OFFICIAL_RECORD,공식 정비사업 기록 없음(선별 후보),,,178.3115675005228,820,N/A,84.55670731707318,N/A,N/A,N/A,N/A,N/A,N/A,N/A,N/A,NOT_CALCULATED,N/A,N/A,N/A,UNKNOWN,N/A,N/A,N/A,N/A,N/A,N/A,N/A,NOT_CALCULATED,N/A,LOW,STAGE_MAPPED_ONLY,LOW
5107,수내양지마을한양2단지(603동),41135,경기,N/A,N/A,0,PRE_PROJECT,NO_OFFICIAL_RECORD,공식 정비사업 기록 없음(선별 후보),,,20.814433956141425,176,N/A,393.9573863636364,N/A,N/A,N/A,N/A,N/A,N/A,N/A,N/A,NOT_CALCULATED,N/A,N/A,N/A,UNKNOWN,N/A,N/A,N/A,N/A,N/A,N/A,N/A,NOT_CALCULATED,N/A,LOW,STAGE_MAPPED_ONLY,LOW
5105,수내푸른마을신성벽산쌍용,41135,경기,N/A,N/A,0,PRE_PROJECT,NO_OFFICIAL_RECORD,공식 정비사업 기록 없음(선별 후보),,,N/A,2598,N/A,N/A,N/A,N/A,N/A,N/A,N/A,N/A,N/A,N/A,NOT_CALCULATED,N/A,N/A,N/A,UNKNOWN,N/A,N/A,N/A,N/A,N/A,N/A,N/A,NOT_CALCULATED,N/A,LOW,STAGE_MAPPED_ONLY,LOW
7962,수리한양,41410,경기,N/A,N/A,0,PRE_PROJECT,NO_OFFICIAL_RECORD,공식 정비사업 기록 없음(선별 후보),,,N/A,1342,N/A,N/A,N/A,N/A,N/A,N/A,N/A,N/A,N/A,N/A,NOT_CALCULATED,N/A,N/A,N/A,UNKNOWN,N/A,N/A,N/A,N/A,N/A,N/A,N/A,NOT_CALCULATED,N/A,LOW,STAGE_MAPPED_ONLY,LOW
9483,수성효성,41593,경기,N/A,N/A,0,PRE_PROJECT,NO_OFFICIAL_RECORD,공식 정비사업 기록 없음(선별 후보),,,N/A,266,N/A,N/A,N/A,N/A,N/A,N/A,N/A,N/A,N/A,N/A,NOT_CALCULATED,N/A,N/A,N/A,UNKNOWN,N/A,N/A,N/A,N/A,N/A,N/A,N/A,NOT_CALCULATED,N/A,LOW,STAGE_MAPPED_ONLY,LOW
4808,수원우만3,41115,경기,N/A,N/A,0,PRE_PROJECT,NO_OFFICIAL_RECORD,공식 정비사업 기록 없음(선별 후보),,,129.589133566158,1213,N/A,24.26677658697444,N/A,N/A,N/A,N/A,N/A,N/A,N/A,N/A,NOT_CALCULATED,N/A,N/A,N/A,UNKNOWN,N/A,N/A,N/A,N/A,N/A,N/A,N/A,NOT_CALCULATED,N/A,LOW,STAGE_MAPPED_ONLY,LOW
6627,수정한양,41273,경기,N/A,N/A,0,PRE_PROJECT,NO_OFFICIAL_RECORD,공식 정비사업 기록 없음(선별 후보),,,148.78330712847782,1870,N/A,63.56743315508022,N/A,N/A,N/A,N/A,N/A,N/A,N/A,N/A,NOT_CALCULATED,N/A,N/A,N/A,UNKNOWN,N/A,N/A,N/A,N/A,N/A,N/A,N/A,NOT_CALCULATED,N/A,LOW,STAGE_MAPPED_ONLY,LOW
8537,수지건영,41465,경기,N/A,N/A,0,PRE_PROJECT,NO_OFFICIAL_RECORD,공식 정비사업 기록 없음(선별 후보),,,N/A,190,N/A,N/A,N/A,N/A,N/A,N/A,N/A,N/A,N/A,N/A,NOT_CALCULATED,N/A,N/A,N/A,UNKNOWN,N/A,N/A,N/A,N/A,N/A,N/A,N/A,NOT_CALCULATED,N/A,LOW,STAGE_MAPPED_ONLY,LOW
8534,수지동문,41465,경기,N/A,N/A,0,PRE_PROJECT,NO_OFFICIAL_RECORD,공식 정비사업 기록 없음(선별 후보),,,N/A,368,N/A,N/A,N/A,N/A,N/A,N/A,N/A,N/A,N/A,N/A,NOT_CALCULATED,N/A,N/A,N/A,UNKNOWN,N/A,N/A,N/A,N/A,N/A,N/A,N/A,NOT_CALCULATED,N/A,LOW,STAGE_MAPPED_ONLY,LOW
8542,수지보원아파트,41465,경기,N/A,N/A,0,PRE_PROJECT,NO_OFFICIAL_RECORD,공식 정비사업 기록 없음(선별 후보),,,N/A,619,N/A,N/A,N/A,N/A,N/A,N/A,N/A,N/A,N/A,N/A,NOT_CALCULATED,N/A,N/A,N/A,UNKNOWN,N/A,N/A,N/A,N/A,N/A,N/A,N/A,NOT_CALCULATED,N/A,LOW,STAGE_MAPPED_ONLY,LOW
8547,수지한국,41465,경기,N/A,N/A,0,PRE_PROJECT,NO_OFFICIAL_RECORD,공식 정비사업 기록 없음(선별 후보),,,N/A,416,N/A,N/A,N/A,N/A,N/A,N/A,N/A,N/A,N/A,N/A,NOT_CALCULATED,N/A,N/A,N/A,UNKNOWN,N/A,N/A,N/A,N/A,N/A,N/A,N/A,NOT_CALCULATED,N/A,LOW,STAGE_MAPPED_ONLY,LOW
8548,수지한성,41465,경기,N/A,N/A,0,PRE_PROJECT,NO_OFFICIAL_RECORD,공식 정비사업 기록 없음(선별 후보),,,N/A,774,N/A,N/A,N/A,N/A,N/A,N/A,N/A,N/A,N/A,N/A,NOT_CALCULATED,N/A,N/A,N/A,UNKNOWN,N/A,N/A,N/A,N/A,N/A,N/A,N/A,NOT_CALCULATED,N/A,LOW,STAGE_MAPPED_ONLY,LOW
8549,수지현대아파트,41465,경기,N/A,N/A,0,PRE_PROJECT,NO_OFFICIAL_RECORD,공식 정비사업 기록 없음(선별 후보),,,N/A,1168,N/A,N/A,N/A,N/A,N/A,N/A,N/A,N/A,N/A,N/A,NOT_CALCULATED,N/A,N/A,N/A,UNKNOWN,N/A,N/A,N/A,N/A,N/A,N/A,N/A,NOT_CALCULATED,N/A,LOW,STAGE_MAPPED_ONLY,LOW
5000,수진삼부,41131,경기,N/A,N/A,0,PRE_PROJECT,NO_OFFICIAL_RECORD,공식 정비사업 기록 없음(선별 후보),,,315.83048840922856,834,N/A,43.5515587529976,N/A,N/A,N/A,N/A,N/A,N/A,N/A,N/A,NOT_CALCULATED,N/A,N/A,N/A,UNKNOWN,N/A,N/A,N/A,N/A,N/A,N/A,N/A,NOT_CALCULATED,N/A,LOW,STAGE_MAPPED_ONLY,LOW
7591,수청삼익아파트,41370,경기,N/A,N/A,0,PRE_PROJECT,NO_OFFICIAL_RECORD,공식 정비사업 기록 없음(선별 후보),,,N/A,220,N/A,N/A,N/A,N/A,N/A,N/A,N/A,N/A,N/A,N/A,NOT_CALCULATED,N/A,N/A,N/A,UNKNOWN,N/A,N/A,N/A,N/A,N/A,N/A,N/A,NOT_CALCULATED,N/A,LOW,STAGE_MAPPED_ONLY,LOW
7593,수청주공,41370,경기,N/A,N/A,0,PRE_PROJECT,NO_OFFICIAL_RECORD,공식 정비사업 기록 없음(선별 후보),,,N/A,310,N/A,N/A,N/A,N/A,N/A,N/A,N/A,N/A,N/A,N/A,NOT_CALCULATED,N/A,N/A,N/A,UNKNOWN,N/A,N/A,N/A,N/A,N/A,N/A,N/A,NOT_CALCULATED,N/A,LOW,STAGE_MAPPED_ONLY,LOW
7195,수택쌍용,41310,경기,N/A,N/A,0,PRE_PROJECT,NO_OFFICIAL_RECORD,공식 정비사업 기록 없음(선별 후보),,,347.1523055541768,241,N/A,33.439004149377595,N/A,N/A,N/A,N/A,N/A,N/A,N/A,N/A,NOT_CALCULATED,N/A,N/A,N/A,UNKNOWN,N/A,N/A,N/A,N/A,N/A,N/A,N/A,NOT_CALCULATED,N/A,LOW,STAGE_MAPPED_ONLY,LOW
7194,수택엘지원앙,41310,경기,N/A,N/A,0,PRE_PROJECT,NO_OFFICIAL_RECORD,공식 정비사업 기록 없음(선별 후보),,,269.3587059147333,824,N/A,34.83361650485437,N/A,N/A,N/A,N/A,N/A,N/A,N/A,N/A,NOT_CALCULATED,N/A,N/A,N/A,UNKNOWN,N/A,N/A,N/A,N/A,N/A,N/A,N/A,NOT_CALCULATED,N/A,LOW,STAGE_MAPPED_ONLY,LOW
7191,수택한성3차,41310,경기,N/A,N/A,0,PRE_PROJECT,NO_OFFICIAL_RECORD,공식 정비사업 기록 없음(선별 후보),,,251.42965617065704,240,N/A,35.119166666666665,N/A,N/A,N/A,N/A,N/A,N/A,N/A,N/A,NOT_CALCULATED,N/A,N/A,N/A,UNKNOWN,N/A,N/A,N/A,N/A,N/A,N/A,N/A,NOT_CALCULATED,N/A,LOW,STAGE_MAPPED_ONLY,LOW
6267,시대코아,41220,경기,N/A,N/A,0,PRE_PROJECT,NO_OFFICIAL_RECORD,공식 정비사업 기록 없음(선별 후보),,,137.48354600021577,160,N/A,110.060625,N/A,N/A,N/A,N/A,N/A,N/A,N/A,N/A,NOT_CALCULATED,N/A,N/A,N/A,UNKNOWN,N/A,N/A,N/A,N/A,N/A,N/A,N/A,NOT_CALCULATED,N/A,LOW,STAGE_MAPPED_ONLY,LOW
6268,시대한우리,41220,경기,N/A,N/A,0,PRE_PROJECT,NO_OFFICIAL_RECORD,공식 정비사업 기록 없음(선별 후보),,,161.40057626242103,550,N/A,49.22,N/A,N/A,N/A,N/A,N/A,N/A,N/A,N/A,NOT_CALCULATED,N/A,N/A,N/A,UNKNOWN,N/A,N/A,N/A,N/A,N/A,N/A,N/A,NOT_CALCULATED,N/A,LOW,STAGE_MAPPED_ONLY,LOW
5154,시범현대아파트,41135,경기,N/A,N/A,0,PRE_PROJECT,NO_OFFICIAL_RECORD,공식 정비사업 기록 없음(선별 후보),,,205.71111926483096,1695,N/A,67.2106784660767,N/A,N/A,N/A,N/A,N/A,N/A,N/A,N/A,NOT_CALCULATED,N/A,N/A,N/A,UNKNOWN,N/A,N/A,N/A,N/A,N/A,N/A,N/A,NOT_CALCULATED,N/A,LOW,STAGE_MAPPED_ONLY,LOW
7878,시화대우,41390,경기,N/A,N/A,0,PRE_PROJECT,NO_OFFICIAL_RECORD,공식 정비사업 기록 없음(선별 후보),,,N/A,176,N/A,N/A,N/A,N/A,N/A,N/A,N/A,N/A,N/A,N/A,NOT_CALCULATED,N/A,N/A,N/A,UNKNOWN,N/A,N/A,N/A,N/A,N/A,N/A,N/A,NOT_CALCULATED,N/A,LOW,STAGE_MAPPED_ONLY,LOW
7880,시화두산아파트,41390,경기,N/A,N/A,0,PRE_PROJECT,NO_OFFICIAL_RECORD,공식 정비사업 기록 없음(선별 후보),,,N/A,930,N/A,N/A,N/A,N/A,N/A,N/A,N/A,N/A,N/A,N/A,NOT_CALCULATED,N/A,N/A,N/A,UNKNOWN,N/A,N/A,N/A,N/A,N/A,N/A,N/A,NOT_CALCULATED,N/A,LOW,STAGE_MAPPED_ONLY,LOW
7876,시화무진,41390,경기,N/A,N/A,0,PRE_PROJECT,NO_OFFICIAL_RECORD,공식 정비사업 기록 없음(선별 후보),,,N/A,488,N/A,N/A,N/A,N/A,N/A,N/A,N/A,N/A,N/A,N/A,NOT_CALCULATED,N/A,N/A,N/A,UNKNOWN,N/A,N/A,N/A,N/A,N/A,N/A,N/A,NOT_CALCULATED,N/A,LOW,STAGE_MAPPED_ONLY,LOW
7851,시화미주,41390,경기,N/A,N/A,0,PRE_PROJECT,NO_OFFICIAL_RECORD,공식 정비사업 기록 없음(선별 후보),,,N/A,492,N/A,N/A,N/A,N/A,N/A,N/A,N/A,N/A,N/A,N/A,NOT_CALCULATED,N/A,N/A,N/A,UNKNOWN,N/A,N/A,N/A,N/A,N/A,N/A,N/A,NOT_CALCULATED,N/A,LOW,STAGE_MAPPED_ONLY,LOW
7854,시화삼성아파트,41390,경기,N/A,N/A,0,PRE_PROJECT,NO_OFFICIAL_RECORD,공식 정비사업 기록 없음(선별 후보),,,N/A,N/A,N/A,N/A,N/A,N/A,N/A,N/A,N/A,N/A,N/A,N/A,NOT_CALCULATED,N/A,N/A,N/A,UNKNOWN,N/A,N/A,N/A,N/A,N/A,N/A,N/A,NOT_CALCULATED,N/A,LOW,STAGE_MAPPED_ONLY,LOW
7828,시화세종1차,41390,경기,N/A,N/A,0,PRE_PROJECT,NO_OFFICIAL_RECORD,공식 정비사업 기록 없음(선별 후보),,,N/A,460,N/A,N/A,N/A,N/A,N/A,N/A,N/A,N/A,N/A,N/A,NOT_CALCULATED,N/A,N/A,N/A,UNKNOWN,N/A,N/A,N/A,N/A,N/A,N/A,N/A,NOT_CALCULATED,N/A,LOW,STAGE_MAPPED_ONLY,LOW
7858,시화신동아,41390,경기,N/A,N/A,0,PRE_PROJECT,NO_OFFICIAL_RECORD,공식 정비사업 기록 없음(선별 후보),,,N/A,790,N/A,N/A,N/A,N/A,N/A,N/A,N/A,N/A,N/A,N/A,NOT_CALCULATED,N/A,N/A,N/A,UNKNOWN,N/A,N/A,N/A,N/A,N/A,N/A,N/A,NOT_CALCULATED,N/A,LOW,STAGE_MAPPED_ONLY,LOW
7859,시화신우,41390,경기,N/A,N/A,0,PRE_PROJECT,NO_OFFICIAL_RECORD,공식 정비사업 기록 없음(선별 후보),,,N/A,200,N/A,N/A,N/A,N/A,N/A,N/A,N/A,N/A,N/A,N/A,NOT_CALCULATED,N/A,N/A,N/A,UNKNOWN,N/A,N/A,N/A,N/A,N/A,N/A,N/A,NOT_CALCULATED,N/A,LOW,STAGE_MAPPED_ONLY,LOW
7840,시화아주,41390,경기,N/A,N/A,0,PRE_PROJECT,NO_OFFICIAL_RECORD,공식 정비사업 기록 없음(선별 후보),,,N/A,534,N/A,N/A,N/A,N/A,N/A,N/A,N/A,N/A,N/A,N/A,NOT_CALCULATED,N/A,N/A,N/A,UNKNOWN,N/A,N/A,N/A,N/A,N/A,N/A,N/A,NOT_CALCULATED,N/A,LOW,STAGE_MAPPED_ONLY,LOW
7861,시화영남1차,41390,경기,N/A,N/A,0,PRE_PROJECT,NO_OFFICIAL_RECORD,공식 정비사업 기록 없음(선별 후보),,,N/A,390,N/A,N/A,N/A,N/A,N/A,N/A,N/A,N/A,N/A,N/A,NOT_CALCULATED,N/A,N/A,N/A,UNKNOWN,N/A,N/A,N/A,N/A,N/A,N/A,N/A,NOT_CALCULATED,N/A,LOW,STAGE_MAPPED_ONLY,LOW
7862,시화영남2차,41390,경기,N/A,N/A,0,PRE_PROJECT,NO_OFFICIAL_RECORD,공식 정비사업 기록 없음(선별 후보),,,N/A,600,N/A,N/A,N/A,N/A,N/A,N/A,N/A,N/A,N/A,N/A,NOT_CALCULATED,N/A,N/A,N/A,UNKNOWN,N/A,N/A,N/A,N/A,N/A,N/A,N/A,NOT_CALCULATED,N/A,LOW,STAGE_MAPPED_ONLY,LOW
7863,시화영남3차,41390,경기,N/A,N/A,0,PRE_PROJECT,NO_OFFICIAL_RECORD,공식 정비사업 기록 없음(선별 후보),,,N/A,520,N/A,N/A,N/A,N/A,N/A,N/A,N/A,N/A,N/A,N/A,NOT_CALCULATED,N/A,N/A,N/A,UNKNOWN,N/A,N/A,N/A,N/A,N/A,N/A,N/A,NOT_CALCULATED,N/A,LOW,STAGE_MAPPED_ONLY,LOW
7864,시화영남5차,41390,경기,N/A,N/A,0,PRE_PROJECT,NO_OFFICIAL_RECORD,공식 정비사업 기록 없음(선별 후보),,,N/A,330,N/A,N/A,N/A,N/A,N/A,N/A,N/A,N/A,N/A,N/A,NOT_CALCULATED,N/A,N/A,N/A,UNKNOWN,N/A,N/A,N/A,N/A,N/A,N/A,N/A,NOT_CALCULATED,N/A,LOW,STAGE_MAPPED_ONLY,LOW
7866,시화월드메르디앙,41390,경기,N/A,N/A,0,PRE_PROJECT,NO_OFFICIAL_RECORD,공식 정비사업 기록 없음(선별 후보),,,N/A,594,N/A,N/A,N/A,N/A,N/A,N/A,N/A,N/A,N/A,N/A,NOT_CALCULATED,N/A,N/A,N/A,UNKNOWN,N/A,N/A,N/A,N/A,N/A,N/A,N/A,NOT_CALCULATED,N/A,LOW,STAGE_MAPPED_ONLY,LOW
7877,시화유천,41390,경기,N/A,N/A,0,PRE_PROJECT,NO_OFFICIAL_RECORD,공식 정비사업 기록 없음(선별 후보),,,N/A,580,N/A,N/A,N/A,N/A,N/A,N/A,N/A,N/A,N/A,N/A,NOT_CALCULATED,N/A,N/A,N/A,UNKNOWN,N/A,N/A,N/A,N/A,N/A,N/A,N/A,NOT_CALCULATED,N/A,LOW,STAGE_MAPPED_ONLY,LOW
7871,시화한신,41390,경기,N/A,N/A,0,PRE_PROJECT,NO_OFFICIAL_RECORD,공식 정비사업 기록 없음(선별 후보),,,N/A,406,N/A,N/A,N/A,N/A,N/A,N/A,N/A,N/A,N/A,N/A,NOT_CALCULATED,N/A,N/A,N/A,UNKNOWN,N/A,N/A,N/A,N/A,N/A,N/A,N/A,NOT_CALCULATED,N/A,LOW,STAGE_MAPPED_ONLY,LOW
7872,시화한일,41390,경기,N/A,N/A,0,PRE_PROJECT,NO_OFFICIAL_RECORD,공식 정비사업 기록 없음(선별 후보),,,N/A,580,N/A,N/A,N/A,N/A,N/A,N/A,N/A,N/A,N/A,N/A,NOT_CALCULATED,N/A,N/A,N/A,UNKNOWN,N/A,N/A,N/A,N/A,N/A,N/A,N/A,NOT_CALCULATED,N/A,LOW,STAGE_MAPPED_ONLY,LOW
7705,시흥금강1차,41390,경기,N/A,N/A,0,PRE_PROJECT,NO_OFFICIAL_RECORD,공식 정비사업 기록 없음(선별 후보),,,N/A,159,N/A,N/A,N/A,N/A,N/A,N/A,N/A,N/A,N/A,N/A,NOT_CALCULATED,N/A,N/A,N/A,UNKNOWN,N/A,N/A,N/A,N/A,N/A,N/A,N/A,NOT_CALCULATED,N/A,LOW,STAGE_MAPPED_ONLY,LOW
7753,시흥수정아파트,41390,경기,N/A,N/A,0,PRE_PROJECT,NO_OFFICIAL_RECORD,공식 정비사업 기록 없음(선별 후보),,,N/A,152,N/A,N/A,N/A,N/A,N/A,N/A,N/A,N/A,N/A,N/A,NOT_CALCULATED,N/A,N/A,N/A,UNKNOWN,N/A,N/A,N/A,N/A,N/A,N/A,N/A,NOT_CALCULATED,N/A,LOW,STAGE_MAPPED_ONLY,LOW
8318,신갈신미주,41463,경기,N/A,N/A,0,PRE_PROJECT,NO_OFFICIAL_RECORD,공식 정비사업 기록 없음(선별 후보),,,N/A,247,N/A,N/A,N/A,N/A,N/A,N/A,N/A,N/A,N/A,N/A,NOT_CALCULATED,N/A,N/A,N/A,UNKNOWN,N/A,N/A,N/A,N/A,N/A,N/A,N/A,NOT_CALCULATED,N/A,LOW,STAGE_MAPPED_ONLY,LOW
5411,신곡2차신성아파트,41150,경기,N/A,N/A,0,PRE_PROJECT,NO_OFFICIAL_RECORD,공식 정비사업 기록 없음(선별 후보),,,350.0213492741247,147,N/A,31.86394557823129,N/A,N/A,N/A,N/A,N/A,N/A,N/A,N/A,NOT_CALCULATED,N/A,N/A,N/A,UNKNOWN,N/A,N/A,N/A,N/A,N/A,N/A,N/A,NOT_CALCULATED,N/A,LOW,STAGE_MAPPED_ONLY,LOW
5424,신곡극동동성,41150,경기,N/A,N/A,0,PRE_PROJECT,NO_OFFICIAL_RECORD,공식 정비사업 기록 없음(선별 후보),,,198.45996899534927,1188,N/A,30.298484848484847,N/A,N/A,N/A,N/A,N/A,N/A,N/A,N/A,NOT_CALCULATED,N/A,N/A,N/A,UNKNOWN,N/A,N/A,N/A,N/A,N/A,N/A,N/A,NOT_CALCULATED,N/A,LOW,STAGE_MAPPED_ONLY,LOW
5419,신곡부용,41150,경기,N/A,N/A,0,PRE_PROJECT,NO_OFFICIAL_RECORD,공식 정비사업 기록 없음(선별 후보),,,234.1008515871904,210,N/A,30.587142857142858,N/A,N/A,N/A,N/A,N/A,N/A,N/A,N/A,NOT_CALCULATED,N/A,N/A,N/A,UNKNOWN,N/A,N/A,N/A,N/A,N/A,N/A,N/A,NOT_CALCULATED,N/A,LOW,STAGE_MAPPED_ONLY,LOW
5439,신곡삼부,41150,경기,N/A,N/A,0,PRE_PROJECT,NO_OFFICIAL_RECORD,공식 정비사업 기록 없음(선별 후보),,,275.25882188665696,184,N/A,54.49021739130435,N/A,N/A,N/A,N/A,N/A,N/A,N/A,N/A,NOT_CALCULATED,N/A,N/A,N/A,UNKNOWN,N/A,N/A,N/A,N/A,N/A,N/A,N/A,NOT_CALCULATED,N/A,LOW,STAGE_MAPPED_ONLY,LOW
5435,신곡삼환,41150,경기,N/A,N/A,0,PRE_PROJECT,NO_OFFICIAL_RECORD,공식 정비사업 기록 없음(선별 후보),,,245.4337899543379,300,N/A,35.04,N/A,N/A,N/A,N/A,N/A,N/A,N/A,N/A,NOT_CALCULATED,N/A,N/A,N/A,UNKNOWN,N/A,N/A,N/A,N/A,N/A,N/A,N/A,NOT_CALCULATED,N/A,LOW,STAGE_MAPPED_ONLY,LOW
5427,신곡성원1차,41150,경기,N/A,N/A,0,PRE_PROJECT,NO_OFFICIAL_RECORD,공식 정비사업 기록 없음(선별 후보),,,296.78180978288765,525,N/A,37.11047619047619,N/A,N/A,N/A,N/A,N/A,N/A,N/A,N/A,NOT_CALCULATED,N/A,N/A,N/A,UNKNOWN,N/A,N/A,N/A,N/A,N/A,N/A,N/A,NOT_CALCULATED,N/A,LOW,STAGE_MAPPED_ONLY,LOW
5441,신곡신성벽산,41150,경기,N/A,N/A,0,PRE_PROJECT,NO_OFFICIAL_RECORD,공식 정비사업 기록 없음(선별 후보),,,263.78759184910234,660,N/A,44.00333333333334,N/A,N/A,N/A,N/A,N/A,N/A,N/A,N/A,NOT_CALCULATED,N/A,N/A,N/A,UNKNOWN,N/A,N/A,N/A,N/A,N/A,N/A,N/A,NOT_CALCULATED,N/A,LOW,STAGE_MAPPED_ONLY,LOW
5437,신곡은하수,41150,경기,N/A,N/A,0,PRE_PROJECT,NO_OFFICIAL_RECORD,공식 정비사업 기록 없음(선별 후보),,,289.6323545178902,816,N/A,57.150245098039214,N/A,N/A,N/A,N/A,N/A,N/A,N/A,N/A,NOT_CALCULATED,N/A,N/A,N/A,UNKNOWN,N/A,N/A,N/A,N/A,N/A,N/A,N/A,NOT_CALCULATED,N/A,LOW,STAGE_MAPPED_ONLY,LOW
5438,신곡추동아파트,41150,경기,N/A,N/A,0,PRE_PROJECT,NO_OFFICIAL_RECORD,공식 정비사업 기록 없음(선별 후보),,,274.0579566808426,594,N/A,27.235016835016836,N/A,N/A,N/A,N/A,N/A,N/A,N/A,N/A,NOT_CALCULATED,N/A,N/A,N/A,UNKNOWN,N/A,N/A,N/A,N/A,N/A,N/A,N/A,NOT_CALCULATED,N/A,LOW,STAGE_MAPPED_ONLY,LOW
5443,신곡현대,41150,경기,N/A,N/A,0,PRE_PROJECT,NO_OFFICIAL_RECORD,공식 정비사업 기록 없음(선별 후보),,,258.4322368421053,408,N/A,29.431372549019606,N/A,N/A,N/A,N/A,N/A,N/A,N/A,N/A,NOT_CALCULATED,N/A,N/A,N/A,UNKNOWN,N/A,N/A,N/A,N/A,N/A,N/A,N/A,NOT_CALCULATED,N/A,LOW,STAGE_MAPPED_ONLY,LOW
5434,신곡효자벽산,41150,경기,N/A,N/A,0,PRE_PROJECT,NO_OFFICIAL_RECORD,공식 정비사업 기록 없음(선별 후보),,,321.0378870981351,297,N/A,39.9023569023569,N/A,N/A,N/A,N/A,N/A,N/A,N/A,N/A,NOT_CALCULATED,N/A,N/A,N/A,UNKNOWN,N/A,N/A,N/A,N/A,N/A,N/A,N/A,NOT_CALCULATED,N/A,LOW,STAGE_MAPPED_ONLY,LOW
5346,신도2차3차,41150,경기,N/A,N/A,0,PRE_PROJECT,NO_OFFICIAL_RECORD,공식 정비사업 기록 없음(선별 후보),,,N/A,494,N/A,N/A,N/A,N/A,N/A,N/A,N/A,N/A,N/A,N/A,NOT_CALCULATED,N/A,N/A,N/A,UNKNOWN,N/A,N/A,N/A,N/A,N/A,N/A,N/A,NOT_CALCULATED,N/A,LOW,STAGE_MAPPED_ONLY,LOW
7614,신동아1차,41370,경기,N/A,N/A,0,PRE_PROJECT,NO_OFFICIAL_RECORD,공식 정비사업 기록 없음(선별 후보),,,N/A,498,N/A,N/A,N/A,N/A,N/A,N/A,N/A,N/A,N/A,N/A,NOT_CALCULATED,N/A,N/A,N/A,UNKNOWN,N/A,N/A,N/A,N/A,N/A,N/A,N/A,NOT_CALCULATED,N/A,LOW,STAGE_MAPPED_ONLY,LOW
4723,신명,41113,경기,N/A,N/A,0,PRE_PROJECT,NO_OFFICIAL_RECORD,공식 정비사업 기록 없음(선별 후보),,,238.9236158294454,156,N/A,42.455769230769235,N/A,N/A,N/A,N/A,N/A,N/A,N/A,N/A,NOT_CALCULATED,N/A,N/A,N/A,UNKNOWN,N/A,N/A,N/A,N/A,N/A,N/A,N/A,NOT_CALCULATED,N/A,LOW,STAGE_MAPPED_ONLY,LOW
6261,신명나리,41220,경기,N/A,N/A,0,PRE_PROJECT,NO_OFFICIAL_RECORD,공식 정비사업 기록 없음(선별 후보),,,146.65095083204744,306,N/A,58.875163398692806,N/A,N/A,N/A,N/A,N/A,N/A,N/A,N/A,NOT_CALCULATED,N/A,N/A,N/A,UNKNOWN,N/A,N/A,N/A,N/A,N/A,N/A,N/A,NOT_CALCULATED,N/A,LOW,STAGE_MAPPED_ONLY,LOW
6224,신명보람,41220,경기,N/A,N/A,0,PRE_PROJECT,NO_OFFICIAL_RECORD,공식 정비사업 기록 없음(선별 후보),,,190.5930448491002,160,N/A,46.781875,N/A,N/A,N/A,N/A,N/A,N/A,N/A,N/A,NOT_CALCULATED,N/A,N/A,N/A,UNKNOWN,N/A,N/A,N/A,N/A,N/A,N/A,N/A,NOT_CALCULATED,N/A,LOW,STAGE_MAPPED_ONLY,LOW
4801,신미주아파트,41115,경기,N/A,N/A,0,PRE_PROJECT,NO_OFFICIAL_RECORD,공식 정비사업 기록 없음(선별 후보),,,N/A,144,N/A,13.771527777777777,N/A,N/A,N/A,N/A,N/A,N/A,N/A,N/A,NOT_CALCULATED,N/A,N/A,N/A,UNKNOWN,N/A,N/A,N/A,N/A,N/A,N/A,N/A,NOT_CALCULATED,N/A,LOW,STAGE_MAPPED_ONLY,LOW
6516,신안1단지,41271,경기,N/A,N/A,0,PRE_PROJECT,NO_OFFICIAL_RECORD,공식 정비사업 기록 없음(선별 후보),,,276.2112424751634,2132,N/A,40.640900562851776,N/A,N/A,N/A,N/A,N/A,N/A,N/A,N/A,NOT_CALCULATED,N/A,N/A,N/A,UNKNOWN,N/A,N/A,N/A,N/A,N/A,N/A,N/A,NOT_CALCULATED,N/A,LOW,STAGE_MAPPED_ONLY,LOW
6520,신안2단지,41271,경기,N/A,N/A,0,PRE_PROJECT,NO_OFFICIAL_RECORD,공식 정비사업 기록 없음(선별 후보),,,314.93340580140915,776,N/A,45.52306701030928,N/A,N/A,N/A,N/A,N/A,N/A,N/A,N/A,NOT_CALCULATED,N/A,N/A,N/A,UNKNOWN,N/A,N/A,N/A,N/A,N/A,N/A,N/A,NOT_CALCULATED,N/A,LOW,STAGE_MAPPED_ONLY,LOW
8030,신안아파트,41430,경기,N/A,N/A,0,PRE_PROJECT,NO_OFFICIAL_RECORD,공식 정비사업 기록 없음(선별 후보),,,N/A,576,N/A,N/A,N/A,N/A,N/A,N/A,N/A,N/A,N/A,N/A,NOT_CALCULATED,N/A,N/A,N/A,UNKNOWN,N/A,N/A,N/A,N/A,N/A,N/A,N/A,NOT_CALCULATED,N/A,LOW,STAGE_MAPPED_ONLY,LOW
9391,신양고층아파트,41591,경기,N/A,N/A,0,PRE_PROJECT,NO_OFFICIAL_RECORD,공식 정비사업 기록 없음(선별 후보),,,N/A,117,N/A,N/A,N/A,N/A,N/A,N/A,N/A,N/A,N/A,N/A,NOT_CALCULATED,N/A,N/A,N/A,UNKNOWN,N/A,N/A,N/A,N/A,N/A,N/A,N/A,NOT_CALCULATED,N/A,LOW,STAGE_MAPPED_ONLY,LOW
6502,신우아파트,41271,경기,N/A,N/A,0,PRE_PROJECT,NO_OFFICIAL_RECORD,공식 정비사업 기록 없음(선별 후보),,,200.5773865020048,502,N/A,78.19960159362549,N/A,N/A,N/A,N/A,N/A,N/A,N/A,N/A,NOT_CALCULATED,N/A,N/A,N/A,UNKNOWN,N/A,N/A,N/A,N/A,N/A,N/A,N/A,NOT_CALCULATED,N/A,LOW,STAGE_MAPPED_ONLY,LOW
6523,신우연립,41271,경기,N/A,N/A,0,PRE_PROJECT,NO_OFFICIAL_RECORD,공식 정비사업 기록 없음(선별 후보),,,N/A,112,N/A,N/A,N/A,N/A,N/A,N/A,N/A,N/A,N/A,N/A,NOT_CALCULATED,N/A,N/A,N/A,UNKNOWN,N/A,N/A,N/A,N/A,N/A,N/A,N/A,NOT_CALCULATED,N/A,LOW,STAGE_MAPPED_ONLY,LOW
6675,신원당2단지태영,41281,경기,N/A,N/A,0,PRE_PROJECT,NO_OFFICIAL_RECORD,공식 정비사업 기록 없음(선별 후보),,,241.11330290093173,500,N/A,35.1818,N/A,N/A,N/A,N/A,N/A,N/A,N/A,N/A,NOT_CALCULATED,N/A,N/A,N/A,UNKNOWN,N/A,N/A,N/A,N/A,N/A,N/A,N/A,NOT_CALCULATED,N/A,LOW,STAGE_MAPPED_ONLY,LOW
6674,신원당3단지동신2차,41281,경기,N/A,N/A,0,PRE_PROJECT,NO_OFFICIAL_RECORD,공식 정비사업 기록 없음(선별 후보),,,259.867479298802,495,N/A,36.693333333333335,N/A,N/A,N/A,N/A,N/A,N/A,N/A,N/A,NOT_CALCULATED,N/A,N/A,N/A,UNKNOWN,N/A,N/A,N/A,N/A,N/A,N/A,N/A,NOT_CALCULATED,N/A,LOW,STAGE_MAPPED_ONLY,LOW
6673,신원당8단지삼보아파트,41281,경기,N/A,N/A,0,PRE_PROJECT,NO_OFFICIAL_RECORD,공식 정비사업 기록 없음(선별 후보),,,270.961727885773,480,N/A,49.49208333333333,N/A,N/A,N/A,N/A,N/A,N/A,N/A,N/A,NOT_CALCULATED,N/A,N/A,N/A,UNKNOWN,N/A,N/A,N/A,N/A,N/A,N/A,N/A,NOT_CALCULATED,N/A,LOW,STAGE_MAPPED_ONLY,LOW
6672,신원당동신1차,41281,경기,N/A,N/A,0,PRE_PROJECT,NO_OFFICIAL_RECORD,공식 정비사업 기록 없음(선별 후보),,,291.8125692860941,390,N/A,56.89897435897436,N/A,N/A,N/A,N/A,N/A,N/A,N/A,N/A,NOT_CALCULATED,N/A,N/A,N/A,UNKNOWN,N/A,N/A,N/A,N/A,N/A,N/A,N/A,NOT_CALCULATED,N/A,LOW,STAGE_MAPPED_ONLY,LOW
6552,신유 5차 연립,41273,경기,N/A,N/A,0,PRE_PROJECT,NO_OFFICIAL_RECORD,공식 정비사업 기록 없음(선별 후보),,,N/A,111,N/A,58.84864864864865,N/A,N/A,N/A,N/A,N/A,N/A,N/A,N/A,NOT_CALCULATED,N/A,N/A,N/A,UNKNOWN,N/A,N/A,N/A,N/A,N/A,N/A,N/A,NOT_CALCULATED,N/A,LOW,STAGE_MAPPED_ONLY,LOW
7664,신천상아아파트,41390,경기,N/A,N/A,0,PRE_PROJECT,NO_OFFICIAL_RECORD,공식 정비사업 기록 없음(선별 후보),,,N/A,120,N/A,N/A,N/A,N/A,N/A,N/A,N/A,N/A,N/A,N/A,NOT_CALCULATED,N/A,N/A,N/A,UNKNOWN,N/A,N/A,N/A,N/A,N/A,N/A,N/A,NOT_CALCULATED,N/A,LOW,STAGE_MAPPED_ONLY,LOW
7671,신천우남한신,41390,경기,N/A,N/A,0,PRE_PROJECT,NO_OFFICIAL_RECORD,공식 정비사업 기록 없음(선별 후보),,,N/A,186,N/A,N/A,N/A,N/A,N/A,N/A,N/A,N/A,N/A,N/A,NOT_CALCULATED,N/A,N/A,N/A,UNKNOWN,N/A,N/A,N/A,N/A,N/A,N/A,N/A,NOT_CALCULATED,N/A,LOW,STAGE_MAPPED_ONLY,LOW
10080,신포천,41650,경기,N/A,N/A,0,PRE_PROJECT,NO_OFFICIAL_RECORD,공식 정비사업 기록 없음(선별 후보),,,N/A,299,N/A,N/A,N/A,N/A,N/A,N/A,N/A,N/A,N/A,N/A,NOT_CALCULATED,N/A,N/A,N/A,UNKNOWN,N/A,N/A,N/A,N/A,N/A,N/A,N/A,NOT_CALCULATED,N/A,LOW,STAGE_MAPPED_ONLY,LOW
4988,신흥청구,41131,경기,N/A,N/A,0,PRE_PROJECT,NO_OFFICIAL_RECORD,공식 정비사업 기록 없음(선별 후보),,,288.8506169949503,493,N/A,36.39310344827586,N/A,N/A,N/A,N/A,N/A,N/A,N/A,N/A,NOT_CALCULATED,N/A,N/A,N/A,UNKNOWN,N/A,N/A,N/A,N/A,N/A,N/A,N/A,NOT_CALCULATED,N/A,LOW,STAGE_MAPPED_ONLY,LOW
6082,쌍마한신,41210,경기,N/A,N/A,0,PRE_PROJECT,NO_OFFICIAL_RECORD,공식 정비사업 기록 없음(선별 후보),,,316.9785914398147,384,N/A,32.16197916666667,N/A,N/A,N/A,N/A,N/A,N/A,N/A,N/A,NOT_CALCULATED,N/A,N/A,N/A,UNKNOWN,N/A,N/A,N/A,N/A,N/A,N/A,N/A,NOT_CALCULATED,N/A,LOW,STAGE_MAPPED_ONLY,LOW
8024,쌍용개나리,41430,경기,N/A,N/A,0,PRE_PROJECT,NO_OFFICIAL_RECORD,공식 정비사업 기록 없음(선별 후보),,,N/A,166,N/A,N/A,N/A,N/A,N/A,N/A,N/A,N/A,N/A,N/A,NOT_CALCULATED,N/A,N/A,N/A,UNKNOWN,N/A,N/A,N/A,N/A,N/A,N/A,N/A,NOT_CALCULATED,N/A,LOW,STAGE_MAPPED_ONLY,LOW
8020,쌍용충무,41430,경기,N/A,N/A,0,PRE_PROJECT,NO_OFFICIAL_RECORD,공식 정비사업 기록 없음(선별 후보),,,N/A,332,N/A,N/A,N/A,N/A,N/A,N/A,N/A,N/A,N/A,N/A,NOT_CALCULATED,N/A,N/A,N/A,UNKNOWN,N/A,N/A,N/A,N/A,N/A,N/A,N/A,NOT_CALCULATED,N/A,LOW,STAGE_MAPPED_ONLY,LOW
5158,아름마을 두산삼호,41135,경기,N/A,N/A,0,PRE_PROJECT,NO_OFFICIAL_RECORD,공식 정비사업 기록 없음(선별 후보),,,202.2827451932209,1132,N/A,66.9696113074205,N/A,N/A,N/A,N/A,N/A,N/A,N/A,N/A,NOT_CALCULATED,N/A,N/A,N/A,UNKNOWN,N/A,N/A,N/A,N/A,N/A,N/A,N/A,NOT_CALCULATED,N/A,LOW,STAGE_MAPPED_ONLY,LOW
6443,아산만우경아파트,41220,경기,N/A,N/A,0,PRE_PROJECT,NO_OFFICIAL_RECORD,공식 정비사업 기록 없음(선별 후보),,,361.82470433639946,124,N/A,30.68548387096774,N/A,N/A,N/A,N/A,N/A,N/A,N/A,N/A,NOT_CALCULATED,N/A,N/A,N/A,UNKNOWN,N/A,N/A,N/A,N/A,N/A,N/A,N/A,NOT_CALCULATED,N/A,LOW,STAGE_MAPPED_ONLY,LOW
9072,아양주공1차,41550,경기,N/A,N/A,0,PRE_PROJECT,NO_OFFICIAL_RECORD,공식 정비사업 기록 없음(선별 후보),,,N/A,936,N/A,N/A,N/A,N/A,N/A,N/A,N/A,N/A,N/A,N/A,NOT_CALCULATED,N/A,N/A,N/A,UNKNOWN,N/A,N/A,N/A,N/A,N/A,N/A,N/A,NOT_CALCULATED,N/A,LOW,STAGE_MAPPED_ONLY,LOW
9073,아양주공2단지아파트,41550,경기,N/A,N/A,0,PRE_PROJECT,NO_OFFICIAL_RECORD,공식 정비사업 기록 없음(선별 후보),,,N/A,712,N/A,N/A,N/A,N/A,N/A,N/A,N/A,N/A,N/A,N/A,NOT_CALCULATED,N/A,N/A,N/A,UNKNOWN,N/A,N/A,N/A,N/A,N/A,N/A,N/A,NOT_CALCULATED,N/A,LOW,STAGE_MAPPED_ONLY,LOW
6197,아주1차,41220,경기,N/A,N/A,0,PRE_PROJECT,NO_OFFICIAL_RECORD,공식 정비사업 기록 없음(선별 후보),,,249.32237122957343,670,N/A,38.80850746268657,N/A,N/A,N/A,N/A,N/A,N/A,N/A,N/A,NOT_CALCULATED,N/A,N/A,N/A,UNKNOWN,N/A,N/A,N/A,N/A,N/A,N/A,N/A,NOT_CALCULATED,N/A,LOW,STAGE_MAPPED_ONLY,LOW
6208,아주2차,41220,경기,N/A,N/A,0,PRE_PROJECT,NO_OFFICIAL_RECORD,공식 정비사업 기록 없음(선별 후보),,,204.36092358787351,286,N/A,41.901048951048956,N/A,N/A,N/A,N/A,N/A,N/A,N/A,N/A,NOT_CALCULATED,N/A,N/A,N/A,UNKNOWN,N/A,N/A,N/A,N/A,N/A,N/A,N/A,NOT_CALCULATED,N/A,LOW,STAGE_MAPPED_ONLY,LOW
7762,아주4차아파트401동,41390,경기,N/A,N/A,0,PRE_PROJECT,NO_OFFICIAL_RECORD,공식 정비사업 기록 없음(선별 후보),,,N/A,119,N/A,N/A,N/A,N/A,N/A,N/A,N/A,N/A,N/A,N/A,NOT_CALCULATED,N/A,N/A,N/A,UNKNOWN,N/A,N/A,N/A,N/A,N/A,N/A,N/A,NOT_CALCULATED,N/A,LOW,STAGE_MAPPED_ONLY,LOW
7765,아주5차아파트,41390,경기,N/A,N/A,0,PRE_PROJECT,NO_OFFICIAL_RECORD,공식 정비사업 기록 없음(선별 후보),,,N/A,136,N/A,N/A,N/A,N/A,N/A,N/A,N/A,N/A,N/A,N/A,NOT_CALCULATED,N/A,N/A,N/A,UNKNOWN,N/A,N/A,N/A,N/A,N/A,N/A,N/A,NOT_CALCULATED,N/A,LOW,STAGE_MAPPED_ONLY,LOW
6560,안산고잔8단지,41273,경기,N/A,N/A,0,PRE_PROJECT,NO_OFFICIAL_RECORD,공식 정비사업 기록 없음(선별 후보),,,151.0052941569769,1020,N/A,48.38852941176471,N/A,N/A,N/A,N/A,N/A,N/A,N/A,N/A,NOT_CALCULATED,N/A,N/A,N/A,UNKNOWN,N/A,N/A,N/A,N/A,N/A,N/A,N/A,NOT_CALCULATED,N/A,LOW,STAGE_MAPPED_ONLY,LOW
6628,안산군자13단지,41273,경기,N/A,N/A,0,PRE_PROJECT,NO_OFFICIAL_RECORD,공식 정비사업 기록 없음(선별 후보),,,45.7282323488065,588,N/A,96.05544217687074,N/A,N/A,N/A,N/A,N/A,N/A,N/A,N/A,NOT_CALCULATED,N/A,N/A,N/A,UNKNOWN,N/A,N/A,N/A,N/A,N/A,N/A,N/A,NOT_CALCULATED,N/A,LOW,STAGE_MAPPED_ONLY,LOW
6534,안산현대2차아파트,41271,경기,N/A,N/A,0,PRE_PROJECT,NO_OFFICIAL_RECORD,공식 정비사업 기록 없음(선별 후보),,,198.04857650625502,770,N/A,55.903246753246755,N/A,N/A,N/A,N/A,N/A,N/A,N/A,N/A,NOT_CALCULATED,N/A,N/A,N/A,UNKNOWN,N/A,N/A,N/A,N/A,N/A,N/A,N/A,NOT_CALCULATED,N/A,LOW,STAGE_MAPPED_ONLY,LOW
9056,안성동신아파트,41550,경기,N/A,N/A,0,PRE_PROJECT,NO_OFFICIAL_RECORD,공식 정비사업 기록 없음(선별 후보),,,N/A,496,N/A,N/A,N/A,N/A,N/A,N/A,N/A,N/A,N/A,N/A,NOT_CALCULATED,N/A,N/A,N/A,UNKNOWN,N/A,N/A,N/A,N/A,N/A,N/A,N/A,NOT_CALCULATED,N/A,LOW,STAGE_MAPPED_ONLY,LOW
5643,안양극동스타크래스 아파트,41171,경기,N/A,N/A,0,PRE_PROJECT,NO_OFFICIAL_RECORD,공식 정비사업 기록 없음(선별 후보),,,258.3416421234106,312,N/A,44.618589743589745,N/A,N/A,N/A,N/A,N/A,N/A,N/A,N/A,NOT_CALCULATED,N/A,N/A,N/A,UNKNOWN,N/A,N/A,N/A,N/A,N/A,N/A,N/A,NOT_CALCULATED,N/A,LOW,STAGE_MAPPED_ONLY,LOW
5584,안양대우,41171,경기,N/A,N/A,0,PRE_PROJECT,NO_OFFICIAL_RECORD,공식 정비사업 기록 없음(선별 후보),,,284.14448275862065,498,N/A,34.93975903614458,N/A,N/A,N/A,N/A,N/A,N/A,N/A,N/A,NOT_CALCULATED,N/A,N/A,N/A,UNKNOWN,N/A,N/A,N/A,N/A,N/A,N/A,N/A,NOT_CALCULATED,N/A,LOW,STAGE_MAPPED_ONLY,LOW
5586,안양동 삼성,41171,경기,N/A,N/A,0,PRE_PROJECT,NO_OFFICIAL_RECORD,공식 정비사업 기록 없음(선별 후보),,,290.309407456815,366,N/A,40.14371584699454,N/A,N/A,N/A,N/A,N/A,N/A,N/A,N/A,NOT_CALCULATED,N/A,N/A,N/A,UNKNOWN,N/A,N/A,N/A,N/A,N/A,N/A,N/A,NOT_CALCULATED,N/A,LOW,STAGE_MAPPED_ONLY,LOW
5590,안양성원2차,41171,경기,N/A,N/A,0,PRE_PROJECT,NO_OFFICIAL_RECORD,공식 정비사업 기록 없음(선별 후보),,,N/A,171,N/A,N/A,N/A,N/A,N/A,N/A,N/A,N/A,N/A,N/A,NOT_CALCULATED,N/A,N/A,N/A,UNKNOWN,N/A,N/A,N/A,N/A,N/A,N/A,N/A,NOT_CALCULATED,N/A,LOW,STAGE_MAPPED_ONLY,LOW
5602,안양프라자,41171,경기,N/A,N/A,0,PRE_PROJECT,NO_OFFICIAL_RECORD,공식 정비사업 기록 없음(선별 후보),,,264.714904517932,637,N/A,33.70486656200942,N/A,N/A,N/A,N/A,N/A,N/A,N/A,N/A,NOT_CALCULATED,N/A,N/A,N/A,UNKNOWN,N/A,N/A,N/A,N/A,N/A,N/A,N/A,NOT_CALCULATED,N/A,LOW,STAGE_MAPPED_ONLY,LOW
6389,안중동환,41220,경기,N/A,N/A,0,PRE_PROJECT,NO_OFFICIAL_RECORD,공식 정비사업 기록 없음(선별 후보),,,N/A,193,N/A,N/A,N/A,N/A,N/A,N/A,N/A,N/A,N/A,N/A,NOT_CALCULATED,N/A,N/A,N/A,UNKNOWN,N/A,N/A,N/A,N/A,N/A,N/A,N/A,NOT_CALCULATED,N/A,LOW,STAGE_MAPPED_ONLY,LOW
5196,야탑매화마을2단지,41135,경기,N/A,N/A,0,PRE_PROJECT,NO_OFFICIAL_RECORD,공식 정비사업 기록 없음(선별 후보),,,167.57607749238133,1185,N/A,41.48168776371308,N/A,N/A,N/A,N/A,N/A,N/A,N/A,N/A,NOT_CALCULATED,N/A,N/A,N/A,UNKNOWN,N/A,N/A,N/A,N/A,N/A,N/A,N/A,NOT_CALCULATED,N/A,LOW,STAGE_MAPPED_ONLY,LOW
5192,야탑매화마을동신건영2차빌라,41135,경기,N/A,N/A,0,PRE_PROJECT,NO_OFFICIAL_RECORD,공식 정비사업 기록 없음(선별 후보),,,158.52339972419574,240,N/A,71.60875,N/A,N/A,N/A,N/A,N/A,N/A,N/A,N/A,NOT_CALCULATED,N/A,N/A,N/A,UNKNOWN,N/A,N/A,N/A,N/A,N/A,N/A,N/A,NOT_CALCULATED,N/A,LOW,STAGE_MAPPED_ONLY,LOW
5203,야탑매화마을주공1단지,41135,경기,N/A,N/A,0,PRE_PROJECT,NO_OFFICIAL_RECORD,공식 정비사업 기록 없음(선별 후보),,,184.30606399726864,562,N/A,46.904804270462634,N/A,N/A,N/A,N/A,N/A,N/A,N/A,N/A,NOT_CALCULATED,N/A,N/A,N/A,UNKNOWN,N/A,N/A,N/A,N/A,N/A,N/A,N/A,NOT_CALCULATED,N/A,LOW,STAGE_MAPPED_ONLY,LOW
5197,야탑매화마을주공4단지,41135,경기,N/A,N/A,0,PRE_PROJECT,NO_OFFICIAL_RECORD,공식 정비사업 기록 없음(선별 후보),,,146.3691762433291,643,N/A,38.00062208398134,N/A,N/A,N/A,N/A,N/A,N/A,N/A,N/A,NOT_CALCULATED,N/A,N/A,N/A,UNKNOWN,N/A,N/A,N/A,N/A,N/A,N/A,N/A,NOT_CALCULATED,N/A,LOW,STAGE_MAPPED_ONLY,LOW
5184,야탑목련마을대원빌라1,41135,경기,N/A,N/A,0,PRE_PROJECT,NO_OFFICIAL_RECORD,공식 정비사업 기록 없음(선별 후보),,,132.33857395732508,172,N/A,66.675,N/A,N/A,N/A,N/A,N/A,N/A,N/A,N/A,NOT_CALCULATED,N/A,N/A,N/A,UNKNOWN,N/A,N/A,N/A,N/A,N/A,N/A,N/A,NOT_CALCULATED,N/A,LOW,STAGE_MAPPED_ONLY,LOW
5185,야탑목련마을대원빌라3,41135,경기,N/A,N/A,0,PRE_PROJECT,NO_OFFICIAL_RECORD,공식 정비사업 기록 없음(선별 후보),,,127.21458969060879,216,N/A,67.66574074074073,N/A,N/A,N/A,N/A,N/A,N/A,N/A,N/A,NOT_CALCULATED,N/A,N/A,N/A,UNKNOWN,N/A,N/A,N/A,N/A,N/A,N/A,N/A,NOT_CALCULATED,N/A,LOW,STAGE_MAPPED_ONLY,LOW
5207,야탑목련마을영남,41135,경기,N/A,N/A,0,PRE_PROJECT,NO_OFFICIAL_RECORD,공식 정비사업 기록 없음(선별 후보),,,208.8574745612238,294,N/A,49.80612244897959,N/A,N/A,N/A,N/A,N/A,N/A,N/A,N/A,NOT_CALCULATED,N/A,N/A,N/A,UNKNOWN,N/A,N/A,N/A,N/A,N/A,N/A,N/A,NOT_CALCULATED,N/A,LOW,STAGE_MAPPED_ONLY,LOW
5187,야탑목련마을한신,41135,경기,N/A,N/A,0,PRE_PROJECT,NO_OFFICIAL_RECORD,공식 정비사업 기록 없음(선별 후보),,,213.46847939824994,264,N/A,49.955303030303035,N/A,N/A,N/A,N/A,N/A,N/A,N/A,N/A,NOT_CALCULATED,N/A,N/A,N/A,UNKNOWN,N/A,N/A,N/A,N/A,N/A,N/A,N/A,NOT_CALCULATED,N/A,LOW,STAGE_MAPPED_ONLY,LOW
5206,야탑목련마을한일,41135,경기,N/A,N/A,0,PRE_PROJECT,NO_OFFICIAL_RECORD,공식 정비사업 기록 없음(선별 후보),,,207.96305044588027,278,N/A,49.49388489208633,N/A,N/A,N/A,N/A,N/A,N/A,N/A,N/A,NOT_CALCULATED,N/A,N/A,N/A,UNKNOWN,N/A,N/A,N/A,N/A,N/A,N/A,N/A,NOT_CALCULATED,N/A,LOW,STAGE_MAPPED_ONLY,LOW
5186,야탑목련마을화성빌리지,41135,경기,N/A,N/A,0,PRE_PROJECT,NO_OFFICIAL_RECORD,공식 정비사업 기록 없음(선별 후보),,,140.3006012024048,224,N/A,93.5625,N/A,N/A,N/A,N/A,N/A,N/A,N/A,N/A,NOT_CALCULATED,N/A,N/A,N/A,UNKNOWN,N/A,N/A,N/A,N/A,N/A,N/A,N/A,NOT_CALCULATED,N/A,LOW,STAGE_MAPPED_ONLY,LOW
5194,야탑분당매화연립,41135,경기,N/A,N/A,0,PRE_PROJECT,NO_OFFICIAL_RECORD,공식 정비사업 기록 없음(선별 후보),,,115.41216077859818,252,N/A,65.88968253968254,N/A,N/A,N/A,N/A,N/A,N/A,N/A,N/A,NOT_CALCULATED,N/A,N/A,N/A,UNKNOWN,N/A,N/A,N/A,N/A,N/A,N/A,N/A,NOT_CALCULATED,N/A,LOW,STAGE_MAPPED_ONLY,LOW
5179,야탑분당목련1,41135,경기,N/A,N/A,0,PRE_PROJECT,NO_OFFICIAL_RECORD,공식 정비사업 기록 없음(선별 후보),,,245.27150219015715,1460,N/A,13.29109589041096,N/A,N/A,N/A,N/A,N/A,N/A,N/A,N/A,NOT_CALCULATED,N/A,N/A,N/A,UNKNOWN,N/A,N/A,N/A,N/A,N/A,N/A,N/A,NOT_CALCULATED,N/A,LOW,STAGE_MAPPED_ONLY,LOW
5182,야탑장미마을동부,41135,경기,N/A,N/A,0,PRE_PROJECT,NO_OFFICIAL_RECORD,공식 정비사업 기록 없음(선별 후보),,,154.6029525755242,1134,N/A,59.95423280423281,N/A,N/A,N/A,N/A,N/A,N/A,N/A,N/A,NOT_CALCULATED,N/A,N/A,N/A,UNKNOWN,N/A,N/A,N/A,N/A,N/A,N/A,N/A,NOT_CALCULATED,N/A,LOW,STAGE_MAPPED_ONLY,LOW
5181,야탑장미마을코오롱,41135,경기,N/A,N/A,0,PRE_PROJECT,NO_OFFICIAL_RECORD,공식 정비사업 기록 없음(선별 후보),,,151.13320125139543,1082,N/A,62.83558225508318,N/A,N/A,N/A,N/A,N/A,N/A,N/A,N/A,NOT_CALCULATED,N/A,N/A,N/A,UNKNOWN,N/A,N/A,N/A,N/A,N/A,N/A,N/A,NOT_CALCULATED,N/A,LOW,STAGE_MAPPED_ONLY,LOW
5183,야탑장미마을현대,41135,경기,N/A,N/A,0,PRE_PROJECT,NO_OFFICIAL_RECORD,공식 정비사업 기록 없음(선별 후보),,,N/A,2136,N/A,N/A,N/A,N/A,N/A,N/A,N/A,N/A,N/A,N/A,NOT_CALCULATED,N/A,N/A,N/A,UNKNOWN,N/A,N/A,N/A,N/A,N/A,N/A,N/A,NOT_CALCULATED,N/A,LOW,STAGE_MAPPED_ONLY,LOW
5199,야탑탑마을벽산,41135,경기,N/A,N/A,0,PRE_PROJECT,NO_OFFICIAL_RECORD,공식 정비사업 기록 없음(선별 후보),,,250.66105285741105,646,N/A,57.72291021671827,N/A,N/A,N/A,N/A,N/A,N/A,N/A,N/A,NOT_CALCULATED,N/A,N/A,N/A,UNKNOWN,N/A,N/A,N/A,N/A,N/A,N/A,N/A,NOT_CALCULATED,N/A,LOW,STAGE_MAPPED_ONLY,LOW
5200,야탑탑마을선경,41135,경기,N/A,N/A,0,PRE_PROJECT,NO_OFFICIAL_RECORD,공식 정비사업 기록 없음(선별 후보),,,238.30179665105496,976,N/A,52.32868852459017,N/A,N/A,N/A,N/A,N/A,N/A,N/A,N/A,NOT_CALCULATED,N/A,N/A,N/A,UNKNOWN,N/A,N/A,N/A,N/A,N/A,N/A,N/A,NOT_CALCULATED,N/A,LOW,STAGE_MAPPED_ONLY,LOW
5201,야탑탑마을타워빌,41135,경기,N/A,N/A,0,PRE_PROJECT,NO_OFFICIAL_RECORD,공식 정비사업 기록 없음(선별 후보),,,N/A,1166,N/A,N/A,N/A,N/A,N/A,N/A,N/A,N/A,N/A,N/A,NOT_CALCULATED,N/A,N/A,N/A,UNKNOWN,N/A,N/A,N/A,N/A,N/A,N/A,N/A,NOT_CALCULATED,N/A,LOW,STAGE_MAPPED_ONLY,LOW
5799,약대현대아파트,41192,경기,N/A,N/A,0,PRE_PROJECT,NO_OFFICIAL_RECORD,공식 정비사업 기록 없음(선별 후보),,,156.54028762127572,290,N/A,50.11379310344827,N/A,N/A,N/A,N/A,N/A,N/A,N/A,N/A,NOT_CALCULATED,N/A,N/A,N/A,UNKNOWN,N/A,N/A,N/A,N/A,N/A,N/A,N/A,NOT_CALCULATED,N/A,LOW,STAGE_MAPPED_ONLY,LOW
10003,양주덕계신우,41630,경기,N/A,N/A,0,PRE_PROJECT,NO_OFFICIAL_RECORD,공식 정비사업 기록 없음(선별 후보),,,N/A,491,N/A,N/A,N/A,N/A,N/A,N/A,N/A,N/A,N/A,N/A,NOT_CALCULATED,N/A,N/A,N/A,UNKNOWN,N/A,N/A,N/A,N/A,N/A,N/A,N/A,NOT_CALCULATED,N/A,LOW,STAGE_MAPPED_ONLY,LOW
6871,양지2단지건영빌라입주자대표회의,41285,경기,N/A,N/A,0,PRE_PROJECT,NO_OFFICIAL_RECORD,공식 정비사업 기록 없음(선별 후보),,,122.98589306144254,147,N/A,134.97482993197278,N/A,N/A,N/A,N/A,N/A,N/A,N/A,N/A,NOT_CALCULATED,N/A,N/A,N/A,UNKNOWN,N/A,N/A,N/A,N/A,N/A,N/A,N/A,NOT_CALCULATED,N/A,LOW,STAGE_MAPPED_ONLY,LOW
5108,양지마을 금호 1단지 아파트,41135,경기,N/A,N/A,0,PRE_PROJECT,NO_OFFICIAL_RECORD,공식 정비사업 기록 없음(선별 후보),,,N/A,918,N/A,N/A,N/A,N/A,N/A,N/A,N/A,N/A,N/A,N/A,NOT_CALCULATED,N/A,N/A,N/A,UNKNOWN,N/A,N/A,N/A,N/A,N/A,N/A,N/A,NOT_CALCULATED,N/A,LOW,STAGE_MAPPED_ONLY,LOW
5106,양지마을 금호 6단지 아파트,41135,경기,N/A,N/A,0,PRE_PROJECT,NO_OFFICIAL_RECORD,공식 정비사업 기록 없음(선별 후보),,,162.3449131848414,158,N/A,93.82658227848101,N/A,N/A,N/A,N/A,N/A,N/A,N/A,N/A,NOT_CALCULATED,N/A,N/A,N/A,UNKNOWN,N/A,N/A,N/A,N/A,N/A,N/A,N/A,NOT_CALCULATED,N/A,LOW,STAGE_MAPPED_ONLY,LOW
6869,양지마을1단지,41285,경기,N/A,N/A,0,PRE_PROJECT,NO_OFFICIAL_RECORD,공식 정비사업 기록 없음(선별 후보),,,125.27932537921312,108,N/A,177.3287037037037,N/A,N/A,N/A,N/A,N/A,N/A,N/A,N/A,NOT_CALCULATED,N/A,N/A,N/A,UNKNOWN,N/A,N/A,N/A,N/A,N/A,N/A,N/A,NOT_CALCULATED,N/A,LOW,STAGE_MAPPED_ONLY,LOW
6874,양지마을4단지건영빌라,41285,경기,N/A,N/A,0,PRE_PROJECT,NO_OFFICIAL_RECORD,공식 정비사업 기록 없음(선별 후보),,,156.6068086397896,152,N/A,91.04144736842105,N/A,N/A,N/A,N/A,N/A,N/A,N/A,N/A,NOT_CALCULATED,N/A,N/A,N/A,UNKNOWN,N/A,N/A,N/A,N/A,N/A,N/A,N/A,NOT_CALCULATED,N/A,LOW,STAGE_MAPPED_ONLY,LOW
10172,양평그린1차아파트,41830,경기,N/A,N/A,0,PRE_PROJECT,NO_OFFICIAL_RECORD,공식 정비사업 기록 없음(선별 후보),,,N/A,220,N/A,N/A,N/A,N/A,N/A,N/A,N/A,N/A,N/A,N/A,NOT_CALCULATED,N/A,N/A,N/A,UNKNOWN,N/A,N/A,N/A,N/A,N/A,N/A,N/A,NOT_CALCULATED,N/A,LOW,STAGE_MAPPED_ONLY,LOW
10173,양평그린2차,41830,경기,N/A,N/A,0,PRE_PROJECT,NO_OFFICIAL_RECORD,공식 정비사업 기록 없음(선별 후보),,,N/A,252,N/A,N/A,N/A,N/A,N/A,N/A,N/A,N/A,N/A,N/A,NOT_CALCULATED,N/A,N/A,N/A,UNKNOWN,N/A,N/A,N/A,N/A,N/A,N/A,N/A,NOT_CALCULATED,N/A,LOW,STAGE_MAPPED_ONLY,LOW
6994,에이스10차아파트,41287,경기,N/A,N/A,0,PRE_PROJECT,NO_OFFICIAL_RECORD,공식 정비사업 기록 없음(선별 후보),,,420.73806289308175,658,N/A,30.20516717325228,N/A,N/A,N/A,N/A,N/A,N/A,N/A,N/A,NOT_CALCULATED,N/A,N/A,N/A,UNKNOWN,N/A,N/A,N/A,N/A,N/A,N/A,N/A,NOT_CALCULATED,N/A,LOW,STAGE_MAPPED_ONLY,LOW
6474,에이스3,41250,경기,N/A,N/A,0,PRE_PROJECT,NO_OFFICIAL_RECORD,공식 정비사업 기록 없음(선별 후보),,,348.35065521915953,270,N/A,32.785185185185185,N/A,N/A,N/A,N/A,N/A,N/A,N/A,N/A,NOT_CALCULATED,N/A,N/A,N/A,UNKNOWN,N/A,N/A,N/A,N/A,N/A,N/A,N/A,NOT_CALCULATED,N/A,LOW,STAGE_MAPPED_ONLY,LOW
6263,엘지덕동,41220,경기,N/A,N/A,0,PRE_PROJECT,NO_OFFICIAL_RECORD,공식 정비사업 기록 없음(선별 후보),,,128.20372890358578,494,N/A,86.13097165991903,N/A,N/A,N/A,N/A,N/A,N/A,N/A,N/A,NOT_CALCULATED,N/A,N/A,N/A,UNKNOWN,N/A,N/A,N/A,N/A,N/A,N/A,N/A,NOT_CALCULATED,N/A,LOW,STAGE_MAPPED_ONLY,LOW
6003,여월동 영화아파트,41196,경기,N/A,N/A,0,PRE_PROJECT,NO_OFFICIAL_RECORD,공식 정비사업 기록 없음(선별 후보),,,N/A,105,N/A,N/A,N/A,N/A,N/A,N/A,N/A,N/A,N/A,N/A,NOT_CALCULATED,N/A,N/A,N/A,UNKNOWN,N/A,N/A,N/A,N/A,N/A,N/A,N/A,NOT_CALCULATED,N/A,LOW,STAGE_MAPPED_ONLY,LOW
5817,역곡한국,41192,경기,N/A,N/A,0,PRE_PROJECT,NO_OFFICIAL_RECORD,공식 정비사업 기록 없음(선별 후보),,,235.40684450165296,497,N/A,50.33340040241449,N/A,N/A,N/A,N/A,N/A,N/A,N/A,N/A,NOT_CALCULATED,N/A,N/A,N/A,UNKNOWN,N/A,N/A,N/A,N/A,N/A,N/A,N/A,NOT_CALCULATED,N/A,LOW,STAGE_MAPPED_ONLY,LOW
4637,연안,41113,경기,N/A,N/A,0,PRE_PROJECT,NO_OFFICIAL_RECORD,공식 정비사업 기록 없음(선별 후보),,,178.7477463712758,190,N/A,34.44736842105263,N/A,N/A,N/A,N/A,N/A,N/A,N/A,N/A,NOT_CALCULATED,N/A,N/A,N/A,UNKNOWN,N/A,N/A,N/A,N/A,N/A,N/A,N/A,NOT_CALCULATED,N/A,LOW,STAGE_MAPPED_ONLY,LOW
10129,연천조흥,41800,경기,N/A,N/A,0,PRE_PROJECT,NO_OFFICIAL_RECORD,공식 정비사업 기록 없음(선별 후보),,,N/A,213,N/A,N/A,N/A,N/A,N/A,N/A,N/A,N/A,N/A,N/A,NOT_CALCULATED,N/A,N/A,N/A,UNKNOWN,N/A,N/A,N/A,N/A,N/A,N/A,N/A,NOT_CALCULATED,N/A,LOW,STAGE_MAPPED_ONLY,LOW
4605,영광아파트,41111,경기,N/A,N/A,0,PRE_PROJECT,NO_OFFICIAL_RECORD,공식 정비사업 기록 없음(선별 후보),,,452.998476490675,139,N/A,27.388489208633093,N/A,N/A,N/A,N/A,N/A,N/A,N/A,N/A,NOT_CALCULATED,N/A,N/A,N/A,UNKNOWN,N/A,N/A,N/A,N/A,N/A,N/A,N/A,NOT_CALCULATED,N/A,LOW,STAGE_MAPPED_ONLY,LOW
7875,영남아파트4단지,41390,경기,N/A,N/A,0,PRE_PROJECT,NO_OFFICIAL_RECORD,공식 정비사업 기록 없음(선별 후보),,,N/A,330,N/A,N/A,N/A,N/A,N/A,N/A,N/A,N/A,N/A,N/A,NOT_CALCULATED,N/A,N/A,N/A,UNKNOWN,N/A,N/A,N/A,N/A,N/A,N/A,N/A,NOT_CALCULATED,N/A,LOW,STAGE_MAPPED_ONLY,LOW
6504,예누림아파트,41271,경기,N/A,N/A,0,PRE_PROJECT,NO_OFFICIAL_RECORD,공식 정비사업 기록 없음(선별 후보),,,196.528671432528,576,N/A,86.50451388888888,N/A,N/A,N/A,N/A,N/A,N/A,N/A,N/A,NOT_CALCULATED,N/A,N/A,N/A,UNKNOWN,N/A,N/A,N/A,N/A,N/A,N/A,N/A,NOT_CALCULATED,N/A,LOW,STAGE_MAPPED_ONLY,LOW
5805,예원아파트,41192,경기,N/A,N/A,0,PRE_PROJECT,NO_OFFICIAL_RECORD,공식 정비사업 기록 없음(선별 후보),,,174.49069015135942,190,N/A,48.646842105263154,N/A,N/A,N/A,N/A,N/A,N/A,N/A,N/A,NOT_CALCULATED,N/A,N/A,N/A,UNKNOWN,N/A,N/A,N/A,N/A,N/A,N/A,N/A,NOT_CALCULATED,N/A,LOW,STAGE_MAPPED_ONLY,LOW
7496,오남성도,41360,경기,N/A,N/A,0,PRE_PROJECT,NO_OFFICIAL_RECORD,공식 정비사업 기록 없음(선별 후보),,,N/A,250,N/A,N/A,N/A,N/A,N/A,N/A,N/A,N/A,N/A,N/A,NOT_CALCULATED,N/A,N/A,N/A,UNKNOWN,N/A,N/A,N/A,N/A,N/A,N/A,N/A,NOT_CALCULATED,N/A,LOW,STAGE_MAPPED_ONLY,LOW
7479,오남양지극동,41360,경기,N/A,N/A,0,PRE_PROJECT,NO_OFFICIAL_RECORD,공식 정비사업 기록 없음(선별 후보),,,N/A,498,N/A,N/A,N/A,N/A,N/A,N/A,N/A,N/A,N/A,N/A,NOT_CALCULATED,N/A,N/A,N/A,UNKNOWN,N/A,N/A,N/A,N/A,N/A,N/A,N/A,NOT_CALCULATED,N/A,LOW,STAGE_MAPPED_ONLY,LOW
7482,오남양지삼신15차,41360,경기,N/A,N/A,0,PRE_PROJECT,NO_OFFICIAL_RECORD,공식 정비사업 기록 없음(선별 후보),,,N/A,348,N/A,N/A,N/A,N/A,N/A,N/A,N/A,N/A,N/A,N/A,NOT_CALCULATED,N/A,N/A,N/A,UNKNOWN,N/A,N/A,N/A,N/A,N/A,N/A,N/A,NOT_CALCULATED,N/A,LOW,STAGE_MAPPED_ONLY,LOW
7507,오남진주,41360,경기,N/A,N/A,0,PRE_PROJECT,NO_OFFICIAL_RECORD,공식 정비사업 기록 없음(선별 후보),,,N/A,2011,N/A,N/A,N/A,N/A,N/A,N/A,N/A,N/A,N/A,N/A,NOT_CALCULATED,N/A,N/A,N/A,UNKNOWN,N/A,N/A,N/A,N/A,N/A,N/A,N/A,NOT_CALCULATED,N/A,LOW,STAGE_MAPPED_ONLY,LOW
7487,오남현대,41360,경기,N/A,N/A,0,PRE_PROJECT,NO_OFFICIAL_RECORD,공식 정비사업 기록 없음(선별 후보),,,N/A,361,N/A,N/A,N/A,N/A,N/A,N/A,N/A,N/A,N/A,N/A,NOT_CALCULATED,N/A,N/A,N/A,UNKNOWN,N/A,N/A,N/A,N/A,N/A,N/A,N/A,NOT_CALCULATED,N/A,LOW,STAGE_MAPPED_ONLY,LOW
7592,오산대우,41370,경기,N/A,N/A,0,PRE_PROJECT,NO_OFFICIAL_RECORD,공식 정비사업 기록 없음(선별 후보),,,N/A,1144,N/A,N/A,N/A,N/A,N/A,N/A,N/A,N/A,N/A,N/A,NOT_CALCULATED,N/A,N/A,N/A,UNKNOWN,N/A,N/A,N/A,N/A,N/A,N/A,N/A,NOT_CALCULATED,N/A,LOW,STAGE_MAPPED_ONLY,LOW
7564,오산신양,41370,경기,N/A,N/A,0,PRE_PROJECT,NO_OFFICIAL_RECORD,공식 정비사업 기록 없음(선별 후보),,,N/A,170,N/A,N/A,N/A,N/A,N/A,N/A,N/A,N/A,N/A,N/A,NOT_CALCULATED,N/A,N/A,N/A,UNKNOWN,N/A,N/A,N/A,N/A,N/A,N/A,N/A,NOT_CALCULATED,N/A,LOW,STAGE_MAPPED_ONLY,LOW
7555,오산청구,41370,경기,N/A,N/A,0,PRE_PROJECT,NO_OFFICIAL_RECORD,공식 정비사업 기록 없음(선별 후보),,,N/A,320,N/A,N/A,N/A,N/A,N/A,N/A,N/A,N/A,N/A,N/A,NOT_CALCULATED,N/A,N/A,N/A,UNKNOWN,N/A,N/A,N/A,N/A,N/A,N/A,N/A,NOT_CALCULATED,N/A,LOW,STAGE_MAPPED_ONLY,LOW
6002,오정세종2차,41196,경기,N/A,N/A,0,PRE_PROJECT,NO_OFFICIAL_RECORD,공식 정비사업 기록 없음(선별 후보),,,215.28660220994476,384,N/A,49.020833333333336,N/A,N/A,N/A,N/A,N/A,N/A,N/A,N/A,NOT_CALCULATED,N/A,N/A,N/A,UNKNOWN,N/A,N/A,N/A,N/A,N/A,N/A,N/A,NOT_CALCULATED,N/A,LOW,STAGE_MAPPED_ONLY,LOW
6760,옥빛마을12단지,41281,경기,N/A,N/A,0,PRE_PROJECT,NO_OFFICIAL_RECORD,공식 정비사업 기록 없음(선별 후보),,,223.05615437744618,570,N/A,41.91140350877193,N/A,N/A,N/A,N/A,N/A,N/A,N/A,N/A,NOT_CALCULATED,N/A,N/A,N/A,UNKNOWN,N/A,N/A,N/A,N/A,N/A,N/A,N/A,NOT_CALCULATED,N/A,LOW,STAGE_MAPPED_ONLY,LOW
8373,용인세원아파트,41463,경기,N/A,N/A,0,PRE_PROJECT,NO_OFFICIAL_RECORD,공식 정비사업 기록 없음(선별 후보),,,N/A,320,N/A,N/A,N/A,N/A,N/A,N/A,N/A,N/A,N/A,N/A,NOT_CALCULATED,N/A,N/A,N/A,UNKNOWN,N/A,N/A,N/A,N/A,N/A,N/A,N/A,NOT_CALCULATED,N/A,LOW,STAGE_MAPPED_ONLY,LOW
8240,용인인정프린스2차,41461,경기,N/A,N/A,0,PRE_PROJECT,NO_OFFICIAL_RECORD,공식 정비사업 기록 없음(선별 후보),,,N/A,330,N/A,N/A,N/A,N/A,N/A,N/A,N/A,N/A,N/A,N/A,NOT_CALCULATED,N/A,N/A,N/A,UNKNOWN,N/A,N/A,N/A,N/A,N/A,N/A,N/A,NOT_CALCULATED,N/A,LOW,STAGE_MAPPED_ONLY,LOW
5460,용현금용,41150,경기,N/A,N/A,0,PRE_PROJECT,NO_OFFICIAL_RECORD,공식 정비사업 기록 없음(선별 후보),,,N/A,143,N/A,N/A,N/A,N/A,N/A,N/A,N/A,N/A,N/A,N/A,NOT_CALCULATED,N/A,N/A,N/A,UNKNOWN,N/A,N/A,N/A,N/A,N/A,N/A,N/A,NOT_CALCULATED,N/A,LOW,STAGE_MAPPED_ONLY,LOW
5462,용현세아1차,41150,경기,N/A,N/A,0,PRE_PROJECT,NO_OFFICIAL_RECORD,공식 정비사업 기록 없음(선별 후보),,,477.2514817950889,202,N/A,23.386138613861387,N/A,N/A,N/A,N/A,N/A,N/A,N/A,N/A,NOT_CALCULATED,N/A,N/A,N/A,UNKNOWN,N/A,N/A,N/A,N/A,N/A,N/A,N/A,NOT_CALCULATED,N/A,LOW,STAGE_MAPPED_ONLY,LOW
5463,용현세아2차,41150,경기,N/A,N/A,0,PRE_PROJECT,NO_OFFICIAL_RECORD,공식 정비사업 기록 없음(선별 후보),,,N/A,237,N/A,N/A,N/A,N/A,N/A,N/A,N/A,N/A,N/A,N/A,NOT_CALCULATED,N/A,N/A,N/A,UNKNOWN,N/A,N/A,N/A,N/A,N/A,N/A,N/A,NOT_CALCULATED,N/A,LOW,STAGE_MAPPED_ONLY,LOW
5464,용현현대1차,41150,경기,N/A,N/A,0,PRE_PROJECT,NO_OFFICIAL_RECORD,공식 정비사업 기록 없음(선별 후보),,,N/A,986,N/A,N/A,N/A,N/A,N/A,N/A,N/A,N/A,N/A,N/A,NOT_CALCULATED,N/A,N/A,N/A,UNKNOWN,N/A,N/A,N/A,N/A,N/A,N/A,N/A,NOT_CALCULATED,N/A,LOW,STAGE_MAPPED_ONLY,LOW
5465,용현현대2차,41150,경기,N/A,N/A,0,PRE_PROJECT,NO_OFFICIAL_RECORD,공식 정비사업 기록 없음(선별 후보),,,348.8170265714057,388,N/A,32.105670103092784,N/A,N/A,N/A,N/A,N/A,N/A,N/A,N/A,NOT_CALCULATED,N/A,N/A,N/A,UNKNOWN,N/A,N/A,N/A,N/A,N/A,N/A,N/A,NOT_CALCULATED,N/A,LOW,STAGE_MAPPED_ONLY,LOW
5794,우남아파트1자,41192,경기,N/A,N/A,0,PRE_PROJECT,NO_OFFICIAL_RECORD,공식 정비사업 기록 없음(선별 후보),,,206.06877382130602,110,N/A,43.17181818181818,N/A,N/A,N/A,N/A,N/A,N/A,N/A,N/A,NOT_CALCULATED,N/A,N/A,N/A,UNKNOWN,N/A,N/A,N/A,N/A,N/A,N/A,N/A,NOT_CALCULATED,N/A,LOW,STAGE_MAPPED_ONLY,LOW
4815,우만삼성,41115,경기,N/A,N/A,0,PRE_PROJECT,NO_OFFICIAL_RECORD,공식 정비사업 기록 없음(선별 후보),,,444.20963907499464,173,N/A,26.745664739884393,N/A,N/A,N/A,N/A,N/A,N/A,N/A,N/A,NOT_CALCULATED,N/A,N/A,N/A,UNKNOWN,N/A,N/A,N/A,N/A,N/A,N/A,N/A,NOT_CALCULATED,N/A,LOW,STAGE_MAPPED_ONLY,LOW
4811,우만선경,41115,경기,N/A,N/A,0,PRE_PROJECT,NO_OFFICIAL_RECORD,공식 정비사업 기록 없음(선별 후보),,,N/A,372,N/A,N/A,N/A,N/A,N/A,N/A,N/A,N/A,N/A,N/A,NOT_CALCULATED,N/A,N/A,N/A,UNKNOWN,N/A,N/A,N/A,N/A,N/A,N/A,N/A,NOT_CALCULATED,N/A,LOW,STAGE_MAPPED_ONLY,LOW
4817,우만주공1단지,41115,경기,N/A,N/A,0,PRE_PROJECT,NO_OFFICIAL_RECORD,공식 정비사업 기록 없음(선별 후보),,,49.27948148690299,500,N/A,98.37360000000001,N/A,N/A,N/A,N/A,N/A,N/A,N/A,N/A,NOT_CALCULATED,N/A,N/A,N/A,UNKNOWN,N/A,N/A,N/A,N/A,N/A,N/A,N/A,NOT_CALCULATED,N/A,LOW,STAGE_MAPPED_ONLY,LOW
4810,우만주공4단지,41115,경기,N/A,N/A,0,PRE_PROJECT,NO_OFFICIAL_RECORD,공식 정비사업 기록 없음(선별 후보),,,N/A,1152,N/A,N/A,N/A,N/A,N/A,N/A,N/A,N/A,N/A,N/A,NOT_CALCULATED,N/A,N/A,N/A,UNKNOWN,N/A,N/A,N/A,N/A,N/A,N/A,N/A,NOT_CALCULATED,N/A,LOW,STAGE_MAPPED_ONLY,LOW
4807,우만풍림,41115,경기,N/A,N/A,0,PRE_PROJECT,NO_OFFICIAL_RECORD,공식 정비사업 기록 없음(선별 후보),,,467.45995023789783,390,N/A,11.748205128205129,N/A,N/A,N/A,N/A,N/A,N/A,N/A,N/A,NOT_CALCULATED,N/A,N/A,N/A,UNKNOWN,N/A,N/A,N/A,N/A,N/A,N/A,N/A,NOT_CALCULATED,N/A,LOW,STAGE_MAPPED_ONLY,LOW
4816,우만현대,41115,경기,N/A,N/A,0,PRE_PROJECT,NO_OFFICIAL_RECORD,공식 정비사업 기록 없음(선별 후보),,,N/A,404,N/A,N/A,N/A,N/A,N/A,N/A,N/A,N/A,N/A,N/A,NOT_CALCULATED,N/A,N/A,N/A,UNKNOWN,N/A,N/A,N/A,N/A,N/A,N/A,N/A,NOT_CALCULATED,N/A,LOW,STAGE_MAPPED_ONLY,LOW
5258,우방우성빌라,41135,경기,N/A,N/A,0,PRE_PROJECT,NO_OFFICIAL_RECORD,공식 정비사업 기록 없음(선별 후보),,,96.80810090830312,108,N/A,230.79259259259257,N/A,N/A,N/A,N/A,N/A,N/A,N/A,N/A,NOT_CALCULATED,N/A,N/A,N/A,UNKNOWN,N/A,N/A,N/A,N/A,N/A,N/A,N/A,NOT_CALCULATED,N/A,LOW,STAGE_MAPPED_ONLY,LOW
5564,우성1차아파트,41171,경기,N/A,N/A,0,PRE_PROJECT,NO_OFFICIAL_RECORD,공식 정비사업 기록 없음(선별 후보),,,N/A,210,N/A,N/A,N/A,N/A,N/A,N/A,N/A,N/A,N/A,N/A,NOT_CALCULATED,N/A,N/A,N/A,UNKNOWN,N/A,N/A,N/A,N/A,N/A,N/A,N/A,NOT_CALCULATED,N/A,LOW,STAGE_MAPPED_ONLY,LOW
8011,우성5차,41430,경기,N/A,N/A,0,PRE_PROJECT,NO_OFFICIAL_RECORD,공식 정비사업 기록 없음(선별 후보),,,N/A,545,N/A,N/A,N/A,N/A,N/A,N/A,N/A,N/A,N/A,N/A,NOT_CALCULATED,N/A,N/A,N/A,UNKNOWN,N/A,N/A,N/A,N/A,N/A,N/A,N/A,NOT_CALCULATED,N/A,LOW,STAGE_MAPPED_ONLY,LOW
8010,우성6차,41430,경기,N/A,N/A,0,PRE_PROJECT,NO_OFFICIAL_RECORD,공식 정비사업 기록 없음(선별 후보),,,N/A,370,N/A,N/A,N/A,N/A,N/A,N/A,N/A,N/A,N/A,N/A,NOT_CALCULATED,N/A,N/A,N/A,UNKNOWN,N/A,N/A,N/A,N/A,N/A,N/A,N/A,NOT_CALCULATED,N/A,LOW,STAGE_MAPPED_ONLY,LOW
5980,우성송내,41194,경기,N/A,N/A,0,PRE_PROJECT,NO_OFFICIAL_RECORD,공식 정비사업 기록 없음(선별 후보),,,225.84344891404933,798,N/A,48.34473684210526,N/A,N/A,N/A,N/A,N/A,N/A,N/A,N/A,NOT_CALCULATED,N/A,N/A,N/A,UNKNOWN,N/A,N/A,N/A,N/A,N/A,N/A,N/A,NOT_CALCULATED,N/A,LOW,STAGE_MAPPED_ONLY,LOW
8007,운양까치,41430,경기,N/A,N/A,0,PRE_PROJECT,NO_OFFICIAL_RECORD,공식 정비사업 기록 없음(선별 후보),,,N/A,178,N/A,N/A,N/A,N/A,N/A,N/A,N/A,N/A,N/A,N/A,NOT_CALCULATED,N/A,N/A,N/A,UNKNOWN,N/A,N/A,N/A,N/A,N/A,N/A,N/A,NOT_CALCULATED,N/A,LOW,STAGE_MAPPED_ONLY,LOW
4753,웅비아파트,41113,경기,N/A,N/A,0,PRE_PROJECT,NO_OFFICIAL_RECORD,공식 정비사업 기록 없음(선별 후보),,,N/A,183,N/A,N/A,N/A,N/A,N/A,N/A,N/A,N/A,N/A,N/A,NOT_CALCULATED,N/A,N/A,N/A,UNKNOWN,N/A,N/A,N/A,N/A,N/A,N/A,N/A,NOT_CALCULATED,N/A,LOW,STAGE_MAPPED_ONLY,LOW
7565,원동주공,41370,경기,N/A,N/A,0,PRE_PROJECT,NO_OFFICIAL_RECORD,공식 정비사업 기록 없음(선별 후보),,,N/A,320,N/A,N/A,N/A,N/A,N/A,N/A,N/A,N/A,N/A,N/A,NOT_CALCULATED,N/A,N/A,N/A,UNKNOWN,N/A,N/A,N/A,N/A,N/A,N/A,N/A,NOT_CALCULATED,N/A,LOW,STAGE_MAPPED_ONLY,LOW
10063,원일산호1차,41650,경기,N/A,N/A,0,PRE_PROJECT,NO_OFFICIAL_RECORD,공식 정비사업 기록 없음(선별 후보),,,N/A,489,N/A,N/A,N/A,N/A,N/A,N/A,N/A,N/A,N/A,N/A,NOT_CALCULATED,N/A,N/A,N/A,UNKNOWN,N/A,N/A,N/A,N/A,N/A,N/A,N/A,NOT_CALCULATED,N/A,LOW,STAGE_MAPPED_ONLY,LOW
10061,원일산호2차아파트,41650,경기,N/A,N/A,0,PRE_PROJECT,NO_OFFICIAL_RECORD,공식 정비사업 기록 없음(선별 후보),,,N/A,160,N/A,N/A,N/A,N/A,N/A,N/A,N/A,N/A,N/A,N/A,NOT_CALCULATED,N/A,N/A,N/A,UNKNOWN,N/A,N/A,N/A,N/A,N/A,N/A,N/A,NOT_CALCULATED,N/A,LOW,STAGE_MAPPED_ONLY,LOW
4877,원천1차삼성아파트,41117,경기,N/A,N/A,0,PRE_PROJECT,NO_OFFICIAL_RECORD,공식 정비사업 기록 없음(선별 후보),,,262.2156228456276,684,N/A,27.568713450292396,N/A,N/A,N/A,N/A,N/A,N/A,N/A,N/A,NOT_CALCULATED,N/A,N/A,N/A,UNKNOWN,N/A,N/A,N/A,N/A,N/A,N/A,N/A,NOT_CALCULATED,N/A,LOW,STAGE_MAPPED_ONLY,LOW
4876,원천신미주,41117,경기,N/A,N/A,0,PRE_PROJECT,NO_OFFICIAL_RECORD,공식 정비사업 기록 없음(선별 후보),,,427.0696132596685,275,N/A,26.985454545454544,N/A,N/A,N/A,N/A,N/A,N/A,N/A,N/A,NOT_CALCULATED,N/A,N/A,N/A,UNKNOWN,N/A,N/A,N/A,N/A,N/A,N/A,N/A,NOT_CALCULATED,N/A,LOW,STAGE_MAPPED_ONLY,LOW
8017,원효선경,41430,경기,N/A,N/A,0,PRE_PROJECT,NO_OFFICIAL_RECORD,공식 정비사업 기록 없음(선별 후보),,,N/A,406,N/A,N/A,N/A,N/A,N/A,N/A,N/A,N/A,N/A,N/A,NOT_CALCULATED,N/A,N/A,N/A,UNKNOWN,N/A,N/A,N/A,N/A,N/A,N/A,N/A,NOT_CALCULATED,N/A,LOW,STAGE_MAPPED_ONLY,LOW
6005,월산장미아파트,41196,경기,N/A,N/A,0,PRE_PROJECT,NO_OFFICIAL_RECORD,공식 정비사업 기록 없음(선별 후보),,,195.43832672935517,105,N/A,48.31142857142857,N/A,N/A,N/A,N/A,N/A,N/A,N/A,N/A,NOT_CALCULATED,N/A,N/A,N/A,UNKNOWN,N/A,N/A,N/A,N/A,N/A,N/A,N/A,NOT_CALCULATED,N/A,LOW,STAGE_MAPPED_ONLY,LOW
6535,월피주공1단지,41271,경기,N/A,N/A,0,PRE_PROJECT,NO_OFFICIAL_RECORD,공식 정비사업 기록 없음(선별 후보),,,143.90903294719672,860,N/A,42.128720930232554,N/A,N/A,N/A,N/A,N/A,N/A,N/A,N/A,NOT_CALCULATED,N/A,N/A,N/A,UNKNOWN,N/A,N/A,N/A,N/A,N/A,N/A,N/A,NOT_CALCULATED,N/A,LOW,STAGE_MAPPED_ONLY,LOW
6536,월피주공2단지,41271,경기,N/A,N/A,0,PRE_PROJECT,NO_OFFICIAL_RECORD,공식 정비사업 기록 없음(선별 후보),,,80.56910849152888,870,N/A,90.09655172413792,N/A,N/A,N/A,N/A,N/A,N/A,N/A,N/A,NOT_CALCULATED,N/A,N/A,N/A,UNKNOWN,N/A,N/A,N/A,N/A,N/A,N/A,N/A,NOT_CALCULATED,N/A,LOW,STAGE_MAPPED_ONLY,LOW
6533,월피주공3단지,41271,경기,N/A,N/A,0,PRE_PROJECT,NO_OFFICIAL_RECORD,공식 정비사업 기록 없음(선별 후보),,,59.711637579097776,660,N/A,118.76363636363637,N/A,N/A,N/A,N/A,N/A,N/A,N/A,N/A,NOT_CALCULATED,N/A,N/A,N/A,UNKNOWN,N/A,N/A,N/A,N/A,N/A,N/A,N/A,NOT_CALCULATED,N/A,LOW,STAGE_MAPPED_ONLY,LOW
6537,월피한양,41271,경기,N/A,N/A,0,PRE_PROJECT,NO_OFFICIAL_RECORD,공식 정비사업 기록 없음(선별 후보),,,202.28747238761872,1362,N/A,40.38362701908957,N/A,N/A,N/A,N/A,N/A,N/A,N/A,N/A,NOT_CALCULATED,N/A,N/A,N/A,UNKNOWN,N/A,N/A,N/A,N/A,N/A,N/A,N/A,NOT_CALCULATED,N/A,LOW,STAGE_MAPPED_ONLY,LOW
8928,윤창아파트 101동,41480,경기,N/A,N/A,0,PRE_PROJECT,NO_OFFICIAL_RECORD,공식 정비사업 기록 없음(선별 후보),,,N/A,138,N/A,N/A,N/A,N/A,N/A,N/A,N/A,N/A,N/A,N/A,NOT_CALCULATED,N/A,N/A,N/A,UNKNOWN,N/A,N/A,N/A,N/A,N/A,N/A,N/A,NOT_CALCULATED,N/A,LOW,STAGE_MAPPED_ONLY,LOW
8926,율곡2차,41480,경기,N/A,N/A,0,PRE_PROJECT,NO_OFFICIAL_RECORD,공식 정비사업 기록 없음(선별 후보),,,N/A,180,N/A,N/A,N/A,N/A,N/A,N/A,N/A,N/A,N/A,N/A,NOT_CALCULATED,N/A,N/A,N/A,UNKNOWN,N/A,N/A,N/A,N/A,N/A,N/A,N/A,NOT_CALCULATED,N/A,LOW,STAGE_MAPPED_ONLY,LOW
7599,은계주공,41370,경기,N/A,N/A,0,PRE_PROJECT,NO_OFFICIAL_RECORD,공식 정비사업 기록 없음(선별 후보),,,N/A,460,N/A,N/A,N/A,N/A,N/A,N/A,N/A,N/A,N/A,N/A,NOT_CALCULATED,N/A,N/A,N/A,UNKNOWN,N/A,N/A,N/A,N/A,N/A,N/A,N/A,NOT_CALCULATED,N/A,LOW,STAGE_MAPPED_ONLY,LOW
7597,은계현대,41370,경기,N/A,N/A,0,PRE_PROJECT,NO_OFFICIAL_RECORD,공식 정비사업 기록 없음(선별 후보),,,N/A,164,N/A,N/A,N/A,N/A,N/A,N/A,N/A,N/A,N/A,N/A,NOT_CALCULATED,N/A,N/A,N/A,UNKNOWN,N/A,N/A,N/A,N/A,N/A,N/A,N/A,NOT_CALCULATED,N/A,LOW,STAGE_MAPPED_ONLY,LOW
6750,은빛마을6단지프라웰아파트,41281,경기,N/A,N/A,0,PRE_PROJECT,NO_OFFICIAL_RECORD,공식 정비사업 기록 없음(선별 후보),,,202.78477356901226,1320,N/A,73.65780303030303,N/A,N/A,N/A,N/A,N/A,N/A,N/A,N/A,NOT_CALCULATED,N/A,N/A,N/A,UNKNOWN,N/A,N/A,N/A,N/A,N/A,N/A,N/A,NOT_CALCULATED,N/A,LOW,STAGE_MAPPED_ONLY,LOW
5663,은하수벽산,41173,경기,N/A,N/A,0,PRE_PROJECT,NO_OFFICIAL_RECORD,공식 정비사업 기록 없음(선별 후보),,,245.47374215722945,620,N/A,45.70677419354839,N/A,N/A,N/A,N/A,N/A,N/A,N/A,N/A,NOT_CALCULATED,N/A,N/A,N/A,UNKNOWN,N/A,N/A,N/A,N/A,N/A,N/A,N/A,NOT_CALCULATED,N/A,LOW,STAGE_MAPPED_ONLY,LOW
5664,은하수신성아파트,41173,경기,N/A,N/A,0,PRE_PROJECT,NO_OFFICIAL_RECORD,공식 정비사업 기록 없음(선별 후보),,,253.43031759990455,508,N/A,44.54547244094488,N/A,N/A,N/A,N/A,N/A,N/A,N/A,N/A,NOT_CALCULATED,N/A,N/A,N/A,UNKNOWN,N/A,N/A,N/A,N/A,N/A,N/A,N/A,NOT_CALCULATED,N/A,LOW,STAGE_MAPPED_ONLY,LOW
5666,은하수청구아파트,41173,경기,N/A,N/A,0,PRE_PROJECT,NO_OFFICIAL_RECORD,공식 정비사업 기록 없음(선별 후보),,,262.76388173527647,502,N/A,46.024103585657365,N/A,N/A,N/A,N/A,N/A,N/A,N/A,N/A,NOT_CALCULATED,N/A,N/A,N/A,UNKNOWN,N/A,N/A,N/A,N/A,N/A,N/A,N/A,NOT_CALCULATED,N/A,LOW,STAGE_MAPPED_ONLY,LOW
10041,은하아파트,41650,경기,N/A,N/A,0,PRE_PROJECT,NO_OFFICIAL_RECORD,공식 정비사업 기록 없음(선별 후보),,,N/A,120,N/A,N/A,N/A,N/A,N/A,N/A,N/A,N/A,N/A,N/A,NOT_CALCULATED,N/A,N/A,N/A,UNKNOWN,N/A,N/A,N/A,N/A,N/A,N/A,N/A,NOT_CALCULATED,N/A,LOW,STAGE_MAPPED_ONLY,LOW
6256,은행,41220,경기,N/A,N/A,0,PRE_PROJECT,NO_OFFICIAL_RECORD,공식 정비사업 기록 없음(선별 후보),,,120.5340861179879,300,N/A,61.66733333333334,N/A,N/A,N/A,N/A,N/A,N/A,N/A,N/A,NOT_CALCULATED,N/A,N/A,N/A,UNKNOWN,N/A,N/A,N/A,N/A,N/A,N/A,N/A,NOT_CALCULATED,N/A,LOW,STAGE_MAPPED_ONLY,LOW
7696,은행성원상떼빌,41390,경기,N/A,N/A,0,PRE_PROJECT,NO_OFFICIAL_RECORD,공식 정비사업 기록 없음(선별 후보),,,N/A,660,N/A,N/A,N/A,N/A,N/A,N/A,N/A,N/A,N/A,N/A,NOT_CALCULATED,N/A,N/A,N/A,UNKNOWN,N/A,N/A,N/A,N/A,N/A,N/A,N/A,NOT_CALCULATED,N/A,LOW,STAGE_MAPPED_ONLY,LOW
7694,은행신명스카이뷰,41390,경기,N/A,N/A,0,PRE_PROJECT,NO_OFFICIAL_RECORD,공식 정비사업 기록 없음(선별 후보),,,N/A,460,N/A,N/A,N/A,N/A,N/A,N/A,N/A,N/A,N/A,N/A,NOT_CALCULATED,N/A,N/A,N/A,UNKNOWN,N/A,N/A,N/A,N/A,N/A,N/A,N/A,NOT_CALCULATED,N/A,LOW,STAGE_MAPPED_ONLY,LOW
7699,은행푸르지오1차,41390,경기,N/A,N/A,0,PRE_PROJECT,NO_OFFICIAL_RECORD,공식 정비사업 기록 없음(선별 후보),,,N/A,418,N/A,N/A,N/A,N/A,N/A,N/A,N/A,N/A,N/A,N/A,NOT_CALCULATED,N/A,N/A,N/A,UNKNOWN,N/A,N/A,N/A,N/A,N/A,N/A,N/A,NOT_CALCULATED,N/A,LOW,STAGE_MAPPED_ONLY,LOW
5060,은행현대,41133,경기,N/A,N/A,0,PRE_PROJECT,NO_OFFICIAL_RECORD,공식 정비사업 기록 없음(선별 후보),,,N/A,1258,N/A,N/A,N/A,N/A,N/A,N/A,N/A,N/A,N/A,N/A,NOT_CALCULATED,N/A,N/A,N/A,UNKNOWN,N/A,N/A,N/A,N/A,N/A,N/A,N/A,NOT_CALCULATED,N/A,LOW,STAGE_MAPPED_ONLY,LOW
8026,의왕동백,41430,경기,N/A,N/A,0,PRE_PROJECT,NO_OFFICIAL_RECORD,공식 정비사업 기록 없음(선별 후보),,,N/A,1074,N/A,N/A,N/A,N/A,N/A,N/A,N/A,N/A,N/A,N/A,NOT_CALCULATED,N/A,N/A,N/A,UNKNOWN,N/A,N/A,N/A,N/A,N/A,N/A,N/A,NOT_CALCULATED,N/A,LOW,STAGE_MAPPED_ONLY,LOW
5163,이매동신3단지아파트,41135,경기,N/A,N/A,0,PRE_PROJECT,NO_OFFICIAL_RECORD,공식 정비사업 기록 없음(선별 후보),,,234.94320256330633,460,N/A,63.70847826086957,N/A,N/A,N/A,N/A,N/A,N/A,N/A,N/A,NOT_CALCULATED,N/A,N/A,N/A,UNKNOWN,N/A,N/A,N/A,N/A,N/A,N/A,N/A,NOT_CALCULATED,N/A,LOW,STAGE_MAPPED_ONLY,LOW
5157,이매아름마을건영,41135,경기,N/A,N/A,0,PRE_PROJECT,NO_OFFICIAL_RECORD,공식 정비사업 기록 없음(선별 후보),,,115.12366652202746,706,N/A,138.40566572237958,N/A,N/A,N/A,N/A,N/A,N/A,N/A,N/A,NOT_CALCULATED,N/A,N/A,N/A,UNKNOWN,N/A,N/A,N/A,N/A,N/A,N/A,N/A,NOT_CALCULATED,N/A,LOW,STAGE_MAPPED_ONLY,LOW
5159,이매아름마을선경,41135,경기,N/A,N/A,0,PRE_PROJECT,NO_OFFICIAL_RECORD,공식 정비사업 기록 없음(선별 후보),,,227.24857228381765,370,N/A,46.04783783783784,N/A,N/A,N/A,N/A,N/A,N/A,N/A,N/A,NOT_CALCULATED,N/A,N/A,N/A,UNKNOWN,N/A,N/A,N/A,N/A,N/A,N/A,N/A,NOT_CALCULATED,N/A,LOW,STAGE_MAPPED_ONLY,LOW
5160,이매아름마을태영,41135,경기,N/A,N/A,0,PRE_PROJECT,NO_OFFICIAL_RECORD,공식 정비사업 기록 없음(선별 후보),,,66.8711878699557,414,N/A,236.02512077294685,N/A,N/A,N/A,N/A,N/A,N/A,N/A,N/A,NOT_CALCULATED,N/A,N/A,N/A,UNKNOWN,N/A,N/A,N/A,N/A,N/A,N/A,N/A,NOT_CALCULATED,N/A,LOW,STAGE_MAPPED_ONLY,LOW
5161,이매아름마을풍림,41135,경기,N/A,N/A,0,PRE_PROJECT,NO_OFFICIAL_RECORD,공식 정비사업 기록 없음(선별 후보),,,481.31269993602046,876,N/A,28.54794520547945,N/A,N/A,N/A,N/A,N/A,N/A,N/A,N/A,NOT_CALCULATED,N/A,N/A,N/A,UNKNOWN,N/A,N/A,N/A,N/A,N/A,N/A,N/A,NOT_CALCULATED,N/A,LOW,STAGE_MAPPED_ONLY,LOW
5165,이매아름마을한성,41135,경기,N/A,N/A,0,PRE_PROJECT,NO_OFFICIAL_RECORD,공식 정비사업 기록 없음(선별 후보),,,22.839448433393645,240,N/A,407.1433333333333,N/A,N/A,N/A,N/A,N/A,N/A,N/A,N/A,NOT_CALCULATED,N/A,N/A,N/A,UNKNOWN,N/A,N/A,N/A,N/A,N/A,N/A,N/A,NOT_CALCULATED,N/A,LOW,STAGE_MAPPED_ONLY,LOW
5162,이매아름마을효성,41135,경기,N/A,N/A,0,PRE_PROJECT,NO_OFFICIAL_RECORD,공식 정비사업 기록 없음(선별 후보),,,265.04026570652627,388,N/A,71.08067010309279,N/A,N/A,N/A,N/A,N/A,N/A,N/A,N/A,NOT_CALCULATED,N/A,N/A,N/A,UNKNOWN,N/A,N/A,N/A,N/A,N/A,N/A,N/A,NOT_CALCULATED,N/A,LOW,STAGE_MAPPED_ONLY,LOW
5171,이매촌금강,41135,경기,N/A,N/A,0,PRE_PROJECT,NO_OFFICIAL_RECORD,공식 정비사업 기록 없음(선별 후보),,,263.06720514825753,588,N/A,43.71071428571429,N/A,N/A,N/A,N/A,N/A,N/A,N/A,N/A,NOT_CALCULATED,N/A,N/A,N/A,UNKNOWN,N/A,N/A,N/A,N/A,N/A,N/A,N/A,NOT_CALCULATED,N/A,LOW,STAGE_MAPPED_ONLY,LOW
5164,이매촌동신9단지,41135,경기,N/A,N/A,0,PRE_PROJECT,NO_OFFICIAL_RECORD,공식 정비사업 기록 없음(선별 후보),,,240.06875527015632,458,N/A,63.95698689956332,N/A,N/A,N/A,N/A,N/A,N/A,N/A,N/A,NOT_CALCULATED,N/A,N/A,N/A,UNKNOWN,N/A,N/A,N/A,N/A,N/A,N/A,N/A,NOT_CALCULATED,N/A,LOW,STAGE_MAPPED_ONLY,LOW
5169,이매촌삼성,41135,경기,N/A,N/A,0,PRE_PROJECT,NO_OFFICIAL_RECORD,공식 정비사업 기록 없음(선별 후보),,,N/A,1162,N/A,N/A,N/A,N/A,N/A,N/A,N/A,N/A,N/A,N/A,NOT_CALCULATED,N/A,N/A,N/A,UNKNOWN,N/A,N/A,N/A,N/A,N/A,N/A,N/A,NOT_CALCULATED,N/A,LOW,STAGE_MAPPED_ONLY,LOW
5167,이매촌삼환,41135,경기,N/A,N/A,0,PRE_PROJECT,NO_OFFICIAL_RECORD,공식 정비사업 기록 없음(선별 후보),,,244.65227260640904,572,N/A,62.46101398601398,N/A,N/A,N/A,N/A,N/A,N/A,N/A,N/A,NOT_CALCULATED,N/A,N/A,N/A,UNKNOWN,N/A,N/A,N/A,N/A,N/A,N/A,N/A,NOT_CALCULATED,N/A,LOW,STAGE_MAPPED_ONLY,LOW
5166,이매촌성지,41135,경기,N/A,N/A,0,PRE_PROJECT,NO_OFFICIAL_RECORD,공식 정비사업 기록 없음(선별 후보),,,193.59607205277675,304,N/A,65.1203947368421,N/A,N/A,N/A,N/A,N/A,N/A,N/A,N/A,NOT_CALCULATED,N/A,N/A,N/A,UNKNOWN,N/A,N/A,N/A,N/A,N/A,N/A,N/A,NOT_CALCULATED,N/A,LOW,STAGE_MAPPED_ONLY,LOW
5168,이매촌진흥,41135,경기,N/A,N/A,0,PRE_PROJECT,NO_OFFICIAL_RECORD,공식 정비사업 기록 없음(선별 후보),,,255.06115254777387,832,N/A,48.27932692307692,N/A,N/A,N/A,N/A,N/A,N/A,N/A,N/A,NOT_CALCULATED,N/A,N/A,N/A,UNKNOWN,N/A,N/A,N/A,N/A,N/A,N/A,N/A,NOT_CALCULATED,N/A,LOW,STAGE_MAPPED_ONLY,LOW
5172,이매촌청구,41135,경기,N/A,N/A,0,PRE_PROJECT,NO_OFFICIAL_RECORD,공식 정비사업 기록 없음(선별 후보),,,229.37275853769634,710,N/A,70.80859154929577,N/A,N/A,N/A,N/A,N/A,N/A,N/A,N/A,NOT_CALCULATED,N/A,N/A,N/A,UNKNOWN,N/A,N/A,N/A,N/A,N/A,N/A,N/A,NOT_CALCULATED,N/A,LOW,STAGE_MAPPED_ONLY,LOW
5170,이매촌코오롱동부,41135,경기,N/A,N/A,0,PRE_PROJECT,NO_OFFICIAL_RECORD,공식 정비사업 기록 없음(선별 후보),,,264.98721678568285,264,N/A,68.74545454545455,N/A,N/A,N/A,N/A,N/A,N/A,N/A,N/A,NOT_CALCULATED,N/A,N/A,N/A,UNKNOWN,N/A,N/A,N/A,N/A,N/A,N/A,N/A,NOT_CALCULATED,N/A,LOW,STAGE_MAPPED_ONLY,LOW
5173,이매촌한신,41135,경기,N/A,N/A,0,PRE_PROJECT,NO_OFFICIAL_RECORD,공식 정비사업 기록 없음(선별 후보),,,195.88006773058663,1184,N/A,38.5070945945946,N/A,N/A,N/A,N/A,N/A,N/A,N/A,N/A,NOT_CALCULATED,N/A,N/A,N/A,UNKNOWN,N/A,N/A,N/A,N/A,N/A,N/A,N/A,NOT_CALCULATED,N/A,LOW,STAGE_MAPPED_ONLY,LOW
9034,이천이화아파트1차2차,41500,경기,N/A,N/A,0,PRE_PROJECT,NO_OFFICIAL_RECORD,공식 정비사업 기록 없음(선별 후보),,,N/A,925,N/A,N/A,N/A,N/A,N/A,N/A,N/A,N/A,N/A,N/A,NOT_CALCULATED,N/A,N/A,N/A,UNKNOWN,N/A,N/A,N/A,N/A,N/A,N/A,N/A,NOT_CALCULATED,N/A,LOW,STAGE_MAPPED_ONLY,LOW
6185,이충부영1차,41220,경기,N/A,N/A,0,PRE_PROJECT,NO_OFFICIAL_RECORD,공식 정비사업 기록 없음(선별 후보),,,265.91000372487736,400,N/A,30.8735,N/A,N/A,N/A,N/A,N/A,N/A,N/A,N/A,NOT_CALCULATED,N/A,N/A,N/A,UNKNOWN,N/A,N/A,N/A,N/A,N/A,N/A,N/A,NOT_CALCULATED,N/A,LOW,STAGE_MAPPED_ONLY,LOW
6186,이충부영2차,41220,경기,N/A,N/A,0,PRE_PROJECT,NO_OFFICIAL_RECORD,공식 정비사업 기록 없음(선별 후보),,,256.3170238390218,550,N/A,31.552545454545456,N/A,N/A,N/A,N/A,N/A,N/A,N/A,N/A,NOT_CALCULATED,N/A,N/A,N/A,UNKNOWN,N/A,N/A,N/A,N/A,N/A,N/A,N/A,NOT_CALCULATED,N/A,LOW,STAGE_MAPPED_ONLY,LOW
6187,이충부영3단지,41220,경기,N/A,N/A,0,PRE_PROJECT,NO_OFFICIAL_RECORD,공식 정비사업 기록 없음(선별 후보),,,265.06761810468214,600,N/A,32.48883333333333,N/A,N/A,N/A,N/A,N/A,N/A,N/A,N/A,NOT_CALCULATED,N/A,N/A,N/A,UNKNOWN,N/A,N/A,N/A,N/A,N/A,N/A,N/A,NOT_CALCULATED,N/A,LOW,STAGE_MAPPED_ONLY,LOW
6189,이충주공4단지아파트,41220,경기,N/A,N/A,0,PRE_PROJECT,NO_OFFICIAL_RECORD,공식 정비사업 기록 없음(선별 후보),,,95.84882052036949,490,N/A,55.45510204081633,N/A,N/A,N/A,N/A,N/A,N/A,N/A,N/A,NOT_CALCULATED,N/A,N/A,N/A,UNKNOWN,N/A,N/A,N/A,N/A,N/A,N/A,N/A,NOT_CALCULATED,N/A,LOW,STAGE_MAPPED_ONLY,LOW
6190,이충현대,41220,경기,N/A,N/A,0,PRE_PROJECT,NO_OFFICIAL_RECORD,공식 정비사업 기록 없음(선별 후보),,,217.44135314721333,1266,N/A,46.00473933649289,N/A,N/A,N/A,N/A,N/A,N/A,N/A,N/A,NOT_CALCULATED,N/A,N/A,N/A,UNKNOWN,N/A,N/A,N/A,N/A,N/A,N/A,N/A,NOT_CALCULATED,N/A,LOW,STAGE_MAPPED_ONLY,LOW
4818,인계 선경2차 아파트,41115,경기,N/A,N/A,0,PRE_PROJECT,NO_OFFICIAL_RECORD,공식 정비사업 기록 없음(선별 후보),,,196.39593657086223,N/A,N/A,N/A,N/A,N/A,N/A,N/A,N/A,N/A,N/A,N/A,NOT_CALCULATED,N/A,N/A,N/A,UNKNOWN,N/A,N/A,N/A,N/A,N/A,N/A,N/A,NOT_CALCULATED,N/A,LOW,STAGE_MAPPED_ONLY,LOW
4838,인계삼성,41115,경기,N/A,N/A,0,PRE_PROJECT,NO_OFFICIAL_RECORD,공식 정비사업 기록 없음(선별 후보),,,N/A,582,N/A,N/A,N/A,N/A,N/A,N/A,N/A,N/A,N/A,N/A,NOT_CALCULATED,N/A,N/A,N/A,UNKNOWN,N/A,N/A,N/A,N/A,N/A,N/A,N/A,NOT_CALCULATED,N/A,LOW,STAGE_MAPPED_ONLY,LOW
4835,인계선경1차,41115,경기,N/A,N/A,0,PRE_PROJECT,NO_OFFICIAL_RECORD,공식 정비사업 기록 없음(선별 후보),,,312.6429805615551,360,N/A,38.583333333333336,N/A,N/A,N/A,N/A,N/A,N/A,N/A,N/A,NOT_CALCULATED,N/A,N/A,N/A,UNKNOWN,N/A,N/A,N/A,N/A,N/A,N/A,N/A,NOT_CALCULATED,N/A,LOW,STAGE_MAPPED_ONLY,LOW
4828,인계선경3차,41115,경기,N/A,N/A,0,PRE_PROJECT,NO_OFFICIAL_RECORD,공식 정비사업 기록 없음(선별 후보),,,351.5811227637261,604,N/A,34.88907284768212,N/A,N/A,N/A,N/A,N/A,N/A,N/A,N/A,NOT_CALCULATED,N/A,N/A,N/A,UNKNOWN,N/A,N/A,N/A,N/A,N/A,N/A,N/A,NOT_CALCULATED,N/A,LOW,STAGE_MAPPED_ONLY,LOW
4834,인계신미주,41115,경기,N/A,N/A,0,PRE_PROJECT,NO_OFFICIAL_RECORD,공식 정비사업 기록 없음(선별 후보),,,N/A,113,N/A,N/A,N/A,N/A,N/A,N/A,N/A,N/A,N/A,N/A,NOT_CALCULATED,N/A,N/A,N/A,UNKNOWN,N/A,N/A,N/A,N/A,N/A,N/A,N/A,NOT_CALCULATED,N/A,LOW,STAGE_MAPPED_ONLY,LOW
8016,인스빌아파트,41430,경기,N/A,N/A,0,PRE_PROJECT,NO_OFFICIAL_RECORD,공식 정비사업 기록 없음(선별 후보),,,N/A,504,N/A,N/A,N/A,N/A,N/A,N/A,N/A,N/A,N/A,N/A,NOT_CALCULATED,N/A,N/A,N/A,UNKNOWN,N/A,N/A,N/A,N/A,N/A,N/A,N/A,NOT_CALCULATED,N/A,LOW,STAGE_MAPPED_ONLY,LOW
8241,인정프린스1차,41461,경기,N/A,N/A,0,PRE_PROJECT,NO_OFFICIAL_RECORD,공식 정비사업 기록 없음(선별 후보),,,N/A,375,N/A,N/A,N/A,N/A,N/A,N/A,N/A,N/A,N/A,N/A,NOT_CALCULATED,N/A,N/A,N/A,UNKNOWN,N/A,N/A,N/A,N/A,N/A,N/A,N/A,NOT_CALCULATED,N/A,LOW,STAGE_MAPPED_ONLY,LOW
8242,인정프린스3차,41461,경기,N/A,N/A,0,PRE_PROJECT,NO_OFFICIAL_RECORD,공식 정비사업 기록 없음(선별 후보),,,N/A,380,N/A,N/A,N/A,N/A,N/A,N/A,N/A,N/A,N/A,N/A,NOT_CALCULATED,N/A,N/A,N/A,UNKNOWN,N/A,N/A,N/A,N/A,N/A,N/A,N/A,NOT_CALCULATED,N/A,LOW,STAGE_MAPPED_ONLY,LOW
8502,인정프린스4차,41463,경기,N/A,N/A,0,PRE_PROJECT,NO_OFFICIAL_RECORD,공식 정비사업 기록 없음(선별 후보),,,N/A,367,N/A,N/A,N/A,N/A,N/A,N/A,N/A,N/A,N/A,N/A,NOT_CALCULATED,N/A,N/A,N/A,UNKNOWN,N/A,N/A,N/A,N/A,N/A,N/A,N/A,NOT_CALCULATED,N/A,LOW,STAGE_MAPPED_ONLY,LOW
7138,인창건영,41310,경기,N/A,N/A,0,PRE_PROJECT,NO_OFFICIAL_RECORD,공식 정비사업 기록 없음(선별 후보),,,320.70779531324723,573,N/A,32.84293193717277,N/A,N/A,N/A,N/A,N/A,N/A,N/A,N/A,NOT_CALCULATED,N/A,N/A,N/A,UNKNOWN,N/A,N/A,N/A,N/A,N/A,N/A,N/A,NOT_CALCULATED,N/A,LOW,STAGE_MAPPED_ONLY,LOW
7139,인창삼보,41310,경기,N/A,N/A,0,PRE_PROJECT,NO_OFFICIAL_RECORD,공식 정비사업 기록 없음(선별 후보),,,307.9804577269434,906,N/A,50.73057395143488,N/A,N/A,N/A,N/A,N/A,N/A,N/A,N/A,NOT_CALCULATED,N/A,N/A,N/A,UNKNOWN,N/A,N/A,N/A,N/A,N/A,N/A,N/A,NOT_CALCULATED,N/A,LOW,STAGE_MAPPED_ONLY,LOW
7141,인창삼호,41310,경기,N/A,N/A,0,PRE_PROJECT,NO_OFFICIAL_RECORD,공식 정비사업 기록 없음(선별 후보),,,262.61633241578187,231,N/A,33.02597402597402,N/A,N/A,N/A,N/A,N/A,N/A,N/A,N/A,NOT_CALCULATED,N/A,N/A,N/A,UNKNOWN,N/A,N/A,N/A,N/A,N/A,N/A,N/A,NOT_CALCULATED,N/A,LOW,STAGE_MAPPED_ONLY,LOW
7140,인창삼환신일아파트,41310,경기,N/A,N/A,0,PRE_PROJECT,NO_OFFICIAL_RECORD,공식 정비사업 기록 없음(선별 후보),,,319.44815833383734,552,N/A,50.919746376811595,N/A,N/A,N/A,N/A,N/A,N/A,N/A,N/A,NOT_CALCULATED,N/A,N/A,N/A,UNKNOWN,N/A,N/A,N/A,N/A,N/A,N/A,N/A,NOT_CALCULATED,N/A,LOW,STAGE_MAPPED_ONLY,LOW
10102,인창아파트,41670,경기,N/A,N/A,0,PRE_PROJECT,NO_OFFICIAL_RECORD,공식 정비사업 기록 없음(선별 후보),,,N/A,118,N/A,N/A,N/A,N/A,N/A,N/A,N/A,N/A,N/A,N/A,NOT_CALCULATED,N/A,N/A,N/A,UNKNOWN,N/A,N/A,N/A,N/A,N/A,N/A,N/A,NOT_CALCULATED,N/A,LOW,STAGE_MAPPED_ONLY,LOW
7145,인창주공1단지아파트,41310,경기,N/A,N/A,0,PRE_PROJECT,NO_OFFICIAL_RECORD,공식 정비사업 기록 없음(선별 후보),,,197.59554485642838,1344,N/A,33.05602678571429,N/A,N/A,N/A,N/A,N/A,N/A,N/A,N/A,NOT_CALCULATED,N/A,N/A,N/A,UNKNOWN,N/A,N/A,N/A,N/A,N/A,N/A,N/A,NOT_CALCULATED,N/A,LOW,STAGE_MAPPED_ONLY,LOW
7148,인창주공6단지,41310,경기,N/A,N/A,0,PRE_PROJECT,NO_OFFICIAL_RECORD,공식 정비사업 기록 없음(선별 후보),,,202.23872613330758,1018,N/A,31.52229862475442,N/A,N/A,N/A,N/A,N/A,N/A,N/A,N/A,NOT_CALCULATED,N/A,N/A,N/A,UNKNOWN,N/A,N/A,N/A,N/A,N/A,N/A,N/A,NOT_CALCULATED,N/A,LOW,STAGE_MAPPED_ONLY,LOW
6993,일산동문1차,41287,경기,N/A,N/A,0,PRE_PROJECT,NO_OFFICIAL_RECORD,공식 정비사업 기록 없음(선별 후보),,,399.57448973822585,586,N/A,30.18259385665529,N/A,N/A,N/A,N/A,N/A,N/A,N/A,N/A,NOT_CALCULATED,N/A,N/A,N/A,UNKNOWN,N/A,N/A,N/A,N/A,N/A,N/A,N/A,NOT_CALCULATED,N/A,LOW,STAGE_MAPPED_ONLY,LOW
7013,일산문촌7(임대),41287,경기,N/A,N/A,0,PRE_PROJECT,NO_OFFICIAL_RECORD,공식 정비사업 기록 없음(선별 후보),,,65.60540652460922,645,N/A,69.63736434108527,N/A,N/A,N/A,N/A,N/A,N/A,N/A,N/A,NOT_CALCULATED,N/A,N/A,N/A,UNKNOWN,N/A,N/A,N/A,N/A,N/A,N/A,N/A,NOT_CALCULATED,N/A,LOW,STAGE_MAPPED_ONLY,LOW
7015,일산문촌9(임대),41287,경기,N/A,N/A,0,PRE_PROJECT,NO_OFFICIAL_RECORD,공식 정비사업 기록 없음(선별 후보),,,61.64651939471618,496,N/A,72.20020161290323,N/A,N/A,N/A,N/A,N/A,N/A,N/A,N/A,NOT_CALCULATED,N/A,N/A,N/A,UNKNOWN,N/A,N/A,N/A,N/A,N/A,N/A,N/A,NOT_CALCULATED,N/A,LOW,STAGE_MAPPED_ONLY,LOW
6969,일산에이스9차,41287,경기,N/A,N/A,0,PRE_PROJECT,NO_OFFICIAL_RECORD,공식 정비사업 기록 없음(선별 후보),,,N/A,332,N/A,N/A,N/A,N/A,N/A,N/A,N/A,N/A,N/A,N/A,NOT_CALCULATED,N/A,N/A,N/A,UNKNOWN,N/A,N/A,N/A,N/A,N/A,N/A,N/A,NOT_CALCULATED,N/A,LOW,STAGE_MAPPED_ONLY,LOW
6863,일산중산마을10단지경남동신,41285,경기,N/A,N/A,0,PRE_PROJECT,NO_OFFICIAL_RECORD,공식 정비사업 기록 없음(선별 후보),,,196.17801090436757,608,N/A,59.639309210526314,N/A,N/A,N/A,N/A,N/A,N/A,N/A,N/A,NOT_CALCULATED,N/A,N/A,N/A,UNKNOWN,N/A,N/A,N/A,N/A,N/A,N/A,N/A,NOT_CALCULATED,N/A,LOW,STAGE_MAPPED_ONLY,LOW
6964,일산후곡1112단지공무원아파트,41287,경기,N/A,N/A,0,PRE_PROJECT,NO_OFFICIAL_RECORD,공식 정비사업 기록 없음(선별 후보),,,265.0565277434482,1554,N/A,28.377541827541826,N/A,N/A,N/A,N/A,N/A,N/A,N/A,N/A,NOT_CALCULATED,N/A,N/A,N/A,UNKNOWN,N/A,N/A,N/A,N/A,N/A,N/A,N/A,NOT_CALCULATED,N/A,LOW,STAGE_MAPPED_ONLY,LOW
6961,일산후곡6단지건영동부,41287,경기,N/A,N/A,0,PRE_PROJECT,NO_OFFICIAL_RECORD,공식 정비사업 기록 없음(선별 후보),,,203.27980476584523,676,N/A,52.73594674556213,N/A,N/A,N/A,N/A,N/A,N/A,N/A,N/A,NOT_CALCULATED,N/A,N/A,N/A,UNKNOWN,N/A,N/A,N/A,N/A,N/A,N/A,N/A,NOT_CALCULATED,N/A,LOW,STAGE_MAPPED_ONLY,LOW
6977,일산후곡마을13단지태영,41287,경기,N/A,N/A,0,PRE_PROJECT,NO_OFFICIAL_RECORD,공식 정비사업 기록 없음(선별 후보),,,195.86645562199553,420,N/A,52.798571428571435,N/A,N/A,N/A,N/A,N/A,N/A,N/A,N/A,NOT_CALCULATED,N/A,N/A,N/A,UNKNOWN,N/A,N/A,N/A,N/A,N/A,N/A,N/A,NOT_CALCULATED,N/A,LOW,STAGE_MAPPED_ONLY,LOW
6978,일산후곡마을14단지청구,41287,경기,N/A,N/A,0,PRE_PROJECT,NO_OFFICIAL_RECORD,공식 정비사업 기록 없음(선별 후보),,,197.84803016218598,446,N/A,73.32556053811659,N/A,N/A,N/A,N/A,N/A,N/A,N/A,N/A,NOT_CALCULATED,N/A,N/A,N/A,UNKNOWN,N/A,N/A,N/A,N/A,N/A,N/A,N/A,NOT_CALCULATED,N/A,LOW,STAGE_MAPPED_ONLY,LOW
6984,일산후곡마을15단지건영,41287,경기,N/A,N/A,0,PRE_PROJECT,NO_OFFICIAL_RECORD,공식 정비사업 기록 없음(선별 후보),,,192.10819684010153,766,N/A,46.84190600522194,N/A,N/A,N/A,N/A,N/A,N/A,N/A,N/A,NOT_CALCULATED,N/A,N/A,N/A,UNKNOWN,N/A,N/A,N/A,N/A,N/A,N/A,N/A,NOT_CALCULATED,N/A,LOW,STAGE_MAPPED_ONLY,LOW
6986,일산후곡마을16단지동아코오롱,41287,경기,N/A,N/A,0,PRE_PROJECT,NO_OFFICIAL_RECORD,공식 정비사업 기록 없음(선별 후보),,,220.2061527167255,948,N/A,46.84219409282701,N/A,N/A,N/A,N/A,N/A,N/A,N/A,N/A,NOT_CALCULATED,N/A,N/A,N/A,UNKNOWN,N/A,N/A,N/A,N/A,N/A,N/A,N/A,NOT_CALCULATED,N/A,LOW,STAGE_MAPPED_ONLY,LOW
6981,일산후곡마을17단지태영,41287,경기,N/A,N/A,0,PRE_PROJECT,NO_OFFICIAL_RECORD,공식 정비사업 기록 없음(선별 후보),,,234.55712128837445,540,N/A,73.5925925925926,N/A,N/A,N/A,N/A,N/A,N/A,N/A,N/A,NOT_CALCULATED,N/A,N/A,N/A,UNKNOWN,N/A,N/A,N/A,N/A,N/A,N/A,N/A,NOT_CALCULATED,N/A,LOW,STAGE_MAPPED_ONLY,LOW
6985,일산후곡마을18단지현대,41287,경기,N/A,N/A,0,PRE_PROJECT,NO_OFFICIAL_RECORD,공식 정비사업 기록 없음(선별 후보),,,200.15512840093385,784,N/A,52.61441326530612,N/A,N/A,N/A,N/A,N/A,N/A,N/A,N/A,NOT_CALCULATED,N/A,N/A,N/A,UNKNOWN,N/A,N/A,N/A,N/A,N/A,N/A,N/A,NOT_CALCULATED,N/A,LOW,STAGE_MAPPED_ONLY,LOW
6979,일산후곡마을1단지대우벽산,41287,경기,N/A,N/A,0,PRE_PROJECT,NO_OFFICIAL_RECORD,공식 정비사업 기록 없음(선별 후보),,,205.99776739257942,498,N/A,53.06526104417671,N/A,N/A,N/A,N/A,N/A,N/A,N/A,N/A,NOT_CALCULATED,N/A,N/A,N/A,UNKNOWN,N/A,N/A,N/A,N/A,N/A,N/A,N/A,NOT_CALCULATED,N/A,LOW,STAGE_MAPPED_ONLY,LOW
6982,일산후곡마을2단지동양대창,41287,경기,N/A,N/A,0,PRE_PROJECT,NO_OFFICIAL_RECORD,공식 정비사업 기록 없음(선별 후보),,,178.8173117456947,608,N/A,52.671875,N/A,N/A,N/A,N/A,N/A,N/A,N/A,N/A,NOT_CALCULATED,N/A,N/A,N/A,UNKNOWN,N/A,N/A,N/A,N/A,N/A,N/A,N/A,NOT_CALCULATED,N/A,LOW,STAGE_MAPPED_ONLY,LOW
6983,일산후곡마을4단지금호한양,41287,경기,N/A,N/A,0,PRE_PROJECT,NO_OFFICIAL_RECORD,공식 정비사업 기록 없음(선별 후보),,,214.46109791711646,752,N/A,46.81010638297872,N/A,N/A,N/A,N/A,N/A,N/A,N/A,N/A,NOT_CALCULATED,N/A,N/A,N/A,UNKNOWN,N/A,N/A,N/A,N/A,N/A,N/A,N/A,NOT_CALCULATED,N/A,LOW,STAGE_MAPPED_ONLY,LOW
6958,일산후곡마을5단지영풍한진,41287,경기,N/A,N/A,0,PRE_PROJECT,NO_OFFICIAL_RECORD,공식 정비사업 기록 없음(선별 후보),,,235.18007457205806,358,N/A,79.11061452513967,N/A,N/A,N/A,N/A,N/A,N/A,N/A,N/A,NOT_CALCULATED,N/A,N/A,N/A,UNKNOWN,N/A,N/A,N/A,N/A,N/A,N/A,N/A,NOT_CALCULATED,N/A,LOW,STAGE_MAPPED_ONLY,LOW
6962,일산후곡마을7단지동성,41287,경기,N/A,N/A,0,PRE_PROJECT,NO_OFFICIAL_RECORD,공식 정비사업 기록 없음(선별 후보),,,202.43649411091752,802,N/A,52.751995012468825,N/A,N/A,N/A,N/A,N/A,N/A,N/A,N/A,NOT_CALCULATED,N/A,N/A,N/A,UNKNOWN,N/A,N/A,N/A,N/A,N/A,N/A,N/A,NOT_CALCULATED,N/A,LOW,STAGE_MAPPED_ONLY,LOW
6959,일산후곡마을8단지동신,41287,경기,N/A,N/A,0,PRE_PROJECT,NO_OFFICIAL_RECORD,공식 정비사업 기록 없음(선별 후보),,,231.18301516441142,434,N/A,79.58847926267282,N/A,N/A,N/A,N/A,N/A,N/A,N/A,N/A,NOT_CALCULATED,N/A,N/A,N/A,UNKNOWN,N/A,N/A,N/A,N/A,N/A,N/A,N/A,NOT_CALCULATED,N/A,LOW,STAGE_MAPPED_ONLY,LOW
6921,일산흰돌4,41285,경기,N/A,N/A,0,PRE_PROJECT,NO_OFFICIAL_RECORD,공식 정비사업 기록 없음(선별 후보),,,97.75483461133464,1141,N/A,33.043032427695,N/A,N/A,N/A,N/A,N/A,N/A,N/A,N/A,NOT_CALCULATED,N/A,N/A,N/A,UNKNOWN,N/A,N/A,N/A,N/A,N/A,N/A,N/A,NOT_CALCULATED,N/A,LOW,STAGE_MAPPED_ONLY,LOW
7770,일우,41390,경기,N/A,N/A,0,PRE_PROJECT,NO_OFFICIAL_RECORD,공식 정비사업 기록 없음(선별 후보),,,N/A,410,N/A,N/A,N/A,N/A,N/A,N/A,N/A,N/A,N/A,N/A,NOT_CALCULATED,N/A,N/A,N/A,UNKNOWN,N/A,N/A,N/A,N/A,N/A,N/A,N/A,NOT_CALCULATED,N/A,LOW,STAGE_MAPPED_ONLY,LOW
6199,장미,41220,경기,N/A,N/A,0,PRE_PROJECT,NO_OFFICIAL_RECORD,공식 정비사업 기록 없음(선별 후보),,,272.70444547116364,200,N/A,24.890500000000003,N/A,N/A,N/A,N/A,N/A,N/A,N/A,N/A,NOT_CALCULATED,N/A,N/A,N/A,UNKNOWN,N/A,N/A,N/A,N/A,N/A,N/A,N/A,NOT_CALCULATED,N/A,LOW,STAGE_MAPPED_ONLY,LOW
6734,장미8차,41281,경기,N/A,N/A,0,PRE_PROJECT,NO_OFFICIAL_RECORD,공식 정비사업 기록 없음(선별 후보),,,393.95955110787105,128,N/A,35.36484375,N/A,N/A,N/A,N/A,N/A,N/A,N/A,N/A,NOT_CALCULATED,N/A,N/A,N/A,UNKNOWN,N/A,N/A,N/A,N/A,N/A,N/A,N/A,NOT_CALCULATED,N/A,LOW,STAGE_MAPPED_ONLY,LOW
7065,장성마을3단지건영킨텍스아파트,41287,경기,N/A,N/A,0,PRE_PROJECT,NO_OFFICIAL_RECORD,공식 정비사업 기록 없음(선별 후보),,,244.03813856587084,354,N/A,79.7271186440678,N/A,N/A,N/A,N/A,N/A,N/A,N/A,N/A,NOT_CALCULATED,N/A,N/A,N/A,UNKNOWN,N/A,N/A,N/A,N/A,N/A,N/A,N/A,NOT_CALCULATED,N/A,LOW,STAGE_MAPPED_ONLY,LOW
8739,장안4차하나아파트,41480,경기,N/A,N/A,0,PRE_PROJECT,NO_OFFICIAL_RECORD,공식 정비사업 기록 없음(선별 후보),,,N/A,108,N/A,N/A,N/A,N/A,N/A,N/A,N/A,N/A,N/A,N/A,NOT_CALCULATED,N/A,N/A,N/A,UNKNOWN,N/A,N/A,N/A,N/A,N/A,N/A,N/A,NOT_CALCULATED,N/A,LOW,STAGE_MAPPED_ONLY,LOW
8748,장안미래아파트,41480,경기,N/A,N/A,0,PRE_PROJECT,NO_OFFICIAL_RECORD,공식 정비사업 기록 없음(선별 후보),,,N/A,208,N/A,N/A,N/A,N/A,N/A,N/A,N/A,N/A,N/A,N/A,NOT_CALCULATED,N/A,N/A,N/A,UNKNOWN,N/A,N/A,N/A,N/A,N/A,N/A,N/A,NOT_CALCULATED,N/A,LOW,STAGE_MAPPED_ONLY,LOW
5406,장암우성,41150,경기,N/A,N/A,0,PRE_PROJECT,NO_OFFICIAL_RECORD,공식 정비사업 기록 없음(선별 후보),,,260.38398594978645,510,N/A,49.12352941176471,N/A,N/A,N/A,N/A,N/A,N/A,N/A,N/A,NOT_CALCULATED,N/A,N/A,N/A,UNKNOWN,N/A,N/A,N/A,N/A,N/A,N/A,N/A,NOT_CALCULATED,N/A,LOW,STAGE_MAPPED_ONLY,LOW
5403,장암주공1단지,41150,경기,N/A,N/A,0,PRE_PROJECT,NO_OFFICIAL_RECORD,공식 정비사업 기록 없음(선별 후보),,,38.41067283193357,1122,N/A,85.00267379679144,N/A,N/A,N/A,N/A,N/A,N/A,N/A,N/A,NOT_CALCULATED,N/A,N/A,N/A,UNKNOWN,N/A,N/A,N/A,N/A,N/A,N/A,N/A,NOT_CALCULATED,N/A,LOW,STAGE_MAPPED_ONLY,LOW
5407,장암주공2단지,41150,경기,N/A,N/A,0,PRE_PROJECT,NO_OFFICIAL_RECORD,공식 정비사업 기록 없음(선별 후보),,,99.5921848950961,1661,N/A,57.41902468392534,N/A,N/A,N/A,N/A,N/A,N/A,N/A,N/A,NOT_CALCULATED,N/A,N/A,N/A,UNKNOWN,N/A,N/A,N/A,N/A,N/A,N/A,N/A,NOT_CALCULATED,N/A,LOW,STAGE_MAPPED_ONLY,LOW
6870,장항양지마을3단지건영빌라,41285,경기,N/A,N/A,0,PRE_PROJECT,NO_OFFICIAL_RECORD,공식 정비사업 기록 없음(선별 후보),,,153.74791379435456,152,N/A,90.66447368421052,N/A,N/A,N/A,N/A,N/A,N/A,N/A,N/A,NOT_CALCULATED,N/A,N/A,N/A,UNKNOWN,N/A,N/A,N/A,N/A,N/A,N/A,N/A,NOT_CALCULATED,N/A,LOW,STAGE_MAPPED_ONLY,LOW
6875,장항양지마을5단지건영,41285,경기,N/A,N/A,0,PRE_PROJECT,NO_OFFICIAL_RECORD,공식 정비사업 기록 없음(선별 후보),,,159.3434584646735,216,N/A,87.24166666666667,N/A,N/A,N/A,N/A,N/A,N/A,N/A,N/A,NOT_CALCULATED,N/A,N/A,N/A,UNKNOWN,N/A,N/A,N/A,N/A,N/A,N/A,N/A,NOT_CALCULATED,N/A,LOW,STAGE_MAPPED_ONLY,LOW
6886,장항호수5단지청구,41285,경기,N/A,N/A,0,PRE_PROJECT,NO_OFFICIAL_RECORD,공식 정비사업 기록 없음(선별 후보),,,189.49753190945543,668,N/A,46.85553892215569,N/A,N/A,N/A,N/A,N/A,N/A,N/A,N/A,NOT_CALCULATED,N/A,N/A,N/A,UNKNOWN,N/A,N/A,N/A,N/A,N/A,N/A,N/A,NOT_CALCULATED,N/A,LOW,STAGE_MAPPED_ONLY,LOW
6888,장항호수마을2단지현대,41285,경기,N/A,N/A,0,PRE_PROJECT,NO_OFFICIAL_RECORD,공식 정비사업 기록 없음(선별 후보),,,175.89421019047137,1144,N/A,46.4388986013986,N/A,N/A,N/A,N/A,N/A,N/A,N/A,N/A,NOT_CALCULATED,N/A,N/A,N/A,UNKNOWN,N/A,N/A,N/A,N/A,N/A,N/A,N/A,NOT_CALCULATED,N/A,LOW,STAGE_MAPPED_ONLY,LOW
7985,적성8차(경기도 군포시 금정동 744 적성아파트),41410,경기,N/A,N/A,0,PRE_PROJECT,NO_OFFICIAL_RECORD,공식 정비사업 기록 없음(선별 후보),,,N/A,170,N/A,N/A,N/A,N/A,N/A,N/A,N/A,N/A,N/A,N/A,NOT_CALCULATED,N/A,N/A,N/A,UNKNOWN,N/A,N/A,N/A,N/A,N/A,N/A,N/A,NOT_CALCULATED,N/A,LOW,STAGE_MAPPED_ONLY,LOW
10137,전곡명정,41800,경기,N/A,N/A,0,PRE_PROJECT,NO_OFFICIAL_RECORD,공식 정비사업 기록 없음(선별 후보),,,N/A,165,N/A,N/A,N/A,N/A,N/A,N/A,N/A,N/A,N/A,N/A,NOT_CALCULATED,N/A,N/A,N/A,UNKNOWN,N/A,N/A,N/A,N/A,N/A,N/A,N/A,NOT_CALCULATED,N/A,LOW,STAGE_MAPPED_ONLY,LOW
10131,전곡조흥아파트,41800,경기,N/A,N/A,0,PRE_PROJECT,NO_OFFICIAL_RECORD,공식 정비사업 기록 없음(선별 후보),,,N/A,287,N/A,N/A,N/A,N/A,N/A,N/A,N/A,N/A,N/A,N/A,NOT_CALCULATED,N/A,N/A,N/A,UNKNOWN,N/A,N/A,N/A,N/A,N/A,N/A,N/A,NOT_CALCULATED,N/A,LOW,STAGE_MAPPED_ONLY,LOW
7387,정광산호,41360,경기,N/A,N/A,0,PRE_PROJECT,NO_OFFICIAL_RECORD,공식 정비사업 기록 없음(선별 후보),,,N/A,729,N/A,N/A,N/A,N/A,N/A,N/A,N/A,N/A,N/A,N/A,NOT_CALCULATED,N/A,N/A,N/A,UNKNOWN,N/A,N/A,N/A,N/A,N/A,N/A,N/A,NOT_CALCULATED,N/A,LOW,STAGE_MAPPED_ONLY,LOW
5121,정든마을한진6차,41135,경기,N/A,N/A,0,PRE_PROJECT,NO_OFFICIAL_RECORD,공식 정비사업 기록 없음(선별 후보),,,234.2874736595645,298,N/A,71.66107382550335,N/A,N/A,N/A,N/A,N/A,N/A,N/A,N/A,NOT_CALCULATED,N/A,N/A,N/A,UNKNOWN,N/A,N/A,N/A,N/A,N/A,N/A,N/A,NOT_CALCULATED,N/A,LOW,STAGE_MAPPED_ONLY,LOW
6889,정발마을 3단지,41285,경기,N/A,N/A,0,PRE_PROJECT,NO_OFFICIAL_RECORD,공식 정비사업 기록 없음(선별 후보),,,127.50893673141218,126,N/A,137.20793650793652,N/A,N/A,N/A,N/A,N/A,N/A,N/A,N/A,NOT_CALCULATED,N/A,N/A,N/A,UNKNOWN,N/A,N/A,N/A,N/A,N/A,N/A,N/A,NOT_CALCULATED,N/A,LOW,STAGE_MAPPED_ONLY,LOW
6873,정발산밤가시마을4단지건영빌라,41285,경기,N/A,N/A,0,PRE_PROJECT,NO_OFFICIAL_RECORD,공식 정비사업 기록 없음(선별 후보),,,147.94389455196074,208,N/A,87.86682692307691,N/A,N/A,N/A,N/A,N/A,N/A,N/A,N/A,NOT_CALCULATED,N/A,N/A,N/A,UNKNOWN,N/A,N/A,N/A,N/A,N/A,N/A,N/A,NOT_CALCULATED,N/A,LOW,STAGE_MAPPED_ONLY,LOW
5603,정우,41171,경기,N/A,N/A,0,PRE_PROJECT,NO_OFFICIAL_RECORD,공식 정비사업 기록 없음(선별 후보),,,278.3190394511149,351,N/A,33.21937321937322,N/A,N/A,N/A,N/A,N/A,N/A,N/A,N/A,NOT_CALCULATED,N/A,N/A,N/A,UNKNOWN,N/A,N/A,N/A,N/A,N/A,N/A,N/A,NOT_CALCULATED,N/A,LOW,STAGE_MAPPED_ONLY,LOW
4573,정자그린맨션,41111,경기,N/A,N/A,0,PRE_PROJECT,NO_OFFICIAL_RECORD,공식 정비사업 기록 없음(선별 후보),,,273.97409512844496,282,N/A,49.280141843971634,N/A,N/A,N/A,N/A,N/A,N/A,N/A,N/A,NOT_CALCULATED,N/A,N/A,N/A,UNKNOWN,N/A,N/A,N/A,N/A,N/A,N/A,N/A,NOT_CALCULATED,N/A,LOW,STAGE_MAPPED_ONLY,LOW
5134,정자느티마을경남선경빌라,41135,경기,N/A,N/A,0,PRE_PROJECT,NO_OFFICIAL_RECORD,공식 정비사업 기록 없음(선별 후보),,,143.86810168145678,200,N/A,186.386,N/A,N/A,N/A,N/A,N/A,N/A,N/A,N/A,NOT_CALCULATED,N/A,N/A,N/A,UNKNOWN,N/A,N/A,N/A,N/A,N/A,N/A,N/A,NOT_CALCULATED,N/A,LOW,STAGE_MAPPED_ONLY,LOW
4536,정자동 송학아파트,41111,경기,N/A,N/A,0,PRE_PROJECT,NO_OFFICIAL_RECORD,공식 정비사업 기록 없음(선별 후보),,,271.5009810333551,138,N/A,17.72753623188406,N/A,N/A,N/A,N/A,N/A,N/A,N/A,N/A,NOT_CALCULATED,N/A,N/A,N/A,UNKNOWN,N/A,N/A,N/A,N/A,N/A,N/A,N/A,NOT_CALCULATED,N/A,LOW,STAGE_MAPPED_ONLY,LOW
4546,정자동신1차,41111,경기,N/A,N/A,0,PRE_PROJECT,NO_OFFICIAL_RECORD,공식 정비사업 기록 없음(선별 후보),,,291.77159552845524,1548,N/A,22.88372093023256,N/A,N/A,N/A,N/A,N/A,N/A,N/A,N/A,NOT_CALCULATED,N/A,N/A,N/A,UNKNOWN,N/A,N/A,N/A,N/A,N/A,N/A,N/A,NOT_CALCULATED,N/A,LOW,STAGE_MAPPED_ONLY,LOW
4547,정자동신2차,41111,경기,N/A,N/A,0,PRE_PROJECT,NO_OFFICIAL_RECORD,공식 정비사업 기록 없음(선별 후보),,,265.5042549545947,1992,N/A,26.36897590361446,N/A,N/A,N/A,N/A,N/A,N/A,N/A,N/A,NOT_CALCULATED,N/A,N/A,N/A,UNKNOWN,N/A,N/A,N/A,N/A,N/A,N/A,N/A,NOT_CALCULATED,N/A,LOW,STAGE_MAPPED_ONLY,LOW
4545,정자동신3차,41111,경기,N/A,N/A,0,PRE_PROJECT,NO_OFFICIAL_RECORD,공식 정비사업 기록 없음(선별 후보),,,431.36277337178564,330,N/A,25.21818181818182,N/A,N/A,N/A,N/A,N/A,N/A,N/A,N/A,NOT_CALCULATED,N/A,N/A,N/A,UNKNOWN,N/A,N/A,N/A,N/A,N/A,N/A,N/A,NOT_CALCULATED,N/A,LOW,STAGE_MAPPED_ONLY,LOW
5123,정자상록마을라이프,41135,경기,N/A,N/A,0,PRE_PROJECT,NO_OFFICIAL_RECORD,공식 정비사업 기록 없음(선별 후보),,,289.7371841447847,750,N/A,46.06013333333333,N/A,N/A,N/A,N/A,N/A,N/A,N/A,N/A,NOT_CALCULATED,N/A,N/A,N/A,UNKNOWN,N/A,N/A,N/A,N/A,N/A,N/A,N/A,NOT_CALCULATED,N/A,LOW,STAGE_MAPPED_ONLY,LOW
5124,정자상록마을우성,41135,경기,N/A,N/A,0,PRE_PROJECT,NO_OFFICIAL_RECORD,공식 정비사업 기록 없음(선별 후보),,,388.1880520345493,1762,N/A,29.653745743473326,N/A,N/A,N/A,N/A,N/A,N/A,N/A,N/A,NOT_CALCULATED,N/A,N/A,N/A,UNKNOWN,N/A,N/A,N/A,N/A,N/A,N/A,N/A,NOT_CALCULATED,N/A,LOW,STAGE_MAPPED_ONLY,LOW
4568,정자신미주,41111,경기,N/A,N/A,0,PRE_PROJECT,NO_OFFICIAL_RECORD,공식 정비사업 기록 없음(선별 후보),,,322.6633584283602,189,N/A,31.133862433862436,N/A,N/A,N/A,N/A,N/A,N/A,N/A,N/A,NOT_CALCULATED,N/A,N/A,N/A,UNKNOWN,N/A,N/A,N/A,N/A,N/A,N/A,N/A,NOT_CALCULATED,N/A,LOW,STAGE_MAPPED_ONLY,LOW
4542,정자신호,41111,경기,N/A,N/A,0,PRE_PROJECT,NO_OFFICIAL_RECORD,공식 정비사업 기록 없음(선별 후보),,,N/A,173,N/A,N/A,N/A,N/A,N/A,N/A,N/A,N/A,N/A,N/A,NOT_CALCULATED,N/A,N/A,N/A,UNKNOWN,N/A,N/A,N/A,N/A,N/A,N/A,N/A,NOT_CALCULATED,N/A,LOW,STAGE_MAPPED_ONLY,LOW
5117,정자정든마을동아1차,41135,경기,N/A,N/A,0,PRE_PROJECT,NO_OFFICIAL_RECORD,공식 정비사업 기록 없음(선별 후보),,,257.46080794156694,300,N/A,72.05966666666667,N/A,N/A,N/A,N/A,N/A,N/A,N/A,N/A,NOT_CALCULATED,N/A,N/A,N/A,UNKNOWN,N/A,N/A,N/A,N/A,N/A,N/A,N/A,NOT_CALCULATED,N/A,LOW,STAGE_MAPPED_ONLY,LOW
5118,정자정든마을동아2차,41135,경기,N/A,N/A,0,PRE_PROJECT,NO_OFFICIAL_RECORD,공식 정비사업 기록 없음(선별 후보),,,229.84500766826034,706,N/A,40.914022662889515,N/A,N/A,N/A,N/A,N/A,N/A,N/A,N/A,NOT_CALCULATED,N/A,N/A,N/A,UNKNOWN,N/A,N/A,N/A,N/A,N/A,N/A,N/A,NOT_CALCULATED,N/A,LOW,STAGE_MAPPED_ONLY,LOW
5142,정자정든마을신화,41135,경기,N/A,N/A,0,PRE_PROJECT,NO_OFFICIAL_RECORD,공식 정비사업 기록 없음(선별 후보),,,221.2983347219552,564,N/A,66.39574468085105,N/A,N/A,N/A,N/A,N/A,N/A,N/A,N/A,NOT_CALCULATED,N/A,N/A,N/A,UNKNOWN,N/A,N/A,N/A,N/A,N/A,N/A,N/A,NOT_CALCULATED,N/A,LOW,STAGE_MAPPED_ONLY,LOW
5119,정자정든마을우성4차,41135,경기,N/A,N/A,0,PRE_PROJECT,NO_OFFICIAL_RECORD,공식 정비사업 기록 없음(선별 후보),,,258.66324099294786,270,N/A,69.4825925925926,N/A,N/A,N/A,N/A,N/A,N/A,N/A,N/A,NOT_CALCULATED,N/A,N/A,N/A,UNKNOWN,N/A,N/A,N/A,N/A,N/A,N/A,N/A,NOT_CALCULATED,N/A,LOW,STAGE_MAPPED_ONLY,LOW
5120,정자정든마을우성6차,41135,경기,N/A,N/A,0,PRE_PROJECT,NO_OFFICIAL_RECORD,공식 정비사업 기록 없음(선별 후보),,,189.3767475320281,706,N/A,50.40495750708215,N/A,N/A,N/A,N/A,N/A,N/A,N/A,N/A,NOT_CALCULATED,N/A,N/A,N/A,UNKNOWN,N/A,N/A,N/A,N/A,N/A,N/A,N/A,NOT_CALCULATED,N/A,LOW,STAGE_MAPPED_ONLY,LOW
5122,정자정든마을한진7차,41135,경기,N/A,N/A,0,PRE_PROJECT,NO_OFFICIAL_RECORD,공식 정비사업 기록 없음(선별 후보),,,219.8503210813481,382,N/A,46.63560209424084,N/A,N/A,N/A,N/A,N/A,N/A,N/A,N/A,NOT_CALCULATED,N/A,N/A,N/A,UNKNOWN,N/A,N/A,N/A,N/A,N/A,N/A,N/A,NOT_CALCULATED,N/A,LOW,STAGE_MAPPED_ONLY,LOW
5127,정자정든마을한진8차,41135,경기,N/A,N/A,0,PRE_PROJECT,NO_OFFICIAL_RECORD,공식 정비사업 기록 없음(선별 후보),,,284.54528615064993,512,N/A,53.7748046875,N/A,N/A,N/A,N/A,N/A,N/A,N/A,N/A,NOT_CALCULATED,N/A,N/A,N/A,UNKNOWN,N/A,N/A,N/A,N/A,N/A,N/A,N/A,NOT_CALCULATED,N/A,LOW,STAGE_MAPPED_ONLY,LOW
5129,정자한솔마을엘지2차,41135,경기,N/A,N/A,0,PRE_PROJECT,NO_OFFICIAL_RECORD,공식 정비사업 기록 없음(선별 후보),,,252.77017177527387,598,N/A,67.91170568561873,N/A,N/A,N/A,N/A,N/A,N/A,N/A,N/A,NOT_CALCULATED,N/A,N/A,N/A,UNKNOWN,N/A,N/A,N/A,N/A,N/A,N/A,N/A,NOT_CALCULATED,N/A,LOW,STAGE_MAPPED_ONLY,LOW
5131,정자한솔마을주공4차,41135,경기,N/A,N/A,0,PRE_PROJECT,NO_OFFICIAL_RECORD,공식 정비사업 기록 없음(선별 후보),,,131.01414339196208,1651,N/A,34.088855239248936,N/A,N/A,N/A,N/A,N/A,N/A,N/A,N/A,NOT_CALCULATED,N/A,N/A,N/A,UNKNOWN,N/A,N/A,N/A,N/A,N/A,N/A,N/A,NOT_CALCULATED,N/A,LOW,STAGE_MAPPED_ONLY,LOW
5132,정자한솔마을주공5차,41135,경기,N/A,N/A,0,PRE_PROJECT,NO_OFFICIAL_RECORD,공식 정비사업 기록 없음(선별 후보),,,158.58200874937128,1156,N/A,36.463321799307955,N/A,N/A,N/A,N/A,N/A,N/A,N/A,N/A,NOT_CALCULATED,N/A,N/A,N/A,UNKNOWN,N/A,N/A,N/A,N/A,N/A,N/A,N/A,NOT_CALCULATED,N/A,LOW,STAGE_MAPPED_ONLY,LOW
5115,정자한솔마을주공6차,41135,경기,N/A,N/A,0,PRE_PROJECT,NO_OFFICIAL_RECORD,공식 정비사업 기록 없음(선별 후보),,,152.41784035575384,1039,N/A,34.174879692011544,N/A,N/A,N/A,N/A,N/A,N/A,N/A,N/A,NOT_CALCULATED,N/A,N/A,N/A,UNKNOWN,N/A,N/A,N/A,N/A,N/A,N/A,N/A,NOT_CALCULATED,N/A,LOW,STAGE_MAPPED_ONLY,LOW
5141,정자한솔마을주공7차,41135,경기,N/A,N/A,0,PRE_PROJECT,NO_OFFICIAL_RECORD,공식 정비사업 기록 없음(선별 후보),,,103.48894250178944,1668,N/A,30.739148681055156,N/A,N/A,N/A,N/A,N/A,N/A,N/A,N/A,NOT_CALCULATED,N/A,N/A,N/A,UNKNOWN,N/A,N/A,N/A,N/A,N/A,N/A,N/A,NOT_CALCULATED,N/A,LOW,STAGE_MAPPED_ONLY,LOW
5130,정자한솔마을청구,41135,경기,N/A,N/A,0,PRE_PROJECT,NO_OFFICIAL_RECORD,공식 정비사업 기록 없음(선별 후보),,,167.5932444536183,858,N/A,63.24079254079254,N/A,N/A,N/A,N/A,N/A,N/A,N/A,N/A,NOT_CALCULATED,N/A,N/A,N/A,UNKNOWN,N/A,N/A,N/A,N/A,N/A,N/A,N/A,NOT_CALCULATED,N/A,LOW,STAGE_MAPPED_ONLY,LOW
5128,정자한솔마을한일,41135,경기,N/A,N/A,0,PRE_PROJECT,NO_OFFICIAL_RECORD,공식 정비사업 기록 없음(선별 후보),,,189.30199697603697,416,N/A,70.43100961538461,N/A,N/A,N/A,N/A,N/A,N/A,N/A,N/A,NOT_CALCULATED,N/A,N/A,N/A,UNKNOWN,N/A,N/A,N/A,N/A,N/A,N/A,N/A,NOT_CALCULATED,N/A,LOW,STAGE_MAPPED_ONLY,LOW
4569,정자현대아파트,41111,경기,N/A,N/A,0,PRE_PROJECT,NO_OFFICIAL_RECORD,공식 정비사업 기록 없음(선별 후보),,,372.64727056466756,227,N/A,28.148017621145375,N/A,N/A,N/A,N/A,N/A,N/A,N/A,N/A,NOT_CALCULATED,N/A,N/A,N/A,UNKNOWN,N/A,N/A,N/A,N/A,N/A,N/A,N/A,NOT_CALCULATED,N/A,LOW,STAGE_MAPPED_ONLY,LOW
6200,제일,41220,경기,N/A,N/A,0,PRE_PROJECT,NO_OFFICIAL_RECORD,공식 정비사업 기록 없음(선별 후보),,,204.99625531914893,300,N/A,39.166666666666664,N/A,N/A,N/A,N/A,N/A,N/A,N/A,N/A,NOT_CALCULATED,N/A,N/A,N/A,UNKNOWN,N/A,N/A,N/A,N/A,N/A,N/A,N/A,NOT_CALCULATED,N/A,LOW,STAGE_MAPPED_ONLY,LOW
5962,조공2차아파트,41194,경기,N/A,N/A,0,PRE_PROJECT,NO_OFFICIAL_RECORD,공식 정비사업 기록 없음(선별 후보),,,N/A,320,N/A,N/A,N/A,N/A,N/A,N/A,N/A,N/A,N/A,N/A,NOT_CALCULATED,N/A,N/A,N/A,UNKNOWN,N/A,N/A,N/A,N/A,N/A,N/A,N/A,NOT_CALCULATED,N/A,LOW,STAGE_MAPPED_ONLY,LOW
7740,조남동 가야아파트,41390,경기,N/A,N/A,0,PRE_PROJECT,NO_OFFICIAL_RECORD,공식 정비사업 기록 없음(선별 후보),,,N/A,189,N/A,N/A,N/A,N/A,N/A,N/A,N/A,N/A,N/A,N/A,NOT_CALCULATED,N/A,N/A,N/A,UNKNOWN,N/A,N/A,N/A,N/A,N/A,N/A,N/A,NOT_CALCULATED,N/A,LOW,STAGE_MAPPED_ONLY,LOW
4614,조원벽산,41111,경기,N/A,N/A,0,PRE_PROJECT,NO_OFFICIAL_RECORD,공식 정비사업 기록 없음(선별 후보),,,256.8869763507301,740,N/A,36.74189189189189,N/A,N/A,N/A,N/A,N/A,N/A,N/A,N/A,NOT_CALCULATED,N/A,N/A,N/A,UNKNOWN,N/A,N/A,N/A,N/A,N/A,N/A,N/A,NOT_CALCULATED,N/A,LOW,STAGE_MAPPED_ONLY,LOW
6998,주엽강선마을11단지태영,41287,경기,N/A,N/A,0,PRE_PROJECT,NO_OFFICIAL_RECORD,공식 정비사업 기록 없음(선별 후보),,,145.85233850467165,344,N/A,43.340406976744184,N/A,N/A,N/A,N/A,N/A,N/A,N/A,N/A,NOT_CALCULATED,N/A,N/A,N/A,UNKNOWN,N/A,N/A,N/A,N/A,N/A,N/A,N/A,NOT_CALCULATED,N/A,LOW,STAGE_MAPPED_ONLY,LOW
6995,주엽강선마을13단지뉴서울,41287,경기,N/A,N/A,0,PRE_PROJECT,NO_OFFICIAL_RECORD,공식 정비사업 기록 없음(선별 후보),,,156.659225890677,288,N/A,43.08715277777778,N/A,N/A,N/A,N/A,N/A,N/A,N/A,N/A,NOT_CALCULATED,N/A,N/A,N/A,UNKNOWN,N/A,N/A,N/A,N/A,N/A,N/A,N/A,NOT_CALCULATED,N/A,LOW,STAGE_MAPPED_ONLY,LOW
7009,주엽강선마을14단지두산,41287,경기,N/A,N/A,0,PRE_PROJECT,NO_OFFICIAL_RECORD,공식 정비사업 기록 없음(선별 후보),,,228.77504174185597,792,N/A,46.80946969696969,N/A,N/A,N/A,N/A,N/A,N/A,N/A,N/A,NOT_CALCULATED,N/A,N/A,N/A,UNKNOWN,N/A,N/A,N/A,N/A,N/A,N/A,N/A,NOT_CALCULATED,N/A,LOW,STAGE_MAPPED_ONLY,LOW
7006,주엽강선마을15단지보성,41287,경기,N/A,N/A,0,PRE_PROJECT,NO_OFFICIAL_RECORD,공식 정비사업 기록 없음(선별 후보),,,201.2230530822614,604,N/A,52.9385761589404,N/A,N/A,N/A,N/A,N/A,N/A,N/A,N/A,NOT_CALCULATED,N/A,N/A,N/A,UNKNOWN,N/A,N/A,N/A,N/A,N/A,N/A,N/A,NOT_CALCULATED,N/A,LOW,STAGE_MAPPED_ONLY,LOW
6999,주엽강선마을16단지동문,41287,경기,N/A,N/A,0,PRE_PROJECT,NO_OFFICIAL_RECORD,공식 정비사업 기록 없음(선별 후보),,,207.32008241543633,390,N/A,52.51692307692307,N/A,N/A,N/A,N/A,N/A,N/A,N/A,N/A,NOT_CALCULATED,N/A,N/A,N/A,UNKNOWN,N/A,N/A,N/A,N/A,N/A,N/A,N/A,NOT_CALCULATED,N/A,LOW,STAGE_MAPPED_ONLY,LOW
7001,주엽강선마을17단지동성,41287,경기,N/A,N/A,0,PRE_PROJECT,NO_OFFICIAL_RECORD,공식 정비사업 기록 없음(선별 후보),,,211.4747913231111,476,N/A,49.55693277310924,N/A,N/A,N/A,N/A,N/A,N/A,N/A,N/A,NOT_CALCULATED,N/A,N/A,N/A,UNKNOWN,N/A,N/A,N/A,N/A,N/A,N/A,N/A,NOT_CALCULATED,N/A,LOW,STAGE_MAPPED_ONLY,LOW
7002,주엽강선마을1단지대우벽산,41287,경기,N/A,N/A,0,PRE_PROJECT,NO_OFFICIAL_RECORD,공식 정비사업 기록 없음(선별 후보),,,246.06829011016288,520,N/A,74.38288461538461,N/A,N/A,N/A,N/A,N/A,N/A,N/A,N/A,NOT_CALCULATED,N/A,N/A,N/A,UNKNOWN,N/A,N/A,N/A,N/A,N/A,N/A,N/A,NOT_CALCULATED,N/A,LOW,STAGE_MAPPED_ONLY,LOW
7007,주엽강선마을2단지경남,41287,경기,N/A,N/A,0,PRE_PROJECT,NO_OFFICIAL_RECORD,공식 정비사업 기록 없음(선별 후보),,,237.20114563036003,620,N/A,79.62935483870967,N/A,N/A,N/A,N/A,N/A,N/A,N/A,N/A,NOT_CALCULATED,N/A,N/A,N/A,UNKNOWN,N/A,N/A,N/A,N/A,N/A,N/A,N/A,NOT_CALCULATED,N/A,LOW,STAGE_MAPPED_ONLY,LOW
7004,주엽강선마을3단지한신,41287,경기,N/A,N/A,0,PRE_PROJECT,NO_OFFICIAL_RECORD,공식 정비사업 기록 없음(선별 후보),,,205.24248862125484,538,N/A,52.84423791821561,N/A,N/A,N/A,N/A,N/A,N/A,N/A,N/A,NOT_CALCULATED,N/A,N/A,N/A,UNKNOWN,N/A,N/A,N/A,N/A,N/A,N/A,N/A,NOT_CALCULATED,N/A,LOW,STAGE_MAPPED_ONLY,LOW
7008,주엽강선마을4단지동신,41287,경기,N/A,N/A,0,PRE_PROJECT,NO_OFFICIAL_RECORD,공식 정비사업 기록 없음(선별 후보),,,203.5442345395687,624,N/A,52.72195512820513,N/A,N/A,N/A,N/A,N/A,N/A,N/A,N/A,NOT_CALCULATED,N/A,N/A,N/A,UNKNOWN,N/A,N/A,N/A,N/A,N/A,N/A,N/A,NOT_CALCULATED,N/A,LOW,STAGE_MAPPED_ONLY,LOW
7003,주엽강선마을5단지동부건영,41287,경기,N/A,N/A,0,PRE_PROJECT,NO_OFFICIAL_RECORD,공식 정비사업 기록 없음(선별 후보),,,237.1978383703472,528,N/A,79.97613636363637,N/A,N/A,N/A,N/A,N/A,N/A,N/A,N/A,NOT_CALCULATED,N/A,N/A,N/A,UNKNOWN,N/A,N/A,N/A,N/A,N/A,N/A,N/A,NOT_CALCULATED,N/A,LOW,STAGE_MAPPED_ONLY,LOW
7005,주엽강선마을6단지금호한양,41287,경기,N/A,N/A,0,PRE_PROJECT,NO_OFFICIAL_RECORD,공식 정비사업 기록 없음(선별 후보),,,243.54369518856842,556,N/A,78.85521582733813,N/A,N/A,N/A,N/A,N/A,N/A,N/A,N/A,NOT_CALCULATED,N/A,N/A,N/A,UNKNOWN,N/A,N/A,N/A,N/A,N/A,N/A,N/A,NOT_CALCULATED,N/A,LOW,STAGE_MAPPED_ONLY,LOW
7010,주엽강선마을7단지유원삼환,41287,경기,N/A,N/A,0,PRE_PROJECT,NO_OFFICIAL_RECORD,공식 정비사업 기록 없음(선별 후보),,,195.85683433627577,816,N/A,46.7578431372549,N/A,N/A,N/A,N/A,N/A,N/A,N/A,N/A,NOT_CALCULATED,N/A,N/A,N/A,UNKNOWN,N/A,N/A,N/A,N/A,N/A,N/A,N/A,NOT_CALCULATED,N/A,LOW,STAGE_MAPPED_ONLY,LOW
7012,주엽강선마을8단지LG롯데,41287,경기,N/A,N/A,0,PRE_PROJECT,NO_OFFICIAL_RECORD,공식 정비사업 기록 없음(선별 후보),,,228.35871704009972,966,N/A,46.770082815734995,N/A,N/A,N/A,N/A,N/A,N/A,N/A,N/A,NOT_CALCULATED,N/A,N/A,N/A,UNKNOWN,N/A,N/A,N/A,N/A,N/A,N/A,N/A,NOT_CALCULATED,N/A,LOW,STAGE_MAPPED_ONLY,LOW
7011,주엽강선마을9단지화성,41287,경기,N/A,N/A,0,PRE_PROJECT,NO_OFFICIAL_RECORD,공식 정비사업 기록 없음(선별 후보),,,202.98634459273606,860,N/A,51.15104651162791,N/A,N/A,N/A,N/A,N/A,N/A,N/A,N/A,NOT_CALCULATED,N/A,N/A,N/A,UNKNOWN,N/A,N/A,N/A,N/A,N/A,N/A,N/A,NOT_CALCULATED,N/A,LOW,STAGE_MAPPED_ONLY,LOW
5592,준마,41171,경기,N/A,N/A,0,PRE_PROJECT,NO_OFFICIAL_RECORD,공식 정비사업 기록 없음(선별 후보),,,219.03099966490265,348,N/A,45.44913793103448,N/A,N/A,N/A,N/A,N/A,N/A,N/A,N/A,NOT_CALCULATED,N/A,N/A,N/A,UNKNOWN,N/A,N/A,N/A,N/A,N/A,N/A,N/A,NOT_CALCULATED,N/A,LOW,STAGE_MAPPED_ONLY,LOW
5866,중동그린타운금호한양,41192,경기,N/A,N/A,0,PRE_PROJECT,NO_OFFICIAL_RECORD,공식 정비사업 기록 없음(선별 후보),,,274.18258325935506,712,N/A,67.55575842696629,N/A,N/A,N/A,N/A,N/A,N/A,N/A,N/A,NOT_CALCULATED,N/A,N/A,N/A,UNKNOWN,N/A,N/A,N/A,N/A,N/A,N/A,N/A,NOT_CALCULATED,N/A,LOW,STAGE_MAPPED_ONLY,LOW
5863,중동그린타운우성2차,41192,경기,N/A,N/A,0,PRE_PROJECT,NO_OFFICIAL_RECORD,공식 정비사업 기록 없음(선별 후보),,,254.92230115002542,340,N/A,42.81235294117647,N/A,N/A,N/A,N/A,N/A,N/A,N/A,N/A,NOT_CALCULATED,N/A,N/A,N/A,UNKNOWN,N/A,N/A,N/A,N/A,N/A,N/A,N/A,NOT_CALCULATED,N/A,LOW,STAGE_MAPPED_ONLY,LOW
5853,중동그린타운한신,41192,경기,N/A,N/A,0,PRE_PROJECT,NO_OFFICIAL_RECORD,공식 정비사업 기록 없음(선별 후보),,,268.9865652413962,474,N/A,68.78059071729957,N/A,N/A,N/A,N/A,N/A,N/A,N/A,N/A,NOT_CALCULATED,N/A,N/A,N/A,UNKNOWN,N/A,N/A,N/A,N/A,N/A,N/A,N/A,NOT_CALCULATED,N/A,LOW,STAGE_MAPPED_ONLY,LOW
5835,중동금강마을주공,41192,경기,N/A,N/A,0,PRE_PROJECT,NO_OFFICIAL_RECORD,공식 정비사업 기록 없음(선별 후보),,,N/A,1963,N/A,N/A,N/A,N/A,N/A,N/A,N/A,N/A,N/A,N/A,NOT_CALCULATED,N/A,N/A,N/A,UNKNOWN,N/A,N/A,N/A,N/A,N/A,N/A,N/A,NOT_CALCULATED,N/A,LOW,STAGE_MAPPED_ONLY,LOW
5861,중동금호한양한신아파트,41192,경기,N/A,N/A,0,PRE_PROJECT,NO_OFFICIAL_RECORD,공식 정비사업 기록 없음(선별 후보),,,203.29474521807361,1008,N/A,35.78184523809524,N/A,N/A,N/A,N/A,N/A,N/A,N/A,N/A,NOT_CALCULATED,N/A,N/A,N/A,UNKNOWN,N/A,N/A,N/A,N/A,N/A,N/A,N/A,NOT_CALCULATED,N/A,LOW,STAGE_MAPPED_ONLY,LOW
5851,중동꿈마을동아,41192,경기,N/A,N/A,0,PRE_PROJECT,NO_OFFICIAL_RECORD,공식 정비사업 기록 없음(선별 후보),,,255.98006297473552,382,N/A,52.626439790575915,N/A,N/A,N/A,N/A,N/A,N/A,N/A,N/A,NOT_CALCULATED,N/A,N/A,N/A,UNKNOWN,N/A,N/A,N/A,N/A,N/A,N/A,N/A,NOT_CALCULATED,N/A,LOW,STAGE_MAPPED_ONLY,LOW
5854,중동꿈마을삼환한진,41192,경기,N/A,N/A,0,PRE_PROJECT,NO_OFFICIAL_RECORD,공식 정비사업 기록 없음(선별 후보),,,273.18898652377175,698,N/A,51.14598853868195,N/A,N/A,N/A,N/A,N/A,N/A,N/A,N/A,NOT_CALCULATED,N/A,N/A,N/A,UNKNOWN,N/A,N/A,N/A,N/A,N/A,N/A,N/A,NOT_CALCULATED,N/A,LOW,STAGE_MAPPED_ONLY,LOW
5846,중동덕유1(공단),41192,경기,N/A,N/A,0,PRE_PROJECT,NO_OFFICIAL_RECORD,공식 정비사업 기록 없음(선별 후보),,,59.73671454448044,956,N/A,73.80188284518829,N/A,N/A,N/A,N/A,N/A,N/A,N/A,N/A,NOT_CALCULATED,N/A,N/A,N/A,UNKNOWN,N/A,N/A,N/A,N/A,N/A,N/A,N/A,NOT_CALCULATED,N/A,LOW,STAGE_MAPPED_ONLY,LOW
5844,중동덕유마을주공3단지,41192,경기,N/A,N/A,0,PRE_PROJECT,NO_OFFICIAL_RECORD,공식 정비사업 기록 없음(선별 후보),,,241.94532203816368,852,N/A,34.51279342723005,N/A,N/A,N/A,N/A,N/A,N/A,N/A,N/A,NOT_CALCULATED,N/A,N/A,N/A,UNKNOWN,N/A,N/A,N/A,N/A,N/A,N/A,N/A,NOT_CALCULATED,N/A,LOW,STAGE_MAPPED_ONLY,LOW
5827,중동무지개마을LG,41192,경기,N/A,N/A,0,PRE_PROJECT,NO_OFFICIAL_RECORD,공식 정비사업 기록 없음(선별 후보),,,255.5287633482604,390,N/A,44.66153846153846,N/A,N/A,N/A,N/A,N/A,N/A,N/A,N/A,NOT_CALCULATED,N/A,N/A,N/A,UNKNOWN,N/A,N/A,N/A,N/A,N/A,N/A,N/A,NOT_CALCULATED,N/A,LOW,STAGE_MAPPED_ONLY,LOW
5831,중동무지개마을동신,41192,경기,N/A,N/A,0,PRE_PROJECT,NO_OFFICIAL_RECORD,공식 정비사업 기록 없음(선별 후보),,,270.0107099023601,580,N/A,44.11,N/A,N/A,N/A,N/A,N/A,N/A,N/A,N/A,NOT_CALCULATED,N/A,N/A,N/A,UNKNOWN,N/A,N/A,N/A,N/A,N/A,N/A,N/A,NOT_CALCULATED,N/A,LOW,STAGE_MAPPED_ONLY,LOW
5858,중동보람마을동남,41192,경기,N/A,N/A,0,PRE_PROJECT,NO_OFFICIAL_RECORD,공식 정비사업 기록 없음(선별 후보),,,270.6642591750076,494,N/A,42.714170040485826,N/A,N/A,N/A,N/A,N/A,N/A,N/A,N/A,NOT_CALCULATED,N/A,N/A,N/A,UNKNOWN,N/A,N/A,N/A,N/A,N/A,N/A,N/A,NOT_CALCULATED,N/A,LOW,STAGE_MAPPED_ONLY,LOW
5859,중동보람마을아주,41192,경기,N/A,N/A,0,PRE_PROJECT,NO_OFFICIAL_RECORD,공식 정비사업 기록 없음(선별 후보),,,212.19415236921475,1398,N/A,44.110157367668094,N/A,N/A,N/A,N/A,N/A,N/A,N/A,N/A,NOT_CALCULATED,N/A,N/A,N/A,UNKNOWN,N/A,N/A,N/A,N/A,N/A,N/A,N/A,NOT_CALCULATED,N/A,LOW,STAGE_MAPPED_ONLY,LOW
5865,중동복사골건영1차,41192,경기,N/A,N/A,0,PRE_PROJECT,NO_OFFICIAL_RECORD,공식 정비사업 기록 없음(선별 후보),,,132.15820777700654,700,N/A,52.480714285714285,N/A,N/A,N/A,N/A,N/A,N/A,N/A,N/A,NOT_CALCULATED,N/A,N/A,N/A,UNKNOWN,N/A,N/A,N/A,N/A,N/A,N/A,N/A,NOT_CALCULATED,N/A,LOW,STAGE_MAPPED_ONLY,LOW
5829,중동복사골건영캐스빌,41192,경기,N/A,N/A,0,PRE_PROJECT,NO_OFFICIAL_RECORD,공식 정비사업 기록 없음(선별 후보),,,108.79945013814599,330,N/A,111.32272727272728,N/A,N/A,N/A,N/A,N/A,N/A,N/A,N/A,NOT_CALCULATED,N/A,N/A,N/A,UNKNOWN,N/A,N/A,N/A,N/A,N/A,N/A,N/A,NOT_CALCULATED,N/A,LOW,STAGE_MAPPED_ONLY,LOW
5850,중동연화마을건영,41192,경기,N/A,N/A,0,PRE_PROJECT,NO_OFFICIAL_RECORD,공식 정비사업 기록 없음(선별 후보),,,237.007901399438,424,N/A,42.385613207547166,N/A,N/A,N/A,N/A,N/A,N/A,N/A,N/A,NOT_CALCULATED,N/A,N/A,N/A,UNKNOWN,N/A,N/A,N/A,N/A,N/A,N/A,N/A,NOT_CALCULATED,N/A,LOW,STAGE_MAPPED_ONLY,LOW
5849,중동연화마을대원,41192,경기,N/A,N/A,0,PRE_PROJECT,NO_OFFICIAL_RECORD,공식 정비사업 기록 없음(선별 후보),,,279.19262898037556,386,N/A,51.946891191709845,N/A,N/A,N/A,N/A,N/A,N/A,N/A,N/A,NOT_CALCULATED,N/A,N/A,N/A,UNKNOWN,N/A,N/A,N/A,N/A,N/A,N/A,N/A,NOT_CALCULATED,N/A,LOW,STAGE_MAPPED_ONLY,LOW
5852,중동연화마을쌍용,41192,경기,N/A,N/A,0,PRE_PROJECT,NO_OFFICIAL_RECORD,공식 정비사업 기록 없음(선별 후보),,,233.51375334297865,438,N/A,52.07534246575342,N/A,N/A,N/A,N/A,N/A,N/A,N/A,N/A,NOT_CALCULATED,N/A,N/A,N/A,UNKNOWN,N/A,N/A,N/A,N/A,N/A,N/A,N/A,NOT_CALCULATED,N/A,LOW,STAGE_MAPPED_ONLY,LOW
5838,중동은하마을 효성쌍용,41192,경기,N/A,N/A,0,PRE_PROJECT,NO_OFFICIAL_RECORD,공식 정비사업 기록 없음(선별 후보),,,270.8947306377461,540,N/A,65.97888888888889,N/A,N/A,N/A,N/A,N/A,N/A,N/A,N/A,NOT_CALCULATED,N/A,N/A,N/A,UNKNOWN,N/A,N/A,N/A,N/A,N/A,N/A,N/A,NOT_CALCULATED,N/A,LOW,STAGE_MAPPED_ONLY,LOW
5839,중동은하마을동부대우,41192,경기,N/A,N/A,0,PRE_PROJECT,NO_OFFICIAL_RECORD,공식 정비사업 기록 없음(선별 후보),,,266.7986833367571,632,N/A,66.23955696202532,N/A,N/A,N/A,N/A,N/A,N/A,N/A,N/A,NOT_CALCULATED,N/A,N/A,N/A,UNKNOWN,N/A,N/A,N/A,N/A,N/A,N/A,N/A,NOT_CALCULATED,N/A,LOW,STAGE_MAPPED_ONLY,LOW
5840,중동은하마을주공1단지,41192,경기,N/A,N/A,0,PRE_PROJECT,NO_OFFICIAL_RECORD,공식 정비사업 기록 없음(선별 후보),,,229.0446754354068,795,N/A,30.095471698113208,N/A,N/A,N/A,N/A,N/A,N/A,N/A,N/A,NOT_CALCULATED,N/A,N/A,N/A,UNKNOWN,N/A,N/A,N/A,N/A,N/A,N/A,N/A,NOT_CALCULATED,N/A,LOW,STAGE_MAPPED_ONLY,LOW
5837,중동은하마을주공2차,41192,경기,N/A,N/A,0,PRE_PROJECT,NO_OFFICIAL_RECORD,공식 정비사업 기록 없음(선별 후보),,,254.02706341522455,420,N/A,31.478095238095236,N/A,N/A,N/A,N/A,N/A,N/A,N/A,N/A,NOT_CALCULATED,N/A,N/A,N/A,UNKNOWN,N/A,N/A,N/A,N/A,N/A,N/A,N/A,NOT_CALCULATED,N/A,LOW,STAGE_MAPPED_ONLY,LOW
5862,중동은하수타운,41192,경기,N/A,N/A,0,PRE_PROJECT,NO_OFFICIAL_RECORD,공식 정비사업 기록 없음(선별 후보),,,201.12756003007033,1540,N/A,22.0262987012987,N/A,N/A,N/A,N/A,N/A,N/A,N/A,N/A,NOT_CALCULATED,N/A,N/A,N/A,UNKNOWN,N/A,N/A,N/A,N/A,N/A,N/A,N/A,NOT_CALCULATED,N/A,LOW,STAGE_MAPPED_ONLY,LOW
5842,중동중흥마을극동두산,41192,경기,N/A,N/A,0,PRE_PROJECT,NO_OFFICIAL_RECORD,공식 정비사업 기록 없음(선별 후보),,,266.2108720817492,516,N/A,65.9608527131783,N/A,N/A,N/A,N/A,N/A,N/A,N/A,N/A,NOT_CALCULATED,N/A,N/A,N/A,UNKNOWN,N/A,N/A,N/A,N/A,N/A,N/A,N/A,NOT_CALCULATED,N/A,LOW,STAGE_MAPPED_ONLY,LOW
5843,중동중흥마을신동아영남,41192,경기,N/A,N/A,0,PRE_PROJECT,NO_OFFICIAL_RECORD,공식 정비사업 기록 없음(선별 후보),,,272.60541787724554,640,N/A,66.09484375,N/A,N/A,N/A,N/A,N/A,N/A,N/A,N/A,NOT_CALCULATED,N/A,N/A,N/A,UNKNOWN,N/A,N/A,N/A,N/A,N/A,N/A,N/A,NOT_CALCULATED,N/A,LOW,STAGE_MAPPED_ONLY,LOW
5845,중동중흥마을주공,41192,경기,N/A,N/A,0,PRE_PROJECT,NO_OFFICIAL_RECORD,공식 정비사업 기록 없음(선별 후보),,,217.60434823707345,863,N/A,30.646002317497103,N/A,N/A,N/A,N/A,N/A,N/A,N/A,N/A,NOT_CALCULATED,N/A,N/A,N/A,UNKNOWN,N/A,N/A,N/A,N/A,N/A,N/A,N/A,NOT_CALCULATED,N/A,LOW,STAGE_MAPPED_ONLY,LOW
5857,중동포도마을뉴서울,41192,경기,N/A,N/A,0,PRE_PROJECT,NO_OFFICIAL_RECORD,공식 정비사업 기록 없음(선별 후보),,,239.06254574554256,310,N/A,66.10903225806452,N/A,N/A,N/A,N/A,N/A,N/A,N/A,N/A,NOT_CALCULATED,N/A,N/A,N/A,UNKNOWN,N/A,N/A,N/A,N/A,N/A,N/A,N/A,NOT_CALCULATED,N/A,LOW,STAGE_MAPPED_ONLY,LOW
5855,중동포도마을삼보,41192,경기,N/A,N/A,0,PRE_PROJECT,NO_OFFICIAL_RECORD,공식 정비사업 기록 없음(선별 후보),,,127.78813394491397,918,N/A,84.56960784313725,N/A,N/A,N/A,N/A,N/A,N/A,N/A,N/A,NOT_CALCULATED,N/A,N/A,N/A,UNKNOWN,N/A,N/A,N/A,N/A,N/A,N/A,N/A,NOT_CALCULATED,N/A,LOW,STAGE_MAPPED_ONLY,LOW
5856,중동포도마을영남,41192,경기,N/A,N/A,0,PRE_PROJECT,NO_OFFICIAL_RECORD,공식 정비사업 기록 없음(선별 후보),,,113.07861541652015,918,N/A,84.56960784313725,N/A,N/A,N/A,N/A,N/A,N/A,N/A,N/A,NOT_CALCULATED,N/A,N/A,N/A,UNKNOWN,N/A,N/A,N/A,N/A,N/A,N/A,N/A,NOT_CALCULATED,N/A,LOW,STAGE_MAPPED_ONLY,LOW
5836,중동한라1(공단),41192,경기,N/A,N/A,0,PRE_PROJECT,NO_OFFICIAL_RECORD,공식 정비사업 기록 없음(선별 후보),,,73.80159248634267,925,N/A,57.09243243243243,N/A,N/A,N/A,N/A,N/A,N/A,N/A,N/A,NOT_CALCULATED,N/A,N/A,N/A,UNKNOWN,N/A,N/A,N/A,N/A,N/A,N/A,N/A,NOT_CALCULATED,N/A,LOW,STAGE_MAPPED_ONLY,LOW
5833,중동한라마을주공3단지,41192,경기,N/A,N/A,0,PRE_PROJECT,NO_OFFICIAL_RECORD,공식 정비사업 기록 없음(선별 후보),,,185.2600491470157,1201,N/A,35.23896752706078,N/A,N/A,N/A,N/A,N/A,N/A,N/A,N/A,NOT_CALCULATED,N/A,N/A,N/A,UNKNOWN,N/A,N/A,N/A,N/A,N/A,N/A,N/A,NOT_CALCULATED,N/A,LOW,STAGE_MAPPED_ONLY,LOW
6852,중산3단지일신건영,41285,경기,N/A,N/A,0,PRE_PROJECT,NO_OFFICIAL_RECORD,공식 정비사업 기록 없음(선별 후보),,,121.44812903691408,552,N/A,75.3070652173913,N/A,N/A,N/A,N/A,N/A,N/A,N/A,N/A,NOT_CALCULATED,N/A,N/A,N/A,UNKNOWN,N/A,N/A,N/A,N/A,N/A,N/A,N/A,NOT_CALCULATED,N/A,LOW,STAGE_MAPPED_ONLY,LOW
6856,중산9단지두산한성,41285,경기,N/A,N/A,0,PRE_PROJECT,NO_OFFICIAL_RECORD,공식 정비사업 기록 없음(선별 후보),,,252.17876766667646,480,N/A,70.90208333333334,N/A,N/A,N/A,N/A,N/A,N/A,N/A,N/A,NOT_CALCULATED,N/A,N/A,N/A,UNKNOWN,N/A,N/A,N/A,N/A,N/A,N/A,N/A,NOT_CALCULATED,N/A,LOW,STAGE_MAPPED_ONLY,LOW
6843,중산마을 12단지 현대아파트,41285,경기,N/A,N/A,0,PRE_PROJECT,NO_OFFICIAL_RECORD,공식 정비사업 기록 없음(선별 후보),,,208.30141840611708,110,N/A,95.94636363636364,N/A,N/A,N/A,N/A,N/A,N/A,N/A,N/A,NOT_CALCULATED,N/A,N/A,N/A,UNKNOWN,N/A,N/A,N/A,N/A,N/A,N/A,N/A,NOT_CALCULATED,N/A,LOW,STAGE_MAPPED_ONLY,LOW
6859,중산마을11단지현대,41285,경기,N/A,N/A,0,PRE_PROJECT,NO_OFFICIAL_RECORD,공식 정비사업 기록 없음(선별 후보),,,257.0651922114445,428,N/A,49.01752336448598,N/A,N/A,N/A,N/A,N/A,N/A,N/A,N/A,NOT_CALCULATED,N/A,N/A,N/A,UNKNOWN,N/A,N/A,N/A,N/A,N/A,N/A,N/A,NOT_CALCULATED,N/A,LOW,STAGE_MAPPED_ONLY,LOW
6851,중산마을1단지두산,41285,경기,N/A,N/A,0,PRE_PROJECT,NO_OFFICIAL_RECORD,공식 정비사업 기록 없음(선별 후보),,,171.72413341253753,888,N/A,51.563963963963964,N/A,N/A,N/A,N/A,N/A,N/A,N/A,N/A,NOT_CALCULATED,N/A,N/A,N/A,UNKNOWN,N/A,N/A,N/A,N/A,N/A,N/A,N/A,NOT_CALCULATED,N/A,LOW,STAGE_MAPPED_ONLY,LOW
6864,중산마을2단지코오롱아파트,41285,경기,N/A,N/A,0,PRE_PROJECT,NO_OFFICIAL_RECORD,공식 정비사업 기록 없음(선별 후보),,,145.97187595719205,978,N/A,55.080265848670756,N/A,N/A,N/A,N/A,N/A,N/A,N/A,N/A,NOT_CALCULATED,N/A,N/A,N/A,UNKNOWN,N/A,N/A,N/A,N/A,N/A,N/A,N/A,NOT_CALCULATED,N/A,LOW,STAGE_MAPPED_ONLY,LOW
6855,중산마을5단지,41285,경기,N/A,N/A,0,PRE_PROJECT,NO_OFFICIAL_RECORD,공식 정비사업 기록 없음(선별 후보),,,96.2457722188735,540,N/A,88.47999999999999,N/A,N/A,N/A,N/A,N/A,N/A,N/A,N/A,NOT_CALCULATED,N/A,N/A,N/A,UNKNOWN,N/A,N/A,N/A,N/A,N/A,N/A,N/A,NOT_CALCULATED,N/A,LOW,STAGE_MAPPED_ONLY,LOW
6854,중산마을6단지태영,41285,경기,N/A,N/A,0,PRE_PROJECT,NO_OFFICIAL_RECORD,공식 정비사업 기록 없음(선별 후보),,,221.59478530204115,413,N/A,48.62397094430993,N/A,N/A,N/A,N/A,N/A,N/A,N/A,N/A,NOT_CALCULATED,N/A,N/A,N/A,UNKNOWN,N/A,N/A,N/A,N/A,N/A,N/A,N/A,NOT_CALCULATED,N/A,LOW,STAGE_MAPPED_ONLY,LOW
6857,중산마을7단지코오롱,41285,경기,N/A,N/A,0,PRE_PROJECT,NO_OFFICIAL_RECORD,공식 정비사업 기록 없음(선별 후보),,,247.62858289127624,336,N/A,66.76488095238095,N/A,N/A,N/A,N/A,N/A,N/A,N/A,N/A,NOT_CALCULATED,N/A,N/A,N/A,UNKNOWN,N/A,N/A,N/A,N/A,N/A,N/A,N/A,NOT_CALCULATED,N/A,LOW,STAGE_MAPPED_ONLY,LOW
6862,중산마을8단지대우삼성,41285,경기,N/A,N/A,0,PRE_PROJECT,NO_OFFICIAL_RECORD,공식 정비사업 기록 없음(선별 후보),,,264.30177437280867,720,N/A,67.85652777777777,N/A,N/A,N/A,N/A,N/A,N/A,N/A,N/A,NOT_CALCULATED,N/A,N/A,N/A,UNKNOWN,N/A,N/A,N/A,N/A,N/A,N/A,N/A,NOT_CALCULATED,N/A,LOW,STAGE_MAPPED_ONLY,LOW
6561,중앙주공5단지,41273,경기,N/A,N/A,0,PRE_PROJECT,NO_OFFICIAL_RECORD,공식 정비사업 기록 없음(선별 후보),,,N/A,1108,N/A,N/A,N/A,N/A,N/A,N/A,N/A,N/A,N/A,N/A,NOT_CALCULATED,N/A,N/A,N/A,UNKNOWN,N/A,N/A,N/A,N/A,N/A,N/A,N/A,NOT_CALCULATED,N/A,LOW,STAGE_MAPPED_ONLY,LOW
4799,지동진우아파트,41115,경기,N/A,N/A,0,PRE_PROJECT,NO_OFFICIAL_RECORD,공식 정비사업 기록 없음(선별 후보),,,315.22686490643423,111,N/A,35.14414414414414,N/A,N/A,N/A,N/A,N/A,N/A,N/A,N/A,NOT_CALCULATED,N/A,N/A,N/A,UNKNOWN,N/A,N/A,N/A,N/A,N/A,N/A,N/A,NOT_CALCULATED,N/A,LOW,STAGE_MAPPED_ONLY,LOW
6196,지산미주2차,41220,경기,N/A,N/A,0,PRE_PROJECT,NO_OFFICIAL_RECORD,공식 정비사업 기록 없음(선별 후보),,,245.1796255188684,550,N/A,36.530545454545454,N/A,N/A,N/A,N/A,N/A,N/A,N/A,N/A,NOT_CALCULATED,N/A,N/A,N/A,UNKNOWN,N/A,N/A,N/A,N/A,N/A,N/A,N/A,NOT_CALCULATED,N/A,LOW,STAGE_MAPPED_ONLY,LOW
6202,지산현대,41220,경기,N/A,N/A,0,PRE_PROJECT,NO_OFFICIAL_RECORD,공식 정비사업 기록 없음(선별 후보),,,299.7997635667642,299,N/A,29.705685618729095,N/A,N/A,N/A,N/A,N/A,N/A,N/A,N/A,NOT_CALCULATED,N/A,N/A,N/A,UNKNOWN,N/A,N/A,N/A,N/A,N/A,N/A,N/A,NOT_CALCULATED,N/A,LOW,STAGE_MAPPED_ONLY,LOW
7467,진건주공1차,41360,경기,N/A,N/A,0,PRE_PROJECT,NO_OFFICIAL_RECORD,공식 정비사업 기록 없음(선별 후보),,,N/A,300,N/A,N/A,N/A,N/A,N/A,N/A,N/A,N/A,N/A,N/A,NOT_CALCULATED,N/A,N/A,N/A,UNKNOWN,N/A,N/A,N/A,N/A,N/A,N/A,N/A,NOT_CALCULATED,N/A,LOW,STAGE_MAPPED_ONLY,LOW
7383,진접삼신,41360,경기,N/A,N/A,0,PRE_PROJECT,NO_OFFICIAL_RECORD,공식 정비사업 기록 없음(선별 후보),,,N/A,825,N/A,N/A,N/A,N/A,N/A,N/A,N/A,N/A,N/A,N/A,NOT_CALCULATED,N/A,N/A,N/A,UNKNOWN,N/A,N/A,N/A,N/A,N/A,N/A,N/A,NOT_CALCULATED,N/A,LOW,STAGE_MAPPED_ONLY,LOW
7379,진접현대아파트,41360,경기,N/A,N/A,0,PRE_PROJECT,NO_OFFICIAL_RECORD,공식 정비사업 기록 없음(선별 후보),,,N/A,240,N/A,N/A,N/A,N/A,N/A,N/A,N/A,N/A,N/A,N/A,NOT_CALCULATED,N/A,N/A,N/A,UNKNOWN,N/A,N/A,N/A,N/A,N/A,N/A,N/A,NOT_CALCULATED,N/A,LOW,STAGE_MAPPED_ONLY,LOW
6550,창동연립,41273,경기,N/A,N/A,0,PRE_PROJECT,NO_OFFICIAL_RECORD,공식 정비사업 기록 없음(선별 후보),,,N/A,180,N/A,N/A,N/A,N/A,N/A,N/A,N/A,N/A,N/A,N/A,NOT_CALCULATED,N/A,N/A,N/A,UNKNOWN,N/A,N/A,N/A,N/A,N/A,N/A,N/A,NOT_CALCULATED,N/A,LOW,STAGE_MAPPED_ONLY,LOW
8944,"창전현대아파트(1차, 2차, 직장조합)",41500,경기,N/A,N/A,0,PRE_PROJECT,NO_OFFICIAL_RECORD,공식 정비사업 기록 없음(선별 후보),,,N/A,481,N/A,N/A,N/A,N/A,N/A,N/A,N/A,N/A,N/A,N/A,NOT_CALCULATED,N/A,N/A,N/A,UNKNOWN,N/A,N/A,N/A,N/A,N/A,N/A,N/A,NOT_CALCULATED,N/A,LOW,STAGE_MAPPED_ONLY,LOW
7448,창현현대2차,41360,경기,N/A,N/A,0,PRE_PROJECT,NO_OFFICIAL_RECORD,공식 정비사업 기록 없음(선별 후보),,,N/A,152,N/A,N/A,N/A,N/A,N/A,N/A,N/A,N/A,N/A,N/A,NOT_CALCULATED,N/A,N/A,N/A,UNKNOWN,N/A,N/A,N/A,N/A,N/A,N/A,N/A,NOT_CALCULATED,N/A,LOW,STAGE_MAPPED_ONLY,LOW
4578,천록아파트,41111,경기,N/A,N/A,0,PRE_PROJECT,NO_OFFICIAL_RECORD,공식 정비사업 기록 없음(선별 후보),,,N/A,230,N/A,N/A,N/A,N/A,N/A,N/A,N/A,N/A,N/A,N/A,NOT_CALCULATED,N/A,N/A,N/A,UNKNOWN,N/A,N/A,N/A,N/A,N/A,N/A,N/A,NOT_CALCULATED,N/A,LOW,STAGE_MAPPED_ONLY,LOW
6080,철산KBS우성,41210,경기,N/A,N/A,0,PRE_PROJECT,NO_OFFICIAL_RECORD,공식 정비사업 기록 없음(선별 후보),,,224.6433045745269,900,N/A,43.812666666666665,N/A,N/A,N/A,N/A,N/A,N/A,N/A,N/A,NOT_CALCULATED,N/A,N/A,N/A,UNKNOWN,N/A,N/A,N/A,N/A,N/A,N/A,N/A,NOT_CALCULATED,N/A,LOW,STAGE_MAPPED_ONLY,LOW
6067,철산영풍타운,41210,경기,N/A,N/A,0,PRE_PROJECT,NO_OFFICIAL_RECORD,공식 정비사업 기록 없음(선별 후보),,,76.328655829678,156,N/A,96.89038461538462,N/A,N/A,N/A,N/A,N/A,N/A,N/A,N/A,NOT_CALCULATED,N/A,N/A,N/A,UNKNOWN,N/A,N/A,N/A,N/A,N/A,N/A,N/A,NOT_CALCULATED,N/A,LOW,STAGE_MAPPED_ONLY,LOW
6084,철산주공12단지,41210,경기,N/A,N/A,0,PRE_PROJECT,NO_OFFICIAL_RECORD,공식 정비사업 기록 없음(선별 후보),,,262.3548346019978,1800,N/A,31.412444444444446,N/A,N/A,N/A,N/A,N/A,N/A,N/A,N/A,NOT_CALCULATED,N/A,N/A,N/A,UNKNOWN,N/A,N/A,N/A,N/A,N/A,N/A,N/A,NOT_CALCULATED,N/A,LOW,STAGE_MAPPED_ONLY,LOW
6083,철산한신,41210,경기,N/A,N/A,0,PRE_PROJECT,NO_OFFICIAL_RECORD,공식 정비사업 기록 없음(선별 후보),,,277.9487104889926,1568,N/A,38.581505102040815,N/A,N/A,N/A,N/A,N/A,N/A,N/A,N/A,NOT_CALCULATED,N/A,N/A,N/A,UNKNOWN,N/A,N/A,N/A,N/A,N/A,N/A,N/A,NOT_CALCULATED,N/A,LOW,STAGE_MAPPED_ONLY,LOW
5518,청솔아파트,41150,경기,N/A,N/A,0,PRE_PROJECT,NO_OFFICIAL_RECORD,공식 정비사업 기록 없음(선별 후보),,,341.5021436510877,106,N/A,35.64716981132075,N/A,N/A,N/A,N/A,N/A,N/A,N/A,N/A,NOT_CALCULATED,N/A,N/A,N/A,UNKNOWN,N/A,N/A,N/A,N/A,N/A,N/A,N/A,NOT_CALCULATED,N/A,LOW,STAGE_MAPPED_ONLY,LOW
10155,청수아파트,41820,경기,N/A,N/A,0,PRE_PROJECT,NO_OFFICIAL_RECORD,공식 정비사업 기록 없음(선별 후보),,,N/A,111,N/A,N/A,N/A,N/A,N/A,N/A,N/A,N/A,N/A,N/A,NOT_CALCULATED,N/A,N/A,N/A,UNKNOWN,N/A,N/A,N/A,N/A,N/A,N/A,N/A,NOT_CALCULATED,N/A,LOW,STAGE_MAPPED_ONLY,LOW
8943,청자아파트,41500,경기,N/A,N/A,0,PRE_PROJECT,NO_OFFICIAL_RECORD,공식 정비사업 기록 없음(선별 후보),,,N/A,100,N/A,N/A,N/A,N/A,N/A,N/A,N/A,N/A,N/A,N/A,NOT_CALCULATED,N/A,N/A,N/A,UNKNOWN,N/A,N/A,N/A,N/A,N/A,N/A,N/A,NOT_CALCULATED,N/A,LOW,STAGE_MAPPED_ONLY,LOW
8392,청현마을 두진,41463,경기,N/A,N/A,0,PRE_PROJECT,NO_OFFICIAL_RECORD,공식 정비사업 기록 없음(선별 후보),,,N/A,541,N/A,N/A,N/A,N/A,N/A,N/A,N/A,N/A,N/A,N/A,NOT_CALCULATED,N/A,N/A,N/A,UNKNOWN,N/A,N/A,N/A,N/A,N/A,N/A,N/A,NOT_CALCULATED,N/A,LOW,STAGE_MAPPED_ONLY,LOW
9214,초록마을효성,41570,경기,N/A,N/A,0,PRE_PROJECT,NO_OFFICIAL_RECORD,공식 정비사업 기록 없음(선별 후보),,,N/A,242,N/A,N/A,N/A,N/A,N/A,N/A,N/A,N/A,N/A,N/A,NOT_CALCULATED,N/A,N/A,N/A,UNKNOWN,N/A,N/A,N/A,N/A,N/A,N/A,N/A,NOT_CALCULATED,N/A,LOW,STAGE_MAPPED_ONLY,LOW
5708,초원LG아파트,41173,경기,N/A,N/A,0,PRE_PROJECT,NO_OFFICIAL_RECORD,공식 정비사업 기록 없음(선별 후보),,,240.778084885048,656,N/A,45.28003048780488,N/A,N/A,N/A,N/A,N/A,N/A,N/A,N/A,NOT_CALCULATED,N/A,N/A,N/A,UNKNOWN,N/A,N/A,N/A,N/A,N/A,N/A,N/A,NOT_CALCULATED,N/A,LOW,STAGE_MAPPED_ONLY,LOW
5706,초원대림,41173,경기,N/A,N/A,0,PRE_PROJECT,NO_OFFICIAL_RECORD,공식 정비사업 기록 없음(선별 후보),,,194.3173757125303,1035,N/A,45.290048309178744,N/A,N/A,N/A,N/A,N/A,N/A,N/A,N/A,NOT_CALCULATED,N/A,N/A,N/A,UNKNOWN,N/A,N/A,N/A,N/A,N/A,N/A,N/A,NOT_CALCULATED,N/A,LOW,STAGE_MAPPED_ONLY,LOW
5707,초원대원아파트,41173,경기,N/A,N/A,0,PRE_PROJECT,NO_OFFICIAL_RECORD,공식 정비사업 기록 없음(선별 후보),,,247.80344222854774,752,N/A,45.26848404255319,N/A,N/A,N/A,N/A,N/A,N/A,N/A,N/A,NOT_CALCULATED,N/A,N/A,N/A,UNKNOWN,N/A,N/A,N/A,N/A,N/A,N/A,N/A,NOT_CALCULATED,N/A,LOW,STAGE_MAPPED_ONLY,LOW
5719,초원부영,41173,경기,N/A,N/A,0,PRE_PROJECT,NO_OFFICIAL_RECORD,공식 정비사업 기록 없음(선별 후보),,,172.9411829182743,1743,N/A,31.405163511187606,N/A,N/A,N/A,N/A,N/A,N/A,N/A,N/A,NOT_CALCULATED,N/A,N/A,N/A,UNKNOWN,N/A,N/A,N/A,N/A,N/A,N/A,N/A,NOT_CALCULATED,N/A,LOW,STAGE_MAPPED_ONLY,LOW
5718,초원성원,41173,경기,N/A,N/A,0,PRE_PROJECT,NO_OFFICIAL_RECORD,공식 정비사업 기록 없음(선별 후보),,,237.77776434168518,368,N/A,44.94347826086957,N/A,N/A,N/A,N/A,N/A,N/A,N/A,N/A,NOT_CALCULATED,N/A,N/A,N/A,UNKNOWN,N/A,N/A,N/A,N/A,N/A,N/A,N/A,NOT_CALCULATED,N/A,LOW,STAGE_MAPPED_ONLY,LOW
5709,초원세경아파트,41173,경기,N/A,N/A,0,PRE_PROJECT,NO_OFFICIAL_RECORD,공식 정비사업 기록 없음(선별 후보),,,238.88835748705088,709,N/A,31.26036671368124,N/A,N/A,N/A,N/A,N/A,N/A,N/A,N/A,NOT_CALCULATED,N/A,N/A,N/A,UNKNOWN,N/A,N/A,N/A,N/A,N/A,N/A,N/A,NOT_CALCULATED,N/A,LOW,STAGE_MAPPED_ONLY,LOW
5710,초원한양,41173,경기,N/A,N/A,0,PRE_PROJECT,NO_OFFICIAL_RECORD,공식 정비사업 기록 없음(선별 후보),,,254.73742710537937,870,N/A,45.29448275862069,N/A,N/A,N/A,N/A,N/A,N/A,N/A,N/A,NOT_CALCULATED,N/A,N/A,N/A,UNKNOWN,N/A,N/A,N/A,N/A,N/A,N/A,N/A,NOT_CALCULATED,N/A,LOW,STAGE_MAPPED_ONLY,LOW
8546,초입마을삼익풍림동아,41465,경기,N/A,N/A,0,PRE_PROJECT,NO_OFFICIAL_RECORD,공식 정비사업 기록 없음(선별 후보),,,N/A,1620,N/A,N/A,N/A,N/A,N/A,N/A,N/A,N/A,N/A,N/A,NOT_CALCULATED,N/A,N/A,N/A,UNKNOWN,N/A,N/A,N/A,N/A,N/A,N/A,N/A,NOT_CALCULATED,N/A,LOW,STAGE_MAPPED_ONLY,LOW
7051,탄현1차건영아파트,41287,경기,N/A,N/A,0,PRE_PROJECT,NO_OFFICIAL_RECORD,공식 정비사업 기록 없음(선별 후보),,,251.3638879371689,642,N/A,35.4607476635514,N/A,N/A,N/A,N/A,N/A,N/A,N/A,N/A,NOT_CALCULATED,N/A,N/A,N/A,UNKNOWN,N/A,N/A,N/A,N/A,N/A,N/A,N/A,NOT_CALCULATED,N/A,LOW,STAGE_MAPPED_ONLY,LOW
7041,탄현5단지건영,41287,경기,N/A,N/A,0,PRE_PROJECT,NO_OFFICIAL_RECORD,공식 정비사업 기록 없음(선별 후보),,,253.45088642577838,624,N/A,43.60641025641026,N/A,N/A,N/A,N/A,N/A,N/A,N/A,N/A,NOT_CALCULATED,N/A,N/A,N/A,UNKNOWN,N/A,N/A,N/A,N/A,N/A,N/A,N/A,NOT_CALCULATED,N/A,LOW,STAGE_MAPPED_ONLY,LOW
7046,탄현마을10단지동문,41287,경기,N/A,N/A,0,PRE_PROJECT,NO_OFFICIAL_RECORD,공식 정비사업 기록 없음(선별 후보),,,261.72475863197513,350,N/A,43.65,N/A,N/A,N/A,N/A,N/A,N/A,N/A,N/A,NOT_CALCULATED,N/A,N/A,N/A,UNKNOWN,N/A,N/A,N/A,N/A,N/A,N/A,N/A,NOT_CALCULATED,N/A,LOW,STAGE_MAPPED_ONLY,LOW
7050,탄현마을1단지진로경남,41287,경기,N/A,N/A,0,PRE_PROJECT,NO_OFFICIAL_RECORD,공식 정비사업 기록 없음(선별 후보),,,271.1732436736861,480,N/A,58.864583333333336,N/A,N/A,N/A,N/A,N/A,N/A,N/A,N/A,NOT_CALCULATED,N/A,N/A,N/A,UNKNOWN,N/A,N/A,N/A,N/A,N/A,N/A,N/A,NOT_CALCULATED,N/A,LOW,STAGE_MAPPED_ONLY,LOW
7047,탄현마을2단지삼익,41287,경기,N/A,N/A,0,PRE_PROJECT,NO_OFFICIAL_RECORD,공식 정비사업 기록 없음(선별 후보),,,268.97140645411,390,N/A,37.09820512820512,N/A,N/A,N/A,N/A,N/A,N/A,N/A,N/A,NOT_CALCULATED,N/A,N/A,N/A,UNKNOWN,N/A,N/A,N/A,N/A,N/A,N/A,N/A,NOT_CALCULATED,N/A,LOW,STAGE_MAPPED_ONLY,LOW
7049,탄현마을3단지부영,41287,경기,N/A,N/A,0,PRE_PROJECT,NO_OFFICIAL_RECORD,공식 정비사업 기록 없음(선별 후보),,,274.0037488284911,475,N/A,30.100631578947368,N/A,N/A,N/A,N/A,N/A,N/A,N/A,N/A,NOT_CALCULATED,N/A,N/A,N/A,UNKNOWN,N/A,N/A,N/A,N/A,N/A,N/A,N/A,NOT_CALCULATED,N/A,LOW,STAGE_MAPPED_ONLY,LOW
7054,탄현마을6단지현대한신,41287,경기,N/A,N/A,0,PRE_PROJECT,NO_OFFICIAL_RECORD,공식 정비사업 기록 없음(선별 후보),,,245.53204374537222,968,N/A,43.669318181818184,N/A,N/A,N/A,N/A,N/A,N/A,N/A,N/A,NOT_CALCULATED,N/A,N/A,N/A,UNKNOWN,N/A,N/A,N/A,N/A,N/A,N/A,N/A,NOT_CALCULATED,N/A,LOW,STAGE_MAPPED_ONLY,LOW
7053,탄현마을7단지부영,41287,경기,N/A,N/A,0,PRE_PROJECT,NO_OFFICIAL_RECORD,공식 정비사업 기록 없음(선별 후보),,,214.46716842745772,726,N/A,33.72878787878788,N/A,N/A,N/A,N/A,N/A,N/A,N/A,N/A,NOT_CALCULATED,N/A,N/A,N/A,UNKNOWN,N/A,N/A,N/A,N/A,N/A,N/A,N/A,NOT_CALCULATED,N/A,LOW,STAGE_MAPPED_ONLY,LOW
7052,탄현마을8단지동성,41287,경기,N/A,N/A,0,PRE_PROJECT,NO_OFFICIAL_RECORD,공식 정비사업 기록 없음(선별 후보),,,264.94308178507765,652,N/A,56.102453987730065,N/A,N/A,N/A,N/A,N/A,N/A,N/A,N/A,NOT_CALCULATED,N/A,N/A,N/A,UNKNOWN,N/A,N/A,N/A,N/A,N/A,N/A,N/A,NOT_CALCULATED,N/A,LOW,STAGE_MAPPED_ONLY,LOW
7048,탄현마을9단지일신건영,41287,경기,N/A,N/A,0,PRE_PROJECT,NO_OFFICIAL_RECORD,공식 정비사업 기록 없음(선별 후보),,,236.08932184493412,416,N/A,34.92932692307692,N/A,N/A,N/A,N/A,N/A,N/A,N/A,N/A,NOT_CALCULATED,N/A,N/A,N/A,UNKNOWN,N/A,N/A,N/A,N/A,N/A,N/A,N/A,NOT_CALCULATED,N/A,LOW,STAGE_MAPPED_ONLY,LOW
6989,탄현에이스11차,41287,경기,N/A,N/A,0,PRE_PROJECT,NO_OFFICIAL_RECORD,공식 정비사업 기록 없음(선별 후보),,,372.170305436101,272,N/A,33.341911764705884,N/A,N/A,N/A,N/A,N/A,N/A,N/A,N/A,NOT_CALCULATED,N/A,N/A,N/A,UNKNOWN,N/A,N/A,N/A,N/A,N/A,N/A,N/A,NOT_CALCULATED,N/A,LOW,STAGE_MAPPED_ONLY,LOW
6987,탄현지구미주8차,41287,경기,N/A,N/A,0,PRE_PROJECT,NO_OFFICIAL_RECORD,공식 정비사업 기록 없음(선별 후보),,,422.87130352495865,179,N/A,23.614525139664803,N/A,N/A,N/A,N/A,N/A,N/A,N/A,N/A,NOT_CALCULATED,N/A,N/A,N/A,UNKNOWN,N/A,N/A,N/A,N/A,N/A,N/A,N/A,NOT_CALCULATED,N/A,LOW,STAGE_MAPPED_ONLY,LOW
5178,탐마을동아연립,41135,경기,N/A,N/A,0,PRE_PROJECT,NO_OFFICIAL_RECORD,공식 정비사업 기록 없음(선별 후보),,,132.50374891478785,115,N/A,66.10608695652174,N/A,N/A,N/A,N/A,N/A,N/A,N/A,N/A,NOT_CALCULATED,N/A,N/A,N/A,UNKNOWN,N/A,N/A,N/A,N/A,N/A,N/A,N/A,NOT_CALCULATED,N/A,LOW,STAGE_MAPPED_ONLY,LOW
5202,탑마을8단지아파트,41135,경기,N/A,N/A,0,PRE_PROJECT,NO_OFFICIAL_RECORD,공식 정비사업 기록 없음(선별 후보),,,160.04015087512695,701,N/A,33.43309557774607,N/A,N/A,N/A,N/A,N/A,N/A,N/A,N/A,NOT_CALCULATED,N/A,N/A,N/A,UNKNOWN,N/A,N/A,N/A,N/A,N/A,N/A,N/A,NOT_CALCULATED,N/A,LOW,STAGE_MAPPED_ONLY,LOW
5198,탑마을경남,41135,경기,N/A,N/A,0,PRE_PROJECT,NO_OFFICIAL_RECORD,공식 정비사업 기록 없음(선별 후보),,,479.6815054547014,884,N/A,31.66764705882353,N/A,N/A,N/A,N/A,N/A,N/A,N/A,N/A,NOT_CALCULATED,N/A,N/A,N/A,UNKNOWN,N/A,N/A,N/A,N/A,N/A,N/A,N/A,NOT_CALCULATED,N/A,LOW,STAGE_MAPPED_ONLY,LOW
5195,탑마을대우아파트,41135,경기,N/A,N/A,0,PRE_PROJECT,NO_OFFICIAL_RECORD,공식 정비사업 기록 없음(선별 후보),,,226.75729724576635,654,N/A,70.57247706422018,N/A,N/A,N/A,N/A,N/A,N/A,N/A,N/A,NOT_CALCULATED,N/A,N/A,N/A,UNKNOWN,N/A,N/A,N/A,N/A,N/A,N/A,N/A,NOT_CALCULATED,N/A,LOW,STAGE_MAPPED_ONLY,LOW
5934,태경삼익아파트,41194,경기,N/A,N/A,0,PRE_PROJECT,NO_OFFICIAL_RECORD,공식 정비사업 기록 없음(선별 후보),,,311.0839476813318,128,N/A,32.8515625,N/A,N/A,N/A,N/A,N/A,N/A,N/A,N/A,NOT_CALCULATED,N/A,N/A,N/A,UNKNOWN,N/A,N/A,N/A,N/A,N/A,N/A,N/A,NOT_CALCULATED,N/A,LOW,STAGE_MAPPED_ONLY,LOW
6269,태산그린,41220,경기,N/A,N/A,0,PRE_PROJECT,NO_OFFICIAL_RECORD,공식 정비사업 기록 없음(선별 후보),,,N/A,516,N/A,N/A,N/A,N/A,N/A,N/A,N/A,N/A,N/A,N/A,NOT_CALCULATED,N/A,N/A,N/A,UNKNOWN,N/A,N/A,N/A,N/A,N/A,N/A,N/A,NOT_CALCULATED,N/A,LOW,STAGE_MAPPED_ONLY,LOW
6270,태산신그린,41220,경기,N/A,N/A,0,PRE_PROJECT,NO_OFFICIAL_RECORD,공식 정비사업 기록 없음(선별 후보),,,145.35522882730413,264,N/A,64.45909090909092,N/A,N/A,N/A,N/A,N/A,N/A,N/A,N/A,NOT_CALCULATED,N/A,N/A,N/A,UNKNOWN,N/A,N/A,N/A,N/A,N/A,N/A,N/A,NOT_CALCULATED,N/A,LOW,STAGE_MAPPED_ONLY,LOW
4603,태영,41111,경기,N/A,N/A,0,PRE_PROJECT,NO_OFFICIAL_RECORD,공식 정비사업 기록 없음(선별 후보),,,N/A,117,N/A,N/A,N/A,N/A,N/A,N/A,N/A,N/A,N/A,N/A,NOT_CALCULATED,N/A,N/A,N/A,UNKNOWN,N/A,N/A,N/A,N/A,N/A,N/A,N/A,NOT_CALCULATED,N/A,LOW,STAGE_MAPPED_ONLY,LOW
6519,태영,41271,경기,N/A,N/A,0,PRE_PROJECT,NO_OFFICIAL_RECORD,공식 정비사업 기록 없음(선별 후보),,,210.27651811610886,672,N/A,51.71666666666666,N/A,N/A,N/A,N/A,N/A,N/A,N/A,N/A,NOT_CALCULATED,N/A,N/A,N/A,UNKNOWN,N/A,N/A,N/A,N/A,N/A,N/A,N/A,NOT_CALCULATED,N/A,LOW,STAGE_MAPPED_ONLY,LOW
7553,태영아파트,41370,경기,N/A,N/A,0,PRE_PROJECT,NO_OFFICIAL_RECORD,공식 정비사업 기록 없음(선별 후보),,,N/A,489,N/A,N/A,N/A,N/A,N/A,N/A,N/A,N/A,N/A,N/A,NOT_CALCULATED,N/A,N/A,N/A,UNKNOWN,N/A,N/A,N/A,N/A,N/A,N/A,N/A,NOT_CALCULATED,N/A,LOW,STAGE_MAPPED_ONLY,LOW
6300,태영청솔,41220,경기,N/A,N/A,0,PRE_PROJECT,NO_OFFICIAL_RECORD,공식 정비사업 기록 없음(선별 후보),,,231.1518301494198,880,N/A,38.61147727272727,N/A,N/A,N/A,N/A,N/A,N/A,N/A,N/A,NOT_CALCULATED,N/A,N/A,N/A,UNKNOWN,N/A,N/A,N/A,N/A,N/A,N/A,N/A,NOT_CALCULATED,N/A,LOW,STAGE_MAPPED_ONLY,LOW
4996,태평선경아파트,41131,경기,N/A,N/A,0,PRE_PROJECT,NO_OFFICIAL_RECORD,공식 정비사업 기록 없음(선별 후보),,,N/A,312,N/A,N/A,N/A,N/A,N/A,N/A,N/A,N/A,N/A,N/A,NOT_CALCULATED,N/A,N/A,N/A,UNKNOWN,N/A,N/A,N/A,N/A,N/A,N/A,N/A,NOT_CALCULATED,N/A,LOW,STAGE_MAPPED_ONLY,LOW
8932,태형내산마을,41480,경기,N/A,N/A,0,PRE_PROJECT,NO_OFFICIAL_RECORD,공식 정비사업 기록 없음(선별 후보),,,N/A,227,N/A,N/A,N/A,N/A,N/A,N/A,N/A,N/A,N/A,N/A,NOT_CALCULATED,N/A,N/A,N/A,UNKNOWN,N/A,N/A,N/A,N/A,N/A,N/A,N/A,NOT_CALCULATED,N/A,LOW,STAGE_MAPPED_ONLY,LOW
8930,태형미림아파트,41480,경기,N/A,N/A,0,PRE_PROJECT,NO_OFFICIAL_RECORD,공식 정비사업 기록 없음(선별 후보),,,N/A,142,N/A,N/A,N/A,N/A,N/A,N/A,N/A,N/A,N/A,N/A,NOT_CALCULATED,N/A,N/A,N/A,UNKNOWN,N/A,N/A,N/A,N/A,N/A,N/A,N/A,NOT_CALCULATED,N/A,LOW,STAGE_MAPPED_ONLY,LOW
6225,통복삼성,41220,경기,N/A,N/A,0,PRE_PROJECT,NO_OFFICIAL_RECORD,공식 정비사업 기록 없음(선별 후보),,,278.42504856678426,624,N/A,40.42147435897436,N/A,N/A,N/A,N/A,N/A,N/A,N/A,N/A,NOT_CALCULATED,N/A,N/A,N/A,UNKNOWN,N/A,N/A,N/A,N/A,N/A,N/A,N/A,NOT_CALCULATED,N/A,LOW,STAGE_MAPPED_ONLY,LOW
7519,퇴계원강남아파트,41360,경기,N/A,N/A,0,PRE_PROJECT,NO_OFFICIAL_RECORD,공식 정비사업 기록 없음(선별 후보),,,N/A,913,N/A,N/A,N/A,N/A,N/A,N/A,N/A,N/A,N/A,N/A,NOT_CALCULATED,N/A,N/A,N/A,UNKNOWN,N/A,N/A,N/A,N/A,N/A,N/A,N/A,NOT_CALCULATED,N/A,LOW,STAGE_MAPPED_ONLY,LOW
4534,파장삼익,41111,경기,N/A,N/A,0,PRE_PROJECT,NO_OFFICIAL_RECORD,공식 정비사업 기록 없음(선별 후보),,,205.962149580002,220,N/A,44.913636363636364,N/A,N/A,N/A,N/A,N/A,N/A,N/A,N/A,NOT_CALCULATED,N/A,N/A,N/A,UNKNOWN,N/A,N/A,N/A,N/A,N/A,N/A,N/A,NOT_CALCULATED,N/A,LOW,STAGE_MAPPED_ONLY,LOW
4533,파장현대아파트,41111,경기,N/A,N/A,0,PRE_PROJECT,NO_OFFICIAL_RECORD,공식 정비사업 기록 없음(선별 후보),,,443.5426958362738,225,N/A,21.412444444444446,N/A,N/A,N/A,N/A,N/A,N/A,N/A,N/A,NOT_CALCULATED,N/A,N/A,N/A,UNKNOWN,N/A,N/A,N/A,N/A,N/A,N/A,N/A,NOT_CALCULATED,N/A,LOW,STAGE_MAPPED_ONLY,LOW
4535,파장화남2차,41111,경기,N/A,N/A,0,PRE_PROJECT,NO_OFFICIAL_RECORD,공식 정비사업 기록 없음(선별 후보),,,306.0835275138914,203,N/A,27.482758620689655,N/A,N/A,N/A,N/A,N/A,N/A,N/A,N/A,NOT_CALCULATED,N/A,N/A,N/A,UNKNOWN,N/A,N/A,N/A,N/A,N/A,N/A,N/A,NOT_CALCULATED,N/A,LOW,STAGE_MAPPED_ONLY,LOW
5104,파크타운아파트,41135,경기,N/A,N/A,0,PRE_PROJECT,NO_OFFICIAL_RECORD,공식 정비사업 기록 없음(선별 후보),,,N/A,3028,N/A,N/A,N/A,N/A,N/A,N/A,N/A,N/A,N/A,N/A,NOT_CALCULATED,N/A,N/A,N/A,UNKNOWN,N/A,N/A,N/A,N/A,N/A,N/A,N/A,NOT_CALCULATED,N/A,LOW,STAGE_MAPPED_ONLY,LOW
6366,팽성안정주공,41220,경기,N/A,N/A,0,PRE_PROJECT,NO_OFFICIAL_RECORD,공식 정비사업 기록 없음(선별 후보),,,89.88731377906079,360,N/A,53.88611111111111,N/A,N/A,N/A,N/A,N/A,N/A,N/A,N/A,NOT_CALCULATED,N/A,N/A,N/A,UNKNOWN,N/A,N/A,N/A,N/A,N/A,N/A,N/A,NOT_CALCULATED,N/A,LOW,STAGE_MAPPED_ONLY,LOW
5661,평촌1차한양아파트,41173,경기,N/A,N/A,0,PRE_PROJECT,NO_OFFICIAL_RECORD,공식 정비사업 기록 없음(선별 후보),,,N/A,3227,N/A,N/A,N/A,N/A,N/A,N/A,N/A,N/A,N/A,N/A,NOT_CALCULATED,N/A,N/A,N/A,UNKNOWN,N/A,N/A,N/A,N/A,N/A,N/A,N/A,NOT_CALCULATED,N/A,LOW,STAGE_MAPPED_ONLY,LOW
5673,평촌관악타운,41173,경기,N/A,N/A,0,PRE_PROJECT,NO_OFFICIAL_RECORD,공식 정비사업 기록 없음(선별 후보),,,198.2869195014301,1800,N/A,45.49011111111111,N/A,N/A,N/A,N/A,N/A,N/A,N/A,N/A,NOT_CALCULATED,N/A,N/A,N/A,UNKNOWN,N/A,N/A,N/A,N/A,N/A,N/A,N/A,NOT_CALCULATED,N/A,LOW,STAGE_MAPPED_ONLY,LOW
5766,평촌목련2단지아파트,41173,경기,N/A,N/A,0,PRE_PROJECT,NO_OFFICIAL_RECORD,공식 정비사업 기록 없음(선별 후보),,,202.59538384800254,994,N/A,33.27917505030181,N/A,N/A,N/A,N/A,N/A,N/A,N/A,N/A,NOT_CALCULATED,N/A,N/A,N/A,UNKNOWN,N/A,N/A,N/A,N/A,N/A,N/A,N/A,NOT_CALCULATED,N/A,LOW,STAGE_MAPPED_ONLY,LOW
5757,평촌무궁화태영,41173,경기,N/A,N/A,0,PRE_PROJECT,NO_OFFICIAL_RECORD,공식 정비사업 기록 없음(선별 후보),,,259.69916629157626,654,N/A,45.520795107033635,N/A,N/A,N/A,N/A,N/A,N/A,N/A,N/A,NOT_CALCULATED,N/A,N/A,N/A,UNKNOWN,N/A,N/A,N/A,N/A,N/A,N/A,N/A,NOT_CALCULATED,N/A,LOW,STAGE_MAPPED_ONLY,LOW
5715,평촌현대4차,41173,경기,N/A,N/A,0,PRE_PROJECT,NO_OFFICIAL_RECORD,공식 정비사업 기록 없음(선별 후보),,,243.54652247479135,552,N/A,44.86105072463768,N/A,N/A,N/A,N/A,N/A,N/A,N/A,N/A,NOT_CALCULATED,N/A,N/A,N/A,UNKNOWN,N/A,N/A,N/A,N/A,N/A,N/A,N/A,NOT_CALCULATED,N/A,LOW,STAGE_MAPPED_ONLY,LOW
6428,평택한일,41220,경기,N/A,N/A,0,PRE_PROJECT,NO_OFFICIAL_RECORD,공식 정비사업 기록 없음(선별 후보),,,N/A,490,N/A,N/A,N/A,N/A,N/A,N/A,N/A,N/A,N/A,N/A,NOT_CALCULATED,N/A,N/A,N/A,UNKNOWN,N/A,N/A,N/A,N/A,N/A,N/A,N/A,NOT_CALCULATED,N/A,LOW,STAGE_MAPPED_ONLY,LOW
6230,평택합정주공3단지,41220,경기,N/A,N/A,0,PRE_PROJECT,NO_OFFICIAL_RECORD,공식 정비사업 기록 없음(선별 후보),,,40.94079019005101,480,N/A,124.36354166666666,N/A,N/A,N/A,N/A,N/A,N/A,N/A,N/A,NOT_CALCULATED,N/A,N/A,N/A,UNKNOWN,N/A,N/A,N/A,N/A,N/A,N/A,N/A,NOT_CALCULATED,N/A,LOW,STAGE_MAPPED_ONLY,LOW
7674,포동태산,41390,경기,N/A,N/A,0,PRE_PROJECT,NO_OFFICIAL_RECORD,공식 정비사업 기록 없음(선별 후보),,,N/A,954,N/A,N/A,N/A,N/A,N/A,N/A,N/A,N/A,N/A,N/A,NOT_CALCULATED,N/A,N/A,N/A,UNKNOWN,N/A,N/A,N/A,N/A,N/A,N/A,N/A,NOT_CALCULATED,N/A,LOW,STAGE_MAPPED_ONLY,LOW
8019,포은,41430,경기,N/A,N/A,0,PRE_PROJECT,NO_OFFICIAL_RECORD,공식 정비사업 기록 없음(선별 후보),,,N/A,342,N/A,N/A,N/A,N/A,N/A,N/A,N/A,N/A,N/A,N/A,NOT_CALCULATED,N/A,N/A,N/A,UNKNOWN,N/A,N/A,N/A,N/A,N/A,N/A,N/A,NOT_CALCULATED,N/A,LOW,STAGE_MAPPED_ONLY,LOW
10042,포천골든아파트,41650,경기,N/A,N/A,0,PRE_PROJECT,NO_OFFICIAL_RECORD,공식 정비사업 기록 없음(선별 후보),,,N/A,139,N/A,N/A,N/A,N/A,N/A,N/A,N/A,N/A,N/A,N/A,NOT_CALCULATED,N/A,N/A,N/A,UNKNOWN,N/A,N/A,N/A,N/A,N/A,N/A,N/A,NOT_CALCULATED,N/A,LOW,STAGE_MAPPED_ONLY,LOW
8335,풍림고층,41463,경기,N/A,N/A,0,PRE_PROJECT,NO_OFFICIAL_RECORD,공식 정비사업 기록 없음(선별 후보),,,N/A,180,N/A,N/A,N/A,N/A,N/A,N/A,N/A,N/A,N/A,N/A,NOT_CALCULATED,N/A,N/A,N/A,UNKNOWN,N/A,N/A,N/A,N/A,N/A,N/A,N/A,NOT_CALCULATED,N/A,LOW,STAGE_MAPPED_ONLY,LOW
9238,풍무장릉마을길훈1차,41570,경기,N/A,N/A,0,PRE_PROJECT,NO_OFFICIAL_RECORD,공식 정비사업 기록 없음(선별 후보),,,N/A,496,N/A,N/A,N/A,N/A,N/A,N/A,N/A,N/A,N/A,N/A,NOT_CALCULATED,N/A,N/A,N/A,UNKNOWN,N/A,N/A,N/A,N/A,N/A,N/A,N/A,NOT_CALCULATED,N/A,LOW,STAGE_MAPPED_ONLY,LOW
6948,풍원아파트,41287,경기,N/A,N/A,0,PRE_PROJECT,NO_OFFICIAL_RECORD,공식 정비사업 기록 없음(선별 후보),,,469.7000337040782,102,N/A,29.08823529411765,N/A,N/A,N/A,N/A,N/A,N/A,N/A,N/A,NOT_CALCULATED,N/A,N/A,N/A,UNKNOWN,N/A,N/A,N/A,N/A,N/A,N/A,N/A,NOT_CALCULATED,N/A,LOW,STAGE_MAPPED_ONLY,LOW
8125,하남 서해아파트,41450,경기,N/A,N/A,0,PRE_PROJECT,NO_OFFICIAL_RECORD,공식 정비사업 기록 없음(선별 후보),,,N/A,423,N/A,N/A,N/A,N/A,N/A,N/A,N/A,N/A,N/A,N/A,NOT_CALCULATED,N/A,N/A,N/A,UNKNOWN,N/A,N/A,N/A,N/A,N/A,N/A,N/A,NOT_CALCULATED,N/A,LOW,STAGE_MAPPED_ONLY,LOW
8086,하남은행,41450,경기,N/A,N/A,0,PRE_PROJECT,NO_OFFICIAL_RECORD,공식 정비사업 기록 없음(선별 후보),,,N/A,1360,N/A,N/A,N/A,N/A,N/A,N/A,N/A,N/A,N/A,N/A,NOT_CALCULATED,N/A,N/A,N/A,UNKNOWN,N/A,N/A,N/A,N/A,N/A,N/A,N/A,NOT_CALCULATED,N/A,LOW,STAGE_MAPPED_ONLY,LOW
5085,하대원현대,41133,경기,N/A,N/A,0,PRE_PROJECT,NO_OFFICIAL_RECORD,공식 정비사업 기록 없음(선별 후보),,,345.70232273838633,314,N/A,36.47133757961783,N/A,N/A,N/A,N/A,N/A,N/A,N/A,N/A,NOT_CALCULATED,N/A,N/A,N/A,UNKNOWN,N/A,N/A,N/A,N/A,N/A,N/A,N/A,NOT_CALCULATED,N/A,LOW,STAGE_MAPPED_ONLY,LOW
10088,하리현대아파트,41670,경기,N/A,N/A,0,PRE_PROJECT,NO_OFFICIAL_RECORD,공식 정비사업 기록 없음(선별 후보),,,N/A,305,N/A,N/A,N/A,N/A,N/A,N/A,N/A,N/A,N/A,N/A,NOT_CALCULATED,N/A,N/A,N/A,UNKNOWN,N/A,N/A,N/A,N/A,N/A,N/A,N/A,NOT_CALCULATED,N/A,LOW,STAGE_MAPPED_ONLY,LOW
6094,하안12단지,41210,경기,N/A,N/A,0,PRE_PROJECT,NO_OFFICIAL_RECORD,공식 정비사업 기록 없음(선별 후보),,,163.5409063678129,2392,N/A,43.82408026755853,N/A,N/A,N/A,N/A,N/A,N/A,N/A,N/A,NOT_CALCULATED,N/A,N/A,N/A,UNKNOWN,N/A,N/A,N/A,N/A,N/A,N/A,N/A,NOT_CALCULATED,N/A,LOW,STAGE_MAPPED_ONLY,LOW
6091,하안주공10단지,41210,경기,N/A,N/A,0,PRE_PROJECT,NO_OFFICIAL_RECORD,공식 정비사업 기록 없음(선별 후보),,,169.60473553704531,2032,N/A,39.336515748031495,N/A,N/A,N/A,N/A,N/A,N/A,N/A,N/A,NOT_CALCULATED,N/A,N/A,N/A,UNKNOWN,N/A,N/A,N/A,N/A,N/A,N/A,N/A,NOT_CALCULATED,N/A,LOW,STAGE_MAPPED_ONLY,LOW
6089,하안주공11단지,41210,경기,N/A,N/A,0,PRE_PROJECT,NO_OFFICIAL_RECORD,공식 정비사업 기록 없음(선별 후보),,,154.67707698081344,1080,N/A,31.580740740740737,N/A,N/A,N/A,N/A,N/A,N/A,N/A,N/A,NOT_CALCULATED,N/A,N/A,N/A,UNKNOWN,N/A,N/A,N/A,N/A,N/A,N/A,N/A,NOT_CALCULATED,N/A,LOW,STAGE_MAPPED_ONLY,LOW
6085,하안주공13단지,41210,경기,N/A,N/A,0,PRE_PROJECT,NO_OFFICIAL_RECORD,공식 정비사업 기록 없음(선별 후보),,,124.16300781819977,2077,N/A,30.686519017814156,N/A,N/A,N/A,N/A,N/A,N/A,N/A,N/A,NOT_CALCULATED,N/A,N/A,N/A,UNKNOWN,N/A,N/A,N/A,N/A,N/A,N/A,N/A,NOT_CALCULATED,N/A,LOW,STAGE_MAPPED_ONLY,LOW
6100,하안주공1단지,41210,경기,N/A,N/A,0,PRE_PROJECT,NO_OFFICIAL_RECORD,공식 정비사업 기록 없음(선별 후보),,,153.20517779681154,1980,N/A,32.902727272727276,N/A,N/A,N/A,N/A,N/A,N/A,N/A,N/A,NOT_CALCULATED,N/A,N/A,N/A,UNKNOWN,N/A,N/A,N/A,N/A,N/A,N/A,N/A,NOT_CALCULATED,N/A,LOW,STAGE_MAPPED_ONLY,LOW
6099,하안주공2단지,41210,경기,N/A,N/A,0,PRE_PROJECT,NO_OFFICIAL_RECORD,공식 정비사업 기록 없음(선별 후보),,,213.540521207786,866,N/A,38.097690531177825,N/A,N/A,N/A,N/A,N/A,N/A,N/A,N/A,NOT_CALCULATED,N/A,N/A,N/A,UNKNOWN,N/A,N/A,N/A,N/A,N/A,N/A,N/A,NOT_CALCULATED,N/A,LOW,STAGE_MAPPED_ONLY,LOW
6093,하안주공3단지,41210,경기,N/A,N/A,0,PRE_PROJECT,NO_OFFICIAL_RECORD,공식 정비사업 기록 없음(선별 후보),,,152.7489088750523,2220,N/A,31.643513513513515,N/A,N/A,N/A,N/A,N/A,N/A,N/A,N/A,NOT_CALCULATED,N/A,N/A,N/A,UNKNOWN,N/A,N/A,N/A,N/A,N/A,N/A,N/A,NOT_CALCULATED,N/A,LOW,STAGE_MAPPED_ONLY,LOW
6092,하안주공4단지,41210,경기,N/A,N/A,0,PRE_PROJECT,NO_OFFICIAL_RECORD,공식 정비사업 기록 없음(선별 후보),,,174.28096325876552,1346,N/A,34.86493313521545,N/A,N/A,N/A,N/A,N/A,N/A,N/A,N/A,NOT_CALCULATED,N/A,N/A,N/A,UNKNOWN,N/A,N/A,N/A,N/A,N/A,N/A,N/A,NOT_CALCULATED,N/A,LOW,STAGE_MAPPED_ONLY,LOW
6098,하안주공5단지,41210,경기,N/A,N/A,0,PRE_PROJECT,NO_OFFICIAL_RECORD,공식 정비사업 기록 없음(선별 후보),,,174.71578903953002,2176,N/A,38.997931985294116,N/A,N/A,N/A,N/A,N/A,N/A,N/A,N/A,NOT_CALCULATED,N/A,N/A,N/A,UNKNOWN,N/A,N/A,N/A,N/A,N/A,N/A,N/A,NOT_CALCULATED,N/A,LOW,STAGE_MAPPED_ONLY,LOW
6096,하안주공7단지,41210,경기,N/A,N/A,0,PRE_PROJECT,NO_OFFICIAL_RECORD,공식 정비사업 기록 없음(선별 후보),,,176.62883240881078,1342,N/A,38.741281669150524,N/A,N/A,N/A,N/A,N/A,N/A,N/A,N/A,NOT_CALCULATED,N/A,N/A,N/A,UNKNOWN,N/A,N/A,N/A,N/A,N/A,N/A,N/A,NOT_CALCULATED,N/A,LOW,STAGE_MAPPED_ONLY,LOW
6095,하안주공8단지,41210,경기,N/A,N/A,0,PRE_PROJECT,NO_OFFICIAL_RECORD,공식 정비사업 기록 없음(선별 후보),,,151.80792863745748,1680,N/A,47.07017857142857,N/A,N/A,N/A,N/A,N/A,N/A,N/A,N/A,NOT_CALCULATED,N/A,N/A,N/A,UNKNOWN,N/A,N/A,N/A,N/A,N/A,N/A,N/A,NOT_CALCULATED,N/A,LOW,STAGE_MAPPED_ONLY,LOW
6090,하안주공9단지,41210,경기,N/A,N/A,0,PRE_PROJECT,NO_OFFICIAL_RECORD,공식 정비사업 기록 없음(선별 후보),,,163.4449395485471,1818,N/A,41.11892189218922,N/A,N/A,N/A,N/A,N/A,N/A,N/A,N/A,NOT_CALCULATED,N/A,N/A,N/A,UNKNOWN,N/A,N/A,N/A,N/A,N/A,N/A,N/A,NOT_CALCULATED,N/A,LOW,STAGE_MAPPED_ONLY,LOW
6097,하안현대,41210,경기,N/A,N/A,0,PRE_PROJECT,NO_OFFICIAL_RECORD,공식 정비사업 기록 없음(선별 후보),,,N/A,593,N/A,N/A,N/A,N/A,N/A,N/A,N/A,N/A,N/A,N/A,NOT_CALCULATED,N/A,N/A,N/A,UNKNOWN,N/A,N/A,N/A,N/A,N/A,N/A,N/A,NOT_CALCULATED,N/A,LOW,STAGE_MAPPED_ONLY,LOW
5274,하얀마을그랜드빌,41135,경기,N/A,N/A,0,PRE_PROJECT,NO_OFFICIAL_RECORD,공식 정비사업 기록 없음(선별 후보),,,125.9483855466425,324,N/A,169.56203703703704,N/A,N/A,N/A,N/A,N/A,N/A,N/A,N/A,NOT_CALCULATED,N/A,N/A,N/A,UNKNOWN,N/A,N/A,N/A,N/A,N/A,N/A,N/A,NOT_CALCULATED,N/A,LOW,STAGE_MAPPED_ONLY,LOW
5689,한가람두산,41173,경기,N/A,N/A,0,PRE_PROJECT,NO_OFFICIAL_RECORD,공식 정비사업 기록 없음(선별 후보),,,249.42038793562827,436,N/A,43.04128440366973,N/A,N/A,N/A,N/A,N/A,N/A,N/A,N/A,NOT_CALCULATED,N/A,N/A,N/A,UNKNOWN,N/A,N/A,N/A,N/A,N/A,N/A,N/A,NOT_CALCULATED,N/A,LOW,STAGE_MAPPED_ONLY,LOW
5678,한가람삼성,41173,경기,N/A,N/A,0,PRE_PROJECT,NO_OFFICIAL_RECORD,공식 정비사업 기록 없음(선별 후보),,,244.21045017179986,708,N/A,45.299717514124296,N/A,N/A,N/A,N/A,N/A,N/A,N/A,N/A,NOT_CALCULATED,N/A,N/A,N/A,UNKNOWN,N/A,N/A,N/A,N/A,N/A,N/A,N/A,NOT_CALCULATED,N/A,LOW,STAGE_MAPPED_ONLY,LOW
5687,한가람세경,41173,경기,N/A,N/A,0,PRE_PROJECT,NO_OFFICIAL_RECORD,공식 정비사업 기록 없음(선별 후보),,,185.2624873017786,1292,N/A,31.466950464396287,N/A,N/A,N/A,N/A,N/A,N/A,N/A,N/A,NOT_CALCULATED,N/A,N/A,N/A,UNKNOWN,N/A,N/A,N/A,N/A,N/A,N/A,N/A,NOT_CALCULATED,N/A,LOW,STAGE_MAPPED_ONLY,LOW
5688,한가람신라,41173,경기,N/A,N/A,0,PRE_PROJECT,NO_OFFICIAL_RECORD,공식 정비사업 기록 없음(선별 후보),,,172.2721899293916,1068,N/A,31.50786516853933,N/A,N/A,N/A,N/A,N/A,N/A,N/A,N/A,NOT_CALCULATED,N/A,N/A,N/A,UNKNOWN,N/A,N/A,N/A,N/A,N/A,N/A,N/A,NOT_CALCULATED,N/A,LOW,STAGE_MAPPED_ONLY,LOW
5690,한가람한양6차,41173,경기,N/A,N/A,0,PRE_PROJECT,NO_OFFICIAL_RECORD,공식 정비사업 기록 없음(선별 후보),,,249.86430578841353,952,N/A,34.83487394957984,N/A,N/A,N/A,N/A,N/A,N/A,N/A,N/A,NOT_CALCULATED,N/A,N/A,N/A,UNKNOWN,N/A,N/A,N/A,N/A,N/A,N/A,N/A,NOT_CALCULATED,N/A,LOW,STAGE_MAPPED_ONLY,LOW
10046,한국,41650,경기,N/A,N/A,0,PRE_PROJECT,NO_OFFICIAL_RECORD,공식 정비사업 기록 없음(선별 후보),,,N/A,264,N/A,N/A,N/A,N/A,N/A,N/A,N/A,N/A,N/A,N/A,NOT_CALCULATED,N/A,N/A,N/A,UNKNOWN,N/A,N/A,N/A,N/A,N/A,N/A,N/A,NOT_CALCULATED,N/A,LOW,STAGE_MAPPED_ONLY,LOW
4850,한국2차,41117,경기,N/A,N/A,0,PRE_PROJECT,NO_OFFICIAL_RECORD,공식 정비사업 기록 없음(선별 후보),,,154.0025476429288,768,N/A,64.90885416666667,N/A,N/A,N/A,N/A,N/A,N/A,N/A,N/A,NOT_CALCULATED,N/A,N/A,N/A,UNKNOWN,N/A,N/A,N/A,N/A,N/A,N/A,N/A,NOT_CALCULATED,N/A,LOW,STAGE_MAPPED_ONLY,LOW
10069,한국개나리,41650,경기,N/A,N/A,0,PRE_PROJECT,NO_OFFICIAL_RECORD,공식 정비사업 기록 없음(선별 후보),,,N/A,292,N/A,N/A,N/A,N/A,N/A,N/A,N/A,N/A,N/A,N/A,NOT_CALCULATED,N/A,N/A,N/A,UNKNOWN,N/A,N/A,N/A,N/A,N/A,N/A,N/A,NOT_CALCULATED,N/A,LOW,STAGE_MAPPED_ONLY,LOW
9929,한국아파트,41630,경기,N/A,N/A,0,PRE_PROJECT,NO_OFFICIAL_RECORD,공식 정비사업 기록 없음(선별 후보),,,N/A,216,N/A,N/A,N/A,N/A,N/A,N/A,N/A,N/A,N/A,N/A,NOT_CALCULATED,N/A,N/A,N/A,UNKNOWN,N/A,N/A,N/A,N/A,N/A,N/A,N/A,NOT_CALCULATED,N/A,LOW,STAGE_MAPPED_ONLY,LOW
5806,한도아파트2차,41192,경기,N/A,N/A,0,PRE_PROJECT,NO_OFFICIAL_RECORD,공식 정비사업 기록 없음(선별 후보),,,150.65702609242376,150,N/A,53.016666666666666,N/A,N/A,N/A,N/A,N/A,N/A,N/A,N/A,NOT_CALCULATED,N/A,N/A,N/A,UNKNOWN,N/A,N/A,N/A,N/A,N/A,N/A,N/A,NOT_CALCULATED,N/A,LOW,STAGE_MAPPED_ONLY,LOW
5834,한라뜨란채2단지,41192,경기,N/A,N/A,0,PRE_PROJECT,NO_OFFICIAL_RECORD,공식 정비사업 기록 없음(선별 후보),,,118.20760076121223,1246,N/A,42.38402889245586,N/A,N/A,N/A,N/A,N/A,N/A,N/A,N/A,NOT_CALCULATED,N/A,N/A,N/A,UNKNOWN,N/A,N/A,N/A,N/A,N/A,N/A,N/A,NOT_CALCULATED,N/A,LOW,STAGE_MAPPED_ONLY,LOW
6413,한라파인빌,41220,경기,N/A,N/A,0,PRE_PROJECT,NO_OFFICIAL_RECORD,공식 정비사업 기록 없음(선별 후보),,,173.490136239782,222,N/A,41.328828828828826,N/A,N/A,N/A,N/A,N/A,N/A,N/A,N/A,NOT_CALCULATED,N/A,N/A,N/A,UNKNOWN,N/A,N/A,N/A,N/A,N/A,N/A,N/A,NOT_CALCULATED,N/A,LOW,STAGE_MAPPED_ONLY,LOW
7983,한성목화,41410,경기,N/A,N/A,0,PRE_PROJECT,NO_OFFICIAL_RECORD,공식 정비사업 기록 없음(선별 후보),,,N/A,420,N/A,N/A,N/A,N/A,N/A,N/A,N/A,N/A,N/A,N/A,NOT_CALCULATED,N/A,N/A,N/A,UNKNOWN,N/A,N/A,N/A,N/A,N/A,N/A,N/A,NOT_CALCULATED,N/A,LOW,STAGE_MAPPED_ONLY,LOW
7474,한신그린1,41360,경기,N/A,N/A,0,PRE_PROJECT,NO_OFFICIAL_RECORD,공식 정비사업 기록 없음(선별 후보),,,N/A,706,N/A,N/A,N/A,N/A,N/A,N/A,N/A,N/A,N/A,N/A,NOT_CALCULATED,N/A,N/A,N/A,UNKNOWN,N/A,N/A,N/A,N/A,N/A,N/A,N/A,NOT_CALCULATED,N/A,LOW,STAGE_MAPPED_ONLY,LOW
7472,한신그린2차,41360,경기,N/A,N/A,0,PRE_PROJECT,NO_OFFICIAL_RECORD,공식 정비사업 기록 없음(선별 후보),,,N/A,258,N/A,N/A,N/A,N/A,N/A,N/A,N/A,N/A,N/A,N/A,NOT_CALCULATED,N/A,N/A,N/A,UNKNOWN,N/A,N/A,N/A,N/A,N/A,N/A,N/A,NOT_CALCULATED,N/A,LOW,STAGE_MAPPED_ONLY,LOW
7473,한신그린3차,41360,경기,N/A,N/A,0,PRE_PROJECT,NO_OFFICIAL_RECORD,공식 정비사업 기록 없음(선별 후보),,,N/A,299,N/A,N/A,N/A,N/A,N/A,N/A,N/A,N/A,N/A,N/A,NOT_CALCULATED,N/A,N/A,N/A,UNKNOWN,N/A,N/A,N/A,N/A,N/A,N/A,N/A,NOT_CALCULATED,N/A,LOW,STAGE_MAPPED_ONLY,LOW
7470,한신그린4차,41360,경기,N/A,N/A,0,PRE_PROJECT,NO_OFFICIAL_RECORD,공식 정비사업 기록 없음(선별 후보),,,N/A,200,N/A,N/A,N/A,N/A,N/A,N/A,N/A,N/A,N/A,N/A,NOT_CALCULATED,N/A,N/A,N/A,UNKNOWN,N/A,N/A,N/A,N/A,N/A,N/A,N/A,NOT_CALCULATED,N/A,LOW,STAGE_MAPPED_ONLY,LOW
7471,한신그린조합아파트,41360,경기,N/A,N/A,0,PRE_PROJECT,NO_OFFICIAL_RECORD,공식 정비사업 기록 없음(선별 후보),,,N/A,228,N/A,N/A,N/A,N/A,N/A,N/A,N/A,N/A,N/A,N/A,NOT_CALCULATED,N/A,N/A,N/A,UNKNOWN,N/A,N/A,N/A,N/A,N/A,N/A,N/A,NOT_CALCULATED,N/A,LOW,STAGE_MAPPED_ONLY,LOW
5905,한아름1차 아파트,41192,경기,N/A,N/A,0,PRE_PROJECT,NO_OFFICIAL_RECORD,공식 정비사업 기록 없음(선별 후보),,,213.42571146820947,1236,N/A,41.92467637540453,N/A,N/A,N/A,N/A,N/A,N/A,N/A,N/A,NOT_CALCULATED,N/A,N/A,N/A,UNKNOWN,N/A,N/A,N/A,N/A,N/A,N/A,N/A,NOT_CALCULATED,N/A,LOW,STAGE_MAPPED_ONLY,LOW
6201,한양청솔,41220,경기,N/A,N/A,0,PRE_PROJECT,NO_OFFICIAL_RECORD,공식 정비사업 기록 없음(선별 후보),,,160.85700434271982,289,N/A,50.67543252595156,N/A,N/A,N/A,N/A,N/A,N/A,N/A,N/A,NOT_CALCULATED,N/A,N/A,N/A,UNKNOWN,N/A,N/A,N/A,N/A,N/A,N/A,N/A,NOT_CALCULATED,N/A,LOW,STAGE_MAPPED_ONLY,LOW
7554,한주,41370,경기,N/A,N/A,0,PRE_PROJECT,NO_OFFICIAL_RECORD,공식 정비사업 기록 없음(선별 후보),,,N/A,299,N/A,N/A,N/A,N/A,N/A,N/A,N/A,N/A,N/A,N/A,NOT_CALCULATED,N/A,N/A,N/A,UNKNOWN,N/A,N/A,N/A,N/A,N/A,N/A,N/A,NOT_CALCULATED,N/A,LOW,STAGE_MAPPED_ONLY,LOW
9055,한주아파트,41550,경기,N/A,N/A,0,PRE_PROJECT,NO_OFFICIAL_RECORD,공식 정비사업 기록 없음(선별 후보),,,N/A,420,N/A,N/A,N/A,N/A,N/A,N/A,N/A,N/A,N/A,N/A,NOT_CALCULATED,N/A,N/A,N/A,UNKNOWN,N/A,N/A,N/A,N/A,N/A,N/A,N/A,NOT_CALCULATED,N/A,LOW,STAGE_MAPPED_ONLY,LOW
8099,해오름한국,41450,경기,N/A,N/A,0,PRE_PROJECT,NO_OFFICIAL_RECORD,공식 정비사업 기록 없음(선별 후보),,,N/A,848,N/A,N/A,N/A,N/A,N/A,N/A,N/A,N/A,N/A,N/A,NOT_CALCULATED,N/A,N/A,N/A,UNKNOWN,N/A,N/A,N/A,N/A,N/A,N/A,N/A,NOT_CALCULATED,N/A,LOW,STAGE_MAPPED_ONLY,LOW
6776,햇빛마을22단지아파트,41281,경기,N/A,N/A,0,PRE_PROJECT,NO_OFFICIAL_RECORD,공식 정비사업 기록 없음(선별 후보),,,259.7794177097958,445,N/A,30.572808988764045,N/A,N/A,N/A,N/A,N/A,N/A,N/A,N/A,NOT_CALCULATED,N/A,N/A,N/A,UNKNOWN,N/A,N/A,N/A,N/A,N/A,N/A,N/A,NOT_CALCULATED,N/A,LOW,STAGE_MAPPED_ONLY,LOW
6788,행신동성아파트입주자대표회의,41281,경기,N/A,N/A,0,PRE_PROJECT,NO_OFFICIAL_RECORD,공식 정비사업 기록 없음(선별 후보),,,276.6764090351447,377,N/A,36.755968169761275,N/A,N/A,N/A,N/A,N/A,N/A,N/A,N/A,NOT_CALCULATED,N/A,N/A,N/A,UNKNOWN,N/A,N/A,N/A,N/A,N/A,N/A,N/A,NOT_CALCULATED,N/A,LOW,STAGE_MAPPED_ONLY,LOW
6794,행신무원마을10단지서광라이프,41281,경기,N/A,N/A,0,PRE_PROJECT,NO_OFFICIAL_RECORD,공식 정비사업 기록 없음(선별 후보),,,262.62350287511515,792,N/A,47.692424242424245,N/A,N/A,N/A,N/A,N/A,N/A,N/A,N/A,NOT_CALCULATED,N/A,N/A,N/A,UNKNOWN,N/A,N/A,N/A,N/A,N/A,N/A,N/A,NOT_CALCULATED,N/A,LOW,STAGE_MAPPED_ONLY,LOW
6792,행신무원마을1단지부영,41281,경기,N/A,N/A,0,PRE_PROJECT,NO_OFFICIAL_RECORD,공식 정비사업 기록 없음(선별 후보),,,256.8521531817799,662,N/A,41.311027190332325,N/A,N/A,N/A,N/A,N/A,N/A,N/A,N/A,NOT_CALCULATED,N/A,N/A,N/A,UNKNOWN,N/A,N/A,N/A,N/A,N/A,N/A,N/A,NOT_CALCULATED,N/A,LOW,STAGE_MAPPED_ONLY,LOW
6785,행신무원마을2단지삼보,41281,경기,N/A,N/A,0,PRE_PROJECT,NO_OFFICIAL_RECORD,공식 정비사업 기록 없음(선별 후보),,,315.10652305902,330,N/A,47.913939393939394,N/A,N/A,N/A,N/A,N/A,N/A,N/A,N/A,NOT_CALCULATED,N/A,N/A,N/A,UNKNOWN,N/A,N/A,N/A,N/A,N/A,N/A,N/A,NOT_CALCULATED,N/A,LOW,STAGE_MAPPED_ONLY,LOW
6786,행신무원마을3단지동신아파트,41281,경기,N/A,N/A,0,PRE_PROJECT,NO_OFFICIAL_RECORD,공식 정비사업 기록 없음(선별 후보),,,274.74277930075596,330,N/A,53.833030303030306,N/A,N/A,N/A,N/A,N/A,N/A,N/A,N/A,NOT_CALCULATED,N/A,N/A,N/A,UNKNOWN,N/A,N/A,N/A,N/A,N/A,N/A,N/A,NOT_CALCULATED,N/A,LOW,STAGE_MAPPED_ONLY,LOW
6811,행신무원마을5단지쌍용한진,41281,경기,N/A,N/A,0,PRE_PROJECT,NO_OFFICIAL_RECORD,공식 정비사업 기록 없음(선별 후보),,,269.9642352816967,636,N/A,59.56996855345912,N/A,N/A,N/A,N/A,N/A,N/A,N/A,N/A,NOT_CALCULATED,N/A,N/A,N/A,UNKNOWN,N/A,N/A,N/A,N/A,N/A,N/A,N/A,NOT_CALCULATED,N/A,LOW,STAGE_MAPPED_ONLY,LOW
6812,행신무원마을6단지두산,41281,경기,N/A,N/A,0,PRE_PROJECT,NO_OFFICIAL_RECORD,공식 정비사업 기록 없음(선별 후보),,,253.94480650092524,688,N/A,45.16351744186046,N/A,N/A,N/A,N/A,N/A,N/A,N/A,N/A,NOT_CALCULATED,N/A,N/A,N/A,UNKNOWN,N/A,N/A,N/A,N/A,N/A,N/A,N/A,NOT_CALCULATED,N/A,LOW,STAGE_MAPPED_ONLY,LOW
6784,행신무원마을7단지신우,41281,경기,N/A,N/A,0,PRE_PROJECT,NO_OFFICIAL_RECORD,공식 정비사업 기록 없음(선별 후보),,,259.7146048310467,276,N/A,43.46884057971015,N/A,N/A,N/A,N/A,N/A,N/A,N/A,N/A,NOT_CALCULATED,N/A,N/A,N/A,UNKNOWN,N/A,N/A,N/A,N/A,N/A,N/A,N/A,NOT_CALCULATED,N/A,LOW,STAGE_MAPPED_ONLY,LOW
6810,행신무원마을8단지신안,41281,경기,N/A,N/A,0,PRE_PROJECT,NO_OFFICIAL_RECORD,공식 정비사업 기록 없음(선별 후보),,,327.93128438649364,328,N/A,50.482012195121946,N/A,N/A,N/A,N/A,N/A,N/A,N/A,N/A,NOT_CALCULATED,N/A,N/A,N/A,UNKNOWN,N/A,N/A,N/A,N/A,N/A,N/A,N/A,NOT_CALCULATED,N/A,LOW,STAGE_MAPPED_ONLY,LOW
6789,행신무원마을9단지기산,41281,경기,N/A,N/A,0,PRE_PROJECT,NO_OFFICIAL_RECORD,공식 정비사업 기록 없음(선별 후보),,,314.1474264310374,396,N/A,51.64191919191919,N/A,N/A,N/A,N/A,N/A,N/A,N/A,N/A,NOT_CALCULATED,N/A,N/A,N/A,UNKNOWN,N/A,N/A,N/A,N/A,N/A,N/A,N/A,NOT_CALCULATED,N/A,LOW,STAGE_MAPPED_ONLY,LOW
6795,행신소만1단지부영,41281,경기,N/A,N/A,0,PRE_PROJECT,NO_OFFICIAL_RECORD,공식 정비사업 기록 없음(선별 후보),,,298.5397440697751,835,N/A,27.187425149700598,N/A,N/A,N/A,N/A,N/A,N/A,N/A,N/A,NOT_CALCULATED,N/A,N/A,N/A,UNKNOWN,N/A,N/A,N/A,N/A,N/A,N/A,N/A,NOT_CALCULATED,N/A,LOW,STAGE_MAPPED_ONLY,LOW
6783,행신소만2단지신안,41281,경기,N/A,N/A,0,PRE_PROJECT,NO_OFFICIAL_RECORD,공식 정비사업 기록 없음(선별 후보),,,238.0953934064787,150,N/A,51.10066666666667,N/A,N/A,N/A,N/A,N/A,N/A,N/A,N/A,NOT_CALCULATED,N/A,N/A,N/A,UNKNOWN,N/A,N/A,N/A,N/A,N/A,N/A,N/A,NOT_CALCULATED,N/A,LOW,STAGE_MAPPED_ONLY,LOW
6787,행신소만3단지늘푸른,41281,경기,N/A,N/A,0,PRE_PROJECT,NO_OFFICIAL_RECORD,공식 정비사업 기록 없음(선별 후보),,,241.61971072748804,345,N/A,32.30492753623189,N/A,N/A,N/A,N/A,N/A,N/A,N/A,N/A,NOT_CALCULATED,N/A,N/A,N/A,UNKNOWN,N/A,N/A,N/A,N/A,N/A,N/A,N/A,NOT_CALCULATED,N/A,LOW,STAGE_MAPPED_ONLY,LOW
6793,행신소만7단지대명,41281,경기,N/A,N/A,0,PRE_PROJECT,NO_OFFICIAL_RECORD,공식 정비사업 기록 없음(선별 후보),,,271.1731933143613,713,N/A,34.991584852734924,N/A,N/A,N/A,N/A,N/A,N/A,N/A,N/A,NOT_CALCULATED,N/A,N/A,N/A,UNKNOWN,N/A,N/A,N/A,N/A,N/A,N/A,N/A,NOT_CALCULATED,N/A,LOW,STAGE_MAPPED_ONLY,LOW
6791,행신소만8단지풍림,41281,경기,N/A,N/A,0,PRE_PROJECT,NO_OFFICIAL_RECORD,공식 정비사업 기록 없음(선별 후보),,,287.0687296973842,639,N/A,29.29076682316119,N/A,N/A,N/A,N/A,N/A,N/A,N/A,N/A,NOT_CALCULATED,N/A,N/A,N/A,UNKNOWN,N/A,N/A,N/A,N/A,N/A,N/A,N/A,NOT_CALCULATED,N/A,LOW,STAGE_MAPPED_ONLY,LOW
6806,행신소만9단지부영,41281,경기,N/A,N/A,0,PRE_PROJECT,NO_OFFICIAL_RECORD,공식 정비사업 기록 없음(선별 후보),,,287.26128925149413,960,N/A,26.352500000000003,N/A,N/A,N/A,N/A,N/A,N/A,N/A,N/A,NOT_CALCULATED,N/A,N/A,N/A,UNKNOWN,N/A,N/A,N/A,N/A,N/A,N/A,N/A,NOT_CALCULATED,N/A,LOW,STAGE_MAPPED_ONLY,LOW
6808,행신윤창,41281,경기,N/A,N/A,0,PRE_PROJECT,NO_OFFICIAL_RECORD,공식 정비사업 기록 없음(선별 후보),,,376.30246054817275,298,N/A,32.32214765100671,N/A,N/A,N/A,N/A,N/A,N/A,N/A,N/A,NOT_CALCULATED,N/A,N/A,N/A,UNKNOWN,N/A,N/A,N/A,N/A,N/A,N/A,N/A,NOT_CALCULATED,N/A,LOW,STAGE_MAPPED_ONLY,LOW
6781,행신햇빛23단지주공,41281,경기,N/A,N/A,0,PRE_PROJECT,NO_OFFICIAL_RECORD,공식 정비사업 기록 없음(선별 후보),,,196.57315998571255,1813,N/A,32.73734142305571,N/A,N/A,N/A,N/A,N/A,N/A,N/A,N/A,NOT_CALCULATED,N/A,N/A,N/A,UNKNOWN,N/A,N/A,N/A,N/A,N/A,N/A,N/A,NOT_CALCULATED,N/A,LOW,STAGE_MAPPED_ONLY,LOW
5714,향촌롯데,41173,경기,N/A,N/A,0,PRE_PROJECT,NO_OFFICIAL_RECORD,공식 정비사업 기록 없음(선별 후보),,,258.5376986596954,530,N/A,45.469811320754715,N/A,N/A,N/A,N/A,N/A,N/A,N/A,N/A,NOT_CALCULATED,N/A,N/A,N/A,UNKNOWN,N/A,N/A,N/A,N/A,N/A,N/A,N/A,NOT_CALCULATED,N/A,LOW,STAGE_MAPPED_ONLY,LOW
5716,향촌현대5차,41173,경기,N/A,N/A,0,PRE_PROJECT,NO_OFFICIAL_RECORD,공식 정비사업 기록 없음(선별 후보),,,237.5482865243124,780,N/A,44.90423076923077,N/A,N/A,N/A,N/A,N/A,N/A,N/A,N/A,NOT_CALCULATED,N/A,N/A,N/A,UNKNOWN,N/A,N/A,N/A,N/A,N/A,N/A,N/A,NOT_CALCULATED,N/A,LOW,STAGE_MAPPED_ONLY,LOW
10048,현대,41650,경기,N/A,N/A,0,PRE_PROJECT,NO_OFFICIAL_RECORD,공식 정비사업 기록 없음(선별 후보),,,N/A,170,N/A,N/A,N/A,N/A,N/A,N/A,N/A,N/A,N/A,N/A,NOT_CALCULATED,N/A,N/A,N/A,UNKNOWN,N/A,N/A,N/A,N/A,N/A,N/A,N/A,NOT_CALCULATED,N/A,LOW,STAGE_MAPPED_ONLY,LOW
10174,현대,41830,경기,N/A,N/A,0,PRE_PROJECT,NO_OFFICIAL_RECORD,공식 정비사업 기록 없음(선별 후보),,,N/A,358,N/A,N/A,N/A,N/A,N/A,N/A,N/A,N/A,N/A,N/A,NOT_CALCULATED,N/A,N/A,N/A,UNKNOWN,N/A,N/A,N/A,N/A,N/A,N/A,N/A,NOT_CALCULATED,N/A,LOW,STAGE_MAPPED_ONLY,LOW
6272,현대비전,41220,경기,N/A,N/A,0,PRE_PROJECT,NO_OFFICIAL_RECORD,공식 정비사업 기록 없음(선별 후보),,,141.0358074293367,424,N/A,53.53584905660377,N/A,N/A,N/A,N/A,N/A,N/A,N/A,N/A,NOT_CALCULATED,N/A,N/A,N/A,UNKNOWN,N/A,N/A,N/A,N/A,N/A,N/A,N/A,NOT_CALCULATED,N/A,LOW,STAGE_MAPPED_ONLY,LOW
9140,현대아파트,41570,경기,N/A,N/A,0,PRE_PROJECT,NO_OFFICIAL_RECORD,공식 정비사업 기록 없음(선별 후보),,,N/A,130,N/A,N/A,N/A,N/A,N/A,N/A,N/A,N/A,N/A,N/A,NOT_CALCULATED,N/A,N/A,N/A,UNKNOWN,N/A,N/A,N/A,N/A,N/A,N/A,N/A,NOT_CALCULATED,N/A,LOW,STAGE_MAPPED_ONLY,LOW
6273,현대이화,41220,경기,N/A,N/A,0,PRE_PROJECT,NO_OFFICIAL_RECORD,공식 정비사업 기록 없음(선별 후보),,,136.5835086703846,724,N/A,70.63480662983426,N/A,N/A,N/A,N/A,N/A,N/A,N/A,N/A,NOT_CALCULATED,N/A,N/A,N/A,UNKNOWN,N/A,N/A,N/A,N/A,N/A,N/A,N/A,NOT_CALCULATED,N/A,LOW,STAGE_MAPPED_ONLY,LOW
9054,현대전자아파트,41500,경기,N/A,N/A,0,PRE_PROJECT,NO_OFFICIAL_RECORD,공식 정비사업 기록 없음(선별 후보),,,N/A,1111,N/A,N/A,N/A,N/A,N/A,N/A,N/A,N/A,N/A,N/A,NOT_CALCULATED,N/A,N/A,N/A,UNKNOWN,N/A,N/A,N/A,N/A,N/A,N/A,N/A,NOT_CALCULATED,N/A,LOW,STAGE_MAPPED_ONLY,LOW
5951,현대허니문아파트,41194,경기,N/A,N/A,0,PRE_PROJECT,NO_OFFICIAL_RECORD,공식 정비사업 기록 없음(선별 후보),,,N/A,149,N/A,N/A,N/A,N/A,N/A,N/A,N/A,N/A,N/A,N/A,NOT_CALCULATED,N/A,N/A,N/A,UNKNOWN,N/A,N/A,N/A,N/A,N/A,N/A,N/A,NOT_CALCULATED,N/A,LOW,STAGE_MAPPED_ONLY,LOW
5748,호계마젤란21,41173,경기,N/A,N/A,0,PRE_PROJECT,NO_OFFICIAL_RECORD,공식 정비사업 기록 없음(선별 후보),,,116.06367583212736,190,N/A,47.27894736842105,N/A,N/A,N/A,N/A,N/A,N/A,N/A,N/A,NOT_CALCULATED,N/A,N/A,N/A,UNKNOWN,N/A,N/A,N/A,N/A,N/A,N/A,N/A,NOT_CALCULATED,N/A,LOW,STAGE_MAPPED_ONLY,LOW
5749,호계삼익,41173,경기,N/A,N/A,0,PRE_PROJECT,NO_OFFICIAL_RECORD,공식 정비사업 기록 없음(선별 후보),,,N/A,261,N/A,N/A,N/A,N/A,N/A,N/A,N/A,N/A,N/A,N/A,NOT_CALCULATED,N/A,N/A,N/A,UNKNOWN,N/A,N/A,N/A,N/A,N/A,N/A,N/A,NOT_CALCULATED,N/A,LOW,STAGE_MAPPED_ONLY,LOW
5744,호계샘마을대우,41173,경기,N/A,N/A,0,PRE_PROJECT,NO_OFFICIAL_RECORD,공식 정비사업 기록 없음(선별 후보),,,124.05421234673784,536,N/A,132.26044776119403,N/A,N/A,N/A,N/A,N/A,N/A,N/A,N/A,NOT_CALCULATED,N/A,N/A,N/A,UNKNOWN,N/A,N/A,N/A,N/A,N/A,N/A,N/A,NOT_CALCULATED,N/A,LOW,STAGE_MAPPED_ONLY,LOW
5743,호계샘마을한양,41173,경기,N/A,N/A,0,PRE_PROJECT,NO_OFFICIAL_RECORD,공식 정비사업 기록 없음(선별 후보),,,127.07518239114366,536,N/A,132.26044776119403,N/A,N/A,N/A,N/A,N/A,N/A,N/A,N/A,NOT_CALCULATED,N/A,N/A,N/A,UNKNOWN,N/A,N/A,N/A,N/A,N/A,N/A,N/A,NOT_CALCULATED,N/A,LOW,STAGE_MAPPED_ONLY,LOW
4706,호매실신미주,41113,경기,N/A,N/A,0,PRE_PROJECT,NO_OFFICIAL_RECORD,공식 정비사업 기록 없음(선별 후보),,,N/A,178,N/A,N/A,N/A,N/A,N/A,N/A,N/A,N/A,N/A,N/A,NOT_CALCULATED,N/A,N/A,N/A,UNKNOWN,N/A,N/A,N/A,N/A,N/A,N/A,N/A,NOT_CALCULATED,N/A,LOW,STAGE_MAPPED_ONLY,LOW
6884,호수마을1단지대우,41285,경기,N/A,N/A,0,PRE_PROJECT,NO_OFFICIAL_RECORD,공식 정비사업 기록 없음(선별 후보),,,197.70181444378716,388,N/A,53.15309278350516,N/A,N/A,N/A,N/A,N/A,N/A,N/A,N/A,NOT_CALCULATED,N/A,N/A,N/A,UNKNOWN,N/A,N/A,N/A,N/A,N/A,N/A,N/A,NOT_CALCULATED,N/A,LOW,STAGE_MAPPED_ONLY,LOW
6887,호수마을3단지아파트,41285,경기,N/A,N/A,0,PRE_PROJECT,NO_OFFICIAL_RECORD,공식 정비사업 기록 없음(선별 후보),,,237.23363648193398,876,N/A,78.95319634703196,N/A,N/A,N/A,N/A,N/A,N/A,N/A,N/A,NOT_CALCULATED,N/A,N/A,N/A,UNKNOWN,N/A,N/A,N/A,N/A,N/A,N/A,N/A,NOT_CALCULATED,N/A,LOW,STAGE_MAPPED_ONLY,LOW
6885,호수마을4단지롯데럭키,41285,경기,N/A,N/A,0,PRE_PROJECT,NO_OFFICIAL_RECORD,공식 정비사업 기록 없음(선별 후보),,,239.6293901038711,472,N/A,80.26165254237289,N/A,N/A,N/A,N/A,N/A,N/A,N/A,N/A,NOT_CALCULATED,N/A,N/A,N/A,UNKNOWN,N/A,N/A,N/A,N/A,N/A,N/A,N/A,NOT_CALCULATED,N/A,LOW,STAGE_MAPPED_ONLY,LOW
5382,호원5차우성,41150,경기,N/A,N/A,0,PRE_PROJECT,NO_OFFICIAL_RECORD,공식 정비사업 기록 없음(선별 후보),,,N/A,494,N/A,N/A,N/A,N/A,N/A,N/A,N/A,N/A,N/A,N/A,NOT_CALCULATED,N/A,N/A,N/A,UNKNOWN,N/A,N/A,N/A,N/A,N/A,N/A,N/A,NOT_CALCULATED,N/A,LOW,STAGE_MAPPED_ONLY,LOW
5392,호원건영,41150,경기,N/A,N/A,0,PRE_PROJECT,NO_OFFICIAL_RECORD,공식 정비사업 기록 없음(선별 후보),,,248.60789487856104,900,N/A,41.26444444444444,N/A,N/A,N/A,N/A,N/A,N/A,N/A,N/A,NOT_CALCULATED,N/A,N/A,N/A,UNKNOWN,N/A,N/A,N/A,N/A,N/A,N/A,N/A,NOT_CALCULATED,N/A,LOW,STAGE_MAPPED_ONLY,LOW
5383,호원미도,41150,경기,N/A,N/A,0,PRE_PROJECT,NO_OFFICIAL_RECORD,공식 정비사업 기록 없음(선별 후보),,,444.35439948619137,552,N/A,28.206521739130434,N/A,N/A,N/A,N/A,N/A,N/A,N/A,N/A,NOT_CALCULATED,N/A,N/A,N/A,UNKNOWN,N/A,N/A,N/A,N/A,N/A,N/A,N/A,NOT_CALCULATED,N/A,LOW,STAGE_MAPPED_ONLY,LOW
5378,호원성호,41150,경기,N/A,N/A,0,PRE_PROJECT,NO_OFFICIAL_RECORD,공식 정비사업 기록 없음(선별 후보),,,N/A,416,N/A,N/A,N/A,N/A,N/A,N/A,N/A,N/A,N/A,N/A,NOT_CALCULATED,N/A,N/A,N/A,UNKNOWN,N/A,N/A,N/A,N/A,N/A,N/A,N/A,NOT_CALCULATED,N/A,LOW,STAGE_MAPPED_ONLY,LOW
5366,호원신도4차,41150,경기,N/A,N/A,0,PRE_PROJECT,NO_OFFICIAL_RECORD,공식 정비사업 기록 없음(선별 후보),,,404.1882750845547,239,N/A,28.205857740585774,N/A,N/A,N/A,N/A,N/A,N/A,N/A,N/A,NOT_CALCULATED,N/A,N/A,N/A,UNKNOWN,N/A,N/A,N/A,N/A,N/A,N/A,N/A,NOT_CALCULATED,N/A,LOW,STAGE_MAPPED_ONLY,LOW
5361,호원신도5차,41150,경기,N/A,N/A,0,PRE_PROJECT,NO_OFFICIAL_RECORD,공식 정비사업 기록 없음(선별 후보),,,315.4890799452731,175,N/A,33.830285714285715,N/A,N/A,N/A,N/A,N/A,N/A,N/A,N/A,NOT_CALCULATED,N/A,N/A,N/A,UNKNOWN,N/A,N/A,N/A,N/A,N/A,N/A,N/A,NOT_CALCULATED,N/A,LOW,STAGE_MAPPED_ONLY,LOW
5396,호원쌍용아파트,41150,경기,N/A,N/A,0,PRE_PROJECT,NO_OFFICIAL_RECORD,공식 정비사업 기록 없음(선별 후보),,,297.06002351151375,420,N/A,34.430952380952384,N/A,N/A,N/A,N/A,N/A,N/A,N/A,N/A,NOT_CALCULATED,N/A,N/A,N/A,UNKNOWN,N/A,N/A,N/A,N/A,N/A,N/A,N/A,NOT_CALCULATED,N/A,LOW,STAGE_MAPPED_ONLY,LOW
5377,호원우남1차,41150,경기,N/A,N/A,0,PRE_PROJECT,NO_OFFICIAL_RECORD,공식 정비사업 기록 없음(선별 후보),,,493.0436462347116,411,N/A,23.9316301703163,N/A,N/A,N/A,N/A,N/A,N/A,N/A,N/A,NOT_CALCULATED,N/A,N/A,N/A,UNKNOWN,N/A,N/A,N/A,N/A,N/A,N/A,N/A,NOT_CALCULATED,N/A,LOW,STAGE_MAPPED_ONLY,LOW
5394,호원우남2차,41150,경기,N/A,N/A,0,PRE_PROJECT,NO_OFFICIAL_RECORD,공식 정비사업 기록 없음(선별 후보),,,162.7192224402444,411,N/A,23.9316301703163,N/A,N/A,N/A,N/A,N/A,N/A,N/A,N/A,NOT_CALCULATED,N/A,N/A,N/A,UNKNOWN,N/A,N/A,N/A,N/A,N/A,N/A,N/A,NOT_CALCULATED,N/A,LOW,STAGE_MAPPED_ONLY,LOW
5374,호원우성1차,41150,경기,N/A,N/A,0,PRE_PROJECT,NO_OFFICIAL_RECORD,공식 정비사업 기록 없음(선별 후보),,,N/A,381,N/A,N/A,N/A,N/A,N/A,N/A,N/A,N/A,N/A,N/A,NOT_CALCULATED,N/A,N/A,N/A,UNKNOWN,N/A,N/A,N/A,N/A,N/A,N/A,N/A,NOT_CALCULATED,N/A,LOW,STAGE_MAPPED_ONLY,LOW
5370,호원우성2차,41150,경기,N/A,N/A,0,PRE_PROJECT,NO_OFFICIAL_RECORD,공식 정비사업 기록 없음(선별 후보),,,N/A,289,N/A,N/A,N/A,N/A,N/A,N/A,N/A,N/A,N/A,N/A,NOT_CALCULATED,N/A,N/A,N/A,UNKNOWN,N/A,N/A,N/A,N/A,N/A,N/A,N/A,NOT_CALCULATED,N/A,LOW,STAGE_MAPPED_ONLY,LOW
5385,호원우성3차,41150,경기,N/A,N/A,0,PRE_PROJECT,NO_OFFICIAL_RECORD,공식 정비사업 기록 없음(선별 후보),,,452.6567868474907,615,N/A,25.981626016260165,N/A,N/A,N/A,N/A,N/A,N/A,N/A,N/A,NOT_CALCULATED,N/A,N/A,N/A,UNKNOWN,N/A,N/A,N/A,N/A,N/A,N/A,N/A,NOT_CALCULATED,N/A,LOW,STAGE_MAPPED_ONLY,LOW
5362,호원유원,41150,경기,N/A,N/A,0,PRE_PROJECT,NO_OFFICIAL_RECORD,공식 정비사업 기록 없음(선별 후보),,,N/A,178,N/A,N/A,N/A,N/A,N/A,N/A,N/A,N/A,N/A,N/A,NOT_CALCULATED,N/A,N/A,N/A,UNKNOWN,N/A,N/A,N/A,N/A,N/A,N/A,N/A,NOT_CALCULATED,N/A,LOW,STAGE_MAPPED_ONLY,LOW
5355,호원하늘빛아파트,41150,경기,N/A,N/A,0,PRE_PROJECT,NO_OFFICIAL_RECORD,공식 정비사업 기록 없음(선별 후보),,,N/A,147,N/A,N/A,N/A,N/A,N/A,N/A,N/A,N/A,N/A,N/A,NOT_CALCULATED,N/A,N/A,N/A,UNKNOWN,N/A,N/A,N/A,N/A,N/A,N/A,N/A,NOT_CALCULATED,N/A,LOW,STAGE_MAPPED_ONLY,LOW
5364,호원한신1차,41150,경기,N/A,N/A,0,PRE_PROJECT,NO_OFFICIAL_RECORD,공식 정비사업 기록 없음(선별 후보),,,285.91556836902805,204,N/A,35.705882352941174,N/A,N/A,N/A,N/A,N/A,N/A,N/A,N/A,NOT_CALCULATED,N/A,N/A,N/A,UNKNOWN,N/A,N/A,N/A,N/A,N/A,N/A,N/A,NOT_CALCULATED,N/A,LOW,STAGE_MAPPED_ONLY,LOW
5368,호원한신2차,41150,경기,N/A,N/A,0,PRE_PROJECT,NO_OFFICIAL_RECORD,공식 정비사업 기록 없음(선별 후보),,,438.9440669106116,278,N/A,27.52517985611511,N/A,N/A,N/A,N/A,N/A,N/A,N/A,N/A,NOT_CALCULATED,N/A,N/A,N/A,UNKNOWN,N/A,N/A,N/A,N/A,N/A,N/A,N/A,NOT_CALCULATED,N/A,LOW,STAGE_MAPPED_ONLY,LOW
5384,호원한주1차2차,41150,경기,N/A,N/A,0,PRE_PROJECT,NO_OFFICIAL_RECORD,공식 정비사업 기록 없음(선별 후보),,,N/A,609,N/A,N/A,N/A,N/A,N/A,N/A,N/A,N/A,N/A,N/A,NOT_CALCULATED,N/A,N/A,N/A,UNKNOWN,N/A,N/A,N/A,N/A,N/A,N/A,N/A,NOT_CALCULATED,N/A,LOW,STAGE_MAPPED_ONLY,LOW
5365,호원한주3차,41150,경기,N/A,N/A,0,PRE_PROJECT,NO_OFFICIAL_RECORD,공식 정비사업 기록 없음(선별 후보),,,498.7892727619775,235,N/A,22.293617021276596,N/A,N/A,N/A,N/A,N/A,N/A,N/A,N/A,NOT_CALCULATED,N/A,N/A,N/A,UNKNOWN,N/A,N/A,N/A,N/A,N/A,N/A,N/A,NOT_CALCULATED,N/A,LOW,STAGE_MAPPED_ONLY,LOW
5373,호원한주4차,41150,경기,N/A,N/A,0,PRE_PROJECT,NO_OFFICIAL_RECORD,공식 정비사업 기록 없음(선별 후보),,,461.3431490384615,288,N/A,23.11111111111111,N/A,N/A,N/A,N/A,N/A,N/A,N/A,N/A,NOT_CALCULATED,N/A,N/A,N/A,UNKNOWN,N/A,N/A,N/A,N/A,N/A,N/A,N/A,NOT_CALCULATED,N/A,LOW,STAGE_MAPPED_ONLY,LOW
5367,호원한주5차,41150,경기,N/A,N/A,0,PRE_PROJECT,NO_OFFICIAL_RECORD,공식 정비사업 기록 없음(선별 후보),,,432.16928693592945,240,N/A,25.336666666666666,N/A,N/A,N/A,N/A,N/A,N/A,N/A,N/A,NOT_CALCULATED,N/A,N/A,N/A,UNKNOWN,N/A,N/A,N/A,N/A,N/A,N/A,N/A,NOT_CALCULATED,N/A,LOW,STAGE_MAPPED_ONLY,LOW
5363,호원현대,41150,경기,N/A,N/A,0,PRE_PROJECT,NO_OFFICIAL_RECORD,공식 정비사업 기록 없음(선별 후보),,,N/A,193,N/A,N/A,N/A,N/A,N/A,N/A,N/A,N/A,N/A,N/A,NOT_CALCULATED,N/A,N/A,N/A,UNKNOWN,N/A,N/A,N/A,N/A,N/A,N/A,N/A,NOT_CALCULATED,N/A,LOW,STAGE_MAPPED_ONLY,LOW
10085,홍문현대,41670,경기,N/A,N/A,0,PRE_PROJECT,NO_OFFICIAL_RECORD,공식 정비사업 기록 없음(선별 후보),,,N/A,673,N/A,N/A,N/A,N/A,N/A,N/A,N/A,N/A,N/A,N/A,NOT_CALCULATED,N/A,N/A,N/A,UNKNOWN,N/A,N/A,N/A,N/A,N/A,N/A,N/A,NOT_CALCULATED,N/A,LOW,STAGE_MAPPED_ONLY,LOW
4660,화서동남,41113,경기,N/A,N/A,0,PRE_PROJECT,NO_OFFICIAL_RECORD,공식 정비사업 기록 없음(선별 후보),,,139.3687178897556,380,N/A,43.48710526315789,N/A,N/A,N/A,N/A,N/A,N/A,N/A,N/A,NOT_CALCULATED,N/A,N/A,N/A,UNKNOWN,N/A,N/A,N/A,N/A,N/A,N/A,N/A,NOT_CALCULATED,N/A,LOW,STAGE_MAPPED_ONLY,LOW
4777,화서맨션,41115,경기,N/A,N/A,0,PRE_PROJECT,NO_OFFICIAL_RECORD,공식 정비사업 기록 없음(선별 후보),,,N/A,115,N/A,N/A,N/A,N/A,N/A,N/A,N/A,N/A,N/A,N/A,NOT_CALCULATED,N/A,N/A,N/A,UNKNOWN,N/A,N/A,N/A,N/A,N/A,N/A,N/A,NOT_CALCULATED,N/A,LOW,STAGE_MAPPED_ONLY,LOW
4780,화서벽산,41115,경기,N/A,N/A,0,PRE_PROJECT,NO_OFFICIAL_RECORD,공식 정비사업 기록 없음(선별 후보),,,N/A,238,N/A,N/A,N/A,N/A,N/A,N/A,N/A,N/A,N/A,N/A,NOT_CALCULATED,N/A,N/A,N/A,UNKNOWN,N/A,N/A,N/A,N/A,N/A,N/A,N/A,NOT_CALCULATED,N/A,LOW,STAGE_MAPPED_ONLY,LOW
4659,화서성일,41113,경기,N/A,N/A,0,PRE_PROJECT,NO_OFFICIAL_RECORD,공식 정비사업 기록 없음(선별 후보),,,154.84665472501936,370,N/A,44.66162162162162,N/A,N/A,N/A,N/A,N/A,N/A,N/A,N/A,NOT_CALCULATED,N/A,N/A,N/A,UNKNOWN,N/A,N/A,N/A,N/A,N/A,N/A,N/A,NOT_CALCULATED,N/A,LOW,STAGE_MAPPED_ONLY,LOW
4794,화서영광아파트,41115,경기,N/A,N/A,0,PRE_PROJECT,NO_OFFICIAL_RECORD,공식 정비사업 기록 없음(선별 후보),,,438.7056768558952,459,N/A,24.945533769063182,N/A,N/A,N/A,N/A,N/A,N/A,N/A,N/A,NOT_CALCULATED,N/A,N/A,N/A,UNKNOWN,N/A,N/A,N/A,N/A,N/A,N/A,N/A,NOT_CALCULATED,N/A,LOW,STAGE_MAPPED_ONLY,LOW
7982,화성무궁화,41410,경기,N/A,N/A,0,PRE_PROJECT,NO_OFFICIAL_RECORD,공식 정비사업 기록 없음(선별 후보),,,N/A,402,N/A,N/A,N/A,N/A,N/A,N/A,N/A,N/A,N/A,N/A,NOT_CALCULATED,N/A,N/A,N/A,UNKNOWN,N/A,N/A,N/A,N/A,N/A,N/A,N/A,NOT_CALCULATED,N/A,LOW,STAGE_MAPPED_ONLY,LOW
6430,화영아파트,41220,경기,N/A,N/A,0,PRE_PROJECT,NO_OFFICIAL_RECORD,공식 정비사업 기록 없음(선별 후보),,,243.31540886334136,174,N/A,30.99425287356322,N/A,N/A,N/A,N/A,N/A,N/A,N/A,N/A,NOT_CALCULATED,N/A,N/A,N/A,UNKNOWN,N/A,N/A,N/A,N/A,N/A,N/A,N/A,NOT_CALCULATED,N/A,LOW,STAGE_MAPPED_ONLY,LOW
5278,화이트빌,41135,경기,N/A,N/A,0,PRE_PROJECT,NO_OFFICIAL_RECORD,공식 정비사업 기록 없음(선별 후보),,,136.2896685803898,192,N/A,193.9572916666667,N/A,N/A,N/A,N/A,N/A,N/A,N/A,N/A,NOT_CALCULATED,N/A,N/A,N/A,UNKNOWN,N/A,N/A,N/A,N/A,N/A,N/A,N/A,NOT_CALCULATED,N/A,LOW,STAGE_MAPPED_ONLY,LOW
6757,화정달빛마을1단지,41281,경기,N/A,N/A,0,PRE_PROJECT,NO_OFFICIAL_RECORD,공식 정비사업 기록 없음(선별 후보),,,184.05151325572604,1784,N/A,52.05678251121076,N/A,N/A,N/A,N/A,N/A,N/A,N/A,N/A,NOT_CALCULATED,N/A,N/A,N/A,UNKNOWN,N/A,N/A,N/A,N/A,N/A,N/A,N/A,NOT_CALCULATED,N/A,LOW,STAGE_MAPPED_ONLY,LOW
6755,화정달빛마을2단지라이프,41281,경기,N/A,N/A,0,PRE_PROJECT,NO_OFFICIAL_RECORD,공식 정비사업 기록 없음(선별 후보),,,78.09142761071882,1391,N/A,77.61028037383177,N/A,N/A,N/A,N/A,N/A,N/A,N/A,N/A,NOT_CALCULATED,N/A,N/A,N/A,UNKNOWN,N/A,N/A,N/A,N/A,N/A,N/A,N/A,NOT_CALCULATED,N/A,LOW,STAGE_MAPPED_ONLY,LOW
6756,화정달빛마을2단지부영,41281,경기,N/A,N/A,0,PRE_PROJECT,NO_OFFICIAL_RECORD,공식 정비사업 기록 없음(선별 후보),,,78.01495332816457,1391,N/A,77.61028037383177,N/A,N/A,N/A,N/A,N/A,N/A,N/A,N/A,NOT_CALCULATED,N/A,N/A,N/A,UNKNOWN,N/A,N/A,N/A,N/A,N/A,N/A,N/A,NOT_CALCULATED,N/A,LOW,STAGE_MAPPED_ONLY,LOW
6746,화정별빛마을10단지,41281,경기,N/A,N/A,0,PRE_PROJECT,NO_OFFICIAL_RECORD,공식 정비사업 기록 없음(선별 후보),,,176.8296062360925,1080,N/A,53.59481481481482,N/A,N/A,N/A,N/A,N/A,N/A,N/A,N/A,NOT_CALCULATED,N/A,N/A,N/A,UNKNOWN,N/A,N/A,N/A,N/A,N/A,N/A,N/A,NOT_CALCULATED,N/A,LOW,STAGE_MAPPED_ONLY,LOW
6751,화정별빛마을7단지청구현대,41281,경기,N/A,N/A,0,PRE_PROJECT,NO_OFFICIAL_RECORD,공식 정비사업 기록 없음(선별 후보),,,171.55100262090792,1136,N/A,56.96338028169014,N/A,N/A,N/A,N/A,N/A,N/A,N/A,N/A,NOT_CALCULATED,N/A,N/A,N/A,UNKNOWN,N/A,N/A,N/A,N/A,N/A,N/A,N/A,NOT_CALCULATED,N/A,LOW,STAGE_MAPPED_ONLY,LOW
6747,화정별빛마을8단지부영,41281,경기,N/A,N/A,0,PRE_PROJECT,NO_OFFICIAL_RECORD,공식 정비사업 기록 없음(선별 후보),,,153.80643596851,1232,N/A,38.829058441558445,N/A,N/A,N/A,N/A,N/A,N/A,N/A,N/A,NOT_CALCULATED,N/A,N/A,N/A,UNKNOWN,N/A,N/A,N/A,N/A,N/A,N/A,N/A,NOT_CALCULATED,N/A,LOW,STAGE_MAPPED_ONLY,LOW
6748,화정별빛마을9단지,41281,경기,N/A,N/A,0,PRE_PROJECT,NO_OFFICIAL_RECORD,공식 정비사업 기록 없음(선별 후보),,,181.3717251983054,2008,N/A,52.9574203187251,N/A,N/A,N/A,N/A,N/A,N/A,N/A,N/A,NOT_CALCULATED,N/A,N/A,N/A,UNKNOWN,N/A,N/A,N/A,N/A,N/A,N/A,N/A,NOT_CALCULATED,N/A,LOW,STAGE_MAPPED_ONLY,LOW
6761,화정옥빛13단지일신건영,41281,경기,N/A,N/A,0,PRE_PROJECT,NO_OFFICIAL_RECORD,공식 정비사업 기록 없음(선별 후보),,,211.41121581399634,582,N/A,41.04415807560137,N/A,N/A,N/A,N/A,N/A,N/A,N/A,N/A,NOT_CALCULATED,N/A,N/A,N/A,UNKNOWN,N/A,N/A,N/A,N/A,N/A,N/A,N/A,NOT_CALCULATED,N/A,LOW,STAGE_MAPPED_ONLY,LOW
6759,화정옥빛16단지주공,41281,경기,N/A,N/A,0,PRE_PROJECT,NO_OFFICIAL_RECORD,공식 정비사업 기록 없음(선별 후보),,,251.60545802301598,514,N/A,36.41517509727627,N/A,N/A,N/A,N/A,N/A,N/A,N/A,N/A,NOT_CALCULATED,N/A,N/A,N/A,UNKNOWN,N/A,N/A,N/A,N/A,N/A,N/A,N/A,NOT_CALCULATED,N/A,LOW,STAGE_MAPPED_ONLY,LOW
6762,화정옥빛마을14단지부영,41281,경기,N/A,N/A,0,PRE_PROJECT,NO_OFFICIAL_RECORD,공식 정비사업 기록 없음(선별 후보),,,211.25108950955442,720,N/A,39.67763888888889,N/A,N/A,N/A,N/A,N/A,N/A,N/A,N/A,NOT_CALCULATED,N/A,N/A,N/A,UNKNOWN,N/A,N/A,N/A,N/A,N/A,N/A,N/A,NOT_CALCULATED,N/A,LOW,STAGE_MAPPED_ONLY,LOW
6749,화정은빛마을11단지부영,41281,경기,N/A,N/A,0,PRE_PROJECT,NO_OFFICIAL_RECORD,공식 정비사업 기록 없음(선별 후보),,,156.4702982499384,1350,N/A,40.57,N/A,N/A,N/A,N/A,N/A,N/A,N/A,N/A,NOT_CALCULATED,N/A,N/A,N/A,UNKNOWN,N/A,N/A,N/A,N/A,N/A,N/A,N/A,NOT_CALCULATED,N/A,LOW,STAGE_MAPPED_ONLY,LOW
6758,화정은빛마을5단지,41281,경기,N/A,N/A,0,PRE_PROJECT,NO_OFFICIAL_RECORD,공식 정비사업 기록 없음(선별 후보),,,203.3040937619436,2032,N/A,73.90974409448819,N/A,N/A,N/A,N/A,N/A,N/A,N/A,N/A,NOT_CALCULATED,N/A,N/A,N/A,UNKNOWN,N/A,N/A,N/A,N/A,N/A,N/A,N/A,NOT_CALCULATED,N/A,LOW,STAGE_MAPPED_ONLY,LOW
5054,황송마을아파트,41133,경기,N/A,N/A,0,PRE_PROJECT,NO_OFFICIAL_RECORD,공식 정비사업 기록 없음(선별 후보),,,205.70263004091177,990,N/A,34.56565656565657,N/A,N/A,N/A,N/A,N/A,N/A,N/A,N/A,NOT_CALCULATED,N/A,N/A,N/A,UNKNOWN,N/A,N/A,N/A,N/A,N/A,N/A,N/A,NOT_CALCULATED,N/A,LOW,STAGE_MAPPED_ONLY,LOW
10010,회정금용,41630,경기,N/A,N/A,0,PRE_PROJECT,NO_OFFICIAL_RECORD,공식 정비사업 기록 없음(선별 후보),,,N/A,184,N/A,N/A,N/A,N/A,N/A,N/A,N/A,N/A,N/A,N/A,NOT_CALCULATED,N/A,N/A,N/A,UNKNOWN,N/A,N/A,N/A,N/A,N/A,N/A,N/A,NOT_CALCULATED,N/A,LOW,STAGE_MAPPED_ONLY,LOW
6156,효명아파트,41220,경기,N/A,N/A,0,PRE_PROJECT,NO_OFFICIAL_RECORD,공식 정비사업 기록 없음(선별 후보),,,334.8491218365371,215,N/A,33.632558139534886,N/A,N/A,N/A,N/A,N/A,N/A,N/A,N/A,NOT_CALCULATED,N/A,N/A,N/A,UNKNOWN,N/A,N/A,N/A,N/A,N/A,N/A,N/A,NOT_CALCULATED,N/A,LOW,STAGE_MAPPED_ONLY,LOW
6575,효자연립,41273,경기,N/A,N/A,0,PRE_PROJECT,NO_OFFICIAL_RECORD,공식 정비사업 기록 없음(선별 후보),,,242.67955801104972,132,N/A,32.90909090909091,N/A,N/A,N/A,N/A,N/A,N/A,N/A,N/A,NOT_CALCULATED,N/A,N/A,N/A,UNKNOWN,N/A,N/A,N/A,N/A,N/A,N/A,N/A,NOT_CALCULATED,N/A,LOW,STAGE_MAPPED_ONLY,LOW
5143,효자촌 정도빌라,41135,경기,N/A,N/A,0,PRE_PROJECT,NO_OFFICIAL_RECORD,공식 정비사업 기록 없음(선별 후보),,,104.88718194911186,N/A,N/A,N/A,N/A,N/A,N/A,N/A,N/A,N/A,N/A,N/A,NOT_CALCULATED,N/A,N/A,N/A,UNKNOWN,N/A,N/A,N/A,N/A,N/A,N/A,N/A,NOT_CALCULATED,N/A,LOW,STAGE_MAPPED_ONLY,LOW
5149,효자촌(현대),41135,경기,N/A,N/A,0,PRE_PROJECT,NO_OFFICIAL_RECORD,공식 정비사업 기록 없음(선별 후보),,,499.674144161444,710,N/A,32.27211267605634,N/A,N/A,N/A,N/A,N/A,N/A,N/A,N/A,NOT_CALCULATED,N/A,N/A,N/A,UNKNOWN,N/A,N/A,N/A,N/A,N/A,N/A,N/A,NOT_CALCULATED,N/A,LOW,STAGE_MAPPED_ONLY,LOW
5144,효자촌대명빌라,41135,경기,N/A,N/A,0,PRE_PROJECT,NO_OFFICIAL_RECORD,공식 정비사업 기록 없음(선별 후보),,,121.35698532442905,144,N/A,67.38333333333334,N/A,N/A,N/A,N/A,N/A,N/A,N/A,N/A,NOT_CALCULATED,N/A,N/A,N/A,UNKNOWN,N/A,N/A,N/A,N/A,N/A,N/A,N/A,NOT_CALCULATED,N/A,LOW,STAGE_MAPPED_ONLY,LOW
6960,후곡3현대아파트,41287,경기,N/A,N/A,0,PRE_PROJECT,NO_OFFICIAL_RECORD,공식 정비사업 기록 없음(선별 후보),,,194.86803954360585,530,N/A,76.26641509433962,N/A,N/A,N/A,N/A,N/A,N/A,N/A,N/A,NOT_CALCULATED,N/A,N/A,N/A,UNKNOWN,N/A,N/A,N/A,N/A,N/A,N/A,N/A,NOT_CALCULATED,N/A,LOW,STAGE_MAPPED_ONLY,LOW
6963,후곡LG롯데9단지아파트,41287,경기,N/A,N/A,0,PRE_PROJECT,NO_OFFICIAL_RECORD,공식 정비사업 기록 없음(선별 후보),,,191.1196267453429,936,N/A,46.71314102564103,N/A,N/A,N/A,N/A,N/A,N/A,N/A,N/A,NOT_CALCULATED,N/A,N/A,N/A,UNKNOWN,N/A,N/A,N/A,N/A,N/A,N/A,N/A,NOT_CALCULATED,N/A,LOW,STAGE_MAPPED_ONLY,LOW
6980,후곡마을10단지아파트,41287,경기,N/A,N/A,0,PRE_PROJECT,NO_OFFICIAL_RECORD,공식 정비사업 기록 없음(선별 후보),,,228.80331254880875,516,N/A,79.65949612403101,N/A,N/A,N/A,N/A,N/A,N/A,N/A,N/A,NOT_CALCULATED,N/A,N/A,N/A,UNKNOWN,N/A,N/A,N/A,N/A,N/A,N/A,N/A,NOT_CALCULATED,N/A,LOW,STAGE_MAPPED_ONLY,LOW
5798,흥립약대아파트,41192,경기,N/A,N/A,0,PRE_PROJECT,NO_OFFICIAL_RECORD,공식 정비사업 기록 없음(선별 후보),,,N/A,N/A,N/A,N/A,N/A,N/A,N/A,N/A,N/A,N/A,N/A,N/A,NOT_CALCULATED,N/A,N/A,N/A,UNKNOWN,N/A,N/A,N/A,N/A,N/A,N/A,N/A,NOT_CALCULATED,N/A,LOW,STAGE_MAPPED_ONLY,LOW
5609,흥화아파트,41171,경기,N/A,N/A,0,PRE_PROJECT,NO_OFFICIAL_RECORD,공식 정비사업 기록 없음(선별 후보),,,497.64355362946907,152,N/A,24.289473684210527,N/A,N/A,N/A,N/A,N/A,N/A,N/A,N/A,NOT_CALCULATED,N/A,N/A,N/A,UNKNOWN,N/A,N/A,N/A,N/A,N/A,N/A,N/A,NOT_CALCULATED,N/A,LOW,STAGE_MAPPED_ONLY,LOW
10032,희망아파트,41630,경기,N/A,N/A,0,PRE_PROJECT,NO_OFFICIAL_RECORD,공식 정비사업 기록 없음(선별 후보),,,N/A,436,N/A,N/A,N/A,N/A,N/A,N/A,N/A,N/A,N/A,N/A,NOT_CALCULATED,N/A,N/A,N/A,UNKNOWN,N/A,N/A,N/A,N/A,N/A,N/A,N/A,NOT_CALCULATED,N/A,LOW,STAGE_MAPPED_ONLY,LOW
6907,흰돌라이프타운(백석 흰돌 6단지),41285,경기,N/A,N/A,0,PRE_PROJECT,NO_OFFICIAL_RECORD,공식 정비사업 기록 없음(선별 후보),,,135.7600033083435,200,N/A,84.6345,N/A,N/A,N/A,N/A,N/A,N/A,N/A,N/A,NOT_CALCULATED,N/A,N/A,N/A,UNKNOWN,N/A,N/A,N/A,N/A,N/A,N/A,N/A,NOT_CALCULATED,N/A,LOW,STAGE_MAPPED_ONLY,LOW
6917,흰돌마을5단지서안,41285,경기,N/A,N/A,0,PRE_PROJECT,NO_OFFICIAL_RECORD,공식 정비사업 기록 없음(선별 후보),,,230.7662935471269,628,N/A,46.8734076433121,N/A,N/A,N/A,N/A,N/A,N/A,N/A,N/A,NOT_CALCULATED,N/A,N/A,N/A,UNKNOWN,N/A,N/A,N/A,N/A,N/A,N/A,N/A,NOT_CALCULATED,N/A,LOW,STAGE_MAPPED_ONLY,LOW
2740,DMC마포청구아파트,11440,서울,N/A,N/A,0,PRE_PROJECT,NO_OFFICIAL_RECORD,공식 정비사업 기록 없음(선별 후보),,,399.26275774680335,420,N/A,28.936666666666667,N/A,N/A,N/A,N/A,N/A,N/A,N/A,N/A,NOT_CALCULATED,N/A,N/A,N/A,UNKNOWN,N/A,N/A,N/A,N/A,N/A,N/A,N/A,NOT_CALCULATED,N/A,LOW,STAGE_MAPPED_ONLY,LOW
4012,SH공사대치1단지,11680,서울,N/A,N/A,0,PRE_PROJECT,NO_OFFICIAL_RECORD,공식 정비사업 기록 없음(선별 후보),,,44.26148583448171,1623,N/A,74.57818853974122,N/A,N/A,N/A,N/A,N/A,N/A,N/A,N/A,NOT_CALCULATED,N/A,N/A,N/A,UNKNOWN,N/A,N/A,N/A,N/A,N/A,N/A,N/A,NOT_CALCULATED,N/A,LOW,STAGE_MAPPED_ONLY,LOW
2734,SH성산아파트,11440,서울,N/A,N/A,0,PRE_PROJECT,NO_OFFICIAL_RECORD,공식 정비사업 기록 없음(선별 후보),,,170.33766598467525,1807,N/A,22.071499723298285,N/A,N/A,N/A,N/A,N/A,N/A,N/A,N/A,NOT_CALCULATED,N/A,N/A,N/A,UNKNOWN,N/A,N/A,N/A,N/A,N/A,N/A,N/A,NOT_CALCULATED,N/A,LOW,STAGE_MAPPED_ONLY,LOW
4271,가락대림아파트,11710,서울,N/A,N/A,0,PRE_PROJECT,NO_OFFICIAL_RECORD,공식 정비사업 기록 없음(선별 후보),,,N/A,443,N/A,N/A,N/A,N/A,N/A,N/A,N/A,N/A,N/A,N/A,NOT_CALCULATED,N/A,N/A,N/A,UNKNOWN,N/A,N/A,N/A,N/A,N/A,N/A,N/A,NOT_CALCULATED,N/A,LOW,STAGE_MAPPED_ONLY,LOW
4261,가락풍림아파트,11710,서울,N/A,N/A,0,PRE_PROJECT,NO_OFFICIAL_RECORD,공식 정비사업 기록 없음(선별 후보),,,358.59725503729857,105,N/A,35.875238095238096,N/A,N/A,N/A,N/A,N/A,N/A,N/A,N/A,NOT_CALCULATED,N/A,N/A,N/A,UNKNOWN,N/A,N/A,N/A,N/A,N/A,N/A,N/A,NOT_CALCULATED,N/A,LOW,STAGE_MAPPED_ONLY,LOW
4275,가락한신,11710,서울,N/A,N/A,0,PRE_PROJECT,NO_OFFICIAL_RECORD,공식 정비사업 기록 없음(선별 후보),,,322.55621238749535,256,N/A,36.673828125,N/A,N/A,N/A,N/A,N/A,N/A,N/A,N/A,NOT_CALCULATED,N/A,N/A,N/A,UNKNOWN,N/A,N/A,N/A,N/A,N/A,N/A,N/A,NOT_CALCULATED,N/A,LOW,STAGE_MAPPED_ONLY,LOW
3029,가양2단지,11500,서울,N/A,N/A,0,PRE_PROJECT,NO_OFFICIAL_RECORD,공식 정비사업 기록 없음(선별 후보),,,164.747709077499,1624,N/A,28.719581280788177,N/A,N/A,N/A,N/A,N/A,N/A,N/A,N/A,NOT_CALCULATED,N/A,N/A,N/A,UNKNOWN,N/A,N/A,N/A,N/A,N/A,N/A,N/A,NOT_CALCULATED,N/A,LOW,STAGE_MAPPED_ONLY,LOW
3032,가양3단지(강변),11500,서울,N/A,N/A,0,PRE_PROJECT,NO_OFFICIAL_RECORD,공식 정비사업 기록 없음(선별 후보),,,176.43744890207287,1556,N/A,26.64813624678663,N/A,N/A,N/A,N/A,N/A,N/A,N/A,N/A,NOT_CALCULATED,N/A,N/A,N/A,UNKNOWN,N/A,N/A,N/A,N/A,N/A,N/A,N/A,NOT_CALCULATED,N/A,LOW,STAGE_MAPPED_ONLY,LOW
3033,가양4단지,11500,서울,N/A,N/A,0,PRE_PROJECT,NO_OFFICIAL_RECORD,공식 정비사업 기록 없음(선별 후보),,,149.81460161860252,1998,N/A,21.07627627627628,N/A,N/A,N/A,N/A,N/A,N/A,N/A,N/A,NOT_CALCULATED,N/A,N/A,N/A,UNKNOWN,N/A,N/A,N/A,N/A,N/A,N/A,N/A,NOT_CALCULATED,N/A,LOW,STAGE_MAPPED_ONLY,LOW
3034,가양5단지,11500,서울,N/A,N/A,0,PRE_PROJECT,NO_OFFICIAL_RECORD,공식 정비사업 기록 없음(선별 후보),,,159.59437533802057,2412,N/A,19.77786069651741,N/A,N/A,N/A,N/A,N/A,N/A,N/A,N/A,NOT_CALCULATED,N/A,N/A,N/A,UNKNOWN,N/A,N/A,N/A,N/A,N/A,N/A,N/A,NOT_CALCULATED,N/A,LOW,STAGE_MAPPED_ONLY,LOW
3036,가양6단지,11500,서울,N/A,N/A,0,PRE_PROJECT,NO_OFFICIAL_RECORD,공식 정비사업 기록 없음(선별 후보),,,165.74920968816537,1476,N/A,34.26917344173442,N/A,N/A,N/A,N/A,N/A,N/A,N/A,N/A,NOT_CALCULATED,N/A,N/A,N/A,UNKNOWN,N/A,N/A,N/A,N/A,N/A,N/A,N/A,NOT_CALCULATED,N/A,LOW,STAGE_MAPPED_ONLY,LOW
3023,가양7단지,11500,서울,N/A,N/A,0,PRE_PROJECT,NO_OFFICIAL_RECORD,공식 정비사업 기록 없음(선별 후보),,,141.3362976854045,1998,N/A,23.13948948948949,N/A,N/A,N/A,N/A,N/A,N/A,N/A,N/A,NOT_CALCULATED,N/A,N/A,N/A,UNKNOWN,N/A,N/A,N/A,N/A,N/A,N/A,N/A,NOT_CALCULATED,N/A,LOW,STAGE_MAPPED_ONLY,LOW
3037,가양9-1,11500,서울,N/A,N/A,0,PRE_PROJECT,NO_OFFICIAL_RECORD,공식 정비사업 기록 없음(선별 후보),,,212.75041157868557,914,N/A,27.712582056892778,N/A,N/A,N/A,N/A,N/A,N/A,N/A,N/A,NOT_CALCULATED,N/A,N/A,N/A,UNKNOWN,N/A,N/A,N/A,N/A,N/A,N/A,N/A,NOT_CALCULATED,N/A,LOW,STAGE_MAPPED_ONLY,LOW
3038,가양9-2,11500,서울,N/A,N/A,0,PRE_PROJECT,NO_OFFICIAL_RECORD,공식 정비사업 기록 없음(선별 후보),,,161.5792864374022,1005,N/A,29.19134328358209,N/A,N/A,N/A,N/A,N/A,N/A,N/A,N/A,NOT_CALCULATED,N/A,N/A,N/A,UNKNOWN,N/A,N/A,N/A,N/A,N/A,N/A,N/A,NOT_CALCULATED,N/A,LOW,STAGE_MAPPED_ONLY,LOW
3031,가양대림경동,11500,서울,N/A,N/A,0,PRE_PROJECT,NO_OFFICIAL_RECORD,공식 정비사업 기록 없음(선별 후보),,,271.42773350762087,540,N/A,66.30166666666666,N/A,N/A,N/A,N/A,N/A,N/A,N/A,N/A,NOT_CALCULATED,N/A,N/A,N/A,UNKNOWN,N/A,N/A,N/A,N/A,N/A,N/A,N/A,NOT_CALCULATED,N/A,LOW,STAGE_MAPPED_ONLY,LOW
3035,가양도시개발공사8단지(임대),11500,서울,N/A,N/A,0,PRE_PROJECT,NO_OFFICIAL_RECORD,공식 정비사업 기록 없음(선별 후보),,,172.1590494262815,1110,N/A,27.393603603603605,N/A,N/A,N/A,N/A,N/A,N/A,N/A,N/A,NOT_CALCULATED,N/A,N/A,N/A,UNKNOWN,N/A,N/A,N/A,N/A,N/A,N/A,N/A,NOT_CALCULATED,N/A,LOW,STAGE_MAPPED_ONLY,LOW
3027,가양동신대아,11500,서울,N/A,N/A,0,PRE_PROJECT,NO_OFFICIAL_RECORD,공식 정비사업 기록 없음(선별 후보),,,301.40757429946217,660,N/A,66.91287878787878,N/A,N/A,N/A,N/A,N/A,N/A,N/A,N/A,NOT_CALCULATED,N/A,N/A,N/A,UNKNOWN,N/A,N/A,N/A,N/A,N/A,N/A,N/A,NOT_CALCULATED,N/A,LOW,STAGE_MAPPED_ONLY,LOW
3024,가양우성,11500,서울,N/A,N/A,0,PRE_PROJECT,NO_OFFICIAL_RECORD,공식 정비사업 기록 없음(선별 후보),,,272.3031888390633,414,N/A,38.78260869565217,N/A,N/A,N/A,N/A,N/A,N/A,N/A,N/A,NOT_CALCULATED,N/A,N/A,N/A,UNKNOWN,N/A,N/A,N/A,N/A,N/A,N/A,N/A,NOT_CALCULATED,N/A,LOW,STAGE_MAPPED_ONLY,LOW
3249,개봉거성푸르뫼1차,11530,서울,N/A,N/A,0,PRE_PROJECT,NO_OFFICIAL_RECORD,공식 정비사업 기록 없음(선별 후보),,,348.0417473638907,249,N/A,37.325301204819276,N/A,N/A,N/A,N/A,N/A,N/A,N/A,N/A,NOT_CALCULATED,N/A,N/A,N/A,UNKNOWN,N/A,N/A,N/A,N/A,N/A,N/A,N/A,NOT_CALCULATED,N/A,LOW,STAGE_MAPPED_ONLY,LOW
3248,개봉거성푸르뫼2차아피트,11530,서울,N/A,N/A,0,PRE_PROJECT,NO_OFFICIAL_RECORD,공식 정비사업 기록 없음(선별 후보),,,N/A,245,N/A,N/A,N/A,N/A,N/A,N/A,N/A,N/A,N/A,N/A,NOT_CALCULATED,N/A,N/A,N/A,UNKNOWN,N/A,N/A,N/A,N/A,N/A,N/A,N/A,NOT_CALCULATED,N/A,LOW,STAGE_MAPPED_ONLY,LOW
3247,개봉건영,11530,서울,N/A,N/A,0,PRE_PROJECT,NO_OFFICIAL_RECORD,공식 정비사업 기록 없음(선별 후보),,,375.42865890998166,209,N/A,31.25358851674641,N/A,N/A,N/A,N/A,N/A,N/A,N/A,N/A,NOT_CALCULATED,N/A,N/A,N/A,UNKNOWN,N/A,N/A,N/A,N/A,N/A,N/A,N/A,NOT_CALCULATED,N/A,LOW,STAGE_MAPPED_ONLY,LOW
3228,개봉동인아파트,11530,서울,N/A,N/A,0,PRE_PROJECT,NO_OFFICIAL_RECORD,공식 정비사업 기록 없음(선별 후보),,,N/A,104,N/A,N/A,N/A,N/A,N/A,N/A,N/A,N/A,N/A,N/A,NOT_CALCULATED,N/A,N/A,N/A,UNKNOWN,N/A,N/A,N/A,N/A,N/A,N/A,N/A,NOT_CALCULATED,N/A,LOW,STAGE_MAPPED_ONLY,LOW
3239,개봉삼호아파트,11530,서울,N/A,N/A,0,PRE_PROJECT,NO_OFFICIAL_RECORD,공식 정비사업 기록 없음(선별 후보),,,N/A,369,N/A,N/A,N/A,N/A,N/A,N/A,N/A,N/A,N/A,N/A,NOT_CALCULATED,N/A,N/A,N/A,UNKNOWN,N/A,N/A,N/A,N/A,N/A,N/A,N/A,NOT_CALCULATED,N/A,LOW,STAGE_MAPPED_ONLY,LOW
4084,개포1차2차우성,11680,서울,N/A,N/A,0,PRE_PROJECT,NO_OFFICIAL_RECORD,공식 정비사업 기록 없음(선별 후보),,,471.2132370846162,N/A,N/A,N/A,N/A,N/A,N/A,N/A,N/A,N/A,N/A,N/A,NOT_CALCULATED,N/A,N/A,N/A,UNKNOWN,N/A,N/A,N/A,N/A,N/A,N/A,N/A,NOT_CALCULATED,N/A,LOW,STAGE_MAPPED_ONLY,LOW
4149,개포4차현대아파트,11680,서울,N/A,N/A,0,PRE_PROJECT,NO_OFFICIAL_RECORD,공식 정비사업 기록 없음(선별 후보),,,219.48321948321947,142,N/A,47.42253521126761,N/A,N/A,N/A,N/A,N/A,N/A,N/A,N/A,NOT_CALCULATED,N/A,N/A,N/A,UNKNOWN,N/A,N/A,N/A,N/A,N/A,N/A,N/A,NOT_CALCULATED,N/A,LOW,STAGE_MAPPED_ONLY,LOW
4007,개포대치2단지,11680,서울,N/A,N/A,0,PRE_PROJECT,NO_OFFICIAL_RECORD,공식 정비사업 기록 없음(선별 후보),,,68.26715295058509,1753,N/A,69.04757558471192,N/A,N/A,N/A,N/A,N/A,N/A,N/A,N/A,NOT_CALCULATED,N/A,N/A,N/A,UNKNOWN,N/A,N/A,N/A,N/A,N/A,N/A,N/A,NOT_CALCULATED,N/A,LOW,STAGE_MAPPED_ONLY,LOW
4171,개포럭키아파트,11680,서울,N/A,N/A,0,PRE_PROJECT,NO_OFFICIAL_RECORD,공식 정비사업 기록 없음(선별 후보),,,212.85898676992576,128,N/A,48.421875,N/A,N/A,N/A,N/A,N/A,N/A,N/A,N/A,NOT_CALCULATED,N/A,N/A,N/A,UNKNOWN,N/A,N/A,N/A,N/A,N/A,N/A,N/A,NOT_CALCULATED,N/A,LOW,STAGE_MAPPED_ONLY,LOW
4004,개포우성3차,11680,서울,N/A,N/A,0,PRE_PROJECT,NO_OFFICIAL_RECORD,공식 정비사업 기록 없음(선별 후보),,,197.16693296456523,405,N/A,79.2762962962963,N/A,N/A,N/A,N/A,N/A,N/A,N/A,N/A,NOT_CALCULATED,N/A,N/A,N/A,UNKNOWN,N/A,N/A,N/A,N/A,N/A,N/A,N/A,NOT_CALCULATED,N/A,LOW,STAGE_MAPPED_ONLY,LOW
4194,개포우성5차,11680,서울,N/A,N/A,0,PRE_PROJECT,NO_OFFICIAL_RECORD,공식 정비사업 기록 없음(선별 후보),,,205.81440349004936,180,N/A,47.37277777777778,N/A,N/A,N/A,N/A,N/A,N/A,N/A,N/A,NOT_CALCULATED,N/A,N/A,N/A,UNKNOWN,N/A,N/A,N/A,N/A,N/A,N/A,N/A,NOT_CALCULATED,N/A,LOW,STAGE_MAPPED_ONLY,LOW
4009,개포우성8차,11680,서울,N/A,N/A,0,PRE_PROJECT,NO_OFFICIAL_RECORD,공식 정비사업 기록 없음(선별 후보),,,214.57455514015692,261,N/A,47.75708812260537,N/A,N/A,N/A,N/A,N/A,N/A,N/A,N/A,NOT_CALCULATED,N/A,N/A,N/A,UNKNOWN,N/A,N/A,N/A,N/A,N/A,N/A,N/A,NOT_CALCULATED,N/A,LOW,STAGE_MAPPED_ONLY,LOW
4015,개포주공6단지,11680,서울,N/A,N/A,0,PRE_PROJECT,NO_OFFICIAL_RECORD,공식 정비사업 기록 없음(선별 후보),,,73.99987101167213,1060,N/A,107.51301886792453,N/A,N/A,N/A,N/A,N/A,N/A,N/A,N/A,NOT_CALCULATED,N/A,N/A,N/A,UNKNOWN,N/A,N/A,N/A,N/A,N/A,N/A,N/A,NOT_CALCULATED,N/A,LOW,STAGE_MAPPED_ONLY,LOW
4005,개포현대1차,11680,서울,N/A,N/A,0,PRE_PROJECT,NO_OFFICIAL_RECORD,공식 정비사업 기록 없음(선별 후보),,,192.5094724570096,416,N/A,85.775,N/A,N/A,N/A,N/A,N/A,N/A,N/A,N/A,NOT_CALCULATED,N/A,N/A,N/A,UNKNOWN,N/A,N/A,N/A,N/A,N/A,N/A,N/A,NOT_CALCULATED,N/A,LOW,STAGE_MAPPED_ONLY,LOW
4008,개포현대3차,11680,서울,N/A,N/A,0,PRE_PROJECT,NO_OFFICIAL_RECORD,공식 정비사업 기록 없음(선별 후보),,,166.8650958662532,198,N/A,100.80858585858586,N/A,N/A,N/A,N/A,N/A,N/A,N/A,N/A,NOT_CALCULATED,N/A,N/A,N/A,UNKNOWN,N/A,N/A,N/A,N/A,N/A,N/A,N/A,NOT_CALCULATED,N/A,LOW,STAGE_MAPPED_ONLY,LOW
4361,거여5단지,11710,서울,거여5단지아파트 리모델링주택조합,리모델링,0,PRE_PROJECT,NO_STAGE_EVIDENCE_IN_RECORD,서울 정비사업 정보몽땅,,56.9,N/A,N/A,N/A,N/A,N/A,N/A,N/A,N/A,N/A,N/A,N/A,N/A,NOT_CALCULATED,N/A,N/A,N/A,UNKNOWN,N/A,N/A,N/A,N/A,N/A,N/A,N/A,NOT_CALCULATED,N/A,LOW,STAGE_MAPPED_ONLY,LOW
4366,거여현대1차,11710,서울,N/A,N/A,0,PRE_PROJECT,NO_OFFICIAL_RECORD,공식 정비사업 기록 없음(선별 후보),,,257.6385256638725,497,N/A,43.469416498993965,N/A,N/A,N/A,N/A,N/A,N/A,N/A,N/A,NOT_CALCULATED,N/A,N/A,N/A,UNKNOWN,N/A,N/A,N/A,N/A,N/A,N/A,N/A,NOT_CALCULATED,N/A,LOW,STAGE_MAPPED_ONLY,LOW
4364,거여현대2차,11710,서울,N/A,N/A,0,PRE_PROJECT,NO_OFFICIAL_RECORD,공식 정비사업 기록 없음(선별 후보),,,377.60134165027813,280,N/A,29.601071428571426,N/A,N/A,N/A,N/A,N/A,N/A,N/A,N/A,NOT_CALCULATED,N/A,N/A,N/A,UNKNOWN,N/A,N/A,N/A,N/A,N/A,N/A,N/A,NOT_CALCULATED,N/A,LOW,STAGE_MAPPED_ONLY,LOW
4363,거여현대3차,11710,서울,N/A,N/A,0,PRE_PROJECT,NO_OFFICIAL_RECORD,공식 정비사업 기록 없음(선별 후보),,,269.8860871317205,303,N/A,42.58943894389439,N/A,N/A,N/A,N/A,N/A,N/A,N/A,N/A,NOT_CALCULATED,N/A,N/A,N/A,UNKNOWN,N/A,N/A,N/A,N/A,N/A,N/A,N/A,NOT_CALCULATED,N/A,LOW,STAGE_MAPPED_ONLY,LOW
4112,거평,11680,서울,N/A,N/A,0,PRE_PROJECT,NO_OFFICIAL_RECORD,공식 정비사업 기록 없음(선별 후보),,,N/A,113,N/A,N/A,N/A,N/A,N/A,N/A,N/A,N/A,N/A,N/A,NOT_CALCULATED,N/A,N/A,N/A,UNKNOWN,N/A,N/A,N/A,N/A,N/A,N/A,N/A,NOT_CALCULATED,N/A,LOW,STAGE_MAPPED_ONLY,LOW
3744,건영3차아파트,11620,서울,N/A,N/A,0,PRE_PROJECT,NO_OFFICIAL_RECORD,공식 정비사업 기록 없음(선별 후보),,,278.21809531668777,783,N/A,35.59553001277139,N/A,N/A,N/A,N/A,N/A,N/A,N/A,N/A,NOT_CALCULATED,N/A,N/A,N/A,UNKNOWN,N/A,N/A,N/A,N/A,N/A,N/A,N/A,NOT_CALCULATED,N/A,LOW,STAGE_MAPPED_ONLY,LOW
3546,건영약수맨션,11590,서울,N/A,N/A,0,PRE_PROJECT,NO_OFFICIAL_RECORD,공식 정비사업 기록 없음(선별 후보),,,476.13099730458214,130,N/A,28.53846153846154,N/A,N/A,N/A,N/A,N/A,N/A,N/A,N/A,NOT_CALCULATED,N/A,N/A,N/A,UNKNOWN,N/A,N/A,N/A,N/A,N/A,N/A,N/A,NOT_CALCULATED,N/A,LOW,STAGE_MAPPED_ONLY,LOW
2438,경남아파트-응암경남,11380,서울,N/A,N/A,0,PRE_PROJECT,NO_OFFICIAL_RECORD,공식 정비사업 기록 없음(선별 후보),,,285.4655543683735,160,N/A,38.021875,N/A,N/A,N/A,N/A,N/A,N/A,N/A,N/A,NOT_CALCULATED,N/A,N/A,N/A,UNKNOWN,N/A,N/A,N/A,N/A,N/A,N/A,N/A,NOT_CALCULATED,N/A,LOW,STAGE_MAPPED_ONLY,LOW
2414,경향파크아파트,11380,서울,N/A,N/A,0,PRE_PROJECT,NO_OFFICIAL_RECORD,공식 정비사업 기록 없음(선별 후보),,,N/A,171,N/A,N/A,N/A,N/A,N/A,N/A,N/A,N/A,N/A,N/A,NOT_CALCULATED,N/A,N/A,N/A,UNKNOWN,N/A,N/A,N/A,N/A,N/A,N/A,N/A,NOT_CALCULATED,N/A,LOW,STAGE_MAPPED_ONLY,LOW
4399,고덕현대,11740,서울,N/A,N/A,0,PRE_PROJECT,NO_OFFICIAL_RECORD,공식 정비사업 기록 없음(선별 후보),,,N/A,448,N/A,N/A,N/A,N/A,N/A,N/A,N/A,N/A,N/A,N/A,NOT_CALCULATED,N/A,N/A,N/A,UNKNOWN,N/A,N/A,N/A,N/A,N/A,N/A,N/A,NOT_CALCULATED,N/A,LOW,STAGE_MAPPED_ONLY,LOW
2539,고은맨숀아파트,11410,서울,N/A,N/A,0,PRE_PROJECT,NO_OFFICIAL_RECORD,공식 정비사업 기록 없음(선별 후보),,,116.60086482421508,136,N/A,39.11029411764706,N/A,N/A,N/A,N/A,N/A,N/A,N/A,N/A,NOT_CALCULATED,N/A,N/A,N/A,UNKNOWN,N/A,N/A,N/A,N/A,N/A,N/A,N/A,NOT_CALCULATED,N/A,LOW,STAGE_MAPPED_ONLY,LOW
3221,고척동센츄리,11530,서울,N/A,N/A,0,PRE_PROJECT,NO_OFFICIAL_RECORD,공식 정비사업 기록 없음(선별 후보),,,321.9986993438263,391,N/A,35.00102301790281,N/A,N/A,N/A,N/A,N/A,N/A,N/A,N/A,NOT_CALCULATED,N/A,N/A,N/A,UNKNOWN,N/A,N/A,N/A,N/A,N/A,N/A,N/A,NOT_CALCULATED,N/A,LOW,STAGE_MAPPED_ONLY,LOW
3215,고척서울가든,11530,서울,N/A,N/A,0,PRE_PROJECT,NO_OFFICIAL_RECORD,공식 정비사업 기록 없음(선별 후보),,,255.6436785752911,715,N/A,38.795804195804195,N/A,N/A,N/A,N/A,N/A,N/A,N/A,N/A,NOT_CALCULATED,N/A,N/A,N/A,UNKNOWN,N/A,N/A,N/A,N/A,N/A,N/A,N/A,NOT_CALCULATED,N/A,LOW,STAGE_MAPPED_ONLY,LOW
3200,고척성원,11530,서울,N/A,N/A,0,PRE_PROJECT,NO_OFFICIAL_RECORD,공식 정비사업 기록 없음(선별 후보),,,276.46908753561723,74,N/A,40.78648648648648,N/A,N/A,N/A,N/A,N/A,N/A,N/A,N/A,NOT_CALCULATED,N/A,N/A,N/A,UNKNOWN,N/A,N/A,N/A,N/A,N/A,N/A,N/A,NOT_CALCULATED,N/A,LOW,STAGE_MAPPED_ONLY,LOW
3218,고척우성꿈동산,11530,서울,N/A,N/A,0,PRE_PROJECT,NO_OFFICIAL_RECORD,공식 정비사업 기록 없음(선별 후보),,,329.97344937754764,204,N/A,44.495098039215684,N/A,N/A,N/A,N/A,N/A,N/A,N/A,N/A,NOT_CALCULATED,N/A,N/A,N/A,UNKNOWN,N/A,N/A,N/A,N/A,N/A,N/A,N/A,NOT_CALCULATED,N/A,LOW,STAGE_MAPPED_ONLY,LOW
3214,고척우성현대,11530,서울,N/A,N/A,0,PRE_PROJECT,NO_OFFICIAL_RECORD,공식 정비사업 기록 없음(선별 후보),,,247.40458983836265,440,N/A,41.19772727272727,N/A,N/A,N/A,N/A,N/A,N/A,N/A,N/A,NOT_CALCULATED,N/A,N/A,N/A,UNKNOWN,N/A,N/A,N/A,N/A,N/A,N/A,N/A,NOT_CALCULATED,N/A,LOW,STAGE_MAPPED_ONLY,LOW
2201,공릉1단지,11350,서울,N/A,N/A,0,PRE_PROJECT,NO_OFFICIAL_RECORD,공식 정비사업 기록 없음(선별 후보),,,108.63757456165646,1395,N/A,28.590035842293904,N/A,N/A,N/A,N/A,N/A,N/A,N/A,N/A,NOT_CALCULATED,N/A,N/A,N/A,UNKNOWN,N/A,N/A,N/A,N/A,N/A,N/A,N/A,NOT_CALCULATED,N/A,LOW,STAGE_MAPPED_ONLY,LOW
2199,공릉2단지라이프,11350,서울,N/A,N/A,0,PRE_PROJECT,NO_OFFICIAL_RECORD,공식 정비사업 기록 없음(선별 후보),,,466.04229391534074,660,N/A,12.731969696969697,N/A,N/A,N/A,N/A,N/A,N/A,N/A,N/A,NOT_CALCULATED,N/A,N/A,N/A,UNKNOWN,N/A,N/A,N/A,N/A,N/A,N/A,N/A,NOT_CALCULATED,N/A,LOW,STAGE_MAPPED_ONLY,LOW
2200,공릉3단지라이프,11350,서울,N/A,N/A,0,PRE_PROJECT,NO_OFFICIAL_RECORD,공식 정비사업 기록 없음(선별 후보),,,213.86692407373124,840,N/A,27.009285714285713,N/A,N/A,N/A,N/A,N/A,N/A,N/A,N/A,NOT_CALCULATED,N/A,N/A,N/A,UNKNOWN,N/A,N/A,N/A,N/A,N/A,N/A,N/A,NOT_CALCULATED,N/A,LOW,STAGE_MAPPED_ONLY,LOW
2176,공릉동부,11350,서울,N/A,N/A,0,PRE_PROJECT,NO_OFFICIAL_RECORD,공식 정비사업 기록 없음(선별 후보),,,309.3292722322211,295,N/A,36.727118644067794,N/A,N/A,N/A,N/A,N/A,N/A,N/A,N/A,NOT_CALCULATED,N/A,N/A,N/A,UNKNOWN,N/A,N/A,N/A,N/A,N/A,N/A,N/A,NOT_CALCULATED,N/A,LOW,STAGE_MAPPED_ONLY,LOW
2198,공릉삼익4단지,11350,서울,N/A,N/A,0,PRE_PROJECT,NO_OFFICIAL_RECORD,공식 정비사업 기록 없음(선별 후보),,,223.0137528445632,525,N/A,32.727428571428575,N/A,N/A,N/A,N/A,N/A,N/A,N/A,N/A,NOT_CALCULATED,N/A,N/A,N/A,UNKNOWN,N/A,N/A,N/A,N/A,N/A,N/A,N/A,NOT_CALCULATED,N/A,LOW,STAGE_MAPPED_ONLY,LOW
2190,공릉우성,11350,서울,N/A,N/A,0,PRE_PROJECT,NO_OFFICIAL_RECORD,공식 정비사업 기록 없음(선별 후보),,,N/A,363,N/A,N/A,N/A,N/A,N/A,N/A,N/A,N/A,N/A,N/A,NOT_CALCULATED,N/A,N/A,N/A,UNKNOWN,N/A,N/A,N/A,N/A,N/A,N/A,N/A,NOT_CALCULATED,N/A,LOW,STAGE_MAPPED_ONLY,LOW
3748,관악국제산장,11620,서울,N/A,N/A,0,PRE_PROJECT,NO_OFFICIAL_RECORD,공식 정비사업 기록 없음(선별 후보),,,286.0738887896294,630,N/A,39.97857142857143,N/A,N/A,N/A,N/A,N/A,N/A,N/A,N/A,NOT_CALCULATED,N/A,N/A,N/A,UNKNOWN,N/A,N/A,N/A,N/A,N/A,N/A,N/A,NOT_CALCULATED,N/A,LOW,STAGE_MAPPED_ONLY,LOW
3699,관악현대,11620,서울,N/A,N/A,0,PRE_PROJECT,NO_OFFICIAL_RECORD,공식 정비사업 기록 없음(선별 후보),,,N/A,2134,N/A,N/A,N/A,N/A,N/A,N/A,N/A,N/A,N/A,N/A,NOT_CALCULATED,N/A,N/A,N/A,UNKNOWN,N/A,N/A,N/A,N/A,N/A,N/A,N/A,NOT_CALCULATED,N/A,LOW,STAGE_MAPPED_ONLY,LOW
1468,광장극동1차,11215,서울,N/A,N/A,0,PRE_PROJECT,NO_OFFICIAL_RECORD,공식 정비사업 기록 없음(선별 후보),,,N/A,448,N/A,N/A,N/A,N/A,N/A,N/A,N/A,N/A,N/A,N/A,NOT_CALCULATED,N/A,N/A,N/A,UNKNOWN,N/A,N/A,N/A,N/A,N/A,N/A,N/A,NOT_CALCULATED,N/A,LOW,STAGE_MAPPED_ONLY,LOW
1471,광장동 광나루현대,11215,서울,N/A,N/A,0,PRE_PROJECT,NO_OFFICIAL_RECORD,공식 정비사업 기록 없음(선별 후보),,,397.80868670071663,380,N/A,33.232894736842105,N/A,N/A,N/A,N/A,N/A,N/A,N/A,N/A,NOT_CALCULATED,N/A,N/A,N/A,UNKNOWN,N/A,N/A,N/A,N/A,N/A,N/A,N/A,NOT_CALCULATED,N/A,LOW,STAGE_MAPPED_ONLY,LOW
1474,"광장삼성1,2차",11215,서울,N/A,N/A,0,PRE_PROJECT,NO_OFFICIAL_RECORD,공식 정비사업 기록 없음(선별 후보),,,N/A,360,N/A,N/A,N/A,N/A,N/A,N/A,N/A,N/A,N/A,N/A,NOT_CALCULATED,N/A,N/A,N/A,UNKNOWN,N/A,N/A,N/A,N/A,N/A,N/A,N/A,NOT_CALCULATED,N/A,LOW,STAGE_MAPPED_ONLY,LOW
1478,광장청구,11215,서울,N/A,N/A,0,PRE_PROJECT,NO_OFFICIAL_RECORD,공식 정비사업 기록 없음(선별 후보),,,489.2701179672156,654,N/A,23.82354740061162,N/A,N/A,N/A,N/A,N/A,N/A,N/A,N/A,NOT_CALCULATED,N/A,N/A,N/A,UNKNOWN,N/A,N/A,N/A,N/A,N/A,N/A,N/A,NOT_CALCULATED,N/A,LOW,STAGE_MAPPED_ONLY,LOW
1472,광장현대3단지아파트,11215,서울,N/A,N/A,0,PRE_PROJECT,NO_OFFICIAL_RECORD,공식 정비사업 기록 없음(선별 후보),,,267.3783395968569,1056,N/A,33.26136363636363,N/A,N/A,N/A,N/A,N/A,N/A,N/A,N/A,NOT_CALCULATED,N/A,N/A,N/A,UNKNOWN,N/A,N/A,N/A,N/A,N/A,N/A,N/A,NOT_CALCULATED,N/A,LOW,STAGE_MAPPED_ONLY,LOW
1477,광장현대5단지,11215,서울,N/A,N/A,0,PRE_PROJECT,NO_OFFICIAL_RECORD,공식 정비사업 기록 없음(선별 후보),,,273.27251377472675,581,N/A,38.11015490533563,N/A,N/A,N/A,N/A,N/A,N/A,N/A,N/A,NOT_CALCULATED,N/A,N/A,N/A,UNKNOWN,N/A,N/A,N/A,N/A,N/A,N/A,N/A,NOT_CALCULATED,N/A,LOW,STAGE_MAPPED_ONLY,LOW
1476,광장현대8단지,11215,서울,N/A,N/A,0,PRE_PROJECT,NO_OFFICIAL_RECORD,공식 정비사업 기록 없음(선별 후보),,,N/A,537,N/A,N/A,N/A,N/A,N/A,N/A,N/A,N/A,N/A,N/A,NOT_CALCULATED,N/A,N/A,N/A,UNKNOWN,N/A,N/A,N/A,N/A,N/A,N/A,N/A,NOT_CALCULATED,N/A,LOW,STAGE_MAPPED_ONLY,LOW
3183,구로극동,11530,서울,N/A,N/A,0,PRE_PROJECT,NO_OFFICIAL_RECORD,공식 정비사업 기록 없음(선별 후보),,,N/A,493,N/A,N/A,N/A,N/A,N/A,N/A,N/A,N/A,N/A,N/A,NOT_CALCULATED,N/A,N/A,N/A,UNKNOWN,N/A,N/A,N/A,N/A,N/A,N/A,N/A,NOT_CALCULATED,N/A,LOW,STAGE_MAPPED_ONLY,LOW
3173,구로다솜금호,11530,서울,N/A,N/A,0,PRE_PROJECT,NO_OFFICIAL_RECORD,공식 정비사업 기록 없음(선별 후보),,,N/A,285,N/A,N/A,N/A,N/A,N/A,N/A,N/A,N/A,N/A,N/A,NOT_CALCULATED,N/A,N/A,N/A,UNKNOWN,N/A,N/A,N/A,N/A,N/A,N/A,N/A,NOT_CALCULATED,N/A,LOW,STAGE_MAPPED_ONLY,LOW
3181,구로럭키,11530,서울,N/A,N/A,0,PRE_PROJECT,NO_OFFICIAL_RECORD,공식 정비사업 기록 없음(선별 후보),,,280.9260717348818,427,N/A,33.31288056206089,N/A,N/A,N/A,N/A,N/A,N/A,N/A,N/A,NOT_CALCULATED,N/A,N/A,N/A,UNKNOWN,N/A,N/A,N/A,N/A,N/A,N/A,N/A,NOT_CALCULATED,N/A,LOW,STAGE_MAPPED_ONLY,LOW
3180,구로새솔금호,11530,서울,N/A,N/A,0,PRE_PROJECT,NO_OFFICIAL_RECORD,공식 정비사업 기록 없음(선별 후보),,,N/A,272,N/A,N/A,N/A,N/A,N/A,N/A,N/A,N/A,N/A,N/A,NOT_CALCULATED,N/A,N/A,N/A,UNKNOWN,N/A,N/A,N/A,N/A,N/A,N/A,N/A,NOT_CALCULATED,N/A,LOW,STAGE_MAPPED_ONLY,LOW
3188,구로우방,11530,서울,N/A,N/A,0,PRE_PROJECT,NO_OFFICIAL_RECORD,공식 정비사업 기록 없음(선별 후보),,,331.5244909190974,256,N/A,35.48828125,N/A,N/A,N/A,N/A,N/A,N/A,N/A,N/A,NOT_CALCULATED,N/A,N/A,N/A,UNKNOWN,N/A,N/A,N/A,N/A,N/A,N/A,N/A,NOT_CALCULATED,N/A,LOW,STAGE_MAPPED_ONLY,LOW
3160,구로우성(1동),11530,서울,N/A,N/A,0,PRE_PROJECT,NO_OFFICIAL_RECORD,공식 정비사업 기록 없음(선별 후보),,,359.6277250351618,296,N/A,30.745945945945945,N/A,N/A,N/A,N/A,N/A,N/A,N/A,N/A,NOT_CALCULATED,N/A,N/A,N/A,UNKNOWN,N/A,N/A,N/A,N/A,N/A,N/A,N/A,NOT_CALCULATED,N/A,LOW,STAGE_MAPPED_ONLY,LOW
3193,구로주공,11530,서울,N/A,N/A,0,PRE_PROJECT,NO_OFFICIAL_RECORD,공식 정비사업 기록 없음(선별 후보),,,187.58717098652647,2126,N/A,40.960630291627474,N/A,N/A,N/A,N/A,N/A,N/A,N/A,N/A,NOT_CALCULATED,N/A,N/A,N/A,UNKNOWN,N/A,N/A,N/A,N/A,N/A,N/A,N/A,NOT_CALCULATED,N/A,LOW,STAGE_MAPPED_ONLY,LOW
3190,구로한신1차,11530,서울,N/A,N/A,0,PRE_PROJECT,NO_OFFICIAL_RECORD,공식 정비사업 기록 없음(선별 후보),,,261.1393166016619,488,N/A,24.168032786885245,N/A,N/A,N/A,N/A,N/A,N/A,N/A,N/A,NOT_CALCULATED,N/A,N/A,N/A,UNKNOWN,N/A,N/A,N/A,N/A,N/A,N/A,N/A,NOT_CALCULATED,N/A,LOW,STAGE_MAPPED_ONLY,LOW
3195,구로현대,11530,서울,N/A,N/A,0,PRE_PROJECT,NO_OFFICIAL_RECORD,공식 정비사업 기록 없음(선별 후보),,,271.45151430676407,591,N/A,33.990524534686976,N/A,N/A,N/A,N/A,N/A,N/A,N/A,N/A,NOT_CALCULATED,N/A,N/A,N/A,UNKNOWN,N/A,N/A,N/A,N/A,N/A,N/A,N/A,NOT_CALCULATED,N/A,LOW,STAGE_MAPPED_ONLY,LOW
3189,구로현대상선,11530,서울,N/A,N/A,0,PRE_PROJECT,NO_OFFICIAL_RECORD,공식 정비사업 기록 없음(선별 후보),,,252.96004760285618,290,N/A,40.56551724137931,N/A,N/A,N/A,N/A,N/A,N/A,N/A,N/A,NOT_CALCULATED,N/A,N/A,N/A,UNKNOWN,N/A,N/A,N/A,N/A,N/A,N/A,N/A,NOT_CALCULATED,N/A,LOW,STAGE_MAPPED_ONLY,LOW
3192,구로현대연예인,11530,서울,N/A,N/A,0,PRE_PROJECT,NO_OFFICIAL_RECORD,공식 정비사업 기록 없음(선별 후보),,,387.4404921101899,735,N/A,25.435374149659864,N/A,N/A,N/A,N/A,N/A,N/A,N/A,N/A,NOT_CALCULATED,N/A,N/A,N/A,UNKNOWN,N/A,N/A,N/A,N/A,N/A,N/A,N/A,NOT_CALCULATED,N/A,LOW,STAGE_MAPPED_ONLY,LOW
3143,구로현대의보아파트,11530,서울,N/A,N/A,0,PRE_PROJECT,NO_OFFICIAL_RECORD,공식 정비사업 기록 없음(선별 후보),,,360.25224002172143,116,N/A,31.75,N/A,N/A,N/A,N/A,N/A,N/A,N/A,N/A,NOT_CALCULATED,N/A,N/A,N/A,UNKNOWN,N/A,N/A,N/A,N/A,N/A,N/A,N/A,NOT_CALCULATED,N/A,LOW,STAGE_MAPPED_ONLY,LOW
1454,구의강변우성,11215,서울,N/A,N/A,0,PRE_PROJECT,NO_OFFICIAL_RECORD,공식 정비사업 기록 없음(선별 후보),,,349.8977653125848,354,N/A,31.22316384180791,N/A,N/A,N/A,N/A,N/A,N/A,N/A,N/A,NOT_CALCULATED,N/A,N/A,N/A,UNKNOWN,N/A,N/A,N/A,N/A,N/A,N/A,N/A,NOT_CALCULATED,N/A,LOW,STAGE_MAPPED_ONLY,LOW
1458,구의현대2단지,11215,서울,N/A,N/A,0,PRE_PROJECT,NO_OFFICIAL_RECORD,공식 정비사업 기록 없음(선별 후보),,,N/A,1606,N/A,N/A,N/A,N/A,N/A,N/A,N/A,N/A,N/A,N/A,NOT_CALCULATED,N/A,N/A,N/A,UNKNOWN,N/A,N/A,N/A,N/A,N/A,N/A,N/A,NOT_CALCULATED,N/A,LOW,STAGE_MAPPED_ONLY,LOW
1457,구의현대6단지,11215,서울,N/A,N/A,0,PRE_PROJECT,NO_OFFICIAL_RECORD,공식 정비사업 기록 없음(선별 후보),,,410.78370701829544,421,N/A,29.93871733966746,N/A,N/A,N/A,N/A,N/A,N/A,N/A,N/A,NOT_CALCULATED,N/A,N/A,N/A,UNKNOWN,N/A,N/A,N/A,N/A,N/A,N/A,N/A,NOT_CALCULATED,N/A,LOW,STAGE_MAPPED_ONLY,LOW
1533,군자일성파크,11215,서울,N/A,N/A,0,PRE_PROJECT,NO_OFFICIAL_RECORD,공식 정비사업 기록 없음(선별 후보),,,340.88452147653163,357,N/A,34.87619047619047,N/A,N/A,N/A,N/A,N/A,N/A,N/A,N/A,NOT_CALCULATED,N/A,N/A,N/A,UNKNOWN,N/A,N/A,N/A,N/A,N/A,N/A,N/A,NOT_CALCULATED,N/A,LOW,STAGE_MAPPED_ONLY,LOW
3300,그린빌라,11530,서울,N/A,N/A,0,PRE_PROJECT,NO_OFFICIAL_RECORD,공식 정비사업 기록 없음(선별 후보),,,N/A,137,N/A,356.8540145985401,N/A,N/A,N/A,N/A,N/A,N/A,N/A,N/A,NOT_CALCULATED,N/A,N/A,N/A,UNKNOWN,N/A,N/A,N/A,N/A,N/A,N/A,N/A,NOT_CALCULATED,N/A,LOW,STAGE_MAPPED_ONLY,LOW
1469,극동2차아파트,11215,서울,N/A,N/A,0,PRE_PROJECT,NO_OFFICIAL_RECORD,공식 정비사업 기록 없음(선별 후보),,,N/A,896,N/A,N/A,N/A,N/A,N/A,N/A,N/A,N/A,N/A,N/A,NOT_CALCULATED,N/A,N/A,N/A,UNKNOWN,N/A,N/A,N/A,N/A,N/A,N/A,N/A,NOT_CALCULATED,N/A,LOW,STAGE_MAPPED_ONLY,LOW
1163,금강주택,11110,서울,N/A,N/A,0,PRE_PROJECT,NO_OFFICIAL_RECORD,공식 정비사업 기록 없음(선별 후보),,,N/A,168,N/A,N/A,N/A,N/A,N/A,N/A,N/A,N/A,N/A,N/A,NOT_CALCULATED,N/A,N/A,N/A,UNKNOWN,N/A,N/A,N/A,N/A,N/A,N/A,N/A,NOT_CALCULATED,N/A,LOW,STAGE_MAPPED_ONLY,LOW
1374,금호두산,11200,서울,N/A,N/A,0,PRE_PROJECT,NO_OFFICIAL_RECORD,공식 정비사업 기록 없음(선별 후보),,,245.9084776329233,1267,N/A,41.09518547750592,N/A,N/A,N/A,N/A,N/A,N/A,N/A,N/A,NOT_CALCULATED,N/A,N/A,N/A,UNKNOWN,N/A,N/A,N/A,N/A,N/A,N/A,N/A,NOT_CALCULATED,N/A,LOW,STAGE_MAPPED_ONLY,LOW
4425,길동삼익파크,11740,서울,N/A,N/A,0,PRE_PROJECT,NO_OFFICIAL_RECORD,공식 정비사업 기록 없음(선별 후보),,,N/A,1092,N/A,N/A,N/A,N/A,N/A,N/A,N/A,N/A,N/A,N/A,NOT_CALCULATED,N/A,N/A,N/A,UNKNOWN,N/A,N/A,N/A,N/A,N/A,N/A,N/A,NOT_CALCULATED,N/A,LOW,STAGE_MAPPED_ONLY,LOW
4431,길동우성2차,11740,서울,N/A,N/A,0,PRE_PROJECT,NO_OFFICIAL_RECORD,공식 정비사업 기록 없음(선별 후보),,,372.44078287858025,811,N/A,28.167570900123305,N/A,N/A,N/A,N/A,N/A,N/A,N/A,N/A,NOT_CALCULATED,N/A,N/A,N/A,UNKNOWN,N/A,N/A,N/A,N/A,N/A,N/A,N/A,NOT_CALCULATED,N/A,LOW,STAGE_MAPPED_ONLY,LOW
4429,길동현대아파트,11740,서울,N/A,N/A,0,PRE_PROJECT,NO_OFFICIAL_RECORD,공식 정비사업 기록 없음(선별 후보),,,489.2763292473761,264,N/A,24.072348484848487,N/A,N/A,N/A,N/A,N/A,N/A,N/A,N/A,NOT_CALCULATED,N/A,N/A,N/A,UNKNOWN,N/A,N/A,N/A,N/A,N/A,N/A,N/A,NOT_CALCULATED,N/A,LOW,STAGE_MAPPED_ONLY,LOW
1892,길음신안파크,11290,서울,N/A,N/A,0,PRE_PROJECT,NO_OFFICIAL_RECORD,공식 정비사업 기록 없음(선별 후보),,,172.3895527728086,252,N/A,55.45634920634921,N/A,N/A,N/A,N/A,N/A,N/A,N/A,N/A,NOT_CALCULATED,N/A,N/A,N/A,UNKNOWN,N/A,N/A,N/A,N/A,N/A,N/A,N/A,NOT_CALCULATED,N/A,LOW,STAGE_MAPPED_ONLY,LOW
3716,낙성대현대,11620,서울,N/A,N/A,0,PRE_PROJECT,NO_OFFICIAL_RECORD,공식 정비사업 기록 없음(선별 후보),,,N/A,251,N/A,N/A,N/A,N/A,N/A,N/A,N/A,N/A,N/A,N/A,NOT_CALCULATED,N/A,N/A,N/A,UNKNOWN,N/A,N/A,N/A,N/A,N/A,N/A,N/A,NOT_CALCULATED,N/A,LOW,STAGE_MAPPED_ONLY,LOW
1140,낙원아파트,11110,서울,N/A,N/A,0,PRE_PROJECT,NO_OFFICIAL_RECORD,공식 정비사업 기록 없음(선별 후보),,,N/A,149,N/A,N/A,N/A,N/A,N/A,N/A,N/A,N/A,N/A,N/A,NOT_CALCULATED,N/A,N/A,N/A,UNKNOWN,N/A,N/A,N/A,N/A,N/A,N/A,N/A,NOT_CALCULATED,N/A,LOW,STAGE_MAPPED_ONLY,LOW
1290,남산대림아파트,11170,서울,N/A,N/A,0,PRE_PROJECT,NO_OFFICIAL_RECORD,공식 정비사업 기록 없음(선별 후보),,,132.99328691134036,400,N/A,93.921,N/A,N/A,N/A,N/A,N/A,N/A,N/A,N/A,NOT_CALCULATED,N/A,N/A,N/A,UNKNOWN,N/A,N/A,N/A,N/A,N/A,N/A,N/A,NOT_CALCULATED,N/A,LOW,STAGE_MAPPED_ONLY,LOW
3352,남서울건영2차,11545,서울,N/A,N/A,0,PRE_PROJECT,NO_OFFICIAL_RECORD,공식 정비사업 기록 없음(선별 후보),,,N/A,619,N/A,N/A,N/A,N/A,N/A,N/A,N/A,N/A,N/A,N/A,NOT_CALCULATED,N/A,N/A,N/A,UNKNOWN,N/A,N/A,N/A,N/A,N/A,N/A,N/A,NOT_CALCULATED,N/A,LOW,STAGE_MAPPED_ONLY,LOW
3354,남서울건영아파트,11545,서울,N/A,N/A,0,PRE_PROJECT,NO_OFFICIAL_RECORD,공식 정비사업 기록 없음(선별 후보),,,172.5261839708561,260,N/A,43.92,N/A,N/A,N/A,N/A,N/A,N/A,N/A,N/A,NOT_CALCULATED,N/A,N/A,N/A,UNKNOWN,N/A,N/A,N/A,N/A,N/A,N/A,N/A,NOT_CALCULATED,N/A,LOW,STAGE_MAPPED_ONLY,LOW
3355,남서울럭키아파트,11545,서울,N/A,N/A,0,PRE_PROJECT,NO_OFFICIAL_RECORD,공식 정비사업 기록 없음(선별 후보),,,182.20342796862374,986,N/A,41.91744421906694,N/A,N/A,N/A,N/A,N/A,N/A,N/A,N/A,NOT_CALCULATED,N/A,N/A,N/A,UNKNOWN,N/A,N/A,N/A,N/A,N/A,N/A,N/A,NOT_CALCULATED,N/A,LOW,STAGE_MAPPED_ONLY,LOW
2261,노원우성,11350,서울,N/A,N/A,0,PRE_PROJECT,NO_OFFICIAL_RECORD,공식 정비사업 기록 없음(선별 후보),,,325.4052263382505,137,N/A,37.457664233576644,N/A,N/A,N/A,N/A,N/A,N/A,N/A,N/A,NOT_CALCULATED,N/A,N/A,N/A,UNKNOWN,N/A,N/A,N/A,N/A,N/A,N/A,N/A,NOT_CALCULATED,N/A,LOW,STAGE_MAPPED_ONLY,LOW
4111,논현쌍용,11680,서울,N/A,N/A,0,PRE_PROJECT,NO_OFFICIAL_RECORD,공식 정비사업 기록 없음(선별 후보),,,446.4677589523987,111,N/A,29.032432432432433,N/A,N/A,N/A,N/A,N/A,N/A,N/A,N/A,NOT_CALCULATED,N/A,N/A,N/A,UNKNOWN,N/A,N/A,N/A,N/A,N/A,N/A,N/A,NOT_CALCULATED,N/A,LOW,STAGE_MAPPED_ONLY,LOW
2461,뉴신사신성아파트,11380,서울,N/A,N/A,0,PRE_PROJECT,NO_OFFICIAL_RECORD,공식 정비사업 기록 없음(선별 후보),,,236.83684390031638,167,N/A,50.91556886227545,N/A,N/A,N/A,N/A,N/A,N/A,N/A,N/A,NOT_CALCULATED,N/A,N/A,N/A,UNKNOWN,N/A,N/A,N/A,N/A,N/A,N/A,N/A,NOT_CALCULATED,N/A,LOW,STAGE_MAPPED_ONLY,LOW
1592,답십리동답한신,11230,서울,N/A,N/A,0,PRE_PROJECT,NO_OFFICIAL_RECORD,공식 정비사업 기록 없음(선별 후보),,,275.2259353301484,600,N/A,27.699666666666666,N/A,N/A,N/A,N/A,N/A,N/A,N/A,N/A,NOT_CALCULATED,N/A,N/A,N/A,UNKNOWN,N/A,N/A,N/A,N/A,N/A,N/A,N/A,NOT_CALCULATED,N/A,LOW,STAGE_MAPPED_ONLY,LOW
1584,답십리동서울한양,11230,서울,N/A,N/A,0,PRE_PROJECT,NO_OFFICIAL_RECORD,공식 정비사업 기록 없음(선별 후보),,,241.39258393022462,499,N/A,41.12825651302605,N/A,N/A,N/A,N/A,N/A,N/A,N/A,N/A,NOT_CALCULATED,N/A,N/A,N/A,UNKNOWN,N/A,N/A,N/A,N/A,N/A,N/A,N/A,NOT_CALCULATED,N/A,LOW,STAGE_MAPPED_ONLY,LOW
3397,당산2가현대,11560,서울,N/A,N/A,0,PRE_PROJECT,NO_OFFICIAL_RECORD,공식 정비사업 기록 없음(선별 후보),,,416.94385936996207,783,N/A,30.49948914431673,N/A,N/A,N/A,N/A,N/A,N/A,N/A,N/A,NOT_CALCULATED,N/A,N/A,N/A,UNKNOWN,N/A,N/A,N/A,N/A,N/A,N/A,N/A,NOT_CALCULATED,N/A,LOW,STAGE_MAPPED_ONLY,LOW
3393,당산코오롱,11560,서울,N/A,N/A,0,PRE_PROJECT,NO_OFFICIAL_RECORD,공식 정비사업 기록 없음(선별 후보),,,182.89609952925352,109,N/A,54.56880733944954,N/A,N/A,N/A,N/A,N/A,N/A,N/A,N/A,NOT_CALCULATED,N/A,N/A,N/A,UNKNOWN,N/A,N/A,N/A,N/A,N/A,N/A,N/A,NOT_CALCULATED,N/A,LOW,STAGE_MAPPED_ONLY,LOW
3517,대림 우성2차,11560,서울,N/A,N/A,0,PRE_PROJECT,NO_OFFICIAL_RECORD,공식 정비사업 기록 없음(선별 후보),,,333.8028666243028,120,N/A,35.4075,N/A,N/A,N/A,N/A,N/A,N/A,N/A,N/A,NOT_CALCULATED,N/A,N/A,N/A,UNKNOWN,N/A,N/A,N/A,N/A,N/A,N/A,N/A,NOT_CALCULATED,N/A,LOW,STAGE_MAPPED_ONLY,LOW
3530,대림3동현대아파트,11560,서울,N/A,N/A,0,PRE_PROJECT,NO_OFFICIAL_RECORD,공식 정비사업 기록 없음(선별 후보),,,286.65748130723347,476,N/A,37.509453781512605,N/A,N/A,N/A,N/A,N/A,N/A,N/A,N/A,NOT_CALCULATED,N/A,N/A,N/A,UNKNOWN,N/A,N/A,N/A,N/A,N/A,N/A,N/A,NOT_CALCULATED,N/A,LOW,STAGE_MAPPED_ONLY,LOW
3527,대림성원,11560,서울,N/A,N/A,0,PRE_PROJECT,NO_OFFICIAL_RECORD,공식 정비사업 기록 없음(선별 후보),,,N/A,220,N/A,N/A,N/A,N/A,N/A,N/A,N/A,N/A,N/A,N/A,NOT_CALCULATED,N/A,N/A,N/A,UNKNOWN,N/A,N/A,N/A,N/A,N/A,N/A,N/A,NOT_CALCULATED,N/A,LOW,STAGE_MAPPED_ONLY,LOW
3531,대림신동아,11560,서울,N/A,N/A,0,PRE_PROJECT,NO_OFFICIAL_RECORD,공식 정비사업 기록 없음(선별 후보),,,374.08345943727716,591,N/A,26.38849407783418,N/A,N/A,N/A,N/A,N/A,N/A,N/A,N/A,NOT_CALCULATED,N/A,N/A,N/A,UNKNOWN,N/A,N/A,N/A,N/A,N/A,N/A,N/A,NOT_CALCULATED,N/A,LOW,STAGE_MAPPED_ONLY,LOW
2374,대림아파트(녹번동),11380,서울,N/A,N/A,0,PRE_PROJECT,NO_OFFICIAL_RECORD,공식 정비사업 기록 없음(선별 후보),,,N/A,370,N/A,N/A,N/A,N/A,N/A,N/A,N/A,N/A,N/A,N/A,NOT_CALCULATED,N/A,N/A,N/A,UNKNOWN,N/A,N/A,N/A,N/A,N/A,N/A,N/A,NOT_CALCULATED,N/A,LOW,STAGE_MAPPED_ONLY,LOW
3529,대림현대2차,11560,서울,N/A,N/A,0,PRE_PROJECT,NO_OFFICIAL_RECORD,공식 정비사업 기록 없음(선별 후보),,,354.5874139647871,280,N/A,32.63821428571429,N/A,N/A,N/A,N/A,N/A,N/A,N/A,N/A,NOT_CALCULATED,N/A,N/A,N/A,UNKNOWN,N/A,N/A,N/A,N/A,N/A,N/A,N/A,NOT_CALCULATED,N/A,LOW,STAGE_MAPPED_ONLY,LOW
2726,대명비발디아파트,11440,서울,N/A,N/A,0,PRE_PROJECT,NO_OFFICIAL_RECORD,공식 정비사업 기록 없음(선별 후보),,,466.00220129631896,128,N/A,25.553125,N/A,N/A,N/A,N/A,N/A,N/A,N/A,N/A,NOT_CALCULATED,N/A,N/A,N/A,UNKNOWN,N/A,N/A,N/A,N/A,N/A,N/A,N/A,NOT_CALCULATED,N/A,LOW,STAGE_MAPPED_ONLY,LOW
3648,대방대림,11590,서울,N/A,N/A,0,PRE_PROJECT,NO_OFFICIAL_RECORD,공식 정비사업 기록 없음(선별 후보),,,249.31052997995974,1628,N/A,43.58562653562653,N/A,N/A,N/A,N/A,N/A,N/A,N/A,N/A,NOT_CALCULATED,N/A,N/A,N/A,UNKNOWN,N/A,N/A,N/A,N/A,N/A,N/A,N/A,NOT_CALCULATED,N/A,LOW,STAGE_MAPPED_ONLY,LOW
3645,대방성원,11590,서울,N/A,N/A,0,PRE_PROJECT,NO_OFFICIAL_RECORD,공식 정비사업 기록 없음(선별 후보),,,387.0666232930477,487,N/A,29.03634496919918,N/A,N/A,N/A,N/A,N/A,N/A,N/A,N/A,NOT_CALCULATED,N/A,N/A,N/A,UNKNOWN,N/A,N/A,N/A,N/A,N/A,N/A,N/A,NOT_CALCULATED,N/A,LOW,STAGE_MAPPED_ONLY,LOW
3642,대방주공1단지,11590,서울,N/A,N/A,0,PRE_PROJECT,NO_OFFICIAL_RECORD,공식 정비사업 기록 없음(선별 후보),,,86.77400560698065,925,N/A,56.22335135135135,N/A,N/A,N/A,N/A,N/A,N/A,N/A,N/A,NOT_CALCULATED,N/A,N/A,N/A,UNKNOWN,N/A,N/A,N/A,N/A,N/A,N/A,N/A,NOT_CALCULATED,N/A,LOW,STAGE_MAPPED_ONLY,LOW
3647,대방주공2단지,11590,서울,N/A,N/A,0,PRE_PROJECT,NO_OFFICIAL_RECORD,공식 정비사업 기록 없음(선별 후보),,,119.95160229663158,798,N/A,65.17117794486215,N/A,N/A,N/A,N/A,N/A,N/A,N/A,N/A,NOT_CALCULATED,N/A,N/A,N/A,UNKNOWN,N/A,N/A,N/A,N/A,N/A,N/A,N/A,NOT_CALCULATED,N/A,LOW,STAGE_MAPPED_ONLY,LOW
3646,대방현대1차,11590,서울,N/A,N/A,0,PRE_PROJECT,NO_OFFICIAL_RECORD,공식 정비사업 기록 없음(선별 후보),,,460.5056460780599,514,N/A,25.671206225680933,N/A,N/A,N/A,N/A,N/A,N/A,N/A,N/A,NOT_CALCULATED,N/A,N/A,N/A,UNKNOWN,N/A,N/A,N/A,N/A,N/A,N/A,N/A,NOT_CALCULATED,N/A,LOW,STAGE_MAPPED_ONLY,LOW
2048,대원그린아파트,11320,서울,N/A,N/A,0,PRE_PROJECT,NO_OFFICIAL_RECORD,공식 정비사업 기록 없음(선별 후보),,,267.5990159901599,220,N/A,25.868181818181817,N/A,N/A,N/A,N/A,N/A,N/A,N/A,N/A,NOT_CALCULATED,N/A,N/A,N/A,UNKNOWN,N/A,N/A,N/A,N/A,N/A,N/A,N/A,NOT_CALCULATED,N/A,LOW,STAGE_MAPPED_ONLY,LOW
4013,대청,11680,서울,N/A,N/A,0,PRE_PROJECT,NO_OFFICIAL_RECORD,공식 정비사업 기록 없음(선별 후보),,,46.94728371684165,822,N/A,147.25109489051096,N/A,N/A,N/A,N/A,N/A,N/A,N/A,N/A,NOT_CALCULATED,N/A,N/A,N/A,UNKNOWN,N/A,N/A,N/A,N/A,N/A,N/A,N/A,NOT_CALCULATED,N/A,LOW,STAGE_MAPPED_ONLY,LOW
4069,대치1차현대아파트,11680,서울,N/A,N/A,0,PRE_PROJECT,NO_OFFICIAL_RECORD,공식 정비사업 기록 없음(선별 후보),,,330.201264670423,120,N/A,33.869166666666665,N/A,N/A,N/A,N/A,N/A,N/A,N/A,N/A,NOT_CALCULATED,N/A,N/A,N/A,UNKNOWN,N/A,N/A,N/A,N/A,N/A,N/A,N/A,NOT_CALCULATED,N/A,LOW,STAGE_MAPPED_ONLY,LOW
4078,대치미도맨션,11680,서울,N/A,N/A,0,PRE_PROJECT,NO_OFFICIAL_RECORD,공식 정비사업 기록 없음(선별 후보),,,177.24802594212434,2436,N/A,80.08226600985222,N/A,N/A,N/A,N/A,N/A,N/A,N/A,N/A,NOT_CALCULATED,N/A,N/A,N/A,UNKNOWN,N/A,N/A,N/A,N/A,N/A,N/A,N/A,NOT_CALCULATED,N/A,LOW,STAGE_MAPPED_ONLY,LOW
3755,대학동현대(구신림9동),11620,서울,N/A,N/A,0,PRE_PROJECT,NO_OFFICIAL_RECORD,공식 정비사업 기록 없음(선별 후보),,,N/A,336,N/A,N/A,N/A,N/A,N/A,N/A,N/A,N/A,N/A,N/A,NOT_CALCULATED,N/A,N/A,N/A,UNKNOWN,N/A,N/A,N/A,N/A,N/A,N/A,N/A,NOT_CALCULATED,N/A,LOW,STAGE_MAPPED_ONLY,LOW
4199,도곡대림,11680,서울,N/A,N/A,0,PRE_PROJECT,NO_OFFICIAL_RECORD,공식 정비사업 기록 없음(선별 후보),,,N/A,197,N/A,N/A,N/A,N/A,N/A,N/A,N/A,N/A,N/A,N/A,NOT_CALCULATED,N/A,N/A,N/A,UNKNOWN,N/A,N/A,N/A,N/A,N/A,N/A,N/A,NOT_CALCULATED,N/A,LOW,STAGE_MAPPED_ONLY,LOW
4177,도곡삼성,11680,서울,N/A,N/A,0,PRE_PROJECT,NO_OFFICIAL_RECORD,공식 정비사업 기록 없음(선별 후보),,,156.54665217113256,231,N/A,60.92337662337662,N/A,N/A,N/A,N/A,N/A,N/A,N/A,N/A,NOT_CALCULATED,N/A,N/A,N/A,UNKNOWN,N/A,N/A,N/A,N/A,N/A,N/A,N/A,NOT_CALCULATED,N/A,LOW,STAGE_MAPPED_ONLY,LOW
4189,도곡쌍용예가,11680,서울,N/A,N/A,0,PRE_PROJECT,NO_OFFICIAL_RECORD,공식 정비사업 기록 없음(선별 후보),,,N/A,384,N/A,N/A,N/A,N/A,N/A,N/A,N/A,N/A,N/A,N/A,NOT_CALCULATED,N/A,N/A,N/A,UNKNOWN,N/A,N/A,N/A,N/A,N/A,N/A,N/A,NOT_CALCULATED,N/A,LOW,STAGE_MAPPED_ONLY,LOW
4191,도곡한신,11680,서울,N/A,N/A,0,PRE_PROJECT,NO_OFFICIAL_RECORD,공식 정비사업 기록 없음(선별 후보),,,N/A,421,N/A,N/A,N/A,N/A,N/A,N/A,N/A,N/A,N/A,N/A,NOT_CALCULATED,N/A,N/A,N/A,UNKNOWN,N/A,N/A,N/A,N/A,N/A,N/A,N/A,NOT_CALCULATED,N/A,LOW,STAGE_MAPPED_ONLY,LOW
4200,도곡현대,11680,서울,N/A,N/A,0,PRE_PROJECT,NO_OFFICIAL_RECORD,공식 정비사업 기록 없음(선별 후보),,,N/A,211,N/A,N/A,N/A,N/A,N/A,N/A,N/A,N/A,N/A,N/A,NOT_CALCULATED,N/A,N/A,N/A,UNKNOWN,N/A,N/A,N/A,N/A,N/A,N/A,N/A,NOT_CALCULATED,N/A,LOW,STAGE_MAPPED_ONLY,LOW
2114,도봉극동아파트,11320,서울,N/A,N/A,0,PRE_PROJECT,NO_OFFICIAL_RECORD,공식 정비사업 기록 없음(선별 후보),,,268.7254098360656,205,N/A,41.65853658536585,N/A,N/A,N/A,N/A,N/A,N/A,N/A,N/A,NOT_CALCULATED,N/A,N/A,N/A,UNKNOWN,N/A,N/A,N/A,N/A,N/A,N/A,N/A,NOT_CALCULATED,N/A,LOW,STAGE_MAPPED_ONLY,LOW
2124,도봉럭키,11320,서울,N/A,N/A,0,PRE_PROJECT,NO_OFFICIAL_RECORD,공식 정비사업 기록 없음(선별 후보),,,242.0875025066903,630,N/A,45.90888888888889,N/A,N/A,N/A,N/A,N/A,N/A,N/A,N/A,NOT_CALCULATED,N/A,N/A,N/A,UNKNOWN,N/A,N/A,N/A,N/A,N/A,N/A,N/A,NOT_CALCULATED,N/A,LOW,STAGE_MAPPED_ONLY,LOW
2116,도봉삼환,11320,서울,N/A,N/A,0,PRE_PROJECT,NO_OFFICIAL_RECORD,공식 정비사업 기록 없음(선별 후보),,,244.4076369771779,660,N/A,42.65530303030303,N/A,N/A,N/A,N/A,N/A,N/A,N/A,N/A,NOT_CALCULATED,N/A,N/A,N/A,UNKNOWN,N/A,N/A,N/A,N/A,N/A,N/A,N/A,NOT_CALCULATED,N/A,LOW,STAGE_MAPPED_ONLY,LOW
2123,도봉서울가든,11320,서울,N/A,N/A,0,PRE_PROJECT,NO_OFFICIAL_RECORD,공식 정비사업 기록 없음(선별 후보),,,267.0960577027258,348,N/A,37.13045977011494,N/A,N/A,N/A,N/A,N/A,N/A,N/A,N/A,NOT_CALCULATED,N/A,N/A,N/A,UNKNOWN,N/A,N/A,N/A,N/A,N/A,N/A,N/A,NOT_CALCULATED,N/A,LOW,STAGE_MAPPED_ONLY,LOW
2120,도봉서원제2,11320,서울,N/A,N/A,0,PRE_PROJECT,NO_OFFICIAL_RECORD,공식 정비사업 기록 없음(선별 후보),,,181.80796697896875,734,N/A,20.794277929155314,N/A,N/A,N/A,N/A,N/A,N/A,N/A,N/A,NOT_CALCULATED,N/A,N/A,N/A,UNKNOWN,N/A,N/A,N/A,N/A,N/A,N/A,N/A,NOT_CALCULATED,N/A,LOW,STAGE_MAPPED_ONLY,LOW
2118,도봉한신,11320,서울,N/A,N/A,0,PRE_PROJECT,NO_OFFICIAL_RECORD,공식 정비사업 기록 없음(선별 후보),,,275.48710798015185,2678,N/A,35.42957430918596,N/A,N/A,N/A,N/A,N/A,N/A,N/A,N/A,NOT_CALCULATED,N/A,N/A,N/A,UNKNOWN,N/A,N/A,N/A,N/A,N/A,N/A,N/A,NOT_CALCULATED,N/A,LOW,STAGE_MAPPED_ONLY,LOW
2657,도화현대1차아파트,11440,서울,N/A,N/A,0,PRE_PROJECT,NO_OFFICIAL_RECORD,공식 정비사업 기록 없음(선별 후보),,,253.42247554245506,1021,N/A,43.96072477962782,N/A,N/A,N/A,N/A,N/A,N/A,N/A,N/A,NOT_CALCULATED,N/A,N/A,N/A,UNKNOWN,N/A,N/A,N/A,N/A,N/A,N/A,N/A,NOT_CALCULATED,N/A,LOW,STAGE_MAPPED_ONLY,LOW
2529,독립문삼호,11410,서울,N/A,N/A,0,PRE_PROJECT,NO_OFFICIAL_RECORD,공식 정비사업 기록 없음(선별 후보),,,494.48218319118087,895,N/A,26.51441340782123,N/A,N/A,N/A,N/A,N/A,N/A,N/A,N/A,NOT_CALCULATED,N/A,N/A,N/A,UNKNOWN,N/A,N/A,N/A,N/A,N/A,N/A,N/A,NOT_CALCULATED,N/A,LOW,STAGE_MAPPED_ONLY,LOW
3314,독산라이프아파트,11545,서울,N/A,N/A,0,PRE_PROJECT,NO_OFFICIAL_RECORD,공식 정비사업 기록 없음(선별 후보),,,332.0936449319297,109,N/A,33.289908256880736,N/A,N/A,N/A,N/A,N/A,N/A,N/A,N/A,NOT_CALCULATED,N/A,N/A,N/A,UNKNOWN,N/A,N/A,N/A,N/A,N/A,N/A,N/A,NOT_CALCULATED,N/A,LOW,STAGE_MAPPED_ONLY,LOW
3327,독산주공13단지,11545,서울,N/A,N/A,0,PRE_PROJECT,NO_OFFICIAL_RECORD,공식 정비사업 기록 없음(선별 후보),,,128.29749447181933,1226,N/A,28.10750407830343,N/A,N/A,N/A,N/A,N/A,N/A,N/A,N/A,NOT_CALCULATED,N/A,N/A,N/A,UNKNOWN,N/A,N/A,N/A,N/A,N/A,N/A,N/A,NOT_CALCULATED,N/A,LOW,STAGE_MAPPED_ONLY,LOW
3320,독산주공14단지,11545,서울,N/A,N/A,0,PRE_PROJECT,NO_OFFICIAL_RECORD,공식 정비사업 기록 없음(선별 후보),,,202.9936346110102,840,N/A,31.924880952380953,N/A,N/A,N/A,N/A,N/A,N/A,N/A,N/A,NOT_CALCULATED,N/A,N/A,N/A,UNKNOWN,N/A,N/A,N/A,N/A,N/A,N/A,N/A,NOT_CALCULATED,N/A,LOW,STAGE_MAPPED_ONLY,LOW
3326,독산한신,11545,서울,N/A,N/A,0,PRE_PROJECT,NO_OFFICIAL_RECORD,공식 정비사업 기록 없음(선별 후보),,,246.70839579254903,1000,N/A,47.0974,N/A,N/A,N/A,N/A,N/A,N/A,N/A,N/A,NOT_CALCULATED,N/A,N/A,N/A,UNKNOWN,N/A,N/A,N/A,N/A,N/A,N/A,N/A,NOT_CALCULATED,N/A,LOW,STAGE_MAPPED_ONLY,LOW
1822,돈암현대,11290,서울,N/A,N/A,0,PRE_PROJECT,NO_OFFICIAL_RECORD,공식 정비사업 기록 없음(선별 후보),,,N/A,619,N/A,N/A,N/A,N/A,N/A,N/A,N/A,N/A,N/A,N/A,NOT_CALCULATED,N/A,N/A,N/A,UNKNOWN,N/A,N/A,N/A,N/A,N/A,N/A,N/A,NOT_CALCULATED,N/A,LOW,STAGE_MAPPED_ONLY,LOW
1271,동부이촌동우성,11170,서울,N/A,N/A,0,PRE_PROJECT,NO_OFFICIAL_RECORD,공식 정비사업 기록 없음(선별 후보),,,N/A,243,N/A,N/A,N/A,N/A,N/A,N/A,N/A,N/A,N/A,N/A,NOT_CALCULATED,N/A,N/A,N/A,UNKNOWN,N/A,N/A,N/A,N/A,N/A,N/A,N/A,NOT_CALCULATED,N/A,LOW,STAGE_MAPPED_ONLY,LOW
1805,동소문현대아파트,11290,서울,N/A,N/A,0,PRE_PROJECT,NO_OFFICIAL_RECORD,공식 정비사업 기록 없음(선별 후보),,,233.2819766209168,141,N/A,50.175177304964535,N/A,N/A,N/A,N/A,N/A,N/A,N/A,N/A,NOT_CALCULATED,N/A,N/A,N/A,UNKNOWN,N/A,N/A,N/A,N/A,N/A,N/A,N/A,NOT_CALCULATED,N/A,LOW,STAGE_MAPPED_ONLY,LOW
1160,동익빌라,11110,서울,N/A,N/A,0,PRE_PROJECT,NO_OFFICIAL_RECORD,공식 정비사업 기록 없음(선별 후보),,,110.66095183982017,123,N/A,131.64065040650405,N/A,N/A,N/A,N/A,N/A,N/A,N/A,N/A,NOT_CALCULATED,N/A,N/A,N/A,UNKNOWN,N/A,N/A,N/A,N/A,N/A,N/A,N/A,NOT_CALCULATED,N/A,LOW,STAGE_MAPPED_ONLY,LOW
2406,동익파크1차아파트,11380,서울,N/A,N/A,0,PRE_PROJECT,NO_OFFICIAL_RECORD,공식 정비사업 기록 없음(선별 후보),,,290.5611708209467,N/A,N/A,N/A,N/A,N/A,N/A,N/A,N/A,N/A,N/A,N/A,NOT_CALCULATED,N/A,N/A,N/A,UNKNOWN,N/A,N/A,N/A,N/A,N/A,N/A,N/A,NOT_CALCULATED,N/A,LOW,STAGE_MAPPED_ONLY,LOW
2325,동진신안,11350,서울,N/A,N/A,0,PRE_PROJECT,NO_OFFICIAL_RECORD,공식 정비사업 기록 없음(선별 후보),,,263.95675367318734,468,N/A,62.927136752136754,N/A,N/A,N/A,N/A,N/A,N/A,N/A,N/A,NOT_CALCULATED,N/A,N/A,N/A,UNKNOWN,N/A,N/A,N/A,N/A,N/A,N/A,N/A,NOT_CALCULATED,N/A,LOW,STAGE_MAPPED_ONLY,LOW
2298,두산아파트,11350,서울,N/A,N/A,0,PRE_PROJECT,NO_OFFICIAL_RECORD,공식 정비사업 기록 없음(선별 후보),,,257.4452694328909,763,N/A,35.638663171690695,N/A,N/A,N/A,N/A,N/A,N/A,N/A,N/A,NOT_CALCULATED,N/A,N/A,N/A,UNKNOWN,N/A,N/A,N/A,N/A,N/A,N/A,N/A,NOT_CALCULATED,N/A,LOW,STAGE_MAPPED_ONLY,LOW
4439,둔촌프라자,11740,서울,N/A,N/A,0,PRE_PROJECT,NO_OFFICIAL_RECORD,공식 정비사업 기록 없음(선별 후보),,,192.37352819901957,354,N/A,61.65819209039548,N/A,N/A,N/A,N/A,N/A,N/A,N/A,N/A,NOT_CALCULATED,N/A,N/A,N/A,UNKNOWN,N/A,N/A,N/A,N/A,N/A,N/A,N/A,NOT_CALCULATED,N/A,LOW,STAGE_MAPPED_ONLY,LOW
4441,둔촌현대2차,11740,서울,N/A,N/A,0,PRE_PROJECT,NO_OFFICIAL_RECORD,공식 정비사업 기록 없음(선별 후보),,,249.95953976482488,196,N/A,40.35204081632653,N/A,N/A,N/A,N/A,N/A,N/A,N/A,N/A,NOT_CALCULATED,N/A,N/A,N/A,UNKNOWN,N/A,N/A,N/A,N/A,N/A,N/A,N/A,NOT_CALCULATED,N/A,LOW,STAGE_MAPPED_ONLY,LOW
4446,둔촌현대3차,11740,서울,N/A,N/A,0,PRE_PROJECT,NO_OFFICIAL_RECORD,공식 정비사업 기록 없음(선별 후보),,,243.83024544734758,160,N/A,39.46875,N/A,N/A,N/A,N/A,N/A,N/A,N/A,N/A,NOT_CALCULATED,N/A,N/A,N/A,UNKNOWN,N/A,N/A,N/A,N/A,N/A,N/A,N/A,NOT_CALCULATED,N/A,LOW,STAGE_MAPPED_ONLY,LOW
4447,둔촌현대4차,11740,서울,N/A,N/A,0,PRE_PROJECT,NO_OFFICIAL_RECORD,공식 정비사업 기록 없음(선별 후보),,,297.7954394413152,235,N/A,39.058297872340425,N/A,N/A,N/A,N/A,N/A,N/A,N/A,N/A,NOT_CALCULATED,N/A,N/A,N/A,UNKNOWN,N/A,N/A,N/A,N/A,N/A,N/A,N/A,NOT_CALCULATED,N/A,LOW,STAGE_MAPPED_ONLY,LOW
2970,등촌3단지주공아파트,11500,서울,N/A,N/A,0,PRE_PROJECT,NO_OFFICIAL_RECORD,공식 정비사업 기록 없음(선별 후보),,,202.76619427080846,1016,N/A,30.94045275590551,N/A,N/A,N/A,N/A,N/A,N/A,N/A,N/A,NOT_CALCULATED,N/A,N/A,N/A,UNKNOWN,N/A,N/A,N/A,N/A,N/A,N/A,N/A,NOT_CALCULATED,N/A,LOW,STAGE_MAPPED_ONLY,LOW
2964,등촌8단지주공아파트,11500,서울,N/A,N/A,0,PRE_PROJECT,NO_OFFICIAL_RECORD,공식 정비사업 기록 없음(선별 후보),,,73.99126570770709,445,N/A,79.34629213483146,N/A,N/A,N/A,N/A,N/A,N/A,N/A,N/A,NOT_CALCULATED,N/A,N/A,N/A,UNKNOWN,N/A,N/A,N/A,N/A,N/A,N/A,N/A,NOT_CALCULATED,N/A,LOW,STAGE_MAPPED_ONLY,LOW
2969,등촌대림아파트,11500,서울,N/A,N/A,0,PRE_PROJECT,NO_OFFICIAL_RECORD,공식 정비사업 기록 없음(선별 후보),,,327.91111886108587,680,N/A,47.22764705882353,N/A,N/A,N/A,N/A,N/A,N/A,N/A,N/A,NOT_CALCULATED,N/A,N/A,N/A,UNKNOWN,N/A,N/A,N/A,N/A,N/A,N/A,N/A,NOT_CALCULATED,N/A,LOW,STAGE_MAPPED_ONLY,LOW
2965,등촌동성,11500,서울,N/A,N/A,0,PRE_PROJECT,NO_OFFICIAL_RECORD,공식 정비사업 기록 없음(선별 후보),,,267.91616220380826,457,N/A,55.666520787746165,N/A,N/A,N/A,N/A,N/A,N/A,N/A,N/A,NOT_CALCULATED,N/A,N/A,N/A,UNKNOWN,N/A,N/A,N/A,N/A,N/A,N/A,N/A,NOT_CALCULATED,N/A,LOW,STAGE_MAPPED_ONLY,LOW
2966,등촌미주진로,11500,서울,N/A,N/A,0,PRE_PROJECT,NO_OFFICIAL_RECORD,공식 정비사업 기록 없음(선별 후보),,,273.88956901713027,488,N/A,45.86352459016394,N/A,N/A,N/A,N/A,N/A,N/A,N/A,N/A,NOT_CALCULATED,N/A,N/A,N/A,UNKNOWN,N/A,N/A,N/A,N/A,N/A,N/A,N/A,NOT_CALCULATED,N/A,LOW,STAGE_MAPPED_ONLY,LOW
2961,등촌부영,11500,서울,N/A,N/A,0,PRE_PROJECT,NO_OFFICIAL_RECORD,공식 정비사업 기록 없음(선별 후보),,,229.4850863611444,712,N/A,46.626123595505625,N/A,N/A,N/A,N/A,N/A,N/A,N/A,N/A,NOT_CALCULATED,N/A,N/A,N/A,UNKNOWN,N/A,N/A,N/A,N/A,N/A,N/A,N/A,NOT_CALCULATED,N/A,LOW,STAGE_MAPPED_ONLY,LOW
2974,등촌우성101동,11500,서울,N/A,N/A,0,PRE_PROJECT,NO_OFFICIAL_RECORD,공식 정비사업 기록 없음(선별 후보),,,351.0668659961946,134,N/A,27.455223880597014,N/A,N/A,N/A,N/A,N/A,N/A,N/A,N/A,NOT_CALCULATED,N/A,N/A,N/A,UNKNOWN,N/A,N/A,N/A,N/A,N/A,N/A,N/A,NOT_CALCULATED,N/A,LOW,STAGE_MAPPED_ONLY,LOW
2975,등촌우성102동,11500,서울,N/A,N/A,0,PRE_PROJECT,NO_OFFICIAL_RECORD,공식 정비사업 기록 없음(선별 후보),,,337.32357540180976,110,N/A,35.46454545454545,N/A,N/A,N/A,N/A,N/A,N/A,N/A,N/A,NOT_CALCULATED,N/A,N/A,N/A,UNKNOWN,N/A,N/A,N/A,N/A,N/A,N/A,N/A,NOT_CALCULATED,N/A,LOW,STAGE_MAPPED_ONLY,LOW
2968,등촌주공10단지,11500,서울,N/A,N/A,0,PRE_PROJECT,NO_OFFICIAL_RECORD,공식 정비사업 기록 없음(선별 후보),,,242.33560236321603,566,N/A,30.263604240282685,N/A,N/A,N/A,N/A,N/A,N/A,N/A,N/A,NOT_CALCULATED,N/A,N/A,N/A,UNKNOWN,N/A,N/A,N/A,N/A,N/A,N/A,N/A,NOT_CALCULATED,N/A,LOW,STAGE_MAPPED_ONLY,LOW
2972,등촌주공1단지,11500,서울,N/A,N/A,0,PRE_PROJECT,NO_OFFICIAL_RECORD,공식 정비사업 기록 없음(선별 후보),,,122.28861752230912,1670,N/A,26.089580838323354,N/A,N/A,N/A,N/A,N/A,N/A,N/A,N/A,NOT_CALCULATED,N/A,N/A,N/A,UNKNOWN,N/A,N/A,N/A,N/A,N/A,N/A,N/A,NOT_CALCULATED,N/A,LOW,STAGE_MAPPED_ONLY,LOW
2967,등촌주공2단지,11500,서울,N/A,N/A,0,PRE_PROJECT,NO_OFFICIAL_RECORD,공식 정비사업 기록 없음(선별 후보),,,67.39974661231685,505,N/A,86.27643564356435,N/A,N/A,N/A,N/A,N/A,N/A,N/A,N/A,NOT_CALCULATED,N/A,N/A,N/A,UNKNOWN,N/A,N/A,N/A,N/A,N/A,N/A,N/A,NOT_CALCULATED,N/A,LOW,STAGE_MAPPED_ONLY,LOW
2976,등촌주공4단지,11500,서울,N/A,N/A,0,PRE_PROJECT,NO_OFFICIAL_RECORD,공식 정비사업 기록 없음(선별 후보),,,135.3971304228468,1575,N/A,23.590666666666667,N/A,N/A,N/A,N/A,N/A,N/A,N/A,N/A,NOT_CALCULATED,N/A,N/A,N/A,UNKNOWN,N/A,N/A,N/A,N/A,N/A,N/A,N/A,NOT_CALCULATED,N/A,LOW,STAGE_MAPPED_ONLY,LOW
2971,등촌주공5단지,11500,서울,N/A,N/A,0,PRE_PROJECT,NO_OFFICIAL_RECORD,공식 정비사업 기록 없음(선별 후보),,,201.38095208252383,1045,N/A,30.538947368421052,N/A,N/A,N/A,N/A,N/A,N/A,N/A,N/A,NOT_CALCULATED,N/A,N/A,N/A,UNKNOWN,N/A,N/A,N/A,N/A,N/A,N/A,N/A,NOT_CALCULATED,N/A,LOW,STAGE_MAPPED_ONLY,LOW
2977,등촌주공6단지,11500,서울,N/A,N/A,0,PRE_PROJECT,NO_OFFICIAL_RECORD,공식 정비사업 기록 없음(선별 후보),,,267.1763268757928,559,N/A,22.845438282647585,N/A,N/A,N/A,N/A,N/A,N/A,N/A,N/A,NOT_CALCULATED,N/A,N/A,N/A,UNKNOWN,N/A,N/A,N/A,N/A,N/A,N/A,N/A,NOT_CALCULATED,N/A,LOW,STAGE_MAPPED_ONLY,LOW
2978,등촌주공7단지,11500,서울,N/A,N/A,0,PRE_PROJECT,NO_OFFICIAL_RECORD,공식 정비사업 기록 없음(선별 후보),,,102.27825263175781,1146,N/A,30.810732984293193,N/A,N/A,N/A,N/A,N/A,N/A,N/A,N/A,NOT_CALCULATED,N/A,N/A,N/A,UNKNOWN,N/A,N/A,N/A,N/A,N/A,N/A,N/A,NOT_CALCULATED,N/A,LOW,STAGE_MAPPED_ONLY,LOW
2979,등촌주공9단지,11500,서울,N/A,N/A,0,PRE_PROJECT,NO_OFFICIAL_RECORD,공식 정비사업 기록 없음(선별 후보),,,143.05436259226036,1445,N/A,23.99370242214533,N/A,N/A,N/A,N/A,N/A,N/A,N/A,N/A,NOT_CALCULATED,N/A,N/A,N/A,UNKNOWN,N/A,N/A,N/A,N/A,N/A,N/A,N/A,NOT_CALCULATED,N/A,LOW,STAGE_MAPPED_ONLY,LOW
2988,등촌현대1차(한마음),11500,서울,N/A,N/A,0,PRE_PROJECT,NO_OFFICIAL_RECORD,공식 정비사업 기록 없음(선별 후보),,,369.3978836161508,170,N/A,34.07588235294117,N/A,N/A,N/A,N/A,N/A,N/A,N/A,N/A,NOT_CALCULATED,N/A,N/A,N/A,UNKNOWN,N/A,N/A,N/A,N/A,N/A,N/A,N/A,NOT_CALCULATED,N/A,LOW,STAGE_MAPPED_ONLY,LOW
2600,디엠씨한양,11410,서울,N/A,N/A,0,PRE_PROJECT,NO_OFFICIAL_RECORD,공식 정비사업 기록 없음(선별 후보),,,257.6650175758365,660,N/A,46.551515151515154,N/A,N/A,N/A,N/A,N/A,N/A,N/A,N/A,NOT_CALCULATED,N/A,N/A,N/A,UNKNOWN,N/A,N/A,N/A,N/A,N/A,N/A,N/A,NOT_CALCULATED,N/A,LOW,STAGE_MAPPED_ONLY,LOW
1795,라이프미성,11260,서울,N/A,N/A,0,PRE_PROJECT,NO_OFFICIAL_RECORD,공식 정비사업 기록 없음(선별 후보),,,282.74441370964263,277,N/A,33.410830324909746,N/A,N/A,N/A,N/A,N/A,N/A,N/A,N/A,NOT_CALCULATED,N/A,N/A,N/A,UNKNOWN,N/A,N/A,N/A,N/A,N/A,N/A,N/A,NOT_CALCULATED,N/A,LOW,STAGE_MAPPED_ONLY,LOW
2396,라이프시티아파트,11380,서울,N/A,N/A,0,PRE_PROJECT,NO_OFFICIAL_RECORD,공식 정비사업 기록 없음(선별 후보),,,255.2718768271292,123,N/A,41.71544715447155,N/A,N/A,N/A,N/A,N/A,N/A,N/A,N/A,NOT_CALCULATED,N/A,N/A,N/A,UNKNOWN,N/A,N/A,N/A,N/A,N/A,N/A,N/A,NOT_CALCULATED,N/A,LOW,STAGE_MAPPED_ONLY,LOW
3749,라이프아파트,11620,서울,N/A,N/A,0,PRE_PROJECT,NO_OFFICIAL_RECORD,공식 정비사업 기록 없음(선별 후보),,,443.6924355358582,171,N/A,23.223391812865497,N/A,N/A,N/A,N/A,N/A,N/A,N/A,N/A,NOT_CALCULATED,N/A,N/A,N/A,UNKNOWN,N/A,N/A,N/A,N/A,N/A,N/A,N/A,NOT_CALCULATED,N/A,LOW,STAGE_MAPPED_ONLY,LOW
3879,라인아파트,11650,서울,N/A,N/A,0,PRE_PROJECT,NO_OFFICIAL_RECORD,공식 정비사업 기록 없음(선별 후보),,,304.5879896150807,85,N/A,41.68941176470588,N/A,N/A,N/A,N/A,N/A,N/A,N/A,N/A,NOT_CALCULATED,N/A,N/A,N/A,UNKNOWN,N/A,N/A,N/A,N/A,N/A,N/A,N/A,NOT_CALCULATED,N/A,LOW,STAGE_MAPPED_ONLY,LOW
3423,래미안당산1차아파트,11560,서울,N/A,N/A,0,PRE_PROJECT,NO_OFFICIAL_RECORD,공식 정비사업 기록 없음(선별 후보),,,449.958931705139,348,N/A,27.673275862068962,N/A,N/A,N/A,N/A,N/A,N/A,N/A,N/A,NOT_CALCULATED,N/A,N/A,N/A,UNKNOWN,N/A,N/A,N/A,N/A,N/A,N/A,N/A,NOT_CALCULATED,N/A,LOW,STAGE_MAPPED_ONLY,LOW
4080,래미안대치하이스턴,11680,서울,N/A,N/A,0,PRE_PROJECT,NO_OFFICIAL_RECORD,공식 정비사업 기록 없음(선별 후보),,,466.9306394754827,354,N/A,41.749435028248584,N/A,N/A,N/A,N/A,N/A,N/A,N/A,N/A,NOT_CALCULATED,N/A,N/A,N/A,UNKNOWN,N/A,N/A,N/A,N/A,N/A,N/A,N/A,NOT_CALCULATED,N/A,LOW,STAGE_MAPPED_ONLY,LOW
2340,롯데우성,11350,서울,N/A,N/A,0,PRE_PROJECT,NO_OFFICIAL_RECORD,공식 정비사업 기록 없음(선별 후보),,,262.35227282314924,568,N/A,62.60052816901408,N/A,N/A,N/A,N/A,N/A,N/A,N/A,N/A,NOT_CALCULATED,N/A,N/A,N/A,UNKNOWN,N/A,N/A,N/A,N/A,N/A,N/A,N/A,NOT_CALCULATED,N/A,LOW,STAGE_MAPPED_ONLY,LOW
3655,롯데타워아파트,11590,서울,N/A,N/A,0,PRE_PROJECT,NO_OFFICIAL_RECORD,공식 정비사업 기록 없음(선별 후보),,,N/A,90,N/A,55.36666666666667,N/A,N/A,N/A,N/A,N/A,N/A,N/A,N/A,NOT_CALCULATED,N/A,N/A,N/A,UNKNOWN,N/A,N/A,N/A,N/A,N/A,N/A,N/A,NOT_CALCULATED,N/A,LOW,STAGE_MAPPED_ONLY,LOW
3040,마곡나루경남아파트,11500,서울,N/A,N/A,0,PRE_PROJECT,NO_OFFICIAL_RECORD,공식 정비사업 기록 없음(선별 후보),,,280.90443686006824,140,N/A,41.857142857142854,N/A,N/A,N/A,N/A,N/A,N/A,N/A,N/A,NOT_CALCULATED,N/A,N/A,N/A,UNKNOWN,N/A,N/A,N/A,N/A,N/A,N/A,N/A,NOT_CALCULATED,N/A,LOW,STAGE_MAPPED_ONLY,LOW
3049,마곡신안,11500,서울,N/A,N/A,0,PRE_PROJECT,NO_OFFICIAL_RECORD,공식 정비사업 기록 없음(선별 후보),,,358.36111575939344,253,N/A,30.706324110671936,N/A,N/A,N/A,N/A,N/A,N/A,N/A,N/A,NOT_CALCULATED,N/A,N/A,N/A,UNKNOWN,N/A,N/A,N/A,N/A,N/A,N/A,N/A,NOT_CALCULATED,N/A,LOW,STAGE_MAPPED_ONLY,LOW
3106,마곡중앙하이츠아파트,11500,서울,N/A,N/A,0,PRE_PROJECT,NO_OFFICIAL_RECORD,공식 정비사업 기록 없음(선별 후보),,,219.59635811836114,930,N/A,32.241397849462366,N/A,N/A,N/A,N/A,N/A,N/A,N/A,N/A,NOT_CALCULATED,N/A,N/A,N/A,UNKNOWN,N/A,N/A,N/A,N/A,N/A,N/A,N/A,NOT_CALCULATED,N/A,LOW,STAGE_MAPPED_ONLY,LOW
3111,마곡현대1차,11500,서울,N/A,N/A,0,PRE_PROJECT,NO_OFFICIAL_RECORD,공식 정비사업 기록 없음(선별 후보),,,369.62457989611977,337,N/A,31.07893175074184,N/A,N/A,N/A,N/A,N/A,N/A,N/A,N/A,NOT_CALCULATED,N/A,N/A,N/A,UNKNOWN,N/A,N/A,N/A,N/A,N/A,N/A,N/A,NOT_CALCULATED,N/A,LOW,STAGE_MAPPED_ONLY,LOW
4367,마천 삼익아파트,11710,서울,N/A,N/A,0,PRE_PROJECT,NO_OFFICIAL_RECORD,공식 정비사업 기록 없음(선별 후보),,,N/A,N/A,N/A,N/A,N/A,N/A,N/A,N/A,N/A,N/A,N/A,N/A,NOT_CALCULATED,N/A,N/A,N/A,UNKNOWN,N/A,N/A,N/A,N/A,N/A,N/A,N/A,NOT_CALCULATED,N/A,LOW,STAGE_MAPPED_ONLY,LOW
2664,마포 보성 아파트,11440,서울,N/A,N/A,0,PRE_PROJECT,NO_OFFICIAL_RECORD,공식 정비사업 기록 없음(선별 후보),,,N/A,133,N/A,N/A,N/A,N/A,N/A,N/A,N/A,N/A,N/A,N/A,NOT_CALCULATED,N/A,N/A,N/A,UNKNOWN,N/A,N/A,N/A,N/A,N/A,N/A,N/A,NOT_CALCULATED,N/A,LOW,STAGE_MAPPED_ONLY,LOW
2629,마포현대아파트,11440,서울,N/A,N/A,0,PRE_PROJECT,NO_OFFICIAL_RECORD,공식 정비사업 기록 없음(선별 후보),,,212.10105382009786,480,N/A,44.28333333333333,N/A,N/A,N/A,N/A,N/A,N/A,N/A,N/A,NOT_CALCULATED,N/A,N/A,N/A,UNKNOWN,N/A,N/A,N/A,N/A,N/A,N/A,N/A,NOT_CALCULATED,N/A,LOW,STAGE_MAPPED_ONLY,LOW
1687,면목,11260,서울,N/A,N/A,0,PRE_PROJECT,NO_OFFICIAL_RECORD,공식 정비사업 기록 없음(선별 후보),,,181.07671900089937,905,N/A,26.90596685082873,N/A,N/A,N/A,N/A,N/A,N/A,N/A,N/A,NOT_CALCULATED,N/A,N/A,N/A,UNKNOWN,N/A,N/A,N/A,N/A,N/A,N/A,N/A,NOT_CALCULATED,N/A,LOW,STAGE_MAPPED_ONLY,LOW
1671,면목1차두산아파트,11260,서울,N/A,N/A,0,PRE_PROJECT,NO_OFFICIAL_RECORD,공식 정비사업 기록 없음(선별 후보),,,N/A,122,N/A,N/A,N/A,N/A,N/A,N/A,N/A,N/A,N/A,N/A,NOT_CALCULATED,N/A,N/A,N/A,UNKNOWN,N/A,N/A,N/A,N/A,N/A,N/A,N/A,NOT_CALCULATED,N/A,LOW,STAGE_MAPPED_ONLY,LOW
1703,면목두산2.3차,11260,서울,N/A,N/A,0,PRE_PROJECT,NO_OFFICIAL_RECORD,공식 정비사업 기록 없음(선별 후보),,,N/A,345,N/A,N/A,N/A,N/A,N/A,N/A,N/A,N/A,N/A,N/A,NOT_CALCULATED,N/A,N/A,N/A,UNKNOWN,N/A,N/A,N/A,N/A,N/A,N/A,N/A,NOT_CALCULATED,N/A,LOW,STAGE_MAPPED_ONLY,LOW
1680,면목두산6차,11260,서울,N/A,N/A,0,PRE_PROJECT,NO_OFFICIAL_RECORD,공식 정비사업 기록 없음(선별 후보),,,N/A,84,N/A,N/A,N/A,N/A,N/A,N/A,N/A,N/A,N/A,N/A,NOT_CALCULATED,N/A,N/A,N/A,UNKNOWN,N/A,N/A,N/A,N/A,N/A,N/A,N/A,NOT_CALCULATED,N/A,LOW,STAGE_MAPPED_ONLY,LOW
1686,면목한신,11260,서울,N/A,N/A,0,PRE_PROJECT,NO_OFFICIAL_RECORD,공식 정비사업 기록 없음(선별 후보),,,203.6267388120299,1362,N/A,29.02444933920705,N/A,N/A,N/A,N/A,N/A,N/A,N/A,N/A,NOT_CALCULATED,N/A,N/A,N/A,UNKNOWN,N/A,N/A,N/A,N/A,N/A,N/A,N/A,NOT_CALCULATED,N/A,LOW,STAGE_MAPPED_ONLY,LOW
1699,면목현대,11260,서울,N/A,N/A,0,PRE_PROJECT,NO_OFFICIAL_RECORD,공식 정비사업 기록 없음(선별 후보),,,353.5709287680179,626,N/A,34.2444089456869,N/A,N/A,N/A,N/A,N/A,N/A,N/A,N/A,NOT_CALCULATED,N/A,N/A,N/A,UNKNOWN,N/A,N/A,N/A,N/A,N/A,N/A,N/A,NOT_CALCULATED,N/A,LOW,STAGE_MAPPED_ONLY,LOW
1145,명륜아남1차,11110,서울,N/A,N/A,0,PRE_PROJECT,NO_OFFICIAL_RECORD,공식 정비사업 기록 없음(선별 후보),,,361.8324234358506,436,N/A,35.41582568807339,N/A,N/A,N/A,N/A,N/A,N/A,N/A,N/A,NOT_CALCULATED,N/A,N/A,N/A,UNKNOWN,N/A,N/A,N/A,N/A,N/A,N/A,N/A,NOT_CALCULATED,N/A,LOW,STAGE_MAPPED_ONLY,LOW
1144,명륜아남2차아파트,11110,서울,N/A,N/A,0,PRE_PROJECT,NO_OFFICIAL_RECORD,공식 정비사업 기록 없음(선별 후보),,,292.3823721911134,65,N/A,42.310769230769225,N/A,N/A,N/A,N/A,N/A,N/A,N/A,N/A,NOT_CALCULATED,N/A,N/A,N/A,UNKNOWN,N/A,N/A,N/A,N/A,N/A,N/A,N/A,NOT_CALCULATED,N/A,LOW,STAGE_MAPPED_ONLY,LOW
3593,명수대현대아파트,11590,서울,N/A,N/A,0,PRE_PROJECT,NO_OFFICIAL_RECORD,공식 정비사업 기록 없음(선별 후보),,,293.16890479305346,660,N/A,47.25272727272727,N/A,N/A,N/A,N/A,N/A,N/A,N/A,N/A,NOT_CALCULATED,N/A,N/A,N/A,UNKNOWN,N/A,N/A,N/A,N/A,N/A,N/A,N/A,NOT_CALCULATED,N/A,LOW,STAGE_MAPPED_ONLY,LOW
4382,명일삼익그린2차,11740,서울,N/A,N/A,0,PRE_PROJECT,NO_OFFICIAL_RECORD,공식 정비사업 기록 없음(선별 후보),,,259.52077475608814,2400,N/A,32.5425,N/A,N/A,N/A,N/A,N/A,N/A,N/A,N/A,NOT_CALCULATED,N/A,N/A,N/A,UNKNOWN,N/A,N/A,N/A,N/A,N/A,N/A,N/A,NOT_CALCULATED,N/A,LOW,STAGE_MAPPED_ONLY,LOW
4384,명일삼환아파트,11740,서울,N/A,N/A,0,PRE_PROJECT,NO_OFFICIAL_RECORD,공식 정비사업 기록 없음(선별 후보),,,338.72823787074503,306,N/A,35.21437908496732,N/A,N/A,N/A,N/A,N/A,N/A,N/A,N/A,NOT_CALCULATED,N/A,N/A,N/A,UNKNOWN,N/A,N/A,N/A,N/A,N/A,N/A,N/A,NOT_CALCULATED,N/A,LOW,STAGE_MAPPED_ONLY,LOW
4415,명일중앙하이츠아파트,11740,서울,N/A,N/A,0,PRE_PROJECT,NO_OFFICIAL_RECORD,공식 정비사업 기록 없음(선별 후보),,,268.2192537637379,410,N/A,37.08365853658536,N/A,N/A,N/A,N/A,N/A,N/A,N/A,N/A,NOT_CALCULATED,N/A,N/A,N/A,UNKNOWN,N/A,N/A,N/A,N/A,N/A,N/A,N/A,NOT_CALCULATED,N/A,LOW,STAGE_MAPPED_ONLY,LOW
4391,명일현대,11740,서울,N/A,N/A,0,PRE_PROJECT,NO_OFFICIAL_RECORD,공식 정비사업 기록 없음(선별 후보),,,345.5112749964544,226,N/A,31.199115044247787,N/A,N/A,N/A,N/A,N/A,N/A,N/A,N/A,NOT_CALCULATED,N/A,N/A,N/A,UNKNOWN,N/A,N/A,N/A,N/A,N/A,N/A,N/A,NOT_CALCULATED,N/A,LOW,STAGE_MAPPED_ONLY,LOW
2787,목동14단지,11470,서울,N/A,N/A,0,PRE_PROJECT,NO_OFFICIAL_RECORD,공식 정비사업 기록 없음(선별 후보),,,N/A,3100,N/A,N/A,N/A,N/A,N/A,N/A,N/A,N/A,N/A,N/A,NOT_CALCULATED,N/A,N/A,N/A,UNKNOWN,N/A,N/A,N/A,N/A,N/A,N/A,N/A,NOT_CALCULATED,N/A,LOW,STAGE_MAPPED_ONLY,LOW
2853,목동1단지,11470,서울,N/A,N/A,0,PRE_PROJECT,NO_OFFICIAL_RECORD,공식 정비사업 기록 없음(선별 후보),,,119.74033746861164,1882,N/A,86.71487778958554,N/A,N/A,N/A,N/A,N/A,N/A,N/A,N/A,NOT_CALCULATED,N/A,N/A,N/A,UNKNOWN,N/A,N/A,N/A,N/A,N/A,N/A,N/A,NOT_CALCULATED,N/A,LOW,STAGE_MAPPED_ONLY,LOW
2841,목동건영,11470,서울,N/A,N/A,0,PRE_PROJECT,NO_OFFICIAL_RECORD,공식 정비사업 기록 없음(선별 후보),,,314.50522717959,299,N/A,38.35752508361204,N/A,N/A,N/A,N/A,N/A,N/A,N/A,N/A,NOT_CALCULATED,N/A,N/A,N/A,UNKNOWN,N/A,N/A,N/A,N/A,N/A,N/A,N/A,NOT_CALCULATED,N/A,LOW,STAGE_MAPPED_ONLY,LOW
2823,목동금호타운아파트,11470,서울,N/A,N/A,0,PRE_PROJECT,NO_OFFICIAL_RECORD,공식 정비사업 기록 없음(선별 후보),,,348.0731225296443,103,N/A,35.37087378640776,N/A,N/A,N/A,N/A,N/A,N/A,N/A,N/A,NOT_CALCULATED,N/A,N/A,N/A,UNKNOWN,N/A,N/A,N/A,N/A,N/A,N/A,N/A,NOT_CALCULATED,N/A,LOW,STAGE_MAPPED_ONLY,LOW
2836,목동대림2차,11470,서울,N/A,N/A,0,PRE_PROJECT,NO_OFFICIAL_RECORD,공식 정비사업 기록 없음(선별 후보),,,294.1242496579139,262,N/A,38.21412213740458,N/A,N/A,N/A,N/A,N/A,N/A,N/A,N/A,NOT_CALCULATED,N/A,N/A,N/A,UNKNOWN,N/A,N/A,N/A,N/A,N/A,N/A,N/A,NOT_CALCULATED,N/A,LOW,STAGE_MAPPED_ONLY,LOW
2775,목동삼성래미안,11470,서울,N/A,N/A,0,PRE_PROJECT,NO_OFFICIAL_RECORD,공식 정비사업 기록 없음(선별 후보),,,343.77511836189524,420,N/A,39.93,N/A,N/A,N/A,N/A,N/A,N/A,N/A,N/A,NOT_CALCULATED,N/A,N/A,N/A,UNKNOWN,N/A,N/A,N/A,N/A,N/A,N/A,N/A,NOT_CALCULATED,N/A,LOW,STAGE_MAPPED_ONLY,LOW
2855,목동신시가지 6단지아파트,11470,서울,N/A,N/A,0,PRE_PROJECT,NO_OFFICIAL_RECORD,공식 정비사업 기록 없음(선별 후보),,,123.61735941966197,1362,N/A,69.48201174743025,N/A,N/A,N/A,N/A,N/A,N/A,N/A,N/A,NOT_CALCULATED,N/A,N/A,N/A,UNKNOWN,N/A,N/A,N/A,N/A,N/A,N/A,N/A,NOT_CALCULATED,N/A,LOW,STAGE_MAPPED_ONLY,LOW
2856,목동우성,11470,서울,N/A,N/A,0,PRE_PROJECT,NO_OFFICIAL_RECORD,공식 정비사업 기록 없음(선별 후보),,,306.6295211258612,332,N/A,37.732831325301206,N/A,N/A,N/A,N/A,N/A,N/A,N/A,N/A,NOT_CALCULATED,N/A,N/A,N/A,UNKNOWN,N/A,N/A,N/A,N/A,N/A,N/A,N/A,NOT_CALCULATED,N/A,LOW,STAGE_MAPPED_ONLY,LOW
2861,목동현대2차,11470,서울,N/A,N/A,0,PRE_PROJECT,NO_OFFICIAL_RECORD,공식 정비사업 기록 없음(선별 후보),,,490.4114014640331,209,N/A,23.400000000000002,N/A,N/A,N/A,N/A,N/A,N/A,N/A,N/A,NOT_CALCULATED,N/A,N/A,N/A,UNKNOWN,N/A,N/A,N/A,N/A,N/A,N/A,N/A,NOT_CALCULATED,N/A,LOW,STAGE_MAPPED_ONLY,LOW
1322,무학현대,11200,서울,N/A,N/A,0,PRE_PROJECT,NO_OFFICIAL_RECORD,공식 정비사업 기록 없음(선별 후보),,,249.2213222273234,277,N/A,44.03465703971119,N/A,N/A,N/A,N/A,N/A,N/A,N/A,N/A,NOT_CALCULATED,N/A,N/A,N/A,UNKNOWN,N/A,N/A,N/A,N/A,N/A,N/A,N/A,NOT_CALCULATED,N/A,LOW,STAGE_MAPPED_ONLY,LOW
1181,묵정아파트,11140,서울,N/A,N/A,0,PRE_PROJECT,NO_OFFICIAL_RECORD,공식 정비사업 기록 없음(선별 후보),,,233.72743452834985,122,N/A,25.79016393442623,N/A,N/A,N/A,N/A,N/A,N/A,N/A,N/A,NOT_CALCULATED,N/A,N/A,N/A,UNKNOWN,N/A,N/A,N/A,N/A,N/A,N/A,N/A,NOT_CALCULATED,N/A,LOW,STAGE_MAPPED_ONLY,LOW
3448,문래미원아파트,11560,서울,N/A,N/A,0,PRE_PROJECT,NO_OFFICIAL_RECORD,공식 정비사업 기록 없음(선별 후보),,,381.6452345577813,170,N/A,34.44529411764706,N/A,N/A,N/A,N/A,N/A,N/A,N/A,N/A,NOT_CALCULATED,N/A,N/A,N/A,UNKNOWN,N/A,N/A,N/A,N/A,N/A,N/A,N/A,NOT_CALCULATED,N/A,LOW,STAGE_MAPPED_ONLY,LOW
3447,문래유원아파트,11560,서울,N/A,N/A,0,PRE_PROJECT,NO_OFFICIAL_RECORD,공식 정비사업 기록 없음(선별 후보),,,N/A,134,N/A,N/A,N/A,N/A,N/A,N/A,N/A,N/A,N/A,N/A,NOT_CALCULATED,N/A,N/A,N/A,UNKNOWN,N/A,N/A,N/A,N/A,N/A,N/A,N/A,NOT_CALCULATED,N/A,LOW,STAGE_MAPPED_ONLY,LOW
3449,문래한신,11560,서울,N/A,N/A,0,PRE_PROJECT,NO_OFFICIAL_RECORD,공식 정비사업 기록 없음(선별 후보),,,203.60825973504615,186,N/A,53.56989247311828,N/A,N/A,N/A,N/A,N/A,N/A,N/A,N/A,NOT_CALCULATED,N/A,N/A,N/A,UNKNOWN,N/A,N/A,N/A,N/A,N/A,N/A,N/A,NOT_CALCULATED,N/A,LOW,STAGE_MAPPED_ONLY,LOW
3451,문래현대1차,11560,서울,N/A,N/A,0,PRE_PROJECT,NO_OFFICIAL_RECORD,공식 정비사업 기록 없음(선별 후보),,,241.14961065202684,264,N/A,39.742045454545455,N/A,N/A,N/A,N/A,N/A,N/A,N/A,N/A,NOT_CALCULATED,N/A,N/A,N/A,UNKNOWN,N/A,N/A,N/A,N/A,N/A,N/A,N/A,NOT_CALCULATED,N/A,LOW,STAGE_MAPPED_ONLY,LOW
3454,문래현대2차,11560,서울,N/A,N/A,0,PRE_PROJECT,NO_OFFICIAL_RECORD,공식 정비사업 기록 없음(선별 후보),,,265.50005451328025,390,N/A,30.573589743589746,N/A,N/A,N/A,N/A,N/A,N/A,N/A,N/A,NOT_CALCULATED,N/A,N/A,N/A,UNKNOWN,N/A,N/A,N/A,N/A,N/A,N/A,N/A,NOT_CALCULATED,N/A,LOW,STAGE_MAPPED_ONLY,LOW
3441,문래현대3차,11560,서울,N/A,N/A,0,PRE_PROJECT,NO_OFFICIAL_RECORD,공식 정비사업 기록 없음(선별 후보),,,308.332189654609,166,N/A,36.8710843373494,N/A,N/A,N/A,N/A,N/A,N/A,N/A,N/A,NOT_CALCULATED,N/A,N/A,N/A,UNKNOWN,N/A,N/A,N/A,N/A,N/A,N/A,N/A,NOT_CALCULATED,N/A,LOW,STAGE_MAPPED_ONLY,LOW
3443,문래현대5차아파트,11560,서울,N/A,N/A,0,PRE_PROJECT,NO_OFFICIAL_RECORD,공식 정비사업 기록 없음(선별 후보),,,344.52312138728325,282,N/A,33.863829787234046,N/A,N/A,N/A,N/A,N/A,N/A,N/A,N/A,NOT_CALCULATED,N/A,N/A,N/A,UNKNOWN,N/A,N/A,N/A,N/A,N/A,N/A,N/A,NOT_CALCULATED,N/A,LOW,STAGE_MAPPED_ONLY,LOW
4286,문정동현대2차아파트,11710,서울,N/A,N/A,0,PRE_PROJECT,NO_OFFICIAL_RECORD,공식 정비사업 기록 없음(선별 후보),,,N/A,108,N/A,N/A,N/A,N/A,N/A,N/A,N/A,N/A,N/A,N/A,NOT_CALCULATED,N/A,N/A,N/A,UNKNOWN,N/A,N/A,N/A,N/A,N/A,N/A,N/A,NOT_CALCULATED,N/A,LOW,STAGE_MAPPED_ONLY,LOW
4294,문정시영,11710,서울,문정시영아파트 리모델링 주택조합,리모델링,0,PRE_PROJECT,NO_STAGE_EVIDENCE_IN_RECORD,서울 정비사업 정보몽땅,,65.8,274.63565671874335,N/A,N/A,16.094452887537994,N/A,N/A,N/A,N/A,N/A,N/A,N/A,N/A,NOT_CALCULATED,N/A,N/A,N/A,UNKNOWN,N/A,N/A,N/A,N/A,N/A,N/A,N/A,NOT_CALCULATED,N/A,LOW,STAGE_MAPPED_ONLY,LOW
4283,문정현대아파트,11710,서울,N/A,N/A,0,PRE_PROJECT,NO_OFFICIAL_RECORD,공식 정비사업 기록 없음(선별 후보),,,272.6290542146546,120,N/A,38.56583333333333,N/A,N/A,N/A,N/A,N/A,N/A,N/A,N/A,NOT_CALCULATED,N/A,N/A,N/A,UNKNOWN,N/A,N/A,N/A,N/A,N/A,N/A,N/A,NOT_CALCULATED,N/A,LOW,STAGE_MAPPED_ONLY,LOW
4287,문정현대아파트,11710,서울,N/A,N/A,0,PRE_PROJECT,NO_OFFICIAL_RECORD,공식 정비사업 기록 없음(선별 후보),,,N/A,120,N/A,N/A,N/A,N/A,N/A,N/A,N/A,N/A,N/A,N/A,NOT_CALCULATED,N/A,N/A,N/A,UNKNOWN,N/A,N/A,N/A,N/A,N/A,N/A,N/A,NOT_CALCULATED,N/A,LOW,STAGE_MAPPED_ONLY,LOW
2460,미성아파트(신사동),11380,서울,N/A,N/A,0,PRE_PROJECT,NO_OFFICIAL_RECORD,공식 정비사업 기록 없음(선별 후보),,,441.5763168012303,570,N/A,22.81578947368421,N/A,N/A,N/A,N/A,N/A,N/A,N/A,N/A,NOT_CALCULATED,N/A,N/A,N/A,UNKNOWN,N/A,N/A,N/A,N/A,N/A,N/A,N/A,NOT_CALCULATED,N/A,LOW,STAGE_MAPPED_ONLY,LOW
1966,미아현대,11305,서울,N/A,N/A,0,PRE_PROJECT,NO_OFFICIAL_RECORD,공식 정비사업 기록 없음(선별 후보),,,275.5483412425919,231,N/A,39.59047619047619,N/A,N/A,N/A,N/A,N/A,N/A,N/A,N/A,NOT_CALCULATED,N/A,N/A,N/A,UNKNOWN,N/A,N/A,N/A,N/A,N/A,N/A,N/A,NOT_CALCULATED,N/A,LOW,STAGE_MAPPED_ONLY,LOW
3884,반포미도아파트,11650,서울,N/A,N/A,0,PRE_PROJECT,NO_OFFICIAL_RECORD,공식 정비사업 기록 없음(선별 후보),,,162.45963814877865,1260,N/A,60.14047619047619,N/A,N/A,N/A,N/A,N/A,N/A,N/A,N/A,NOT_CALCULATED,N/A,N/A,N/A,UNKNOWN,N/A,N/A,N/A,N/A,N/A,N/A,N/A,NOT_CALCULATED,N/A,LOW,STAGE_MAPPED_ONLY,LOW
3892,반포한신서래,11650,서울,N/A,N/A,0,PRE_PROJECT,NO_OFFICIAL_RECORD,공식 정비사업 기록 없음(선별 후보),,,236.36023916292976,414,N/A,51.710144927536234,N/A,N/A,N/A,N/A,N/A,N/A,N/A,N/A,NOT_CALCULATED,N/A,N/A,N/A,UNKNOWN,N/A,N/A,N/A,N/A,N/A,N/A,N/A,NOT_CALCULATED,N/A,LOW,STAGE_MAPPED_ONLY,LOW
3868,반포한신타워,11650,서울,N/A,N/A,0,PRE_PROJECT,NO_OFFICIAL_RECORD,공식 정비사업 기록 없음(선별 후보),,,374.7408601796702,250,N/A,36.466800000000006,N/A,N/A,N/A,N/A,N/A,N/A,N/A,N/A,NOT_CALCULATED,N/A,N/A,N/A,UNKNOWN,N/A,N/A,N/A,N/A,N/A,N/A,N/A,NOT_CALCULATED,N/A,LOW,STAGE_MAPPED_ONLY,LOW
3891,반포현대동궁,11650,서울,N/A,N/A,0,PRE_PROJECT,NO_OFFICIAL_RECORD,공식 정비사업 기록 없음(선별 후보),,,217.2365150802714,224,N/A,46.521875,N/A,N/A,N/A,N/A,N/A,N/A,N/A,N/A,NOT_CALCULATED,N/A,N/A,N/A,UNKNOWN,N/A,N/A,N/A,N/A,N/A,N/A,N/A,NOT_CALCULATED,N/A,LOW,STAGE_MAPPED_ONLY,LOW
3804,방배우성,11650,서울,N/A,N/A,0,PRE_PROJECT,NO_OFFICIAL_RECORD,공식 정비사업 기록 없음(선별 후보),,,476.80217628962953,468,N/A,25.213461538461537,N/A,N/A,N/A,N/A,N/A,N/A,N/A,N/A,NOT_CALCULATED,N/A,N/A,N/A,UNKNOWN,N/A,N/A,N/A,N/A,N/A,N/A,N/A,NOT_CALCULATED,N/A,LOW,STAGE_MAPPED_ONLY,LOW
3799,"방배임광1,2차",11650,서울,N/A,N/A,0,PRE_PROJECT,NO_OFFICIAL_RECORD,공식 정비사업 기록 없음(선별 후보),,,205.71065796490515,418,N/A,75.3665071770335,N/A,N/A,N/A,N/A,N/A,N/A,N/A,N/A,NOT_CALCULATED,N/A,N/A,N/A,UNKNOWN,N/A,N/A,N/A,N/A,N/A,N/A,N/A,NOT_CALCULATED,N/A,LOW,STAGE_MAPPED_ONLY,LOW
4328,방이코오롱,11710,서울,N/A,N/A,0,PRE_PROJECT,NO_OFFICIAL_RECORD,공식 정비사업 기록 없음(선별 후보),,,N/A,758,N/A,N/A,N/A,N/A,N/A,N/A,N/A,N/A,N/A,N/A,NOT_CALCULATED,N/A,N/A,N/A,UNKNOWN,N/A,N/A,N/A,N/A,N/A,N/A,N/A,NOT_CALCULATED,N/A,LOW,STAGE_MAPPED_ONLY,LOW
2066,방학4단지신동아,11320,서울,N/A,N/A,0,PRE_PROJECT,NO_OFFICIAL_RECORD,공식 정비사업 기록 없음(선별 후보),,,N/A,361,N/A,N/A,N/A,N/A,N/A,N/A,N/A,N/A,N/A,N/A,NOT_CALCULATED,N/A,N/A,N/A,UNKNOWN,N/A,N/A,N/A,N/A,N/A,N/A,N/A,NOT_CALCULATED,N/A,LOW,STAGE_MAPPED_ONLY,LOW
2061,방학거성학마을,11320,서울,N/A,N/A,0,PRE_PROJECT,NO_OFFICIAL_RECORD,공식 정비사업 기록 없음(선별 후보),,,421.03156505623105,347,N/A,29.69942363112392,N/A,N/A,N/A,N/A,N/A,N/A,N/A,N/A,NOT_CALCULATED,N/A,N/A,N/A,UNKNOWN,N/A,N/A,N/A,N/A,N/A,N/A,N/A,NOT_CALCULATED,N/A,LOW,STAGE_MAPPED_ONLY,LOW
2047,방학극동아파트,11320,서울,N/A,N/A,0,PRE_PROJECT,NO_OFFICIAL_RECORD,공식 정비사업 기록 없음(선별 후보),,,337.1208762719554,167,N/A,36.955688622754494,N/A,N/A,N/A,N/A,N/A,N/A,N/A,N/A,NOT_CALCULATED,N/A,N/A,N/A,UNKNOWN,N/A,N/A,N/A,N/A,N/A,N/A,N/A,NOT_CALCULATED,N/A,LOW,STAGE_MAPPED_ONLY,LOW
2050,방학삼익세라믹,11320,서울,N/A,N/A,0,PRE_PROJECT,NO_OFFICIAL_RECORD,공식 정비사업 기록 없음(선별 후보),,,234.17821197989355,476,N/A,37.029831932773114,N/A,N/A,N/A,N/A,N/A,N/A,N/A,N/A,NOT_CALCULATED,N/A,N/A,N/A,UNKNOWN,N/A,N/A,N/A,N/A,N/A,N/A,N/A,NOT_CALCULATED,N/A,LOW,STAGE_MAPPED_ONLY,LOW
2045,방학성원,11320,서울,N/A,N/A,0,PRE_PROJECT,NO_OFFICIAL_RECORD,공식 정비사업 기록 없음(선별 후보),,,N/A,258,N/A,N/A,N/A,N/A,N/A,N/A,N/A,N/A,N/A,N/A,NOT_CALCULATED,N/A,N/A,N/A,UNKNOWN,N/A,N/A,N/A,N/A,N/A,N/A,N/A,NOT_CALCULATED,N/A,LOW,STAGE_MAPPED_ONLY,LOW
2051,방학신동아1단지,11320,서울,N/A,N/A,0,PRE_PROJECT,NO_OFFICIAL_RECORD,공식 정비사업 기록 없음(선별 후보),,,N/A,3169,N/A,N/A,N/A,N/A,N/A,N/A,N/A,N/A,N/A,N/A,NOT_CALCULATED,N/A,N/A,N/A,UNKNOWN,N/A,N/A,N/A,N/A,N/A,N/A,N/A,NOT_CALCULATED,N/A,LOW,STAGE_MAPPED_ONLY,LOW
2060,방학신동아2단지,11320,서울,N/A,N/A,0,PRE_PROJECT,NO_OFFICIAL_RECORD,공식 정비사업 기록 없음(선별 후보),,,256.8569771046727,660,N/A,49.361666666666665,N/A,N/A,N/A,N/A,N/A,N/A,N/A,N/A,NOT_CALCULATED,N/A,N/A,N/A,UNKNOWN,N/A,N/A,N/A,N/A,N/A,N/A,N/A,NOT_CALCULATED,N/A,LOW,STAGE_MAPPED_ONLY,LOW
2054,방학신동아3단지,11320,서울,N/A,N/A,0,PRE_PROJECT,NO_OFFICIAL_RECORD,공식 정비사업 기록 없음(선별 후보),,,237.4482128559404,210,N/A,46.38952380952381,N/A,N/A,N/A,N/A,N/A,N/A,N/A,N/A,NOT_CALCULATED,N/A,N/A,N/A,UNKNOWN,N/A,N/A,N/A,N/A,N/A,N/A,N/A,NOT_CALCULATED,N/A,LOW,STAGE_MAPPED_ONLY,LOW
2056,방학우성1차,11320,서울,N/A,N/A,0,PRE_PROJECT,NO_OFFICIAL_RECORD,공식 정비사업 기록 없음(선별 후보),,,N/A,658,N/A,N/A,N/A,N/A,N/A,N/A,N/A,N/A,N/A,N/A,NOT_CALCULATED,N/A,N/A,N/A,UNKNOWN,N/A,N/A,N/A,N/A,N/A,N/A,N/A,NOT_CALCULATED,N/A,LOW,STAGE_MAPPED_ONLY,LOW
2058,방학우성2차,11320,서울,N/A,N/A,0,PRE_PROJECT,NO_OFFICIAL_RECORD,공식 정비사업 기록 없음(선별 후보),,,339.67396709832707,558,N/A,36.03655913978495,N/A,N/A,N/A,N/A,N/A,N/A,N/A,N/A,NOT_CALCULATED,N/A,N/A,N/A,UNKNOWN,N/A,N/A,N/A,N/A,N/A,N/A,N/A,NOT_CALCULATED,N/A,LOW,STAGE_MAPPED_ONLY,LOW
2055,방학청구,11320,서울,N/A,N/A,0,PRE_PROJECT,NO_OFFICIAL_RECORD,공식 정비사업 기록 없음(선별 후보),,,N/A,978,N/A,N/A,N/A,N/A,N/A,N/A,N/A,N/A,N/A,N/A,NOT_CALCULATED,N/A,N/A,N/A,UNKNOWN,N/A,N/A,N/A,N/A,N/A,N/A,N/A,NOT_CALCULATED,N/A,LOW,STAGE_MAPPED_ONLY,LOW
2049,방학한화성원,11320,서울,N/A,N/A,0,PRE_PROJECT,NO_OFFICIAL_RECORD,공식 정비사업 기록 없음(선별 후보),,,285.02094236692295,336,N/A,37.58898809523809,N/A,N/A,N/A,N/A,N/A,N/A,N/A,N/A,NOT_CALCULATED,N/A,N/A,N/A,UNKNOWN,N/A,N/A,N/A,N/A,N/A,N/A,N/A,NOT_CALCULATED,N/A,LOW,STAGE_MAPPED_ONLY,LOW
3110,방화11단지,11500,서울,N/A,N/A,0,PRE_PROJECT,NO_OFFICIAL_RECORD,공식 정비사업 기록 없음(선별 후보),,,146.25305004023224,1065,N/A,21.58826291079812,N/A,N/A,N/A,N/A,N/A,N/A,N/A,N/A,NOT_CALCULATED,N/A,N/A,N/A,UNKNOWN,N/A,N/A,N/A,N/A,N/A,N/A,N/A,NOT_CALCULATED,N/A,LOW,STAGE_MAPPED_ONLY,LOW
3103,방화1단지(장미),11500,서울,N/A,N/A,0,PRE_PROJECT,NO_OFFICIAL_RECORD,공식 정비사업 기록 없음(선별 후보),,,235.18362989323842,387,N/A,32.674418604651166,N/A,N/A,N/A,N/A,N/A,N/A,N/A,N/A,NOT_CALCULATED,N/A,N/A,N/A,UNKNOWN,N/A,N/A,N/A,N/A,N/A,N/A,N/A,NOT_CALCULATED,N/A,LOW,STAGE_MAPPED_ONLY,LOW
3120,방화2-2 그린,11500,서울,N/A,N/A,0,PRE_PROJECT,NO_OFFICIAL_RECORD,공식 정비사업 기록 없음(선별 후보),,,104.86647809291361,984,N/A,57.37693089430894,N/A,N/A,N/A,N/A,N/A,N/A,N/A,N/A,NOT_CALCULATED,N/A,N/A,N/A,UNKNOWN,N/A,N/A,N/A,N/A,N/A,N/A,N/A,NOT_CALCULATED,N/A,LOW,STAGE_MAPPED_ONLY,LOW
3104,방화2단지,11500,서울,N/A,N/A,0,PRE_PROJECT,NO_OFFICIAL_RECORD,공식 정비사업 기록 없음(선별 후보),,,84.34446827692356,1563,N/A,36.12213691618682,N/A,N/A,N/A,N/A,N/A,N/A,N/A,N/A,NOT_CALCULATED,N/A,N/A,N/A,UNKNOWN,N/A,N/A,N/A,N/A,N/A,N/A,N/A,NOT_CALCULATED,N/A,LOW,STAGE_MAPPED_ONLY,LOW
3119,방화4단지(삼익삼환),11500,서울,N/A,N/A,0,PRE_PROJECT,NO_OFFICIAL_RECORD,공식 정비사업 기록 없음(선별 후보),,,312.13794515733576,680,N/A,53.141323529411764,N/A,N/A,N/A,N/A,N/A,N/A,N/A,N/A,NOT_CALCULATED,N/A,N/A,N/A,UNKNOWN,N/A,N/A,N/A,N/A,N/A,N/A,N/A,NOT_CALCULATED,N/A,LOW,STAGE_MAPPED_ONLY,LOW
3116,방화5단지,11500,서울,N/A,N/A,0,PRE_PROJECT,NO_OFFICIAL_RECORD,공식 정비사업 기록 없음(선별 후보),,,149.88544848556538,1372,N/A,31.425,N/A,N/A,N/A,N/A,N/A,N/A,N/A,N/A,NOT_CALCULATED,N/A,N/A,N/A,UNKNOWN,N/A,N/A,N/A,N/A,N/A,N/A,N/A,NOT_CALCULATED,N/A,LOW,STAGE_MAPPED_ONLY,LOW
3115,방화6단지,11500,서울,N/A,N/A,0,PRE_PROJECT,NO_OFFICIAL_RECORD,공식 정비사업 기록 없음(선별 후보),,,135.64956819150078,1000,N/A,25.115299999999998,N/A,N/A,N/A,N/A,N/A,N/A,N/A,N/A,NOT_CALCULATED,N/A,N/A,N/A,UNKNOWN,N/A,N/A,N/A,N/A,N/A,N/A,N/A,NOT_CALCULATED,N/A,LOW,STAGE_MAPPED_ONLY,LOW
3113,방화9단지,11500,서울,N/A,N/A,0,PRE_PROJECT,NO_OFFICIAL_RECORD,공식 정비사업 기록 없음(선별 후보),,,185.81006080987117,250,N/A,31.639599999999998,N/A,N/A,N/A,N/A,N/A,N/A,N/A,N/A,NOT_CALCULATED,N/A,N/A,N/A,UNKNOWN,N/A,N/A,N/A,N/A,N/A,N/A,N/A,NOT_CALCULATED,N/A,LOW,STAGE_MAPPED_ONLY,LOW
3093,방화길훈,11500,서울,N/A,N/A,0,PRE_PROJECT,NO_OFFICIAL_RECORD,공식 정비사업 기록 없음(선별 후보),,,241.71003898635482,112,N/A,36.642857142857146,N/A,N/A,N/A,N/A,N/A,N/A,N/A,N/A,NOT_CALCULATED,N/A,N/A,N/A,UNKNOWN,N/A,N/A,N/A,N/A,N/A,N/A,N/A,NOT_CALCULATED,N/A,LOW,STAGE_MAPPED_ONLY,LOW
3114,방화동 개화아파트,11500,서울,N/A,N/A,0,PRE_PROJECT,NO_OFFICIAL_RECORD,공식 정비사업 기록 없음(선별 후보),,,311.68296078211756,462,N/A,54.109956709956705,N/A,N/A,N/A,N/A,N/A,N/A,N/A,N/A,NOT_CALCULATED,N/A,N/A,N/A,UNKNOWN,N/A,N/A,N/A,N/A,N/A,N/A,N/A,NOT_CALCULATED,N/A,LOW,STAGE_MAPPED_ONLY,LOW
3107,방화동성아파트,11500,서울,N/A,N/A,0,PRE_PROJECT,NO_OFFICIAL_RECORD,공식 정비사업 기록 없음(선별 후보),,,231.53015962706598,686,N/A,41.27696793002915,N/A,N/A,N/A,N/A,N/A,N/A,N/A,N/A,NOT_CALCULATED,N/A,N/A,N/A,UNKNOWN,N/A,N/A,N/A,N/A,N/A,N/A,N/A,NOT_CALCULATED,N/A,LOW,STAGE_MAPPED_ONLY,LOW
3099,방화신동아,11500,서울,N/A,N/A,0,PRE_PROJECT,NO_OFFICIAL_RECORD,공식 정비사업 기록 없음(선별 후보),,,N/A,224,N/A,N/A,N/A,N/A,N/A,N/A,N/A,N/A,N/A,N/A,NOT_CALCULATED,N/A,N/A,N/A,UNKNOWN,N/A,N/A,N/A,N/A,N/A,N/A,N/A,NOT_CALCULATED,N/A,LOW,STAGE_MAPPED_ONLY,LOW
3112,방화진로,11500,서울,N/A,N/A,0,PRE_PROJECT,NO_OFFICIAL_RECORD,공식 정비사업 기록 없음(선별 후보),,,256.97826113611006,160,N/A,50.974374999999995,N/A,N/A,N/A,N/A,N/A,N/A,N/A,N/A,NOT_CALCULATED,N/A,N/A,N/A,UNKNOWN,N/A,N/A,N/A,N/A,N/A,N/A,N/A,NOT_CALCULATED,N/A,LOW,STAGE_MAPPED_ONLY,LOW
3118,방화청솔3단지,11500,서울,N/A,N/A,0,PRE_PROJECT,NO_OFFICIAL_RECORD,공식 정비사업 기록 없음(선별 후보),,,237.0289760490765,488,N/A,31.399590163934427,N/A,N/A,N/A,N/A,N/A,N/A,N/A,N/A,NOT_CALCULATED,N/A,N/A,N/A,UNKNOWN,N/A,N/A,N/A,N/A,N/A,N/A,N/A,NOT_CALCULATED,N/A,LOW,STAGE_MAPPED_ONLY,LOW
1979,번동1단지주공아파트,11305,서울,N/A,N/A,0,PRE_PROJECT,NO_OFFICIAL_RECORD,공식 정비사업 기록 없음(선별 후보),,,142.52115440331215,1430,N/A,44.89468531468532,N/A,N/A,N/A,N/A,N/A,N/A,N/A,N/A,NOT_CALCULATED,N/A,N/A,N/A,UNKNOWN,N/A,N/A,N/A,N/A,N/A,N/A,N/A,NOT_CALCULATED,N/A,LOW,STAGE_MAPPED_ONLY,LOW
1989,번동주공2단지,11305,서울,N/A,N/A,0,PRE_PROJECT,NO_OFFICIAL_RECORD,공식 정비사업 기록 없음(선별 후보),,,149.63159103497654,1766,N/A,25.148697621744052,N/A,N/A,N/A,N/A,N/A,N/A,N/A,N/A,NOT_CALCULATED,N/A,N/A,N/A,UNKNOWN,N/A,N/A,N/A,N/A,N/A,N/A,N/A,NOT_CALCULATED,N/A,LOW,STAGE_MAPPED_ONLY,LOW
1991,번동주공3단지,11305,서울,N/A,N/A,0,PRE_PROJECT,NO_OFFICIAL_RECORD,공식 정비사업 기록 없음(선별 후보),,,154.44185151908775,1560,N/A,24.32929487179487,N/A,N/A,N/A,N/A,N/A,N/A,N/A,N/A,NOT_CALCULATED,N/A,N/A,N/A,UNKNOWN,N/A,N/A,N/A,N/A,N/A,N/A,N/A,NOT_CALCULATED,N/A,LOW,STAGE_MAPPED_ONLY,LOW
1982,번동주공4단지,11305,서울,N/A,N/A,0,PRE_PROJECT,NO_OFFICIAL_RECORD,공식 정비사업 기록 없음(선별 후보),,,150.41462455882103,900,N/A,53.14044444444445,N/A,N/A,N/A,N/A,N/A,N/A,N/A,N/A,NOT_CALCULATED,N/A,N/A,N/A,UNKNOWN,N/A,N/A,N/A,N/A,N/A,N/A,N/A,NOT_CALCULATED,N/A,LOW,STAGE_MAPPED_ONLY,LOW
1992,번동한양,11305,서울,N/A,N/A,0,PRE_PROJECT,NO_OFFICIAL_RECORD,공식 정비사업 기록 없음(선별 후보),,,203.06448991652508,261,N/A,51.86590038314176,N/A,N/A,N/A,N/A,N/A,N/A,N/A,N/A,NOT_CALCULATED,N/A,N/A,N/A,UNKNOWN,N/A,N/A,N/A,N/A,N/A,N/A,N/A,NOT_CALCULATED,N/A,LOW,STAGE_MAPPED_ONLY,LOW
2057,벽산1,11320,서울,N/A,N/A,0,PRE_PROJECT,NO_OFFICIAL_RECORD,공식 정비사업 기록 없음(선별 후보),,,213.26961470139753,489,N/A,39.02638036809816,N/A,N/A,N/A,N/A,N/A,N/A,N/A,N/A,NOT_CALCULATED,N/A,N/A,N/A,UNKNOWN,N/A,N/A,N/A,N/A,N/A,N/A,N/A,NOT_CALCULATED,N/A,LOW,STAGE_MAPPED_ONLY,LOW
3692,보라매삼성,11620,서울,N/A,N/A,0,PRE_PROJECT,NO_OFFICIAL_RECORD,공식 정비사업 기록 없음(선별 후보),,,347.90017873201015,710,N/A,37.74633802816901,N/A,N/A,N/A,N/A,N/A,N/A,N/A,N/A,NOT_CALCULATED,N/A,N/A,N/A,UNKNOWN,N/A,N/A,N/A,N/A,N/A,N/A,N/A,NOT_CALCULATED,N/A,LOW,STAGE_MAPPED_ONLY,LOW
3668,보라매우성,11590,서울,N/A,N/A,0,PRE_PROJECT,NO_OFFICIAL_RECORD,공식 정비사업 기록 없음(선별 후보),,,N/A,199,N/A,N/A,N/A,N/A,N/A,N/A,N/A,N/A,N/A,N/A,NOT_CALCULATED,N/A,N/A,N/A,UNKNOWN,N/A,N/A,N/A,N/A,N/A,N/A,N/A,NOT_CALCULATED,N/A,LOW,STAGE_MAPPED_ONLY,LOW
1838,보문아남,11290,서울,N/A,N/A,0,PRE_PROJECT,NO_OFFICIAL_RECORD,공식 정비사업 기록 없음(선별 후보),,,306.577849308536,218,N/A,38.477064220183486,N/A,N/A,N/A,N/A,N/A,N/A,N/A,N/A,NOT_CALCULATED,N/A,N/A,N/A,UNKNOWN,N/A,N/A,N/A,N/A,N/A,N/A,N/A,NOT_CALCULATED,N/A,LOW,STAGE_MAPPED_ONLY,LOW
3582,본동신동아,11590,서울,N/A,N/A,0,PRE_PROJECT,NO_OFFICIAL_RECORD,공식 정비사업 기록 없음(선별 후보),,,276.41663362217474,765,N/A,40.217777777777776,N/A,N/A,N/A,N/A,N/A,N/A,N/A,N/A,NOT_CALCULATED,N/A,N/A,N/A,UNKNOWN,N/A,N/A,N/A,N/A,N/A,N/A,N/A,NOT_CALCULATED,N/A,LOW,STAGE_MAPPED_ONLY,LOW
2597,북가좌삼호,11410,서울,N/A,N/A,0,PRE_PROJECT,NO_OFFICIAL_RECORD,공식 정비사업 기록 없음(선별 후보),,,351.6347324905227,616,N/A,37.855194805194806,N/A,N/A,N/A,N/A,N/A,N/A,N/A,N/A,NOT_CALCULATED,N/A,N/A,N/A,UNKNOWN,N/A,N/A,N/A,N/A,N/A,N/A,N/A,NOT_CALCULATED,N/A,LOW,STAGE_MAPPED_ONLY,LOW
2598,북가좌삼호제2,11410,서울,N/A,N/A,0,PRE_PROJECT,NO_OFFICIAL_RECORD,공식 정비사업 기록 없음(선별 후보),,,61.12299946824022,267,N/A,87.33632958801498,N/A,N/A,N/A,N/A,N/A,N/A,N/A,N/A,NOT_CALCULATED,N/A,N/A,N/A,UNKNOWN,N/A,N/A,N/A,N/A,N/A,N/A,N/A,NOT_CALCULATED,N/A,LOW,STAGE_MAPPED_ONLY,LOW
2533,북아현경남아파트(101동),11410,서울,N/A,N/A,0,PRE_PROJECT,NO_OFFICIAL_RECORD,공식 정비사업 기록 없음(선별 후보),,,416.3838093281282,106,N/A,32.14056603773585,N/A,N/A,N/A,N/A,N/A,N/A,N/A,N/A,NOT_CALCULATED,N/A,N/A,N/A,UNKNOWN,N/A,N/A,N/A,N/A,N/A,N/A,N/A,NOT_CALCULATED,N/A,LOW,STAGE_MAPPED_ONLY,LOW
2994,비원빌라,11500,서울,N/A,N/A,0,PRE_PROJECT,NO_OFFICIAL_RECORD,공식 정비사업 기록 없음(선별 후보),,,142.47093809137604,126,N/A,58.714285714285715,N/A,N/A,N/A,N/A,N/A,N/A,N/A,N/A,NOT_CALCULATED,N/A,N/A,N/A,UNKNOWN,N/A,N/A,N/A,N/A,N/A,N/A,N/A,NOT_CALCULATED,N/A,LOW,STAGE_MAPPED_ONLY,LOW
1269,빌라맨션아파트,11170,서울,N/A,N/A,0,PRE_PROJECT,NO_OFFICIAL_RECORD,공식 정비사업 기록 없음(선별 후보),,,N/A,70,N/A,58.65428571428572,N/A,N/A,N/A,N/A,N/A,N/A,N/A,N/A,NOT_CALCULATED,N/A,N/A,N/A,UNKNOWN,N/A,N/A,N/A,N/A,N/A,N/A,N/A,NOT_CALCULATED,N/A,LOW,STAGE_MAPPED_ONLY,LOW
1337,사근중앙하이츠,11200,서울,N/A,N/A,0,PRE_PROJECT,NO_OFFICIAL_RECORD,공식 정비사업 기록 없음(선별 후보),,,269.2221863914866,270,N/A,34.455555555555556,N/A,N/A,N/A,N/A,N/A,N/A,N/A,N/A,NOT_CALCULATED,N/A,N/A,N/A,UNKNOWN,N/A,N/A,N/A,N/A,N/A,N/A,N/A,NOT_CALCULATED,N/A,LOW,STAGE_MAPPED_ONLY,LOW
3618,사당 대림아파트,11590,서울,N/A,N/A,0,PRE_PROJECT,NO_OFFICIAL_RECORD,공식 정비사업 기록 없음(선별 후보),,,204.1391490303075,1152,N/A,54.14982638888889,N/A,N/A,N/A,N/A,N/A,N/A,N/A,N/A,NOT_CALCULATED,N/A,N/A,N/A,UNKNOWN,N/A,N/A,N/A,N/A,N/A,N/A,N/A,NOT_CALCULATED,N/A,LOW,STAGE_MAPPED_ONLY,LOW
3633,사당극동,11590,서울,N/A,N/A,0,PRE_PROJECT,NO_OFFICIAL_RECORD,공식 정비사업 기록 없음(선별 후보),,,110.13706637261049,1550,N/A,92.79187096774193,N/A,N/A,N/A,N/A,N/A,N/A,N/A,N/A,NOT_CALCULATED,N/A,N/A,N/A,UNKNOWN,N/A,N/A,N/A,N/A,N/A,N/A,N/A,NOT_CALCULATED,N/A,LOW,STAGE_MAPPED_ONLY,LOW
3629,사당신동아4단지,11590,서울,N/A,N/A,0,PRE_PROJECT,NO_OFFICIAL_RECORD,공식 정비사업 기록 없음(선별 후보),,,267.4555021493797,912,N/A,37.57203947368421,N/A,N/A,N/A,N/A,N/A,N/A,N/A,N/A,NOT_CALCULATED,N/A,N/A,N/A,UNKNOWN,N/A,N/A,N/A,N/A,N/A,N/A,N/A,NOT_CALCULATED,N/A,LOW,STAGE_MAPPED_ONLY,LOW
3631,사당우성(4-3)아파트,11590,서울,N/A,N/A,0,PRE_PROJECT,NO_OFFICIAL_RECORD,공식 정비사업 기록 없음(선별 후보),,,62.952121779299354,855,N/A,168.2191812865497,N/A,N/A,N/A,N/A,N/A,N/A,N/A,N/A,NOT_CALCULATED,N/A,N/A,N/A,UNKNOWN,N/A,N/A,N/A,N/A,N/A,N/A,N/A,NOT_CALCULATED,N/A,LOW,STAGE_MAPPED_ONLY,LOW
3632,사당우성2단지,11590,서울,N/A,N/A,0,PRE_PROJECT,NO_OFFICIAL_RECORD,공식 정비사업 기록 없음(선별 후보),,,73.25235838233883,1080,N/A,133.1735185185185,N/A,N/A,N/A,N/A,N/A,N/A,N/A,N/A,NOT_CALCULATED,N/A,N/A,N/A,UNKNOWN,N/A,N/A,N/A,N/A,N/A,N/A,N/A,NOT_CALCULATED,N/A,LOW,STAGE_MAPPED_ONLY,LOW
3627,사당제일,11590,서울,N/A,N/A,0,PRE_PROJECT,NO_OFFICIAL_RECORD,공식 정비사업 기록 없음(선별 후보),,,195.53345498783457,296,N/A,44.432432432432435,N/A,N/A,N/A,N/A,N/A,N/A,N/A,N/A,NOT_CALCULATED,N/A,N/A,N/A,UNKNOWN,N/A,N/A,N/A,N/A,N/A,N/A,N/A,NOT_CALCULATED,N/A,LOW,STAGE_MAPPED_ONLY,LOW
3634,사당현대아파트,11590,서울,N/A,N/A,0,PRE_PROJECT,NO_OFFICIAL_RECORD,공식 정비사업 기록 없음(선별 후보),,,225.53540213294843,265,N/A,47.06037735849057,N/A,N/A,N/A,N/A,N/A,N/A,N/A,N/A,NOT_CALCULATED,N/A,N/A,N/A,UNKNOWN,N/A,N/A,N/A,N/A,N/A,N/A,N/A,NOT_CALCULATED,N/A,LOW,STAGE_MAPPED_ONLY,LOW
4401,삼성빌라,11740,서울,N/A,N/A,0,PRE_PROJECT,NO_OFFICIAL_RECORD,공식 정비사업 기록 없음(선별 후보),,,108.1943251473861,N/A,N/A,N/A,N/A,N/A,N/A,N/A,N/A,N/A,N/A,N/A,NOT_CALCULATED,N/A,N/A,N/A,UNKNOWN,N/A,N/A,N/A,N/A,N/A,N/A,N/A,NOT_CALCULATED,N/A,LOW,STAGE_MAPPED_ONLY,LOW
4042,삼성석탑아파트,11680,서울,N/A,N/A,0,PRE_PROJECT,NO_OFFICIAL_RECORD,공식 정비사업 기록 없음(선별 후보),,,498.57973077151155,139,N/A,24.263309352517986,N/A,N/A,N/A,N/A,N/A,N/A,N/A,N/A,NOT_CALCULATED,N/A,N/A,N/A,UNKNOWN,N/A,N/A,N/A,N/A,N/A,N/A,N/A,NOT_CALCULATED,N/A,LOW,STAGE_MAPPED_ONLY,LOW
4060,삼성청구타운,11680,서울,N/A,N/A,0,PRE_PROJECT,NO_OFFICIAL_RECORD,공식 정비사업 기록 없음(선별 후보),,,289.7484303899545,167,N/A,41.58323353293413,N/A,N/A,N/A,N/A,N/A,N/A,N/A,N/A,NOT_CALCULATED,N/A,N/A,N/A,UNKNOWN,N/A,N/A,N/A,N/A,N/A,N/A,N/A,NOT_CALCULATED,N/A,LOW,STAGE_MAPPED_ONLY,LOW
2935,삼성하나로,11500,서울,N/A,N/A,0,PRE_PROJECT,NO_OFFICIAL_RECORD,공식 정비사업 기록 없음(선별 후보),,,340.32446523322676,178,N/A,30.387078651685393,N/A,N/A,N/A,N/A,N/A,N/A,N/A,N/A,NOT_CALCULATED,N/A,N/A,N/A,UNKNOWN,N/A,N/A,N/A,N/A,N/A,N/A,N/A,NOT_CALCULATED,N/A,LOW,STAGE_MAPPED_ONLY,LOW
2175,삼익포레스트아파트,11350,서울,N/A,N/A,0,PRE_PROJECT,NO_OFFICIAL_RECORD,공식 정비사업 기록 없음(선별 후보),,,314.9819647974543,845,N/A,39.27230769230769,N/A,N/A,N/A,N/A,N/A,N/A,N/A,N/A,NOT_CALCULATED,N/A,N/A,N/A,UNKNOWN,N/A,N/A,N/A,N/A,N/A,N/A,N/A,NOT_CALCULATED,N/A,LOW,STAGE_MAPPED_ONLY,LOW
4259,삼전현대아파트,11710,서울,N/A,N/A,0,PRE_PROJECT,NO_OFFICIAL_RECORD,공식 정비사업 기록 없음(선별 후보),,,241.2911850279154,120,N/A,42.39,N/A,N/A,N/A,N/A,N/A,N/A,N/A,N/A,NOT_CALCULATED,N/A,N/A,N/A,UNKNOWN,N/A,N/A,N/A,N/A,N/A,N/A,N/A,NOT_CALCULATED,N/A,LOW,STAGE_MAPPED_ONLY,LOW
4380,삼환고덕아파트,11740,서울,N/A,N/A,0,PRE_PROJECT,NO_OFFICIAL_RECORD,공식 정비사업 기록 없음(선별 후보),,,197.376070805083,120,N/A,61.5775,N/A,N/A,N/A,N/A,N/A,N/A,N/A,N/A,NOT_CALCULATED,N/A,N/A,N/A,UNKNOWN,N/A,N/A,N/A,N/A,N/A,N/A,N/A,NOT_CALCULATED,N/A,LOW,STAGE_MAPPED_ONLY,LOW
3241,삼환아파트,11530,서울,N/A,N/A,0,PRE_PROJECT,NO_OFFICIAL_RECORD,공식 정비사업 기록 없음(선별 후보),,,485.75329367289504,783,N/A,25.9117496807152,N/A,N/A,N/A,N/A,N/A,N/A,N/A,N/A,NOT_CALCULATED,N/A,N/A,N/A,UNKNOWN,N/A,N/A,N/A,N/A,N/A,N/A,N/A,NOT_CALCULATED,N/A,LOW,STAGE_MAPPED_ONLY,LOW
2086,상계17단지,11320,서울,N/A,N/A,0,PRE_PROJECT,NO_OFFICIAL_RECORD,공식 정비사업 기록 없음(선별 후보),,,163.30530490377683,1980,N/A,26.692474747474748,N/A,N/A,N/A,N/A,N/A,N/A,N/A,N/A,NOT_CALCULATED,N/A,N/A,N/A,UNKNOWN,N/A,N/A,N/A,N/A,N/A,N/A,N/A,NOT_CALCULATED,N/A,LOW,STAGE_MAPPED_ONLY,LOW
2250,상계금호타운,11350,서울,N/A,N/A,0,PRE_PROJECT,NO_OFFICIAL_RECORD,공식 정비사업 기록 없음(선별 후보),,,389.4631379962193,230,N/A,32.2,N/A,N/A,N/A,N/A,N/A,N/A,N/A,N/A,NOT_CALCULATED,N/A,N/A,N/A,UNKNOWN,N/A,N/A,N/A,N/A,N/A,N/A,N/A,NOT_CALCULATED,N/A,LOW,STAGE_MAPPED_ONLY,LOW
2292,상계마들,11350,서울,N/A,N/A,0,PRE_PROJECT,NO_OFFICIAL_RECORD,공식 정비사업 기록 없음(선별 후보),,,124.40323420027164,170,N/A,46.34294117647059,N/A,N/A,N/A,N/A,N/A,N/A,N/A,N/A,NOT_CALCULATED,N/A,N/A,N/A,UNKNOWN,N/A,N/A,N/A,N/A,N/A,N/A,N/A,NOT_CALCULATED,N/A,LOW,STAGE_MAPPED_ONLY,LOW
2289,상계마들대림,11350,서울,N/A,N/A,0,PRE_PROJECT,NO_OFFICIAL_RECORD,공식 정비사업 기록 없음(선별 후보),,,223.96608841756932,538,N/A,50.777137546468396,N/A,N/A,N/A,N/A,N/A,N/A,N/A,N/A,NOT_CALCULATED,N/A,N/A,N/A,UNKNOWN,N/A,N/A,N/A,N/A,N/A,N/A,N/A,NOT_CALCULATED,N/A,LOW,STAGE_MAPPED_ONLY,LOW
2259,상계미도,11350,서울,N/A,N/A,0,PRE_PROJECT,NO_OFFICIAL_RECORD,공식 정비사업 기록 없음(선별 후보),,,257.79201864258664,600,N/A,49.20633333333333,N/A,N/A,N/A,N/A,N/A,N/A,N/A,N/A,NOT_CALCULATED,N/A,N/A,N/A,UNKNOWN,N/A,N/A,N/A,N/A,N/A,N/A,N/A,NOT_CALCULATED,N/A,LOW,STAGE_MAPPED_ONLY,LOW
2251,상계벽산,11350,서울,N/A,N/A,0,PRE_PROJECT,NO_OFFICIAL_RECORD,공식 정비사업 기록 없음(선별 후보),,,323.2804330583756,1590,N/A,19.82389937106918,N/A,N/A,N/A,N/A,N/A,N/A,N/A,N/A,NOT_CALCULATED,N/A,N/A,N/A,UNKNOWN,N/A,N/A,N/A,N/A,N/A,N/A,N/A,NOT_CALCULATED,N/A,LOW,STAGE_MAPPED_ONLY,LOW
2242,상계수락현대,11350,서울,N/A,N/A,0,PRE_PROJECT,NO_OFFICIAL_RECORD,공식 정비사업 기록 없음(선별 후보),,,227.26331986574402,216,N/A,51.44953703703704,N/A,N/A,N/A,N/A,N/A,N/A,N/A,N/A,NOT_CALCULATED,N/A,N/A,N/A,UNKNOWN,N/A,N/A,N/A,N/A,N/A,N/A,N/A,NOT_CALCULATED,N/A,LOW,STAGE_MAPPED_ONLY,LOW
2281,상계신동아,11350,서울,N/A,N/A,0,PRE_PROJECT,NO_OFFICIAL_RECORD,공식 정비사업 기록 없음(선별 후보),,,N/A,385,N/A,N/A,N/A,N/A,N/A,N/A,N/A,N/A,N/A,N/A,NOT_CALCULATED,N/A,N/A,N/A,UNKNOWN,N/A,N/A,N/A,N/A,N/A,N/A,N/A,NOT_CALCULATED,N/A,LOW,STAGE_MAPPED_ONLY,LOW
2288,상계임광아파트,11350,서울,N/A,N/A,0,PRE_PROJECT,NO_OFFICIAL_RECORD,공식 정비사업 기록 없음(선별 후보),,,224.69012135826384,420,N/A,60.23095238095238,N/A,N/A,N/A,N/A,N/A,N/A,N/A,N/A,NOT_CALCULATED,N/A,N/A,N/A,UNKNOWN,N/A,N/A,N/A,N/A,N/A,N/A,N/A,NOT_CALCULATED,N/A,LOW,STAGE_MAPPED_ONLY,LOW
2274,상계조합대림,11350,서울,N/A,N/A,0,PRE_PROJECT,NO_OFFICIAL_RECORD,공식 정비사업 기록 없음(선별 후보),,,292.34194383400967,675,N/A,32.96577777777778,N/A,N/A,N/A,N/A,N/A,N/A,N/A,N/A,NOT_CALCULATED,N/A,N/A,N/A,UNKNOWN,N/A,N/A,N/A,N/A,N/A,N/A,N/A,NOT_CALCULATED,N/A,LOW,STAGE_MAPPED_ONLY,LOW
2257,상계주공10단지,11350,서울,N/A,N/A,0,PRE_PROJECT,NO_OFFICIAL_RECORD,공식 정비사업 기록 없음(선별 후보),,,151.47919207635724,2654,N/A,41.45825169555388,N/A,N/A,N/A,N/A,N/A,N/A,N/A,N/A,NOT_CALCULATED,N/A,N/A,N/A,UNKNOWN,N/A,N/A,N/A,N/A,N/A,N/A,N/A,NOT_CALCULATED,N/A,LOW,STAGE_MAPPED_ONLY,LOW
2286,상계주공11단지,11350,서울,N/A,N/A,0,PRE_PROJECT,NO_OFFICIAL_RECORD,공식 정비사업 기록 없음(선별 후보),,,272.2988208225482,1944,N/A,24.682407407407407,N/A,N/A,N/A,N/A,N/A,N/A,N/A,N/A,NOT_CALCULATED,N/A,N/A,N/A,UNKNOWN,N/A,N/A,N/A,N/A,N/A,N/A,N/A,NOT_CALCULATED,N/A,LOW,STAGE_MAPPED_ONLY,LOW
2285,상계주공12단지,11350,서울,N/A,N/A,0,PRE_PROJECT,NO_OFFICIAL_RECORD,공식 정비사업 기록 없음(선별 후보),,,N/A,1739,N/A,N/A,N/A,N/A,N/A,N/A,N/A,N/A,N/A,N/A,NOT_CALCULATED,N/A,N/A,N/A,UNKNOWN,N/A,N/A,N/A,N/A,N/A,N/A,N/A,NOT_CALCULATED,N/A,LOW,STAGE_MAPPED_ONLY,LOW
2278,상계주공13단지,11350,서울,N/A,N/A,0,PRE_PROJECT,NO_OFFICIAL_RECORD,공식 정비사업 기록 없음(선별 후보),,,201.1683224080477,939,N/A,34.0356762513312,N/A,N/A,N/A,N/A,N/A,N/A,N/A,N/A,NOT_CALCULATED,N/A,N/A,N/A,UNKNOWN,N/A,N/A,N/A,N/A,N/A,N/A,N/A,NOT_CALCULATED,N/A,LOW,STAGE_MAPPED_ONLY,LOW
2279,상계주공14단지,11350,서울,N/A,N/A,0,PRE_PROJECT,NO_OFFICIAL_RECORD,공식 정비사업 기록 없음(선별 후보),,,175.73817207783546,2265,N/A,34.76172185430464,N/A,N/A,N/A,N/A,N/A,N/A,N/A,N/A,NOT_CALCULATED,N/A,N/A,N/A,UNKNOWN,N/A,N/A,N/A,N/A,N/A,N/A,N/A,NOT_CALCULATED,N/A,LOW,STAGE_MAPPED_ONLY,LOW
2255,상계주공15단지,11350,서울,N/A,N/A,0,PRE_PROJECT,NO_OFFICIAL_RECORD,공식 정비사업 기록 없음(선별 후보),,,65.48832370132041,2100,N/A,81.19419047619047,N/A,N/A,N/A,N/A,N/A,N/A,N/A,N/A,NOT_CALCULATED,N/A,N/A,N/A,UNKNOWN,N/A,N/A,N/A,N/A,N/A,N/A,N/A,NOT_CALCULATED,N/A,LOW,STAGE_MAPPED_ONLY,LOW
2256,상계주공16단지,11350,서울,N/A,N/A,0,PRE_PROJECT,NO_OFFICIAL_RECORD,공식 정비사업 기록 없음(선별 후보),,,92.05778738567973,2392,N/A,71.28252508361203,N/A,N/A,N/A,N/A,N/A,N/A,N/A,N/A,NOT_CALCULATED,N/A,N/A,N/A,UNKNOWN,N/A,N/A,N/A,N/A,N/A,N/A,N/A,NOT_CALCULATED,N/A,LOW,STAGE_MAPPED_ONLY,LOW
2293,상계주공1단지,11350,서울,N/A,N/A,0,PRE_PROJECT,NO_OFFICIAL_RECORD,공식 정비사업 기록 없음(선별 후보),,,N/A,2064,N/A,N/A,N/A,N/A,N/A,N/A,N/A,N/A,N/A,N/A,NOT_CALCULATED,N/A,N/A,N/A,UNKNOWN,N/A,N/A,N/A,N/A,N/A,N/A,N/A,NOT_CALCULATED,N/A,LOW,STAGE_MAPPED_ONLY,LOW
2291,상계주공2단지,11350,서울,N/A,N/A,0,PRE_PROJECT,NO_OFFICIAL_RECORD,공식 정비사업 기록 없음(선별 후보),,,159.66536148504449,2029,N/A,38.56688023656974,N/A,N/A,N/A,N/A,N/A,N/A,N/A,N/A,NOT_CALCULATED,N/A,N/A,N/A,UNKNOWN,N/A,N/A,N/A,N/A,N/A,N/A,N/A,NOT_CALCULATED,N/A,LOW,STAGE_MAPPED_ONLY,LOW
2260,상계주공3단지,11350,서울,N/A,N/A,0,PRE_PROJECT,NO_OFFICIAL_RECORD,공식 정비사업 기록 없음(선별 후보),,,N/A,2213,N/A,N/A,N/A,N/A,N/A,N/A,N/A,N/A,N/A,N/A,NOT_CALCULATED,N/A,N/A,N/A,UNKNOWN,N/A,N/A,N/A,N/A,N/A,N/A,N/A,NOT_CALCULATED,N/A,LOW,STAGE_MAPPED_ONLY,LOW
2253,상계주공4단지,11350,서울,N/A,N/A,0,PRE_PROJECT,NO_OFFICIAL_RECORD,공식 정비사업 기록 없음(선별 후보),,,N/A,2136,N/A,N/A,N/A,N/A,N/A,N/A,N/A,N/A,N/A,N/A,NOT_CALCULATED,N/A,N/A,N/A,UNKNOWN,N/A,N/A,N/A,N/A,N/A,N/A,N/A,NOT_CALCULATED,N/A,LOW,STAGE_MAPPED_ONLY,LOW
2290,상계주공7단지,11350,서울,N/A,N/A,0,PRE_PROJECT,NO_OFFICIAL_RECORD,공식 정비사업 기록 없음(선별 후보),,,N/A,2634,N/A,N/A,N/A,N/A,N/A,N/A,N/A,N/A,N/A,N/A,NOT_CALCULATED,N/A,N/A,N/A,UNKNOWN,N/A,N/A,N/A,N/A,N/A,N/A,N/A,NOT_CALCULATED,N/A,LOW,STAGE_MAPPED_ONLY,LOW
2237,상계중앙하이츠아파트,11350,서울,N/A,N/A,0,PRE_PROJECT,NO_OFFICIAL_RECORD,공식 정비사업 기록 없음(선별 후보),,,320.02464795846214,142,N/A,34.85704225352112,N/A,N/A,N/A,N/A,N/A,N/A,N/A,N/A,NOT_CALCULATED,N/A,N/A,N/A,UNKNOWN,N/A,N/A,N/A,N/A,N/A,N/A,N/A,NOT_CALCULATED,N/A,LOW,STAGE_MAPPED_ONLY,LOW
2294,상계한신,11350,서울,N/A,N/A,0,PRE_PROJECT,NO_OFFICIAL_RECORD,공식 정비사업 기록 없음(선별 후보),,,231.36237137448995,397,N/A,46.975062972292186,N/A,N/A,N/A,N/A,N/A,N/A,N/A,N/A,NOT_CALCULATED,N/A,N/A,N/A,UNKNOWN,N/A,N/A,N/A,N/A,N/A,N/A,N/A,NOT_CALCULATED,N/A,LOW,STAGE_MAPPED_ONLY,LOW
2271,상계한신1차,11350,서울,N/A,N/A,0,PRE_PROJECT,NO_OFFICIAL_RECORD,공식 정비사업 기록 없음(선별 후보),,,205.2028491793125,420,N/A,38.44047619047619,N/A,N/A,N/A,N/A,N/A,N/A,N/A,N/A,NOT_CALCULATED,N/A,N/A,N/A,UNKNOWN,N/A,N/A,N/A,N/A,N/A,N/A,N/A,NOT_CALCULATED,N/A,LOW,STAGE_MAPPED_ONLY,LOW
2282,상계한신2차,11350,서울,N/A,N/A,0,PRE_PROJECT,NO_OFFICIAL_RECORD,공식 정비사업 기록 없음(선별 후보),,,251.59925562930337,471,N/A,34.2271762208068,N/A,N/A,N/A,N/A,N/A,N/A,N/A,N/A,NOT_CALCULATED,N/A,N/A,N/A,UNKNOWN,N/A,N/A,N/A,N/A,N/A,N/A,N/A,NOT_CALCULATED,N/A,LOW,STAGE_MAPPED_ONLY,LOW
2280,상계한신3차,11350,서울,N/A,N/A,0,PRE_PROJECT,NO_OFFICIAL_RECORD,공식 정비사업 기록 없음(선별 후보),,,249.7209821428571,348,N/A,39.13563218390805,N/A,N/A,N/A,N/A,N/A,N/A,N/A,N/A,NOT_CALCULATED,N/A,N/A,N/A,UNKNOWN,N/A,N/A,N/A,N/A,N/A,N/A,N/A,NOT_CALCULATED,N/A,LOW,STAGE_MAPPED_ONLY,LOW
2307,상계한양,11350,서울,N/A,N/A,0,PRE_PROJECT,NO_OFFICIAL_RECORD,공식 정비사업 기록 없음(선별 후보),,,221.81422659840692,492,N/A,49.70650406504065,N/A,N/A,N/A,N/A,N/A,N/A,N/A,N/A,NOT_CALCULATED,N/A,N/A,N/A,UNKNOWN,N/A,N/A,N/A,N/A,N/A,N/A,N/A,NOT_CALCULATED,N/A,LOW,STAGE_MAPPED_ONLY,LOW
2295,상계현대1차,11350,서울,N/A,N/A,0,PRE_PROJECT,NO_OFFICIAL_RECORD,공식 정비사업 기록 없음(선별 후보),,,301.0950586767141,331,N/A,37.76646525679759,N/A,N/A,N/A,N/A,N/A,N/A,N/A,N/A,NOT_CALCULATED,N/A,N/A,N/A,UNKNOWN,N/A,N/A,N/A,N/A,N/A,N/A,N/A,NOT_CALCULATED,N/A,LOW,STAGE_MAPPED_ONLY,LOW
2296,상계현대2차,11350,서울,N/A,N/A,0,PRE_PROJECT,NO_OFFICIAL_RECORD,공식 정비사업 기록 없음(선별 후보),,,327.71173314336875,465,N/A,32.90559139784946,N/A,N/A,N/A,N/A,N/A,N/A,N/A,N/A,NOT_CALCULATED,N/A,N/A,N/A,UNKNOWN,N/A,N/A,N/A,N/A,N/A,N/A,N/A,NOT_CALCULATED,N/A,LOW,STAGE_MAPPED_ONLY,LOW
2229,상계현대4차아파트,11350,서울,N/A,N/A,0,PRE_PROJECT,NO_OFFICIAL_RECORD,공식 정비사업 기록 없음(선별 후보),,,305.6128834512528,N/A,N/A,N/A,N/A,N/A,N/A,N/A,N/A,N/A,N/A,N/A,NOT_CALCULATED,N/A,N/A,N/A,UNKNOWN,N/A,N/A,N/A,N/A,N/A,N/A,N/A,NOT_CALCULATED,N/A,LOW,STAGE_MAPPED_ONLY,LOW
3575,상도1동대림,11590,서울,N/A,N/A,0,PRE_PROJECT,NO_OFFICIAL_RECORD,공식 정비사업 기록 없음(선별 후보),,,435.47858767256383,279,N/A,33.57025089605735,N/A,N/A,N/A,N/A,N/A,N/A,N/A,N/A,NOT_CALCULATED,N/A,N/A,N/A,UNKNOWN,N/A,N/A,N/A,N/A,N/A,N/A,N/A,NOT_CALCULATED,N/A,LOW,STAGE_MAPPED_ONLY,LOW
3551,상도동 롯데캐슬 비엔,11590,서울,상도동 약수터지역주택조합 추진위원회,지역주택,0,PRE_PROJECT,NO_STAGE_EVIDENCE_IN_RECORD,서울 정비사업 정보몽땅,,203.7,N/A,N/A,N/A,N/A,N/A,N/A,N/A,N/A,N/A,N/A,N/A,N/A,NOT_CALCULATED,N/A,N/A,N/A,UNKNOWN,N/A,N/A,N/A,N/A,N/A,N/A,N/A,NOT_CALCULATED,N/A,LOW,STAGE_MAPPED_ONLY,LOW
3572,상도삼호,11590,서울,N/A,N/A,0,PRE_PROJECT,NO_OFFICIAL_RECORD,공식 정비사업 기록 없음(선별 후보),,,369.60143476202614,682,N/A,32.21231671554252,N/A,N/A,N/A,N/A,N/A,N/A,N/A,N/A,NOT_CALCULATED,N/A,N/A,N/A,UNKNOWN,N/A,N/A,N/A,N/A,N/A,N/A,N/A,NOT_CALCULATED,N/A,LOW,STAGE_MAPPED_ONLY,LOW
1927,상월곡우남,11290,서울,N/A,N/A,0,PRE_PROJECT,NO_OFFICIAL_RECORD,공식 정비사업 기록 없음(선별 후보),,,406.9956997654417,225,N/A,34.10666666666667,N/A,N/A,N/A,N/A,N/A,N/A,N/A,N/A,NOT_CALCULATED,N/A,N/A,N/A,UNKNOWN,N/A,N/A,N/A,N/A,N/A,N/A,N/A,NOT_CALCULATED,N/A,LOW,STAGE_MAPPED_ONLY,LOW
1303,서빙고신동아,11170,서울,N/A,N/A,0,PRE_PROJECT,NO_OFFICIAL_RECORD,공식 정비사업 기록 없음(선별 후보),,,N/A,1326,N/A,N/A,N/A,N/A,N/A,N/A,N/A,N/A,N/A,N/A,NOT_CALCULATED,N/A,N/A,N/A,UNKNOWN,N/A,N/A,N/A,N/A,N/A,N/A,N/A,NOT_CALCULATED,N/A,LOW,STAGE_MAPPED_ONLY,LOW
3824,서울우면,11650,서울,N/A,N/A,0,PRE_PROJECT,NO_OFFICIAL_RECORD,공식 정비사업 기록 없음(선별 후보),,,224.47345139531674,984,N/A,19.87266260162602,N/A,N/A,N/A,N/A,N/A,N/A,N/A,N/A,NOT_CALCULATED,N/A,N/A,N/A,UNKNOWN,N/A,N/A,N/A,N/A,N/A,N/A,N/A,NOT_CALCULATED,N/A,LOW,STAGE_MAPPED_ONLY,LOW
4167,서울주택도시공사 수서6단지,11680,서울,N/A,N/A,0,PRE_PROJECT,NO_OFFICIAL_RECORD,공식 정비사업 기록 없음(선별 후보),,,151.95987827340437,1513,N/A,19.807534699272967,N/A,N/A,N/A,N/A,N/A,N/A,N/A,N/A,NOT_CALCULATED,N/A,N/A,N/A,UNKNOWN,N/A,N/A,N/A,N/A,N/A,N/A,N/A,NOT_CALCULATED,N/A,LOW,STAGE_MAPPED_ONLY,LOW
2117,서원아파트,11320,서울,N/A,N/A,0,PRE_PROJECT,NO_OFFICIAL_RECORD,공식 정비사업 기록 없음(선별 후보),,,251.67659246980816,1716,N/A,22.64079254079254,N/A,N/A,N/A,N/A,N/A,N/A,N/A,N/A,NOT_CALCULATED,N/A,N/A,N/A,UNKNOWN,N/A,N/A,N/A,N/A,N/A,N/A,N/A,NOT_CALCULATED,N/A,LOW,STAGE_MAPPED_ONLY,LOW
3932,서초동아타워,11650,서울,N/A,N/A,0,PRE_PROJECT,NO_OFFICIAL_RECORD,공식 정비사업 기록 없음(선별 후보),,,N/A,64,N/A,N/A,N/A,N/A,N/A,N/A,N/A,N/A,N/A,N/A,NOT_CALCULATED,N/A,N/A,N/A,UNKNOWN,N/A,N/A,N/A,N/A,N/A,N/A,N/A,NOT_CALCULATED,N/A,LOW,STAGE_MAPPED_ONLY,LOW
3959,서초삼풍,11650,서울,N/A,N/A,0,PRE_PROJECT,NO_OFFICIAL_RECORD,공식 정비사업 기록 없음(선별 후보),,,223.2758901316831,2390,N/A,60.25623430962343,N/A,N/A,N/A,N/A,N/A,N/A,N/A,N/A,NOT_CALCULATED,N/A,N/A,N/A,UNKNOWN,N/A,N/A,N/A,N/A,N/A,N/A,N/A,NOT_CALCULATED,N/A,LOW,STAGE_MAPPED_ONLY,LOW
3953,"서초현대1,2차",11650,서울,N/A,N/A,0,PRE_PROJECT,NO_OFFICIAL_RECORD,공식 정비사업 기록 없음(선별 후보),,,N/A,413,N/A,N/A,N/A,N/A,N/A,N/A,N/A,N/A,N/A,N/A,NOT_CALCULATED,N/A,N/A,N/A,UNKNOWN,N/A,N/A,N/A,N/A,N/A,N/A,N/A,NOT_CALCULATED,N/A,LOW,STAGE_MAPPED_ONLY,LOW
1949,석관중앙하이츠,11290,서울,N/A,N/A,0,PRE_PROJECT,NO_OFFICIAL_RECORD,공식 정비사업 기록 없음(선별 후보),,,N/A,315,N/A,N/A,N/A,N/A,N/A,N/A,N/A,N/A,N/A,N/A,NOT_CALCULATED,N/A,N/A,N/A,UNKNOWN,N/A,N/A,N/A,N/A,N/A,N/A,N/A,NOT_CALCULATED,N/A,LOW,STAGE_MAPPED_ONLY,LOW
1420,성수강변금호타운아파트,11200,서울,N/A,N/A,0,PRE_PROJECT,NO_OFFICIAL_RECORD,공식 정비사업 기록 없음(선별 후보),,,499.9393718928095,109,N/A,22.698165137614676,N/A,N/A,N/A,N/A,N/A,N/A,N/A,N/A,NOT_CALCULATED,N/A,N/A,N/A,UNKNOWN,N/A,N/A,N/A,N/A,N/A,N/A,N/A,NOT_CALCULATED,N/A,LOW,STAGE_MAPPED_ONLY,LOW
1422,성수강변현대아파트,11200,서울,N/A,N/A,0,PRE_PROJECT,NO_OFFICIAL_RECORD,공식 정비사업 기록 없음(선별 후보),,,411.12219578952755,123,N/A,31.782926829268295,N/A,N/A,N/A,N/A,N/A,N/A,N/A,N/A,NOT_CALCULATED,N/A,N/A,N/A,UNKNOWN,N/A,N/A,N/A,N/A,N/A,N/A,N/A,NOT_CALCULATED,N/A,LOW,STAGE_MAPPED_ONLY,LOW
1412,성수동아,11200,서울,N/A,N/A,0,PRE_PROJECT,NO_OFFICIAL_RECORD,공식 정비사업 기록 없음(선별 후보),,,191.56233108108108,390,N/A,45.53846153846154,N/A,N/A,N/A,N/A,N/A,N/A,N/A,N/A,NOT_CALCULATED,N/A,N/A,N/A,UNKNOWN,N/A,N/A,N/A,N/A,N/A,N/A,N/A,NOT_CALCULATED,N/A,LOW,STAGE_MAPPED_ONLY,LOW
1431,성수청구강변,11200,서울,N/A,N/A,0,PRE_PROJECT,NO_OFFICIAL_RECORD,공식 정비사업 기록 없음(선별 후보),,,N/A,246,N/A,N/A,N/A,N/A,N/A,N/A,N/A,N/A,N/A,N/A,NOT_CALCULATED,N/A,N/A,N/A,UNKNOWN,N/A,N/A,N/A,N/A,N/A,N/A,N/A,NOT_CALCULATED,N/A,LOW,STAGE_MAPPED_ONLY,LOW
1408,성수한진타운,11200,서울,N/A,N/A,0,PRE_PROJECT,NO_OFFICIAL_RECORD,공식 정비사업 기록 없음(선별 후보),,,375.64867440957397,378,N/A,29.975661375661375,N/A,N/A,N/A,N/A,N/A,N/A,N/A,N/A,NOT_CALCULATED,N/A,N/A,N/A,UNKNOWN,N/A,N/A,N/A,N/A,N/A,N/A,N/A,NOT_CALCULATED,N/A,LOW,STAGE_MAPPED_ONLY,LOW
1413,성수현대,11200,서울,N/A,N/A,0,PRE_PROJECT,NO_OFFICIAL_RECORD,공식 정비사업 기록 없음(선별 후보),,,N/A,217,N/A,N/A,N/A,N/A,N/A,N/A,N/A,N/A,N/A,N/A,NOT_CALCULATED,N/A,N/A,N/A,UNKNOWN,N/A,N/A,N/A,N/A,N/A,N/A,N/A,NOT_CALCULATED,N/A,LOW,STAGE_MAPPED_ONLY,LOW
1410,성수현대그린,11200,서울,N/A,N/A,0,PRE_PROJECT,NO_OFFICIAL_RECORD,공식 정비사업 기록 없음(선별 후보),,,438.5737976782753,219,N/A,27.534246575342465,N/A,N/A,N/A,N/A,N/A,N/A,N/A,N/A,NOT_CALCULATED,N/A,N/A,N/A,UNKNOWN,N/A,N/A,N/A,N/A,N/A,N/A,N/A,NOT_CALCULATED,N/A,LOW,STAGE_MAPPED_ONLY,LOW
2142,성원(사슴4),11350,서울,N/A,N/A,0,PRE_PROJECT,NO_OFFICIAL_RECORD,공식 정비사업 기록 없음(선별 후보),,,231.7474639568453,713,N/A,31.77194950911641,N/A,N/A,N/A,N/A,N/A,N/A,N/A,N/A,NOT_CALCULATED,N/A,N/A,N/A,UNKNOWN,N/A,N/A,N/A,N/A,N/A,N/A,N/A,NOT_CALCULATED,N/A,LOW,STAGE_MAPPED_ONLY,LOW
4250,송파호수임광,11710,서울,N/A,N/A,0,PRE_PROJECT,NO_OFFICIAL_RECORD,공식 정비사업 기록 없음(선별 후보),,,N/A,227,N/A,N/A,N/A,N/A,N/A,N/A,N/A,N/A,N/A,N/A,NOT_CALCULATED,N/A,N/A,N/A,UNKNOWN,N/A,N/A,N/A,N/A,N/A,N/A,N/A,NOT_CALCULATED,N/A,LOW,STAGE_MAPPED_ONLY,LOW
4155,수서1-1단지아파트,11680,서울,N/A,N/A,0,PRE_PROJECT,NO_OFFICIAL_RECORD,공식 정비사업 기록 없음(선별 후보),,,110.52367151551132,2214,N/A,36.51490514905149,N/A,N/A,N/A,N/A,N/A,N/A,N/A,N/A,NOT_CALCULATED,N/A,N/A,N/A,UNKNOWN,N/A,N/A,N/A,N/A,N/A,N/A,N/A,NOT_CALCULATED,N/A,LOW,STAGE_MAPPED_ONLY,LOW
4165,수서까치마을,11680,서울,N/A,N/A,0,PRE_PROJECT,NO_OFFICIAL_RECORD,공식 정비사업 기록 없음(선별 후보),,,180.69565490393066,1403,N/A,26.108196721311476,N/A,N/A,N/A,N/A,N/A,N/A,N/A,N/A,NOT_CALCULATED,N/A,N/A,N/A,UNKNOWN,N/A,N/A,N/A,N/A,N/A,N/A,N/A,NOT_CALCULATED,N/A,LOW,STAGE_MAPPED_ONLY,LOW
4170,수서동익,11680,서울,N/A,N/A,0,PRE_PROJECT,NO_OFFICIAL_RECORD,공식 정비사업 기록 없음(선별 후보),,,253.72489159653648,330,N/A,44.86606060606061,N/A,N/A,N/A,N/A,N/A,N/A,N/A,N/A,NOT_CALCULATED,N/A,N/A,N/A,UNKNOWN,N/A,N/A,N/A,N/A,N/A,N/A,N/A,NOT_CALCULATED,N/A,LOW,STAGE_MAPPED_ONLY,LOW
4162,수서삼익,11680,서울,N/A,N/A,0,PRE_PROJECT,NO_OFFICIAL_RECORD,공식 정비사업 기록 없음(선별 후보),,,239.9768037581249,645,N/A,37.161860465116284,N/A,N/A,N/A,N/A,N/A,N/A,N/A,N/A,NOT_CALCULATED,N/A,N/A,N/A,UNKNOWN,N/A,N/A,N/A,N/A,N/A,N/A,N/A,NOT_CALCULATED,N/A,LOW,STAGE_MAPPED_ONLY,LOW
4164,수서신동아,11680,서울,N/A,N/A,0,PRE_PROJECT,NO_OFFICIAL_RECORD,공식 정비사업 기록 없음(선별 후보),,,170.73993517355433,1163,N/A,27.243852106620807,N/A,N/A,N/A,N/A,N/A,N/A,N/A,N/A,NOT_CALCULATED,N/A,N/A,N/A,UNKNOWN,N/A,N/A,N/A,N/A,N/A,N/A,N/A,NOT_CALCULATED,N/A,LOW,STAGE_MAPPED_ONLY,LOW
4166,수서주공,11680,서울,N/A,N/A,0,PRE_PROJECT,NO_OFFICIAL_RECORD,공식 정비사업 기록 없음(선별 후보),,,152.2753736715078,2565,N/A,21.177037037037035,N/A,N/A,N/A,N/A,N/A,N/A,N/A,N/A,NOT_CALCULATED,N/A,N/A,N/A,UNKNOWN,N/A,N/A,N/A,N/A,N/A,N/A,N/A,NOT_CALCULATED,N/A,LOW,STAGE_MAPPED_ONLY,LOW
4169,수서한아름,11680,서울,N/A,N/A,0,PRE_PROJECT,NO_OFFICIAL_RECORD,공식 정비사업 기록 없음(선별 후보),,,318.6702208064653,498,N/A,54.4644578313253,N/A,N/A,N/A,N/A,N/A,N/A,N/A,N/A,NOT_CALCULATED,N/A,N/A,N/A,UNKNOWN,N/A,N/A,N/A,N/A,N/A,N/A,N/A,NOT_CALCULATED,N/A,LOW,STAGE_MAPPED_ONLY,LOW
2003,수유극동아파트,11305,서울,N/A,N/A,0,PRE_PROJECT,NO_OFFICIAL_RECORD,공식 정비사업 기록 없음(선별 후보),,,366.8998793065613,574,N/A,31.75609756097561,N/A,N/A,N/A,N/A,N/A,N/A,N/A,N/A,NOT_CALCULATED,N/A,N/A,N/A,UNKNOWN,N/A,N/A,N/A,N/A,N/A,N/A,N/A,NOT_CALCULATED,N/A,LOW,STAGE_MAPPED_ONLY,LOW
2002,수유벽산,11305,서울,N/A,N/A,0,PRE_PROJECT,NO_OFFICIAL_RECORD,공식 정비사업 기록 없음(선별 후보),,,227.71351669823838,1454,N/A,46.10935350756534,N/A,N/A,N/A,N/A,N/A,N/A,N/A,N/A,NOT_CALCULATED,N/A,N/A,N/A,UNKNOWN,N/A,N/A,N/A,N/A,N/A,N/A,N/A,NOT_CALCULATED,N/A,LOW,STAGE_MAPPED_ONLY,LOW
1997,수유벽산201아파트,11305,서울,N/A,N/A,0,PRE_PROJECT,NO_OFFICIAL_RECORD,공식 정비사업 기록 없음(선별 후보),,,23.29400533985651,146,N/A,459.1986301369863,N/A,N/A,N/A,N/A,N/A,N/A,N/A,N/A,NOT_CALCULATED,N/A,N/A,N/A,UNKNOWN,N/A,N/A,N/A,N/A,N/A,N/A,N/A,NOT_CALCULATED,N/A,LOW,STAGE_MAPPED_ONLY,LOW
1151,숭인상가아파트,11110,서울,N/A,N/A,0,PRE_PROJECT,NO_OFFICIAL_RECORD,공식 정비사업 기록 없음(선별 후보),,,N/A,109,N/A,N/A,N/A,N/A,N/A,N/A,N/A,N/A,N/A,N/A,NOT_CALCULATED,N/A,N/A,N/A,UNKNOWN,N/A,N/A,N/A,N/A,N/A,N/A,N/A,NOT_CALCULATED,N/A,LOW,STAGE_MAPPED_ONLY,LOW
3337,시흥목련,11545,서울,N/A,N/A,0,PRE_PROJECT,NO_OFFICIAL_RECORD,공식 정비사업 기록 없음(선별 후보),,,222.21705296977032,173,N/A,27.706936416184973,N/A,N/A,N/A,N/A,N/A,N/A,N/A,N/A,NOT_CALCULATED,N/A,N/A,N/A,UNKNOWN,N/A,N/A,N/A,N/A,N/A,N/A,N/A,NOT_CALCULATED,N/A,LOW,STAGE_MAPPED_ONLY,LOW
3339,시흥성지,11545,서울,N/A,N/A,0,PRE_PROJECT,NO_OFFICIAL_RECORD,공식 정비사업 기록 없음(선별 후보),,,N/A,233,N/A,N/A,N/A,N/A,N/A,N/A,N/A,N/A,N/A,N/A,NOT_CALCULATED,N/A,N/A,N/A,UNKNOWN,N/A,N/A,N/A,N/A,N/A,N/A,N/A,NOT_CALCULATED,N/A,LOW,STAGE_MAPPED_ONLY,LOW
3176,신구로현대,11530,서울,N/A,N/A,0,PRE_PROJECT,NO_OFFICIAL_RECORD,공식 정비사업 기록 없음(선별 후보),,,278.48502678553103,397,N/A,36.81637279596978,N/A,N/A,N/A,N/A,N/A,N/A,N/A,N/A,NOT_CALCULATED,N/A,N/A,N/A,UNKNOWN,N/A,N/A,N/A,N/A,N/A,N/A,N/A,NOT_CALCULATED,N/A,LOW,STAGE_MAPPED_ONLY,LOW
3505,신길삼두,11560,서울,N/A,N/A,0,PRE_PROJECT,NO_OFFICIAL_RECORD,공식 정비사업 기록 없음(선별 후보),,,242.15775158658204,160,N/A,27.575,N/A,N/A,N/A,N/A,N/A,N/A,N/A,N/A,NOT_CALCULATED,N/A,N/A,N/A,UNKNOWN,N/A,N/A,N/A,N/A,N/A,N/A,N/A,NOT_CALCULATED,N/A,LOW,STAGE_MAPPED_ONLY,LOW
3511,신길우성2차,11560,서울,N/A,N/A,0,PRE_PROJECT,NO_OFFICIAL_RECORD,공식 정비사업 기록 없음(선별 후보),,,202.57642632857394,725,N/A,46.56275862068966,N/A,N/A,N/A,N/A,N/A,N/A,N/A,N/A,NOT_CALCULATED,N/A,N/A,N/A,UNKNOWN,N/A,N/A,N/A,N/A,N/A,N/A,N/A,NOT_CALCULATED,N/A,LOW,STAGE_MAPPED_ONLY,LOW
3493,신길우성4차아파트,11560,서울,N/A,N/A,0,PRE_PROJECT,NO_OFFICIAL_RECORD,공식 정비사업 기록 없음(선별 후보),,,445.47295713328873,476,N/A,25.092436974789916,N/A,N/A,N/A,N/A,N/A,N/A,N/A,N/A,NOT_CALCULATED,N/A,N/A,N/A,UNKNOWN,N/A,N/A,N/A,N/A,N/A,N/A,N/A,NOT_CALCULATED,N/A,LOW,STAGE_MAPPED_ONLY,LOW
3496,신길우성5차,11560,서울,N/A,N/A,0,PRE_PROJECT,NO_OFFICIAL_RECORD,공식 정비사업 기록 없음(선별 후보),,,272.7482955001203,321,N/A,38.838006230529594,N/A,N/A,N/A,N/A,N/A,N/A,N/A,N/A,NOT_CALCULATED,N/A,N/A,N/A,UNKNOWN,N/A,N/A,N/A,N/A,N/A,N/A,N/A,NOT_CALCULATED,N/A,LOW,STAGE_MAPPED_ONLY,LOW
3502,신길우창,11560,서울,N/A,N/A,0,PRE_PROJECT,NO_OFFICIAL_RECORD,공식 정비사업 기록 없음(선별 후보),,,N/A,214,N/A,N/A,N/A,N/A,N/A,N/A,N/A,N/A,N/A,N/A,NOT_CALCULATED,N/A,N/A,N/A,UNKNOWN,N/A,N/A,N/A,N/A,N/A,N/A,N/A,NOT_CALCULATED,N/A,LOW,STAGE_MAPPED_ONLY,LOW
1802,신내10단지,11260,서울,N/A,N/A,0,PRE_PROJECT,NO_OFFICIAL_RECORD,공식 정비사업 기록 없음(선별 후보),,,157.62117040737567,1432,N/A,22.98058659217877,N/A,N/A,N/A,N/A,N/A,N/A,N/A,N/A,NOT_CALCULATED,N/A,N/A,N/A,UNKNOWN,N/A,N/A,N/A,N/A,N/A,N/A,N/A,NOT_CALCULATED,N/A,LOW,STAGE_MAPPED_ONLY,LOW
1721,신내12단지,11260,서울,N/A,N/A,0,PRE_PROJECT,NO_OFFICIAL_RECORD,공식 정비사업 기록 없음(선별 후보),,,152.90147137376778,1000,N/A,20.593,N/A,N/A,N/A,N/A,N/A,N/A,N/A,N/A,NOT_CALCULATED,N/A,N/A,N/A,UNKNOWN,N/A,N/A,N/A,N/A,N/A,N/A,N/A,NOT_CALCULATED,N/A,LOW,STAGE_MAPPED_ONLY,LOW
1747,신내4단지,11260,서울,N/A,N/A,0,PRE_PROJECT,NO_OFFICIAL_RECORD,공식 정비사업 기록 없음(선별 후보),,,168.048281171267,1070,N/A,33.385046728971965,N/A,N/A,N/A,N/A,N/A,N/A,N/A,N/A,NOT_CALCULATED,N/A,N/A,N/A,UNKNOWN,N/A,N/A,N/A,N/A,N/A,N/A,N/A,NOT_CALCULATED,N/A,LOW,STAGE_MAPPED_ONLY,LOW
1748,신내5단지대림두산,11260,서울,N/A,N/A,0,PRE_PROJECT,NO_OFFICIAL_RECORD,공식 정비사업 기록 없음(선별 후보),,,201.33665923972796,1244,N/A,66.09581993569131,N/A,N/A,N/A,N/A,N/A,N/A,N/A,N/A,NOT_CALCULATED,N/A,N/A,N/A,UNKNOWN,N/A,N/A,N/A,N/A,N/A,N/A,N/A,NOT_CALCULATED,N/A,LOW,STAGE_MAPPED_ONLY,LOW
1786,신내6단지,11260,서울,N/A,N/A,0,PRE_PROJECT,NO_OFFICIAL_RECORD,공식 정비사업 기록 없음(선별 후보),,,159.60734139477276,1609,N/A,35.7313859540087,N/A,N/A,N/A,N/A,N/A,N/A,N/A,N/A,NOT_CALCULATED,N/A,N/A,N/A,UNKNOWN,N/A,N/A,N/A,N/A,N/A,N/A,N/A,NOT_CALCULATED,N/A,LOW,STAGE_MAPPED_ONLY,LOW
1798,신내8단지두산화성,11260,서울,N/A,N/A,0,PRE_PROJECT,NO_OFFICIAL_RECORD,공식 정비사업 기록 없음(선별 후보),,,291.5965048412672,763,N/A,38.847968545216254,N/A,N/A,N/A,N/A,N/A,N/A,N/A,N/A,NOT_CALCULATED,N/A,N/A,N/A,UNKNOWN,N/A,N/A,N/A,N/A,N/A,N/A,N/A,NOT_CALCULATED,N/A,LOW,STAGE_MAPPED_ONLY,LOW
1801,신내9단지,11260,서울,N/A,N/A,0,PRE_PROJECT,NO_OFFICIAL_RECORD,공식 정비사업 기록 없음(선별 후보),,,125.03299902944029,1315,N/A,37.8441825095057,N/A,N/A,N/A,N/A,N/A,N/A,N/A,N/A,NOT_CALCULATED,N/A,N/A,N/A,UNKNOWN,N/A,N/A,N/A,N/A,N/A,N/A,N/A,NOT_CALCULATED,N/A,LOW,STAGE_MAPPED_ONLY,LOW
1787,신내9단지임대,11260,서울,N/A,N/A,0,PRE_PROJECT,NO_OFFICIAL_RECORD,공식 정비사업 기록 없음(선별 후보),,,39.886647469813184,335,N/A,148.55253731343282,N/A,N/A,N/A,N/A,N/A,N/A,N/A,N/A,NOT_CALCULATED,N/A,N/A,N/A,UNKNOWN,N/A,N/A,N/A,N/A,N/A,N/A,N/A,NOT_CALCULATED,N/A,LOW,STAGE_MAPPED_ONLY,LOW
1719,신내건영2차아파트,11260,서울,N/A,N/A,0,PRE_PROJECT,NO_OFFICIAL_RECORD,공식 정비사업 기록 없음(선별 후보),,,N/A,1113,N/A,N/A,N/A,N/A,N/A,N/A,N/A,N/A,N/A,N/A,NOT_CALCULATED,N/A,N/A,N/A,UNKNOWN,N/A,N/A,N/A,N/A,N/A,N/A,N/A,NOT_CALCULATED,N/A,LOW,STAGE_MAPPED_ONLY,LOW
1800,신내대명11단지,11260,서울,N/A,N/A,0,PRE_PROJECT,NO_OFFICIAL_RECORD,공식 정비사업 기록 없음(선별 후보),,,228.8312993125502,804,N/A,34.5389303482587,N/A,N/A,N/A,N/A,N/A,N/A,N/A,N/A,NOT_CALCULATED,N/A,N/A,N/A,UNKNOWN,N/A,N/A,N/A,N/A,N/A,N/A,N/A,NOT_CALCULATED,N/A,LOW,STAGE_MAPPED_ONLY,LOW
1793,"신내동성1,2차",11260,서울,N/A,N/A,0,PRE_PROJECT,NO_OFFICIAL_RECORD,공식 정비사업 기록 없음(선별 후보),,,N/A,1047,N/A,N/A,N/A,N/A,N/A,N/A,N/A,N/A,N/A,N/A,NOT_CALCULATED,N/A,N/A,N/A,UNKNOWN,N/A,N/A,N/A,N/A,N/A,N/A,N/A,NOT_CALCULATED,N/A,LOW,STAGE_MAPPED_ONLY,LOW
1797,신내성원,11260,서울,N/A,N/A,0,PRE_PROJECT,NO_OFFICIAL_RECORD,공식 정비사업 기록 없음(선별 후보),,,416.07165839126117,876,N/A,28.738584474885844,N/A,N/A,N/A,N/A,N/A,N/A,N/A,N/A,NOT_CALCULATED,N/A,N/A,N/A,UNKNOWN,N/A,N/A,N/A,N/A,N/A,N/A,N/A,NOT_CALCULATED,N/A,LOW,STAGE_MAPPED_ONLY,LOW
1720,신내엘지쌍용,11260,서울,N/A,N/A,0,PRE_PROJECT,NO_OFFICIAL_RECORD,공식 정비사업 기록 없음(선별 후보),,,332.5377078201219,858,N/A,35.81550116550117,N/A,N/A,N/A,N/A,N/A,N/A,N/A,N/A,NOT_CALCULATED,N/A,N/A,N/A,UNKNOWN,N/A,N/A,N/A,N/A,N/A,N/A,N/A,NOT_CALCULATED,N/A,LOW,STAGE_MAPPED_ONLY,LOW
1799,신내진로아파트,11260,서울,N/A,N/A,0,PRE_PROJECT,NO_OFFICIAL_RECORD,공식 정비사업 기록 없음(선별 후보),,,285.32838358671484,818,N/A,61.185452322738385,N/A,N/A,N/A,N/A,N/A,N/A,N/A,N/A,NOT_CALCULATED,N/A,N/A,N/A,UNKNOWN,N/A,N/A,N/A,N/A,N/A,N/A,N/A,NOT_CALCULATED,N/A,LOW,STAGE_MAPPED_ONLY,LOW
1599,신답경남아파트,11230,서울,N/A,N/A,0,PRE_PROJECT,NO_OFFICIAL_RECORD,공식 정비사업 기록 없음(선별 후보),,,306.0642963623445,225,N/A,31.90088888888889,N/A,N/A,N/A,N/A,N/A,N/A,N/A,N/A,NOT_CALCULATED,N/A,N/A,N/A,UNKNOWN,N/A,N/A,N/A,N/A,N/A,N/A,N/A,NOT_CALCULATED,N/A,LOW,STAGE_MAPPED_ONLY,LOW
1197,신당현대,11140,서울,N/A,N/A,0,PRE_PROJECT,NO_OFFICIAL_RECORD,공식 정비사업 기록 없음(선별 후보),,,257.5364525186914,942,N/A,47.068471337579616,N/A,N/A,N/A,N/A,N/A,N/A,N/A,N/A,NOT_CALCULATED,N/A,N/A,N/A,UNKNOWN,N/A,N/A,N/A,N/A,N/A,N/A,N/A,NOT_CALCULATED,N/A,LOW,STAGE_MAPPED_ONLY,LOW
3660,신대방,11590,서울,N/A,N/A,0,PRE_PROJECT,NO_OFFICIAL_RECORD,공식 정비사업 기록 없음(선별 후보),,,240.38205419339,108,N/A,30.173148148148147,N/A,N/A,N/A,N/A,N/A,N/A,N/A,N/A,NOT_CALCULATED,N/A,N/A,N/A,UNKNOWN,N/A,N/A,N/A,N/A,N/A,N/A,N/A,NOT_CALCULATED,N/A,LOW,STAGE_MAPPED_ONLY,LOW
3665,신대방신동아,11590,서울,N/A,N/A,0,PRE_PROJECT,NO_OFFICIAL_RECORD,공식 정비사업 기록 없음(선별 후보),,,353.7463746670613,171,N/A,19.760233918128655,N/A,N/A,N/A,N/A,N/A,N/A,N/A,N/A,NOT_CALCULATED,N/A,N/A,N/A,UNKNOWN,N/A,N/A,N/A,N/A,N/A,N/A,N/A,NOT_CALCULATED,N/A,LOW,STAGE_MAPPED_ONLY,LOW
3671,신대방우성1차,11590,서울,N/A,N/A,0,PRE_PROJECT,NO_OFFICIAL_RECORD,공식 정비사업 기록 없음(선별 후보),,,206.47011795130564,1335,N/A,59.37827715355805,N/A,N/A,N/A,N/A,N/A,N/A,N/A,N/A,NOT_CALCULATED,N/A,N/A,N/A,UNKNOWN,N/A,N/A,N/A,N/A,N/A,N/A,N/A,NOT_CALCULATED,N/A,LOW,STAGE_MAPPED_ONLY,LOW
3670,신대방우성2차,11590,서울,N/A,N/A,0,PRE_PROJECT,NO_OFFICIAL_RECORD,공식 정비사업 기록 없음(선별 후보),,,496.99838774687623,174,N/A,28.517241379310345,N/A,N/A,N/A,N/A,N/A,N/A,N/A,N/A,NOT_CALCULATED,N/A,N/A,N/A,UNKNOWN,N/A,N/A,N/A,N/A,N/A,N/A,N/A,NOT_CALCULATED,N/A,LOW,STAGE_MAPPED_ONLY,LOW
3666,신대방한성,11590,서울,N/A,N/A,0,PRE_PROJECT,NO_OFFICIAL_RECORD,공식 정비사업 기록 없음(선별 후보),,,258.05266859420175,272,N/A,47.04779411764706,N/A,N/A,N/A,N/A,N/A,N/A,N/A,N/A,NOT_CALCULATED,N/A,N/A,N/A,UNKNOWN,N/A,N/A,N/A,N/A,N/A,N/A,N/A,NOT_CALCULATED,N/A,LOW,STAGE_MAPPED_ONLY,LOW
3664,신대방현대,11590,서울,N/A,N/A,0,PRE_PROJECT,NO_OFFICIAL_RECORD,공식 정비사업 기록 없음(선별 후보),,,391.56702854734044,880,N/A,32.88795454545455,N/A,N/A,N/A,N/A,N/A,N/A,N/A,N/A,NOT_CALCULATED,N/A,N/A,N/A,UNKNOWN,N/A,N/A,N/A,N/A,N/A,N/A,N/A,NOT_CALCULATED,N/A,LOW,STAGE_MAPPED_ONLY,LOW
3128,신도림미성,11530,서울,N/A,N/A,0,PRE_PROJECT,NO_OFFICIAL_RECORD,공식 정비사업 기록 없음(선별 후보),,,254.53313007409508,824,N/A,34.23179611650485,N/A,N/A,N/A,N/A,N/A,N/A,N/A,N/A,NOT_CALCULATED,N/A,N/A,N/A,UNKNOWN,N/A,N/A,N/A,N/A,N/A,N/A,N/A,NOT_CALCULATED,N/A,LOW,STAGE_MAPPED_ONLY,LOW
3134,"신도림우성1,2차",11530,서울,N/A,N/A,0,PRE_PROJECT,NO_OFFICIAL_RECORD,공식 정비사업 기록 없음(선별 후보),,,N/A,408,N/A,N/A,N/A,N/A,N/A,N/A,N/A,N/A,N/A,N/A,NOT_CALCULATED,N/A,N/A,N/A,UNKNOWN,N/A,N/A,N/A,N/A,N/A,N/A,N/A,NOT_CALCULATED,N/A,LOW,STAGE_MAPPED_ONLY,LOW
3132,신도림우성3차,11530,서울,N/A,N/A,0,PRE_PROJECT,NO_OFFICIAL_RECORD,공식 정비사업 기록 없음(선별 후보),,,276.84898090481,284,N/A,39.405985915492955,N/A,N/A,N/A,N/A,N/A,N/A,N/A,N/A,NOT_CALCULATED,N/A,N/A,N/A,UNKNOWN,N/A,N/A,N/A,N/A,N/A,N/A,N/A,NOT_CALCULATED,N/A,LOW,STAGE_MAPPED_ONLY,LOW
3129,신도림우성5차,11530,서울,N/A,N/A,0,PRE_PROJECT,NO_OFFICIAL_RECORD,공식 정비사업 기록 없음(선별 후보),,,280.71864523338775,154,N/A,37.76948051948052,N/A,N/A,N/A,N/A,N/A,N/A,N/A,N/A,NOT_CALCULATED,N/A,N/A,N/A,UNKNOWN,N/A,N/A,N/A,N/A,N/A,N/A,N/A,NOT_CALCULATED,N/A,LOW,STAGE_MAPPED_ONLY,LOW
3186,신도림현대,11530,서울,N/A,N/A,0,PRE_PROJECT,NO_OFFICIAL_RECORD,공식 정비사업 기록 없음(선별 후보),,,357.73457053469855,450,N/A,31.253333333333334,N/A,N/A,N/A,N/A,N/A,N/A,N/A,N/A,NOT_CALCULATED,N/A,N/A,N/A,UNKNOWN,N/A,N/A,N/A,N/A,N/A,N/A,N/A,NOT_CALCULATED,N/A,LOW,STAGE_MAPPED_ONLY,LOW
1348,신동아,11200,서울,N/A,N/A,0,PRE_PROJECT,NO_OFFICIAL_RECORD,공식 정비사업 기록 없음(선별 후보),,,316.511431779742,636,N/A,33.745440251572326,N/A,N/A,N/A,N/A,N/A,N/A,N/A,N/A,NOT_CALCULATED,N/A,N/A,N/A,UNKNOWN,N/A,N/A,N/A,N/A,N/A,N/A,N/A,NOT_CALCULATED,N/A,LOW,STAGE_MAPPED_ONLY,LOW
1305,신동아아파트,11170,서울,N/A,N/A,0,PRE_PROJECT,NO_OFFICIAL_RECORD,공식 정비사업 기록 없음(선별 후보),,,341.02858016200514,226,N/A,34.74159292035398,N/A,N/A,N/A,N/A,N/A,N/A,N/A,N/A,NOT_CALCULATED,N/A,N/A,N/A,UNKNOWN,N/A,N/A,N/A,N/A,N/A,N/A,N/A,NOT_CALCULATED,N/A,LOW,STAGE_MAPPED_ONLY,LOW
2435,신동아아파트,11380,서울,N/A,N/A,0,PRE_PROJECT,NO_OFFICIAL_RECORD,공식 정비사업 기록 없음(선별 후보),,,252.2962578299958,206,N/A,29.91359223300971,N/A,N/A,N/A,N/A,N/A,N/A,N/A,N/A,NOT_CALCULATED,N/A,N/A,N/A,UNKNOWN,N/A,N/A,N/A,N/A,N/A,N/A,N/A,NOT_CALCULATED,N/A,LOW,STAGE_MAPPED_ONLY,LOW
4320,신동아타워아파트,11710,서울,N/A,N/A,0,PRE_PROJECT,NO_OFFICIAL_RECORD,공식 정비사업 기록 없음(선별 후보),,,N/A,96,N/A,N/A,N/A,N/A,N/A,N/A,N/A,N/A,N/A,N/A,NOT_CALCULATED,N/A,N/A,N/A,UNKNOWN,N/A,N/A,N/A,N/A,N/A,N/A,N/A,NOT_CALCULATED,N/A,LOW,STAGE_MAPPED_ONLY,LOW
3750,신림2차현대,11620,서울,N/A,N/A,0,PRE_PROJECT,NO_OFFICIAL_RECORD,공식 정비사업 기록 없음(선별 후보),,,444.6035439412923,112,N/A,29.93035714285714,N/A,N/A,N/A,N/A,N/A,N/A,N/A,N/A,NOT_CALCULATED,N/A,N/A,N/A,UNKNOWN,N/A,N/A,N/A,N/A,N/A,N/A,N/A,NOT_CALCULATED,N/A,LOW,STAGE_MAPPED_ONLY,LOW
3757,신림건영2차,11620,서울,N/A,N/A,0,PRE_PROJECT,NO_OFFICIAL_RECORD,공식 정비사업 기록 없음(선별 후보),,,242.0886208704772,338,N/A,33.85207100591716,N/A,N/A,N/A,N/A,N/A,N/A,N/A,N/A,NOT_CALCULATED,N/A,N/A,N/A,UNKNOWN,N/A,N/A,N/A,N/A,N/A,N/A,N/A,NOT_CALCULATED,N/A,LOW,STAGE_MAPPED_ONLY,LOW
3732,신림동부,11620,서울,N/A,N/A,0,PRE_PROJECT,NO_OFFICIAL_RECORD,공식 정비사업 기록 없음(선별 후보),,,339.93686505574465,688,N/A,21.732703488372092,N/A,N/A,N/A,N/A,N/A,N/A,N/A,N/A,NOT_CALCULATED,N/A,N/A,N/A,UNKNOWN,N/A,N/A,N/A,N/A,N/A,N/A,N/A,NOT_CALCULATED,N/A,LOW,STAGE_MAPPED_ONLY,LOW
3738,신림주공1단지,11620,서울,N/A,N/A,0,PRE_PROJECT,NO_OFFICIAL_RECORD,공식 정비사업 기록 없음(선별 후보),,,328.0120416927426,960,N/A,19.307916666666664,N/A,N/A,N/A,N/A,N/A,N/A,N/A,N/A,NOT_CALCULATED,N/A,N/A,N/A,UNKNOWN,N/A,N/A,N/A,N/A,N/A,N/A,N/A,NOT_CALCULATED,N/A,LOW,STAGE_MAPPED_ONLY,LOW
3724,신림한양아파트,11620,서울,N/A,N/A,0,PRE_PROJECT,NO_OFFICIAL_RECORD,공식 정비사업 기록 없음(선별 후보),,,263.92062973845543,132,N/A,41.768181818181816,N/A,N/A,N/A,N/A,N/A,N/A,N/A,N/A,NOT_CALCULATED,N/A,N/A,N/A,UNKNOWN,N/A,N/A,N/A,N/A,N/A,N/A,N/A,NOT_CALCULATED,N/A,LOW,STAGE_MAPPED_ONLY,LOW
3739,신림현대,11620,서울,N/A,N/A,0,PRE_PROJECT,NO_OFFICIAL_RECORD,공식 정비사업 기록 없음(선별 후보),,,229.10738431342227,1634,N/A,38.78843329253366,N/A,N/A,N/A,N/A,N/A,N/A,N/A,N/A,NOT_CALCULATED,N/A,N/A,N/A,UNKNOWN,N/A,N/A,N/A,N/A,N/A,N/A,N/A,NOT_CALCULATED,N/A,LOW,STAGE_MAPPED_ONLY,LOW
3862,신반포한신16차,11650,서울,N/A,N/A,0,PRE_PROJECT,NO_OFFICIAL_RECORD,공식 정비사업 기록 없음(선별 후보),,,391.7789857770497,396,N/A,16.95580808080808,N/A,N/A,N/A,N/A,N/A,N/A,N/A,N/A,NOT_CALCULATED,N/A,N/A,N/A,UNKNOWN,N/A,N/A,N/A,N/A,N/A,N/A,N/A,NOT_CALCULATED,N/A,LOW,STAGE_MAPPED_ONLY,LOW
3869,신반포한신2차,11650,서울,N/A,N/A,0,PRE_PROJECT,NO_OFFICIAL_RECORD,공식 정비사업 기록 없음(선별 후보),,,204.4235103028087,1572,N/A,54.28187022900764,N/A,N/A,N/A,N/A,N/A,N/A,N/A,N/A,NOT_CALCULATED,N/A,N/A,N/A,UNKNOWN,N/A,N/A,N/A,N/A,N/A,N/A,N/A,NOT_CALCULATED,N/A,LOW,STAGE_MAPPED_ONLY,LOW
2449,신사 홍익아파트,11380,서울,N/A,N/A,0,PRE_PROJECT,NO_OFFICIAL_RECORD,공식 정비사업 기록 없음(선별 후보),,,N/A,114,N/A,N/A,N/A,N/A,N/A,N/A,N/A,N/A,N/A,N/A,NOT_CALCULATED,N/A,N/A,N/A,UNKNOWN,N/A,N/A,N/A,N/A,N/A,N/A,N/A,NOT_CALCULATED,N/A,LOW,STAGE_MAPPED_ONLY,LOW
2454,신사씨티,11380,서울,N/A,N/A,0,PRE_PROJECT,NO_OFFICIAL_RECORD,공식 정비사업 기록 없음(선별 후보),,,499.3149140607385,290,N/A,19.881724137931034,N/A,N/A,N/A,N/A,N/A,N/A,N/A,N/A,NOT_CALCULATED,N/A,N/A,N/A,UNKNOWN,N/A,N/A,N/A,N/A,N/A,N/A,N/A,NOT_CALCULATED,N/A,LOW,STAGE_MAPPED_ONLY,LOW
2457,신사현대2차아파트,11380,서울,N/A,N/A,0,PRE_PROJECT,NO_OFFICIAL_RECORD,공식 정비사업 기록 없음(선별 후보),,,407.58968507530807,380,N/A,28.82894736842105,N/A,N/A,N/A,N/A,N/A,N/A,N/A,N/A,NOT_CALCULATED,N/A,N/A,N/A,UNKNOWN,N/A,N/A,N/A,N/A,N/A,N/A,N/A,NOT_CALCULATED,N/A,LOW,STAGE_MAPPED_ONLY,LOW
2462,신성수정,11380,서울,N/A,N/A,0,PRE_PROJECT,NO_OFFICIAL_RECORD,공식 정비사업 기록 없음(선별 후보),,,392.2681892124653,180,N/A,34.83444444444444,N/A,N/A,N/A,N/A,N/A,N/A,N/A,N/A,NOT_CALCULATED,N/A,N/A,N/A,UNKNOWN,N/A,N/A,N/A,N/A,N/A,N/A,N/A,NOT_CALCULATED,N/A,LOW,STAGE_MAPPED_ONLY,LOW
2458,신성아파트,11380,서울,N/A,N/A,0,PRE_PROJECT,NO_OFFICIAL_RECORD,공식 정비사업 기록 없음(선별 후보),,,213.6922185750145,238,N/A,43.52100840336134,N/A,N/A,N/A,N/A,N/A,N/A,N/A,N/A,NOT_CALCULATED,N/A,N/A,N/A,UNKNOWN,N/A,N/A,N/A,N/A,N/A,N/A,N/A,NOT_CALCULATED,N/A,LOW,STAGE_MAPPED_ONLY,LOW
2689,신수현대,11440,서울,N/A,N/A,0,PRE_PROJECT,NO_OFFICIAL_RECORD,공식 정비사업 기록 없음(선별 후보),,,307.6313137837489,210,N/A,36.86190476190476,N/A,N/A,N/A,N/A,N/A,N/A,N/A,N/A,NOT_CALCULATED,N/A,N/A,N/A,UNKNOWN,N/A,N/A,N/A,N/A,N/A,N/A,N/A,NOT_CALCULATED,N/A,LOW,STAGE_MAPPED_ONLY,LOW
2038,신우빌라,11320,서울,N/A,N/A,0,PRE_PROJECT,NO_OFFICIAL_RECORD,공식 정비사업 기록 없음(선별 후보),,,204.30883414081023,255,N/A,38.043137254901964,N/A,N/A,N/A,N/A,N/A,N/A,N/A,N/A,NOT_CALCULATED,N/A,N/A,N/A,UNKNOWN,N/A,N/A,N/A,N/A,N/A,N/A,N/A,NOT_CALCULATED,N/A,LOW,STAGE_MAPPED_ONLY,LOW
2896,신월길훈,11470,서울,N/A,N/A,0,PRE_PROJECT,NO_OFFICIAL_RECORD,공식 정비사업 기록 없음(선별 후보),,,100.85731781996326,290,N/A,39.41724137931035,N/A,N/A,N/A,N/A,N/A,N/A,N/A,N/A,NOT_CALCULATED,N/A,N/A,N/A,UNKNOWN,N/A,N/A,N/A,N/A,N/A,N/A,N/A,NOT_CALCULATED,N/A,LOW,STAGE_MAPPED_ONLY,LOW
2905,신월서울가든,11470,서울,N/A,N/A,0,PRE_PROJECT,NO_OFFICIAL_RECORD,공식 정비사업 기록 없음(선별 후보),,,207.32348776046936,200,N/A,59.316,N/A,N/A,N/A,N/A,N/A,N/A,N/A,N/A,NOT_CALCULATED,N/A,N/A,N/A,UNKNOWN,N/A,N/A,N/A,N/A,N/A,N/A,N/A,NOT_CALCULATED,N/A,LOW,STAGE_MAPPED_ONLY,LOW
2900,신월성원,11470,서울,N/A,N/A,0,PRE_PROJECT,NO_OFFICIAL_RECORD,공식 정비사업 기록 없음(선별 후보),,,N/A,170,N/A,N/A,N/A,N/A,N/A,N/A,N/A,N/A,N/A,N/A,NOT_CALCULATED,N/A,N/A,N/A,UNKNOWN,N/A,N/A,N/A,N/A,N/A,N/A,N/A,NOT_CALCULATED,N/A,LOW,STAGE_MAPPED_ONLY,LOW
2907,신월신안약수,11470,서울,N/A,N/A,0,PRE_PROJECT,NO_OFFICIAL_RECORD,공식 정비사업 기록 없음(선별 후보),,,182.61689434586097,440,N/A,53.75386363636364,N/A,N/A,N/A,N/A,N/A,N/A,N/A,N/A,NOT_CALCULATED,N/A,N/A,N/A,UNKNOWN,N/A,N/A,N/A,N/A,N/A,N/A,N/A,NOT_CALCULATED,N/A,LOW,STAGE_MAPPED_ONLY,LOW
2897,신월신안파크,11470,서울,N/A,N/A,0,PRE_PROJECT,NO_OFFICIAL_RECORD,공식 정비사업 기록 없음(선별 후보),,,163.66704795424548,485,N/A,46.865979381443296,N/A,N/A,N/A,N/A,N/A,N/A,N/A,N/A,NOT_CALCULATED,N/A,N/A,N/A,UNKNOWN,N/A,N/A,N/A,N/A,N/A,N/A,N/A,NOT_CALCULATED,N/A,LOW,STAGE_MAPPED_ONLY,LOW
2804,신정대림,11470,서울,N/A,N/A,0,PRE_PROJECT,NO_OFFICIAL_RECORD,공식 정비사업 기록 없음(선별 후보),,,265.39471381060736,210,N/A,40.80714285714286,N/A,N/A,N/A,N/A,N/A,N/A,N/A,N/A,NOT_CALCULATED,N/A,N/A,N/A,UNKNOWN,N/A,N/A,N/A,N/A,N/A,N/A,N/A,NOT_CALCULATED,N/A,LOW,STAGE_MAPPED_ONLY,LOW
2800,신정삼성SH임대,11470,서울,N/A,N/A,0,PRE_PROJECT,NO_OFFICIAL_RECORD,공식 정비사업 기록 없음(선별 후보),,,373.97228731257366,506,N/A,14.590711462450592,N/A,N/A,N/A,N/A,N/A,N/A,N/A,N/A,NOT_CALCULATED,N/A,N/A,N/A,UNKNOWN,N/A,N/A,N/A,N/A,N/A,N/A,N/A,NOT_CALCULATED,N/A,LOW,STAGE_MAPPED_ONLY,LOW
2805,신정쌍용,11470,서울,N/A,N/A,0,PRE_PROJECT,NO_OFFICIAL_RECORD,공식 정비사업 기록 없음(선별 후보),,,464.487315305269,270,N/A,23.913333333333334,N/A,N/A,N/A,N/A,N/A,N/A,N/A,N/A,NOT_CALCULATED,N/A,N/A,N/A,UNKNOWN,N/A,N/A,N/A,N/A,N/A,N/A,N/A,NOT_CALCULATED,N/A,LOW,STAGE_MAPPED_ONLY,LOW
2794,신정양천,11470,서울,N/A,N/A,0,PRE_PROJECT,NO_OFFICIAL_RECORD,공식 정비사업 기록 없음(선별 후보),,,N/A,2998,N/A,N/A,N/A,N/A,N/A,N/A,N/A,N/A,N/A,N/A,NOT_CALCULATED,N/A,N/A,N/A,UNKNOWN,N/A,N/A,N/A,N/A,N/A,N/A,N/A,NOT_CALCULATED,N/A,LOW,STAGE_MAPPED_ONLY,LOW
2806,신정청구아파트,11470,서울,N/A,N/A,0,PRE_PROJECT,NO_OFFICIAL_RECORD,공식 정비사업 기록 없음(선별 후보),,,342.9648895971775,279,N/A,35.76021505376344,N/A,N/A,N/A,N/A,N/A,N/A,N/A,N/A,NOT_CALCULATED,N/A,N/A,N/A,UNKNOWN,N/A,N/A,N/A,N/A,N/A,N/A,N/A,NOT_CALCULATED,N/A,LOW,STAGE_MAPPED_ONLY,LOW
2773,신정현대,11470,서울,N/A,N/A,0,PRE_PROJECT,NO_OFFICIAL_RECORD,공식 정비사업 기록 없음(선별 후보),,,413.1465790535477,217,N/A,31.97972350230415,N/A,N/A,N/A,N/A,N/A,N/A,N/A,N/A,NOT_CALCULATED,N/A,N/A,N/A,UNKNOWN,N/A,N/A,N/A,N/A,N/A,N/A,N/A,NOT_CALCULATED,N/A,LOW,STAGE_MAPPED_ONLY,LOW
4220,신천장미1차2차,11710,서울,N/A,N/A,0,PRE_PROJECT,NO_OFFICIAL_RECORD,공식 정비사업 기록 없음(선별 후보),,,255.74613869171915,3402,N/A,42.314462081128745,N/A,N/A,N/A,N/A,N/A,N/A,N/A,N/A,NOT_CALCULATED,N/A,N/A,N/A,UNKNOWN,N/A,N/A,N/A,N/A,N/A,N/A,N/A,NOT_CALCULATED,N/A,LOW,STAGE_MAPPED_ONLY,LOW
2030,쌍문경남,11320,서울,N/A,N/A,0,PRE_PROJECT,NO_OFFICIAL_RECORD,공식 정비사업 기록 없음(선별 후보),,,228.50515723270442,264,N/A,30.113636363636363,N/A,N/A,N/A,N/A,N/A,N/A,N/A,N/A,NOT_CALCULATED,N/A,N/A,N/A,UNKNOWN,N/A,N/A,N/A,N/A,N/A,N/A,N/A,NOT_CALCULATED,N/A,LOW,STAGE_MAPPED_ONLY,LOW
2017,쌍문극동,11320,서울,N/A,N/A,0,PRE_PROJECT,NO_OFFICIAL_RECORD,공식 정비사업 기록 없음(선별 후보),,,352.3932661354161,315,N/A,36.093333333333334,N/A,N/A,N/A,N/A,N/A,N/A,N/A,N/A,NOT_CALCULATED,N/A,N/A,N/A,UNKNOWN,N/A,N/A,N/A,N/A,N/A,N/A,N/A,NOT_CALCULATED,N/A,LOW,STAGE_MAPPED_ONLY,LOW
2023,쌍문금호1차아파트,11320,서울,N/A,N/A,0,PRE_PROJECT,NO_OFFICIAL_RECORD,공식 정비사업 기록 없음(선별 후보),,,261.1715365471472,690,N/A,31.446376811594202,N/A,N/A,N/A,N/A,N/A,N/A,N/A,N/A,NOT_CALCULATED,N/A,N/A,N/A,UNKNOWN,N/A,N/A,N/A,N/A,N/A,N/A,N/A,NOT_CALCULATED,N/A,LOW,STAGE_MAPPED_ONLY,LOW
2022,쌍문금호2차,11320,서울,N/A,N/A,0,PRE_PROJECT,NO_OFFICIAL_RECORD,공식 정비사업 기록 없음(선별 후보),,,N/A,386,N/A,N/A,N/A,N/A,N/A,N/A,N/A,N/A,N/A,N/A,NOT_CALCULATED,N/A,N/A,N/A,UNKNOWN,N/A,N/A,N/A,N/A,N/A,N/A,N/A,NOT_CALCULATED,N/A,LOW,STAGE_MAPPED_ONLY,LOW
2033,쌍문동익파크,11320,서울,N/A,N/A,0,PRE_PROJECT,NO_OFFICIAL_RECORD,공식 정비사업 기록 없음(선별 후보),,,249.9373325394463,495,N/A,40.71515151515152,N/A,N/A,N/A,N/A,N/A,N/A,N/A,N/A,NOT_CALCULATED,N/A,N/A,N/A,UNKNOWN,N/A,N/A,N/A,N/A,N/A,N/A,N/A,NOT_CALCULATED,N/A,LOW,STAGE_MAPPED_ONLY,LOW
2007,쌍문미라보아파트,11320,서울,N/A,N/A,0,PRE_PROJECT,NO_OFFICIAL_RECORD,공식 정비사업 기록 없음(선별 후보),,,101.72562163141446,142,N/A,31.09718309859155,N/A,N/A,N/A,N/A,N/A,N/A,N/A,N/A,NOT_CALCULATED,N/A,N/A,N/A,UNKNOWN,N/A,N/A,N/A,N/A,N/A,N/A,N/A,NOT_CALCULATED,N/A,LOW,STAGE_MAPPED_ONLY,LOW
2031,쌍문삼익,11320,서울,N/A,N/A,0,PRE_PROJECT,NO_OFFICIAL_RECORD,공식 정비사업 기록 없음(선별 후보),,,200.43495132590908,1541,N/A,33.33698896820247,N/A,N/A,N/A,N/A,N/A,N/A,N/A,N/A,NOT_CALCULATED,N/A,N/A,N/A,UNKNOWN,N/A,N/A,N/A,N/A,N/A,N/A,N/A,NOT_CALCULATED,N/A,LOW,STAGE_MAPPED_ONLY,LOW
2026,쌍문성원,11320,서울,N/A,N/A,0,PRE_PROJECT,NO_OFFICIAL_RECORD,공식 정비사업 기록 없음(선별 후보),,,263.7431274191217,498,N/A,37.508634538152606,N/A,N/A,N/A,N/A,N/A,N/A,N/A,N/A,NOT_CALCULATED,N/A,N/A,N/A,UNKNOWN,N/A,N/A,N/A,N/A,N/A,N/A,N/A,NOT_CALCULATED,N/A,LOW,STAGE_MAPPED_ONLY,LOW
2018,쌍문청구,11320,서울,N/A,N/A,0,PRE_PROJECT,NO_OFFICIAL_RECORD,공식 정비사업 기록 없음(선별 후보),,,369.2202992378865,236,N/A,33.248305084745766,N/A,N/A,N/A,N/A,N/A,N/A,N/A,N/A,NOT_CALCULATED,N/A,N/A,N/A,UNKNOWN,N/A,N/A,N/A,N/A,N/A,N/A,N/A,NOT_CALCULATED,N/A,LOW,STAGE_MAPPED_ONLY,LOW
2029,"쌍문한양2,3,4차",11320,서울,N/A,N/A,0,PRE_PROJECT,NO_OFFICIAL_RECORD,공식 정비사업 기록 없음(선별 후보),,,229.00676227093112,1635,N/A,27.50464831804281,N/A,N/A,N/A,N/A,N/A,N/A,N/A,N/A,NOT_CALCULATED,N/A,N/A,N/A,UNKNOWN,N/A,N/A,N/A,N/A,N/A,N/A,N/A,NOT_CALCULATED,N/A,LOW,STAGE_MAPPED_ONLY,LOW
2025,쌍문한양5차,11320,서울,N/A,N/A,0,PRE_PROJECT,NO_OFFICIAL_RECORD,공식 정비사업 기록 없음(선별 후보),,,282.8959273047201,414,N/A,36.789130434782614,N/A,N/A,N/A,N/A,N/A,N/A,N/A,N/A,NOT_CALCULATED,N/A,N/A,N/A,UNKNOWN,N/A,N/A,N/A,N/A,N/A,N/A,N/A,NOT_CALCULATED,N/A,LOW,STAGE_MAPPED_ONLY,LOW
2032,쌍문한양7차,11320,서울,N/A,N/A,0,PRE_PROJECT,NO_OFFICIAL_RECORD,공식 정비사업 기록 없음(선별 후보),,,467.5791386635451,408,N/A,29.94093137254902,N/A,N/A,N/A,N/A,N/A,N/A,N/A,N/A,NOT_CALCULATED,N/A,N/A,N/A,UNKNOWN,N/A,N/A,N/A,N/A,N/A,N/A,N/A,NOT_CALCULATED,N/A,LOW,STAGE_MAPPED_ONLY,LOW
2028,쌍문현대1차,11320,서울,N/A,N/A,0,PRE_PROJECT,NO_OFFICIAL_RECORD,공식 정비사업 기록 없음(선별 후보),,,263.64695495495494,783,N/A,35.440613026819925,N/A,N/A,N/A,N/A,N/A,N/A,N/A,N/A,NOT_CALCULATED,N/A,N/A,N/A,UNKNOWN,N/A,N/A,N/A,N/A,N/A,N/A,N/A,NOT_CALCULATED,N/A,LOW,STAGE_MAPPED_ONLY,LOW
2024,쌍문현대2차,11320,서울,N/A,N/A,0,PRE_PROJECT,NO_OFFICIAL_RECORD,공식 정비사업 기록 없음(선별 후보),,,254.95854583496796,192,N/A,39.828125,N/A,N/A,N/A,N/A,N/A,N/A,N/A,N/A,NOT_CALCULATED,N/A,N/A,N/A,UNKNOWN,N/A,N/A,N/A,N/A,N/A,N/A,N/A,NOT_CALCULATED,N/A,LOW,STAGE_MAPPED_ONLY,LOW
2034,쌍문현대3차,11320,서울,N/A,N/A,0,PRE_PROJECT,NO_OFFICIAL_RECORD,공식 정비사업 기록 없음(선별 후보),,,395.3400893592592,287,N/A,27.918466898954705,N/A,N/A,N/A,N/A,N/A,N/A,N/A,N/A,NOT_CALCULATED,N/A,N/A,N/A,UNKNOWN,N/A,N/A,N/A,N/A,N/A,N/A,N/A,NOT_CALCULATED,N/A,LOW,STAGE_MAPPED_ONLY,LOW
3926,아남,11650,서울,N/A,N/A,0,PRE_PROJECT,NO_OFFICIAL_RECORD,공식 정비사업 기록 없음(선별 후보),,,252.95966811282997,166,N/A,41.23915662650602,N/A,N/A,N/A,N/A,N/A,N/A,N/A,N/A,NOT_CALCULATED,N/A,N/A,N/A,UNKNOWN,N/A,N/A,N/A,N/A,N/A,N/A,N/A,NOT_CALCULATED,N/A,LOW,STAGE_MAPPED_ONLY,LOW
4369,아남아파트,11710,서울,N/A,N/A,0,PRE_PROJECT,NO_OFFICIAL_RECORD,공식 정비사업 기록 없음(선별 후보),,,372.9222821203953,122,N/A,29.19344262295082,N/A,N/A,N/A,N/A,N/A,N/A,N/A,N/A,NOT_CALCULATED,N/A,N/A,N/A,UNKNOWN,N/A,N/A,N/A,N/A,N/A,N/A,N/A,NOT_CALCULATED,N/A,LOW,STAGE_MAPPED_ONLY,LOW
1834,안암삼익,11290,서울,N/A,N/A,0,PRE_PROJECT,NO_OFFICIAL_RECORD,공식 정비사업 기록 없음(선별 후보),,,284.5354712659166,204,N/A,50.931862745098044,N/A,N/A,N/A,N/A,N/A,N/A,N/A,N/A,NOT_CALCULATED,N/A,N/A,N/A,UNKNOWN,N/A,N/A,N/A,N/A,N/A,N/A,N/A,NOT_CALCULATED,N/A,LOW,STAGE_MAPPED_ONLY,LOW
4450,암사라인아파트,11740,서울,N/A,N/A,0,PRE_PROJECT,NO_OFFICIAL_RECORD,공식 정비사업 기록 없음(선별 후보),,,N/A,107,N/A,N/A,N/A,N/A,N/A,N/A,N/A,N/A,N/A,N/A,NOT_CALCULATED,N/A,N/A,N/A,UNKNOWN,N/A,N/A,N/A,N/A,N/A,N/A,N/A,NOT_CALCULATED,N/A,LOW,STAGE_MAPPED_ONLY,LOW
4117,압구정미성2차,11680,서울,N/A,N/A,0,PRE_PROJECT,NO_OFFICIAL_RECORD,공식 정비사업 기록 없음(선별 후보),,,N/A,911,N/A,N/A,N/A,N/A,N/A,N/A,N/A,N/A,N/A,N/A,NOT_CALCULATED,N/A,N/A,N/A,UNKNOWN,N/A,N/A,N/A,N/A,N/A,N/A,N/A,NOT_CALCULATED,N/A,LOW,STAGE_MAPPED_ONLY,LOW
4118,압구정신현대,11680,서울,N/A,N/A,0,PRE_PROJECT,NO_OFFICIAL_RECORD,공식 정비사업 기록 없음(선별 후보),,,N/A,1924,N/A,N/A,N/A,N/A,N/A,N/A,N/A,N/A,N/A,N/A,NOT_CALCULATED,N/A,N/A,N/A,UNKNOWN,N/A,N/A,N/A,N/A,N/A,N/A,N/A,NOT_CALCULATED,N/A,LOW,STAGE_MAPPED_ONLY,LOW
4124,압구정한양3단지,11680,서울,N/A,N/A,0,PRE_PROJECT,NO_OFFICIAL_RECORD,공식 정비사업 기록 없음(선별 후보),,,355.6113654726637,582,N/A,36.36443298969072,N/A,N/A,N/A,N/A,N/A,N/A,N/A,N/A,NOT_CALCULATED,N/A,N/A,N/A,UNKNOWN,N/A,N/A,N/A,N/A,N/A,N/A,N/A,NOT_CALCULATED,N/A,LOW,STAGE_MAPPED_ONLY,LOW
4121,압구정한양아파트제1단지,11680,서울,N/A,N/A,0,PRE_PROJECT,NO_OFFICIAL_RECORD,공식 정비사업 기록 없음(선별 후보),,,N/A,1232,N/A,N/A,N/A,N/A,N/A,N/A,N/A,N/A,N/A,N/A,NOT_CALCULATED,N/A,N/A,N/A,UNKNOWN,N/A,N/A,N/A,N/A,N/A,N/A,N/A,NOT_CALCULATED,N/A,LOW,STAGE_MAPPED_ONLY,LOW
4123,압구정한양아파트제2단지,11680,서울,N/A,N/A,0,PRE_PROJECT,NO_OFFICIAL_RECORD,공식 정비사업 기록 없음(선별 후보),,,N/A,826,N/A,N/A,N/A,N/A,N/A,N/A,N/A,N/A,N/A,N/A,NOT_CALCULATED,N/A,N/A,N/A,UNKNOWN,N/A,N/A,N/A,N/A,N/A,N/A,N/A,NOT_CALCULATED,N/A,LOW,STAGE_MAPPED_ONLY,LOW
4122,압구정현대아파트,11680,서울,N/A,N/A,0,PRE_PROJECT,NO_OFFICIAL_RECORD,공식 정비사업 기록 없음(선별 후보),,,N/A,3130,N/A,N/A,N/A,N/A,N/A,N/A,N/A,N/A,N/A,N/A,NOT_CALCULATED,N/A,N/A,N/A,UNKNOWN,N/A,N/A,N/A,N/A,N/A,N/A,N/A,NOT_CALCULATED,N/A,LOW,STAGE_MAPPED_ONLY,LOW
3810,양재우성,11650,서울,N/A,N/A,0,PRE_PROJECT,NO_OFFICIAL_RECORD,공식 정비사업 기록 없음(선별 후보),,,N/A,848,N/A,N/A,N/A,N/A,N/A,N/A,N/A,N/A,N/A,N/A,NOT_CALCULATED,N/A,N/A,N/A,UNKNOWN,N/A,N/A,N/A,N/A,N/A,N/A,N/A,NOT_CALCULATED,N/A,LOW,STAGE_MAPPED_ONLY,LOW
3809,양재우성KBS(113동),11650,서울,N/A,N/A,0,PRE_PROJECT,NO_OFFICIAL_RECORD,공식 정비사업 기록 없음(선별 후보),,,N/A,150,N/A,N/A,N/A,N/A,N/A,N/A,N/A,N/A,N/A,N/A,NOT_CALCULATED,N/A,N/A,N/A,UNKNOWN,N/A,N/A,N/A,N/A,N/A,N/A,N/A,NOT_CALCULATED,N/A,LOW,STAGE_MAPPED_ONLY,LOW
3462,양평벽산,11560,서울,N/A,N/A,0,PRE_PROJECT,NO_OFFICIAL_RECORD,공식 정비사업 기록 없음(선별 후보),,,267.96062012681654,417,N/A,31.617266187050358,N/A,N/A,N/A,N/A,N/A,N/A,N/A,N/A,NOT_CALCULATED,N/A,N/A,N/A,UNKNOWN,N/A,N/A,N/A,N/A,N/A,N/A,N/A,NOT_CALCULATED,N/A,LOW,STAGE_MAPPED_ONLY,LOW
3457,양평서통한신,11560,서울,N/A,N/A,0,PRE_PROJECT,NO_OFFICIAL_RECORD,공식 정비사업 기록 없음(선별 후보),,,479.4972138330001,165,N/A,28.495757575757576,N/A,N/A,N/A,N/A,N/A,N/A,N/A,N/A,NOT_CALCULATED,N/A,N/A,N/A,UNKNOWN,N/A,N/A,N/A,N/A,N/A,N/A,N/A,NOT_CALCULATED,N/A,LOW,STAGE_MAPPED_ONLY,LOW
3474,양평성원,11560,서울,N/A,N/A,0,PRE_PROJECT,NO_OFFICIAL_RECORD,공식 정비사업 기록 없음(선별 후보),,,366.63202656537425,372,N/A,33.75725806451613,N/A,N/A,N/A,N/A,N/A,N/A,N/A,N/A,NOT_CALCULATED,N/A,N/A,N/A,UNKNOWN,N/A,N/A,N/A,N/A,N/A,N/A,N/A,NOT_CALCULATED,N/A,LOW,STAGE_MAPPED_ONLY,LOW
3477,양평한신,11560,서울,N/A,N/A,0,PRE_PROJECT,NO_OFFICIAL_RECORD,공식 정비사업 기록 없음(선별 후보),,,324.4115075481687,1215,N/A,25.651440329218108,N/A,N/A,N/A,N/A,N/A,N/A,N/A,N/A,NOT_CALCULATED,N/A,N/A,N/A,UNKNOWN,N/A,N/A,N/A,N/A,N/A,N/A,N/A,NOT_CALCULATED,N/A,LOW,STAGE_MAPPED_ONLY,LOW
3463,양평현대3차아파트,11560,서울,N/A,N/A,0,PRE_PROJECT,NO_OFFICIAL_RECORD,공식 정비사업 기록 없음(선별 후보),,,N/A,145,N/A,N/A,N/A,N/A,N/A,N/A,N/A,N/A,N/A,N/A,NOT_CALCULATED,N/A,N/A,N/A,UNKNOWN,N/A,N/A,N/A,N/A,N/A,N/A,N/A,NOT_CALCULATED,N/A,LOW,STAGE_MAPPED_ONLY,LOW
3890,엠브이아파트,11650,서울,N/A,N/A,0,PRE_PROJECT,NO_OFFICIAL_RECORD,공식 정비사업 기록 없음(선별 후보),,,N/A,154,N/A,N/A,N/A,N/A,N/A,N/A,N/A,N/A,N/A,N/A,NOT_CALCULATED,N/A,N/A,N/A,UNKNOWN,N/A,N/A,N/A,N/A,N/A,N/A,N/A,NOT_CALCULATED,N/A,LOW,STAGE_MAPPED_ONLY,LOW
3378,여의도삼부,11560,서울,N/A,N/A,0,PRE_PROJECT,NO_OFFICIAL_RECORD,공식 정비사업 기록 없음(선별 후보),,,467.6853319570907,866,N/A,31.324480369515012,N/A,N/A,N/A,N/A,N/A,N/A,N/A,N/A,NOT_CALCULATED,N/A,N/A,N/A,UNKNOWN,N/A,N/A,N/A,N/A,N/A,N/A,N/A,NOT_CALCULATED,N/A,LOW,STAGE_MAPPED_ONLY,LOW
4198,역삼럭키,11680,서울,N/A,N/A,0,PRE_PROJECT,NO_OFFICIAL_RECORD,공식 정비사업 기록 없음(선별 후보),,,238.39961192984447,1094,N/A,48.28656307129799,N/A,N/A,N/A,N/A,N/A,N/A,N/A,N/A,NOT_CALCULATED,N/A,N/A,N/A,UNKNOWN,N/A,N/A,N/A,N/A,N/A,N/A,N/A,NOT_CALCULATED,N/A,LOW,STAGE_MAPPED_ONLY,LOW
3979,역삼한스빌아파트,11680,서울,N/A,N/A,0,PRE_PROJECT,NO_OFFICIAL_RECORD,공식 정비사업 기록 없음(선별 후보),,,496.87457912457916,216,N/A,16.5,N/A,N/A,N/A,N/A,N/A,N/A,N/A,N/A,NOT_CALCULATED,N/A,N/A,N/A,UNKNOWN,N/A,N/A,N/A,N/A,N/A,N/A,N/A,NOT_CALCULATED,N/A,LOW,STAGE_MAPPED_ONLY,LOW
2570,연희대림아파트,11410,서울,N/A,N/A,0,PRE_PROJECT,NO_OFFICIAL_RECORD,공식 정비사업 기록 없음(선별 후보),,,222.48905097605052,220,N/A,55.83727272727273,N/A,N/A,N/A,N/A,N/A,N/A,N/A,N/A,NOT_CALCULATED,N/A,N/A,N/A,UNKNOWN,N/A,N/A,N/A,N/A,N/A,N/A,N/A,NOT_CALCULATED,N/A,LOW,STAGE_MAPPED_ONLY,LOW
1756,염광아파트,11260,서울,N/A,N/A,0,PRE_PROJECT,NO_OFFICIAL_RECORD,공식 정비사업 기록 없음(선별 후보),,,471.06777181862503,233,N/A,17.605150214592275,N/A,N/A,N/A,N/A,N/A,N/A,N/A,N/A,NOT_CALCULATED,N/A,N/A,N/A,UNKNOWN,N/A,N/A,N/A,N/A,N/A,N/A,N/A,NOT_CALCULATED,N/A,LOW,STAGE_MAPPED_ONLY,LOW
2910,염창삼성한아름아파트,11500,서울,N/A,N/A,0,PRE_PROJECT,NO_OFFICIAL_RECORD,공식 정비사업 기록 없음(선별 후보),,,294.9706314243759,140,N/A,42.80571428571429,N/A,N/A,N/A,N/A,N/A,N/A,N/A,N/A,NOT_CALCULATED,N/A,N/A,N/A,UNKNOWN,N/A,N/A,N/A,N/A,N/A,N/A,N/A,NOT_CALCULATED,N/A,LOW,STAGE_MAPPED_ONLY,LOW
2947,염창신동아,11500,서울,N/A,N/A,0,PRE_PROJECT,NO_OFFICIAL_RECORD,공식 정비사업 기록 없음(선별 후보),,,332.98722509149366,348,N/A,33.60574712643678,N/A,N/A,N/A,N/A,N/A,N/A,N/A,N/A,NOT_CALCULATED,N/A,N/A,N/A,UNKNOWN,N/A,N/A,N/A,N/A,N/A,N/A,N/A,NOT_CALCULATED,N/A,LOW,STAGE_MAPPED_ONLY,LOW
2945,염창우성2차,11500,서울,N/A,N/A,0,PRE_PROJECT,NO_OFFICIAL_RECORD,공식 정비사업 기록 없음(선별 후보),,,230.6746526229528,186,N/A,44.61236559139785,N/A,N/A,N/A,N/A,N/A,N/A,N/A,N/A,NOT_CALCULATED,N/A,N/A,N/A,UNKNOWN,N/A,N/A,N/A,N/A,N/A,N/A,N/A,NOT_CALCULATED,N/A,LOW,STAGE_MAPPED_ONLY,LOW
2922,염창우성3차,11500,서울,N/A,N/A,0,PRE_PROJECT,NO_OFFICIAL_RECORD,공식 정비사업 기록 없음(선별 후보),,,289.2722211175184,196,N/A,41.053061224489795,N/A,N/A,N/A,N/A,N/A,N/A,N/A,N/A,NOT_CALCULATED,N/A,N/A,N/A,UNKNOWN,N/A,N/A,N/A,N/A,N/A,N/A,N/A,NOT_CALCULATED,N/A,LOW,STAGE_MAPPED_ONLY,LOW
2940,염창태진한솔,11500,서울,N/A,N/A,0,PRE_PROJECT,NO_OFFICIAL_RECORD,공식 정비사업 기록 없음(선별 후보),,,313.6074237443303,356,N/A,33.75140449438202,N/A,N/A,N/A,N/A,N/A,N/A,N/A,N/A,NOT_CALCULATED,N/A,N/A,N/A,UNKNOWN,N/A,N/A,N/A,N/A,N/A,N/A,N/A,NOT_CALCULATED,N/A,LOW,STAGE_MAPPED_ONLY,LOW
2938,염창한마음삼성,11500,서울,N/A,N/A,0,PRE_PROJECT,NO_OFFICIAL_RECORD,공식 정비사업 기록 없음(선별 후보),,,308.15877057161555,330,N/A,37.96787878787879,N/A,N/A,N/A,N/A,N/A,N/A,N/A,N/A,NOT_CALCULATED,N/A,N/A,N/A,UNKNOWN,N/A,N/A,N/A,N/A,N/A,N/A,N/A,NOT_CALCULATED,N/A,LOW,STAGE_MAPPED_ONLY,LOW
2949,염창현대1차,11500,서울,N/A,N/A,0,PRE_PROJECT,NO_OFFICIAL_RECORD,공식 정비사업 기록 없음(선별 후보),,,329.9488538536849,498,N/A,35.68795180722891,N/A,N/A,N/A,N/A,N/A,N/A,N/A,N/A,NOT_CALCULATED,N/A,N/A,N/A,UNKNOWN,N/A,N/A,N/A,N/A,N/A,N/A,N/A,NOT_CALCULATED,N/A,LOW,STAGE_MAPPED_ONLY,LOW
2909,염창현대2차아파트,11500,서울,N/A,N/A,0,PRE_PROJECT,NO_OFFICIAL_RECORD,공식 정비사업 기록 없음(선별 후보),,,279.8980352547916,106,N/A,39.22924528301887,N/A,N/A,N/A,N/A,N/A,N/A,N/A,N/A,NOT_CALCULATED,N/A,N/A,N/A,UNKNOWN,N/A,N/A,N/A,N/A,N/A,N/A,N/A,NOT_CALCULATED,N/A,LOW,STAGE_MAPPED_ONLY,LOW
4340,오금대림,11710,서울,N/A,N/A,0,PRE_PROJECT,NO_OFFICIAL_RECORD,공식 정비사업 기록 없음(선별 후보),,,346.9531460255781,749,N/A,36.21455273698265,N/A,N/A,N/A,N/A,N/A,N/A,N/A,N/A,NOT_CALCULATED,N/A,N/A,N/A,UNKNOWN,N/A,N/A,N/A,N/A,N/A,N/A,N/A,NOT_CALCULATED,N/A,LOW,STAGE_MAPPED_ONLY,LOW
4337,오금삼성,11710,서울,N/A,N/A,0,PRE_PROJECT,NO_OFFICIAL_RECORD,공식 정비사업 기록 없음(선별 후보),,,231.90012242924308,215,N/A,45.208837209302324,N/A,N/A,N/A,N/A,N/A,N/A,N/A,N/A,NOT_CALCULATED,N/A,N/A,N/A,UNKNOWN,N/A,N/A,N/A,N/A,N/A,N/A,N/A,NOT_CALCULATED,N/A,LOW,STAGE_MAPPED_ONLY,LOW
4341,오금현대아파트,11710,서울,N/A,N/A,0,PRE_PROJECT,NO_OFFICIAL_RECORD,공식 정비사업 기록 없음(선별 후보),,,N/A,1316,N/A,N/A,N/A,N/A,N/A,N/A,N/A,N/A,N/A,N/A,NOT_CALCULATED,N/A,N/A,N/A,UNKNOWN,N/A,N/A,N/A,N/A,N/A,N/A,N/A,NOT_CALCULATED,N/A,LOW,STAGE_MAPPED_ONLY,LOW
3264,오류금강,11530,서울,N/A,N/A,0,PRE_PROJECT,NO_OFFICIAL_RECORD,공식 정비사업 기록 없음(선별 후보),,,326.9553573819662,247,N/A,30.235627530364372,N/A,N/A,N/A,N/A,N/A,N/A,N/A,N/A,NOT_CALCULATED,N/A,N/A,N/A,UNKNOWN,N/A,N/A,N/A,N/A,N/A,N/A,N/A,NOT_CALCULATED,N/A,LOW,STAGE_MAPPED_ONLY,LOW
3260,오류라인,11530,서울,N/A,N/A,0,PRE_PROJECT,NO_OFFICIAL_RECORD,공식 정비사업 기록 없음(선별 후보),,,N/A,218,N/A,N/A,N/A,N/A,N/A,N/A,N/A,N/A,N/A,N/A,NOT_CALCULATED,N/A,N/A,N/A,UNKNOWN,N/A,N/A,N/A,N/A,N/A,N/A,N/A,NOT_CALCULATED,N/A,LOW,STAGE_MAPPED_ONLY,LOW
3459,오목교벽산블루밍,11560,서울,N/A,N/A,0,PRE_PROJECT,NO_OFFICIAL_RECORD,공식 정비사업 기록 없음(선별 후보),,,N/A,114,N/A,N/A,N/A,N/A,N/A,N/A,N/A,N/A,N/A,N/A,NOT_CALCULATED,N/A,N/A,N/A,UNKNOWN,N/A,N/A,N/A,N/A,N/A,N/A,N/A,NOT_CALCULATED,N/A,LOW,STAGE_MAPPED_ONLY,LOW
1387,옥수극동,11200,서울,N/A,N/A,0,PRE_PROJECT,NO_OFFICIAL_RECORD,공식 정비사업 기록 없음(선별 후보),,,239.68021968287715,900,N/A,55.190666666666665,N/A,N/A,N/A,N/A,N/A,N/A,N/A,N/A,NOT_CALCULATED,N/A,N/A,N/A,UNKNOWN,N/A,N/A,N/A,N/A,N/A,N/A,N/A,NOT_CALCULATED,N/A,LOW,STAGE_MAPPED_ONLY,LOW
1397,옥수현대,11200,서울,N/A,N/A,0,PRE_PROJECT,NO_OFFICIAL_RECORD,공식 정비사업 기록 없음(선별 후보),,,226.68772015912796,566,N/A,50.407243816254415,N/A,N/A,N/A,N/A,N/A,N/A,N/A,N/A,NOT_CALCULATED,N/A,N/A,N/A,UNKNOWN,N/A,N/A,N/A,N/A,N/A,N/A,N/A,NOT_CALCULATED,N/A,LOW,STAGE_MAPPED_ONLY,LOW
4323,올림픽베어스타운,11710,서울,N/A,N/A,0,PRE_PROJECT,NO_OFFICIAL_RECORD,공식 정비사업 기록 없음(선별 후보),,,N/A,140,N/A,N/A,N/A,N/A,N/A,N/A,N/A,N/A,N/A,N/A,NOT_CALCULATED,N/A,N/A,N/A,UNKNOWN,N/A,N/A,N/A,N/A,N/A,N/A,N/A,NOT_CALCULATED,N/A,LOW,STAGE_MAPPED_ONLY,LOW
4325,올림픽선수기자촌아파트,11710,서울,N/A,N/A,0,PRE_PROJECT,NO_OFFICIAL_RECORD,공식 정비사업 기록 없음(선별 후보),,,N/A,5540,N/A,N/A,N/A,N/A,N/A,N/A,N/A,N/A,N/A,N/A,NOT_CALCULATED,N/A,N/A,N/A,UNKNOWN,N/A,N/A,N/A,N/A,N/A,N/A,N/A,NOT_CALCULATED,N/A,LOW,STAGE_MAPPED_ONLY,LOW
4295,올림픽훼밀리타운,11710,서울,N/A,N/A,0,PRE_PROJECT,NO_OFFICIAL_RECORD,공식 정비사업 기록 없음(선별 후보),,,N/A,4494,N/A,N/A,N/A,N/A,N/A,N/A,N/A,N/A,N/A,N/A,NOT_CALCULATED,N/A,N/A,N/A,UNKNOWN,N/A,N/A,N/A,N/A,N/A,N/A,N/A,NOT_CALCULATED,N/A,LOW,STAGE_MAPPED_ONLY,LOW
1331,왕십리삼성,11200,서울,N/A,N/A,0,PRE_PROJECT,NO_OFFICIAL_RECORD,공식 정비사업 기록 없음(선별 후보),,,296.8838886771715,430,N/A,42.10674418604651,N/A,N/A,N/A,N/A,N/A,N/A,N/A,N/A,NOT_CALCULATED,N/A,N/A,N/A,UNKNOWN,N/A,N/A,N/A,N/A,N/A,N/A,N/A,NOT_CALCULATED,N/A,LOW,STAGE_MAPPED_ONLY,LOW
1436,용답중앙하이츠아파트,11200,서울,N/A,N/A,0,PRE_PROJECT,NO_OFFICIAL_RECORD,공식 정비사업 기록 없음(선별 후보),,,N/A,136,N/A,N/A,N/A,N/A,N/A,N/A,N/A,N/A,N/A,N/A,NOT_CALCULATED,N/A,N/A,N/A,UNKNOWN,N/A,N/A,N/A,N/A,N/A,N/A,N/A,NOT_CALCULATED,N/A,LOW,STAGE_MAPPED_ONLY,LOW
1546,용두신동아,11230,서울,N/A,N/A,0,PRE_PROJECT,NO_OFFICIAL_RECORD,공식 정비사업 기록 없음(선별 후보),,,311.7839056681837,772,N/A,31.308290155440414,N/A,N/A,N/A,N/A,N/A,N/A,N/A,N/A,NOT_CALCULATED,N/A,N/A,N/A,UNKNOWN,N/A,N/A,N/A,N/A,N/A,N/A,N/A,NOT_CALCULATED,N/A,LOW,STAGE_MAPPED_ONLY,LOW
1690,용마금호타운,11260,서울,N/A,N/A,0,PRE_PROJECT,NO_OFFICIAL_RECORD,공식 정비사업 기록 없음(선별 후보),,,303.53287770899675,440,N/A,38.109545454545454,N/A,N/A,N/A,N/A,N/A,N/A,N/A,N/A,NOT_CALCULATED,N/A,N/A,N/A,UNKNOWN,N/A,N/A,N/A,N/A,N/A,N/A,N/A,NOT_CALCULATED,N/A,LOW,STAGE_MAPPED_ONLY,LOW
1693,용마동아아파트,11260,서울,N/A,N/A,0,PRE_PROJECT,NO_OFFICIAL_RECORD,공식 정비사업 기록 없음(선별 후보),,,276.25663753815275,174,N/A,41.23620689655173,N/A,N/A,N/A,N/A,N/A,N/A,N/A,N/A,NOT_CALCULATED,N/A,N/A,N/A,UNKNOWN,N/A,N/A,N/A,N/A,N/A,N/A,N/A,NOT_CALCULATED,N/A,LOW,STAGE_MAPPED_ONLY,LOW
1692,용마한신,11260,서울,N/A,N/A,0,PRE_PROJECT,NO_OFFICIAL_RECORD,공식 정비사업 기록 없음(선별 후보),,,289.7386318175757,565,N/A,26.54513274336283,N/A,N/A,N/A,N/A,N/A,N/A,N/A,N/A,NOT_CALCULATED,N/A,N/A,N/A,UNKNOWN,N/A,N/A,N/A,N/A,N/A,N/A,N/A,NOT_CALCULATED,N/A,LOW,STAGE_MAPPED_ONLY,LOW
3828,우면대림,11650,서울,N/A,N/A,0,PRE_PROJECT,NO_OFFICIAL_RECORD,공식 정비사업 기록 없음(선별 후보),,,287.72486894229627,412,N/A,63.29199029126213,N/A,N/A,N/A,N/A,N/A,N/A,N/A,N/A,NOT_CALCULATED,N/A,N/A,N/A,UNKNOWN,N/A,N/A,N/A,N/A,N/A,N/A,N/A,NOT_CALCULATED,N/A,LOW,STAGE_MAPPED_ONLY,LOW
3827,우면동동고,11650,서울,N/A,N/A,0,PRE_PROJECT,NO_OFFICIAL_RECORD,공식 정비사업 기록 없음(선별 후보),,,264.1609359275411,330,N/A,43.36,N/A,N/A,N/A,N/A,N/A,N/A,N/A,N/A,NOT_CALCULATED,N/A,N/A,N/A,UNKNOWN,N/A,N/A,N/A,N/A,N/A,N/A,N/A,NOT_CALCULATED,N/A,LOW,STAGE_MAPPED_ONLY,LOW
3826,우면코오롱,11650,서울,N/A,N/A,0,PRE_PROJECT,NO_OFFICIAL_RECORD,공식 정비사업 기록 없음(선별 후보),,,177.12023338195456,300,N/A,55.98833333333334,N/A,N/A,N/A,N/A,N/A,N/A,N/A,N/A,NOT_CALCULATED,N/A,N/A,N/A,UNKNOWN,N/A,N/A,N/A,N/A,N/A,N/A,N/A,NOT_CALCULATED,N/A,LOW,STAGE_MAPPED_ONLY,LOW
1517,우성6,11215,서울,N/A,N/A,0,PRE_PROJECT,NO_OFFICIAL_RECORD,공식 정비사업 기록 없음(선별 후보),,,N/A,96,N/A,N/A,N/A,N/A,N/A,N/A,N/A,N/A,N/A,N/A,NOT_CALCULATED,N/A,N/A,N/A,UNKNOWN,N/A,N/A,N/A,N/A,N/A,N/A,N/A,NOT_CALCULATED,N/A,LOW,STAGE_MAPPED_ONLY,LOW
2005,우이동성원아파트,11305,서울,N/A,N/A,0,PRE_PROJECT,NO_OFFICIAL_RECORD,공식 정비사업 기록 없음(선별 후보),,,266.22655663915975,262,N/A,38.158396946564885,N/A,N/A,N/A,N/A,N/A,N/A,N/A,N/A,NOT_CALCULATED,N/A,N/A,N/A,UNKNOWN,N/A,N/A,N/A,N/A,N/A,N/A,N/A,NOT_CALCULATED,N/A,LOW,STAGE_MAPPED_ONLY,LOW
1465,워커힐푸르지오,11215,서울,N/A,N/A,0,PRE_PROJECT,NO_OFFICIAL_RECORD,공식 정비사업 기록 없음(선별 후보),,,377.4761568848758,200,N/A,35.44,N/A,N/A,N/A,N/A,N/A,N/A,N/A,N/A,NOT_CALCULATED,N/A,N/A,N/A,UNKNOWN,N/A,N/A,N/A,N/A,N/A,N/A,N/A,NOT_CALCULATED,N/A,LOW,STAGE_MAPPED_ONLY,LOW
2156,월계극동,11350,서울,N/A,N/A,0,PRE_PROJECT,NO_OFFICIAL_RECORD,공식 정비사업 기록 없음(선별 후보),,,N/A,199,N/A,N/A,N/A,N/A,N/A,N/A,N/A,N/A,N/A,N/A,NOT_CALCULATED,N/A,N/A,N/A,UNKNOWN,N/A,N/A,N/A,N/A,N/A,N/A,N/A,NOT_CALCULATED,N/A,LOW,STAGE_MAPPED_ONLY,LOW
2164,월계사슴1단지,11350,서울,N/A,N/A,0,PRE_PROJECT,NO_OFFICIAL_RECORD,공식 정비사업 기록 없음(선별 후보),,,148.32426284375137,1372,N/A,21.211151603498543,N/A,N/A,N/A,N/A,N/A,N/A,N/A,N/A,NOT_CALCULATED,N/A,N/A,N/A,UNKNOWN,N/A,N/A,N/A,N/A,N/A,N/A,N/A,NOT_CALCULATED,N/A,LOW,STAGE_MAPPED_ONLY,LOW
2146,월계사슴2단지,11350,서울,N/A,N/A,0,PRE_PROJECT,NO_OFFICIAL_RECORD,공식 정비사업 기록 없음(선별 후보),,,212.8469065246569,775,N/A,23.84206451612903,N/A,N/A,N/A,N/A,N/A,N/A,N/A,N/A,NOT_CALCULATED,N/A,N/A,N/A,UNKNOWN,N/A,N/A,N/A,N/A,N/A,N/A,N/A,NOT_CALCULATED,N/A,LOW,STAGE_MAPPED_ONLY,LOW
2147,월계사슴3단지,11350,서울,N/A,N/A,0,PRE_PROJECT,NO_OFFICIAL_RECORD,공식 정비사업 기록 없음(선별 후보),,,210.1103411513859,884,N/A,27.58823529411765,N/A,N/A,N/A,N/A,N/A,N/A,N/A,N/A,NOT_CALCULATED,N/A,N/A,N/A,UNKNOWN,N/A,N/A,N/A,N/A,N/A,N/A,N/A,NOT_CALCULATED,N/A,LOW,STAGE_MAPPED_ONLY,LOW
2148,월계삼창,11350,서울,N/A,N/A,0,PRE_PROJECT,NO_OFFICIAL_RECORD,공식 정비사업 기록 없음(선별 후보),,,327.7290119288769,296,N/A,30.02027027027027,N/A,N/A,N/A,N/A,N/A,N/A,N/A,N/A,NOT_CALCULATED,N/A,N/A,N/A,UNKNOWN,N/A,N/A,N/A,N/A,N/A,N/A,N/A,NOT_CALCULATED,N/A,LOW,STAGE_MAPPED_ONLY,LOW
2141,월계서광,11350,서울,N/A,N/A,0,PRE_PROJECT,NO_OFFICIAL_RECORD,공식 정비사업 기록 없음(선별 후보),,,279.28066966945,274,N/A,34.92299270072993,N/A,N/A,N/A,N/A,N/A,N/A,N/A,N/A,NOT_CALCULATED,N/A,N/A,N/A,UNKNOWN,N/A,N/A,N/A,N/A,N/A,N/A,N/A,NOT_CALCULATED,N/A,LOW,STAGE_MAPPED_ONLY,LOW
2150,월계주공1단지,11350,서울,N/A,N/A,0,PRE_PROJECT,NO_OFFICIAL_RECORD,공식 정비사업 기록 없음(선별 후보),,,80.63115189512308,2298,N/A,39.81292428198434,N/A,N/A,N/A,N/A,N/A,N/A,N/A,N/A,NOT_CALCULATED,N/A,N/A,N/A,UNKNOWN,N/A,N/A,N/A,N/A,N/A,N/A,N/A,NOT_CALCULATED,N/A,LOW,STAGE_MAPPED_ONLY,LOW
2151,월계주공2단지,11350,서울,N/A,N/A,0,PRE_PROJECT,NO_OFFICIAL_RECORD,공식 정비사업 기록 없음(선별 후보),,,126.08192033892189,2002,N/A,45.69935064935065,N/A,N/A,N/A,N/A,N/A,N/A,N/A,N/A,NOT_CALCULATED,N/A,N/A,N/A,UNKNOWN,N/A,N/A,N/A,N/A,N/A,N/A,N/A,NOT_CALCULATED,N/A,LOW,STAGE_MAPPED_ONLY,LOW
2803,유원목동,11470,서울,N/A,N/A,0,PRE_PROJECT,NO_OFFICIAL_RECORD,공식 정비사업 기록 없음(선별 후보),,,276.9946157611356,156,N/A,39.28846153846154,N/A,N/A,N/A,N/A,N/A,N/A,N/A,N/A,NOT_CALCULATED,N/A,N/A,N/A,UNKNOWN,N/A,N/A,N/A,N/A,N/A,N/A,N/A,NOT_CALCULATED,N/A,LOW,STAGE_MAPPED_ONLY,LOW
3956,유원서초아파트,11650,서울,N/A,N/A,0,PRE_PROJECT,NO_OFFICIAL_RECORD,공식 정비사업 기록 없음(선별 후보),,,326.1492424034602,590,N/A,37.07084745762712,N/A,N/A,N/A,N/A,N/A,N/A,N/A,N/A,NOT_CALCULATED,N/A,N/A,N/A,UNKNOWN,N/A,N/A,N/A,N/A,N/A,N/A,N/A,NOT_CALCULATED,N/A,LOW,STAGE_MAPPED_ONLY,LOW
2589,유원홍은,11410,서울,N/A,N/A,0,PRE_PROJECT,NO_OFFICIAL_RECORD,공식 정비사업 기록 없음(선별 후보),,,229.46559235647362,299,N/A,39.76521739130435,N/A,N/A,N/A,N/A,N/A,N/A,N/A,N/A,NOT_CALCULATED,N/A,N/A,N/A,UNKNOWN,N/A,N/A,N/A,N/A,N/A,N/A,N/A,NOT_CALCULATED,N/A,LOW,STAGE_MAPPED_ONLY,LOW
1356,응봉금호현대,11200,서울,N/A,N/A,0,PRE_PROJECT,NO_OFFICIAL_RECORD,공식 정비사업 기록 없음(선별 후보),,,231.68225832923025,644,N/A,47.30590062111801,N/A,N/A,N/A,N/A,N/A,N/A,N/A,N/A,NOT_CALCULATED,N/A,N/A,N/A,UNKNOWN,N/A,N/A,N/A,N/A,N/A,N/A,N/A,NOT_CALCULATED,N/A,LOW,STAGE_MAPPED_ONLY,LOW
1359,응봉대림2차,11200,서울,N/A,N/A,0,PRE_PROJECT,NO_OFFICIAL_RECORD,공식 정비사업 기록 없음(선별 후보),,,252.67818037618815,410,N/A,41.20926829268293,N/A,N/A,N/A,N/A,N/A,N/A,N/A,N/A,NOT_CALCULATED,N/A,N/A,N/A,UNKNOWN,N/A,N/A,N/A,N/A,N/A,N/A,N/A,NOT_CALCULATED,N/A,LOW,STAGE_MAPPED_ONLY,LOW
1361,응봉신동아,11200,서울,N/A,N/A,0,PRE_PROJECT,NO_OFFICIAL_RECORD,공식 정비사업 기록 없음(선별 후보),,,313.25951374583923,434,N/A,32.32649769585254,N/A,N/A,N/A,N/A,N/A,N/A,N/A,N/A,NOT_CALCULATED,N/A,N/A,N/A,UNKNOWN,N/A,N/A,N/A,N/A,N/A,N/A,N/A,NOT_CALCULATED,N/A,LOW,STAGE_MAPPED_ONLY,LOW
2440,응암우성,11380,서울,N/A,N/A,0,PRE_PROJECT,NO_OFFICIAL_RECORD,공식 정비사업 기록 없음(선별 후보),,,194.618180056207,292,N/A,56.542465753424665,N/A,N/A,N/A,N/A,N/A,N/A,N/A,N/A,NOT_CALCULATED,N/A,N/A,N/A,UNKNOWN,N/A,N/A,N/A,N/A,N/A,N/A,N/A,NOT_CALCULATED,N/A,LOW,STAGE_MAPPED_ONLY,LOW
1287,이촌대림,11170,서울,N/A,N/A,0,PRE_PROJECT,NO_OFFICIAL_RECORD,공식 정비사업 기록 없음(선별 후보),,,N/A,638,N/A,N/A,N/A,N/A,N/A,N/A,N/A,N/A,N/A,N/A,NOT_CALCULATED,N/A,N/A,N/A,UNKNOWN,N/A,N/A,N/A,N/A,N/A,N/A,N/A,NOT_CALCULATED,N/A,LOW,STAGE_MAPPED_ONLY,LOW
1278,이촌반도,11170,서울,N/A,N/A,0,PRE_PROJECT,NO_OFFICIAL_RECORD,공식 정비사업 기록 없음(선별 후보),,,231.46002317497104,192,N/A,80.90625,N/A,N/A,N/A,N/A,N/A,N/A,N/A,N/A,NOT_CALCULATED,N/A,N/A,N/A,UNKNOWN,N/A,N/A,N/A,N/A,N/A,N/A,N/A,NOT_CALCULATED,N/A,LOW,STAGE_MAPPED_ONLY,LOW
1277,이촌한강맨션,11170,서울,N/A,N/A,0,PRE_PROJECT,NO_OFFICIAL_RECORD,공식 정비사업 기록 없음(선별 후보),,,N/A,660,N/A,N/A,N/A,N/A,N/A,N/A,N/A,N/A,N/A,N/A,NOT_CALCULATED,N/A,N/A,N/A,UNKNOWN,N/A,N/A,N/A,N/A,N/A,N/A,N/A,NOT_CALCULATED,N/A,LOW,STAGE_MAPPED_ONLY,LOW
1288,이태원주공아파트,11170,서울,N/A,N/A,0,PRE_PROJECT,NO_OFFICIAL_RECORD,공식 정비사업 기록 없음(선별 후보),,,N/A,130,N/A,N/A,N/A,N/A,N/A,N/A,N/A,N/A,N/A,N/A,NOT_CALCULATED,N/A,N/A,N/A,UNKNOWN,N/A,N/A,N/A,N/A,N/A,N/A,N/A,NOT_CALCULATED,N/A,LOW,STAGE_MAPPED_ONLY,LOW
1179,인현신성,11140,서울,N/A,N/A,0,PRE_PROJECT,NO_OFFICIAL_RECORD,공식 정비사업 기록 없음(선별 후보),,,N/A,182,N/A,N/A,N/A,N/A,N/A,N/A,N/A,N/A,N/A,N/A,NOT_CALCULATED,N/A,N/A,N/A,UNKNOWN,N/A,N/A,N/A,N/A,N/A,N/A,N/A,NOT_CALCULATED,N/A,LOW,STAGE_MAPPED_ONLY,LOW
3683,일두아파트,11620,서울,N/A,N/A,0,PRE_PROJECT,NO_OFFICIAL_RECORD,공식 정비사업 기록 없음(선별 후보),,,N/A,204,N/A,N/A,N/A,N/A,N/A,N/A,N/A,N/A,N/A,N/A,NOT_CALCULATED,N/A,N/A,N/A,UNKNOWN,N/A,N/A,N/A,N/A,N/A,N/A,N/A,NOT_CALCULATED,N/A,LOW,STAGE_MAPPED_ONLY,LOW
4154,일원동 수서아파트,11680,서울,N/A,N/A,0,PRE_PROJECT,NO_OFFICIAL_RECORD,공식 정비사업 기록 없음(선별 후보),,,65.41611003908763,720,N/A,112.28333333333333,N/A,N/A,N/A,N/A,N/A,N/A,N/A,N/A,NOT_CALCULATED,N/A,N/A,N/A,UNKNOWN,N/A,N/A,N/A,N/A,N/A,N/A,N/A,NOT_CALCULATED,N/A,LOW,STAGE_MAPPED_ONLY,LOW
4153,일원목련타운,11680,서울,N/A,N/A,0,PRE_PROJECT,NO_OFFICIAL_RECORD,공식 정비사업 기록 없음(선별 후보),,,262.5079507484918,650,N/A,53.50246153846154,N/A,N/A,N/A,N/A,N/A,N/A,N/A,N/A,NOT_CALCULATED,N/A,N/A,N/A,UNKNOWN,N/A,N/A,N/A,N/A,N/A,N/A,N/A,NOT_CALCULATED,N/A,LOW,STAGE_MAPPED_ONLY,LOW
4152,일원샘터마을,11680,서울,N/A,N/A,0,PRE_PROJECT,NO_OFFICIAL_RECORD,공식 정비사업 기록 없음(선별 후보),,,263.18220262515194,628,N/A,52.942038216560505,N/A,N/A,N/A,N/A,N/A,N/A,N/A,N/A,NOT_CALCULATED,N/A,N/A,N/A,UNKNOWN,N/A,N/A,N/A,N/A,N/A,N/A,N/A,NOT_CALCULATED,N/A,LOW,STAGE_MAPPED_ONLY,LOW
4150,일원청솔빌리지,11680,서울,N/A,N/A,0,PRE_PROJECT,NO_OFFICIAL_RECORD,공식 정비사업 기록 없음(선별 후보),,,115.35961743747708,291,N/A,87.23951890034364,N/A,N/A,N/A,N/A,N/A,N/A,N/A,N/A,NOT_CALCULATED,N/A,N/A,N/A,UNKNOWN,N/A,N/A,N/A,N/A,N/A,N/A,N/A,NOT_CALCULATED,N/A,LOW,STAGE_MAPPED_ONLY,LOW
1498,자양2차현대,11215,서울,N/A,N/A,0,PRE_PROJECT,NO_OFFICIAL_RECORD,공식 정비사업 기록 없음(선별 후보),,,390.5793612801751,235,N/A,31.112765957446808,N/A,N/A,N/A,N/A,N/A,N/A,N/A,N/A,NOT_CALCULATED,N/A,N/A,N/A,UNKNOWN,N/A,N/A,N/A,N/A,N/A,N/A,N/A,NOT_CALCULATED,N/A,LOW,STAGE_MAPPED_ONLY,LOW
1503,자양우성1차,11215,서울,N/A,N/A,0,PRE_PROJECT,NO_OFFICIAL_RECORD,공식 정비사업 기록 없음(선별 후보),,,449.8667043436138,656,N/A,18.88109756097561,N/A,N/A,N/A,N/A,N/A,N/A,N/A,N/A,NOT_CALCULATED,N/A,N/A,N/A,UNKNOWN,N/A,N/A,N/A,N/A,N/A,N/A,N/A,NOT_CALCULATED,N/A,LOW,STAGE_MAPPED_ONLY,LOW
1521,자양우성3차,11215,서울,N/A,N/A,0,PRE_PROJECT,NO_OFFICIAL_RECORD,공식 정비사업 기록 없음(선별 후보),,,N/A,464,N/A,N/A,N/A,N/A,N/A,N/A,N/A,N/A,N/A,N/A,NOT_CALCULATED,N/A,N/A,N/A,UNKNOWN,N/A,N/A,N/A,N/A,N/A,N/A,N/A,NOT_CALCULATED,N/A,LOW,STAGE_MAPPED_ONLY,LOW
1495,자양한강극동,11215,서울,N/A,N/A,0,PRE_PROJECT,NO_OFFICIAL_RECORD,공식 정비사업 기록 없음(선별 후보),,,254.57397140355997,158,N/A,43.379746835443036,N/A,N/A,N/A,N/A,N/A,N/A,N/A,N/A,NOT_CALCULATED,N/A,N/A,N/A,UNKNOWN,N/A,N/A,N/A,N/A,N/A,N/A,N/A,NOT_CALCULATED,N/A,LOW,STAGE_MAPPED_ONLY,LOW
1497,자양한강현대,11215,서울,N/A,N/A,0,PRE_PROJECT,NO_OFFICIAL_RECORD,공식 정비사업 기록 없음(선별 후보),,,429.1738716166144,204,N/A,27.781372549019608,N/A,N/A,N/A,N/A,N/A,N/A,N/A,N/A,NOT_CALCULATED,N/A,N/A,N/A,UNKNOWN,N/A,N/A,N/A,N/A,N/A,N/A,N/A,NOT_CALCULATED,N/A,LOW,STAGE_MAPPED_ONLY,LOW
1515,자양한라,11215,서울,N/A,N/A,0,PRE_PROJECT,NO_OFFICIAL_RECORD,공식 정비사업 기록 없음(선별 후보),,,N/A,329,N/A,N/A,N/A,N/A,N/A,N/A,N/A,N/A,N/A,N/A,NOT_CALCULATED,N/A,N/A,N/A,UNKNOWN,N/A,N/A,N/A,N/A,N/A,N/A,N/A,NOT_CALCULATED,N/A,LOW,STAGE_MAPPED_ONLY,LOW
1496,자양현대,11215,서울,N/A,N/A,0,PRE_PROJECT,NO_OFFICIAL_RECORD,공식 정비사업 기록 없음(선별 후보),,,336.03245207367496,182,N/A,35.081318681318685,N/A,N/A,N/A,N/A,N/A,N/A,N/A,N/A,NOT_CALCULATED,N/A,N/A,N/A,UNKNOWN,N/A,N/A,N/A,N/A,N/A,N/A,N/A,NOT_CALCULATED,N/A,LOW,STAGE_MAPPED_ONLY,LOW
1509,자양현대3차,11215,서울,N/A,N/A,0,PRE_PROJECT,NO_OFFICIAL_RECORD,공식 정비사업 기록 없음(선별 후보),,,N/A,439,N/A,N/A,N/A,N/A,N/A,N/A,N/A,N/A,N/A,N/A,NOT_CALCULATED,N/A,N/A,N/A,UNKNOWN,N/A,N/A,N/A,N/A,N/A,N/A,N/A,NOT_CALCULATED,N/A,LOW,STAGE_MAPPED_ONLY,LOW
4209,잠실아시아선수촌,11710,서울,N/A,N/A,0,PRE_PROJECT,NO_OFFICIAL_RECORD,공식 정비사업 기록 없음(선별 후보),,,183.70182647208796,1356,N/A,87.49963126843657,N/A,N/A,N/A,N/A,N/A,N/A,N/A,N/A,NOT_CALCULATED,N/A,N/A,N/A,UNKNOWN,N/A,N/A,N/A,N/A,N/A,N/A,N/A,NOT_CALCULATED,N/A,LOW,STAGE_MAPPED_ONLY,LOW
4210,"잠실우성1,2,3차",11710,서울,N/A,N/A,0,PRE_PROJECT,NO_OFFICIAL_RECORD,공식 정비사업 기록 없음(선별 후보),,,N/A,1842,N/A,N/A,N/A,N/A,N/A,N/A,N/A,N/A,N/A,N/A,NOT_CALCULATED,N/A,N/A,N/A,UNKNOWN,N/A,N/A,N/A,N/A,N/A,N/A,N/A,NOT_CALCULATED,N/A,LOW,STAGE_MAPPED_ONLY,LOW
4213,잠실현대,11710,서울,N/A,N/A,0,PRE_PROJECT,NO_OFFICIAL_RECORD,공식 정비사업 기록 없음(선별 후보),,,257.26398561781457,336,N/A,39.40059523809524,N/A,N/A,N/A,N/A,N/A,N/A,N/A,N/A,NOT_CALCULATED,N/A,N/A,N/A,UNKNOWN,N/A,N/A,N/A,N/A,N/A,N/A,N/A,NOT_CALCULATED,N/A,LOW,STAGE_MAPPED_ONLY,LOW
3867,잠원킴스빌리지,11650,서울,N/A,N/A,0,PRE_PROJECT,NO_OFFICIAL_RECORD,공식 정비사업 기록 없음(선별 후보),,,493.20312805474094,160,N/A,15.984375,N/A,N/A,N/A,N/A,N/A,N/A,N/A,N/A,NOT_CALCULATED,N/A,N/A,N/A,UNKNOWN,N/A,N/A,N/A,N/A,N/A,N/A,N/A,NOT_CALCULATED,N/A,LOW,STAGE_MAPPED_ONLY,LOW
3864,잠원한신,11650,서울,N/A,N/A,0,PRE_PROJECT,NO_OFFICIAL_RECORD,공식 정비사업 기록 없음(선별 후보),,,260.4561611374408,540,N/A,41.26222222222222,N/A,N/A,N/A,N/A,N/A,N/A,N/A,N/A,NOT_CALCULATED,N/A,N/A,N/A,UNKNOWN,N/A,N/A,N/A,N/A,N/A,N/A,N/A,NOT_CALCULATED,N/A,LOW,STAGE_MAPPED_ONLY,LOW
3854,잠원한신그린,11650,서울,N/A,N/A,0,PRE_PROJECT,NO_OFFICIAL_RECORD,공식 정비사업 기록 없음(선별 후보),,,280.9492611992808,150,N/A,42.63666666666666,N/A,N/A,N/A,N/A,N/A,N/A,N/A,N/A,NOT_CALCULATED,N/A,N/A,N/A,UNKNOWN,N/A,N/A,N/A,N/A,N/A,N/A,N/A,NOT_CALCULATED,N/A,LOW,STAGE_MAPPED_ONLY,LOW
3856,잠원한신로얄,11650,서울,N/A,N/A,0,PRE_PROJECT,NO_OFFICIAL_RECORD,공식 정비사업 기록 없음(선별 후보),,,N/A,208,N/A,N/A,N/A,N/A,N/A,N/A,N/A,N/A,N/A,N/A,NOT_CALCULATED,N/A,N/A,N/A,UNKNOWN,N/A,N/A,N/A,N/A,N/A,N/A,N/A,NOT_CALCULATED,N/A,LOW,STAGE_MAPPED_ONLY,LOW
3857,잠원현대,11650,서울,N/A,N/A,0,PRE_PROJECT,NO_OFFICIAL_RECORD,공식 정비사업 기록 없음(선별 후보),,,351.084046741236,238,N/A,33.61974789915966,N/A,N/A,N/A,N/A,N/A,N/A,N/A,N/A,NOT_CALCULATED,N/A,N/A,N/A,UNKNOWN,N/A,N/A,N/A,N/A,N/A,N/A,N/A,NOT_CALCULATED,N/A,LOW,STAGE_MAPPED_ONLY,LOW
3852,잠원훼미리 아파트,11650,서울,N/A,N/A,0,PRE_PROJECT,NO_OFFICIAL_RECORD,공식 정비사업 기록 없음(선별 후보),,,330.06108693292276,288,N/A,35.184375,N/A,N/A,N/A,N/A,N/A,N/A,N/A,N/A,NOT_CALCULATED,N/A,N/A,N/A,UNKNOWN,N/A,N/A,N/A,N/A,N/A,N/A,N/A,NOT_CALCULATED,N/A,LOW,STAGE_MAPPED_ONLY,LOW
4224,장미3차,11710,서울,N/A,N/A,0,PRE_PROJECT,NO_OFFICIAL_RECORD,공식 정비사업 기록 없음(선별 후보),,,22.954615622105585,120,N/A,701.7833333333333,N/A,N/A,N/A,N/A,N/A,N/A,N/A,N/A,NOT_CALCULATED,N/A,N/A,N/A,UNKNOWN,N/A,N/A,N/A,N/A,N/A,N/A,N/A,NOT_CALCULATED,N/A,LOW,STAGE_MAPPED_ONLY,LOW
1621,장안한신,11230,서울,N/A,N/A,0,PRE_PROJECT,NO_OFFICIAL_RECORD,공식 정비사업 기록 없음(선별 후보),,,398.67917332371286,300,N/A,32.33833333333333,N/A,N/A,N/A,N/A,N/A,N/A,N/A,N/A,NOT_CALCULATED,N/A,N/A,N/A,UNKNOWN,N/A,N/A,N/A,N/A,N/A,N/A,N/A,NOT_CALCULATED,N/A,LOW,STAGE_MAPPED_ONLY,LOW
1565,전농우성,11230,서울,N/A,N/A,0,PRE_PROJECT,NO_OFFICIAL_RECORD,공식 정비사업 기록 없음(선별 후보),,,248.19617769445244,1234,N/A,40.37123176661264,N/A,N/A,N/A,N/A,N/A,N/A,N/A,N/A,NOT_CALCULATED,N/A,N/A,N/A,UNKNOWN,N/A,N/A,N/A,N/A,N/A,N/A,N/A,NOT_CALCULATED,N/A,LOW,STAGE_MAPPED_ONLY,LOW
1285,점보,11170,서울,점보아파트 리모델링주택조합,리모델링,0,PRE_PROJECT,NO_STAGE_EVIDENCE_IN_RECORD,서울 정비사업 정보몽땅,,3.3,N/A,N/A,N/A,N/A,N/A,N/A,N/A,N/A,N/A,N/A,N/A,N/A,NOT_CALCULATED,N/A,N/A,N/A,UNKNOWN,N/A,N/A,N/A,N/A,N/A,N/A,N/A,NOT_CALCULATED,N/A,LOW,STAGE_MAPPED_ONLY,LOW
1848,정릉산장,11290,서울,N/A,N/A,0,PRE_PROJECT,NO_OFFICIAL_RECORD,공식 정비사업 기록 없음(선별 후보),,,242.03435848149928,264,N/A,31.53030303030303,N/A,N/A,N/A,N/A,N/A,N/A,N/A,N/A,NOT_CALCULATED,N/A,N/A,N/A,UNKNOWN,N/A,N/A,N/A,N/A,N/A,N/A,N/A,NOT_CALCULATED,N/A,LOW,STAGE_MAPPED_ONLY,LOW
1896,종암선경아파트,11290,서울,N/A,N/A,0,PRE_PROJECT,NO_OFFICIAL_RECORD,공식 정비사업 기록 없음(선별 후보),,,371.88427299703267,238,N/A,28.319327731092436,N/A,N/A,N/A,N/A,N/A,N/A,N/A,N/A,NOT_CALCULATED,N/A,N/A,N/A,UNKNOWN,N/A,N/A,N/A,N/A,N/A,N/A,N/A,NOT_CALCULATED,N/A,LOW,STAGE_MAPPED_ONLY,LOW
2331,중계4단지목화,11350,서울,N/A,N/A,0,PRE_PROJECT,NO_OFFICIAL_RECORD,공식 정비사업 기록 없음(선별 후보),,,141.60324313752218,1979,N/A,34.10318342597271,N/A,N/A,N/A,N/A,N/A,N/A,N/A,N/A,NOT_CALCULATED,N/A,N/A,N/A,UNKNOWN,N/A,N/A,N/A,N/A,N/A,N/A,N/A,NOT_CALCULATED,N/A,LOW,STAGE_MAPPED_ONLY,LOW
2329,중계건영2차,11350,서울,N/A,N/A,0,PRE_PROJECT,NO_OFFICIAL_RECORD,공식 정비사업 기록 없음(선별 후보),,,262.44558785143977,742,N/A,37.69150943396226,N/A,N/A,N/A,N/A,N/A,N/A,N/A,N/A,NOT_CALCULATED,N/A,N/A,N/A,UNKNOWN,N/A,N/A,N/A,N/A,N/A,N/A,N/A,NOT_CALCULATED,N/A,LOW,STAGE_MAPPED_ONLY,LOW
2342,중계건영3차,11350,서울,N/A,N/A,0,PRE_PROJECT,NO_OFFICIAL_RECORD,공식 정비사업 기록 없음(선별 후보),,,250.03659882228266,948,N/A,48.276898734177216,N/A,N/A,N/A,N/A,N/A,N/A,N/A,N/A,NOT_CALCULATED,N/A,N/A,N/A,UNKNOWN,N/A,N/A,N/A,N/A,N/A,N/A,N/A,NOT_CALCULATED,N/A,LOW,STAGE_MAPPED_ONLY,LOW
2346,중계경남롯데상아,11350,서울,N/A,N/A,0,PRE_PROJECT,NO_OFFICIAL_RECORD,공식 정비사업 기록 없음(선별 후보),,,233.79610817768852,1890,N/A,38.30851851851852,N/A,N/A,N/A,N/A,N/A,N/A,N/A,N/A,NOT_CALCULATED,N/A,N/A,N/A,UNKNOWN,N/A,N/A,N/A,N/A,N/A,N/A,N/A,NOT_CALCULATED,N/A,LOW,STAGE_MAPPED_ONLY,LOW
2322,중계대림벽산,11350,서울,N/A,N/A,0,PRE_PROJECT,NO_OFFICIAL_RECORD,공식 정비사업 기록 없음(선별 후보),,,278.73151839976657,400,N/A,63.39075,N/A,N/A,N/A,N/A,N/A,N/A,N/A,N/A,NOT_CALCULATED,N/A,N/A,N/A,UNKNOWN,N/A,N/A,N/A,N/A,N/A,N/A,N/A,NOT_CALCULATED,N/A,LOW,STAGE_MAPPED_ONLY,LOW
2343,중계라이프신동아청구아파트,11350,서울,N/A,N/A,0,PRE_PROJECT,NO_OFFICIAL_RECORD,공식 정비사업 기록 없음(선별 후보),,,268.1118232930002,960,N/A,58.213125,N/A,N/A,N/A,N/A,N/A,N/A,N/A,N/A,NOT_CALCULATED,N/A,N/A,N/A,UNKNOWN,N/A,N/A,N/A,N/A,N/A,N/A,N/A,NOT_CALCULATED,N/A,LOW,STAGE_MAPPED_ONLY,LOW
2348,중계무지개아파트,11350,서울,N/A,N/A,0,PRE_PROJECT,NO_OFFICIAL_RECORD,공식 정비사업 기록 없음(선별 후보),,,253.67501516595894,2433,N/A,21.816440608302507,N/A,N/A,N/A,N/A,N/A,N/A,N/A,N/A,NOT_CALCULATED,N/A,N/A,N/A,UNKNOWN,N/A,N/A,N/A,N/A,N/A,N/A,N/A,NOT_CALCULATED,N/A,LOW,STAGE_MAPPED_ONLY,LOW
2351,중계성원1차,11350,서울,N/A,N/A,0,PRE_PROJECT,NO_OFFICIAL_RECORD,공식 정비사업 기록 없음(선별 후보),,,449.7525281591712,402,N/A,27.230597014925376,N/A,N/A,N/A,N/A,N/A,N/A,N/A,N/A,NOT_CALCULATED,N/A,N/A,N/A,UNKNOWN,N/A,N/A,N/A,N/A,N/A,N/A,N/A,NOT_CALCULATED,N/A,LOW,STAGE_MAPPED_ONLY,LOW
2352,중계성원2차,11350,서울,N/A,N/A,0,PRE_PROJECT,NO_OFFICIAL_RECORD,공식 정비사업 기록 없음(선별 후보),,,467.95578835636985,167,N/A,25.950299401197604,N/A,N/A,N/A,N/A,N/A,N/A,N/A,N/A,NOT_CALCULATED,N/A,N/A,N/A,UNKNOWN,N/A,N/A,N/A,N/A,N/A,N/A,N/A,NOT_CALCULATED,N/A,LOW,STAGE_MAPPED_ONLY,LOW
2349,중계시영3단지목련,11350,서울,N/A,N/A,0,PRE_PROJECT,NO_OFFICIAL_RECORD,공식 정비사업 기록 없음(선별 후보),,,148.73130219963235,2619,N/A,24.76029018709431,N/A,N/A,N/A,N/A,N/A,N/A,N/A,N/A,NOT_CALCULATED,N/A,N/A,N/A,UNKNOWN,N/A,N/A,N/A,N/A,N/A,N/A,N/A,NOT_CALCULATED,N/A,LOW,STAGE_MAPPED_ONLY,LOW
2336,중계염광아파트,11350,서울,N/A,N/A,0,PRE_PROJECT,NO_OFFICIAL_RECORD,공식 정비사업 기록 없음(선별 후보),,,N/A,791,N/A,N/A,N/A,N/A,N/A,N/A,N/A,N/A,N/A,N/A,NOT_CALCULATED,N/A,N/A,N/A,UNKNOWN,N/A,N/A,N/A,N/A,N/A,N/A,N/A,NOT_CALCULATED,N/A,LOW,STAGE_MAPPED_ONLY,LOW
2339,중계주공10단지,11350,서울,N/A,N/A,0,PRE_PROJECT,NO_OFFICIAL_RECORD,공식 정비사업 기록 없음(선별 후보),,,227.85202457746837,330,N/A,35.60787878787879,N/A,N/A,N/A,N/A,N/A,N/A,N/A,N/A,NOT_CALCULATED,N/A,N/A,N/A,UNKNOWN,N/A,N/A,N/A,N/A,N/A,N/A,N/A,NOT_CALCULATED,N/A,LOW,STAGE_MAPPED_ONLY,LOW
2350,중계주공1단지,11350,서울,N/A,N/A,0,PRE_PROJECT,NO_OFFICIAL_RECORD,공식 정비사업 기록 없음(선별 후보),,,153.42489965146436,882,N/A,27.45532879818594,N/A,N/A,N/A,N/A,N/A,N/A,N/A,N/A,NOT_CALCULATED,N/A,N/A,N/A,UNKNOWN,N/A,N/A,N/A,N/A,N/A,N/A,N/A,NOT_CALCULATED,N/A,LOW,STAGE_MAPPED_ONLY,LOW
2338,중계주공2단지,11350,서울,N/A,N/A,0,PRE_PROJECT,NO_OFFICIAL_RECORD,공식 정비사업 기록 없음(선별 후보),,,190.8833879810849,1800,N/A,26.82161111111111,N/A,N/A,N/A,N/A,N/A,N/A,N/A,N/A,NOT_CALCULATED,N/A,N/A,N/A,UNKNOWN,N/A,N/A,N/A,N/A,N/A,N/A,N/A,NOT_CALCULATED,N/A,LOW,STAGE_MAPPED_ONLY,LOW
2337,중계주공3단지,11350,서울,N/A,N/A,0,PRE_PROJECT,NO_OFFICIAL_RECORD,공식 정비사업 기록 없음(선별 후보),,,146.48330786644965,1455,N/A,20.7353264604811,N/A,N/A,N/A,N/A,N/A,N/A,N/A,N/A,NOT_CALCULATED,N/A,N/A,N/A,UNKNOWN,N/A,N/A,N/A,N/A,N/A,N/A,N/A,NOT_CALCULATED,N/A,LOW,STAGE_MAPPED_ONLY,LOW
2320,중계주공4단지,11350,서울,N/A,N/A,0,PRE_PROJECT,NO_OFFICIAL_RECORD,공식 정비사업 기록 없음(선별 후보),,,203.6858275899222,690,N/A,41.69869565217391,N/A,N/A,N/A,N/A,N/A,N/A,N/A,N/A,NOT_CALCULATED,N/A,N/A,N/A,UNKNOWN,N/A,N/A,N/A,N/A,N/A,N/A,N/A,NOT_CALCULATED,N/A,LOW,STAGE_MAPPED_ONLY,LOW
2319,중계주공5단지,11350,서울,N/A,N/A,0,PRE_PROJECT,NO_OFFICIAL_RECORD,공식 정비사업 기록 없음(선별 후보),,,172.59958902098927,2328,N/A,38.63041237113402,N/A,N/A,N/A,N/A,N/A,N/A,N/A,N/A,NOT_CALCULATED,N/A,N/A,N/A,UNKNOWN,N/A,N/A,N/A,N/A,N/A,N/A,N/A,NOT_CALCULATED,N/A,LOW,STAGE_MAPPED_ONLY,LOW
2327,중계주공6단지,11350,서울,N/A,N/A,0,PRE_PROJECT,NO_OFFICIAL_RECORD,공식 정비사업 기록 없음(선별 후보),,,189.35045396132188,600,N/A,31.90433333333333,N/A,N/A,N/A,N/A,N/A,N/A,N/A,N/A,NOT_CALCULATED,N/A,N/A,N/A,UNKNOWN,N/A,N/A,N/A,N/A,N/A,N/A,N/A,NOT_CALCULATED,N/A,LOW,STAGE_MAPPED_ONLY,LOW
2328,중계주공7단지,11350,서울,N/A,N/A,0,PRE_PROJECT,NO_OFFICIAL_RECORD,공식 정비사업 기록 없음(선별 후보),,,182.38288327150377,630,N/A,33.11714285714286,N/A,N/A,N/A,N/A,N/A,N/A,N/A,N/A,NOT_CALCULATED,N/A,N/A,N/A,UNKNOWN,N/A,N/A,N/A,N/A,N/A,N/A,N/A,NOT_CALCULATED,N/A,LOW,STAGE_MAPPED_ONLY,LOW
2318,중계주공8단지,11350,서울,N/A,N/A,0,PRE_PROJECT,NO_OFFICIAL_RECORD,공식 정비사업 기록 없음(선별 후보),,,210.38800102555336,696,N/A,33.62356321839081,N/A,N/A,N/A,N/A,N/A,N/A,N/A,N/A,NOT_CALCULATED,N/A,N/A,N/A,UNKNOWN,N/A,N/A,N/A,N/A,N/A,N/A,N/A,NOT_CALCULATED,N/A,LOW,STAGE_MAPPED_ONLY,LOW
2215,중계주공9단지,11350,서울,N/A,N/A,0,PRE_PROJECT,NO_OFFICIAL_RECORD,공식 정비사업 기록 없음(선별 후보),,,128.6608308036,2634,N/A,25.525322703113133,N/A,N/A,N/A,N/A,N/A,N/A,N/A,N/A,NOT_CALCULATED,N/A,N/A,N/A,UNKNOWN,N/A,N/A,N/A,N/A,N/A,N/A,N/A,NOT_CALCULATED,N/A,LOW,STAGE_MAPPED_ONLY,LOW
2311,중계진로유통조합아파트(중계진로대림아파트),11350,서울,N/A,N/A,0,PRE_PROJECT,NO_OFFICIAL_RECORD,공식 정비사업 기록 없음(선별 후보),,,220.33830586743935,192,N/A,46.01666666666667,N/A,N/A,N/A,N/A,N/A,N/A,N/A,N/A,NOT_CALCULATED,N/A,N/A,N/A,UNKNOWN,N/A,N/A,N/A,N/A,N/A,N/A,N/A,NOT_CALCULATED,N/A,LOW,STAGE_MAPPED_ONLY,LOW
2341,중계청구3차,11350,서울,N/A,N/A,0,PRE_PROJECT,NO_OFFICIAL_RECORD,공식 정비사업 기록 없음(선별 후보),,,255.40751667640808,780,N/A,55.27538461538462,N/A,N/A,N/A,N/A,N/A,N/A,N/A,N/A,NOT_CALCULATED,N/A,N/A,N/A,UNKNOWN,N/A,N/A,N/A,N/A,N/A,N/A,N/A,NOT_CALCULATED,N/A,LOW,STAGE_MAPPED_ONLY,LOW
2209,중계한신코아,11350,서울,N/A,N/A,0,PRE_PROJECT,NO_OFFICIAL_RECORD,공식 정비사업 기록 없음(선별 후보),,,293.7410307589948,160,N/A,61.059375,N/A,N/A,N/A,N/A,N/A,N/A,N/A,N/A,NOT_CALCULATED,N/A,N/A,N/A,UNKNOWN,N/A,N/A,N/A,N/A,N/A,N/A,N/A,NOT_CALCULATED,N/A,LOW,STAGE_MAPPED_ONLY,LOW
2321,중계현대1차,11350,서울,N/A,N/A,0,PRE_PROJECT,NO_OFFICIAL_RECORD,공식 정비사업 기록 없음(선별 후보),,,244.57866700222306,211,N/A,45.196208530805684,N/A,N/A,N/A,N/A,N/A,N/A,N/A,N/A,NOT_CALCULATED,N/A,N/A,N/A,UNKNOWN,N/A,N/A,N/A,N/A,N/A,N/A,N/A,NOT_CALCULATED,N/A,LOW,STAGE_MAPPED_ONLY,LOW
2356,중계현대2차,11350,서울,N/A,N/A,0,PRE_PROJECT,NO_OFFICIAL_RECORD,공식 정비사업 기록 없음(선별 후보),,,189.41105146826652,140,N/A,56.55357142857143,N/A,N/A,N/A,N/A,N/A,N/A,N/A,N/A,NOT_CALCULATED,N/A,N/A,N/A,UNKNOWN,N/A,N/A,N/A,N/A,N/A,N/A,N/A,NOT_CALCULATED,N/A,LOW,STAGE_MAPPED_ONLY,LOW
2335,중계현대2차(4동),11350,서울,N/A,N/A,0,PRE_PROJECT,NO_OFFICIAL_RECORD,공식 정비사업 기록 없음(선별 후보),,,289.82578636903025,313,N/A,37.154632587859425,N/A,N/A,N/A,N/A,N/A,N/A,N/A,N/A,NOT_CALCULATED,N/A,N/A,N/A,UNKNOWN,N/A,N/A,N/A,N/A,N/A,N/A,N/A,NOT_CALCULATED,N/A,LOW,STAGE_MAPPED_ONLY,LOW
2355,중계현대3차,11350,서울,N/A,N/A,0,PRE_PROJECT,NO_OFFICIAL_RECORD,공식 정비사업 기록 없음(선별 후보),,,208.97518878101403,130,N/A,53.48076923076923,N/A,N/A,N/A,N/A,N/A,N/A,N/A,N/A,NOT_CALCULATED,N/A,N/A,N/A,UNKNOWN,N/A,N/A,N/A,N/A,N/A,N/A,N/A,NOT_CALCULATED,N/A,LOW,STAGE_MAPPED_ONLY,LOW
3191,중앙구로하이츠,11530,서울,N/A,N/A,0,PRE_PROJECT,NO_OFFICIAL_RECORD,공식 정비사업 기록 없음(선별 후보),,,226.6999798752264,579,N/A,42.910189982728845,N/A,N/A,N/A,N/A,N/A,N/A,N/A,N/A,NOT_CALCULATED,N/A,N/A,N/A,UNKNOWN,N/A,N/A,N/A,N/A,N/A,N/A,N/A,NOT_CALCULATED,N/A,LOW,STAGE_MAPPED_ONLY,LOW
1729,중화극동,11260,서울,N/A,N/A,0,PRE_PROJECT,NO_OFFICIAL_RECORD,공식 정비사업 기록 없음(선별 후보),,,246.99231327048582,156,N/A,44.19871794871795,N/A,N/A,N/A,N/A,N/A,N/A,N/A,N/A,NOT_CALCULATED,N/A,N/A,N/A,UNKNOWN,N/A,N/A,N/A,N/A,N/A,N/A,N/A,NOT_CALCULATED,N/A,LOW,STAGE_MAPPED_ONLY,LOW
3317,진도1차,11545,서울,N/A,N/A,0,PRE_PROJECT,NO_OFFICIAL_RECORD,공식 정비사업 기록 없음(선별 후보),,,354.2403105300024,98,N/A,34.96326530612245,N/A,N/A,N/A,N/A,N/A,N/A,N/A,N/A,NOT_CALCULATED,N/A,N/A,N/A,UNKNOWN,N/A,N/A,N/A,N/A,N/A,N/A,N/A,NOT_CALCULATED,N/A,LOW,STAGE_MAPPED_ONLY,LOW
2079,창동대우,11320,서울,N/A,N/A,0,PRE_PROJECT,NO_OFFICIAL_RECORD,공식 정비사업 기록 없음(선별 후보),,,375.2305001095318,952,N/A,32.6063025210084,N/A,N/A,N/A,N/A,N/A,N/A,N/A,N/A,NOT_CALCULATED,N/A,N/A,N/A,UNKNOWN,N/A,N/A,N/A,N/A,N/A,N/A,N/A,NOT_CALCULATED,N/A,LOW,STAGE_MAPPED_ONLY,LOW
2098,창동동아,11320,서울,N/A,N/A,0,PRE_PROJECT,NO_OFFICIAL_RECORD,공식 정비사업 기록 없음(선별 후보),,,216.44851964690255,600,N/A,51.204,N/A,N/A,N/A,N/A,N/A,N/A,N/A,N/A,NOT_CALCULATED,N/A,N/A,N/A,UNKNOWN,N/A,N/A,N/A,N/A,N/A,N/A,N/A,NOT_CALCULATED,N/A,LOW,STAGE_MAPPED_ONLY,LOW
2092,창동동아그린,11320,서울,N/A,N/A,0,PRE_PROJECT,NO_OFFICIAL_RECORD,공식 정비사업 기록 없음(선별 후보),,,339.5349504396597,449,N/A,31.052561247216037,N/A,N/A,N/A,N/A,N/A,N/A,N/A,N/A,NOT_CALCULATED,N/A,N/A,N/A,UNKNOWN,N/A,N/A,N/A,N/A,N/A,N/A,N/A,NOT_CALCULATED,N/A,LOW,STAGE_MAPPED_ONLY,LOW
2074,창동삼성,11320,서울,N/A,N/A,0,PRE_PROJECT,NO_OFFICIAL_RECORD,공식 정비사업 기록 없음(선별 후보),,,234.86997755170555,1668,N/A,39.819724220623506,N/A,N/A,N/A,N/A,N/A,N/A,N/A,N/A,NOT_CALCULATED,N/A,N/A,N/A,UNKNOWN,N/A,N/A,N/A,N/A,N/A,N/A,N/A,NOT_CALCULATED,N/A,LOW,STAGE_MAPPED_ONLY,LOW
2091,창동상아2차,11320,서울,N/A,N/A,0,PRE_PROJECT,NO_OFFICIAL_RECORD,공식 정비사업 기록 없음(선별 후보),,,252.70432258344044,427,N/A,32.43138173302108,N/A,N/A,N/A,N/A,N/A,N/A,N/A,N/A,NOT_CALCULATED,N/A,N/A,N/A,UNKNOWN,N/A,N/A,N/A,N/A,N/A,N/A,N/A,NOT_CALCULATED,N/A,LOW,STAGE_MAPPED_ONLY,LOW
2069,창동서울가든아파트,11320,서울,N/A,N/A,0,PRE_PROJECT,NO_OFFICIAL_RECORD,공식 정비사업 기록 없음(선별 후보),,,303.4957338658437,160,N/A,55.085,N/A,N/A,N/A,N/A,N/A,N/A,N/A,N/A,NOT_CALCULATED,N/A,N/A,N/A,UNKNOWN,N/A,N/A,N/A,N/A,N/A,N/A,N/A,NOT_CALCULATED,N/A,LOW,STAGE_MAPPED_ONLY,LOW
2100,창동주공19단지,11320,서울,N/A,N/A,0,PRE_PROJECT,NO_OFFICIAL_RECORD,공식 정비사업 기록 없음(선별 후보),,,319.0262008640003,1764,N/A,26.44189342403628,N/A,N/A,N/A,N/A,N/A,N/A,N/A,N/A,NOT_CALCULATED,N/A,N/A,N/A,UNKNOWN,N/A,N/A,N/A,N/A,N/A,N/A,N/A,NOT_CALCULATED,N/A,LOW,STAGE_MAPPED_ONLY,LOW
2094,창동주공2단지,11320,서울,N/A,N/A,0,PRE_PROJECT,NO_OFFICIAL_RECORD,공식 정비사업 기록 없음(선별 후보),,,209.16275006160535,750,N/A,29.759333333333334,N/A,N/A,N/A,N/A,N/A,N/A,N/A,N/A,NOT_CALCULATED,N/A,N/A,N/A,UNKNOWN,N/A,N/A,N/A,N/A,N/A,N/A,N/A,NOT_CALCULATED,N/A,LOW,STAGE_MAPPED_ONLY,LOW
2076,창동주공3단지,11320,서울,N/A,N/A,0,PRE_PROJECT,NO_OFFICIAL_RECORD,공식 정비사업 기록 없음(선별 후보),,,194.55897391831684,2856,N/A,35.45073529411765,N/A,N/A,N/A,N/A,N/A,N/A,N/A,N/A,NOT_CALCULATED,N/A,N/A,N/A,UNKNOWN,N/A,N/A,N/A,N/A,N/A,N/A,N/A,NOT_CALCULATED,N/A,LOW,STAGE_MAPPED_ONLY,LOW
2075,창동주공4단지,11320,서울,N/A,N/A,0,PRE_PROJECT,NO_OFFICIAL_RECORD,공식 정비사업 기록 없음(선별 후보),,,300.5809533265721,1710,N/A,16.491345029239767,N/A,N/A,N/A,N/A,N/A,N/A,N/A,N/A,NOT_CALCULATED,N/A,N/A,N/A,UNKNOWN,N/A,N/A,N/A,N/A,N/A,N/A,N/A,NOT_CALCULATED,N/A,LOW,STAGE_MAPPED_ONLY,LOW
1149,창신쌍용1단지,11110,서울,N/A,N/A,0,PRE_PROJECT,NO_OFFICIAL_RECORD,공식 정비사업 기록 없음(선별 후보),,,243.88965619296604,585,N/A,41.585641025641024,N/A,N/A,N/A,N/A,N/A,N/A,N/A,N/A,NOT_CALCULATED,N/A,N/A,N/A,UNKNOWN,N/A,N/A,N/A,N/A,N/A,N/A,N/A,NOT_CALCULATED,N/A,LOW,STAGE_MAPPED_ONLY,LOW
1150,창신쌍용아파트2단지,11110,서울,N/A,N/A,0,PRE_PROJECT,NO_OFFICIAL_RECORD,공식 정비사업 기록 없음(선별 후보),,,256.815311947089,919,N/A,41.328400435255716,N/A,N/A,N/A,N/A,N/A,N/A,N/A,N/A,NOT_CALCULATED,N/A,N/A,N/A,UNKNOWN,N/A,N/A,N/A,N/A,N/A,N/A,N/A,NOT_CALCULATED,N/A,LOW,STAGE_MAPPED_ONLY,LOW
4501,천호금호,11740,서울,N/A,N/A,0,PRE_PROJECT,NO_OFFICIAL_RECORD,공식 정비사업 기록 없음(선별 후보),,,293.0258099945085,232,N/A,14.913362068965517,N/A,N/A,N/A,N/A,N/A,N/A,N/A,N/A,NOT_CALCULATED,N/A,N/A,N/A,UNKNOWN,N/A,N/A,N/A,N/A,N/A,N/A,N/A,NOT_CALCULATED,N/A,LOW,STAGE_MAPPED_ONLY,LOW
4504,천호한신,11740,서울,N/A,N/A,0,PRE_PROJECT,NO_OFFICIAL_RECORD,공식 정비사업 기록 없음(선별 후보),,,273.3806679337497,224,N/A,32.88392857142857,N/A,N/A,N/A,N/A,N/A,N/A,N/A,N/A,NOT_CALCULATED,N/A,N/A,N/A,UNKNOWN,N/A,N/A,N/A,N/A,N/A,N/A,N/A,NOT_CALCULATED,N/A,LOW,STAGE_MAPPED_ONLY,LOW
4502,천호현대,11740,서울,N/A,N/A,0,PRE_PROJECT,NO_OFFICIAL_RECORD,공식 정비사업 기록 없음(선별 후보),,,215.44038308060655,156,N/A,40.16025641025641,N/A,N/A,N/A,N/A,N/A,N/A,N/A,N/A,NOT_CALCULATED,N/A,N/A,N/A,UNKNOWN,N/A,N/A,N/A,N/A,N/A,N/A,N/A,NOT_CALCULATED,N/A,LOW,STAGE_MAPPED_ONLY,LOW
1314,청계벽산,11200,서울,N/A,N/A,0,PRE_PROJECT,NO_OFFICIAL_RECORD,공식 정비사업 기록 없음(선별 후보),,,300.28402047511025,822,N/A,43.27846715328467,N/A,N/A,N/A,N/A,N/A,N/A,N/A,N/A,NOT_CALCULATED,N/A,N/A,N/A,UNKNOWN,N/A,N/A,N/A,N/A,N/A,N/A,N/A,NOT_CALCULATED,N/A,LOW,STAGE_MAPPED_ONLY,LOW
1323,청계벽산아파트제2관리사무소,11200,서울,N/A,N/A,0,PRE_PROJECT,NO_OFFICIAL_RECORD,공식 정비사업 기록 없음(선별 후보),,,57.90290345159087,510,N/A,69.75470588235295,N/A,N/A,N/A,N/A,N/A,N/A,N/A,N/A,NOT_CALCULATED,N/A,N/A,N/A,UNKNOWN,N/A,N/A,N/A,N/A,N/A,N/A,N/A,NOT_CALCULATED,N/A,LOW,STAGE_MAPPED_ONLY,LOW
4035,청담2차현대아파트,11680,서울,N/A,N/A,0,PRE_PROJECT,NO_OFFICIAL_RECORD,공식 정비사업 기록 없음(선별 후보),,,221.3646532438479,214,N/A,50.13084112149533,N/A,N/A,N/A,N/A,N/A,N/A,N/A,N/A,NOT_CALCULATED,N/A,N/A,N/A,UNKNOWN,N/A,N/A,N/A,N/A,N/A,N/A,N/A,NOT_CALCULATED,N/A,LOW,STAGE_MAPPED_ONLY,LOW
4031,청담래미안로이뷰,11680,서울,N/A,N/A,0,PRE_PROJECT,NO_OFFICIAL_RECORD,공식 정비사업 기록 없음(선별 후보),,,N/A,177,N/A,N/A,N/A,N/A,N/A,N/A,N/A,N/A,N/A,N/A,NOT_CALCULATED,N/A,N/A,N/A,UNKNOWN,N/A,N/A,N/A,N/A,N/A,N/A,N/A,NOT_CALCULATED,N/A,LOW,STAGE_MAPPED_ONLY,LOW
4023,청담아이파크아파트,11680,서울,N/A,N/A,0,PRE_PROJECT,NO_OFFICIAL_RECORD,공식 정비사업 기록 없음(선별 후보),,,N/A,108,N/A,N/A,N/A,N/A,N/A,N/A,N/A,N/A,N/A,N/A,NOT_CALCULATED,N/A,N/A,N/A,UNKNOWN,N/A,N/A,N/A,N/A,N/A,N/A,N/A,NOT_CALCULATED,N/A,LOW,STAGE_MAPPED_ONLY,LOW
1631,청량리신현대,11230,서울,N/A,N/A,0,PRE_PROJECT,NO_OFFICIAL_RECORD,공식 정비사업 기록 없음(선별 후보),,,225.07631257631257,736,N/A,44.51086956521739,N/A,N/A,N/A,N/A,N/A,N/A,N/A,N/A,NOT_CALCULATED,N/A,N/A,N/A,UNKNOWN,N/A,N/A,N/A,N/A,N/A,N/A,N/A,NOT_CALCULATED,N/A,LOW,STAGE_MAPPED_ONLY,LOW
1624,청량리현대,11230,서울,N/A,N/A,0,PRE_PROJECT,NO_OFFICIAL_RECORD,공식 정비사업 기록 없음(선별 후보),,,238.67104223057947,241,N/A,51.96721991701245,N/A,N/A,N/A,N/A,N/A,N/A,N/A,N/A,NOT_CALCULATED,N/A,N/A,N/A,UNKNOWN,N/A,N/A,N/A,N/A,N/A,N/A,N/A,NOT_CALCULATED,N/A,LOW,STAGE_MAPPED_ONLY,LOW
3233,청실아파트,11530,서울,N/A,N/A,0,PRE_PROJECT,NO_OFFICIAL_RECORD,공식 정비사업 기록 없음(선별 후보),,,267.70853548966755,156,N/A,35.67307692307692,N/A,N/A,N/A,N/A,N/A,N/A,N/A,N/A,NOT_CALCULATED,N/A,N/A,N/A,UNKNOWN,N/A,N/A,N/A,N/A,N/A,N/A,N/A,NOT_CALCULATED,N/A,LOW,STAGE_MAPPED_ONLY,LOW
1176,충무로진양,11140,서울,N/A,N/A,0,PRE_PROJECT,NO_OFFICIAL_RECORD,공식 정비사업 기록 없음(선별 후보),,,N/A,286,N/A,N/A,N/A,N/A,N/A,N/A,N/A,N/A,N/A,N/A,NOT_CALCULATED,N/A,N/A,N/A,UNKNOWN,N/A,N/A,N/A,N/A,N/A,N/A,N/A,NOT_CALCULATED,N/A,LOW,STAGE_MAPPED_ONLY,LOW
2519,충정로현대아파트,11410,서울,N/A,N/A,0,PRE_PROJECT,NO_OFFICIAL_RECORD,공식 정비사업 기록 없음(선별 후보),,,341.0318131546419,83,N/A,37.03855421686747,N/A,N/A,N/A,N/A,N/A,N/A,N/A,N/A,NOT_CALCULATED,N/A,N/A,N/A,UNKNOWN,N/A,N/A,N/A,N/A,N/A,N/A,N/A,NOT_CALCULATED,N/A,LOW,STAGE_MAPPED_ONLY,LOW
3369,콤비아파트,11560,서울,N/A,N/A,0,PRE_PROJECT,NO_OFFICIAL_RECORD,공식 정비사업 기록 없음(선별 후보),,,N/A,98,N/A,N/A,N/A,N/A,N/A,N/A,N/A,N/A,N/A,N/A,NOT_CALCULATED,N/A,N/A,N/A,UNKNOWN,N/A,N/A,N/A,N/A,N/A,N/A,N/A,NOT_CALCULATED,N/A,LOW,STAGE_MAPPED_ONLY,LOW
3728,태흥아파트,11620,서울,N/A,N/A,0,PRE_PROJECT,NO_OFFICIAL_RECORD,공식 정비사업 기록 없음(선별 후보),,,476.94025683975434,127,N/A,21.153543307086615,N/A,N/A,N/A,N/A,N/A,N/A,N/A,N/A,NOT_CALCULATED,N/A,N/A,N/A,UNKNOWN,N/A,N/A,N/A,N/A,N/A,N/A,N/A,NOT_CALCULATED,N/A,LOW,STAGE_MAPPED_ONLY,LOW
4156,푸른마을아파트,11680,서울,N/A,N/A,0,PRE_PROJECT,NO_OFFICIAL_RECORD,공식 정비사업 기록 없음(선별 후보),,,292.6095326187823,930,N/A,35.80462365591398,N/A,N/A,N/A,N/A,N/A,N/A,N/A,N/A,NOT_CALCULATED,N/A,N/A,N/A,UNKNOWN,N/A,N/A,N/A,N/A,N/A,N/A,N/A,NOT_CALCULATED,N/A,LOW,STAGE_MAPPED_ONLY,LOW
4227,풍납 갑을아파트,11710,서울,N/A,N/A,0,PRE_PROJECT,NO_OFFICIAL_RECORD,공식 정비사업 기록 없음(선별 후보),,,N/A,85,N/A,N/A,N/A,N/A,N/A,N/A,N/A,N/A,N/A,N/A,NOT_CALCULATED,N/A,N/A,N/A,UNKNOWN,N/A,N/A,N/A,N/A,N/A,N/A,N/A,NOT_CALCULATED,N/A,LOW,STAGE_MAPPED_ONLY,LOW
4225,풍납동신동아아파트,11710,서울,N/A,N/A,0,PRE_PROJECT,NO_OFFICIAL_RECORD,공식 정비사업 기록 없음(선별 후보),,,323.504837291117,N/A,N/A,N/A,N/A,N/A,N/A,N/A,N/A,N/A,N/A,N/A,NOT_CALCULATED,N/A,N/A,N/A,UNKNOWN,N/A,N/A,N/A,N/A,N/A,N/A,N/A,NOT_CALCULATED,N/A,LOW,STAGE_MAPPED_ONLY,LOW
4239,풍납동아한가람,11710,서울,N/A,N/A,0,PRE_PROJECT,NO_OFFICIAL_RECORD,공식 정비사업 기록 없음(선별 후보),,,N/A,782,N/A,N/A,N/A,N/A,N/A,N/A,N/A,N/A,N/A,N/A,NOT_CALCULATED,N/A,N/A,N/A,UNKNOWN,N/A,N/A,N/A,N/A,N/A,N/A,N/A,NOT_CALCULATED,N/A,LOW,STAGE_MAPPED_ONLY,LOW
4234,풍납쌍용,11710,서울,N/A,N/A,0,PRE_PROJECT,NO_OFFICIAL_RECORD,공식 정비사업 기록 없음(선별 후보),,,N/A,417,N/A,N/A,N/A,N/A,N/A,N/A,N/A,N/A,N/A,N/A,NOT_CALCULATED,N/A,N/A,N/A,UNKNOWN,N/A,N/A,N/A,N/A,N/A,N/A,N/A,NOT_CALCULATED,N/A,LOW,STAGE_MAPPED_ONLY,LOW
4237,풍납한강극동,11710,서울,N/A,N/A,0,PRE_PROJECT,NO_OFFICIAL_RECORD,공식 정비사업 기록 없음(선별 후보),,,259.1781044185001,895,N/A,45.448826815642455,N/A,N/A,N/A,N/A,N/A,N/A,N/A,N/A,NOT_CALCULATED,N/A,N/A,N/A,UNKNOWN,N/A,N/A,N/A,N/A,N/A,N/A,N/A,NOT_CALCULATED,N/A,LOW,STAGE_MAPPED_ONLY,LOW
4236,풍납현대,11710,서울,N/A,N/A,0,PRE_PROJECT,NO_OFFICIAL_RECORD,공식 정비사업 기록 없음(선별 후보),,,287.9408498928629,708,N/A,38.0340395480226,N/A,N/A,N/A,N/A,N/A,N/A,N/A,N/A,NOT_CALCULATED,N/A,N/A,N/A,UNKNOWN,N/A,N/A,N/A,N/A,N/A,N/A,N/A,NOT_CALCULATED,N/A,LOW,STAGE_MAPPED_ONLY,LOW
4226,풍납현대사원아파트,11710,서울,N/A,N/A,0,PRE_PROJECT,NO_OFFICIAL_RECORD,공식 정비사업 기록 없음(선별 후보),,,145.16926920674578,132,N/A,36.38636363636363,N/A,N/A,N/A,N/A,N/A,N/A,N/A,N/A,NOT_CALCULATED,N/A,N/A,N/A,UNKNOWN,N/A,N/A,N/A,N/A,N/A,N/A,N/A,NOT_CALCULATED,N/A,LOW,STAGE_MAPPED_ONLY,LOW
2220,하계 6단지 장미아파트,11350,서울,N/A,N/A,0,PRE_PROJECT,NO_OFFICIAL_RECORD,공식 정비사업 기록 없음(선별 후보),,,175.41594474847741,1880,N/A,34.61154255319149,N/A,N/A,N/A,N/A,N/A,N/A,N/A,N/A,NOT_CALCULATED,N/A,N/A,N/A,UNKNOWN,N/A,N/A,N/A,N/A,N/A,N/A,N/A,NOT_CALCULATED,N/A,LOW,STAGE_MAPPED_ONLY,LOW
2222,하계극동건영벽산,11350,서울,N/A,N/A,0,PRE_PROJECT,NO_OFFICIAL_RECORD,공식 정비사업 기록 없음(선별 후보),,,229.8582755775699,1980,N/A,34.09661616161616,N/A,N/A,N/A,N/A,N/A,N/A,N/A,N/A,NOT_CALCULATED,N/A,N/A,N/A,UNKNOWN,N/A,N/A,N/A,N/A,N/A,N/A,N/A,NOT_CALCULATED,N/A,LOW,STAGE_MAPPED_ONLY,LOW
2212,하계미성,11350,서울,N/A,N/A,0,PRE_PROJECT,NO_OFFICIAL_RECORD,공식 정비사업 기록 없음(선별 후보),,,223.69986867495712,685,N/A,43.57605839416058,N/A,N/A,N/A,N/A,N/A,N/A,N/A,N/A,NOT_CALCULATED,N/A,N/A,N/A,UNKNOWN,N/A,N/A,N/A,N/A,N/A,N/A,N/A,NOT_CALCULATED,N/A,LOW,STAGE_MAPPED_ONLY,LOW
2223,하계삼익선경,11350,서울,N/A,N/A,0,PRE_PROJECT,NO_OFFICIAL_RECORD,공식 정비사업 기록 없음(선별 후보),,,285.00805562621895,396,N/A,59.56060606060606,N/A,N/A,N/A,N/A,N/A,N/A,N/A,N/A,NOT_CALCULATED,N/A,N/A,N/A,UNKNOWN,N/A,N/A,N/A,N/A,N/A,N/A,N/A,NOT_CALCULATED,N/A,LOW,STAGE_MAPPED_ONLY,LOW
2218,하계시영5단지,11350,서울,N/A,N/A,0,PRE_PROJECT,NO_OFFICIAL_RECORD,공식 정비사업 기록 없음(선별 후보),,,103.31662341542385,640,N/A,44.977031249999996,N/A,N/A,N/A,N/A,N/A,N/A,N/A,N/A,NOT_CALCULATED,N/A,N/A,N/A,UNKNOWN,N/A,N/A,N/A,N/A,N/A,N/A,N/A,NOT_CALCULATED,N/A,LOW,STAGE_MAPPED_ONLY,LOW
2211,하계청구,11350,서울,N/A,N/A,0,PRE_PROJECT,NO_OFFICIAL_RECORD,공식 정비사업 기록 없음(선별 후보),,,123.10624645789578,660,N/A,77.26318181818182,N/A,N/A,N/A,N/A,N/A,N/A,N/A,N/A,NOT_CALCULATED,N/A,N/A,N/A,UNKNOWN,N/A,N/A,N/A,N/A,N/A,N/A,N/A,NOT_CALCULATED,N/A,LOW,STAGE_MAPPED_ONLY,LOW
2214,하계청솔,11350,서울,N/A,N/A,0,PRE_PROJECT,NO_OFFICIAL_RECORD,공식 정비사업 기록 없음(선별 후보),,,179.33889279749081,1192,N/A,31.241442953020137,N/A,N/A,N/A,N/A,N/A,N/A,N/A,N/A,NOT_CALCULATED,N/A,N/A,N/A,UNKNOWN,N/A,N/A,N/A,N/A,N/A,N/A,N/A,NOT_CALCULATED,N/A,LOW,STAGE_MAPPED_ONLY,LOW
2225,하계한신,11350,서울,N/A,N/A,0,PRE_PROJECT,NO_OFFICIAL_RECORD,공식 정비사업 기록 없음(선별 후보),,,92.26845669170898,1200,N/A,42.494749999999996,N/A,N/A,N/A,N/A,N/A,N/A,N/A,N/A,NOT_CALCULATED,N/A,N/A,N/A,UNKNOWN,N/A,N/A,N/A,N/A,N/A,N/A,N/A,NOT_CALCULATED,N/A,LOW,STAGE_MAPPED_ONLY,LOW
2219,하계현대우성,11350,서울,N/A,N/A,0,PRE_PROJECT,NO_OFFICIAL_RECORD,공식 정비사업 기록 없음(선별 후보),,,N/A,1320,N/A,N/A,N/A,N/A,N/A,N/A,N/A,N/A,N/A,N/A,NOT_CALCULATED,N/A,N/A,N/A,UNKNOWN,N/A,N/A,N/A,N/A,N/A,N/A,N/A,NOT_CALCULATED,N/A,LOW,STAGE_MAPPED_ONLY,LOW
1914,하월곡아남,11290,서울,N/A,N/A,0,PRE_PROJECT,NO_OFFICIAL_RECORD,공식 정비사업 기록 없음(선별 후보),,,469.9631822270569,198,N/A,24.142929292929296,N/A,N/A,N/A,N/A,N/A,N/A,N/A,N/A,NOT_CALCULATED,N/A,N/A,N/A,UNKNOWN,N/A,N/A,N/A,N/A,N/A,N/A,N/A,NOT_CALCULATED,N/A,LOW,STAGE_MAPPED_ONLY,LOW
1911,하월곡아남아파트,11290,서울,N/A,N/A,0,PRE_PROJECT,NO_OFFICIAL_RECORD,공식 정비사업 기록 없음(선별 후보),,,469.0918979980336,198,N/A,24.142929292929296,N/A,N/A,N/A,N/A,N/A,N/A,N/A,N/A,NOT_CALCULATED,N/A,N/A,N/A,UNKNOWN,N/A,N/A,N/A,N/A,N/A,N/A,N/A,NOT_CALCULATED,N/A,LOW,STAGE_MAPPED_ONLY,LOW
3853,한강,11650,서울,N/A,N/A,0,PRE_PROJECT,NO_OFFICIAL_RECORD,공식 정비사업 기록 없음(선별 후보),,,265.31768381220576,450,N/A,40.40355555555555,N/A,N/A,N/A,N/A,N/A,N/A,N/A,N/A,NOT_CALCULATED,N/A,N/A,N/A,UNKNOWN,N/A,N/A,N/A,N/A,N/A,N/A,N/A,NOT_CALCULATED,N/A,LOW,STAGE_MAPPED_ONLY,LOW
1502,한강우성아파트,11215,서울,N/A,N/A,0,PRE_PROJECT,NO_OFFICIAL_RECORD,공식 정비사업 기록 없음(선별 후보),,,366.29470169580884,355,N/A,32.05915492957747,N/A,N/A,N/A,N/A,N/A,N/A,N/A,N/A,NOT_CALCULATED,N/A,N/A,N/A,UNKNOWN,N/A,N/A,N/A,N/A,N/A,N/A,N/A,NOT_CALCULATED,N/A,LOW,STAGE_MAPPED_ONLY,LOW
3028,한강타운아파트,11500,서울,N/A,N/A,0,PRE_PROJECT,NO_OFFICIAL_RECORD,공식 정비사업 기록 없음(선별 후보),,,254.93001594360996,990,N/A,48.14949494949495,N/A,N/A,N/A,N/A,N/A,N/A,N/A,N/A,NOT_CALCULATED,N/A,N/A,N/A,UNKNOWN,N/A,N/A,N/A,N/A,N/A,N/A,N/A,NOT_CALCULATED,N/A,LOW,STAGE_MAPPED_ONLY,LOW
3157,한국현대아파트,11530,서울,N/A,N/A,0,PRE_PROJECT,NO_OFFICIAL_RECORD,공식 정비사업 기록 없음(선별 후보),,,N/A,105,N/A,N/A,N/A,N/A,N/A,N/A,N/A,N/A,N/A,N/A,NOT_CALCULATED,N/A,N/A,N/A,UNKNOWN,N/A,N/A,N/A,N/A,N/A,N/A,N/A,NOT_CALCULATED,N/A,LOW,STAGE_MAPPED_ONLY,LOW
1385,한남하이츠빌라,11200,서울,N/A,N/A,0,PRE_PROJECT,NO_OFFICIAL_RECORD,공식 정비사업 기록 없음(선별 후보),,,199.73521959459458,66,N/A,107.63636363636364,N/A,N/A,N/A,N/A,N/A,N/A,N/A,N/A,NOT_CALCULATED,N/A,N/A,N/A,UNKNOWN,N/A,N/A,N/A,N/A,N/A,N/A,N/A,NOT_CALCULATED,N/A,LOW,STAGE_MAPPED_ONLY,LOW
1321,한신무학,11200,서울,N/A,N/A,0,PRE_PROJECT,NO_OFFICIAL_RECORD,공식 정비사업 기록 없음(선별 후보),,,287.9499878779483,480,N/A,42.10645833333333,N/A,N/A,N/A,N/A,N/A,N/A,N/A,N/A,NOT_CALCULATED,N/A,N/A,N/A,UNKNOWN,N/A,N/A,N/A,N/A,N/A,N/A,N/A,NOT_CALCULATED,N/A,LOW,STAGE_MAPPED_ONLY,LOW
4219,한신코아,11710,서울,N/A,N/A,0,PRE_PROJECT,NO_OFFICIAL_RECORD,공식 정비사업 기록 없음(선별 후보),,,259.16941410276377,493,N/A,27.353549695740362,N/A,N/A,N/A,N/A,N/A,N/A,N/A,N/A,NOT_CALCULATED,N/A,N/A,N/A,UNKNOWN,N/A,N/A,N/A,N/A,N/A,N/A,N/A,NOT_CALCULATED,N/A,LOW,STAGE_MAPPED_ONLY,LOW
3850,한신타운,11650,서울,N/A,N/A,0,PRE_PROJECT,NO_OFFICIAL_RECORD,공식 정비사업 기록 없음(선별 후보),,,266.47528439524564,110,N/A,35.64181818181818,N/A,N/A,N/A,N/A,N/A,N/A,N/A,N/A,NOT_CALCULATED,N/A,N/A,N/A,UNKNOWN,N/A,N/A,N/A,N/A,N/A,N/A,N/A,NOT_CALCULATED,N/A,LOW,STAGE_MAPPED_ONLY,LOW
3657,해태보라매타워,11590,서울,N/A,N/A,0,PRE_PROJECT,NO_OFFICIAL_RECORD,공식 정비사업 기록 없음(선별 후보),,,N/A,387,N/A,N/A,N/A,N/A,N/A,N/A,N/A,N/A,N/A,N/A,NOT_CALCULATED,N/A,N/A,N/A,UNKNOWN,N/A,N/A,N/A,N/A,N/A,N/A,N/A,NOT_CALCULATED,N/A,LOW,STAGE_MAPPED_ONLY,LOW
2933,현대3,11500,서울,N/A,N/A,0,PRE_PROJECT,NO_OFFICIAL_RECORD,공식 정비사업 기록 없음(선별 후보),,,415.7323836307725,127,N/A,29.95826771653543,N/A,N/A,N/A,N/A,N/A,N/A,N/A,N/A,NOT_CALCULATED,N/A,N/A,N/A,UNKNOWN,N/A,N/A,N/A,N/A,N/A,N/A,N/A,NOT_CALCULATED,N/A,LOW,STAGE_MAPPED_ONLY,LOW
1507,현대강변,11215,서울,N/A,N/A,0,PRE_PROJECT,NO_OFFICIAL_RECORD,공식 정비사업 기록 없음(선별 후보),,,293.8355098494378,208,N/A,37.072596153846156,N/A,N/A,N/A,N/A,N/A,N/A,N/A,N/A,NOT_CALCULATED,N/A,N/A,N/A,UNKNOWN,N/A,N/A,N/A,N/A,N/A,N/A,N/A,NOT_CALCULATED,N/A,LOW,STAGE_MAPPED_ONLY,LOW
3350,현대공무원,11545,서울,N/A,N/A,0,PRE_PROJECT,NO_OFFICIAL_RECORD,공식 정비사업 기록 없음(선별 후보),,,354.27760028399007,197,N/A,31.458883248730963,N/A,N/A,N/A,N/A,N/A,N/A,N/A,N/A,NOT_CALCULATED,N/A,N/A,N/A,UNKNOWN,N/A,N/A,N/A,N/A,N/A,N/A,N/A,NOT_CALCULATED,N/A,LOW,STAGE_MAPPED_ONLY,LOW
4216,현대타워아파트,11710,서울,N/A,N/A,0,PRE_PROJECT,NO_OFFICIAL_RECORD,공식 정비사업 기록 없음(선별 후보),,,N/A,55,N/A,N/A,N/A,N/A,N/A,N/A,N/A,N/A,N/A,N/A,NOT_CALCULATED,N/A,N/A,N/A,UNKNOWN,N/A,N/A,N/A,N/A,N/A,N/A,N/A,NOT_CALCULATED,N/A,LOW,STAGE_MAPPED_ONLY,LOW
2584,홍은극동,11410,서울,N/A,N/A,0,PRE_PROJECT,NO_OFFICIAL_RECORD,공식 정비사업 기록 없음(선별 후보),,,348.924237588138,488,N/A,35.310450819672134,N/A,N/A,N/A,N/A,N/A,N/A,N/A,N/A,NOT_CALCULATED,N/A,N/A,N/A,UNKNOWN,N/A,N/A,N/A,N/A,N/A,N/A,N/A,NOT_CALCULATED,N/A,LOW,STAGE_MAPPED_ONLY,LOW
2587,홍은동미성아파트,11410,서울,N/A,N/A,0,PRE_PROJECT,NO_OFFICIAL_RECORD,공식 정비사업 기록 없음(선별 후보),,,201.88402090514845,300,N/A,59.95333333333333,N/A,N/A,N/A,N/A,N/A,N/A,N/A,N/A,NOT_CALCULATED,N/A,N/A,N/A,UNKNOWN,N/A,N/A,N/A,N/A,N/A,N/A,N/A,NOT_CALCULATED,N/A,LOW,STAGE_MAPPED_ONLY,LOW
2580,홍은풍림1차,11410,서울,N/A,N/A,0,PRE_PROJECT,NO_OFFICIAL_RECORD,공식 정비사업 기록 없음(선별 후보),,,276.8151211675838,181,N/A,32.328176795580106,N/A,N/A,N/A,N/A,N/A,N/A,N/A,N/A,NOT_CALCULATED,N/A,N/A,N/A,UNKNOWN,N/A,N/A,N/A,N/A,N/A,N/A,N/A,NOT_CALCULATED,N/A,LOW,STAGE_MAPPED_ONLY,LOW
2581,홍은풍림2차,11410,서울,N/A,N/A,0,PRE_PROJECT,NO_OFFICIAL_RECORD,공식 정비사업 기록 없음(선별 후보),,,277.96621873965034,390,N/A,36.38794871794872,N/A,N/A,N/A,N/A,N/A,N/A,N/A,N/A,NOT_CALCULATED,N/A,N/A,N/A,UNKNOWN,N/A,N/A,N/A,N/A,N/A,N/A,N/A,NOT_CALCULATED,N/A,LOW,STAGE_MAPPED_ONLY,LOW
2590,홍은현대,11410,서울,N/A,N/A,0,PRE_PROJECT,NO_OFFICIAL_RECORD,공식 정비사업 기록 없음(선별 후보),,,248.63108456514266,610,N/A,38.15081967213115,N/A,N/A,N/A,N/A,N/A,N/A,N/A,N/A,NOT_CALCULATED,N/A,N/A,N/A,UNKNOWN,N/A,N/A,N/A,N/A,N/A,N/A,N/A,NOT_CALCULATED,N/A,LOW,STAGE_MAPPED_ONLY,LOW
2552,홍제무악청구1차,11410,서울,N/A,N/A,0,PRE_PROJECT,NO_OFFICIAL_RECORD,공식 정비사업 기록 없음(선별 후보),,,263.029506024429,862,N/A,46.22517401392111,N/A,N/A,N/A,N/A,N/A,N/A,N/A,N/A,NOT_CALCULATED,N/A,N/A,N/A,UNKNOWN,N/A,N/A,N/A,N/A,N/A,N/A,N/A,NOT_CALCULATED,N/A,LOW,STAGE_MAPPED_ONLY,LOW
2555,홍제유원하나,11410,서울,N/A,N/A,0,PRE_PROJECT,NO_OFFICIAL_RECORD,공식 정비사업 기록 없음(선별 후보),,,255.56728055408993,554,N/A,43.10577617328519,N/A,N/A,N/A,N/A,N/A,N/A,N/A,N/A,NOT_CALCULATED,N/A,N/A,N/A,UNKNOWN,N/A,N/A,N/A,N/A,N/A,N/A,N/A,NOT_CALCULATED,N/A,LOW,STAGE_MAPPED_ONLY,LOW
2546,홍제유원하나제2,11410,서울,N/A,N/A,0,PRE_PROJECT,NO_OFFICIAL_RECORD,공식 정비사업 기록 없음(선별 후보),,,24.493103188362102,150,N/A,159.20399999999998,N/A,N/A,N/A,N/A,N/A,N/A,N/A,N/A,NOT_CALCULATED,N/A,N/A,N/A,UNKNOWN,N/A,N/A,N/A,N/A,N/A,N/A,N/A,NOT_CALCULATED,N/A,LOW,STAGE_MAPPED_ONLY,LOW
2554,홍제현대그린,11410,서울,N/A,N/A,0,PRE_PROJECT,NO_OFFICIAL_RECORD,공식 정비사업 기록 없음(선별 후보),,,314.13950078242124,240,N/A,38.076249999999995,N/A,N/A,N/A,N/A,N/A,N/A,N/A,N/A,NOT_CALCULATED,N/A,N/A,N/A,UNKNOWN,N/A,N/A,N/A,N/A,N/A,N/A,N/A,NOT_CALCULATED,N/A,LOW,STAGE_MAPPED_ONLY,LOW
2549,홍제현대아파트,11410,서울,N/A,N/A,0,PRE_PROJECT,NO_OFFICIAL_RECORD,공식 정비사업 기록 없음(선별 후보),,,287.62152621676074,704,N/A,42.65411931818182,N/A,N/A,N/A,N/A,N/A,N/A,N/A,N/A,NOT_CALCULATED,N/A,N/A,N/A,UNKNOWN,N/A,N/A,N/A,N/A,N/A,N/A,N/A,NOT_CALCULATED,N/A,LOW,STAGE_MAPPED_ONLY,LOW
2992,화곡 1동 복지아파트,11500,서울,N/A,N/A,0,PRE_PROJECT,NO_OFFICIAL_RECORD,공식 정비사업 기록 없음(선별 후보),,,188.2929448882325,104,N/A,28.648076923076925,N/A,N/A,N/A,N/A,N/A,N/A,N/A,N/A,NOT_CALCULATED,N/A,N/A,N/A,UNKNOWN,N/A,N/A,N/A,N/A,N/A,N/A,N/A,NOT_CALCULATED,N/A,LOW,STAGE_MAPPED_ONLY,LOW
3013,화곡대림아파트,11500,서울,N/A,N/A,0,PRE_PROJECT,NO_OFFICIAL_RECORD,공식 정비사업 기록 없음(선별 후보),,,295.4434311095078,416,N/A,42.64711538461539,N/A,N/A,N/A,N/A,N/A,N/A,N/A,N/A,NOT_CALCULATED,N/A,N/A,N/A,UNKNOWN,N/A,N/A,N/A,N/A,N/A,N/A,N/A,NOT_CALCULATED,N/A,LOW,STAGE_MAPPED_ONLY,LOW
3014,화곡미성,11500,서울,N/A,N/A,0,PRE_PROJECT,NO_OFFICIAL_RECORD,공식 정비사업 기록 없음(선별 후보),,,197.8397462707375,228,N/A,62.921052631578945,N/A,N/A,N/A,N/A,N/A,N/A,N/A,N/A,NOT_CALCULATED,N/A,N/A,N/A,UNKNOWN,N/A,N/A,N/A,N/A,N/A,N/A,N/A,NOT_CALCULATED,N/A,LOW,STAGE_MAPPED_ONLY,LOW
3012,화곡중앙하이츠,11500,서울,N/A,N/A,0,PRE_PROJECT,NO_OFFICIAL_RECORD,공식 정비사업 기록 없음(선별 후보),,,240.98479096474162,473,N/A,35.64143763213531,N/A,N/A,N/A,N/A,N/A,N/A,N/A,N/A,NOT_CALCULATED,N/A,N/A,N/A,UNKNOWN,N/A,N/A,N/A,N/A,N/A,N/A,N/A,NOT_CALCULATED,N/A,LOW,STAGE_MAPPED_ONLY,LOW
2194,효성아파트,11350,서울,N/A,N/A,0,PRE_PROJECT,NO_OFFICIAL_RECORD,공식 정비사업 기록 없음(선별 후보),,,159.03736096966793,340,N/A,73.64558823529411,N/A,N/A,N/A,N/A,N/A,N/A,N/A,N/A,NOT_CALCULATED,N/A,N/A,N/A,UNKNOWN,N/A,N/A,N/A,N/A,N/A,N/A,N/A,NOT_CALCULATED,N/A,LOW,STAGE_MAPPED_ONLY,LOW
1240,효창한신,11170,서울,N/A,N/A,0,PRE_PROJECT,NO_OFFICIAL_RECORD,공식 정비사업 기록 없음(선별 후보),,,180.7350044154609,120,N/A,61.3375,N/A,N/A,N/A,N/A,N/A,N/A,N/A,N/A,NOT_CALCULATED,N/A,N/A,N/A,UNKNOWN,N/A,N/A,N/A,N/A,N/A,N/A,N/A,NOT_CALCULATED,N/A,LOW,STAGE_MAPPED_ONLY,LOW
1220,후암미주,11170,서울,N/A,N/A,0,PRE_PROJECT,NO_OFFICIAL_RECORD,공식 정비사업 기록 없음(선별 후보),,,198.19986872333442,226,N/A,37.750442477876106,N/A,N/A,N/A,N/A,N/A,N/A,N/A,N/A,NOT_CALCULATED,N/A,N/A,N/A,UNKNOWN,N/A,N/A,N/A,N/A,N/A,N/A,N/A,NOT_CALCULATED,N/A,LOW,STAGE_MAPPED_ONLY,LOW
1648,휘경서울가든,11230,서울,N/A,N/A,0,PRE_PROJECT,NO_OFFICIAL_RECORD,공식 정비사업 기록 없음(선별 후보),,,200.50403363254173,160,N/A,55.00625,N/A,N/A,N/A,N/A,N/A,N/A,N/A,N/A,NOT_CALCULATED,N/A,N/A,N/A,UNKNOWN,N/A,N/A,N/A,N/A,N/A,N/A,N/A,NOT_CALCULATED,N/A,LOW,STAGE_MAPPED_ONLY,LOW
1638,휘경현대아파트,11230,서울,N/A,N/A,0,PRE_PROJECT,NO_OFFICIAL_RECORD,공식 정비사업 기록 없음(선별 후보),,,N/A,146,N/A,N/A,N/A,N/A,N/A,N/A,N/A,N/A,N/A,N/A,NOT_CALCULATED,N/A,N/A,N/A,UNKNOWN,N/A,N/A,N/A,N/A,N/A,N/A,N/A,NOT_CALCULATED,N/A,LOW,STAGE_MAPPED_ONLY,LOW
3598,흑석한강현대,11590,서울,N/A,N/A,0,PRE_PROJECT,NO_OFFICIAL_RECORD,공식 정비사업 기록 없음(선별 후보),,,492.91147910706457,960,N/A,24.941145833333334,N/A,N/A,N/A,N/A,N/A,N/A,N/A,N/A,NOT_CALCULATED,N/A,N/A,N/A,UNKNOWN,N/A,N/A,N/A,N/A,N/A,N/A,N/A,NOT_CALCULATED,N/A,LOW,STAGE_MAPPED_ONLY,LOW
925,가정 뉴서울 아파트,28275,인천,N/A,N/A,0,PRE_PROJECT,NO_OFFICIAL_RECORD,공식 정비사업 기록 없음(선별 후보),,,N/A,555,N/A,N/A,N/A,N/A,N/A,N/A,N/A,N/A,N/A,N/A,NOT_CALCULATED,N/A,N/A,N/A,UNKNOWN,N/A,N/A,N/A,N/A,N/A,N/A,N/A,NOT_CALCULATED,N/A,LOW,STAGE_MAPPED_ONLY,LOW
922,가정 하나2차 아파트,28275,인천,N/A,N/A,0,PRE_PROJECT,NO_OFFICIAL_RECORD,공식 정비사업 기록 없음(선별 후보),,,N/A,495,N/A,N/A,N/A,N/A,N/A,N/A,N/A,N/A,N/A,N/A,NOT_CALCULATED,N/A,N/A,N/A,UNKNOWN,N/A,N/A,N/A,N/A,N/A,N/A,N/A,NOT_CALCULATED,N/A,LOW,STAGE_MAPPED_ONLY,LOW
924,가정 한국 아파트,28275,인천,N/A,N/A,0,PRE_PROJECT,NO_OFFICIAL_RECORD,공식 정비사업 기록 없음(선별 후보),,,N/A,620,N/A,N/A,N/A,N/A,N/A,N/A,N/A,N/A,N/A,N/A,NOT_CALCULATED,N/A,N/A,N/A,UNKNOWN,N/A,N/A,N/A,N/A,N/A,N/A,N/A,NOT_CALCULATED,N/A,LOW,STAGE_MAPPED_ONLY,LOW
902,가정동 하나1차아파트,28275,인천,N/A,N/A,0,PRE_PROJECT,NO_OFFICIAL_RECORD,공식 정비사업 기록 없음(선별 후보),,,N/A,252,N/A,N/A,N/A,N/A,N/A,N/A,N/A,N/A,N/A,N/A,NOT_CALCULATED,N/A,N/A,N/A,UNKNOWN,N/A,N/A,N/A,N/A,N/A,N/A,N/A,NOT_CALCULATED,N/A,LOW,STAGE_MAPPED_ONLY,LOW
921,가정하나3차아파트,28275,인천,N/A,N/A,0,PRE_PROJECT,NO_OFFICIAL_RECORD,공식 정비사업 기록 없음(선별 후보),,,N/A,274,N/A,N/A,N/A,N/A,N/A,N/A,N/A,N/A,N/A,N/A,NOT_CALCULATED,N/A,N/A,N/A,UNKNOWN,N/A,N/A,N/A,N/A,N/A,N/A,N/A,NOT_CALCULATED,N/A,LOW,STAGE_MAPPED_ONLY,LOW
953,가좌 범양파크 아파트,28275,인천,N/A,N/A,0,PRE_PROJECT,NO_OFFICIAL_RECORD,공식 정비사업 기록 없음(선별 후보),,,N/A,510,N/A,N/A,N/A,N/A,N/A,N/A,N/A,N/A,N/A,N/A,NOT_CALCULATED,N/A,N/A,N/A,UNKNOWN,N/A,N/A,N/A,N/A,N/A,N/A,N/A,NOT_CALCULATED,N/A,LOW,STAGE_MAPPED_ONLY,LOW
949,가좌 진주2단지 아파트,28275,인천,N/A,N/A,0,PRE_PROJECT,NO_OFFICIAL_RECORD,공식 정비사업 기록 없음(선별 후보),,,N/A,644,N/A,N/A,N/A,N/A,N/A,N/A,N/A,N/A,N/A,N/A,NOT_CALCULATED,N/A,N/A,N/A,UNKNOWN,N/A,N/A,N/A,N/A,N/A,N/A,N/A,NOT_CALCULATED,N/A,LOW,STAGE_MAPPED_ONLY,LOW
951,가좌 진주3단지 아파트,28275,인천,N/A,N/A,0,PRE_PROJECT,NO_OFFICIAL_RECORD,공식 정비사업 기록 없음(선별 후보),,,N/A,798,N/A,N/A,N/A,N/A,N/A,N/A,N/A,N/A,N/A,N/A,NOT_CALCULATED,N/A,N/A,N/A,UNKNOWN,N/A,N/A,N/A,N/A,N/A,N/A,N/A,NOT_CALCULATED,N/A,LOW,STAGE_MAPPED_ONLY,LOW
948,가좌 진주4단지 아파트,28275,인천,N/A,N/A,0,PRE_PROJECT,NO_OFFICIAL_RECORD,공식 정비사업 기록 없음(선별 후보),,,N/A,302,N/A,N/A,N/A,N/A,N/A,N/A,N/A,N/A,N/A,N/A,NOT_CALCULATED,N/A,N/A,N/A,UNKNOWN,N/A,N/A,N/A,N/A,N/A,N/A,N/A,NOT_CALCULATED,N/A,LOW,STAGE_MAPPED_ONLY,LOW
947,가좌 진주5단지 아파트,28275,인천,N/A,N/A,0,PRE_PROJECT,NO_OFFICIAL_RECORD,공식 정비사업 기록 없음(선별 후보),,,N/A,268,N/A,N/A,N/A,N/A,N/A,N/A,N/A,N/A,N/A,N/A,NOT_CALCULATED,N/A,N/A,N/A,UNKNOWN,N/A,N/A,N/A,N/A,N/A,N/A,N/A,NOT_CALCULATED,N/A,LOW,STAGE_MAPPED_ONLY,LOW
956,가좌 풍림 아파트,28275,인천,N/A,N/A,0,PRE_PROJECT,NO_OFFICIAL_RECORD,공식 정비사업 기록 없음(선별 후보),,,N/A,358,N/A,N/A,N/A,N/A,N/A,N/A,N/A,N/A,N/A,N/A,NOT_CALCULATED,N/A,N/A,N/A,UNKNOWN,N/A,N/A,N/A,N/A,N/A,N/A,N/A,NOT_CALCULATED,N/A,LOW,STAGE_MAPPED_ONLY,LOW
946,가좌신현대아파트,28275,인천,N/A,N/A,0,PRE_PROJECT,NO_OFFICIAL_RECORD,공식 정비사업 기록 없음(선별 후보),,,N/A,343,N/A,N/A,N/A,N/A,N/A,N/A,N/A,N/A,N/A,N/A,NOT_CALCULATED,N/A,N/A,N/A,UNKNOWN,N/A,N/A,N/A,N/A,N/A,N/A,N/A,NOT_CALCULATED,N/A,LOW,STAGE_MAPPED_ONLY,LOW
952,가좌현대아파트,28275,인천,N/A,N/A,0,PRE_PROJECT,NO_OFFICIAL_RECORD,공식 정비사업 기록 없음(선별 후보),,,N/A,460,N/A,N/A,N/A,N/A,N/A,N/A,N/A,N/A,N/A,N/A,NOT_CALCULATED,N/A,N/A,N/A,UNKNOWN,N/A,N/A,N/A,N/A,N/A,N/A,N/A,NOT_CALCULATED,N/A,LOW,STAGE_MAPPED_ONLY,LOW
343,간석 우성1차 아파트,28200,인천,N/A,N/A,0,PRE_PROJECT,NO_OFFICIAL_RECORD,공식 정비사업 기록 없음(선별 후보),,,208.598871319594,1050,N/A,42.17314285714286,N/A,N/A,N/A,N/A,N/A,N/A,N/A,N/A,NOT_CALCULATED,N/A,N/A,N/A,UNKNOWN,N/A,N/A,N/A,N/A,N/A,N/A,N/A,NOT_CALCULATED,N/A,LOW,STAGE_MAPPED_ONLY,LOW
342,간석 태화 아파트,28200,인천,N/A,N/A,0,PRE_PROJECT,NO_OFFICIAL_RECORD,공식 정비사업 기록 없음(선별 후보),,,N/A,464,N/A,N/A,N/A,N/A,N/A,N/A,N/A,N/A,N/A,N/A,NOT_CALCULATED,N/A,N/A,N/A,UNKNOWN,N/A,N/A,N/A,N/A,N/A,N/A,N/A,NOT_CALCULATED,N/A,LOW,STAGE_MAPPED_ONLY,LOW
339,간석 현대 아파트,28200,인천,N/A,N/A,0,PRE_PROJECT,NO_OFFICIAL_RECORD,공식 정비사업 기록 없음(선별 후보),,,264.1240875912409,390,N/A,49.17948717948718,N/A,N/A,N/A,N/A,N/A,N/A,N/A,N/A,NOT_CALCULATED,N/A,N/A,N/A,UNKNOWN,N/A,N/A,N/A,N/A,N/A,N/A,N/A,NOT_CALCULATED,N/A,LOW,STAGE_MAPPED_ONLY,LOW
322,간석2차우성아파트,28200,인천,N/A,N/A,0,PRE_PROJECT,NO_OFFICIAL_RECORD,공식 정비사업 기록 없음(선별 후보),,,211.65084985835696,N/A,N/A,N/A,N/A,N/A,N/A,N/A,N/A,N/A,N/A,N/A,NOT_CALCULATED,N/A,N/A,N/A,UNKNOWN,N/A,N/A,N/A,N/A,N/A,N/A,N/A,NOT_CALCULATED,N/A,LOW,STAGE_MAPPED_ONLY,LOW
335,간석극동,28200,인천,N/A,N/A,0,PRE_PROJECT,NO_OFFICIAL_RECORD,공식 정비사업 기록 없음(선별 후보),,,211.89059489051095,760,N/A,36.05263157894737,N/A,N/A,N/A,N/A,N/A,N/A,N/A,N/A,NOT_CALCULATED,N/A,N/A,N/A,UNKNOWN,N/A,N/A,N/A,N/A,N/A,N/A,N/A,NOT_CALCULATED,N/A,LOW,STAGE_MAPPED_ONLY,LOW
336,간석금호,28200,인천,N/A,N/A,0,PRE_PROJECT,NO_OFFICIAL_RECORD,공식 정비사업 기록 없음(선별 후보),,,204.7253625670892,630,N/A,41.7,N/A,N/A,N/A,N/A,N/A,N/A,N/A,N/A,NOT_CALCULATED,N/A,N/A,N/A,UNKNOWN,N/A,N/A,N/A,N/A,N/A,N/A,N/A,NOT_CALCULATED,N/A,LOW,STAGE_MAPPED_ONLY,LOW
325,간석동 팬더아파트,28200,인천,N/A,N/A,0,PRE_PROJECT,NO_OFFICIAL_RECORD,공식 정비사업 기록 없음(선별 후보),,,199.54348521415488,246,N/A,27.960162601626017,N/A,N/A,N/A,N/A,N/A,N/A,N/A,N/A,NOT_CALCULATED,N/A,N/A,N/A,UNKNOWN,N/A,N/A,N/A,N/A,N/A,N/A,N/A,NOT_CALCULATED,N/A,LOW,STAGE_MAPPED_ONLY,LOW
327,간석동원아파트,28200,인천,N/A,N/A,0,PRE_PROJECT,NO_OFFICIAL_RECORD,공식 정비사업 기록 없음(선별 후보),,,349.00289237326837,118,N/A,27.834745762711865,N/A,N/A,N/A,N/A,N/A,N/A,N/A,N/A,NOT_CALCULATED,N/A,N/A,N/A,UNKNOWN,N/A,N/A,N/A,N/A,N/A,N/A,N/A,NOT_CALCULATED,N/A,LOW,STAGE_MAPPED_ONLY,LOW
341,간석두진아파트,28200,인천,N/A,N/A,0,PRE_PROJECT,NO_OFFICIAL_RECORD,공식 정비사업 기록 없음(선별 후보),,,458.00887009437366,354,N/A,21.910734463276835,N/A,N/A,N/A,N/A,N/A,N/A,N/A,N/A,NOT_CALCULATED,N/A,N/A,N/A,UNKNOWN,N/A,N/A,N/A,N/A,N/A,N/A,N/A,NOT_CALCULATED,N/A,LOW,STAGE_MAPPED_ONLY,LOW
338,간석한진,28200,인천,N/A,N/A,0,PRE_PROJECT,NO_OFFICIAL_RECORD,공식 정비사업 기록 없음(선별 후보),,,184.98652437369992,600,N/A,36.85666666666667,N/A,N/A,N/A,N/A,N/A,N/A,N/A,N/A,NOT_CALCULATED,N/A,N/A,N/A,UNKNOWN,N/A,N/A,N/A,N/A,N/A,N/A,N/A,NOT_CALCULATED,N/A,LOW,STAGE_MAPPED_ONLY,LOW
582,갈산 대동2차 아파트,28237,인천,N/A,N/A,0,PRE_PROJECT,NO_OFFICIAL_RECORD,공식 정비사업 기록 없음(선별 후보),,,269.10594132957095,623,N/A,30.034189406099518,N/A,N/A,N/A,N/A,N/A,N/A,N/A,N/A,NOT_CALCULATED,N/A,N/A,N/A,UNKNOWN,N/A,N/A,N/A,N/A,N/A,N/A,N/A,NOT_CALCULATED,N/A,LOW,STAGE_MAPPED_ONLY,LOW
589,갈산 동남 아파트,28237,인천,N/A,N/A,0,PRE_PROJECT,NO_OFFICIAL_RECORD,공식 정비사업 기록 없음(선별 후보),,,97.35402114685611,278,N/A,108.66115107913669,N/A,N/A,N/A,N/A,N/A,N/A,N/A,N/A,NOT_CALCULATED,N/A,N/A,N/A,UNKNOWN,N/A,N/A,N/A,N/A,N/A,N/A,N/A,NOT_CALCULATED,N/A,LOW,STAGE_MAPPED_ONLY,LOW
583,갈산 동아 아파트,28237,인천,N/A,N/A,0,PRE_PROJECT,NO_OFFICIAL_RECORD,공식 정비사업 기록 없음(선별 후보),,,97.20465128798686,280,N/A,106.14571428571428,N/A,N/A,N/A,N/A,N/A,N/A,N/A,N/A,NOT_CALCULATED,N/A,N/A,N/A,UNKNOWN,N/A,N/A,N/A,N/A,N/A,N/A,N/A,NOT_CALCULATED,N/A,LOW,STAGE_MAPPED_ONLY,LOW
590,갈산 아주 아파트,28237,인천,N/A,N/A,0,PRE_PROJECT,NO_OFFICIAL_RECORD,공식 정비사업 기록 없음(선별 후보),,,289.93046258826047,340,N/A,38.44735294117647,N/A,N/A,N/A,N/A,N/A,N/A,N/A,N/A,NOT_CALCULATED,N/A,N/A,N/A,UNKNOWN,N/A,N/A,N/A,N/A,N/A,N/A,N/A,NOT_CALCULATED,N/A,LOW,STAGE_MAPPED_ONLY,LOW
586,갈산 주공1단지 아파트,28237,인천,N/A,N/A,0,PRE_PROJECT,NO_OFFICIAL_RECORD,공식 정비사업 기록 없음(선별 후보),,,165.27786478411716,1650,N/A,30.184727272727276,N/A,N/A,N/A,N/A,N/A,N/A,N/A,N/A,NOT_CALCULATED,N/A,N/A,N/A,UNKNOWN,N/A,N/A,N/A,N/A,N/A,N/A,N/A,NOT_CALCULATED,N/A,LOW,STAGE_MAPPED_ONLY,LOW
585,갈산 팬더 아파트,28237,인천,N/A,N/A,0,PRE_PROJECT,NO_OFFICIAL_RECORD,공식 정비사업 기록 없음(선별 후보),,,97.20306990390569,280,N/A,106.14571428571428,N/A,N/A,N/A,N/A,N/A,N/A,N/A,N/A,NOT_CALCULATED,N/A,N/A,N/A,UNKNOWN,N/A,N/A,N/A,N/A,N/A,N/A,N/A,NOT_CALCULATED,N/A,LOW,STAGE_MAPPED_ONLY,LOW
588,갈산 하나 아파트,28237,인천,N/A,N/A,0,PRE_PROJECT,NO_OFFICIAL_RECORD,공식 정비사업 기록 없음(선별 후보),,,189.41134408993705,526,N/A,57.42927756653992,N/A,N/A,N/A,N/A,N/A,N/A,N/A,N/A,NOT_CALCULATED,N/A,N/A,N/A,UNKNOWN,N/A,N/A,N/A,N/A,N/A,N/A,N/A,NOT_CALCULATED,N/A,LOW,STAGE_MAPPED_ONLY,LOW
587,갈산 한국 아파트,28237,인천,N/A,N/A,0,PRE_PROJECT,NO_OFFICIAL_RECORD,공식 정비사업 기록 없음(선별 후보),,,97.94150897687814,280,N/A,106.14571428571428,N/A,N/A,N/A,N/A,N/A,N/A,N/A,N/A,NOT_CALCULATED,N/A,N/A,N/A,UNKNOWN,N/A,N/A,N/A,N/A,N/A,N/A,N/A,NOT_CALCULATED,N/A,LOW,STAGE_MAPPED_ONLY,LOW
579,갈산1동 태화 아파트,28237,인천,N/A,N/A,0,PRE_PROJECT,NO_OFFICIAL_RECORD,공식 정비사업 기록 없음(선별 후보),,,291.2400439747818,410,N/A,32.61292682926829,N/A,N/A,N/A,N/A,N/A,N/A,N/A,N/A,NOT_CALCULATED,N/A,N/A,N/A,UNKNOWN,N/A,N/A,N/A,N/A,N/A,N/A,N/A,NOT_CALCULATED,N/A,LOW,STAGE_MAPPED_ONLY,LOW
580,갈산1동 한국 아파트,28237,인천,N/A,N/A,0,PRE_PROJECT,NO_OFFICIAL_RECORD,공식 정비사업 기록 없음(선별 후보),,,371.2959028831563,520,N/A,31.682692307692307,N/A,N/A,N/A,N/A,N/A,N/A,N/A,N/A,NOT_CALCULATED,N/A,N/A,N/A,UNKNOWN,N/A,N/A,N/A,N/A,N/A,N/A,N/A,NOT_CALCULATED,N/A,LOW,STAGE_MAPPED_ONLY,LOW
584,갈산2동 태화아파트,28237,인천,N/A,N/A,0,PRE_PROJECT,NO_OFFICIAL_RECORD,공식 정비사업 기록 없음(선별 후보),,,301.700332963374,390,N/A,57.756410256410255,N/A,N/A,N/A,N/A,N/A,N/A,N/A,N/A,NOT_CALCULATED,N/A,N/A,N/A,UNKNOWN,N/A,N/A,N/A,N/A,N/A,N/A,N/A,NOT_CALCULATED,N/A,LOW,STAGE_MAPPED_ONLY,LOW
581,갈산대동1차아파트,28237,인천,N/A,N/A,0,PRE_PROJECT,NO_OFFICIAL_RECORD,공식 정비사업 기록 없음(선별 후보),,,287.8433114642736,420,N/A,53.275238095238095,N/A,N/A,N/A,N/A,N/A,N/A,N/A,N/A,NOT_CALCULATED,N/A,N/A,N/A,UNKNOWN,N/A,N/A,N/A,N/A,N/A,N/A,N/A,NOT_CALCULATED,N/A,LOW,STAGE_MAPPED_ONLY,LOW
592,갈산동정광아파트,28237,인천,N/A,N/A,0,PRE_PROJECT,NO_OFFICIAL_RECORD,공식 정비사업 기록 없음(선별 후보),,,193.3580655254101,311,N/A,35.969453376205784,N/A,N/A,N/A,N/A,N/A,N/A,N/A,N/A,NOT_CALCULATED,N/A,N/A,N/A,UNKNOWN,N/A,N/A,N/A,N/A,N/A,N/A,N/A,NOT_CALCULATED,N/A,LOW,STAGE_MAPPED_ONLY,LOW
591,갈산두산,28237,인천,N/A,N/A,0,PRE_PROJECT,NO_OFFICIAL_RECORD,공식 정비사업 기록 없음(선별 후보),,,299.81678704441055,574,N/A,50.09878048780488,N/A,N/A,N/A,N/A,N/A,N/A,N/A,N/A,NOT_CALCULATED,N/A,N/A,N/A,UNKNOWN,N/A,N/A,N/A,N/A,N/A,N/A,N/A,NOT_CALCULATED,N/A,LOW,STAGE_MAPPED_ONLY,LOW
760,강화현대아파트,28710,인천,N/A,N/A,0,PRE_PROJECT,NO_OFFICIAL_RECORD,공식 정비사업 기록 없음(선별 후보),,,N/A,219,N/A,N/A,N/A,N/A,N/A,N/A,N/A,N/A,N/A,N/A,NOT_CALCULATED,N/A,N/A,N/A,UNKNOWN,N/A,N/A,N/A,N/A,N/A,N/A,N/A,NOT_CALCULATED,N/A,LOW,STAGE_MAPPED_ONLY,LOW
1021,검단서해아파트,28290,인천,N/A,N/A,0,PRE_PROJECT,NO_OFFICIAL_RECORD,공식 정비사업 기록 없음(선별 후보),,,N/A,464,N/A,N/A,N/A,N/A,N/A,N/A,N/A,N/A,N/A,N/A,NOT_CALCULATED,N/A,N/A,N/A,UNKNOWN,N/A,N/A,N/A,N/A,N/A,N/A,N/A,NOT_CALCULATED,N/A,LOW,STAGE_MAPPED_ONLY,LOW
667,계산 동남 아파트,28245,인천,N/A,N/A,0,PRE_PROJECT,NO_OFFICIAL_RECORD,공식 정비사업 기록 없음(선별 후보),,,216.83928241168857,336,N/A,32.18452380952381,N/A,N/A,N/A,N/A,N/A,N/A,N/A,N/A,NOT_CALCULATED,N/A,N/A,N/A,UNKNOWN,N/A,N/A,N/A,N/A,N/A,N/A,N/A,NOT_CALCULATED,N/A,LOW,STAGE_MAPPED_ONLY,LOW
673,"계산 삼보 1,2차 아파트",28245,인천,N/A,N/A,0,PRE_PROJECT,NO_OFFICIAL_RECORD,공식 정비사업 기록 없음(선별 후보),,,201.51606577160962,474,N/A,27.970464135021096,N/A,N/A,N/A,N/A,N/A,N/A,N/A,N/A,NOT_CALCULATED,N/A,N/A,N/A,UNKNOWN,N/A,N/A,N/A,N/A,N/A,N/A,N/A,NOT_CALCULATED,N/A,LOW,STAGE_MAPPED_ONLY,LOW
668,계산 삼보3차 아파트,28245,인천,N/A,N/A,0,PRE_PROJECT,NO_OFFICIAL_RECORD,공식 정비사업 기록 없음(선별 후보),,,206.74408602150538,366,N/A,31.762295081967213,N/A,N/A,N/A,N/A,N/A,N/A,N/A,N/A,NOT_CALCULATED,N/A,N/A,N/A,UNKNOWN,N/A,N/A,N/A,N/A,N/A,N/A,N/A,NOT_CALCULATED,N/A,LOW,STAGE_MAPPED_ONLY,LOW
675,계산 서해그린3차 아파트,28245,인천,N/A,N/A,0,PRE_PROJECT,NO_OFFICIAL_RECORD,공식 정비사업 기록 없음(선별 후보),,,239.5666521201107,498,N/A,33.59016064257028,N/A,N/A,N/A,N/A,N/A,N/A,N/A,N/A,NOT_CALCULATED,N/A,N/A,N/A,UNKNOWN,N/A,N/A,N/A,N/A,N/A,N/A,N/A,NOT_CALCULATED,N/A,LOW,STAGE_MAPPED_ONLY,LOW
680,계산 영남 아파트,28245,인천,N/A,N/A,0,PRE_PROJECT,NO_OFFICIAL_RECORD,공식 정비사업 기록 없음(선별 후보),,,238.93609161433324,360,N/A,30.07777777777778,N/A,N/A,N/A,N/A,N/A,N/A,N/A,N/A,NOT_CALCULATED,N/A,N/A,N/A,UNKNOWN,N/A,N/A,N/A,N/A,N/A,N/A,N/A,NOT_CALCULATED,N/A,LOW,STAGE_MAPPED_ONLY,LOW
666,계산 인정프린스 아파트,28245,인천,N/A,N/A,0,PRE_PROJECT,NO_OFFICIAL_RECORD,공식 정비사업 기록 없음(선별 후보),,,339.73043027475376,299,N/A,32.25752508361204,N/A,N/A,N/A,N/A,N/A,N/A,N/A,N/A,NOT_CALCULATED,N/A,N/A,N/A,UNKNOWN,N/A,N/A,N/A,N/A,N/A,N/A,N/A,NOT_CALCULATED,N/A,LOW,STAGE_MAPPED_ONLY,LOW
664,계산 주공 아파트,28245,인천,N/A,N/A,0,PRE_PROJECT,NO_OFFICIAL_RECORD,공식 정비사업 기록 없음(선별 후보),,,149.78383393865485,1140,N/A,33.08859649122807,N/A,N/A,N/A,N/A,N/A,N/A,N/A,N/A,NOT_CALCULATED,N/A,N/A,N/A,UNKNOWN,N/A,N/A,N/A,N/A,N/A,N/A,N/A,NOT_CALCULATED,N/A,LOW,STAGE_MAPPED_ONLY,LOW
670,계산 태평 아파트,28245,인천,N/A,N/A,0,PRE_PROJECT,NO_OFFICIAL_RECORD,공식 정비사업 기록 없음(선별 후보),,,227.6734662810169,432,N/A,30.412037037037038,N/A,N/A,N/A,N/A,N/A,N/A,N/A,N/A,NOT_CALCULATED,N/A,N/A,N/A,UNKNOWN,N/A,N/A,N/A,N/A,N/A,N/A,N/A,NOT_CALCULATED,N/A,LOW,STAGE_MAPPED_ONLY,LOW
665,계산 하나 아파트,28245,인천,N/A,N/A,0,PRE_PROJECT,NO_OFFICIAL_RECORD,공식 정비사업 기록 없음(선별 후보),,,N/A,994,N/A,N/A,N/A,N/A,N/A,N/A,N/A,N/A,N/A,N/A,NOT_CALCULATED,N/A,N/A,N/A,UNKNOWN,N/A,N/A,N/A,N/A,N/A,N/A,N/A,NOT_CALCULATED,N/A,LOW,STAGE_MAPPED_ONLY,LOW
672,계산 한국 아파트,28245,인천,N/A,N/A,0,PRE_PROJECT,NO_OFFICIAL_RECORD,공식 정비사업 기록 없음(선별 후보),,,383.2073887489505,416,N/A,28.629807692307693,N/A,N/A,N/A,N/A,N/A,N/A,N/A,N/A,NOT_CALCULATED,N/A,N/A,N/A,UNKNOWN,N/A,N/A,N/A,N/A,N/A,N/A,N/A,NOT_CALCULATED,N/A,LOW,STAGE_MAPPED_ONLY,LOW
671,계산 현대 아파트,28245,인천,N/A,N/A,0,PRE_PROJECT,NO_OFFICIAL_RECORD,공식 정비사업 기록 없음(선별 후보),,,N/A,1248,N/A,N/A,N/A,N/A,N/A,N/A,N/A,N/A,N/A,N/A,NOT_CALCULATED,N/A,N/A,N/A,UNKNOWN,N/A,N/A,N/A,N/A,N/A,N/A,N/A,NOT_CALCULATED,N/A,LOW,STAGE_MAPPED_ONLY,LOW
674,계산한미삼오아파트,28245,인천,N/A,N/A,0,PRE_PROJECT,NO_OFFICIAL_RECORD,공식 정비사업 기록 없음(선별 후보),,,N/A,151,N/A,N/A,N/A,N/A,N/A,N/A,N/A,N/A,N/A,N/A,NOT_CALCULATED,N/A,N/A,N/A,UNKNOWN,N/A,N/A,N/A,N/A,N/A,N/A,N/A,NOT_CALCULATED,N/A,LOW,STAGE_MAPPED_ONLY,LOW
116,관교 쌍용 아파트,28177,인천,N/A,N/A,0,PRE_PROJECT,NO_OFFICIAL_RECORD,공식 정비사업 기록 없음(선별 후보),,,241.97516372475653,464,N/A,44.064439655172414,N/A,N/A,N/A,N/A,N/A,N/A,N/A,N/A,NOT_CALCULATED,N/A,N/A,N/A,UNKNOWN,N/A,N/A,N/A,N/A,N/A,N/A,N/A,NOT_CALCULATED,N/A,LOW,STAGE_MAPPED_ONLY,LOW
111,관교동부,28177,인천,N/A,N/A,0,PRE_PROJECT,NO_OFFICIAL_RECORD,공식 정비사업 기록 없음(선별 후보),,,236.8931625976069,420,N/A,44.792142857142856,N/A,N/A,N/A,N/A,N/A,N/A,N/A,N/A,NOT_CALCULATED,N/A,N/A,N/A,UNKNOWN,N/A,N/A,N/A,N/A,N/A,N/A,N/A,NOT_CALCULATED,N/A,LOW,STAGE_MAPPED_ONLY,LOW
112,관교동아,28177,인천,N/A,N/A,0,PRE_PROJECT,NO_OFFICIAL_RECORD,공식 정비사업 기록 없음(선별 후보),,,284.91828394000976,390,N/A,56.402307692307694,N/A,N/A,N/A,N/A,N/A,N/A,N/A,N/A,NOT_CALCULATED,N/A,N/A,N/A,UNKNOWN,N/A,N/A,N/A,N/A,N/A,N/A,N/A,NOT_CALCULATED,N/A,LOW,STAGE_MAPPED_ONLY,LOW
113,관교삼환1단지,28177,인천,N/A,N/A,0,PRE_PROJECT,NO_OFFICIAL_RECORD,공식 정비사업 기록 없음(선별 후보),,,263.0025212920132,352,N/A,71.5497159090909,N/A,N/A,N/A,N/A,N/A,N/A,N/A,N/A,NOT_CALCULATED,N/A,N/A,N/A,UNKNOWN,N/A,N/A,N/A,N/A,N/A,N/A,N/A,NOT_CALCULATED,N/A,LOW,STAGE_MAPPED_ONLY,LOW
114,관교삼환2차,28177,인천,N/A,N/A,0,PRE_PROJECT,NO_OFFICIAL_RECORD,공식 정비사업 기록 없음(선별 후보),,,249.8288027391562,410,N/A,45.732439024390246,N/A,N/A,N/A,N/A,N/A,N/A,N/A,N/A,NOT_CALCULATED,N/A,N/A,N/A,UNKNOWN,N/A,N/A,N/A,N/A,N/A,N/A,N/A,NOT_CALCULATED,N/A,LOW,STAGE_MAPPED_ONLY,LOW
115,관교성지아파트,28177,인천,N/A,N/A,0,PRE_PROJECT,NO_OFFICIAL_RECORD,공식 정비사업 기록 없음(선별 후보),,,231.9862021530477,420,N/A,45.69380952380953,N/A,N/A,N/A,N/A,N/A,N/A,N/A,N/A,NOT_CALCULATED,N/A,N/A,N/A,UNKNOWN,N/A,N/A,N/A,N/A,N/A,N/A,N/A,NOT_CALCULATED,N/A,LOW,STAGE_MAPPED_ONLY,LOW
117,관교풍림,28177,인천,N/A,N/A,0,PRE_PROJECT,NO_OFFICIAL_RECORD,공식 정비사업 기록 없음(선별 후보),,,248.60561454724873,300,N/A,64.85533333333333,N/A,N/A,N/A,N/A,N/A,N/A,N/A,N/A,NOT_CALCULATED,N/A,N/A,N/A,UNKNOWN,N/A,N/A,N/A,N/A,N/A,N/A,N/A,NOT_CALCULATED,N/A,LOW,STAGE_MAPPED_ONLY,LOW
557,광명12차,28237,인천,N/A,N/A,0,PRE_PROJECT,NO_OFFICIAL_RECORD,공식 정비사업 기록 없음(선별 후보),,,219.15352084312278,456,N/A,32.66885964912281,N/A,N/A,N/A,N/A,N/A,N/A,N/A,N/A,NOT_CALCULATED,N/A,N/A,N/A,UNKNOWN,N/A,N/A,N/A,N/A,N/A,N/A,N/A,NOT_CALCULATED,N/A,LOW,STAGE_MAPPED_ONLY,LOW
684,광명아파트,28245,인천,N/A,N/A,0,PRE_PROJECT,NO_OFFICIAL_RECORD,공식 정비사업 기록 없음(선별 후보),,,N/A,288,N/A,N/A,N/A,N/A,N/A,N/A,N/A,N/A,N/A,N/A,NOT_CALCULATED,N/A,N/A,N/A,UNKNOWN,N/A,N/A,N/A,N/A,N/A,N/A,N/A,NOT_CALCULATED,N/A,LOW,STAGE_MAPPED_ONLY,LOW
316,구월 팬더 아파트,28200,인천,N/A,N/A,0,PRE_PROJECT,NO_OFFICIAL_RECORD,공식 정비사업 기록 없음(선별 후보),,,325.7656841600767,946,N/A,30.878435517970402,N/A,N/A,N/A,N/A,N/A,N/A,N/A,N/A,NOT_CALCULATED,N/A,N/A,N/A,UNKNOWN,N/A,N/A,N/A,N/A,N/A,N/A,N/A,NOT_CALCULATED,N/A,LOW,STAGE_MAPPED_ONLY,LOW
315,구월동아아파트,28200,인천,N/A,N/A,0,PRE_PROJECT,NO_OFFICIAL_RECORD,공식 정비사업 기록 없음(선별 후보),,,364.1874681609781,486,N/A,36.351851851851855,N/A,N/A,N/A,N/A,N/A,N/A,N/A,N/A,NOT_CALCULATED,N/A,N/A,N/A,UNKNOWN,N/A,N/A,N/A,N/A,N/A,N/A,N/A,NOT_CALCULATED,N/A,LOW,STAGE_MAPPED_ONLY,LOW
296,구월성문아파트,28200,인천,N/A,N/A,0,PRE_PROJECT,NO_OFFICIAL_RECORD,공식 정비사업 기록 없음(선별 후보),,,281.39444726090716,103,N/A,32.556310679611656,N/A,N/A,N/A,N/A,N/A,N/A,N/A,N/A,NOT_CALCULATED,N/A,N/A,N/A,UNKNOWN,N/A,N/A,N/A,N/A,N/A,N/A,N/A,NOT_CALCULATED,N/A,LOW,STAGE_MAPPED_ONLY,LOW
655,기산아파트,28245,인천,N/A,N/A,0,PRE_PROJECT,NO_OFFICIAL_RECORD,공식 정비사업 기록 없음(선별 후보),,,N/A,142,N/A,N/A,N/A,N/A,N/A,N/A,N/A,N/A,N/A,N/A,NOT_CALCULATED,N/A,N/A,N/A,UNKNOWN,N/A,N/A,N/A,N/A,N/A,N/A,N/A,NOT_CALCULATED,N/A,LOW,STAGE_MAPPED_ONLY,LOW
460,논현한라,28200,인천,N/A,N/A,0,PRE_PROJECT,NO_OFFICIAL_RECORD,공식 정비사업 기록 없음(선별 후보),,,401.72914032869784,288,N/A,21.97222222222222,N/A,N/A,N/A,N/A,N/A,N/A,N/A,N/A,NOT_CALCULATED,N/A,N/A,N/A,UNKNOWN,N/A,N/A,N/A,N/A,N/A,N/A,N/A,NOT_CALCULATED,N/A,LOW,STAGE_MAPPED_ONLY,LOW
708,뉴서울1차아파트,28245,인천,N/A,N/A,0,PRE_PROJECT,NO_OFFICIAL_RECORD,공식 정비사업 기록 없음(선별 후보),,,301.5691967371768,791,N/A,18.288242730720608,N/A,N/A,N/A,N/A,N/A,N/A,N/A,N/A,NOT_CALCULATED,N/A,N/A,N/A,UNKNOWN,N/A,N/A,N/A,N/A,N/A,N/A,N/A,NOT_CALCULATED,N/A,LOW,STAGE_MAPPED_ONLY,LOW
516,뉴서울산곡1차아파트,28237,인천,N/A,N/A,0,PRE_PROJECT,NO_OFFICIAL_RECORD,공식 정비사업 기록 없음(선별 후보),,,414.1396975692482,565,N/A,25.04778761061947,N/A,N/A,N/A,N/A,N/A,N/A,N/A,N/A,NOT_CALCULATED,N/A,N/A,N/A,UNKNOWN,N/A,N/A,N/A,N/A,N/A,N/A,N/A,NOT_CALCULATED,N/A,LOW,STAGE_MAPPED_ONLY,LOW
805,뉴월드아파트,28125,인천,N/A,N/A,0,PRE_PROJECT,NO_OFFICIAL_RECORD,공식 정비사업 기록 없음(선별 후보),,,N/A,165,N/A,N/A,N/A,N/A,N/A,N/A,N/A,N/A,N/A,N/A,NOT_CALCULATED,N/A,N/A,N/A,UNKNOWN,N/A,N/A,N/A,N/A,N/A,N/A,N/A,NOT_CALCULATED,N/A,LOW,STAGE_MAPPED_ONLY,LOW
216,대동,28185,인천,N/A,N/A,0,PRE_PROJECT,NO_OFFICIAL_RECORD,공식 정비사업 기록 없음(선별 후보),,,122.39138041739,336,N/A,87.60505952380952,N/A,N/A,N/A,N/A,N/A,N/A,N/A,N/A,NOT_CALCULATED,N/A,N/A,N/A,UNKNOWN,N/A,N/A,N/A,N/A,N/A,N/A,N/A,NOT_CALCULATED,N/A,LOW,STAGE_MAPPED_ONLY,LOW
617,대동(494-1),28237,인천,N/A,N/A,0,PRE_PROJECT,NO_OFFICIAL_RECORD,공식 정비사업 기록 없음(선별 후보),,,286.07321323884236,686,N/A,36.55204081632653,N/A,N/A,N/A,N/A,N/A,N/A,N/A,N/A,NOT_CALCULATED,N/A,N/A,N/A,UNKNOWN,N/A,N/A,N/A,N/A,N/A,N/A,N/A,NOT_CALCULATED,N/A,LOW,STAGE_MAPPED_ONLY,LOW
349,대동아파트,28200,인천,N/A,N/A,0,PRE_PROJECT,NO_OFFICIAL_RECORD,공식 정비사업 기록 없음(선별 후보),,,N/A,276,N/A,N/A,N/A,N/A,N/A,N/A,N/A,N/A,N/A,N/A,NOT_CALCULATED,N/A,N/A,N/A,UNKNOWN,N/A,N/A,N/A,N/A,N/A,N/A,N/A,NOT_CALCULATED,N/A,LOW,STAGE_MAPPED_ONLY,LOW
201,대림3차아파트,28185,인천,N/A,N/A,0,PRE_PROJECT,NO_OFFICIAL_RECORD,공식 정비사업 기록 없음(선별 후보),,,151.6816390252732,408,N/A,54.16299019607843,N/A,N/A,N/A,N/A,N/A,N/A,N/A,N/A,NOT_CALCULATED,N/A,N/A,N/A,UNKNOWN,N/A,N/A,N/A,N/A,N/A,N/A,N/A,NOT_CALCULATED,N/A,LOW,STAGE_MAPPED_ONLY,LOW
698,도두리동보아파트,28245,인천,N/A,N/A,0,PRE_PROJECT,NO_OFFICIAL_RECORD,공식 정비사업 기록 없음(선별 후보),,,223.8048918246489,1276,N/A,27.750862068965517,N/A,N/A,N/A,N/A,N/A,N/A,N/A,N/A,NOT_CALCULATED,N/A,N/A,N/A,UNKNOWN,N/A,N/A,N/A,N/A,N/A,N/A,N/A,NOT_CALCULATED,N/A,LOW,STAGE_MAPPED_ONLY,LOW
76,도화 나산 아파트,28177,인천,N/A,N/A,0,PRE_PROJECT,NO_OFFICIAL_RECORD,공식 정비사업 기록 없음(선별 후보),,,N/A,211,N/A,N/A,N/A,N/A,N/A,N/A,N/A,N/A,N/A,N/A,NOT_CALCULATED,N/A,N/A,N/A,UNKNOWN,N/A,N/A,N/A,N/A,N/A,N/A,N/A,NOT_CALCULATED,N/A,LOW,STAGE_MAPPED_ONLY,LOW
78,도화 동원 아파트,28177,인천,N/A,N/A,0,PRE_PROJECT,NO_OFFICIAL_RECORD,공식 정비사업 기록 없음(선별 후보),,,N/A,375,N/A,N/A,N/A,N/A,N/A,N/A,N/A,N/A,N/A,N/A,NOT_CALCULATED,N/A,N/A,N/A,UNKNOWN,N/A,N/A,N/A,N/A,N/A,N/A,N/A,NOT_CALCULATED,N/A,LOW,STAGE_MAPPED_ONLY,LOW
300,동남아파트,28200,인천,N/A,N/A,0,PRE_PROJECT,NO_OFFICIAL_RECORD,공식 정비사업 기록 없음(선별 후보),,,200.86592581902153,168,N/A,41.24404761904762,N/A,N/A,N/A,N/A,N/A,N/A,N/A,N/A,NOT_CALCULATED,N/A,N/A,N/A,UNKNOWN,N/A,N/A,N/A,N/A,N/A,N/A,N/A,NOT_CALCULATED,N/A,LOW,STAGE_MAPPED_ONLY,LOW
552,동남아파트,28237,인천,N/A,N/A,0,PRE_PROJECT,NO_OFFICIAL_RECORD,공식 정비사업 기록 없음(선별 후보),,,N/A,138,N/A,N/A,N/A,N/A,N/A,N/A,N/A,N/A,N/A,N/A,NOT_CALCULATED,N/A,N/A,N/A,UNKNOWN,N/A,N/A,N/A,N/A,N/A,N/A,N/A,NOT_CALCULATED,N/A,LOW,STAGE_MAPPED_ONLY,LOW
775,동부아파트,28125,인천,N/A,N/A,0,PRE_PROJECT,NO_OFFICIAL_RECORD,공식 정비사업 기록 없음(선별 후보),,,N/A,1140,N/A,N/A,N/A,N/A,N/A,N/A,N/A,N/A,N/A,N/A,NOT_CALCULATED,N/A,N/A,N/A,UNKNOWN,N/A,N/A,N/A,N/A,N/A,N/A,N/A,NOT_CALCULATED,N/A,LOW,STAGE_MAPPED_ONLY,LOW
77,동아,28177,인천,N/A,N/A,0,PRE_PROJECT,NO_OFFICIAL_RECORD,공식 정비사업 기록 없음(선별 후보),,,347.29909528047585,496,N/A,31.488104838709678,N/A,N/A,N/A,N/A,N/A,N/A,N/A,N/A,NOT_CALCULATED,N/A,N/A,N/A,UNKNOWN,N/A,N/A,N/A,N/A,N/A,N/A,N/A,NOT_CALCULATED,N/A,LOW,STAGE_MAPPED_ONLY,LOW
210,동아금호연수타운,28185,인천,N/A,N/A,0,PRE_PROJECT,NO_OFFICIAL_RECORD,공식 정비사업 기록 없음(선별 후보),,,141.01153228024202,1056,N/A,90.56429924242424,N/A,N/A,N/A,N/A,N/A,N/A,N/A,N/A,NOT_CALCULATED,N/A,N/A,N/A,UNKNOWN,N/A,N/A,N/A,N/A,N/A,N/A,N/A,NOT_CALCULATED,N/A,LOW,STAGE_MAPPED_ONLY,LOW
536,동양아파트,28237,인천,N/A,N/A,0,PRE_PROJECT,NO_OFFICIAL_RECORD,공식 정비사업 기록 없음(선별 후보),,,141.3570896767734,200,N/A,38.951,N/A,N/A,N/A,N/A,N/A,N/A,N/A,N/A,NOT_CALCULATED,N/A,N/A,N/A,UNKNOWN,N/A,N/A,N/A,N/A,N/A,N/A,N/A,NOT_CALCULATED,N/A,LOW,STAGE_MAPPED_ONLY,LOW
911,동우1차아파트,28275,인천,N/A,N/A,0,PRE_PROJECT,NO_OFFICIAL_RECORD,공식 정비사업 기록 없음(선별 후보),,,N/A,474,N/A,N/A,N/A,N/A,N/A,N/A,N/A,N/A,N/A,N/A,NOT_CALCULATED,N/A,N/A,N/A,UNKNOWN,N/A,N/A,N/A,N/A,N/A,N/A,N/A,NOT_CALCULATED,N/A,LOW,STAGE_MAPPED_ONLY,LOW
528,동원6차,28237,인천,N/A,N/A,0,PRE_PROJECT,NO_OFFICIAL_RECORD,공식 정비사업 기록 없음(선별 후보),,,250.1526561458102,348,N/A,25.85632183908046,N/A,N/A,N/A,N/A,N/A,N/A,N/A,N/A,NOT_CALCULATED,N/A,N/A,N/A,UNKNOWN,N/A,N/A,N/A,N/A,N/A,N/A,N/A,NOT_CALCULATED,N/A,LOW,STAGE_MAPPED_ONLY,LOW
203,동춘 무지개마을아파트,28185,인천,N/A,N/A,0,PRE_PROJECT,NO_OFFICIAL_RECORD,공식 정비사업 기록 없음(선별 후보),,,125.74188607971021,1068,N/A,66.1807116104869,N/A,N/A,N/A,N/A,N/A,N/A,N/A,N/A,NOT_CALCULATED,N/A,N/A,N/A,UNKNOWN,N/A,N/A,N/A,N/A,N/A,N/A,N/A,NOT_CALCULATED,N/A,LOW,STAGE_MAPPED_ONLY,LOW
215,동춘 태평1차아파트,28185,인천,N/A,N/A,0,PRE_PROJECT,NO_OFFICIAL_RECORD,공식 정비사업 기록 없음(선별 후보),,,133.64628042750363,192,N/A,103.75156249999999,N/A,N/A,N/A,N/A,N/A,N/A,N/A,N/A,NOT_CALCULATED,N/A,N/A,N/A,UNKNOWN,N/A,N/A,N/A,N/A,N/A,N/A,N/A,NOT_CALCULATED,N/A,LOW,STAGE_MAPPED_ONLY,LOW
205,동춘마을아파트,28185,인천,N/A,N/A,0,PRE_PROJECT,NO_OFFICIAL_RECORD,공식 정비사업 기록 없음(선별 후보),,,116.10443986772103,930,N/A,69.64752688172042,N/A,N/A,N/A,N/A,N/A,N/A,N/A,N/A,NOT_CALCULATED,N/A,N/A,N/A,UNKNOWN,N/A,N/A,N/A,N/A,N/A,N/A,N/A,NOT_CALCULATED,N/A,LOW,STAGE_MAPPED_ONLY,LOW
202,동춘태평2차 아파트,28185,인천,N/A,N/A,0,PRE_PROJECT,NO_OFFICIAL_RECORD,공식 정비사업 기록 없음(선별 후보),,,414.56594486446295,198,N/A,28.52474747474747,N/A,N/A,N/A,N/A,N/A,N/A,N/A,N/A,NOT_CALCULATED,N/A,N/A,N/A,UNKNOWN,N/A,N/A,N/A,N/A,N/A,N/A,N/A,NOT_CALCULATED,N/A,LOW,STAGE_MAPPED_ONLY,LOW
206,동춘풍림2차아파트,28185,인천,N/A,N/A,0,PRE_PROJECT,NO_OFFICIAL_RECORD,공식 정비사업 기록 없음(선별 후보),,,107.458370641011,1200,N/A,69.33708333333334,N/A,N/A,N/A,N/A,N/A,N/A,N/A,N/A,NOT_CALCULATED,N/A,N/A,N/A,UNKNOWN,N/A,N/A,N/A,N/A,N/A,N/A,N/A,NOT_CALCULATED,N/A,LOW,STAGE_MAPPED_ONLY,LOW
212,롯데아파트,28185,인천,N/A,N/A,0,PRE_PROJECT,NO_OFFICIAL_RECORD,공식 정비사업 기록 없음(선별 후보),,,137.28039147354357,320,N/A,107.60625,N/A,N/A,N/A,N/A,N/A,N/A,N/A,N/A,NOT_CALCULATED,N/A,N/A,N/A,UNKNOWN,N/A,N/A,N/A,N/A,N/A,N/A,N/A,NOT_CALCULATED,N/A,LOW,STAGE_MAPPED_ONLY,LOW
368,만수 광명14차 아파트,28200,인천,N/A,N/A,0,PRE_PROJECT,NO_OFFICIAL_RECORD,공식 정비사업 기록 없음(선별 후보),,,296.974544631034,870,N/A,36.54356321839081,N/A,N/A,N/A,N/A,N/A,N/A,N/A,N/A,NOT_CALCULATED,N/A,N/A,N/A,UNKNOWN,N/A,N/A,N/A,N/A,N/A,N/A,N/A,NOT_CALCULATED,N/A,LOW,STAGE_MAPPED_ONLY,LOW
369,만수 금호타운 아파트,28200,인천,N/A,N/A,0,PRE_PROJECT,NO_OFFICIAL_RECORD,공식 정비사업 기록 없음(선별 후보),,,253.70328144109783,414,N/A,58.26207729468599,N/A,N/A,N/A,N/A,N/A,N/A,N/A,N/A,NOT_CALCULATED,N/A,N/A,N/A,UNKNOWN,N/A,N/A,N/A,N/A,N/A,N/A,N/A,NOT_CALCULATED,N/A,LOW,STAGE_MAPPED_ONLY,LOW
374,만수 남동 아파트,28200,인천,N/A,N/A,0,PRE_PROJECT,NO_OFFICIAL_RECORD,공식 정비사업 기록 없음(선별 후보),,,242.31062484732288,770,N/A,35.08805194805195,N/A,N/A,N/A,N/A,N/A,N/A,N/A,N/A,NOT_CALCULATED,N/A,N/A,N/A,UNKNOWN,N/A,N/A,N/A,N/A,N/A,N/A,N/A,NOT_CALCULATED,N/A,LOW,STAGE_MAPPED_ONLY,LOW
370,만수 뉴서울 아파트,28200,인천,N/A,N/A,0,PRE_PROJECT,NO_OFFICIAL_RECORD,공식 정비사업 기록 없음(선별 후보),,,217.1506705941062,1234,N/A,18.350162074554294,N/A,N/A,N/A,N/A,N/A,N/A,N/A,N/A,NOT_CALCULATED,N/A,N/A,N/A,UNKNOWN,N/A,N/A,N/A,N/A,N/A,N/A,N/A,NOT_CALCULATED,N/A,LOW,STAGE_MAPPED_ONLY,LOW
371,만수 담방마을 아파트,28200,인천,N/A,N/A,0,PRE_PROJECT,NO_OFFICIAL_RECORD,공식 정비사업 기록 없음(선별 후보),,,269.7406167715445,1100,N/A,20.37,N/A,N/A,N/A,N/A,N/A,N/A,N/A,N/A,NOT_CALCULATED,N/A,N/A,N/A,UNKNOWN,N/A,N/A,N/A,N/A,N/A,N/A,N/A,NOT_CALCULATED,N/A,LOW,STAGE_MAPPED_ONLY,LOW
372,만수 대동 아파트,28200,인천,N/A,N/A,0,PRE_PROJECT,NO_OFFICIAL_RECORD,공식 정비사업 기록 없음(선별 후보),,,272.6078745737955,560,N/A,41.32196428571429,N/A,N/A,N/A,N/A,N/A,N/A,N/A,N/A,NOT_CALCULATED,N/A,N/A,N/A,UNKNOWN,N/A,N/A,N/A,N/A,N/A,N/A,N/A,NOT_CALCULATED,N/A,LOW,STAGE_MAPPED_ONLY,LOW
373,만수 삼익세라믹 아파트,28200,인천,N/A,N/A,0,PRE_PROJECT,NO_OFFICIAL_RECORD,공식 정비사업 기록 없음(선별 후보),,,348.21709641416015,256,N/A,54.5984375,N/A,N/A,N/A,N/A,N/A,N/A,N/A,N/A,NOT_CALCULATED,N/A,N/A,N/A,UNKNOWN,N/A,N/A,N/A,N/A,N/A,N/A,N/A,NOT_CALCULATED,N/A,LOW,STAGE_MAPPED_ONLY,LOW
359,만수 삼환1차 아파트,28200,인천,N/A,N/A,0,PRE_PROJECT,NO_OFFICIAL_RECORD,공식 정비사업 기록 없음(선별 후보),,,207.40802853173093,660,N/A,34.24151515151515,N/A,N/A,N/A,N/A,N/A,N/A,N/A,N/A,NOT_CALCULATED,N/A,N/A,N/A,UNKNOWN,N/A,N/A,N/A,N/A,N/A,N/A,N/A,NOT_CALCULATED,N/A,LOW,STAGE_MAPPED_ONLY,LOW
364,만수 신대동 아파트,28200,인천,N/A,N/A,0,PRE_PROJECT,NO_OFFICIAL_RECORD,공식 정비사업 기록 없음(선별 후보),,,208.5621887329409,432,N/A,35.789351851851855,N/A,N/A,N/A,N/A,N/A,N/A,N/A,N/A,NOT_CALCULATED,N/A,N/A,N/A,UNKNOWN,N/A,N/A,N/A,N/A,N/A,N/A,N/A,NOT_CALCULATED,N/A,LOW,STAGE_MAPPED_ONLY,LOW
389,만수 신동아 아파트,28200,인천,N/A,N/A,0,PRE_PROJECT,NO_OFFICIAL_RECORD,공식 정비사업 기록 없음(선별 후보),,,239.41947648624668,750,N/A,42.074666666666666,N/A,N/A,N/A,N/A,N/A,N/A,N/A,N/A,NOT_CALCULATED,N/A,N/A,N/A,UNKNOWN,N/A,N/A,N/A,N/A,N/A,N/A,N/A,NOT_CALCULATED,N/A,LOW,STAGE_MAPPED_ONLY,LOW
385,만수 주공4단지 아파트,28200,인천,N/A,N/A,0,PRE_PROJECT,NO_OFFICIAL_RECORD,공식 정비사업 기록 없음(선별 후보),,,147.26096170617183,2220,N/A,49.48225225225225,N/A,N/A,N/A,N/A,N/A,N/A,N/A,N/A,NOT_CALCULATED,N/A,N/A,N/A,UNKNOWN,N/A,N/A,N/A,N/A,N/A,N/A,N/A,NOT_CALCULATED,N/A,LOW,STAGE_MAPPED_ONLY,LOW
382,만수 주공6단지 아파트,28200,인천,N/A,N/A,0,PRE_PROJECT,NO_OFFICIAL_RECORD,공식 정비사업 기록 없음(선별 후보),,,104.39691708530381,800,N/A,45.83325,N/A,N/A,N/A,N/A,N/A,N/A,N/A,N/A,NOT_CALCULATED,N/A,N/A,N/A,UNKNOWN,N/A,N/A,N/A,N/A,N/A,N/A,N/A,NOT_CALCULATED,N/A,LOW,STAGE_MAPPED_ONLY,LOW
376,만수 진흥 아파트,28200,인천,N/A,N/A,0,PRE_PROJECT,NO_OFFICIAL_RECORD,공식 정비사업 기록 없음(선별 후보),,,173.8732190896892,300,N/A,51.916333333333334,N/A,N/A,N/A,N/A,N/A,N/A,N/A,N/A,NOT_CALCULATED,N/A,N/A,N/A,UNKNOWN,N/A,N/A,N/A,N/A,N/A,N/A,N/A,NOT_CALCULATED,N/A,LOW,STAGE_MAPPED_ONLY,LOW
377,만수 한국 아파트,28200,인천,N/A,N/A,0,PRE_PROJECT,NO_OFFICIAL_RECORD,공식 정비사업 기록 없음(선별 후보),,,318.6365628098983,608,N/A,35.65871710526316,N/A,N/A,N/A,N/A,N/A,N/A,N/A,N/A,NOT_CALCULATED,N/A,N/A,N/A,UNKNOWN,N/A,N/A,N/A,N/A,N/A,N/A,N/A,NOT_CALCULATED,N/A,LOW,STAGE_MAPPED_ONLY,LOW
378,만수 현대 아파트,28200,인천,N/A,N/A,0,PRE_PROJECT,NO_OFFICIAL_RECORD,공식 정비사업 기록 없음(선별 후보),,,318.9372995509942,560,N/A,55.67857142857143,N/A,N/A,N/A,N/A,N/A,N/A,N/A,N/A,NOT_CALCULATED,N/A,N/A,N/A,UNKNOWN,N/A,N/A,N/A,N/A,N/A,N/A,N/A,NOT_CALCULATED,N/A,LOW,STAGE_MAPPED_ONLY,LOW
367,만수 효성 상아 아파트,28200,인천,N/A,N/A,0,PRE_PROJECT,NO_OFFICIAL_RECORD,공식 정비사업 기록 없음(선별 후보),,,N/A,720,N/A,N/A,N/A,N/A,N/A,N/A,N/A,N/A,N/A,N/A,NOT_CALCULATED,N/A,N/A,N/A,UNKNOWN,N/A,N/A,N/A,N/A,N/A,N/A,N/A,NOT_CALCULATED,N/A,LOW,STAGE_MAPPED_ONLY,LOW
350,만수동동남아파트,28200,인천,N/A,N/A,0,PRE_PROJECT,NO_OFFICIAL_RECORD,공식 정비사업 기록 없음(선별 후보),,,183.53271955455094,110,N/A,49.47,N/A,N/A,N/A,N/A,N/A,N/A,N/A,N/A,NOT_CALCULATED,N/A,N/A,N/A,UNKNOWN,N/A,N/A,N/A,N/A,N/A,N/A,N/A,NOT_CALCULATED,N/A,LOW,STAGE_MAPPED_ONLY,LOW
360,만수삼환2단지아파트,28200,인천,N/A,N/A,0,PRE_PROJECT,NO_OFFICIAL_RECORD,공식 정비사업 기록 없음(선별 후보),,,229.84970354323556,660,N/A,30.844090909090905,N/A,N/A,N/A,N/A,N/A,N/A,N/A,N/A,NOT_CALCULATED,N/A,N/A,N/A,UNKNOWN,N/A,N/A,N/A,N/A,N/A,N/A,N/A,NOT_CALCULATED,N/A,LOW,STAGE_MAPPED_ONLY,LOW
352,만수신한5차아파트,28200,인천,N/A,N/A,0,PRE_PROJECT,NO_OFFICIAL_RECORD,공식 정비사업 기록 없음(선별 후보),,,220.45783270584383,132,N/A,46.28030303030303,N/A,N/A,N/A,N/A,N/A,N/A,N/A,N/A,NOT_CALCULATED,N/A,N/A,N/A,UNKNOWN,N/A,N/A,N/A,N/A,N/A,N/A,N/A,NOT_CALCULATED,N/A,LOW,STAGE_MAPPED_ONLY,LOW
387,만수주공10단지아파트,28200,인천,N/A,N/A,0,PRE_PROJECT,NO_OFFICIAL_RECORD,공식 정비사업 기록 없음(선별 후보),,,99.77764799962836,420,N/A,71.75452380952382,N/A,N/A,N/A,N/A,N/A,N/A,N/A,N/A,NOT_CALCULATED,N/A,N/A,N/A,UNKNOWN,N/A,N/A,N/A,N/A,N/A,N/A,N/A,NOT_CALCULATED,N/A,LOW,STAGE_MAPPED_ONLY,LOW
381,만수주공1단지,28200,인천,N/A,N/A,0,PRE_PROJECT,NO_OFFICIAL_RECORD,공식 정비사업 기록 없음(선별 후보),,,19.741228884642116,516,N/A,247.33779069767442,N/A,N/A,N/A,N/A,N/A,N/A,N/A,N/A,NOT_CALCULATED,N/A,N/A,N/A,UNKNOWN,N/A,N/A,N/A,N/A,N/A,N/A,N/A,NOT_CALCULATED,N/A,LOW,STAGE_MAPPED_ONLY,LOW
380,만수주공3단지 아파트,28200,인천,N/A,N/A,0,PRE_PROJECT,NO_OFFICIAL_RECORD,공식 정비사업 기록 없음(선별 후보),,,78.93899894468512,510,N/A,81.38078431372548,N/A,N/A,N/A,N/A,N/A,N/A,N/A,N/A,NOT_CALCULATED,N/A,N/A,N/A,UNKNOWN,N/A,N/A,N/A,N/A,N/A,N/A,N/A,NOT_CALCULATED,N/A,LOW,STAGE_MAPPED_ONLY,LOW
383,만수주공5단지,28200,인천,N/A,N/A,0,PRE_PROJECT,NO_OFFICIAL_RECORD,공식 정비사업 기록 없음(선별 후보),,,147.12285520131377,900,N/A,39.242222222222225,N/A,N/A,N/A,N/A,N/A,N/A,N/A,N/A,NOT_CALCULATED,N/A,N/A,N/A,UNKNOWN,N/A,N/A,N/A,N/A,N/A,N/A,N/A,NOT_CALCULATED,N/A,LOW,STAGE_MAPPED_ONLY,LOW
379,만수주공8단지아파트,28200,인천,N/A,N/A,0,PRE_PROJECT,NO_OFFICIAL_RECORD,공식 정비사업 기록 없음(선별 후보),,,81.42509830474106,1440,N/A,57.53791666666667,N/A,N/A,N/A,N/A,N/A,N/A,N/A,N/A,NOT_CALCULATED,N/A,N/A,N/A,UNKNOWN,N/A,N/A,N/A,N/A,N/A,N/A,N/A,NOT_CALCULATED,N/A,LOW,STAGE_MAPPED_ONLY,LOW
1008,목화아파트,28290,인천,N/A,N/A,0,PRE_PROJECT,NO_OFFICIAL_RECORD,공식 정비사업 기록 없음(선별 후보),,,N/A,300,N/A,N/A,N/A,N/A,N/A,N/A,N/A,N/A,N/A,N/A,NOT_CALCULATED,N/A,N/A,N/A,UNKNOWN,N/A,N/A,N/A,N/A,N/A,N/A,N/A,NOT_CALCULATED,N/A,LOW,STAGE_MAPPED_ONLY,LOW
463,미도 4차 아파트,28237,인천,N/A,N/A,0,PRE_PROJECT,NO_OFFICIAL_RECORD,공식 정비사업 기록 없음(선별 후보),,,185.68225706149966,140,N/A,43.64714285714286,N/A,N/A,N/A,N/A,N/A,N/A,N/A,N/A,NOT_CALCULATED,N/A,N/A,N/A,UNKNOWN,N/A,N/A,N/A,N/A,N/A,N/A,N/A,NOT_CALCULATED,N/A,LOW,STAGE_MAPPED_ONLY,LOW
537,미도6차아파트,28237,인천,N/A,N/A,0,PRE_PROJECT,NO_OFFICIAL_RECORD,공식 정비사업 기록 없음(선별 후보),,,224.79939439818318,222,N/A,29.75225225225225,N/A,N/A,N/A,N/A,N/A,N/A,N/A,N/A,NOT_CALCULATED,N/A,N/A,N/A,UNKNOWN,N/A,N/A,N/A,N/A,N/A,N/A,N/A,NOT_CALCULATED,N/A,LOW,STAGE_MAPPED_ONLY,LOW
549,미도7,28237,인천,N/A,N/A,0,PRE_PROJECT,NO_OFFICIAL_RECORD,공식 정비사업 기록 없음(선별 후보),,,229.5012950705094,384,N/A,31.670572916666668,N/A,N/A,N/A,N/A,N/A,N/A,N/A,N/A,NOT_CALCULATED,N/A,N/A,N/A,UNKNOWN,N/A,N/A,N/A,N/A,N/A,N/A,N/A,NOT_CALCULATED,N/A,LOW,STAGE_MAPPED_ONLY,LOW
624,미도아파트,28245,인천,N/A,N/A,0,PRE_PROJECT,NO_OFFICIAL_RECORD,공식 정비사업 기록 없음(선별 후보),,,N/A,205,N/A,N/A,N/A,N/A,N/A,N/A,N/A,N/A,N/A,N/A,NOT_CALCULATED,N/A,N/A,N/A,UNKNOWN,N/A,N/A,N/A,N/A,N/A,N/A,N/A,NOT_CALCULATED,N/A,LOW,STAGE_MAPPED_ONLY,LOW
769,미륭,28125,인천,N/A,N/A,0,PRE_PROJECT,NO_OFFICIAL_RECORD,공식 정비사업 기록 없음(선별 후보),,,N/A,560,N/A,N/A,N/A,N/A,N/A,N/A,N/A,N/A,N/A,N/A,NOT_CALCULATED,N/A,N/A,N/A,UNKNOWN,N/A,N/A,N/A,N/A,N/A,N/A,N/A,NOT_CALCULATED,N/A,LOW,STAGE_MAPPED_ONLY,LOW
738,박촌아주아파트,28245,인천,N/A,N/A,0,PRE_PROJECT,NO_OFFICIAL_RECORD,공식 정비사업 기록 없음(선별 후보),,,360.3882770207206,480,N/A,22.320833333333333,N/A,N/A,N/A,N/A,N/A,N/A,N/A,N/A,NOT_CALCULATED,N/A,N/A,N/A,UNKNOWN,N/A,N/A,N/A,N/A,N/A,N/A,N/A,NOT_CALCULATED,N/A,LOW,STAGE_MAPPED_ONLY,LOW
121,벽산빌리지,28185,인천,N/A,N/A,0,PRE_PROJECT,NO_OFFICIAL_RECORD,공식 정비사업 기록 없음(선별 후보),,,77.24550898203593,237,N/A,109.21940928270043,N/A,N/A,N/A,N/A,N/A,N/A,N/A,N/A,NOT_CALCULATED,N/A,N/A,N/A,UNKNOWN,N/A,N/A,N/A,N/A,N/A,N/A,N/A,NOT_CALCULATED,N/A,LOW,STAGE_MAPPED_ONLY,LOW
729,병방아주아파트,28245,인천,N/A,N/A,0,PRE_PROJECT,NO_OFFICIAL_RECORD,공식 정비사업 기록 없음(선별 후보),,,196.7473759381274,468,N/A,31.716666666666665,N/A,N/A,N/A,N/A,N/A,N/A,N/A,N/A,NOT_CALCULATED,N/A,N/A,N/A,UNKNOWN,N/A,N/A,N/A,N/A,N/A,N/A,N/A,NOT_CALCULATED,N/A,LOW,STAGE_MAPPED_ONLY,LOW
603,부개 뉴서울 아파트,28237,인천,N/A,N/A,0,PRE_PROJECT,NO_OFFICIAL_RECORD,공식 정비사업 기록 없음(선별 후보),,,N/A,1140,N/A,N/A,N/A,N/A,N/A,N/A,N/A,N/A,N/A,N/A,NOT_CALCULATED,N/A,N/A,N/A,UNKNOWN,N/A,N/A,N/A,N/A,N/A,N/A,N/A,NOT_CALCULATED,N/A,LOW,STAGE_MAPPED_ONLY,LOW
614,부개 동아 아파트,28237,인천,N/A,N/A,0,PRE_PROJECT,NO_OFFICIAL_RECORD,공식 정비사업 기록 없음(선별 후보),,,195.04606554901073,384,N/A,31.0359375,N/A,N/A,N/A,N/A,N/A,N/A,N/A,N/A,NOT_CALCULATED,N/A,N/A,N/A,UNKNOWN,N/A,N/A,N/A,N/A,N/A,N/A,N/A,NOT_CALCULATED,N/A,LOW,STAGE_MAPPED_ONLY,LOW
601,부개 성일 아파트,28237,인천,N/A,N/A,0,PRE_PROJECT,NO_OFFICIAL_RECORD,공식 정비사업 기록 없음(선별 후보),,,218.9178232636304,415,N/A,32.691807228915664,N/A,N/A,N/A,N/A,N/A,N/A,N/A,N/A,NOT_CALCULATED,N/A,N/A,N/A,UNKNOWN,N/A,N/A,N/A,N/A,N/A,N/A,N/A,NOT_CALCULATED,N/A,LOW,STAGE_MAPPED_ONLY,LOW
615,부개 욱일 아파트,28237,인천,N/A,N/A,0,PRE_PROJECT,NO_OFFICIAL_RECORD,공식 정비사업 기록 없음(선별 후보),,,226.0255248125926,468,N/A,29.701282051282053,N/A,N/A,N/A,N/A,N/A,N/A,N/A,N/A,NOT_CALCULATED,N/A,N/A,N/A,UNKNOWN,N/A,N/A,N/A,N/A,N/A,N/A,N/A,NOT_CALCULATED,N/A,LOW,STAGE_MAPPED_ONLY,LOW
611,부개 주공1단지 아파트,28237,인천,N/A,N/A,0,PRE_PROJECT,NO_OFFICIAL_RECORD,공식 정비사업 기록 없음(선별 후보),,,155.22534317252243,1044,N/A,43.53534482758621,N/A,N/A,N/A,N/A,N/A,N/A,N/A,N/A,NOT_CALCULATED,N/A,N/A,N/A,UNKNOWN,N/A,N/A,N/A,N/A,N/A,N/A,N/A,NOT_CALCULATED,N/A,LOW,STAGE_MAPPED_ONLY,LOW
613,부개 현대 직장조합 아파트,28237,인천,N/A,N/A,0,PRE_PROJECT,NO_OFFICIAL_RECORD,공식 정비사업 기록 없음(선별 후보),,,N/A,184,N/A,N/A,N/A,N/A,N/A,N/A,N/A,N/A,N/A,N/A,NOT_CALCULATED,N/A,N/A,N/A,UNKNOWN,N/A,N/A,N/A,N/A,N/A,N/A,N/A,NOT_CALCULATED,N/A,LOW,STAGE_MAPPED_ONLY,LOW
616,부개대동아파트,28237,인천,N/A,N/A,0,PRE_PROJECT,NO_OFFICIAL_RECORD,공식 정비사업 기록 없음(선별 후보),,,N/A,708,N/A,N/A,N/A,N/A,N/A,N/A,N/A,N/A,N/A,N/A,NOT_CALCULATED,N/A,N/A,N/A,UNKNOWN,N/A,N/A,N/A,N/A,N/A,N/A,N/A,NOT_CALCULATED,N/A,LOW,STAGE_MAPPED_ONLY,LOW
594,부개대진 아파트,28237,인천,N/A,N/A,0,PRE_PROJECT,NO_OFFICIAL_RECORD,공식 정비사업 기록 없음(선별 후보),,,202.78707689037674,258,N/A,29.176744186046513,N/A,N/A,N/A,N/A,N/A,N/A,N/A,N/A,NOT_CALCULATED,N/A,N/A,N/A,UNKNOWN,N/A,N/A,N/A,N/A,N/A,N/A,N/A,NOT_CALCULATED,N/A,LOW,STAGE_MAPPED_ONLY,LOW
607,부개주공3단지아파트,28237,인천,N/A,N/A,0,PRE_PROJECT,NO_OFFICIAL_RECORD,공식 정비사업 기록 없음(선별 후보),,,200.79713262957958,1724,N/A,31.759860788863108,N/A,N/A,N/A,N/A,N/A,N/A,N/A,N/A,NOT_CALCULATED,N/A,N/A,N/A,UNKNOWN,N/A,N/A,N/A,N/A,N/A,N/A,N/A,NOT_CALCULATED,N/A,LOW,STAGE_MAPPED_ONLY,LOW
522,부평 경남1차 아파트,28237,인천,N/A,N/A,0,PRE_PROJECT,NO_OFFICIAL_RECORD,공식 정비사업 기록 없음(선별 후보),,,297.579594017094,810,N/A,41.6,N/A,N/A,N/A,N/A,N/A,N/A,N/A,N/A,NOT_CALCULATED,N/A,N/A,N/A,UNKNOWN,N/A,N/A,N/A,N/A,N/A,N/A,N/A,NOT_CALCULATED,N/A,LOW,STAGE_MAPPED_ONLY,LOW
523,부평 경남2차 아파트,28237,인천,N/A,N/A,0,PRE_PROJECT,NO_OFFICIAL_RECORD,공식 정비사업 기록 없음(선별 후보),,,311.1782648146856,690,N/A,41.527536231884056,N/A,N/A,N/A,N/A,N/A,N/A,N/A,N/A,NOT_CALCULATED,N/A,N/A,N/A,UNKNOWN,N/A,N/A,N/A,N/A,N/A,N/A,N/A,NOT_CALCULATED,N/A,LOW,STAGE_MAPPED_ONLY,LOW
484,부평 대림 아파트,28237,인천,N/A,N/A,0,PRE_PROJECT,NO_OFFICIAL_RECORD,공식 정비사업 기록 없음(선별 후보),,,N/A,1470,N/A,N/A,N/A,N/A,N/A,N/A,N/A,N/A,N/A,N/A,NOT_CALCULATED,N/A,N/A,N/A,UNKNOWN,N/A,N/A,N/A,N/A,N/A,N/A,N/A,NOT_CALCULATED,N/A,LOW,STAGE_MAPPED_ONLY,LOW
482,부평 동아1단지 아파트,28237,인천,N/A,N/A,0,PRE_PROJECT,NO_OFFICIAL_RECORD,공식 정비사업 기록 없음(선별 후보),,,181.0,2475,N/A,46.46141414141414,N/A,N/A,N/A,N/A,N/A,N/A,N/A,N/A,NOT_CALCULATED,N/A,N/A,N/A,UNKNOWN,N/A,N/A,N/A,N/A,N/A,N/A,N/A,NOT_CALCULATED,N/A,LOW,STAGE_MAPPED_ONLY,LOW
483,부평 동아아파트2단지,28237,인천,N/A,N/A,0,PRE_PROJECT,NO_OFFICIAL_RECORD,공식 정비사업 기록 없음(선별 후보),,,234.16140700830798,2128,N/A,45.703007518796994,N/A,N/A,N/A,N/A,N/A,N/A,N/A,N/A,NOT_CALCULATED,N/A,N/A,N/A,UNKNOWN,N/A,N/A,N/A,N/A,N/A,N/A,N/A,NOT_CALCULATED,N/A,LOW,STAGE_MAPPED_ONLY,LOW
481,부평 욱일 아파트,28237,인천,N/A,N/A,0,PRE_PROJECT,NO_OFFICIAL_RECORD,공식 정비사업 기록 없음(선별 후보),,,N/A,780,N/A,N/A,N/A,N/A,N/A,N/A,N/A,N/A,N/A,N/A,NOT_CALCULATED,N/A,N/A,N/A,UNKNOWN,N/A,N/A,N/A,N/A,N/A,N/A,N/A,NOT_CALCULATED,N/A,LOW,STAGE_MAPPED_ONLY,LOW
599,부평 한국 아파트,28237,인천,N/A,N/A,0,PRE_PROJECT,NO_OFFICIAL_RECORD,공식 정비사업 기록 없음(선별 후보),,,N/A,580,N/A,N/A,N/A,N/A,N/A,N/A,N/A,N/A,N/A,N/A,NOT_CALCULATED,N/A,N/A,N/A,UNKNOWN,N/A,N/A,N/A,N/A,N/A,N/A,N/A,NOT_CALCULATED,N/A,LOW,STAGE_MAPPED_ONLY,LOW
520,부평2주구 현대아파트,28237,인천,N/A,N/A,0,PRE_PROJECT,NO_OFFICIAL_RECORD,공식 정비사업 기록 없음(선별 후보),,,151.70465099245584,1496,N/A,54.75802139037433,N/A,N/A,N/A,N/A,N/A,N/A,N/A,N/A,NOT_CALCULATED,N/A,N/A,N/A,UNKNOWN,N/A,N/A,N/A,N/A,N/A,N/A,N/A,NOT_CALCULATED,N/A,LOW,STAGE_MAPPED_ONLY,LOW
514,부평경남3차 아파트,28237,인천,N/A,N/A,0,PRE_PROJECT,NO_OFFICIAL_RECORD,공식 정비사업 기록 없음(선별 후보),,,430.9041883875607,916,N/A,30.36572052401747,N/A,N/A,N/A,N/A,N/A,N/A,N/A,N/A,NOT_CALCULATED,N/A,N/A,N/A,UNKNOWN,N/A,N/A,N/A,N/A,N/A,N/A,N/A,NOT_CALCULATED,N/A,LOW,STAGE_MAPPED_ONLY,LOW
548,부평삼익,28237,인천,N/A,N/A,0,PRE_PROJECT,NO_OFFICIAL_RECORD,공식 정비사업 기록 없음(선별 후보),,,214.92983918999406,375,N/A,33.58,N/A,N/A,N/A,N/A,N/A,N/A,N/A,N/A,NOT_CALCULATED,N/A,N/A,N/A,UNKNOWN,N/A,N/A,N/A,N/A,N/A,N/A,N/A,NOT_CALCULATED,N/A,LOW,STAGE_MAPPED_ONLY,LOW
806,북성동 선광아파트,28125,인천,N/A,N/A,0,PRE_PROJECT,NO_OFFICIAL_RECORD,공식 정비사업 기록 없음(선별 후보),,,N/A,102,N/A,N/A,N/A,N/A,N/A,N/A,N/A,N/A,N/A,N/A,NOT_CALCULATED,N/A,N/A,N/A,UNKNOWN,N/A,N/A,N/A,N/A,N/A,N/A,N/A,NOT_CALCULATED,N/A,LOW,STAGE_MAPPED_ONLY,LOW
1122,불로백두,28290,인천,N/A,N/A,0,PRE_PROJECT,NO_OFFICIAL_RECORD,공식 정비사업 기록 없음(선별 후보),,,N/A,175,N/A,N/A,N/A,N/A,N/A,N/A,N/A,N/A,N/A,N/A,NOT_CALCULATED,N/A,N/A,N/A,UNKNOWN,N/A,N/A,N/A,N/A,N/A,N/A,N/A,NOT_CALCULATED,N/A,LOW,STAGE_MAPPED_ONLY,LOW
792,비취맨션1단지아파트,28125,인천,N/A,N/A,0,PRE_PROJECT,NO_OFFICIAL_RECORD,공식 정비사업 기록 없음(선별 후보),,,N/A,546,N/A,N/A,N/A,N/A,N/A,N/A,N/A,N/A,N/A,N/A,NOT_CALCULATED,N/A,N/A,N/A,UNKNOWN,N/A,N/A,N/A,N/A,N/A,N/A,N/A,NOT_CALCULATED,N/A,LOW,STAGE_MAPPED_ONLY,LOW
794,비취맨션2단지 아파트,28125,인천,N/A,N/A,0,PRE_PROJECT,NO_OFFICIAL_RECORD,공식 정비사업 기록 없음(선별 후보),,,N/A,854,N/A,N/A,N/A,N/A,N/A,N/A,N/A,N/A,N/A,N/A,NOT_CALCULATED,N/A,N/A,N/A,UNKNOWN,N/A,N/A,N/A,N/A,N/A,N/A,N/A,NOT_CALCULATED,N/A,LOW,STAGE_MAPPED_ONLY,LOW
793,비취맨션3단지 아파트,28125,인천,N/A,N/A,0,PRE_PROJECT,NO_OFFICIAL_RECORD,공식 정비사업 기록 없음(선별 후보),,,N/A,608,N/A,N/A,N/A,N/A,N/A,N/A,N/A,N/A,N/A,N/A,NOT_CALCULATED,N/A,N/A,N/A,UNKNOWN,N/A,N/A,N/A,N/A,N/A,N/A,N/A,NOT_CALCULATED,N/A,LOW,STAGE_MAPPED_ONLY,LOW
524,산곡 경남4차 아파트,28237,인천,N/A,N/A,0,PRE_PROJECT,NO_OFFICIAL_RECORD,공식 정비사업 기록 없음(선별 후보),,,N/A,776,N/A,N/A,N/A,N/A,N/A,N/A,N/A,N/A,N/A,N/A,NOT_CALCULATED,N/A,N/A,N/A,UNKNOWN,N/A,N/A,N/A,N/A,N/A,N/A,N/A,NOT_CALCULATED,N/A,LOW,STAGE_MAPPED_ONLY,LOW
513,산곡 경남5차 아파트,28237,인천,N/A,N/A,0,PRE_PROJECT,NO_OFFICIAL_RECORD,공식 정비사업 기록 없음(선별 후보),,,345.0028320016183,308,N/A,32.10064935064935,N/A,N/A,N/A,N/A,N/A,N/A,N/A,N/A,NOT_CALCULATED,N/A,N/A,N/A,UNKNOWN,N/A,N/A,N/A,N/A,N/A,N/A,N/A,NOT_CALCULATED,N/A,LOW,STAGE_MAPPED_ONLY,LOW
515,산곡 뉴서울2차아파트,28237,인천,N/A,N/A,0,PRE_PROJECT,NO_OFFICIAL_RECORD,공식 정비사업 기록 없음(선별 후보),,,356.80247432586634,498,N/A,33.43574297188755,N/A,N/A,N/A,N/A,N/A,N/A,N/A,N/A,NOT_CALCULATED,N/A,N/A,N/A,UNKNOWN,N/A,N/A,N/A,N/A,N/A,N/A,N/A,NOT_CALCULATED,N/A,LOW,STAGE_MAPPED_ONLY,LOW
534,산곡 무지개 아파트,28237,인천,N/A,N/A,0,PRE_PROJECT,NO_OFFICIAL_RECORD,공식 정비사업 기록 없음(선별 후보),,,374.29201101928373,330,N/A,27.5,N/A,N/A,N/A,N/A,N/A,N/A,N/A,N/A,NOT_CALCULATED,N/A,N/A,N/A,UNKNOWN,N/A,N/A,N/A,N/A,N/A,N/A,N/A,NOT_CALCULATED,N/A,LOW,STAGE_MAPPED_ONLY,LOW
512,산곡 우성4차 아파트,28237,인천,N/A,N/A,0,PRE_PROJECT,NO_OFFICIAL_RECORD,공식 정비사업 기록 없음(선별 후보),,,207.64644226372621,494,N/A,57.55263157894737,N/A,N/A,N/A,N/A,N/A,N/A,N/A,N/A,NOT_CALCULATED,N/A,N/A,N/A,UNKNOWN,N/A,N/A,N/A,N/A,N/A,N/A,N/A,NOT_CALCULATED,N/A,LOW,STAGE_MAPPED_ONLY,LOW
533,산곡 우성5차 아파트,28237,인천,N/A,N/A,0,PRE_PROJECT,NO_OFFICIAL_RECORD,공식 정비사업 기록 없음(선별 후보),,,392.3131881575728,299,N/A,27.337792642140467,N/A,N/A,N/A,N/A,N/A,N/A,N/A,N/A,NOT_CALCULATED,N/A,N/A,N/A,UNKNOWN,N/A,N/A,N/A,N/A,N/A,N/A,N/A,NOT_CALCULATED,N/A,LOW,STAGE_MAPPED_ONLY,LOW
511,산곡 한양2단지 아파트,28237,인천,N/A,N/A,0,PRE_PROJECT,NO_OFFICIAL_RECORD,공식 정비사업 기록 없음(선별 후보),,,N/A,720,N/A,N/A,N/A,N/A,N/A,N/A,N/A,N/A,N/A,N/A,NOT_CALCULATED,N/A,N/A,N/A,UNKNOWN,N/A,N/A,N/A,N/A,N/A,N/A,N/A,NOT_CALCULATED,N/A,LOW,STAGE_MAPPED_ONLY,LOW
526,산곡5차현대아파트,28237,인천,N/A,N/A,0,PRE_PROJECT,NO_OFFICIAL_RECORD,공식 정비사업 기록 없음(선별 후보),,,N/A,1161,N/A,N/A,N/A,N/A,N/A,N/A,N/A,N/A,N/A,N/A,NOT_CALCULATED,N/A,N/A,N/A,UNKNOWN,N/A,N/A,N/A,N/A,N/A,N/A,N/A,NOT_CALCULATED,N/A,LOW,STAGE_MAPPED_ONLY,LOW
532,산곡7차 한양아파트,28237,인천,N/A,N/A,0,PRE_PROJECT,NO_OFFICIAL_RECORD,공식 정비사업 기록 없음(선별 후보),,,366.5692211317603,320,N/A,29.93125,N/A,N/A,N/A,N/A,N/A,N/A,N/A,N/A,NOT_CALCULATED,N/A,N/A,N/A,UNKNOWN,N/A,N/A,N/A,N/A,N/A,N/A,N/A,NOT_CALCULATED,N/A,LOW,STAGE_MAPPED_ONLY,LOW
510,삼보,28237,인천,N/A,N/A,0,PRE_PROJECT,NO_OFFICIAL_RECORD,공식 정비사업 기록 없음(선별 후보),,,189.83413132694938,295,N/A,39.64745762711864,N/A,N/A,N/A,N/A,N/A,N/A,N/A,N/A,NOT_CALCULATED,N/A,N/A,N/A,UNKNOWN,N/A,N/A,N/A,N/A,N/A,N/A,N/A,NOT_CALCULATED,N/A,LOW,STAGE_MAPPED_ONLY,LOW
356,삼부아파트,28200,인천,N/A,N/A,0,PRE_PROJECT,NO_OFFICIAL_RECORD,공식 정비사업 기록 없음(선별 후보),,,N/A,185,N/A,13.286486486486487,N/A,N/A,N/A,N/A,N/A,N/A,N/A,N/A,NOT_CALCULATED,N/A,N/A,N/A,UNKNOWN,N/A,N/A,N/A,N/A,N/A,N/A,N/A,NOT_CALCULATED,N/A,LOW,STAGE_MAPPED_ONLY,LOW
569,삼산삼보아파트,28237,인천,N/A,N/A,0,PRE_PROJECT,NO_OFFICIAL_RECORD,공식 정비사업 기록 없음(선별 후보),,,N/A,630,N/A,N/A,N/A,N/A,N/A,N/A,N/A,N/A,N/A,N/A,NOT_CALCULATED,N/A,N/A,N/A,UNKNOWN,N/A,N/A,N/A,N/A,N/A,N/A,N/A,NOT_CALCULATED,N/A,LOW,STAGE_MAPPED_ONLY,LOW
570,삼산현대,28237,인천,N/A,N/A,0,PRE_PROJECT,NO_OFFICIAL_RECORD,공식 정비사업 기록 없음(선별 후보),,,391.3145179002855,330,N/A,27.593939393939394,N/A,N/A,N/A,N/A,N/A,N/A,N/A,N/A,NOT_CALCULATED,N/A,N/A,N/A,UNKNOWN,N/A,N/A,N/A,N/A,N/A,N/A,N/A,NOT_CALCULATED,N/A,LOW,STAGE_MAPPED_ONLY,LOW
662,삼천리열망1차2차아파트,28245,인천,N/A,N/A,0,PRE_PROJECT,NO_OFFICIAL_RECORD,공식 정비사업 기록 없음(선별 후보),,,201.29999999999998,460,N/A,28.26086956521739,N/A,N/A,N/A,N/A,N/A,N/A,N/A,N/A,NOT_CALCULATED,N/A,N/A,N/A,UNKNOWN,N/A,N/A,N/A,N/A,N/A,N/A,N/A,NOT_CALCULATED,N/A,LOW,STAGE_MAPPED_ONLY,LOW
656,삼환2차아파트,28245,인천,N/A,N/A,0,PRE_PROJECT,NO_OFFICIAL_RECORD,공식 정비사업 기록 없음(선별 후보),,,156.28178630005468,144,N/A,52.078472222222224,N/A,N/A,N/A,N/A,N/A,N/A,N/A,N/A,NOT_CALCULATED,N/A,N/A,N/A,UNKNOWN,N/A,N/A,N/A,N/A,N/A,N/A,N/A,NOT_CALCULATED,N/A,LOW,STAGE_MAPPED_ONLY,LOW
658,삼환아파트1단지,28245,인천,N/A,N/A,0,PRE_PROJECT,NO_OFFICIAL_RECORD,공식 정비사업 기록 없음(선별 후보),,,166.82964699207992,276,N/A,48.53731884057971,N/A,N/A,N/A,N/A,N/A,N/A,N/A,N/A,NOT_CALCULATED,N/A,N/A,N/A,UNKNOWN,N/A,N/A,N/A,N/A,N/A,N/A,N/A,NOT_CALCULATED,N/A,LOW,STAGE_MAPPED_ONLY,LOW
406,서창 태평1차 아파트,28200,인천,N/A,N/A,0,PRE_PROJECT,NO_OFFICIAL_RECORD,공식 정비사업 기록 없음(선별 후보),,,282.5707523542376,435,N/A,36.71540229885058,N/A,N/A,N/A,N/A,N/A,N/A,N/A,N/A,NOT_CALCULATED,N/A,N/A,N/A,UNKNOWN,N/A,N/A,N/A,N/A,N/A,N/A,N/A,NOT_CALCULATED,N/A,LOW,STAGE_MAPPED_ONLY,LOW
936,석남 동남 아파트,28275,인천,N/A,N/A,0,PRE_PROJECT,NO_OFFICIAL_RECORD,공식 정비사업 기록 없음(선별 후보),,,N/A,360,N/A,N/A,N/A,N/A,N/A,N/A,N/A,N/A,N/A,N/A,NOT_CALCULATED,N/A,N/A,N/A,UNKNOWN,N/A,N/A,N/A,N/A,N/A,N/A,N/A,NOT_CALCULATED,N/A,LOW,STAGE_MAPPED_ONLY,LOW
938,석남 신동아 아파트,28275,인천,N/A,N/A,0,PRE_PROJECT,NO_OFFICIAL_RECORD,공식 정비사업 기록 없음(선별 후보),,,N/A,190,N/A,N/A,N/A,N/A,N/A,N/A,N/A,N/A,N/A,N/A,NOT_CALCULATED,N/A,N/A,N/A,UNKNOWN,N/A,N/A,N/A,N/A,N/A,N/A,N/A,NOT_CALCULATED,N/A,LOW,STAGE_MAPPED_ONLY,LOW
934,석남신광1차아파트,28275,인천,N/A,N/A,0,PRE_PROJECT,NO_OFFICIAL_RECORD,공식 정비사업 기록 없음(선별 후보),,,N/A,134,N/A,N/A,N/A,N/A,N/A,N/A,N/A,N/A,N/A,N/A,NOT_CALCULATED,N/A,N/A,N/A,UNKNOWN,N/A,N/A,N/A,N/A,N/A,N/A,N/A,NOT_CALCULATED,N/A,LOW,STAGE_MAPPED_ONLY,LOW
939,석남태화아파트,28275,인천,N/A,N/A,0,PRE_PROJECT,NO_OFFICIAL_RECORD,공식 정비사업 기록 없음(선별 후보),,,N/A,299,N/A,N/A,N/A,N/A,N/A,N/A,N/A,N/A,N/A,N/A,NOT_CALCULATED,N/A,N/A,N/A,UNKNOWN,N/A,N/A,N/A,N/A,N/A,N/A,N/A,NOT_CALCULATED,N/A,LOW,STAGE_MAPPED_ONLY,LOW
685,선우아파트,28245,인천,N/A,N/A,0,PRE_PROJECT,NO_OFFICIAL_RECORD,공식 정비사업 기록 없음(선별 후보),,,129.6432662412044,210,N/A,58.2,N/A,N/A,N/A,N/A,N/A,N/A,N/A,N/A,NOT_CALCULATED,N/A,N/A,N/A,UNKNOWN,N/A,N/A,N/A,N/A,N/A,N/A,N/A,NOT_CALCULATED,N/A,LOW,STAGE_MAPPED_ONLY,LOW
146,선학 뉴서울,28185,인천,N/A,N/A,0,PRE_PROJECT,NO_OFFICIAL_RECORD,공식 정비사업 기록 없음(선별 후보),,,298.96847525361204,720,N/A,45.18055555555556,N/A,N/A,N/A,N/A,N/A,N/A,N/A,N/A,NOT_CALCULATED,N/A,N/A,N/A,UNKNOWN,N/A,N/A,N/A,N/A,N/A,N/A,N/A,NOT_CALCULATED,N/A,LOW,STAGE_MAPPED_ONLY,LOW
145,선학금호,28185,인천,N/A,N/A,0,PRE_PROJECT,NO_OFFICIAL_RECORD,공식 정비사업 기록 없음(선별 후보),,,287.5642851564969,540,N/A,49.799814814814816,N/A,N/A,N/A,N/A,N/A,N/A,N/A,N/A,NOT_CALCULATED,N/A,N/A,N/A,UNKNOWN,N/A,N/A,N/A,N/A,N/A,N/A,N/A,NOT_CALCULATED,N/A,LOW,STAGE_MAPPED_ONLY,LOW
150,선학대동,28185,인천,N/A,N/A,0,PRE_PROJECT,NO_OFFICIAL_RECORD,공식 정비사업 기록 없음(선별 후보),,,138.60004738213695,390,N/A,75.76153846153846,N/A,N/A,N/A,N/A,N/A,N/A,N/A,N/A,NOT_CALCULATED,N/A,N/A,N/A,UNKNOWN,N/A,N/A,N/A,N/A,N/A,N/A,N/A,NOT_CALCULATED,N/A,LOW,STAGE_MAPPED_ONLY,LOW
144,선학대진,28185,인천,N/A,N/A,0,PRE_PROJECT,NO_OFFICIAL_RECORD,공식 정비사업 기록 없음(선별 후보),,,56.142495316779886,300,N/A,164.77266666666668,N/A,N/A,N/A,N/A,N/A,N/A,N/A,N/A,NOT_CALCULATED,N/A,N/A,N/A,UNKNOWN,N/A,N/A,N/A,N/A,N/A,N/A,N/A,NOT_CALCULATED,N/A,LOW,STAGE_MAPPED_ONLY,LOW
149,선학시영,28185,인천,N/A,N/A,0,PRE_PROJECT,NO_OFFICIAL_RECORD,공식 정비사업 기록 없음(선별 후보),,,108.02018389098893,1300,N/A,30.68707692307692,N/A,N/A,N/A,N/A,N/A,N/A,N/A,N/A,NOT_CALCULATED,N/A,N/A,N/A,UNKNOWN,N/A,N/A,N/A,N/A,N/A,N/A,N/A,NOT_CALCULATED,N/A,LOW,STAGE_MAPPED_ONLY,LOW
151,선학아주,28185,인천,N/A,N/A,0,PRE_PROJECT,NO_OFFICIAL_RECORD,공식 정비사업 기록 없음(선별 후보),,,142.23652147426137,390,N/A,75.76153846153846,N/A,N/A,N/A,N/A,N/A,N/A,N/A,N/A,NOT_CALCULATED,N/A,N/A,N/A,UNKNOWN,N/A,N/A,N/A,N/A,N/A,N/A,N/A,NOT_CALCULATED,N/A,LOW,STAGE_MAPPED_ONLY,LOW
153,선학윤성,28185,인천,N/A,N/A,0,PRE_PROJECT,NO_OFFICIAL_RECORD,공식 정비사업 기록 없음(선별 후보),,,362.85824752134135,423,N/A,30.87825059101655,N/A,N/A,N/A,N/A,N/A,N/A,N/A,N/A,NOT_CALCULATED,N/A,N/A,N/A,UNKNOWN,N/A,N/A,N/A,N/A,N/A,N/A,N/A,NOT_CALCULATED,N/A,LOW,STAGE_MAPPED_ONLY,LOW
147,선학정광,28185,인천,N/A,N/A,0,PRE_PROJECT,NO_OFFICIAL_RECORD,공식 정비사업 기록 없음(선별 후보),,,56.141997661424426,300,N/A,164.77266666666668,N/A,N/A,N/A,N/A,N/A,N/A,N/A,N/A,NOT_CALCULATED,N/A,N/A,N/A,UNKNOWN,N/A,N/A,N/A,N/A,N/A,N/A,N/A,NOT_CALCULATED,N/A,LOW,STAGE_MAPPED_ONLY,LOW
148,선학태산,28185,인천,N/A,N/A,0,PRE_PROJECT,NO_OFFICIAL_RECORD,공식 정비사업 기록 없음(선별 후보),,,55.54926181122273,300,N/A,164.77266666666668,N/A,N/A,N/A,N/A,N/A,N/A,N/A,N/A,NOT_CALCULATED,N/A,N/A,N/A,UNKNOWN,N/A,N/A,N/A,N/A,N/A,N/A,N/A,NOT_CALCULATED,N/A,LOW,STAGE_MAPPED_ONLY,LOW
142,선학희영무지개아파트1차,28185,인천,N/A,N/A,0,PRE_PROJECT,NO_OFFICIAL_RECORD,공식 정비사업 기록 없음(선별 후보),,,414.1339027760331,120,N/A,26.53666666666667,N/A,N/A,N/A,N/A,N/A,N/A,N/A,N/A,NOT_CALCULATED,N/A,N/A,N/A,UNKNOWN,N/A,N/A,N/A,N/A,N/A,N/A,N/A,NOT_CALCULATED,N/A,LOW,STAGE_MAPPED_ONLY,LOW
348,성신아파트2차,28200,인천,N/A,N/A,0,PRE_PROJECT,NO_OFFICIAL_RECORD,공식 정비사업 기록 없음(선별 후보),,,150.42955974842766,150,N/A,42.4,N/A,N/A,N/A,N/A,N/A,N/A,N/A,N/A,NOT_CALCULATED,N/A,N/A,N/A,UNKNOWN,N/A,N/A,N/A,N/A,N/A,N/A,N/A,NOT_CALCULATED,N/A,LOW,STAGE_MAPPED_ONLY,LOW
782,송림누리아파트,28125,인천,N/A,N/A,0,PRE_PROJECT,NO_OFFICIAL_RECORD,공식 정비사업 기록 없음(선별 후보),,,N/A,94,N/A,N/A,N/A,N/A,N/A,N/A,N/A,N/A,N/A,N/A,NOT_CALCULATED,N/A,N/A,N/A,UNKNOWN,N/A,N/A,N/A,N/A,N/A,N/A,N/A,NOT_CALCULATED,N/A,LOW,STAGE_MAPPED_ONLY,LOW
785,송림삼익아파트,28125,인천,N/A,N/A,0,PRE_PROJECT,NO_OFFICIAL_RECORD,공식 정비사업 기록 없음(선별 후보),,,N/A,264,N/A,N/A,N/A,N/A,N/A,N/A,N/A,N/A,N/A,N/A,NOT_CALCULATED,N/A,N/A,N/A,UNKNOWN,N/A,N/A,N/A,N/A,N/A,N/A,N/A,NOT_CALCULATED,N/A,LOW,STAGE_MAPPED_ONLY,LOW
770,송현 삼두1차아파트,28125,인천,N/A,N/A,0,PRE_PROJECT,NO_OFFICIAL_RECORD,공식 정비사업 기록 없음(선별 후보),,,N/A,264,N/A,N/A,N/A,N/A,N/A,N/A,N/A,N/A,N/A,N/A,NOT_CALCULATED,N/A,N/A,N/A,UNKNOWN,N/A,N/A,N/A,N/A,N/A,N/A,N/A,NOT_CALCULATED,N/A,LOW,STAGE_MAPPED_ONLY,LOW
778,송현 삼두2차아파트,28125,인천,N/A,N/A,0,PRE_PROJECT,NO_OFFICIAL_RECORD,공식 정비사업 기록 없음(선별 후보),,,N/A,432,N/A,N/A,N/A,N/A,N/A,N/A,N/A,N/A,N/A,N/A,NOT_CALCULATED,N/A,N/A,N/A,UNKNOWN,N/A,N/A,N/A,N/A,N/A,N/A,N/A,NOT_CALCULATED,N/A,LOW,STAGE_MAPPED_ONLY,LOW
773,송현1차 아파트,28125,인천,N/A,N/A,0,PRE_PROJECT,NO_OFFICIAL_RECORD,공식 정비사업 기록 없음(선별 후보),,,N/A,500,N/A,N/A,N/A,N/A,N/A,N/A,N/A,N/A,N/A,N/A,NOT_CALCULATED,N/A,N/A,N/A,UNKNOWN,N/A,N/A,N/A,N/A,N/A,N/A,N/A,NOT_CALCULATED,N/A,LOW,STAGE_MAPPED_ONLY,LOW
772,송현2차 아파트,28125,인천,N/A,N/A,0,PRE_PROJECT,NO_OFFICIAL_RECORD,공식 정비사업 기록 없음(선별 후보),,,N/A,400,N/A,N/A,N/A,N/A,N/A,N/A,N/A,N/A,N/A,N/A,NOT_CALCULATED,N/A,N/A,N/A,UNKNOWN,N/A,N/A,N/A,N/A,N/A,N/A,N/A,NOT_CALCULATED,N/A,LOW,STAGE_MAPPED_ONLY,LOW
774,송현주공아파트,28125,인천,N/A,N/A,0,PRE_PROJECT,NO_OFFICIAL_RECORD,공식 정비사업 기록 없음(선별 후보),,,N/A,575,N/A,N/A,N/A,N/A,N/A,N/A,N/A,N/A,N/A,N/A,NOT_CALCULATED,N/A,N/A,N/A,UNKNOWN,N/A,N/A,N/A,N/A,N/A,N/A,N/A,NOT_CALCULATED,N/A,LOW,STAGE_MAPPED_ONLY,LOW
2,숭의현대아파트,28177,인천,N/A,N/A,0,PRE_PROJECT,NO_OFFICIAL_RECORD,공식 정비사업 기록 없음(선별 후보),,,179.8233004330014,N/A,N/A,N/A,N/A,N/A,N/A,N/A,N/A,N/A,N/A,N/A,NOT_CALCULATED,N/A,N/A,N/A,UNKNOWN,N/A,N/A,N/A,N/A,N/A,N/A,N/A,NOT_CALCULATED,N/A,LOW,STAGE_MAPPED_ONLY,LOW
728,신명진달래1차아파트,28245,인천,N/A,N/A,0,PRE_PROJECT,NO_OFFICIAL_RECORD,공식 정비사업 기록 없음(선별 후보),,,199.27608837232606,258,N/A,30.947286821705426,N/A,N/A,N/A,N/A,N/A,N/A,N/A,N/A,NOT_CALCULATED,N/A,N/A,N/A,UNKNOWN,N/A,N/A,N/A,N/A,N/A,N/A,N/A,NOT_CALCULATED,N/A,LOW,STAGE_MAPPED_ONLY,LOW
105,신비마을 아파트,28177,인천,N/A,N/A,0,PRE_PROJECT,NO_OFFICIAL_RECORD,공식 정비사업 기록 없음(선별 후보),,,492.7582037047216,960,N/A,15.160833333333333,N/A,N/A,N/A,N/A,N/A,N/A,N/A,N/A,NOT_CALCULATED,N/A,N/A,N/A,UNKNOWN,N/A,N/A,N/A,N/A,N/A,N/A,N/A,NOT_CALCULATED,N/A,LOW,STAGE_MAPPED_ONLY,LOW
347,신한2차아파트,28200,인천,N/A,N/A,0,PRE_PROJECT,NO_OFFICIAL_RECORD,공식 정비사업 기록 없음(선별 후보),,,N/A,N/A,N/A,N/A,N/A,N/A,N/A,N/A,N/A,N/A,N/A,N/A,NOT_CALCULATED,N/A,N/A,N/A,UNKNOWN,N/A,N/A,N/A,N/A,N/A,N/A,N/A,NOT_CALCULATED,N/A,LOW,STAGE_MAPPED_ONLY,LOW
323,신한국아파트,28200,인천,N/A,N/A,0,PRE_PROJECT,NO_OFFICIAL_RECORD,공식 정비사업 기록 없음(선별 후보),,,204.64547801002072,132,N/A,29.937878787878788,N/A,N/A,N/A,N/A,N/A,N/A,N/A,N/A,NOT_CALCULATED,N/A,N/A,N/A,UNKNOWN,N/A,N/A,N/A,N/A,N/A,N/A,N/A,NOT_CALCULATED,N/A,LOW,STAGE_MAPPED_ONLY,LOW
931,신현 원흥 아파트,28275,인천,N/A,N/A,0,PRE_PROJECT,NO_OFFICIAL_RECORD,공식 정비사업 기록 없음(선별 후보),,,N/A,183,N/A,N/A,N/A,N/A,N/A,N/A,N/A,N/A,N/A,N/A,NOT_CALCULATED,N/A,N/A,N/A,UNKNOWN,N/A,N/A,N/A,N/A,N/A,N/A,N/A,NOT_CALCULATED,N/A,LOW,STAGE_MAPPED_ONLY,LOW
930,신현효성아파트,28275,인천,N/A,N/A,0,PRE_PROJECT,NO_OFFICIAL_RECORD,공식 정비사업 기록 없음(선별 후보),,,N/A,452,N/A,N/A,N/A,N/A,N/A,N/A,N/A,N/A,N/A,N/A,NOT_CALCULATED,N/A,N/A,N/A,UNKNOWN,N/A,N/A,N/A,N/A,N/A,N/A,N/A,NOT_CALCULATED,N/A,LOW,STAGE_MAPPED_ONLY,LOW
801,신흥 삼익 아파트,28125,인천,N/A,N/A,0,PRE_PROJECT,NO_OFFICIAL_RECORD,공식 정비사업 기록 없음(선별 후보),,,N/A,434,N/A,N/A,N/A,N/A,N/A,N/A,N/A,N/A,N/A,N/A,NOT_CALCULATED,N/A,N/A,N/A,UNKNOWN,N/A,N/A,N/A,N/A,N/A,N/A,N/A,NOT_CALCULATED,N/A,LOW,STAGE_MAPPED_ONLY,LOW
798,신흥 풍림 아파트,28125,인천,N/A,N/A,0,PRE_PROJECT,NO_OFFICIAL_RECORD,공식 정비사업 기록 없음(선별 후보),,,N/A,299,N/A,N/A,N/A,N/A,N/A,N/A,N/A,N/A,N/A,N/A,NOT_CALCULATED,N/A,N/A,N/A,UNKNOWN,N/A,N/A,N/A,N/A,N/A,N/A,N/A,NOT_CALCULATED,N/A,LOW,STAGE_MAPPED_ONLY,LOW
803,신흥 항운 아파트,28125,인천,N/A,N/A,0,PRE_PROJECT,NO_OFFICIAL_RECORD,공식 정비사업 기록 없음(선별 후보),,,N/A,497,N/A,N/A,N/A,N/A,N/A,N/A,N/A,N/A,N/A,N/A,NOT_CALCULATED,N/A,N/A,N/A,UNKNOWN,N/A,N/A,N/A,N/A,N/A,N/A,N/A,NOT_CALCULATED,N/A,LOW,STAGE_MAPPED_ONLY,LOW
897,심곡 한국 아파트,28275,인천,N/A,N/A,0,PRE_PROJECT,NO_OFFICIAL_RECORD,공식 정비사업 기록 없음(선별 후보),,,N/A,392,N/A,N/A,N/A,N/A,N/A,N/A,N/A,N/A,N/A,N/A,NOT_CALCULATED,N/A,N/A,N/A,UNKNOWN,N/A,N/A,N/A,N/A,N/A,N/A,N/A,NOT_CALCULATED,N/A,LOW,STAGE_MAPPED_ONLY,LOW
353,아주1차아파트,28200,인천,N/A,N/A,0,PRE_PROJECT,NO_OFFICIAL_RECORD,공식 정비사업 기록 없음(선별 후보),,,N/A,165,N/A,N/A,N/A,N/A,N/A,N/A,N/A,N/A,N/A,N/A,NOT_CALCULATED,N/A,N/A,N/A,UNKNOWN,N/A,N/A,N/A,N/A,N/A,N/A,N/A,NOT_CALCULATED,N/A,LOW,STAGE_MAPPED_ONLY,LOW
200,연수 대우삼환 아파트,28185,인천,N/A,N/A,0,PRE_PROJECT,NO_OFFICIAL_RECORD,공식 정비사업 기록 없음(선별 후보),,,199.1883683825094,1776,N/A,56.35850225225225,N/A,N/A,N/A,N/A,N/A,N/A,N/A,N/A,NOT_CALCULATED,N/A,N/A,N/A,UNKNOWN,N/A,N/A,N/A,N/A,N/A,N/A,N/A,NOT_CALCULATED,N/A,LOW,STAGE_MAPPED_ONLY,LOW
182,연수 성호 아파트,28185,인천,N/A,N/A,0,PRE_PROJECT,NO_OFFICIAL_RECORD,공식 정비사업 기록 없음(선별 후보),,,131.33056981056905,488,N/A,86.41065573770491,N/A,N/A,N/A,N/A,N/A,N/A,N/A,N/A,NOT_CALCULATED,N/A,N/A,N/A,UNKNOWN,N/A,N/A,N/A,N/A,N/A,N/A,N/A,NOT_CALCULATED,N/A,LOW,STAGE_MAPPED_ONLY,LOW
217,연수 아주아파트,28185,인천,N/A,N/A,0,PRE_PROJECT,NO_OFFICIAL_RECORD,공식 정비사업 기록 없음(선별 후보),,,147.06555593446032,348,N/A,88.47844827586206,N/A,N/A,N/A,N/A,N/A,N/A,N/A,N/A,NOT_CALCULATED,N/A,N/A,N/A,UNKNOWN,N/A,N/A,N/A,N/A,N/A,N/A,N/A,NOT_CALCULATED,N/A,LOW,STAGE_MAPPED_ONLY,LOW
188,연수1차 하나아파트,28185,인천,N/A,N/A,0,PRE_PROJECT,NO_OFFICIAL_RECORD,공식 정비사업 기록 없음(선별 후보),,,138.30465754266788,724,N/A,71.89668508287292,N/A,N/A,N/A,N/A,N/A,N/A,N/A,N/A,NOT_CALCULATED,N/A,N/A,N/A,UNKNOWN,N/A,N/A,N/A,N/A,N/A,N/A,N/A,NOT_CALCULATED,N/A,LOW,STAGE_MAPPED_ONLY,LOW
208,연수1차 현대 아파트,28185,인천,N/A,N/A,0,PRE_PROJECT,NO_OFFICIAL_RECORD,공식 정비사업 기록 없음(선별 후보),,,108.93589743589742,1040,N/A,89.7,N/A,N/A,N/A,N/A,N/A,N/A,N/A,N/A,NOT_CALCULATED,N/A,N/A,N/A,UNKNOWN,N/A,N/A,N/A,N/A,N/A,N/A,N/A,NOT_CALCULATED,N/A,LOW,STAGE_MAPPED_ONLY,LOW
164,연수1차대림,28185,인천,N/A,N/A,0,PRE_PROJECT,NO_OFFICIAL_RECORD,공식 정비사업 기록 없음(선별 후보),,,61.52784813179921,640,N/A,161.94140625,N/A,N/A,N/A,N/A,N/A,N/A,N/A,N/A,NOT_CALCULATED,N/A,N/A,N/A,UNKNOWN,N/A,N/A,N/A,N/A,N/A,N/A,N/A,NOT_CALCULATED,N/A,LOW,STAGE_MAPPED_ONLY,LOW
179,연수1차시영임,28185,인천,N/A,N/A,0,PRE_PROJECT,NO_OFFICIAL_RECORD,공식 정비사업 기록 없음(선별 후보),,,32.57260269186762,1000,N/A,103.0437,N/A,N/A,N/A,N/A,N/A,N/A,N/A,N/A,NOT_CALCULATED,N/A,N/A,N/A,UNKNOWN,N/A,N/A,N/A,N/A,N/A,N/A,N/A,NOT_CALCULATED,N/A,LOW,STAGE_MAPPED_ONLY,LOW
207,연수2차 한양 아파트,28185,인천,N/A,N/A,0,PRE_PROJECT,NO_OFFICIAL_RECORD,공식 정비사업 기록 없음(선별 후보),,,101.67638547790678,1440,N/A,87.23298611111112,N/A,N/A,N/A,N/A,N/A,N/A,N/A,N/A,NOT_CALCULATED,N/A,N/A,N/A,UNKNOWN,N/A,N/A,N/A,N/A,N/A,N/A,N/A,NOT_CALCULATED,N/A,LOW,STAGE_MAPPED_ONLY,LOW
170,연수2차우성아파트,28185,인천,N/A,N/A,0,PRE_PROJECT,NO_OFFICIAL_RECORD,공식 정비사업 기록 없음(선별 후보),,,186.98515317244807,2044,N/A,38.37622309197652,N/A,N/A,N/A,N/A,N/A,N/A,N/A,N/A,NOT_CALCULATED,N/A,N/A,N/A,UNKNOWN,N/A,N/A,N/A,N/A,N/A,N/A,N/A,NOT_CALCULATED,N/A,LOW,STAGE_MAPPED_ONLY,LOW
197,연수2차현대대림아파트,28185,인천,N/A,N/A,0,PRE_PROJECT,NO_OFFICIAL_RECORD,공식 정비사업 기록 없음(선별 후보),,,125.35806809642973,700,N/A,103.61357142857143,N/A,N/A,N/A,N/A,N/A,N/A,N/A,N/A,NOT_CALCULATED,N/A,N/A,N/A,UNKNOWN,N/A,N/A,N/A,N/A,N/A,N/A,N/A,NOT_CALCULATED,N/A,LOW,STAGE_MAPPED_ONLY,LOW
204,연수건영,28185,인천,N/A,N/A,0,PRE_PROJECT,NO_OFFICIAL_RECORD,공식 정비사업 기록 없음(선별 후보),,,135.7931997066326,970,N/A,87.00958762886599,N/A,N/A,N/A,N/A,N/A,N/A,N/A,N/A,NOT_CALCULATED,N/A,N/A,N/A,UNKNOWN,N/A,N/A,N/A,N/A,N/A,N/A,N/A,NOT_CALCULATED,N/A,LOW,STAGE_MAPPED_ONLY,LOW
163,연수경남,28185,인천,N/A,N/A,0,PRE_PROJECT,NO_OFFICIAL_RECORD,공식 정비사업 기록 없음(선별 후보),,,62.173789709819815,620,N/A,167.16532258064515,N/A,N/A,N/A,N/A,N/A,N/A,N/A,N/A,NOT_CALCULATED,N/A,N/A,N/A,UNKNOWN,N/A,N/A,N/A,N/A,N/A,N/A,N/A,NOT_CALCULATED,N/A,LOW,STAGE_MAPPED_ONLY,LOW
180,연수대동,28185,인천,N/A,N/A,0,PRE_PROJECT,NO_OFFICIAL_RECORD,공식 정비사업 기록 없음(선별 후보),,,120.82101973258375,768,N/A,70.40755208333333,N/A,N/A,N/A,N/A,N/A,N/A,N/A,N/A,NOT_CALCULATED,N/A,N/A,N/A,UNKNOWN,N/A,N/A,N/A,N/A,N/A,N/A,N/A,NOT_CALCULATED,N/A,LOW,STAGE_MAPPED_ONLY,LOW
158,연수대명아파트,28185,인천,N/A,N/A,0,PRE_PROJECT,NO_OFFICIAL_RECORD,공식 정비사업 기록 없음(선별 후보),,,120.5059203444564,108,N/A,103.22222222222223,N/A,N/A,N/A,N/A,N/A,N/A,N/A,N/A,NOT_CALCULATED,N/A,N/A,N/A,UNKNOWN,N/A,N/A,N/A,N/A,N/A,N/A,N/A,NOT_CALCULATED,N/A,LOW,STAGE_MAPPED_ONLY,LOW
165,연수대우1차,28185,인천,N/A,N/A,0,PRE_PROJECT,NO_OFFICIAL_RECORD,공식 정비사업 기록 없음(선별 후보),,,233.27558911535303,390,N/A,61.87025641025642,N/A,N/A,N/A,N/A,N/A,N/A,N/A,N/A,NOT_CALCULATED,N/A,N/A,N/A,UNKNOWN,N/A,N/A,N/A,N/A,N/A,N/A,N/A,NOT_CALCULATED,N/A,LOW,STAGE_MAPPED_ONLY,LOW
213,연수대우3차아파트,28185,인천,N/A,N/A,0,PRE_PROJECT,NO_OFFICIAL_RECORD,공식 정비사업 기록 없음(선별 후보),,,120.55262666492723,344,N/A,113.64331395348837,N/A,N/A,N/A,N/A,N/A,N/A,N/A,N/A,NOT_CALCULATED,N/A,N/A,N/A,UNKNOWN,N/A,N/A,N/A,N/A,N/A,N/A,N/A,NOT_CALCULATED,N/A,LOW,STAGE_MAPPED_ONLY,LOW
160,연수동남,28185,인천,N/A,N/A,0,PRE_PROJECT,NO_OFFICIAL_RECORD,공식 정비사업 기록 없음(선별 후보),,,134.26483840271487,420,N/A,103.83690476190476,N/A,N/A,N/A,N/A,N/A,N/A,N/A,N/A,NOT_CALCULATED,N/A,N/A,N/A,UNKNOWN,N/A,N/A,N/A,N/A,N/A,N/A,N/A,NOT_CALCULATED,N/A,LOW,STAGE_MAPPED_ONLY,LOW
176,연수문남마을,28185,인천,N/A,N/A,0,PRE_PROJECT,NO_OFFICIAL_RECORD,공식 정비사업 기록 없음(선별 후보),,,106.51985742306962,400,N/A,59.26625,N/A,N/A,N/A,N/A,N/A,N/A,N/A,N/A,NOT_CALCULATED,N/A,N/A,N/A,UNKNOWN,N/A,N/A,N/A,N/A,N/A,N/A,N/A,NOT_CALCULATED,N/A,LOW,STAGE_MAPPED_ONLY,LOW
199,연수삼성럭키,28185,인천,N/A,N/A,0,PRE_PROJECT,NO_OFFICIAL_RECORD,공식 정비사업 기록 없음(선별 후보),,,204.41945395634664,1080,N/A,55.29675925925926,N/A,N/A,N/A,N/A,N/A,N/A,N/A,N/A,NOT_CALCULATED,N/A,N/A,N/A,UNKNOWN,N/A,N/A,N/A,N/A,N/A,N/A,N/A,NOT_CALCULATED,N/A,LOW,STAGE_MAPPED_ONLY,LOW
162,연수성일,28185,인천,N/A,N/A,0,PRE_PROJECT,NO_OFFICIAL_RECORD,공식 정비사업 기록 없음(선별 후보),,,123.99820678706416,414,N/A,58.7292270531401,N/A,N/A,N/A,N/A,N/A,N/A,N/A,N/A,NOT_CALCULATED,N/A,N/A,N/A,UNKNOWN,N/A,N/A,N/A,N/A,N/A,N/A,N/A,NOT_CALCULATED,N/A,LOW,STAGE_MAPPED_ONLY,LOW
168,연수솔밭마을,28185,인천,N/A,N/A,0,PRE_PROJECT,NO_OFFICIAL_RECORD,공식 정비사업 기록 없음(선별 후보),,,66.37261666652108,1200,N/A,85.86975,N/A,N/A,N/A,N/A,N/A,N/A,N/A,N/A,NOT_CALCULATED,N/A,N/A,N/A,UNKNOWN,N/A,N/A,N/A,N/A,N/A,N/A,N/A,NOT_CALCULATED,N/A,LOW,STAGE_MAPPED_ONLY,LOW
178,연수승기마을,28185,인천,N/A,N/A,0,PRE_PROJECT,NO_OFFICIAL_RECORD,공식 정비사업 기록 없음(선별 후보),,,29.931960905906905,1000,N/A,103.0437,N/A,N/A,N/A,N/A,N/A,N/A,N/A,N/A,NOT_CALCULATED,N/A,N/A,N/A,UNKNOWN,N/A,N/A,N/A,N/A,N/A,N/A,N/A,NOT_CALCULATED,N/A,LOW,STAGE_MAPPED_ONLY,LOW
167,연수시영1차(분양),28185,인천,N/A,N/A,0,PRE_PROJECT,NO_OFFICIAL_RECORD,공식 정비사업 기록 없음(선별 후보),,,24.546042116111906,370,N/A,278.4964864864865,N/A,N/A,N/A,N/A,N/A,N/A,N/A,N/A,NOT_CALCULATED,N/A,N/A,N/A,UNKNOWN,N/A,N/A,N/A,N/A,N/A,N/A,N/A,NOT_CALCULATED,N/A,LOW,STAGE_MAPPED_ONLY,LOW
159,연수영남,28185,인천,N/A,N/A,0,PRE_PROJECT,NO_OFFICIAL_RECORD,공식 정비사업 기록 없음(선별 후보),,,125.16400123668454,622,N/A,85.80144694533762,N/A,N/A,N/A,N/A,N/A,N/A,N/A,N/A,NOT_CALCULATED,N/A,N/A,N/A,UNKNOWN,N/A,N/A,N/A,N/A,N/A,N/A,N/A,NOT_CALCULATED,N/A,LOW,STAGE_MAPPED_ONLY,LOW
169,연수우성1차,28185,인천,N/A,N/A,0,PRE_PROJECT,NO_OFFICIAL_RECORD,공식 정비사업 기록 없음(선별 후보),,,219.8941664933215,1088,N/A,60.53391544117647,N/A,N/A,N/A,N/A,N/A,N/A,N/A,N/A,NOT_CALCULATED,N/A,N/A,N/A,UNKNOWN,N/A,N/A,N/A,N/A,N/A,N/A,N/A,NOT_CALCULATED,N/A,LOW,STAGE_MAPPED_ONLY,LOW
166,연수유천,28185,인천,N/A,N/A,0,PRE_PROJECT,NO_OFFICIAL_RECORD,공식 정비사업 기록 없음(선별 후보),,,126.1780758577522,788,N/A,85.35545685279189,N/A,N/A,N/A,N/A,N/A,N/A,N/A,N/A,NOT_CALCULATED,N/A,N/A,N/A,UNKNOWN,N/A,N/A,N/A,N/A,N/A,N/A,N/A,NOT_CALCULATED,N/A,LOW,STAGE_MAPPED_ONLY,LOW
171,연수주공2차,28185,인천,N/A,N/A,0,PRE_PROJECT,NO_OFFICIAL_RECORD,공식 정비사업 기록 없음(선별 후보),,,79.3911167659476,960,N/A,90.05729166666667,N/A,N/A,N/A,N/A,N/A,N/A,N/A,N/A,NOT_CALCULATED,N/A,N/A,N/A,UNKNOWN,N/A,N/A,N/A,N/A,N/A,N/A,N/A,NOT_CALCULATED,N/A,LOW,STAGE_MAPPED_ONLY,LOW
173,연수주공3단지,28185,인천,N/A,N/A,0,PRE_PROJECT,NO_OFFICIAL_RECORD,공식 정비사업 기록 없음(선별 후보),,,167.12426262609404,1170,N/A,30.731025641025642,N/A,N/A,N/A,N/A,N/A,N/A,N/A,N/A,NOT_CALCULATED,N/A,N/A,N/A,UNKNOWN,N/A,N/A,N/A,N/A,N/A,N/A,N/A,NOT_CALCULATED,N/A,LOW,STAGE_MAPPED_ONLY,LOW
161,연수태산,28185,인천,N/A,N/A,0,PRE_PROJECT,NO_OFFICIAL_RECORD,공식 정비사업 기록 없음(선별 후보),,,124.623374672386,420,N/A,88.755,N/A,N/A,N/A,N/A,N/A,N/A,N/A,N/A,NOT_CALCULATED,N/A,N/A,N/A,UNKNOWN,N/A,N/A,N/A,N/A,N/A,N/A,N/A,NOT_CALCULATED,N/A,LOW,STAGE_MAPPED_ONLY,LOW
174,연수풍림1차,28185,인천,N/A,N/A,0,PRE_PROJECT,NO_OFFICIAL_RECORD,공식 정비사업 기록 없음(선별 후보),,,228.944468779162,769,N/A,47.79700910273082,N/A,N/A,N/A,N/A,N/A,N/A,N/A,N/A,NOT_CALCULATED,N/A,N/A,N/A,UNKNOWN,N/A,N/A,N/A,N/A,N/A,N/A,N/A,NOT_CALCULATED,N/A,LOW,STAGE_MAPPED_ONLY,LOW
211,연수하나2차아파트,28185,인천,N/A,N/A,0,PRE_PROJECT,NO_OFFICIAL_RECORD,공식 정비사업 기록 없음(선별 후보),,,125.9916913286927,264,N/A,109.05,N/A,N/A,N/A,N/A,N/A,N/A,N/A,N/A,NOT_CALCULATED,N/A,N/A,N/A,UNKNOWN,N/A,N/A,N/A,N/A,N/A,N/A,N/A,NOT_CALCULATED,N/A,LOW,STAGE_MAPPED_ONLY,LOW
198,연수한양1차아파트,28185,인천,N/A,N/A,0,PRE_PROJECT,NO_OFFICIAL_RECORD,공식 정비사업 기록 없음(선별 후보),,,204.03284845313058,1020,N/A,57.13627450980392,N/A,N/A,N/A,N/A,N/A,N/A,N/A,N/A,NOT_CALCULATED,N/A,N/A,N/A,UNKNOWN,N/A,N/A,N/A,N/A,N/A,N/A,N/A,NOT_CALCULATED,N/A,LOW,STAGE_MAPPED_ONLY,LOW
175,연수효정,28185,인천,N/A,N/A,0,PRE_PROJECT,NO_OFFICIAL_RECORD,공식 정비사업 기록 없음(선별 후보),,,126.97749207959366,312,N/A,87.20576923076923,N/A,N/A,N/A,N/A,N/A,N/A,N/A,N/A,NOT_CALCULATED,N/A,N/A,N/A,UNKNOWN,N/A,N/A,N/A,N/A,N/A,N/A,N/A,NOT_CALCULATED,N/A,LOW,STAGE_MAPPED_ONLY,LOW
896,연희 대동주택 아파트,28275,인천,N/A,N/A,0,PRE_PROJECT,NO_OFFICIAL_RECORD,공식 정비사업 기록 없음(선별 후보),,,N/A,1048,N/A,N/A,N/A,N/A,N/A,N/A,N/A,N/A,N/A,N/A,NOT_CALCULATED,N/A,N/A,N/A,UNKNOWN,N/A,N/A,N/A,N/A,N/A,N/A,N/A,NOT_CALCULATED,N/A,LOW,STAGE_MAPPED_ONLY,LOW
900,연희동남아파트,28275,인천,N/A,N/A,0,PRE_PROJECT,NO_OFFICIAL_RECORD,공식 정비사업 기록 없음(선별 후보),,,N/A,280,N/A,N/A,N/A,N/A,N/A,N/A,N/A,N/A,N/A,N/A,NOT_CALCULATED,N/A,N/A,N/A,UNKNOWN,N/A,N/A,N/A,N/A,N/A,N/A,N/A,NOT_CALCULATED,N/A,LOW,STAGE_MAPPED_ONLY,LOW
891,연희태영데시앙,28275,인천,N/A,N/A,0,PRE_PROJECT,NO_OFFICIAL_RECORD,공식 정비사업 기록 없음(선별 후보),,,N/A,390,N/A,N/A,N/A,N/A,N/A,N/A,N/A,N/A,N/A,N/A,NOT_CALCULATED,N/A,N/A,N/A,UNKNOWN,N/A,N/A,N/A,N/A,N/A,N/A,N/A,NOT_CALCULATED,N/A,LOW,STAGE_MAPPED_ONLY,LOW
890,연희한국1차,28275,인천,N/A,N/A,0,PRE_PROJECT,NO_OFFICIAL_RECORD,공식 정비사업 기록 없음(선별 후보),,,N/A,356,N/A,N/A,N/A,N/A,N/A,N/A,N/A,N/A,N/A,N/A,NOT_CALCULATED,N/A,N/A,N/A,UNKNOWN,N/A,N/A,N/A,N/A,N/A,N/A,N/A,NOT_CALCULATED,N/A,LOW,STAGE_MAPPED_ONLY,LOW
49,영남들국화아파트,28177,인천,N/A,N/A,0,PRE_PROJECT,NO_OFFICIAL_RECORD,공식 정비사업 기록 없음(선별 후보),,,212.18253060290584,444,N/A,31.4990990990991,N/A,N/A,N/A,N/A,N/A,N/A,N/A,N/A,NOT_CALCULATED,N/A,N/A,N/A,UNKNOWN,N/A,N/A,N/A,N/A,N/A,N/A,N/A,NOT_CALCULATED,N/A,LOW,STAGE_MAPPED_ONLY,LOW
326,영남아파트,28200,인천,N/A,N/A,0,PRE_PROJECT,NO_OFFICIAL_RECORD,공식 정비사업 기록 없음(선별 후보),,,204.89133724801744,282,N/A,29.28900709219858,N/A,N/A,N/A,N/A,N/A,N/A,N/A,N/A,NOT_CALCULATED,N/A,N/A,N/A,UNKNOWN,N/A,N/A,N/A,N/A,N/A,N/A,N/A,NOT_CALCULATED,N/A,LOW,STAGE_MAPPED_ONLY,LOW
138,옥련1차현대,28185,인천,N/A,N/A,0,PRE_PROJECT,NO_OFFICIAL_RECORD,공식 정비사업 기록 없음(선별 후보),,,225.21091983721982,674,N/A,45.93768545994065,N/A,N/A,N/A,N/A,N/A,N/A,N/A,N/A,NOT_CALCULATED,N/A,N/A,N/A,UNKNOWN,N/A,N/A,N/A,N/A,N/A,N/A,N/A,NOT_CALCULATED,N/A,LOW,STAGE_MAPPED_ONLY,LOW
134,옥련럭키송도,28185,인천,N/A,N/A,0,PRE_PROJECT,NO_OFFICIAL_RECORD,공식 정비사업 기록 없음(선별 후보),,,283.308701337045,1304,N/A,38.181671779141105,N/A,N/A,N/A,N/A,N/A,N/A,N/A,N/A,NOT_CALCULATED,N/A,N/A,N/A,UNKNOWN,N/A,N/A,N/A,N/A,N/A,N/A,N/A,NOT_CALCULATED,N/A,LOW,STAGE_MAPPED_ONLY,LOW
124,옥련백산1차,28185,인천,N/A,N/A,0,PRE_PROJECT,NO_OFFICIAL_RECORD,공식 정비사업 기록 없음(선별 후보),,,N/A,307,N/A,N/A,N/A,N/A,N/A,N/A,N/A,N/A,N/A,N/A,NOT_CALCULATED,N/A,N/A,N/A,UNKNOWN,N/A,N/A,N/A,N/A,N/A,N/A,N/A,NOT_CALCULATED,N/A,LOW,STAGE_MAPPED_ONLY,LOW
125,옥련삼성,28185,인천,N/A,N/A,0,PRE_PROJECT,NO_OFFICIAL_RECORD,공식 정비사업 기록 없음(선별 후보),,,429.77226044347645,612,N/A,26.41045751633987,N/A,N/A,N/A,N/A,N/A,N/A,N/A,N/A,NOT_CALCULATED,N/A,N/A,N/A,UNKNOWN,N/A,N/A,N/A,N/A,N/A,N/A,N/A,NOT_CALCULATED,N/A,LOW,STAGE_MAPPED_ONLY,LOW
126,옥련서해,28185,인천,N/A,N/A,0,PRE_PROJECT,NO_OFFICIAL_RECORD,공식 정비사업 기록 없음(선별 후보),,,401.3489693082914,600,N/A,27.2875,N/A,N/A,N/A,N/A,N/A,N/A,N/A,N/A,NOT_CALCULATED,N/A,N/A,N/A,UNKNOWN,N/A,N/A,N/A,N/A,N/A,N/A,N/A,NOT_CALCULATED,N/A,LOW,STAGE_MAPPED_ONLY,LOW
130,옥련우성아파트,28185,인천,N/A,N/A,0,PRE_PROJECT,NO_OFFICIAL_RECORD,공식 정비사업 기록 없음(선별 후보),,,331.6651602896707,498,N/A,35.99156626506024,N/A,N/A,N/A,N/A,N/A,N/A,N/A,N/A,NOT_CALCULATED,N/A,N/A,N/A,UNKNOWN,N/A,N/A,N/A,N/A,N/A,N/A,N/A,NOT_CALCULATED,N/A,LOW,STAGE_MAPPED_ONLY,LOW
140,옥련원흥,28185,인천,N/A,N/A,0,PRE_PROJECT,NO_OFFICIAL_RECORD,공식 정비사업 기록 없음(선별 후보),,,332.7878249636687,359,N/A,31.05125348189415,N/A,N/A,N/A,N/A,N/A,N/A,N/A,N/A,NOT_CALCULATED,N/A,N/A,N/A,UNKNOWN,N/A,N/A,N/A,N/A,N/A,N/A,N/A,NOT_CALCULATED,N/A,LOW,STAGE_MAPPED_ONLY,LOW
137,옥련현대2차,28185,인천,N/A,N/A,0,PRE_PROJECT,NO_OFFICIAL_RECORD,공식 정비사업 기록 없음(선별 후보),,,260.70498383073567,1180,N/A,32.547627118644066,N/A,N/A,N/A,N/A,N/A,N/A,N/A,N/A,NOT_CALCULATED,N/A,N/A,N/A,UNKNOWN,N/A,N/A,N/A,N/A,N/A,N/A,N/A,NOT_CALCULATED,N/A,LOW,STAGE_MAPPED_ONLY,LOW
135,옥련현대3차,28185,인천,N/A,N/A,0,PRE_PROJECT,NO_OFFICIAL_RECORD,공식 정비사업 기록 없음(선별 후보),,,325.91010207277606,368,N/A,33.83668478260869,N/A,N/A,N/A,N/A,N/A,N/A,N/A,N/A,NOT_CALCULATED,N/A,N/A,N/A,UNKNOWN,N/A,N/A,N/A,N/A,N/A,N/A,N/A,NOT_CALCULATED,N/A,LOW,STAGE_MAPPED_ONLY,LOW
1103,왕길 원흥 아파트,28290,인천,N/A,N/A,0,PRE_PROJECT,NO_OFFICIAL_RECORD,공식 정비사업 기록 없음(선별 후보),,,N/A,354,N/A,N/A,N/A,N/A,N/A,N/A,N/A,N/A,N/A,N/A,NOT_CALCULATED,N/A,N/A,N/A,UNKNOWN,N/A,N/A,N/A,N/A,N/A,N/A,N/A,NOT_CALCULATED,N/A,LOW,STAGE_MAPPED_ONLY,LOW
187,용담마을아파트,28185,인천,N/A,N/A,0,PRE_PROJECT,NO_OFFICIAL_RECORD,공식 정비사업 기록 없음(선별 후보),,,109.58094654920399,500,N/A,60.7512,N/A,N/A,N/A,N/A,N/A,N/A,N/A,N/A,NOT_CALCULATED,N/A,N/A,N/A,UNKNOWN,N/A,N/A,N/A,N/A,N/A,N/A,N/A,NOT_CALCULATED,N/A,LOW,STAGE_MAPPED_ONLY,LOW
19,용현 동아(저층) 아파트,28177,인천,N/A,N/A,0,PRE_PROJECT,NO_OFFICIAL_RECORD,공식 정비사업 기록 없음(선별 후보),,,185.5504460080891,492,N/A,36.6849593495935,N/A,N/A,N/A,N/A,N/A,N/A,N/A,N/A,NOT_CALCULATED,N/A,N/A,N/A,UNKNOWN,N/A,N/A,N/A,N/A,N/A,N/A,N/A,NOT_CALCULATED,N/A,LOW,STAGE_MAPPED_ONLY,LOW
33,용현 삼익 아파트,28177,인천,N/A,N/A,0,PRE_PROJECT,NO_OFFICIAL_RECORD,공식 정비사업 기록 없음(선별 후보),,,490.8246112892492,168,N/A,19.677380952380954,N/A,N/A,N/A,N/A,N/A,N/A,N/A,N/A,NOT_CALCULATED,N/A,N/A,N/A,UNKNOWN,N/A,N/A,N/A,N/A,N/A,N/A,N/A,NOT_CALCULATED,N/A,LOW,STAGE_MAPPED_ONLY,LOW
20,용현 서해 아파트,28177,인천,N/A,N/A,0,PRE_PROJECT,NO_OFFICIAL_RECORD,공식 정비사업 기록 없음(선별 후보),,,345.02539506454804,299,N/A,30.75150501672241,N/A,N/A,N/A,N/A,N/A,N/A,N/A,N/A,NOT_CALCULATED,N/A,N/A,N/A,UNKNOWN,N/A,N/A,N/A,N/A,N/A,N/A,N/A,NOT_CALCULATED,N/A,LOW,STAGE_MAPPED_ONLY,LOW
21,용현 우성 아파트,28177,인천,N/A,N/A,0,PRE_PROJECT,NO_OFFICIAL_RECORD,공식 정비사업 기록 없음(선별 후보),,,327.6791712493683,408,N/A,32.9813725490196,N/A,N/A,N/A,N/A,N/A,N/A,N/A,N/A,NOT_CALCULATED,N/A,N/A,N/A,UNKNOWN,N/A,N/A,N/A,N/A,N/A,N/A,N/A,NOT_CALCULATED,N/A,LOW,STAGE_MAPPED_ONLY,LOW
22,용현 윤성 아파트,28177,인천,N/A,N/A,0,PRE_PROJECT,NO_OFFICIAL_RECORD,공식 정비사업 기록 없음(선별 후보),,,372.7381070612772,368,N/A,27.36141304347826,N/A,N/A,N/A,N/A,N/A,N/A,N/A,N/A,NOT_CALCULATED,N/A,N/A,N/A,UNKNOWN,N/A,N/A,N/A,N/A,N/A,N/A,N/A,NOT_CALCULATED,N/A,LOW,STAGE_MAPPED_ONLY,LOW
23,용현 한국 아파트,28177,인천,N/A,N/A,0,PRE_PROJECT,NO_OFFICIAL_RECORD,공식 정비사업 기록 없음(선별 후보),,,460.9078212290503,298,N/A,24.026845637583893,N/A,N/A,N/A,N/A,N/A,N/A,N/A,N/A,NOT_CALCULATED,N/A,N/A,N/A,UNKNOWN,N/A,N/A,N/A,N/A,N/A,N/A,N/A,NOT_CALCULATED,N/A,LOW,STAGE_MAPPED_ONLY,LOW
25,용현 한양1차 아파트,28177,인천,N/A,N/A,0,PRE_PROJECT,NO_OFFICIAL_RECORD,공식 정비사업 기록 없음(선별 후보),,,N/A,606,N/A,N/A,N/A,N/A,N/A,N/A,N/A,N/A,N/A,N/A,NOT_CALCULATED,N/A,N/A,N/A,UNKNOWN,N/A,N/A,N/A,N/A,N/A,N/A,N/A,NOT_CALCULATED,N/A,LOW,STAGE_MAPPED_ONLY,LOW
24,용현 한양2차 아파트,28177,인천,N/A,N/A,0,PRE_PROJECT,NO_OFFICIAL_RECORD,공식 정비사업 기록 없음(선별 후보),,,367.8248294417219,352,N/A,29.56534090909091,N/A,N/A,N/A,N/A,N/A,N/A,N/A,N/A,NOT_CALCULATED,N/A,N/A,N/A,UNKNOWN,N/A,N/A,N/A,N/A,N/A,N/A,N/A,NOT_CALCULATED,N/A,LOW,STAGE_MAPPED_ONLY,LOW
26,용현금호타운,28177,인천,N/A,N/A,0,PRE_PROJECT,NO_OFFICIAL_RECORD,공식 정비사업 기록 없음(선별 후보),,,226.1148971949655,1170,N/A,49.3008547008547,N/A,N/A,N/A,N/A,N/A,N/A,N/A,N/A,NOT_CALCULATED,N/A,N/A,N/A,UNKNOWN,N/A,N/A,N/A,N/A,N/A,N/A,N/A,NOT_CALCULATED,N/A,LOW,STAGE_MAPPED_ONLY,LOW
28,용현대림아파트,28177,인천,N/A,N/A,0,PRE_PROJECT,NO_OFFICIAL_RECORD,공식 정비사업 기록 없음(선별 후보),,,266.20581577572693,598,N/A,48.01839464882943,N/A,N/A,N/A,N/A,N/A,N/A,N/A,N/A,NOT_CALCULATED,N/A,N/A,N/A,UNKNOWN,N/A,N/A,N/A,N/A,N/A,N/A,N/A,NOT_CALCULATED,N/A,LOW,STAGE_MAPPED_ONLY,LOW
18,용현동아고층,28177,인천,N/A,N/A,0,PRE_PROJECT,NO_OFFICIAL_RECORD,공식 정비사업 기록 없음(선별 후보),,,395.2013833849701,400,N/A,27.758000000000003,N/A,N/A,N/A,N/A,N/A,N/A,N/A,N/A,NOT_CALCULATED,N/A,N/A,N/A,UNKNOWN,N/A,N/A,N/A,N/A,N/A,N/A,N/A,NOT_CALCULATED,N/A,LOW,STAGE_MAPPED_ONLY,LOW
9,용현삼화아파트,28177,인천,N/A,N/A,0,PRE_PROJECT,NO_OFFICIAL_RECORD,공식 정비사업 기록 없음(선별 후보),,,246.36874555371114,114,N/A,29.59298245614035,N/A,N/A,N/A,N/A,N/A,N/A,N/A,N/A,NOT_CALCULATED,N/A,N/A,N/A,UNKNOWN,N/A,N/A,N/A,N/A,N/A,N/A,N/A,NOT_CALCULATED,N/A,LOW,STAGE_MAPPED_ONLY,LOW
17,용현유원아파트,28177,인천,N/A,N/A,0,PRE_PROJECT,NO_OFFICIAL_RECORD,공식 정비사업 기록 없음(선별 후보),,,253.5017779440739,941,N/A,40.61455897980872,N/A,N/A,N/A,N/A,N/A,N/A,N/A,N/A,NOT_CALCULATED,N/A,N/A,N/A,UNKNOWN,N/A,N/A,N/A,N/A,N/A,N/A,N/A,NOT_CALCULATED,N/A,LOW,STAGE_MAPPED_ONLY,LOW
525,우성1.2.3차아파트,28237,인천,N/A,N/A,0,PRE_PROJECT,NO_OFFICIAL_RECORD,공식 정비사업 기록 없음(선별 후보),,,259.53531758448054,1980,N/A,32.282828282828284,N/A,N/A,N/A,N/A,N/A,N/A,N/A,N/A,NOT_CALCULATED,N/A,N/A,N/A,UNKNOWN,N/A,N/A,N/A,N/A,N/A,N/A,N/A,NOT_CALCULATED,N/A,LOW,STAGE_MAPPED_ONLY,LOW
155,우주아파트,28185,인천,N/A,N/A,0,PRE_PROJECT,NO_OFFICIAL_RECORD,공식 정비사업 기록 없음(선별 후보),,,44.61318431957009,230,N/A,245.63434782608695,N/A,N/A,N/A,N/A,N/A,N/A,N/A,N/A,NOT_CALCULATED,N/A,N/A,N/A,UNKNOWN,N/A,N/A,N/A,N/A,N/A,N/A,N/A,NOT_CALCULATED,N/A,LOW,STAGE_MAPPED_ONLY,LOW
654,원흥아파트,28245,인천,N/A,N/A,0,PRE_PROJECT,NO_OFFICIAL_RECORD,공식 정비사업 기록 없음(선별 후보),,,169.43535188216038,170,N/A,43.129411764705885,N/A,N/A,N/A,N/A,N/A,N/A,N/A,N/A,NOT_CALCULATED,N/A,N/A,N/A,UNKNOWN,N/A,N/A,N/A,N/A,N/A,N/A,N/A,NOT_CALCULATED,N/A,LOW,STAGE_MAPPED_ONLY,LOW
648,유승그린아파트,28245,인천,N/A,N/A,0,PRE_PROJECT,NO_OFFICIAL_RECORD,공식 정비사업 기록 없음(선별 후보),,,334.6937693795881,279,N/A,27.048745519713265,N/A,N/A,N/A,N/A,N/A,N/A,N/A,N/A,NOT_CALCULATED,N/A,N/A,N/A,UNKNOWN,N/A,N/A,N/A,N/A,N/A,N/A,N/A,NOT_CALCULATED,N/A,LOW,STAGE_MAPPED_ONLY,LOW
118,윤성아파트,28185,인천,N/A,N/A,0,PRE_PROJECT,NO_OFFICIAL_RECORD,공식 정비사업 기록 없음(선별 후보),,,199.42929061784898,N/A,N/A,N/A,N/A,N/A,N/A,N/A,N/A,N/A,N/A,N/A,NOT_CALCULATED,N/A,N/A,N/A,UNKNOWN,N/A,N/A,N/A,N/A,N/A,N/A,N/A,NOT_CALCULATED,N/A,LOW,STAGE_MAPPED_ONLY,LOW
800,인천 신흥 누리타워,28125,인천,N/A,N/A,0,PRE_PROJECT,NO_OFFICIAL_RECORD,공식 정비사업 기록 없음(선별 후보),,,N/A,95,N/A,N/A,N/A,N/A,N/A,N/A,N/A,N/A,N/A,N/A,NOT_CALCULATED,N/A,N/A,N/A,UNKNOWN,N/A,N/A,N/A,N/A,N/A,N/A,N/A,NOT_CALCULATED,N/A,LOW,STAGE_MAPPED_ONLY,LOW
578,인천갈산2(공단),28237,인천,N/A,N/A,0,PRE_PROJECT,NO_OFFICIAL_RECORD,공식 정비사업 기록 없음(선별 후보),,,104.80625123249851,1170,N/A,28.605641025641024,N/A,N/A,N/A,N/A,N/A,N/A,N/A,N/A,NOT_CALCULATED,N/A,N/A,N/A,UNKNOWN,N/A,N/A,N/A,N/A,N/A,N/A,N/A,NOT_CALCULATED,N/A,LOW,STAGE_MAPPED_ONLY,LOW
386,인천만수7(공단),28200,인천,N/A,N/A,0,PRE_PROJECT,NO_OFFICIAL_RECORD,공식 정비사업 기록 없음(선별 후보),,,65.29472111385486,1466,N/A,56.5174624829468,N/A,N/A,N/A,N/A,N/A,N/A,N/A,N/A,NOT_CALCULATED,N/A,N/A,N/A,UNKNOWN,N/A,N/A,N/A,N/A,N/A,N/A,N/A,NOT_CALCULATED,N/A,LOW,STAGE_MAPPED_ONLY,LOW
388,인천만수9(공단),28200,인천,N/A,N/A,0,PRE_PROJECT,NO_OFFICIAL_RECORD,공식 정비사업 기록 없음(선별 후보),,,119.27424519442941,630,N/A,47.83634920634921,N/A,N/A,N/A,N/A,N/A,N/A,N/A,N/A,NOT_CALCULATED,N/A,N/A,N/A,UNKNOWN,N/A,N/A,N/A,N/A,N/A,N/A,N/A,NOT_CALCULATED,N/A,LOW,STAGE_MAPPED_ONLY,LOW
606,인천부개2(공단),28237,인천,N/A,N/A,0,PRE_PROJECT,NO_OFFICIAL_RECORD,공식 정비사업 기록 없음(선별 후보),,,56.681099824205894,446,N/A,101.90784753363229,N/A,N/A,N/A,N/A,N/A,N/A,N/A,N/A,NOT_CALCULATED,N/A,N/A,N/A,UNKNOWN,N/A,N/A,N/A,N/A,N/A,N/A,N/A,NOT_CALCULATED,N/A,LOW,STAGE_MAPPED_ONLY,LOW
573,인천삼산(공단),28237,인천,N/A,N/A,0,PRE_PROJECT,NO_OFFICIAL_RECORD,공식 정비사업 기록 없음(선별 후보),,,N/A,1972,N/A,N/A,N/A,N/A,N/A,N/A,N/A,N/A,N/A,N/A,NOT_CALCULATED,N/A,N/A,N/A,UNKNOWN,N/A,N/A,N/A,N/A,N/A,N/A,N/A,NOT_CALCULATED,N/A,LOW,STAGE_MAPPED_ONLY,LOW
172,인천연수1(공단),28185,인천,N/A,N/A,0,PRE_PROJECT,NO_OFFICIAL_RECORD,공식 정비사업 기록 없음(선별 후보),,,61.16406454224741,1654,N/A,52.27025392986699,N/A,N/A,N/A,N/A,N/A,N/A,N/A,N/A,NOT_CALCULATED,N/A,N/A,N/A,UNKNOWN,N/A,N/A,N/A,N/A,N/A,N/A,N/A,NOT_CALCULATED,N/A,LOW,STAGE_MAPPED_ONLY,LOW
619,일신 주공 아파트,28237,인천,N/A,N/A,0,PRE_PROJECT,NO_OFFICIAL_RECORD,공식 정비사업 기록 없음(선별 후보),,,324.31515706774445,967,N/A,25.509513960703206,N/A,N/A,N/A,N/A,N/A,N/A,N/A,N/A,NOT_CALCULATED,N/A,N/A,N/A,UNKNOWN,N/A,N/A,N/A,N/A,N/A,N/A,N/A,NOT_CALCULATED,N/A,LOW,STAGE_MAPPED_ONLY,LOW
618,일신풍림아파트,28237,인천,N/A,N/A,0,PRE_PROJECT,NO_OFFICIAL_RECORD,공식 정비사업 기록 없음(선별 후보),,,312.9061932038134,750,N/A,40.6424,N/A,N/A,N/A,N/A,N/A,N/A,N/A,N/A,NOT_CALCULATED,N/A,N/A,N/A,UNKNOWN,N/A,N/A,N/A,N/A,N/A,N/A,N/A,NOT_CALCULATED,N/A,LOW,STAGE_MAPPED_ONLY,LOW
704,작전 뉴서울2차 아파트,28245,인천,N/A,N/A,0,PRE_PROJECT,NO_OFFICIAL_RECORD,공식 정비사업 기록 없음(선별 후보),,,368.0620671745152,400,N/A,28.88,N/A,N/A,N/A,N/A,N/A,N/A,N/A,N/A,NOT_CALCULATED,N/A,N/A,N/A,UNKNOWN,N/A,N/A,N/A,N/A,N/A,N/A,N/A,NOT_CALCULATED,N/A,LOW,STAGE_MAPPED_ONLY,LOW
702,작전 무지개 아파트,28245,인천,N/A,N/A,0,PRE_PROJECT,NO_OFFICIAL_RECORD,공식 정비사업 기록 없음(선별 후보),,,N/A,240,N/A,N/A,N/A,N/A,N/A,N/A,N/A,N/A,N/A,N/A,NOT_CALCULATED,N/A,N/A,N/A,UNKNOWN,N/A,N/A,N/A,N/A,N/A,N/A,N/A,NOT_CALCULATED,N/A,LOW,STAGE_MAPPED_ONLY,LOW
699,작전 미도 아파트,28245,인천,N/A,N/A,0,PRE_PROJECT,NO_OFFICIAL_RECORD,공식 정비사업 기록 없음(선별 후보),,,321.84253401037284,480,N/A,30.689166666666665,N/A,N/A,N/A,N/A,N/A,N/A,N/A,N/A,NOT_CALCULATED,N/A,N/A,N/A,UNKNOWN,N/A,N/A,N/A,N/A,N/A,N/A,N/A,NOT_CALCULATED,N/A,LOW,STAGE_MAPPED_ONLY,LOW
705,작전 삼보 아파트,28245,인천,N/A,N/A,0,PRE_PROJECT,NO_OFFICIAL_RECORD,공식 정비사업 기록 없음(선별 후보),,,309.13896822021024,454,N/A,36.24889867841409,N/A,N/A,N/A,N/A,N/A,N/A,N/A,N/A,NOT_CALCULATED,N/A,N/A,N/A,UNKNOWN,N/A,N/A,N/A,N/A,N/A,N/A,N/A,NOT_CALCULATED,N/A,LOW,STAGE_MAPPED_ONLY,LOW
693,작전 신진 아파트,28245,인천,N/A,N/A,0,PRE_PROJECT,NO_OFFICIAL_RECORD,공식 정비사업 기록 없음(선별 후보),,,177.27200508420717,410,N/A,30.702439024390245,N/A,N/A,N/A,N/A,N/A,N/A,N/A,N/A,NOT_CALCULATED,N/A,N/A,N/A,UNKNOWN,N/A,N/A,N/A,N/A,N/A,N/A,N/A,NOT_CALCULATED,N/A,LOW,STAGE_MAPPED_ONLY,LOW
690,작전 유호 아파트,28245,인천,N/A,N/A,0,PRE_PROJECT,NO_OFFICIAL_RECORD,공식 정비사업 기록 없음(선별 후보),,,338.081648658069,299,N/A,30.705016722408025,N/A,N/A,N/A,N/A,N/A,N/A,N/A,N/A,NOT_CALCULATED,N/A,N/A,N/A,UNKNOWN,N/A,N/A,N/A,N/A,N/A,N/A,N/A,NOT_CALCULATED,N/A,LOW,STAGE_MAPPED_ONLY,LOW
717,작전 코오롱 아파트,28245,인천,N/A,N/A,0,PRE_PROJECT,NO_OFFICIAL_RECORD,공식 정비사업 기록 없음(선별 후보),,,228.142706780107,480,N/A,33.252916666666664,N/A,N/A,N/A,N/A,N/A,N/A,N/A,N/A,NOT_CALCULATED,N/A,N/A,N/A,UNKNOWN,N/A,N/A,N/A,N/A,N/A,N/A,N/A,NOT_CALCULATED,N/A,LOW,STAGE_MAPPED_ONLY,LOW
711,작전 한신 아파트,28245,인천,N/A,N/A,0,PRE_PROJECT,NO_OFFICIAL_RECORD,공식 정비사업 기록 없음(선별 후보),,,240.47211998527786,259,N/A,41.96138996138996,N/A,N/A,N/A,N/A,N/A,N/A,N/A,N/A,NOT_CALCULATED,N/A,N/A,N/A,UNKNOWN,N/A,N/A,N/A,N/A,N/A,N/A,N/A,NOT_CALCULATED,N/A,LOW,STAGE_MAPPED_ONLY,LOW
700,작전 한아름 아파트,28245,인천,N/A,N/A,0,PRE_PROJECT,NO_OFFICIAL_RECORD,공식 정비사업 기록 없음(선별 후보),,,N/A,150,N/A,N/A,N/A,N/A,N/A,N/A,N/A,N/A,N/A,N/A,NOT_CALCULATED,N/A,N/A,N/A,UNKNOWN,N/A,N/A,N/A,N/A,N/A,N/A,N/A,NOT_CALCULATED,N/A,LOW,STAGE_MAPPED_ONLY,LOW
714,작전 한양 아파트,28245,인천,N/A,N/A,0,PRE_PROJECT,NO_OFFICIAL_RECORD,공식 정비사업 기록 없음(선별 후보),,,256.6159605870797,280,N/A,34.72392857142857,N/A,N/A,N/A,N/A,N/A,N/A,N/A,N/A,NOT_CALCULATED,N/A,N/A,N/A,UNKNOWN,N/A,N/A,N/A,N/A,N/A,N/A,N/A,NOT_CALCULATED,N/A,LOW,STAGE_MAPPED_ONLY,LOW
713,작전 한일 아파트,28245,인천,N/A,N/A,0,PRE_PROJECT,NO_OFFICIAL_RECORD,공식 정비사업 기록 없음(선별 후보),,,N/A,168,N/A,N/A,N/A,N/A,N/A,N/A,N/A,N/A,N/A,N/A,NOT_CALCULATED,N/A,N/A,N/A,UNKNOWN,N/A,N/A,N/A,N/A,N/A,N/A,N/A,NOT_CALCULATED,N/A,LOW,STAGE_MAPPED_ONLY,LOW
712,작전 현광 아파트,28245,인천,N/A,N/A,0,PRE_PROJECT,NO_OFFICIAL_RECORD,공식 정비사업 기록 없음(선별 후보),,,333.145179180027,392,N/A,25.299489795918365,N/A,N/A,N/A,N/A,N/A,N/A,N/A,N/A,NOT_CALCULATED,N/A,N/A,N/A,UNKNOWN,N/A,N/A,N/A,N/A,N/A,N/A,N/A,NOT_CALCULATED,N/A,LOW,STAGE_MAPPED_ONLY,LOW
707,작전 현대1차 아파트,28245,인천,N/A,N/A,0,PRE_PROJECT,NO_OFFICIAL_RECORD,공식 정비사업 기록 없음(선별 후보),,,240.24198226568325,570,N/A,42.34035087719298,N/A,N/A,N/A,N/A,N/A,N/A,N/A,N/A,NOT_CALCULATED,N/A,N/A,N/A,UNKNOWN,N/A,N/A,N/A,N/A,N/A,N/A,N/A,NOT_CALCULATED,N/A,LOW,STAGE_MAPPED_ONLY,LOW
691,작전 현대2-1차 아파트,28245,인천,N/A,N/A,0,PRE_PROJECT,NO_OFFICIAL_RECORD,공식 정비사업 기록 없음(선별 후보),,,167.14838476156004,840,N/A,65.7797619047619,N/A,N/A,N/A,N/A,N/A,N/A,N/A,N/A,NOT_CALCULATED,N/A,N/A,N/A,UNKNOWN,N/A,N/A,N/A,N/A,N/A,N/A,N/A,NOT_CALCULATED,N/A,LOW,STAGE_MAPPED_ONLY,LOW
716,작전 현대3차 아파트,28245,인천,N/A,N/A,0,PRE_PROJECT,NO_OFFICIAL_RECORD,공식 정비사업 기록 없음(선별 후보),,,310.6353409603289,390,N/A,33.55153846153846,N/A,N/A,N/A,N/A,N/A,N/A,N/A,N/A,NOT_CALCULATED,N/A,N/A,N/A,UNKNOWN,N/A,N/A,N/A,N/A,N/A,N/A,N/A,NOT_CALCULATED,N/A,LOW,STAGE_MAPPED_ONLY,LOW
697,작전동보아파트,28245,인천,N/A,N/A,0,PRE_PROJECT,NO_OFFICIAL_RECORD,공식 정비사업 기록 없음(선별 후보),,,N/A,1187,N/A,N/A,N/A,N/A,N/A,N/A,N/A,N/A,N/A,N/A,NOT_CALCULATED,N/A,N/A,N/A,UNKNOWN,N/A,N/A,N/A,N/A,N/A,N/A,N/A,NOT_CALCULATED,N/A,LOW,STAGE_MAPPED_ONLY,LOW
706,작전삼천리3차,28245,인천,N/A,N/A,0,PRE_PROJECT,NO_OFFICIAL_RECORD,공식 정비사업 기록 없음(선별 후보),,,338.8151505341535,540,N/A,17.16111111111111,N/A,N/A,N/A,N/A,N/A,N/A,N/A,N/A,NOT_CALCULATED,N/A,N/A,N/A,UNKNOWN,N/A,N/A,N/A,N/A,N/A,N/A,N/A,NOT_CALCULATED,N/A,LOW,STAGE_MAPPED_ONLY,LOW
701,작전중앙하이츠아파트(부평하이츠A입주자대표회의),28245,인천,N/A,N/A,0,PRE_PROJECT,NO_OFFICIAL_RECORD,공식 정비사업 기록 없음(선별 후보),,,N/A,186,N/A,N/A,N/A,N/A,N/A,N/A,N/A,N/A,N/A,N/A,NOT_CALCULATED,N/A,N/A,N/A,UNKNOWN,N/A,N/A,N/A,N/A,N/A,N/A,N/A,NOT_CALCULATED,N/A,LOW,STAGE_MAPPED_ONLY,LOW
696,작전현대2-2차아파트,28245,인천,N/A,N/A,0,PRE_PROJECT,NO_OFFICIAL_RECORD,공식 정비사업 기록 없음(선별 후보),,,206.02660392724638,904,N/A,61.12278761061947,N/A,N/A,N/A,N/A,N/A,N/A,N/A,N/A,NOT_CALCULATED,N/A,N/A,N/A,UNKNOWN,N/A,N/A,N/A,N/A,N/A,N/A,N/A,NOT_CALCULATED,N/A,LOW,STAGE_MAPPED_ONLY,LOW
1009,장미아파트,28290,인천,N/A,N/A,0,PRE_PROJECT,NO_OFFICIAL_RECORD,공식 정비사업 기록 없음(선별 후보),,,N/A,260,N/A,N/A,N/A,N/A,N/A,N/A,N/A,N/A,N/A,N/A,NOT_CALCULATED,N/A,N/A,N/A,UNKNOWN,N/A,N/A,N/A,N/A,N/A,N/A,N/A,NOT_CALCULATED,N/A,LOW,STAGE_MAPPED_ONLY,LOW
103,주안 광명8차 아파트,28177,인천,N/A,N/A,0,PRE_PROJECT,NO_OFFICIAL_RECORD,공식 정비사업 기록 없음(선별 후보),,,215.17194963425612,462,N/A,28.14047619047619,N/A,N/A,N/A,N/A,N/A,N/A,N/A,N/A,NOT_CALCULATED,N/A,N/A,N/A,UNKNOWN,N/A,N/A,N/A,N/A,N/A,N/A,N/A,NOT_CALCULATED,N/A,LOW,STAGE_MAPPED_ONLY,LOW
104,주안 쌍용 아파트,28177,인천,N/A,N/A,0,PRE_PROJECT,NO_OFFICIAL_RECORD,공식 정비사업 기록 없음(선별 후보),,,208.08469437154434,768,N/A,51.102864583333336,N/A,N/A,N/A,N/A,N/A,N/A,N/A,N/A,NOT_CALCULATED,N/A,N/A,N/A,UNKNOWN,N/A,N/A,N/A,N/A,N/A,N/A,N/A,NOT_CALCULATED,N/A,LOW,STAGE_MAPPED_ONLY,LOW
106,주안 진흥 아파트,28177,인천,N/A,N/A,0,PRE_PROJECT,NO_OFFICIAL_RECORD,공식 정비사업 기록 없음(선별 후보),,,259.78702102723923,828,N/A,45.96062801932367,N/A,N/A,N/A,N/A,N/A,N/A,N/A,N/A,NOT_CALCULATED,N/A,N/A,N/A,UNKNOWN,N/A,N/A,N/A,N/A,N/A,N/A,N/A,NOT_CALCULATED,N/A,LOW,STAGE_MAPPED_ONLY,LOW
107,주안 현광 아파트,28177,인천,N/A,N/A,0,PRE_PROJECT,NO_OFFICIAL_RECORD,공식 정비사업 기록 없음(선별 후보),,,N/A,273,N/A,N/A,N/A,N/A,N/A,N/A,N/A,N/A,N/A,N/A,NOT_CALCULATED,N/A,N/A,N/A,UNKNOWN,N/A,N/A,N/A,N/A,N/A,N/A,N/A,NOT_CALCULATED,N/A,LOW,STAGE_MAPPED_ONLY,LOW
101,주안 현대 아파트,28177,인천,N/A,N/A,0,PRE_PROJECT,NO_OFFICIAL_RECORD,공식 정비사업 기록 없음(선별 후보),,,255.65308248160926,338,N/A,45.446745562130175,N/A,N/A,N/A,N/A,N/A,N/A,N/A,N/A,NOT_CALCULATED,N/A,N/A,N/A,UNKNOWN,N/A,N/A,N/A,N/A,N/A,N/A,N/A,NOT_CALCULATED,N/A,LOW,STAGE_MAPPED_ONLY,LOW
62,주안신동아4차아파트,28177,인천,N/A,N/A,0,PRE_PROJECT,NO_OFFICIAL_RECORD,공식 정비사업 기록 없음(선별 후보),,,262.55917636526414,630,N/A,35.46031746031746,N/A,N/A,N/A,N/A,N/A,N/A,N/A,N/A,NOT_CALCULATED,N/A,N/A,N/A,UNKNOWN,N/A,N/A,N/A,N/A,N/A,N/A,N/A,NOT_CALCULATED,N/A,LOW,STAGE_MAPPED_ONLY,LOW
83,주안태화아파트,28177,인천,N/A,N/A,0,PRE_PROJECT,NO_OFFICIAL_RECORD,공식 정비사업 기록 없음(선별 후보),,,103.85825853829118,143,N/A,29.996503496503497,N/A,N/A,N/A,N/A,N/A,N/A,N/A,N/A,NOT_CALCULATED,N/A,N/A,N/A,UNKNOWN,N/A,N/A,N/A,N/A,N/A,N/A,N/A,NOT_CALCULATED,N/A,LOW,STAGE_MAPPED_ONLY,LOW
623,중앙아파트,28245,인천,N/A,N/A,0,PRE_PROJECT,NO_OFFICIAL_RECORD,공식 정비사업 기록 없음(선별 후보),,,N/A,168,N/A,N/A,N/A,N/A,N/A,N/A,N/A,N/A,N/A,N/A,NOT_CALCULATED,N/A,N/A,N/A,UNKNOWN,N/A,N/A,N/A,N/A,N/A,N/A,N/A,NOT_CALCULATED,N/A,LOW,STAGE_MAPPED_ONLY,LOW
727,진달래2차아파트,28245,인천,N/A,N/A,0,PRE_PROJECT,NO_OFFICIAL_RECORD,공식 정비사업 기록 없음(선별 후보),,,195.83409984112384,N/A,N/A,N/A,N/A,N/A,N/A,N/A,N/A,N/A,N/A,N/A,NOT_CALCULATED,N/A,N/A,N/A,UNKNOWN,N/A,N/A,N/A,N/A,N/A,N/A,N/A,NOT_CALCULATED,N/A,LOW,STAGE_MAPPED_ONLY,LOW
546,청천 무지개,28237,인천,N/A,N/A,0,PRE_PROJECT,NO_OFFICIAL_RECORD,공식 정비사업 기록 없음(선별 후보),,,341.95353174294814,220,N/A,29.24772727272727,N/A,N/A,N/A,N/A,N/A,N/A,N/A,N/A,NOT_CALCULATED,N/A,N/A,N/A,UNKNOWN,N/A,N/A,N/A,N/A,N/A,N/A,N/A,NOT_CALCULATED,N/A,LOW,STAGE_MAPPED_ONLY,LOW
550,청천광명,28237,인천,N/A,N/A,0,PRE_PROJECT,NO_OFFICIAL_RECORD,공식 정비사업 기록 없음(선별 후보),,,358.011850003898,418,N/A,30.6866028708134,N/A,N/A,N/A,N/A,N/A,N/A,N/A,N/A,NOT_CALCULATED,N/A,N/A,N/A,UNKNOWN,N/A,N/A,N/A,N/A,N/A,N/A,N/A,NOT_CALCULATED,N/A,LOW,STAGE_MAPPED_ONLY,LOW
551,청천쌍용,28237,인천,N/A,N/A,0,PRE_PROJECT,NO_OFFICIAL_RECORD,공식 정비사업 기록 없음(선별 후보),,,256.7032121561839,510,N/A,35.67941176470588,N/A,N/A,N/A,N/A,N/A,N/A,N/A,N/A,NOT_CALCULATED,N/A,N/A,N/A,UNKNOWN,N/A,N/A,N/A,N/A,N/A,N/A,N/A,NOT_CALCULATED,N/A,LOW,STAGE_MAPPED_ONLY,LOW
544,청천영진아파트,28237,인천,N/A,N/A,0,PRE_PROJECT,NO_OFFICIAL_RECORD,공식 정비사업 기록 없음(선별 후보),,,379.4146739346675,196,N/A,25.64591836734694,N/A,N/A,N/A,N/A,N/A,N/A,N/A,N/A,NOT_CALCULATED,N/A,N/A,N/A,UNKNOWN,N/A,N/A,N/A,N/A,N/A,N/A,N/A,NOT_CALCULATED,N/A,LOW,STAGE_MAPPED_ONLY,LOW
541,청천인향,28237,인천,N/A,N/A,0,PRE_PROJECT,NO_OFFICIAL_RECORD,공식 정비사업 기록 없음(선별 후보),,,345.6744823199893,266,N/A,30.736466165413532,N/A,N/A,N/A,N/A,N/A,N/A,N/A,N/A,NOT_CALCULATED,N/A,N/A,N/A,UNKNOWN,N/A,N/A,N/A,N/A,N/A,N/A,N/A,NOT_CALCULATED,N/A,LOW,STAGE_MAPPED_ONLY,LOW
186,청학 삼용 아파트,28185,인천,N/A,N/A,0,PRE_PROJECT,NO_OFFICIAL_RECORD,공식 정비사업 기록 없음(선별 후보),,,126.55029463375757,300,N/A,87.00066666666667,N/A,N/A,N/A,N/A,N/A,N/A,N/A,N/A,NOT_CALCULATED,N/A,N/A,N/A,UNKNOWN,N/A,N/A,N/A,N/A,N/A,N/A,N/A,NOT_CALCULATED,N/A,LOW,STAGE_MAPPED_ONLY,LOW
185,청학 서해 아파트,28185,인천,N/A,N/A,0,PRE_PROJECT,NO_OFFICIAL_RECORD,공식 정비사업 기록 없음(선별 후보),,,122.07736711621276,294,N/A,92.33299319727891,N/A,N/A,N/A,N/A,N/A,N/A,N/A,N/A,NOT_CALCULATED,N/A,N/A,N/A,UNKNOWN,N/A,N/A,N/A,N/A,N/A,N/A,N/A,NOT_CALCULATED,N/A,LOW,STAGE_MAPPED_ONLY,LOW
141,청학 송도 영남 아파트,28185,인천,N/A,N/A,0,PRE_PROJECT,NO_OFFICIAL_RECORD,공식 정비사업 기록 없음(선별 후보),,,N/A,335,N/A,N/A,N/A,N/A,N/A,N/A,N/A,N/A,N/A,N/A,NOT_CALCULATED,N/A,N/A,N/A,UNKNOWN,N/A,N/A,N/A,N/A,N/A,N/A,N/A,NOT_CALCULATED,N/A,LOW,STAGE_MAPPED_ONLY,LOW
189,청학 시대 아파트,28185,인천,N/A,N/A,0,PRE_PROJECT,NO_OFFICIAL_RECORD,공식 정비사업 기록 없음(선별 후보),,,102.29731235175802,916,N/A,53.89770742358079,N/A,N/A,N/A,N/A,N/A,N/A,N/A,N/A,NOT_CALCULATED,N/A,N/A,N/A,UNKNOWN,N/A,N/A,N/A,N/A,N/A,N/A,N/A,NOT_CALCULATED,N/A,LOW,STAGE_MAPPED_ONLY,LOW
181,청학임대,28185,인천,N/A,N/A,0,PRE_PROJECT,NO_OFFICIAL_RECORD,공식 정비사업 기록 없음(선별 후보),,,213.2069367949059,330,N/A,29.60060606060606,N/A,N/A,N/A,N/A,N/A,N/A,N/A,N/A,NOT_CALCULATED,N/A,N/A,N/A,UNKNOWN,N/A,N/A,N/A,N/A,N/A,N/A,N/A,NOT_CALCULATED,N/A,LOW,STAGE_MAPPED_ONLY,LOW
414,청호아파트,28200,인천,N/A,N/A,0,PRE_PROJECT,NO_OFFICIAL_RECORD,공식 정비사업 기록 없음(선별 후보),,,187.64090177133653,132,N/A,37.63636363636363,N/A,N/A,N/A,N/A,N/A,N/A,N/A,N/A,NOT_CALCULATED,N/A,N/A,N/A,UNKNOWN,N/A,N/A,N/A,N/A,N/A,N/A,N/A,NOT_CALCULATED,N/A,LOW,STAGE_MAPPED_ONLY,LOW
154,태경아파트,28185,인천,N/A,N/A,0,PRE_PROJECT,NO_OFFICIAL_RECORD,공식 정비사업 기록 없음(선별 후보),,,45.26346159632823,220,N/A,256.79954545454547,N/A,N/A,N/A,N/A,N/A,N/A,N/A,N/A,NOT_CALCULATED,N/A,N/A,N/A,UNKNOWN,N/A,N/A,N/A,N/A,N/A,N/A,N/A,NOT_CALCULATED,N/A,LOW,STAGE_MAPPED_ONLY,LOW
669,태산 아파트,28245,인천,N/A,N/A,0,PRE_PROJECT,NO_OFFICIAL_RECORD,공식 정비사업 기록 없음(선별 후보),,,214.64801049409706,408,N/A,28.026960784313726,N/A,N/A,N/A,N/A,N/A,N/A,N/A,N/A,NOT_CALCULATED,N/A,N/A,N/A,UNKNOWN,N/A,N/A,N/A,N/A,N/A,N/A,N/A,NOT_CALCULATED,N/A,LOW,STAGE_MAPPED_ONLY,LOW
653,팬더1차아파트,28245,인천,N/A,N/A,0,PRE_PROJECT,NO_OFFICIAL_RECORD,공식 정비사업 기록 없음(선별 후보),,,205.69984557068653,234,N/A,30.44017094017094,N/A,N/A,N/A,N/A,N/A,N/A,N/A,N/A,NOT_CALCULATED,N/A,N/A,N/A,UNKNOWN,N/A,N/A,N/A,N/A,N/A,N/A,N/A,NOT_CALCULATED,N/A,LOW,STAGE_MAPPED_ONLY,LOW
652,팬더2차아파트,28245,인천,N/A,N/A,0,PRE_PROJECT,NO_OFFICIAL_RECORD,공식 정비사업 기록 없음(선별 후보),,,241.4822219048979,270,N/A,25.937037037037037,N/A,N/A,N/A,N/A,N/A,N/A,N/A,N/A,NOT_CALCULATED,N/A,N/A,N/A,UNKNOWN,N/A,N/A,N/A,N/A,N/A,N/A,N/A,NOT_CALCULATED,N/A,LOW,STAGE_MAPPED_ONLY,LOW
651,팬더아파트,28245,인천,N/A,N/A,0,PRE_PROJECT,NO_OFFICIAL_RECORD,공식 정비사업 기록 없음(선별 후보),,,N/A,126,N/A,N/A,N/A,N/A,N/A,N/A,N/A,N/A,N/A,N/A,NOT_CALCULATED,N/A,N/A,N/A,UNKNOWN,N/A,N/A,N/A,N/A,N/A,N/A,N/A,NOT_CALCULATED,N/A,LOW,STAGE_MAPPED_ONLY,LOW
214,풍림연수3차아파트,28185,인천,N/A,N/A,0,PRE_PROJECT,NO_OFFICIAL_RECORD,공식 정비사업 기록 없음(선별 후보),,,114.78082372852363,440,N/A,87.68886363636364,N/A,N/A,N/A,N/A,N/A,N/A,N/A,N/A,NOT_CALCULATED,N/A,N/A,N/A,UNKNOWN,N/A,N/A,N/A,N/A,N/A,N/A,N/A,NOT_CALCULATED,N/A,LOW,STAGE_MAPPED_ONLY,LOW
57,학익 서원 아파트,28177,인천,N/A,N/A,0,PRE_PROJECT,NO_OFFICIAL_RECORD,공식 정비사업 기록 없음(선별 후보),,,N/A,342,N/A,N/A,N/A,N/A,N/A,N/A,N/A,N/A,N/A,N/A,NOT_CALCULATED,N/A,N/A,N/A,UNKNOWN,N/A,N/A,N/A,N/A,N/A,N/A,N/A,NOT_CALCULATED,N/A,LOW,STAGE_MAPPED_ONLY,LOW
64,"학익 신동아 1,2차 아파트",28177,인천,N/A,N/A,0,PRE_PROJECT,NO_OFFICIAL_RECORD,공식 정비사업 기록 없음(선별 후보),,,N/A,938,N/A,N/A,N/A,N/A,N/A,N/A,N/A,N/A,N/A,N/A,NOT_CALCULATED,N/A,N/A,N/A,UNKNOWN,N/A,N/A,N/A,N/A,N/A,N/A,N/A,NOT_CALCULATED,N/A,LOW,STAGE_MAPPED_ONLY,LOW
63,학익 신동아3차 아파트,28177,인천,N/A,N/A,0,PRE_PROJECT,NO_OFFICIAL_RECORD,공식 정비사업 기록 없음(선별 후보),,,N/A,894,N/A,N/A,N/A,N/A,N/A,N/A,N/A,N/A,N/A,N/A,NOT_CALCULATED,N/A,N/A,N/A,UNKNOWN,N/A,N/A,N/A,N/A,N/A,N/A,N/A,NOT_CALCULATED,N/A,LOW,STAGE_MAPPED_ONLY,LOW
59,학익 신동아7차 아파트,28177,인천,N/A,N/A,0,PRE_PROJECT,NO_OFFICIAL_RECORD,공식 정비사업 기록 없음(선별 후보),,,330.5544475468688,510,N/A,34.409803921568624,N/A,N/A,N/A,N/A,N/A,N/A,N/A,N/A,NOT_CALCULATED,N/A,N/A,N/A,UNKNOWN,N/A,N/A,N/A,N/A,N/A,N/A,N/A,NOT_CALCULATED,N/A,LOW,STAGE_MAPPED_ONLY,LOW
39,학익대동5차아파트,28177,인천,N/A,N/A,0,PRE_PROJECT,NO_OFFICIAL_RECORD,공식 정비사업 기록 없음(선별 후보),,,198.60233170875128,282,N/A,31.359219858156028,N/A,N/A,N/A,N/A,N/A,N/A,N/A,N/A,NOT_CALCULATED,N/A,N/A,N/A,UNKNOWN,N/A,N/A,N/A,N/A,N/A,N/A,N/A,NOT_CALCULATED,N/A,LOW,STAGE_MAPPED_ONLY,LOW
38,학익대동6차아파트,28177,인천,N/A,N/A,0,PRE_PROJECT,NO_OFFICIAL_RECORD,공식 정비사업 기록 없음(선별 후보),,,N/A,120,N/A,31.783333333333335,N/A,N/A,N/A,N/A,N/A,N/A,N/A,N/A,NOT_CALCULATED,N/A,N/A,N/A,UNKNOWN,N/A,N/A,N/A,N/A,N/A,N/A,N/A,NOT_CALCULATED,N/A,LOW,STAGE_MAPPED_ONLY,LOW
61,학익신동아5차아파트,28177,인천,N/A,N/A,0,PRE_PROJECT,NO_OFFICIAL_RECORD,공식 정비사업 기록 없음(선별 후보),,,N/A,594,N/A,N/A,N/A,N/A,N/A,N/A,N/A,N/A,N/A,N/A,NOT_CALCULATED,N/A,N/A,N/A,UNKNOWN,N/A,N/A,N/A,N/A,N/A,N/A,N/A,NOT_CALCULATED,N/A,LOW,STAGE_MAPPED_ONLY,LOW
58,학익신동아6차 아파트,28177,인천,N/A,N/A,0,PRE_PROJECT,NO_OFFICIAL_RECORD,공식 정비사업 기록 없음(선별 후보),,,188.22014206997278,254,N/A,59.303149606299215,N/A,N/A,N/A,N/A,N/A,N/A,N/A,N/A,NOT_CALCULATED,N/A,N/A,N/A,UNKNOWN,N/A,N/A,N/A,N/A,N/A,N/A,N/A,NOT_CALCULATED,N/A,LOW,STAGE_MAPPED_ONLY,LOW
48,학익원흥,28177,인천,N/A,N/A,0,PRE_PROJECT,NO_OFFICIAL_RECORD,공식 정비사업 기록 없음(선별 후보),,,383.4394944312352,396,N/A,28.2510101010101,N/A,N/A,N/A,N/A,N/A,N/A,N/A,N/A,NOT_CALCULATED,N/A,N/A,N/A,UNKNOWN,N/A,N/A,N/A,N/A,N/A,N/A,N/A,NOT_CALCULATED,N/A,LOW,STAGE_MAPPED_ONLY,LOW
53,학익장미1차,28177,인천,N/A,N/A,0,PRE_PROJECT,NO_OFFICIAL_RECORD,공식 정비사업 기록 없음(선별 후보),,,153.2864931980134,580,N/A,63.87586206896552,N/A,N/A,N/A,N/A,N/A,N/A,N/A,N/A,NOT_CALCULATED,N/A,N/A,N/A,UNKNOWN,N/A,N/A,N/A,N/A,N/A,N/A,N/A,NOT_CALCULATED,N/A,LOW,STAGE_MAPPED_ONLY,LOW
351,한국공영아파트,28200,인천,N/A,N/A,0,PRE_PROJECT,NO_OFFICIAL_RECORD,공식 정비사업 기록 없음(선별 후보),,,N/A,160,N/A,N/A,N/A,N/A,N/A,N/A,N/A,N/A,N/A,N/A,NOT_CALCULATED,N/A,N/A,N/A,UNKNOWN,N/A,N/A,N/A,N/A,N/A,N/A,N/A,NOT_CALCULATED,N/A,LOW,STAGE_MAPPED_ONLY,LOW
917,한국지엠(주)사원임대아파트,28275,인천,N/A,N/A,0,PRE_PROJECT,NO_OFFICIAL_RECORD,공식 정비사업 기록 없음(선별 후보),,,N/A,320,N/A,N/A,N/A,N/A,N/A,N/A,N/A,N/A,N/A,N/A,NOT_CALCULATED,N/A,N/A,N/A,UNKNOWN,N/A,N/A,N/A,N/A,N/A,N/A,N/A,NOT_CALCULATED,N/A,LOW,STAGE_MAPPED_ONLY,LOW
734,한성아파트,28245,인천,N/A,N/A,0,PRE_PROJECT,NO_OFFICIAL_RECORD,공식 정비사업 기록 없음(선별 후보),,,N/A,200,N/A,N/A,N/A,N/A,N/A,N/A,N/A,N/A,N/A,N/A,NOT_CALCULATED,N/A,N/A,N/A,UNKNOWN,N/A,N/A,N/A,N/A,N/A,N/A,N/A,NOT_CALCULATED,N/A,LOW,STAGE_MAPPED_ONLY,LOW
530,한신(137-8),28237,인천,N/A,N/A,0,PRE_PROJECT,NO_OFFICIAL_RECORD,공식 정비사업 기록 없음(선별 후보),,,426.42895442359253,542,N/A,17.8929889298893,N/A,N/A,N/A,N/A,N/A,N/A,N/A,N/A,NOT_CALCULATED,N/A,N/A,N/A,UNKNOWN,N/A,N/A,N/A,N/A,N/A,N/A,N/A,NOT_CALCULATED,N/A,LOW,STAGE_MAPPED_ONLY,LOW
791,항동연안아파트,28125,인천,N/A,N/A,0,PRE_PROJECT,NO_OFFICIAL_RECORD,공식 정비사업 기록 없음(선별 후보),,,N/A,694,N/A,N/A,N/A,N/A,N/A,N/A,N/A,N/A,N/A,N/A,NOT_CALCULATED,N/A,N/A,N/A,UNKNOWN,N/A,N/A,N/A,N/A,N/A,N/A,N/A,NOT_CALCULATED,N/A,LOW,STAGE_MAPPED_ONLY,LOW
209,해송마을동남아파트,28185,인천,N/A,N/A,0,PRE_PROJECT,NO_OFFICIAL_RECORD,공식 정비사업 기록 없음(선별 후보),,,101.44502802831781,1350,N/A,59.10688888888889,N/A,N/A,N/A,N/A,N/A,N/A,N/A,N/A,NOT_CALCULATED,N/A,N/A,N/A,UNKNOWN,N/A,N/A,N/A,N/A,N/A,N/A,N/A,NOT_CALCULATED,N/A,LOW,STAGE_MAPPED_ONLY,LOW
903,현광아파트,28275,인천,N/A,N/A,0,PRE_PROJECT,NO_OFFICIAL_RECORD,공식 정비사업 기록 없음(선별 후보),,,N/A,144,N/A,N/A,N/A,N/A,N/A,N/A,N/A,N/A,N/A,N/A,NOT_CALCULATED,N/A,N/A,N/A,UNKNOWN,N/A,N/A,N/A,N/A,N/A,N/A,N/A,NOT_CALCULATED,N/A,LOW,STAGE_MAPPED_ONLY,LOW
640,효성 2차 현대아파트,28245,인천,N/A,N/A,0,PRE_PROJECT,NO_OFFICIAL_RECORD,공식 정비사업 기록 없음(선별 후보),,,277.2526588845655,340,N/A,45.35294117647059,N/A,N/A,N/A,N/A,N/A,N/A,N/A,N/A,NOT_CALCULATED,N/A,N/A,N/A,UNKNOWN,N/A,N/A,N/A,N/A,N/A,N/A,N/A,NOT_CALCULATED,N/A,LOW,STAGE_MAPPED_ONLY,LOW
634,효성 5차 뉴서울,28245,인천,N/A,N/A,0,PRE_PROJECT,NO_OFFICIAL_RECORD,공식 정비사업 기록 없음(선별 후보),,,344.0783899902013,648,N/A,30.71064814814815,N/A,N/A,N/A,N/A,N/A,N/A,N/A,N/A,NOT_CALCULATED,N/A,N/A,N/A,UNKNOWN,N/A,N/A,N/A,N/A,N/A,N/A,N/A,NOT_CALCULATED,N/A,LOW,STAGE_MAPPED_ONLY,LOW
644,효성 백영 아파트,28245,인천,N/A,N/A,0,PRE_PROJECT,NO_OFFICIAL_RECORD,공식 정비사업 기록 없음(선별 후보),,,441.6821412705464,208,N/A,21.64423076923077,N/A,N/A,N/A,N/A,N/A,N/A,N/A,N/A,NOT_CALCULATED,N/A,N/A,N/A,UNKNOWN,N/A,N/A,N/A,N/A,N/A,N/A,N/A,NOT_CALCULATED,N/A,LOW,STAGE_MAPPED_ONLY,LOW
645,효성 신한 아파트,28245,인천,N/A,N/A,0,PRE_PROJECT,NO_OFFICIAL_RECORD,공식 정비사업 기록 없음(선별 후보),,,310.54977777777776,324,N/A,34.02777777777778,N/A,N/A,N/A,N/A,N/A,N/A,N/A,N/A,NOT_CALCULATED,N/A,N/A,N/A,UNKNOWN,N/A,N/A,N/A,N/A,N/A,N/A,N/A,NOT_CALCULATED,N/A,LOW,STAGE_MAPPED_ONLY,LOW
643,효성 중앙하이츠 아파트,28245,인천,N/A,N/A,0,PRE_PROJECT,NO_OFFICIAL_RECORD,공식 정비사업 기록 없음(선별 후보),,,326.0537132563662,375,N/A,32.568,N/A,N/A,N/A,N/A,N/A,N/A,N/A,N/A,NOT_CALCULATED,N/A,N/A,N/A,UNKNOWN,N/A,N/A,N/A,N/A,N/A,N/A,N/A,NOT_CALCULATED,N/A,LOW,STAGE_MAPPED_ONLY,LOW
641,효성 현대3차 아파트,28245,인천,N/A,N/A,0,PRE_PROJECT,NO_OFFICIAL_RECORD,공식 정비사업 기록 없음(선별 후보),,,331.25841184387616,374,N/A,31.78609625668449,N/A,N/A,N/A,N/A,N/A,N/A,N/A,N/A,NOT_CALCULATED,N/A,N/A,N/A,UNKNOWN,N/A,N/A,N/A,N/A,N/A,N/A,N/A,NOT_CALCULATED,N/A,LOW,STAGE_MAPPED_ONLY,LOW
642,효성1차 현대 아파트,28245,인천,N/A,N/A,0,PRE_PROJECT,NO_OFFICIAL_RECORD,공식 정비사업 기록 없음(선별 후보),,,383.05280350486146,874,N/A,29.772311212814646,N/A,N/A,N/A,N/A,N/A,N/A,N/A,N/A,NOT_CALCULATED,N/A,N/A,N/A,UNKNOWN,N/A,N/A,N/A,N/A,N/A,N/A,N/A,NOT_CALCULATED,N/A,LOW,STAGE_MAPPED_ONLY,LOW
633,효성3차뉴서울,28245,인천,N/A,N/A,0,PRE_PROJECT,NO_OFFICIAL_RECORD,공식 정비사업 기록 없음(선별 후보),,,431.86929589097673,542,N/A,26.80627306273063,N/A,N/A,N/A,N/A,N/A,N/A,N/A,N/A,NOT_CALCULATED,N/A,N/A,N/A,UNKNOWN,N/A,N/A,N/A,N/A,N/A,N/A,N/A,NOT_CALCULATED,N/A,LOW,STAGE_MAPPED_ONLY,LOW
637,효성4차현대아파트,28245,인천,N/A,N/A,0,PRE_PROJECT,NO_OFFICIAL_RECORD,공식 정비사업 기록 없음(선별 후보),,,361.2045384259829,919,N/A,32.722633297062025,N/A,N/A,N/A,N/A,N/A,N/A,N/A,N/A,NOT_CALCULATED,N/A,N/A,N/A,UNKNOWN,N/A,N/A,N/A,N/A,N/A,N/A,N/A,NOT_CALCULATED,N/A,LOW,STAGE_MAPPED_ONLY,LOW
650,효성경남1차아파트,28245,인천,N/A,N/A,0,PRE_PROJECT,NO_OFFICIAL_RECORD,공식 정비사업 기록 없음(선별 후보),,,N/A,310,N/A,N/A,N/A,N/A,N/A,N/A,N/A,N/A,N/A,N/A,NOT_CALCULATED,N/A,N/A,N/A,UNKNOWN,N/A,N/A,N/A,N/A,N/A,N/A,N/A,NOT_CALCULATED,N/A,LOW,STAGE_MAPPED_ONLY,LOW
639,효성뉴서울2차아파트,28245,인천,N/A,N/A,0,PRE_PROJECT,NO_OFFICIAL_RECORD,공식 정비사업 기록 없음(선별 후보),,,N/A,775,N/A,N/A,N/A,N/A,N/A,N/A,N/A,N/A,N/A,N/A,NOT_CALCULATED,N/A,N/A,N/A,UNKNOWN,N/A,N/A,N/A,N/A,N/A,N/A,N/A,NOT_CALCULATED,N/A,LOW,STAGE_MAPPED_ONLY,LOW
635,효성하나아파트,28245,인천,N/A,N/A,0,PRE_PROJECT,NO_OFFICIAL_RECORD,공식 정비사업 기록 없음(선별 후보),,,353.48595848595846,498,N/A,32.89156626506024,N/A,N/A,N/A,N/A,N/A,N/A,N/A,N/A,NOT_CALCULATED,N/A,N/A,N/A,UNKNOWN,N/A,N/A,N/A,N/A,N/A,N/A,N/A,NOT_CALCULATED,N/A,LOW,STAGE_MAPPED_ONLY,LOW
324,희망아파트,28200,인천,N/A,N/A,0,PRE_PROJECT,NO_OFFICIAL_RECORD,공식 정비사업 기록 없음(선별 후보),,,N/A,160,N/A,35.679375,N/A,N/A,N/A,N/A,N/A,N/A,N/A,N/A,NOT_CALCULATED,N/A,N/A,N/A,UNKNOWN,N/A,N/A,N/A,N/A,N/A,N/A,N/A,NOT_CALCULATED,N/A,LOW,STAGE_MAPPED_ONLY,LOW
152,희영무지개2차아파트,28185,인천,N/A,N/A,0,PRE_PROJECT,NO_OFFICIAL_RECORD,공식 정비사업 기록 없음(선별 후보),,,N/A,157,N/A,N/A,N/A,N/A,N/A,N/A,N/A,N/A,N/A,N/A,NOT_CALCULATED,N/A,N/A,N/A,UNKNOWN,N/A,N/A,N/A,N/A,N/A,N/A,N/A,NOT_CALCULATED,N/A,LOW,STAGE_MAPPED_ONLY,LOW
