complex_id,name,lawd_cd,emd,band,zone,tier,price_now,n_leaders,consensus,consensus_gap,mispricing,mispricing_status,label,reason,leaders
822,e편한세상 영종국제도시 오션하임,28155,중산동,74,Z28155-중산동,6,403500000.0,2,THIN,0.011471522206307401,0.0036246577880850984,PROXY,NEUTRAL,,UPPER_GRADE:1064:74|BUYER_CHOICE:14:59
822,e편한세상 영종국제도시 오션하임,28155,중산동,84,Z28155-중산동,6,435000000.0,3,STRONG,0.05754637815536764,0.009302563850075697,PROXY,NEUTRAL,,GRADE:319:84|UPPER_GRADE:915:84|BUYER_CHOICE:14:59
245,e편한세상송도아파트,28185,송도동,74,Z28185-송도동,4,555000000.0,2,THIN,0.007614527810734684,0.0022329412441784192,PROXY,NEUTRAL,,LOCAL:246:74|GRADE:5991:74
245,e편한세상송도아파트,28185,송도동,84,Z28185-송도동,4,638000000.0,3,STRONG,0.0967582633687257,0.007998090402629526,PROXY,NEUTRAL,,LOCAL:246:84|GRADE:966:84|UPPER_GRADE:3006:84
945,"가좌두산위브트레지움1,2단지아파트",28275,가좌동,59,Z28237-산곡동,7,384750000.0,2,THIN,-0.004545372007172616,0.008582599026951892,PROXY,NEUTRAL,,GRADE:731:59|UPPER_GRADE:568:59
945,"가좌두산위브트레지움1,2단지아파트",28275,가좌동,84,Z28237-산곡동,7,513250000.0,3,WEAK,-0.009973071217947023,0.0,PROXY,NEUTRAL,,LOCAL:518:84|GRADE:697:84|UPPER_GRADE:566:84
954,가좌한신휴플러스아파트,28275,가좌동,59,Z28237-산곡동,7,340000000.0,3,WEAK,0.014584659171186348,0.003403087139943481,PROXY,NEUTRAL,,LOCAL:945:59|GRADE:731:59|UPPER_GRADE:568:59
954,가좌한신휴플러스아파트,28275,가좌동,84,Z28237-산곡동,7,417875000.0,4,WEAK,0.004952528353716984,0.0014238873096558433,PROXY,NEUTRAL,,LOCAL:518:84|GRADE:697:84|UPPER_GRADE:566:84|BUYER_CHOICE:945:84
333,간석 래미안자이아파트,28200,간석동,59,Z28177-주안동,6,463250000.0,1,THIN,0.021638826673005682,0.012983296003803409,VERIFIED,NEUTRAL,,GRADE:568:59
333,간석 래미안자이아파트,28200,간석동,84,Z28177-주안동,6,554250000.0,3,OK,0.07071395260978959,0.019856839543742667,VERIFIED,NEUTRAL,,LOCAL:319:84|GRADE:566:84|UPPER_GRADE:915:84
671,계산 현대 아파트,28245,계산동,74,Z28245-작전동,7,300000000.0,3,OK,0.032938593474468765,0.01476272333012077,PROXY,NEUTRAL,,GRADE:384:74|UPPER_GRADE:9222:74|BUYER_CHOICE:518:59
671,계산 현대 아파트,28245,계산동,84,Z28245-작전동,7,363750000.0,4,WEAK,0.05342023755262128,0.013715354595968364,PROXY,NEUTRAL,,LOCAL:697:84|GRADE:518:84|UPPER_GRADE:566:84|BUYER_CHOICE:568:59
100,관교한신휴플러스,28177,주안동,59,Z28177-주안동,6,288000000.0,3,OK,0.15558384336377665,0.025050607790285936,PROXY,FALSE_CHEAP,Follower 무반응(Persistent Cheapness),LOCAL:333:59|GRADE:568:59|BUYER_CHOICE:51:59
100,관교한신휴플러스,28177,주안동,84,Z28177-주안동,6,350000000.0,3,STRONG,0.1476670319606189,0.025682253848388032,PROXY,NEUTRAL,,LOCAL:319:84|GRADE:566:84|UPPER_GRADE:915:84
319,구월롯데캐슬골드아파트,28200,구월동,59,Z28177-주안동,6,450000000.0,2,THIN,0.0031002174985074894,0.004082869661821654,VERIFIED,NEUTRAL,,LOCAL:333:59|GRADE:568:59
319,구월롯데캐슬골드아파트,28200,구월동,74,Z28177-주안동,6,490000000.0,3,WEAK,-0.01783470685216638,0.0,PROXY,NEUTRAL,,GRADE:7648:74|UPPER_GRADE:7894:74|BUYER_CHOICE:333:84
319,구월롯데캐슬골드아파트,28200,구월동,84,Z28177-주안동,6,496500000.0,3,WEAK,0.024754083147735608,0.009901633259094244,VERIFIED,NEUTRAL,,LOCAL:333:84|GRADE:566:84|UPPER_GRADE:915:84
508,금호이수마운트밸리,28237,산곡동,59,Z28237-산곡동,7,431250000.0,3,WEAK,-0.00020862620469557373,0.0,VERIFIED,NEUTRAL,,LOCAL:945:59|GRADE:731:59|UPPER_GRADE:568:59
508,금호이수마운트밸리,28237,산곡동,84,Z28237-산곡동,7,554750000.0,3,WEAK,-0.050902407637573636,0.0,VERIFIED,NEUTRAL,,LOCAL:518:84|GRADE:697:84|UPPER_GRADE:566:84
443,논현주공1단지,28200,논현동,59,Z28200-논현동,6,241250000.0,2,THIN,0.06646598364330687,0.004459515023997204,PROXY,NEUTRAL,,GRADE:7688:59|BUYER_CHOICE:385:74
1066,당하 KCC스위첸 아파트,28290,당하동,74,Z28290-당하동,5,342500000.0,2,THIN,-0.01725152813549716,0.0,PROXY,NEUTRAL,,LOCAL:1064:74|BUYER_CHOICE:9253:84
1066,당하 KCC스위첸 아파트,28290,당하동,84,Z28290-당하동,5,352125000.0,2,THIN,-0.00015104822043359063,0.0,PROXY,NEUTRAL,,GRADE:9303:84|BUYER_CHOICE:9253:84
238,더샵송도마리나베이,28185,송도동,74,Z28185-송도동,4,604000000.0,2,THIN,0.042107868448945956,0.0,PROXY,NEUTRAL,,LOCAL:246:74|GRADE:5991:74
238,더샵송도마리나베이,28185,송도동,84,Z28185-송도동,4,657500000.0,3,OK,0.047558568366731314,0.0021231333883118026,PROXY,NEUTRAL,,LOCAL:246:84|GRADE:966:84|UPPER_GRADE:3006:84
69,더샵인천스카이타워1단지아파트,28177,도화동,84,Z28177-주안동,6,550000000.0,3,WEAK,-0.008001962609404707,0.0,PROXY,NEUTRAL,,LOCAL:319:84|GRADE:566:84|UPPER_GRADE:915:84
694,도두리마을 대동아파트,28245,작전동,59,Z28245-작전동,7,283000000.0,4,OK,0.07246480958113621,0.025442667322496032,PROXY,NEUTRAL,,LOCAL:731:59|GRADE:945:59|UPPER_GRADE:568:59|BUYER_CHOICE:671:84
695,도두리마을 동남롯데아파트,28245,작전동,59,Z28245-작전동,7,276500000.0,4,OK,0.04410214413050783,0.01440647820057613,PROXY,NEUTRAL,,LOCAL:731:59|GRADE:945:59|UPPER_GRADE:568:59|BUYER_CHOICE:671:84
775,동부아파트,28125,송현동,59,Z28125-송림동,8,161500000.0,2,THIN,0.04885415048658984,0.000642622622830936,PROXY,NEUTRAL,,LOCAL:786:59|UPPER_GRADE:14:59
775,동부아파트,28125,송현동,74,Z28125-송림동,8,210000000.0,2,THIN,0.05674978715577019,0.019443939009093858,PROXY,NEUTRAL,,UPPER_GRADE:195:74|BUYER_CHOICE:786:59
775,동부아파트,28125,송현동,84,Z28125-송림동,8,230000000.0,4,OK,0.1436348609958567,0.011867044414803745,PROXY,FALSE_CHEAP,Follower 무반응(Persistent Cheapness),LOCAL:790:84|GRADE:6252:84|UPPER_GRADE:14:84|BUYER_CHOICE:137:59
496,동암 신동아 아파트,28237,십정동,59,Z28177-주안동,6,263000000.0,3,STRONG,0.16632874905342357,0.046572049734958605,PROXY,LAG_CANDIDATE,합의 STRONG · Leader 이동 확인 · 후행 움직임 거래량↑,LOCAL:333:59|GRADE:568:59|BUYER_CHOICE:384:74
496,동암 신동아 아파트,28237,십정동,84,Z28177-주안동,6,355000000.0,3,DISTORTED,0.10015251652262322,0.012018301982714788,PROXY,NEUTRAL,,LOCAL:319:84|GRADE:566:84|UPPER_GRADE:915:84
203,동춘 무지개마을아파트,28185,동춘동,59,Z28185-동춘동,7,326500000.0,3,OK,0.03248389532473136,0.007572193808278365,PROXY,NEUTRAL,,GRADE:14:59|UPPER_GRADE:333:59|BUYER_CHOICE:137:84
203,동춘 무지개마을아파트,28185,동춘동,84,Z28185-동춘동,7,414000000.0,3,WEAK,-0.003651211112741925,0.0,PROXY,NEUTRAL,,LOCAL:208:84|GRADE:14:84|UPPER_GRADE:319:84
206,동춘풍림2차아파트,28185,동춘동,84,Z28185-동춘동,7,448500000.0,3,WEAK,-0.03898955311917836,0.0,PROXY,NEUTRAL,,LOCAL:208:84|GRADE:14:84|UPPER_GRADE:319:84
474,래미안부평아파트,28237,부평동,59,Z28237-부평동,6,530000000.0,4,DISTORTED,0.05521250032986688,0.005243670580429449,PROXY,NEUTRAL,,LOCAL:568:59|GRADE:333:59|UPPER_GRADE:5577:59|BUYER_CHOICE:482:84
474,래미안부평아파트,28237,부평동,84,Z28237-부평동,6,620000000.0,4,OK,0.04439096379638628,0.020377981132268266,PROXY,NEUTRAL,,LOCAL:566:84|GRADE:319:84|UPPER_GRADE:915:84|BUYER_CHOICE:5826:84
253,롯데캐슬캠퍼스타운아파트,28185,송도동,59,Z28185-송도동,4,630000000.0,4,OK,0.0443070683110051,0.014588128929421714,PROXY,NEUTRAL,,LOCAL:246:59|GRADE:5826:59|UPPER_GRADE:2970:59|BUYER_CHOICE:252:74
253,롯데캐슬캠퍼스타운아파트,28185,송도동,84,Z28185-송도동,4,782500000.0,3,OK,0.027433748005413754,0.01786254797699911,PROXY,NEUTRAL,,LOCAL:246:84|GRADE:966:84|UPPER_GRADE:3006:84
929,루원e편한세상하늘채,28275,신현동,59,Z28275-가정동,5,477500000.0,3,WEAK,-0.005263157894736842,0.0,VERIFIED,NEUTRAL,,GRADE:5577:59|UPPER_GRADE:5826:59|BUYER_CHOICE:915:84
929,루원e편한세상하늘채,28275,신현동,84,Z28275-가정동,5,555000000.0,2,THIN,-0.013721352599909514,0.0,VERIFIED,NEUTRAL,,LOCAL:915:84|UPPER_GRADE:966:84
928,루원시티대성베르힐,28275,신현동,74,Z28275-가정동,5,565750000.0,2,THIN,-0.003691802381978763,0.0005288673424415743,PROXY,NEUTRAL,,GRADE:1064:74|BUYER_CHOICE:915:84
928,루원시티대성베르힐,28275,신현동,84,Z28275-가정동,5,582250000.0,2,THIN,0.010770507959848102,0.001349652826278576,PROXY,NEUTRAL,,LOCAL:915:84|UPPER_GRADE:966:84
915,루원시티프라디움아파트,28275,가정동,84,Z28275-가정동,5,640000000.0,1,THIN,0.009164311525402308,0.0013078618085689768,PROXY,NEUTRAL,,UPPER_GRADE:966:84
1026,마전동아,28290,마전동,59,Z28290-마전동,7,240000000.0,3,OK,0.004963951195391559,0.0015950983768285255,PROXY,NEUTRAL,,GRADE:731:59|UPPER_GRADE:9235:59|BUYER_CHOICE:1028:84
1026,마전동아,28290,마전동,84,Z28290-마전동,7,274500000.0,4,OK,0.017906818696669973,0.006128406367425021,PROXY,NEUTRAL,,LOCAL:1131:84|GRADE:697:84|UPPER_GRADE:9235:84|BUYER_CHOICE:1028:84
1028,마전영남탑스빌,28290,마전동,84,Z28290-마전동,7,323000000.0,4,WEAK,-0.0189748688400046,0.0,PROXY,NEUTRAL,,LOCAL:1131:84|GRADE:697:84|UPPER_GRADE:9235:84|BUYER_CHOICE:9253:84
765,만석 비치타운주공 아파트,28125,만석동,59,Z28125-만석동,7,184000000.0,3,WEAK,0.012556592548819034,0.0,PROXY,NEUTRAL,,GRADE:14:59|UPPER_GRADE:831:59|BUYER_CHOICE:786:59
765,만석 비치타운주공 아파트,28125,만석동,84,Z28125-만석동,7,287500000.0,3,WEAK,-0.0008629995983128235,0.0,PROXY,NEUTRAL,,GRADE:14:84|UPPER_GRADE:319:84|BUYER_CHOICE:786:84
385,만수 주공4단지 아파트,28200,만수동,59,Z28200-만수동,7,233750000.0,3,WEAK,0.024181813614633063,0.0,PROXY,NEUTRAL,,LOCAL:384:59|GRADE:945:59|UPPER_GRADE:333:59
385,만수 주공4단지 아파트,28200,만수동,74,Z28200-만수동,7,320750000.0,3,WEAK,-0.028061893522160947,0.0,PROXY,NEUTRAL,,LOCAL:384:74|GRADE:195:74|BUYER_CHOICE:482:59
384,만수주공2단지아파트,28200,만수동,59,Z28200-만수동,7,242375000.0,3,OK,0.04078073824038477,0.0171279100609616,PROXY,NEUTRAL,,LOCAL:385:59|GRADE:945:59|UPPER_GRADE:333:59
384,만수주공2단지아파트,28200,만수동,74,Z28200-만수동,7,328500000.0,3,WEAK,0.027295918367346978,0.015597667638483987,PROXY,NEUTRAL,,LOCAL:385:74|GRADE:195:74|BUYER_CHOICE:482:59
384,만수주공2단지아파트,28200,만수동,84,Z28200-만수동,7,295500000.0,3,OK,0.06996882212359329,0.015503589599778596,PROXY,NEUTRAL,,GRADE:208:84|UPPER_GRADE:319:84|BUYER_CHOICE:482:59
251,베르디움더퍼스트아파트,28185,송도동,74,Z28185-송도동,4,650000000.0,3,OK,0.036013127410665036,0.02083205535419091,PROXY,NEUTRAL,,LOCAL:246:74|GRADE:5991:74|BUYER_CHOICE:285:84
251,베르디움더퍼스트아파트,28185,송도동,84,Z28185-송도동,4,716500000.0,3,OK,0.04570611142530509,0.019196566798628134,PROXY,NEUTRAL,,LOCAL:246:84|GRADE:966:84|UPPER_GRADE:3006:84
732,병방 학마을 한진 아파트,28245,병방동,59,Z28245-작전동,7,272500000.0,3,OK,0.010188715173993347,0.004488230921295809,PROXY,NEUTRAL,,LOCAL:731:59|GRADE:945:59|UPPER_GRADE:568:59
603,부개 뉴서울 아파트,28237,부개동,74,Z28237-부평동,6,265000000.0,2,THIN,0.0035791693346057768,0.0014087985183119985,PROXY,NEUTRAL,,UPPER_GRADE:1064:74|BUYER_CHOICE:697:84
603,부개 뉴서울 아파트,28237,부개동,84,Z28237-부평동,6,278500000.0,4,DISTORTED,0.12062240876133136,0.00882942909479408,PROXY,FALSE_CHEAP,Follower 무반응(Persistent Cheapness),LOCAL:566:84|GRADE:319:84|UPPER_GRADE:915:84|BUYER_CHOICE:482:59
611,부개 주공1단지 아파트,28237,부개동,59,Z28237-부평동,6,348500000.0,3,OK,0.08191088341334832,0.017385714256777533,PROXY,NEUTRAL,,LOCAL:568:59|GRADE:333:59|UPPER_GRADE:5577:59
610,부개 주공6단지 아파트,28237,부개동,84,Z28237-부평동,6,483750000.0,4,WEAK,0.004033300037891879,0.0012817787619014258,PROXY,NEUTRAL,,LOCAL:566:84|GRADE:319:84|UPPER_GRADE:915:84|BUYER_CHOICE:600:84
600,부개역푸르지오,28237,부개동,59,Z28237-부평동,6,525000000.0,4,DISTORTED,0.08176425653699201,0.04748598975199796,PROXY,LAG_WATCH,Mispricing 은 있으나 합의 DISTORTED / Leader 확인 / 후행 움직임,LOCAL:568:59|GRADE:333:59|UPPER_GRADE:5577:59|BUYER_CHOICE:482:84
600,부개역푸르지오,28237,부개동,84,Z28237-부평동,6,620000000.0,4,OK,0.033135154369914724,0.012842951229776266,PROXY,NEUTRAL,,LOCAL:566:84|GRADE:319:84|UPPER_GRADE:915:84|BUYER_CHOICE:5826:84
607,부개주공3단지아파트,28237,부개동,59,Z28237-부평동,6,292500000.0,4,OK,0.18998113030030034,0.05767110745915881,PROXY,LAG_CANDIDATE,합의 OK · Leader 이동 확인 · 후행 움직임 Gap 축소/Median↑/P25↑/거래량↑,LOCAL:568:59|GRADE:333:59|UPPER_GRADE:5577:59|BUYER_CHOICE:482:59
482,부평 동아1단지 아파트,28237,부평동,59,Z28237-부평동,6,368750000.0,4,DISTORTED,-0.09235925613502749,0.0,PROXY,NEUTRAL,,LOCAL:568:59|GRADE:333:59|UPPER_GRADE:5577:59|BUYER_CHOICE:508:59
482,부평 동아1단지 아파트,28237,부평동,74,Z28237-부평동,6,523750000.0,2,THIN,-0.22462826897335142,0.0,PROXY,NEUTRAL,,UPPER_GRADE:1064:74|BUYER_CHOICE:600:84
482,부평 동아1단지 아파트,28237,부평동,84,Z28237-부평동,6,599750000.0,3,WEAK,-0.12304780334836712,0.0,PROXY,NEUTRAL,,LOCAL:566:84|GRADE:319:84|UPPER_GRADE:915:84
483,부평 동아아파트2단지,28237,부평동,59,Z28237-부평동,6,361000000.0,4,OK,0.021127252762885046,0.008816794382271283,PROXY,NEUTRAL,,LOCAL:568:59|GRADE:333:59|UPPER_GRADE:5577:59|BUYER_CHOICE:508:59
483,부평 동아아파트2단지,28237,부평동,84,Z28237-부평동,6,547000000.0,3,WEAK,0.025767867196003075,0.012175317250111452,PROXY,NEUTRAL,,LOCAL:566:84|GRADE:319:84|UPPER_GRADE:915:84
519,부평현대1단지,28237,산곡동,74,Z28237-산곡동,7,320000000.0,2,THIN,0.040020155936766624,0.07091190018543941,PROXY,LAG_WATCH,Mispricing 은 있으나 합의 THIN / Leader 확인 / 후행 움직임,GRADE:384:74|BUYER_CHOICE:482:59
519,부평현대1단지,28237,산곡동,84,Z28237-산곡동,7,380750000.0,4,WEAK,-0.0820475684237292,0.0,PROXY,NEUTRAL,,LOCAL:518:84|GRADE:697:84|UPPER_GRADE:566:84|BUYER_CHOICE:508:59
1131,불로월드,28290,불로동,59,Z28290-마전동,7,199000000.0,2,THIN,0.019043583777174855,0.005960814575577716,PROXY,NEUTRAL,,GRADE:731:59|UPPER_GRADE:9235:59
1131,불로월드,28290,불로동,84,Z28290-마전동,7,245000000.0,4,OK,0.023790500204722027,0.008204218077397213,PROXY,NEUTRAL,,LOCAL:1028:84|GRADE:697:84|UPPER_GRADE:9235:84|BUYER_CHOICE:1064:59
518,산곡 한화2차 아파트,28237,산곡동,59,Z28237-산곡동,7,350500000.0,4,WEAK,0.03270552621537454,0.011154148630037674,PROXY,NEUTRAL,,LOCAL:945:59|GRADE:731:59|UPPER_GRADE:568:59|BUYER_CHOICE:508:59
518,산곡 한화2차 아파트,28237,산곡동,84,Z28237-산곡동,7,449000000.0,3,WEAK,0.048436130925568005,0.01011014280256656,VERIFIED,NEUTRAL,,LOCAL:508:84|GRADE:697:84|UPPER_GRADE:566:84
568,삼산타운1단지아파트,28237,삼산동,59,Z28237-부평동,6,426250000.0,3,DISTORTED,0.07873755345536916,0.01612403335735515,VERIFIED,NEUTRAL,,LOCAL:482:59|GRADE:333:59|UPPER_GRADE:5577:59
567,삼산타운2단지아파트,28237,삼산동,84,Z28237-부평동,6,540000000.0,3,OK,0.03478329655351479,0.00667839293827484,PROXY,NEUTRAL,,LOCAL:566:84|GRADE:319:84|UPPER_GRADE:915:84
566,삼산타운7단지,28237,삼산동,84,Z28237-부평동,6,662500000.0,3,WEAK,-0.043147900544063957,0.0,PROXY,NEUTRAL,,LOCAL:600:84|GRADE:319:84|UPPER_GRADE:915:84
395,서창센트럴푸르지오아파트,28200,서창동,74,Z28200-논현동,6,469750000.0,2,THIN,0.005016628534038067,0.002242264558933445,PROXY,NEUTRAL,,GRADE:7648:74|UPPER_GRADE:7894:74
395,서창센트럴푸르지오아파트,28200,서창동,84,Z28200-논현동,6,531250000.0,2,THIN,0.005184226706297551,0.0010957082617106726,PROXY,NEUTRAL,,GRADE:7646:84|UPPER_GRADE:7891:84
241,송도 SK VIEW 아파트,28185,송도동,84,Z28185-송도동,4,717500000.0,3,OK,0.052951833433442,0.008967018942315495,PROXY,NEUTRAL,,LOCAL:246:84|GRADE:966:84|UPPER_GRADE:3006:84
239,송도 오션파크 베르디움,28185,송도동,74,Z28185-송도동,4,590500000.0,2,THIN,0.026695086390623204,0.0022685884893551157,PROXY,NEUTRAL,,LOCAL:246:74|GRADE:5991:74
239,송도 오션파크 베르디움,28185,송도동,84,Z28185-송도동,4,620000000.0,3,STRONG,0.06853222096355042,0.0,PROXY,NEUTRAL,,LOCAL:246:84|GRADE:966:84|UPPER_GRADE:3006:84
195,송도 파크레인 동일하이빌아파트,28185,동춘동,74,Z28185-동춘동,7,475750000.0,2,THIN,-0.005268838772422627,0.0001550671811740852,PROXY,NEUTRAL,,LOCAL:196:74|GRADE:384:74
195,송도 파크레인 동일하이빌아파트,28185,동춘동,84,Z28185-동춘동,7,500000000.0,4,OK,0.01586732474257837,0.00022806231327357967,PROXY,NEUTRAL,,LOCAL:208:84|GRADE:14:84|UPPER_GRADE:319:84|BUYER_CHOICE:252:59
263,송도 풍림아이원1단지아파트,28185,송도동,84,Z28185-송도동,4,578500000.0,3,OK,0.028360829273824283,0.017867322442509298,PROXY,NEUTRAL,,LOCAL:246:84|GRADE:966:84|UPPER_GRADE:3006:84
284,송도글로벌캠퍼스푸르지오,28185,송도동,84,Z28185-송도동,4,740000000.0,3,OK,0.04821659894744959,0.03375161926321471,PROXY,LAG_CANDIDATE,합의 OK · Leader 이동 확인 · 후행 움직임 Median↑/P25↑/거래량↑ · 빠른추종 계급,LOCAL:246:84|GRADE:966:84|UPPER_GRADE:3006:84
247,송도글로벌파크베르디움,28185,송도동,74,Z28185-송도동,4,860000000.0,2,THIN,-0.04050841343214233,0.0,PROXY,NEUTRAL,,LOCAL:246:74|GRADE:5991:74
247,송도글로벌파크베르디움,28185,송도동,84,Z28185-송도동,4,937500000.0,3,OK,0.008011298610998563,0.007056752381498084,PROXY,NEUTRAL,,LOCAL:246:84|GRADE:966:84|UPPER_GRADE:3006:84
285,송도더샵그린스퀘어,28185,송도동,84,Z28185-송도동,4,782000000.0,3,OK,0.008454911172331847,0.0035980156324230588,VERIFIED,NEUTRAL,,LOCAL:246:84|GRADE:966:84|UPPER_GRADE:3006:84
246,송도더샵센트럴시티아파트,28185,송도동,59,Z28185-송도동,4,675000000.0,4,DISTORTED,-0.016186995315761874,0.0,PROXY,NEUTRAL,,LOCAL:252:59|GRADE:5826:59|UPPER_GRADE:2970:59|BUYER_CHOICE:285:84
246,송도더샵센트럴시티아파트,28185,송도동,74,Z28185-송도동,4,751500000.0,2,THIN,-0.009523503359941666,0.0,PROXY,NEUTRAL,,LOCAL:252:74|GRADE:5991:74
246,송도더샵센트럴시티아파트,28185,송도동,84,Z28185-송도동,4,866250000.0,3,WEAK,-0.008527635246301325,0.0,PROXY,NEUTRAL,,LOCAL:285:84|GRADE:966:84|UPPER_GRADE:3006:84
294,송도더샵퍼스트월드,28185,송도동,84,Z28185-송도동,4,790000000.0,3,OK,0.03477912230702599,0.029425895767898638,PROXY,NEUTRAL,,LOCAL:246:84|GRADE:966:84|UPPER_GRADE:3006:84
237,송도랜드마크시티센트럴더샵아파트,28185,송도동,84,Z28185-송도동,4,632000000.0,3,STRONG,0.08184306671919699,0.0,PROXY,NEUTRAL,,LOCAL:246:84|GRADE:966:84|UPPER_GRADE:3006:84
252,송도에듀포레 푸르지오아파트,28185,송도동,59,Z28185-송도동,4,599000000.0,3,OK,0.06596034832640231,0.05936431349376208,PROXY,LAG_CANDIDATE,합의 OK · Leader 이동 확인 · 후행 움직임 P25↑ · 빠른추종 계급,LOCAL:246:59|GRADE:5826:59|UPPER_GRADE:2970:59
252,송도에듀포레 푸르지오아파트,28185,송도동,74,Z28185-송도동,4,693125000.0,2,THIN,0.00397279409050158,0.003955649850461795,PROXY,NEUTRAL,,LOCAL:246:74|GRADE:5991:74
252,송도에듀포레 푸르지오아파트,28185,송도동,84,Z28185-송도동,4,787250000.0,3,OK,0.04635449339050021,0.03208566470444189,PROXY,LAG_CANDIDATE,합의 OK · Leader 이동 확인 · 후행 움직임 거래량↑ · 빠른추종 계급,LOCAL:246:84|GRADE:966:84|UPPER_GRADE:3006:84
283,송도캐슬&해모로,28185,송도동,84,Z28185-송도동,4,620375000.0,4,OK,0.04584377154355032,0.02668712002308431,PROXY,NEUTRAL,,LOCAL:246:84|GRADE:966:84|UPPER_GRADE:3006:84|BUYER_CHOICE:252:74
193,송도파크자이,28185,동춘동,74,Z28185-동춘동,7,490000000.0,3,OK,0.01849770056208468,0.0,PROXY,NEUTRAL,,LOCAL:195:74|GRADE:384:74|BUYER_CHOICE:252:59
193,송도파크자이,28185,동춘동,84,Z28185-동춘동,7,525000000.0,4,STRONG,0.06147575065349425,0.0,PROXY,NEUTRAL,,LOCAL:208:84|GRADE:14:84|UPPER_GRADE:319:84|BUYER_CHOICE:252:59
786,송림 풍림아이원아파트,28125,송림동,59,Z28125-송림동,8,243875000.0,2,THIN,0.02185300973359515,0.0,PROXY,NEUTRAL,,LOCAL:790:59|UPPER_GRADE:14:59
786,송림 풍림아이원아파트,28125,송림동,84,Z28125-송림동,8,324500000.0,4,WEAK,-0.023441510464430083,0.0,PROXY,NEUTRAL,,LOCAL:790:84|GRADE:6252:84|UPPER_GRADE:14:84|BUYER_CHOICE:945:59
790,송림휴먼시아1단지,28125,송림동,59,Z28125-송림동,8,235875000.0,3,OK,0.0698001780670728,0.005154833618505016,PROXY,NEUTRAL,,LOCAL:786:59|UPPER_GRADE:14:59|BUYER_CHOICE:137:59
790,송림휴먼시아1단지,28125,송림동,84,Z28125-송림동,8,316000000.0,4,WEAK,0.016220713239452268,0.0006064347943421771,PROXY,NEUTRAL,,LOCAL:786:84|GRADE:6252:84|UPPER_GRADE:14:84|BUYER_CHOICE:945:59
804,신흥아이파크 아파트,28125,신흥동3가,59,Z28177-학익동,7,210000000.0,4,OK,0.03455897403136283,0.004635040825853969,PROXY,NEUTRAL,,LOCAL:14:59|GRADE:945:59|UPPER_GRADE:333:59|BUYER_CHOICE:786:59
804,신흥아이파크 아파트,28125,신흥동3가,84,Z28177-학익동,7,270000000.0,4,DISTORTED,0.09029630820610245,0.028124793045494836,PROXY,NEUTRAL,,LOCAL:14:84|GRADE:208:84|UPPER_GRADE:319:84|BUYER_CHOICE:51:59
208,연수1차 현대 아파트,28185,동춘동,84,Z28185-동춘동,7,501000000.0,4,WEAK,-0.055610445765142014,0.0,PROXY,NEUTRAL,,LOCAL:195:84|GRADE:14:84|UPPER_GRADE:319:84|BUYER_CHOICE:252:59
207,연수2차 한양 아파트,28185,동춘동,84,Z28185-동춘동,7,425000000.0,3,WEAK,-0.03109128673275218,0.0,PROXY,NEUTRAL,,LOCAL:208:84|GRADE:14:84|UPPER_GRADE:319:84
170,연수2차우성아파트,28185,연수동,59,Z28185-동춘동,7,362500000.0,3,WEAK,0.03344199711162268,0.0,PROXY,NEUTRAL,,GRADE:14:59|UPPER_GRADE:333:59|BUYER_CHOICE:196:74
170,연수2차우성아파트,28185,연수동,84,Z28185-동춘동,7,439250000.0,3,WEAK,0.0026232032216809897,0.0005036550185627501,PROXY,NEUTRAL,,LOCAL:208:84|GRADE:14:84|UPPER_GRADE:319:84
196,연수서해그랑블1단지아파트,28185,동춘동,74,Z28185-동춘동,7,454000000.0,2,THIN,-0.006110406557523295,0.0,PROXY,NEUTRAL,,LOCAL:195:74|GRADE:384:74
196,연수서해그랑블1단지아파트,28185,동춘동,84,Z28185-동춘동,7,528250000.0,4,OK,0.010711753035380533,0.00012496806498717473,PROXY,NEUTRAL,,LOCAL:208:84|GRADE:14:84|UPPER_GRADE:319:84|BUYER_CHOICE:252:59
839,영종센트럴푸르지오자이 아파트,28155,운남동,74,Z28155-운남동,6,394750000.0,2,THIN,0.0036470498103327465,,NOT_CALCULATED,NEUTRAL,,UPPER_GRADE:1064:74|BUYER_CHOICE:14:59
839,영종센트럴푸르지오자이 아파트,28155,운남동,84,Z28155-운남동,6,429500000.0,3,OK,0.02814780458938414,0.0024387257896242424,PROXY,NEUTRAL,,GRADE:319:84|UPPER_GRADE:915:84|BUYER_CHOICE:14:59
831,영종신명스카이뷰주얼리,28155,중산동,59,Z28155-중산동,6,250000000.0,2,THIN,0.04791610009953977,0.020441799932956053,PROXY,NEUTRAL,,LOCAL:827:59|GRADE:333:59
841,영종자이아파트,28155,운남동,84,Z28155-운남동,6,330000000.0,2,THIN,0.012591964920024575,0.00017137664256153438,PROXY,NEUTRAL,,GRADE:319:84|UPPER_GRADE:915:84
828,영종한양수자인아파트,28155,중산동,59,Z28155-중산동,6,286750000.0,3,WEAK,0.021222599020324986,0.014855819314227489,PROXY,NEUTRAL,,LOCAL:831:59|GRADE:333:59|BUYER_CHOICE:786:84
829,영종힐스테이트,28155,중산동,84,Z28155-중산동,6,375000000.0,3,STRONG,0.11135614732128775,0.001937922403003757,PROXY,NEUTRAL,,GRADE:319:84|UPPER_GRADE:915:84|BUYER_CHOICE:14:59
755,오류신동아아파트,28245,오류동,59,Z28245-오류동,7,237500000.0,3,OK,0.023829431438127102,0.007716346153846149,PROXY,NEUTRAL,,GRADE:731:59|UPPER_GRADE:9235:59|BUYER_CHOICE:1064:59
755,오류신동아아파트,28245,오류동,84,Z28245-오류동,7,293500000.0,3,OK,0.013699264552834173,0.006167408901685945,PROXY,NEUTRAL,,GRADE:697:84|UPPER_GRADE:9235:84|BUYER_CHOICE:1064:84
134,옥련럭키송도,28185,옥련동,84,Z28177-학익동,7,286250000.0,4,STRONG,0.12525131461717443,0.04499116991248074,PROXY,LAG_CANDIDATE,합의 STRONG · Leader 이동 확인 · 후행 움직임 거래량↑,LOCAL:14:84|GRADE:208:84|UPPER_GRADE:319:84|BUYER_CHOICE:137:84
137,옥련현대2차,28185,옥련동,59,Z28177-학익동,7,273750000.0,4,WEAK,0.0161428483149431,0.0013471221222599592,PROXY,NEUTRAL,,LOCAL:14:59|GRADE:945:59|UPPER_GRADE:333:59|BUYER_CHOICE:51:59
137,옥련현대2차,28185,옥련동,84,Z28177-학익동,7,367750000.0,3,WEAK,0.013934721189087956,0.00396860859465225,PROXY,NEUTRAL,,LOCAL:14:84|GRADE:208:84|UPPER_GRADE:319:84
136,옥련현대4차,28185,옥련동,59,Z28177-학익동,7,265500000.0,4,OK,0.0702714834754569,0.0010313619313011234,PROXY,NEUTRAL,,LOCAL:14:59|GRADE:945:59|UPPER_GRADE:333:59|BUYER_CHOICE:51:59
136,옥련현대4차,28185,옥련동,84,Z28177-학익동,7,342500000.0,4,OK,0.09410981834254216,0.00790501324706801,PROXY,NEUTRAL,,LOCAL:14:84|GRADE:208:84|UPPER_GRADE:319:84|BUYER_CHOICE:51:84
26,용현금호타운,28177,용현동,74,Z28177-학익동,7,267500000.0,2,THIN,-0.02177361064525126,7.647098879856782e-05,PROXY,NEUTRAL,,GRADE:195:74|BUYER_CHOICE:51:59
26,용현금호타운,28177,용현동,84,Z28177-학익동,7,285000000.0,4,OK,0.061497141261401066,0.00439187927674076,PROXY,NEUTRAL,,LOCAL:14:84|GRADE:208:84|UPPER_GRADE:319:84|BUYER_CHOICE:51:59
1064,원당풍림아이원아파트,28290,당하동,59,Z28290-당하동,5,271000000.0,3,DISTORTED,0.046500687868489494,0.0,PROXY,NEUTRAL,,GRADE:5577:59|UPPER_GRADE:5826:59|BUYER_CHOICE:1028:84
1064,원당풍림아이원아파트,28290,당하동,74,Z28290-당하동,5,297375000.0,1,THIN,-0.006661745486228757,0.0,VERIFIED,NEUTRAL,,BUYER_CHOICE:671:84
1064,원당풍림아이원아파트,28290,당하동,84,Z28290-당하동,5,325500000.0,2,THIN,-0.0042763592898731545,0.0007997892518440478,PROXY,NEUTRAL,,GRADE:9303:84|BUYER_CHOICE:671:84
14,인천에스케이스카이뷰,28177,용현동,59,Z28177-학익동,7,485000000.0,4,WEAK,-0.0018190800041545945,0.00045177659043493595,PROXY,NEUTRAL,,LOCAL:137:59|GRADE:945:59|UPPER_GRADE:333:59|BUYER_CHOICE:69:84
14,인천에스케이스카이뷰,28177,용현동,84,Z28177-학익동,7,573000000.0,3,WEAK,0.0006259541185503339,0.0002921119219901558,VERIFIED,NEUTRAL,,LOCAL:51:84|GRADE:208:84|UPPER_GRADE:319:84
697,작전동보아파트,28245,작전동,84,Z28245-작전동,7,325000000.0,3,OK,0.01801125778428645,0.004882692441415735,PROXY,NEUTRAL,,LOCAL:671:84|GRADE:518:84|UPPER_GRADE:566:84
1001,청라29블럭 호반베르디움,28275,청라동,84,Z28275-청라동,4,648750000.0,2,THIN,0.044279188369962585,0.02195888196705091,PROXY,NEUTRAL,,LOCAL:966:84|UPPER_GRADE:3006:84
987,청라LH,28275,청라동,84,Z28275-청라동,4,519000000.0,3,OK,0.03199081899894493,0.00959724569968348,VERIFIED,NEUTRAL,,LOCAL:966:84|UPPER_GRADE:3006:84|BUYER_CHOICE:1001:84
965,청라센트럴에일린의뜰,28275,청라동,84,Z28275-청라동,4,788000000.0,2,THIN,0.011728394942278033,0.0,PROXY,NEUTRAL,,LOCAL:966:84|UPPER_GRADE:3006:84
966,청라제일풍경채2차에듀앤파크,28275,청라동,74,Z28275-청라동,4,661000000.0,0,UNKNOWN,,,NOT_CALCULATED,UNKNOWN,비율 역사 60개월 미만 또는 Leader 없음,
966,청라제일풍경채2차에듀앤파크,28275,청라동,84,Z28275-청라동,4,728750000.0,2,THIN,0.014794094502996919,0.008510692502722954,PROXY,NEUTRAL,,LOCAL:1001:84|UPPER_GRADE:3006:84
979,청라힐데스하임,28275,청라동,59,Z28275-청라동,4,544750000.0,3,DISTORTED,0.003694069610068896,0.0017238991513654845,VERIFIED,NEUTRAL,,GRADE:5826:59|UPPER_GRADE:2970:59|BUYER_CHOICE:966:74
543,청천푸르지오아파트,28237,청천동,59,Z28237-산곡동,7,321500000.0,4,WEAK,0.024985420585472415,0.007171328089956919,PROXY,NEUTRAL,,LOCAL:945:59|GRADE:731:59|UPPER_GRADE:568:59|BUYER_CHOICE:508:59
543,청천푸르지오아파트,28237,청천동,84,Z28237-산곡동,7,395000000.0,3,WEAK,0.003457000916263185,0.0010371002748789555,PROXY,NEUTRAL,,LOCAL:518:84|GRADE:697:84|UPPER_GRADE:566:84
361,포레시안 아파트,28200,만수동,59,Z28200-만수동,7,333000000.0,4,OK,0.044945411165209684,0.028864757090345874,VERIFIED,NEUTRAL,,LOCAL:384:59|GRADE:945:59|UPPER_GRADE:333:59|BUYER_CHOICE:482:59
361,포레시안 아파트,28200,만수동,74,Z28200-만수동,7,390000000.0,3,OK,0.07574184104767172,0.026237824040962723,PROXY,NEUTRAL,,LOCAL:384:74|GRADE:195:74|BUYER_CHOICE:319:59
361,포레시안 아파트,28200,만수동,84,Z28200-만수동,7,411250000.0,2,THIN,0.14431214083991348,0.09173611677292744,VERIFIED,LAG_WATCH,Mispricing 은 있으나 합의 THIN / Leader 확인 / 후행 움직임,GRADE:208:84|UPPER_GRADE:319:84
827,하늘도시우미린1단지,28155,중산동,59,Z28155-중산동,6,282000000.0,3,WEAK,0.029984423676012468,0.008928761682242992,PROXY,NEUTRAL,,LOCAL:831:59|GRADE:333:59|BUYER_CHOICE:786:84
730,학마을 서해아파트,28245,병방동,59,Z28245-작전동,7,324500000.0,4,WEAK,0.007596393442115915,0.007713322077922082,PROXY,NEUTRAL,,LOCAL:731:59|GRADE:945:59|UPPER_GRADE:568:59|BUYER_CHOICE:671:84
731,학마을영남아파트,28245,병방동,59,Z28245-작전동,7,319250000.0,3,WEAK,0.04804517399499122,0.017936864958130055,PROXY,NEUTRAL,,GRADE:945:59|UPPER_GRADE:568:59|BUYER_CHOICE:671:84
50,학익동아풍림,28177,학익동,59,Z28177-학익동,7,265000000.0,4,OK,0.02661212751886704,0.005196821487050803,PROXY,NEUTRAL,,LOCAL:14:59|GRADE:945:59|UPPER_GRADE:333:59|BUYER_CHOICE:51:59
50,학익동아풍림,28177,학익동,84,Z28177-학익동,7,312500000.0,4,OK,0.10173817247673003,0.018098242410968413,PROXY,NEUTRAL,,LOCAL:14:84|GRADE:208:84|UPPER_GRADE:319:84|BUYER_CHOICE:51:84
51,학익풍림아이원,28177,학익동,59,Z28177-학익동,7,337500000.0,3,OK,0.0394806080324917,0.008281715544949006,PROXY,NEUTRAL,,LOCAL:14:59|GRADE:945:59|UPPER_GRADE:333:59
51,학익풍림아이원,28177,학익동,84,Z28177-학익동,7,399250000.0,3,DISTORTED,0.10682408403911836,0.011933318428009912,PROXY,NEUTRAL,,LOCAL:14:84|GRADE:208:84|UPPER_GRADE:319:84
987,청라LH,28275,청라동,74,Z28275-청라동,4,470000000.0,0,UNKNOWN,,,NOT_CALCULATED,UNKNOWN,비율 역사 60개월 미만 또는 Leader 없음,
2594,DMC래미안e편한세상,11410,북가좌동,59,Z11410-홍제동,3,1400000000.0,4,WEAK,-0.0184668634730245,0.0,PROXY,NEUTRAL,,LOCAL:2604:59|GRADE:2970:59|UPPER_GRADE:2623:59|BUYER_CHOICE:3364:59
2594,DMC래미안e편한세상,11410,북가좌동,84,Z11410-홍제동,3,1523750000.0,4,DISTORTED,0.00872458712393376,0.007496493626544139,PROXY,NEUTRAL,,LOCAL:2423:84|GRADE:3006:84|UPPER_GRADE:2623:84|BUYER_CHOICE:3364:59
2605,DMC센트럴아이파크,11410,남가좌동,59,Z11410-홍제동,3,1192500000.0,3,OK,0.06757484570814375,0.0,PROXY,NEUTRAL,,LOCAL:2604:59|GRADE:2970:59|UPPER_GRADE:2623:59
2605,DMC센트럴아이파크,11410,남가좌동,84,Z11410-홍제동,3,1386250000.0,3,DISTORTED,0.10022611118784944,0.0,PROXY,NEUTRAL,,GRADE:3006:84|UPPER_GRADE:2623:84|BUYER_CHOICE:3364:59
2604,DMC에코자이,11410,남가좌동,59,Z11410-홍제동,3,1305000000.0,4,WEAK,0.021473314837095938,0.0034280205845956474,PROXY,NEUTRAL,,LOCAL:2423:59|GRADE:2970:59|UPPER_GRADE:2623:59|BUYER_CHOICE:2594:84
9539,SK VIEW Park 2차 아파트,41595,기산동,59,Z41595-기산동,6,519500000.0,2,THIN,0.005407677715938225,0.017222819213373902,PROXY,NEUTRAL,,GRADE:9528:59|UPPER_GRADE:4864:59
9539,SK VIEW Park 2차 아파트,41595,기산동,84,Z41595-기산동,6,623000000.0,2,THIN,-0.040209321201402165,0.0,PROXY,NEUTRAL,,GRADE:7610:84|UPPER_GRADE:7604:84
1963,SK북한산시티아파트,11305,미아동,59,Z11290-정릉동,4,678500000.0,3,DISTORTED,0.15887822976956842,0.0834110706290234,VERIFIED,LAG_WATCH,Mispricing 은 있으나 합의 DISTORTED / Leader 확인 / 후행 움직임,LOCAL:1945:59|UPPER_GRADE:1587:59|BUYER_CHOICE:2221:84
1963,SK북한산시티아파트,11305,미아동,84,Z11290-정릉동,4,737500000.0,3,OK,0.12817864260082498,0.015484300472786155,PROXY,NEUTRAL,,LOCAL:1935:84|GRADE:2221:84|UPPER_GRADE:1587:84
9548,SK뷰파크 아파트,41595,반월동,59,Z41117-망포동,4,571250000.0,3,STRONG,0.179427573760201,0.10902623406950547,PROXY,LAG_CANDIDATE,합의 STRONG · Leader 이동 확인 · 후행 움직임 Median↑/P25↑/거래량↑ · 빠른추종 계급,LOCAL:4952:59|GRADE:9661:59|UPPER_GRADE:3698:59
9548,SK뷰파크 아파트,41595,반월동,84,Z41117-망포동,4,655000000.0,4,STRONG,0.18302552316449688,0.06877044028854223,PROXY,LAG_CANDIDATE,합의 STRONG · Leader 이동 확인 · 후행 움직임 Median↑/P25↑/거래량↑ · 빠른추종 계급,LOCAL:4954:84|GRADE:4895:84|UPPER_GRADE:3698:84|BUYER_CHOICE:4953:59
8532,e편한세상 수지아파트,41465,풍덕천동,84,Z41465-죽전동,4,1575000000.0,4,WEAK,-0.06390400961955242,0.0,PROXY,NEUTRAL,,LOCAL:8632:84|GRADE:8325:84|UPPER_GRADE:3698:84|BUYER_CHOICE:4895:84
5414,e편한세상 신곡 포레스타뷰,41150,신곡동,59,Z41150-신곡동,7,410000000.0,4,WEAK,0.01382043258267647,0.0,PROXY,NEUTRAL,,LOCAL:5470:59|GRADE:731:59|UPPER_GRADE:5405:59|BUYER_CHOICE:5415:74
7611,e편한세상 오산세교 아파트,41370,지곶동,59,Z41370-지곶동,6,299750000.0,3,OK,0.033098290598290524,0.0,PROXY,NEUTRAL,,GRADE:9528:59|UPPER_GRADE:4864:59|BUYER_CHOICE:9537:84
7611,e편한세상 오산세교 아파트,41370,지곶동,74,Z41370-지곶동,6,329500000.0,2,THIN,0.0027920929056162603,0.0,PROXY,NEUTRAL,,UPPER_GRADE:4720:74|BUYER_CHOICE:7610:74
7611,e편한세상 오산세교 아파트,41370,지곶동,84,Z41370-지곶동,6,357000000.0,2,THIN,0.03560688773993631,0.0007564336957143428,PROXY,NEUTRAL,,GRADE:7610:84|UPPER_GRADE:7604:84
9965,e편한세상 옥정 더퍼스트 아파트,41630,옥정동,74,Z41630-옥정동,6,370000000.0,3,WEAK,-0.0027949335038242686,0.0,PROXY,NEUTRAL,,LOCAL:9970:74|GRADE:8856:74|BUYER_CHOICE:9961:84
9965,e편한세상 옥정 더퍼스트 아파트,41630,옥정동,84,Z41630-옥정동,6,405000000.0,2,THIN,0.03436176788879504,0.004808009328340596,PROXY,NEUTRAL,,UPPER_GRADE:7369:84|BUYER_CHOICE:9970:84
9961,e편한세상 옥정 메트로포레,41630,옥정동,74,Z41630-옥정동,6,393500000.0,2,THIN,-0.005085377038862201,0.0,PROXY,NEUTRAL,,LOCAL:9970:74|GRADE:8856:74
9961,e편한세상 옥정 메트로포레,41630,옥정동,84,Z41630-옥정동,6,425000000.0,2,THIN,0.03419957854507759,0.0035733640561515785,PROXY,NEUTRAL,,UPPER_GRADE:7369:84|BUYER_CHOICE:9970:84
9970,e편한세상 옥정 에듀써밋,41630,옥정동,74,Z41630-옥정동,6,416000000.0,2,THIN,-0.012912752573239606,0.0,PROXY,NEUTRAL,,LOCAL:9961:74|GRADE:8856:74
9970,e편한세상 옥정 에듀써밋,41630,옥정동,84,Z41630-옥정동,6,469000000.0,1,THIN,0.0,0.0,PROXY,NEUTRAL,,UPPER_GRADE:7369:84
8286,e편한세상 용인한숲시티 5단지,41461,남사읍,59,Z41461-남사읍,6,366500000.0,4,WEAK,-0.002256522049509271,0.004513868455629217,PROXY,NEUTRAL,,LOCAL:8288:59|GRADE:7542:59|UPPER_GRADE:4864:59|BUYER_CHOICE:8284:84
8286,e편한세상 용인한숲시티 5단지,41461,남사읍,84,Z41461-남사읍,6,439000000.0,4,WEAK,-0.013266328234865427,0.0,PROXY,NEUTRAL,,LOCAL:8284:84|GRADE:7542:84|UPPER_GRADE:7604:84|BUYER_CHOICE:9713:84
8284,e편한세상 용인한숲시티6단지,41461,남사읍,59,Z41461-남사읍,6,350000000.0,4,WEAK,0.012281942585841598,0.004089186475770802,PROXY,NEUTRAL,,LOCAL:8288:59|GRADE:7542:59|UPPER_GRADE:4864:59|BUYER_CHOICE:8286:84
8284,e편한세상 용인한숲시티6단지,41461,남사읍,84,Z41461-남사읍,6,439000000.0,4,WEAK,0.002661260982436239,0.0025323751220177686,PROXY,NEUTRAL,,LOCAL:8286:84|GRADE:7542:84|UPPER_GRADE:7604:84|BUYER_CHOICE:9713:84
1362,e편한세상금호파크힐스,11200,금호동1가,59,Z11200-행당동,2,2067500000.0,3,WEAK,-0.011829478315388836,0.0,PROXY,NEUTRAL,,LOCAL:1367:59|GRADE:2623:59|UPPER_GRADE:3888:59
1362,e편한세상금호파크힐스,11200,금호동1가,84,Z11200-행당동,2,2350000000.0,3,WEAK,-0.01438848920863312,0.0,PROXY,NEUTRAL,,LOCAL:1312:84|GRADE:2623:84|UPPER_GRADE:3888:84
9694,e편한세상동탄아파트,41597,목동,74,Z41597-여울동,4,574875000.0,3,OK,0.10703388977489804,0.0011851160659989695,PROXY,NEUTRAL,,LOCAL:9739:74|GRADE:9641:74|BUYER_CHOICE:9689:74
9694,e편한세상동탄아파트,41597,목동,84,Z41597-여울동,4,638875000.0,3,OK,0.1578596853858123,0.029146403605697143,PROXY,NEUTRAL,,LOCAL:9689:84|GRADE:9641:84|UPPER_GRADE:3698:84
6087,e편한세상센트레빌,41210,하안동,59,Z41210-소하동,4,1055000000.0,4,WEAK,-0.04481399531021674,0.0046879825165270644,PROXY,NEUTRAL,,LOCAL:3313:59|GRADE:3739:59|UPPER_GRADE:3487:59|BUYER_CHOICE:6075:59
6087,e편한세상센트레빌,41210,하안동,84,Z41210-소하동,4,1169250000.0,2,THIN,-0.02949577483212252,0.0001549074074074183,VERIFIED,NEUTRAL,,LOCAL:6075:84|GRADE:3760:84
5415,e편한세상신곡파크비스타,41150,신곡동,59,Z41150-신곡동,7,418000000.0,3,OK,0.0023437500000000945,0.0004784688995215337,PROXY,NEUTRAL,,LOCAL:5470:59|GRADE:731:59|UPPER_GRADE:5405:59
5415,e편한세상신곡파크비스타,41150,신곡동,74,Z41150-신곡동,7,480000000.0,2,THIN,-0.016544589946221443,0.0,PROXY,NEUTRAL,,GRADE:384:74|UPPER_GRADE:9970:74
5415,e편한세상신곡파크비스타,41150,신곡동,84,Z41150-신곡동,7,554000000.0,2,THIN,0.03892952805467867,0.007835807279484233,PROXY,NEUTRAL,,LOCAL:5472:84|GRADE:7411:84
4277,가락쌍용1차,11710,가락동,59,Z11710-가락동,2,1858750000.0,4,WEAK,-0.12543153386892103,0.0,PROXY,NEUTRAL,,LOCAL:4263:59|GRADE:1455:59|UPPER_GRADE:4207:59|BUYER_CHOICE:4295:84
4277,가락쌍용1차,11710,가락동,84,Z11710-가락동,2,2065000000.0,4,WEAK,-0.050477781816760034,0.0,PROXY,NEUTRAL,,LOCAL:4263:84|GRADE:1455:84|UPPER_GRADE:4207:84|BUYER_CHOICE:4295:84
8889,가람마을8단지동문굿모닝힐,41480,와동동,74,Z41480-동패동,6,282500000.0,3,STRONG,0.08514829298441717,0.003913983200850376,PROXY,NEUTRAL,,LOCAL:8856:74|GRADE:9222:74|BUYER_CHOICE:7034:59
8889,가람마을8단지동문굿모닝힐,41480,와동동,84,Z41480-동패동,6,292500000.0,4,OK,0.052186287500501805,0.005176150645203466,PROXY,NEUTRAL,,LOCAL:8879:84|GRADE:6845:84|UPPER_GRADE:9178:84|BUYER_CHOICE:7034:59
3036,가양6단지,11500,가양동,59,Z11470-목동,3,1170000000.0,4,WEAK,-0.08730643107503279,0.0,PROXY,NEUTRAL,,LOCAL:2970:59|GRADE:3487:59|UPPER_GRADE:3060:59|BUYER_CHOICE:3002:59
954,가좌한신휴플러스아파트,28275,가좌동,74,Z28237-산곡동,7,,1,UNKNOWN,,,NOT_CALCULATED,UNKNOWN,비율 역사 60개월 미만 또는 Leader 없음,GRADE:384:74
7118,갈매6단지,41310,갈매동,74,Z41310-갈매동,4,688000000.0,4,OK,0.00412510296749576,0.0017090901016823157,PROXY,NEUTRAL,,LOCAL:7122:74|GRADE:2287:74|UPPER_GRADE:8151:74|BUYER_CHOICE:7119:84
7118,갈매6단지,41310,갈매동,84,Z41310-갈매동,4,727500000.0,3,DISTORTED,0.010881231010412022,0.0016417057286959135,PROXY,NEUTRAL,,LOCAL:7119:84|GRADE:2221:84|UPPER_GRADE:1587:84
7119,갈매역 아이파크,41310,갈매동,84,Z41310-갈매동,4,849000000.0,4,DISTORTED,0.01595797346271361,0.0064927551047803045,PROXY,NEUTRAL,,LOCAL:7126:84|GRADE:2221:84|UPPER_GRADE:1587:84|BUYER_CHOICE:7331:84
4136,강남자곡힐스테이트아파트,11680,자곡동,59,Z11680-자곡동,2,1421250000.0,1,THIN,0.09059348004936232,0.0,PROXY,NEUTRAL,,GRADE:4277:59
4458,강동롯데캐슬퍼스트아파트,11740,암사동,59,Z11740-길동,2,1702500000.0,4,WEAK,-0.043286619346208824,0.0,PROXY,NEUTRAL,,LOCAL:4396:59|GRADE:1455:59|UPPER_GRADE:4207:59|BUYER_CHOICE:4397:74
4458,강동롯데캐슬퍼스트아파트,11740,암사동,84,Z11740-길동,2,1860000000.0,4,OK,0.04318130668225001,0.02579159090025651,PROXY,NEUTRAL,,LOCAL:4409:84|GRADE:1455:84|UPPER_GRADE:4207:84|BUYER_CHOICE:4396:74
3006,강서힐스테이트아파트,11500,화곡동,59,Z11470-목동,3,1367500000.0,4,WEAK,0.028625914994576708,0.010929253504508227,PROXY,NEUTRAL,,LOCAL:2970:59|GRADE:3487:59|UPPER_GRADE:3060:59|BUYER_CHOICE:3002:84
3006,강서힐스테이트아파트,11500,화곡동,84,Z11470-목동,3,1492500000.0,3,OK,0.06447476822408742,0.045132337756861186,PROXY,LAG_CANDIDATE,합의 OK · Leader 이동 확인 · 후행 움직임 Median↑/P25↑ · 빠른추종 계급,LOCAL:3002:84|UPPER_GRADE:3042:84|BUYER_CHOICE:3060:84
3232,개봉한마을,11530,개봉동,59,Z11530-구로동,4,886250000.0,3,DISTORTED,0.09071209347166569,0.03200378787878789,PROXY,LAG_WATCH,Mispricing 은 있으나 합의 DISTORTED / Leader 확인 / 후행 움직임,GRADE:3297:59|UPPER_GRADE:3487:59|BUYER_CHOICE:6084:59
3232,개봉한마을,11530,개봉동,84,Z11530-구로동,4,962000000.0,2,THIN,0.05676333436304408,0.031440320285555795,PROXY,LAG_WATCH,Mispricing 은 있으나 합의 THIN / Leader 확인 / 후행 움직임,GRADE:5989:84|BUYER_CHOICE:6081:74
3246,개봉한진,11530,개봉동,59,Z11530-구로동,4,608750000.0,2,THIN,-0.01944029363287554,0.0,PROXY,NEUTRAL,,UPPER_GRADE:3487:59|BUYER_CHOICE:3287:84
3246,개봉한진,11530,개봉동,84,Z11530-구로동,4,677250000.0,3,WEAK,-0.05260677832066913,0.0,PROXY,NEUTRAL,,LOCAL:6052:84|GRADE:5989:84|BUYER_CHOICE:3287:84
4001,개포래미안포레스트,11680,개포동,59,Z11680-역삼동,1,2680000000.0,3,STRONG,0.08811949976841138,0.0367291863981052,PROXY,LAG_CANDIDATE,합의 STRONG · Leader 이동 확인 · 후행 움직임 Gap 축소/Median↑/P25↑/거래량↑ · 빠른추종 계급,LOCAL:4207:59|GRADE:3888:59|BUYER_CHOICE:4002:59
4015,개포주공6단지,11680,개포동,59,Z11680-역삼동,1,3115000000.0,3,WEAK,-0.2596574530407293,0.0,PROXY,NEUTRAL,,LOCAL:4207:59|GRADE:3888:59|BUYER_CHOICE:4002:84
4015,개포주공6단지,11680,개포동,74,Z11680-역삼동,1,3640000000.0,2,THIN,-0.011583986639434822,0.0020492064528121914,PROXY,NEUTRAL,,LOCAL:4088:74|BUYER_CHOICE:3888:59
4015,개포주공6단지,11680,개포동,84,Z11680-역삼동,1,3895000000.0,2,THIN,-0.1389563912373086,0.0,PROXY,NEUTRAL,,LOCAL:4207:84|GRADE:3888:84
7767,거모동보,41390,거모동,59,Z41390-거모동,7,185000000.0,2,THIN,0.10931675152402082,0.027751782236365614,PROXY,NEUTRAL,,GRADE:384:59|UPPER_GRADE:6530:59
7767,거모동보,41390,거모동,84,Z41390-거모동,7,283000000.0,2,THIN,0.09477852573221143,0.022952607593284994,PROXY,NEUTRAL,,GRADE:208:84|UPPER_GRADE:6529:84
4362,거여1단지,11710,거여동,59,Z11710-가락동,2,1277500000.0,3,OK,0.09081045054159897,0.03178365768955964,PROXY,LAG_CANDIDATE,합의 OK · Leader 이동 확인 · 후행 움직임 Gap 축소/Median↑/P25↑,LOCAL:4277:59|GRADE:1455:59|UPPER_GRADE:4207:59
6544,건건이편한세상,41271,건건동,59,Z41271-건건동,5,409750000.0,3,OK,0.1777856285977169,0.1600070657379452,PROXY,LAG_CANDIDATE,합의 OK · Leader 이동 확인 · 후행 움직임 거래량↑,GRADE:4792:59|UPPER_GRADE:7966:59|BUYER_CHOICE:7940:59
6544,건건이편한세상,41271,건건동,74,Z41271-건건동,5,450625000.0,3,OK,0.19025270800869593,0.17122743720782635,PROXY,LAG_CANDIDATE,합의 OK · Leader 이동 확인 · 후행 움직임 거래량↑,GRADE:4664:74|UPPER_GRADE:5736:74|BUYER_CHOICE:7940:59
6544,건건이편한세상,41271,건건동,84,Z41271-건건동,5,516250000.0,2,THIN,0.0460438711434198,0.01725633285244264,PROXY,NEUTRAL,,UPPER_GRADE:8071:84|BUYER_CHOICE:6524:59
6611,경남아너스빌,41273,원곡동,59,Z41273-고잔동,5,383750000.0,3,DISTORTED,0.1890807995321897,0.07059016515868415,PROXY,LAG_WATCH,Mispricing 은 있으나 합의 DISTORTED / Leader 확인 / 후행 움직임,GRADE:5577:59|UPPER_GRADE:7966:59|BUYER_CHOICE:6617:59
6611,경남아너스빌,41273,원곡동,74,Z41273-고잔동,5,397500000.0,3,WEAK,0.012871132594262211,0.002316803866967198,PROXY,NEUTRAL,,LOCAL:6617:74|GRADE:7894:74|UPPER_GRADE:5736:74
6611,경남아너스빌,41273,원곡동,84,Z41273-고잔동,5,439000000.0,2,THIN,0.05212927978727707,0.0051693061987055314,PROXY,NEUTRAL,,LOCAL:6617:84|UPPER_GRADE:8071:84
1156,경희궁자이2단지 아파트,11110,홍파동,59,Z11110-홍파동,1,2150000000.0,2,THIN,0.07834333023996655,0.010725763735160765,PROXY,NEUTRAL,,GRADE:3888:59|BUYER_CHOICE:2623:84
1156,경희궁자이2단지 아파트,11110,홍파동,84,Z11110-홍파동,1,2645000000.0,1,THIN,0.0790776699029128,0.02767718446601948,PROXY,NEUTRAL,,GRADE:3888:84
4396,고덕 그라시움 아파트,11740,고덕동,59,Z11740-길동,2,1930000000.0,4,WEAK,0.0021973553562694994,0.0005709585358762108,PROXY,NEUTRAL,,LOCAL:4397:59|GRADE:1455:59|UPPER_GRADE:4207:59|BUYER_CHOICE:4409:84
4396,고덕 그라시움 아파트,11740,고덕동,74,Z11740-길동,2,2132500000.0,3,OK,0.008929661016949126,0.0056256864406779485,PROXY,NEUTRAL,,GRADE:5183:74|UPPER_GRADE:4015:74|BUYER_CHOICE:4295:84
4396,고덕 그라시움 아파트,11740,고덕동,84,Z11740-길동,2,2400000000.0,4,WEAK,-0.012808361923039436,0.0029057608213448787,PROXY,NEUTRAL,,LOCAL:4409:84|GRADE:1455:84|UPPER_GRADE:4207:84|BUYER_CHOICE:4263:84
4409,고덕 아르테온 아파트,11740,상일동,59,Z11740-길동,2,1800000000.0,3,WEAK,0.020229553354758296,0.012744618613497728,PROXY,NEUTRAL,,LOCAL:4396:59|GRADE:1455:59|UPPER_GRADE:4207:59
4409,고덕 아르테온 아파트,11740,상일동,84,Z11740-길동,2,2260000000.0,4,WEAK,-0.022708192558920422,0.0,PROXY,NEUTRAL,,LOCAL:4396:84|GRADE:1455:84|UPPER_GRADE:4207:84|BUYER_CHOICE:4295:84
6359,고덕국제신도시 제일풍경채아파트,41220,고덕동,84,Z41220-고덕동,5,623000000.0,2,THIN,0.04610902396001886,0.005134318792683783,PROXY,NEUTRAL,,GRADE:7604:84|UPPER_GRADE:9689:84
4411,고덕롯데캐슬베네루체,11740,상일동,59,Z11740-길동,2,1602500000.0,3,WEAK,0.007716049382716077,0.0048611111111111285,PROXY,NEUTRAL,,LOCAL:4396:59|GRADE:1455:59|UPPER_GRADE:4207:59
4411,고덕롯데캐슬베네루체,11740,상일동,84,Z11740-길동,2,1800000000.0,3,WEAK,0.008352702820280174,0.005262202776776509,PROXY,NEUTRAL,,LOCAL:4409:84|GRADE:1455:84|UPPER_GRADE:4207:84
4414,고덕리엔파크3단지,11740,상일동,59,Z11740-길동,2,1090000000.0,4,DISTORTED,0.08596315218450515,0.08810534662095998,PROXY,LAG_WATCH,Mispricing 은 있으나 합의 DISTORTED / Leader 확인 / 후행 움직임,LOCAL:4396:59|GRADE:1455:59|UPPER_GRADE:4207:59|BUYER_CHOICE:8145:74
4414,고덕리엔파크3단지,11740,상일동,84,Z11740-길동,2,1280000000.0,3,STRONG,0.07246382900334969,0.03566667432043356,PROXY,LAG_CANDIDATE,합의 STRONG · Leader 이동 확인 · 후행 움직임 Gap 축소/Median↑/P25↑ · 빠른추종 계급,LOCAL:4409:84|GRADE:1455:84|UPPER_GRADE:4207:84
4410,고덕센트럴 아이파크,11740,상일동,59,Z11740-길동,2,1690000000.0,4,WEAK,-0.012409713860744995,0.0031483741108845917,PROXY,NEUTRAL,,LOCAL:4396:59|GRADE:1455:59|UPPER_GRADE:4207:59|BUYER_CHOICE:4407:84
4410,고덕센트럴 아이파크,11740,상일동,74,Z11740-길동,2,1772500000.0,3,OK,0.05832769823302861,0.02385819398141661,PROXY,NEUTRAL,,LOCAL:4396:74|GRADE:5183:74|BUYER_CHOICE:4409:84
4410,고덕센트럴 아이파크,11740,상일동,84,Z11740-길동,2,1953750000.0,3,WEAK,0.04031833140799381,0.009400108402495944,PROXY,NEUTRAL,,LOCAL:4409:84|GRADE:1455:84|UPPER_GRADE:4207:84
4398,고덕아이파크아파트,11740,고덕동,59,Z11740-길동,2,,3,UNKNOWN,,,NOT_CALCULATED,UNKNOWN,비율 역사 60개월 미만 또는 Leader 없음,LOCAL:4396:59|GRADE:1455:59|UPPER_GRADE:4207:59
4398,고덕아이파크아파트,11740,고덕동,84,Z11740-길동,2,1960000000.0,4,OK,0.06371417687138398,0.025581603315086604,PROXY,NEUTRAL,,LOCAL:4409:84|GRADE:1455:84|UPPER_GRADE:4207:84|BUYER_CHOICE:4396:84
4407,고덕자이 아파트,11740,상일동,59,Z11740-길동,2,1719500000.0,3,WEAK,-0.009082575626192293,0.0,PROXY,NEUTRAL,,LOCAL:4396:59|GRADE:1455:59|BUYER_CHOICE:4409:84
4407,고덕자이 아파트,11740,상일동,84,Z11740-길동,2,1930000000.0,2,THIN,0.031806789920901406,0.022067905925644372,PROXY,NEUTRAL,,LOCAL:4409:84|UPPER_GRADE:4207:84
4390,고덕주공9단지,11740,명일동,84,Z11740-길동,2,1739500000.0,4,WEAK,-0.04003554464837294,0.0,PROXY,NEUTRAL,,LOCAL:4409:84|GRADE:1455:84|UPPER_GRADE:4207:84|BUYER_CHOICE:4396:59
6433,고덕태평아파트,41220,고덕면,59,Z41220-고덕면,7,125625000.0,2,THIN,0.18837462611040037,0.05575188954394081,PROXY,LAG_WATCH,Mispricing 은 있으나 합의 THIN / Leader 미확인 / 후행 움직임,GRADE:384:59|UPPER_GRADE:6278:59
6433,고덕태평아파트,41220,고덕면,84,Z41220-고덕면,7,176500000.0,2,THIN,0.1567205534331678,0.05100574170482653,PROXY,LAG_WATCH,Mispricing 은 있으나 합의 THIN / Leader 확인 / 후행 움직임,GRADE:7563:84|UPPER_GRADE:6279:84
6432,고덕하늘채시그니처아파트,41220,고덕면,59,Z41220-고덕면,7,270000000.0,3,OK,0.011518079539945544,0.00950111769934568,PROXY,NEUTRAL,,GRADE:384:59|UPPER_GRADE:6278:59|BUYER_CHOICE:6252:84
6432,고덕하늘채시그니처아파트,41220,고덕면,84,Z41220-고덕면,7,357500000.0,3,OK,0.07110122941749629,0.0,PROXY,NEUTRAL,,GRADE:7563:84|UPPER_GRADE:6279:84|BUYER_CHOICE:6277:59
5542,고산리슈빌포레아파트,41150,고산동,59,Z41150-고산동,,327500000.0,1,THIN,0.012789768185451604,0.0,PROXY,NEUTRAL,,BUYER_CHOICE:5415:59
6573,고잔3차푸르지오,41273,고잔동,74,Z41273-고잔동,5,623250000.0,4,WEAK,-0.02445210816627618,0.002990485467980193,PROXY,NEUTRAL,,LOCAL:6617:74|GRADE:7894:74|UPPER_GRADE:5736:74|BUYER_CHOICE:6557:59
6573,고잔3차푸르지오,41273,고잔동,84,Z41273-고잔동,5,720000000.0,3,WEAK,0.03403176316831334,0.0014114673774057959,PROXY,NEUTRAL,,LOCAL:6617:84|UPPER_GRADE:8071:84|BUYER_CHOICE:6557:84
6555,고잔롯데캐슬골드파크아파트,41273,고잔동,59,Z41273-고잔동,5,559000000.0,3,OK,0.03507484714315837,0.012073230051303686,PROXY,NEUTRAL,,GRADE:5577:59|UPPER_GRADE:7966:59|BUYER_CHOICE:6554:59
6555,고잔롯데캐슬골드파크아파트,41273,고잔동,74,Z41273-고잔동,5,634000000.0,3,WEAK,0.032926692297498984,,NOT_CALCULATED,NEUTRAL,,GRADE:7894:74|UPPER_GRADE:5736:74|BUYER_CHOICE:6554:59
6555,고잔롯데캐슬골드파크아파트,41273,고잔동,84,Z41273-고잔동,5,710125000.0,1,THIN,0.01193485217901999,0.0,PROXY,NEUTRAL,,BUYER_CHOICE:6554:74
6559,고잔주공7단지,41273,고잔동,59,Z41273-고잔동,5,260000000.0,3,OK,0.26745781508567157,0.03623340173570621,PROXY,LAG_CANDIDATE,합의 OK · Leader 이동 확인 · 후행 움직임 Gap 축소,GRADE:5577:59|UPPER_GRADE:7966:59|BUYER_CHOICE:6529:59
6559,고잔주공7단지,41273,고잔동,74,Z41273-고잔동,5,365000000.0,4,WEAK,0.07058518187059398,0.0033161703387738183,PROXY,NEUTRAL,,LOCAL:6617:74|GRADE:7894:74|UPPER_GRADE:5736:74|BUYER_CHOICE:6529:84
6562,고잔주공9단지,41273,고잔동,59,Z41273-고잔동,5,296250000.0,3,DISTORTED,0.17566057307446178,0.0025011282755926403,PROXY,FALSE_CHEAP,구조적 비중 64%,GRADE:5577:59|UPPER_GRADE:7966:59|BUYER_CHOICE:6529:74
6562,고잔주공9단지,41273,고잔동,74,Z41273-고잔동,5,422500000.0,2,THIN,0.009416050333277585,0.0,PROXY,NEUTRAL,,GRADE:7894:74|UPPER_GRADE:5736:74
9893,곤지암킴스빌리지,41610,곤지암읍,59,Z41610-곤지암읍,7,192000000.0,2,THIN,0.03959069987254388,0.0036718883212160766,PROXY,NEUTRAL,,GRADE:5470:59|UPPER_GRADE:8288:59
9097,공도주은풍림,41550,공도읍,59,Z41550-공도읍,7,144500000.0,2,THIN,-0.04174587823373469,0.0,PROXY,NEUTRAL,,GRADE:384:59|UPPER_GRADE:6278:59
6632,공작한양(고층),41273,선부동,74,Z41273-고잔동,5,373000000.0,3,WEAK,0.0,0.0,PROXY,NEUTRAL,,LOCAL:6617:74|GRADE:7894:74|UPPER_GRADE:5736:74
6632,공작한양(고층),41273,선부동,84,Z41273-고잔동,5,384000000.0,2,THIN,0.07039074979973224,0.0005303274902322008,PROXY,NEUTRAL,,LOCAL:6617:84|UPPER_GRADE:8071:84
7113,과천래미안슈르,41290,원문동,59,Z41290-중앙동,1,1835000000.0,2,THIN,-0.012307514754604246,0.0019673191115291565,PROXY,NEUTRAL,,LOCAL:7112:59|GRADE:3888:59
7113,과천래미안슈르,41290,원문동,84,Z41290-중앙동,1,2077500000.0,2,THIN,-0.027077026648547713,0.00226712329950283,PROXY,NEUTRAL,,LOCAL:7112:84|GRADE:3888:84
7116,과천센트럴파크푸르지오써밋,41290,부림동,84,Z41290-중앙동,1,2350000000.0,2,THIN,0.025934995250793905,0.017932867022936682,PROXY,NEUTRAL,,GRADE:3888:84|BUYER_CHOICE:7109:84
7112,과천위버필드아파트,41290,원문동,59,Z41290-중앙동,1,2053750000.0,1,THIN,0.015733383183569805,0.0062933532734279225,PROXY,NEUTRAL,,GRADE:3888:59
7112,과천위버필드아파트,41290,원문동,84,Z41290-중앙동,1,2443750000.0,2,THIN,0.06031236532232623,0.04221865572562836,PROXY,LAG_WATCH,Mispricing 은 있으나 합의 THIN / Leader 확인 / 후행 움직임,LOCAL:7113:84|GRADE:3888:84
7109,과천푸르지오써밋,41290,중앙동,59,Z41290-중앙동,1,2127500000.0,1,THIN,0.06776455838399442,0.012708565279334314,PROXY,NEUTRAL,,GRADE:3888:59
7109,과천푸르지오써밋,41290,중앙동,84,Z41290-중앙동,1,2660000000.0,1,THIN,0.05965209227588886,0.0417564645931222,PROXY,LAG_WATCH,Mispricing 은 있으나 합의 THIN / Leader 확인 / 후행 움직임,GRADE:3888:84
6729,관산주공그린빌,41281,관산동,59,Z41281-관산동,6,259000000.0,2,THIN,0.15018336314221634,0.02225487421694588,PROXY,FALSE_CHEAP,구조적 비중 67%,GRADE:7034:59|UPPER_GRADE:5577:59
6729,관산주공그린빌,41281,관산동,74,Z41281-관산동,6,314000000.0,2,THIN,0.01673489022502249,0.0027015158867489193,PROXY,NEUTRAL,,GRADE:8856:74|BUYER_CHOICE:6860:74
6729,관산주공그린빌,41281,관산동,84,Z41281-관산동,6,354625000.0,3,WEAK,-0.03382910469524633,0.0,PROXY,NEUTRAL,,GRADE:6845:84|UPPER_GRADE:9303:84|BUYER_CHOICE:6860:84
3710,관악벽산블루밍,11620,봉천동,59,Z11620-봉천동,3,991250000.0,3,WEAK,0.032681283803023584,0.009150759464846604,PROXY,NEUTRAL,,LOCAL:3698:59|GRADE:3487:59|UPPER_GRADE:3588:59
3710,관악벽산블루밍,11620,봉천동,84,Z11620-봉천동,3,1108750000.0,2,THIN,-0.02602570713996289,0.00029048983838944094,PROXY,NEUTRAL,,LOCAL:3698:84|UPPER_GRADE:3561:84
3702,관악우성아파트,11620,봉천동,59,Z11620-봉천동,3,964000000.0,3,OK,0.04363477469276282,0.013884178923297059,PROXY,NEUTRAL,,LOCAL:3698:59|GRADE:3487:59|UPPER_GRADE:3588:59
3702,관악우성아파트,11620,봉천동,84,Z11620-봉천동,3,1117500000.0,3,DISTORTED,0.005567718842570989,0.0012991343965998972,VERIFIED,NEUTRAL,,LOCAL:3698:84|UPPER_GRADE:3561:84|BUYER_CHOICE:3543:59
3698,관악푸르지오아파트,11620,봉천동,59,Z11620-봉천동,3,1131500000.0,4,DISTORTED,0.08749708484967565,0.025404115501246723,PROXY,NEUTRAL,,LOCAL:3632:59|GRADE:3487:59|UPPER_GRADE:3588:59|BUYER_CHOICE:3543:59
3698,관악푸르지오아파트,11620,봉천동,84,Z11620-봉천동,3,1220000000.0,2,THIN,0.13728024404045852,0.034733833924020685,VERIFIED,LAG_WATCH,Mispricing 은 있으나 합의 THIN / Leader 확인 / 후행 움직임,LOCAL:3632:84|UPPER_GRADE:3561:84
4909,광교 더 포레스트,41117,하동,74,Z41117-이의동,4,877500000.0,2,THIN,0.10777232817930667,0.003427503284346086,PROXY,NEUTRAL,,GRADE:4954:74|BUYER_CHOICE:8554:59
4909,광교 더 포레스트,41117,하동,84,Z41117-이의동,4,912500000.0,4,OK,0.08918056096011334,0.0,PROXY,NEUTRAL,,LOCAL:4895:84|GRADE:8532:84|UPPER_GRADE:3698:84|BUYER_CHOICE:8554:59
4895,광교자연앤힐스테이트,41117,이의동,84,Z41117-이의동,4,1857500000.0,3,WEAK,-0.0023898362520946236,0.0,VERIFIED,NEUTRAL,,LOCAL:4905:84|GRADE:8532:84|UPPER_GRADE:3698:84
8716,광교자이 더 클래스,41465,상현동,59,Z41465-죽전동,4,1325000000.0,4,WEAK,-0.0034535334854097943,0.00028612113732535326,PROXY,NEUTRAL,,LOCAL:8554:59|GRADE:4952:59|UPPER_GRADE:3698:59|BUYER_CHOICE:8532:84
8716,광교자이 더 클래스,41465,상현동,84,Z41465-죽전동,4,1497500000.0,4,WEAK,0.03275089902791128,0.0095576739690125,PROXY,NEUTRAL,,LOCAL:8532:84|GRADE:8325:84|UPPER_GRADE:3698:84|BUYER_CHOICE:4895:84
4874,광교호반베르디움,41117,원천동,59,Z41113-권선동,5,1084250000.0,4,WEAK,-0.054480946721538574,0.0,PROXY,NEUTRAL,,LOCAL:4864:59|GRADE:4792:59|UPPER_GRADE:4952:59|BUYER_CHOICE:4905:84
4874,광교호반베르디움,41117,원천동,84,Z41113-권선동,5,1326000000.0,4,WEAK,-0.018021070578030478,0.005596950009322194,PROXY,NEUTRAL,,LOCAL:4864:84|GRADE:4600:84|UPPER_GRADE:4954:84|BUYER_CHOICE:8532:84
4905,광교호수마을 호반써밋,41117,하동,84,Z41117-이의동,4,1235000000.0,3,OK,0.04227736118203006,0.028537218797870287,PROXY,NEUTRAL,,LOCAL:4895:84|GRADE:8532:84|UPPER_GRADE:3698:84
6086,광명두산위브트레지움,41210,하안동,59,Z41210-소하동,4,1136250000.0,4,WEAK,-0.03874329646564267,0.0,PROXY,NEUTRAL,,LOCAL:6087:59|GRADE:3739:59|UPPER_GRADE:3487:59|BUYER_CHOICE:6075:84
6086,광명두산위브트레지움,41210,하안동,84,Z41210-소하동,4,1233750000.0,3,DISTORTED,0.030390913358908384,0.007091213117078622,VERIFIED,NEUTRAL,,LOCAL:6075:84|GRADE:3760:84|BUYER_CHOICE:6081:84
6052,광명아크포레자이위브아파트,41210,광명동,84,Z11530-구로동,4,1133750000.0,3,WEAK,0.013445496237816082,0.0,PROXY,NEUTRAL,,LOCAL:3169:84|GRADE:5989:84|BUYER_CHOICE:6075:84
6129,광명역센트럴자이아파트,41210,일직동,59,Z41210-일직동,2,1222500000.0,2,THIN,0.13386265388028254,0.046604748433992524,PROXY,LAG_WATCH,Mispricing 은 있으나 합의 THIN / Leader 확인 / 후행 움직임,GRADE:3588:59|BUYER_CHOICE:6075:84
6129,광명역센트럴자이아파트,41210,일직동,84,Z41210-일직동,2,1300000000.0,2,THIN,0.20097834918829866,0.03258719415420032,PROXY,LAG_WATCH,Mispricing 은 있으나 합의 THIN / Leader 확인 / 후행 움직임,GRADE:3561:84|BUYER_CHOICE:5676:84
6130,광명역써밋플레이스,41210,일직동,59,Z41210-일직동,2,1198500000.0,3,DISTORTED,0.12263055820555219,0.04292069537194326,PROXY,LAG_WATCH,Mispricing 은 있으나 합의 DISTORTED / Leader 확인 / 후행 움직임,GRADE:3588:59|UPPER_GRADE:7112:59|BUYER_CHOICE:6075:84
6130,광명역써밋플레이스,41210,일직동,84,Z41210-일직동,2,1340500000.0,3,OK,0.24240209193113949,0.0,PROXY,FALSE_CHEAP,구조적 비중 93% · 과거 전달확률 0%,GRADE:3561:84|UPPER_GRADE:7112:84|BUYER_CHOICE:3491:59
6057,광명해모로이연,41210,광명동,59,Z11530-구로동,4,824375000.0,1,THIN,0.1598322722220406,0.0,PROXY,FALSE_CHEAP,구조적 비중 76% · 과거 전달확률 0%,UPPER_GRADE:3487:59
6057,광명해모로이연,41210,광명동,84,Z11530-구로동,4,941750000.0,2,THIN,-0.0860882332312105,0.0,PROXY,NEUTRAL,,LOCAL:6052:84|GRADE:5989:84
1472,광장현대3단지아파트,11215,광장동,59,Z11215-자양동,2,1652500000.0,4,WEAK,-0.04238928518418094,0.0,PROXY,NEUTRAL,,LOCAL:1455:59|GRADE:4396:59|UPPER_GRADE:4207:59|BUYER_CHOICE:1458:84
1472,광장현대3단지아파트,11215,광장동,74,Z11215-자양동,2,,2,UNKNOWN,,,NOT_CALCULATED,UNKNOWN,비율 역사 60개월 미만 또는 Leader 없음,GRADE:4396:74|UPPER_GRADE:4015:74
1472,광장현대3단지아파트,11215,광장동,84,Z11215-자양동,2,2100000000.0,3,WEAK,0.0010845973005576303,0.00022776543311710238,PROXY,NEUTRAL,,LOCAL:1455:84|GRADE:4409:84|UPPER_GRADE:4207:84
1479,광장현대파크빌,11215,광장동,59,Z11215-자양동,2,1750000000.0,4,WEAK,0.00557202815715674,0.001462657391253644,PROXY,NEUTRAL,,LOCAL:1455:59|GRADE:4396:59|UPPER_GRADE:4207:59|BUYER_CHOICE:1458:84
1479,광장현대파크빌,11215,광장동,84,Z11215-자양동,2,2145000000.0,3,OK,0.03589332961983017,0.010875908511398205,PROXY,NEUTRAL,,LOCAL:1455:84|GRADE:4409:84|UPPER_GRADE:4207:84
9772,광주센트럴푸르지오,41610,쌍령동,74,Z41610-초월읍,6,472500000.0,1,THIN,-0.00812173572237965,0.0,PROXY,NEUTRAL,,UPPER_GRADE:4720:74
9772,광주센트럴푸르지오,41610,쌍령동,84,Z41610-초월읍,6,519750000.0,2,THIN,-0.006281708364143023,0.0,PROXY,NEUTRAL,,GRADE:8286:84|UPPER_GRADE:7369:84
3166,구로두산,11530,구로동,59,Z11530-구로동,4,637500000.0,3,DISTORTED,-0.059205900151654035,0.015782240384615384,PROXY,NEUTRAL,,GRADE:3297:59|UPPER_GRADE:3487:59|BUYER_CHOICE:3739:84
3166,구로두산,11530,구로동,84,Z11530-구로동,4,795000000.0,2,THIN,0.17638463347385905,0.06437275717445577,PROXY,LAG_WATCH,Mispricing 은 있으나 합의 THIN / Leader 확인 / 후행 움직임,GRADE:5989:84|BUYER_CHOICE:6084:59
3182,구로삼성래미안,11530,구로동,59,Z11530-구로동,4,843250000.0,2,THIN,0.03360975744189816,0.0,VERIFIED,NEUTRAL,,UPPER_GRADE:3487:59|BUYER_CHOICE:3760:84
3182,구로삼성래미안,11530,구로동,74,Z11530-구로동,4,949500000.0,2,THIN,0.1416676278516944,0.04463184849783797,PROXY,LAG_WATCH,Mispricing 은 있으나 합의 THIN / Leader 확인 / 후행 움직임,GRADE:5991:74|BUYER_CHOICE:6081:74
7122,구리갈매스타힐스,41310,갈매동,74,Z41310-갈매동,4,699500000.0,4,DISTORTED,-0.0009322392556735063,0.00198314215102264,PROXY,NEUTRAL,,LOCAL:7126:74|GRADE:2287:74|UPPER_GRADE:8151:74|BUYER_CHOICE:7119:84
7122,구리갈매스타힐스,41310,갈매동,84,Z41310-갈매동,4,734250000.0,3,DISTORTED,-0.0014470648688079276,0.0,PROXY,NEUTRAL,,LOCAL:7119:84|GRADE:2221:84|UPPER_GRADE:1587:84
7166,구리덕현,41310,교문동,84,Z41360-다산동,4,903500000.0,4,WEAK,-0.021932222495231822,0.0,PROXY,NEUTRAL,,LOCAL:7331:84|GRADE:7119:84|UPPER_GRADE:8151:84|BUYER_CHOICE:7325:84
4664,구운삼환,41113,구운동,59,Z41111-정자동,5,387000000.0,4,DISTORTED,0.08345834003275648,0.0028291102514506556,PROXY,NEUTRAL,,LOCAL:4792:59|GRADE:4864:59|UPPER_GRADE:4952:59|BUYER_CHOICE:4699:59
4664,구운삼환,41113,구운동,74,Z41111-정자동,5,492500000.0,4,DISTORTED,-0.08706662098331752,0.0,PROXY,NEUTRAL,,LOCAL:4546:74|GRADE:4720:74|UPPER_GRADE:4954:74|BUYER_CHOICE:4600:84
4664,구운삼환,41113,구운동,84,Z41111-정자동,5,560000000.0,3,WEAK,-0.1761627906976745,0.0,PROXY,NEUTRAL,,LOCAL:4600:84|GRADE:4864:84|UPPER_GRADE:4895:84
1458,구의현대2단지,11215,구의동,84,Z11215-자양동,2,2106250000.0,3,WEAK,0.0025452300109090557,0.0008325735771703613,PROXY,NEUTRAL,,LOCAL:1455:84|GRADE:4409:84|UPPER_GRADE:4207:84
1455,구의현대프라임,11215,구의동,59,Z11215-자양동,2,1700000000.0,4,WEAK,-0.0459040461017151,0.0,PROXY,NEUTRAL,,LOCAL:1479:59|GRADE:4396:59|UPPER_GRADE:4207:59|BUYER_CHOICE:1458:84
1455,구의현대프라임,11215,구의동,84,Z11215-자양동,2,2150000000.0,3,WEAK,-0.0025591353322100756,0.002386363636363634,PROXY,NEUTRAL,,LOCAL:1458:84|GRADE:4409:84|UPPER_GRADE:4207:84
6227,군문주공2단지,41220,군문동,59,Z41220-군문동,,200000000.0,0,UNKNOWN,,,NOT_CALCULATED,UNKNOWN,비율 역사 60개월 미만 또는 Leader 없음,
7977,군포율곡,41410,금정동,59,Z41410-당동,5,412750000.0,3,OK,0.11044006510870819,0.08753231574703997,PROXY,LAG_CANDIDATE,합의 OK · Leader 이동 확인 · 후행 움직임 Gap 축소/Median↑/P25↑/거래량↑,GRADE:4792:59|UPPER_GRADE:7966:59|BUYER_CHOICE:7940:59
4729,권선대원신동아,41113,권선동,59,Z41113-권선동,5,323750000.0,4,DISTORTED,0.13442754999158096,0.03543505983009231,PROXY,LAG_WATCH,Mispricing 은 있으나 합의 DISTORTED / Leader 확인 / 후행 움직임,LOCAL:4864:59|GRADE:4792:59|UPPER_GRADE:4952:59|BUYER_CHOICE:9514:59
4741,권선자이e편한세상,41113,권선동,59,Z41113-권선동,5,570000000.0,4,DISTORTED,0.11355420138340883,0.04689858693270882,PROXY,LAG_WATCH,Mispricing 은 있으나 합의 DISTORTED / Leader 확인 / 후행 움직임,LOCAL:4864:59|GRADE:4792:59|UPPER_GRADE:4952:59|BUYER_CHOICE:4720:74
4741,권선자이e편한세상,41113,권선동,84,Z41113-권선동,5,677000000.0,4,DISTORTED,0.0014676799214298794,0.00044117647058823114,PROXY,NEUTRAL,,LOCAL:4864:84|GRADE:4600:84|UPPER_GRADE:4954:84|BUYER_CHOICE:4720:84
6495,그랑시티자이아파트,41271,사동,84,Z41271-사동,5,632500000.0,3,WEAK,0.03464073088562715,0.0,PROXY,NEUTRAL,,GRADE:6617:84|UPPER_GRADE:8071:84|BUYER_CHOICE:6557:59
5513,금오2차신도브래뉴업,41150,금오동,59,Z41150-신곡동,7,291250000.0,3,OK,0.08059547472373453,0.05077514907595276,PROXY,LAG_CANDIDATE,합의 OK · Leader 이동 확인 · 후행 움직임 Gap 축소/Median↑/P25↑/거래량↑ · 빠른추종 계급,LOCAL:5470:59|GRADE:731:59|UPPER_GRADE:5405:59
5513,금오2차신도브래뉴업,41150,금오동,74,Z41150-신곡동,7,342250000.0,2,THIN,-0.025154117514670924,0.03389584977463299,PROXY,LAG_WATCH,Mispricing 은 있으나 합의 THIN / Leader 확인 / 후행 움직임,GRADE:384:74|UPPER_GRADE:9970:74
5513,금오2차신도브래뉴업,41150,금오동,84,Z41150-신곡동,7,370750000.0,3,OK,0.010192814765985414,0.005426654581410634,PROXY,NEUTRAL,,LOCAL:5472:84|GRADE:7411:84|BUYER_CHOICE:5414:59
3316,금천롯데캐슬골드파크1차아파트,11545,독산동,59,Z41210-소하동,4,1019250000.0,4,DISTORTED,0.0635264698117336,0.011485541113838666,PROXY,NEUTRAL,,LOCAL:6087:59|GRADE:3739:59|UPPER_GRADE:3487:59|BUYER_CHOICE:3313:84
3316,금천롯데캐슬골드파크1차아파트,11545,독산동,74,Z41210-소하동,4,1145000000.0,3,DISTORTED,0.07433580651498768,0.023091920805882356,PROXY,NEUTRAL,,LOCAL:6084:74|GRADE:5991:74|BUYER_CHOICE:6075:84
3316,금천롯데캐슬골드파크1차아파트,11545,독산동,84,Z41210-소하동,4,1195000000.0,2,THIN,0.06143036976874301,0.03120715010040334,VERIFIED,LAG_WATCH,Mispricing 은 있으나 합의 THIN / Leader 확인 / 후행 움직임,LOCAL:6075:84|GRADE:3760:84
3313,금천롯데캐슬골드파크3차아파트,11545,독산동,59,Z41210-소하동,4,1023500000.0,4,OK,0.10069422711146514,0.03908542239420351,PROXY,LAG_CANDIDATE,합의 OK · Leader 이동 확인 · 후행 움직임 Median↑/P25↑ · 빠른추종 계급,LOCAL:6087:59|GRADE:3739:59|UPPER_GRADE:3487:59|BUYER_CHOICE:6075:59
3313,금천롯데캐슬골드파크3차아파트,11545,독산동,84,Z41210-소하동,4,1207500000.0,2,THIN,0.12409522936888659,0.0,PROXY,FALSE_CHEAP,구조적 비중 100% · 과거 전달확률 0%,LOCAL:6075:84|GRADE:3760:84
8346,금화마을주공3단지,41463,상갈동,59,Z41463-상갈동,,520000000.0,1,THIN,-0.12283465524457277,0.0,PROXY,NEUTRAL,,BUYER_CHOICE:4864:59
9432,기안마을풍성신미주,41593,기안동,84,Z41593-봉담읍,7,245000000.0,3,STRONG,0.09780172714699999,0.0,PROXY,NEUTRAL,,LOCAL:9485:84|GRADE:7563:84|UPPER_GRADE:4676:84
8322,기흥역 더샵 아파트,41463,구갈동,74,Z41463-신갈동,4,898250000.0,3,STRONG,0.14673457851756527,0.0925814925463046,PROXY,LAG_CANDIDATE,합의 STRONG · Leader 이동 확인 · 후행 움직임 Median↑/P25↑,GRADE:4954:74|UPPER_GRADE:8151:74|BUYER_CHOICE:4874:59
8322,기흥역 더샵 아파트,41463,구갈동,84,Z41463-신갈동,4,972500000.0,4,OK,0.06888715619046538,0.007417540591345977,PROXY,NEUTRAL,,LOCAL:8325:84|GRADE:8532:84|UPPER_GRADE:3698:84|BUYER_CHOICE:4905:84
8325,기흥역센트럴푸르지오,41463,구갈동,84,Z41463-신갈동,4,937750000.0,4,DISTORTED,0.007734927600934541,0.002061955958549224,PROXY,NEUTRAL,,LOCAL:8322:84|GRADE:8532:84|UPPER_GRADE:3698:84|BUYER_CHOICE:4905:84
9222,김포 사우 아이파크,41570,사우동,59,Z41570-풍무동,6,504000000.0,3,DISTORTED,-3.2388847625871594e-05,0.0,PROXY,NEUTRAL,,LOCAL:9235:59|GRADE:7034:59|UPPER_GRADE:5577:59
9222,김포 사우 아이파크,41570,사우동,74,Z41570-풍무동,6,555750000.0,3,WEAK,0.0038880766657888467,0.0,PROXY,NEUTRAL,,LOCAL:9235:74|GRADE:8856:74|UPPER_GRADE:1064:74
9222,김포 사우 아이파크,41570,사우동,84,Z41570-풍무동,6,617500000.0,2,THIN,-0.010410873859024389,0.0001854379938165578,PROXY,NEUTRAL,,LOCAL:9235:84|GRADE:9280:84
9176,김포한강신도시반도유보라2차,41570,운양동,59,Z41570-장기동,5,450000000.0,3,OK,0.07200606395978877,0.02816835129121814,VERIFIED,NEUTRAL,,GRADE:5577:59|UPPER_GRADE:5826:59|BUYER_CHOICE:9178:84
9271,김포한강아이파크,41570,구래동,74,Z41570-구래동,6,383250000.0,3,OK,0.1092881963593453,0.002524557335900876,PROXY,NEUTRAL,,GRADE:9222:74|UPPER_GRADE:1064:74|BUYER_CHOICE:9253:84
9271,김포한강아이파크,41570,구래동,84,Z41570-구래동,6,417000000.0,4,STRONG,0.08992352384188362,0.01106598548681257,PROXY,NEUTRAL,,LOCAL:9280:84|GRADE:9235:84|UPPER_GRADE:9178:84|BUYER_CHOICE:9177:74
5270,까치마을4단지롯데선경,41135,구미동,59,Z41135-정자동,2,1335000000.0,2,THIN,0.028224995958323798,0.009255947889587494,VERIFIED,NEUTRAL,,GRADE:5173:59|BUYER_CHOICE:5154:59
5270,까치마을4단지롯데선경,41135,구미동,74,Z41135-정자동,2,1700000000.0,3,WEAK,-0.08587889538324645,0.0,VERIFIED,NEUTRAL,,GRADE:5183:74|UPPER_GRADE:4015:74|BUYER_CHOICE:5154:84
5270,까치마을4단지롯데선경,41135,구미동,84,Z41135-정자동,2,1857500000.0,1,THIN,0.041156938820859544,0.008642957152380504,VERIFIED,NEUTRAL,,GRADE:5154:84
8088,꿈동산 신안아파트,41450,창우동,84,Z41450-덕풍동,4,824250000.0,3,OK,0.09200530684719323,0.01932111443791058,PROXY,NEUTRAL,,GRADE:7331:84|UPPER_GRADE:8151:84|BUYER_CHOICE:8148:59
1958,꿈의숲 해링턴 플레이스 아파트,11305,미아동,59,Z11290-정릉동,4,897500000.0,3,OK,0.12957673697422284,0.0,PROXY,FALSE_CHEAP,구조적 비중 100% · 과거 전달확률 0%,LOCAL:1945:59|UPPER_GRADE:1587:59|BUYER_CHOICE:1935:59
1958,꿈의숲 해링턴 플레이스 아파트,11305,미아동,84,Z11290-정릉동,4,1007500000.0,3,OK,0.09685053826124916,0.012935697089195158,PROXY,NEUTRAL,,LOCAL:1935:84|GRADE:2221:84|UPPER_GRADE:1587:84
2612,남가좌동현대아파트,11410,남가좌동,59,Z11410-홍제동,3,935000000.0,3,WEAK,-0.020194528062807672,0.0,PROXY,NEUTRAL,,LOCAL:2604:59|GRADE:2970:59|UPPER_GRADE:2623:59
2612,남가좌동현대아파트,11410,남가좌동,74,Z11410-홍제동,3,912500000.0,1,THIN,0.09163180447088831,0.012828452625924363,VERIFIED,NEUTRAL,,BUYER_CHOICE:2970:59
2612,남가좌동현대아파트,11410,남가좌동,84,Z11410-홍제동,3,1106000000.0,4,WEAK,-0.014733126931810668,0.0,PROXY,NEUTRAL,,LOCAL:2423:84|GRADE:3006:84|UPPER_GRADE:2623:84|BUYER_CHOICE:2604:59
3346,남서울힐스테이트,11545,시흥동,59,Z41210-소하동,4,824000000.0,4,STRONG,0.09945462006463825,0.029366350845280262,PROXY,NEUTRAL,,LOCAL:6087:59|GRADE:3739:59|UPPER_GRADE:3487:59|BUYER_CHOICE:3313:59
3346,남서울힐스테이트,11545,시흥동,84,Z41210-소하동,4,940000000.0,3,DISTORTED,0.07835097829000272,0.03917548914500136,PROXY,LAG_WATCH,Mispricing 은 있으나 합의 DISTORTED / Leader 확인 / 후행 움직임,LOCAL:6075:84|GRADE:3760:84|BUYER_CHOICE:3313:84
7429,남양주두산위브트레지움아파트,41360,화도읍,59,Z41360-화도읍,6,330000000.0,2,THIN,0.08288609247013204,0.0,PROXY,NEUTRAL,,GRADE:7233:59|UPPER_GRADE:5577:59
7429,남양주두산위브트레지움아파트,41360,화도읍,74,Z41360-화도읍,6,384750000.0,1,THIN,-0.014935918457568592,0.0,PROXY,NEUTRAL,,GRADE:9970:74
7429,남양주두산위브트레지움아파트,41360,화도읍,84,Z41360-화도읍,6,425000000.0,1,THIN,0.01747626255676345,0.015728636301087107,PROXY,NEUTRAL,,UPPER_GRADE:7369:84
6571,네오빌6단지,41273,고잔동,74,Z41273-고잔동,5,514750000.0,4,WEAK,-0.03353357510880032,0.0,PROXY,NEUTRAL,,LOCAL:6617:74|GRADE:7894:74|UPPER_GRADE:5736:74|BUYER_CHOICE:6524:59
6571,네오빌6단지,41273,고잔동,84,Z41273-고잔동,5,524500000.0,3,WEAK,0.03650680905261091,0.0,PROXY,NEUTRAL,,LOCAL:6617:84|UPPER_GRADE:8071:84|BUYER_CHOICE:6554:59
2423,녹번역e편한세상캐슬,11380,응암동,59,Z11410-홍제동,3,1280000000.0,3,OK,0.017950181661573066,0.004601035438948562,PROXY,NEUTRAL,,LOCAL:2604:59|GRADE:2970:59|UPPER_GRADE:2623:59
2423,녹번역e편한세상캐슬,11380,응암동,84,Z11410-홍제동,3,1486250000.0,3,WEAK,0.021147707486941326,0.017911787306223864,PROXY,NEUTRAL,,LOCAL:2594:84|GRADE:3006:84|UPPER_GRADE:2623:84
5538,녹양힐스테이트,41150,녹양동,59,Z41150-가능동,6,280000000.0,2,THIN,0.27145151421485286,0.07169130727723837,PROXY,LAG_WATCH,Mispricing 은 있으나 합의 THIN / Leader 확인 / 후행 움직임,GRADE:5405:59|UPPER_GRADE:5577:59
5538,녹양힐스테이트,41150,녹양동,74,Z41150-가능동,6,333500000.0,1,THIN,-0.003008423586040995,,NOT_CALCULATED,NEUTRAL,,GRADE:9970:74
5538,녹양힐스테이트,41150,녹양동,84,Z41150-가능동,6,350000000.0,2,THIN,0.09799833050240457,0.028312655018831713,PROXY,NEUTRAL,,UPPER_GRADE:7369:84|BUYER_CHOICE:5414:59
7325,다산 e편한세상자이아파트,41360,다산동,59,Z41360-다산동,4,865000000.0,3,WEAK,-0.034964730738101774,0.0,PROXY,NEUTRAL,,LOCAL:7148:59|UPPER_GRADE:8151:59|BUYER_CHOICE:7322:84
7325,다산 e편한세상자이아파트,41360,다산동,74,Z41360-다산동,4,908500000.0,3,WEAK,-0.011427451990202108,0.0,PROXY,NEUTRAL,,GRADE:7122:74|UPPER_GRADE:8151:74|BUYER_CHOICE:7322:84
7325,다산 e편한세상자이아파트,41360,다산동,84,Z41360-다산동,4,994000000.0,3,WEAK,-0.0016757522397607518,0.0,PROXY,NEUTRAL,,LOCAL:7331:84|GRADE:7119:84|UPPER_GRADE:8151:84
7331,다산 롯데캐슬아파트,41360,다산동,74,Z41360-다산동,4,906000000.0,3,WEAK,-0.006083107000278817,0.0,PROXY,NEUTRAL,,GRADE:7122:74|UPPER_GRADE:8151:74|BUYER_CHOICE:7322:84
7331,다산 롯데캐슬아파트,41360,다산동,84,Z41360-다산동,4,977000000.0,3,WEAK,-0.003602345854102371,0.0,PROXY,NEUTRAL,,LOCAL:7322:84|GRADE:7119:84|UPPER_GRADE:8151:84
7313,다산 신안인스빌퍼스트포레,41360,다산동,84,Z41360-다산동,4,882500000.0,4,WEAK,-0.012475056554986376,0.0,PROXY,NEUTRAL,,LOCAL:7331:84|GRADE:7119:84|UPPER_GRADE:8151:84|BUYER_CHOICE:7322:84
7327,다산반도유보라메이플타운,41360,다산동,84,Z41360-다산동,4,888500000.0,4,WEAK,-0.004674990739724018,0.00023002762936980516,PROXY,NEUTRAL,,LOCAL:7331:84|GRADE:7119:84|UPPER_GRADE:8151:84|BUYER_CHOICE:7322:84
1589,답십리청솔우성,11230,답십리동,59,Z11230-답십리동,3,980000000.0,4,WEAK,-0.0004942030291623465,0.0013718186475965804,PROXY,NEUTRAL,,LOCAL:1587:59|GRADE:2604:59|UPPER_GRADE:1367:59|BUYER_CHOICE:1566:84
1589,답십리청솔우성,11230,답십리동,84,Z11230-답십리동,3,1063750000.0,3,OK,0.030893925588314677,0.00865029916472811,PROXY,NEUTRAL,,LOCAL:1587:84|UPPER_GRADE:1312:84|BUYER_CHOICE:1617:84
9247,당곡월드메르디앙,41570,풍무동,59,Z41570-풍무동,6,265000000.0,4,DISTORTED,0.02022361581632864,0.0006838590579798853,PROXY,NEUTRAL,,LOCAL:9235:59|GRADE:7034:59|UPPER_GRADE:5577:59|BUYER_CHOICE:1064:74
9247,당곡월드메르디앙,41570,풍무동,74,Z41570-풍무동,6,331500000.0,4,WEAK,0.006186952181586105,0.0007022395006296829,PROXY,NEUTRAL,,LOCAL:9222:74|GRADE:8856:74|UPPER_GRADE:1064:74|BUYER_CHOICE:9253:84
9247,당곡월드메르디앙,41570,풍무동,84,Z41570-풍무동,6,298500000.0,3,WEAK,0.047041530864419395,0.012178784209043897,PROXY,NEUTRAL,,LOCAL:9235:84|GRADE:9280:84|BUYER_CHOICE:671:84
7913,당동용호마을e편한세상,41410,당동,59,Z41410-당동,5,482500000.0,3,OK,0.2224248037894827,0.20018232341053444,PROXY,LAG_CANDIDATE,합의 OK · Leader 이동 확인 · 후행 움직임 Median↑/P25↑,GRADE:4792:59|UPPER_GRADE:7966:59|BUYER_CHOICE:7940:59
7913,당동용호마을e편한세상,41410,당동,84,Z41410-당동,5,584500000.0,3,STRONG,0.1370570866141732,0.019338206692913383,PROXY,NEUTRAL,,GRADE:4600:84|UPPER_GRADE:8071:84|BUYER_CHOICE:7940:84
3422,당산삼성래미안,11560,당산동5가,84,Z11560-당산동4가,2,1990000000.0,2,THIN,0.10198794374893788,0.023676081903798357,VERIFIED,NEUTRAL,,GRADE:2623:84|UPPER_GRADE:3888:84
3526,대림현대3차,11560,대림동,59,Z11560-신길동,3,1131000000.0,4,DISTORTED,0.05294202312341249,0.004419280510272104,PROXY,NEUTRAL,,LOCAL:3487:59|GRADE:2970:59|UPPER_GRADE:3588:59|BUYER_CHOICE:3169:59
3526,대림현대3차,11560,대림동,74,Z11560-신길동,3,,1,UNKNOWN,,,NOT_CALCULATED,UNKNOWN,비율 역사 60개월 미만 또는 Leader 없음,GRADE:8151:74
3526,대림현대3차,11560,대림동,84,Z11560-신길동,3,1300000000.0,3,WEAK,-0.021971180508207386,0.0,PROXY,NEUTRAL,,GRADE:3006:84|UPPER_GRADE:3561:84|BUYER_CHOICE:3487:59
3648,대방대림,11590,대방동,59,Z11560-신길동,3,1470000000.0,4,WEAK,-0.002927744658998346,0.0,PROXY,NEUTRAL,,LOCAL:3487:59|GRADE:2970:59|UPPER_GRADE:3588:59|BUYER_CHOICE:3486:59
3648,대방대림,11590,대방동,84,Z11560-신길동,3,1782500000.0,3,WEAK,-0.034273507118897935,0.0,PROXY,NEUTRAL,,GRADE:3006:84|UPPER_GRADE:3561:84|BUYER_CHOICE:3364:74
2044,대상타운현대,11320,방학동,84,Z11350-상계동,4,846750000.0,4,OK,0.09573504331845434,0.060307651315589975,PROXY,LAG_CANDIDATE,합의 OK · Leader 이동 확인 · 후행 움직임 Gap 축소/Median↑/P25↑/거래량↑,LOCAL:2251:84|GRADE:2221:84|UPPER_GRADE:1587:84|BUYER_CHOICE:2235:59
4770,대한대우,41115,매산로2가,59,Z41113-서둔동,4,532500000.0,3,OK,0.2092554524797104,0.07126292266374436,PROXY,LAG_CANDIDATE,합의 OK · Leader 이동 확인 · 후행 움직임 거래량↑,GRADE:4952:59|UPPER_GRADE:3698:59|BUYER_CHOICE:4720:59
4770,대한대우,41115,매산로2가,84,Z41113-서둔동,4,617250000.0,3,OK,0.1276024643256666,0.045594182652210206,PROXY,LAG_CANDIDATE,합의 OK · Leader 이동 확인 · 후행 움직임 Median↑/P25↑/거래량↑,GRADE:4895:84|UPPER_GRADE:3698:84|BUYER_CHOICE:4792:59
6279,더샵 지제역 센트럴파크 2BL,41220,동삭동,59,Z41220-동삭동,6,379500000.0,3,DISTORTED,0.03427989873743609,0.008487070601851856,PROXY,NEUTRAL,,LOCAL:6278:59|GRADE:7542:59|UPPER_GRADE:4864:59
6279,더샵 지제역 센트럴파크 2BL,41220,동삭동,74,Z41220-동삭동,6,458500000.0,3,WEAK,0.014947814328638903,0.0026695301609516216,PROXY,NEUTRAL,,LOCAL:6278:74|UPPER_GRADE:4720:74|BUYER_CHOICE:6277:74
6279,더샵 지제역 센트럴파크 2BL,41220,동삭동,84,Z41220-동삭동,6,523500000.0,2,THIN,0.08102265605508358,0.0,PROXY,NEUTRAL,,GRADE:7542:84|UPPER_GRADE:7604:84
6278,더샵지제역센트럴파크1BL아파트,41220,동삭동,59,Z41220-동삭동,6,368750000.0,3,OK,0.06400660086673207,0.007258892028957824,PROXY,NEUTRAL,,LOCAL:6279:59|GRADE:7542:59|UPPER_GRADE:4864:59
6278,더샵지제역센트럴파크1BL아파트,41220,동삭동,74,Z41220-동삭동,6,435000000.0,2,THIN,0.03085422057065608,0.0050157390506995,PROXY,NEUTRAL,,LOCAL:6279:74|UPPER_GRADE:4720:74
6278,더샵지제역센트럴파크1BL아파트,41220,동삭동,84,Z41220-동삭동,6,500000000.0,3,OK,0.018268701548493495,0.0,PROXY,NEUTRAL,,LOCAL:6279:84|GRADE:7542:84|UPPER_GRADE:7604:84
6280,더샵지제역센트럴파크3BL,41220,동삭동,59,Z41220-동삭동,6,329000000.0,3,OK,0.04032799768963329,0.02064918174619036,PROXY,NEUTRAL,,LOCAL:6278:59|GRADE:7542:59|UPPER_GRADE:4864:59
6280,더샵지제역센트럴파크3BL,41220,동삭동,74,Z41220-동삭동,6,375000000.0,2,THIN,0.05471431659920478,0.016895689350907343,PROXY,NEUTRAL,,LOCAL:6278:74|UPPER_GRADE:4720:74
6280,더샵지제역센트럴파크3BL,41220,동삭동,84,Z41220-동삭동,6,419250000.0,4,OK,0.05081751503827316,0.0,PROXY,NEUTRAL,,LOCAL:6279:84|GRADE:7542:84|UPPER_GRADE:7604:84|BUYER_CHOICE:6278:84
5660,더포레스트힐아파트,41173,비산동,59,Z41173-호계동,4,497000000.0,4,OK,0.10070625290959001,0.045705693541580196,PROXY,LAG_CANDIDATE,합의 OK · Leader 이동 확인 · 후행 움직임 Median↑/P25↑/거래량↑ · 빠른추종 계급,LOCAL:5732:59|GRADE:7966:59|UPPER_GRADE:3698:59|BUYER_CHOICE:5615:59
5660,더포레스트힐아파트,41173,비산동,84,Z41173-호계동,4,576750000.0,4,OK,0.10952344979324871,0.06888166898691918,PROXY,LAG_CANDIDATE,합의 OK · Leader 이동 확인 · 후행 움직임 P25↑/거래량↑ · 빠른추종 계급,LOCAL:8071:84|GRADE:3760:84|UPPER_GRADE:3698:84|BUYER_CHOICE:5615:84
7368,덕소동부센트레빌,41360,와부읍,84,Z41360-와부읍,5,590000000.0,3,WEAK,0.07803201743357639,0.006212827083830927,PROXY,NEUTRAL,,LOCAL:7369:84|GRADE:5577:84|UPPER_GRADE:7331:84
7378,덕소두산위브,41360,와부읍,84,Z41360-와부읍,5,600500000.0,3,WEAK,0.013491735537190167,0.0011217655858861615,PROXY,NEUTRAL,,LOCAL:7369:84|GRADE:5577:84|UPPER_GRADE:7331:84
7369,덕소아이파크,41360,와부읍,84,Z41360-와부읍,5,645000000.0,4,OK,0.09083431417083998,0.03215953647192765,PROXY,LAG_CANDIDATE,합의 OK · Leader 이동 확인 · 후행 움직임 Median↑/P25↑/거래량↑,LOCAL:7368:84|GRADE:5577:84|UPPER_GRADE:7331:84|BUYER_CHOICE:7325:59
4190,도곡렉슬,11680,도곡동,59,Z11680-역삼동,1,2790000000.0,3,OK,0.03889723022766821,0.02269005096613979,PROXY,NEUTRAL,,LOCAL:4207:59|GRADE:3888:59|BUYER_CHOICE:4088:74
4190,도곡렉슬,11680,도곡동,84,Z11680-역삼동,1,3583750000.0,2,THIN,0.12481273572741483,0.06752986557609503,PROXY,LAG_WATCH,Mispricing 은 있으나 합의 THIN / Leader 확인 / 후행 움직임,LOCAL:4207:84|GRADE:3888:84
6664,도래울 센트럴 더 힐 아파트,41281,도내동,59,Z41281-원흥동,4,607500000.0,3,DISTORTED,0.11493910301966943,0.0402286860568843,PROXY,LAG_WATCH,Mispricing 은 있으나 합의 DISTORTED / Leader 확인 / 후행 움직임,GRADE:1945:59|UPPER_GRADE:2604:59|BUYER_CHOICE:6666:74
6664,도래울 센트럴 더 힐 아파트,41281,도내동,84,Z41281-원흥동,4,678750000.0,4,DISTORTED,0.05172534931663071,0.03507848176798047,PROXY,LAG_WATCH,Mispricing 은 있으나 합의 DISTORTED / Leader 확인 / 후행 움직임,LOCAL:6704:84|GRADE:1935:84|UPPER_GRADE:2423:84|BUYER_CHOICE:6666:84
6661,도래울센트럴더포레,41281,원흥동,74,Z41281-원흥동,4,623750000.0,3,WEAK,0.029903039827566025,0.02242727987067452,PROXY,NEUTRAL,,LOCAL:6704:74|GRADE:2287:74|BUYER_CHOICE:6666:74
6661,도래울센트럴더포레,41281,원흥동,84,Z41281-원흥동,4,675000000.0,4,DISTORTED,0.09126809563522856,0.0557987780557711,PROXY,LAG_WATCH,Mispricing 은 있으나 합의 DISTORTED / Leader 확인 / 후행 움직임,LOCAL:6704:84|GRADE:1935:84|UPPER_GRADE:2423:84|BUYER_CHOICE:6666:84
6666,도래울파크뷰,41281,도내동,74,Z41281-원흥동,4,721500000.0,3,WEAK,-0.03564815929067234,0.0,VERIFIED,NEUTRAL,,LOCAL:6704:74|GRADE:2287:74|BUYER_CHOICE:6662:84
6666,도래울파크뷰,41281,도내동,84,Z41281-원흥동,4,756250000.0,4,DISTORTED,0.04926470425461709,0.03479267906348431,PROXY,LAG_WATCH,Mispricing 은 있으나 합의 DISTORTED / Leader 확인 / 후행 움직임,LOCAL:6704:84|GRADE:1935:84|UPPER_GRADE:2423:84|BUYER_CHOICE:6662:84
2118,도봉한신,11320,도봉동,74,Z11350-상계동,4,565000000.0,1,THIN,0.05342222460182207,,NOT_CALCULATED,NEUTRAL,,LOCAL:2287:74
2118,도봉한신,11320,도봉동,84,Z11350-상계동,4,604375000.0,4,DISTORTED,0.04975953145602778,0.030336743154514546,PROXY,LAG_WATCH,Mispricing 은 있으나 합의 DISTORTED / Leader 확인 / 후행 움직임,LOCAL:2044:84|GRADE:2221:84|UPPER_GRADE:1587:84|BUYER_CHOICE:2287:74
1242,도원삼성래미안,11170,도원동,59,Z11440-공덕동,2,1625250000.0,3,WEAK,0.02760601992245089,0.003913553638265987,PROXY,NEUTRAL,,LOCAL:2623:59|GRADE:3588:59|UPPER_GRADE:3888:59
1242,도원삼성래미안,11170,도원동,84,Z11440-공덕동,2,1812500000.0,3,WEAK,-0.03116097378492698,0.0,PROXY,NEUTRAL,,LOCAL:2623:84|GRADE:3561:84|UPPER_GRADE:3888:84
1817,돈암삼성,11290,돈암동,59,Z11290-정릉동,4,835000000.0,3,DISTORTED,0.05818188246941517,0.013745469733399332,PROXY,NEUTRAL,,LOCAL:1945:59|UPPER_GRADE:1587:59|BUYER_CHOICE:1566:59
1817,돈암삼성,11290,돈암동,84,Z11290-정릉동,4,932500000.0,3,WEAK,0.01926442587219616,0.0,PROXY,NEUTRAL,,LOCAL:1935:84|GRADE:2221:84|UPPER_GRADE:1587:84
4964,동수원자이1차,41117,망포동,84,Z41117-망포동,4,610000000.0,4,STRONG,0.07717037871387279,0.02492897932668882,PROXY,NEUTRAL,,LOCAL:4954:84|GRADE:4895:84|UPPER_GRADE:3698:84|BUYER_CHOICE:4953:59
8632,동천디이스트,41465,동천동,84,Z41465-죽전동,4,1164500000.0,4,WEAK,-0.09695128246943158,0.0,PROXY,NEUTRAL,,LOCAL:8532:84|GRADE:8325:84|UPPER_GRADE:3698:84|BUYER_CHOICE:8625:84
8625,동천센트럴자이아파트,41465,동천동,59,Z41465-죽전동,4,1150000000.0,4,OK,0.12430589493178003,0.023396595481405425,PROXY,NEUTRAL,,LOCAL:8554:59|GRADE:4952:59|UPPER_GRADE:3698:59|BUYER_CHOICE:5173:59
8625,동천센트럴자이아파트,41465,동천동,74,Z41465-죽전동,4,1251250000.0,2,THIN,0.06796665897236824,,NOT_CALCULATED,NEUTRAL,,GRADE:4954:74|BUYER_CHOICE:8532:84
8625,동천센트럴자이아파트,41465,동천동,84,Z41465-죽전동,4,1356250000.0,3,WEAK,0.00020161290322588953,0.0,PROXY,NEUTRAL,,LOCAL:8532:84|GRADE:8325:84|UPPER_GRADE:3698:84
8626,동천자이아파트,41465,동천동,74,Z41465-죽전동,4,1058750000.0,1,THIN,0.12435192781163518,,NOT_CALCULATED,NEUTRAL,,GRADE:4954:74
8626,동천자이아파트,41465,동천동,84,Z41465-죽전동,4,1112500000.0,4,OK,0.0634524811424992,5.9801780213999295e-05,PROXY,NEUTRAL,,LOCAL:8532:84|GRADE:8325:84|UPPER_GRADE:3698:84|BUYER_CHOICE:8625:74
9706,동탄 더샵 레이크에듀타운아파트,41597,산척동,84,Z41597-여울동,4,984750000.0,4,OK,0.10219828129430797,0.016770899160422497,PROXY,NEUTRAL,,LOCAL:9689:84|GRADE:9641:84|UPPER_GRADE:3698:84|BUYER_CHOICE:9640:84
9739,동탄2신도시 하우스디 더 레이크,41597,송동,59,Z41597-여울동,4,764250000.0,4,WEAK,0.030638704140030476,0.012994546721287598,PROXY,NEUTRAL,,LOCAL:9713:59|GRADE:9661:59|UPPER_GRADE:3698:59|BUYER_CHOICE:9706:84
9739,동탄2신도시 하우스디 더 레이크,41597,송동,74,Z41597-여울동,4,852500000.0,3,DISTORTED,-0.008517230282144777,0.0,PROXY,NEUTRAL,,LOCAL:9694:74|GRADE:9641:74|BUYER_CHOICE:9706:84
9739,동탄2신도시 하우스디 더 레이크,41597,송동,84,Z41597-여울동,4,930000000.0,4,WEAK,0.03360270415014882,0.016632334857188017,PROXY,NEUTRAL,,LOCAL:9689:84|GRADE:9641:84|UPPER_GRADE:3698:84|BUYER_CHOICE:9640:84
9641,동탄역 시범우남퍼스트빌,41597,청계동,59,Z41597-영천동,4,1227500000.0,3,WEAK,-0.07334092622050413,0.0,PROXY,NEUTRAL,,LOCAL:9661:59|GRADE:9739:59|UPPER_GRADE:3698:59
9641,동탄역 시범우남퍼스트빌,41597,청계동,74,Z41597-영천동,4,1245000000.0,2,THIN,-0.06239517358054626,0.0,PROXY,NEUTRAL,,LOCAL:9661:74|GRADE:9739:74
9641,동탄역 시범우남퍼스트빌,41597,청계동,84,Z41597-영천동,4,1436250000.0,3,WEAK,-0.03647731407069292,0.0,PROXY,NEUTRAL,,LOCAL:9640:84|GRADE:9689:84|UPPER_GRADE:3698:84
9661,동탄역센트럴상록아파트,41597,영천동,59,Z41597-영천동,4,927500000.0,3,WEAK,0.017226049599687442,0.004823293887912483,PROXY,NEUTRAL,,LOCAL:9641:59|GRADE:9739:59|UPPER_GRADE:3698:59
9661,동탄역센트럴상록아파트,41597,영천동,74,Z41597-영천동,4,1025750000.0,2,THIN,-0.04948844285796725,0.0004711959924859094,PROXY,NEUTRAL,,LOCAL:9641:74|GRADE:9739:74
9637,동탄역센트럴푸르지오,41597,청계동,59,Z41597-영천동,4,828500000.0,3,WEAK,-0.037093425605536315,0.0,PROXY,NEUTRAL,,LOCAL:9661:59|GRADE:9739:59|UPPER_GRADE:3698:59
9637,동탄역센트럴푸르지오,41597,청계동,74,Z41597-영천동,4,872750000.0,3,WEAK,0.009551519440905364,0.008596367496814828,PROXY,NEUTRAL,,LOCAL:9641:74|GRADE:9739:74|BUYER_CHOICE:9640:84
9637,동탄역센트럴푸르지오,41597,청계동,84,Z41597-영천동,4,1053250000.0,3,WEAK,-0.020015534192524376,0.0,PROXY,NEUTRAL,,LOCAL:9641:84|GRADE:9689:84|UPPER_GRADE:3698:84
9635,동탄역시범한화꿈에그린프레스티지아파트,41597,청계동,84,Z41597-영천동,4,1462500000.0,3,WEAK,-0.038208953012035106,0.0,PROXY,NEUTRAL,,LOCAL:9641:84|GRADE:9689:84|UPPER_GRADE:3698:84
9640,동탄역시범호반써밋,41597,청계동,84,Z41597-영천동,4,1137500000.0,3,WEAK,0.02750957444863404,0.016505744669180422,PROXY,NEUTRAL,,LOCAL:9641:84|GRADE:9689:84|UPPER_GRADE:3698:84
9735,동탄호수자이파밀리에,41597,장지동,59,Z41597-여울동,4,545000000.0,4,DISTORTED,0.11098608902811796,0.07240896720172253,PROXY,LAG_WATCH,Mispricing 은 있으나 합의 DISTORTED / Leader 확인 / 후행 움직임,LOCAL:9739:59|GRADE:9661:59|UPPER_GRADE:3698:59|BUYER_CHOICE:9694:84
9735,동탄호수자이파밀리에,41597,장지동,74,Z41597-여울동,4,700000000.0,2,THIN,0.09344617693622617,0.027284962991682718,PROXY,NEUTRAL,,LOCAL:9739:74|GRADE:9641:74
9735,동탄호수자이파밀리에,41597,장지동,84,Z41597-여울동,4,733000000.0,4,OK,0.10515295386470783,0.01651717711293267,PROXY,NEUTRAL,,LOCAL:9689:84|GRADE:9641:84|UPPER_GRADE:3698:84|BUYER_CHOICE:9706:84
5682,동편마을3단지,41173,관양동,74,Z41173-호계동,4,1020000000.0,3,OK,0.12426606741871304,0.11183946067684174,PROXY,LAG_CANDIDATE,합의 OK · Leader 이동 확인 · 후행 움직임 Median↑/P25↑ · 빠른추종 계급,LOCAL:5736:74|GRADE:6084:74|BUYER_CHOICE:5676:59
5682,동편마을3단지,41173,관양동,84,Z41173-호계동,4,1110000000.0,4,DISTORTED,0.07750096151835192,0.059454858400747546,PROXY,LAG_WATCH,Mispricing 은 있으나 합의 DISTORTED / Leader 확인 / 후행 움직임,LOCAL:8071:84|GRADE:3760:84|UPPER_GRADE:3698:84|BUYER_CHOICE:5676:59
7207,두산알프하임,41360,호평동,59,Z41360-호평동,6,418500000.0,3,OK,0.04129664546631399,0.0,PROXY,NEUTRAL,,LOCAL:7233:59|GRADE:5405:59|UPPER_GRADE:5577:59
7207,두산알프하임,41360,호평동,74,Z41360-호평동,6,486250000.0,1,THIN,-0.012533568078836625,0.0,PROXY,NEUTRAL,,GRADE:9970:74
2970,등촌3단지주공아파트,11500,등촌동,59,Z11470-목동,3,1056250000.0,3,OK,0.006576063577188725,0.0025893250335180602,PROXY,NEUTRAL,,LOCAL:3002:59|GRADE:3487:59|UPPER_GRADE:3060:59
2963,등촌IPARK,11500,등촌동,84,Z11470-목동,3,1215000000.0,3,DISTORTED,-0.0299375049369129,0.0,PROXY,NEUTRAL,,LOCAL:3006:84|UPPER_GRADE:3042:84|BUYER_CHOICE:3002:59
2971,등촌주공5단지,11500,등촌동,59,Z11470-목동,3,990000000.0,4,WEAK,0.0007061554511789618,0.0014655037610924403,PROXY,NEUTRAL,,LOCAL:2970:59|GRADE:3487:59|UPPER_GRADE:3060:59|BUYER_CHOICE:2604:59
4002,디에이치 아너힐즈,11680,개포동,59,Z11680-역삼동,1,3370000000.0,3,WEAK,-0.0401662423137753,0.0,PROXY,NEUTRAL,,LOCAL:4207:59|GRADE:3888:59|BUYER_CHOICE:4015:84
4002,디에이치 아너힐즈,11680,개포동,74,Z11680-역삼동,1,,0,UNKNOWN,,,NOT_CALCULATED,UNKNOWN,비율 역사 60개월 미만 또는 Leader 없음,
4002,디에이치 아너힐즈,11680,개포동,84,Z11680-역삼동,1,3500000000.0,3,STRONG,0.15739971079333515,0.09021190768857888,PROXY,LAG_CANDIDATE,합의 STRONG · Leader 이동 확인 · 후행 움직임 거래량↑ · 빠른추종 계급,LOCAL:4207:84|GRADE:3888:84|BUYER_CHOICE:4015:84
4075,래미안 대치 팰리스,11680,대치동,84,Z11680-역삼동,1,4250000000.0,2,THIN,0.09540007729377797,0.043843063023216985,PROXY,LAG_WATCH,Mispricing 은 있으나 합의 THIN / Leader 확인 / 후행 움직임,LOCAL:4207:84|GRADE:3888:84
5058,래미안금광,41133,금광동,59,Z41131-신흥동,4,666500000.0,4,DISTORTED,0.19199196071587377,0.03005696605933518,PROXY,LAG_WATCH,Mispricing 은 있으나 합의 DISTORTED / Leader 확인 / 후행 움직임,LOCAL:4985:59|GRADE:8554:59|UPPER_GRADE:8151:59|BUYER_CHOICE:5082:84
5058,래미안금광,41133,금광동,84,Z41131-신흥동,4,755000000.0,3,STRONG,0.14956600465995137,0.029193283534333883,PROXY,NEUTRAL,,LOCAL:4985:84|GRADE:8532:84|UPPER_GRADE:8151:84
1872,래미안길음센터피스,11290,길음동,59,Z11290-길음동,2,1462500000.0,3,WEAK,0.03638362324629896,0.0023563853595465517,PROXY,NEUTRAL,,GRADE:1367:59|UPPER_GRADE:3888:59|BUYER_CHOICE:1563:84
1872,래미안길음센터피스,11290,길음동,84,Z11290-길음동,2,1750000000.0,2,THIN,0.08905959797739389,0.029526915959258423,PROXY,NEUTRAL,,GRADE:1312:84|UPPER_GRADE:3888:84
4832,래미안노블클래스1단지2단지,41115,인계동,59,Z41113-권선동,5,651750000.0,3,OK,0.13390952937502917,0.047249977439979045,PROXY,LAG_CANDIDATE,합의 OK · Leader 이동 확인 · 후행 움직임 Median↑/P25↑,LOCAL:4864:59|GRADE:4792:59|UPPER_GRADE:4952:59
4832,래미안노블클래스1단지2단지,41115,인계동,84,Z41113-권선동,5,724000000.0,4,DISTORTED,0.04423948624344985,0.018792379104343202,PROXY,NEUTRAL,,LOCAL:4864:84|GRADE:4600:84|UPPER_GRADE:4954:84|BUYER_CHOICE:4720:84
3912,래미안리더스원,11650,서초동,84,Z11650-서초동,2,3800000000.0,2,THIN,0.03487244459386856,0.04138769905632829,PROXY,LAG_WATCH,Mispricing 은 있으나 합의 THIN / Leader 확인 / 후행 움직임,GRADE:3561:84|UPPER_GRADE:3888:84
1580,래미안미드카운티,11230,답십리동,59,Z11230-답십리동,3,1517500000.0,3,WEAK,0.0016460921892020662,0.000384088177480482,PROXY,NEUTRAL,,LOCAL:1587:59|GRADE:2604:59|UPPER_GRADE:1367:59
1580,래미안미드카운티,11230,답십리동,84,Z11230-답십리동,3,1667500000.0,3,WEAK,0.028060223139711807,0.0037666289778802895,PROXY,NEUTRAL,,LOCAL:1587:84|GRADE:2423:84|UPPER_GRADE:1312:84
4003,래미안블레스티지,11680,개포동,59,Z11680-역삼동,1,2722500000.0,3,STRONG,0.10612275483296041,0.024726601876079772,PROXY,NEUTRAL,,LOCAL:4207:59|GRADE:3888:59|BUYER_CHOICE:4002:59
4003,래미안블레스티지,11680,개포동,84,Z11680-역삼동,1,3400000000.0,3,STRONG,0.14740800116578784,0.03936285380597125,PROXY,LAG_CANDIDATE,합의 STRONG · Leader 이동 확인 · 후행 움직임 Median↑/거래량↑ · 빠른추종 계급,LOCAL:4207:84|GRADE:3888:84|BUYER_CHOICE:4015:84
3561,래미안상도3차,11590,상도동,59,Z11590-상도동,2,1600000000.0,4,WEAK,0.0019414834594105486,0.0014066729416795883,PROXY,NEUTRAL,,LOCAL:3588:59|GRADE:2623:59|UPPER_GRADE:3888:59|BUYER_CHOICE:3573:84
3561,래미안상도3차,11590,상도동,84,Z11590-상도동,2,1688500000.0,3,DISTORTED,-0.0011858879335903399,0.0,PROXY,NEUTRAL,,LOCAL:3573:84|GRADE:2623:84|UPPER_GRADE:3888:84
4379,래미안솔베뉴,11740,명일동,59,Z11740-길동,2,1790000000.0,4,WEAK,-0.020243523574268566,0.0,PROXY,NEUTRAL,,LOCAL:4396:59|GRADE:1455:59|UPPER_GRADE:4207:59|BUYER_CHOICE:4397:84
4379,래미안솔베뉴,11740,명일동,74,Z11740-길동,2,2105000000.0,1,THIN,0.04963136675691336,0.0,PROXY,NEUTRAL,,GRADE:5183:74
4379,래미안솔베뉴,11740,명일동,84,Z11740-길동,2,2150000000.0,1,THIN,0.0065609523351395005,,NOT_CALCULATED,NEUTRAL,,UPPER_GRADE:4207:84
1943,래미안아트리치,11290,석관동,59,Z11290-정릉동,4,1172500000.0,2,THIN,0.02628252145791093,0.0062858463022368695,PROXY,NEUTRAL,,LOCAL:1945:59|UPPER_GRADE:1587:59
1943,래미안아트리치,11290,석관동,84,Z11290-정릉동,4,1300000000.0,3,WEAK,0.019842724227168054,0.0,PROXY,NEUTRAL,,LOCAL:1935:84|GRADE:2221:84|UPPER_GRADE:1587:84
5577,래미안안양메가트리아,41171,안양동,59,Z41171-안양동,5,900500000.0,2,THIN,-0.037289082305413127,0.0,VERIFIED,NEUTRAL,,LOCAL:5619:59|UPPER_GRADE:7966:59
5577,래미안안양메가트리아,41171,안양동,84,Z41171-안양동,5,1040000000.0,3,WEAK,-0.07798578626258416,0.0,PROXY,NEUTRAL,,LOCAL:5615:84|GRADE:6617:84|UPPER_GRADE:8071:84
3491,래미안에스티움,11560,신길동,59,Z11560-신길동,3,1670000000.0,3,WEAK,0.0019423278051695731,0.00027323453608247325,PROXY,NEUTRAL,,LOCAL:3487:59|GRADE:2970:59|UPPER_GRADE:3588:59
3491,래미안에스티움,11560,신길동,84,Z11560-신길동,3,1940000000.0,3,DISTORTED,0.002123118241332548,0.0002394797759289064,PROXY,NEUTRAL,,GRADE:3006:84|UPPER_GRADE:3561:84|BUYER_CHOICE:3588:59
1394,래미안옥수리버젠,11200,옥수동,59,Z11200-행당동,2,2196250000.0,3,WEAK,-0.009680266529024175,0.0,PROXY,NEUTRAL,,LOCAL:1367:59|GRADE:2623:59|UPPER_GRADE:3888:59
1394,래미안옥수리버젠,11200,옥수동,84,Z11200-행당동,2,2440000000.0,3,OK,0.05305721438837827,0.024160673961254413,PROXY,NEUTRAL,,LOCAL:1312:84|GRADE:2623:84|UPPER_GRADE:3888:84
1920,래미안월곡,11290,하월곡동,59,Z11290-정릉동,4,958000000.0,2,THIN,0.07763052502521639,0.02313534612963409,VERIFIED,NEUTRAL,,LOCAL:1945:59|UPPER_GRADE:1587:59
1920,래미안월곡,11290,하월곡동,84,Z11290-정릉동,4,1082500000.0,3,DISTORTED,0.04993560776212814,0.0,PROXY,NEUTRAL,,LOCAL:1935:84|GRADE:2221:84|UPPER_GRADE:1587:84
1587,래미안위브,11230,답십리동,59,Z11230-답십리동,3,1578750000.0,4,WEAK,-0.013974263687559598,0.00342714430312898,PROXY,NEUTRAL,,LOCAL:1563:59|GRADE:2604:59|UPPER_GRADE:1367:59|BUYER_CHOICE:1312:59
1587,래미안위브,11230,답십리동,84,Z11230-답십리동,3,1694000000.0,3,WEAK,-0.006894230197013691,0.0,PROXY,NEUTRAL,,LOCAL:1566:84|GRADE:2423:84|UPPER_GRADE:1312:84
1617,래미안장안2차,11230,장안동,59,Z11260-면목동,4,1043000000.0,1,THIN,0.05696202531645569,0.01993670886075949,PROXY,NEUTRAL,,UPPER_GRADE:1587:59
1617,래미안장안2차,11230,장안동,84,Z11260-면목동,4,1247750000.0,3,WEAK,-0.07677774554095687,0.0,PROXY,NEUTRAL,,LOCAL:1676:84|GRADE:2221:84|UPPER_GRADE:1587:84
1563,래미안크레시티,11230,전농동,59,Z11230-답십리동,3,1550000000.0,4,DISTORTED,0.061161250559498725,0.017408415810405264,PROXY,NEUTRAL,,LOCAL:1587:59|GRADE:2604:59|UPPER_GRADE:1367:59|BUYER_CHOICE:1312:59
1563,래미안크레시티,11230,전농동,84,Z11230-답십리동,3,1722500000.0,3,WEAK,0.05549331892850126,0.01456699621873158,PROXY,NEUTRAL,,LOCAL:1587:84|GRADE:2423:84|UPPER_GRADE:1312:84
1968,래미안트리베라1차,11305,미아동,59,Z11290-정릉동,4,926000000.0,2,THIN,0.11245582023814013,0.06855979763063003,VERIFIED,LAG_WATCH,Mispricing 은 있으나 합의 THIN / Leader 확인 / 후행 움직임,LOCAL:1945:59|UPPER_GRADE:1587:59
1968,래미안트리베라1차,11305,미아동,84,Z11290-정릉동,4,1054500000.0,3,DISTORTED,0.06446387443765965,0.04512471210636175,PROXY,LAG_WATCH,Mispricing 은 있으나 합의 DISTORTED / Leader 확인 / 후행 움직임,LOCAL:1935:84|GRADE:2221:84|UPPER_GRADE:1587:84
1935,래미안퍼스트하이,11290,장위동,59,Z11290-정릉동,4,1139500000.0,2,THIN,0.06566058918649116,0.009523977828884141,PROXY,NEUTRAL,,LOCAL:1945:59|UPPER_GRADE:1587:59
1935,래미안퍼스트하이,11290,장위동,84,Z11290-정릉동,4,1329000000.0,2,THIN,-0.06497135939056102,0.00155965685174605,PROXY,NEUTRAL,,GRADE:2221:84|UPPER_GRADE:1587:84
3888,래미안퍼스티지,11650,반포동,59,Z11650-잠원동,1,4050000000.0,1,THIN,-0.0664275375795459,0.0,VERIFIED,NEUTRAL,,GRADE:4207:59
3888,래미안퍼스티지,11650,반포동,84,Z11650-잠원동,1,5162500000.0,1,THIN,-0.029384756657483885,0.0,VERIFIED,NEUTRAL,,GRADE:4207:84
4139,래미안포레,11680,자곡동,84,Z11680-자곡동,2,2042500000.0,3,OK,0.1212100840336135,0.06951806744134073,PROXY,LAG_CANDIDATE,합의 OK · Leader 이동 확인 · 후행 움직임 Gap 축소/Median↑/P25↑,GRADE:4263:84|UPPER_GRADE:4207:84|BUYER_CHOICE:4295:84
4397,래미안힐스테이트 고덕,11740,고덕동,59,Z11740-길동,2,1845000000.0,3,WEAK,-0.00476962947197477,0.0,PROXY,NEUTRAL,,LOCAL:4396:59|GRADE:1455:59|UPPER_GRADE:4207:59
4397,래미안힐스테이트 고덕,11740,고덕동,74,Z11740-길동,2,1900000000.0,3,OK,0.06897950668475283,0.04506754652679011,PROXY,LAG_CANDIDATE,합의 OK · Leader 이동 확인 · 후행 움직임 Gap 축소/Median↑/P25↑/거래량↑ · 빠른추종 계급,LOCAL:4396:74|GRADE:5183:74|UPPER_GRADE:4015:74
4397,래미안힐스테이트 고덕,11740,고덕동,84,Z11740-길동,2,1998750000.0,4,OK,0.06480504240344236,0.02758167219196937,PROXY,NEUTRAL,,LOCAL:4409:84|GRADE:1455:84|UPPER_GRADE:4207:84|BUYER_CHOICE:4396:84
1229,리버힐삼성아파트,11170,산천동,59,Z11440-공덕동,2,1515000000.0,4,WEAK,-0.010855644807236888,0.003319890780697224,PROXY,NEUTRAL,,LOCAL:2623:59|GRADE:3588:59|UPPER_GRADE:3888:59|BUYER_CHOICE:3364:59
1229,리버힐삼성아파트,11170,산천동,84,Z11440-공덕동,2,1755000000.0,3,WEAK,-0.03382616487455198,0.0,PROXY,NEUTRAL,,LOCAL:2623:84|GRADE:3561:84|UPPER_GRADE:3888:84
3042,마곡13단지 힐스테이트마스터 아파트,11500,마곡동,59,Z11500-마곡동,2,1500000000.0,4,WEAK,0.04116301891460567,0.013829331346525614,PROXY,NEUTRAL,,LOCAL:3060:59|GRADE:2623:59|UPPER_GRADE:3888:59|BUYER_CHOICE:3052:84
3042,마곡13단지 힐스테이트마스터 아파트,11500,마곡동,84,Z11500-마곡동,2,1702500000.0,4,OK,0.06057360747160359,0.03681667951952958,PROXY,LAG_CANDIDATE,합의 OK · Leader 이동 확인 · 후행 움직임 Gap 축소/Median↑/P25↑ · 빠른추종 계급,LOCAL:3052:84|GRADE:2623:84|UPPER_GRADE:3888:84|BUYER_CHOICE:3364:74
3071,마곡수명산파크1단지,11500,내발산동,84,Z11470-목동,3,1314000000.0,3,WEAK,-0.06023818050875325,0.0,PROXY,NEUTRAL,,LOCAL:3006:84|UPPER_GRADE:3042:84|BUYER_CHOICE:3060:59
3056,마곡엠밸리14단지,11500,마곡동,84,Z11500-마곡동,2,1725000000.0,4,DISTORTED,0.06016382360076738,0.03934325339774553,PROXY,LAG_WATCH,Mispricing 은 있으나 합의 DISTORTED / Leader 확인 / 후행 움직임,LOCAL:3042:84|GRADE:2623:84|UPPER_GRADE:3888:84|BUYER_CHOICE:3364:74
3060,마곡엠밸리15단지,11500,마곡동,59,Z11500-마곡동,2,1522500000.0,3,DISTORTED,0.0627982000578697,0.016296212858189423,PROXY,NEUTRAL,,LOCAL:3042:59|GRADE:2623:59|UPPER_GRADE:3888:59
3060,마곡엠밸리15단지,11500,마곡동,84,Z11500-마곡동,2,1665000000.0,3,DISTORTED,0.09720949413489735,0.06124198130498533,PROXY,LAG_WATCH,Mispricing 은 있으나 합의 DISTORTED / Leader 확인 / 후행 움직임,LOCAL:3042:84|GRADE:2623:84|UPPER_GRADE:3888:84
3052,마곡엠밸리6단지,11500,마곡동,84,Z11500-마곡동,2,1735000000.0,4,DISTORTED,0.08551506881357773,0.05986054816950442,PROXY,LAG_WATCH,Mispricing 은 있으나 합의 DISTORTED / Leader 확인 / 후행 움직임,LOCAL:3042:84|GRADE:2623:84|UPPER_GRADE:3888:84|BUYER_CHOICE:3364:74
3053,마곡엠밸리7단지,11500,마곡동,84,Z11500-마곡동,2,1966250000.0,3,DISTORTED,0.06724383301707777,0.03765654648956355,PROXY,LAG_WATCH,Mispricing 은 있으나 합의 DISTORTED / Leader 확인 / 후행 움직임,LOCAL:3042:84|GRADE:2623:84|UPPER_GRADE:3888:84
2684,마포 아이파크 포레 아파트,11440,신수동,59,Z11440-창전동,2,2077500000.0,2,THIN,0.0036724041510833695,0.0006054692723891151,PROXY,NEUTRAL,,GRADE:2623:59|UPPER_GRADE:3888:59
2684,마포 아이파크 포레 아파트,11440,신수동,84,Z11440-창전동,2,2400000000.0,2,THIN,0.05685081502104827,0.03591725276020593,PROXY,LAG_WATCH,Mispricing 은 있으나 합의 THIN / Leader 확인 / 후행 움직임,GRADE:2623:84|UPPER_GRADE:3888:84
2667,마포그랑자이아파트,11440,대흥동,59,Z11440-공덕동,2,2080000000.0,2,THIN,0.02270710279934997,0.006954016540800919,PROXY,NEUTRAL,,LOCAL:2623:59|UPPER_GRADE:3888:59
2667,마포그랑자이아파트,11440,대흥동,84,Z11440-공덕동,2,2495000000.0,3,WEAK,0.0010226221330057396,0.0035809580184766694,PROXY,NEUTRAL,,LOCAL:2623:84|GRADE:3561:84|UPPER_GRADE:3888:84
2623,마포래미안푸르지오,11440,아현동,59,Z11440-공덕동,2,2122500000.0,2,THIN,0.026836407174146037,0.015087677617633426,PROXY,NEUTRAL,,GRADE:3588:59|UPPER_GRADE:3888:59
2623,마포래미안푸르지오,11440,아현동,84,Z11440-공덕동,2,2480000000.0,2,THIN,0.011284923431558883,0.012207551811409069,VERIFIED,NEUTRAL,,GRADE:3561:84|UPPER_GRADE:3888:84
4963,망포늘푸른벽산,41117,망포동,59,Z41117-망포동,4,426250000.0,4,DISTORTED,0.1345186001284507,0.05961113058336433,PROXY,LAG_WATCH,Mispricing 은 있으나 합의 DISTORTED / Leader 확인 / 후행 움직임,LOCAL:4952:59|GRADE:9661:59|UPPER_GRADE:3698:59|BUYER_CHOICE:7604:74
4963,망포늘푸른벽산,41117,망포동,84,Z41117-망포동,4,517500000.0,3,STRONG,0.11070313199825021,0.0032170870897784555,PROXY,NEUTRAL,,LOCAL:4954:84|GRADE:4895:84|UPPER_GRADE:3698:84
4864,매탄위브하늘채,41117,매탄동,59,Z41113-권선동,5,640000000.0,4,OK,0.1473648997874661,0.11073618803520884,PROXY,LAG_CANDIDATE,합의 OK · Leader 이동 확인 · 후행 움직임 Median↑/P25↑ · 빠른추종 계급,LOCAL:4874:59|GRADE:4792:59|UPPER_GRADE:4952:59|BUYER_CHOICE:4953:59
4864,매탄위브하늘채,41117,매탄동,74,Z41113-권선동,5,710000000.0,4,DISTORTED,0.06567412353332777,0.030938674660210757,PROXY,LAG_WATCH,Mispricing 은 있으나 합의 DISTORTED / Leader 확인 / 후행 움직임,LOCAL:4720:74|GRADE:4664:74|UPPER_GRADE:4954:74|BUYER_CHOICE:4953:59
4864,매탄위브하늘채,41117,매탄동,84,Z41113-권선동,5,757500000.0,3,OK,0.08978476267673637,0.06284933387371545,PROXY,LAG_CANDIDATE,합의 OK · Leader 이동 확인 · 후행 움직임 Gap 축소/Median↑/P25↑/거래량↑ · 빠른추종 계급,GRADE:4600:84|UPPER_GRADE:4954:84|BUYER_CHOICE:4953:74
4862,매탄임광,41117,매탄동,74,Z41113-권선동,5,427000000.0,3,DISTORTED,0.04970484394859476,0.010988498375935588,PROXY,NEUTRAL,,LOCAL:4720:74|GRADE:4664:74|UPPER_GRADE:4954:74
4862,매탄임광,41117,매탄동,84,Z41113-권선동,5,475750000.0,3,DISTORTED,-0.01655982905982918,0.0,PROXY,NEUTRAL,,LOCAL:4864:84|GRADE:4600:84|UPPER_GRADE:4954:84
4842,매탄현대힐스테이트,41117,매탄동,59,Z41113-권선동,5,583000000.0,3,DISTORTED,0.12810089914127576,0.11529080922714818,PROXY,LAG_WATCH,Mispricing 은 있으나 합의 DISTORTED / Leader 확인 / 후행 움직임,LOCAL:4864:59|GRADE:4792:59|UPPER_GRADE:4952:59
4842,매탄현대힐스테이트,41117,매탄동,74,Z41113-권선동,5,599500000.0,4,DISTORTED,0.06079773118786484,0.017675533763850206,PROXY,NEUTRAL,,LOCAL:4720:74|GRADE:4664:74|UPPER_GRADE:4954:74|BUYER_CHOICE:4864:74
4842,매탄현대힐스테이트,41117,매탄동,84,Z41113-권선동,5,636500000.0,3,DISTORTED,-7.381889763730503e-06,0.0,PROXY,NEUTRAL,,LOCAL:4864:84|GRADE:4600:84|UPPER_GRADE:4954:84
1686,면목한신,11260,면목동,59,Z11260-면목동,4,577000000.0,2,THIN,0.04381524047818377,0.048527496921903064,PROXY,LAG_WATCH,Mispricing 은 있으나 합의 THIN / Leader 확인 / 후행 움직임,UPPER_GRADE:1587:59|BUYER_CHOICE:1785:59
1686,면목한신,11260,면목동,84,Z11260-면목동,4,700000000.0,3,DISTORTED,0.14382076626815127,0.053693086073443134,PROXY,LAG_WATCH,Mispricing 은 있으나 합의 DISTORTED / Leader 확인 / 후행 움직임,GRADE:2221:84|UPPER_GRADE:1587:84|BUYER_CHOICE:1945:59
4382,명일삼익그린2차,11740,명일동,59,Z11740-길동,2,1650000000.0,4,WEAK,-0.12373355157908135,0.0,PROXY,NEUTRAL,,LOCAL:4396:59|GRADE:1455:59|UPPER_GRADE:4207:59|BUYER_CHOICE:4397:59
4382,명일삼익그린2차,11740,명일동,84,Z11740-길동,2,2000000000.0,4,WEAK,-0.011116506904269217,0.0,PROXY,NEUTRAL,,LOCAL:4409:84|GRADE:1455:84|UPPER_GRADE:4207:84|BUYER_CHOICE:4396:84
8036,모락산현대,41430,오전동,59,Z41430-오전동,6,494500000.0,3,DISTORTED,0.013416184750193785,0.009055924706380804,PROXY,NEUTRAL,,GRADE:4704:59|UPPER_GRADE:4792:59|BUYER_CHOICE:4600:84
8036,모락산현대,41430,오전동,74,Z41430-오전동,6,575000000.0,3,DISTORTED,0.10469261863260332,0.01287227003787391,PROXY,NEUTRAL,,GRADE:6527:74|UPPER_GRADE:4664:74|BUYER_CHOICE:7940:84
2882,목동 센트럴 아이파크위브 아파트,11470,신월동,59,Z11470-신월동,4,1129250000.0,2,THIN,0.06004428812066337,0.009955972012151653,PROXY,NEUTRAL,,UPPER_GRADE:2970:59|BUYER_CHOICE:3006:59
2882,목동 센트럴 아이파크위브 아파트,11470,신월동,84,Z11470-신월동,4,1311250000.0,2,THIN,0.0035127688077331524,0.0035665249794750086,PROXY,NEUTRAL,,GRADE:6052:84|UPPER_GRADE:3006:84
2844,목동롯데캐슬위너,11470,목동,59,Z11470-목동,3,1275000000.0,4,WEAK,0.012285957703079334,0.004825618861076911,PROXY,NEUTRAL,,LOCAL:2970:59|GRADE:3487:59|UPPER_GRADE:3060:59|BUYER_CHOICE:3002:84
2844,목동롯데캐슬위너,11470,목동,84,Z11470-목동,3,1397500000.0,3,WEAK,0.02385250525667992,0.01502707831170835,PROXY,NEUTRAL,,LOCAL:3006:84|UPPER_GRADE:3042:84|BUYER_CHOICE:3002:84
2764,목동힐스테이트,11470,신정동,59,Z11470-신정동,3,1770000000.0,3,WEAK,0.006400306194050549,0.0022401071679176918,PROXY,NEUTRAL,,GRADE:3487:59|UPPER_GRADE:3060:59|BUYER_CHOICE:3364:74
2764,목동힐스테이트,11470,신정동,84,Z11470-신정동,3,2100000000.0,1,THIN,-0.04788745162483651,0.0,PROXY,NEUTRAL,,UPPER_GRADE:3042:84
3434,문래자이아파트,11560,문래동3가,84,Z11560-신길동,3,1850000000.0,2,THIN,-0.054816124636422665,0.0001555556374700518,PROXY,NEUTRAL,,GRADE:3006:84|UPPER_GRADE:3561:84
4293,문정래미안,11710,문정동,84,Z11710-가락동,2,1985000000.0,4,DISTORTED,0.1539969657298177,0.04959501148670822,PROXY,FALSE_CHEAP,Follower 무반응(Persistent Cheapness),LOCAL:4263:84|GRADE:1455:84|UPPER_GRADE:4207:84|BUYER_CHOICE:4295:84
8148,미사강변 루나리움,41450,망월동,59,Z11740-강일동,3,1090000000.0,4,WEAK,0.022605654592495774,0.005193112873587751,PROXY,NEUTRAL,,LOCAL:8151:59|GRADE:1587:59|UPPER_GRADE:4396:59|BUYER_CHOICE:8145:74
8148,미사강변 루나리움,41450,망월동,74,Z11740-강일동,3,1188500000.0,3,WEAK,-0.002906482454185699,0.0,PROXY,NEUTRAL,,LOCAL:8151:74|UPPER_GRADE:4396:74|BUYER_CHOICE:8145:84
8148,미사강변 루나리움,41450,망월동,84,Z11740-강일동,3,1260000000.0,4,WEAK,0.0017070702102081742,0.0003798258163441707,PROXY,NEUTRAL,,LOCAL:8151:84|GRADE:1587:84|UPPER_GRADE:4409:84|BUYER_CHOICE:8145:84
8143,미사강변 센텀팰리스,41450,망월동,74,Z11740-강일동,3,1152500000.0,3,DISTORTED,0.048083849712364096,0.01514641265939469,PROXY,NEUTRAL,,LOCAL:8151:74|UPPER_GRADE:4396:74|BUYER_CHOICE:8145:84
8143,미사강변 센텀팰리스,41450,망월동,84,Z11740-강일동,3,1188750000.0,4,WEAK,0.01982202738584143,0.0041626257510267006,PROXY,NEUTRAL,,LOCAL:8151:84|GRADE:1587:84|UPPER_GRADE:4409:84|BUYER_CHOICE:8145:84
8151,미사강변골든센트로,41450,망월동,59,Z11740-강일동,3,1145000000.0,4,WEAK,0.008689392749460694,0.0032048150489445725,PROXY,NEUTRAL,,LOCAL:8148:59|GRADE:1587:59|UPPER_GRADE:4396:59|BUYER_CHOICE:8145:84
8151,미사강변골든센트로,41450,망월동,74,Z11740-강일동,3,1234750000.0,2,THIN,-0.0012481903689037718,0.015456989726728852,PROXY,NEUTRAL,,LOCAL:8145:74|UPPER_GRADE:4396:74
8151,미사강변골든센트로,41450,망월동,84,Z11740-강일동,3,1312500000.0,3,WEAK,-0.012239860606012214,0.0,PROXY,NEUTRAL,,LOCAL:8143:84|GRADE:1587:84|UPPER_GRADE:4409:84
8170,미사강변센트리버,41450,선동,59,Z11740-강일동,3,1129500000.0,4,WEAK,-0.002892183034518269,0.0,PROXY,NEUTRAL,,LOCAL:8151:59|GRADE:1587:59|UPPER_GRADE:4396:59|BUYER_CHOICE:8148:84
8170,미사강변센트리버,41450,선동,74,Z11740-강일동,3,1191250000.0,3,DISTORTED,0.008486771226898365,0.016311645615853406,PROXY,NEUTRAL,,LOCAL:8151:74|UPPER_GRADE:4396:74|BUYER_CHOICE:8145:84
8170,미사강변센트리버,41450,선동,84,Z11740-강일동,3,1253750000.0,4,WEAK,-0.006056584591851034,0.0,PROXY,NEUTRAL,,LOCAL:8151:84|GRADE:1587:84|UPPER_GRADE:4409:84|BUYER_CHOICE:8145:84
8142,미사강변스타힐스,41450,망월동,59,Z11740-강일동,3,1069500000.0,4,WEAK,-0.03056469761486831,0.0,PROXY,NEUTRAL,,LOCAL:8151:59|GRADE:1587:59|UPPER_GRADE:4396:59|BUYER_CHOICE:8148:74
8142,미사강변스타힐스,41450,망월동,74,Z11740-강일동,3,1251250000.0,3,WEAK,-0.0113742242849358,0.0,PROXY,NEUTRAL,,LOCAL:8151:74|UPPER_GRADE:4396:74|BUYER_CHOICE:8145:84
8142,미사강변스타힐스,41450,망월동,84,Z11740-강일동,3,1311250000.0,4,WEAK,-0.003556326284970133,0.0027799136882408646,PROXY,NEUTRAL,,LOCAL:8151:84|GRADE:1587:84|UPPER_GRADE:4409:84|BUYER_CHOICE:4407:59
8145,미사강변푸르지오,41450,망월동,74,Z11740-강일동,3,1207500000.0,3,DISTORTED,0.09065978435249451,0.031730924523373075,PROXY,LAG_WATCH,Mispricing 은 있으나 합의 DISTORTED / Leader 확인 / 후행 움직임,LOCAL:8151:74|UPPER_GRADE:4396:74|BUYER_CHOICE:1676:84
8145,미사강변푸르지오,41450,망월동,84,Z11740-강일동,3,1411250000.0,3,OK,0.024746131811299553,0.005774097422636562,PROXY,NEUTRAL,,LOCAL:8151:84|GRADE:1587:84|UPPER_GRADE:4409:84
5470,민락엘레트아파트,41150,민락동,59,Z41150-신곡동,7,316000000.0,3,OK,0.008115493834364105,0.00547390109890109,PROXY,NEUTRAL,,GRADE:731:59|UPPER_GRADE:5405:59|BUYER_CHOICE:5414:59
5472,민락호반베르디움1차,41150,민락동,84,Z41150-신곡동,7,550000000.0,1,THIN,0.050336348874970974,0.007833720134539547,PROXY,NEUTRAL,,GRADE:7411:84
5639,박달우성,41171,박달동,74,Z41171-안양동,5,413750000.0,3,DISTORTED,0.09881935006061388,0.029645805018184163,PROXY,NEUTRAL,,GRADE:6617:74|UPPER_GRADE:5736:74|BUYER_CHOICE:5615:59
5639,박달우성,41171,박달동,84,Z41171-안양동,5,447500000.0,4,DISTORTED,0.07627303167972116,0.010579551667577923,PROXY,NEUTRAL,,LOCAL:5577:84|GRADE:6617:84|UPPER_GRADE:8071:84|BUYER_CHOICE:5615:59
5910,반달마을극동아파트,41192,상동,59,Z41192-중동,4,418750000.0,4,DISTORTED,0.04921712865872865,0.09096802606623129,PROXY,LAG_WATCH,Mispricing 은 있으나 합의 DISTORTED / Leader 확인 / 후행 움직임,LOCAL:5826:59|GRADE:3297:59|UPPER_GRADE:2970:59|BUYER_CHOICE:5859:59
5910,반달마을극동아파트,41192,상동,84,Z41192-중동,4,556500000.0,4,DISTORTED,0.0239241633408861,0.02059942294616366,PROXY,NEUTRAL,,LOCAL:5826:84|GRADE:5989:84|UPPER_GRADE:3006:84|BUYER_CHOICE:5859:84
9713,반도유보라아이비파크 10.0 1단지,41597,산척동,59,Z41597-여울동,4,422500000.0,4,OK,0.20134193104017997,0.04856029163713682,PROXY,LAG_CANDIDATE,합의 OK · Leader 이동 확인 · 후행 움직임 Median↑/P25↑/거래량↑,LOCAL:9739:59|GRADE:9661:59|UPPER_GRADE:3698:59|BUYER_CHOICE:7604:74
9713,반도유보라아이비파크 10.0 1단지,41597,산척동,74,Z41597-여울동,4,474500000.0,3,OK,0.16013370056430676,0.007702395311910387,PROXY,NEUTRAL,,LOCAL:9739:74|GRADE:9641:74|BUYER_CHOICE:9694:74
9713,반도유보라아이비파크 10.0 1단지,41597,산척동,84,Z41597-여울동,4,500500000.0,4,OK,0.16035966365405552,0.0,PROXY,FALSE_CHEAP,구조적 비중 81% · 과거 전달확률 0%,LOCAL:9689:84|GRADE:9641:84|UPPER_GRADE:3698:84|BUYER_CHOICE:9694:74
3886,반포리체,11650,반포동,59,Z11650-잠원동,1,3397500000.0,2,THIN,-0.026633237730798637,0.0007782280501878523,PROXY,NEUTRAL,,LOCAL:3888:59|GRADE:4207:59
3886,반포리체,11650,반포동,84,Z11650-잠원동,1,4210000000.0,2,THIN,0.005016216675770216,0.004118914602227623,PROXY,NEUTRAL,,LOCAL:3888:84|GRADE:4207:84
3884,반포미도아파트,11650,반포동,84,Z11650-잠원동,1,4040000000.0,2,THIN,-0.41389963693464044,0.0,PROXY,NEUTRAL,,LOCAL:3888:84|GRADE:4207:84
3883,반포자이,11650,반포동,59,Z11650-잠원동,1,3640000000.0,2,THIN,-0.03588121074130546,0.0003367442510895595,PROXY,NEUTRAL,,LOCAL:3888:59|GRADE:4207:59
3883,반포자이,11650,반포동,84,Z11650-잠원동,1,4720000000.0,2,THIN,-0.01787865204700772,0.0,PROXY,NEUTRAL,,LOCAL:3888:84|GRADE:4207:84
2051,방학신동아1단지,11320,방학동,59,Z11350-상계동,4,355750000.0,3,DISTORTED,0.07857066282773835,0.044195997840602824,PROXY,LAG_WATCH,Mispricing 은 있으나 합의 DISTORTED / Leader 확인 / 후행 움직임,LOCAL:2304:59|UPPER_GRADE:1587:59|BUYER_CHOICE:5405:84
2051,방학신동아1단지,11320,방학동,74,Z11350-상계동,4,460000000.0,4,OK,0.05911498909314561,0.039950733449281906,PROXY,LAG_CANDIDATE,합의 OK · Leader 이동 확인 · 후행 움직임 Median↑/P25↑/거래량↑,LOCAL:2287:74|GRADE:7122:74|UPPER_GRADE:8151:74|BUYER_CHOICE:2304:59
2051,방학신동아1단지,11320,방학동,84,Z11350-상계동,4,587500000.0,4,DISTORTED,0.0027416195064507926,0.0035671104662299237,PROXY,NEUTRAL,,LOCAL:2044:84|GRADE:2221:84|UPPER_GRADE:1587:84|BUYER_CHOICE:2287:74
7896,배곧호반베르디움더프라임아파트,41390,배곧동,84,Z41390-배곧동,5,581500000.0,4,WEAK,0.0030894975663712295,2.3435028248587655e-05,PROXY,NEUTRAL,,LOCAL:7891:84|GRADE:6617:84|UPPER_GRADE:246:84|BUYER_CHOICE:7899:84
2425,백련산 에스케이뷰 아이파크,11380,응암동,59,Z11410-홍제동,3,992500000.0,4,OK,0.07880174275494242,0.0,PROXY,NEUTRAL,,LOCAL:2604:59|GRADE:2970:59|UPPER_GRADE:2623:59|BUYER_CHOICE:2423:59
2425,백련산 에스케이뷰 아이파크,11380,응암동,84,Z11410-홍제동,3,1155000000.0,3,OK,0.028925790646627123,0.006658728496210364,PROXY,NEUTRAL,,LOCAL:2423:84|GRADE:3006:84|UPPER_GRADE:2623:84
2432,백련산힐스테이트1차,11380,응암동,59,Z11410-홍제동,3,796250000.0,4,OK,0.11112617212108132,0.04645003916416783,PROXY,LAG_CANDIDATE,합의 OK · Leader 이동 확인 · 후행 움직임 Gap 축소/Median↑/P25↑/거래량↑ · 빠른추종 계급,LOCAL:2604:59|GRADE:2970:59|UPPER_GRADE:2623:59|BUYER_CHOICE:6662:84
2432,백련산힐스테이트1차,11380,응암동,84,Z11410-홍제동,3,869500000.0,3,OK,0.2300696743049598,0.09662926320808311,PROXY,LAG_CANDIDATE,합의 OK · Leader 이동 확인 · 후행 움직임 Median↑/P25↑/거래량↑ · 빠른추종 계급,GRADE:3006:84|UPPER_GRADE:2623:84|BUYER_CHOICE:2970:59
1964,벽산라이브파크,11305,미아동,59,Z11290-정릉동,4,593750000.0,3,DISTORTED,0.12966158341741496,0.06807233129414285,VERIFIED,LAG_WATCH,Mispricing 은 있으나 합의 DISTORTED / Leader 확인 / 후행 움직임,LOCAL:1945:59|UPPER_GRADE:1587:59|BUYER_CHOICE:1963:59
1964,벽산라이브파크,11305,미아동,84,Z11290-정릉동,4,682500000.0,3,OK,0.12199900408677737,0.04804564778945466,PROXY,LAG_CANDIDATE,합의 OK · Leader 이동 확인 · 후행 움직임 Median↑/P25↑/거래량↑ · 빠른추종 계급,LOCAL:1935:84|GRADE:2221:84|UPPER_GRADE:1587:84
7270,별내아이파크2차아파트,41360,별내동,74,Z41360-별내동,4,752500000.0,3,OK,0.07531796844100545,0.0677861715969049,PROXY,LAG_CANDIDATE,합의 OK · Leader 이동 확인 · 후행 움직임 Gap 축소/Median↑/P25↑/거래량↑ · 빠른추종 계급,GRADE:7122:74|UPPER_GRADE:8151:74|BUYER_CHOICE:7119:84
7270,별내아이파크2차아파트,41360,별내동,84,Z41360-별내동,4,803125000.0,3,OK,0.12471586930526683,0.0748295215831601,PROXY,LAG_CANDIDATE,합의 OK · Leader 이동 확인 · 후행 움직임 Median↑/P25↑/거래량↑ · 빠른추종 계급,GRADE:7119:84|UPPER_GRADE:1587:84|BUYER_CHOICE:2251:84
7269,별내푸르지오,41360,별내동,74,Z41360-별내동,4,578750000.0,3,OK,0.10000805338637637,0.07694432847107353,PROXY,LAG_CANDIDATE,합의 OK · Leader 이동 확인 · 후행 움직임 Median↑/P25↑/거래량↑ · 빠른추종 계급,GRADE:7122:74|UPPER_GRADE:8151:74|BUYER_CHOICE:7126:74
7269,별내푸르지오,41360,별내동,84,Z41360-별내동,4,624000000.0,3,OK,0.1056598928723661,0.017478787778411154,PROXY,NEUTRAL,,GRADE:7119:84|UPPER_GRADE:1587:84|BUYER_CHOICE:7126:74
9514,병점역센트럴허브시티,41595,병점동,59,Z41595-병점동,6,365000000.0,4,DISTORTED,0.02516298555025874,0.007577350499506358,PROXY,NEUTRAL,,LOCAL:9528:59|GRADE:7542:59|UPPER_GRADE:4864:59|BUYER_CHOICE:7610:74
9514,병점역센트럴허브시티,41595,병점동,84,Z41595-병점동,6,436750000.0,3,WEAK,-0.003961816867995863,0.0,PROXY,NEUTRAL,,LOCAL:7610:84|GRADE:7542:84|UPPER_GRADE:7604:84
9528,병점한신,41595,병점동,59,Z41595-병점동,6,264000000.0,4,DISTORTED,-0.0005775923318733812,0.0020265275059795844,PROXY,NEUTRAL,,LOCAL:9514:59|GRADE:7542:59|UPPER_GRADE:4864:59|BUYER_CHOICE:9485:74
9528,병점한신,41595,병점동,84,Z41595-병점동,6,309000000.0,4,WEAK,0.05805665308511883,0.008016629892993943,PROXY,NEUTRAL,,LOCAL:7610:84|GRADE:7542:84|UPPER_GRADE:7604:84|BUYER_CHOICE:9514:59
3488,보라매 sk뷰,11560,신길동,59,Z11560-신길동,3,1705000000.0,3,WEAK,-0.003771815161100316,0.0,PROXY,NEUTRAL,,LOCAL:3487:59|GRADE:2970:59|UPPER_GRADE:3588:59
3488,보라매 sk뷰,11560,신길동,84,Z11560-신길동,3,1941250000.0,3,WEAK,0.0013199355669086326,0.001212803866554721,PROXY,NEUTRAL,,GRADE:3006:84|UPPER_GRADE:3561:84|BUYER_CHOICE:3588:59
1837,보문파크뷰자이아파트,11290,보문동6가,59,Z11200-행당동,2,1240000000.0,4,OK,0.11555422628080037,0.0060120952265633135,PROXY,NEUTRAL,,LOCAL:1367:59|GRADE:2623:59|UPPER_GRADE:3888:59|BUYER_CHOICE:1563:59
1837,보문파크뷰자이아파트,11290,보문동6가,74,Z11200-행당동,2,1266250000.0,3,STRONG,0.1089695248927708,0.0,PROXY,NEUTRAL,,GRADE:4396:74|UPPER_GRADE:4015:74|BUYER_CHOICE:1563:59
1837,보문파크뷰자이아파트,11290,보문동6가,84,Z11200-행당동,2,1372500000.0,4,STRONG,0.14273966030718582,0.015607665079965662,PROXY,NEUTRAL,,LOCAL:1312:84|GRADE:2623:84|UPPER_GRADE:3888:84|BUYER_CHOICE:1563:59
9485,봉담그대가3단지,41593,봉담읍,74,Z41593-봉담읍,7,293000000.0,2,THIN,0.029833616004147797,0.0033562131147540984,PROXY,NEUTRAL,,GRADE:384:74|BUYER_CHOICE:9475:59
9485,봉담그대가3단지,41593,봉담읍,84,Z41593-봉담읍,7,316250000.0,3,DISTORTED,0.04128427073986951,0.0,PROXY,NEUTRAL,,LOCAL:9475:84|GRADE:7563:84|UPPER_GRADE:4676:84
9476,봉담센트럴푸르지오,41593,봉담읍,59,Z41593-봉담읍,7,357250000.0,3,WEAK,-0.01221628878591903,0.0,PROXY,NEUTRAL,,GRADE:384:59|UPPER_GRADE:4704:59|BUYER_CHOICE:9475:84
9476,봉담센트럴푸르지오,41593,봉담읍,74,Z41593-봉담읍,7,400000000.0,2,THIN,0.005805416763437843,0.0,PROXY,NEUTRAL,,GRADE:384:74|BUYER_CHOICE:9475:84
9476,봉담센트럴푸르지오,41593,봉담읍,84,Z41593-봉담읍,7,443000000.0,4,DISTORTED,0.04317464777817705,0.0032888502888982303,PROXY,NEUTRAL,,LOCAL:9485:84|GRADE:7563:84|UPPER_GRADE:4676:84|BUYER_CHOICE:4720:59
9475,봉담한신더휴에듀파크아파트,41593,봉담읍,59,Z41593-봉담읍,7,370000000.0,2,THIN,0.015879647935078033,0.00968089476450425,PROXY,NEUTRAL,,GRADE:384:59|UPPER_GRADE:4704:59
9475,봉담한신더휴에듀파크아파트,41593,봉담읍,84,Z41593-봉담읍,7,468000000.0,4,OK,0.038543499127462105,0.011201766786364737,PROXY,NEUTRAL,,LOCAL:9485:84|GRADE:7563:84|UPPER_GRADE:4676:84|BUYER_CHOICE:4720:59
8087,부영,41450,창우동,59,Z41450-덕풍동,4,739250000.0,2,THIN,0.08176378967008531,0.014545322035070031,PROXY,NEUTRAL,,GRADE:7325:59|UPPER_GRADE:8151:59
5946,부천범박힐스테이트1단지,41194,범박동,59,Z11530-항동,4,473500000.0,2,THIN,0.02694242655139404,0.007596392542477741,PROXY,NEUTRAL,,UPPER_GRADE:3487:59|BUYER_CHOICE:5926:84
5946,부천범박힐스테이트1단지,41194,범박동,74,Z11530-항동,4,492500000.0,3,DISTORTED,0.03613353109796708,0.013008071195268152,PROXY,NEUTRAL,,LOCAL:5991:74|GRADE:6084:74|BUYER_CHOICE:5926:84
5946,부천범박힐스테이트1단지,41194,범박동,84,Z11530-항동,4,520000000.0,1,THIN,0.03191581846342694,0.013404643754639314,PROXY,NEUTRAL,,LOCAL:5989:84
5944,부천범박힐스테이트3단지,41194,범박동,74,Z11530-항동,4,497500000.0,3,OK,0.040249708698906525,0.007244947565803176,PROXY,NEUTRAL,,LOCAL:5991:74|GRADE:6084:74|BUYER_CHOICE:5926:84
5944,부천범박힐스테이트3단지,41194,범박동,84,Z11530-항동,4,538000000.0,1,THIN,0.028185892412085606,0.011838074813075953,PROXY,NEUTRAL,,LOCAL:5989:84
5945,부천범박힐스테이트4단지,41194,범박동,84,Z11530-항동,4,545000000.0,2,THIN,0.08540745610021706,0.031460284485359,PROXY,LAG_WATCH,Mispricing 은 있으나 합의 THIN / Leader 확인 / 후행 움직임,LOCAL:5989:84|GRADE:6052:84
2371,북한산 푸르지오,11380,녹번동,59,Z11410-홍제동,3,1090000000.0,3,DISTORTED,0.11226977731676295,0.04715330647304044,PROXY,LAG_WATCH,Mispricing 은 있으나 합의 DISTORTED / Leader 확인 / 후행 움직임,LOCAL:2604:59|GRADE:2970:59|UPPER_GRADE:2623:59
2371,북한산 푸르지오,11380,녹번동,84,Z11410-홍제동,3,1173250000.0,3,OK,0.0714559120738309,0.03173999538589228,PROXY,LAG_CANDIDATE,합의 OK · Leader 이동 확인 · 후행 움직임 Gap 축소/Median↑/P25↑/거래량↑,LOCAL:2423:84|GRADE:3006:84|UPPER_GRADE:2623:84
2388,북한산힐스테이트3차아파트,11380,불광동,59,Z11380-불광동,4,867500000.0,2,THIN,0.07593871138768159,0.0452134755180481,PROXY,LAG_WATCH,Mispricing 은 있으나 합의 THIN / Leader 확인 / 후행 움직임,GRADE:1945:59|UPPER_GRADE:2604:59
2388,북한산힐스테이트3차아파트,11380,불광동,84,Z11380-불광동,4,958750000.0,2,THIN,-0.0007074664403768569,0.0,PROXY,NEUTRAL,,GRADE:6704:84|UPPER_GRADE:2423:84
5136,분당 파크뷰,41135,정자동,84,Z41135-정자동,2,2494500000.0,1,THIN,0.10122055071657875,0.03542719275080256,VERIFIED,LAG_WATCH,Mispricing 은 있으나 합의 THIN / Leader 확인 / 후행 움직임,GRADE:5154:84
1818,브라운스톤돈암,11290,돈암동,59,Z11290-정릉동,4,903500000.0,3,OK,0.08861723856209153,0.03404784321866822,VERIFIED,LAG_CANDIDATE,합의 OK · Leader 이동 확인 · 후행 움직임 Median↑/P25↑/거래량↑ · 빠른추종 계급,LOCAL:1945:59|UPPER_GRADE:1587:59|BUYER_CHOICE:1935:59
1818,브라운스톤돈암,11290,돈암동,84,Z11290-정릉동,4,1005000000.0,3,DISTORTED,0.08800389901386745,0.0,PROXY,NEUTRAL,,LOCAL:1935:84|GRADE:2221:84|UPPER_GRADE:1587:84
8442,블루밍 구성 더센트럴,41463,마북동,59,Z41465-죽전동,4,897500000.0,3,DISTORTED,0.017875443437130524,0.01430035474970442,PROXY,NEUTRAL,,LOCAL:8554:59|GRADE:4952:59|UPPER_GRADE:3698:59
8442,블루밍 구성 더센트럴,41463,마북동,84,Z41465-죽전동,4,927500000.0,4,DISTORTED,0.04257929955939349,0.01052215210574108,PROXY,NEUTRAL,,LOCAL:8532:84|GRADE:8325:84|UPPER_GRADE:3698:84|BUYER_CHOICE:8554:59
4600,비단마을베스트타운아파트,41111,천천동,84,Z41111-정자동,5,640000000.0,3,DISTORTED,0.07292283921795027,0.04556218994337533,PROXY,LAG_WATCH,Mispricing 은 있으나 합의 DISTORTED / Leader 확인 / 후행 움직임,LOCAL:4544:84|GRADE:4864:84|UPPER_GRADE:4895:84
5658,비산삼성래미안아파트,41173,비산동,59,Z41173-호계동,4,735500000.0,4,DISTORTED,0.02454854070261624,0.0009568149037241157,PROXY,NEUTRAL,,LOCAL:5732:59|GRADE:7966:59|UPPER_GRADE:3698:59|BUYER_CHOICE:5577:59
5658,비산삼성래미안아파트,41173,비산동,84,Z41173-호계동,4,850000000.0,3,OK,0.011444149447295592,0.00953679120607966,PROXY,NEUTRAL,,LOCAL:8071:84|GRADE:3760:84|UPPER_GRADE:3698:84
1676,사가정 센트럴 아이파크 아파트,11260,면목동,84,Z11260-면목동,4,1410000000.0,3,DISTORTED,0.07302024933839034,0.023001378541592954,PROXY,NEUTRAL,,LOCAL:1617:84|GRADE:2221:84|UPPER_GRADE:1587:84
3632,사당우성2단지,11590,사당동,59,Z11620-봉천동,3,1657500000.0,4,WEAK,-0.04234990908161167,0.0,PROXY,NEUTRAL,,LOCAL:3698:59|GRADE:3487:59|UPPER_GRADE:3588:59|BUYER_CHOICE:3573:84
3632,사당우성2단지,11590,사당동,84,Z11620-봉천동,3,1795000000.0,3,WEAK,-0.045040880930004905,0.0,PROXY,NEUTRAL,,LOCAL:3698:84|UPPER_GRADE:3561:84|BUYER_CHOICE:7109:59
8856,산내마을9단지 힐스테이트운정 아파트,41480,목동동,59,Z41480-동패동,6,483000000.0,4,DISTORTED,0.03794122558702861,0.012131282305579194,PROXY,NEUTRAL,,LOCAL:7034:59|GRADE:9235:59|UPPER_GRADE:5577:59|BUYER_CHOICE:6845:59
8856,산내마을9단지 힐스테이트운정 아파트,41480,목동동,74,Z41480-동패동,6,562250000.0,3,WEAK,-0.01488647176629151,0.0,PROXY,NEUTRAL,,LOCAL:7034:74|GRADE:9222:74|BUYER_CHOICE:6845:84
8856,산내마을9단지 힐스테이트운정 아파트,41480,목동동,84,Z41480-동패동,6,648000000.0,3,WEAK,0.0,0.0,PROXY,NEUTRAL,,LOCAL:8879:84|GRADE:6845:84|UPPER_GRADE:9178:84
7957,산본11단지주공,41410,산본동,59,Z41410-산본동,4,581250000.0,3,DISTORTED,-0.061779641341828555,0.0,PROXY,NEUTRAL,,LOCAL:7966:59|UPPER_GRADE:3698:59|BUYER_CHOICE:7940:84
7966,산본래미안하이어스,41410,산본동,59,Z41410-산본동,4,907500000.0,3,OK,0.0863573677853707,0.06045015744975949,PROXY,LAG_CANDIDATE,합의 OK · Leader 이동 확인 · 후행 움직임 Median↑/P25↑ · 빠른추종 계급,LOCAL:7940:59|GRADE:5732:59|UPPER_GRADE:3698:59
7966,산본래미안하이어스,41410,산본동,84,Z41410-산본동,4,1059000000.0,2,THIN,0.1185784952420242,0.07793906386480857,PROXY,LAG_WATCH,Mispricing 은 있으나 합의 THIN / Leader 확인 / 후행 움직임,GRADE:8071:84|UPPER_GRADE:3698:84
7940,산본세종,41410,산본동,59,Z41410-산본동,4,532500000.0,4,DISTORTED,0.03971394607282441,0.027749786025879377,PROXY,NEUTRAL,,LOCAL:7966:59|GRADE:5732:59|UPPER_GRADE:3698:59|BUYER_CHOICE:5615:84
7940,산본세종,41410,산본동,84,Z41410-산본동,4,722500000.0,3,OK,0.07054243939489839,0.0,PROXY,NEUTRAL,,GRADE:8071:84|UPPER_GRADE:3698:84|BUYER_CHOICE:7966:59
4985,산성역 포레스티아 아파트,41131,신흥동,59,Z41131-신흥동,4,1356250000.0,3,OK,0.0644835846985708,0.004618698921679906,PROXY,NEUTRAL,,GRADE:8554:59|UPPER_GRADE:8151:59|BUYER_CHOICE:5183:84
4985,산성역 포레스티아 아파트,41131,신흥동,74,Z41131-신흥동,4,1455000000.0,3,DISTORTED,-0.01540398710925465,0.011696561546641794,PROXY,NEUTRAL,,GRADE:5736:74|UPPER_GRADE:8151:74|BUYER_CHOICE:4277:59
4985,산성역 포레스티아 아파트,41131,신흥동,84,Z41131-신흥동,4,1530000000.0,4,DISTORTED,0.05178915706292467,0.010144825268817218,PROXY,NEUTRAL,,LOCAL:5082:84|GRADE:8532:84|UPPER_GRADE:8151:84|BUYER_CHOICE:4277:59
5293,산운마을13단지,41135,운중동,84,Z41135-운중동,2,1665000000.0,3,DISTORTED,0.1924674117115006,0.04850178775129816,PROXY,LAG_WATCH,Mispricing 은 있으나 합의 DISTORTED / Leader 확인 / 후행 움직임,GRADE:5154:84|UPPER_GRADE:7112:84|BUYER_CHOICE:5173:84
1961,삼각산아이원,11305,미아동,59,Z11290-정릉동,4,698250000.0,2,THIN,0.16370849185240413,0.10225012978664252,VERIFIED,LAG_WATCH,Mispricing 은 있으나 합의 THIN / Leader 확인 / 후행 움직임,LOCAL:1945:59|UPPER_GRADE:1587:59
1961,삼각산아이원,11305,미아동,84,Z11290-정릉동,4,778750000.0,4,OK,0.12656274913080648,0.048912352960939,PROXY,LAG_CANDIDATE,합의 OK · Leader 이동 확인 · 후행 움직임 Gap 축소/Median↑/P25↑/거래량↑ · 빠른추종 계급,LOCAL:1935:84|GRADE:2221:84|UPPER_GRADE:1587:84|BUYER_CHOICE:1945:59
3737,삼성산주공3단지,11620,신림동,59,Z11620-신림동,4,524250000.0,3,OK,0.2146954620700197,0.048091783503684406,PROXY,LAG_CANDIDATE,합의 OK · Leader 이동 확인 · 후행 움직임 Median↑/P25↑,LOCAL:3739:59|GRADE:6087:59|UPPER_GRADE:3698:59
3737,삼성산주공3단지,11620,신림동,84,Z11620-신림동,4,595000000.0,4,OK,0.22515316931784957,0.04681933514911256,PROXY,LAG_CANDIDATE,합의 OK · Leader 이동 확인 · 후행 움직임 Median↑/거래량↑,LOCAL:3760:84|GRADE:6075:84|UPPER_GRADE:3698:84|BUYER_CHOICE:3739:59
4056,삼성힐스테이트1단지,11680,삼성동,84,Z11680-역삼동,1,3335000000.0,3,STRONG,0.10865326109353601,0.057981178977272785,PROXY,LAG_CANDIDATE,합의 STRONG · Leader 이동 확인 · 후행 움직임 Gap 축소/Median↑/P25↑,LOCAL:4207:84|GRADE:3888:84|BUYER_CHOICE:4088:84
6704,삼송2차 아이파크,41281,삼송동,74,Z41281-원흥동,4,806250000.0,3,OK,0.06866101487172176,0.044444279312237066,PROXY,LAG_CANDIDATE,합의 OK · Leader 이동 확인 · 후행 움직임 Median↑/P25↑/거래량↑,LOCAL:6666:74|GRADE:2287:74|BUYER_CHOICE:6662:84
6704,삼송2차 아이파크,41281,삼송동,84,Z41281-원흥동,4,886250000.0,3,STRONG,0.13226845532539508,0.05100846022750924,PROXY,LAG_CANDIDATE,합의 STRONG · Leader 이동 확인 · 후행 움직임 Median↑/P25↑/거래량↑,LOCAL:6662:84|GRADE:1935:84|UPPER_GRADE:2423:84
6657,삼송리슈빌센트럴파크아파트,41281,원흥동,74,Z41281-원흥동,4,692500000.0,2,THIN,0.043441811598217306,0.029587658970101034,PROXY,NEUTRAL,,LOCAL:6704:74|GRADE:2287:74
6657,삼송리슈빌센트럴파크아파트,41281,원흥동,84,Z41281-원흥동,4,728500000.0,3,OK,0.15105251377657813,0.0,PROXY,FALSE_CHEAP,구조적 비중 78% · 과거 전달확률 0%,LOCAL:6704:84|GRADE:1935:84|UPPER_GRADE:2423:84
2251,상계벽산,11350,상계동,59,Z11350-상계동,4,517500000.0,3,OK,0.1280923648178231,0.10979345555813408,PROXY,LAG_CANDIDATE,합의 OK · Leader 이동 확인 · 후행 움직임 P25↑/거래량↑,LOCAL:2304:59|UPPER_GRADE:1587:59|BUYER_CHOICE:2221:59
2251,상계벽산,11350,상계동,74,Z11350-상계동,4,580000000.0,3,OK,0.08788258175994154,0.020785163642306467,PROXY,NEUTRAL,,LOCAL:2287:74|GRADE:7122:74|UPPER_GRADE:8151:74
2251,상계벽산,11350,상계동,84,Z11350-상계동,4,890000000.0,3,DISTORTED,-0.030861272011027747,0.0,PROXY,NEUTRAL,,LOCAL:2044:84|GRADE:2221:84|UPPER_GRADE:1587:84
2287,상계보람,11350,상계동,59,Z11350-상계동,4,560500000.0,3,DISTORTED,-0.010689474171735672,0.0,PROXY,NEUTRAL,,LOCAL:2304:59|UPPER_GRADE:1587:59|BUYER_CHOICE:2221:59
2287,상계보람,11350,상계동,74,Z11350-상계동,4,719000000.0,3,DISTORTED,0.02993983709291286,0.026945853383621574,PROXY,NEUTRAL,,LOCAL:2251:74|GRADE:7122:74|UPPER_GRADE:8151:74
2304,상계은빛1단지,11350,상계동,59,Z11350-상계동,4,530000000.0,3,OK,0.09734253413595653,0.06257734337311491,PROXY,LAG_CANDIDATE,합의 OK · Leader 이동 확인 · 후행 움직임 Median↑/P25↑/거래량↑,LOCAL:2235:59|UPPER_GRADE:1587:59|BUYER_CHOICE:2221:59
2303,상계은빛2단지,11350,상계동,59,Z11350-상계동,4,543250000.0,3,DISTORTED,0.006492928367928287,0.00417402537938247,PROXY,NEUTRAL,,LOCAL:2304:59|UPPER_GRADE:1587:59|BUYER_CHOICE:2287:74
2754,상암월드컵파크9단지,11440,상암동,84,Z11440-상암동,4,1070000000.0,2,THIN,0.07734774424964769,0.06962496874875566,PROXY,LAG_WATCH,Mispricing 은 있으나 합의 THIN / Leader 확인 / 후행 움직임,GRADE:6704:84|BUYER_CHOICE:2594:59
8615,새터마을죽전힐스테이트,41465,죽전동,84,Z41465-죽전동,4,800000000.0,3,DISTORTED,0.04068039114723096,0.0029111904914737156,PROXY,NEUTRAL,,LOCAL:8532:84|GRADE:8325:84|UPPER_GRADE:3698:84
5671,"샛별한양4-2,3차",41173,비산동,59,Z41173-호계동,4,788750000.0,3,DISTORTED,-0.001766968768337971,0.0,PROXY,NEUTRAL,,LOCAL:5732:59|GRADE:7966:59|UPPER_GRADE:3698:59
5671,"샛별한양4-2,3차",41173,비산동,84,Z41173-호계동,4,934500000.0,4,WEAK,-0.023807605011472083,0.0017531259257430772,PROXY,NEUTRAL,,LOCAL:8071:84|GRADE:3760:84|UPPER_GRADE:3698:84|BUYER_CHOICE:5676:59
2527,서대문천연뜨란채아파트,11410,천연동,59,Z11440-창전동,2,1150000000.0,3,DISTORTED,0.042821619745426656,0.011990053528719463,PROXY,NEUTRAL,,GRADE:2623:59|UPPER_GRADE:3888:59|BUYER_CHOICE:2604:59
2527,서대문천연뜨란채아파트,11410,천연동,74,Z11440-창전동,2,1172500000.0,1,THIN,0.3691852162960358,0.08306667366660805,PROXY,LAG_WATCH,Mispricing 은 있으나 합의 THIN / Leader 미확인 / 후행 움직임,UPPER_GRADE:4015:74
2527,서대문천연뜨란채아파트,11410,천연동,84,Z11440-창전동,2,1142500000.0,2,THIN,0.29476298797320394,0.0513401427087054,PROXY,LAG_WATCH,Mispricing 은 있으나 합의 THIN / Leader 확인 / 후행 움직임,GRADE:2623:84|UPPER_GRADE:3888:84
7604,서동탄역더샵파크시티,41370,외삼미동,74,Z41597-반송동,5,543750000.0,2,THIN,0.06091928250580795,0.0,PROXY,NEUTRAL,,GRADE:4720:74|UPPER_GRADE:9641:74
7604,서동탄역더샵파크시티,41370,외삼미동,84,Z41597-반송동,5,616500000.0,3,DISTORTED,-0.001713822561682015,0.0,PROXY,NEUTRAL,,LOCAL:9537:84|GRADE:4864:84|UPPER_GRADE:9641:84
9537,서동탄역우남퍼스트빌,41595,능동,84,Z41597-반송동,5,382500000.0,4,OK,0.04541915375302956,0.0133649804274437,PROXY,NEUTRAL,,LOCAL:7604:84|GRADE:4864:84|UPPER_GRADE:9641:84|BUYER_CHOICE:9514:84
4661,서둔센트라우스,41113,서둔동,59,Z41113-서둔동,4,560750000.0,3,DISTORTED,0.17659772251368266,0.04226866488364995,PROXY,LAG_WATCH,Mispricing 은 있으나 합의 DISTORTED / Leader 확인 / 후행 움직임,GRADE:4952:59|UPPER_GRADE:3698:59|BUYER_CHOICE:4720:74
4661,서둔센트라우스,41113,서둔동,84,Z41113-서둔동,4,635000000.0,3,STRONG,0.2247880900811141,0.1636660338916116,PROXY,LAG_CANDIDATE,합의 STRONG · Leader 이동 확인 · 후행 움직임 Median↑/P25↑/거래량↑,GRADE:4895:84|UPPER_GRADE:3698:84|BUYER_CHOICE:4792:59
1342,서울숲리버뷰자이아파트,11200,행당동,59,Z11200-행당동,2,2190000000.0,4,WEAK,-0.005092468857093991,0.0,PROXY,NEUTRAL,,LOCAL:1367:59|GRADE:2623:59|UPPER_GRADE:3888:59|BUYER_CHOICE:4207:59
1342,서울숲리버뷰자이아파트,11200,행당동,84,Z11200-행당동,2,2637500000.0,4,WEAK,-0.03573257059223395,0.0,PROXY,NEUTRAL,,LOCAL:1312:84|GRADE:2623:84|UPPER_GRADE:3888:84|BUYER_CHOICE:4207:84
1355,서울숲한신더휴아파트,11200,행당동,59,Z11200-행당동,2,1670000000.0,4,WEAK,-0.05325884422417666,0.0,PROXY,NEUTRAL,,LOCAL:1367:59|GRADE:2623:59|UPPER_GRADE:3888:59|BUYER_CHOICE:1362:59
1355,서울숲한신더휴아파트,11200,행당동,84,Z11200-행당동,2,1850000000.0,4,WEAK,-0.054137448332221026,0.0,PROXY,NEUTRAL,,LOCAL:1312:84|GRADE:2623:84|UPPER_GRADE:3888:84|BUYER_CHOICE:1362:59
1219,서울역센트럴자이아파트,11140,만리동2가,59,Z11440-공덕동,2,1932500000.0,2,THIN,0.026734734715210852,,NOT_CALCULATED,NEUTRAL,,LOCAL:2623:59|UPPER_GRADE:3888:59
1219,서울역센트럴자이아파트,11140,만리동2가,74,Z11440-공덕동,2,2105000000.0,1,THIN,-0.055014510548052224,0.0,PROXY,NEUTRAL,,BUYER_CHOICE:2623:84
1219,서울역센트럴자이아파트,11140,만리동2가,84,Z11440-공덕동,2,2250000000.0,3,OK,0.006765780245791583,0.005048580286879986,PROXY,NEUTRAL,,LOCAL:2623:84|GRADE:3561:84|UPPER_GRADE:3888:84
2117,서원아파트,11320,도봉동,59,Z11350-상계동,4,471000000.0,2,THIN,0.143084823609521,0.0679233718763725,PROXY,LAG_WATCH,Mispricing 은 있으나 합의 THIN / Leader 확인 / 후행 움직임,LOCAL:2304:59|UPPER_GRADE:1587:59
3815,서초네이처힐3단지,11650,우면동,84,Z11650-서초동,2,1970000000.0,2,THIN,0.18978645661711094,0.08346567291328845,PROXY,LAG_WATCH,Mispricing 은 있으나 합의 THIN / Leader 확인 / 후행 움직임,GRADE:3561:84|UPPER_GRADE:3888:84
3962,서초더샵포레,11650,내곡동,59,Z11650-내곡동,2,1642500000.0,2,THIN,0.24141906661845458,0.1730615252816865,PROXY,LAG_WATCH,Mispricing 은 있으나 합의 THIN / Leader 확인 / 후행 움직임,GRADE:4277:59|UPPER_GRADE:4207:59
3962,서초더샵포레,11650,내곡동,84,Z11650-내곡동,2,1892500000.0,1,THIN,0.14233858071780797,0.08967330585221903,PROXY,LAG_WATCH,Mispricing 은 있으나 합의 THIN / Leader 확인 / 후행 움직임,UPPER_GRADE:4207:84
3958,서초래미안,11650,서초동,84,Z11650-서초동,2,2825000000.0,2,THIN,-0.04198921232241941,0.020678906247395608,PROXY,NEUTRAL,,GRADE:3561:84|UPPER_GRADE:3888:84
3959,서초삼풍,11650,서초동,74,Z11650-서초동,2,3160000000.0,2,THIN,0.1308326048605511,0.028746568667312684,PROXY,FALSE_CHEAP,Follower 무반응(Persistent Cheapness),GRADE:4396:74|UPPER_GRADE:4015:74
3961,서초포레스타2단지아파트,11650,내곡동,59,Z11650-내곡동,2,1650000000.0,2,THIN,0.1505780856058112,,NOT_CALCULATED,FALSE_CHEAP,Follower 무반응(Persistent Cheapness),GRADE:4277:59|UPPER_GRADE:4207:59
3961,서초포레스타2단지아파트,11650,내곡동,84,Z11650-내곡동,2,1785000000.0,2,THIN,0.1328757815391578,0.08371174236966941,PROXY,LAG_WATCH,Mispricing 은 있으나 합의 THIN / Leader 확인 / 후행 움직임,UPPER_GRADE:4207:84|BUYER_CHOICE:7109:59
3814,서초힐스,11650,우면동,59,Z11650-서초동,2,1793750000.0,3,DISTORTED,0.03590058728640156,0.015407491886223321,PROXY,NEUTRAL,,GRADE:3588:59|UPPER_GRADE:3888:59|BUYER_CHOICE:7109:59
3814,서초힐스,11650,우면동,74,Z11650-서초동,2,1840000000.0,3,OK,0.06821568629198753,0.015384317594038457,PROXY,NEUTRAL,,GRADE:4396:74|UPPER_GRADE:4015:74|BUYER_CHOICE:7109:59
3814,서초힐스,11650,우면동,84,Z11650-서초동,2,2038750000.0,3,WEAK,-0.027255742881459672,0.0,PROXY,NEUTRAL,,GRADE:3561:84|UPPER_GRADE:3888:84|BUYER_CHOICE:7109:84
5152,서현시범우성,41135,서현동,59,Z41135-야탑동,2,1612500000.0,3,WEAK,-0.0692019074106854,0.0,VERIFIED,NEUTRAL,,LOCAL:5173:59|GRADE:4277:59|BUYER_CHOICE:5154:84
5152,서현시범우성,41135,서현동,74,Z41135-야탑동,2,1900000000.0,2,THIN,-0.10352137178084644,0.001289863856515601,PROXY,NEUTRAL,,LOCAL:5183:74|UPPER_GRADE:4015:74
5152,서현시범우성,41135,서현동,84,Z41135-야탑동,2,1985000000.0,2,THIN,-0.03737613673059564,0.0,PROXY,NEUTRAL,,LOCAL:5154:84|GRADE:4263:84
5153,서현시범한양,41135,서현동,59,Z41135-야탑동,2,1680000000.0,3,WEAK,-0.05030661390296095,0.0,VERIFIED,NEUTRAL,,LOCAL:5173:59|GRADE:4277:59|BUYER_CHOICE:5154:84
5153,서현시범한양,41135,서현동,84,Z41135-야탑동,2,2037500000.0,2,THIN,-0.05928442995705459,0.0,PROXY,NEUTRAL,,LOCAL:5154:84|GRADE:4263:84
1945,석관두산,11290,석관동,59,Z11290-정릉동,4,890000000.0,3,DISTORTED,-0.008301626913543332,0.0,PROXY,NEUTRAL,,LOCAL:1963:59|UPPER_GRADE:1587:59|BUYER_CHOICE:1935:59
1945,석관두산,11290,석관동,84,Z11290-정릉동,4,964250000.0,3,DISTORTED,0.047273903643825846,0.006472329240255752,PROXY,NEUTRAL,,LOCAL:1935:84|GRADE:2221:84|UPPER_GRADE:1587:84
5615,석수e편한세상,41171,석수동,59,Z41171-안양동,5,555500000.0,3,OK,0.05592113177773785,0.019274018169998297,PROXY,NEUTRAL,,LOCAL:5577:59|UPPER_GRADE:7966:59|BUYER_CHOICE:5619:59
5615,석수e편한세상,41171,석수동,84,Z41171-안양동,5,660000000.0,4,WEAK,0.0768901532667518,0.028014297088550633,PROXY,NEUTRAL,,LOCAL:5577:84|GRADE:6617:84|UPPER_GRADE:8071:84|BUYER_CHOICE:5619:74
5619,석수엘지빌리지,41171,석수동,59,Z41171-안양동,5,647500000.0,3,WEAK,0.026413660660690827,0.008987660753247877,PROXY,NEUTRAL,,LOCAL:5577:59|UPPER_GRADE:7966:59|BUYER_CHOICE:3739:84
5619,석수엘지빌리지,41171,석수동,74,Z41171-안양동,5,757000000.0,3,WEAK,0.03191390964629788,0.018725611859784566,PROXY,NEUTRAL,,GRADE:6617:74|UPPER_GRADE:5736:74|BUYER_CHOICE:5577:59
5620,석수현대,41171,석수동,84,Z41171-안양동,5,647750000.0,4,DISTORTED,0.09103929456219875,0.0149684149184149,PROXY,NEUTRAL,,LOCAL:5577:84|GRADE:6617:84|UPPER_GRADE:8071:84|BUYER_CHOICE:5619:74
5003,성남단대푸르지오,41131,단대동,59,Z41131-신흥동,4,1145000000.0,3,DISTORTED,-0.006715996054392842,0.0,PROXY,NEUTRAL,,LOCAL:4985:59|GRADE:8554:59|UPPER_GRADE:8151:59
5003,성남단대푸르지오,41131,단대동,84,Z41131-신흥동,4,1197750000.0,3,DISTORTED,0.057124116932169976,0.014995080694694617,PROXY,NEUTRAL,,LOCAL:4985:84|GRADE:8532:84|UPPER_GRADE:8151:84
4469,성내삼성,11740,성내동,59,Z11740-길동,2,1360500000.0,4,WEAK,-0.041525481196570097,0.0,PROXY,NEUTRAL,,LOCAL:4396:59|GRADE:1455:59|UPPER_GRADE:4207:59|BUYER_CHOICE:1479:59
4469,성내삼성,11740,성내동,84,Z11740-길동,2,1547500000.0,4,OK,0.04610336146845774,0.030460302328748412,PROXY,LAG_CANDIDATE,합의 OK · Leader 이동 확인 · 후행 움직임 Gap 축소/Median↑/P25↑,LOCAL:4409:84|GRADE:1455:84|UPPER_GRADE:4207:84|BUYER_CHOICE:1479:59
8671,성복역 롯데캐슬 골드타운,41465,성복동,84,Z41465-성복동,4,1645000000.0,3,WEAK,-0.024549868277363638,0.0,PROXY,NEUTRAL,,GRADE:8532:84|UPPER_GRADE:3698:84|BUYER_CHOICE:4895:84
6529,성포선경,41271,성포동,59,Z41271-성포동,6,310000000.0,3,WEAK,0.003238173438882347,0.0010793911462941156,PROXY,NEUTRAL,,LOCAL:6530:59|GRADE:4704:59|BUYER_CHOICE:6527:74
6529,성포선경,41271,성포동,74,Z41271-성포동,6,370000000.0,1,THIN,0.04830005813086134,0.006689558051124297,PROXY,NEUTRAL,,LOCAL:6527:74
6529,성포선경,41271,성포동,84,Z41271-성포동,6,437500000.0,3,DISTORTED,0.006700232773992474,0.001974558598495582,PROXY,NEUTRAL,,LOCAL:6524:84|GRADE:4676:84|UPPER_GRADE:6617:84
6528,성포예술인,41271,성포동,74,Z41271-성포동,6,344000000.0,4,WEAK,-0.029875059418379733,0.0,PROXY,NEUTRAL,,LOCAL:6527:74|GRADE:7648:74|UPPER_GRADE:6617:74|BUYER_CHOICE:6529:84
6528,성포예술인,41271,성포동,84,Z41271-성포동,6,403750000.0,3,WEAK,-0.025750074007941805,0.0,PROXY,NEUTRAL,,LOCAL:6529:84|GRADE:4676:84|UPPER_GRADE:6617:84
6527,성포주공10단지,41271,성포동,74,Z41271-성포동,6,396750000.0,4,WEAK,-0.00189143102491607,0.00029534499412945916,PROXY,NEUTRAL,,LOCAL:6524:74|GRADE:7648:74|UPPER_GRADE:6617:74|BUYER_CHOICE:6529:84
6530,성포주공11단지,41271,성포동,59,Z41271-성포동,6,320000000.0,2,THIN,0.048197377288070685,0.021531265521194186,PROXY,NEUTRAL,,LOCAL:6529:59|GRADE:4704:59
7607,세마e편한세상,41370,양산동,74,Z41595-병점동,6,425000000.0,2,THIN,-0.030533274705167993,0.0,PROXY,NEUTRAL,,UPPER_GRADE:4720:74|BUYER_CHOICE:7604:74
7607,세마e편한세상,41370,양산동,84,Z41595-병점동,6,426500000.0,3,WEAK,-0.04919756768700928,0.0,PROXY,NEUTRAL,,LOCAL:7610:84|GRADE:7542:84|UPPER_GRADE:7604:84
7610,세마역 트루엘 더퍼스트,41370,세교동,74,Z41595-병점동,6,419750000.0,3,WEAK,-0.013736238932874224,0.0,PROXY,NEUTRAL,,GRADE:6278:74|UPPER_GRADE:4720:74|BUYER_CHOICE:7604:74
7610,세마역 트루엘 더퍼스트,41370,세교동,84,Z41595-병점동,6,450250000.0,2,THIN,0.010192635542832227,0.007609777647312842,PROXY,NEUTRAL,,GRADE:7542:84|UPPER_GRADE:7604:84
5926,소사SK-VIEW,41194,소사본동,84,Z41194-송내동,5,563500000.0,4,WEAK,0.0014023208374291936,0.00024158653846155804,PROXY,NEUTRAL,,LOCAL:5976:84|GRADE:915:84|UPPER_GRADE:5989:84|BUYER_CHOICE:3297:59
5933,소사주공,41194,소사본동,59,Z41194-송내동,5,295000000.0,3,DISTORTED,0.014492218442587924,0.0378734674219395,PROXY,LAG_WATCH,Mispricing 은 있으나 합의 DISTORTED / Leader 확인 / 후행 움직임,GRADE:5577:59|UPPER_GRADE:3297:59|BUYER_CHOICE:7688:59
5924,소새울역중흥S클래스,41194,소사본동,74,Z41194-송내동,5,526000000.0,1,THIN,-0.030533882324446926,0.0,PROXY,NEUTRAL,,UPPER_GRADE:5991:74
5924,소새울역중흥S클래스,41194,소사본동,84,Z41194-송내동,5,537250000.0,4,OK,0.00982187423175589,0.0037398434427023553,PROXY,NEUTRAL,,LOCAL:5926:84|GRADE:915:84|UPPER_GRADE:5989:84|BUYER_CHOICE:5991:74
6448,송내4단지주공,41250,송내동,59,Z41250-송내동,8,150000000.0,2,THIN,0.054302296296779864,0.013975586075544506,PROXY,NEUTRAL,,GRADE:786:59|UPPER_GRADE:5470:59
6462,송내주공1단지,41250,지행동,59,Z41250-지행동,8,159625000.0,2,THIN,0.06287105010076782,0.018045861462337835,PROXY,NEUTRAL,,GRADE:786:59|UPPER_GRADE:5470:59
6462,송내주공1단지,41250,지행동,74,Z41250-지행동,8,203750000.0,0,UNKNOWN,,,NOT_CALCULATED,UNKNOWN,비율 역사 60개월 미만 또는 Leader 없음,
6462,송내주공1단지,41250,지행동,84,Z41250-지행동,8,204750000.0,2,THIN,0.03361476822826098,0.0005809814302477448,PROXY,NEUTRAL,,GRADE:790:84|UPPER_GRADE:5472:84
5468,송산주공1차,41150,용현동,59,Z41150-신곡동,7,228750000.0,3,DISTORTED,0.06457221046994362,0.030082704618525902,PROXY,LAG_WATCH,Mispricing 은 있으나 합의 DISTORTED / Leader 확인 / 후행 움직임,LOCAL:5470:59|GRADE:731:59|UPPER_GRADE:5405:59
4318,송파더센트레아파트,11710,장지동,59,Z11710-장지동,2,1557500000.0,2,THIN,-0.11685574288313809,0.0,PROXY,NEUTRAL,,GRADE:4277:59|UPPER_GRADE:4207:59
9318,수기마을 힐스테이트 2단지,41570,고촌읍,84,Z41570-고촌읍,5,650000000.0,1,THIN,-0.030357142857142902,0.0,PROXY,NEUTRAL,,LOCAL:9303:84
4675,수원 모아미래도센트럴타운,41113,금곡동,84,Z41113-금곡동,6,743500000.0,3,WEAK,0.013887263506924312,0.0037032702685131495,PROXY,NEUTRAL,,LOCAL:4676:84|GRADE:7610:84|UPPER_GRADE:4600:84
4544,수원SK스카이뷰,41111,정자동,59,Z41111-정자동,5,685000000.0,3,DISTORTED,0.13308715820312508,0.04581192703247073,PROXY,LAG_WATCH,Mispricing 은 있으나 합의 DISTORTED / Leader 확인 / 후행 움직임,LOCAL:4792:59|GRADE:4864:59|UPPER_GRADE:4952:59
4544,수원SK스카이뷰,41111,정자동,84,Z41111-정자동,5,847500000.0,4,DISTORTED,0.08127577121134866,0.07556710305228624,PROXY,LAG_WATCH,Mispricing 은 있으나 합의 DISTORTED / Leader 확인 / 후행 움직임,LOCAL:4600:84|GRADE:4864:84|UPPER_GRADE:4895:84|BUYER_CHOICE:4874:59
4749,수원시청역SK뷰,41113,권선동,59,Z41113-권선동,5,561250000.0,3,DISTORTED,0.0664059903622467,0.08336863836129303,PROXY,LAG_WATCH,Mispricing 은 있으나 합의 DISTORTED / Leader 확인 / 후행 움직임,LOCAL:4864:59|GRADE:4792:59|UPPER_GRADE:4952:59
4749,수원시청역SK뷰,41113,권선동,84,Z41113-권선동,5,617125000.0,3,DISTORTED,0.016533864541832578,0.0047617529880477835,PROXY,NEUTRAL,,LOCAL:4864:84|GRADE:4600:84|UPPER_GRADE:4954:84
4719,"수원아이파크시티 5,6단지 아파트",41113,권선동,59,Z41113-권선동,5,529500000.0,4,OK,0.16180359693831178,0.13525100520332917,PROXY,LAG_CANDIDATE,합의 OK · Leader 이동 확인 · 후행 움직임 Median↑/P25↑/거래량↑ · 빠른추종 계급,LOCAL:4864:59|GRADE:4792:59|UPPER_GRADE:4952:59|BUYER_CHOICE:4720:59
4719,"수원아이파크시티 5,6단지 아파트",41113,권선동,74,Z41113-권선동,5,588500000.0,3,DISTORTED,0.20796033447466558,0.0,PROXY,NEUTRAL,,LOCAL:4720:74|GRADE:4664:74|UPPER_GRADE:4954:74
4719,"수원아이파크시티 5,6단지 아파트",41113,권선동,84,Z41113-권선동,5,642500000.0,4,OK,0.06715410895951764,0.014097800166001123,PROXY,NEUTRAL,,LOCAL:4864:84|GRADE:4600:84|UPPER_GRADE:4954:84|BUYER_CHOICE:4720:84
4740,수원아이파크시티2단지,41113,권선동,84,Z41113-권선동,5,655000000.0,4,OK,0.06037944963966074,0.022287136169434736,PROXY,NEUTRAL,,LOCAL:4864:84|GRADE:4600:84|UPPER_GRADE:4954:84|BUYER_CHOICE:4720:84
4720,수원아이파크시티7단지,41113,권선동,59,Z41113-권선동,5,591000000.0,3,OK,0.18800174417637258,0.16920156975873532,PROXY,LAG_CANDIDATE,합의 OK · Leader 이동 확인 · 후행 움직임 Median↑/P25↑/거래량↑ · 빠른추종 계급,LOCAL:4864:59|GRADE:4792:59|UPPER_GRADE:4952:59
4720,수원아이파크시티7단지,41113,권선동,74,Z41113-권선동,5,681500000.0,3,OK,0.21506675345449572,0.09584987534583238,PROXY,LAG_CANDIDATE,합의 OK · Leader 이동 확인 · 후행 움직임 거래량↑ · 빠른추종 계급,GRADE:4664:74|UPPER_GRADE:4954:74|BUYER_CHOICE:4953:59
4720,수원아이파크시티7단지,41113,권선동,84,Z41113-권선동,5,812500000.0,3,DISTORTED,-0.0012813787772831201,,NOT_CALCULATED,NEUTRAL,,LOCAL:4864:84|GRADE:4600:84|UPPER_GRADE:4954:84
6627,수정한양,41273,선부동,74,Z41273-고잔동,5,342000000.0,4,OK,0.061167063058230144,0.025756752050862187,PROXY,NEUTRAL,,LOCAL:6617:74|GRADE:7894:74|UPPER_GRADE:5736:74|BUYER_CHOICE:6529:84
6627,수정한양,41273,선부동,84,Z41273-고잔동,5,392500000.0,2,THIN,0.06906836581496313,0.00031981012658227707,PROXY,NEUTRAL,,LOCAL:6617:84|UPPER_GRADE:8071:84
8545,수지4차삼성,41465,풍덕천동,59,Z41465-죽전동,4,877500000.0,3,WEAK,-0.06999535585270746,0.0,PROXY,NEUTRAL,,LOCAL:8554:59|GRADE:4952:59|UPPER_GRADE:3698:59
8549,수지현대아파트,41465,풍덕천동,84,Z41465-죽전동,4,1162000000.0,4,WEAK,-0.1702681452775947,0.0,PROXY,NEUTRAL,,LOCAL:8532:84|GRADE:8325:84|UPPER_GRADE:3698:84|BUYER_CHOICE:8625:84
5154,시범현대아파트,41135,서현동,59,Z41135-야탑동,2,1659000000.0,3,WEAK,-0.06410306995445127,0.0,VERIFIED,NEUTRAL,,LOCAL:5173:59|GRADE:4277:59|BUYER_CHOICE:5153:84
5154,시범현대아파트,41135,서현동,84,Z41135-야탑동,2,1968750000.0,2,THIN,0.0029868468163285374,0.006548873765528796,PROXY,NEUTRAL,,LOCAL:5153:84|GRADE:4263:84
7899,시흥 배곧 SK VIEW 아파트,41390,배곧동,74,Z41390-배곧동,5,520000000.0,4,WEAK,-0.007316026123139731,0.0,PROXY,NEUTRAL,,LOCAL:7894:74|GRADE:6617:74|UPPER_GRADE:246:74|BUYER_CHOICE:7896:84
7899,시흥 배곧 SK VIEW 아파트,41390,배곧동,84,Z41390-배곧동,5,650000000.0,4,WEAK,0.013096053554016482,0.0009941013753928703,PROXY,NEUTRAL,,LOCAL:7891:84|GRADE:6617:84|UPPER_GRADE:246:84|BUYER_CHOICE:252:84
7882,시흥6차푸르지오1단지,41390,죽율동,59,Z41273-신길동,6,295000000.0,2,THIN,0.062194565243732014,0.010338510687360705,PROXY,NEUTRAL,,GRADE:6530:59|BUYER_CHOICE:6529:74
7882,시흥6차푸르지오1단지,41390,죽율동,84,Z41273-신길동,6,366250000.0,3,OK,0.03380319294706984,0.003371305109921099,PROXY,NEUTRAL,,GRADE:6529:84|UPPER_GRADE:6617:84|BUYER_CHOICE:7894:74
7891,시흥배곧한신더휴,41390,배곧동,74,Z41390-배곧동,5,563000000.0,4,WEAK,-0.031285247686081805,0.0,PROXY,NEUTRAL,,LOCAL:7894:74|GRADE:6617:74|UPPER_GRADE:246:74|BUYER_CHOICE:7899:84
7891,시흥배곧한신더휴,41390,배곧동,84,Z41390-배곧동,5,610000000.0,4,WEAK,0.002127525264500266,0.002517222762120729,PROXY,NEUTRAL,,LOCAL:7896:84|GRADE:6617:84|UPPER_GRADE:246:84|BUYER_CHOICE:252:74
7646,시흥센트럴푸르지오아파트,41390,대야동,84,Z41390-은행동,6,742500000.0,3,WEAK,0.0026560006654074513,0.0026560006654074513,PROXY,NEUTRAL,,LOCAL:7685:84|GRADE:566:84|UPPER_GRADE:5926:84
7685,시흥은계한양수자인더클래스아파트,41390,은행동,74,Z41390-은행동,6,555250000.0,2,THIN,0.009279739761665552,0.0012147621938308124,PROXY,NEUTRAL,,LOCAL:7648:74|UPPER_GRADE:7894:74
7685,시흥은계한양수자인더클래스아파트,41390,은행동,84,Z41390-은행동,6,599000000.0,3,OK,0.0037631449071790467,0.0031799347433958745,PROXY,NEUTRAL,,LOCAL:7646:84|GRADE:566:84|UPPER_GRADE:5926:84
5426,신곡서해아파트,41150,신곡동,59,Z41150-신곡동,7,205000000.0,3,DISTORTED,0.08648860041956337,0.060542020293694356,PROXY,LAG_WATCH,Mispricing 은 있으나 합의 DISTORTED / Leader 확인 / 후행 움직임,LOCAL:5470:59|GRADE:731:59|UPPER_GRADE:5405:59
5426,신곡서해아파트,41150,신곡동,84,Z41150-신곡동,7,298000000.0,3,DISTORTED,0.11035226455787206,0.05533594728145475,PROXY,LAG_WATCH,Mispricing 은 있으나 합의 DISTORTED / Leader 확인 / 후행 움직임,LOCAL:5472:84|GRADE:7411:84|BUYER_CHOICE:5405:84
1367,신금호파크자이아파트,11200,금호동2가,59,Z11200-행당동,2,2050000000.0,3,WEAK,-0.038395314761644865,0.0,PROXY,NEUTRAL,,LOCAL:1362:59|GRADE:2623:59|UPPER_GRADE:3888:59
1367,신금호파크자이아파트,11200,금호동2가,84,Z11200-행당동,2,,3,UNKNOWN,,,NOT_CALCULATED,UNKNOWN,비율 역사 60개월 미만 또는 Leader 없음,LOCAL:1312:84|GRADE:2623:84|UPPER_GRADE:3888:84
3504,신길삼환,11560,신길동,59,Z11560-신길동,3,1232500000.0,4,WEAK,0.009468334050293223,0.0045014877647999284,PROXY,NEUTRAL,,LOCAL:3487:59|GRADE:2970:59|UPPER_GRADE:3588:59|BUYER_CHOICE:3543:59
3504,신길삼환,11560,신길동,84,Z11560-신길동,3,1263500000.0,2,THIN,-0.06246943030201764,9.991766932020355e-05,PROXY,NEUTRAL,,GRADE:3006:84|UPPER_GRADE:3561:84
3487,신길센트럴자이,11560,신길동,59,Z11560-신길동,3,1690000000.0,3,WEAK,-0.013111297568587671,0.006376008226485427,PROXY,NEUTRAL,,LOCAL:3364:59|GRADE:2970:59|UPPER_GRADE:3588:59
3487,신길센트럴자이,11560,신길동,84,Z11560-신길동,3,1880000000.0,2,THIN,-0.04680066446687017,,NOT_CALCULATED,NEUTRAL,,GRADE:3006:84|UPPER_GRADE:3561:84
1784,신내 데시앙포레,11260,신내동,59,Z11350-공릉동,4,689000000.0,3,DISTORTED,0.2150798782807151,0.17351443249827872,PROXY,LAG_WATCH,Mispricing 은 있으나 합의 DISTORTED / Leader 확인 / 후행 움직임,GRADE:1945:59|UPPER_GRADE:1587:59|BUYER_CHOICE:1785:84
1784,신내 데시앙포레,11260,신내동,84,Z11350-공릉동,4,772250000.0,3,OK,0.06291663131282074,0.02642498515138471,PROXY,NEUTRAL,,LOCAL:2221:84|GRADE:7119:84|UPPER_GRADE:1587:84
1788,신내데시앙,11260,신내동,59,Z11350-공릉동,4,709375000.0,2,THIN,0.240943864249401,0.19193375625864628,PROXY,LAG_WATCH,Mispricing 은 있으나 합의 THIN / Leader 확인 / 후행 움직임,GRADE:1945:59|UPPER_GRADE:1587:59
1788,신내데시앙,11260,신내동,84,Z11350-공릉동,4,882500000.0,3,DISTORTED,0.0146690115440115,0.01026830808080805,PROXY,NEUTRAL,,LOCAL:2221:84|GRADE:7119:84|UPPER_GRADE:1587:84
1785,신내우디안1단지,11260,신내동,59,Z11350-공릉동,4,731500000.0,3,DISTORTED,0.16352805185872202,0.1471752466728498,PROXY,LAG_WATCH,Mispricing 은 있으나 합의 DISTORTED / Leader 확인 / 후행 움직임,GRADE:1945:59|UPPER_GRADE:1587:59|BUYER_CHOICE:7119:84
1785,신내우디안1단지,11260,신내동,84,Z11350-공릉동,4,775000000.0,3,OK,0.07084822903911775,0.029756256196429454,PROXY,NEUTRAL,,LOCAL:2221:84|GRADE:7119:84|UPPER_GRADE:1587:84
1196,신당약수하이츠,11140,신당동,59,Z11200-행당동,2,1470000000.0,4,WEAK,-0.0858323134342313,0.0,PROXY,NEUTRAL,,LOCAL:1367:59|GRADE:2623:59|UPPER_GRADE:3888:59|BUYER_CHOICE:1312:59
1196,신당약수하이츠,11140,신당동,84,Z11200-행당동,2,1737500000.0,4,DISTORTED,0.04063384672278876,0.012799661717678459,PROXY,NEUTRAL,,LOCAL:1312:84|GRADE:2623:84|UPPER_GRADE:3888:84|BUYER_CHOICE:1367:59
3671,신대방우성1차,11590,신대방동,84,Z11560-신길동,3,1426250000.0,3,WEAK,-0.021984189337238832,0.0,PROXY,NEUTRAL,,GRADE:3006:84|UPPER_GRADE:3561:84|BUYER_CHOICE:3491:59
3140,신도림동아1차,11530,신도림동,59,Z11560-신길동,3,1360000000.0,3,WEAK,-0.01903781836892209,0.0006539014507972115,PROXY,NEUTRAL,,LOCAL:3487:59|GRADE:2970:59|UPPER_GRADE:3588:59
3140,신도림동아1차,11530,신도림동,84,Z11560-신길동,3,1430000000.0,3,DISTORTED,-0.028317041832970284,0.0,PROXY,NEUTRAL,,GRADE:3006:84|UPPER_GRADE:3561:84|BUYER_CHOICE:3487:59
3169,신도림태영타운,11530,구로동,59,Z11530-구로동,4,1262500000.0,1,THIN,-0.008286151215732167,0.0,PROXY,NEUTRAL,,UPPER_GRADE:3487:59
3169,신도림태영타운,11530,구로동,84,Z11530-구로동,4,1350000000.0,3,WEAK,-0.09880763856544028,0.0,PROXY,NEUTRAL,,LOCAL:6052:84|GRADE:5989:84|BUYER_CHOICE:3487:59
8487,신동백롯데캐슬에코1단지,41463,중동,84,Z41463-중동,5,622500000.0,2,THIN,0.07095877638651071,0.04155212648043655,PROXY,LAG_WATCH,Mispricing 은 있으나 합의 THIN / Leader 확인 / 후행 움직임,GRADE:4864:84|UPPER_GRADE:8325:84
3543,신동아리버파크,11590,노량진동,59,Z11590-상도동,2,1460000000.0,4,WEAK,-0.10509677555637993,0.0,PROXY,NEUTRAL,,LOCAL:3588:59|GRADE:2623:59|UPPER_GRADE:3888:59|BUYER_CHOICE:3573:59
3543,신동아리버파크,11590,노량진동,84,Z11590-상도동,2,1615000000.0,4,WEAK,-0.1036762381335673,0.0,PROXY,NEUTRAL,,LOCAL:3561:84|GRADE:2623:84|UPPER_GRADE:3888:84|BUYER_CHOICE:3573:84
3760,신림푸르지오,11620,신림동,59,Z11620-신림동,4,890000000.0,3,OK,0.14898693738523258,0.03128725685089884,PROXY,LAG_CANDIDATE,합의 OK · Leader 이동 확인 · 후행 움직임 Median↑/P25↑,LOCAL:3739:59|GRADE:6087:59|UPPER_GRADE:3698:59
3760,신림푸르지오,11620,신림동,84,Z11620-신림동,4,1022500000.0,4,DISTORTED,0.019696978136045505,0.01336591540269837,PROXY,NEUTRAL,,LOCAL:3737:84|GRADE:6075:84|UPPER_GRADE:3698:84|BUYER_CHOICE:3313:84
3739,신림현대,11620,신림동,59,Z11620-신림동,4,677500000.0,4,DISTORTED,0.025533672260821094,0.008938149753990772,PROXY,NEUTRAL,,LOCAL:3737:59|GRADE:6087:59|UPPER_GRADE:3698:59|BUYER_CHOICE:3760:59
3739,신림현대,11620,신림동,74,Z11620-신림동,4,,1,UNKNOWN,,,NOT_CALCULATED,UNKNOWN,비율 역사 60개월 미만 또는 Leader 없음,GRADE:6084:74
3739,신림현대,11620,신림동,84,Z11620-신림동,4,780000000.0,3,WEAK,0.03779686174724366,0.005556138676844817,PROXY,NEUTRAL,,LOCAL:3760:84|GRADE:6075:84|UPPER_GRADE:3698:84
6516,신안1단지,41271,본오동,84,Z41271-사동,5,329000000.0,3,OK,0.08320627802690585,0.0017694260093457947,PROXY,NEUTRAL,,GRADE:6617:84|UPPER_GRADE:8071:84|BUYER_CHOICE:6527:74
9554,신영통현대2단지,41595,반월동,84,Z41117-망포동,4,410000000.0,4,DISTORTED,0.17632377681886702,0.057204398669740184,PROXY,LAG_WATCH,Mispricing 은 있으나 합의 DISTORTED / Leader 확인 / 후행 움직임,LOCAL:4954:84|GRADE:4895:84|UPPER_GRADE:3698:84|BUYER_CHOICE:7604:74
2908,신월시영아파트,11470,신월동,59,Z11470-신월동,4,750000000.0,2,THIN,-0.15534603181725679,0.0,PROXY,NEUTRAL,,UPPER_GRADE:2970:59|BUYER_CHOICE:3760:59
5395,신일유토빌,41150,호원동,59,Z41150-호원동,6,458500000.0,4,DISTORTED,-0.030869358178114842,0.0,PROXY,NEUTRAL,,LOCAL:5405:59|GRADE:7233:59|UPPER_GRADE:5577:59|BUYER_CHOICE:5415:84
5395,신일유토빌,41150,호원동,84,Z41150-호원동,6,524250000.0,1,THIN,-0.011872794851944781,0.0,VERIFIED,NEUTRAL,,UPPER_GRADE:7369:84
8554,신정마을주공1단지아파트,41465,풍덕천동,59,Z41465-죽전동,4,1165000000.0,3,WEAK,-0.14420184647672973,0.0,PROXY,NEUTRAL,,LOCAL:8625:59|GRADE:4952:59|UPPER_GRADE:3698:59
2802,신정이펜하우스3단지,11470,신정동,59,Z11470-신정동,3,680000000.0,2,THIN,0.08819523868286205,0.0227517759603733,PROXY,NEUTRAL,,UPPER_GRADE:3060:59|BUYER_CHOICE:3287:84
2802,신정이펜하우스3단지,11470,신정동,84,Z11470-신정동,3,820000000.0,1,THIN,0.12386296067132503,0.08670407246992752,PROXY,LAG_WATCH,Mispricing 은 있으나 합의 THIN / Leader 확인 / 후행 움직임,UPPER_GRADE:3042:84
8299,신흥덕 롯데캐슬레이시티,41463,신갈동,59,Z41463-신갈동,4,615250000.0,3,DISTORTED,0.2006168006715065,0.009372848612797807,PROXY,FALSE_CHEAP,구조적 비중 73%,GRADE:8554:59|UPPER_GRADE:3698:59|BUYER_CHOICE:4864:74
8299,신흥덕 롯데캐슬레이시티,41463,신갈동,74,Z41463-신갈동,4,666250000.0,3,STRONG,0.14727044604906023,0.016364700586873414,PROXY,NEUTRAL,,GRADE:4954:74|UPPER_GRADE:8151:74|BUYER_CHOICE:8322:74
8299,신흥덕 롯데캐슬레이시티,41463,신갈동,84,Z41463-신갈동,4,732000000.0,4,OK,0.13789085827790887,0.0,PROXY,FALSE_CHEAP,구조적 비중 100% · 과거 전달확률 25%,LOCAL:8325:84|GRADE:8532:84|UPPER_GRADE:3698:84|BUYER_CHOICE:8322:74
5158,아름마을 두산삼호,41135,이매동,59,Z41135-야탑동,2,1275000000.0,2,THIN,0.15205407431168527,0.035845671906355625,PROXY,LAG_WATCH,Mispricing 은 있으나 합의 THIN / Leader 확인 / 후행 움직임,LOCAL:5173:59|GRADE:4277:59
5158,아름마을 두산삼호,41135,이매동,84,Z41135-야탑동,2,1695000000.0,3,WEAK,0.022370760918911707,0.0042280738136743126,PROXY,NEUTRAL,,LOCAL:5154:84|GRADE:4263:84|BUYER_CHOICE:5173:84
3588,아크로 리버하임,11590,흑석동,59,Z11590-상도동,2,2530000000.0,3,WEAK,0.0020527015006344316,0.0,PROXY,NEUTRAL,,LOCAL:3543:59|GRADE:2623:59|UPPER_GRADE:3888:59
3588,아크로 리버하임,11590,흑석동,84,Z11590-상도동,2,,3,UNKNOWN,,,NOT_CALCULATED,UNKNOWN,비율 역사 60개월 미만 또는 Leader 없음,LOCAL:3561:84|GRADE:2623:84|UPPER_GRADE:3888:84
3880,아크로리버파크,11650,반포동,59,Z11650-잠원동,1,4300000000.0,2,THIN,0.02346943183757181,0.006268333435523747,PROXY,NEUTRAL,,LOCAL:3888:59|GRADE:4207:59
3880,아크로리버파크,11650,반포동,84,Z11650-잠원동,1,5600000000.0,2,THIN,-0.012562696877314388,0.00099507140926664,PROXY,NEUTRAL,,LOCAL:3888:84|GRADE:4207:84
3364,아크로타워스퀘어,11560,영등포동7가,59,Z11560-신길동,3,1791000000.0,3,WEAK,0.012951226233121962,0.0018131716726370747,PROXY,NEUTRAL,,LOCAL:3487:59|GRADE:2970:59|UPPER_GRADE:3588:59
3364,아크로타워스퀘어,11560,영등포동7가,74,Z11560-신길동,3,1965000000.0,2,THIN,0.002773587892887072,,NOT_CALCULATED,NEUTRAL,,GRADE:8151:74|UPPER_GRADE:4396:74
3364,아크로타워스퀘어,11560,영등포동7가,84,Z11560-신길동,3,2030000000.0,2,THIN,-0.06533119083950625,0.0,PROXY,NEUTRAL,,GRADE:3006:84|UPPER_GRADE:3561:84
6617,안산 라프리모,41273,선부동,59,Z41273-고잔동,5,485250000.0,2,THIN,0.09880276098286346,0.06261335916340272,PROXY,LAG_WATCH,Mispricing 은 있으나 합의 THIN / Leader 확인 / 후행 움직임,GRADE:5577:59|UPPER_GRADE:7966:59
6617,안산 라프리모,41273,선부동,74,Z41273-고잔동,5,530000000.0,3,OK,0.012280933548452522,0.007394350089523265,PROXY,NEUTRAL,,LOCAL:6554:74|GRADE:7894:74|UPPER_GRADE:5736:74
6617,안산 라프리모,41273,선부동,84,Z41273-고잔동,5,580000000.0,2,THIN,0.05264410249549675,0.0019225422042951795,PROXY,NEUTRAL,,LOCAL:6557:84|UPPER_GRADE:8071:84
6620,안산 메트로타운 푸르지오 힐스테이트 아파트,41273,선부동,59,Z41273-고잔동,5,417500000.0,3,OK,0.06326410573336794,0.0,PROXY,NEUTRAL,,GRADE:5577:59|UPPER_GRADE:7966:59|BUYER_CHOICE:6617:59
6620,안산 메트로타운 푸르지오 힐스테이트 아파트,41273,선부동,74,Z41273-고잔동,5,454000000.0,3,WEAK,0.0014015624232465566,0.00014821522625832335,PROXY,NEUTRAL,,LOCAL:6617:74|GRADE:7894:74|UPPER_GRADE:5736:74
6620,안산 메트로타운 푸르지오 힐스테이트 아파트,41273,선부동,84,Z41273-고잔동,5,494000000.0,2,THIN,0.05882359692955602,0.00010183703989416582,PROXY,NEUTRAL,,LOCAL:6617:84|UPPER_GRADE:8071:84
6610,안산8차푸르지오,41273,원곡동,59,Z41273-고잔동,5,381500000.0,3,DISTORTED,0.19286214254559517,0.09899828701134533,PROXY,LAG_WATCH,Mispricing 은 있으나 합의 DISTORTED / Leader 확인 / 후행 움직임,GRADE:5577:59|UPPER_GRADE:7966:59|BUYER_CHOICE:6617:59
6610,안산8차푸르지오,41273,원곡동,84,Z41273-고잔동,5,438750000.0,2,THIN,0.028472406975714067,0.0,PROXY,NEUTRAL,,LOCAL:6617:84|UPPER_GRADE:8071:84
6557,안산레이크타운 푸르지오 아파트,41273,고잔동,59,Z41273-고잔동,5,740750000.0,3,WEAK,0.006536345623803196,0.004575441936662237,VERIFIED,NEUTRAL,,GRADE:5577:59|UPPER_GRADE:7966:59|BUYER_CHOICE:6554:74
6557,안산레이크타운 푸르지오 아파트,41273,고잔동,84,Z41273-고잔동,5,960000000.0,2,THIN,0.01820315686524486,0.008225447339720936,PROXY,NEUTRAL,,LOCAL:6617:84|UPPER_GRADE:8071:84
6524,안산파크푸르지오 아파트,41271,성포동,59,Z41271-성포동,6,630000000.0,3,WEAK,0.03712821345860031,0.02000210659363808,PROXY,NEUTRAL,,LOCAL:6530:59|GRADE:4704:59|BUYER_CHOICE:6554:59
6524,안산파크푸르지오 아파트,41271,성포동,74,Z41271-성포동,6,721500000.0,4,WEAK,-0.018884059024636742,0.0,PROXY,NEUTRAL,,LOCAL:6527:74|GRADE:7648:74|UPPER_GRADE:6617:74|BUYER_CHOICE:6554:74
6524,안산파크푸르지오 아파트,41271,성포동,84,Z41271-성포동,6,755000000.0,4,DISTORTED,0.0068134910605234435,0.0,PROXY,NEUTRAL,,LOCAL:6529:84|GRADE:4676:84|UPPER_GRADE:6617:84|BUYER_CHOICE:6554:84
9133,안성 롯데캐슬 아파트,41550,대덕면,59,Z41550-당왕동,8,212750000.0,2,THIN,-0.006368612938600521,0.0,PROXY,NEUTRAL,,GRADE:786:59|UPPER_GRADE:384:59
9133,안성 롯데캐슬 아파트,41550,대덕면,74,Z41550-당왕동,8,250000000.0,1,THIN,-0.0021883400191651465,0.0,PROXY,NEUTRAL,,UPPER_GRADE:384:74
9133,안성 롯데캐슬 아파트,41550,대덕면,84,Z41550-당왕동,8,292500000.0,2,THIN,0.0042966496596958705,0.008533831130885995,PROXY,NEUTRAL,,GRADE:6252:84|UPPER_GRADE:7563:84
9081,안성 삼정그린코아더베스트 아파트,41550,당왕동,59,Z41550-당왕동,8,264000000.0,2,THIN,-0.0088772076554677,6.00283541819324e-05,PROXY,NEUTRAL,,GRADE:786:59|UPPER_GRADE:384:59
9081,안성 삼정그린코아더베스트 아파트,41550,당왕동,84,Z41550-당왕동,8,330000000.0,2,THIN,8.386810890610719e-05,0.00365295823043057,PROXY,NEUTRAL,,GRADE:6252:84|UPPER_GRADE:7563:84
9096,안성공도우미린더퍼스트,41550,공도읍,59,Z41550-공도읍,7,280000000.0,2,THIN,-0.010615107766799853,0.0,PROXY,NEUTRAL,,GRADE:384:59|UPPER_GRADE:6278:59
9096,안성공도우미린더퍼스트,41550,공도읍,74,Z41550-공도읍,7,331250000.0,3,WEAK,-0.007351330772126222,0.0,PROXY,NEUTRAL,,GRADE:384:74|UPPER_GRADE:6278:74|BUYER_CHOICE:6279:59
9096,안성공도우미린더퍼스트,41550,공도읍,84,Z41550-공도읍,7,382000000.0,2,THIN,0.026508917047518135,0.007742512040009337,PROXY,NEUTRAL,,GRADE:7563:84|UPPER_GRADE:6279:84
4455,암사선사현대,11740,암사동,59,Z11740-길동,2,1475000000.0,4,WEAK,-0.14000275587126504,0.0,PROXY,NEUTRAL,,LOCAL:4396:59|GRADE:1455:59|UPPER_GRADE:4207:59|BUYER_CHOICE:4397:59
4455,암사선사현대,11740,암사동,74,Z11740-길동,2,1615000000.0,4,WEAK,-0.11151308177571652,0.0,PROXY,NEUTRAL,,LOCAL:4396:74|GRADE:5183:74|UPPER_GRADE:4015:74|BUYER_CHOICE:4397:59
4455,암사선사현대,11740,암사동,84,Z11740-길동,2,1752500000.0,4,WEAK,-0.04488693819334453,0.0,PROXY,NEUTRAL,,LOCAL:4409:84|GRADE:1455:84|UPPER_GRADE:4207:84|BUYER_CHOICE:4397:84
5182,야탑장미마을동부,41135,야탑동,59,Z41135-야탑동,2,1321250000.0,3,DISTORTED,0.09997935757173516,0.02699442654436849,PROXY,NEUTRAL,,LOCAL:5173:59|GRADE:4277:59|BUYER_CHOICE:5183:84
5182,야탑장미마을동부,41135,야탑동,74,Z41135-야탑동,2,1305000000.0,3,OK,0.05251543722184872,0.012866282119352935,PROXY,NEUTRAL,,LOCAL:5183:74|GRADE:4396:74|UPPER_GRADE:4015:74
5182,야탑장미마을동부,41135,야탑동,84,Z41135-야탑동,2,1542500000.0,3,DISTORTED,0.08883951313928047,0.018656297759248895,PROXY,NEUTRAL,,LOCAL:5154:84|GRADE:4263:84|BUYER_CHOICE:5173:84
5183,야탑장미마을현대,41135,야탑동,59,Z41135-야탑동,2,1175000000.0,2,THIN,0.139791526801961,0.027344267484287907,VERIFIED,NEUTRAL,,LOCAL:5173:59|GRADE:4277:59
5183,야탑장미마을현대,41135,야탑동,74,Z41135-야탑동,2,1376250000.0,3,DISTORTED,0.1807292702061014,0.03399449664210798,PROXY,LAG_WATCH,Mispricing 은 있으나 합의 DISTORTED / Leader 확인 / 후행 움직임,LOCAL:5152:74|GRADE:4396:74|UPPER_GRADE:4015:74
5183,야탑장미마을현대,41135,야탑동,84,Z41135-야탑동,2,1587000000.0,3,WEAK,0.06643534283678951,0.013951421995725794,PROXY,NEUTRAL,,LOCAL:5154:84|GRADE:4263:84|BUYER_CHOICE:5173:84
8248,양우내안애에듀퍼스트,41461,고림동,74,Z41461-고림동,5,502500000.0,3,WEAK,-0.005720616594348395,0.0007927295918367373,PROXY,NEUTRAL,,GRADE:4720:74|UPPER_GRADE:8223:74|BUYER_CHOICE:8222:74
8248,양우내안애에듀퍼스트,41461,고림동,84,Z41461-고림동,5,539500000.0,3,OK,0.013086912439123015,0.08632029217709604,PROXY,LAG_CANDIDATE,합의 OK · Leader 이동 확인 · 후행 움직임 Median↑/P25↑,GRADE:7604:84|UPPER_GRADE:8325:84|BUYER_CHOICE:8222:84
3477,양평한신,11560,양평동5가,59,Z11560-당산동4가,2,1341250000.0,3,WEAK,-0.07212975140209729,0.0,PROXY,NEUTRAL,,GRADE:2623:59|UPPER_GRADE:3888:59|BUYER_CHOICE:3364:59
3477,양평한신,11560,양평동5가,84,Z11560-당산동4가,2,1488750000.0,3,WEAK,0.0,0.0,PROXY,NEUTRAL,,GRADE:2623:84|UPPER_GRADE:3888:84|BUYER_CHOICE:3364:59
3389,여의도시범아파트,11560,여의도동,74,Z11560-여의도동,1,2800000000.0,1,THIN,-0.0066318411379687695,0.0,PROXY,NEUTRAL,,GRADE:4015:74
8223,역북 푸르지오,41461,역북동,59,Z41461-김량장동,4,483200000.0,3,OK,0.16478920054853488,0.006664487243184122,PROXY,NEUTRAL,,LOCAL:8222:59|GRADE:9661:59|UPPER_GRADE:3698:59
8223,역북 푸르지오,41461,역북동,74,Z41461-김량장동,4,551250000.0,3,OK,0.18998017703212564,0.11968751153023915,PROXY,LAG_CANDIDATE,합의 OK · Leader 이동 확인 · 후행 움직임 Median↑/P25↑/거래량↑,LOCAL:8222:74|GRADE:9641:74|UPPER_GRADE:8151:74
8223,역북 푸르지오,41461,역북동,84,Z41461-김량장동,4,605000000.0,3,OK,0.17122200019573244,0.05393493006165572,PROXY,LAG_CANDIDATE,합의 OK · Leader 이동 확인 · 후행 움직임 Median↑/P25↑/거래량↑,GRADE:9641:84|UPPER_GRADE:3698:84|BUYER_CHOICE:9689:74
3996,역삼래미안,11680,역삼동,59,Z11680-역삼동,1,2630000000.0,3,OK,0.00716269602425068,0.003867855853095367,PROXY,NEUTRAL,,LOCAL:4207:59|GRADE:3888:59|BUYER_CHOICE:4088:74
3996,역삼래미안,11680,역삼동,84,Z11680-역삼동,1,3212000000.0,3,OK,0.06613586155875754,0.011924709986707803,PROXY,NEUTRAL,,LOCAL:4207:84|GRADE:3888:84|BUYER_CHOICE:4088:84
3358,영등포푸르지오,11560,영등포동,59,Z11560-신길동,3,1498750000.0,3,WEAK,-0.016062980125576585,0.0,PROXY,NEUTRAL,,LOCAL:3487:59|GRADE:2970:59|UPPER_GRADE:3588:59
3358,영등포푸르지오,11560,영등포동,74,Z11560-신길동,3,1557500000.0,2,THIN,0.027478696117619047,0.004310939127429317,PROXY,NEUTRAL,,GRADE:8151:74|UPPER_GRADE:4396:74
3358,영등포푸르지오,11560,영등포동,84,Z11560-신길동,3,1550000000.0,3,WEAK,0.002887124249270512,8.64150111996474e-05,PROXY,NEUTRAL,,GRADE:3006:84|UPPER_GRADE:3561:84|BUYER_CHOICE:3487:84
4932,영통벽적골롯데,41117,영통동,59,Z41113-권선동,5,607500000.0,4,WEAK,-0.03695408258495779,0.0,PROXY,NEUTRAL,,LOCAL:4864:59|GRADE:4792:59|UPPER_GRADE:4952:59|BUYER_CHOICE:4953:59
4933,영통센트럴파크뷰,41117,영통동,59,Z41113-권선동,5,456500000.0,3,DISTORTED,0.07246690499897797,0.03261010724954009,PROXY,LAG_WATCH,Mispricing 은 있으나 합의 DISTORTED / Leader 확인 / 후행 움직임,LOCAL:4864:59|GRADE:4792:59|UPPER_GRADE:4952:59
4952,영통아이파크캐슬1단지,41117,망포동,59,Z41117-망포동,4,950750000.0,4,WEAK,0.002018424003187992,0.005524194058754301,PROXY,NEUTRAL,,LOCAL:4953:59|GRADE:9661:59|UPPER_GRADE:3698:59|BUYER_CHOICE:4954:74
4952,영통아이파크캐슬1단지,41117,망포동,74,Z41117-망포동,4,1049000000.0,2,THIN,0.029901603414922987,0.0205395139988377,PROXY,NEUTRAL,,LOCAL:4954:74|GRADE:9641:74
4952,영통아이파크캐슬1단지,41117,망포동,84,Z41117-망포동,4,1155000000.0,3,WEAK,0.012598544203480862,0.0009545995159828931,PROXY,NEUTRAL,,LOCAL:4954:84|GRADE:4895:84|UPPER_GRADE:3698:84
4953,영통아이파크캐슬2단지 아파트,41117,망포동,59,Z41117-망포동,4,820000000.0,3,OK,0.054742283103772216,0.049268054793394994,PROXY,LAG_CANDIDATE,합의 OK · Leader 이동 확인 · 후행 움직임 Median↑/P25↑/거래량↑ · 빠른추종 계급,LOCAL:4952:59|GRADE:9661:59|UPPER_GRADE:3698:59
4953,영통아이파크캐슬2단지 아파트,41117,망포동,74,Z41117-망포동,4,915000000.0,3,STRONG,0.06816701669429488,0.033401838180204486,PROXY,LAG_CANDIDATE,합의 STRONG · Leader 이동 확인 · 후행 움직임 Median↑/P25↑ · 빠른추종 계급,LOCAL:4954:74|GRADE:9641:74|BUYER_CHOICE:4952:74
4953,영통아이파크캐슬2단지 아파트,41117,망포동,84,Z41117-망포동,4,1009500000.0,4,OK,0.02802573833045085,0.00627342082153591,PROXY,NEUTRAL,,LOCAL:4954:84|GRADE:4895:84|UPPER_GRADE:3698:84|BUYER_CHOICE:4952:84
7600,오산대역세교자이,41370,내삼미동,74,Z41597-반송동,5,497500000.0,3,OK,0.041275240563513366,0.026255180522450853,PROXY,NEUTRAL,,GRADE:4720:74|UPPER_GRADE:9641:74|BUYER_CHOICE:7604:84
7600,오산대역세교자이,41370,내삼미동,84,Z41597-반송동,5,535500000.0,3,OK,0.06915631670388526,0.02067773869446169,PROXY,NEUTRAL,,LOCAL:7604:84|GRADE:4864:84|UPPER_GRADE:9641:84
7592,오산대우,41370,수청동,59,Z41370-수청동,6,224500000.0,3,DISTORTED,0.002594300608493466,0.011462395991544536,PROXY,NEUTRAL,,LOCAL:7542:59|GRADE:9528:59|UPPER_GRADE:4864:59
7592,오산대우,41370,수청동,84,Z41370-수청동,6,319000000.0,3,WEAK,-0.020058139534883765,0.0,PROXY,NEUTRAL,,LOCAL:7542:84|GRADE:7610:84|UPPER_GRADE:7604:84
7542,오산시티자이1단지,41370,부산동,59,Z41370-수청동,6,354250000.0,3,OK,0.019019224485019203,0.0,PROXY,NEUTRAL,,LOCAL:7540:59|GRADE:9528:59|UPPER_GRADE:4864:59
7542,오산시티자이1단지,41370,부산동,74,Z41370-수청동,6,422250000.0,2,THIN,0.01058060969484301,0.00012465079100998475,PROXY,NEUTRAL,,UPPER_GRADE:4720:74|BUYER_CHOICE:9713:74
7542,오산시티자이1단지,41370,부산동,84,Z41370-수청동,6,432500000.0,4,WEAK,0.015553463330900998,0.004358547803838965,PROXY,NEUTRAL,,LOCAL:7540:84|GRADE:7610:84|UPPER_GRADE:7604:84|BUYER_CHOICE:9713:84
7540,오산시티자이2차아파트,41370,부산동,59,Z41370-수청동,6,376250000.0,3,WEAK,0.006822238199232578,0.0,PROXY,NEUTRAL,,LOCAL:7542:59|GRADE:9528:59|UPPER_GRADE:4864:59
7540,오산시티자이2차아파트,41370,부산동,74,Z41370-수청동,6,437500000.0,1,THIN,0.007724560635021694,0.0,PROXY,NEUTRAL,,UPPER_GRADE:4720:74
7540,오산시티자이2차아파트,41370,부산동,84,Z41370-수청동,6,464000000.0,3,OK,0.01660124028800084,0.0,PROXY,NEUTRAL,,LOCAL:7542:84|GRADE:7610:84|UPPER_GRADE:7604:84
7559,오산역e편한세상1단지,41370,원동,84,Z41370-원동,7,440000000.0,4,WEAK,-0.07590687826673154,0.0,PROXY,NEUTRAL,,LOCAL:7563:84|GRADE:9485:84|UPPER_GRADE:7542:84|BUYER_CHOICE:7604:74
7563,오산역이편한세상2단지,41370,원동,84,Z41370-원동,7,413500000.0,4,WEAK,-0.05760440603827392,0.0,PROXY,NEUTRAL,,LOCAL:7633:84|GRADE:9485:84|UPPER_GRADE:7542:84|BUYER_CHOICE:7540:84
7633,오산자이아파트,41370,청호동,84,Z41370-원동,7,310000000.0,3,DISTORTED,0.054747341594516864,0.0008047859214393978,PROXY,NEUTRAL,,LOCAL:7563:84|GRADE:9485:84|UPPER_GRADE:7542:84
9855,오포문형 양우내안애 아파트,41610,문형동,84,Z41610-문형동,8,310750000.0,2,THIN,-0.010169630601395004,0.0017815804597701023,PROXY,NEUTRAL,,GRADE:6252:84|UPPER_GRADE:9485:84
5996,옥길브리즈힐,41194,옥길동,74,Z11530-항동,4,610000000.0,3,OK,0.007918819983040438,0.002771586994064153,PROXY,NEUTRAL,,LOCAL:5991:74|GRADE:6084:74|BUYER_CHOICE:5989:84
5996,옥길브리즈힐,41194,옥길동,84,Z11530-항동,4,663000000.0,3,DISTORTED,0.006912616635650279,0.004608411090433519,PROXY,NEUTRAL,,LOCAL:5989:84|GRADE:6052:84|BUYER_CHOICE:5991:84
5989,옥길센트리뷰,41194,옥길동,59,Z11530-항동,4,570000000.0,3,OK,0.004334234873213752,0.01168405877262884,PROXY,NEUTRAL,,LOCAL:3297:59|UPPER_GRADE:3487:59|BUYER_CHOICE:5991:74
5989,옥길센트리뷰,41194,옥길동,74,Z11530-항동,4,597500000.0,2,THIN,0.1701494829708581,0.0025401561954172674,PROXY,FALSE_CHEAP,구조적 비중 84%,LOCAL:5991:74|GRADE:6084:74
5989,옥길센트리뷰,41194,옥길동,84,Z11530-항동,4,674000000.0,3,OK,0.0048764925713244076,0.003250995047549605,PROXY,NEUTRAL,,LOCAL:3287:84|GRADE:6052:84|BUYER_CHOICE:5991:84
5991,옥길호반베르디움아파트,41194,옥길동,74,Z11530-항동,4,691500000.0,2,THIN,0.14397336652659165,0.0,PROXY,FALSE_CHEAP,구조적 비중 104% · 과거 전달확률 0%,LOCAL:5989:74|GRADE:6084:74
5991,옥길호반베르디움아파트,41194,옥길동,84,Z11530-항동,4,790000000.0,1,THIN,-0.004924521354933734,0.0,PROXY,NEUTRAL,,LOCAL:5989:84
1389,옥수삼성,11200,옥수동,59,Z11200-행당동,2,1950000000.0,4,WEAK,-0.12639699271976906,0.0,PROXY,NEUTRAL,,LOCAL:1367:59|GRADE:2623:59|UPPER_GRADE:3888:59|BUYER_CHOICE:1362:84
1389,옥수삼성,11200,옥수동,84,Z11200-행당동,2,2305000000.0,3,WEAK,-0.12332916023897797,0.0,PROXY,NEUTRAL,,LOCAL:1312:84|GRADE:2623:84|UPPER_GRADE:3888:84
9974,옥정 센트럴파크 푸르지오 아파트,41630,옥정동,59,Z41630-옥정동,6,356500000.0,2,THIN,0.07684499570755783,0.032725804887656945,PROXY,LAG_WATCH,Mispricing 은 있으나 합의 THIN / Leader 확인 / 후행 움직임,GRADE:5405:59|UPPER_GRADE:5577:59
4295,올림픽훼밀리타운,11710,문정동,84,Z11710-가락동,2,2500000000.0,3,WEAK,-0.013446902170903234,0.0,PROXY,NEUTRAL,,LOCAL:4263:84|GRADE:1455:84|UPPER_GRADE:4207:84
8389,용인기흥 효성해링턴플레이스아파트,41463,영덕동,74,Z41463-영덕동,5,573000000.0,3,DISTORTED,0.07618996960486324,0.0009986600265957436,PROXY,NEUTRAL,,GRADE:4720:74|UPPER_GRADE:4954:74|BUYER_CHOICE:4864:59
8389,용인기흥 효성해링턴플레이스아파트,41463,영덕동,84,Z41463-영덕동,5,623750000.0,2,THIN,0.08920720225507384,0.0008958651674132054,PROXY,NEUTRAL,,GRADE:4864:84|UPPER_GRADE:4895:84
8222,우미 린 센트럴파크,41461,역북동,59,Z41461-김량장동,4,534250000.0,3,DISTORTED,0.12299113901297187,0.01667636853876886,PROXY,NEUTRAL,,LOCAL:8223:59|GRADE:9661:59|UPPER_GRADE:3698:59
8222,우미 린 센트럴파크,41461,역북동,74,Z41461-김량장동,4,580000000.0,4,DISTORTED,0.056485364108848954,0.028515372434416732,PROXY,NEUTRAL,,LOCAL:8223:74|GRADE:9641:74|UPPER_GRADE:8151:74|BUYER_CHOICE:9694:84
8222,우미 린 센트럴파크,41461,역북동,84,Z41461-김량장동,4,640500000.0,3,OK,0.13148737684190331,0.014252574212778108,PROXY,NEUTRAL,,GRADE:9641:84|UPPER_GRADE:3698:84|BUYER_CHOICE:9689:74
3002,우장산아이파크이편한세상,11500,화곡동,59,Z11470-목동,3,1377500000.0,3,WEAK,-0.0009212268314210711,0.0,PROXY,NEUTRAL,,LOCAL:2970:59|GRADE:3487:59|UPPER_GRADE:3060:59
3002,우장산아이파크이편한세상,11500,화곡동,84,Z11470-목동,3,1539000000.0,2,THIN,-0.06382090051380619,0.0,PROXY,NEUTRAL,,LOCAL:3006:84|UPPER_GRADE:3042:84
3072,우장산힐스테이트,11500,내발산동,59,Z11470-목동,3,1418750000.0,3,WEAK,0.010617394990121156,0.003981523121295434,PROXY,NEUTRAL,,LOCAL:2970:59|GRADE:3487:59|UPPER_GRADE:3060:59
3072,우장산힐스테이트,11500,내발산동,84,Z11470-목동,3,1602500000.0,3,WEAK,-0.02219385216473752,0.0,PROXY,NEUTRAL,,LOCAL:3006:84|UPPER_GRADE:3042:84|BUYER_CHOICE:3364:59
7552,운암주공5단지,41370,원동,59,Z41370-원동,7,248250000.0,3,WEAK,-0.012167218192836124,0.0,PROXY,NEUTRAL,,GRADE:384:59|UPPER_GRADE:7542:59|BUYER_CHOICE:7633:84
8855,운정신도시 센트럴푸르지오,41480,목동동,74,Z41480-동패동,6,598625000.0,2,THIN,-0.0012255444539588274,0.005605514370620822,PROXY,NEUTRAL,,LOCAL:8856:74|GRADE:9222:74
8855,운정신도시 센트럴푸르지오,41480,목동동,84,Z41480-동패동,6,658500000.0,3,WEAK,-0.012940890649909649,0.0,PROXY,NEUTRAL,,LOCAL:8879:84|GRADE:6845:84|UPPER_GRADE:9178:84
6608,원곡벽산블루밍,41273,원곡동,59,Z41273-고잔동,5,355000000.0,3,OK,0.24528524788885842,0.04578657960592023,PROXY,FALSE_CHEAP,Follower 무반응(Persistent Cheapness),GRADE:5577:59|UPPER_GRADE:7966:59|BUYER_CHOICE:6529:84
6608,원곡벽산블루밍,41273,원곡동,84,Z41273-고잔동,5,400500000.0,2,THIN,0.05069186529967007,0.0002270849234534332,PROXY,NEUTRAL,,LOCAL:6617:84|UPPER_GRADE:8071:84
6669,원당e-편한세상,41281,성사동,59,Z41281-성사동,5,495000000.0,3,DISTORTED,0.11582355114920265,0.017143622923349228,PROXY,NEUTRAL,,GRADE:5577:59|UPPER_GRADE:1945:59|BUYER_CHOICE:6845:84
6669,원당e-편한세상,41281,성사동,84,Z41281-성사동,5,600000000.0,3,DISTORTED,-0.04661853924048154,0.0,PROXY,NEUTRAL,,GRADE:9303:84|UPPER_GRADE:6704:84|BUYER_CHOICE:6666:74
4878,원천레이크파크,41117,원천동,59,Z41113-권선동,5,484125000.0,3,OK,0.12590327417060887,0.11331294675354799,PROXY,LAG_CANDIDATE,합의 OK · Leader 이동 확인 · 후행 움직임 Gap 축소/Median↑/P25↑/거래량↑ · 빠른추종 계급,LOCAL:4864:59|GRADE:4792:59|UPPER_GRADE:4952:59
4878,원천레이크파크,41117,원천동,84,Z41113-권선동,5,615000000.0,3,DISTORTED,0.0,0.0,PROXY,NEUTRAL,,LOCAL:4864:84|GRADE:4600:84|UPPER_GRADE:4954:84
6662,원흥동일스위트아파트,41281,도내동,84,Z41281-원흥동,4,937500000.0,4,DISTORTED,0.06690100713282882,0.04166127285785675,PROXY,LAG_WATCH,Mispricing 은 있으나 합의 DISTORTED / Leader 확인 / 후행 움직임,LOCAL:6704:84|GRADE:1935:84|UPPER_GRADE:2423:84|BUYER_CHOICE:2970:59
2151,월계주공2단지,11350,월계동,59,Z11350-공릉동,4,575000000.0,3,DISTORTED,0.08598518441233235,0.07940298507462684,PROXY,LAG_WATCH,Mispricing 은 있으나 합의 DISTORTED / Leader 확인 / 후행 움직임,GRADE:1945:59|UPPER_GRADE:1587:59|BUYER_CHOICE:2221:59
2151,월계주공2단지,11350,월계동,84,Z11350-공릉동,4,714500000.0,3,DISTORTED,-0.06441852382459777,0.0,PROXY,NEUTRAL,,LOCAL:2221:84|GRADE:7119:84|UPPER_GRADE:1587:84
1921,월곡두산위브아파트,11290,하월곡동,59,Z11290-정릉동,4,925000000.0,3,WEAK,0.0009681600552052214,0.00038726402208208856,PROXY,NEUTRAL,,LOCAL:1945:59|UPPER_GRADE:1587:59|BUYER_CHOICE:1935:59
1921,월곡두산위브아파트,11290,하월곡동,84,Z11290-정릉동,4,975000000.0,3,DISTORTED,0.057490690847458864,0.00905478380847477,PROXY,NEUTRAL,,LOCAL:1935:84|GRADE:2221:84|UPPER_GRADE:1587:84
7813,월곶2차풍림아이원,41390,월곶동,59,Z28200-논현동,6,296000000.0,2,THIN,-0.0010402903973830498,2.7905452877384138e-05,PROXY,NEUTRAL,,GRADE:7688:59|BUYER_CHOICE:384:74
7813,월곶2차풍림아이원,41390,월곶동,84,Z28200-논현동,6,359375000.0,3,OK,0.02962841708954013,0.005817449664429522,PROXY,NEUTRAL,,GRADE:7646:84|UPPER_GRADE:7891:84|BUYER_CHOICE:7894:74
6537,월피한양,41271,월피동,59,Z41271-성포동,6,224000000.0,2,THIN,0.08841023333958775,0.034288386599352454,PROXY,LAG_WATCH,Mispricing 은 있으나 합의 THIN / Leader 확인 / 후행 움직임,LOCAL:6530:59|GRADE:4704:59
6537,월피한양,41271,월피동,74,Z41271-성포동,6,302500000.0,4,OK,0.024689883928693104,0.009983149759030854,VERIFIED,NEUTRAL,,LOCAL:6527:74|GRADE:7648:74|UPPER_GRADE:6617:74|BUYER_CHOICE:6529:74
6537,월피한양,41271,월피동,84,Z41271-성포동,6,358250000.0,3,OK,0.023672930105935866,0.006316410861865429,PROXY,NEUTRAL,,LOCAL:6529:84|GRADE:4676:84|UPPER_GRADE:6617:84
8205,위례롯데캐슬아파트,41450,학암동,74,Z11710-장지동,2,1595000000.0,3,STRONG,0.11659321559361667,0.030605719093324373,PROXY,LAG_CANDIDATE,합의 STRONG · Leader 이동 확인 · 후행 움직임 Gap 축소/Median↑/P25↑,GRADE:4396:74|UPPER_GRADE:4015:74|BUYER_CHOICE:4277:59
8205,위례롯데캐슬아파트,41450,학암동,84,Z11710-장지동,2,1651250000.0,3,OK,0.060455509822429844,0.0190434855940654,PROXY,NEUTRAL,,GRADE:4263:84|UPPER_GRADE:4207:84|BUYER_CHOICE:4277:59
5023,위례센트럴자이,41131,창곡동,59,Z11710-장지동,2,1585000000.0,2,THIN,0.055005880927563006,0.013878840470168075,PROXY,NEUTRAL,,GRADE:4277:59|UPPER_GRADE:4207:59
5023,위례센트럴자이,41131,창곡동,74,Z11710-장지동,2,1935000000.0,3,OK,0.01796463323106909,0.0050300973046993455,PROXY,NEUTRAL,,GRADE:4396:74|UPPER_GRADE:4015:74|BUYER_CHOICE:4295:84
5023,위례센트럴자이,41131,창곡동,84,Z11710-장지동,2,2230000000.0,3,WEAK,0.0,0.0,PROXY,NEUTRAL,,GRADE:4263:84|UPPER_GRADE:4207:84|BUYER_CHOICE:4295:84
6838,위시티일산자이1단지,41285,식사동,84,Z41285-식사동,4,575000000.0,3,DISTORTED,0.040702836250389784,0.0,PROXY,NEUTRAL,,GRADE:6704:84|UPPER_GRADE:2423:84|BUYER_CHOICE:6845:84
4584,율전밤꽃마을뜨란채,41111,율전동,59,Z41111-정자동,5,352500000.0,4,OK,0.20103116141287636,0.061975540041840485,PROXY,LAG_CANDIDATE,합의 OK · Leader 이동 확인 · 후행 움직임 Median↑/P25↑,LOCAL:4792:59|GRADE:4864:59|UPPER_GRADE:4952:59|BUYER_CHOICE:4546:74
4584,율전밤꽃마을뜨란채,41111,율전동,84,Z41111-정자동,5,451250000.0,4,OK,0.20815303313877742,0.0328092540915556,PROXY,LAG_CANDIDATE,합의 OK · Leader 이동 확인 · 후행 움직임 Gap 축소/Median↑/P25↑/거래량↑,LOCAL:4600:84|GRADE:4864:84|UPPER_GRADE:4895:84|BUYER_CHOICE:4664:84
7688,은계센트럴타운,41390,은행동,59,Z41390-은행동,6,384500000.0,3,OK,0.09466725587669256,0.04733362793834628,PROXY,LAG_CANDIDATE,합의 OK · Leader 이동 확인 · 후행 움직임 거래량↑,GRADE:568:59|UPPER_GRADE:5577:59|BUYER_CHOICE:319:59
7688,은계센트럴타운,41390,은행동,74,Z41390-은행동,6,515000000.0,3,OK,0.004078475093998412,0.0006912199589308509,PROXY,NEUTRAL,,LOCAL:7648:74|UPPER_GRADE:7894:74|BUYER_CHOICE:7685:84
7688,은계센트럴타운,41390,은행동,84,Z41390-은행동,6,545000000.0,3,OK,0.017973184799646887,0.007184128445058016,PROXY,NEUTRAL,,LOCAL:7646:84|GRADE:566:84|UPPER_GRADE:5926:84
7648,은계어반리더스아파트,41390,대야동,74,Z41390-은행동,6,532500000.0,2,THIN,-0.003272022022022006,0.0,PROXY,NEUTRAL,,LOCAL:7685:74|UPPER_GRADE:7894:74
7648,은계어반리더스아파트,41390,대야동,84,Z41390-은행동,6,584000000.0,3,OK,0.006589790020798902,0.006589790020798902,PROXY,NEUTRAL,,LOCAL:7646:84|GRADE:566:84|UPPER_GRADE:5926:84
4088,은마,11680,대치동,74,Z11680-역삼동,1,3510000000.0,1,THIN,0.05805314192167225,0.024188809134030105,VERIFIED,NEUTRAL,,LOCAL:4015:74
4088,은마,11680,대치동,84,Z11680-역삼동,1,3882500000.0,2,THIN,-0.038533403588376716,0.0,PROXY,NEUTRAL,,LOCAL:4207:84|GRADE:3888:84
5061,은행주공,41133,은행동,59,Z41131-신흥동,4,699250000.0,3,DISTORTED,0.07271782271782254,0.0009187896900396875,PROXY,NEUTRAL,,GRADE:8554:59|UPPER_GRADE:8151:59|BUYER_CHOICE:5082:84
5061,은행주공,41133,은행동,74,Z41131-신흥동,4,800000000.0,2,THIN,0.07014979999134996,0.0313366811326539,PROXY,LAG_WATCH,Mispricing 은 있으나 합의 THIN / Leader 확인 / 후행 움직임,GRADE:5736:74|UPPER_GRADE:8151:74
5061,은행주공,41133,은행동,84,Z41131-신흥동,4,860000000.0,2,THIN,0.20521883009721056,0.05746127242721896,PROXY,LAG_WATCH,Mispricing 은 있으나 합의 THIN / Leader 확인 / 후행 움직임,GRADE:8532:84|UPPER_GRADE:8151:84
5060,은행현대,41133,은행동,84,Z41131-신흥동,4,873500000.0,4,DISTORTED,0.0029410628621987407,0.003117656430777152,PROXY,NEUTRAL,,LOCAL:4985:84|GRADE:8532:84|UPPER_GRADE:8151:84|BUYER_CHOICE:5183:59
8026,의왕동백,41430,오전동,84,Z41430-오전동,6,495000000.0,2,THIN,0.061129467710254244,0.024946754472360635,PROXY,NEUTRAL,,GRADE:4676:84|UPPER_GRADE:4600:84
8005,의왕역 푸르지오 라포레,41430,삼동,74,Z41410-당동,5,601250000.0,2,THIN,0.12422545926986933,0.0,PROXY,FALSE_CHEAP,구조적 비중 100% · 과거 전달확률 0%,UPPER_GRADE:5736:74|BUYER_CHOICE:4544:59
8005,의왕역 푸르지오 라포레,41430,삼동,84,Z41410-당동,5,665000000.0,3,STRONG,0.09210597962194271,0.031793178442490154,PROXY,LAG_CANDIDATE,합의 STRONG · Leader 이동 확인 · 후행 움직임 거래량↑,GRADE:4600:84|UPPER_GRADE:8071:84|BUYER_CHOICE:4544:84
5528,의정부 SK-VIEW아파트,41150,가능동,59,Z41150-가능동,6,314750000.0,3,DISTORTED,0.12890759616563427,0.0,PROXY,FALSE_CHEAP,구조적 비중 78%,GRADE:5405:59|UPPER_GRADE:5577:59|BUYER_CHOICE:5414:59
5528,의정부 SK-VIEW아파트,41150,가능동,74,Z41150-가능동,6,365000000.0,0,UNKNOWN,,,NOT_CALCULATED,UNKNOWN,비율 역사 60개월 미만 또는 Leader 없음,
5528,의정부 SK-VIEW아파트,41150,가능동,84,Z41150-가능동,6,376000000.0,1,THIN,0.2064011868836438,0.00061404353097884,PROXY,FALSE_CHEAP,구조적 비중 98% · 과거 전달확률 25% · Follower 무반응(Persistent Cheapness),UPPER_GRADE:7369:84
5169,이매촌삼성,41135,이매동,59,Z41135-야탑동,2,1460000000.0,2,THIN,0.07131110344268832,0.01468501162949714,VERIFIED,NEUTRAL,,LOCAL:5173:59|GRADE:4277:59
5169,이매촌삼성,41135,이매동,74,Z41135-야탑동,2,1690000000.0,4,WEAK,-0.04328566974111245,0.0,VERIFIED,NEUTRAL,,LOCAL:5183:74|GRADE:4396:74|UPPER_GRADE:4015:74|BUYER_CHOICE:5173:84
5169,이매촌삼성,41135,이매동,84,Z41135-야탑동,2,1772250000.0,3,WEAK,0.061782623365544985,0.021623918177940744,PROXY,NEUTRAL,,LOCAL:5154:84|GRADE:4263:84|BUYER_CHOICE:5152:84
5173,이매촌한신,41135,이매동,59,Z41135-야탑동,2,1470000000.0,3,WEAK,-0.08579764078448225,0.0,VERIFIED,NEUTRAL,,LOCAL:5154:59|GRADE:4277:59|BUYER_CHOICE:5152:74
5173,이매촌한신,41135,이매동,84,Z41135-야탑동,2,1896750000.0,2,THIN,-0.05051948575893448,0.0009007358614517136,PROXY,NEUTRAL,,LOCAL:5154:84|GRADE:4263:84
1665,이문쌍용,11230,이문동,59,Z11230-답십리동,3,965000000.0,3,WEAK,0.013657074057176234,0.002867985552007009,PROXY,NEUTRAL,,LOCAL:1587:59|GRADE:2604:59|UPPER_GRADE:1367:59
1665,이문쌍용,11230,이문동,84,Z11230-답십리동,3,997500000.0,3,WEAK,0.041963945106525326,0.008812428472370317,PROXY,NEUTRAL,,LOCAL:1587:84|GRADE:2423:84|UPPER_GRADE:1312:84
1281,이촌강촌아파트,11170,이촌동,59,Z11170-이촌동,1,2365000000.0,1,THIN,-0.07461545575414132,0.0,PROXY,NEUTRAL,,GRADE:3888:59
1281,이촌강촌아파트,11170,이촌동,84,Z11170-이촌동,1,2722500000.0,1,THIN,0.03482670067592491,0.008776328570333078,PROXY,NEUTRAL,,GRADE:3888:84
9546,이편한세상 반월나노시티역,41595,반월동,59,Z41117-망포동,4,590000000.0,3,STRONG,0.21628702253553694,0.11412487456618176,PROXY,LAG_CANDIDATE,합의 STRONG · Leader 이동 확인 · 후행 움직임 Median↑/P25↑/거래량↑ · 빠른추종 계급,LOCAL:4952:59|GRADE:9661:59|UPPER_GRADE:3698:59
9546,이편한세상 반월나노시티역,41595,반월동,74,Z41117-망포동,4,678750000.0,3,STRONG,0.13642209370000868,0.09094806246667245,PROXY,LAG_CANDIDATE,합의 STRONG · Leader 이동 확인 · 후행 움직임 Median↑/P25↑/거래량↑ · 빠른추종 계급,LOCAL:4954:74|GRADE:9641:74|BUYER_CHOICE:4953:59
9546,이편한세상 반월나노시티역,41595,반월동,84,Z41117-망포동,4,749500000.0,4,STRONG,0.16584962637623135,0.07228732811395673,PROXY,LAG_CANDIDATE,합의 STRONG · Leader 이동 확인 · 후행 움직임 Median↑/P25↑/거래량↑ · 빠른추종 계급,LOCAL:4954:84|GRADE:4895:84|UPPER_GRADE:3698:84|BUYER_CHOICE:4952:59
8288,이편한세상 용인한숲시티 3단지,41461,남사읍,59,Z41461-남사읍,6,362500000.0,4,WEAK,-0.010429333877641337,0.0,PROXY,NEUTRAL,,LOCAL:8284:59|GRADE:7542:59|UPPER_GRADE:4864:59|BUYER_CHOICE:8286:84
8288,이편한세상 용인한숲시티 3단지,41461,남사읍,84,Z41461-남사읍,6,420000000.0,4,WEAK,-0.011436991898502068,0.0,PROXY,NEUTRAL,,LOCAL:8286:84|GRADE:7542:84|UPPER_GRADE:7604:84|BUYER_CHOICE:9713:74
8071,인덕원푸르지오 엘센트로아파트,41430,포일동,84,Z41173-호계동,4,1456500000.0,4,WEAK,0.03961838830577981,0.0047398359168360875,PROXY,NEUTRAL,,LOCAL:5676:84|GRADE:3760:84|UPPER_GRADE:3698:84|BUYER_CHOICE:7113:59
7145,인창주공1단지아파트,41310,인창동,59,Z41360-다산동,4,641000000.0,2,THIN,0.03924004693765425,0.016422870256410923,PROXY,NEUTRAL,,LOCAL:7325:59|UPPER_GRADE:8151:59
7148,인창주공6단지,41310,인창동,59,Z41360-다산동,4,643500000.0,2,THIN,0.07291826612924496,0.02752875910285823,PROXY,NEUTRAL,,LOCAL:7325:59|UPPER_GRADE:8151:59
7043,일산두산위브더제니스,41287,탄현동,59,Z41480-동패동,6,445000000.0,4,OK,0.13817600620147485,0.01330005604053992,PROXY,FALSE_CHEAP,Follower 무반응(Persistent Cheapness),LOCAL:7034:59|GRADE:9235:59|UPPER_GRADE:5577:59|BUYER_CHOICE:6845:59
6845,일산센트럴아이파크,41285,중산동,59,Z41287-일산동,6,539250000.0,3,DISTORTED,-0.01852971112291236,0.0,PROXY,NEUTRAL,,GRADE:7034:59|UPPER_GRADE:5577:59|BUYER_CHOICE:8856:84
6845,일산센트럴아이파크,41285,중산동,84,Z41287-일산동,6,635000000.0,4,DISTORTED,-0.015837027467481647,0.0,PROXY,NEUTRAL,,LOCAL:6860:84|GRADE:8879:84|UPPER_GRADE:9303:84|BUYER_CHOICE:6666:74
7034,일산에듀포레푸르지오,41287,탄현동,59,Z41480-동패동,6,375000000.0,3,DISTORTED,0.1705168731705059,0.0507018255693524,PROXY,LAG_WATCH,Mispricing 은 있으나 합의 DISTORTED / Leader 확인 / 후행 움직임,LOCAL:7043:59|GRADE:9235:59|UPPER_GRADE:5577:59
7034,일산에듀포레푸르지오,41287,탄현동,74,Z41480-동패동,6,425000000.0,3,WEAK,0.01111702661815902,0.0006588691109028912,PROXY,NEUTRAL,,LOCAL:8856:74|GRADE:9222:74|BUYER_CHOICE:8879:84
7034,일산에듀포레푸르지오,41287,탄현동,84,Z41480-동패동,6,466500000.0,3,WEAK,0.002672151595160505,0.00017867341641040717,PROXY,NEUTRAL,,LOCAL:8879:84|GRADE:6845:84|UPPER_GRADE:9178:84
6905,일산와이시티,41285,백석동,59,Z41285-백석동,3,720000000.0,3,OK,0.21744155592304024,0.04892435008268405,PROXY,LAG_CANDIDATE,합의 OK · Leader 이동 확인 · 후행 움직임 거래량↑,GRADE:2970:59|UPPER_GRADE:3060:59|BUYER_CHOICE:6662:84
6905,일산와이시티,41285,백석동,84,Z41285-백석동,3,892500000.0,3,STRONG,0.18982737580782516,0.10373253421947934,PROXY,LAG_CANDIDATE,합의 STRONG · Leader 이동 확인 · 후행 움직임 거래량↑,GRADE:3006:84|UPPER_GRADE:3042:84|BUYER_CHOICE:2970:59
4204,잠실레이크팰리스,11710,잠실동,59,Z11680-역삼동,1,2650000000.0,2,THIN,0.04311570084253627,0.015599924753213118,VERIFIED,NEUTRAL,,LOCAL:4207:59|GRADE:3888:59
4204,잠실레이크팰리스,11710,잠실동,84,Z11680-역삼동,1,3012500000.0,3,STRONG,0.08358588391238134,0.045270737460897534,PROXY,LAG_CANDIDATE,합의 STRONG · Leader 이동 확인 · 후행 움직임 Median↑/P25↑ · 빠른추종 계급,LOCAL:4207:84|GRADE:3888:84|BUYER_CHOICE:4088:74
4206,잠실리센츠,11710,잠실동,59,Z11680-역삼동,1,2952250000.0,2,THIN,0.014117913389687908,0.005378052277921333,VERIFIED,NEUTRAL,,LOCAL:4207:59|GRADE:3888:59
4206,잠실리센츠,11710,잠실동,84,Z11680-역삼동,1,3395000000.0,3,OK,0.03218936325686944,0.01868599219726527,PROXY,NEUTRAL,,LOCAL:4207:84|GRADE:3888:84|BUYER_CHOICE:4088:84
4207,잠실엘스아파트,11710,잠실동,59,Z11680-역삼동,1,2835000000.0,3,WEAK,0.05172319873423061,0.012413567696215348,PROXY,NEUTRAL,,LOCAL:4001:59|GRADE:3888:59|BUYER_CHOICE:4088:74
4207,잠실엘스아파트,11710,잠실동,84,Z11680-역삼동,1,3305000000.0,3,WEAK,0.021784095105217754,0.009149319944191457,PROXY,NEUTRAL,,LOCAL:4002:84|GRADE:3888:84|BUYER_CHOICE:4088:84
8414,장미마을 삼성래미안2차,41463,언남동,59,Z41463-신갈동,4,659750000.0,3,DISTORTED,0.18687080978154708,0.043002036036036036,PROXY,LAG_WATCH,Mispricing 은 있으나 합의 DISTORTED / Leader 확인 / 후행 움직임,GRADE:8554:59|UPPER_GRADE:3698:59|BUYER_CHOICE:4864:84
8414,장미마을 삼성래미안2차,41463,언남동,84,Z41463-신갈동,4,786250000.0,3,OK,0.05708253793638989,0.033100736685864086,PROXY,LAG_CANDIDATE,합의 OK · Leader 이동 확인 · 후행 움직임 Gap 축소/Median↑/P25↑,LOCAL:8325:84|GRADE:8532:84|UPPER_GRADE:3698:84
6171,장안마을코오롱하늘채,41220,장안동,84,Z41220-장안동,,284500000.0,1,THIN,0.052670091102926773,0.013066396200814075,PROXY,NEUTRAL,,BUYER_CHOICE:6278:59
5405,장암동아,41150,장암동,59,Z41150-호원동,6,326500000.0,3,DISTORTED,0.003399288129251792,0.0,PROXY,NEUTRAL,,GRADE:7233:59|UPPER_GRADE:5577:59|BUYER_CHOICE:5415:59
5405,장암동아,41150,장암동,84,Z41150-호원동,6,397500000.0,2,THIN,0.008806083073198627,0.007182384021134379,PROXY,NEUTRAL,,UPPER_GRADE:7369:84|BUYER_CHOICE:5415:74
5407,장암주공2단지,41150,장암동,59,Z41150-호원동,6,212625000.0,3,OK,0.09451212118648612,0.028540243971139693,PROXY,NEUTRAL,,LOCAL:5405:59|GRADE:7233:59|UPPER_GRADE:5577:59
5432,장암주공5단지,41150,신곡동,59,Z41150-신곡동,7,267000000.0,3,WEAK,-0.016919383894935833,0.0,PROXY,NEUTRAL,,LOCAL:5470:59|GRADE:731:59|UPPER_GRADE:5405:59
1566,전농SK,11230,전농동,59,Z11230-답십리동,3,1038125000.0,4,WEAK,-0.046155217239648855,0.0,PROXY,NEUTRAL,,LOCAL:1587:59|GRADE:2604:59|UPPER_GRADE:1367:59|BUYER_CHOICE:1617:84
1566,전농SK,11230,전농동,84,Z11230-답십리동,3,1157000000.0,4,WEAK,0.018358012537984837,0.004530545332305349,PROXY,NEUTRAL,,LOCAL:1587:84|GRADE:2423:84|UPPER_GRADE:1312:84|BUYER_CHOICE:1563:59
1565,전농우성,11230,전농동,59,Z11230-답십리동,3,775500000.0,4,OK,0.06881194851639012,0.01498482796598406,PROXY,NEUTRAL,,LOCAL:1587:59|GRADE:2604:59|UPPER_GRADE:1367:59|BUYER_CHOICE:1566:59
1565,전농우성,11230,전농동,84,Z11230-답십리동,3,890000000.0,3,STRONG,0.11611831847246258,0.032513129172289525,PROXY,LAG_CANDIDATE,합의 STRONG · Leader 이동 확인 · 후행 움직임 Median↑/P25↑/거래량↑ · 빠른추종 계급,LOCAL:1587:84|UPPER_GRADE:1312:84|BUYER_CHOICE:1566:59
1850,정릉풍림아이원,11290,정릉동,59,Z11290-정릉동,4,573000000.0,3,OK,0.18771759137418778,0.06183936992587837,VERIFIED,LAG_CANDIDATE,합의 OK · Leader 이동 확인 · 후행 움직임 Median↑/P25↑/거래량↑,LOCAL:1945:59|UPPER_GRADE:1587:59|BUYER_CHOICE:1963:59
1850,정릉풍림아이원,11290,정릉동,84,Z11290-정릉동,4,674000000.0,3,OK,0.13488313004355043,0.032881135026366505,PROXY,LAG_CANDIDATE,합의 OK · Leader 이동 확인 · 후행 움직임 Gap 축소/Median↑/P25↑/거래량↑,LOCAL:1935:84|GRADE:2221:84|UPPER_GRADE:1587:84
4546,정자동신1차,41111,정자동,59,Z41111-정자동,5,290000000.0,4,OK,0.1605328207808014,0.07005199367954053,PROXY,LAG_CANDIDATE,합의 OK · Leader 이동 확인 · 후행 움직임 Median↑/P25↑,LOCAL:4792:59|GRADE:4864:59|UPPER_GRADE:4952:59|BUYER_CHOICE:4664:59
4546,정자동신1차,41111,정자동,74,Z41111-정자동,5,395000000.0,3,DISTORTED,0.16338748351607132,0.007199272085179828,PROXY,FALSE_CHEAP,구조적 비중 70%,LOCAL:4664:74|GRADE:4720:74|UPPER_GRADE:4954:74
4547,정자동신2차,41111,정자동,59,Z41111-정자동,5,305500000.0,4,OK,0.10661155085713687,0.02729404742236658,PROXY,NEUTRAL,,LOCAL:4792:59|GRADE:4864:59|UPPER_GRADE:4952:59|BUYER_CHOICE:4546:74
4547,정자동신2차,41111,정자동,84,Z41111-정자동,5,440000000.0,4,DISTORTED,0.042084083256495375,0.020863769237087937,PROXY,NEUTRAL,,LOCAL:4600:84|GRADE:4864:84|UPPER_GRADE:4895:84|BUYER_CHOICE:4664:74
1553,제기한신,11230,제기동,59,Z11290-정릉동,4,1020000000.0,3,WEAK,-0.060236769135607424,0.0,PROXY,NEUTRAL,,LOCAL:1945:59|UPPER_GRADE:1587:59|BUYER_CHOICE:1566:84
1553,제기한신,11230,제기동,84,Z11290-정릉동,4,1165000000.0,4,WEAK,-0.09289023971366647,0.0,PROXY,NEUTRAL,,LOCAL:1935:84|GRADE:2221:84|UPPER_GRADE:1587:84|BUYER_CHOICE:1563:59
4617,조원주공뉴타운2단지,41111,조원동,59,Z41111-정자동,5,357375000.0,4,OK,0.1737634249734893,0.06781762477452244,PROXY,LAG_CANDIDATE,합의 OK · Leader 이동 확인 · 후행 움직임 Median↑/P25↑/거래량↑,LOCAL:4792:59|GRADE:4864:59|UPPER_GRADE:4952:59|BUYER_CHOICE:4546:74
4617,조원주공뉴타운2단지,41111,조원동,84,Z41111-정자동,5,420000000.0,4,OK,0.25820845202568277,0.010302473958333334,PROXY,FALSE_CHEAP,구조적 비중 66%,LOCAL:4600:84|GRADE:4864:84|UPPER_GRADE:4895:84|BUYER_CHOICE:4664:74
1898,종암SK,11290,종암동,59,Z11290-정릉동,4,811250000.0,2,THIN,0.045416884806945106,0.012554518455439742,PROXY,NEUTRAL,,LOCAL:1945:59|UPPER_GRADE:1587:59
1898,종암SK,11290,종암동,84,Z11290-정릉동,4,955000000.0,3,WEAK,0.02684280039228266,0.0,PROXY,NEUTRAL,,LOCAL:1935:84|GRADE:2221:84|UPPER_GRADE:1587:84
8966,주공,41500,안흥동,59,Z41500-증포동,7,153500000.0,2,THIN,0.2198045933630417,0.051516493895849134,PROXY,LAG_WATCH,Mispricing 은 있으나 합의 THIN / Leader 확인 / 후행 움직임,GRADE:5470:59|UPPER_GRADE:8288:59
6598,주공그린빌14단지,41273,초지동,59,Z41273-고잔동,5,357500000.0,3,DISTORTED,0.1887544224197007,0.07046831770335493,PROXY,LAG_WATCH,Mispricing 은 있으나 합의 DISTORTED / Leader 확인 / 후행 움직임,GRADE:5577:59|UPPER_GRADE:7966:59|BUYER_CHOICE:6529:84
8516,죽현마을아이파크1차,41463,보정동,84,Z41465-죽전동,4,1065000000.0,4,WEAK,-0.03426154348116854,0.0,PROXY,NEUTRAL,,LOCAL:8532:84|GRADE:8325:84|UPPER_GRADE:3698:84|BUYER_CHOICE:8625:74
2348,중계무지개아파트,11350,중계동,59,Z11350-상계동,4,685000000.0,3,DISTORTED,-0.12796216990465983,0.0,PROXY,NEUTRAL,,LOCAL:2304:59|UPPER_GRADE:1587:59|BUYER_CHOICE:2221:84
2319,중계주공5단지,11350,중계동,59,Z11350-상계동,4,778750000.0,3,DISTORTED,-0.04920721432192208,0.0,PROXY,NEUTRAL,,LOCAL:2304:59|UPPER_GRADE:1587:59|BUYER_CHOICE:2251:84
2319,중계주공5단지,11350,중계동,74,Z11350-상계동,4,1027500000.0,3,WEAK,-0.008771187970235057,0.0,PROXY,NEUTRAL,,LOCAL:2287:74|GRADE:7122:74|UPPER_GRADE:8151:74
2319,중계주공5단지,11350,중계동,84,Z11350-상계동,4,1123750000.0,3,DISTORTED,-0.11410284130950082,0.0,PROXY,NEUTRAL,,LOCAL:2044:84|GRADE:2221:84|UPPER_GRADE:1587:84
5835,중동금강마을주공,41192,중동,59,Z41192-중동,4,480250000.0,4,DISTORTED,-0.04595984035640076,0.0,PROXY,NEUTRAL,,LOCAL:5826:59|GRADE:3297:59|UPPER_GRADE:2970:59|BUYER_CHOICE:5859:59
5835,중동금강마을주공,41192,중동,84,Z41192-중동,4,660000000.0,3,WEAK,-0.035059713636631705,0.0,PROXY,NEUTRAL,,LOCAL:5826:84|GRADE:5989:84|UPPER_GRADE:3006:84
5859,중동보람마을아주,41192,중동,59,Z41192-중동,4,558500000.0,3,DISTORTED,-0.10300504820119807,0.0736394557823129,PROXY,LAG_WATCH,Mispricing 은 있으나 합의 DISTORTED / Leader 확인 / 후행 움직임,LOCAL:5826:59|GRADE:3297:59|UPPER_GRADE:2970:59
5859,중동보람마을아주,41192,중동,84,Z41192-중동,4,650000000.0,3,WEAK,-0.042457889451508156,0.0,PROXY,NEUTRAL,,LOCAL:5826:84|GRADE:5989:84|UPPER_GRADE:3006:84
5976,중동역푸르지오,41194,송내동,59,Z41194-송내동,5,572000000.0,2,THIN,0.04237779419078672,0.029484314824070955,PROXY,NEUTRAL,,GRADE:5577:59|BUYER_CHOICE:5826:84
5976,중동역푸르지오,41194,송내동,84,Z41194-송내동,5,623250000.0,4,WEAK,0.0015177139061700068,0.0007120757592459467,PROXY,NEUTRAL,,LOCAL:5926:84|GRADE:915:84|UPPER_GRADE:5989:84|BUYER_CHOICE:5826:84
5826,중동팰리스카운티,41192,중동,59,Z41192-중동,4,605000000.0,4,DISTORTED,0.04855649199690805,0.09812444353807807,PROXY,LAG_WATCH,Mispricing 은 있으나 합의 DISTORTED / Leader 확인 / 후행 움직임,LOCAL:5859:59|GRADE:3297:59|UPPER_GRADE:2970:59|BUYER_CHOICE:5991:74
5826,중동팰리스카운티,41192,중동,84,Z41192-중동,4,712500000.0,4,DISTORTED,0.05279184123185573,0.04366458313318839,VERIFIED,LAG_WATCH,Mispricing 은 있으나 합의 DISTORTED / Leader 확인 / 후행 움직임,LOCAL:5859:84|GRADE:5989:84|UPPER_GRADE:3006:84|BUYER_CHOICE:5991:84
6687,지축역 한림풀에버,41281,지축동,74,Z11380-진관동,4,771525000.0,0,UNKNOWN,,,NOT_CALCULATED,UNKNOWN,비율 역사 60개월 미만 또는 Leader 없음,
6687,지축역 한림풀에버,41281,지축동,84,Z11380-진관동,4,840125000.0,2,THIN,0.02762557937027602,0.0033314944938322767,PROXY,NEUTRAL,,GRADE:6704:84|BUYER_CHOICE:6662:84
8552,진산마을삼성5차아파트,41465,풍덕천동,84,Z41465-죽전동,4,1252500000.0,3,WEAK,-0.12504315734403176,0.0,PROXY,NEUTRAL,,LOCAL:8532:84|GRADE:8325:84|UPPER_GRADE:3698:84
8721,진산마을성원상떼빌아파트,41465,상현동,59,Z41465-죽전동,4,797500000.0,4,DISTORTED,-0.010423163201462792,0.0012076536534548629,PROXY,NEUTRAL,,LOCAL:8554:59|GRADE:4952:59|UPPER_GRADE:3698:59|BUYER_CHOICE:8325:84
8721,진산마을성원상떼빌아파트,41465,상현동,84,Z41465-죽전동,4,870750000.0,4,DISTORTED,-0.03239725706198059,0.0026827214758349672,PROXY,NEUTRAL,,LOCAL:8532:84|GRADE:8325:84|UPPER_GRADE:3698:84|BUYER_CHOICE:8554:59
7416,진접부영사랑으로아파트,41360,진접읍,84,Z41360-진접읍,7,375500000.0,2,THIN,0.017669283272880976,0.0,PROXY,NEUTRAL,,LOCAL:7411:84|GRADE:5472:84
6710,창릉호반써밋,41281,동산동,84,Z41281-동산동,,798250000.0,1,THIN,-0.018772552976732693,0.0,VERIFIED,NEUTRAL,,BUYER_CHOICE:6704:84
3287,천왕연지타운2단지,11530,천왕동,84,Z11530-항동,4,787000000.0,1,THIN,-0.016264831241684194,0.0,PROXY,NEUTRAL,,LOCAL:5989:84
3285,천왕이펜하우스3단지,11530,천왕동,84,Z11530-항동,4,760000000.0,0,UNKNOWN,,,NOT_CALCULATED,UNKNOWN,비율 역사 60개월 미만 또는 Leader 없음,
6075,철산래미안자이,41210,철산동,59,Z41210-소하동,4,1222500000.0,4,WEAK,-0.025205479820210267,0.000770726773082108,PROXY,NEUTRAL,,LOCAL:6087:59|GRADE:3739:59|UPPER_GRADE:3487:59|BUYER_CHOICE:6081:84
6075,철산래미안자이,41210,철산동,84,Z41210-소하동,4,1350000000.0,3,DISTORTED,-0.001788254589990934,0.0,PROXY,NEUTRAL,,LOCAL:6087:84|GRADE:3760:84|BUYER_CHOICE:3487:59
6084,철산주공12단지,41210,철산동,59,Z41210-소하동,4,1071250000.0,4,WEAK,-0.2242072717379857,0.0,PROXY,NEUTRAL,,LOCAL:6087:59|GRADE:3739:59|UPPER_GRADE:3487:59|BUYER_CHOICE:6075:59
6084,철산주공12단지,41210,철산동,74,Z41210-소하동,4,1250000000.0,2,THIN,-0.306518662797502,0.0,PROXY,NEUTRAL,,LOCAL:6081:74|GRADE:5991:74
6084,철산주공12단지,41210,철산동,84,Z41210-소하동,4,1326250000.0,3,WEAK,-0.24752074478850442,0.0,PROXY,NEUTRAL,,LOCAL:6075:84|GRADE:3760:84|BUYER_CHOICE:3487:59
6081,철산주공13단지,41210,철산동,74,Z41210-소하동,4,1272500000.0,2,THIN,-0.23233001624654664,0.004191188627254493,PROXY,NEUTRAL,,LOCAL:6084:74|GRADE:5991:74
6081,철산주공13단지,41210,철산동,84,Z41210-소하동,4,1408750000.0,3,WEAK,-0.22695221445221442,0.0,PROXY,NEUTRAL,,LOCAL:6075:84|GRADE:3760:84|BUYER_CHOICE:3487:59
6076,철산푸르지오하늘채,41210,철산동,59,Z41210-소하동,4,1180000000.0,4,WEAK,-0.0748118989113695,0.0,PROXY,NEUTRAL,,LOCAL:6087:59|GRADE:3739:59|UPPER_GRADE:3487:59|BUYER_CHOICE:6075:84
6076,철산푸르지오하늘채,41210,철산동,84,Z41210-소하동,4,1325500000.0,3,DISTORTED,-0.03510853023178539,0.0,PROXY,NEUTRAL,,LOCAL:6075:84|GRADE:3760:84|BUYER_CHOICE:3487:59
8347,"청명호수마을신안인스빌1,2단지",41463,하갈동,84,Z41463-하갈동,,382500000.0,1,THIN,0.1364578154752272,0.010934819613414873,PROXY,FALSE_CHEAP,구조적 비중 76%,BUYER_CHOICE:9514:84
9209,청송마을모아미래도엘가,41570,장기동,84,Z41570-장기동,5,407250000.0,2,THIN,-0.0034510334891866504,0.0,PROXY,NEUTRAL,,LOCAL:9178:84|BUYER_CHOICE:9177:74
5719,초원부영,41173,평촌동,59,Z41173-호계동,4,688750000.0,4,DISTORTED,-0.05367252869052031,0.008712796991197312,PROXY,NEUTRAL,,LOCAL:5732:59|GRADE:7966:59|UPPER_GRADE:3698:59|BUYER_CHOICE:5577:59
9303,캐슬앤파밀리에시티1단지,41570,고촌읍,84,Z41570-고촌읍,5,560000000.0,1,THIN,0.029462738301559713,0.0,PROXY,NEUTRAL,,LOCAL:9318:84
1312,텐즈힐1단지,11200,하왕십리동,59,Z11200-행당동,2,1940000000.0,4,WEAK,0.007352850747444659,0.002437516040041788,PROXY,NEUTRAL,,LOCAL:1367:59|GRADE:2623:59|UPPER_GRADE:3888:59|BUYER_CHOICE:1362:84
1312,텐즈힐1단지,11200,하왕십리동,74,Z11200-행당동,2,1925000000.0,1,THIN,0.132002508361204,0.0,PROXY,FALSE_CHEAP,구조적 비중 100% · 과거 전달확률 0% · Follower 무반응(Persistent Cheapness),UPPER_GRADE:4015:74
1312,텐즈힐1단지,11200,하왕십리동,84,Z11200-행당동,2,2150000000.0,3,OK,0.014184397163120583,0.009929078014184408,PROXY,NEUTRAL,,LOCAL:1362:84|GRADE:2623:84|UPPER_GRADE:3888:84
7515,퇴계원힐스테이트,41360,퇴계원읍,84,Z41360-퇴계원읍,6,625000000.0,2,THIN,0.0369880809802305,0.015968355730631465,PROXY,NEUTRAL,,UPPER_GRADE:7369:84|BUYER_CHOICE:7126:74
8900,파주한양수자인리버팰리스,41480,문산읍,84,Z41480-문산읍,8,239500000.0,2,THIN,0.1929337295601842,0.0029556082772603806,PROXY,FALSE_CHEAP,구조적 비중 85% · Follower 무반응(Persistent Cheapness),GRADE:790:84|UPPER_GRADE:5472:84
7248,평내마을주공,41360,평내동,59,Z41360-호평동,6,290000000.0,4,OK,0.08580416220061554,0.02667821713204356,PROXY,NEUTRAL,,LOCAL:7233:59|GRADE:5405:59|UPPER_GRADE:5577:59|BUYER_CHOICE:7215:84
7233,평내호평역 대명루첸포레스티움아파트,41360,평내동,59,Z41360-호평동,6,498000000.0,4,DISTORTED,0.007281230232704654,0.0,PROXY,NEUTRAL,,LOCAL:7207:59|GRADE:5405:59|UPPER_GRADE:5577:59|BUYER_CHOICE:7368:84
5676,평촌더샵센트럴시티,41173,관양동,59,Z41173-호계동,4,1225000000.0,4,DISTORTED,0.0005889850364475917,0.0,PROXY,NEUTRAL,,LOCAL:5732:59|GRADE:7966:59|UPPER_GRADE:3698:59|BUYER_CHOICE:8071:84
5676,평촌더샵센트럴시티,41173,관양동,84,Z41173-호계동,4,1446250000.0,4,DISTORTED,0.019058080484304896,0.012658315396412378,PROXY,NEUTRAL,,LOCAL:8071:84|GRADE:3760:84|UPPER_GRADE:3698:84|BUYER_CHOICE:7113:59
5736,평촌더샵아이파크아파트,41173,호계동,59,Z41173-호계동,4,1027500000.0,3,WEAK,0.020786804369682332,0.01309568675289987,PROXY,NEUTRAL,,LOCAL:5732:59|GRADE:7966:59|UPPER_GRADE:3698:59
5736,평촌더샵아이파크아파트,41173,호계동,74,Z41173-호계동,4,1135000000.0,2,THIN,0.06062960308326223,0.0137363187544359,PROXY,NEUTRAL,,GRADE:6084:74|BUYER_CHOICE:5676:84
5736,평촌더샵아이파크아파트,41173,호계동,84,Z41173-호계동,4,1292000000.0,4,WEAK,0.0001988251246953436,0.0,PROXY,NEUTRAL,,LOCAL:8071:84|GRADE:3760:84|UPPER_GRADE:3698:84|BUYER_CHOICE:5676:84
5732,평촌어바인퍼스트,41173,호계동,59,Z41173-호계동,4,974000000.0,3,WEAK,-0.03869949494949485,0.0,PROXY,NEUTRAL,,GRADE:7966:59|UPPER_GRADE:3698:59|BUYER_CHOICE:5736:74
6281,평택센트럴자이3단지,41220,동삭동,59,Z41220-동삭동,6,326250000.0,4,OK,0.05554905743244819,0.006943310218176032,PROXY,NEUTRAL,,LOCAL:6278:59|GRADE:7542:59|UPPER_GRADE:4864:59|BUYER_CHOICE:6279:59
6281,평택센트럴자이3단지,41220,동삭동,74,Z41220-동삭동,6,390000000.0,3,WEAK,-0.01547226564577361,0.0,PROXY,NEUTRAL,,LOCAL:6278:74|UPPER_GRADE:4720:74|BUYER_CHOICE:6279:74
6281,평택센트럴자이3단지,41220,동삭동,84,Z41220-동삭동,6,420000000.0,3,OK,0.06912722609735045,0.0034674216610430988,PROXY,NEUTRAL,,LOCAL:6279:84|GRADE:7542:84|UPPER_GRADE:7604:84
6252,평택센트럴해링턴플레이스,41220,비전동,84,Z41220-비전동,8,321000000.0,3,OK,0.21679488962838528,0.057811970567569405,PROXY,LAG_CANDIDATE,합의 OK · Leader 이동 확인 · 후행 움직임 거래량↑,GRADE:790:84|UPPER_GRADE:7563:84|BUYER_CHOICE:6279:59
6315,평택용이금호어울림1단지 아파트,41220,용이동,84,Z41220-동삭동,6,305000000.0,3,OK,0.06327516794684518,0.0024623702494066665,PROXY,NEUTRAL,,LOCAL:6279:84|GRADE:7542:84|UPPER_GRADE:7604:84
6303,평택효성해링턴플레이스2단지,41220,소사동,59,Z41220-동삭동,6,280000000.0,3,OK,0.06147885161714983,0.0,PROXY,NEUTRAL,,LOCAL:6278:59|GRADE:7542:59|UPPER_GRADE:4864:59
6303,평택효성해링턴플레이스2단지,41220,소사동,74,Z41220-동삭동,6,320000000.0,3,WEAK,0.001583113456464415,0.0,PROXY,NEUTRAL,,LOCAL:6278:74|UPPER_GRADE:4720:74|BUYER_CHOICE:6279:59
6303,평택효성해링턴플레이스2단지,41220,소사동,84,Z41220-동삭동,6,357250000.0,3,OK,0.05730324206667424,0.0,PROXY,NEUTRAL,,LOCAL:6279:84|GRADE:7542:84|UPPER_GRADE:7604:84
7058,포레나 킨텍스 아파트,41287,대화동,84,Z41287-대화동,4,1150750000.0,1,THIN,0.13713458968934902,0.07679537022603544,PROXY,LAG_WATCH,Mispricing 은 있으나 합의 THIN / Leader 확인 / 후행 움직임,UPPER_GRADE:3006:84
2235,포레나노원 아파트,11350,상계동,59,Z11350-상계동,4,993750000.0,2,THIN,0.08549112767330772,0.021293790800945653,PROXY,NEUTRAL,,LOCAL:2304:59|UPPER_GRADE:1587:59
6570,푸르지오1차대우,41273,고잔동,74,Z41273-고잔동,5,540000000.0,4,WEAK,-0.0010726876609228576,0.0,PROXY,NEUTRAL,,LOCAL:6617:74|GRADE:7894:74|UPPER_GRADE:5736:74|BUYER_CHOICE:6554:59
6570,푸르지오1차대우,41273,고잔동,84,Z41273-고잔동,5,644000000.0,3,WEAK,0.03612494957644216,0.018975231847519185,PROXY,NEUTRAL,,LOCAL:6617:84|UPPER_GRADE:8071:84|BUYER_CHOICE:6557:59
9177,풍경마을 래미안 한강2차,41570,운양동,74,Z41570-장기동,5,468000000.0,2,THIN,0.017066658510947765,0.005808121331013837,PROXY,NEUTRAL,,GRADE:1064:74|BUYER_CHOICE:9178:84
9177,풍경마을 래미안 한강2차,41570,운양동,84,Z41570-장기동,5,484000000.0,1,THIN,0.06325878054155928,0.03985303174118235,PROXY,LAG_WATCH,Mispricing 은 있으나 합의 THIN / Leader 확인 / 후행 움직임,LOCAL:9178:84
9235,풍무센트럴푸르지오,41570,풍무동,59,Z41570-풍무동,6,605500000.0,3,DISTORTED,3.174059050203205e-05,0.0,PROXY,NEUTRAL,,LOCAL:9222:59|GRADE:7034:59|UPPER_GRADE:5577:59
9235,풍무센트럴푸르지오,41570,풍무동,74,Z41570-풍무동,6,637500000.0,3,WEAK,-0.008879356568364489,0.0,PROXY,NEUTRAL,,LOCAL:9222:74|GRADE:8856:74|UPPER_GRADE:1064:74
9235,풍무센트럴푸르지오,41570,풍무동,84,Z41570-풍무동,6,705000000.0,2,THIN,-0.03238443756680682,0.0,PROXY,NEUTRAL,,LOCAL:9222:84|GRADE:9280:84
9244,풍무유현마을신동아,41570,풍무동,59,Z41570-풍무동,6,312000000.0,4,WEAK,-0.06315542985166092,0.0,PROXY,NEUTRAL,,LOCAL:9235:59|GRADE:7034:59|UPPER_GRADE:5577:59|BUYER_CHOICE:671:84
9244,풍무유현마을신동아,41570,풍무동,84,Z41570-풍무동,6,348500000.0,3,WEAK,-0.022432084055737378,0.0,PROXY,NEUTRAL,,LOCAL:9235:84|GRADE:9280:84|BUYER_CHOICE:9177:74
9246,풍무유현마을현대프라임빌,41570,풍무동,84,Z41570-풍무동,6,,2,UNKNOWN,,,NOT_CALCULATED,UNKNOWN,비율 역사 60개월 미만 또는 Leader 없음,LOCAL:9235:84|GRADE:9280:84
4454,프라이어팰리스,11740,암사동,59,Z11740-길동,2,1585000000.0,4,WEAK,-0.05967398651167276,0.0,PROXY,NEUTRAL,,LOCAL:4396:59|GRADE:1455:59|UPPER_GRADE:4207:59|BUYER_CHOICE:4397:59
4454,프라이어팰리스,11740,암사동,84,Z11740-길동,2,1718750000.0,4,WEAK,0.004245654839716354,0.003757337886739369,PROXY,NEUTRAL,,LOCAL:4409:84|GRADE:1455:84|UPPER_GRADE:4207:84|BUYER_CHOICE:4397:74
7341,플루리움2단지,41360,다산동,84,Z41360-다산동,4,670000000.0,4,DISTORTED,0.07148264725382356,0.047591789815142206,PROXY,LAG_WATCH,Mispricing 은 있으나 합의 DISTORTED / Leader 확인 / 후행 움직임,LOCAL:7331:84|GRADE:7119:84|UPPER_GRADE:8151:84|BUYER_CHOICE:7325:59
7340,플루리움3단지,41360,다산동,84,Z41360-다산동,4,698750000.0,4,DISTORTED,0.07387530176179184,0.0313233337664347,PROXY,LAG_WATCH,Mispricing 은 있으나 합의 DISTORTED / Leader 확인 / 후행 움직임,LOCAL:7331:84|GRADE:7119:84|UPPER_GRADE:8151:84|BUYER_CHOICE:7325:59
7342,플루리움45단지아파트,41360,다산동,84,Z41360-다산동,4,727500000.0,4,DISTORTED,0.03982472534892527,0.009369964636148035,PROXY,NEUTRAL,,LOCAL:7331:84|GRADE:7119:84|UPPER_GRADE:8151:84|BUYER_CHOICE:7325:59
2221,하계학여울청구,11350,하계동,59,Z11350-공릉동,4,695000000.0,3,DISTORTED,0.10929698876638227,0.07435136652458582,PROXY,LAG_WATCH,Mispricing 은 있으나 합의 DISTORTED / Leader 확인 / 후행 움직임,GRADE:1945:59|UPPER_GRADE:1587:59|BUYER_CHOICE:2251:84
2221,하계학여울청구,11350,하계동,84,Z11350-공릉동,4,880000000.0,4,DISTORTED,-0.02392592839522645,0.0,PROXY,NEUTRAL,,LOCAL:1785:84|GRADE:7119:84|UPPER_GRADE:1587:84|BUYER_CHOICE:1935:59
8102,하남대명강변타운,41450,신장동,84,Z41450-덕풍동,4,912500000.0,2,THIN,0.0656621823619096,0.01761908256053736,PROXY,NEUTRAL,,GRADE:7331:84|UPPER_GRADE:8151:84
6860,하늘마을2단지,41285,중산동,74,Z41287-일산동,6,382500000.0,2,THIN,-0.042569051105174595,0.0,PROXY,NEUTRAL,,GRADE:8856:74|BUYER_CHOICE:7043:59
6860,하늘마을2단지,41285,중산동,84,Z41287-일산동,6,410000000.0,3,WEAK,-0.0045854045097615285,0.0,PROXY,NEUTRAL,,LOCAL:6845:84|GRADE:8879:84|UPPER_GRADE:9303:84
6849,하늘마을5단지아파트,41285,중산동,74,Z41287-일산동,6,438750000.0,2,THIN,0.007916444253902104,0.007368302517245335,PROXY,NEUTRAL,,GRADE:8856:74|BUYER_CHOICE:6845:59
6849,하늘마을5단지아파트,41285,중산동,84,Z41287-일산동,6,455750000.0,3,WEAK,0.023496135506217996,0.00845860878223848,PROXY,NEUTRAL,,LOCAL:6845:84|GRADE:8879:84|UPPER_GRADE:9303:84
5082,하대원아튼빌,41133,하대원동,59,Z41131-신흥동,4,714500000.0,3,OK,0.19640024879489965,0.01260606742978532,PROXY,NEUTRAL,,LOCAL:4985:59|GRADE:8554:59|UPPER_GRADE:8151:59
5082,하대원아튼빌,41133,하대원동,84,Z41131-신흥동,4,809000000.0,3,STRONG,0.12029274463182596,0.013326076469196564,PROXY,NEUTRAL,,LOCAL:4985:84|GRADE:8532:84|UPPER_GRADE:8151:84
7732,하상연꽃마을대우삼호,41390,하상동,59,Z41390-하중동,7,225000000.0,2,THIN,0.02781660696774521,0.004496824770790866,PROXY,NEUTRAL,,GRADE:384:59|UPPER_GRADE:7688:59
7732,하상연꽃마을대우삼호,41390,하상동,84,Z41390-하중동,7,285000000.0,2,THIN,0.09691370826369848,0.027900192322041495,PROXY,NEUTRAL,,GRADE:208:84|BUYER_CHOICE:7688:59
6091,하안주공10단지,41210,하안동,59,Z41210-소하동,4,775000000.0,4,WEAK,-0.08064639230594656,0.0,PROXY,NEUTRAL,,LOCAL:6087:59|GRADE:3739:59|UPPER_GRADE:3487:59|BUYER_CHOICE:3313:59
6091,하안주공10단지,41210,하안동,74,Z41210-소하동,4,955000000.0,3,DISTORTED,0.043426398715436285,0.0385860119136091,PROXY,LAG_WATCH,Mispricing 은 있으나 합의 DISTORTED / Leader 확인 / 후행 움직임,LOCAL:6084:74|GRADE:5991:74|BUYER_CHOICE:6075:59
6092,하안주공4단지,41210,하안동,59,Z41210-소하동,4,697500000.0,4,DISTORTED,-0.021620746187094766,0.0018758266316409831,PROXY,NEUTRAL,,LOCAL:6087:59|GRADE:3739:59|UPPER_GRADE:3487:59|BUYER_CHOICE:3760:59
6098,하안주공5단지,41210,하안동,59,Z41210-소하동,4,650000000.0,4,WEAK,-0.14679838208208673,0.0,PROXY,NEUTRAL,,LOCAL:6087:59|GRADE:3739:59|UPPER_GRADE:3487:59|BUYER_CHOICE:3287:84
6098,하안주공5단지,41210,하안동,74,Z41210-소하동,4,830000000.0,3,DISTORTED,0.006135222242017917,0.0013742897822120134,PROXY,NEUTRAL,,LOCAL:6084:74|GRADE:5991:74|BUYER_CHOICE:6087:59
6096,하안주공7단지,41210,하안동,59,Z41210-소하동,4,707500000.0,4,DISTORTED,-0.02327247628560905,0.003458739250571903,PROXY,NEUTRAL,,LOCAL:6087:59|GRADE:3739:59|UPPER_GRADE:3487:59|BUYER_CHOICE:3760:59
6096,하안주공7단지,41210,하안동,74,Z41210-소하동,4,850000000.0,3,DISTORTED,-0.05319545369852795,0.0,PROXY,NEUTRAL,,LOCAL:6084:74|GRADE:5991:74|BUYER_CHOICE:3313:59
6090,하안주공9단지,41210,하안동,59,Z41210-소하동,4,695000000.0,4,WEAK,-0.030468898965789023,0.0,PROXY,NEUTRAL,,LOCAL:6087:59|GRADE:3739:59|UPPER_GRADE:3487:59|BUYER_CHOICE:3760:59
6090,하안주공9단지,41210,하안동,74,Z41210-소하동,4,,1,UNKNOWN,,,NOT_CALCULATED,UNKNOWN,비율 역사 60개월 미만 또는 Leader 없음,LOCAL:6084:74
5687,한가람세경,41173,관양동,59,Z41173-호계동,4,685750000.0,4,WEAK,-0.055055517360619456,0.0,PROXY,NEUTRAL,,LOCAL:5732:59|GRADE:7966:59|UPPER_GRADE:3698:59|BUYER_CHOICE:5577:59
5688,한가람신라,41173,관양동,59,Z41173-호계동,4,730000000.0,4,DISTORTED,-0.007846329995191153,0.0025958559003514178,PROXY,NEUTRAL,,LOCAL:5732:59|GRADE:7966:59|UPPER_GRADE:3698:59|BUYER_CHOICE:5577:59
1282,한가람아파트,11170,이촌동,59,Z11170-이촌동,1,2495000000.0,1,THIN,-0.059866647222318034,0.0,PROXY,NEUTRAL,,GRADE:3888:59
1282,한가람아파트,11170,이촌동,84,Z11170-이촌동,1,2900000000.0,1,THIN,0.040085262633806386,0.005611936768732894,PROXY,NEUTRAL,,GRADE:3888:84
9253,한강동일스위트더파크뷰1단지아파트,41570,마산동,84,Z41570-구래동,6,422500000.0,4,WEAK,0.00999041635567139,0.006301553982384318,PROXY,NEUTRAL,,LOCAL:9280:84|GRADE:9235:84|UPPER_GRADE:9178:84|BUYER_CHOICE:9177:74
9152,한강메트로자이2단지 아파트,41570,걸포동,59,Z41570-걸포동,4,542500000.0,3,OK,0.052163023679417136,0.012455379258093657,PROXY,NEUTRAL,,GRADE:5826:59|UPPER_GRADE:2970:59|BUYER_CHOICE:9222:84
9152,한강메트로자이2단지 아파트,41570,걸포동,74,Z41570-걸포동,4,637000000.0,1,THIN,0.01427473934516188,0.0,PROXY,NEUTRAL,,BUYER_CHOICE:9235:84
9152,한강메트로자이2단지 아파트,41570,걸포동,84,Z41570-걸포동,4,657250000.0,1,THIN,0.10557880628043106,,NOT_CALCULATED,NEUTRAL,,UPPER_GRADE:3006:84
9186,한강센트럴자이1단지,41570,장기동,74,Z41570-장기동,5,437250000.0,2,THIN,-0.000909357519555249,0.0063049012406548414,PROXY,NEUTRAL,,GRADE:1064:74|BUYER_CHOICE:9177:84
9186,한강센트럴자이1단지,41570,장기동,84,Z41570-장기동,5,497000000.0,2,THIN,0.011893783099890358,0.0033081928569772046,PROXY,NEUTRAL,,LOCAL:9178:84|BUYER_CHOICE:9222:74
9275,한강신도시3차푸르지오,41570,구래동,59,Z41570-구래동,6,362000000.0,3,OK,0.07868852459016387,0.0019988332852930502,PROXY,NEUTRAL,,GRADE:9235:59|UPPER_GRADE:5577:59|BUYER_CHOICE:9253:84
9178,한강신도시롯데캐슬,41570,운양동,84,Z41570-장기동,5,546000000.0,2,THIN,-0.03577775834510675,0.0,VERIFIED,NEUTRAL,,LOCAL:9177:84|BUYER_CHOICE:9222:84
9207,한강호반베르디움,41570,장기동,59,Z41570-장기동,5,359500000.0,3,DISTORTED,0.05908469945355196,0.0,PROXY,NEUTRAL,,GRADE:5577:59|UPPER_GRADE:5826:59|BUYER_CHOICE:9177:74
9261,한강힐스테이트아파트,41570,마산동,84,Z41570-구래동,6,370000000.0,4,OK,0.027862639654351096,0.00451397640831349,PROXY,NEUTRAL,,LOCAL:9280:84|GRADE:9235:84|UPPER_GRADE:9178:84|BUYER_CHOICE:9253:84
5642,한라비발디,41171,박달동,59,Z41171-안양동,5,469500000.0,3,STRONG,0.1304028122616555,0.0477054362552521,PROXY,LAG_CANDIDATE,합의 STRONG · Leader 이동 확인 · 후행 움직임 Median↑/P25↑/거래량↑,LOCAL:5577:59|UPPER_GRADE:7966:59|BUYER_CHOICE:5615:59
5642,한라비발디,41171,박달동,84,Z41171-안양동,5,565000000.0,4,DISTORTED,0.08041823777926138,0.018380708234991276,PROXY,NEUTRAL,,LOCAL:5577:84|GRADE:6617:84|UPPER_GRADE:8071:84|BUYER_CHOICE:5615:84
7126,한라비발디아파트,41310,갈매동,74,Z41310-갈매동,4,697750000.0,4,DISTORTED,0.006185929464649945,0.005529174721513496,PROXY,NEUTRAL,,LOCAL:7122:74|GRADE:2287:74|UPPER_GRADE:8151:74|BUYER_CHOICE:7119:84
7126,한라비발디아파트,41310,갈매동,84,Z41310-갈매동,4,747500000.0,3,DISTORTED,0.0027022008161870364,0.0018014672107913576,VERIFIED,NEUTRAL,,LOCAL:7119:84|GRADE:2221:84|UPPER_GRADE:1587:84
7894,한라비발디캠퍼스,41390,배곧동,74,Z41390-배곧동,5,469125000.0,4,WEAK,0.00017469392589448832,1.2686951658110144e-05,PROXY,NEUTRAL,,LOCAL:7899:74|GRADE:6617:74|UPPER_GRADE:246:74|BUYER_CHOICE:7896:84
7894,한라비발디캠퍼스,41390,배곧동,84,Z41390-배곧동,5,540000000.0,3,WEAK,0.004608294930875644,0.0,PROXY,NEUTRAL,,LOCAL:7891:84|GRADE:6617:84|UPPER_GRADE:246:84
7890,한라비발디캠퍼스2차아파트,41390,배곧동,84,Z41390-배곧동,5,529500000.0,3,WEAK,0.007518796992481364,0.0002678696741854694,PROXY,NEUTRAL,,LOCAL:7891:84|GRADE:6617:84|UPPER_GRADE:246:84
7889,한라비발디캠퍼스3차,41390,배곧동,84,Z41390-배곧동,5,540000000.0,3,WEAK,0.016659282233052755,0.0004167041795894262,PROXY,NEUTRAL,,LOCAL:7891:84|GRADE:6617:84|UPPER_GRADE:246:84
8783,한빛마을2단지휴먼빌,41480,야당동,84,Z41480-동패동,6,420000000.0,3,WEAK,0.01701294607225175,0.003034655900727786,PROXY,NEUTRAL,,LOCAL:8879:84|GRADE:6845:84|UPPER_GRADE:9178:84
8789,한빛마을3단지자유로아이파크,41480,야당동,84,Z41480-동패동,6,336500000.0,3,OK,0.05672997991300961,0.001450774686308699,PROXY,NEUTRAL,,LOCAL:8879:84|GRADE:6845:84|UPPER_GRADE:9178:84
8840,한울마을2단지운정벽산블루밍아파트,41480,동패동,84,Z41480-동패동,6,337250000.0,3,WEAK,0.02482827491344538,0.008938178968840338,PROXY,NEUTRAL,,LOCAL:8879:84|GRADE:6845:84|UPPER_GRADE:9178:84
3297,항동하버라인3단지,11530,항동,59,Z11530-항동,4,680000000.0,2,THIN,0.12293374641552787,0.0,PROXY,FALSE_CHEAP,구조적 비중 87% · 과거 전달확률 0%,LOCAL:5989:59|UPPER_GRADE:3487:59
7411,해밀마을신안인스빌,41360,진접읍,84,Z41360-진접읍,7,479000000.0,2,THIN,-0.07921134974840881,0.0,PROXY,NEUTRAL,,LOCAL:7416:84|GRADE:5472:84
8869,해솔마을 2단지 월드메르디앙 아파트,41480,목동동,59,Z41480-동패동,6,251250000.0,3,OK,0.07758482520633452,0.0,PROXY,NEUTRAL,,LOCAL:7034:59|GRADE:9235:59|UPPER_GRADE:5577:59
8869,해솔마을 2단지 월드메르디앙 아파트,41480,목동동,74,Z41480-동패동,6,270000000.0,2,THIN,0.05254820742925805,0.020690703810852695,PROXY,NEUTRAL,,LOCAL:8856:74|GRADE:9222:74
8869,해솔마을 2단지 월드메르디앙 아파트,41480,목동동,84,Z41480-동패동,6,280000000.0,4,WEAK,0.056897365518353116,0.006395538534445649,PROXY,NEUTRAL,,LOCAL:8879:84|GRADE:6845:84|UPPER_GRADE:9178:84|BUYER_CHOICE:7034:59
8879,해솔마을 7단지 롯데캐슬,41480,와동동,59,Z41480-동패동,6,420750000.0,4,OK,0.07114578200753999,0.007334612773874899,PROXY,NEUTRAL,,LOCAL:7034:59|GRADE:9235:59|UPPER_GRADE:5577:59|BUYER_CHOICE:8856:59
8879,해솔마을 7단지 롯데캐슬,41480,와동동,84,Z41480-동패동,6,470000000.0,4,OK,0.058193651879144284,0.005277880841765097,PROXY,NEUTRAL,,LOCAL:7034:84|GRADE:6845:84|UPPER_GRADE:9178:84|BUYER_CHOICE:8856:74
8868,해솔마을3단지 운정현대,41480,목동동,59,Z41480-동패동,6,255000000.0,3,OK,0.07089426001312257,0.0012805275714870262,PROXY,NEUTRAL,,LOCAL:7034:59|GRADE:9235:59|UPPER_GRADE:5577:59
8868,해솔마을3단지 운정현대,41480,목동동,84,Z41480-동패동,6,299250000.0,4,WEAK,0.02303387654891393,0.0011053753714669985,PROXY,NEUTRAL,,LOCAL:8879:84|GRADE:6845:84|UPPER_GRADE:9178:84|BUYER_CHOICE:7034:59
8862,해솔마을5단지 삼부르네상스,41480,목동동,59,Z41480-동패동,6,339000000.0,4,OK,0.12328692366553899,0.024568307829441232,PROXY,NEUTRAL,,LOCAL:7034:59|GRADE:9235:59|UPPER_GRADE:5577:59|BUYER_CHOICE:8879:59
8862,해솔마을5단지 삼부르네상스,41480,목동동,84,Z41480-동패동,6,400000000.0,3,WEAK,0.055494107804769606,0.009207582366967372,PROXY,NEUTRAL,,LOCAL:8879:84|GRADE:6845:84|UPPER_GRADE:9178:84
1351,행당한진타운,11200,행당동,59,Z11200-행당동,2,1646250000.0,4,WEAK,-0.0837759377781048,0.0,PROXY,NEUTRAL,,LOCAL:1367:59|GRADE:2623:59|UPPER_GRADE:3888:59|BUYER_CHOICE:1362:59
1351,행당한진타운,11200,행당동,84,Z11200-행당동,2,1885000000.0,4,WEAK,-0.06081075201273253,0.0,PROXY,NEUTRAL,,LOCAL:1312:84|GRADE:2623:84|UPPER_GRADE:3888:84|BUYER_CHOICE:1362:84
4263,헬리오시티아파트,11710,가락동,59,Z11710-가락동,2,2500000000.0,3,OK,0.08304498269896192,0.023553425605536325,PROXY,NEUTRAL,,LOCAL:4277:59|GRADE:1455:59|UPPER_GRADE:4207:59
4263,헬리오시티아파트,11710,가락동,84,Z11710-가락동,2,2818750000.0,3,OK,0.031295294753921,0.01971603569497023,PROXY,NEUTRAL,,LOCAL:4295:84|GRADE:1455:84|UPPER_GRADE:4207:84
5763,호계2차현대홈타운,41173,호계동,59,Z41173-호계동,4,611250000.0,4,DISTORTED,0.012281850820617076,0.0076498225103204245,PROXY,NEUTRAL,,LOCAL:5732:59|GRADE:7966:59|UPPER_GRADE:3698:59|BUYER_CHOICE:7940:84
5763,호계2차현대홈타운,41173,호계동,84,Z41173-호계동,4,702500000.0,4,OK,0.034971010082629594,0.01686846612665053,PROXY,NEUTRAL,,LOCAL:8071:84|GRADE:3760:84|UPPER_GRADE:3698:84|BUYER_CHOICE:7966:59
4694,호매실 스타힐스,41113,호매실동,59,Z41113-금곡동,6,414500000.0,3,DISTORTED,0.0022685092920132835,0.0003811095610582317,PROXY,NEUTRAL,,LOCAL:4704:59|GRADE:9528:59|UPPER_GRADE:4792:59
4701,호매실GS,41113,호매실동,59,Z41113-금곡동,6,339250000.0,3,DISTORTED,0.00016979727366532303,0.00011461315972409305,PROXY,NEUTRAL,,LOCAL:4704:59|GRADE:9528:59|UPPER_GRADE:4792:59
4701,호매실GS,41113,호매실동,84,Z41113-금곡동,6,425000000.0,4,DISTORTED,0.04468787374703412,0.005359115165853781,PROXY,NEUTRAL,,LOCAL:4676:84|GRADE:7610:84|UPPER_GRADE:4600:84|BUYER_CHOICE:4664:74
4702,호매실경남아너스빌,41113,호매실동,74,Z41113-금곡동,6,443750000.0,1,THIN,0.0976642016718443,0.0,PROXY,NEUTRAL,,UPPER_GRADE:4664:74
4702,호매실경남아너스빌,41113,호매실동,84,Z41113-금곡동,6,466000000.0,4,DISTORTED,0.04834170642735395,0.0001185808604803077,PROXY,NEUTRAL,,LOCAL:4676:84|GRADE:7610:84|UPPER_GRADE:4600:84|BUYER_CHOICE:4664:84
4699,호매실마을13단지,41113,호매실동,59,Z41113-금곡동,6,458500000.0,3,DISTORTED,-0.03029689436003323,0.0,PROXY,NEUTRAL,,LOCAL:4704:59|GRADE:9528:59|UPPER_GRADE:4792:59
4704,호매실스위첸,41113,호매실동,59,Z41113-금곡동,6,456500000.0,4,DISTORTED,0.10971971625609254,0.11402615416620157,PROXY,LAG_WATCH,Mispricing 은 있으나 합의 DISTORTED / Leader 확인 / 후행 움직임,LOCAL:4699:59|GRADE:9528:59|UPPER_GRADE:4792:59|BUYER_CHOICE:4664:84
4683,호매실역 서희스타힐스,41113,금곡동,74,Z41113-금곡동,6,549000000.0,2,THIN,0.019091689295199523,0.0,PROXY,NEUTRAL,,UPPER_GRADE:4664:74|BUYER_CHOICE:4600:84
4683,호매실역 서희스타힐스,41113,금곡동,84,Z41113-금곡동,6,599000000.0,4,WEAK,-0.03030887754908583,0.0,PROXY,NEUTRAL,,LOCAL:4676:84|GRADE:7610:84|UPPER_GRADE:4600:84|BUYER_CHOICE:4675:84
4693,호매실한양수자인파크원,41113,호매실동,84,Z41113-금곡동,6,659750000.0,3,WEAK,0.019274490137077965,0.004625877632898712,PROXY,NEUTRAL,,LOCAL:4676:84|GRADE:7610:84|UPPER_GRADE:4600:84
4676,호반베르디움더센트럴아파트,41113,금곡동,84,Z41113-금곡동,6,830750000.0,4,WEAK,-0.07760481584903767,0.0,PROXY,NEUTRAL,,LOCAL:4675:84|GRADE:7610:84|UPPER_GRADE:4600:84|BUYER_CHOICE:4953:74
7892,호반베르디움센트로하임아파트,41390,배곧동,84,Z41390-배곧동,5,581250000.0,4,WEAK,-0.0018427396522742332,0.0004805774351266914,PROXY,NEUTRAL,,LOCAL:7891:84|GRADE:6617:84|UPPER_GRADE:246:84|BUYER_CHOICE:7899:84
9704,호수공원역 센트럴시티,41597,산척동,84,Z41597-여울동,4,920500000.0,4,DISTORTED,0.12986598968253413,0.0,PROXY,FALSE_CHEAP,구조적 비중 73% · 과거 전달확률 0%,LOCAL:9689:84|GRADE:9641:84|UPPER_GRADE:3698:84|BUYER_CHOICE:9640:84
9280,호수마을e편한세상,41570,구래동,84,Z41570-구래동,6,400000000.0,4,OK,0.04386966500099161,0.0011401663464185884,PROXY,NEUTRAL,,LOCAL:9253:84|GRADE:9235:84|UPPER_GRADE:9178:84|BUYER_CHOICE:9177:74
6601,호수마을풍림,41273,초지동,74,Z41273-고잔동,5,441000000.0,3,WEAK,-0.0048469326043834166,0.0,PROXY,NEUTRAL,,LOCAL:6617:74|GRADE:7894:74|UPPER_GRADE:5736:74
6601,호수마을풍림,41273,초지동,84,Z41273-고잔동,5,451000000.0,2,THIN,0.06357261130917387,0.00841692948198189,PROXY,NEUTRAL,,LOCAL:6617:84|UPPER_GRADE:8071:84
7215,호평중흥S클래스,41360,호평동,84,Z41360-호평동,6,360000000.0,1,THIN,0.008268274226166508,0.004960964535699905,VERIFIED,NEUTRAL,,UPPER_GRADE:7369:84
7220,호평파라곤,41360,호평동,59,Z41360-호평동,6,390000000.0,4,DISTORTED,0.03594696049587864,0.002109208179568394,PROXY,NEUTRAL,,LOCAL:7233:59|GRADE:5405:59|UPPER_GRADE:5577:59|BUYER_CHOICE:7207:74
7220,호평파라곤,41360,호평동,84,Z41360-호평동,6,521500000.0,1,THIN,0.019900708838919406,0.008955318977513733,PROXY,NEUTRAL,,UPPER_GRADE:7369:84
2582,홍은벽산,11410,홍은동,59,Z11410-홍제동,3,656250000.0,4,DISTORTED,0.1419481833901617,0.031604152236078646,PROXY,LAG_WATCH,Mispricing 은 있으나 합의 DISTORTED / Leader 확인 / 후행 움직임,LOCAL:2604:59|GRADE:2970:59|UPPER_GRADE:2623:59|BUYER_CHOICE:1963:84
2582,홍은벽산,11410,홍은동,84,Z11410-홍제동,3,772500000.0,4,DISTORTED,0.06068062328624973,0.008920875994600442,PROXY,NEUTRAL,,LOCAL:2423:84|GRADE:3006:84|UPPER_GRADE:2623:84|BUYER_CHOICE:6662:84
3016,화곡푸르지오,11500,화곡동,84,Z11470-목동,3,1170000000.0,2,THIN,-0.001867925559488798,0.002369450824032866,PROXY,NEUTRAL,,LOCAL:3006:84|UPPER_GRADE:3042:84
4781,화서역 블루밍푸른숲아파트,41115,화서동,59,Z41111-정자동,5,535000000.0,4,OK,0.14959669747993948,0.03345108425584076,PROXY,LAG_CANDIDATE,합의 OK · Leader 이동 확인 · 후행 움직임 Gap 축소/Median↑/P25↑ · 빠른추종 계급,LOCAL:4792:59|GRADE:4864:59|UPPER_GRADE:4952:59|BUYER_CHOICE:4600:84
4781,화서역 블루밍푸른숲아파트,41115,화서동,84,Z41111-정자동,5,609375000.0,4,OK,0.1171381415487543,0.024031759162388443,PROXY,NEUTRAL,,LOCAL:4600:84|GRADE:4864:84|UPPER_GRADE:4895:84|BUYER_CHOICE:4792:59
4562,화서역 우방 센트럴파크,41111,정자동,59,Z41111-정자동,5,605000000.0,3,DISTORTED,-0.017541731366459676,0.0,PROXY,NEUTRAL,,LOCAL:4792:59|GRADE:4864:59|UPPER_GRADE:4952:59
4593,화서역푸르지오더에듀포레,41111,천천동,59,Z41111-정자동,5,670750000.0,3,DISTORTED,0.07472049459633762,0.03597791814813656,PROXY,LAG_WATCH,Mispricing 은 있으나 합의 DISTORTED / Leader 확인 / 후행 움직임,LOCAL:4792:59|GRADE:4864:59|UPPER_GRADE:4952:59
4593,화서역푸르지오더에듀포레,41111,천천동,84,Z41111-정자동,5,783250000.0,4,DISTORTED,-0.06791938145190474,8.80894060012331e-05,PROXY,NEUTRAL,,LOCAL:4600:84|GRADE:4864:84|UPPER_GRADE:4895:84|BUYER_CHOICE:4953:74
4792,화서주공4단지,41115,화서동,59,Z41111-정자동,5,779500000.0,4,WEAK,-0.31462068711124946,0.0,PROXY,NEUTRAL,,LOCAL:4544:59|GRADE:4864:59|UPPER_GRADE:4952:59|BUYER_CHOICE:4953:74
9361,화성향남서봉마을 사랑으로 부영3단지,41591,향남읍,84,Z41591-향남읍,6,351750000.0,2,THIN,0.05950382718564207,0.0,PROXY,NEUTRAL,,GRADE:7610:84|UPPER_GRADE:7604:84
1640,휘경리오포레1단지,11230,휘경동,84,Z11230-답십리동,3,933750000.0,4,DISTORTED,0.08685889407497474,0.01633561578859688,PROXY,NEUTRAL,,LOCAL:1587:84|GRADE:2423:84|UPPER_GRADE:1312:84|BUYER_CHOICE:1617:59
7322,힐스테이트 다산,41360,다산동,84,Z41360-다산동,4,1018500000.0,4,DISTORTED,0.053921172959504195,0.009594092952077296,PROXY,NEUTRAL,,LOCAL:7331:84|GRADE:7119:84|UPPER_GRADE:8151:84|BUYER_CHOICE:8148:74
9299,힐스테이트 리버시티1단지,41570,고촌읍,84,Z41570-고촌읍,5,589000000.0,2,THIN,0.0016363551237363657,0.0,PROXY,NEUTRAL,,LOCAL:9303:84|BUYER_CHOICE:9235:84
4954,힐스테이트 영통아파트,41117,망포동,74,Z41117-망포동,4,1134500000.0,3,WEAK,-0.03261988440190634,0.0,PROXY,NEUTRAL,,LOCAL:4952:74|GRADE:9641:74|BUYER_CHOICE:4874:84
4954,힐스테이트 영통아파트,41117,망포동,84,Z41117-망포동,4,1272500000.0,4,WEAK,-0.007090079451616486,0.0,PROXY,NEUTRAL,,LOCAL:4952:84|GRADE:4895:84|UPPER_GRADE:3698:84|BUYER_CHOICE:9641:84
9689,힐스테이트동탄,41597,목동,74,Z41597-여울동,4,756750000.0,3,OK,0.04464887678378373,0.03516768779874725,PROXY,LAG_CANDIDATE,합의 OK · Leader 이동 확인 · 후행 움직임 Gap 축소/Median↑/P25↑/거래량↑,LOCAL:9739:74|GRADE:9641:74|BUYER_CHOICE:9706:84
9689,힐스테이트동탄,41597,목동,84,Z41597-여울동,4,834500000.0,3,DISTORTED,0.13119894137219837,0.04375812692116245,PROXY,LAG_WATCH,Mispricing 은 있으나 합의 DISTORTED / Leader 확인 / 후행 움직임,LOCAL:9706:84|GRADE:9641:84|UPPER_GRADE:3698:84
3573,힐스테이트상도센트럴파크,11590,상도동,59,Z11590-상도동,2,1738250000.0,4,WEAK,0.02953267954002752,0.008692731771685908,PROXY,NEUTRAL,,LOCAL:3588:59|GRADE:2623:59|UPPER_GRADE:3888:59|BUYER_CHOICE:3491:84
3573,힐스테이트상도센트럴파크,11590,상도동,84,Z11590-상도동,2,1877500000.0,4,OK,0.006617832984387068,0.0010933853506985215,PROXY,NEUTRAL,,LOCAL:3561:84|GRADE:2623:84|UPPER_GRADE:3888:84|BUYER_CHOICE:3588:59
2534,힐스테이트신촌,11410,북아현동,59,Z11440-공덕동,2,1760000000.0,2,THIN,-0.0465040847918175,0.0,PROXY,NEUTRAL,,LOCAL:2623:59|UPPER_GRADE:3888:59
6554,힐스테이트중앙,41273,고잔동,59,Z41273-고잔동,5,705000000.0,2,THIN,0.045233867688842945,0.01687146329746722,PROXY,NEUTRAL,,GRADE:5577:59|UPPER_GRADE:7966:59
6554,힐스테이트중앙,41273,고잔동,74,Z41273-고잔동,5,821250000.0,4,WEAK,-0.00026978399515989286,0.002661532917619771,PROXY,NEUTRAL,,LOCAL:6617:74|GRADE:7894:74|UPPER_GRADE:5736:74|BUYER_CHOICE:6557:84
6554,힐스테이트중앙,41273,고잔동,84,Z41273-고잔동,5,890000000.0,1,THIN,-0.004957454790742755,,NOT_CALCULATED,NEUTRAL,,LOCAL:6617:84
6277,힐스테이트지제역아파트,41220,동삭동,59,Z41220-동삭동,6,445625000.0,3,DISTORTED,0.011836945767011348,0.030122540049451477,PROXY,LAG_WATCH,Mispricing 은 있으나 합의 DISTORTED / Leader 확인 / 후행 움직임,LOCAL:6278:59|GRADE:7542:59|UPPER_GRADE:4864:59
6277,힐스테이트지제역아파트,41220,동삭동,74,Z41220-동삭동,6,537500000.0,2,THIN,0.003349688986496017,0.006897416730556253,PROXY,NEUTRAL,,LOCAL:6278:74|UPPER_GRADE:4720:74
3486,힐스테이트클래시안아파트,11560,신길동,59,Z11560-신길동,3,1685000000.0,2,THIN,-0.0069710484658702335,0.00011675315048184337,PROXY,NEUTRAL,,LOCAL:3487:59|GRADE:2970:59
6292,힐스테이트평택2차,41220,세교동,74,Z41220-비전동,8,351250000.0,2,THIN,0.06536923914875169,0.0,PROXY,NEUTRAL,,UPPER_GRADE:195:74|BUYER_CHOICE:6279:74
6292,힐스테이트평택2차,41220,세교동,84,Z41220-비전동,8,413500000.0,4,OK,0.014647926380193198,0.0008361607451061713,PROXY,NEUTRAL,,LOCAL:6252:84|GRADE:790:84|UPPER_GRADE:7563:84|BUYER_CHOICE:6279:74
7332,힐스테이트황금산아파트,41360,다산동,59,Z41360-다산동,4,705000000.0,2,THIN,0.11761676280718053,0.015003263696384196,PROXY,NEUTRAL,,LOCAL:7325:59|UPPER_GRADE:8151:59
7332,힐스테이트황금산아파트,41360,다산동,84,Z41360-다산동,4,795000000.0,4,OK,0.0398749159233354,0.019379216613114914,PROXY,NEUTRAL,,LOCAL:7331:84|GRADE:7119:84|UPPER_GRADE:8151:84|BUYER_CHOICE:7322:84
2118,도봉한신,11320,도봉동,59,Z11350-상계동,4,,1,UNKNOWN,,,NOT_CALCULATED,UNKNOWN,비율 역사 60개월 미만 또는 Leader 없음,LOCAL:2304:59
603,부개 뉴서울 아파트,28237,부개동,59,Z28237-부평동,6,,0,UNKNOWN,,,NOT_CALCULATED,UNKNOWN,비율 역사 60개월 미만 또는 Leader 없음,
7592,오산대우,41370,수청동,74,Z41370-수청동,6,,0,UNKNOWN,,,NOT_CALCULATED,UNKNOWN,비율 역사 60개월 미만 또는 Leader 없음,
6608,원곡벽산블루밍,41273,원곡동,74,Z41273-고잔동,5,,0,UNKNOWN,,,NOT_CALCULATED,UNKNOWN,비율 역사 60개월 미만 또는 Leader 없음,
5642,한라비발디,41171,박달동,74,Z41171-안양동,5,,0,UNKNOWN,,,NOT_CALCULATED,UNKNOWN,비율 역사 60개월 미만 또는 Leader 없음,
542,부평금호타운,28237,청천동,59,Z28237-산곡동,7,,1,UNKNOWN,,,NOT_CALCULATED,UNKNOWN,비율 역사 60개월 미만 또는 Leader 없음,GRADE:731:59
542,부평금호타운,28237,청천동,84,Z28237-산곡동,7,,3,UNKNOWN,,,NOT_CALCULATED,UNKNOWN,비율 역사 60개월 미만 또는 Leader 없음,LOCAL:518:84|GRADE:697:84|UPPER_GRADE:566:84
