no,gu,biz_type,project,jibun,stage_now,slug,cafe_id,bsns_pk,안전진단,안전진단_approx,정비구역지정,정비구역지정_approx,추진위,추진위_approx,조합설립,조합설립_approx,사업시행인가,사업시행인가_approx,관리처분,관리처분_approx,착공,착공_approx,준공,준공_approx
1158,강남구,재건축,개포주공3단지아파트 재건축정비사업 조합,개포동 138,조합해산,gaepo3,680100002007B38,11680-100002007,,,,,,20031114,,20130122,,20140522,,20150930,20160621,,20190829,
1157,강남구,재건축,개포주공2단지 주택재건축정비사업조합,개포동 140,조합해산,gaepo22,680900001276m18,11680-900001276,,,,,,,,20160514,,,,,,,,
1156,강남구,재건축,개포주공2단지 주택재건축정비사업조합,개포동 140,조합해산,gaepo2,680100002008V99,11680-100002008,,,,,,20031215,,20130624,,20140521,,20150204,20151229,,20190226,
1155,강남구,재건축,"개포주공6,7단지아파트 재건축정비사업조합",개포동 185,사업시행인가,gaepo6_7,680900000688Q62,11680-900000688,,,,20160324,,20190212,,20210122,,20241111,,,,,,
1154,강남구,재건축,개포주공5단지아파트 재건축정비사업 조합,개포동 187,관리처분인가,gaepo5,680900000683Y53,11680-900000683,,,,,,20190212,,20201201,,20231012,,20250929,,,,
1153,강남구,재건축,개포주공4단지아파트 재건축정비사업 조합,개포동 189,준공인가,gaepofour,680100002009j14,11680-100002009,,,,,,20031218,,20131121,,20151130,,20170616,,,20230228,
1152,강남구,재건축,개포 경남·우성3차·현대1차 통합 재건축정비사업,개포동 649,추진위원회승인,ruddngus,680900001390P37,11680-900001390,,,,,,20260428,,,,,,,,,,
1151,강남구,재건축,개포현대2차아파트 재건축정비사업,개포동 654,추진위원회승인,gaepohd2,680900001389E54,11680-900001389,,,,,,20260311,,,,,,,,,,
1150,강남구,소규모재건축,"개포현대2차아파트 200동,220동 소규모재건축사업조합",개포동 655,조합설립인가,hd200220,680900001464p70,11680-900001464,,,,,,,,,,,,,,,,
1149,강남구,재건축,개포시영(아) 주택재건축정비사업조합,개포동 656,조합해산,K0HnsE0P,680100002012X19,11680-100002012,,,,,,20031215,,20130809,,20140620,,20160106,20170818,,20200928,
1148,강남구,재건축,개포시영아파트 중심상가 재건축정비사업조합,개포동 656-3,이전고시,gaepoS,680900000694E30,11680-900000694,,,,,,20171222,,20180712,,20190717,,20200429,20220810,,20221004,
1147,강남구,재건축,개포우성6차아파트 재건축정비사업조합,개포동 658-1,조합설립인가,wooseong6,680900000942G32,11680-900000942,,,,,,20180531,,20240424,,,,,,,,
1146,강남구,재건축,개포1동주공아파트 주택재건축정비사업조합,개포동 660-4,착공,kvNK2YB3,680100003003y67,11680-100003003,,,,,,20030926,,20031014,,20160428,,20180406,20200602,,,
1145,강남구,재건축,논현청학아파트재건축정비사업 조합,논현동 62-3,조합설립인가,cheonghak,,,,,,,,,,,,,,,,,,
1144,강남구,재건축,논현동현아파트 재건축정비사업,논현동 105,추진위원회승인,DonghyunApt,680900001399K85,11680-900001399,,,,,,20260410,,,,,,,,,,
1143,강남구,재건축,대성연립주택재건축정비사업조합,논현동 191-4,조합설립인가,nonhyun,,,,,,,,,,,,,,,,,,
1142,강남구,재건축,대치우성1차아파트 재건축정비사업조합,대치동 63,사업시행인가,woosung1,680900000617J84,11680-900000617,,,,,,20160126,,20170117,,20220908,,,,,,
1141,강남구,재건축,대치쌍용2차아파트 주택재건축정비사업조합,대치동 65,사업시행인가,ssang2,680900000567C51,11680-900000567,,,,,,20141014,,20150702,,20170912,,,,,,
1140,강남구,재건축,대치쌍용1차아파트 주택재건축정비사업조합,대치동 66,사업시행인가,ssang1,680900000566y01,11680-900000566,,,,,,20141120,,20160106,,20181002,,,,,,
1139,강남구,재건축,은마아파트 재건축정비사업조합,대치동 316,사업시행인가,the-eunma,680100002017E89,11680-100002017,20091021,,,,,20031231,,20230926,,20260702,,,,,,
1138,강남구,재건축,"개포우성1,2차아파트 재건축정비사업",대치동 503,정비계획 수립,gaepowoosung,680900001502T86,11680-900001502,,,,,,,,,,,,,,,,
1137,강남구,재건축,대치선경아파트 재건축정비사업,대치동 506,추진위원회승인,tjsrud12,680900001467I54,11680-900001467,,,,,,,,,,,,,,,,
1136,강남구,재건축,대치미도아파트 재건축정비사업,대치동 511,추진위원회승인,mido511,680900001391Q28,11680-900001391,,,,,,20260320,,,,,,,,,,
1135,강남구,재건축,대치동구마을1지구재건축정비사업 조합,대치동 963,이전고시,A768OvYc,680100003002U62,11680-100003002,,,,,,,,20030630,,20151023,,20160627,20200714,,20230605,
1134,강남구,재건축,대치동 구마을 제3지구 재건축정비사업조합,대치동 964,준공인가,urban9,680900000542Q95,11680-900000542,,,,,,20140224,,20140902,,20150916,,20171129,20220408,,,
1133,강남구,재건축,대치제2지구 재건축정비사업조합,대치동 977,이전고시,daech2,680900000568d97,11680-900000568,,,,,,,,20030621,,20051028,,20180403,20190418,,20210917,
1132,강남구,재건축,도곡개포한신아파트 주택재건축정비사업조합,도곡동 464,관리처분인가,cCsUmJjP,680100002001v60,11680-100002001,20120918,,,,,20031114,,20171124,,20221228,,20251219,,,,
1131,강남구,재건축,개포우성4차아파트 주택재건축정비사업조합,도곡동 465,조합설립인가,gaepowoosung4,680900000948K72,11680-900000948,,,,,,20220928,,20230922,,,,,,,,
1130,강남구,재건축,도곡삼호아파트 주택재건축정비사업조합,도곡동 540,착공,dogoksamho,680900000671x92,11680-900000671,,,,,,20180110,,20180619,,20200916,,20221025,20240206,,,
1129,강남구,재건축,도곡삼익아파트 재건축정비사업 조합설립추진위원회,도곡동 869,추진위원회승인,samik869,680100002003K34,11680-100002003,,,,,,20031229,,,,,,,,,,
1128,강남구,재건축,도곡우성아파트 재건축정비사업 조합,도곡동 934-10,조합설립인가,dogokwoosung,680900001155A44,11680-900001155,,,,,,20240308,,20250331,,,,,,,,
1127,강남구,재건축,상아아파트2차 주택재건축정비사업조합,삼성동 19-4,조합해산,PJ9HOVHL,680100002005H33,11680-100002005,,,,,,20031230,,20160315,,,,20170825,20180724,,20210917,
1126,강남구,재건축,홍실아파트 주택재건축정비사업조합,삼성동 79,준공인가,hongsilapt,680100002011A12,11680-100002011,,,,,,,,20020311,,20170818,,20180404,20211028,,,
1125,강남구,재건축,압구정아파트지구 특별계획구역③ 재건축정비사업 조합,압구정동 369-1,조합설립인가,apgujeong3,680900000675S91,11680-900000675,,,,,,20180912,,20210419,,,,,,,,
1124,강남구,재건축,압구정아파트지구 특별계획구역① 재건축사업,압구정동 414,추진위원회승인,apgujeong1,680900000761a61,11680-900000761,,,,,,20210721,,,,,,,,,,
1123,강남구,재건축,압구정아파트지구 특별계획구역② 재건축정비사업조합,압구정동 434,조합설립인가,apgujeong2,680900000762A92,11680-900000762,,,,,,20201106,,20210412,,,,,,,,
1122,강남구,재건축,압구정아파트지구 특별계획구역4,압구정동 481,조합설립인가,apgujeong4,680900000684g10,11680-900000684,,,,,,20171101,,20210210,,,,,,,,
1121,강남구,재건축,압구정아파트지구 특별계획구역5 재건축정비사업조합,압구정동 490,조합설립인가,apgujeong5,680900000670W75,11680-900000670,,,,,,20170819,,20210222,,,,,,,,
1120,강남구,재건축,압구정한양7차아파트 재건축정비사업조합,압구정동 528,조합설립인가,hanyang7,680100003000s45,11680-100003000,,,,,,,,20020930,,,,,,,,
1119,강남구,재건축,개나리6차(아) 재건축정비사업 조합,역삼동 711-1,조합해산,gaenari6,680100002024x94,11680-100002024,,,,,,20031103,,20100526,,20111201,,,20130713,,,
1118,강남구,재건축,개나리4차아파트주택재건축정비사업 조합,역삼동 712,이전고시,ijm7459,680100002023k46,11680-100002023,,,,,,,,20021118,,20060711,,20061113,20190219,,20220428,
1117,강남구,재건축,"역삼동(758,은하수,760) 주택재건축정비사업조합",역삼동 758,분양,ysdong758,680900000131P51,11680-900000131,,,,,,20100708,,20181115,,20210602,,20221031,20250415,,,
1116,강남구,재건축,개포우성7차아파트 재건축정비사업조합,일원동 615,조합설립인가,wooseong7,680900000946Z88,11680-900000946,,,,,,20221111,,20240202,,,,,,,,
1115,강남구,재건축,일원개포한신아파트 재건축정비사업조합,일원동 615-1,관리처분인가,ilwongaepohs,680900000669U85,11680-900000669,,,,,,20180125,,20181105,,20210806,,20231108,,,,
1114,강남구,재건축,한솔아파트 재건축정비사업,일원동 731,추진위원회승인,hansolapt,680900001474P15,11680-900001474,,,,,,20260722,,,,,,,,,,
1113,강남구,재건축,상록수아파트 재건축정비사업,일원동 734,추진위원회승인,sangapt,680900001484F38,11680-900001484,,,,,,20260828,,,,,,,,,,
1112,강남구,재건축,가람아파트 재건축정비사업,일원동 735,추진위원회승인,garamapt,680900001383O63,11680-900001383,,,,,,20260209,,,,,,,,,,
1111,강남구,재건축,청담삼익아파트 재건축정비사업 조합,청담동 134-18,준공인가,cheongdam,680100002026Y61,11680-100002026,,,,,,20030919,,20030922,,20151203,,20171113,20211201,,20251031,
1110,강남구,소규모재건축,청담현대1차아파트 소규모재건축정비사업,청담동 75-1,조합설립인가,dam877,680900001449L50,11680-900001449,,,,,,,,20250523,,,,,,,,
1109,강동구,재건축,고덕주공2단지아파트 주택재건축정비사업조합,고덕동 212,조합청산,in814VyA,740100001040K52,11740-100001040,,,,,,20051117,,20091126,,20111205,,20141027,20160907,,20190927,
1108,강동구,재개발(주택정비형),고덕강일1역세권 재개발사업,고덕동 294,정비계획 수립,gokang1,740900001334L26,11740-900001334,,,,,,,,,,,,,,,,
1107,강동구,소규모재건축,고덕대우아파트 소규모재건축사업,고덕동 470,조합설립인가,gd1207,740900001289O31,11740-900001289,,,,,,,,20250212,,,,,,,,
1106,강동구,재건축,고덕시영아파트 주택재건축정비사업조합,고덕동 670,조합해산,jM4s43od,740100001047C07,11740-100001047,,,,,,20031029,,20091008,,,,,20131231,,20161229,
1105,강동구,재건축,길동신동아3차아파트 주택재건축정비사업조합,길동 43,조합청산,JGog1o6Q,740100001050V81,11740-100001050,,,,,,20071227,,20150317,,20160218,,20170210,20171103,,20200414,
1104,강동구,재건축,삼익파크아파트 재건축사업조합,길동 54,관리처분인가,samikpark,740900000751g23,11740-900000751,,,,,,20200827,,20210114,,20250324,,20260311,,,,
1103,강동구,재건축,"길동신동아1,2차아파트 주택재건축정비사업조합",길동 160,준공인가,GcA7n032,740100001049T99,11740-100001049,,,,,,20060414,,20100527,,20120831,,20171026,20240611,,20240627,
1102,강동구,재건축,길동진흥아파트 주택재건축정비사업 조합,길동 298-1,조합해산,rPjHkSQA,,,,,,,,,,,,,,,,,,
1101,강동구,소규모재건축,길동한전우성아파트 소규모주택정비사업조합,길동 332,조합설립인가,hangeonwoosung,740900000764O90,11740-900000764,,,,,,,,20200904,,,,,,,,
1100,강동구,재건축,둔촌동 삼익빌라 주택재건축정비사업조합,둔촌동 85-2,조합청산,samik82,740900000643q95,11740-900000643,,,,,,20031125,,20050223,,20050509,,20180105,20201231,,20230607,
1099,강동구,재건축,둔촌주공아파트 주택재건축정비사업조합,둔촌동 172,준공인가,WRjmSk3r,740100000049L72,11740-100000049,,,,,,20031027,,20091228,,20150730,,20170502,20191203,,20241125,
1098,강동구,재건축,현대연립 주택재건축정비사업조합,둔촌동 513-1,이전고시,mp58WDsA,,,,,,,,,,,,,,,,,,
1097,강동구,재건축,삼익그린2차 주택재건축정비사업 조합,명일동 15,조합설립인가,samikgreen2,740900000739M03,11740-900000739,,,,,,20191213,,20210705,,,,,,,,
1096,강동구,소규모재건축,삼익그린11차아파트 소규모재건축사업 조합,명일동 38,조합설립인가,samic11a,740900001522t20,11740-900001522,,,,,,,,20260526,,,,,,,,
1095,강동구,재건축,명일우성아파트 재건축정비사업,명일동 42,정비계획 수립,myeongilwoosung,740900001382g16,11740-900001382,,,,,,,,,,,,,,,,
1094,강동구,재건축,명일동 신동아아파트 재건축정비사업,명일동 44,추진위원회승인,myeongilshindonga,740900001176P33,11740-900001176,,,,,,20260415,,,,,,,,,,
1093,강동구,재건축,명일 한양아파트 재건축정비사업,명일동 54,추진위원회승인,myeongil-hanyang1,740900001338G48,11740-900001338,,,,,,20260624,,,,,,,,,,
1092,강동구,재건축,고덕현대아파트 재건축정비사업,명일동 56,추진위원회승인,godeokhyundai,740900001141V65,11740-900001141,,,,,,20260417,,,,,,,,,,
1091,강동구,재건축,고덕주공9단지아파트 재건축정비사업,명일동 257,추진위원회승인,goduknine,740900001246Z15,11740-900001246,,,,,,,,,,,,,,,,
1090,강동구,가로주택정비,현대하이츠빌라가로주택정비사업조합,명일동 263-2,착공,cool0914,740900001139q86,11740-900001139,,,,,,,,,,,,,,,,
1089,강동구,재건축,삼익맨숀아파트 재건축정비사업조합,명일동 270,조합설립인가,samikmansion,740900000752b58,11740-900000752,,,,,,20200827,,20210712,,,,,,,,
1088,강동구,재건축,삼익그린맨션아파트 주택재건축정비사업조합,명일동 309-1,조합청산,QUYEw8ZX,740100001052I54,11740-100001052,,,,,,20060630,,20100422,,,,20150116,20160630,,20190624,
1087,강동구,재건축,고덕주공3단지아파트 주택재건축정비사업조합,상일동 121,조합청산,JMpQDO2B,740100001041k29,11740-100001041,20030214,,,20060711,,20031114,,20100219,,20140414,,20151112,20170427,,20200226,
1086,강동구,재건축,고덕주공6단지아파트 주택재건축정비사업조합,상일동 124,조합해산,zRl8AA6L,740100001045J37,11740-100001045,,,,,,20031106,,20100303,,20121228,,20170512,20180608,,20210107,
1085,강동구,재건축,고덕주공5단지아파트 주택재건축정비사업조합,상일동 131,조합청산,w0EL5P2F,740100001043g19,11740-100001043,20090810,,,20090805,,20071227,,20100430,,20140624,,20160725,20170620,,20191230,
1084,강동구,재건축,고덕주공4단지아파트 주택재건축정비사업조합 청산위원회,상일동 134,조합해산,goduk4apt,740100001042b49,11740-100001042,,,,20060502,,20031118,,20091012,,,,20141208,20150803,,20171129,
1083,강동구,재건축,상일동 빌라단지 통합 재건축,상일동 174,추진위원회승인,sangilvilla,740900001417L10,11740-900001417,,,,,,,,,,,,,,,,
1082,강동구,재건축,고덕주공7단지아파트 주택재건축정비사업조합,상일동 187,조합청산,jQ9IH7J2,740100001046w80,11740-100001046,20090319,,,,,20031027,,20100422,,20110928,,,20170418,,20191230,
1081,강동구,재건축,성내 현대아파트 재건축 정비사업,성내동 30-2,안전진단,snhdapt,740900001409m23,11740-900001409,,,,,,,,,,,,,,,,
1080,강동구,소규모재건축,광신장미 소규모재건축사업,성내동 120-85,조합설립인가,gwangsinzangmi,740900001545Q46,11740-900001545,,,,,,,,,,,,,,,,
1079,강동구,재개발(도시정비형),강동역세권2구역 도시정비형 재개발사업,성내동 150-7,정비계획 수립,gangdong2-150-7,740900001540S47,11740-900001540,,,,,,,,,,,,,,,,
1078,강동구,재개발(도시정비형),강동역세권(1구역) SHIFT 장기전세주택,성내동 174-13,정비구역지정,sn174-13,740900001521v20,11740-900001521,,,,,,,,,,,,,,,,
1077,강동구,재건축,목화연립 주택재건축정비사업조합,성내동 209,사업시행인가,HK58c6H3,,,,,,,,,,,,,,,,,,
1076,강동구,가로주택정비,성내동 288-1번지 일원 가로주택정비사업,성내동 288-1,조합설립인가,seongnae,740900000928u78,11740-900000928,,,,,,,,20220316,,,,,,,,
1075,강동구,재건축,선화연립 주택재건축정비사업조합,성내동 405-9,이전고시,H3m945wk,,,,,,,,,,,,,,,,,,
1074,강동구,재건축,성내미주아파트 주택재건축정비사업조합,성내동 547-1,이전고시,u1OG3XV9,,,,,,,,,,,,,,,,,,
1073,강동구,재건축,강동2단지아파트 재건축정비사업조합,암사동 413,이전고시,gangdong2,740900001457f81,11740-900001457,,,,,,,,,,,,,,,,
1072,강동구,지역주택,(가칭)암사한강지역주택조합 추진위원회,암사동 458,,amsahangang,740900001481H55,11740-900001481,,,,,,,,,,,,,,,,
1071,강동구,가로주택정비,암사동 495번지 일대 가로주택정비사업,암사동 495,조합설립인가,amsa495,740900000961C41,11740-900000961,,,,,,,,,,,,,,,,
1070,강동구,재건축,천호우성아파트 주택재건축정비사업 조합,천호동 19-1,관리처분인가,cheonhowoosung,740900000763V03,11740-900000763,,,,,,20201019,,20210210,,20240604,,20250911,,,,
1069,강동구,재건축,풍전연립 주택재건축정비사업조합,천호동 28-32,이전고시,c6y8omyO,,,,,,,,,,,,,,,,,,
1068,강동구,가로주택정비,동도연립 가로주택정비사업조합,천호동 39-4,조합해산,dongdo,740900000618Y87,11740-900000618,,,,,,,,20150908,,,,,,,,
1067,강동구,가로주택정비,천호동 107-33일대 가로주택정비사업,천호동 107-33,조합설립인가,chunho1garo,740900000974o98,11740-900000974,,,,,,,,20220316,,,,,,,,
1066,강동구,가로주택정비,천호동110번지 일대 가로주택정비사업,천호동 110,조합설립인가,cheonho110,740900001375z47,11740-900001375,,,,,,,,20251110,,,,,,,,
1065,강동구,가로주택정비,천호동145-66 일원 가로주택정비사업조합,천호동 145-66,조합설립인가,cheonho14566,740900001236V22,11740-900001236,,,,,,,,20240827,,,,,,,,
1064,강동구,재개발(도시정비형),천호8재정비촉진구역 도시정비형 재개발사업 조합,천호동 166-4,조합설립인가,chunho8,740900000918K51,11740-900000918,,,,,,,,20240116,,,,,,,,
1063,강동구,재개발(주택정비형),천호동 214-19번지 일대 재개발정비사업(천호 3-1구역),천호동 214-19,추진위원회승인,cheonho31,740900001168G14,11740-900001168,,,,,,20260513,,,,,,,,,,
1062,강동구,가로주택정비,천호동 221번지 일대 가로주택정비사업,천호동 221,조합설립인가,four221,740900001112T83,11740-900001112,,,,,,,,20230705,,,,,,,,
1061,강동구,가로주택정비,천호동 225-16번지 일원 가로주택정비사업,천호동 225-16,조합설립인가,CHD22516,740900001280i62,11740-900001280,,,,,,,,20250102,,,,,,,,
1060,강동구,가로주택정비,천호동 337-30번지 일대 가로주택정비사업,천호동 337-30,조합설립인가,cheonho337,740900001028y97,11740-900001028,,,,,,,,,,,,,,,,
1059,강동구,재개발(주택정비형),천호동 397-419번지 일대 주택정비형재개발사업조합,천호동 397-419,조합설립인가,cheonho397-419,740900000983Y54,11740-900000983,,,,,,20230407,,20240426,,,,,,,,
1058,강동구,재개발(도시정비형),천호4촉진구역 도시환경정비사업 조합,천호동 410-100,준공인가,PARKJU,740900000149T96,11740-900000149,,,,,,20120210,,20130411,,20170222,,20190731,20211231,,20251128,
1057,강동구,재건축,천호3 주택재건축정비사업조합,천호동 423-76,분양,cheonho3,740900000167p85,11740-900000167,,,,,,20140512,,20160121,,20180720,,20201207,20260731,,20260122,
1056,강동구,재개발(도시정비형),천호1 도시환경정비사업조합,천호동 423-200,준공인가,chunho1,740900000035V43,11740-900000035,,,,,,20060726,,20120921,,20150318,,20190124,20200810,,20241004,
1055,강동구,재건축,천호2구역 주택재건축정비사업조합,천호동 437-5,조합해산,chunho2,740100000048Y02,11740-100000048,,,,20111020,,20060221,,20101221,,20131015,,20171227,20191230,,20220729,
1054,강동구,재개발(주택정비형),천호동 461-31번지 일대 재개발정비사업(천호 A1-2),천호동 461-31,조합설립인가,cheonhoA1-2,740900001027A23,11740-900001027,,,,,,,,20250915,,,,,,,,
1053,강동구,재개발(주택정비형),천호 A1-1구역 공공재개발 정비사업 주민대표회의,천호동 467-61,조합설립인가,cheonho,740900001290H80,11740-900001290,,,,,,,,20250213,,,,,,,,
1052,강동구,재개발(주택정비형),천호동 532-2번지 재개발사업,천호동 532-2,조합설립인가,cheonho532-2,740900001152L60,11740-900001152,,,,,,20240221,,20241202,,,,,,,,
1051,강북구,재개발(주택정비형),미아 제4구역 주택재개발정비사업조합,미아동 1-1,조합해산,XNX3q5d0,305100005003W80,11305-100005003,,,,,,20041220,,20090929,,,,20120710,20140922,,20170227,
1050,강북구,재건축,미아동 3-111 일대 주택재건축정비사업조합,미아동 3-111,조합해산,llllll,305900000527m69,11305-900000527,,,,,,20090219,,20150115,,20160201,,20180327,20190927,,,
1049,강북구,재개발(주택정비형),미아제16구역 주택재개발사업 조합설립추진위원회,미아동 6,추진위원회승인,YFST7396,,,,,,,,,,,,,,,,,,
1048,강북구,재건축,미아제4-1구역 주택재건축정비사업 조합,미아동 8-373,조합설립인가,HFQZu12D,305900000024u85,11305-900000024,,,,,,20060427,,20200619,,,,,,,,
1047,강북구,재개발(도시정비형),미아중심재정비촉진지구 강북2재정비촉진구역 도시환경정비사업조합,미아동 42-8,조합설립인가,gangbuk2,,,,,,,,,,,,,,,,,,
1046,강북구,재개발(도시정비형),미아중심재정비촉진지구 강북3 재정비촉진구역,미아동 45-32,관리처분인가,gangbuk,305900001002V10,11305-900001002,,,,,,,,,,20241018,,20260331,,,,
1045,강북구,재개발(도시정비형),강북3구역 도시환경정비사업 조합설립추진위원회,미아동 45-32,추진위원회승인,gangbuk3,,,,,,,,,,,,,,,,,,
1044,강북구,재개발(도시정비형),강북7구역(예정) 도시정비형 재개발사업,미아동 60-5,정비계획 수립,gangbukseven,305900001376f35,11305-900001376,,,,,,,,,,,,,,,,
1043,강북구,재개발(도시정비형),강북5구역 도시환경정비사업 조합설립추진위원회,미아동 61-79,추진위원회승인,gangbuk5,,,,,,,,,,,,,,,,,,
1042,강북구,재개발(도시정비형),강북5구역 공공재개발사업,미아동 61-79,조합설립인가,gangbuk05,305900000886t49,11305-900000886,,,,,,,,20211119,,,,,,,,
1041,강북구,재개발(주택정비형),미아동 75번지 일대 주택정비형 재개발사업,미아동 75,정비계획 수립,mia_75,305900001423H00,11305-900001423,,,,,,,,,,,,,,,,
1040,강북구,가로주택정비,미아2구역 가로주택정비사업조합,미아동 90-45,조합설립인가,mia22scj,305900000952i40,11305-900000952,,,,,,,,20220411,,,,,,,,
1039,강북구,재개발(도시정비형),미아역세권 장기전세주택 도시정비형 재개발사업,미아동 121-1,정비계획 수립,mia_station,305900001385d79,11305-900001385,,,,,,,,,,,,,,,,
1038,강북구,재개발(도시정비형),미아역세권 장기전세주택 도시정비형 재개발사업,미아동 121-1,정비계획 수립,miastation,305900001384E80,11305-900001384,,,,,,,,,,,,,,,,
1037,강북구,재개발(주택정비형),미아동 130번지 일대 주택정비형 재개발정비사업,미아동 130,추진위원회승인,mia130,305900001515J13,11305-900001515,,,,,,20260623,,,,,,,,,,
1036,강북구,재건축,미아제9-2구역 주택재건축정비사업 조합,미아동 137-72,사업시행인가,sn6L45v9,305900000026j85,11305-900000026,,,,,,20060427,,20161229,,20230830,,,,,,
1035,강북구,재개발(주택정비형),미아동 258번지 일대 주택정비형 재개발사업,미아동 258,추진위원회승인,mia258,305900001243V01,11305-900001243,,,,,,20260126,,,,,,,,,,
1034,강북구,재개발(주택정비형),미아동 345-1번지 일대 주택정비형 재개발사업,미아동 345-1,정비계획 수립,mia345-1,305900001396F63,11305-900001396,,,,,,,,,,,,,,,,
1033,강북구,재개발(주택정비형),미아2재정비촉진구역 주택재개발정비사업 조합,미아동 403,조합설립인가,mia2johap,305900000028n03,11305-900000028,,,,,,20040906,,20160531,,,,,,,,
1032,강북구,재개발(주택정비형),미아 제10-1구역 주택재개발정비사업조합,미아동 476,이전고시,mia101,,,,,,,,,,,,,,,,,,
1031,강북구,재개발(도시정비형),삼양사거리역세권 장기전세주택 도시정비형 재개발구역,미아동 754-120,조합설립인가,samyangsageori,305900001306d82,11305-900001306,,,,,,,,,,,,,,,,
1030,강북구,가로주택정비,미아3구역 가로주택정비사업조합,미아동 767-51,조합설립인가,mia3mia3,305900001014c27,11305-900001014,,,,,,,,20220926,,,,,,,,
1029,강북구,재개발(주택정비형),미아제11구역 재개발정비사업조합,미아동 791-108,조합설립인가,eG05u80g,305100005001D29,11305-100005001,,,,,,20060712,,20220516,,,,,,,,
1028,강북구,재개발(주택정비형),미아제3구역 주택재개발정비사업조합,미아동 791-364,분양,S6K6teW8,305900000027q35,11305-900000027,,,,,,20050819,,20120322,,20131220,,20180104,,,20240829,
1027,강북구,재개발(주택정비형),미아동 791-2882번지 일대 주택정비형 재개발사업,미아동 791-2882,추진위원회승인,mia791,305900001150C66,11305-900001150,,,,20240628,,20260504,,,,,,,,,,
1026,강북구,가로주택정비,미아1구역 가로주택정비사업 조합,미아동 833-2,조합설립인가,mia0429,305900000807V40,11305-900000807,,,,,,,,20210602,,,,,,,,
1025,강북구,재건축,미아4재정비촉진구역 주택재건축정비사업조합,미아동 1261-376,관리처분인가,rchEsG60,305900000025i52,11305-900000025,,,,,,20060427,,20160212,,20210312,,20231130,,,,
1024,강북구,재개발(주택정비형),미아3재정비촉진구역 주택재개발정비사업조합,미아동 439,관리처분인가,miachrwls,305900000117k26,11305-900000117,,,,,,20100519,,20150113,,20210716,,20240603,,,,
1023,강북구,재개발(주택정비형),번동 148번지 일대 주택정비형 재개발사업,번동 148,추진위원회승인,beondong148,305900001242J37,11305-900001242,,,,,,20251216,,,,,,,,,,
1022,강북구,가로주택정비,번동3-1구역 가로주택정비사업 조합,번동 413-44,조합설립인가,bun41344,305900001222g82,11305-900001222,,,,,,,,20240321,,,,,,,,
1021,강북구,가로주택정비,번동 5구역 가로주택 정비사업 조합,번동 427-63,사업시행인가,bun42763,305900000787k48,11305-900000787,,,,,,,,20201230,,20230731,,,,,,
1020,강북구,가로주택정비,번동 4구역 가로주택 정비사업 조합,번동 428-4,사업시행인가,bun4284,305900000788K18,11305-900000788,,,,,,,,20201201,,20230731,,,,,,
1019,강북구,가로주택정비,번동2구역 가로주택정비사업조합,번동 429-97,사업시행인가,bun42997,305900000768h78,11305-900000768,,,,,,,,20200414,,20230731,,,,,,
1018,강북구,가로주택정비,번동1구역 가로주택정비사업조합,번동 429-114,사업시행인가,bun429114,305900000750u59,11305-900000750,,,,,,,,20190920,,20230731,,,,,,
1017,강북구,가로주택정비,번동 3구역 가로주택 정비사업 조합,번동 430-27,사업시행인가,bun43027,305900000786L24,11305-900000786,,,,,,,,20201116,,20230731,,,,,,
1016,강북구,재개발(주택정비형),번동 441-3번지 일대 주택재개발정비사업,번동 441-3,추진위원회승인,bundong4413,305900001145y78,11305-900001145,,,,,,20260127,,,,,,,,,,
1015,강북구,가로주택정비,번동3-2구역 가로주택정비사업,번동 443-46,조합설립인가,bun44346,305900001244e69,11305-900001244,,,,,,,,20240705,,,,,,,,
1014,강북구,가로주택정비,번동2-1구역 가로주택정비사업 조합,번동 454-61,조합설립인가,bun45461,305900000911F66,11305-900000911,,,,,,,,20210715,,,,,,,,
1013,강북구,가로주택정비,번동2-2구역 가로주택정비사업,번동 458-2,조합설립인가,bun45802,305900000966j38,11305-900000966,,,,,,,,20220616,,,,,,,,
1012,강북구,가로주택정비,번동2-3구역 가로주택정비사업,번동 471-118,조합설립인가,beondong10,305900001088e64,11305-900001088,,,,,,,,20230328,,,,,,,,
1011,강북구,재개발(도시정비형),삼양역세권 장기전세주택 건립사업,수유동 58-9,정비계획 수립,samyangyeok,305900001386z88,11305-900001386,,,,,,,,,,,,,,,,
1010,강북구,재건축,수유제4-1구역 주택재건축정비사업 조합설립추진위원회,수유동 170-2,추진위원회승인,suyou401,,,,,,,,,,,,,,,,,,
1009,강북구,재건축,수유제4-2구역 주택재건축정비사업 조합설립추진위원회,수유동 291-224,추진위원회승인,YQmcxT8c,,,,,,,,,,,,,,,,,,
1008,강북구,소규모재건축,보광연립소규모재건축사업조합,수유동 360-1,사업시행인가,bokwang,305900000736D78,11305-900000736,20110927,,,,,,,20180704,,20230404,,,,,,
1007,강북구,재건축,수유제1-1구역 주택재건축정비사업 조합설립추진위원회,수유동 472-81,추진위원회승인,gy6Ylg8x,,,,,,,,,,,,,,,,,,
1006,강북구,소규모재건축,삼흥연립주택 재건축정비사업조합,수유동 486-2,사업시행인가,samhung,305900000738h68,11305-900000738,,,,,,20130329,,20140901,,20181008,,,,,,
1005,강서구,지역주택,(가칭)공항동지역주택조합,공항동 14,,gonghangdong,500900000849y55,11500-900000849,,,,,,,,,,,,,,,,
1004,강서구,재건축,방화5재정비촉진구역 재건축정비사업조합,공항동 18,관리처분인가,banghwa5recons,500900000668p16,11500-900000668,,,,,,20180426,,20190717,,20220420,,20240911,,,,
1003,강서구,지역주택,(가칭)방화지역주택조합,공항동 21,조합원 모집신고,banghwa,500900000850k89,11500-900000850,,,,,,,,,,,,,,,,
1002,강서구,지역주택,송정역지역주택조합,공항동 61-42,,songjeongyeok,500900000848j19,11500-900000848,,,,,,,,,,,,,,,,
1001,강서구,재건축,칠성연립 주택재건축정비사업 조합,내발산동 714-4,이전고시,j8x94HV2,,,,,,,,,,,,,,,,,,
1000,강서구,재건축,경남1차주택재건축정비사업조합,내발산동 716-20,조합설립인가,gyongnam,,,,,,,,,,,,,,,,,,
999,강서구,지역주택,(가칭)등촌동지역주택조합,등촌동 365,지구단위계획수립/건축심의/교통심의,deungchondong,500900000853K53,11500-900000853,,,,,,,,,,,,,,,,
998,강서구,재건축,등촌1구역주택재건축정비사업조합,등촌동 366-24,착공,b938y0z8,500100002003H01,11500-100002003,,,,,,20060803,,20091126,,20130109,,20180502,,,,
997,강서구,가로주택정비,등촌2동 모아타운 제1-1구역 가로주택정비사업조합,등촌동 515-8,조합설립인가,moa1-1,500900001372z61,11500-900001372,,,,,,,,20251001,,,,,,,,
996,강서구,가로주택정비,등촌2동 모아타운 제1-3구역 가로주택정비사업조합,등촌동 515-44,조합설립인가,moa1-3,500900001301P17,11500-900001301,,,,,,,,20250424,,,,,,,,
995,강서구,소규모재개발,등촌649 소규모재개발정비사업조합,등촌동 649,조합설립인가,deungchondong649,500900001480R14,11500-900001480,,,,,,,,20250523,,,,,,,,
994,강서구,재건축,태원연립주택재건축정비사업조합,등촌동 651,이전고시,Y2lf3ybg,,,,,,,,,,,,,,,,,,
993,강서구,가로주택정비,동성가로주택정비사업조합,등촌동 654-43,조합설립인가,dongsunggaro,500900001549x50,11500-900001549,,,,,,,,,,,,,,,,
992,강서구,재건축,신안빌라주택재건축정비사업조합설립추진위원회,마곡동 327-53,정비구역지정,magoksinan,500900001074A26,11500-900001074,,,,,,,,,,,,,,,,
991,강서구,재건축,신안빌라주택재건축정비사업,마곡동 327-53,사업시행인가,shinan,500100002001b01,11500-100002001,,,,,,20071220,,20140821,,20180801,,,,,,
990,강서구,재건축,긴등마을주택재건축정비사업조합,마곡동 725-1,준공인가,F9613aZn,500100002011Y02,11500-100002011,,,,,,20051103,,20070801,,20071026,,20080123,,,20151218,
989,강서구,재건축,무궁화연립주택재건축정비사업조합,방화동 191-3,이전고시,mugunghwa,,,,,,,,,,,,,,,,,,
988,강서구,가로주택정비,방화동 247-71번지 일대 가로주택정비사업조합,방화동 247-71,조합설립인가,banghwadong247-71,500900000916p45,11500-900000916,,,,,,,,,,,,,,,,
987,강서구,가로주택정비,방화동 286-1 한미아파트 가로주택정비사업조합,방화동 286-1,조합해산,banghwadonghanmi,500900000890q16,11500-900000890,,,,,,,,,,,,,,,,
986,강서구,가로주택정비,서울빌라 가로주택정비사업조합,방화동 584-1,사업시행인가,seoul-villa,500900001021U15,11500-900001021,,,,,,,,20210521,,20240308,,,,,,
985,강서구,가로주택정비,서울빌라 가로주택정비사업조합,방화동 584-1,조합설립인가,seoulvilla,,,,,,,,,,,,,,,,,,
984,강서구,재개발(주택정비형),방화2재정비촉진구역 재개발정비사업,방화동 589-13,조합설립인가,bangwha2,500900001004b67,11500-900001004,,,,,,,,,,,,,,,,
983,강서구,가로주택정비,방화동 598-146번지 일대 가로주택정비사업조합,방화동 598-146,조합설립인가,banghwadong598-146,500900001097n32,11500-900001097,,,,,,,,,,,,,,,,
982,강서구,재건축,방화3재정비촉진구역 재건축정비사업조합,방화동 615-103,관리처분인가,banghwa3,500900000538q24,11500-900000538,,,,,,20140529,,20190808,,20240807,,20260520,,,,
981,강서구,재건축,방화6재정비촉진구역 주택재건축정비사업조합,방화동 608-97,분양,banghwa6,500900000103o05,11500-900000103,,,,,,20100907,,20170403,,20181105,,20210804,,,,
980,강서구,재건축,염창동 우성1차·2차·삼천리아파트 통합재건축정비사업,염창동 70-11,추진위원회승인,ws260303,500900001459o17,11500-900001459,,,,,,20260213,,,,,,,,,,
979,강서구,재건축,웅지 ·오성 ·염창주택재건축정비사업조합,염창동 242-4,이전고시,SaEr2tuN,,,,,,,,,,,,,,,,,,
978,강서구,재건축,동아연립주택재건축정비사업조합,염창동 244-18,이전고시,dongaa,,,,,,,,,,,,,,,,,,
977,강서구,가로주택정비,양지빌라 가로주택정비사업조합,염창동 253-1,조합설립인가,yangjibilla,500900000925f52,11500-900000925,,,,,,,,20220530,,,,,,,,
976,강서구,리모델링,염창무학아파트 리모델링주택조합,염창동 255,도시계획심의,yeomchangmuhak,500900000914w79,11500-900000914,,,,,,,,,,,,,,,,
975,강서구,재개발(도시정비형),등촌역세권 장기전세주택 도시정비형 재개발사업,염창동 272-21,추진위원회승인,Deungchon,500900001543h77,11500-900001543,,,,,,,,,,,,,,,,
974,강서구,소규모재건축,우성주택 소규모재건축정비사업조합,염창동 276-1,조합설립인가,yc2761,500900001506M48,11500-900001506,,,,,,,,,,,,,,,,
973,강서구,재건축,덕수연립주택재건축정비사업조합,염창동 283,조합해산,duksoo,500100002009V47,11500-100002009,,,,,,20070813,,20091221,,,,,,,,
972,강서구,가로주택정비,대근연립가로주택정비사업조합,화곡동 73-105,조합설립인가,daegeun01,500900001526N51,11500-900001526,,,,,,,,,,,,,,,,
971,강서구,가로주택정비,화곡1동 354 일대 모아타운 A2-4구역 가로주택정비사업조합,화곡동 354-79,조합설립인가,hwagok2-4,500900001411b77,11500-900001411,,,,,,,,20251218,,,,,,,,
970,강서구,소규모재건축,보성연립 소규모재건축사업조합,화곡동 359-124,조합설립인가,boseongyeonrib,500900000994h08,11500-900000994,,,,,,,,20221206,,,,,,,,
969,강서구,지역주택,(가칭)화곡1지역주택조합,화곡동 424-63,조합원 모집신고,Hwagok1,500900000852t61,11500-900000852,,,,,,,,,,,,,,,,
968,강서구,재건축,젤라연립 주택재건축정비사업 조합,화곡동 812-26,이전고시,sz0E9Fr8,,,,,,,,,,,,,,,,,,
967,강서구,가로주택정비,화곡6동 957-1 일대 모아타운 A1구역 가로주택정비사업조합,화곡동 956-37,조합설립인가,hwagok_a1,500900001498p41,11500-900001498,,,,,,,,20260526,,,,,,,,
966,강서구,재건축,유풍연립주택재건축정비사업조합설립추진위원회,화곡동 1040-24,추진위원회승인,XQq5uTwf,,,,,,,,,,,,,,,,,,
965,강서구,가로주택정비,화곡동 1130-7번지 일대 가로주택정비사업조합,화곡동 1130-7,조합설립인가,biwonhyundai,500900001201W11,11500-900001201,,,,,,,,20240508,,,,,,,,
964,강서구,지역주택,(가칭)화곡6동지역주택조합,화곡동 1133-7,,hwagok6dong,500900000851W38,11500-900000851,,,,,,,,,,,,,,,,
963,강서구,가로주택정비,화곡1동 354 일대 모아타운 A2-2구역 가로주택정비사업조합,화곡동 362-29,조합설립인가,hwagok2-2,500900001447U62,11500-900001447,,,,,,,,20260225,,,,,,,,
962,관악구,재건축,경성연립 주택재건축정비사업 조합,남현동 1079-13,준공인가,JMxhi3pA,,,,,,,,,,,,,,,,,,
961,관악구,지역주택,(가칭)청림동지역주택조합,봉천동 14-120,,cheonglimdong,620900000909d76,11620-900000909,,,,,,,,,,,,,,,,
960,관악구,지역주택,행운스타리움지역주택조합,봉천동 26,조합원 모집신고,heangun1110,620900001263c32,11620-900001263,,,,,,,,,,,,,,,,
959,관악구,가로주택정비,성현동 1021일대 모아타운 2구역 가로주택정비사업,봉천동 41-47,조합설립인가,tjdgus10212,620900001528m34,11620-900001528,,,,,,,,,,,,,,,,
958,관악구,가로주택정비,성현동 1021일대 모아타운 4구역 가로주택정비사업,봉천동 41-695,조합설립인가,tjdgus10214,620900001530i48,11620-900001530,,,,,,,,,,,,,,,,
957,관악구,가로주택정비,성현동 1021일대 모아타운 3구역 가로주택정비사업,봉천동 41-816,조합설립인가,tjdgus10213,620900001529b81,11620-900001529,,,,,,,,,,,,,,,,
956,관악구,재건축,봉천6-1구역 주택재건축정비사업 조합설립추진위원회,봉천동 63-89,추진위원회승인,evWMh9k7,,,,,,,,,,,,,,,,,,
955,관악구,재개발(주택정비형),봉천제4-1-2구역 주택재개발정비사업 조합,봉천동 산 101,분양,kabc412,620100003009S17,11620-100003009,,,,,,20070724,,20100729,,20171026,,20190730,20211201,,,
954,관악구,재개발(주택정비형),봉천4-1-3구역 주택재개발정비사업조합,봉천동 480,관리처분인가,bongchun3,620100003010O61,11620-100003010,,,,,,20080715,,20140515,,20240530,,20260626,,,,
953,관악구,지역주택,(가칭)봉천동 지역주택조합 추진위원회,봉천동 690,조합원 모집신고,bongcheon11,620900000912B63,11620-900000912,,,,,,,,,,,,,,,,
952,관악구,재건축,봉천1-1구역 재건축정비사업 조합,봉천동 728-57,사업시행인가,sYHG6x74,620100003000u68,11620-100003000,,,,,,20071217,,20191113,,20250515,,,,,,
951,관악구,재개발(주택정비형),봉천제14구역 재개발정비사업조합,봉천동 1,사업시행인가,NK7SMhYF,620900000021v79,11620-900000021,,,,,,20090909,,20200929,,20250530,,,,,,
950,관악구,가로주택정비,성현동 1021일대 모아타운 1구역 가로주택정비사업,봉천동 1021,조합설립인가,tjdgus1021,620900001527K42,11620-900001527,,,,,,,,,,,,,,,,
949,관악구,가로주택정비,봉천동 1535번지 일원 가로주택정비사업,봉천동 1535-37,조합설립인가,bongchun1535,620900000992k85,11620-900000992,,,,,,,,20220630,,,,,,,,
948,관악구,재개발(주택정비형),봉천제12-2구역 주택재개발정비사업조합,봉천동 1553-1,조합청산,pJ01yST9,620100003007V50,11620-100003007,,,,,,20060407,,20080201,,,,,20161021,,,
947,관악구,재건축,삼우주택재건축정비사업조합,봉천동 1598-10,준공인가,L1u1UY91,,,,,,,,,,,,,,,,,,
946,관악구,재개발(주택정비형),봉천13구역 주택정비형 공공재개발사업(LH),봉천동 922-1,조합설립인가,x78I9xGE,620100001000D16,11620-100001000,,,,,,20060330,,,,,,,,,,
945,관악구,재개발(주택정비형),신림9구역 재개발정비사업,신림동 119-1,정비계획 수립,sinlim9,620900001398b92,11620-900001398,,,,,,,,,,,,,,,,
944,관악구,재개발(주택정비형),(가칭)신림4재정비촉진구역 재개발정비사업,신림동 306,정비계획 수립,silim4,620900001477l10,11620-900001477,,,,,,,,,,,,,,,,
943,관악구,재개발(주택정비형),신림3재정비촉진구역 주택재개발정비사업조합,신림동 316-55,이전고시,sinlim3,620100004000m77,11620-100004000,,,,,,20080527,,20081118,,20170928,,20200610,20221103,,20250430,
942,관악구,재개발(주택정비형),신림2재정비촉진구역 재개발정비사업조합,신림동 324-25,철거,silim2,620100004002L96,11620-100004002,,,,,,20080424,,20080827,,20180920,,20210429,,,,
941,관악구,재개발(주택정비형),신림5구역 재개발정비사업,신림동 412,조합설립인가,sillim5,620900001262s92,11620-900001262,,,,,,,,,,,,,,,,
940,관악구,재개발(주택정비형),신림6구역 주택재개발사업,신림동 419,정비구역지정,tlsfla6,620900001500j26,11620-900001500,,,,,,,,,,,,,,,,
939,관악구,지역주택,(가칭)신대방역2단지 지역주택조합 추진위원회,신림동 475-83,조합원 모집신고,newdbu2,620900001117V67,11620-900001117,,,,,,,,,,,,,,,,
938,관악구,재개발(주택정비형),신림10구역 재개발정비사업,신림동 610-200,추진위원회승인,sillim10,620900001454n41,11620-900001454,,,,,,20260716,,,,,,,,,,
937,관악구,재개발(주택정비형),신림8구역 재개발정비사업,신림동 650,추진위원회승인,sillim650,620900001318q44,11620-900001318,,,,,,20260210,,,,,,,,,,
936,관악구,가로주택정비,신림동 655-78번지 일원 가로주택정비사업,신림동 655-78,조합설립인가,shinlim655,620900001085p85,11620-900001085,,,,,,,,20230222,,,,,,,,
935,관악구,재개발(주택정비형),신림7구역 재개발정비사업,신림동 675,정비구역지정,srseven,620900001081x50,11620-900001081,,,,,,,,,,,,,,,,
934,관악구,가로주택정비,관악난곡 A2 공공시행 가로주택정비사업,신림동 687-2,조합설립인가,nangoka2,620900001519t19,11620-900001519,,,,,,,,20260406,,,,,,,,
933,관악구,재건축,"뉴서울아파트, 개나리,열망연립 재건축정비사업",신림동 739,사업시행인가,newgaeyuldong,620900000758m74,11620-900000758,,,,,,,,,,20230705,,,,,,
932,관악구,재건축,미성동 건영아파트 재건축정비사업 조합,신림동 746-43,조합설립인가,gy20181108,620900000717P48,11620-900000717,,,,,,20200408,,20201230,,,,,,,,
931,관악구,재개발(주택정비형),신림1재정비촉진구역 재개발정비사업조합,신림동 808,사업시행인가,slone1,620900000626k50,11620-900000626,,,,,,20240625,,20191121,,20250311,,,,,,
930,관악구,지역주택,(가칭)당곡역 지역주택조합,신림동 1448-1,조합원 모집신고,danggok,620900000919p88,11620-900000919,,,,,,,,,,,,,,,,
929,관악구,지역주택,(가칭)신림지역주택조합 추진위원회,신림동 1480-1,조합원 모집신고,sinlimlocal,620900000903r48,11620-900000903,,,,,,,,,,,,,,,,
928,관악구,재건축,강남아파트 재건축정비사업 조합,신림동 1644,이전고시,cxD5SseR,620100003012v61,11620-100003012,,,,,,,,19950518,,20061201,,20080205,20190625,,20220829,
927,관악구,재건축,미성아파트 재건축정비사업 조합,신림동 1656,사업시행인가,tlsflaaltjd,620900000137F59,11620-900000137,,,,,,20080516,,20201027,,20250227,,,,,,
926,광진구,재건축,워커힐아파트1단지 재건축정비사업 조합설립추진위원회,광장동 145-8,추진위원회승인,walkerhill1,215900001363i54,11215-900001363,,,,,,20250910,,,,,,,,,,
925,광진구,재건축,광장극동아파트 재건축사업 (신속통합기획),광장동 218-1,정비구역지정,kukdong-reborn,215900001400T82,11215-900001400,20230323,,,,,,,,,,,,,,,
924,광진구,지역주택,(가칭)한강광장 지역주택조합 추진위원회,광장동 332-9,조합원 모집신고,gjcnd20,215900000930N46,11215-900000930,,,,,,,,,,,,,,,,
923,광진구,소규모재건축,광장동 삼성1차아파트 소규모재건축정비사업,광장동 561,조합설립인가,j15171517,215900000929v34,11215-900000929,,,,,,,,20220218,,,,,,,,
922,광진구,가로주택정비,한양연립 일대 가로주택정비사업,구의동 592-39,사업시행인가,hanyanggaro,215900001126x73,11215-900001126,,,,,,,,,,20221216,,,,,,
921,광진구,재개발(주택정비형),자양4동 A구역 주택재개발사업,자양동 57-90,정비계획 수립,Jayangdong,215900001184O96,11215-900001184,,,,,,,,,,,,,,,,
920,광진구,재개발(주택정비형),자양3동 A구역 재개발사업,자양동 227-147,조합설립인가,jayang3,215900001374k96,11215-900001374,,,,,,,,,,,,,,,,
919,광진구,재건축,자양1주택재건축정비사업조합,자양동 236,준공인가,jayang1,215100002003Y09,11215-100002003,,,,,,20090514,,20110727,,20120920,,20171018,20200401,,20230629,
918,광진구,가로주택정비,자양1의4구역 가로주택정비사업,자양동 249-2,조합설립인가,jayang104,215900001250P45,11215-900001250,,,,,,,,20240612,,,,,,,,
917,광진구,재건축,자양제7구역 주택재건축정비사업 조합,자양동 464-40,조합설립인가,jayang7,215100002002c30,11215-100002002,,,,,,20080205,,20211013,,,,,,,,
916,광진구,가로주택정비,자양번영로3나길 일대 가로주택정비사업,자양동 588-22,조합설립인가,jayang588-22,215900001146M77,11215-900001146,,,,,,,,,,,,,,,,
915,광진구,가로주택정비,자양동 648번지 일대 가로주택정비사업,자양동 648,조합설립인가,blessb3,215900001538a33,11215-900001538,,,,,,,,20260807,,,,,,,,
914,광진구,가로주택정비,자양동 652번지 일대 가로주택정비사업,자양동 652,조합설립인가,moa652,215900001548J02,11215-900001548,,,,,,,,,,,,,,,,
913,광진구,재건축,자양아파트 주택재건축정비사업 조합,자양동 658-14,이전고시,jayangapt,215100001001Z33,11215-100001001,,,,,,20040621,,20080623,,20191114,,,,,20230227,
912,광진구,재건축,자양한양아파트 재건축정비사업,자양동 695,추진위원회승인,JYHY2024,215900001270s44,11215-900001270,,,,,,,,,,,,,,,,
911,광진구,소규모재건축,중곡동 대원빌라 소규모재건축,중곡동 18-16,조합설립인가,jgdw0918,215900001367h84,11215-900001367,,,,,,,,,,,,,,,,
910,광진구,재건축,신향빌라 재건축사업,중곡동 18-24,조합설립인가,shinhyang,215900000923S35,11215-900000923,,,,,,,,20260417,,,,,,,,
909,광진구,재건축,중곡아파트 주택재건축정비사업조합,중곡동 190-26,조합설립인가,junggokapt,215900000150z26,11215-900000150,,,,,,20210323,,20220216,,,,,,,,
908,광진구,가로주택정비,화양동 32-12번지 가로주택정비사업,화양동 32-12,조합설립인가,deokhwamansion,215900000976I62,11215-900000976,,,,,,,,,,,,,,,,
907,광진구,재건축,모진연립 주택재건축정비사업조합,화양동 499-18,조합해산,hwayangdongmojin,215900000639L40,11215-900000639,,,,,,20160905,,20170614,,20171013,,20180124,,,,
906,구로구,재개발(주택정비형),가리봉2구역 주택정비형 재개발정비사업,가리봉동 87-177,조합설립인가,garibong2,530900001023H76,11530-900001023,,,,,,20251001,,20260528,,,,,,,,
905,구로구,재개발(주택정비형),가리봉1구역 주택정비형 재개발사업,가리봉동 115,조합설립인가,garibong1,530900001207e21,11530-900001207,,,,,,20251001,,20260520,,,,,,,,
904,구로구,재개발(주택정비형),개봉동 49번지 일대 정비사업,개봉동 49,정비계획 수립,gaebong49,530900001239D31,11530-900001239,,,,,,,,,,,,,,,,
903,구로구,재건축,개봉5구역 주택재건축정비사업조합,개봉동 68-64,이전고시,gaebong5,530900000067h79,11530-900000067,,,,,,20090205,,20140624,,20171220,,20190812,20220103,,,
902,구로구,재개발(주택정비형),(가칭)개봉동 120-1번지 일대 주택정비형 재개발사업,개봉동 120-1,정비계획 수립,gaebong120,530900001504K49,11530-900001504,,,,,,,,,,,,,,,,
901,구로구,재개발(주택정비형),(가칭)개봉동 153-19번지 일대 주택정비형 재개발사업,개봉동 153-19,정비계획 수립,gaebong153,530900001490n65,11530-900001490,,,,,,,,,,,,,,,,
900,구로구,지역주택,(가칭)개봉역 지역주택조합사업,개봉동 170-35,조합원 모집신고,gaebongmetro,530900001216V36,11530-900001216,,,,,,,,,,,,,,,,
899,구로구,지역주택,개봉역 림괄지역주택조합 공동주택 신축공사,개봉동 199-4,,flarkf1,530900001265A66,11530-900001265,,,,,,,,,,,,,,,,
898,구로구,가로주택정비,진주빌라,개봉동 298-33,조합설립인가,jinju3283,530900001186t92,11530-900001186,,,,,,,,20200825,,,,,,,,
897,구로구,재건축,길훈아파트 주택재건축정비사업조합,개봉동 312-38,착공,seongby,530900000129A45,11530-900000129,,,,,,20091124,,20100621,,20160513,,20171221,20221209,,,
896,구로구,재건축,장미연립 주택재건축정비사업 조합,개봉동 335-16,이전고시,h5QqCGg3,,,,,,,,,,,,,,,,,,
895,구로구,재건축,개봉3 재건축정비사업조합,개봉동 454-14,조합설립인가,gaebong3,530900000006o40,11530-900000006,,,,,,20060427,,20190802,,,,,,,,
894,구로구,재건축,고척동 한효아파트 재건축 정비구역,고척동 52-332,정비구역지정,hanhyo1,530900001494d37,11530-900001494,,,,20200224,,,,,,,,,,,,
893,구로구,재건축,고척동 산업인아파트 재건축정비사업조합,고척동 57-9,사업시행인가,sanupin,530900000672t75,11530-900000672,,,,,,20181120,,20210512,,20240605,,,,,,
892,구로구,재개발(주택정비형),고척산업용품상가 시장정비사업,고척동 103-4,추진위원회승인,gocheoktools,530900001080q96,11530-900001080,,,,,,20211105,,,,,,,,,,
891,구로구,재개발(주택정비형),고척제4구역 주택재개발정비사업조합,고척동 148,착공,kochuck4,530900000056X73,11530-900000056,,,,,,20040714,,20161108,,20181220,,20210610,20250528,,,
890,구로구,소규모재건축,한성아파트 소규모재건축정비사업,고척동 227-1,조합설립인가,hansung,530900001159x85,11530-900001159,,,,,,,,20231116,,,,,,,,
889,구로구,가로주택정비,고척1구역 가로주택정비사업(홍진은성우정연립),고척동 241-2,조합설립인가,gocheok111,530900001268L23,11530-900001268,,,,,,,,20220414,,,,,,,,
888,구로구,가로주택정비,고척동241-11번지일대 가로주택정비사업,고척동 241-11,조합설립인가,gocheck241,530900000990G37,11530-900000990,,,,,,,,20221020,,,,,,,,
887,구로구,가로주택정비,고척6구역 가로주택정비사업,고척동 241-63,조합설립인가,gochoek_6,530900001208X14,11530-900001208,,,,,,,,,,,,,,,,
886,구로구,가로주택정비,고척동 241-337번지 일대 가로주택정비사업,고척동 241-337,조합설립인가,gocheok5,530900001157K30,11530-900001157,,,,,,,,,,,,,,,,
885,구로구,재개발(주택정비형),고척동 253번지 일대 주택재개발정비사업,고척동 253,조합설립인가,Gocheok253,530900001206j90,11530-900001206,,,,,,20251106,,,,,,,,,,
884,구로구,재건축,구로우성아파트 재건축정비사업,구로동 23,조합설립인가,woosung23,530900001340U47,11530-900001340,,,,,,,,,,,,,,,,
883,구로구,재건축,구로동440번지일대(보광아파트)재건축정비사업조합,구로동 440,관리처분인가,bogwang,530900000630b81,11530-900000630,,,,,,20170502,,20200428,,20230310,,20260611,,,,
882,구로구,가로주택정비,구로동 451번지 일대 가로주택정비사업,구로동 451-1,조합설립인가,guro451,530900001532S30,11530-900001532,,,,,,,,20260730,,,,,,,,
881,구로구,가로주택정비,구로동 454번지 일원 가로주택정비사업,구로동 454,조합설립인가,purpler3ama,530900001491v92,11530-900001491,,,,,,,,20260528,,,,,,,,
880,구로구,재개발(주택정비형),(가칭) 구로동 466번지 일대 주택정비형 재개발사업,구로동 466,정비계획 수립,guro466,530900001536K83,11530-900001536,,,,,,,,,,,,,,,,
879,구로구,가로주택정비,구로동 511번지 일원 가로주택정비사업,구로동 511,조합설립인가,guro5114,530900001520w58,11530-900001520,,,,,,,,20260709,,,,,,,,
878,구로구,재개발(도시정비형),남구로역세권 공공임대주택 도시정비형 재개발사업,구로동 715-24,사업시행인가,namguro1234,530900001174V68,11530-900001174,,,,,,,,,,,,,,,,
877,구로구,소규모재건축,동양연립소규모재건축사업조합,궁동 171-1,조합설립인가,dongyang,530900000677H57,11530-900000677,,,,,,20170713,,20180315,,,,,,,,
876,구로구,재건축,우신빌라 재건축정비사업,궁동 213-27,조합설립인가,wooshin,530900001241D35,11530-900001241,,,,,,,,20260203,,,,,,,,
875,구로구,소규모재건축,월드빌라소규모재건축정비사업조합,궁동 236-1,사업시행인가,worldco2361,530900000743m03,11530-900000743,,,,,,,,20191231,,20260401,,,,,,
874,구로구,가로주택정비,궁동 한양빌라 가로주택정비사업조합,궁동 240,사업시행인가,gdhy2021,530900000808o63,11530-900000808,,,,,,,,20210503,,20260429,,,,,,
873,구로구,재개발(주택정비형),오류동 4번지 일대 주택재개발정비사업,오류동 4,정비계획 수립,oryudong4,530900001285S48,11530-900001285,,,,,,,,,,,,,,,,
872,구로구,소규모재건축,미래빌라소규모재건축정비사업조합,오류동 68-21,조합설립인가,mire6821,530900000719a66,11530-900000719,,,,,,,,20190319,,,,,,,,
871,구로구,재건축,서울가든빌라 주택재건축정비사업,오류동 97-4,조합설립인가,garden,530900001486r31,11530-900001486,,,,,,,,,,,,,,,,
870,구로구,소규모재건축,길훈아파트소규모재건축정비사업조합,오류동 150-42,조합설립인가,BLH5293,530900000731F45,11530-900000731,,,,,,,,20190212,,,,,,,,
869,구로구,재건축,오류동 현대연립 주택재건축정비사업조합,오류동 156-15,관리처분인가,hyeondae,530900000611G29,11530-900000611,20110613,,,20121210,,20160524,,20180411,,20210429,,20230726,,,,
868,구로구,재개발(도시정비형),천왕3역세권,오류동 206-2,조합설립인가,cheonwang3,530900001259p42,11530-900001259,,,,,,,,20260226,,,,,,,,
867,구로구,소규모재개발,온수동 18-1번지 일원 소규모재개발 정비사업조합,온수동 18-1,조합설립인가,onsudong,530900001555z21,11530-900001555,,,,,,,,,,,,,,,,
866,구로구,재건축,대흥성원동진빌라 주택재건축정비사업조합,온수동 45-32,사업시행인가,q0l9uko6,530900000069o71,11530-900000069,,,,,,20080910,,20160217,,20181115,,,,,,
865,금천구,재건축,가산동 1구역 주택재건축정비사업조합설립 추진위원회,가산동 146-78,추진위원회승인,gasan1,,,,,,,,,,,,,,,,,,
864,금천구,재건축,"독산동 4,5구역 주택재건축정비사업조합설립 추진위원회",독산동 147-20,추진위원회승인,doksan45,,,,,,,,,,,,,,,,,,
863,금천구,지역주택,독산지역주택조합,독산동 954,사업계획승인,doksan21,545900001128L03,11545-900001128,,,,,,,,,,,,,,,,
862,금천구,재건축,독산동 삼승아파트 주택재건축 정비사업조합,독산동 966-1,조합해산,CqOyV8e2,,,,,,,,,,,,,,,,,,
861,금천구,재개발(주택정비형),독산동 1036번지 일대 주택정비형 재개발사업,독산동 1036,정비계획 수립,dogsan1036,545900001331w25,11545-900001331,,,,,,,,,,,,,,,,
860,금천구,재개발(주택정비형),독산1구역 주택정비형 재개발사업,독산동 1036,조합설립인가,Doksan1,545900001460C53,11545-900001460,,,,,,,,,,,,,,,,
859,금천구,재개발(주택정비형),독산2구역 주택정비형 재개발사업,독산동 1072,추진위원회승인,doksan2,545900001404J24,11545-900001404,,,,,,20251212,,,,,,,,,,
858,금천구,재개발(주택정비형),독산동 1072번지 일대 주택정비형 재개발사업,독산동 1072,정비계획 수립,gc1072,545900001332b94,11545-900001332,,,,,,,,,,,,,,,,
857,금천구,재건축,무지개아파트 일대 재건축 정비사업 조합,시흥동 109,사업시행인가,mggapt,545900000654i62,11545-900000654,,,,,,,,20180323,,20210630,,,,,,
856,금천구,재건축,시흥동 현대아파트 재건축정비사업,시흥동 220-2,착공,hyundail220,545900000745z72,11545-900000745,,,,,,,,,,20220228,,20230106,20240913,,,
855,금천구,재건축,금강연립주택재건축정비사업조합,시흥동 791-40,이전고시,w97ro3mG,,,,,,,,,,,,,,,,,,
854,금천구,재개발(주택정비형),시흥1구역,시흥동 810,정비구역지정,shdong810,545900001269J44,11545-900001269,,,,,,,,,,,,,,,,
853,금천구,가로주택정비,시흥동 817번지 일대 가로주택정비사업 조합,시흥동 817,조합설립인가,shdong817,545900000883e52,11545-900000883,,,,,,,,20211119,,,,,,,,
852,금천구,재개발(주택정비형),독산시흥구역,시흥동 871,조합설립인가,doksansiheung,545900001313q49,11545-900001313,,,,,,,,,,,,,,,,
851,금천구,가로주택정비,시흥5동1구역 919번지일원 가로주택정비사업,시흥동 919,조합설립인가,Siheung5dong1,545900001113T86,11545-900001113,,,,,,,,20230222,,,,,,,,
850,금천구,가로주택정비,시흥동 920번지 일원 가로주택정비사업,시흥동 920-13,조합설립인가,siheung-dong920,545900001007T34,11545-900001007,,,,,,,,,,,,,,,,
849,금천구,가로주택정비,시흥동 923번지일대 가로주택정비사업,시흥동 923,조합설립인가,kkw5953,545900001119m21,11545-900001119,,,,,,,,,,,,,,,,
848,금천구,가로주택정비,시흥동 933번지 일대 가로주택정비사업,시흥동 933,조합설립인가,sihung933,545900001248G45,11545-900001248,,,,,,,,20241008,,,,,,,,
847,금천구,가로주택정비,시흥동 934번지 일대 가로주택정비사업,시흥동 934,조합설립인가,home934,545900001127g66,11545-900001127,,,,,,,,,,,,,,,,
846,금천구,재건축,현대빌라 재건축정비사업,시흥동 982,추진위원회승인,hyundaivilla,545900001476j14,11545-900001476,20231031,,,,,20260423,,,,,,,,,,
845,금천구,소규모재건축,대도연립 소규모재건축사업조합,시흥동 983-13,조합설립인가,yjh104,545100002005C04,11545-100002005,20100918,,,,,20051201,,20181219,,,,,,,,
844,금천구,재건축,시흥동 남서울 럭키아파트 재건축 예정구역,시흥동 1002-2,정비계획 수립,wzy7Gg52,,,,,,,,,,,,,,,,,,
843,금천구,소규모재건축,석수빌라 소규모 재건축 사업 조합,시흥동 1004,사업시행인가,suksoo1004,545900000770l59,11545-900000770,,,,,,,,20181219,,,,,,,,
842,노원구,재건축,공릉1(태릉현대) 주택재건축정비사업조합,공릉동 230,조합해산,g4cO1SNx,350100002001Z02,11350-100002001,,,,,,20031223,,20070131,,20081009,,20170526,20190304,,20211119,
841,노원구,소규모재건축,대명아파트 소규모재건축정비사업위원회,공릉동 270-71,착공,dmapt270,350900000744E48,11350-900000744,,,,,,,,20191214,,20211221,,20211221,20240610,,,
840,노원구,재개발(주택정비형),상계3재정비촉진구역 공공재개발정비사업,상계동 71-183,조합설립인가,sanggye3,350900001304d58,11350-900001304,,,,,,,,20250425,,,,,,,,
839,노원구,재개발(주택정비형),상계4재정비촉진구역 주택재개발정비사업 조합,상계동 85-33,조합해산,sangkye4,350100002013C68,11350-100002013,,,,,,20081008,,20090122,,20140501,,20160412,20170712,,20210222,
838,노원구,재개발(주택정비형),상계6재정비촉진구역 주택재개발정비사업 조합,상계동 95-3,조합청산,sanggye6,350100002018w87,11350-100002018,,,,,,20081121,,20090605,,20141106,,,20200421,,20230628,
837,노원구,재개발(주택정비형),상계동 154-3 일대 주택정비형 재개발사업,상계동 154-3,조합설립인가,sanggye,350900001489h90,11350-900001489,,,,,,,,,,,,,,,,
836,노원구,가로주택정비,오성빌라 가로주택정비사업 조합,상계동 322-8,사업시행인가,osunggaro,350900001116K18,11350-900001116,,,,,,,,20210712,,,,,,,,
835,노원구,재건축,상계보람아파트 재건축정비사업,상계동 639,추진위원회승인,sgboramapt,350900001554p23,11350-900001554,,,,,,,,,,,,,,,,
834,노원구,재건축,상계주공8단지 주택재건축정비사업 조합,상계동 677,조합해산,DrWK0XGO,350100002006m96,11350-100002006,,,,,,20031230,,20141107,,20160114,,20170331,20180525,,20201125,
833,노원구,재건축,상계주공6단지아파트 재건축정비사업,상계동 720,추진위원회승인,sanggye6apt,350900001503v74,11350-900001503,,,,,,20260320,,,,,,,,,,
832,노원구,재건축,상계주공5단지 재건축정비사업,상계동 721,사업시행인가,sanggye5,350900000767I00,11350-900000767,,,,,,,,,,20240829,,,,,,
831,노원구,재개발(주택정비형),상계5재정비촉진구역 주택재개발정비사업 조합,상계동 109-43,조합설립인가,H4WYv7zZ,350100002017D33,11350-100002017,,,,,,20081118,,20081118,,,,,,,,
830,노원구,재개발(주택정비형),상계2재정비촉진구역 주택재개발정비사업 조합,상계동 자력2구역 17블럭 1롯트,사업시행인가,G9u1j5Ss,350100002015U11,11350-100002015,,,,,,20091130,,20100507,,20210901,,,,,,
829,노원구,재개발(주택정비형),상계1재정비촉진구역 주택재개발정비사업 조합,상계동 자력6구역 8블럭 9롯트,관리처분인가,sg1apt,350100002014N57,11350-100002014,,,,,,20081229,,20130823,,20201019,,20251223,,,,
828,노원구,재건축,월계삼호4차아파트 재건축사업,월계동 12,추진위원회승인,samho4apt,350900001511P67,11350-900001511,,,,,,20260612,,,,,,,,,,
827,노원구,재건축,월계시영고층아파트 재건축사업,월계동 13,추진위원회승인,mms0612,350900001513N47,11350-900001513,,,,,,20260612,,,,,,,,,,
826,노원구,재건축,월계동신아파트주택재건축정비사업조합,월계동 436,관리처분인가,dongshinapt,350100002007V17,11350-100002007,,,,,,20061204,,20170810,,20210614,,20230906,,,,
825,노원구,재건축,월계동주택재건축정비사업조합,월계동 487-17,착공,dnjf2233,350100002005B49,11350-100002005,,,,,,20060404,,20060612,,20060911,,20070808,20260219,,,
824,노원구,재건축,월계3(벼루마을) 주택재건축정비사업조합,월계동 531,조합청산,YyFQDr1L,,,,,,,,,,,,,,,,,,
823,노원구,재건축,월계2(인덕마을) 주택재건축정비사업조합,월계동 633-31,조합해산,KuIRZHu0,350100002002O32,11350-100002002,,,,,,20060602,,20080808,,20110819,,,20170412,,20191107,
822,노원구,재개발(주택정비형),월계제4구역 주택재개발정비사업조합,월계동 672,조합청산,R60TOrwV,350900000019w69,11350-900000019,,,,,,20040309,,20100204,,20120613,,20140619,20150617,,20170228,
821,노원구,재건축,중계그린아파트 재건축사업,중계동 502-1,추진위원회승인,jggreen,350900001410n14,11350-900001410,,,,,,20260520,,,,,,,,,,
820,노원구,재건축,하계한신동성아파트 재건축사업,하계동 256-5,정비계획 수립,hansindsapt,350900001524H85,11350-900001524,,,,,,,,,,,,,,,,
819,노원구,재건축,하계장미아파트 재건축사업,하계동 273,추진위원회승인,hgjangmi,350900001424e95,11350-900001424,,,,,,20260529,,,,,,,,,,
818,도봉구,재건축,삼환도봉아파트 재건축사업,도봉동 87,조합설립인가,samhwandobong,320900001450v84,11320-900001450,,,,,,,,,,,,,,,,
817,도봉구,재개발(주택정비형),도봉제2구역 주택재개발정비사업조합,도봉동 95,준공인가,XR80qva2,320100003000i73,11320-100003000,,,,,,20041201,,20070402,,20070420,,20210310,20230901,,20251231,
816,도봉구,가로주택정비,도봉동 625-80번지 일대 가로주택정비사업,도봉동 625-80,조합설립인가,dobong62580,320900000878P75,11320-900000878,,,,,,,,20211001,,,,,,,,
815,도봉구,가로주택정비,방학성삼빌라가로주택정비사업,방학동 343,사업시행인가,sungsam6,320900000879v30,11320-900000879,,,,,,,,20210810,,20250313,,,,,,
814,도봉구,재건축,성삼연립 주택재건축정비사업조합,방학동 636,이전고시,mmjjkkss,,,,,,,,,,,,,,,,,,
813,도봉구,재개발(주택정비형),방학동 638일대 주택정비형 재개발사업,방학동 638,정비계획 수립,dobongbanghak,320900001427z24,11320-900001427,,,,,,,,,,,,,,,,
812,도봉구,재개발(주택정비형),방학동 641일대 주택정비형 재개발사업,방학동 641,정비계획 수립,dobongbanghak2,320900001428I07,11320-900001428,,,,,,,,,,,,,,,,
811,도봉구,재개발(주택정비형),방학3구역 주택정비형 재개발사업,방학동 685,조합설립인가,banghakzone3,320900001497T02,11320-900001497,,,,,,,,,,,,,,,,
810,도봉구,재개발(주택정비형),쌍문2구역(쌍문동 81번지 일대) 주택정비형 재개발사업,쌍문동 81,추진위원회승인,sangm81,320900001419x34,11320-900001419,,,,,,20260609,,,,,,,,,,
809,도봉구,재건축,쌍문한양1차아파트 재건축사업,쌍문동 388-33,조합설립인가,hanyang1,320900001327F92,11320-900001327,,,,,,20250625,,20251230,,,,,,,,
808,도봉구,재개발(주택정비형),쌍문제1구역 주택재개발정비사업조합,쌍문동 414,이전고시,W0zS4n6n,,,,,,,,,,,,,,,,,,
807,도봉구,재개발(주택정비형),쌍문3구역 주택정비형재개발사업,쌍문동 724,조합설립인가,Tkdans,320900001233b97,11320-900001233,,,,,,,,20250926,,,,,,,,
806,도봉구,재건축,창동주공18단지아파트 재건축사업,창동 30,추진위원회승인,Changdong18,320900001542L57,11320-900001542,,,,,,,,,,,,,,,,
805,도봉구,재건축,창동상아1차아파트 재건축사업,창동 299,조합설립인가,sanga1apt,320900001461X87,11320-900001461,,,,,,,,,,,,,,,,
804,도봉구,소규모재건축,대신빌라소규모재건축사업,창동 466,사업시행인가,eotls21,320900000881w35,11320-900000881,,,,,,,,20190122,,20250410,,,,,,
803,도봉구,재개발(주택정비형),창동470구역 주택정비형 공공재개발사업(LH),창동 470,정비계획 수립,changdong470,320900001518m70,11320-900001518,,,,,,,,,,,,,,,,
802,도봉구,가로주택정비,창동 501-13번지 일원 가로주택정비사업,창동 501-13,조합설립인가,cdgaro1,320900000937Q31,11320-900000937,,,,,,,,20211231,,,,,,,,
801,도봉구,가로주택정비,창동 529-1번지 일원 가로주택정비사업조합,창동 529-1,조합설립인가,changdong4,320900001483d86,11320-900001483,,,,,,,,20250904,,,,,,,,
800,도봉구,가로주택정비,신창연립가로주택정비사업,창동 581-3,조합설립인가,shinchang581,320900000880X44,11320-900000880,,,,,,,,20211129,,,,,,,,
799,도봉구,가로주택정비,창동 신건영빌리지 일대 가로주택정비사업조합,창동 715-25,조합설립인가,sgygaro,320900001420W25,11320-900001420,,,,,,,,,,,,,,,,
798,동대문구,재개발(주택정비형),답십리제17구역 주택재개발정비사업,답십리동 12,이전고시,seoulhousing,230900000913U63,11230-900000913,,,,,,,,20200305,,,,20200305,,,20250325,
797,동대문구,재개발(주택정비형),답십리제14구역주택재개발정비사업조합,답십리동 25,조합해산,dapsimni14,230100003005m35,11230-100003005,,,,,,20040503,,20070803,,20090409,,20140414,20160610,,20190122,
796,동대문구,재개발(주택정비형),답십리자동차부품상가 도시정비형 재개발정비사업조합,답십리동 952,사업시행인가,dap952,230900000765B88,11230-900000765,,,,,,20200925,,20211001,,20250403,,,,,,
795,동대문구,재개발(도시정비형),신설동역세권 장기전세주택 도시정비형 재개발사업,신설동 91-1,추진위원회승인,sinseolsia8804,230900001446k11,11230-900001446,,,,,,20260225,,,,,,,,,,
794,동대문구,재개발(주택정비형),신설1구역 주택정비형 공공재개발사업(LH),신설동 92-5,사업시행인가,sinsel1,230100003008n62,11230-100003008,,,,,,20050706,,20210722,,20250418,,,,,,
793,동대문구,재개발(도시정비형),용두1구역(6지구) 공공재개발사업,용두동 14-1,조합설립인가,dyden1-6,230900000889n83,11230-900000889,,,,,,20210714,,20210714,,,,,,,,
792,동대문구,재개발(주택정비형),용두1도시환경정비구역 제5지구 재개발정비사업조합,용두동 23-1,조합설립인가,yongdu5jigu,230900000737e32,11230-900000737,,,,,,20191112,,20260319,,,,,,,,
791,동대문구,재개발(도시정비형),용두1구역(4지구) 도시정비형재개발사업(지정개발자방식),용두동 26-3,사업시행인가,yongdu4,230900001211X36,11230-900001211,,,,,,,,,,,,,,,,
790,동대문구,재개발(주택정비형),용두동 39-361번지 일대 주택정비형 재개발사업,용두동 39-361,추진위원회승인,dyden3,230900001488R08,11230-900001488,,,,,,20260430,,,,,,,,,,
789,동대문구,재개발(도시정비형),용두제6구역 도시환경정비사업 조합설립추진위원회,용두동 52-28,조합해산,yongdoo6,230900000356X66,11230-900000356,,,,,,20120406,,,,,,,,,,
788,동대문구,재개발(도시정비형),용두제7구역 도시환경정비사업 조합설립추진위원회,용두동 53-6,추진위원회승인,yongdoo7,,,,,,,,,,,,,,,,,,
787,동대문구,재개발(주택정비형),용두제1구역주택재개발정비사업조합,용두동 80-1,조합청산,s3sxO3bw,,,,,,,,,,,,,,,,,,
786,동대문구,재개발(주택정비형),용두5구역 주택재개발정비사업조합,용두동 253,조합해산,yongdoo5,230100003004a16,11230-100003004,,,,,,20051216,,20130927,,20150910,,20170512,20181213,,20211125,
785,동대문구,재개발(주택정비형),용두제6구역 주택재개발정비사업조합,용두동 753-9,조합해산,Ur1SdI0f,230100003010j03,11230-100003010,,,,,,20060315,,20080904,,20091105,,20170929,20200507,,20220830,
784,동대문구,재개발(주택정비형),이문4재정비촉진구역 주택재개발정비사업조합,이문동 86-1,관리처분인가,a263n2N3,230100006044g95,11230-100006044,,,,,,20040623,,20170316,,20230214,,20240401,,,,
783,동대문구,재개발(주택정비형),이문3재정비촉진구역 주택재개발정비사업조합,이문동 149-8,분양,k60hG0Ds,230100006042a35,11230-100006042,,,,,,20040623,,20081203,,20151001,,20180510,20211025,,,
782,동대문구,재개발(도시정비형),신이문역세권 장기전세주택 도시정비형 재개발사업,이문동 168-1,조합설립인가,shinimoon,230900001212K76,11230-900001212,,,,,,,,,,,,,,,,
781,동대문구,재개발(도시정비형),신이문2 역세권 도시정비형 재개발정비사업,이문동 170-65,정비계획 수립,sinimoon2,230900001149k50,11230-900001149,,,,,,,,,,,,,,,,
780,동대문구,재개발(주택정비형),이문1재정비촉진구역 주택재개발정비사업조합,이문동 257-42,준공인가,b6m4gqmM,230100006043i56,11230-100006043,,,,,,20040623,,20081201,,20100225,,20170324,20210824,,20241216,
779,동대문구,재건축,장안동 현대아파트 재건축정비사업조합,장안동 95-1,관리처분인가,jangan-hyundaiapt1,230900000700H39,11230-900000700,,,,,,20180612,,20200710,,20240813,,20260618,,,,
778,동대문구,재개발(주택정비형),장안1구역 주택정비형 재개발사업,장안동 134-15,추진위원회승인,jangan1sector,230900001475e86,11230-900001475,,,,,,20260319,,,,,,,,,,
777,동대문구,재건축,장안시영2단지2차 주택재건축정비사업 조합 청산법인,장안동 329-2,조합청산,janganhillapt,230100012000L82,11230-100012000,,,,,,,,20020820,,,,20050107,,,,
776,동대문구,재건축,대성연립연합 주택재건축정비사업 조합,장안동 425-1,이전고시,ds1apt,,,,,,,,,,,,,,,,,,
775,동대문구,재건축,435대명연립 주택재건축정비사업 조합,장안동 435-2,이전고시,WmeWUlKk,,,,,,,,,,,,,,,,,,
774,동대문구,재건축,뉴장안연립 주택재건축정비사업 조합,장안동 435-4,이전고시,vx7hK1Jx,,,,,,,,,,,,,,,,,,
773,동대문구,지역주택,(가칭)전농지역주택조합,전농동 60,지구단위계획수립/건축심의/교통심의,jeonnong60,230900000893Q18,11230-900000893,,,,,,,,,,,,,,,,
772,동대문구,재개발(주택정비형),전농제9구역 주택정비형 공공재개발사업(LH),전농동 103-236,조합설립인가,lcd074,230100009003t17,11230-100009003,,,,20230201,,20111014,,20230713,,,,,,,,
771,동대문구,재개발(주택정비형),(가칭)전농제15구역 주택정비형 재개발사업,전농동 152-65,정비계획 수립,wjsshd15,230900001492G47,11230-900001492,,,,,,,,,,,,,,,,
770,동대문구,재개발(주택정비형),전농8구역주택재개발정비사업조합,전농동 204,조합설립인가,YKzmueyz,230100007000M98,11230-100007000,,,,,,20050927,,20211208,,,,,,,,
769,동대문구,재개발(도시정비형),전농13구역 도시정비형 재개발사업 조합,전농동 295,정비구역지정,jeonnong13,230900001278S49,11230-900001278,,,,,,,,,,,,,,,,
768,동대문구,재개발(도시정비형),전농도시환경정비사업조합,전농동 494,사업시행인가,pny3y2Z5,230100008000u67,11230-100008000,,,,,,,,20070622,,,,,,,,
767,동대문구,재개발(주택정비형),전농제11구역 주택재개발정비사업조합,전농동 518,조합청산,jnong11,230100003016S46,11230-100003016,,,,,,20060822,,20090106,,20111110,,20130307,20150720,,20180629,
766,동대문구,재개발(주택정비형),전농제12구역 재개발정비사업조합,전농동 643,조합설립인가,Wd7A6HX5,230900000092J30,11230-900000092,,,,,,20070131,,20220114,,,,,,,,
765,동대문구,재개발(주택정비형),제기제6구역주택재개발정비사업조합,제기동 120-104,관리처분인가,Ycf99djf,230100003013P35,11230-100003013,,,,,,20040831,,20171227,,20201224,,20231110,,,,
764,동대문구,재개발(주택정비형),제기제4구역 주택재개발정비사업조합,제기동 288,철거,Jm4L110Z,230100003011q64,11230-100003011,,,,,,20140630,,20160516,,20070913,,20220825,,,,
763,동대문구,재건축,제기1주택재건축정비구역(지정개발자방식),제기동 892-68,착공,jegi1area,230900000726J95,11230-900000726,,,,,,,,,,20210401,,20230411,20250331,,,
762,동대문구,재개발(주택정비형),청량리제9구역 주택정비형 재개발사업,청량리동 19,추진위원회승인,cheongryangri,230900001096V93,11230-900001096,,,,,,20260113,,,,,,,,,,
761,동대문구,재개발(주택정비형),청량리제7구역 주택재개발정비사업조합,청량리동 199,준공인가,cheong7,230100003014a12,11230-100003014,,,,,,20060420,,20071226,,20090402,,20200423,20221229,,,
760,동대문구,재개발(주택정비형),청량리제6구역주택재개발정비사업조합,청량리동 205,사업시행인가,dH49599v,230100003002b34,11230-100003002,,,,,,20040805,,20190507,,20241107,,,,,,
759,동대문구,재건축,청량리미주아파트 주택재건축정비사업,청량리동 235-1,조합설립인가,mizu01,230900001013Z07,11230-900001013,,,,,,20241004,,20260204,,,,,,,,
758,동대문구,재개발(주택정비형),청량리제8구역 주택재개발정비사업조합,청량리동 435,관리처분인가,idtf7icb,230100009002S90,11230-100009002,,,,,,20060109,,20180711,,20240709,,20250925,,,,
757,동대문구,재개발(주택정비형),회기제1구역 주택재개발정비사업조합,회기동 62-34,이전고시,Lt58S9vM,,,,,,,,,,,,,,,,,,
756,동대문구,재개발(주택정비형),휘경제5 주택정비형 재개발구역,휘경동 43-188,추진위원회승인,gnlrud5,,,,,,,,,,,,,,,,,,
755,동대문구,재개발(주택정비형),휘경2재정비촉진구역 주택재개발정비사업조합,휘경동 128-12,조합해산,hwikyung2,230100006039R21,11230-100006039,,,,,,20110425,,20080918,,20130905,,20141113,20151211,,20190618,
754,동대문구,재개발(주택정비형),휘경3재정비촉진구역 주택재개발정비사업조합,휘경동 172,준공인가,hwikyung3,230100006045f81,11230-100006045,,,,,,20040623,,20081203,,20171026,,20191004,20220421,,20250626,
753,동대문구,재개발(주택정비형),휘경1재정비촉진구역 주택재개발정비사업조합,휘경동 243,조합해산,hwigyeong1,230100006040s05,11230-100006040,,,,,,20041111,,20100823,,20121031,,20160526,20170823,,20200227,
752,동작구,가로주택정비,노량진역 은하맨션 일대 가로주택정비사업 조합,노량진동 84-24,조합설립인가,galaxy84,590900001204n75,11590-900001204,,,,,,,,20240404,,,,,,,,
751,동작구,재개발(주택정비형),노량진제1구역 주택재개발 조합,노량진동 122-37,이전고시,pVW6p9Xa,,,,,,,,,,,,,,,,,,
750,동작구,재개발(주택정비형),노량진4재정비촉진구역 조합,노량진동 227-5,관리처분인가,noryangjin4,590100005006A58,11590-100005006,,,,,,20100628,,20150402,,20180430,,20221219,,,,
749,동작구,재개발(주택정비형),노량진3재정비촉진구역 조합,노량진동 232-19,관리처분인가,BVHWbKL5,590100001000n37,11590-100001000,,,,,,20041125,,20171229,,20210226,,20260225,,,,
748,동작구,재개발(주택정비형),노량진5재정비촉진구역 조합,노량진동 270-3,관리처분인가,noryangjin5,590100005002q31,11590-100005002,,,,,,20100226,,20160211,,20210226,,20230925,,,,
747,동작구,재개발(주택정비형),노량진6재정비촉진구역 조합,노량진동 294-220,착공,noryangjin6,590100005001a31,11590-100005001,,,,,,20100325,,20110317,,20140901,,20210125,20250627,,,
746,동작구,재개발(주택정비형),노량진2재정비촉진구역 조합,노량진동 312-75,착공,noryang2,590100005005B55,11590-100005005,,,,,,20100204,,20100624,,20140808,,20210308,20260105,,,
745,동작구,재개발(주택정비형),노량진1재정비촉진구역 조합,노량진동 278-2,관리처분인가,noryangin1,590100001001v55,11590-100001001,,,,,,20060713,,20171110,,20230307,,,,,,
744,동작구,지역주택,대방동 지역주택조합,대방동 11-103,조합설립인가,dbapt2009,590900000935u24,11590-900000935,,,,,,,,,,,,,,,,
743,동작구,재개발(주택정비형),노량진7재정비촉진구역 조합,대방동 13-31,관리처분인가,noryangjin7,590100010000S70,11590-100010000,,,,,,20110603,,20130207,,20170609,,20240507,,,,
742,동작구,지역주택,신대방삼거리역지역주택조합 추진위원회,대방동 391-63,조합원 모집신고,daebang391,590900001156u88,11590-900001156,,,,,,,,,,,,,,,,
741,동작구,재개발(주택정비형),노량진8재정비촉진구역 조합,대방동 23-61,분양,noryangjin8,590100009000r61,11590-100009000,,,,,,20100714,,20121206,,20180919,,20211229,,,,
740,동작구,재건축,동작1 주택재건축 조합,동작동 102,착공,dongjak1,590900000481R92,11590-900000481,,,,,,,,20130130,,20141120,,20160909,,,,
739,동작구,재개발(주택정비형),본동구역 주택정비형 공공재개발사업,본동 47,조합설립인가,bondongpublic,590900001437K10,11590-900001437,,,,,,,,,,,,,,,,
738,동작구,소규모재건축,극동강변소규모재건축정비사업조합,본동 148-2,조합설립인가,rmrehd156,590900001300d23,11590-900001300,,,,,,,,20250317,,,,,,,,
737,동작구,지역주택,한강 지역주택조합,본동 402-1,,hangangapt,590900001546k25,11590-900001546,,,,,,,,,,,,,,,,
736,동작구,재건축,사당3 주택재건축 정비사업조합,사당동 41-17,조합해산,sadang3,590900000112h21,11590-900000112,,,,,,20060904,,20131125,,20150303,,20161027,20181129,,20210629,
735,동작구,지역주택,(가칭)사당2동 지역주택조합 추진위원회,사당동 57-18,,sadang2dong,590900000863g20,11590-900000863,,,,,,,,,,,,,,,,
734,동작구,재개발(주택정비형),사당17구역 주택정비형 재개발사업,사당동 63-1,조합설립인가,sadang17,590900001422F96,11590-900001422,,,,,,20260107,,20260821,,,,,,,,
733,동작구,지역주택,사당3동 지역주택조합,사당동 155-4,조합원 모집신고,sdang2023,590900001099a69,11590-900001099,,,,,,,,,,,,,,,,
732,동작구,지역주택,(가칭)이수역지역주택조합 추진위원회,사당동 161-55,지구단위계획수립/건축심의/교통심의,isu1004,590900000856J84,11590-900000856,,,,,,,,,,,,,,,,
731,동작구,재건축,사당1 주택재건축정비사업 조합,사당동 167-19,조합청산,N1Kpva7A,590100001010K96,11590-100001010,,,,,,20070207,,20100812,,20111207,,,20171107,,20180423,
730,동작구,재건축,사당2 주택재건축 조합,사당동 181-360,조합해산,ij3VI4A4,590100002011Y68,11590-100002011,,,,,,20061109,,20120629,,20140113,,20150514,20161202,,20200226,
729,동작구,가로주택정비,사당동 192-1번지일대 신남성연립 가로주택정비사업조합,사당동 192-1,조합설립인가,sns619,590900000840l93,11590-900000840,,,,,,,,20210930,,,,,,,,
728,동작구,소규모재건축,사당동 인정아파트 소규모 재건축 정비사업,사당동 196,사업시행인가,s-injeong,590900000958C58,11590-900000958,,,,,,,,20220620,,20250620,,,,,,
727,동작구,가로주택정비,사당동 206대시 1번지 일원 가로주택정비사업,사당동 206-1,조합설립인가,sadang2061,590900001001F46,11590-900001001,,,,,,,,20210520,,,,,,,,
726,동작구,지역주택,(가칭)사당5동지역주택조합 추진위원회,사당동 217-15,조합원 모집신고,sadang05,590900000934G40,11590-900000934,,,,,,,,,,,,,,,,
725,동작구,지역주택,(가칭)사당3동 양지지역주택조합 추진위원회,사당동 220-70,조합원 모집신고,sd3yangji,590900001100o82,11590-900001100,,,,,,,,,,,,,,,,
724,동작구,지역주택,(가칭)남성역지역주택조합 추진위원회,사당동 235-81,지구단위계획수립/건축심의/교통심의,namsung0405,590900000936I96,11590-900000936,,,,,,,,,,,,,,,,
723,동작구,지역주택,(가칭)동작남성역지역주택조합,사당동 277-1,조합원 모집신고,djnamsung277,590900001219R84,11590-900001219,,,,,,,,,,,,,,,,
722,동작구,재개발(주택정비형),사당12구역 주택재개발정비사업 조합설립추진위원회,사당동 288,추진위원회승인,sadang12,590900001320r02,11590-900001320,,,,,,20260128,,,,,,,,,,
721,동작구,가로주택정비,사당4동 주민센터 일원 가로주택정비사업,사당동 300-8,조합설립인가,sadong4,590900001512N32,11590-900001512,,,,,,,,20250131,,,,,,,,
720,동작구,재건축,사당5주택재건축정비사업조합,사당동 303,사업시행인가,sadang5,590900000601b27,11590-900000601,,,,,,20171115,,20181121,,20240214,,,,,,
719,동작구,재개발(도시정비형),사당동 318-99번지일대 재개발정비사업,사당동 318-99,추진위원회승인,KKs5617,590900001445d97,11590-900001445,,,,,,20260224,,,,,,,,,,
718,동작구,지역주택,(가칭)이수지역주택조합 추진위원회,사당동 156-3,,isu777,590900000859t92,11590-900000859,,,,,,,,,,,,,,,,
717,동작구,재건축,상도대림아파트 주택재건축 조합,상도동 36-1,조합청산,aYriK4Ni,590100002000A19,11590-100002000,,,,,,,,20100820,,,,,20180525,,20181203,
716,동작구,지역주택,동작상도역지역주택조합,상도동 154-30,지구단위계획수립/건축심의/교통심의,highpalace2,590900000944j91,11590-900000944,,,,,,,,,,,,,,,,
715,동작구,지역주택,(가칭)상도메트로타운 지역주택조합 추진위원회,상도동 159-52,청산 및 조합해산,sd-centralplace,590900000858Y60,11590-900000858,,,,,,,,,,,,,,,,
714,동작구,지역주택,상도스타리움 지역주택조합,상도동 182-13,,starium2003,590900000860A08,11590-900000860,,,,,,,,,,,,,,,,
713,동작구,지역주택,(가칭)상도트인시아지역주택조합 추진위원회,상도동 194-27,조합원 모집신고,sd89580,590900001151j22,11590-900001151,,,,,,,,,,,,,,,,
712,동작구,지역주택,상도동 약수터지역주택조합 추진위원회,상도동 210-110,,sangdoyaksu,590900001011R01,11590-900001011,,,,,,,,,,,,,,,,
711,동작구,소규모재건축,대광연립 소규모주택재건축정비사업,상도동 211-447,관리처분인가,family,590900001079G31,11590-900001079,,,,,,,,20230823,,20221229,,20221229,,,,
710,동작구,재개발(주택정비형),상도16구역 주택정비형 재개발사업,상도동 214,추진위원회승인,tkdeh16,590900001479p18,11590-900001479,,,,,,20260429,,,,,,,,,,
709,동작구,재개발(주택정비형),상도14구역 주택정비형 재개발사업,상도동 244,조합설립인가,sangdo14,590900001381W49,11590-900001381,,,,,,,,,,,,,,,,
708,동작구,재개발(주택정비형),상도15구역 주택정비형 재개발사업,상도동 279,조합설립인가,sangdo15,590900001319C66,11590-900001319,,,,,,,,,,,,,,,,
707,동작구,지역주택,(가칭)상도3동 지역주택조합,상도동 356-159,조합원 모집신고,sangdo3,590900001082a38,11590-900001082,,,,,,,,,,,,,,,,
706,동작구,지역주택,장승배기역 지역주택조합,상도동 363-10,조합설립인가,jsbg3115,590900000857h40,11590-900000857,,,,,,,,,,,,,,,,
705,동작구,재개발(주택정비형),신대방3구역 주택정비형 재개발사업,신대방동 344-132,추진위원회승인,tlseoqkd3,590900001493l27,11590-900001493,,,,,,20260522,,,,,,,,,,
704,동작구,지역주택,(가칭)보라매센트럴 지역주택조합,신대방동 360-72,,boramaecentral,590900001012R79,11590-900001012,,,,,,,,,,,,,,,,
703,동작구,지역주택,(가칭)보라매지역주택조합,신대방동 364-190,조합창립총회,BORAMAEPARKCITY,590900001115z18,11590-900001115,,,,,,,,,,,,,,,,
702,동작구,재개발(도시정비형),신대방동 600번지 일대,신대방동 600,정비계획 수립,sindaebang600,590900001380Y14,11590-900001380,,,,,,,,,,,,,,,,
701,동작구,재개발(도시정비형),신대방역세권 재개발정비사업조합,신대방동 600-14,조합설립인가,sindaebang,590900000614l33,11590-900000614,,,,,,20201105,,20241118,,,,,,,,
700,동작구,재개발(주택정비형),흑석9재정비촉진구역 주택재개발정비사업,흑석동 90,착공,hsuck9,590100002005b55,11590-100002005,,,,,,20081128,,20130228,,20171127,,20191023,20250404,,,
699,동작구,재개발(도시정비형),흑석2재정비촉진구역 공공재개발정비사업(도시정비형),흑석동 99-3,추진위원회승인,blackstone2,590100007000C30,11590-100007000,,,,,,20090304,,,,,,,,,,
698,동작구,재개발(주택정비형),흑석7재정비촉진구역 주택재개발정비사업,흑석동 158,조합해산,g8cbTb2J,590100002008L92,11590-100002008,,,,,,20081128,,20081128,,20131217,,20150605,20160615,,20181123,
697,동작구,재개발(주택정비형),흑석10구역 주택정비형 재개발사업,흑석동 204-104,추진위원회승인,Heukseok10happy,590900001507t15,11590-900001507,,,,,,20260622,,,,,,,,,,
696,동작구,재개발(주택정비형),흑석8재정비촉진구역 주택재개발정비사업,흑석동 232,조합해산,oOJD6Ubw,590100002009p65,11590-100002009,,,,,,20050523,,20091216,,20140808,,20150616,20160520,,20181129,
695,동작구,재개발(주택정비형),흑석3재정비촉진구역 주택재개발정비사업,흑석동 253-89,조합해산,WVwiygc2,590100002006c88,11590-100002006,,,,,,20090629,,20100729,,20150612,,20170822,20191205,,,
694,동작구,재개발(주택정비형),흑석11재정비촉진구역 주택재개발정비사업조합,흑석동 304,철거,blackstone11,590900000557U51,11590-900000557,,,,,,20140728,,20151201,,20210318,,20220816,,,,
693,동작구,재개발(주택정비형),흑석1재정비촉진구역 재개발정비사업조합,흑석동 43-7,조합설립인가,Uknb2020,590100002004W63,11590-100002004,,,,,,20090116,,20220331,,,,,,,,
692,마포구,재개발(주택정비형),공덕8구역 주택정비형 재개발사업,공덕동 11-24,추진위원회승인,gongdeok,440900001076Q26,11440-900001076,,,,,,20260116,,,,,,,,,,
691,마포구,재건축,공덕1구역 주택재건축정비사업 조합,공덕동 105-84,착공,lpeorY03,440100001010f14,11440-100001010,,,,,,20060807,,20140328,,20170222,,20180416,20231023,,,
690,마포구,재개발(주택정비형),공덕7구역 주택정비형 재개발사업,공덕동 115-97,조합설립인가,rhdejr18,440900001094Z71,11440-900001094,,,,,,,,20260130,,,,,,,,
689,마포구,재개발(주택정비형),공덕6구역 주택재개발 정비사업,공덕동 119,사업시행인가,asHM6pbN,440100004008A81,11440-100004008,,,,,,20040720,,20210316,,,,,,,,
688,마포구,소규모재건축,공덕현대아파트 소규모재건축정비사업 조합,공덕동 370-9,사업시행인가,gdapt1028,440900000995V20,11440-900000995,,,,,,,,20221229,,,,,,,,
687,마포구,재개발(도시정비형),광흥창역세권(구수동) 도시정비형 재개발구역,구수동 16-1,정비계획 수립,ghc-gusu,440900001171E94,11440-900001171,,,,,,,,,,,,,,,,
686,마포구,재건축,도화우성아파트 재건축정비사업,도화동 82,정비계획 수립,dohwaws,440900001517p42,11440-900001517,,,,,,,,,,,,,,,,
685,마포구,재개발(도시정비형),마포로1구역 제5지구 도시정비형 재개발사업,도화동 544,추진위원회승인,mapo5street,,,,,,,,,,,,,,,,,,
684,마포구,재개발(주택정비형),마포로1구역 제10지구 도시정비형 재개발사업 조합,도화동 536,사업시행인가,mapo123,440900000735E42,11440-900000735,,,,,,20191022,,20200604,,20250403,,,,,,
683,마포구,재개발(도시정비형),마포로1구역 제25지구 도시정비형 재개발사업,마포동 136-1,추진위원회승인,mapo125,440900001544Y40,11440-900001544,,,,,,,,,,,,,,,,
682,마포구,재개발(도시정비형),마포로1구역 제23지구 도시정비형 재개발사업 조합,마포동 350,추진위원회승인,mapo123ghc,440900001205K07,11440-900001205,,,,,,,,,,,,,,,,
681,마포구,재개발(주택정비형),망원동 신속통합기획 후보지,망원동 416-53,정비계획 수립,mangwon41653,440900001303n53,11440-900001303,,,,,,,,,,,,,,,,
680,마포구,재건축,망원동438주택재건축정비사업조합,망원동 438-46,조합해산,mwd438,440900000603b36,11440-900000603,,,,,,,,20141118,,20090122,,20160909,20180601,,20190910,
679,마포구,가로주택정비,망원동 454-3 가로주택정비사업(신탁사업시행자방식),망원동 454-3,조합설립인가,mangwon454-3,440900000989h25,11440-900000989,,,,,,,,20220825,,,,,,,,
678,마포구,가로주택정비,망원동 456번지 가로주택정비사업,망원동 456-2,조합설립인가,mangwon456,440900001005m09,11440-900001005,,,,,,,,,,,,,,,,
677,마포구,재건축,망원1 주택재건축정비사업 조합,망원동 458-16,조합해산,CjN70HC9,440100001003e10,11440-100001003,,,,,,20060911,,20111102,,20120817,,,20160922,,20180831,
676,마포구,가로주택정비,망원동 459번지 가로주택정비사업,망원동 459-1,조합설립인가,mangwon459,440900001006I44,11440-900001006,,,,,,,,,,,,,,,,
675,마포구,가로주택정비,망원동 464-1번지 일원 가로주택정비사업,망원동 464-1,조합설립인가,mangwon464,440900001453f24,11440-900001453,,,,,,,,20220305,,,,,,,,
674,마포구,지역주택,(가칭)상수역지역주택조합 추진위원회,상수동 334-11,조합원 모집신고,sangsu,440900000996O47,11440-900000996,,,,,,,,,,,,,,,,
673,마포구,가로주택정비,성산동 165-72일원 가로주택정비사업,성산동 165-72,조합설립인가,sungsangaro165,440900001196y80,11440-900001196,,,,,,,,20240411,,,,,,,,
672,마포구,가로주택정비,성산동200에서258번지일대 가로주택정비사업,성산동 200-258,조합설립인가,seongsan4,440900001466w25,11440-900001466,,,,,,,,20260226,,,,,,,,
671,마포구,가로주택정비,성산동 200-323일대 가로주택정비사업,성산동 200-323,조합설립인가,seongsanmoa3,440900001365R20,11440-900001365,,,,,,,,20250904,,,,,,,,
670,마포구,재건축,성산시영아파트 재건축정비사업조합,성산동 446,조합설립인가,seongsansy,440900001230R53,11440-900001230,,,,,,20250314,,20251222,,,,,,,,
669,마포구,지역주택,신공덕지역주택조합,신공덕동 6-3,조합규약작성,shingd2019,440900001121p56,11440-900001121,,,,,,,,,,,,,,,,
668,마포구,지역주택,신수동무쇠막 지역주택조합,신수동 91-90,철거 및 착공,musoemak,440900001202o90,11440-900001202,,,,,,,,,,,,,,,,
667,마포구,지역주택,무쇠막2 지역주택조합,신수동 91-318,,musoemak2,440900001261R38,11440-900001261,,,,,,,,,,,,,,,,
666,마포구,재건축,신수1 주택재건축정비사업조합,신수동 93-102,조합해산,pcPSfIGJ,440100001007V76,11440-100001007,,,,,,20060630,,20100604,,,,,20160913,,20190829,
665,마포구,재개발(주택정비형),신수동 250번지 일대(신수13구역) 주택정비형 재개발사업,신수동 250,정비계획 수립,sinsudong,440900001552t06,11440-900001552,,,,,,,,,,,,,,,,
664,마포구,재개발(도시정비형),광흥창역세권(신수동 301-1일원) 장기전세주택 도시정비형 재개발구역,신수동 301-1,추진위원회승인,shinsu,440900001442g40,11440-900001442,,,,,,20260723,,,,,,,,,,
663,마포구,재건축,신수2구역 주택재건축정비사업 조합설립추진위원회,신수동 225-7,추진위원회승인,sinsoo2,,,,,,,,,,,,,,,,,,
662,마포구,재개발(주택정비형),아현동 331-29번지 일대 신속통합기획 후보지,아현동 331-29,정비계획 수립,ahhyun5,440900001531v00,11440-900001531,,,,,,,,,,,,,,,,
661,마포구,재개발(주택정비형),아현3구역 주택재개발정비사업 조합(뉴타운),아현동 635,조합해산,WMrak31u,440100005000i65,11440-100005000,,,,,,20050408,,20060901,,,,,20110829,,,
660,마포구,재건축,아현2구역 주택재건축정비사업 조합(뉴타운),아현동 662,조합해산,j4FcY6Pn,440900000109q67,11440-900000109,,,,,,,,20030527,,20130821,,20160603,20190828,,20221129,
659,마포구,재개발(도시정비형),마포로3구역제3지구 도시환경정비사업조합,아현동 613-10,착공,mapo33,440100003003n67,11440-100003003,,,,,,20070312,,20071127,,20121026,,20200827,20231121,,,
658,마포구,가로주택정비,이조빌라가로주택정비사업,연남동 366-2,조합설립인가,ig316600,440900001499X75,11440-900001499,,,,,,,,,,,,,,,,
657,마포구,재개발(주택정비형),염리2구역 주택재개발정비사업 조합(뉴타운),염리동 45,조합해산,V6k6jhHf,440100005001q25,11440-100005001,,,,,,20050721,,20080718,,20091125,,20130522,20151021,,20180928,
656,마포구,재개발(주택정비형),염리5구역 주택재개발 조합설립추진위원회(뉴타운),염리동 105,추진위원회승인,pcU7QaMA,,,,,,,,,,,,,,,,,,
655,마포구,재개발(주택정비형),염리동 488-14번지 일대 주택정비형 재개발사업 조합설립추진위원회,염리동 488-14,추진위원회승인,haud1234,440900000801J08,11440-900000801,,,,20240628,,20260116,,,,,,,,,,
654,마포구,재개발(주택정비형),염리제3구역주택재개발정비사업조합(뉴타운),염리동 507,조합해산,Lcu8f9Vh,440100005004k85,11440-100005004,,,,,,20060426,,20090319,,20140605,,,20180329,,20210326,
653,마포구,가로주택정비,중동78번지일원 가로주택정비사업,중동 78,조합설립인가,jdhouse78,440900001321W99,11440-900001321,,,,,,20250605,,20250605,,,,,,,,
652,마포구,가로주택정비,창전동 46-1번지 일대 가로주택정비사업,창전동 46-1,조합설립인가,changjeon46,440900001470u43,11440-900001470,,,,,,,,20240401,,,,,,,,
651,마포구,재건축,창전1구역 주택재건축정비사업조합,창전동 27-19,조합해산,Hk4Ax4M0,440100001006U87,11440-100001006,,,,,,20060602,,20100312,,20100312,,20150527,20161212,,20190228,
650,마포구,재건축,서강주택재건축정비사업조합,하중동 18-2,준공인가,i3Z61W5D,,,,,,,,,,,,,,,,,,
649,마포구,재개발(도시정비형),합정역세권 도시정비형 재개발구역,합정동 376-3,정비계획 수립,Hapjeong,440900001172m82,11440-900001172,,,,,,,,,,,,,,,,
648,마포구,가로주택정비,합정동 447일원 가로주택정비사업,합정동 447-2,사업시행인가,hapjeong447,440900001307H89,11440-900001307,,,,,,,,,,,,,,,,
647,마포구,재개발(도시정비형),광흥창역세권(현석동) 도시정비형 재개발사업,현석동 1-31,정비계획 수립,rhkdgmdckd3,440900001160b13,11440-900001160,,,,,,,,,,,,,,,,
646,서대문구,재개발(주택정비형),가재울뉴타운5구역 주택재개발정비사업 조합,남가좌동 175,조합해산,RCYkSYWI,,,,,,,,,,,,,,,,,,
645,서대문구,재개발(도시정비형),가재울9(좌원상가) 도시재생형 재개발사업,남가좌동 295-5,정비구역지정,gajaeul,410900001309P76,11410-900001309,,,,,,,,,,,,,,,,
644,서대문구,재건축,남가좌동 제1구역주택재건축정비사업조합,남가좌동 369-10,조합청산,n7h867XW,410100008009I86,11410-100008009,,,,,,20060624,,20071126,,20101224,,20120808,20160512,,20181031,
643,서대문구,재개발(도시정비형),가재울8 재정비촉진구역 재개발정비사업조합,남가좌동 289-54,준공인가,gajaewool,410900000107t09,11410-900000107,,,,,,20070529,,20100318,,20170904,,20190619,,,20251126,
642,서대문구,재개발(주택정비형),가재울뉴타운7구역주택재개발정비사업조합,북가좌동 73-1,사업시행인가,WwkGMQb1,410900000078E64,11410-900000078,,,,,,20070502,,20220809,,20260529,,,,,,
641,서대문구,재개발(주택정비형),북가좌동 74-107번지 일대 신속통합기획 주택재개발사업,북가좌동 74-107,정비계획 수립,bgj74-107,410900001448g24,11410-900001448,,,,,,,,,,,,,,,,
640,서대문구,재건축,북가좌제6구역 주택재건축정비사업조합,북가좌동 372-1,조합설립인가,bukgajua6,410100005004n53,11410-100005004,,,,,,20061114,,20200213,,,,,,,,
639,서대문구,재개발(주택정비형),북아현 1-1 재정비촉진구역 주택재개발 정비사업조합,북아현동 1-954,조합청산,bugahyeon11,410100007003W06,11410-100007003,,,,,,20050603,,20090624,,20090625,,20110629,20170829,,20200804,
638,서대문구,재개발(주택정비형),북아현 3 재정비촉진구역 주택재개발 정비사업조합,북아현동 3-66,사업시행인가,Bukahyun3,410100008007F14,11410-100008007,,,,,,20080317,,20080926,,20110901,,,,,,
637,서대문구,재개발(주택정비형),북아현 1-3 재정비촉진구역 주택재개발 정비사업조합,북아현동 149,조합해산,buk7880,410100007013t77,11410-100007013,,,,,,20060126,,20080627,,,,20100303,20131213,,20161215,
636,서대문구,재개발(주택정비형),북아현 1 - 2 재정비촉진구역 주택재개발 정비사업조합,북아현동 174,조합청산,zLe95R3j,410100007006B28,11410-100007006,,,,,,20051202,,20080901,,,,,20121031,,,
635,서대문구,재개발(도시정비형),북아현4재정비촉진구역 도시정비형 재개발정비사업 조합설립추진위원회,북아현동 221-7,추진위원회승인,bugahyeon4,410900001125N20,11410-900001125,,,,,,20260318,,,,,,,,,,
634,서대문구,재개발(주택정비형),북아현 2 재정비촉진구역 주택재개발 정비사업조합,북아현동 520,관리처분인가,northah2,410100008003o73,11410-100008003,,,,,,20080229,,20090327,,20091208,,20260423,,,,
633,서대문구,재개발(주택정비형),연희제1구역 주택재개발정비사업조합,연희동 533,착공,yh1block,410100006001u20,11410-100006001,,,,,,20040906,,20080325,,20101223,,20200722,20251024,,,
632,서대문구,재건축,연희1주택재건축정비사업조합,연희동 711,조합해산,wg30A7Rg,410100008008i97,11410-100008008,,,,,,20060410,,20081008,,20120126,,20130624,20161027,,20181221,
631,서대문구,재개발(주택정비형),연희2구역 공공재개발사업,연희동 721-6,추진위원회승인,yeonhui2,410900001218B09,11410-900001218,,,,,,20210831,,,,,,,,,,
630,서대문구,재개발(주택정비형),영천구역주택재개발정비사업조합,영천동 69-20,착공,youngchun,410100005002Q89,11410-100005002,,,,,,20060927,,20080327,,20110422,,20200217,20221130,,,
629,서대문구,재개발(주택정비형),(임시)옥천동 123-2번지 일대 신속통합기획 주택재개발사업,옥천동 123-2,추진위원회승인,okcheon123-2,410900001510U79,11410-900001510,,,,,,,,,,,,,,,,
628,서대문구,가로주택정비,천연동 89-16번지 일대 소규모주택정비 관리지역(모아타운) 가로주택정비사업,천연동 89-16,사업시행인가,cy_moa,410900001351X74,11410-900001351,,,,,,,,,,,,,,,,
627,서대문구,재개발(도시정비형),마포로5구역제2지구 도시정비형재개발사업조합,충정로3가 250,조합설립인가,gG49z9y6,410900000075S79,11410-900000075,,,,,,20080430,,20240731,,,,,,,,
626,서대문구,재개발(주택정비형),충정로1구역 주택정비형 공공재개발사업,충정로3가 281-11,조합설립인가,qwerty,410900001337l64,11410-900001337,,,,,,,,20250326,,,,,,,,
625,서대문구,가로주택정비,현저동 1-5번지 일대 모아타운 가로주택정비사업 조합,현저동 1-5,조합설립인가,hyunjeodong,410900001525R28,11410-900001525,,,,,,,,20260715,,,,,,,,
624,서대문구,재개발(주택정비형),홍은15구역 주택정비형 재개발사업,홍은동 8-400,조합설립인가,hongeun8400,410900001120Z07,11410-900001120,,,,,,,,20260320,,,,,,,,
623,서대문구,가로주택정비,홍은동 10-18번지 일대 모아타운 가로주택정비사업,홍은동 10-18,조합설립인가,hongeun9331,410900001523C46,11410-900001523,,,,,,,,20260602,,,,,,,,
622,서대문구,재개발(주택정비형),홍은제13구역 주택재개발정비사업조합,홍은동 11-111,착공,W5kW3PVi,410100003003O20,11410-100003003,,,,,,20070510,,20090905,,20110415,,20180710,20210725,,,
621,서대문구,가로주택정비,홍은동11-360번지 일원 가로주택정비사업조합,홍은동 11-360,조합설립인가,hong11360,410900000979r02,11410-900000979,,,,,,,,20221110,,,,,,,,
620,서대문구,재건축,홍은동제6 주택재건축정비사업 조합,홍은동 13-25,조합해산,QPbr47sd,410100008005j13,11410-100008005,,,,,,20150101,,20091104,,20120206,,20170501,20171031,,20201117,
619,서대문구,재개발(주택정비형),홍은제14구역주택재개발정비사업조합,홍은동 19-19,조합해산,hongeun14,410100003002g07,11410-100003002,,,,,,20071011,,20091221,,20111230,,20150901,20160809,,20200721,
618,서대문구,재개발(도시정비형),홍은1구역 공공재개발사업,홍은동 48-163,조합설립인가,hongeun1,410900001178k90,11410-900001178,,,,,,,,,,,,,,,,
617,서대문구,재건축,홍은제1주택재건축정비사업조합,홍은동 104-4,이전고시,c91hJVJ6,410100007010r52,11410-100007010,,,,,,20101206,,20130917,,20160120,,20180320,20191031,,20221221,
616,서대문구,재건축,홍은동 제5주택재건축정비사업 조합,홍은동 277-45,사업시행인가,hongeun5,410100007001d17,11410-100007001,,,,,,20080115,,20100604,,20260520,,,,,,
615,서대문구,가로주택정비,홍은동277-200번지 일대 가로주택정비사업,홍은동 277-200,착공,croval68,410900000884o03,11410-900000884,,,,,,,,20211209,,20230710,,,,,,
614,서대문구,가로주택정비,홍은동322-1일원 가로주택정비사업,홍은동 322-1,사업시행인가,hongeun3221,410900000885u23,11410-900000885,,,,,,,,20211123,,20240520,,,,,,
613,서대문구,가로주택정비,홍은동 326-2일원 가로주택정비사업,홍은동 326-2,조합설립인가,hongeun,410900001105S67,11410-900001105,,,,,,,,20230602,,,,,,,,
612,서대문구,재건축,홍은동제2 주택재건축정비사업 조합,홍은동 338-5,준공인가,FQSRZ47q,410100010002o22,11410-100010002,,,,,,20070713,,20070823,,20071023,,20080805,20191008,,20231229,
611,서대문구,가로주택정비,홍은동355번지 일대 가로주택정비사업,홍은동 355,철거,hongeun355,410900000821l63,11410-900000821,,,,,,,,20210730,,20240719,,,,,,
610,서대문구,재개발(주택정비형),홍은제12구역 주택재개발정비사업조합,홍은동 441-1,조합해산,i4XX3BfD,410100003006Y88,11410-100003006,,,,,,20040907,,20071112,,,,20101224,20150516,,20171218,
609,서대문구,재건축,홍제동 제1주택재건축정비사업 조합,홍제동 57-5,조합해산,UUHEram9,410100007009W83,11410-100007009,,,,,,20080321,,20090817,,20150305,,20170925,20190709,,,
608,서대문구,소규모재건축,서강빌라 소규모재건축정비사업,홍제동 90-6,조합해산,seogang-vila,410900000844m64,11410-900000844,,,,,,,,20191120,,,,,,,,
607,서대문구,재건축,홍제3구역주택재건축정비사업조합,홍제동 104-41,관리처분인가,h18apt,410100007005A83,11410-100007005,,,,,,20070712,,20111013,,20190219,,20220715,,,,
606,서대문구,재개발(주택정비형),홍제 제2구역 주택재개발정비사업조합,홍제동 156,조합해산,LZNuyDw6,,,,,,,,,,,,,,,,,,
605,서대문구,가로주택정비,홍제동266-238번지 일대 가로주택정비사업,홍제동 266-238,조합설립인가,hongjedong238,410900000980i04,11410-900000980,,,,,,,,20221104,,,,,,,,
604,서대문구,재개발(주택정비형),홍제4 주택정비형 재개발 정비구역,홍제동 267-1,추진위원회승인,hongje267,410900001349G53,11410-900001349,,,,,,20251219,,,,,,,,,,
603,서대문구,재개발(도시정비형),홍제역 역세권활성화 사업,홍제동 298-9,사업시행인가,hongjestation,410900001350c58,11410-900001350,,,,,,,,20250903,,,,,,,,
602,서대문구,재개발(도시정비형),홍제3구역도시환경정비사업조합설립추진위원회,홍제동 306-2,추진위원회승인,l0yJeGRj,410900000064q92,11410-900000064,,,,,,20060922,,,,,,,,,,
601,서대문구,재개발(도시정비형),홍제역세권 도시정비형 재개발정비사업조합,홍제동 311-1,정비계획 수립,hongjae,410900001083c60,11410-900001083,,,,,,,,,,,,,,,,
600,서대문구,재개발(도시정비형),홍제제2구역 도시환경정비사업조합,홍제동 326-5,조합설립인가,LkC1S7nf,410900000076V47,11410-900000076,,,,,,20061201,,20150513,,,,,,,,
599,서초구,재건축,"신반포3차,경남 주택재건축정비사업조합",반포동 1-1,조합해산,shinbanpo3,650900000124k31,11650-900000124,,,,,,20030730,,20150423,,20170912,,20180702,,,20230830,
598,서초구,재건축,반포경남아파트 주택재건축 정비사업,반포동 1-8,추진위원회승인,banpokyeoungnam,,,,,,,,,,,,,,,,,,
597,서초구,재건축,신반포1차아파트 주택재건축정비사업 조합,반포동 2-1,조합청산,sbanpo1,650100002029h91,11650-100002029,,,,,,,,20030627,,,,20100824,20130902,,,
596,서초구,재건축,신반포15차아파트 주택재건축정비사업조합,반포동 12,조합청산,sinbanpo15,650100002018G94,11650-100002018,,,,,,20031008,,20131010,,20170530,,20180109,20200630,,20240607,
595,서초구,재건축,삼호가든5차아파트 재건축정비사업조합,반포동 30-1,조합설립인가,samho5,650900000645i33,11650-900000645,,,,,,20170302,,20200909,,,,,,,,
594,서초구,재건축,반포현대아파트주택재건축정비사업조합,반포동 30-15,이전고시,banpohyundai,650900000607a49,11650-900000607,,,,,,20150428,,20161028,,20170919,,20180720,20190523,,20210730,
593,서초구,재건축,삼호가든4차아파트 주택재건축 정비사업,반포동 30-18,조합해산,samho4,650900000146n58,11650-900000146,,,,,,20111108,,20130109,,20131224,,20150116,20181005,,20180921,
592,서초구,재건축,서초한양아파트 주택재건축정비사업 조합,반포동 32-5,조합청산,seochohanyang,650100002025t34,11650-100002025,,,,,,,,20131113,,20060621,,20141230,20151118,,20180830,
591,서초구,재건축,삼호가든맨션3차 재건축정비사업조합,반포동 32-8,조합해산,samho3,650100002000K90,11650-100002000,,,,,,20110718,,20130715,,20150206,,20170209,20180523,,20210604,
590,서초구,리모델링,반포동엠브이아파트 리모델링주택조합,반포동 46,,banpomv,650900000907y77,11650-900000907,,,,,,,,,,,,,,,,
589,서초구,재건축,반포미도1차아파트 재건축정비사업조합,반포동 60-4,조합설립인가,banpomido1,650900001251b52,11650-900001251,,,,,,20250124,,20250930,,,,,,,,
588,서초구,재건축,반포미도2차아파트 재건축정비사업 조합설립추진위원회,반포동 60-5,조합설립인가,banpomido2,650900001388u37,11650-900001388,,,,,,,,,,,,,,,,
587,서초구,재건축,신반포궁전아파트 주택재건축정비사업조합,반포동 65-1,조합설립인가,shinbanpogungjun,650900000590A09,11650-900000590,,,,,,20150507,,20251121,,,,,,,,
586,서초구,재건축,강남원효성빌라 재건축정비사업조합,반포동 591-1,조합설립인가,hyosung,650900000789h85,11650-900000789,,,,,,20220106,,20221219,,,,,,,,
585,서초구,재건축,반포아파트(제3주구) 주택재건축정비사업 조합,반포동 1053,착공,banpo3,650900000071b08,11650-900000071,,,,,,20030901,,,,20170925,,20210714,20230304,,,
584,서초구,재건축,"반포주공1단지(1,2,4주구) 주택재건축정비사업 조합",반포동 810,착공,banpojk,650900000161f71,11650-900000161,,,,,,20111228,,20130910,,20170927,,20181203,,,,
583,서초구,재건축,방배15 재건축정비사업조합,방배동 528-3,조합설립인가,cleanup43-9,650900000231J16,11650-900000231,,,,,,20230406,,20231219,,,,,,,,
582,서초구,재건축,방배13구역 주택재건축정비사업조합,방배동 541-2,철거,bangbae13,650900000606g35,11650-900000606,,,,,,20151123,,20160729,,20170907,,20180903,,,,
581,서초구,가로주택정비,방배대우가로주택정비사업,방배동 562-1,조합설립인가,bangwoo3,650900000984R05,11650-900000984,,,,,,,,20220921,,,,,,,,
580,서초구,재건축,신성빌라 주택재건축정비사업조합,방배동 593-98,조합설립인가,sinseong,,,,,,,,,,,,,,,,,,
579,서초구,재건축,방배신삼호아파트 재건축정비사업조합,방배동 725,조합설립인가,bangbaesinsamho,650900000130Y69,11650-900000130,,,,,,20040514,,20190315,,,,,,,,
578,서초구,재건축,방배삼호아파트 주택재건축정비사업 조합설립추진위원회,방배동 758-4,추진위원회승인,bangbae-samho,650900000725z39,11650-900000725,,,,,,20211019,,,,,,,,,,
577,서초구,재건축,방배6구역 주택재건축 정비사업 조합,방배동 818-14,이전고시,bangbae6,650100002002Q20,11650-100002002,,,,,,20061017,,20150309,,20160630,,20171221,20220818,,20251125,
576,서초구,재개발(도시정비형),내방세권역활성화사업,방배동 872-11,추진위원회승인,naebang,650900001191u23,11650-900001191,,,,,,,,,,,,,,,,
575,서초구,재건축,방배7구역 주택재건축정비사업조합,방배동 891-3,사업시행인가,bangbae7,650100002001G44,11650-100002001,,,,,,20060504,,20210111,,20240625,,,,,,
574,서초구,재건축,방배5구역주택재건축정비사업조합,방배동 946-8,착공,bangbae5,650100002007w79,11650-100002007,,,,,,20041216,,20120510,,20130729,,20160713,20220728,,,
573,서초구,재건축,방배14구역 주택재건축정비사업조합,방배동 975-35,철거,bangbae14,650900000572o93,11650-900000572,,,,,,20150123,,20160425,,20170620,,20171228,,,,
572,서초구,가로주택정비,방배동 도구머리공원 방배빌라 등 가로주택정비사업,방배동 980-36,조합설립인가,bb98057,650900000951g85,11650-900000951,,,,,,,,,,,,,,,,
571,서초구,재건축,방배신동아아파트 재건축정비사업조합,방배동 988-1,착공,shindongaapt,650900000760S41,11650-900000760,,,,,,20200902,,20201231,,20220708,,20231012,,,,
570,서초구,재건축,방배3구역주택재건축정비사업조합,방배동 992-1,조합해산,bangbae3,650900000114E95,11650-900000114,,,,,,20091230,,20110830,,,,,20160701,,20181029,
569,서초구,재건축,서초중앙하이츠2구역 주택재건축정비사업조합,방배동 1000-3,사업시행인가,seochojh2,,,,,,,,,,,,,,,,,,
568,서초구,재건축,서초중앙하이츠1구역 주택재건축정비사업조합,방배동 1000-4,사업시행인가,seochojh1,,,,,,,,,,,,,,,,,,
567,서초구,재건축,임광3차아파트 재건축정비사업 조합설립추진위원회,방배동 1010-1,추진위원회승인,imgwang3,650900001379Z39,11650-900001379,,,,,,20260123,,,,,,,,,,
566,서초구,재건축,방배삼익아파트 주택재건축정비사업조합,방배동 1018-1,분양,bangbaesamick,650900000122L33,11650-900000122,,,,,,20090928,,20171204,,20190523,,20211216,20231121,,,
565,서초구,재건축,방배경남아파트 주택재건축정비사업조합,방배동 1028-1,조합청산,seoch8,650900000115n28,11650-900000115,,,,,,20091207,,20150216,,20160808,,20170920,20181031,,20210723,
564,서초구,재건축,방배대우효령아파트 주택재건축정비사업 조합설립추진위원회,방배동 1038,추진위원회승인,dwhr1038,650900001472n77,11650-900001472,,,,,,20260402,,,,,,,,,,
563,서초구,재건축,서초삼호1차아파트 주택재건축 정비사업조합,서초동 1310,이전고시,OI4yD42v,650100002011I13,11650-100002011,,,,,,20030821,,20031208,,,,20080416,20140924,,20170622,
562,서초구,재건축,서초진흥아파트 주택재건축정비사업조합,서초동 1315,조합설립인가,edqat05F,650900000072H13,11650-900000072,,,,,,20040518,,20200312,,,,,,,,
561,서초구,재건축,우성2차아파트 주택재건축정비사업조합,서초동 1331,조합해산,wooseongtwo,650900000119r61,11650-900000119,,,,,,20100625,,20100811,,,,,20150925,,20180124,
560,서초구,재건축,우성3차 주택재건축정비사업조합,서초동 1332-1,조합해산,wooseongthree,650900000121b62,11650-900000121,,,,,,20100706,,20101230,,,,20131210,20140922,,20161223,
559,서초구,재건축,서초신동아아파트 주택재건축정비사업조합,서초동 1334,분양,seochosindonga,650900000434a52,11650-900000434,,,,,,20121101,,20150410,,20170331,,20180515,20241230,,,
558,서초구,재건축,서초무지개아파트 재건축정비사업 조합,서초동 1335,조합청산,seochorainbow,650900000073w43,11650-900000073,,,,,,20060508,,20120622,,20150724,,20161025,20180716,,20210629,
557,서초구,재건축,서초우성1차아파트 재건축정비사업조합,서초동 1336,조합해산,wooseongone,650900000118s19,11650-900000118,,,,,,20030821,,20140605,,20150819,,20161129,20180115,,20200925,
556,서초구,지역주택,삼성홈스테이 지역주택조합,서초동 1478-12,,samsunghomestay,650900000901q42,11650-900000901,,,,,,,,,,,,,,,,
555,서초구,가로주택정비,남양연립주택재건축정비사업조합,서초동 1611-1,이전고시,namyang,650900000612V47,11650-900000612,,,,,,,,,,,,,,,,
554,서초구,가로주택정비,한신양재 가로주택정비사업조합,양재동 18-12,조합설립인가,garoyangjae,650900000637u11,11650-900000637,,,,,,,,,,,,,,,,
553,서초구,가로주택정비,"양재동 풍림, 현대빌라 가로주택정비사업조합",양재동 18-18,조합설립인가,phgaro,650900001161O46,11650-900001161,,,,,,,,,,,,,,,,
552,서초구,재건축,우면한라아파트 재건축정비사업 조합설립추진위원회,우면동 67,추진위원회승인,wmhalla,650900001508Z28,11650-900001508,,,,,,,,,,,,,,,,
551,서초구,재건축,신반포18차 337동 주택재건축정비사업조합,잠원동 49-17,준공인가,sinbanpo18cha337,650900000578F14,11650-900000578,,,,,,20150205,,20151218,,20190429,,20210114,20230109,,20260624,
550,서초구,재건축,신반포12차아파트 재건축정비사업조합,잠원동 50-5,관리처분인가,sinbanpo12,650900000605h56,11650-900000605,20140722,,,,,20150917,,20210420,,20240604,,20250922,,,,
549,서초구,재건축,신반포18차24차 주택재건축정비사업조합,잠원동 52,조합청산,hanshin18,650900000128X13,11650-900000128,,,,,,20100318,,20100518,,,,20150902,20161130,,20190621,
548,서초구,재건축,신반포13차 주택재건축정비사업 조합,잠원동 52-2,조합청산,shinbanpo13,650900000553y17,11650-900000553,,,,,,20140602,,20151007,,20170714,,20180417,20200422,,20230627,
547,서초구,리모델링,미주파스텔아아파트 리모델링주택조합,잠원동 54,,mijuremo2020,650900000904A12,11650-900000904,,,,,,,,,,,,,,,,
546,서초구,재건축,신반포16차아파트 주택재건축정비사업조합,잠원동 55-10,관리처분인가,sbanpo16,650900000649E76,11650-900000649,20160614,,,,,20170323,,20180221,,20231102,,,,,,
545,서초구,재건축,신반포27차아파트 주택재건축정비사업조합,잠원동 56-2,관리처분인가,sinbanpo27,650900000648l45,11650-900000648,,,,,,20170228,,20180626,,20230112,,20250923,,,,
544,서초구,재건축,잠원동 대림아파트 주택재건축 정비사업 조합,잠원동 57,조합청산,jwdaelim,650100002003h96,11650-100002003,,,,,,,,20061201,,,,,20130830,,,
543,서초구,재건축,신반포21차아파트 주택재건축정비사업조합,잠원동 59-10,준공인가,sinbanpo21,650900000631X25,11650-900000631,,,,,,20160929,,20170516,,20190814,,20210423,20220329,,20260605,
542,서초구,재건축,신반포4지구 재건축정비사업조합,잠원동 60-3,준공인가,hs4apt,650900000599M68,11650-900000599,,,,20131031,,20031124,,,,20171016,,20181203,20211028,,,
541,서초구,재건축,신반포20차아파트 주택재건축정비사업조합,잠원동 60-78,조합설립인가,sinbanpo20,650900000628L06,11650-900000628,,,,,,20160802,,20170627,,,,,,,,
540,서초구,재건축,신반포25차아파트주택재건축정비사업조합설립추진위원회,잠원동 61-1,추진위원회승인,sinbanpo25,,,,,,,,,,,,,,,,,,
539,서초구,재건축,신반포19차 25차(아) 재건축정비사업조합,잠원동 61-2,조합설립인가,shinbanpo19,650900000610y42,11650-900000610,,,,,,20150924,,20160831,,,,,,,,
538,서초구,재건축,신반포5차아파트 주택재건축정비사업 조합,잠원동 64-8,이전고시,W8N045i7,650100002008l65,11650-100002008,,,,,,,,20141113,,20050516,,,,,,
537,서초구,재건축,신반포7차아파트주택재건축정비사업조합,잠원동 65-32,조합설립인가,shinbanpo7,650900000608O06,11650-900000608,,,,,,20021224,,20150508,,,,,,,,
536,서초구,재건축,신반포22차아파트 주택재건축정비사업조합,잠원동 65-33,착공,shinbanpo22,650900000616f18,11650-900000616,,,,,,20160223,,20170406,,20170922,,20180413,20240422,,,
535,서초구,재건축,반포한양아파트 주택재건축정비사업조합,잠원동 66,조합청산,PJ82der7,650100002023E96,11650-100002023,,,,,,,,20010308,,20060707,,20100723,,,20180727,
534,서초구,재건축,신반포4차아파트 재건축정비사업조합,잠원동 70,조합설립인가,sinbanpo4,650900000560N91,11650-900000560,,,,,,20131217,,20191231,,,,,,,,
533,서초구,재건축,신반포2차아파트 재건축정비사업조합,잠원동 73,조합설립인가,sinbanpo2,650100002015F57,11650-100002015,,,,20230616,,20030901,,20201116,,,,,,,,
532,서초구,재건축,반포우성아파트 재건축 조합,잠원동 74-1,조합해산,banpowooseong,650900000486M83,11650-900000486,,,,,,,,20130708,,20051230,,20171117,20190827,,20220830,
531,서초구,재건축,신반포6차아파트 주택재건축정비사업 조합,잠원동 74-2,조합해산,XchC064Q,650100002009C14,11650-100002009,,,,,,,,20020201,,20050516,,20160829,20170815,,20200428,
530,서초구,재건축,신반포14차 주택재건축정비사업 조합,잠원동 74,조합해산,shinbanpo14,650900000437M66,11650-900000437,,,,,,20131105,,20160903,,20170911,,20180413,20191217,,20221228,
529,성동구,재개발(주택정비형),금호제15구역 주택재개발정비사업조합,금호동1가 280,조합청산,ZEIOld61,200100002006Y45,11200-100002006,,,,,,20040821,,20070126,,20070920,,20140227,20150529,,20180227,
528,성동구,재개발(주택정비형),금호제13구역 주택재개발정비사업조합,금호동2가 200,조합해산,kumho13,,,,,,,,,,,,,,,,,,
527,성동구,재개발(도시정비형),(가칭)금호동2가 421-1번지 일원 도시정비형 재개발정비사업,금호동2가 421-1,정비계획 수립,singumhosa2,200900001284h79,11200-900001284,,,,,,,,,,,,,,,,
526,성동구,재개발(주택정비형),금호제16구역주택재개발정비사업조합,금호동2가 501-31,관리처분인가,bxP5EfNQ,200100002007S89,11200-100002007,,,,,,20050930,,20080421,,20080422,,20240411,,,,
525,성동구,재개발(주택정비형),금호제17구역 주택재개발정비사업조합,금호동2가 566,조합청산,ZO2PM42g,,,,,,,,,,,,,,,,,,
524,성동구,재개발(도시정비형),(가칭)금호동2가 684번지 일원 도시정비형재개발정비사업,금호동2가 684,정비계획 수립,khd2g684,200900001217X59,11200-900001217,,,,,,,,,,,,,,,,
523,성동구,재개발(주택정비형),금호제19구역 주택재개발정비사업조합,금호동2가 900,조합해산,PL0Tvr4o,,,,,,,,,,,,,,,,,,
522,성동구,재개발(주택정비형),금호21구역 주택재개발정비사업,금호동3가 1,조합설립인가,gumho21,200900001086x45,11200-900001086,,,,20220825,,20231221,,20241018,,,,,,,,
521,성동구,재개발(주택정비형),금호제18구역주택재개발정비사업조합,금호동3가 632,이전고시,VDDWN5sC,,,,,,,,,,,,,,,,,,
520,성동구,재개발(주택정비형),금호제20구역 주택재개발정비사업 조합,금호동4가 56-1,조합해산,geumho20,200100002021N24,11200-100002021,,,,,,20060502,,20100601,,20071228,,20111124,20150828,,20180219,
519,성동구,재개발(주택정비형),금호제14-1구역 주택재개발정비사업조합,금호동4가 480,조합해산,kumho141,200100001002Z37,11200-100001002,,,,,,20070716,,20100128,,20140206,,20180329,,,,
518,성동구,재개발(주택정비형),금호제14구역 주택재개발정비사업조합,금호동4가 235,조합해산,OY42gEX7,,,,,,,,,,,,,,,,,,
517,성동구,재건축,마장세림아파트 주택재건축사업,마장동 784,조합설립인가,mserim,200900000943S28,11200-900000943,,,,,,20230220,,20231222,,,,,,,,
516,성동구,재개발(주택정비형),사근동 293번지 일대,사근동 293,정비구역지정,sageun293,200900001274d57,11200-900001274,,,,,,,,,,,,,,,,
515,성동구,재개발(주택정비형),왕십리뉴타운 제2구역 주택재개발정비사업조합,상왕십리동 12-37,조합해산,C77oUAZ4,,,,,,,,,,,,,,,,,,
514,성동구,재건축,경동연립 재건축정비사업 조합설립추진위원회,성수동1가 22-13,추진위원회승인,kyungdong,,,,,,,,,,,,,,,,,,
513,성동구,재건축,장미아파트 주택재건축정비사업 조합설립추진위원회,성수동1가 656-421,추진위원회승인,jangmy,,,,,,,,,,,,,,,,,,
512,성동구,재건축,장미아파트주택재건축정비사업,성수동1가 656-421,착공,kbret02,200900000718n44,11200-900000718,,,,,,,,,,20210722,,20220929,,,,
511,성동구,재건축,성수제1구역주택재건축정비사업조합,성수동1가 656-1267,조합설립인가,sungsu1,200100002023N53,11200-100002023,,,,,,20040115,,20200806,,,,,,,,
510,성동구,재개발(주택정비형),성수전략정비구역 제1 주택정비형 재개발정비사업조합,성수동1가 72-10,조합설립인가,seongsu,200100002009a28,11200-100002009,,,,,,20091027,,20170718,,,,,,,,
509,성동구,재개발(주택정비형),성수전략정비구역 제4지구 주택재개발정비사업조합,성수동2가 219-4,조합설립인가,seongsu4,200900000045h80,11200-900000045,,,,,,20091022,,20160725,,,,,,,,
508,강남구,재건축,개포주공3단지아파트 재건축정비사업 조합,개포동 138,조합해산,gaepo3,680100002007B38,11680-100002007,,,,,,20031114,,20130122,,20140522,,20150930,20160621,,20190829,
507,강남구,재건축,개포주공2단지 주택재건축정비사업조합,개포동 140,조합해산,gaepo22,680900001276m18,11680-900001276,,,,,,,,20160514,,,,,,,,
506,강남구,재건축,개포주공2단지 주택재건축정비사업조합,개포동 140,조합해산,gaepo2,680100002008V99,11680-100002008,,,,,,20031215,,20130624,,20140521,,20150204,20151229,,20190226,
505,강남구,재건축,"개포주공6,7단지아파트 재건축정비사업조합",개포동 185,사업시행인가,gaepo6_7,680900000688Q62,11680-900000688,,,,20160324,,20190212,,20210122,,20241111,,,,,,
504,강남구,재건축,개포주공5단지아파트 재건축정비사업 조합,개포동 187,관리처분인가,gaepo5,680900000683Y53,11680-900000683,,,,,,20190212,,20201201,,20231012,,20250929,,,,
503,강남구,재건축,개포주공4단지아파트 재건축정비사업 조합,개포동 189,준공인가,gaepofour,680100002009j14,11680-100002009,,,,,,20031218,,20131121,,20151130,,20170616,,,20230228,
502,강남구,재건축,개포 경남·우성3차·현대1차 통합 재건축정비사업,개포동 649,추진위원회승인,ruddngus,680900001390P37,11680-900001390,,,,,,20260428,,,,,,,,,,
501,강남구,재건축,개포현대2차아파트 재건축정비사업,개포동 654,추진위원회승인,gaepohd2,680900001389E54,11680-900001389,,,,,,20260311,,,,,,,,,,
500,강남구,소규모재건축,"개포현대2차아파트 200동,220동 소규모재건축사업조합",개포동 655,조합설립인가,hd200220,680900001464p70,11680-900001464,,,,,,,,,,,,,,,,
499,강남구,재건축,개포시영(아) 주택재건축정비사업조합,개포동 656,조합해산,K0HnsE0P,680100002012X19,11680-100002012,,,,,,20031215,,20130809,,20140620,,20160106,20170818,,20200928,
498,성동구,재개발(주택정비형),하왕제1-5구역주택재개발정비사업조합,하왕십리동 999,조합해산,foS7SDlo,200100002005M19,11200-100002005,,,,,,20070320,,20070831,,20080318,,20101014,20150605,,20170728,
497,성동구,재개발(주택정비형),행당제7구역 주택재개발정비사업조합,행당동 128,분양,Bfmv3f5Q,200100001001C94,11200-100001001,,,,,,20040305,,20120727,,20161229,,20190830,,,,
496,성동구,재개발(도시정비형),행당동248번지 일대 역세권활성화사업 도시정비형 재개발사업,행당동 248,추진위원회승인,haengdang248,200900001187i85,11200-900001187,,,,,,,,,,,,,,,,
495,성북구,재개발(주택정비형),길음2재정비촉진구역 주택재개발정비사업조합,길음동 498,조합해산,khtdHB3c,290100015000S45,11290-100015000,,,,,,20050829,,20090625,,20121029,,20140424,20150911,,20190228,
494,성북구,재개발(주택정비형),길음역세권재정비촉진구역 주택재개발정비사업조합,길음동 542-1,준공인가,gileumnt,290100014002H37,11290-100014002,,,,,,20040603,,20081112,,20100428,,20181011,20200603,,20240429,
493,성북구,재개발(주택정비형),길음제8구역 주택재개발정비사업조합,길음동 612-10,조합해산,jZ11fmt0,,,,,,,,,,,,,,,,,,
492,성북구,재개발(도시정비형),신길음1구역 재개발정비사업 조합,길음동 31-1,조합설립인가,shingilum1,290900000055D16,11290-900000055,,,,,,20080130,,20121101,,,,,,,,
491,성북구,재개발(주택정비형),돈암제5구역 주택재개발정비사업조합,돈암동 13-7,조합해산,donam5,,,,,,,,,,,,,,,,,,
490,성북구,재개발(주택정비형),돈암6구역 주택재개발정비사업조합,돈암동 48-29,사업시행인가,ae3G8kz7,290900000097V21,11290-900000097,,,,,,20140226,,20190930,,20250731,,,,,,
489,성북구,재개발(주택정비형),돈암·정릉구역 주택재개발정비사업 조합,돈암동 535-54,조합청산,FyZug0mX,290100001000e67,11290-100001000,,,,,,20060221,,20090123,,,,20120611,20131106,,20161229,
488,성북구,지역주택,돈암동역세권지역주택조합,돈암동 624,조합규약작성,donamstationarea,290900000896R01,11290-900000896,,,,,,,,,,,,,,,,
487,성북구,재개발(주택정비형),동선제2구역 주택재개발정비사업조합,동선동4가 304-2,착공,dongseon2,290100011002l44,11290-100011002,,,,,,20060303,,20120516,,20140228,,20190617,20260518,,,
486,성북구,재개발(주택정비형),동소문제2구역 주택재개발정비사업조합,동소문동2가 33,조합설립인가,dongsomoon2,290100009003q23,11290-100009003,,,,,,20060322,,20080317,,,,,,,,
485,성북구,재개발(주택정비형),보문제2구역 주택재개발정비사업조합,보문동1가 60-28,준공인가,bomun2,290100007001z25,11290-100007001,,,,,,20040906,,20080809,,20140317,,20160331,20190919,,20220330,
484,성북구,재개발(주택정비형),보문제5구역 주택재개발정비사업조합,보문동1가 196-11,착공,K9P2ZhIS,290100007003a23,11290-100007003,,,,,,20051021,,20100824,,20180712,,20200206,20230608,,,
483,성북구,재개발(주택정비형),보문제4구역 주택재개발정비사업조합,보문동3가 225,조합해산,K83R314G,,,,,,,,,,,,,,,,,,
482,성북구,재개발(주택정비형),보문제3구역 주택재개발정비사업조합,보문동6가 207,조합청산,bomun3,290100003003L29,11290-100003003,,,,,,20041007,,20070202,,20080509,,20110210,20140424,,20170118,
481,성북구,재개발(주택정비형),삼선제5구역 주택재개발정비사업조합,삼선동2가 296,분양,hp93vzk4,290100009002d66,11290-100009002,,,,,,20050604,,20100719,,20160714,,20180830,20221004,,,
480,성북구,재개발(주택정비형),석관제2구역 주택재개발정비사업조합,석관동 58-56,조합해산,seokgwan2,290100005000w49,11290-100005000,,,,,,20060221,,20120627,,,,20120217,20161101,,20190228,
479,성북구,재개발(주택정비형),석관4구역 주택정비형 재개발사업,석관동 62-1,추진위원회승인,seokgwan4,290900001181W88,11290-900001181,,,,,,20260429,,,,,,,,,,
478,성북구,가로주택정비,석관1-3구역 가로주택정비사업 조합,석관동 261-98,조합설립인가,seokgwan13,,,,,,,,,,,,,,,,,,
477,성북구,가로주택정비,석관1의7구역 가로주택정비사업조합,석관동 332-46,조합설립인가,seokgwan1-7,290900000924D00,11290-900000924,,,,,,,,20220224,,,,,,,,
476,성북구,가로주택정비,석관1의2구역 가로주택정비사업,석관동 332-113,조합설립인가,seokgwan1-2,290900001238r40,11290-900001238,,,,,,,,20240513,,,,,,,,
475,성북구,가로주택정비,석관1의8구역 가로주택정비사업조합,석관동 332-179,조합설립인가,seokgwan1-8,290900000968c39,11290-900000968,,,,,,,,20220824,,,,,,,,
474,성북구,가로주택정비,석관2의2구역 가로주택정비사업,석관동 332-336,조합설립인가,seokgwan2-2,290900001293j20,11290-900001293,,,,,,,,,,,,,,,,
473,성북구,가로주택정비,석관1의1구역 가로주택정비사업,석관동 334-69,조합설립인가,seokgwan1-1,290900000962y86,11290-900000962,,,,,,,,20220720,,,,,,,,
472,성북구,재개발(주택정비형),석관제3구역 주택재개발정비사업조합,석관동 338-540,조합해산,nDinXQkG,,,,,,,,,,,,,,,,,,
471,성북구,재개발(주택정비형),성북1구역 주택정비형 공공재개발 사업(LH),성북동 179-68,조합설립인가,tjdqnr1rndur,290100004001d07,11290-100004001,,,,,,20040730,,20250122,,,,,,,,
470,성북구,재개발(주택정비형),성북제2구역 주택재개발정비사업 조합,성북동 226,사업시행인가,seongbuk2,290900000159b32,11290-900000159,,,,,,20040913,,,,20240905,,,,,,
469,성북구,가로주택정비,성북동300-5번지일대 가로주택정비사업조합,성북동 300-5,조합설립인가,sbd3005,290900001089s53,11290-900001089,,,,,,,,20230419,,,,,,,,
468,성북구,가로주택정비,대광빌라 가로주택정비사업,안암동3가 54,조합설립인가,daegwang,290900000965r97,11290-900000965,,,,,,,,20220825,,,,,,,,
467,성북구,재개발(주택정비형),안암2구역 주택재개발 정비사업조합,안암동3가 132-17,이전고시,tIV92Zph,290100003002q85,11290-100003002,,,,,,20060105,,20160412,,20170112,,20200207,,,,
466,성북구,재건축,안암제1구역 주택재건축정비사업조합,안암동3가 136-1,조합설립인가,iyeyCW3b,290100011001f64,11290-100011001,,,,,,19980615,,19980615,,,,,,,,
465,성북구,재개발(주택정비형),장위제6구역 주택재개발정비사업조합,장위동 25-55,착공,jw6apt,290100016014y91,11290-100016014,,,,,,20050808,,20100624,,20150501,,20200708,20240320,,,
464,성북구,가로주택정비,장위11-3구역 가로주택정비사업 조합,장위동 65-107,조합설립인가,jangwi11and3,290900000812w90,11290-900000812,,,,,,,,20210122,,,,,,,,
463,성북구,가로주택정비,장위11의4구역 가로주택정비사업조합,장위동 66-146,조합설립인가,jangwi11-4,290900000971T25,11290-900000971,,,,,,,,20220824,,,,,,,,
462,성북구,재개발(도시정비형),돌곶이·상월곡역세권 장기전세주택 도시정비형재개발,장위동 66-300,추진위원회승인,jangwi11,290900001443Q15,11290-900001443,,,,,,,,,,,,,,,,
461,성북구,재개발(주택정비형),장위10구역 주택재개발정비사업조합,장위동 68-37,관리처분인가,jw10com,290100016010Z93,11290-100016010,,,,,,20080423,,20090727,,20130701,,20170727,,,,
460,성북구,가로주택정비,가칭)장위11-8구역 가로주택정비사업 준비위원회,장위동 68-274,추진위원회승인,jangwi118,290900000748o23,11290-900000748,,,,,,,,,,,,,,,,
459,성북구,가로주택정비,장위11-1구역 가로주택정비사업 조합,장위동 68-435,조합설립인가,jang111,290900000805P91,11290-900000805,,,,,,,,20201223,,,,,,,,
458,성북구,가로주택정비,장위11-2구역 가로주택정비사업 조합,장위동 68-833,사업시행인가,jang112,290900000806o89,11290-900000806,,,,,,,,20210609,,,,,,,,
457,성북구,재개발(주택정비형),장위8구역 공공재개발정비사업,장위동 85,조합설립인가,jangwi08,290900001226x55,11290-900001226,,,,,,,,20240429,,,,,,,,
456,성북구,재개발(주택정비형),장위5구역 주택재개발정비사업조합,장위동 173-114,조합해산,jw5apt,290100016011M46,11290-100016011,,,,,,20050512,,20090421,,20130408,,20141222,20170201,,20190927,
455,성북구,재개발(주택정비형),장위 7구역 주택재개발정비사업조합,장위동 189-3,조합해산,jw7apt,290100016001E06,11290-100016001,,,,,,20080506,,20090320,,20130110,,20160912,20180413,,20201230,
454,성북구,재개발(주택정비형),장위13-1구역(가칭) 주택재개발정비사업,장위동 219-90,추진위원회승인,wkddnl13-1,290900001432L89,11290-900001432,,,,,,20260602,,,,,,,,,,
453,성북구,가로주택정비,장위13의8구역 가로주택정비사업,장위동 219-114,조합설립인가,jang13-8,290900000963d35,11290-900000963,,,,,,,,20220714,,,,,,,,
452,성북구,가로주택정비,장위13-4구역 가로주택정비사업 조합,장위동 219-133,조합설립인가,jang134,290900000813J05,11290-900000813,,,,,,,,20201113,,,,,,,,
451,성북구,재개발(주택정비형),장위13-2구역 주택정비형 재개발사업,장위동 224-12,추진위원회승인,jangwi13-2,290900001431s73,11290-900001431,,,,,,20260602,,,,,,,,,,
450,성북구,가로주택정비,장위13-6 가로주택정비사업 조합,장위동 232-41,조합설립인가,jang136,290900000814C75,11290-900000814,,,,,,,,20210511,,,,,,,,
449,성북구,가로주택정비,장위13의9구역 가로주택정비사업,장위동 232-125,조합설립인가,jang139,290900000891K07,11290-900000891,,,,,,,,20210902,,,,,,,,
448,성북구,재개발(주택정비형),장위15구역 주택재개발정비사업조합,장위동 233-42,조합설립인가,jangwi15,290100016005W31,11290-100016005,,,,,,20100709,,20220328,,,,,,,,
447,성북구,재개발(주택정비형),장위14구역 주택재개발정비사업조합,장위동 233-552,조합설립인가,NYXi5tpV,290100016004z62,11290-100016004,,,,,,20080530,,20100526,,,,,,,,
446,성북구,재개발(주택정비형),장위9구역 주택정비형 공공재개발사업(LH),장위동 238-83,조합설립인가,wkddnl09,290900001228j07,11290-900001228,,,,,,,,20240110,,,,,,,,
445,성북구,재개발(주택정비형),장위 4구역 주택재개발정비사업조합,장위동 289,착공,JM5OA9h6,290100016009z05,11290-100016009,,,,,,20080422,,20090226,,20130619,,20170224,20210221,,,
444,성북구,재개발(주택정비형),장위3구역 주택재개발정비사업 조합,장위동 350,추진위원회승인,Y5NM9zK5,290900001373O75,11290-900001373,,,,,,20241202,,,,,,,,,,
443,성북구,재개발(주택정비형),정릉길음제9구역 주택재개발정비사업조합,정릉동 10,조합해산,K2AsO42I,,,,,,,,,,,,,,,,,,
442,성북구,재개발(주택정비형),길음5재정비촉진구역 주택재개발정비사업 조합,정릉동 175,조합설립인가,gileum5,290100023000d88,11290-100023000,,,,,,20100614,,20190819,,,,,,,,
441,성북구,가로주택정비,정릉동 218의1 가로주택정비사업 조합,정릉동 218-1,사업시행인가,jeongreung,290900000811h10,11290-900000811,,,,,,,,20200122,,20250725,,,,,,
440,성북구,가로주택정비,정릉동 223-1번지 일대 가로주택정비사업 조합,정릉동 223-1,조합설립인가,jung223-1,290900001407u75,11290-900001407,,,,,,,,,,,,,,,,
439,성북구,가로주택정비,정릉동 226-1번지 일대 가로주택정비사업 조합,정릉동 226-1,조합설립인가,jung226-1,290900001153U00,11290-900001153,,,,,,,,20230821,,,,,,,,
438,성북구,가로주택정비,정릉동 385-1번지 일대 가로주택정비사업 조합,정릉동 385-1,조합설립인가,sjung385,290900000982W19,11290-900000982,,,,,,,,20220824,,,,,,,,
437,성북구,지역주택,정릉역지역주택조합,정릉동 452-3,조합원 모집신고,jeongneungstation,290900000895Z73,11290-900000895,,,,,,,,,,,,,,,,
436,성북구,재건축,정릉7 주택재건축정비사업 조합,정릉동 506-159,사업시행인가,am2r6eWA,290100011000o98,11290-100011000,,,,,,20050331,,20051223,,20070510,,,,,,
435,성북구,재개발(주택정비형),정릉제10구역 주택재개발정비사업조합,정릉동 539-1,조합해산,mv8c1LWO,,,,,,,,,,,,,,,,,,
434,성북구,가로주택정비,정릉동 545-12번지 일대 가로주택정비사업,정릉동 545-12,조합설립인가,jeongneung545-12,,,,,,,,,,,,,,,,,,
433,성북구,가로주택정비,정릉동 545-12번지 일대 가로주택정비사업,정릉동 545-12,조합설립인가,jnd545-12,290900001107O22,11290-900001107,,,,,,,,20221216,,,,,,,,
432,성북구,소규모재건축,정릉스카이연립 소규모재건축정비사업,정릉동 670-24,조합설립인가,jeongneungsky,290900001087z09,11290-900001087,,,,,,,,20230209,,,,,,,,
431,성북구,재개발(주택정비형),정릉2구역(가칭) 주택정비형 재개발사업,정릉동 710-81,정비계획 수립,jeongneug2,290900001514V20,11290-900001514,,,,,,,,,,,,,,,,
430,성북구,재개발(주택정비형),정릉골구역 주택재개발정비사업조합,정릉동 757,관리처분인가,VKEmLr86,290900000106y14,11290-900000106,,,,,,20140624,,20170602,,20211229,,20240122,,,,
429,성북구,재개발(주택정비형),정릉제3구역주택재개발정비사업 조합설립추진위원회,정릉동 894,추진위원회승인,uaVh26mK,,,,,,,,,,,,,,,,,,
428,성북구,소규모재건축,이화연립소규모재건축정비사업,정릉동 895,조합설립인가,ihwaapt,290900000894W81,11290-900000894,,,,,,,,20210721,,,,,,,,
427,성북구,재개발(주택정비형),종암8구역 주택정비형 재개발사업,종암동 3-10,추진위원회승인,jongam8,290900001209C21,11290-900001209,,,,,,,,,,,,,,,,
426,성북구,가로주택정비,종암동 3-745일대 가로주택정비사업조합,종암동 3-745,조합설립인가,jong3745,290900001179R45,11290-900001179,,,,,,,,20220511,,,,,,,,
425,성북구,가로주택정비,종암동 개운산마을 가로주택정비사업조합,종암동 81-188,착공,jongam81,290900000803k17,11290-900000803,,,,,,,,20210415,,20231025,,,20251014,,,
424,성북구,재개발(주택정비형),종암제6구역주택재개발정비사업조합,종암동 95-2,조합해산,dfvX7I3G,,,,,,,,,,,,,,,,,,
423,성북구,가로주택정비,종암동 112번지 일대 가로주택정비사업,종암동 112-1,조합설립인가,jongam-112,290900000898S34,11290-900000898,,,,,,,,20220110,,,,,,,,
422,성북구,가로주택정비,종암동 125-1번지 일대 LH참여형 가로주택정비사업 조합,종암동 125-1,조합설립인가,sumdoli1251,290900001405i75,11290-900001405,,,,,,,,20221108,,,,,,,,
421,성북구,재개발(주택정비형),종암9구역 주택정비형 재개발사업,종암동 125-35,추진위원회승인,jongam9,290900001258N06,11290-900001258,,,,,,20251128,,,,,,,,,,
420,성북구,가로주택정비,하월곡2구역 가로주택정비사업조합,하월곡동 40-107,조합설립인가,wolgok2won,290900000957Y40,11290-900000957,,,,,,,,20220720,,,,,,,,
419,성북구,재개발(주택정비형),하월곡1구역 주택정비형 재개발사업,하월곡동 70-1,추진위원회승인,hawolgok1,290900001296Q13,11290-900001296,,,,,,20251117,,,,,,,,,,
418,성북구,소규모재건축,동신아파트소규모재건축정비사업,하월곡동 70-4,분양,DongSin,290900000897C26,11290-900000897,,,,,,,,20211230,,20250417,,,,,,
417,성북구,재개발(도시정비형),신월곡1구역 도시환경정비사업조합,하월곡동 88-142,관리처분인가,Gcn7LOan,290100017001Z78,11290-100017001,,,,,,20060406,,20090831,,20200820,,20221129,,,,
416,송파구,가로주택정비,가락현대6차아파트 가로주택정비사업,가락동 55,조합설립인가,grhd6ch,710900000988a92,11710-900000988,,,,,,,,20221205,,,,,,,,
415,송파구,재건축,가락우성1차아파트 재건축정비사업 조합,가락동 96-1,조합설립인가,woosung01,710900001123W53,11710-900001123,,,,,,20241224,,20260312,,,,,,,,
414,송파구,재건축,가락미륭아파트 재건축정비사업조합,가락동 138,관리처분인가,garakmirung,710900000740E38,11710-900000740,,,,,,20200807,,20210414,,20240627,,20251201,,,,
413,송파구,리모델링,가락쌍용1차아파트 리모델링주택조합,가락동 140,안전진단(1차),grss1rm,710900000959v52,11710-900000959,,,,,,,,,,,,,,,,
412,송파구,소규모재건축,가락현대5차아파트 소규모재건축정비사업조합,가락동 161-3,준공인가,grh5apt,710900000753G83,11710-900000753,,,,,,,,20200428,,20220118,,,20230120,,20260508,
411,송파구,재건축,삼환가락아파트 재건축정비사업 조합,가락동 176,관리처분인가,samhwan,710900000690B01,11710-900000690,,,,,,20180523,,20190429,,20240228,,20260203,,,,
410,송파구,재건축,가락극동아파트 재건축사업 조합,가락동 192,사업시행인가,garakgd,710900000691T50,11710-900000691,,,,,,20180703,,20200626,,20260716,,,,,,
409,송파구,재건축,가락프라자아파트 주택재건축정비사업조합,가락동 199,관리처분인가,gpapt199,710900000663k58,11710-900000663,,,,,,20171201,,20190328,,20240111,,20250314,,,,
408,송파구,재건축,가락시영아파트 주택재건축정비사업 조합,가락동 479,조합해산,hCmUm22k,710100002010L63,11710-100002010,,,,,,,,20030612,,20080401,,20150127,20151101,,20181228,
407,송파구,지역주택,(가칭)거여파크 지역주택조합 추진위원회,거여동 6,지구단위계획수립/건축심의/교통심의,rjduvkzmcnwlsdnl,710900000876l16,11710-900000876,,,,,,,,,,,,,,,,
406,송파구,지역주택,거여역2 지역주택조합,거여동 173-3,,rjdudur2wldur,710900000875F86,11710-900000875,,,,,,,,,,,,,,,,
405,송파구,재개발(주택정비형),거여2재정비촉진구역 1지구 주택재개발정비사업조합,거여동 181,조합해산,geoyeo21,710100002008h58,11710-100002008,,,,,,20050628,,20090206,,20130812,,20150427,20190201,,20211231,
404,송파구,재개발(주택정비형),거여2재정비촉진구역제2지구 주택재개발정비사업조합,거여동 234,조합해산,geoyeo2,710100002007E56,11710-100002007,,,,,,20081028,,20081231,,20120419,,20150626,20161230,,20200626,
403,송파구,리모델링,거여5단지아파트 리모델링주택조합,거여동 294,,geoyeo5,710900000941b12,11710-900000941,,,,,,,,,,,,,,,,
402,송파구,재개발(주택정비형),거여새마을구역(LH),거여동 549,사업시행인가,geoyeosae,710900001138U13,11710-900001138,,,,,,20230627,,20230627,,20260204,,,,,,
401,송파구,재개발(주택정비형),마천2재정비촉진구역 주택재개발정비사업,마천동 183-1,추진위원회승인,machun2,710900001175X61,11710-900001175,,,,,,20260417,,,,,,,,,,
400,송파구,재개발(주택정비형),마천1재정비촉진구역 주택재개발정비사업조합,마천동 194-1,조합설립인가,macheon-1,710900000742i64,11710-900000742,,,,,,20201126,,20220525,,,,,,,,
399,송파구,재개발(주택정비형),마천3재정비촉진구역 주택재개발정비사업조합,마천동 283,사업시행인가,macheon3,710900000144r63,11710-900000144,,,,,,20120321,,20200622,,20260331,,,,,,
398,송파구,재개발(주택정비형),마천4재정비촉진구역 주택재개발정비사업조합,마천동 323,관리처분인가,akcjs4,710900000539E42,11710-900000539,,,,,,20140417,,20150724,,20210402,,20240130,,,,
397,송파구,재개발(주택정비형),마천5재정비촉진구역 재개발정비사업조합,마천동 45,조합설립인가,machun5,710900001101J75,11710-900001101,,,,,,20250422,,20260108,,,,,,,,
396,송파구,재건축,가락1차현대아파트 재건축정비사업 조합,문정동 3,사업시행인가,hyundai,710900000689x43,11710-900000689,,,,,,20180706,,20190719,,20250124,,,,,,
395,송파구,리모델링,문정건영아파트 리모델링주택조합,문정동 72-3,도시계획심의,kylm2020,710900000939N20,11710-900000939,,,,,,,,,,,,,,,,
394,송파구,재건축,문정동 136번지일대 주택재건축정비사업조합,문정동 136,이전고시,moonsarang136,710900000431v56,11710-900000431,,,,,,20150630,,20160601,,20170706,,20190403,20211029,,20240830,
393,송파구,리모델링,문정시영아파트 리모델링 주택조합,문정동 145,,siyoung-apt,710900001440u32,11710-900001440,,,,,,,,,,,,,,,,
392,송파구,재건축,올림픽훼밀리타운 재건축정비사업 조합설립추진위원회,문정동 150,추진위원회승인,OlympicFamilyTown,710900001358O47,11710-900001358,20220726,,,,,20251224,,,,,,,,,,
391,송파구,재건축,올림픽선수기자촌아파트 재건축정비사업 조합설립추진위원회,방이동 89,추진위원회승인,olympicapt,710900001392O27,11710-900001392,,,,,,20251118,,,,,,,,,,
390,송파구,재건축,대림가락아파트 재건축정비사업조합,방이동 217,조합설립인가,daelim,710900000854k71,11710-900000854,,,,,,20220408,,20230209,,,,,,,,
389,송파구,재건축,한양3차아파트 재건축정비사업조합,방이동 225,관리처분인가,hanyang3,710900000730a33,11710-900000730,,,,,,20200130,,20210303,,20240514,,20260617,,,,
388,송파구,지역주택,(가칭)석촌역지역주택조합,석촌동 287,조합원 모집신고,tjrchsdur,710900000871W80,11710-900000871,,,,,,,,,,,,,,,,
387,송파구,지역주택,(가칭)송파역지역주택조합,송파동 100,,thdvkdur,710900000869z80,11710-900000869,,,,,,,,,,,,,,,,
386,송파구,재건축,송파동 100번지 일대 조합설립추진위원회,송파동 100,추진위원회승인,songpa100,,,,,,,,,,,,,,,,,,
385,송파구,재건축,한양1차아파트 재건축정비사업,송파동 119,추진위원회승인,hanyang01,710900001359E57,11710-900001359,,,,,,20260211,,,,,,,,,,
384,송파구,재건축,송파한양2차아파트 재건축정비사업 조합,송파동 151,조합설립인가,songpa2,710900000132y43,11710-900000132,,,,,,20100727,,20201102,,,,,,,,
383,송파구,재건축,송파미성아파트 재건축정비사업조합,송파동 161,조합설립인가,songpams,710900000815V40,11710-900000815,,,,,,20220127,,20230531,,,,,,,,
382,송파구,재건축,가락삼익맨숀아파트 재건축정비사업 조합,송파동 166,관리처분인가,grsamik,710900000676r36,11710-900000676,,,,,,20180504,,20190805,,20231113,,20251015,,,,
381,송파구,재건축,반도아파트 주택재건축정비사업 조합,송파동 167,조합해산,J5qnq21Z,,,,,,,,,,,,,,,,,,
380,송파구,재건축,"장미1,2,3차아파트 주택재건축정비사업 조합",신천동 7,조합설립인가,jmapt1,710900000615u63,11710-900000615,,,,,,20160628,,20200324,,,,,,,,
379,송파구,재건축,잠실미성·크로바아파트 주택재건축정비사업조합,신천동 17-6,준공인가,jsmsapt,710100002001P69,11710-100002001,,,,,,20090604,,20140715,,20170728,,20180705,20220128,,20251230,
378,송파구,재건축,잠실진주아파트 주택재건축정비사업조합,신천동 20-4,준공인가,jjapt16,710100002003J19,11710-100002003,,,,,,20031209,,,,20170927,,20181005,20211224,,20251230,
377,송파구,가로주택정비,오금동35-1번지일대 가로주택정비사업,오금동 35-1,조합설립인가,ogeum35-1,710900001199d03,11710-900001199,,,,,,,,20220720,,,,,,,,
376,송파구,지역주택,(가칭)오금역 지역주택조합,오금동 36-1,조합원 모집신고,dhrmadur,710900000870H32,11710-900000870,,,,,,,,,,,,,,,,
375,송파구,재건축,오금현대아파트 주택재건축정비사업구역,오금동 43,조합설립인가,ogeumhyundai,710900001266T42,11710-900001266,,,,,,20250319,,20260121,,,,,,,,
374,송파구,리모델링,오금아남아파트 리모델링주택조합,오금동 67-7,,newanam,710900000940b77,11710-900000940,,,,,,,,,,,,,,,,
373,송파구,가로주택정비,오금동143번지일원 가로주택정비사업,오금동 143-1,관리처분인가,ogd143,710900001200a29,11710-900001200,,,,,,,,20240314,,20250620,,,,,,
372,송파구,가로주택정비,오금동147번지일원 가로주택정비사업,오금동 147,관리처분인가,ogum147,710900001197T26,11710-900001197,,,,,,,,20240329,,,,,,,,
371,송파구,재건축,가락우창아파트 재건축정비사업,오금동 164,추진위원회승인,woochang,710900001370t54,11710-900001370,,,,,,20260205,,,,,,,,,,
370,송파구,재건축,가락상아1차아파트 재건축사업 조합,오금동 166,관리처분인가,sanga1cha,710900000692g70,11710-900000692,,,,,,20190128,,20200619,,20220520,,20250107,,,,
369,송파구,재건축,잠실5단지아파트 주택재건축정비사업조합,잠실동 27,사업시행인가,jamsil5apt,710100002002Y42,11710-100002002,,,,,,20031229,,20131219,,20260701,,,,,,
368,송파구,재건축,잠실우성아파트 재건축정비사업조합,잠실동 101-1,조합설립인가,Q1qk5nF6,710100002006X76,11710-100002006,,,,,,20061004,,20210611,,,,,,,,
367,송파구,재건축,잠실우성4차 주택재건축정비사업조합,잠실동 320,관리처분인가,Tw2w7Iwv,710900000108s28,11710-900000108,,,,,,20091207,,20180402,,20230831,,20251231,,,,
366,송파구,소규모재건축,유천연립 소규모재건축정비사업조합,풍납동 147-1,조합설립인가,youcheonjohap,710900001188V85,11710-900001188,,,,,,,,20191220,,,,,,,,
365,송파구,재건축,풍납미성아파트 재건축정비사업,풍납동 219,추진위원회승인,pungnapms,710900001371x44,11710-900001371,,,,,,20260108,,,,,,,,,,
364,송파구,리모델링,강변현대아파트 리모델링사업조합,풍납동 299-1,조합설립인가,riverhyundai,710900000938X44,11710-900000938,,,,,,,,,,,,,,,,
363,송파구,가로주택정비,풍납강변현대아파트 가로주택정비사업,풍납동 299-1,조합설립인가,riverhd,710900001329S63,11710-900001329,,,,,,,,,,,,,,,,
362,송파구,재건축,풍납극동아파트 재건축정비사업,풍납동 391,추진위원회승인,kd0391,710900001482s60,11710-900001482,,,,,,20260311,,,,,,,,,,
361,송파구,재건축,이화연립 주택재건축정비사업조합,풍납동 153,조합해산,Od1JsPE7,,,,,,,,,,,,,,,,,,
360,양천구,재개발(주택정비형),목2동 232번지 일대 주택정비형 재개발사업조합,목동 232,추진위원회승인,qweasd,470900001210Z86,11470-900001210,,,,,,20260130,,,,,,,,,,
359,양천구,재개발(도시정비형),목동 523번지 일대 도시정비형 재개발사업(역세권 활성화 사업),목동 523,조합설립인가,Mok-dong523,470900001203V41,11470-900001203,,,,,,,,,,,,,,,,
358,양천구,재건축,목제1주택재건축정비사업조합,목동 632-1,조합청산,moksam1,470100001005G32,11470-100001005,,,,,,20070418,,20120118,,,,,20160523,,20180630,
357,양천구,재건축,목원연립 주택재건축정비사업 조합,목동 803-2,이전고시,c67kzPaN,,,,,,,,,,,,,,,,,,
356,양천구,재건축,목동1단지 아파트 재건축 정비사업,목동 901,조합설립인가,mokdong1,470900001434s66,11470-900001434,,,,,,,,,,,,,,,,
355,양천구,재건축,목동2단지아파트 재건축정비사업,목동 902,조합설립인가,mokdong2,470900001403G53,11470-900001403,,,,,,,,,,,,,,,,
354,양천구,재건축,목동3단지아파트 재건축정비사업,목동 903,추진위원회승인,mokdong3,470900001353f30,11470-900001353,,,,,,20251204,,,,,,,,,,
353,양천구,재건축,목동4단지아파트 재건축정비사업,목동 904,조합설립인가,mokdong4,470900001348N93,11470-900001348,,,,,,20251114,,20260521,,,,,,,,
352,양천구,재건축,목동6단지아파트 재건축정비사업조합,목동 911,조합설립인가,mokdong6danji,470900001247W70,11470-900001247,,,,,,,,20250522,,,,,,,,
351,양천구,재건축,목동5단지아파트 재건축정비사업,목동 912,조합설립인가,mokdong5,470900001352q09,11470-900001352,,,,,,,,,,,,,,,,
350,양천구,재건축,목동7단지아파트 재건축정비사업조합,목동 925,조합설립인가,mokdong7,470900001360h33,11470-900001360,,,,,,20260112,,20260708,,,,,,,,
349,양천구,재건축,봉상연립 주택재건축정비사업 조합,신월동 8-1,이전고시,bongsang814,,,,,,,,,,,,,,,,,,
348,양천구,가로주택정비,신월 가로주택정비사업,신월동 47-3,사업시행인가,sinwolgaro,470900001393V44,11470-900001393,,,,,,,,,,,,,,,,
347,양천구,가로주택정비,가칭)현대빌라 일원 가로주택정비사업,신월동 49-7,추진위원회승인,savog1004,470900001408m44,11470-900001408,,,,,,,,,,,,,,,,
346,양천구,재개발(주택정비형),신월5동 72번지 일대 재개발사업,신월동 72-1,정비계획 수립,tlsdnjf5ehd72,470900001451D53,11470-900001451,,,,,,,,,,,,,,,,
345,양천구,재개발(주택정비형),신월5동 77번지 일대 공공재개발사업,신월동 77-1,조합설립인가,tlsdnjf5ehd77qjswl,470900001452R33,11470-900001452,,,,,,,,,,,,,,,,
344,양천구,가로주택정비,신월1동 144-20번지 일원 가로주택정비사업조합(신월1동 모아타운 1구역),신월동 144-20,조합설립인가,shinwol123,470900001299U28,11470-900001299,,,,,,,,20250117,,,,,,,,
343,양천구,재개발(주택정비형),신월1구역 주택재개발정비사업 조합설립추진위원회,신월동 159-192,추진위원회승인,shinwol1,,,,,,,,,,,,,,,,,,
342,양천구,재건축,삼미·장미연립 주택재건축정비사업 조합,신월동 410-12,이전고시,sjhouse01,,,,,,,,,,,,,,,,,,
341,양천구,재건축,신월4동431번지일대 주택재건축정비사업조합,신월동 432-6,이전고시,zdSAERvl,,,,,,,,,,,,,,,,,,
340,양천구,재건축,신월2구역 주택재건축정비사업 조합설립추진위원회,신월동 487-4,추진위원회승인,hGgmZuO6,,,,,,,,,,,,,,,,,,
339,양천구,재건축,신월4구역 주택재건축정비사업조합,신월동 489-3,이전고시,XT7rO2w9,470900000059a09,11470-900000059,,,,,,20090831,,20120706,,20131231,,20190128,20200724,,20230228,
338,양천구,재개발(주택정비형),신정1재정비촉진구역1지구 주택재개발정비사업 조합,신월동 551-10,조합해산,SgAFyXUB,470100001014O83,11470-100001014,,,,,,20050525,,20061030,,20091218,,20111115,20161223,,20200327,
337,양천구,재개발(주택정비형),신정1재정비촉진구역2지구 주택재개발정비사업 조합,신월동 603-3,이전고시,uOpafPO2,,,,,,,,,,,,,,,,,,
336,양천구,재개발(주택정비형),신정1재정비촉진구역3지구 주택재개발정비사업 조합,신월동 606,사업시행인가,sinwol13,470100001012S10,11470-100001012,,,,,,20050928,,20070327,,20191227,,,,,,
335,양천구,재개발(주택정비형),신정1재정비촉진구역4지구 주택재개발정비사업 조합,신월동 612,이전고시,newtownsw2,,,,,,,,,,,,,,,,,,
334,양천구,재개발(주택정비형),신월7동 1구역 주택재개발정비사업,신월동 913,조합설립인가,sinwol7dong1area,470900001108G88,11470-900001108,,,,,,,,,,,,,,,,
333,양천구,재개발(주택정비형),신월7동 2구역 주택정비형 공공재개발사업(LH),신월동 941,조합설립인가,sinwol7-2,470900001214u77,11470-900001214,,,,20221027,,,,,,,,,,,,
332,양천구,재건축,신월시영아파트 재건축정비사업,신월동 987-1,조합설립인가,siyoungapt,470900001378v17,11470-900001378,,,,,,,,,,,,,,,,
331,양천구,재개발(도시정비형),오목교역 역세권 활성화사업,신정동 86-45,정비구역지정,dhahrry,470900001333e55,11470-900001333,,,,,,,,,,,,,,,,
330,양천구,재건축,목동10단지아파트 재건축정비사업,신정동 311,조합설립인가,mokdong10,470900001336y51,11470-900001336,,,,,,,,,,,,,,,,
329,양천구,재건축,목동9단지아파트 재건축정비사업,신정동 312,조합설립인가,mokdong9,470900001341f42,11470-900001341,,,,,,,,,,,,,,,,
328,양천구,재건축,목동8단지아파트 재건축정비사업조합,신정동 314,조합설립인가,mokdong8,470900001361G81,11470-900001361,,,,,,20250911,,20260403,,,,,,,,
327,양천구,재건축,목동11단지아파트 재건축정비사업,신정동 325,조합설립인가,mokdong11,470900001387R27,11470-900001387,,,,,,,,,,,,,,,,
326,양천구,재건축,목동12단지아파트 재건축정비사업,신정동 326,조합설립인가,mokdong12,470900001323E78,11470-900001323,,,,,,20250911,,20260227,,,,,,,,
325,양천구,재건축,목동13단지아파트 재건축정비사업,신정동 327,조합설립인가,mokdong13,470900001294l69,11470-900001294,,,,,,,,,,,,,,,,
324,양천구,재건축,목동14단지아파트 재건축정비사업,신정동 329,조합설립인가,mokdong14,470900001311j25,11470-900001311,,,,,,,,,,,,,,,,
323,양천구,재개발(주택정비형),신정4동 922번지 일대 주택정비형 재개발사업,신정동 922,정비계획 수립,sinjeong4-922,470900001547g08,11470-900001547,,,,,,,,,,,,,,,,
322,양천구,재개발(주택정비형),신정제4구역 주택재개발정비사업조합,신정동 1033-1,조합청산,rgw5lT43,470100001017g93,11470-100001017,,,,,,20040824,,20081027,,20100514,,20120405,20130926,,,
321,양천구,재개발(주택정비형),신정2재정비촉진구역2지구 주택재개발정비사업조합,신정동 1150-41,조합청산,sinjeong22,470100001016t82,11470-100001016,,,,,,20050719,,20090415,,20100920,,20110620,20191017,,20220314,
320,양천구,재개발(주택정비형),신정동 1152번지 일대 주택정비형 재개발사업,신정동 1152-1,사업시행인가,Shinjeong1152,470900001147b13,11470-900001147,,,,,,,,20240618,,,,,,,,
319,양천구,재개발(주택정비형),신정2재정비촉진구역 1지구 주택재개발정비사업조합,신정동 1175-28,조합청산,VGbelDbv,470100001015L10,11470-100001015,,,,,,20050531,,20090327,,20100531,,20160708,20180416,,20210128,
318,양천구,재개발(도시정비형),신정3재정비촉진지구2구역 도시환경정비사업조합설립추진위원회,신정동 1182-1,추진위원회승인,sinjeong3-2,,,,,,,,,,,,,,,,,,
317,양천구,재개발(도시정비형),신정3재정비촉진3-1구역 도시환경정비사업 조합설립추진위원회,신정동 1190-1,추진위원회승인,sj3005,,,,,,,,,,,,,,,,,,
316,양천구,재건축,신정4재정비촉진구역 재건축정비사업조합,신정동 1200-1,관리처분인가,shinjung4,470900000679C33,11470-900000679,,,,,,20180611,,20190827,,20240722,,20250923,,,,
315,양천구,재건축,신정수정아파트 재건축정비사업,신정동 733-31,관리처분인가,sujung210118,470900000756K92,11470-900000756,,,,,,,,20210118,,20231218,,20241231,,,,
314,영등포구,재개발(도시정비형),영등포유통상가 시장정비사업 조합설립추진위원회,당산동2가 30-2,추진위원회승인,yutong843,560900000809e21,11560-900000809,,,,,,20061123,,,,,,,,,,
313,영등포구,재건축,당산한양아파트 재건축정비사업,당산동3가 2-6,안전진단,dshanyang,560900001067o95,11560-900001067,,,,,,,,,,,,,,,,
312,영등포구,가로주택정비,당산삼익 가로주택정비사업,당산동3가 394,추진위원회승인,dsamik,,,,,,,,,,,,,,,,,,
311,영등포구,재개발(도시정비형),52. 당산제3구역 도시환경정비구역,당산동3가 410,정비계획 수립,dangsang3,,,,,,,,,,,,,,,,,,
310,영등포구,재건축,당산현대3차아파트 재건축정비사업,당산동4가 88,안전진단,dshyundai3,560900001070G97,11560-900001070,,,,,,,,,,,,,,,,
309,영등포구,재건축,유원제일1차아파트 주택재건축정비사업조합,당산동4가 91,착공,youwon1,560900000008i65,11560-900000008,,,,,,20090903,,20171124,,20191230,,20240726,20240805,,,
308,영등포구,소규모재건축,당산현대2차아파트 소규모재건축정비사업조합,당산동4가 92,관리처분인가,dsh2apt,560900000771T03,11560-900000771,,,,,,,,20201224,,20240626,,,,,,
307,영등포구,재건축,78. 유원제일2차아파트 재건축정비사업,당산동5가 7-2,정비계획 수립,youwon2-apt,,,,,,,,,,,,,,,,,,
306,영등포구,재건축,유원제일2차아파트 재건축정비사업조합,당산동5가 7-2,사업시행인가,yuwon2,560900000623s87,11560-900000623,,,,,,20160610,,20180820,,20250313,,,,,,
305,영등포구,재개발(주택정비형),당산1구역 주택재개발사업,당산동6가 104,추진위원회승인,dangsan1,560900001018I61,11560-900001018,,,,,,20251210,,,,,,,,,,
304,영등포구,지역주택,(가칭)대림3지역주택조합,대림동 501-5,,daelim-3,560900001356N96,11560-900001356,,,,,,,,,,,,,,,,
303,영등포구,재건축,대림우성아파트 재건축정비사업,대림동 696,안전진단,drwoosung,560900001071Y49,11560-900001071,,,,,,,,,,,,,,,,
302,영등포구,지역주택,(가칭)영등포대림 지역주택조합,대림동 700-1,조합원 모집신고,ydpdaelim,560900001213l05,11560-900001213,,,,,,,,,,,,,,,,
301,영등포구,가로주택정비,보령금강연립 가로주택정비사업,대림동 786,조합설립인가,boryoung,560900001042q95,11560-900001042,,,,,,,,,,,,,,,,
300,영등포구,재개발(도시정비형),대림역세권 장기전세주택사업(도시정비형 재개발),대림동 807-13,정비계획 수립,daerim,560900001029I91,11560-900001029,,,,,,,,,,,,,,,,
299,영등포구,재개발(주택정비형),대림1구역 신속통합기획,대림동 855-1,추진위원회승인,eofla1,560900001056s51,11560-900001056,,,,,,20251113,,,,,,,,,,
298,영등포구,지역주택,(가칭)대림1동지역주택조합,대림동 893-47,조합원 모집신고,dl5578,560900001229O30,11560-900001229,,,,,,,,,,,,,,,,
297,영등포구,지역주택,(가칭)대림동지역주택조합 추진위원회,대림동 990-7,추진위구성,DL9907,560900000949t86,11560-900000949,,,,,,,,,,,,,,,,
296,영등포구,재개발(주택정비형),도림1구역 주택정비형 공공재개발사업(LH),도림동 26-21,조합설립인가,dorim100,560900001057c56,11560-900001057,,,,,,,,20260604,,,,,,,,
295,영등포구,재개발(주택정비형),도림제16구역 주택재개발정비사업조합,도림동 162-94,조합청산,Zmvb0Xkt,560100004029D08,11560-100004029,,,,,,20050608,,20070908,,,,,20110602,,,
294,영등포구,재개발(도시정비형),도림2동 역세권 장기전세주택사업(도시정비형 재개발),도림동 239-12,정비계획 수립,dorim2,560900001130P72,11560-900001130,,,,,,,,,,,,,,,,
293,영등포구,재개발(도시정비형),43. 문래동1·2가 도시환경정비구역,문래동1가 70-1,정비구역지정,Mullae12,560900000502l96,11560-900000502,,,,,,,,,,,,,,,,
292,영등포구,재개발(도시정비형),44. 문래동2·3가 도시환경정비사업,문래동2가 14-84,정비구역지정,Mullae23,560900000503d38,11560-900000503,,,,,,,,,,,,,,,,
291,영등포구,재건축,남성아파트 주택재건축정비사업조합,문래동2가 35,사업시행인가,namsung,560900000009Q09,11560-900000009,,,,,,20090826,,20170828,,20210723,,,,,,
290,영등포구,재개발(도시정비형),영등포 대선제분 일대 재개발1구역 제1지구,문래동3가 16-32,사업시행인가,Daeseon,560900000772N75,11560-900000772,,,,,,,,,,20220304,,,,,,
289,영등포구,재건축,문래국화아파트 주택재건축정비사업,문래동3가 76-1,추진위원회승인,KUKHWAAPT,,,,,,,,,,,,,,,,,,
288,영등포구,재건축,문래국화아파트 재건축정비사업,문래동3가 76-1,조합설립인가,KUKHWAAPT1,560900001287d04,11560-900001287,,,,,,,,,,,,,,,,
287,영등포구,재건축,문래공원한신아파트 재건축정비사업,문래동3가 77-2,안전진단,gongwonhansin,560900001073l32,11560-900001073,,,,,,,,,,,,,,,,
286,영등포구,재개발(도시정비형),45. 문래동4가 도시환경정비구역 재개발정비사업조합,문래동4가 23-6,조합설립인가,Mullae4,560900000504U00,11560-900000504,,,,,,20190528,,20230404,,,,,,,,
285,영등포구,재건축,문래진주아파트 주택재건축정비사업조합,문래동5가 22,관리처분인가,gingun-apt,560900000583x16,11560-900000583,,,,,,,,20171221,,20210520,,20230817,,,,
284,영등포구,재개발(도시정비형),여의대방(신길동 4-5번지 일대)역세권 장기전세주택 도시정비형 재개발사업,신길동 4-5,정비계획 수립,aaaaaa,560900001551H14,11560-900001551,,,,,,,,,,,,,,,,
283,영등포구,가로주택정비,여의대방 가로주택정비사업,신길동 4-79,추진위원회승인,yeouidaebang,,,,,,,,,,,,,,,,,,
282,영등포구,재개발(주택정비형),신길역세권 재개발정비사업조합,신길동 39-3,조합설립인가,singil0628,560900000711Z24,11560-900000711,,,,,,20190527,,20210705,,,,,,,,
281,영등포구,재개발(도시정비형),신길동96-24역세권 장기전세주택사업(도시정비형 재개발),신길동 96-24,추진위원회승인,singil96-24,560900001030Y67,11560-900001030,,,,,,,,,,,,,,,,
280,영등포구,재개발(주택정비형),신길3재정비촉진구역 주택재개발정비사업조합,신길동 145-40,조합청산,singil03,560100003016r41,11560-100003016,,,,,,20080318,,20081001,,20100916,,20170718,20190917,,,
279,영등포구,재개발(도시정비형),신길1재정비촉진구역 도시환경정비사업,신길동 147-80,정비계획 수립,tlsrlf1,560900001051k89,11560-900001051,,,,,,,,,,,,,,,,
278,영등포구,재개발(주택정비형),신길1구역 주택정비형 공공재개발사업(LH),신길동 147-80,조합설립인가,singil1,560900001305t90,11560-900001305,,,,,,,,,,,,,,,,
277,영등포구,재개발(주택정비형),신길제2구역 주택재개발정비사업조합,신길동 190,사업시행인가,Zevzu5m1,560100004036A34,11560-100004036,,,,,,20070824,,20200304,,20250912,,,,,,
276,영등포구,재개발(도시정비형),신길2구역 도심공공주택복합사업,신길동 205-136,정비구역지정,tlsrlf2,560900001052K87,11560-900001052,,,,,,,,,,,,,,,,
275,영등포구,재개발(주택정비형),신길9재정비촉진구역 주택재개발정비사업 조합,신길동 240-16,조합청산,singil9,560100003012j06,11560-100003012,,,,,,20050518,,20100113,,20120830,,20151023,20180207,,20200923,
274,영등포구,재개발(주택정비형),신길16-2구역 주택재개발,신길동 314-14,정비계획 수립,singil162,560900001295e32,11560-900001295,,,,,,,,,,,,,,,,
273,영등포구,지역주택,(가칭)도림사거리역지역주택조합,신길동 325-57,조합원 모집신고,dorim123,560900001234u49,11560-900001234,,,,,,,,,,,,,,,,
272,영등포구,재개발(주택정비형),신길11재정비촉진구역 주택재개발정비사업조합,신길동 329-94,조합청산,singil11,560100003010g45,11560-100003010,,,,,,20031231,,20080905,,,,,20130808,,,
271,영등포구,재개발(주택정비형),신길12재정비촉진구역 주택재개발정비사업조합,신길동 337-246,조합청산,singil12,560100003011O90,11560-100003011,,,,,,20080321,,20090224,,20121018,,20160115,20170714,,20200224,
270,영등포구,재건축,신길13재정비촉진구역,신길동 340-1,사업시행인가,sg13_test,560900000180m71,11560-900000180,,,,,,20200319,,20210311,,20251124,,,,,,
269,영등포구,재개발(주택정비형),신길14재정비촉진구역 주택재개발정비사업 조합,신길동 347-50,조합해산,singil14,560100003015p76,11560-100003015,,,,,,20080314,,20100519,,,,20150918,20161019,,20190228,
268,영등포구,지역주택,(가칭)신길5동지역주택조합추진위원회,신길동 355-105,,singil5,560900001368t05,11560-900001368,,,,,,,,,,,,,,,,
267,영등포구,재건축,신길건영아파트 재건축정비사업,신길동 364,추진위원회승인,gunyoung,560900001066B33,11560-900001066,,,,,,20251230,,,,,,,,,,
266,영등포구,재건축,신길우성1차아파트 재건축정비사업,신길동 365,추진위원회승인,singilwoosung1,560900001065X14,11560-900001065,,,,,,20260114,,,,,,,,,,
265,영등포구,지역주택,(가칭)뉴신길지역주택조합,신길동 420-92,조합원 모집신고,heaven0405,560900001232r64,11560-900001232,,,,,,,,,,,,,,,,
264,영등포구,지역주택,(가칭)신길지역주택조합 추진위원회,신길동 442-2,조합규약작성,singilapt,560900000950T36,11560-900000950,,,,,,,,,,,,,,,,
263,영등포구,재개발(도시정비형),여의대방(신길동 1343번지 일원) 역세권 장기전세주택사업 도시정비형 재개발사업,신길동 1343,추진위원회승인,ydshin-gil,560900001129g23,11560-900001129,,,,,,20260611,,,,,,,,,,
262,영등포구,재개발(도시정비형),대방역세권 장기전세주택 도시정비형 재개발사업,신길동 1358,추진위원회승인,daebang,560900001031k43,11560-900001031,,,,,,,,,,,,,,,,
261,영등포구,지역주택,(가칭)여의샛강지역주택조합,신길동 1367-1,조합원 모집신고,Ecocity,560900001224t56,11560-900001224,,,,,,,,,,,,,,,,
260,영등포구,재개발(도시정비형),신길6역세권 장기전세주택 사업(도시정비형 재개발),신길동 1448-1,정비계획 수립,singil6,560900001098d24,11560-900001098,,,,,,,,,,,,,,,,
259,영등포구,재개발(주택정비형),신길5재정비촉진구역 주택재개발정비사업조합,신길동 1583-1,조합해산,LuxgS12r,560100003008y47,11560-100003008,,,,,,20050826,,20080704,,20100916,,20150807,,,20200129,
258,영등포구,재개발(주택정비형),신길7재정비촉진구역 주택재개발정비사업 조합,신길동 2039,조합청산,j4M4zf93,560900000036F88,11560-900000036,,,,,,20080421,,20080918,,,,,,,,
257,영등포구,재개발(도시정비형),영진시장(아파트) 도시정비형 공공재개발,신길동 2365,정비구역지정,young-jin,560900001308m21,11560-900001308,,,,,,,,,,,,,,,,
256,영등포구,재개발(주택정비형),신길8재정비촉진구역 주택재개발정비사업조합,신길동 3163,조합청산,sgpark,560100003019z14,11560-100003019,,,,,,20080310,,20080310,,20111110,,20160321,20180509,,20201217,
255,영등포구,재건축,신길10재정비촉진구역 주택재건축정비사업 사업시행자(한국토지신탁),신길동 3590,관리처분인가,sgnewtown10,560100003014u70,11560-100003014,,,,,,20040223,,20180118,,20210531,,,,,,
254,영등포구,재개발(주택정비형),신길동 3922번지 일대 주택재개발사업,신길동 3922,정비계획 수립,singil3922,560900001471M96,11560-900001471,,,,,,,,,,,,,,,,
253,영등포구,소규모재건축,세원빌라 소규모재건축,신길동 3923,추진위원회승인,se-won,,,,,,,,,,,,,,,,,,
252,영등포구,가로주택정비,신길동 4377 일원 가로주택정비사업조합,신길동 4377,관리처분인가,sg4377,560900000977e00,11560-900000977,,,,,,,,,,,,,,,,
251,영등포구,재건축,신길우성2·우창아파트주택재건축정비사업(신탁방식-한국자산신탁),신길동 4518,관리처분인가,sg4518,560900000754x29,11560-900000754,,,,,,,,,,20241114,,20260527,,,,
250,영등포구,재건축,신길우성3차아파트 재건축정비사업,신길동 4656,안전진단,woosung3,560900001069v91,11560-900001069,,,,,,,,,,,,,,,,
249,영등포구,재건축,삼성아파트 주택재건축정비사업조합,신길동 4759,조합설립인가,samsungapart,560900000624D27,11560-900000624,,,,,,20160610,,20180126,,,,,,,,
248,영등포구,재개발(도시정비형),신길4구역 도심공공주택복합사업,신길동 4918-5,정비계획 수립,tlsrlf4,560900001053R17,11560-900001053,,,,,,,,,,,,,,,,
247,영등포구,재개발(도시정비형),67. 양평제10구역 도시환경정비사업 조합설립추진위원회,양평동1가 9-6,추진위원회승인,DwQkw4vN,560100004033c29,11560-100004033,,,,,,20060818,,,,,,,,,,
246,영등포구,재건축,신동아아파트 주택재건축정비사업조합,양평동1가 20,조합설립인가,YPshindongaapt,560100003000k60,11560-100003000,,,,,,20090423,,20201208,,,,,,,,
245,영등포구,재개발(도시정비형),69. 양평제12구역 도시환경정비사업조합,양평동1가 243-1,이전고시,H4oHe0Qf,560100004034S97,11560-100004034,,,,,,20080901,,20091223,,20180412,,20191224,20230201,,20260326,
244,영등포구,재개발(도시정비형),71. 양평제14구역 도시환경정비사업 조합설립추진위원회,양평동2가 29-6,추진위원회승인,yangpyung14,560900000555g90,11560-900000555,,,,,,20140821,,,,,,,,,,
243,영등포구,재개발(도시정비형),70. 양평제13구역 도시환경정비사업조합,양평동2가 33-20,사업시행인가,yp130000,560100004035J29,11560-100004035,,,,,,20050203,,20100412,,,,,,,,
242,영등포구,재건축,양평현대2차아파트 재건축정비사업,양평동3가 79-4,안전진단,yphyundai2,560900001072f54,11560-900001072,,,,,,,,,,,,,,,,
241,영등포구,가로주택정비,양평유성 가로주택정비사업,양평동6가 84,관리처분인가,yousung,560900001033U70,11560-900001033,,,,,,,,20210831,,,,,,,,
240,영등포구,재건축,초원아파트 재건축정비사업,여의도동 11-1,안전진단,chowon,560900001064Q65,11560-900001064,,,,,,,,,,,,,,,,
239,영등포구,재건축,서울아파트 재건축정비사업,여의도동 21-1,안전진단,seoull,560900001062J89,11560-900001062,,,,,,,,,,,,,,,,
238,영등포구,재건축,여의도 공작아파트 재건축정비사업,여의도동 21-2,조합설립인가,gongjak,560900001022t83,11560-900001022,,,,,,,,,,,,,,,,
237,영등포구,재건축,여의도 광장아파트 28주택재건축정비사업,여의도동 28,조합설립인가,kj2800,560900000693Z15,11560-900000693,20180302,,,,,,,20190605,,,,,,,,
236,영등포구,재건축,여의도 목화아파트 주택재건축정비사업조합,여의도동 30,조합설립인가,mokhwa,560100003001p11,11560-100003001,,,,,,20090316,,20220929,,,,,,,,
235,영등포구,재건축,삼부아파트 주택재건축정비사업조합설립추진위원회,여의도동 30-2,추진위원회승인,sb0804,560900000757q51,11560-900000757,,,,,,20200804,,,,,,,,,,
234,영등포구,재건축,여의도 수정아파트 주택재건축정비사업,여의도동 32,정비구역지정,soojung32,560900000661E33,11560-900000661,,,,,,,,,,,,,,,,
233,영등포구,재건축,미성아파트 주택재건축정비사업 조합설립추진위원회,여의도동 37,추진위원회승인,misung37,560900000041e66,11560-900000041,,,,,,20090916,,,,,,,,,,
232,영등포구,재건축,광장아파트 38-1 재건축정비사업조합,여의도동 38-1,조합설립인가,gwangjang38-1,560900001019Z15,11560-900001019,,,,,,20230119,,20240806,,,,,,,,
231,영등포구,재건축,장미아파트 재건축정비사업,여의도동 40,조합설립인가,jangmi,560900001058W09,11560-900001058,,,,,,,,20260521,,,,,,,,
230,영등포구,소규모재건축,여의도화랑아파트 소규모재건축사업,여의도동 40-4,조합설립인가,yeouidohwarang,560900001397q57,11560-900001397,,,,,,,,20251118,,,,,,,,
229,영등포구,재건축,여의도 대교아파트 재건축정비사업,여의도동 41,관리처분인가,daegyo,560900001016D39,11560-900001016,,,,,,20230227,,20240126,,20250828,,20260519,,,,
228,영등포구,재건축,여의도 한양아파트 재건축정비사업,여의도동 42,사업시행인가,yeouidohanyang01,560900000967s49,11560-900000967,,,,,,,,,,20251031,,,,,,
227,영등포구,재건축,75. 여의도 시범아파트주택재건축정비사업 조합설립추진위원회,여의도동 50,추진위원회승인,Rd564j6j,,,,,,,,,,,,,,,,,,
226,영등포구,재건축,여의도시범아파트주택재건축정비사업(신탁방식-한국자산신탁),여의도동 50,조합설립인가,ysbapt,560900000755x82,11560-900000755,,,,,,,,,,,,,,,,
225,영등포구,재건축,여의도 삼익아파트 재건축정비사업,여의도동 51,조합설립인가,samiik,560900001140c50,11560-900001140,,,,,,,,,,,,,,,,
224,영등포구,재건축,여의도 은하아파트 재건축정비사업,여의도동 52,조합설립인가,eunhaa1,560900001194L13,11560-900001194,,,,,,,,,,,,,,,,
223,영등포구,재건축,여의도 진주아파트 재건축정비사업,여의도동 54,조합설립인가,yeouijinju,560900001063T84,11560-900001063,,,,,,20250602,,20260604,,,,,,,,
222,영등포구,재개발(도시정비형),31. 영등포1-15 재정비촉진구역,영등포동2가 34-4,정비구역지정,ydp1-15,,,,,,,,,,,,,,,,,,
221,영등포구,재개발(도시정비형),33. 영등포1-17 재정비촉진구역,영등포동2가 34-75,정비구역지정,ydp1-17,,,,,,,,,,,,,,,,,,
220,영등포구,가로주택정비,영등포동2가 34-81 가로주택정비사업,영등포동2가 34-81,추진위원회승인,young34-81,,,,,,,,,,,,,,,,,,
219,영등포구,재개발(도시정비형),41. 영등포1-25 재정비촉진구역,영등포동2가 159,정비구역지정,ydp1-25,,,,,,,,,,,,,,,,,,
218,영등포구,재개발(도시정비형),40. 영등포1-24 재정비촉진구역,영등포동2가 170,정비구역지정,ydp1-24,,,,,,,,,,,,,,,,,,
217,영등포구,재개발(도시정비형),39. 영등포1-23 재정비촉진구역,영등포동2가 213,정비구역지정,ydp1-23,,,,,,,,,,,,,,,,,,
216,영등포구,재개발(도시정비형),36. 영등포1-20 재정비촉진구역,영등포동2가 256,정비구역지정,ydp1-20,,,,,,,,,,,,,,,,,,
215,영등포구,재개발(도시정비형),37. 영등포1-21 재정비촉진구역,영등포동2가 299,정비구역지정,ydp1-21,,,,,,,,,,,,,,,,,,
214,영등포구,재개발(도시정비형),38. 영등포1-22 재정비촉진구역,영등포동2가 328-11,정비구역지정,ydp1-22,,,,,,,,,,,,,,,,,,
213,영등포구,재개발(도시정비형),35. 영등포1-19 재정비촉진구역,영등포동2가 333,정비구역지정,ydp1-19,,,,,,,,,,,,,,,,,,
212,영등포구,가로주택정비,영등포동2가 439일대 가로주택정비사업,영등포동2가 439,조합해산,ydp439,560900001045X80,11560-900001045,,,,,,,,,,,,,,,,
211,영등포구,재개발(도시정비형),46. 영등포동4가 도시환경정비구역,영등포동4가 423,정비계획 수립,ydp4ga,,,,,,,,,,,,,,,,,,
210,영등포구,재개발(도시정비형),영등포 도심 역세권 도시정비형 재개발사업,영등포동4가 431-6,조합설립인가,ydpdosim,560900000862J90,11560-900000862,,,,,,20220809,,20230728,,,,,,,,
209,영등포구,재개발(도시정비형),34. 영등포1-18 재정비촉진구역,영등포동5가 6,정비구역지정,ydp1-18,,,,,,,,,,,,,,,,,,
208,영등포구,재개발(도시정비형),영등포1-12 재정비촉진구역 재개발정비사업 조합,영등포동5가 22-3,조합설립인가,ydp1-12,560900000513d74,11560-900000513,,,,,,20180614,,20191119,,,,,,,,
207,영등포구,재개발(도시정비형),영등포1-13재정비촉진구역 도시환경정비사업 조합,영등포동5가 32-8,분양,o7m6hv1r,560100004020t32,11560-100004020,,,,,,20080613,,20100428,,20191230,,20210712,,,,
206,영등포구,재개발(도시정비형),30. 영등포1-14 재정비촉진구역,영등포동5가 34-16,정비구역지정,ydp1-14,560900000514h59,11560-900000514,,,,,,,,,,,,,,,,
205,영등포구,재개발(도시정비형),32. 영등포1-16 재정비촉진구역,영등포동5가 34-46,정비구역지정,ydp1-16,,,,,,,,,,,,,,,,,,
204,영등포구,재개발(도시정비형),24. 영등포1-8 재정비촉진구역,영등포동5가 38-3,정비구역지정,ydp1-8,,,,,,,,,,,,,,,,,,
203,영등포구,재개발(도시정비형),21. 영등포1-5 재정비촉진구역,영등포동5가 46-4,정비구역지정,ydp1-5,,,,,,,,,,,,,,,,,,
202,영등포구,재개발(도시정비형),23. 영등포1-7 재정비촉진구역,영등포동5가 49-1,정비구역지정,ydp1-7,,,,,,,,,,,,,,,,,,
201,영등포구,재개발(도시정비형),22. 영등포1-6 재정비촉진구역,영등포동5가 64,정비구역지정,ydp1-6,,,,,,,,,,,,,,,,,,
200,영등포구,재개발(도시정비형),25. 영등포1-9 재정비촉진구역,영등포동5가 81-1,정비구역지정,ydp1-9,,,,,,,,,,,,,,,,,,
199,영등포구,재개발(도시정비형),26. 영등포1-10 재정비촉진구역,영등포동5가 100,정비구역지정,ydp1-10,,,,,,,,,,,,,,,,,,
198,영등포구,재개발(도시정비형),영등포1-11재정비촉진구역 도시환경정비사업조합,영등포동5가 30,사업시행인가,S6ywjCGQ,560100004011u92,11560-100004011,,,,,,20100217,,20201126,,20250514,,,,,,
197,영등포구,가로주택정비,영등포동7가 64-3 가로주택정비사업,영등포동7가 64-3,추진위원회승인,young7,,,,,,,,,,,,,,,,,,
196,영등포구,재개발(도시정비형),영등포1-2재정비촉진구역 도시환경정비사업 조합,영등포동7가 76-5,사업시행인가,GAUELxBy,560100004012S25,11560-100004012,,,,,,20080205,,20080408,,,,,,,,
195,영등포구,재개발(도시정비형),17. 영등포1-1 재정비촉진구역,영등포동7가 105-7,정비구역지정,ydp1-1,,,,,,,,,,,,,,,,,,
194,영등포구,재개발(도시정비형),영등포1-4재정비촉진구역 도시환경정비사업조합,영등포동7가 145-8,조합청산,jFgI49d9,560100004014b58,11560-100004014,,,,,,20050922,,20060405,,20110210,,20121231,20141007,,20170830,
193,용산구,재개발(도시정비형),숙대입구역세권 장기전세주택 도시정비형 재개발사업,갈월동 52-6,조합설립인가,SookDae-station,170900001469e92,11170-900001469,,,,,,,,,,,,,,,,
192,용산구,재개발(도시정비형),남영동 업무지구 제2구역 도시정비형 재개발사업 조합,갈월동 92,조합설립인가,namyeong2,170900000972J70,11170-900000972,,,,,,20221019,,20230414,,,,,,,,
191,용산구,재개발(주택정비형),한남5재정비촉진구역 주택재개발정비사업 조합,동빙고동 60,사업시행인가,ob2n757B,170900000102I07,11170-900000102,,,,,,20100615,,20120822,,,,,,,,
190,용산구,재개발(도시정비형),동자동 제4구역 도시환경정비사업조합,동자동 36-17,조합청산,dongja4,170100003003O97,11170-100003003,,,,,,20050531,,20070613,,20070920,,,20090731,,,
189,용산구,재개발(주택정비형),한남4재정비촉진구역 주택재개발정비사업 조합,보광동 360,사업시행인가,hannam4,170900000101o44,11170-900000101,,,,,,20100929,,20150106,,20251114,,,,,,
188,용산구,재개발(주택정비형),한남2재정비촉진구역 주택재개발정비사업 조합,보광동 272-3,관리처분인가,iw14v164,170900000099z34,11170-900000099,,,,,,20100628,,20120601,,20211126,,20250725,,,,
187,용산구,재개발(주택정비형),서계 통합구역 주택정비형재개발 사업(신속통합기획),서계동 33-5,조합설립인가,seogye33,170900001142Q95,11170-900001142,,,,,,20251128,,,,,,,,,,
186,용산구,가로주택정비,서계동116번지 가로주택정비사업조합,서계동 116,조합설립인가,seogye116,170900000837A91,11170-900000837,,,,20240701,,,,20210625,,,,,,,,
185,용산구,재건축,신동아아파트재건축정비사업조합,서빙고동 241-21,조합설립인가,sindonga85,170900000657r01,11170-900000657,,,,,,20171013,,20210107,,,,,,,,
184,용산구,가로주택정비,신창동 76-1번지 일대 가로주택정비사업조합,신창동 76-1,조합설립인가,hkhkhk,170900001315p91,11170-900001315,,,,,,,,20250401,,,,,,,,
183,용산구,재개발(도시정비형),원효로1가 역세권 장기전세주택 도시정비형 재개발사업,원효로1가 82-1,추진위원회승인,Wonhyoro1-station,170900001254H76,11170-900001254,,,,20260319,,20260327,,,,,,,,,,
182,용산구,가로주택정비,원효로4가 30-1 일원 가로주택정비사업,원효로4가 30-1,조합설립인가,wonhyoro4ga,170900001394K36,11170-900001394,,,,,,,,20241203,,,,,,,,
181,용산구,소규모재건축,풍전아파트소규모재건축정비사업조합,원효로4가 109-4,조합설립인가,pjapt2022,,,,,,,,,,,,,,,,,,
180,용산구,재건축,산호아파트 주택재건축 정비사업조합,원효로4가 118-16,관리처분인가,sanhoAPT,170100005001X71,11170-100005001,,,,,,20050310,,20170831,,20240329,,20260810,,,,
179,용산구,재건축,강변강서아파트 주택재건축 정비사업조합,이촌동 193-3,조합설립인가,gangbyeongangseo,170900000734r04,11170-900000734,,,,,,,,20211029,,,,,,,,
178,용산구,재건축,이촌동제1구역 주택재건축정비사업 조합설립추진위원회,이촌동 203-75,추진위원회승인,ichondong1,170900000632t21,11170-900000632,,,,,,20150123,,,,,,,,,,
177,용산구,재건축,중산아파트 주택재건축정비사업 조합설립추진위원회,이촌동 211-2,추진위원회승인,joongsan-apt,170900000687M01,11170-900000687,,,,,,20171109,,,,,,,,,,
176,용산구,리모델링,점보아파트 리모델링주택조합,이촌동 300-10,,jumbapt,170900000920Q13,11170-900000920,,,,,,,,,,,,,,,,
175,용산구,재건축,왕궁아파트 주택재건축 정비사업조합,이촌동 300-11,조합설립인가,VDv18hVZ,170100005010j77,11170-100005010,,,,,,20060410,,20081210,,,,,,,,
174,용산구,재건축,한강맨션아파트 주택재건축 조합,이촌동 300-23,관리처분인가,x16mPjJ3,170100005000c06,11170-100005000,,,,,,20031226,,20170605,,20210916,,20221129,,,,
173,용산구,재건축,한강삼익아파트 주택재건축정비사업 조합,이촌동 300-301,사업시행인가,P2osCmVQ,170100005005K76,11170-100005005,,,,,,,,20030510,,20200529,,,,,,
172,용산구,리모델링,미주아파트비동 리모델링주택조합,이촌동 302-48,안전진단(1차),mjbr50,170900000922g81,11170-900000922,,,,,,,,,,,,,,,,
171,용산구,리모델링,강촌아파트 리모델링주택조합,이촌동 402,사업계획승인(리모델링 허가),gangchon1001,170900000921V97,11170-900000921,,,,,,,,,,,,,,,,
170,용산구,재건축,청화아파트주택재건축정비사업조합설립추진위원회,이태원동 22-2,추진위원회승인,ku3JHxDr,170900000111l96,11170-900000111,,,,,,20091230,,,,,,,,,,
169,용산구,재개발(도시정비형),서울역세권(청파동1가 46번지 일대) 도시정비형 재개발정비사업,청파동1가 46,추진위원회승인,cheongpa-station,170900001252X51,11170-900001252,,,,,,20260424,,,,,,,,,,
168,용산구,재개발(주택정비형),청파2구역 주택정비형 재개발사업 정비사업조합,청파동1가 89-18,조합설립인가,cheongpa2,170900000973k24,11170-900000973,,,,,,,,20260623,,,,,,,,
167,용산구,재개발(주택정비형),청파제1구역 재개발정비사업조합,청파동2가 11-1,조합설립인가,cp1apt,170100003006Y71,11170-100003006,,,,20200911,,20050812,,20230217,,,,,,,,
166,용산구,재개발(도시정비형),한강로구역 도시환경정비사업조합,한강로1가 158,조합설립인가,han158,170900000172h61,11170-900000172,,,,,,20120510,,20121018,,,,,,,,
165,용산구,재개발(도시정비형),한강로1가 도시정비형 재개발정비사업,한강로1가 231-30,추진위원회승인,samgak-mansion,170900001257t08,11170-900001257,,,,,,20260403,,,,,,,,,,
164,용산구,재개발(도시정비형),신용산역북측 제1구역 도시환경정비사업조합,한강로2가 2-116,사업시행인가,sinyongsan1,170900000619q14,11170-900000619,,,,,,20160511,,20170712,,20231201,,,,,,
163,용산구,재개발(도시정비형),신용산역북측제2구역 도시정비형재개발정비사업조합,한강로2가 2-138,사업시행인가,sinyongsan2,170900000674h17,11170-900000674,,,,,,20171017,,20180706,,20201210,,,,,,
162,용산구,재개발(도시정비형),국제빌딩주변 제5구역 도시환경정비사업조합,한강로2가 210-1,준공인가,youngsan5,170900000049I34,11170-900000049,,,,,,20090828,,20110617,,20160325,,20191210,,,,
161,용산구,재개발(도시정비형),용산역전면 제3구역 도시환경정비사업조합,한강로2가 342,이전고시,x690Lg50,170100004001U48,11170-100004001,,,,,,20060627,,20061215,,20070919,,20081117,20120921,,20170531,
160,용산구,재개발(도시정비형),정비창전면 제3구역 도시정비형 재개발 정비사업 조합,한강로3가 40-19,조합설립인가,jbcfront3,170900000831O55,11170-900000831,,,,20100728,,20210510,,20220810,,,,,,,,
159,용산구,재개발(도시정비형),정비창전면 제1구역 재개발 정비사업조합,한강로3가 40-641,조합설립인가,jbc641,170900000695K71,11170-900000695,,,,,,20181121,,20210830,,,,,,,,
158,용산구,재개발(도시정비형),용산역전면 제1-2구역 재개발사업 조합설립추진위원회,한강로3가 40-712,추진위원회승인,yongsan12,170900000709D54,11170-900000709,,,,,,,,,,,,,,,,
157,용산구,재개발(도시정비형),빗물펌프장구역 도시정비형 재개발사업,한강로3가 40-881,정비계획 수립,RainwaterPumping,170900001256C25,11170-900001256,,,,,,,,,,,,,,,,
156,용산구,재개발(도시정비형),국제빌딩주변 제4구역 도시환경정비사업조합,한강로3가 63-70,이전고시,F3966NJ2,170100004005B96,11170-100004005,,,,,,20060420,,20061012,,20070531,,20080530,20161222,,20200820,
155,용산구,재개발(도시정비형),이촌역 역세권 장기전세주택 도시정비형 재개발사업,한강로3가 65-342,정비계획 수립,ichon-station,170900001253a98,11170-900001253,,,,,,,,,,,,,,,,
154,용산구,재건축,한양철우아파트 주택재건축 정비사업조합,한강로3가 65-500,조합설립인가,kS2r3HUz,,,,,,,,,,,,,,,,,,
153,용산구,재개발(도시정비형),용산역전면 제2구역 도시환경정비사업조합,한강로3가 391,이전고시,EZj5uOwy,170100004002Z61,11170-100004002,,,,,,20060627,,20061213,,20070917,,20080627,20140226,,20170731,
152,용산구,가로주택정비,한남동 한성아파트 가로주택정비사업,한남동 29-4,조합설립인가,hsapt294,170900001154B25,11170-900001154,,,,,,,,20230321,,,,,,,,
151,용산구,재개발(주택정비형),한남 제3재정비촉진구역 주택재개발정비사업 조합,한남동 686,철거,HIZF6k01,170900000100e11,11170-900000100,,,,,,20100811,,20120904,,20190329,,20230623,,,,
150,용산구,재건축,한남연립 729번지 주택재건축 정비사업조합,한남동 729,조합청산,nYG7ub9E,,,,,,,,,,,,,,,,,,
149,용산구,재개발(주택정비형),효창제6구역주택재개발정비사업조합,효창동 3-250,조합해산,b7VD2ARd,170100003005z43,11170-100003005,,,,,,20071026,,20100812,,20161020,,20171214,20191119,,20220328,
148,용산구,재개발(도시정비형),효창공원앞역역세권 도시정비형 재개발정비사업,효창동 5-307,추진위원회승인,Hyochang-station,170900001255U71,11170-900001255,,,,,,20260403,,,,,,,,,,
147,용산구,재개발(주택정비형),효창제5구역 주택재개발정비사업조합,효창동 13-2,조합청산,hyochang5,170100004003W14,11170-100004003,,,,,,20050829,,20090811,,20130913,,20150610,20161025,,20190429,
146,용산구,재개발(주택정비형),동후암1구역 주택재개발정비사업 조합설립추진위원회,후암동 30-2,추진위원회승인,donghuam1,170900001495q01,11170-900001495,,,,,,20260605,,,,,,,,,,
145,용산구,재건축,후암동제1구역 주택재건축정비사업 조합설립추진위원회,후암동 142-4,추진위원회승인,huam01,170100005004w12,11170-100005004,,,,,,20070423,,,,,,,,,,
144,용산구,재개발(주택정비형),동후암3구역 주택정비형 재개발사업,후암동 264-11,추진위원회승인,donghuam3,170900001516z28,11170-900001516,,,,,,20260629,,,,,,,,,,
143,은평구,재개발(주택정비형),갈현제2구역 주택정비형 재개발사업,갈현동 12-248,정비구역지정,galhyeon248,380900001444r70,11380-900001444,,,,,,,,,,,,,,,,
142,은평구,가로주택정비,갈현동 이화연립일원 가로주택정비사업,갈현동 259-7,사업시행인가,galhyun-ihwa,380900000892X95,11380-900000892,,,,,,,,20220128,,20260723,,,,,,
141,은평구,재개발(주택정비형),갈현제1구역 주택재개발정비사업조합,갈현동 300,착공,galhyeon1,380100001052O11,11380-100001052,,,,,,20050204,,20151202,,20190131,,20220506,20251201,,,
140,은평구,재개발(주택정비형),녹번제1구역3지구주택재개발정비사업조합,녹번동 4,조합청산,WzDDxC09,380100001049R54,11380-100001049,,,,,,20071108,,20080929,,,,,20121122,,,
139,은평구,재개발(주택정비형),녹번제1구역제2지구 주택재개발정비사업조합,녹번동 19,조합해산,nokbun2,380100001048R57,11380-100001048,,,,,,20071029,,20090612,,20110518,,20141127,20151208,,20181227,
138,은평구,재개발(주택정비형),녹번제1구역제1지구주택재개발정비사업조합,녹번동 53,조합청산,nokbun1,380100001047k69,11380-100001047,,,,,,20071008,,20080410,,20120720,,20131008,20160229,,20181010,
137,은평구,재개발(도시정비형),불광역세권(녹번동) 장기전세주택 건립사업,녹번동 125-1,정비계획 수립,nubulddy,380900001377F83,11380-900001377,,,,,,,,,,,,,,,,
136,은평구,재개발(도시정비형),불광역세권(녹번동) 장기전세주택 도시정비형 재개발사업,녹번동 125-1,추진위원회승인,BulgwangStation,380900001553a89,11380-900001553,,,,,,,,,,,,,,,,
135,은평구,재개발(도시정비형),[임시]역촌역세권(녹번동) 장기전세주택 도시정비형재개발사업,녹번동 150-5,정비계획 수립,mainPage,380900001501F40,11380-900001501,,,,,,,,,,,,,,,,
134,은평구,재개발(도시정비형),역촌역세권(대조동) 장기전세주택 도시정비형재개발사업,대조동 59-1,조합설립인가,daejo59-1,380900001264D66,11380-900001264,,,,,,20250324,,20251117,,,,,,,,
133,은평구,재개발(주택정비형),대조제1구역주택재개발정비사업조합,대조동 88,착공,eowhehd1,380100001045A59,11380-100001045,,,,,,20050427,,20111201,,20170126,,20190523,20220921,,,
132,은평구,가로주택정비,대조동 A3구역 가로주택정비사업,대조동 91-100,조합설립인가,daejoa3,380900001330r41,11380-900001330,,,,,,,,20250624,,,,,,,,
131,은평구,가로주택정비,대조동 A2구역 가로주택정비사업,대조동 92-5,조합설립인가,dayun0807,380900001231S07,11380-900001231,,,,,,,,20240731,,,,,,,,
130,은평구,재개발(주택정비형),불광동 16-111 일대,불광동 16-111,정비계획 수립,suri16111,380900001395N32,11380-900001395,,,,,,,,,,,,,,,,
129,은평구,재개발(주택정비형),불광제3구역주택재개발정비사업조합,불광동 17,조합청산,O95iGDl8,380100001033D97,11380-100001033,,,,,,20040304,,20040811,,,,,,,20100825,
128,은평구,재건축,불광1주택재건축정비사업(신탁방식),불광동 19-3,사업시행인가,bulgwang1,380900000759L70,11380-900000759,,,,,,,,,,,,,,,,
127,은평구,재개발(도시정비형),독바위역세권 도시정비형 재개발사업,불광동 227-7,사업시행인가,dokbawee,380900001091y97,11380-900001091,,,,,,,,,,20260422,,,,,,
126,은평구,재개발(주택정비형),불광제5 주택재개발정비사업 조합,불광동 238,관리처분인가,Bulkwang5,380100001036U35,11380-100001036,,,,,,20050206,,20101119,,20210923,,20241128,,,,
125,은평구,재건축,불광미성아파트 주택재건축정비사업,불광동 248,추진위원회승인,BulgwangMiseong,380900001416s36,11380-900001416,,,,,,20260519,,,,,,,,,,
124,은평구,재개발(주택정비형),공공주택복합사업 조합(임시),불광동 329-13,정비계획 수립,rhdrhd,380900000817d03,11380-900000817,,,,,,,,,,,,,,,,
123,은평구,재개발(주택정비형),불광8 주택정비형 재개발사업,불광동 600,조합설립인가,bulgwang,380900001024p11,11380-900001024,,,,,,,,,,,,,,,,
122,은평구,재개발(주택정비형),수색8재정비촉진구역 주택재개발 정비사업조합,수색동 16-2,관리처분인가,BD96w0O2,380100001065t49,11380-100001065,,,,,,20041213,,20090525,,20180711,,20230126,,,,
121,은평구,재개발(도시정비형),수색11재정비촉진구역,수색동 32-13,정비구역지정,susaek11,,,,,,,,,,,,,,,,,,
120,은평구,재개발(주택정비형),수색7재정비촉진구역 주택재개발정비사업조합,수색동 189,이전고시,suseak7,380100001059J06,11380-100001059,,,,,,20080627,,20100323,,20150521,,20180307,20200720,,,
119,은평구,재개발(주택정비형),수색4재정비촉진구역 주택재개발 정비사업 조합,수색동 330-1,조합해산,susaek4,380100001057S26,11380-100001057,,,,,,20080702,,20081230,,20130926,,20150506,20170428,,20200630,
118,은평구,재개발(도시정비형),수색1재정비촉진구역 도시환경정비사업 조합,수색동 366-6,조합설립인가,LQrYIDeJ,,,,,,,,,,,,,,,,,,
117,은평구,재건축,신사1 주택재건축정비사업 조합,신사동 170-12,착공,OR11vuB1,380900000018f00,11380-900000018,,,,,,20061228,,20120720,,20150409,,20210916,20230427,,,
116,은평구,재개발(주택정비형),"(임시)신사동200,237번지 일대",신사동 200,정비계획 수립,sinsadong,380900001158S24,11380-900001158,,,,,,,,,,,,,,,,
115,은평구,재개발(주택정비형),신사동200번지 일대 주택정비형 재개발사업,신사동 200,정비구역지정,sinsadong200,380900001421b96,11380-900001421,,,,,,,,,,,,,,,,
114,은평구,재개발(주택정비형),신사동237번지 일대 주택정비형 재개발사업,신사동 237,조합설립인가,sinsadong237,380900001412V13,11380-900001412,,,,,,,,,,,,,,,,
113,은평구,소규모재건축,성락타운아파트소규모재건축사업,신사동 261-20,조합설립인가,sungrak2203,380900000927t01,11380-900000927,,,,,,,,20220401,,,,,,,,
112,은평구,재개발(도시정비형),새절역세권(신사동) 장기전세주택 건립사업,신사동 338-41,정비계획 수립,saejeol1,380900001225A56,11380-900001225,,,,,,,,,,,,,,,,
111,은평구,재개발(도시정비형),구산역세권(역촌동) 장기전세주택 건립사업,역촌동 13-1,정비계획 수립,gusanyeokchon,380900001281p77,11380-900001281,,,,,,,,,,,,,,,,
110,은평구,재개발(도시정비형),역촌역세권(역촌동) 장기전세주택 도시정비형 재개발사업(임시),역촌동 14-70,정비계획 수립,yeokchon,380900001458n38,11380-900001458,,,,,,,,,,,,,,,,
109,은평구,재건축,역촌1구역 주택재건축정비사업조합,역촌동 189,분양,yeokchon1,380100000035J63,11380-100000035,,,,,,20070920,,20080123,,,,20151110,20210615,,,
108,은평구,재개발(주택정비형),응암제1구역 주택재개발정비사업조합,응암동 8,조합청산,eeungam1,380100001035Y33,11380-100001035,,,,,,20041105,,20090225,,,,20161013,20180831,,,
107,은평구,재개발(주택정비형),응암제2구역 주택재개발정비사업 조합,응암동 36,조합청산,eungam2,380100001032L07,11380-100001032,,,,,,20041111,,20090915,,20141030,,20151119,20170727,,20200519,
106,은평구,재개발(주택정비형),응암동 101번지 일대 주택정비형 공공재개발,응암동 101,조합설립인가,eungam101,380900001505N19,11380-900001505,,,,,,,,20260521,,,,,,,,
105,은평구,재개발(주택정비형),응암제3구역주택재개발정비사업조합,응암동 171,조합해산,ppphc1948,,,,,,,,,,,,,,,,,,
104,은평구,재건축,응암제4구역 주택재건축정비사업조합,응암동 225-1,조합청산,COhbMgMF,380900000017q70,11380-900000017,,,,,,20060525,,20130311,,20140404,,20180205,20190520,,20211104,
103,은평구,재개발(주택정비형),응암제10구역주택재개발정비사업조합,응암동 419,조합청산,eungam10,380100000037c92,11380-100000037,,,,,,20050128,,20070918,,20091001,,20150917,20170331,,20190829,
102,은평구,재개발(주택정비형),응암제11구역 주택재개발정비사업조합,응암동 455,조합청산,zCk93282,380100001053W13,11380-100001053,,,,,,20051122,,20100622,,20150409,,20160225,20170919,,20200318,
101,은평구,재건축,응암3 주택재건축정비사업조합,응암동 626-108,조합해산,e3092760,380900000048I25,11380-900000048,,,,,,20070308,,20100504,,,,20150120,20160615,,20190225,
100,은평구,재개발(주택정비형),응암제9구역주택재개발정비사업조합,응암동 663,조합해산,eungam9,,,,,,,,,,,,,,,,,,
99,은평구,재개발(주택정비형),응암동 675번지 일대,응암동 675,정비계획 수립,eungam675,,,,,,,,,,,,,,,,,,
98,은평구,재개발(주택정비형),응암3동 재개발 연계형 도시재생활성화사업,응암동 700,정비계획 수립,dmddka3,380900000947U25,11380-900000947,,,,,,,,,,,,,,,,
97,은평구,재개발(주택정비형),응암3동 재개발 연계형 도시재생활성화사업(A구역),응암동 700,정비계획 수립,eungama,380900001103z65,11380-900001103,,,,,,,,,,,,,,,,
96,은평구,재개발(주택정비형),응암동 700번지 일대 주택정비형 재개발사업,응암동 700,추진위원회승인,eungam700,380900001369L62,11380-900001369,,,,,,20251222,,,,,,,,,,
95,은평구,재개발(주택정비형),응암동 755번지 일대 주택정비형 재개발사업,응암동 755,정비구역지정,eungam755,380900001401b87,11380-900001401,,,,,,,,,,,,,,,,
94,은평구,재개발(주택정비형),응암3동 재개발 연계형 도시재생활성화사업(B구역),응암동 755,정비계획 수립,eungamb,380900001104i21,11380-900001104,,,,,,,,,,,,,,,,
93,은평구,재개발(주택정비형),증산2재정비촉진구역 주택재개발정비사업 조합,증산동 213-20,조합해산,js2newtown,380100001069E82,11380-100001069,,,,,,20080804,,20090728,,20141211,,20170113,20181101,,20220331,
92,은평구,재개발(주택정비형),증산5재정비촉진구역 주택재개발정비사업 조합,증산동 195,관리처분인가,jeungsan5,380900000142J19,11380-900000142,,,,,,20111007,,20120320,,20130613,,20230926,,,,
91,종로구,재개발(도시정비형),돈의문1구역도시환경정비사업조합,교남동 62-1,조합해산,Mm8IZX24,110100003002W13,11110-100003002,,,,,,20050523,,20061206,,20100914,,20120404,20141027,,20170224,
90,종로구,재개발(도시정비형),내자동 도시환경정비사업 조합설립추진위원회,내자동 81,추진위원회승인,naeja21,,,,,,,,,,,,,,,,,,
89,종로구,재건축,무악연립제2주택재건축정비사업조합,무악동 71-1,조합청산,muak2as,110100002009n02,11110-100002009,,,,,,,,20021224,,,,,20121130,,,
88,종로구,재개발(도시정비형),사직제2구역 도시환경정비사업 조합,사직동 311-10,사업시행인가,VZNIqw7k,110900000012M49,11110-900000012,,,,,,20031122,,20100719,,20120921,,,,,,
87,종로구,가로주택정비,숭인동 61번지 일대 가로주택정비사업,숭인동 61-103,조합설립인가,sungin61,110900000877d66,11110-900000877,,,,,,,,20211213,,,,,,,,
86,종로구,재개발(도시정비형),숭인동725번지 일원 역세권 장기전세주택 도시정비형 재개발정비사업,숭인동 725,정비계획 수립,sungindong725,110900001415W40,11110-900001415,,,,,,,,,,,,,,,,
85,종로구,재개발(도시정비형),신문로 2-12구역 공공재개발 정비사업,신문로1가 158,추진위원회승인,sinmunro212,110900000887F63,11110-900000887,,,,,,,,,,,,,,,,
84,종로구,재개발(주택정비형),신영제1구역 주택재개발정비사업조합,신영동 158-2,철거,sy1apt,110100002000z26,11110-100002000,,,,,,,,20030708,,20181019,,20220226,,,,
83,종로구,재개발(주택정비형),창신동 23일대 주택정비형 재개발구역,창신동 23-2,정비구역지정,changsin,110900001275B55,11110-900001275,,,,,,,,,,,,,,,,
82,종로구,재개발(도시정비형),창신 1-6구역 도시정비형 재개발사업,창신동 459-12,조합설립인가,changshin16r,110900000975J81,11110-900000975,,,,,,,,,,,,,,,,
81,종로구,재개발(주택정비형),창신동629번지 일대 주택정비형 재개발정비사업,창신동 629,정비계획 수립,changsin629,110900001438Z79,11110-900001438,,,,,,,,,,,,,,,,
80,종로구,재개발(도시정비형),창신4구역 도시환경정비사업 조합설립추진위원회,창신동 330-1,추진위원회승인,changsin4,110100008013F29,11110-100008013,,,,,,20170704,,,,,,,,,,
79,종로구,재건축,금강하이츠빌라 주택재건축사업,평창동 64-3,안전진단,geumgang,110900001314i69,11110-900001314,,,,,,,,,,,,,,,,
78,중구,재개발(주택정비형),만리제2주택재개발정비사업조합,만리동2가 176-1,조합해산,mrdapt2,140100002004V04,11140-100002004,,,,,,20041116,,20080516,,,,20120704,20140630,,20170807,
77,중구,재개발(주택정비형),신당제11주택재개발정비사업조합,신당동 85,조합해산,uwomjTG5,140100002003r22,11140-100002003,,,,,,20060719,,20080326,,20120803,,20150831,20161219,,20190531,
76,중구,재개발(주택정비형),신당10구역주택재개발정비사업조합,신당동 236-100,조합설립인가,shindang10,140900000749O48,11140-900000749,,,,,,,,20231227,,,,,,,,
75,중구,리모델링,남산타운아파트 리모델링사업,신당동 844,,namtaremodel,140900001485u65,11140-900001485,,,,,,,,,,,,,,,,
74,중구,재개발(주택정비형),신당제8구역 재개발정비사업조합,신당동 321-1,관리처분인가,sindang8,140100002005u31,11140-100002005,,,,20100318,,20041230,,20161212,,20181127,,20240531,,,,
73,중구,재개발(주택정비형),신당제9구역 주택재개발정비사업조합,신당동 432-1008,조합설립인가,AEoJ5Hpm,140100002006N65,11140-100002006,,,,,,20050124,,20180420,,,,,,,,
72,중구,재개발(도시정비형),세운재정비촉진지구 6-1-3구역 도시정비형재개발사업,인현동1가 31,추진위원회승인,seun613,140900001413T32,11140-900001413,,,,,,20251001,,,,,,,,,,
71,중구,재개발(도시정비형),마포로5-10구역도시환경정비사업조합설립추진위원회,중림동 186-1,추진위원회승인,z66iHclc,,,,,,,,,,,,,,,,,,
70,중구,재개발(주택정비형),중림동 398번지 일대 재개발정비사업조합,중림동 398,조합설립인가,joongnim398,140900000981n02,11140-900000981,,,,20201215,,,,20241219,,,,,,,,
69,중구,지역주택,(가칭)황학동1010일대 지역주택조합,황학동 1010,조합원 모집신고,hwanghak1010,140900000846r20,11140-900000846,,,,,,,,,,,,,,,,
68,중구,지역주택,황학동 청계 지역주택조합,황학동 2085,철거 및 착공,hwanghak-chunggye,140900000845e44,11140-900000845,,,,,,,,,,,,,,,,
67,중랑구,재건축,망우1구역 공공재건축정비사업조합,망우동 178-1,조합설립인가,paX41R06,260100003038f25,11260-100003038,,,,,,20090924,,20120529,,,,,,,,
66,중랑구,재개발(주택정비형),상봉13구역 재개발정비사업 조합설립추진위원회,망우동 461,추진위원회승인,sangbong13,260900001183K17,11260-900001183,,,,,,20251028,,,,,,,,,,
65,중랑구,가로주택정비,망우동 509의1 가로주택정비사업,망우동 509-1,조합설립인가,mangu509,260900001288k93,11260-900001288,,,,,,,,20241212,,,,,,,,
64,중랑구,가로주택정비,면목동 1-1번지 일원 가로주택정비사업,면목동 1-1,조합설립인가,goldpc0723,260900001414j79,11260-900001414,,,,,,,,20251222,,,,,,,,
63,중랑구,가로주택정비,면목동 1-4번지 일원 가로주택정비사업,면목동 1-4,조합설립인가,myeonmok,260900001283J69,11260-900001283,,,,,,,,,,,,,,,,
62,중랑구,가로주택정비,면목동 10-2번지 가로주택정비사업 조합,면목동 10-2,조합설립인가,m10-2garo,260900000910w46,11260-900000910,,,,,,,,20210308,,,,,,,,
61,중랑구,가로주택정비,면목역 6의1구역 가로주택정비사업,면목동 63-28,조합설립인가,myeonmok6-1,260900001177I74,11260-900001177,,,,,,,,20240827,,,,,,,,
60,중랑구,가로주택정비,면목역6의3구역 가로주택정비사업,면목동 66-28,조합설립인가,myeonmok6moa,260900001418b49,11260-900001418,,,,,,,,,,,,,,,,
59,중랑구,재개발(주택정비형),면목7구역 주택정비형 재개발사업,면목동 69-14,조합설립인가,myeonmok7,260900001189v94,11260-900001189,,,,,,20240412,,20240911,,,,,,,,
58,중랑구,재개발(주택정비형),(임시)면목동69-14일대 주택재개발사업,면목동 69-14,정비계획 수립,myeonmok69-14,260900001003C12,11260-900001003,,,,,,,,,,,,,,,,
57,중랑구,가로주택정비,면목역6구역 가로주택정비사업,면목동 86-19,조합설립인가,myeonmok1-6,260900000932H68,11260-900000932,,,,,,,,20220228,,,,,,,,
56,중랑구,가로주택정비,면목역4구역 가로주택정비사업,면목동 99-41,조합설립인가,myeonmok1-4,260900000986p53,11260-900000986,,,,,,,,20220627,,,,,,,,
55,중랑구,가로주택정비,면목역5구역 가로주택정비사업,면목동 100-38,조합해산,myeonmok1-5,260900000987n15,11260-900000987,,,,,,,,,,,,,,,,
54,중랑구,가로주택정비,면목본동2구역 가로주택정비사업,면목동 106-5,조합설립인가,myeonmokbon2,260900001267B13,11260-900001267,,,,,,,,20230711,,,,,,,,
53,중랑구,가로주택정비,면목본동3구역 가로주택정비사업,면목동 107-33,조합설립인가,myeonmokbon3,260900001271F22,11260-900001271,,,,,,,,20240603,,,,,,,,
52,중랑구,가로주택정비,면목본동5구역 가로주택정비사업,면목동 109-2,조합설립인가,myeonmokbon5,260900001192U68,11260-900001192,,,,,,,,20230711,,,,,,,,
51,중랑구,가로주택정비,면목역 6의4구역 가로주택정비사업,면목동 110-13,조합설립인가,myeonmok6-4,260900001435g57,11260-900001435,,,,,,,,20251030,,,,,,,,
50,중랑구,가로주택정비,면목역 6의 5구역 가로주택정비사업,면목동 113-1,조합설립인가,myeonmok6-5,260900001436K93,11260-900001436,,,,,,,,20251030,,,,,,,,
49,중랑구,가로주택정비,면목역2의5구역,면목동 127-26,조합설립인가,myunmok2-5,260900001509C18,11260-900001509,,,,,,,,,,,,,,,,
48,중랑구,재건축,한림연립주택재건축조합,면목동 134-40,이전고시,hanrim,,,,,,,,,,,,,,,,,,
47,중랑구,가로주택정비,면목역2의1구역 가로주택정비사업,면목동 139-52,조합설립인가,myeonmok2-1,260900001221s83,11260-900001221,,,,,,,,20240516,,,,,,,,
46,중랑구,가로주택정비,면목역2의3구역 가로주택정비사업조합,면목동 141-35,조합설립인가,myeonmok2-3,260900001346u11,11260-900001346,,,,,,,,20250709,,,,,,,,
45,중랑구,가로주택정비,면목역 3의1구역 가로주택정비사업조합,면목동 152-1,조합설립인가,myunkmok3-1,260900000969R96,11260-900000969,,,,,,,,20220907,,,,,,,,
44,중랑구,가로주택정비,면목역 3의2구역 가로주택정비사업조합,면목동 153-51,조합설립인가,myunmok3-2,260900000970t05,11260-900000970,,,,,,,,20220907,,,,,,,,
43,중랑구,가로주택정비,면목역 3의3구역 가로주택정비사업조합,면목동 154-31,조합설립인가,myunmok3-3,260900001122s89,11260-900001122,,,,,,,,20230502,,,,,,,,
42,중랑구,가로주택정비,면목역3의8구역 가로주택정비사업조합,면목동 156-1,조합설립인가,myunmok3-8,260900001347W41,11260-900001347,,,,,,,,20250707,,,,,,,,
41,중랑구,가로주택정비,면목역 3의7구역 가로주택정비사업,면목동 158-1,조합설립인가,myunmok3-7,260900001468k79,11260-900001468,,,,,,,,20251121,,,,,,,,
40,중랑구,재개발(주택정비형),(임시)면목동 172-1일대 민간재개발사업,면목동 172-1,정비계획 수립,myeonmok172,260900001279c66,11260-900001279,,,,,,,,,,,,,,,,
39,중랑구,재건축,면목동172-1번지일대 주택재건축정비사업 조합설립추진위원회,면목동 172-1,추진위원회승인,yINY470z,,,,,,,,,,,,,,,,,,
38,중랑구,재개발(주택정비형),면목8구역 민간재개발정비사업,면목동 172-1,추진위원회승인,myeonmok172-1,260900001402p56,11260-900001402,,,,,,20251205,,,,,,,,,,
37,중랑구,재개발(주택정비형),면목10구역 민간재개발정비사업,면목동 174-1,추진위원회승인,mnmk10,260900001496v51,11260-900001496,,,,,,20260420,,,,,,,,,,
36,중랑구,재개발(주택정비형),(임시)면목동 174-1 일대 민간재개발사업,면목동 174-1,정비계획 수립,myeonmokdong,260900001316T42,11260-900001316,,,,,,,,,,,,,,,,
35,중랑구,지역주택,(가칭)면목2동지역주택조합,면목동 192,조합창립총회,myeonmok2,260900000843L80,11260-900000843,,,,,,,,,,,,,,,,
34,중랑구,지역주택,(가칭)용마산역세권지역주택조합,면목동 371-134,조합창립총회,yongmasan,260900000842n30,11260-900000842,,,,,,,,,,,,,,,,
33,중랑구,재건축,면목1 주택재건축정비사업조합,면목동 520-19,조합청산,Wo7MD7NG,260100003000L69,11260-100003000,,,,,,20111120,,20080619,,20131017,,20150622,20170808,,20191127,
32,중랑구,재개발(주택정비형),면목9구역 주택정비형 공공재개발사업(LH),면목동 527,조합설립인가,myeonmok9,260900001439v17,11260-900001439,,,,,,,,20260108,,,,,,,,
31,중랑구,재개발(도시정비형),면목역세권 도시정비형 재개발사업,면목동 542-7,정비계획 수립,Myeonmok,260900001354g66,11260-900001354,,,,,,,,,,,,,,,,
30,중랑구,재개발(도시정비형),사가정역세권 도시정비형 재개발사업,면목동 572-1,추진위원회승인,sagajeong,260900001550r22,11260-900001550,,,,,,,,,,,,,,,,
29,중랑구,재개발(도시정비형),(임시) 사가정역세권 도시정비형 재개발사업,면목동 572-1,정비계획 수립,sagajung,260900001298r32,11260-900001298,,,,,,,,,,,,,,,,
28,중랑구,가로주택정비,면목역2구역 가로주택정비사업,면목동 1251-4,사업시행인가,myeonmok1-2,260900000931J78,11260-900000931,,,,,,,,20220329,,,,,,,,
27,중랑구,가로주택정비,면목역1구역 가로주택정비사업,면목동 1271,사업시행인가,myeonmok1-1,260900000985W59,11260-900000985,,,,,,,,20220818,,,,,,,,
26,중랑구,가로주택정비,면목동 194번지일대 가로주택정비사업,면목동 194-33,관리처분인가,meonmok194,260900000820q06,11260-900000820,,,,,,,,,,20250820,,,,,,
25,중랑구,재건축,묵1 주택재건축 정비사업조합,묵동 81-17,조합청산,mook1dong,260100003037T31,11260-100003037,,,,,,,,20080901,,20111117,,20130905,20141128,,20170525,
24,중랑구,소규모재건축,장미아파트 소규모재건축정비사업조합,묵동 188-1,조합설립인가,jangmiapt,260900001169Y50,11260-900001169,,,,,,,,20231214,,,,,,,,
23,중랑구,재개발(도시정비형),상봉10재정비촉진구역 도시정비형 재개발사업,상봉동 50-1,추진위원회승인,sangbong10,260900001162H31,11260-900001162,,,,,,20240105,,,,,,,,,,
22,중랑구,재개발(도시정비형),상봉7재정비촉진구역 도시환경정비사업조합,상봉동 88,사업시행인가,I1O1CEmx,260100003040s92,11260-100003040,,,,,,20090908,,20111201,,,,,,,,
21,중랑구,재개발(도시정비형),상봉6재정비촉진구역 도시환경정비사업 조합설립추진위원회,상봉동 107-1,추진위원회승인,sbong6,,,,,,,,,,,,,,,,,,
20,중랑구,가로주택정비,상봉역4구역 가로주택정비사업조합,상봉동 304-4,조합설립인가,sangbong4,260900001180x95,11260-900001180,,,,,,,,20231211,,,,,,,,
19,중랑구,재건축,신일빌라 소규모재건축정비사업조합,신내동 482-1,철거,sh8473,260900001111q08,11260-900001111,,,,,,,,20230313,,20231017,,,,,,
18,중랑구,가로주택정비,원당아파트 가로주택정비사업조합,신내동 613-52,조합설립인가,wondangapt,260900001339B72,11260-900001339,,,,,,,,,,,,,,,,
17,중랑구,가로주택정비,대명삼보연립 가로주택정비사업,중화동 1-1,관리처분인가,daemyungsambo,260900001282Y37,11260-900001282,,,,,,,,,,,,,,,,
16,중랑구,재개발(주택정비형),중화5구역 공공재개발정비사업,중화동 122,조합설립인가,junhwa5,260900001173M67,11260-900001173,,,,,,,,20240129,,,,,,,,
15,중랑구,재건축,중화동131-35번지일대 주택재건축정비사업 조합설립추진위원회,중화동 131-35,추진위원회승인,junghwa9,,,,,,,,,,,,,,,,,,
14,중랑구,재건축,중화우성타운 재건축정비사업,중화동 195-2,조합설립인가,junghwa_ws,260900001010L74,11260-900001010,,,,,,,,,,,,,,,,
13,중랑구,가로주택정비,상봉역5구역 가로주택정비사업,중화동 215-6,조합설립인가,sangbong5,260900001273E36,11260-900001273,,,,,,,,20241105,,,,,,,,
12,중랑구,가로주택정비,세광하니타운가로주택정비사업조합,중화동 296-44,착공,sekwang1,260900000682e02,11260-900000682,,,,,,,,20170925,,20230203,,,,,,
11,중랑구,가로주택정비,중화역3의5구역 가로주택정비사업,중화동 299-8,조합설립인가,junghwa3-5,260900001534L75,11260-900001534,,,,,,,,20260427,,,,,,,,
10,중랑구,가로주택정비,중화역3의3구역 가로주택정비사업,중화동 299-129,조합설립인가,junghwa33,260900001317L95,11260-900001317,,,,,,,,20250408,,,,,,,,
9,중랑구,가로주택정비,중화역2의4구역 가로주택정비사업,중화동 313-24,조합설립인가,junghwa,260900001357H19,11260-900001357,,,,,,,,,,,,,,,,
8,중랑구,가로주택정비,중화역2의6구역 가로주택정비사업,중화동 315-74,조합설립인가,junghwa2-6,260900001539h76,11260-900001539,,,,,,,,,,,,,,,,
7,중랑구,가로주택정비,중화역 2의5구역 가로주택정비사업,중화동 317-45,조합설립인가,joonghwa2-5,260900000908z96,11260-900000908,,,,,,,,20220117,,,,,,,,
6,중랑구,재건축,중화동324번지일대 주택재건축정비사업 조합설립추진위원회,중화동 324,추진위원회승인,j324apt,,,,,,,,,,,,,,,,,,
5,중랑구,가로주택정비,중화역 2의3구역 가로주택정비사업,중화동 327-49,조합설립인가,joonghwa2-3,260900001182g38,11260-900001182,,,,,,,,20231213,,,,,,,,
4,중랑구,가로주택정비,중화역 2의2구역 가로주택정비사업,중화동 329-30,조합설립인가,joonghwa2-2,260900000900X20,11260-900000900,,,,,,,,,,,,,,,,
3,중랑구,가로주택정비,중화역 2의1구역 가로주택정비사업,중화동 329-38,조합설립인가,joonghwa2-1,260900000899x95,11260-900000899,,,,,,,,20220117,,,,,,,,
2,중랑구,재개발(주택정비형),중화2재정비촉진구역 주택재개발정비사업,중화동 329-38,정비구역지정,wndghk2,,,,,,,,,,,,,,,,,,
1,중랑구,재개발(주택정비형),중화1재정비촉진구역 주택재개발정비사업 조합,중화동 331-1,준공인가,junghwa1,260100003045D40,11260-100003045,,,,,,20090619,,20110831,,20150807,,20180312,20220607,,20250612,
