project_name,kind,station_name,lawd_cd,lat,lon,status,status_date,expected_open_ym,opened_ym,source_name,source_url,last_verified,note
신분당선,지하철,신사,,37.5161253,127.0197609,운영중,,,,전국도시철도역사정보표준데이터 (2026-06-30 기준),https://www.data.go.kr/data/15013205/standard.do,2026-09-03,서울특별시 강남구 강남대로 620-2 · 경기도 신분당선 · 개통월은 자료에 없음
신분당선,지하철,논현,,37.5111154,127.0213658,운영중,,,,전국도시철도역사정보표준데이터 (2026-06-30 기준),https://www.data.go.kr/data/15013205/standard.do,2026-09-03,서울특별시 강남구 강남대로 492-2 · 경기도 신분당선 · 개통월은 자료에 없음
신분당선,지하철,신논현,,37.5045554,127.0245306,운영중,,,,전국도시철도역사정보표준데이터 (2026-06-30 기준),https://www.data.go.kr/data/15013205/standard.do,2026-09-03,서울특별시 강남구 강남대로 302-2 · 경기도 신분당선 · 개통월은 자료에 없음
신분당선,지하철,강남,,37.4973854,127.0278789,운영중,,,,전국도시철도역사정보표준데이터 (2026-06-30 기준),https://www.data.go.kr/data/15013205/standard.do,2026-09-03,서울특별시 강남구 강남대로 지하 396 · 경기도 신분당선 · 개통월은 자료에 없음
신분당선,지하철,양재(서초구청),,37.4844535,127.0340995,운영중,,,,전국도시철도역사정보표준데이터 (2026-06-30 기준),https://www.data.go.kr/data/15013205/standard.do,2026-09-03,서울시 서초구 남부순환로 지하 2585 · 경기도 신분당선 · 개통월은 자료에 없음
신분당선,지하철,양재시민의숲(매헌),,37.4709639,127.0384203,운영중,,,,전국도시철도역사정보표준데이터 (2026-06-30 기준),https://www.data.go.kr/data/15013205/standard.do,2026-09-03,서울특별시 서초구 매헌로 지하 116 · 경기도 신분당선 · 개통월은 자료에 없음
신분당선,지하철,청계산입구,,37.4487148,127.0543396,운영중,,,,전국도시철도역사정보표준데이터 (2026-06-30 기준),https://www.data.go.kr/data/15013205/standard.do,2026-09-03,서울특별시 서초구 청계산로 지하 179 · 경기도 신분당선 · 개통월은 자료에 없음
신분당선,지하철,판교,,37.3957148,127.1112107,운영중,,,,전국도시철도역사정보표준데이터 (2026-06-30 기준),https://www.data.go.kr/data/15013205/standard.do,2026-09-03,경기도 성남시 분당구 판교역로 지하 160 · 경기도 신분당선 · 개통월은 자료에 없음
신분당선,지하철,정자,,37.3682102,127.1083859,운영중,,,,전국도시철도역사정보표준데이터 (2026-06-30 기준),https://www.data.go.kr/data/15013205/standard.do,2026-09-03,경기도 성남시 분당구 성남대로 지하 333 · 경기도 신분당선 · 개통월은 자료에 없음
신분당선,지하철,미금,,37.3511833,127.1089028,운영중,,,,전국도시철도역사정보표준데이터 (2026-06-30 기준),https://www.data.go.kr/data/15013205/standard.do,2026-09-03,경기도 성남시 성남대로 지하 163 (금곡동) · 경기도 신분당선 · 개통월은 자료에 없음
신분당선,지하철,동천,,37.3386841,127.1027937,운영중,,,,전국도시철도역사정보표준데이터 (2026-06-30 기준),https://www.data.go.kr/data/15013205/standard.do,2026-09-03,경기도 용인시 수지구 신수로 지하760 · 경기도 신분당선 · 개통월은 자료에 없음
신분당선,지하철,수지구청,,37.323009,127.0955813,운영중,,,,전국도시철도역사정보표준데이터 (2026-06-30 기준),https://www.data.go.kr/data/15013205/standard.do,2026-09-03,경기도 용인시 수지구 풍덕천로 지하120 · 경기도 신분당선 · 개통월은 자료에 없음
신분당선,지하철,성복,,37.3140425,127.0807578,운영중,,,,전국도시철도역사정보표준데이터 (2026-06-30 기준),https://www.data.go.kr/data/15013205/standard.do,2026-09-03,경기도 용인시 수지구 수지로 지하134 · 경기도 신분당선 · 개통월은 자료에 없음
신분당선,지하철,상현,,37.2986853,127.0695799,운영중,,,,전국도시철도역사정보표준데이터 (2026-06-30 기준),https://www.data.go.kr/data/15013205/standard.do,2026-09-03,경기도 용인시 수지구 광교중앙로 지하312 · 경기도 신분당선 · 개통월은 자료에 없음
신분당선,지하철,광교중앙(아주대),,37.2877375,127.052625,운영중,,,,전국도시철도역사정보표준데이터 (2026-06-30 기준),https://www.data.go.kr/data/15013205/standard.do,2026-09-03,경기도 수원시 영통구 도청로 지하45 · 경기도 신분당선 · 개통월은 자료에 없음
신분당선,지하철,광교(경기대),,37.3017347,127.0448561,운영중,,,,전국도시철도역사정보표준데이터 (2026-06-30 기준),https://www.data.go.kr/data/15013205/standard.do,2026-09-03,경기도 수원시 영통구 대학로 55 신분당선 광교역 · 경기도 신분당선 · 개통월은 자료에 없음
에버라인,지하철,기흥(백남준아트센터),,37.2754529,127.1170465,운영중,,,,전국도시철도역사정보표준데이터 (2026-06-30 기준),https://www.data.go.kr/data/15013205/standard.do,2026-09-03,경기도 용인시 기흥구 중부대로 460 · 경기도 용인경전철 · 개통월은 자료에 없음
에버라인,지하철,강남대,,37.2701707,127.1260669,운영중,,,,전국도시철도역사정보표준데이터 (2026-06-30 기준),https://www.data.go.kr/data/15013205/standard.do,2026-09-03,경기도 용인시 기흥구 중부대로 578 · 경기도 용인경전철 · 개통월은 자료에 없음
에버라인,지하철,지석,,37.2697373,127.1363256,운영중,,,,전국도시철도역사정보표준데이터 (2026-06-30 기준),https://www.data.go.kr/data/15013205/standard.do,2026-09-03,경기도 용인시 기흥구 어정로 28 · 경기도 용인경전철 · 개통월은 자료에 없음
에버라인,지하철,어정,,37.2749513,127.1437499,운영중,,,,전국도시철도역사정보표준데이터 (2026-06-30 기준),https://www.data.go.kr/data/15013205/standard.do,2026-09-03,경기도 용인시 기흥구 어정로 128 · 경기도 용인경전철 · 개통월은 자료에 없음
에버라인,지하철,동백(용인세브란스),,37.2691014,127.1526906,운영중,,,,전국도시철도역사정보표준데이터 (2026-06-30 기준),https://www.data.go.kr/data/15013205/standard.do,2026-09-03,경기도 용인시 기흥구 동백죽전대로 314 · 경기도 용인경전철 · 개통월은 자료에 없음
에버라인,지하철,초당,,37.2608065,127.1594692,운영중,,,,전국도시철도역사정보표준데이터 (2026-06-30 기준),https://www.data.go.kr/data/15013205/standard.do,2026-09-03,경기도 용인시 기흥구 동백죽전대로 204 · 경기도 용인경전철 · 개통월은 자료에 없음
에버라인,지하철,삼가,,37.2420599,127.16818,운영중,,,,전국도시철도역사정보표준데이터 (2026-06-30 기준),https://www.data.go.kr/data/15013205/standard.do,2026-09-03,경기도 용인시 처인구 중부대로 1098 · 경기도 용인경전철 · 개통월은 자료에 없음
에버라인,지하철,시청·용인대,,37.239442,127.1788851,운영중,,,,전국도시철도역사정보표준데이터 (2026-06-30 기준),https://www.data.go.kr/data/15013205/standard.do,2026-09-03,경기도 용인시 처인구 중부대로 1199-1 · 경기도 용인경전철 · 개통월은 자료에 없음
에버라인,지하철,명지대,,37.2380763,127.1902913,운영중,,,,전국도시철도역사정보표준데이터 (2026-06-30 기준),https://www.data.go.kr/data/15013205/standard.do,2026-09-03,경기도 용인시 처인구 금학로 241 · 경기도 용인경전철 · 개통월은 자료에 없음
에버라인,지하철,김량장,,37.2373238,127.1986109,운영중,,,,전국도시철도역사정보표준데이터 (2026-06-30 기준),https://www.data.go.kr/data/15013205/standard.do,2026-09-03,경기도 용인시 처인구 금학로 315 · 경기도 용인경전철 · 개통월은 자료에 없음
에버라인,지하철,용인중앙시장(용인예술과학대),,37.2379113,127.2090526,운영중,,,,전국도시철도역사정보표준데이터 (2026-06-30 기준),https://www.data.go.kr/data/15013205/standard.do,2026-09-03,경기도 용인시 처인구 금학로 409 · 경기도 용인경전철 · 개통월은 자료에 없음
에버라인,지하철,고진,,37.2446383,127.2141836,운영중,,,,전국도시철도역사정보표준데이터 (2026-06-30 기준),https://www.data.go.kr/data/15013205/standard.do,2026-09-03,경기도 용인시 처인구 경안천로 141 · 경기도 용인경전철 · 개통월은 자료에 없음
에버라인,지하철,보평,,37.2589643,127.2184808,운영중,,,,전국도시철도역사정보표준데이터 (2026-06-30 기준),https://www.data.go.kr/data/15013205/standard.do,2026-09-03,경기도 용인시 처인구 경안천로 313 · 경기도 용인경전철 · 개통월은 자료에 없음
에버라인,지하철,둔전,,37.2672122,127.2136387,운영중,,,,전국도시철도역사정보표준데이터 (2026-06-30 기준),https://www.data.go.kr/data/15013205/standard.do,2026-09-03,경기도 용인시 처인구 포곡읍 포곡로 70 · 경기도 용인경전철 · 개통월은 자료에 없음
에버라인,지하철,전대·에버랜드,,37.2854133,127.219509,운영중,,,,전국도시철도역사정보표준데이터 (2026-06-30 기준),https://www.data.go.kr/data/15013205/standard.do,2026-09-03,경기도 용인시 처인구 포곡읍 에버랜드로 143 · 경기도 용인경전철 · 개통월은 자료에 없음
인천국제공항선,지하철,서울,,37.5530178,126.9697643,운영중,,,,전국도시철도역사정보표준데이터 (2026-06-30 기준),https://www.data.go.kr/data/15013205/standard.do,2026-09-03,서울특별시 용산구 청파로 378 · 공항철도주식회사 · 개통월은 자료에 없음
인천국제공항선,지하철,공덕,,37.5427105,126.9516296,운영중,,,,전국도시철도역사정보표준데이터 (2026-06-30 기준),https://www.data.go.kr/data/15013205/standard.do,2026-09-03,서울특별시 마포구 마포대로 92 · 공항철도주식회사 · 개통월은 자료에 없음
인천국제공항선,지하철,홍대입구,,37.557741,126.9264939,운영중,,,,전국도시철도역사정보표준데이터 (2026-06-30 기준),https://www.data.go.kr/data/15013205/standard.do,2026-09-03,서울특별시 마포구 양화로 188 · 공항철도주식회사 · 개통월은 자료에 없음
인천국제공항선,지하철,디지털미디어시티,,37.577355,126.898025,운영중,,,,전국도시철도역사정보표준데이터 (2026-06-30 기준),https://www.data.go.kr/data/15013205/standard.do,2026-09-03,서울특별시 마포구 성암로 184 · 공항철도주식회사 · 개통월은 자료에 없음
인천국제공항선,지하철,마곡나루,,37.5658191,126.8276358,운영중,,,,전국도시철도역사정보표준데이터 (2026-06-30 기준),https://www.data.go.kr/data/15013205/standard.do,2026-09-03,서울특별시 강서구 마곡중앙로 지하 135 · 공항철도주식회사 · 개통월은 자료에 없음
인천국제공항선,지하철,김포공항,,37.5621165,126.8015442,운영중,,,,전국도시철도역사정보표준데이터 (2026-06-30 기준),https://www.data.go.kr/data/15013205/standard.do,2026-09-03,서울특별시 강서구 하늘길 77 · 공항철도주식회사 · 개통월은 자료에 없음
인천국제공항선,지하철,계양,,37.571769,126.736319,운영중,,,,전국도시철도역사정보표준데이터 (2026-06-30 기준),https://www.data.go.kr/data/15013205/standard.do,2026-09-03,인천광역시 계양구 다남로 24 · 공항철도주식회사 · 개통월은 자료에 없음
인천국제공항선,지하철,검암,,37.5691555,126.6735357,운영중,,,,전국도시철도역사정보표준데이터 (2026-06-30 기준),https://www.data.go.kr/data/15013205/standard.do,2026-09-03,인천광역시 서구 검바위로 26 · 공항철도주식회사 · 개통월은 자료에 없음
인천국제공항선,지하철,청라국제도시,,37.556509,126.624725,운영중,,,,전국도시철도역사정보표준데이터 (2026-06-30 기준),https://www.data.go.kr/data/15013205/standard.do,2026-09-03,인천광역시 서구 에코로 163 · 공항철도주식회사 · 개통월은 자료에 없음
인천국제공항선,지하철,영종,,37.5120981,126.5242471,운영중,,,,전국도시철도역사정보표준데이터 (2026-06-30 기준),https://www.data.go.kr/data/15013205/standard.do,2026-09-03,인천광역시 중구 백운로414번길 75 · 공항철도주식회사 · 개통월은 자료에 없음
인천국제공항선,지하철,운서,,37.4928446,126.4936619,운영중,,,,전국도시철도역사정보표준데이터 (2026-06-30 기준),https://www.data.go.kr/data/15013205/standard.do,2026-09-03,인천광역시 중구 흰바위로59번길 26 · 공항철도주식회사 · 개통월은 자료에 없음
인천국제공항선,지하철,공항화물청사,,37.4590261,126.4774333,운영중,,,,전국도시철도역사정보표준데이터 (2026-06-30 기준),https://www.data.go.kr/data/15013205/standard.do,2026-09-03,인천광역시 중구 공항동로135번길 86 · 공항철도주식회사 · 개통월은 자료에 없음
인천국제공항선,지하철,인천공항1터미널,,37.4476067,126.4523433,운영중,,,,전국도시철도역사정보표준데이터 (2026-06-30 기준),https://www.data.go.kr/data/15013205/standard.do,2026-09-03,인천광역시 중구 공항로 271 · 공항철도주식회사 · 개통월은 자료에 없음
인천국제공항선,지하철,인천공항2터미널,,37.46866,126.433415,운영중,,,,전국도시철도역사정보표준데이터 (2026-06-30 기준),https://www.data.go.kr/data/15013205/standard.do,2026-09-03,인천광역시 중구 공항로 272 · 공항철도주식회사 · 개통월은 자료에 없음
김포도시철도,지하철,양촌역,,37.641639,126.614694,운영중,,,,전국도시철도역사정보표준데이터 (2026-06-30 기준),https://www.data.go.kr/data/15013205/standard.do,2026-09-03,경기도 김포시 양촌읍 양촌역길 107 · 김포골드라인에스알에스㈜ · 개통월은 자료에 없음
김포도시철도,지하철,구래역,,37.645354,126.6285,운영중,,,,전국도시철도역사정보표준데이터 (2026-06-30 기준),https://www.data.go.kr/data/15013205/standard.do,2026-09-03,경기도 김포시 김포한강7로 87 · 김포골드라인에스알에스㈜ · 개통월은 자료에 없음
김포도시철도,지하철,마산역,,37.640606,126.643944,운영중,,,,전국도시철도역사정보표준데이터 (2026-06-30 기준),https://www.data.go.kr/data/15013205/standard.do,2026-09-03,경기도 김포시 김포한강3로 지하 442 · 김포골드라인에스알에스㈜ · 개통월은 자료에 없음
김포도시철도,지하철,장기역,,37.644028,126.669,운영중,,,,전국도시철도역사정보표준데이터 (2026-06-30 기준),https://www.data.go.kr/data/15013205/standard.do,2026-09-03,경기도 김포시 김포한강1로 지하 59 · 김포골드라인에스알에스㈜ · 개통월은 자료에 없음
김포도시철도,지하철,운양역,,37.653861,126.683833,운영중,,,,전국도시철도역사정보표준데이터 (2026-06-30 기준),https://www.data.go.kr/data/15013205/standard.do,2026-09-03,경기도 김포시 김포한강1로 지하 235 · 김포골드라인에스알에스㈜ · 개통월은 자료에 없음
김포도시철도,지하철,걸포북변역,,37.631639,126.70575,운영중,,,,전국도시철도역사정보표준데이터 (2026-06-30 기준),https://www.data.go.kr/data/15013205/standard.do,2026-09-03,경기도 김포시 김포대로 지하 1040 · 김포골드라인에스알에스㈜ · 개통월은 자료에 없음
김포도시철도,지하철,사우역,,37.620361,126.719722,운영중,,,,전국도시철도역사정보표준데이터 (2026-06-30 기준),https://www.data.go.kr/data/15013205/standard.do,2026-09-03,경기도 김포시 김포대로 지하 852 · 김포골드라인에스알에스㈜ · 개통월은 자료에 없음
김포도시철도,지하철,풍무역,,37.612333,126.732583,운영중,,,,전국도시철도역사정보표준데이터 (2026-06-30 기준),https://www.data.go.kr/data/15013205/standard.do,2026-09-03,경기도 김포시 김포대로 지하 710 · 김포골드라인에스알에스㈜ · 개통월은 자료에 없음
김포도시철도,지하철,고촌역,,37.60125,126.770361,운영중,,,,전국도시철도역사정보표준데이터 (2026-06-30 기준),https://www.data.go.kr/data/15013205/standard.do,2026-09-03,경기도 김포시 고촌읍 김포대로 지하 350 · 김포골드라인에스알에스㈜ · 개통월은 자료에 없음
김포도시철도,지하철,김포공항역,,37.562309,126.801833,운영중,,,,전국도시철도역사정보표준데이터 (2026-06-30 기준),https://www.data.go.kr/data/15013205/standard.do,2026-09-03,서울특별시 강서구 하늘길 지하 77 · 김포골드라인에스알에스㈜ · 개통월은 자료에 없음
수도권 경량도시철도 신림선,지하철,샛강,,37.5172199,126.929404,운영중,,,,전국도시철도역사정보표준데이터 (2026-06-30 기준),https://www.data.go.kr/data/15013205/standard.do,2026-09-03,서울특별시 영등포구 의사당대로 지하166 (여의도동) · 남서울경전철 주식회사 · 개통월은 자료에 없음
수도권 경량도시철도 신림선,지하철,대방,,37.5128402,126.9253168,운영중,,,,전국도시철도역사정보표준데이터 (2026-06-30 기준),https://www.data.go.kr/data/15013205/standard.do,2026-09-03,서울특별시 영등포구 여의대방로 300 (신길동) · 남서울경전철 주식회사 · 개통월은 자료에 없음
수도권 경량도시철도 신림선,지하철,서울지방병무청,,37.5060469,126.9227834,운영중,,,,전국도시철도역사정보표준데이터 (2026-06-30 기준),https://www.data.go.kr/data/15013205/standard.do,2026-09-03,서울특별시 동작구 여의대방로 지하218 (대방동) · 남서울경전철 주식회사 · 개통월은 자료에 없음
수도권 경량도시철도 신림선,지하철,보라매,,37.5003127,126.9204859,운영중,,,,전국도시철도역사정보표준데이터 (2026-06-30 기준),https://www.data.go.kr/data/15013205/standard.do,2026-09-03,서울특별시 동작구 상도로 지하2 (대방동) · 남서울경전철 주식회사 · 개통월은 자료에 없음
수도권 경량도시철도 신림선,지하철,보라매공원,,37.4952254,126.9182588,운영중,,,,전국도시철도역사정보표준데이터 (2026-06-30 기준),https://www.data.go.kr/data/15013205/standard.do,2026-09-03,서울특별시 동작구 여의대방로20길 지하11 (신대방동) · 남서울경전철 주식회사 · 개통월은 자료에 없음
수도권 경량도시철도 신림선,지하철,보라매병원,,37.4929607,126.923886,운영중,,,,전국도시철도역사정보표준데이터 (2026-06-30 기준),https://www.data.go.kr/data/15013205/standard.do,2026-09-03,서울특별시 동작구 보라매로5길 지하24 (신대방동) · 남서울경전철 주식회사 · 개통월은 자료에 없음
수도권 경량도시철도 신림선,지하철,당곡,,37.4900391,126.9275688,운영중,,,,전국도시철도역사정보표준데이터 (2026-06-30 기준),https://www.data.go.kr/data/15013205/standard.do,2026-09-03,서울특별시 관악구 보라매로 6 (봉천동) · 남서울경전철 주식회사 · 개통월은 자료에 없음
수도권 경량도시철도 신림선,지하철,신림,,37.4848908,126.9296099,운영중,,,,전국도시철도역사정보표준데이터 (2026-06-30 기준),https://www.data.go.kr/data/15013205/standard.do,2026-09-03,서울특별시 관악구 남부순환로 지하1614 (신림동) · 남서울경전철 주식회사 · 개통월은 자료에 없음
수도권 경량도시철도 신림선,지하철,서원,,37.4782734,126.9332282,운영중,,,,전국도시철도역사정보표준데이터 (2026-06-30 기준),https://www.data.go.kr/data/15013205/standard.do,2026-09-03,서울특별시 관악구 신림로 258 (신림동) · 남서울경전철 주식회사 · 개통월은 자료에 없음
수도권 경량도시철도 신림선,지하철,서울대벤처타운,,37.4720407,126.9339766,운영중,,,,전국도시철도역사정보표준데이터 (2026-06-30 기준),https://www.data.go.kr/data/15013205/standard.do,2026-09-03,서울특별시 관악구 신림로 144 (신림동) · 남서울경전철 주식회사 · 개통월은 자료에 없음
수도권 경량도시철도 신림선,지하철,관악산,,37.469169,126.9449548,운영중,,,,전국도시철도역사정보표준데이터 (2026-06-30 기준),https://www.data.go.kr/data/15013205/standard.do,2026-09-03,서울특별시 관악구 신림로 23 (신림동) · 남서울경전철 주식회사 · 개통월은 자료에 없음
진접선,지하철,진접역,,37.720472,127.203167,운영중,,,,전국도시철도역사정보표준데이터 (2026-06-30 기준),https://www.data.go.kr/data/15013205/standard.do,2026-09-03,경기도 남양주시 진접읍 경복대로 지하 244 · 남양주도시공사 · 개통월은 자료에 없음
진접선,지하철,오남역,,37.7054056,127.191644,운영중,,,,전국도시철도역사정보표준데이터 (2026-06-30 기준),https://www.data.go.kr/data/15013205/standard.do,2026-09-03,경기도 남양주시 오남읍 진건오남로 지하 929 · 남양주도시공사 · 개통월은 자료에 없음
진접선,지하철,별내별가람역,,37.667833,127.116167,운영중,,,,전국도시철도역사정보표준데이터 (2026-06-30 기준),https://www.data.go.kr/data/15013205/standard.do,2026-09-03,경기도 남양주시 별내3로 지하 345 · 남양주도시공사 · 개통월은 자료에 없음
수도권 광역철도 8호선,지하철,별내역,,37.642517,127.1273,운영중,,,,전국도시철도역사정보표준데이터 (2026-06-30 기준),https://www.data.go.kr/data/15013205/standard.do,2026-09-03,경기도 남양주시 경춘북로 375(별내동) · 남양주도시공사 · 개통월은 자료에 없음
수도권 광역철도 8호선,지하철,다산역,,37.62437,127.1498,운영중,,,,전국도시철도역사정보표준데이터 (2026-06-30 기준),https://www.data.go.kr/data/15013205/standard.do,2026-09-03,경기도 남양주 다산중앙로 123번길(다산동) · 남양주도시공사 · 개통월은 자료에 없음
1호선,지하철,청량리(서울시립대입구),,37.580148,127.045063,운영중,,,,전국도시철도역사정보표준데이터 (2026-06-30 기준),https://www.data.go.kr/data/15013205/standard.do,2026-09-03,서울특별시 동대문구 왕산로 지하205(전농동) · 서울교통공사 · 개통월은 자료에 없음
1호선,지하철,제기동,,37.578116,127.034902,운영중,,,,전국도시철도역사정보표준데이터 (2026-06-30 기준),https://www.data.go.kr/data/15013205/standard.do,2026-09-03,서울특별시 동대문구 왕산로 지하93(제기동) · 서울교통공사 · 개통월은 자료에 없음
1호선,지하철,신설동,,37.576117,127.02471,운영중,,,,전국도시철도역사정보표준데이터 (2026-06-30 기준),https://www.data.go.kr/data/15013205/standard.do,2026-09-03,서울특별시 동대문구 왕산로 지하1(신설동) · 서울교통공사 · 개통월은 자료에 없음
1호선,지하철,동묘앞,,37.573265,127.016459,운영중,,,,전국도시철도역사정보표준데이터 (2026-06-30 기준),https://www.data.go.kr/data/15013205/standard.do,2026-09-03,서울특별시 종로구 종로 359(숭인동) · 서울교통공사 · 개통월은 자료에 없음
1호선,지하철,동대문,,37.571646,127.01069,운영중,,,,전국도시철도역사정보표준데이터 (2026-06-30 기준),https://www.data.go.kr/data/15013205/standard.do,2026-09-03,서울특별시 종로구 종로 지하302(창신동) · 서울교통공사 · 개통월은 자료에 없음
1호선,지하철,종로5가,,37.570971,127.0019,운영중,,,,전국도시철도역사정보표준데이터 (2026-06-30 기준),https://www.data.go.kr/data/15013205/standard.do,2026-09-03,서울특별시 종로구 종로 지하216(종로5가) · 서울교통공사 · 개통월은 자료에 없음
1호선,지하철,종로3가,,37.570429,126.992095,운영중,,,,전국도시철도역사정보표준데이터 (2026-06-30 기준),https://www.data.go.kr/data/15013205/standard.do,2026-09-03,서울특별시 종로구 종로 지하129(종로3가) · 서울교통공사 · 개통월은 자료에 없음
1호선,지하철,종각,,37.570203,126.983116,운영중,,,,전국도시철도역사정보표준데이터 (2026-06-30 기준),https://www.data.go.kr/data/15013205/standard.do,2026-09-03,서울특별시 종로구 종로 지하55(종로1가) · 서울교통공사 · 개통월은 자료에 없음
1호선,지하철,시청,,37.565211,126.977207,운영중,,,,전국도시철도역사정보표준데이터 (2026-06-30 기준),https://www.data.go.kr/data/15013205/standard.do,2026-09-03,서울특별시 중구 세종대로 지하101(정동) · 서울교통공사 · 개통월은 자료에 없음
1호선,지하철,서울역,,37.55585,126.972103,운영중,,,,전국도시철도역사정보표준데이터 (2026-06-30 기준),https://www.data.go.kr/data/15013205/standard.do,2026-09-03,서울특별시 중구 세종대로 지하2(남대문로 5가) · 서울교통공사 · 개통월은 자료에 없음
2호선,지하철,시청,,37.563534,126.975271,운영중,,,,전국도시철도역사정보표준데이터 (2026-06-30 기준),https://www.data.go.kr/data/15013205/standard.do,2026-09-03,서울특별시 중구 서소문로 지하127(서소문동) · 서울교통공사 · 개통월은 자료에 없음
2호선,지하철,을지로입구,,37.565998,126.982569,운영중,,,,전국도시철도역사정보표준데이터 (2026-06-30 기준),https://www.data.go.kr/data/15013205/standard.do,2026-09-03,서울특별시 중구 을지로 지하42(을지로1가) · 서울교통공사 · 개통월은 자료에 없음
2호선,지하철,을지로3가,,37.566292,126.990873,운영중,,,,전국도시철도역사정보표준데이터 (2026-06-30 기준),https://www.data.go.kr/data/15013205/standard.do,2026-09-03,서울특별시 중구 을지로 지하106(을지로3가) · 서울교통공사 · 개통월은 자료에 없음
2호선,지하철,을지로4가,,37.566611,126.997622,운영중,,,,전국도시철도역사정보표준데이터 (2026-06-30 기준),https://www.data.go.kr/data/15013205/standard.do,2026-09-03,서울특별시 중구 을지로 지하178(을지로4가) · 서울교통공사 · 개통월은 자료에 없음
2호선,지하철,동대문역사문화공원(DDP),,37.565609,127.009083,운영중,,,,전국도시철도역사정보표준데이터 (2026-06-30 기준),https://www.data.go.kr/data/15013205/standard.do,2026-09-03,서울특별시 중구 을지로 지하279(을지로7가) · 서울교통공사 · 개통월은 자료에 없음
2호선,지하철,신당,,37.565675,127.0194259,운영중,,,,전국도시철도역사정보표준데이터 (2026-06-30 기준),https://www.data.go.kr/data/15013205/standard.do,2026-09-03,서울특별시 중구 퇴계로 지하431-1(신당동) · 서울교통공사 · 개통월은 자료에 없음
2호선,지하철,상왕십리,,37.564444,127.029322,운영중,,,,전국도시철도역사정보표준데이터 (2026-06-30 기준),https://www.data.go.kr/data/15013205/standard.do,2026-09-03,서울특별시 성동구 왕십리로 지하374(하왕십리동) · 서울교통공사 · 개통월은 자료에 없음
2호선,지하철,왕십리(성동구청),,37.561289,127.0370615,운영중,,,,전국도시철도역사정보표준데이터 (2026-06-30 기준),https://www.data.go.kr/data/15013205/standard.do,2026-09-03,서울특별시 성동구 왕십리로 지하300(행당동) · 서울교통공사 · 개통월은 자료에 없음
2호선,지하철,한양대,,37.555758,127.0436594,운영중,,,,전국도시철도역사정보표준데이터 (2026-06-30 기준),https://www.data.go.kr/data/15013205/standard.do,2026-09-03,서울특별시 성동구 왕십리로 206(행당동) · 서울교통공사 · 개통월은 자료에 없음
2호선,지하철,뚝섬,,37.54718,127.047413,운영중,,,,전국도시철도역사정보표준데이터 (2026-06-30 기준),https://www.data.go.kr/data/15013205/standard.do,2026-09-03,서울특별시 성동구 아차산로 18(성수동1가) · 서울교통공사 · 개통월은 자료에 없음
2호선,지하철,성수,,37.544628,127.055983,운영중,,,,전국도시철도역사정보표준데이터 (2026-06-30 기준),https://www.data.go.kr/data/15013205/standard.do,2026-09-03,서울특별시 성동구 아차산로 100(성수동2가) · 서울교통공사 · 개통월은 자료에 없음
2호선,지하철,건대입구,,37.540408,127.069231,운영중,,,,전국도시철도역사정보표준데이터 (2026-06-30 기준),https://www.data.go.kr/data/15013205/standard.do,2026-09-03,서울특별시 광진구 아차산로 243(화양동) · 서울교통공사 · 개통월은 자료에 없음
2호선,지하철,구의(광진구청),,37.537157,127.0862124,운영중,,,,전국도시철도역사정보표준데이터 (2026-06-30 기준),https://www.data.go.kr/data/15013205/standard.do,2026-09-03,서울특별시 광진구 아차산로 384-1(구의동) · 서울교통공사 · 개통월은 자료에 없음
2호선,지하철,강변(동서울터미널),,37.535161,127.094684,운영중,,,,전국도시철도역사정보표준데이터 (2026-06-30 기준),https://www.data.go.kr/data/15013205/standard.do,2026-09-03,서울특별시 광진구 강변역로 53(구의동) · 서울교통공사 · 개통월은 자료에 없음
2호선,지하철,잠실나루,,37.520688,127.103836,운영중,,,,전국도시철도역사정보표준데이터 (2026-06-30 기준),https://www.data.go.kr/data/15013205/standard.do,2026-09-03,서울특별시 송파구 오금로 20(신천동) · 서울교통공사 · 개통월은 자료에 없음
2호선,지하철,잠실(송파구청),,37.513305,127.100129,운영중,,,,전국도시철도역사정보표준데이터 (2026-06-30 기준),https://www.data.go.kr/data/15013205/standard.do,2026-09-03,서울특별시 송파구 올림픽로 지하265(신천동) · 서울교통공사 · 개통월은 자료에 없음
2호선,지하철,잠실새내,,37.511653,127.086224,운영중,,,,전국도시철도역사정보표준데이터 (2026-06-30 기준),https://www.data.go.kr/data/15013205/standard.do,2026-09-03,서울특별시 송파구 올림픽로 지하140(잠실동) · 서울교통공사 · 개통월은 자료에 없음
2호선,지하철,종합운동장,,37.511128,127.073841,운영중,,,,전국도시철도역사정보표준데이터 (2026-06-30 기준),https://www.data.go.kr/data/15013205/standard.do,2026-09-03,서울특별시 송파구 올림픽로 지하23(잠실동) · 서울교통공사 · 개통월은 자료에 없음
2호선,지하철,삼성(무역센터),,37.508827,127.063203,운영중,,,,전국도시철도역사정보표준데이터 (2026-06-30 기준),https://www.data.go.kr/data/15013205/standard.do,2026-09-03,서울특별시 강남구 테헤란로 지하538(삼성동) · 서울교통공사 · 개통월은 자료에 없음
2호선,지하철,선릉,,37.504257,127.048174,운영중,,,,전국도시철도역사정보표준데이터 (2026-06-30 기준),https://www.data.go.kr/data/15013205/standard.do,2026-09-03,서울특별시 강남구 테헤란로 지하340(삼성동) · 서울교통공사 · 개통월은 자료에 없음
2호선,지하철,역삼,,37.500658,127.03643,운영중,,,,전국도시철도역사정보표준데이터 (2026-06-30 기준),https://www.data.go.kr/data/15013205/standard.do,2026-09-03,서울특별시 강남구 테헤란로 지하156(역삼동) · 서울교통공사 · 개통월은 자료에 없음
2호선,지하철,강남,,37.49805,127.02795,운영중,,,,전국도시철도역사정보표준데이터 (2026-06-30 기준),https://www.data.go.kr/data/15013205/standard.do,2026-09-03,서울특별시 강남구 강남대로 지하396(역삼동) · 서울교통공사 · 개통월은 자료에 없음
2호선,지하철,교대(법원·검찰청),,37.493957,127.014431,운영중,,,,전국도시철도역사정보표준데이터 (2026-06-30 기준),https://www.data.go.kr/data/15013205/standard.do,2026-09-03,서울특별시 서초구 서초대로 지하294(서초동) · 서울교통공사 · 개통월은 자료에 없음
2호선,지하철,서초,,37.49191,127.007685,운영중,,,,전국도시철도역사정보표준데이터 (2026-06-30 기준),https://www.data.go.kr/data/15013205/standard.do,2026-09-03,서울특별시 서초구 서초대로 지하233(서초동) · 서울교통공사 · 개통월은 자료에 없음
2호선,지하철,방배,,37.481469,126.997627,운영중,,,,전국도시철도역사정보표준데이터 (2026-06-30 기준),https://www.data.go.kr/data/15013205/standard.do,2026-09-03,서울특별시 서초구 방배로 지하80(방배동) · 서울교통공사 · 개통월은 자료에 없음
2호선,지하철,사당,,37.476536,126.981631,운영중,,,,전국도시철도역사정보표준데이터 (2026-06-30 기준),https://www.data.go.kr/data/15013205/standard.do,2026-09-03,서울특별시 동작구 남부순환로 지하2089(사당동) · 서울교통공사 · 개통월은 자료에 없음
2호선,지하철,낙성대(강감찬),,37.47713,126.963583,운영중,,,,전국도시철도역사정보표준데이터 (2026-06-30 기준),https://www.data.go.kr/data/15013205/standard.do,2026-09-03,서울특별시 관악구 남부순환로 지하1928(봉천동) · 서울교통공사 · 개통월은 자료에 없음
2호선,지하철,서울대입구(관악구청),,37.481233,126.952745,운영중,,,,전국도시철도역사정보표준데이터 (2026-06-30 기준),https://www.data.go.kr/data/15013205/standard.do,2026-09-03,서울특별시 관악구 남부순환로 지하1822(봉천동) · 서울교통공사 · 개통월은 자료에 없음
2호선,지하철,봉천,,37.482416,126.941696,운영중,,,,전국도시철도역사정보표준데이터 (2026-06-30 기준),https://www.data.go.kr/data/15013205/standard.do,2026-09-03,서울특별시 관악구 남부순환로 지하1721(봉천동) · 서울교통공사 · 개통월은 자료에 없음
2호선,지하철,신림,,37.484216,126.929573,운영중,,,,전국도시철도역사정보표준데이터 (2026-06-30 기준),https://www.data.go.kr/data/15013205/standard.do,2026-09-03,서울특별시 관악구 남부순환로 지하1614(신림동) · 서울교통공사 · 개통월은 자료에 없음
2호선,지하철,신대방,,37.487604,126.913479,운영중,,,,전국도시철도역사정보표준데이터 (2026-06-30 기준),https://www.data.go.kr/data/15013205/standard.do,2026-09-03,서울특별시 동작구 대림로 2(신대방동) · 서울교통공사 · 개통월은 자료에 없음
2호선,지하철,구로디지털단지,,37.4852931,126.901456,운영중,,,,전국도시철도역사정보표준데이터 (2026-06-30 기준),https://www.data.go.kr/data/15013205/standard.do,2026-09-03,서울특별시 구로구 도림천로 477(구로동) · 서울교통공사 · 개통월은 자료에 없음
2호선,지하철,대림(구로구청),,37.4932826,126.8949793,운영중,,,,전국도시철도역사정보표준데이터 (2026-06-30 기준),https://www.data.go.kr/data/15013205/standard.do,2026-09-03,서울특별시 구로구 도림천로 351(구로동) · 서울교통공사 · 개통월은 자료에 없음
2호선,지하철,신도림,,37.508815,126.891222,운영중,,,,전국도시철도역사정보표준데이터 (2026-06-30 기준),https://www.data.go.kr/data/15013205/standard.do,2026-09-03,서울특별시 구로구 새말로 지하 117-21(신도림동) · 서울교통공사 · 개통월은 자료에 없음
2호선,지하철,문래,,37.517993,126.894766,운영중,,,,전국도시철도역사정보표준데이터 (2026-06-30 기준),https://www.data.go.kr/data/15013205/standard.do,2026-09-03,서울특별시 영등포구 당산로 지하28(문래동3가) · 서울교통공사 · 개통월은 자료에 없음
2호선,지하철,영등포구청,,37.525766,126.896627,운영중,,,,전국도시철도역사정보표준데이터 (2026-06-30 기준),https://www.data.go.kr/data/15013205/standard.do,2026-09-03,서울특별시 영등포구 당산로 지하121(당산동3가) · 서울교통공사 · 개통월은 자료에 없음
2호선,지하철,당산,,37.534807,126.902611,운영중,,,,전국도시철도역사정보표준데이터 (2026-06-30 기준),https://www.data.go.kr/data/15013205/standard.do,2026-09-03,서울특별시 영등포구 당산로 229(당산동6가) · 서울교통공사 · 개통월은 자료에 없음
2호선,지하철,합정,,37.550025,126.914557,운영중,,,,전국도시철도역사정보표준데이터 (2026-06-30 기준),https://www.data.go.kr/data/15013205/standard.do,2026-09-03,서울특별시 마포구 양화로 지하55(서교동) · 서울교통공사 · 개통월은 자료에 없음
2호선,지하철,홍대입구,,37.556748,126.923643,운영중,,,,전국도시철도역사정보표준데이터 (2026-06-30 기준),https://www.data.go.kr/data/15013205/standard.do,2026-09-03,서울특별시 마포구 양화로 지하160(동교동) · 서울교통공사 · 개통월은 자료에 없음
2호선,지하철,신촌(지하),,37.555153,126.93689,운영중,,,,전국도시철도역사정보표준데이터 (2026-06-30 기준),https://www.data.go.kr/data/15013205/standard.do,2026-09-03,서울특별시 마포구 신촌로 지하90(노고산동) · 서울교통공사 · 개통월은 자료에 없음
2호선,지하철,이대,,37.556734,126.945897,운영중,,,,전국도시철도역사정보표준데이터 (2026-06-30 기준),https://www.data.go.kr/data/15013205/standard.do,2026-09-03,서울특별시 마포구 신촌로 지하180(염리동) · 서울교통공사 · 개통월은 자료에 없음
2호선,지하철,아현,,37.557407,126.956079,운영중,,,,전국도시철도역사정보표준데이터 (2026-06-30 기준),https://www.data.go.kr/data/15013205/standard.do,2026-09-03,서울특별시 마포구 신촌로 지하270(아현동) · 서울교통공사 · 개통월은 자료에 없음
2호선,지하철,충정로(경기대입구),,37.559742,126.964455,운영중,,,,전국도시철도역사정보표준데이터 (2026-06-30 기준),https://www.data.go.kr/data/15013205/standard.do,2026-09-03,서울특별시 서대문구 서소문로 지하17(충정로3가) · 서울교통공사 · 개통월은 자료에 없음
3호선,지하철,지축,,37.648151,126.913751,운영중,,,,전국도시철도역사정보표준데이터 (2026-06-30 기준),https://www.data.go.kr/data/15013205/standard.do,2026-09-03,경기도 고양시 덕양구 삼송로 300(지축동) · 서울교통공사 · 개통월은 자료에 없음
3호선,지하철,구파발,,37.636612,126.918827,운영중,,,,전국도시철도역사정보표준데이터 (2026-06-30 기준),https://www.data.go.kr/data/15013205/standard.do,2026-09-03,서울특별시 은평구 진관2로 지하15-25 (진관동) · 서울교통공사 · 개통월은 자료에 없음
3호선,지하철,연신내,,37.619295,126.920959,운영중,,,,전국도시철도역사정보표준데이터 (2026-06-30 기준),https://www.data.go.kr/data/15013205/standard.do,2026-09-03,서울특별시 은평구 통일로 지하849(갈현동) · 서울교통공사 · 개통월은 자료에 없음
3호선,지하철,불광,,37.610154,126.930183,운영중,,,,전국도시철도역사정보표준데이터 (2026-06-30 기준),https://www.data.go.kr/data/15013205/standard.do,2026-09-03,서울특별시 은평구 통일로 지하723-1(대조동) · 서울교통공사 · 개통월은 자료에 없음
3호선,지하철,녹번,,37.600882,126.935758,운영중,,,,전국도시철도역사정보표준데이터 (2026-06-30 기준),https://www.data.go.kr/data/15013205/standard.do,2026-09-03,서울특별시 은평구 통일로 지하602-1(녹번동) · 서울교통공사 · 개통월은 자료에 없음
3호선,지하철,홍제,,37.588851,126.944092,운영중,,,,전국도시철도역사정보표준데이터 (2026-06-30 기준),https://www.data.go.kr/data/15013205/standard.do,2026-09-03,서울특별시 서대문구 통일로 지하440-1(홍제동) · 서울교통공사 · 개통월은 자료에 없음
3호선,지하철,무악재,,37.582658,126.950131,운영중,,,,전국도시철도역사정보표준데이터 (2026-06-30 기준),https://www.data.go.kr/data/15013205/standard.do,2026-09-03,서울특별시 서대문구 통일로 지하361(홍제동) · 서울교통공사 · 개통월은 자료에 없음
3호선,지하철,독립문,,37.574534,126.957902,운영중,,,,전국도시철도역사정보표준데이터 (2026-06-30 기준),https://www.data.go.kr/data/15013205/standard.do,2026-09-03,서울특별시 서대문구 통일로 지하247(현저동) · 서울교통공사 · 개통월은 자료에 없음
3호선,지하철,경복궁(정부서울청사),,37.575844,126.973576,운영중,,,,전국도시철도역사정보표준데이터 (2026-06-30 기준),https://www.data.go.kr/data/15013205/standard.do,2026-09-03,서울특별시 종로구 사직로 지하130(적선동) · 서울교통공사 · 개통월은 자료에 없음
3호선,지하철,안국,,37.576562,126.98547,운영중,,,,전국도시철도역사정보표준데이터 (2026-06-30 기준),https://www.data.go.kr/data/15013205/standard.do,2026-09-03,서울특별시 종로구 율곡로 지하62(안국동) · 서울교통공사 · 개통월은 자료에 없음
3호선,지하철,종로3가,,37.571537,126.991837,운영중,,,,전국도시철도역사정보표준데이터 (2026-06-30 기준),https://www.data.go.kr/data/15013205/standard.do,2026-09-03,서울특별시 종로구 돈화문로 지하30(묘동) · 서울교통공사 · 개통월은 자료에 없음
3호선,지하철,을지로3가,,37.566299,126.992616,운영중,,,,전국도시철도역사정보표준데이터 (2026-06-30 기준),https://www.data.go.kr/data/15013205/standard.do,2026-09-03,서울특별시 중구 을지로 지하129(을지로3가) · 서울교통공사 · 개통월은 자료에 없음
3호선,지하철,충무로,,37.561382,126.994173,운영중,,,,전국도시철도역사정보표준데이터 (2026-06-30 기준),https://www.data.go.kr/data/15013205/standard.do,2026-09-03,서울특별시 중구 퇴계로 지하214(필동2가) · 서울교통공사 · 개통월은 자료에 없음
3호선,지하철,동대입구,,37.55906,127.005273,운영중,,,,전국도시철도역사정보표준데이터 (2026-06-30 기준),https://www.data.go.kr/data/15013205/standard.do,2026-09-03,서울특별시 중구 동호로 지하256(장충동2가) · 서울교통공사 · 개통월은 자료에 없음
3호선,지하철,약수,,37.554554,127.010858,운영중,,,,전국도시철도역사정보표준데이터 (2026-06-30 기준),https://www.data.go.kr/data/15013205/standard.do,2026-09-03,서울특별시 중구 다산로 지하122(신당동) · 서울교통공사 · 개통월은 자료에 없음
3호선,지하철,금호,,37.548269,127.015785,운영중,,,,전국도시철도역사정보표준데이터 (2026-06-30 기준),https://www.data.go.kr/data/15013205/standard.do,2026-09-03,서울특별시 성동구 동호로 지하104(금호동4가) · 서울교통공사 · 개통월은 자료에 없음
3호선,지하철,옥수,,37.541653,127.017303,운영중,,,,전국도시철도역사정보표준데이터 (2026-06-30 기준),https://www.data.go.kr/data/15013205/standard.do,2026-09-03,서울특별시 성동구 동호로 21(옥수동) · 서울교통공사 · 개통월은 자료에 없음
3호선,지하철,압구정,,37.526169,127.028502,운영중,,,,전국도시철도역사정보표준데이터 (2026-06-30 기준),https://www.data.go.kr/data/15013205/standard.do,2026-09-03,서울특별시 강남구 압구정로 지하172(신사동) · 서울교통공사 · 개통월은 자료에 없음
3호선,지하철,신사,,37.516438,127.020247,운영중,,,,전국도시철도역사정보표준데이터 (2026-06-30 기준),https://www.data.go.kr/data/15013205/standard.do,2026-09-03,서울특별시 강남구 도산대로 지하102(신사동) · 서울교통공사 · 개통월은 자료에 없음
3호선,지하철,잠원,,37.512989,127.011613,운영중,,,,전국도시철도역사정보표준데이터 (2026-06-30 기준),https://www.data.go.kr/data/15013205/standard.do,2026-09-03,서울특별시 서초구 잠원로4길 지하46(잠원동) · 서울교통공사 · 개통월은 자료에 없음
3호선,지하철,고속터미널,,37.504953,127.004916,운영중,,,,전국도시철도역사정보표준데이터 (2026-06-30 기준),https://www.data.go.kr/data/15013205/standard.do,2026-09-03,서울특별시 서초구 신반포로 지하188(반포동) · 서울교통공사 · 개통월은 자료에 없음
3호선,지하철,교대(법원·검찰청),,37.49306,127.013796,운영중,,,,전국도시철도역사정보표준데이터 (2026-06-30 기준),https://www.data.go.kr/data/15013205/standard.do,2026-09-03,서울특별시 서초구 서초대로 지하294(서초동) · 서울교통공사 · 개통월은 자료에 없음
3호선,지하철,남부터미널(예술의전당),,37.48494,127.016289,운영중,,,,전국도시철도역사정보표준데이터 (2026-06-30 기준),https://www.data.go.kr/data/15013205/standard.do,2026-09-03,서울특별시 서초구 서초중앙로 지하31(서초동) · 서울교통공사 · 개통월은 자료에 없음
3호선,지하철,양재(서초구청),,37.48458,127.03423,운영중,,,,전국도시철도역사정보표준데이터 (2026-06-30 기준),https://www.data.go.kr/data/15013205/standard.do,2026-09-03,서울특별시 서초구 남부순환로 지하2585(서초동) · 서울교통공사 · 개통월은 자료에 없음
3호선,지하철,매봉,,37.487114,127.046907,운영중,,,,전국도시철도역사정보표준데이터 (2026-06-30 기준),https://www.data.go.kr/data/15013205/standard.do,2026-09-03,서울특별시 강남구 남부순환로 지하2744(도곡동) · 서울교통공사 · 개통월은 자료에 없음
3호선,지하철,도곡,,37.491129,127.055694,운영중,,,,전국도시철도역사정보표준데이터 (2026-06-30 기준),https://www.data.go.kr/data/15013205/standard.do,2026-09-03,서울특별시 강남구 남부순환로 지하2814(도곡동) · 서울교통공사 · 개통월은 자료에 없음
3호선,지하철,대치,,37.494601,127.063449,운영중,,,,전국도시철도역사정보표준데이터 (2026-06-30 기준),https://www.data.go.kr/data/15013205/standard.do,2026-09-03,서울특별시 강남구 남부순환로 지하2952(대치동) · 서울교통공사 · 개통월은 자료에 없음
3호선,지하철,학여울,,37.496787,127.0708601,운영중,,,,전국도시철도역사정보표준데이터 (2026-06-30 기준),https://www.data.go.kr/data/15013205/standard.do,2026-09-03,서울특별시 강남구 남부순환로 지하3104(대치동) · 서울교통공사 · 개통월은 자료에 없음
3호선,지하철,대청,,37.493607,127.079526,운영중,,,,전국도시철도역사정보표준데이터 (2026-06-30 기준),https://www.data.go.kr/data/15013205/standard.do,2026-09-03,서울특별시 강남구 일원로 지하2(일원동) · 서울교통공사 · 개통월은 자료에 없음
3호선,지하철,일원,,37.48389,127.08416,운영중,,,,전국도시철도역사정보표준데이터 (2026-06-30 기준),https://www.data.go.kr/data/15013205/standard.do,2026-09-03,서울특별시 강남구 일원로 지하121(일원동) · 서울교통공사 · 개통월은 자료에 없음
3호선,지하철,수서,,37.4875,127.101924,운영중,,,,전국도시철도역사정보표준데이터 (2026-06-30 기준),https://www.data.go.kr/data/15013205/standard.do,2026-09-03,서울특별시 강남구 광평로 지하270(수서동) · 서울교통공사 · 개통월은 자료에 없음
3호선,지하철,가락시장,,37.492318,127.1177,운영중,,,,전국도시철도역사정보표준데이터 (2026-06-30 기준),https://www.data.go.kr/data/15013205/standard.do,2026-09-03,서울특별시 송파구 송파대로 지하257(가락동) · 서울교통공사 · 개통월은 자료에 없음
3호선,지하철,경찰병원,,37.495754,127.124198,운영중,,,,전국도시철도역사정보표준데이터 (2026-06-30 기준),https://www.data.go.kr/data/15013205/standard.do,2026-09-03,서울특별시 송파구 중대로 지하149(가락동) · 서울교통공사 · 개통월은 자료에 없음
3호선,지하철,오금,,37.502288,127.128344,운영중,,,,전국도시철도역사정보표준데이터 (2026-06-30 기준),https://www.data.go.kr/data/15013205/standard.do,2026-09-03,서울특별시 송파구 오금로 지하321(오금동) · 서울교통공사 · 개통월은 자료에 없음
4호선,지하철,불암산,,37.67009,127.079004,운영중,,,,전국도시철도역사정보표준데이터 (2026-06-30 기준),https://www.data.go.kr/data/15013205/standard.do,2026-09-03,서울특별시 노원구 상계로 305(상계동) · 서울교통공사 · 개통월은 자료에 없음
4호선,지하철,상계,,37.660576,127.073199,운영중,,,,전국도시철도역사정보표준데이터 (2026-06-30 기준),https://www.data.go.kr/data/15013205/standard.do,2026-09-03,서울특별시 노원구 상계로 182(상계동) · 서울교통공사 · 개통월은 자료에 없음
4호선,지하철,노원,,37.656274,127.063183,운영중,,,,전국도시철도역사정보표준데이터 (2026-06-30 기준),https://www.data.go.kr/data/15013205/standard.do,2026-09-03,서울특별시 노원구 상계로 69-1(상계동) · 서울교통공사 · 개통월은 자료에 없음
4호선,지하철,창동,,37.653315,127.048304,운영중,,,,전국도시철도역사정보표준데이터 (2026-06-30 기준),https://www.data.go.kr/data/15013205/standard.do,2026-09-03,서울특별시 도봉구 마들로11길 77(창동) · 서울교통공사 · 개통월은 자료에 없음
4호선,지하철,쌍문,,37.648274,127.034381,운영중,,,,전국도시철도역사정보표준데이터 (2026-06-30 기준),https://www.data.go.kr/data/15013205/standard.do,2026-09-03,서울특별시 도봉구 도봉로 지하 486-1(창동) · 서울교통공사 · 개통월은 자료에 없음
4호선,지하철,수유(강북구청),,37.637727,127.025371,운영중,,,,전국도시철도역사정보표준데이터 (2026-06-30 기준),https://www.data.go.kr/data/15013205/standard.do,2026-09-03,서울특별시 강북구 도봉로 지하338(수유동) · 서울교통공사 · 개통월은 자료에 없음
4호선,지하철,미아(서울사이버대학),,37.626435,127.026151,운영중,,,,전국도시철도역사정보표준데이터 (2026-06-30 기준),https://www.data.go.kr/data/15013205/standard.do,2026-09-03,서울특별시 강북구 도봉로 지하198(미아동) · 서울교통공사 · 개통월은 자료에 없음
4호선,지하철,미아사거리,,37.613276,127.030083,운영중,,,,전국도시철도역사정보표준데이터 (2026-06-30 기준),https://www.data.go.kr/data/15013205/standard.do,2026-09-03,서울특별시 강북구 도봉로 지하50(미아동) · 서울교통공사 · 개통월은 자료에 없음
4호선,지하철,길음,,37.603387,127.025053,운영중,,,,전국도시철도역사정보표준데이터 (2026-06-30 기준),https://www.data.go.kr/data/15013205/standard.do,2026-09-03,서울특별시 성북구 동소문로 지하248(길음동) · 서울교통공사 · 개통월은 자료에 없음
4호선,지하철,성신여대입구(돈암),,37.592882,127.016908,운영중,,,,전국도시철도역사정보표준데이터 (2026-06-30 기준),https://www.data.go.kr/data/15013205/standard.do,2026-09-03,서울특별시 성북구 동소문로 지하102(동선동4가) · 서울교통공사 · 개통월은 자료에 없음
4호선,지하철,한성대입구(삼선교),,37.58838,127.005951,운영중,,,,전국도시철도역사정보표준데이터 (2026-06-30 기준),https://www.data.go.kr/data/15013205/standard.do,2026-09-03,서울특별시 성북구 삼선교로 지하1(삼선동1가) · 서울교통공사 · 개통월은 자료에 없음
4호선,지하철,혜화,,37.582116,127.001929,운영중,,,,전국도시철도역사정보표준데이터 (2026-06-30 기준),https://www.data.go.kr/data/15013205/standard.do,2026-09-03,서울특별시 종로구 대학로 지하120(명륜4가) · 서울교통공사 · 개통월은 자료에 없음
4호선,지하철,동대문,,37.57099,127.00925,운영중,,,,전국도시철도역사정보표준데이터 (2026-06-30 기준),https://www.data.go.kr/data/15013205/standard.do,2026-09-03,서울특별시 종로구 율곡로 지하308(종로6가) · 서울교통공사 · 개통월은 자료에 없음
4호선,지하철,동대문역사문화공원(DDP),,37.565141,127.007808,운영중,,,,전국도시철도역사정보표준데이터 (2026-06-30 기준),https://www.data.go.kr/data/15013205/standard.do,2026-09-03,서울특별시 중구 장충단로 지하230(광희동2가) · 서울교통공사 · 개통월은 자료에 없음
4호선,지하철,충무로,,37.561352,126.994573,운영중,,,,전국도시철도역사정보표준데이터 (2026-06-30 기준),https://www.data.go.kr/data/15013205/standard.do,2026-09-03,서울특별시 중구 퇴계로 지하214(필동2가) · 서울교통공사 · 개통월은 자료에 없음
4호선,지하철,명동,,37.560955,126.986271,운영중,,,,전국도시철도역사정보표준데이터 (2026-06-30 기준),https://www.data.go.kr/data/15013205/standard.do,2026-09-03,서울특별시 중구 퇴계로 지하126(충무로2가) · 서울교통공사 · 개통월은 자료에 없음
4호선,지하철,회현(남대문시장),,37.558698,126.978346,운영중,,,,전국도시철도역사정보표준데이터 (2026-06-30 기준),https://www.data.go.kr/data/15013205/standard.do,2026-09-03,서울특별시 중구 퇴계로 지하54(남창동) · 서울교통공사 · 개통월은 자료에 없음
4호선,지하철,서울역,,37.553172,126.972706,운영중,,,,전국도시철도역사정보표준데이터 (2026-06-30 기준),https://www.data.go.kr/data/15013205/standard.do,2026-09-03,서울특별시 용산구 한강대로 지하392(동자동) · 서울교통공사 · 개통월은 자료에 없음
4호선,지하철,숙대입구(갈월),,37.5447834,126.9721,운영중,,,,전국도시철도역사정보표준데이터 (2026-06-30 기준),https://www.data.go.kr/data/15013205/standard.do,2026-09-03,서울특별시 용산구 한강대로 지하306(갈월동) · 서울교통공사 · 개통월은 자료에 없음
4호선,지하철,삼각지(전쟁기념관),,37.534457,126.972992,운영중,,,,전국도시철도역사정보표준데이터 (2026-06-30 기준),https://www.data.go.kr/data/15013205/standard.do,2026-09-03,서울특별시 용산구 한강대로 지하180(한강로1가) · 서울교통공사 · 개통월은 자료에 없음
4호선,지하철,신용산,,37.52909,126.96788,운영중,,,,전국도시철도역사정보표준데이터 (2026-06-30 기준),https://www.data.go.kr/data/15013205/standard.do,2026-09-03,서울특별시 용산구 한강대로 지하112(한강로2가) · 서울교통공사 · 개통월은 자료에 없음
4호선,지하철,이촌(국립중앙박물관),,37.52919,126.9679818,운영중,,,,전국도시철도역사정보표준데이터 (2026-06-30 기준),https://www.data.go.kr/data/15013205/standard.do,2026-09-03,서울특별시 용산구 서빙고로 지하83(용산동5가) · 서울교통공사 · 개통월은 자료에 없음
4호선,지하철,동작(현충원),,37.503567,126.980171,운영중,,,,전국도시철도역사정보표준데이터 (2026-06-30 기준),https://www.data.go.kr/data/15013205/standard.do,2026-09-03,서울특별시 동작구 현충로 257(동작동) · 서울교통공사 · 개통월은 자료에 없음
4호선,지하철,총신대입구(이수),,37.487521,126.982309,운영중,,,,전국도시철도역사정보표준데이터 (2026-06-30 기준),https://www.data.go.kr/data/15013205/standard.do,2026-09-03,서울특별시 동작구 동작대로 지하117(사당동) · 서울교통공사 · 개통월은 자료에 없음
4호선,지하철,사당,,37.476263,126.981636,운영중,,,,전국도시철도역사정보표준데이터 (2026-06-30 기준),https://www.data.go.kr/data/15013205/standard.do,2026-09-03,서울특별시 동작구  동작대로 지하3(사당동) · 서울교통공사 · 개통월은 자료에 없음
4호선,지하철,남태령,,37.464339,126.989081,운영중,,,,전국도시철도역사정보표준데이터 (2026-06-30 기준),https://www.data.go.kr/data/15013205/standard.do,2026-09-03,서울특별시 서초구 과천대로 지하816(방배동) · 서울교통공사 · 개통월은 자료에 없음
5호선,지하철,방화,,37.577669,126.812822,운영중,,,,전국도시철도역사정보표준데이터 (2026-06-30 기준),https://www.data.go.kr/data/15013205/standard.do,2026-09-03,서울특별시 강서구 금낭화로 지하132(방화동) · 서울교통공사 · 개통월은 자료에 없음
5호선,지하철,개화산,,37.572458,126.806838,운영중,,,,전국도시철도역사정보표준데이터 (2026-06-30 기준),https://www.data.go.kr/data/15013205/standard.do,2026-09-03,서울특별시 강서구 양천로 22(방화동) · 서울교통공사 · 개통월은 자료에 없음
5호선,지하철,김포공항,,37.56217,126.801273,운영중,,,,전국도시철도역사정보표준데이터 (2026-06-30 기준),https://www.data.go.kr/data/15013205/standard.do,2026-09-03,서울특별시 강서구 하늘길 지하77(방화동) · 서울교통공사 · 개통월은 자료에 없음
5호선,지하철,송정,,37.561201,126.812052,운영중,,,,전국도시철도역사정보표준데이터 (2026-06-30 기준),https://www.data.go.kr/data/15013205/standard.do,2026-09-03,서울특별시 강서구 공항대로 지하33(공항동) · 서울교통공사 · 개통월은 자료에 없음
5호선,지하철,마곡,,37.55865,126.837693,운영중,,,,전국도시철도역사정보표준데이터 (2026-06-30 기준),https://www.data.go.kr/data/15013205/standard.do,2026-09-03,서울특별시 강서구 공항대로 지하163(마곡동) · 서울교통공사 · 개통월은 자료에 없음
5호선,지하철,발산,,37.558692,126.837633,운영중,,,,전국도시철도역사정보표준데이터 (2026-06-30 기준),https://www.data.go.kr/data/15013205/standard.do,2026-09-03,서울특별시 강서구 공항대로 지하267(마곡동) · 서울교통공사 · 개통월은 자료에 없음
5호선,지하철,우장산,,37.548864,126.83633,운영중,,,,전국도시철도역사정보표준데이터 (2026-06-30 기준),https://www.data.go.kr/data/15013205/standard.do,2026-09-03,서울특별시 강서구 강서로 지하262(화곡동) · 서울교통공사 · 개통월은 자료에 없음
5호선,지하철,화곡,,37.541585,126.840436,운영중,,,,전국도시철도역사정보표준데이터 (2026-06-30 기준),https://www.data.go.kr/data/15013205/standard.do,2026-09-03,서울특별시 강서구 화곡로 지하168(화곡동) · 서울교통공사 · 개통월은 자료에 없음
5호선,지하철,까치산,,37.5322,126.84645,운영중,,,,전국도시철도역사정보표준데이터 (2026-06-30 기준),https://www.data.go.kr/data/15013205/standard.do,2026-09-03,서울특별시 강서구 강서로 지하54(화곡동) · 서울교통공사 · 개통월은 자료에 없음
5호선,지하철,신정(은행정),,37.525001,126.856176,운영중,,,,전국도시철도역사정보표준데이터 (2026-06-30 기준),https://www.data.go.kr/data/15013205/standard.do,2026-09-03,서울특별시 양천구 오목로 지하179(신정동) · 서울교통공사 · 개통월은 자료에 없음
5호선,지하철,목동,,37.526088,126.864296,운영중,,,,전국도시철도역사정보표준데이터 (2026-06-30 기준),https://www.data.go.kr/data/15013205/standard.do,2026-09-03,서울특별시 양천구 오목로 지하245(목동) · 서울교통공사 · 개통월은 자료에 없음
5호선,지하철,오목교(목동운동장앞),,37.524557,126.875049,운영중,,,,전국도시철도역사정보표준데이터 (2026-06-30 기준),https://www.data.go.kr/data/15013205/standard.do,2026-09-03,서울특별시 양천구 오목로 지하342(목동) · 서울교통공사 · 개통월은 자료에 없음
5호선,지하철,양평,,37.525614,126.886177,운영중,,,,전국도시철도역사정보표준데이터 (2026-06-30 기준),https://www.data.go.kr/data/15013205/standard.do,2026-09-03,서울특별시 영등포구 양산로 지하21(양평동2가) · 서울교통공사 · 개통월은 자료에 없음
5호선,지하철,영등포구청,,37.524209,126.895022,운영중,,,,전국도시철도역사정보표준데이터 (2026-06-30 기준),https://www.data.go.kr/data/15013205/standard.do,2026-09-03,서울특별시 영등포구 양산로 지하116(당산동3가) · 서울교통공사 · 개통월은 자료에 없음
5호선,지하철,영등포시장,,37.52276,126.905143,운영중,,,,전국도시철도역사정보표준데이터 (2026-06-30 기준),https://www.data.go.kr/data/15013205/standard.do,2026-09-03,서울특별시 영등포구 양산로 지하200(영등포동5가) · 서울교통공사 · 개통월은 자료에 없음
5호선,지하철,신길,,37.51763,126.914886,운영중,,,,전국도시철도역사정보표준데이터 (2026-06-30 기준),https://www.data.go.kr/data/15013205/standard.do,2026-09-03,서울특별시 영등포구 경인로114가길 지하9(영등포동1가) · 서울교통공사 · 개통월은 자료에 없음
5호선,지하철,여의도,,37.521678,126.924318,운영중,,,,전국도시철도역사정보표준데이터 (2026-06-30 기준),https://www.data.go.kr/data/15013205/standard.do,2026-09-03,서울특별시 영등포구 여의나루로 지하40(여의도동) · 서울교통공사 · 개통월은 자료에 없음
5호선,지하철,여의나루,,37.527045,126.932807,운영중,,,,전국도시철도역사정보표준데이터 (2026-06-30 기준),https://www.data.go.kr/data/15013205/standard.do,2026-09-03,서울특별시 영등포구 여의동로 지하343(여의도동) · 서울교통공사 · 개통월은 자료에 없음
5호선,지하철,마포,,37.539718,126.946043,운영중,,,,전국도시철도역사정보표준데이터 (2026-06-30 기준),https://www.data.go.kr/data/15013205/standard.do,2026-09-03,서울특별시 마포구 마포대로 지하33(도화동) · 서울교통공사 · 개통월은 자료에 없음
5호선,지하철,공덕,,37.544005,126.951058,운영중,,,,전국도시철도역사정보표준데이터 (2026-06-30 기준),https://www.data.go.kr/data/15013205/standard.do,2026-09-03,서울특별시 마포구 마포대로 지하100(공덕동) · 서울교통공사 · 개통월은 자료에 없음
5호선,지하철,애오개,,37.553592,126.956733,운영중,,,,전국도시철도역사정보표준데이터 (2026-06-30 기준),https://www.data.go.kr/data/15013205/standard.do,2026-09-03,서울특별시 마포구 마포대로 지하210(아현동) · 서울교통공사 · 개통월은 자료에 없음
5호선,지하철,충정로(경기대입구),,37.560061,126.962783,운영중,,,,전국도시철도역사정보표준데이터 (2026-06-30 기준),https://www.data.go.kr/data/15013205/standard.do,2026-09-03,서울특별시 서대문구 충정로 지하 28-1(충정로3가) · 서울교통공사 · 개통월은 자료에 없음
5호선,지하철,서대문,,37.565812,126.966639,운영중,,,,전국도시철도역사정보표준데이터 (2026-06-30 기준),https://www.data.go.kr/data/15013205/standard.do,2026-09-03,서울특별시 종로구 통일로 지하126(평동) · 서울교통공사 · 개통월은 자료에 없음
5호선,지하철,광화문(세종문화회관),,37.571645,126.976568,운영중,,,,전국도시철도역사정보표준데이터 (2026-06-30 기준),https://www.data.go.kr/data/15013205/standard.do,2026-09-03,서울특별시 종로구 세종대로 지하172(세종로) · 서울교통공사 · 개통월은 자료에 없음
5호선,지하철,종로3가(탑골공원),,37.572546,126.990447,운영중,,,,전국도시철도역사정보표준데이터 (2026-06-30 기준),https://www.data.go.kr/data/15013205/standard.do,2026-09-03,서울특별시 종로구 돈화문로11길 지하 26(돈의동) · 서울교통공사 · 개통월은 자료에 없음
5호선,지하철,을지로4가,,37.56728,126.998127,운영중,,,,전국도시철도역사정보표준데이터 (2026-06-30 기준),https://www.data.go.kr/data/15013205/standard.do,2026-09-03,서울특별시 중구 창경궁로 지하51(주교동) · 서울교통공사 · 개통월은 자료에 없음
5호선,지하철,동대문역사문화공원(DDP),,37.564682,127.00533,운영중,,,,전국도시철도역사정보표준데이터 (2026-06-30 기준),https://www.data.go.kr/data/15013205/standard.do,2026-09-03,서울특별시 중구 마른내로 지하162(광희동1가) · 서울교통공사 · 개통월은 자료에 없음
5호선,지하철,청구,,37.560237,127.01379,운영중,,,,전국도시철도역사정보표준데이터 (2026-06-30 기준),https://www.data.go.kr/data/15013205/standard.do,2026-09-03,서울특별시 중구 청구로 지하77(신당동) · 서울교통공사 · 개통월은 자료에 없음
5호선,지하철,신금호,,37.554504,127.020403,운영중,,,,전국도시철도역사정보표준데이터 (2026-06-30 기준),https://www.data.go.kr/data/15013205/standard.do,2026-09-03,서울특별시 성동구 금호로 지하154(금호동2가) · 서울교통공사 · 개통월은 자료에 없음
5호선,지하철,행당,,37.557297,127.029482,운영중,,,,전국도시철도역사정보표준데이터 (2026-06-30 기준),https://www.data.go.kr/data/15013205/standard.do,2026-09-03,서울특별시 성동구 행당로 지하89(행당동) · 서울교통공사 · 개통월은 자료에 없음
5호선,지하철,왕십리(성동구청),,37.56197,127.037264,운영중,,,,전국도시철도역사정보표준데이터 (2026-06-30 기준),https://www.data.go.kr/data/15013205/standard.do,2026-09-03,서울특별시 성동구 왕십리로 지하300(행당동) · 서울교통공사 · 개통월은 자료에 없음
5호선,지하철,마장,,37.566066,127.042921,운영중,,,,전국도시철도역사정보표준데이터 (2026-06-30 기준),https://www.data.go.kr/data/15013205/standard.do,2026-09-03,서울특별시 성동구 마장로 지하296(마장동) · 서울교통공사 · 개통월은 자료에 없음
5호선,지하철,답십리,,37.566833,127.05266,운영중,,,,전국도시철도역사정보표준데이터 (2026-06-30 기준),https://www.data.go.kr/data/15013205/standard.do,2026-09-03,서울특별시 성동구 천호대로 지하300(용답동) · 서울교통공사 · 개통월은 자료에 없음
5호선,지하철,장한평,,37.561438,127.064601,운영중,,,,전국도시철도역사정보표준데이터 (2026-06-30 기준),https://www.data.go.kr/data/15013205/standard.do,2026-09-03,서울특별시 동대문구 천호대로 지하405(장안동) · 서울교통공사 · 개통월은 자료에 없음
5호선,지하철,군자(능동),,37.557102,127.079559,운영중,,,,전국도시철도역사정보표준데이터 (2026-06-30 기준),https://www.data.go.kr/data/15013205/standard.do,2026-09-03,서울특별시 광진구 천호대로 지하550(능동) · 서울교통공사 · 개통월은 자료에 없음
5호선,지하철,아차산(어린이대공원후문),,37.552005,127.089609,운영중,,,,전국도시철도역사정보표준데이터 (2026-06-30 기준),https://www.data.go.kr/data/15013205/standard.do,2026-09-03,서울특별시 광진구 천호대로 지하657(능동) · 서울교통공사 · 개통월은 자료에 없음
5호선,지하철,광나루(장신대),,37.545301,127.103478,운영중,,,,전국도시철도역사정보표준데이터 (2026-06-30 기준),https://www.data.go.kr/data/15013205/standard.do,2026-09-03,서울특별시 광진구 아차산로 지하571(광장동) · 서울교통공사 · 개통월은 자료에 없음
5호선,지하철,천호(풍납토성),,37.538566,127.123539,운영중,,,,전국도시철도역사정보표준데이터 (2026-06-30 기준),https://www.data.go.kr/data/15013205/standard.do,2026-09-03,서울특별시 강동구 천호대로 지하997(천호동) · 서울교통공사 · 개통월은 자료에 없음
5호선,지하철,강동,,37.53581,127.13249,운영중,,,,전국도시철도역사정보표준데이터 (2026-06-30 기준),https://www.data.go.kr/data/15013205/standard.do,2026-09-03,서울특별시 강동구 천호대로 지하1097(천호동) · 서울교통공사 · 개통월은 자료에 없음
5호선,지하철,길동,,37.538022,127.140085,운영중,,,,전국도시철도역사정보표준데이터 (2026-06-30 기준),https://www.data.go.kr/data/15013205/standard.do,2026-09-03,서울특별시 강동구 양재대로 지하1480(길동) · 서울교통공사 · 개통월은 자료에 없음
5호선,지하철,굽은다리(강동구민회관앞),,37.545442,127.142844,운영중,,,,전국도시철도역사정보표준데이터 (2026-06-30 기준),https://www.data.go.kr/data/15013205/standard.do,2026-09-03,서울특별시 강동구 양재대로 지하1572(명일동) · 서울교통공사 · 개통월은 자료에 없음
5호선,지하철,명일,,37.551317,127.144002,운영중,,,,전국도시철도역사정보표준데이터 (2026-06-30 기준),https://www.data.go.kr/data/15013205/standard.do,2026-09-03,서울특별시 강동구 양재대로 지하1632(명일동) · 서울교통공사 · 개통월은 자료에 없음
5호선,지하철,고덕,,37.555002,127.154214,운영중,,,,전국도시철도역사정보표준데이터 (2026-06-30 기준),https://www.data.go.kr/data/15013205/standard.do,2026-09-03,서울특별시 강동구 고덕로 지하253(고덕동) · 서울교통공사 · 개통월은 자료에 없음
5호선,지하철,상일동,,37.556714,127.166381,운영중,,,,전국도시철도역사정보표준데이터 (2026-06-30 기준),https://www.data.go.kr/data/15013205/standard.do,2026-09-03,서울특별시 강동구 고덕로 지하359(상일동) · 서울교통공사 · 개통월은 자료에 없음
5호선,지하철,강일,,37.557521,127.176018,운영중,,,,전국도시철도역사정보표준데이터 (2026-06-30 기준),https://www.data.go.kr/data/15013205/standard.do,2026-09-03,서울특별시 강동구 고덕로 지하456(강일동) · 서울교통공사 · 개통월은 자료에 없음
5호선,지하철,미사,,37.56309,127.192954,운영중,,,,전국도시철도역사정보표준데이터 (2026-06-30 기준),https://www.data.go.kr/data/15013205/standard.do,2026-09-03,경기도 하남시 미사강변동로 지하90(망월동) · 서울교통공사 · 개통월은 자료에 없음
5호선,지하철,하남풍산,,37.552201,127.203897,운영중,,,,전국도시철도역사정보표준데이터 (2026-06-30 기준),https://www.data.go.kr/data/15013205/standard.do,2026-09-03,경기도 하남시 덕풍서로 지하50(덕풍동) · 서울교통공사 · 개통월은 자료에 없음
5호선,지하철,하남시청(덕풍∙신장),,37.541723,127.206901,운영중,,,,전국도시철도역사정보표준데이터 (2026-06-30 기준),https://www.data.go.kr/data/15013205/standard.do,2026-09-03,경기도 하남시 하남대로 지하820(덕풍동) · 서울교통공사 · 개통월은 자료에 없음
5호선,지하철,하남검단산,,37.539729,127.223427,운영중,,,,전국도시철도역사정보표준데이터 (2026-06-30 기준),https://www.data.go.kr/data/15013205/standard.do,2026-09-03,경기도 하남시 대청로 지하100(창우동) · 서울교통공사 · 개통월은 자료에 없음
6호선,지하철,응암,,37.59859,126.915583,운영중,,,,전국도시철도역사정보표준데이터 (2026-06-30 기준),https://www.data.go.kr/data/15013205/standard.do,2026-09-03,서울특별시 은평구 증산로 지하477(신사동) · 서울교통공사 · 개통월은 자료에 없음
6호선,지하철,역촌,,37.60605,126.922764,운영중,,,,전국도시철도역사정보표준데이터 (2026-06-30 기준),https://www.data.go.kr/data/15013205/standard.do,2026-09-03,서울특별시 은평구 서오릉로 지하63(녹번동) · 서울교통공사 · 개통월은 자료에 없음
6호선,지하철,불광,,37.610919,126.929504,운영중,,,,전국도시철도역사정보표준데이터 (2026-06-30 기준),https://www.data.go.kr/data/15013205/standard.do,2026-09-03,서울특별시 은평구 통일로 지하723-1(대조동) · 서울교통공사 · 개통월은 자료에 없음
6호선,지하철,독바위,,37.618413,126.933035,운영중,,,,전국도시철도역사정보표준데이터 (2026-06-30 기준),https://www.data.go.kr/data/15013205/standard.do,2026-09-03,서울특별시 은평구 불광로 지하129-1(불광동) · 서울교통공사 · 개통월은 자료에 없음
6호선,지하철,연신내,,37.618483,126.920403,운영중,,,,전국도시철도역사정보표준데이터 (2026-06-30 기준),https://www.data.go.kr/data/15013205/standard.do,2026-09-03,서울특별시 은평구 통일로 지하849(갈현동) · 서울교통공사 · 개통월은 자료에 없음
6호선,지하철,구산,,37.611196,126.9172519,운영중,,,,전국도시철도역사정보표준데이터 (2026-06-30 기준),https://www.data.go.kr/data/15013205/standard.do,2026-09-03,서울특별시 은평구 연서로 지하137-1(구산동) · 서울교통공사 · 개통월은 자료에 없음
6호선,지하철,새절(신사),,37.591148,126.913613,운영중,,,,전국도시철도역사정보표준데이터 (2026-06-30 기준),https://www.data.go.kr/data/15013205/standard.do,2026-09-03,서울특별시 은평구 증산로 지하400(신사동) · 서울교통공사 · 개통월은 자료에 없음
6호선,지하철,증산(명지대앞),,37.583989,126.909785,운영중,,,,전국도시철도역사정보표준데이터 (2026-06-30 기준),https://www.data.go.kr/data/15013205/standard.do,2026-09-03,서울특별시 은평구 증산로 지하306(증산동) · 서울교통공사 · 개통월은 자료에 없음
6호선,지하철,디지털미디어시티,,37.5760805,126.901343,운영중,,,,전국도시철도역사정보표준데이터 (2026-06-30 기준),https://www.data.go.kr/data/15013205/standard.do,2026-09-03,서울특별시 은평구 수색로 지하175(증산동) · 서울교통공사 · 개통월은 자료에 없음
6호선,지하철,월드컵경기장(성산),,37.569439,126.899077,운영중,,,,전국도시철도역사정보표준데이터 (2026-06-30 기준),https://www.data.go.kr/data/15013205/standard.do,2026-09-03,서울특별시 마포구 월드컵로 지하240(성산동) · 서울교통공사 · 개통월은 자료에 없음
6호선,지하철,마포구청,,37.563529,126.903356,운영중,,,,전국도시철도역사정보표준데이터 (2026-06-30 기준),https://www.data.go.kr/data/15013205/standard.do,2026-09-03,서울특별시 마포구 월드컵로 지하190(성산동) · 서울교통공사 · 개통월은 자료에 없음
6호선,지하철,망원,,37.556031,126.910129,운영중,,,,전국도시철도역사정보표준데이터 (2026-06-30 기준),https://www.data.go.kr/data/15013205/standard.do,2026-09-03,서울특별시 마포구 월드컵로 지하77(망원동) · 서울교통공사 · 개통월은 자료에 없음
6호선,지하철,합정,,37.549033,126.913546,운영중,,,,전국도시철도역사정보표준데이터 (2026-06-30 기준),https://www.data.go.kr/data/15013205/standard.do,2026-09-03,서울특별시 마포구 양화로 지하45(합정동) · 서울교통공사 · 개통월은 자료에 없음
6호선,지하철,상수,,37.547704,126.92292,운영중,,,,전국도시철도역사정보표준데이터 (2026-06-30 기준),https://www.data.go.kr/data/15013205/standard.do,2026-09-03,서울특별시 마포구 독막로 지하85(상수동) · 서울교통공사 · 개통월은 자료에 없음
6호선,지하철,광흥창(서강),,37.547464,126.931971,운영중,,,,전국도시철도역사정보표준데이터 (2026-06-30 기준),https://www.data.go.kr/data/15013205/standard.do,2026-09-03,서울특별시 마포구 독막로 지하165(창전동) · 서울교통공사 · 개통월은 자료에 없음
6호선,지하철,대흥(서강대앞),,37.547732,126.942214,운영중,,,,전국도시철도역사정보표준데이터 (2026-06-30 기준),https://www.data.go.kr/data/15013205/standard.do,2026-09-03,서울특별시 마포구 대흥로 지하85(대흥동) · 서울교통공사 · 개통월은 자료에 없음
6호선,지하철,공덕,,37.543592,126.951664,운영중,,,,전국도시철도역사정보표준데이터 (2026-06-30 기준),https://www.data.go.kr/data/15013205/standard.do,2026-09-03,서울특별시 마포구 백범로 지하200(공덕동) · 서울교통공사 · 개통월은 자료에 없음
6호선,지하철,효창공원앞,,37.539279,126.961348,운영중,,,,전국도시철도역사정보표준데이터 (2026-06-30 기준),https://www.data.go.kr/data/15013205/standard.do,2026-09-03,서울특별시 용산구 백범로 지하287(효창동) · 서울교통공사 · 개통월은 자료에 없음
6호선,지하철,삼각지(전쟁기념관),,37.535563,126.973996,운영중,,,,전국도시철도역사정보표준데이터 (2026-06-30 기준),https://www.data.go.kr/data/15013205/standard.do,2026-09-03,서울특별시 용산구 한강대로 지하185(한강로1가) · 서울교통공사 · 개통월은 자료에 없음
6호선,지하철,녹사평(용산구청),,37.53469,126.98665,운영중,,,,전국도시철도역사정보표준데이터 (2026-06-30 기준),https://www.data.go.kr/data/15013205/standard.do,2026-09-03,서울특별시 용산구 녹사평대로 지하195(용산동4가) · 서울교통공사 · 개통월은 자료에 없음
6호선,지하철,이태원,,37.534485,126.994369,운영중,,,,전국도시철도역사정보표준데이터 (2026-06-30 기준),https://www.data.go.kr/data/15013205/standard.do,2026-09-03,서울특별시 용산구 이태원로 지하177(이태원동) · 서울교통공사 · 개통월은 자료에 없음
6호선,지하철,한강진,,37.53956,127.001729,운영중,,,,전국도시철도역사정보표준데이터 (2026-06-30 기준),https://www.data.go.kr/data/15013205/standard.do,2026-09-03,서울특별시 용산구 이태원로 지하287(한남동) · 서울교통공사 · 개통월은 자료에 없음
6호선,지하철,버티고개,,37.547933,127.006948,운영중,,,,전국도시철도역사정보표준데이터 (2026-06-30 기준),https://www.data.go.kr/data/15013205/standard.do,2026-09-03,서울특별시 중구 다산로 지하38(신당동) · 서울교통공사 · 개통월은 자료에 없음
6호선,지하철,약수,,37.554087,127.010237,운영중,,,,전국도시철도역사정보표준데이터 (2026-06-30 기준),https://www.data.go.kr/data/15013205/standard.do,2026-09-03,서울특별시 중구 다산로 지하115(신당동) · 서울교통공사 · 개통월은 자료에 없음
6호선,지하철,청구,,37.560221,127.013776,운영중,,,,전국도시철도역사정보표준데이터 (2026-06-30 기준),https://www.data.go.kr/data/15013205/standard.do,2026-09-03,서울특별시 중구 청구로 지하77(신당동) · 서울교통공사 · 개통월은 자료에 없음
6호선,지하철,신당,,37.566174,127.016158,운영중,,,,전국도시철도역사정보표준데이터 (2026-06-30 기준),https://www.data.go.kr/data/15013205/standard.do,2026-09-03,서울특별시 중구 다산로 지하260(흥인동) · 서울교통공사 · 개통월은 자료에 없음
6호선,지하철,동묘앞,,37.572275,127.015666,운영중,,,,전국도시철도역사정보표준데이터 (2026-06-30 기준),https://www.data.go.kr/data/15013205/standard.do,2026-09-03,서울특별시 종로구 지봉로 지하24(숭인동) · 서울교통공사 · 개통월은 자료에 없음
6호선,지하철,창신,,37.579772,127.015246,운영중,,,,전국도시철도역사정보표준데이터 (2026-06-30 기준),https://www.data.go.kr/data/15013205/standard.do,2026-09-03,서울특별시 종로구 지봉로 지하112(창신동) · 서울교통공사 · 개통월은 자료에 없음
6호선,지하철,보문,,37.585426,127.019722,운영중,,,,전국도시철도역사정보표준데이터 (2026-06-30 기준),https://www.data.go.kr/data/15013205/standard.do,2026-09-03,서울특별시 성북구 보문로 지하116(보문동1가) · 서울교통공사 · 개통월은 자료에 없음
6호선,지하철,안암(고대병원앞),,37.586261,127.02903,운영중,,,,전국도시철도역사정보표준데이터 (2026-06-30 기준),https://www.data.go.kr/data/15013205/standard.do,2026-09-03,서울특별시 성북구 고려대로 지하89(안암동5가) · 서울교통공사 · 개통월은 자료에 없음
6호선,지하철,고려대(종암),,37.59034,127.03626,운영중,,,,전국도시철도역사정보표준데이터 (2026-06-30 기준),https://www.data.go.kr/data/15013205/standard.do,2026-09-03,서울특별시 성북구 종암로 지하1(종암동) · 서울교통공사 · 개통월은 자료에 없음
6호선,지하철,월곡(동덕여대),,37.60192,127.041492,운영중,,,,전국도시철도역사정보표준데이터 (2026-06-30 기준),https://www.data.go.kr/data/15013205/standard.do,2026-09-03,서울특별시 성북구 월곡로 지하107(하월곡동) · 서울교통공사 · 개통월은 자료에 없음
6호선,지하철,상월곡(한국과학기술연구원),,37.606392,127.048509,운영중,,,,전국도시철도역사정보표준데이터 (2026-06-30 기준),https://www.data.go.kr/data/15013205/standard.do,2026-09-03,서울특별시 성북구 화랑로 지하157(상월곡동) · 서울교통공사 · 개통월은 자료에 없음
6호선,지하철,돌곶이,,37.610522,127.056419,운영중,,,,전국도시철도역사정보표준데이터 (2026-06-30 기준),https://www.data.go.kr/data/15013205/standard.do,2026-09-03,서울특별시 성북구 화랑로 지하243(석관동) · 서울교통공사 · 개통월은 자료에 없음
6호선,지하철,석계,,37.614937,127.065922,운영중,,,,전국도시철도역사정보표준데이터 (2026-06-30 기준),https://www.data.go.kr/data/15013205/standard.do,2026-09-03,서울특별시 노원구 화랑로 지하 347-1(월계동) · 서울교통공사 · 개통월은 자료에 없음
6호선,지하철,태릉입구,,37.617319,127.074741,운영중,,,,전국도시철도역사정보표준데이터 (2026-06-30 기준),https://www.data.go.kr/data/15013205/standard.do,2026-09-03,서울특별시 노원구 동일로 지하 992-1(공릉동) · 서울교통공사 · 개통월은 자료에 없음
6호선,지하철,화랑대(서울여대입구),,37.619875,127.084106,운영중,,,,전국도시철도역사정보표준데이터 (2026-06-30 기준),https://www.data.go.kr/data/15013205/standard.do,2026-09-03,서울특별시 노원구 화랑로 지하510(공릉동) · 서울교통공사 · 개통월은 자료에 없음
6호선,지하철,봉화산(서울의료원),,37.617429,127.0912326,운영중,,,,전국도시철도역사정보표준데이터 (2026-06-30 기준),https://www.data.go.kr/data/15013205/standard.do,2026-09-03,서울특별시 중랑구 신내로 지하232(신내동) · 서울교통공사 · 개통월은 자료에 없음
6호선,지하철,신내,,37.612571,127.104326,운영중,,,,전국도시철도역사정보표준데이터 (2026-06-30 기준),https://www.data.go.kr/data/15013205/standard.do,2026-09-03,서울특별시 중랑구 용마산로136길 33 신내차량기지 · 서울교통공사 · 개통월은 자료에 없음
7호선,지하철,장암,,37.70015,127.053126,운영중,,,,전국도시철도역사정보표준데이터 (2026-06-30 기준),https://www.data.go.kr/data/15013205/standard.do,2026-09-03,경기도 의정부시 동일로 121(장암동) · 서울교통공사 · 개통월은 자료에 없음
7호선,지하철,도봉산,,37.689131,127.046548,운영중,,,,전국도시철도역사정보표준데이터 (2026-06-30 기준),https://www.data.go.kr/data/15013205/standard.do,2026-09-03,서울특별시 도봉구 도봉로 964-40(도봉동) · 서울교통공사 · 개통월은 자료에 없음
7호선,지하철,수락산,,37.677804,127.055314,운영중,,,,전국도시철도역사정보표준데이터 (2026-06-30 기준),https://www.data.go.kr/data/15013205/standard.do,2026-09-03,서울특별시 노원구 동일로 지하1662(상계동) · 서울교통공사 · 개통월은 자료에 없음
7호선,지하철,마들,,37.664985,127.057701,운영중,,,,전국도시철도역사정보표준데이터 (2026-06-30 기준),https://www.data.go.kr/data/15013205/standard.do,2026-09-03,서울특별시 노원구 동일로 지하1530-1(상계동) · 서울교통공사 · 개통월은 자료에 없음
7호선,지하철,노원,,37.654478,127.060555,운영중,,,,전국도시철도역사정보표준데이터 (2026-06-30 기준),https://www.data.go.kr/data/15013205/standard.do,2026-09-03,서울특별시 노원구 동일로 지하1409(상계동) · 서울교통공사 · 개통월은 자료에 없음
7호선,지하철,중계,,37.645052,127.064084,운영중,,,,전국도시철도역사정보표준데이터 (2026-06-30 기준),https://www.data.go.kr/data/15013205/standard.do,2026-09-03,서울특별시 노원구 동일로 지하1308-1(중계동) · 서울교통공사 · 개통월은 자료에 없음
7호선,지하철,하계,,37.636363,127.067999,운영중,,,,전국도시철도역사정보표준데이터 (2026-06-30 기준),https://www.data.go.kr/data/15013205/standard.do,2026-09-03,서울특별시 노원구 동일로 지하1196(하계동) · 서울교통공사 · 개통월은 자료에 없음
7호선,지하철,공릉(서울과학기술대),,37.625642,127.072969,운영중,,,,전국도시철도역사정보표준데이터 (2026-06-30 기준),https://www.data.go.kr/data/15013205/standard.do,2026-09-03,서울특별시 노원구 동일로 지하1074(공릉동) · 서울교통공사 · 개통월은 자료에 없음
7호선,지하철,태릉입구,,37.618519,127.075361,운영중,,,,전국도시철도역사정보표준데이터 (2026-06-30 기준),https://www.data.go.kr/data/15013205/standard.do,2026-09-03,서울특별시 노원구 동일로 지하 992-1(공릉동) · 서울교통공사 · 개통월은 자료에 없음
7호선,지하철,먹골,,37.610638,127.077719,운영중,,,,전국도시철도역사정보표준데이터 (2026-06-30 기준),https://www.data.go.kr/data/15013205/standard.do,2026-09-03,서울특별시 중랑구 동일로 지하901(묵동) · 서울교통공사 · 개통월은 자료에 없음
7호선,지하철,중화,,37.602604,127.079254,운영중,,,,전국도시철도역사정보표준데이터 (2026-06-30 기준),https://www.data.go.kr/data/15013205/standard.do,2026-09-03,서울특별시 중랑구 동일로 지하797(중화동) · 서울교통공사 · 개통월은 자료에 없음
7호선,지하철,상봉,,37.595673,127.085708,운영중,,,,전국도시철도역사정보표준데이터 (2026-06-30 기준),https://www.data.go.kr/data/15013205/standard.do,2026-09-03,서울특별시 중랑구 망우로 297(상봉동) · 서울교통공사 · 개통월은 자료에 없음
7호선,지하철,면목,,37.588671,127.087503,운영중,,,,전국도시철도역사정보표준데이터 (2026-06-30 기준),https://www.data.go.kr/data/15013205/standard.do,2026-09-03,서울특별시 중랑구 면목로 지하407(면목동) · 서울교통공사 · 개통월은 자료에 없음
7호선,지하철,사가정,,37.580912,127.088502,운영중,,,,전국도시철도역사정보표준데이터 (2026-06-30 기준),https://www.data.go.kr/data/15013205/standard.do,2026-09-03,서울특별시 중랑구 사가정로 지하393(면목동) · 서울교통공사 · 개통월은 자료에 없음
7호선,지하철,용마산(용마폭포공원),,37.573752,127.086802,운영중,,,,전국도시철도역사정보표준데이터 (2026-06-30 기준),https://www.data.go.kr/data/15013205/standard.do,2026-09-03,서울특별시 중랑구 용마산로 지하227(면목동) · 서울교통공사 · 개통월은 자료에 없음
7호선,지하철,중곡,,37.565877,127.084291,운영중,,,,전국도시철도역사정보표준데이터 (2026-06-30 기준),https://www.data.go.kr/data/15013205/standard.do,2026-09-03,서울특별시 광진구 능동로 지하417(중곡동) · 서울교통공사 · 개통월은 자료에 없음
7호선,지하철,군자(능동),,37.557151,127.079484,운영중,,,,전국도시철도역사정보표준데이터 (2026-06-30 기준),https://www.data.go.kr/data/15013205/standard.do,2026-09-03,서울특별시 광진구 천호대로 지하550(능동) · 서울교통공사 · 개통월은 자료에 없음
7호선,지하철,어린이대공원(세종대),,37.547962,127.07465,운영중,,,,전국도시철도역사정보표준데이터 (2026-06-30 기준),https://www.data.go.kr/data/15013205/standard.do,2026-09-03,서울특별시 광진구 능동로 지하210(화양동) · 서울교통공사 · 개통월은 자료에 없음
7호선,지하철,건대입구,,37.540882,127.071103,운영중,,,,전국도시철도역사정보표준데이터 (2026-06-30 기준),https://www.data.go.kr/data/15013205/standard.do,2026-09-03,서울특별시 광진구 능동로 지하110(화양동) · 서울교통공사 · 개통월은 자료에 없음
7호선,지하철,자양(뚝섬한강공원),,37.531558,127.066714,운영중,,,,전국도시철도역사정보표준데이터 (2026-06-30 기준),https://www.data.go.kr/data/15013205/standard.do,2026-09-03,서울특별시 광진구 능동로 10(자양동) · 서울교통공사 · 개통월은 자료에 없음
7호선,지하철,청담,,37.519097,127.051851,운영중,,,,전국도시철도역사정보표준데이터 (2026-06-30 기준),https://www.data.go.kr/data/15013205/standard.do,2026-09-03,서울특별시 강남구 학동로 지하508(청담동) · 서울교통공사 · 개통월은 자료에 없음
7호선,지하철,강남구청,,37.517185,127.04122,운영중,,,,전국도시철도역사정보표준데이터 (2026-06-30 기준),https://www.data.go.kr/data/15013205/standard.do,2026-09-03,서울특별시 강남구 학동로 지하346(삼성동) · 서울교통공사 · 개통월은 자료에 없음
7호선,지하철,학동,,37.514262,127.031738,운영중,,,,전국도시철도역사정보표준데이터 (2026-06-30 기준),https://www.data.go.kr/data/15013205/standard.do,2026-09-03,서울특별시 강남구 학동로 지하180(논현동) · 서울교통공사 · 개통월은 자료에 없음
7호선,지하철,논현,,37.511108,127.021385,운영중,,,,전국도시철도역사정보표준데이터 (2026-06-30 기준),https://www.data.go.kr/data/15013205/standard.do,2026-09-03,서울특별시 강남구 학동로 지하102(논현동) · 서울교통공사 · 개통월은 자료에 없음
7호선,지하철,반포,,37.508171,127.011717,운영중,,,,전국도시철도역사정보표준데이터 (2026-06-30 기준),https://www.data.go.kr/data/15013205/standard.do,2026-09-03,서울특별시 서초구 신반포로 지하241(잠원동) · 서울교통공사 · 개통월은 자료에 없음
7호선,지하철,고속터미널,,37.503387,127.005055,운영중,,,,전국도시철도역사정보표준데이터 (2026-06-30 기준),https://www.data.go.kr/data/15013205/standard.do,2026-09-03,서울특별시 서초구 신반포로 지하188(반포동) · 서울교통공사 · 개통월은 자료에 없음
7호선,지하철,내방,,37.48764,126.993541,운영중,,,,전국도시철도역사정보표준데이터 (2026-06-30 기준),https://www.data.go.kr/data/15013205/standard.do,2026-09-03,서울특별시 서초구 서초대로 지하103(방배동) · 서울교통공사 · 개통월은 자료에 없음
7호선,지하철,이수,,37.485258,126.981766,운영중,,,,전국도시철도역사정보표준데이터 (2026-06-30 기준),https://www.data.go.kr/data/15013205/standard.do,2026-09-03,서울특별시 동작구 사당로 지하310(사당동) · 서울교통공사 · 개통월은 자료에 없음
7호선,지하철,총신대입구(이수),,37.485258,126.981766,운영중,,,,전국도시철도역사정보표준데이터 (2026-06-30 기준),https://www.data.go.kr/data/15013205/standard.do,2026-09-03,서울특별시 동작구 사당로 지하310(사당동) · 서울교통공사 · 개통월은 자료에 없음
7호선,지하철,남성,,37.484688,126.971108,운영중,,,,전국도시철도역사정보표준데이터 (2026-06-30 기준),https://www.data.go.kr/data/15013205/standard.do,2026-09-03,서울특별시 동작구 사당로 지하218(사당동) · 서울교통공사 · 개통월은 자료에 없음
7호선,지하철,숭실대입구(살피재),,37.496258,126.953649,운영중,,,,전국도시철도역사정보표준데이터 (2026-06-30 기준),https://www.data.go.kr/data/15013205/standard.do,2026-09-03,서울특별시 동작구 상도로 지하378(상도동) · 서울교통공사 · 개통월은 자료에 없음
7호선,지하철,상도,,37.50279,126.947949,운영중,,,,전국도시철도역사정보표준데이터 (2026-06-30 기준),https://www.data.go.kr/data/15013205/standard.do,2026-09-03,서울특별시 동작구 상도로 지하272(상도1동) · 서울교통공사 · 개통월은 자료에 없음
7호선,지하철,장승배기,,37.504845,126.939025,운영중,,,,전국도시철도역사정보표준데이터 (2026-06-30 기준),https://www.data.go.kr/data/15013205/standard.do,2026-09-03,서울특별시 동작구 상도로 지하188(상도동) · 서울교통공사 · 개통월은 자료에 없음
7호선,지하철,신대방삼거리,,37.499717,126.928218,운영중,,,,전국도시철도역사정보표준데이터 (2026-06-30 기준),https://www.data.go.kr/data/15013205/standard.do,2026-09-03,서울특별시 동작구 상도로 지하76(대방동) · 서울교통공사 · 개통월은 자료에 없음
7호선,지하철,보라매,,37.499916,126.920112,운영중,,,,전국도시철도역사정보표준데이터 (2026-06-30 기준),https://www.data.go.kr/data/15013205/standard.do,2026-09-03,서울특별시 동작구 상도로 지하2(대방동) · 서울교통공사 · 개통월은 자료에 없음
7호선,지하철,신풍,,37.500107,126.909806,운영중,,,,전국도시철도역사정보표준데이터 (2026-06-30 기준),https://www.data.go.kr/data/15013205/standard.do,2026-09-03,서울특별시 영등포구 신풍로 지하27(신길동) · 서울교통공사 · 개통월은 자료에 없음
7호선,지하철,대림(구로구청),,37.492984,126.896997,운영중,,,,전국도시철도역사정보표준데이터 (2026-06-30 기준),https://www.data.go.kr/data/15013205/standard.do,2026-09-03,서울특별시 영등포구 도림로 지하137(대림동) · 서울교통공사 · 개통월은 자료에 없음
7호선,지하철,남구로,,37.486181,126.887372,운영중,,,,전국도시철도역사정보표준데이터 (2026-06-30 기준),https://www.data.go.kr/data/15013205/standard.do,2026-09-03,서울특별시 구로구 도림로 지하7(구로동) · 서울교통공사 · 개통월은 자료에 없음
7호선,지하철,가산디지털단지,,37.480376,126.882704,운영중,,,,전국도시철도역사정보표준데이터 (2026-06-30 기준),https://www.data.go.kr/data/15013205/standard.do,2026-09-03,서울특별시 금천구 벚꽃로 309(가산동) · 서울교통공사 · 개통월은 자료에 없음
7호선,지하철,철산,,37.47616,126.868217,운영중,,,,전국도시철도역사정보표준데이터 (2026-06-30 기준),https://www.data.go.kr/data/15013205/standard.do,2026-09-03,경기도 광명시 철산로 지하13(철산동) · 서울교통공사 · 개통월은 자료에 없음
7호선,지하철,광명사거리,,37.47927,126.854854,운영중,,,,전국도시철도역사정보표준데이터 (2026-06-30 기준),https://www.data.go.kr/data/15013205/standard.do,2026-09-03,경기도 광명시 오리로 지하980(광명동) · 서울교통공사 · 개통월은 자료에 없음
7호선,지하철,천왕,,37.486699,126.838684,운영중,,,,전국도시철도역사정보표준데이터 (2026-06-30 기준),https://www.data.go.kr/data/15013205/standard.do,2026-09-03,서울특별시 구로구 오리로 지하1154(천왕동) · 서울교통공사 · 개통월은 자료에 없음
7호선,지하철,온수(성공회대입구),,37.492059,126.823294,운영중,,,,전국도시철도역사정보표준데이터 (2026-06-30 기준),https://www.data.go.kr/data/15013205/standard.do,2026-09-03,서울특별시 구로구 경인로3길 지하64(온수동) · 서울교통공사 · 개통월은 자료에 없음
8호선,지하철,암사역사공원,,37.557167,127.137556,운영중,,,,전국도시철도역사정보표준데이터 (2026-06-30 기준),https://www.data.go.kr/data/15013205/standard.do,2026-09-03,서울시 강동구 아리수로 27번길 2 · 서울교통공사 · 개통월은 자료에 없음
8호선,지하철,암사,,37.550127,127.127521,운영중,,,,전국도시철도역사정보표준데이터 (2026-06-30 기준),https://www.data.go.kr/data/15013205/standard.do,2026-09-03,서울특별시 강동구 올림픽로 지하776(암사동) · 서울교통공사 · 개통월은 자료에 없음
8호선,지하철,천호(풍납토성),,37.53792,127.123179,운영중,,,,전국도시철도역사정보표준데이터 (2026-06-30 기준),https://www.data.go.kr/data/15013205/standard.do,2026-09-03,서울특별시 강동구 천호대로 지하997(천호동) · 서울교통공사 · 개통월은 자료에 없음
8호선,지하철,강동구청,,37.530348,127.120461,운영중,,,,전국도시철도역사정보표준데이터 (2026-06-30 기준),https://www.data.go.kr/data/15013205/standard.do,2026-09-03,서울특별시 강동구 올림픽로 지하550(성내동) · 서울교통공사 · 개통월은 자료에 없음
8호선,지하철,몽촌토성(평화의문),,37.517692,127.11274,운영중,,,,전국도시철도역사정보표준데이터 (2026-06-30 기준),https://www.data.go.kr/data/15013205/standard.do,2026-09-03,서울특별시 송파구 올림픽로 지하383(신천동) · 서울교통공사 · 개통월은 자료에 없음
8호선,지하철,잠실(송파구청),,37.514649,127.104267,운영중,,,,전국도시철도역사정보표준데이터 (2026-06-30 기준),https://www.data.go.kr/data/15013205/standard.do,2026-09-03,서울특별시 송파구 올림픽로 305(신천동) · 서울교통공사 · 개통월은 자료에 없음
8호선,지하철,석촌,,37.505396,127.106995,운영중,,,,전국도시철도역사정보표준데이터 (2026-06-30 기준),https://www.data.go.kr/data/15013205/standard.do,2026-09-03,서울특별시 송파구 송파대로 지하439(석촌동) · 서울교통공사 · 개통월은 자료에 없음
8호선,지하철,송파,,37.49978,127.11212,운영중,,,,전국도시철도역사정보표준데이터 (2026-06-30 기준),https://www.data.go.kr/data/15013205/standard.do,2026-09-03,서울특별시 송파구 송파대로 지하354(가락동) · 서울교통공사 · 개통월은 자료에 없음
8호선,지하철,가락시장,,37.493004,127.118279,운영중,,,,전국도시철도역사정보표준데이터 (2026-06-30 기준),https://www.data.go.kr/data/15013205/standard.do,2026-09-03,서울특별시 송파구 송파대로 지하257(가락동) · 서울교통공사 · 개통월은 자료에 없음
8호선,지하철,문정,,37.485931,127.122473,운영중,,,,전국도시철도역사정보표준데이터 (2026-06-30 기준),https://www.data.go.kr/data/15013205/standard.do,2026-09-03,서울특별시 송파구 송파대로 지하179(문정동) · 서울교통공사 · 개통월은 자료에 없음
8호선,지하철,장지,,37.478609,127.126229,운영중,,,,전국도시철도역사정보표준데이터 (2026-06-30 기준),https://www.data.go.kr/data/15013205/standard.do,2026-09-03,서울특별시 송파구 송파대로 지하82(장지동) · 서울교통공사 · 개통월은 자료에 없음
8호선,지하철,복정,,37.471016,127.126746,운영중,,,,전국도시철도역사정보표준데이터 (2026-06-30 기준),https://www.data.go.kr/data/15013205/standard.do,2026-09-03,서울특별시 송파구 송파대로 지하6(장지동) · 서울교통공사 · 개통월은 자료에 없음
8호선,지하철,남위례,,37.462839,127.139047,운영중,,,,전국도시철도역사정보표준데이터 (2026-06-30 기준),https://www.data.go.kr/data/15013205/standard.do,2026-09-03,경기도 성남시 수정구 공원로 601(복정동) · 서울교통공사 · 개통월은 자료에 없음
8호선,지하철,산성,,37.456886,127.149927,운영중,,,,전국도시철도역사정보표준데이터 (2026-06-30 기준),https://www.data.go.kr/data/15013205/standard.do,2026-09-03,경기도 성남시 수정구 수정로 지하365(신흥동) · 서울교통공사 · 개통월은 자료에 없음
8호선,지하철,남한산성입구(성남법원·검찰청),,37.451568,127.159845,운영중,,,,전국도시철도역사정보표준데이터 (2026-06-30 기준),https://www.data.go.kr/data/15013205/standard.do,2026-09-03,경기도 성남시 수정구 산성대로 지하445(단대동) · 서울교통공사 · 개통월은 자료에 없음
8호선,지하철,단대오거리,,37.445057,127.156735,운영중,,,,전국도시철도역사정보표준데이터 (2026-06-30 기준),https://www.data.go.kr/data/15013205/standard.do,2026-09-03,경기도 성남시 수정구 산성대로 지하365(신흥동) · 서울교통공사 · 개통월은 자료에 없음
8호선,지하철,신흥,,37.440952,127.14759,운영중,,,,전국도시철도역사정보표준데이터 (2026-06-30 기준),https://www.data.go.kr/data/15013205/standard.do,2026-09-03,경기도 성남시 수정구 산성대로 지하280(신흥동) · 서울교통공사 · 개통월은 자료에 없음
8호선,지하철,수진,,37.437575,127.140936,운영중,,,,전국도시철도역사정보표준데이터 (2026-06-30 기준),https://www.data.go.kr/data/15013205/standard.do,2026-09-03,경기도 성남시 수정구 산성대로 지하200(수진동) · 서울교통공사 · 개통월은 자료에 없음
8호선,지하철,모란,,37.433988,127.129921,운영중,,,,전국도시철도역사정보표준데이터 (2026-06-30 기준),https://www.data.go.kr/data/15013205/standard.do,2026-09-03,경기도 성남시 수정구 산성대로 지하100(수진동) · 서울교통공사 · 개통월은 자료에 없음
2호선,지하철,용답,,37.562066,127.0508786,운영중,,,,전국도시철도역사정보표준데이터 (2026-06-30 기준),https://www.data.go.kr/data/15013205/standard.do,2026-09-03,서울특별시 성동구 용답길 86(용답동) · 서울교통공사 · 개통월은 자료에 없음
2호선,지하철,신답,,37.569847,127.047048,운영중,,,,전국도시철도역사정보표준데이터 (2026-06-30 기준),https://www.data.go.kr/data/15013205/standard.do,2026-09-03,서울특별시 성동구 천호대로 232(용답동) · 서울교통공사 · 개통월은 자료에 없음
2호선,지하철,용두(동대문구청),,37.574012,127.03811,운영중,,,,전국도시철도역사정보표준데이터 (2026-06-30 기준),https://www.data.go.kr/data/15013205/standard.do,2026-09-03,서울특별시 동대문구 천호대로 지하129(용두동) · 서울교통공사 · 개통월은 자료에 없음
2호선,지하철,신설동,,37.574653,127.025158,운영중,,,,전국도시철도역사정보표준데이터 (2026-06-30 기준),https://www.data.go.kr/data/15013205/standard.do,2026-09-03,서울특별시 동대문구 왕산로 지하 1(신설동) · 서울교통공사 · 개통월은 자료에 없음
2호선,지하철,도림천,,37.5145589,126.882586,운영중,,,,전국도시철도역사정보표준데이터 (2026-06-30 기준),https://www.data.go.kr/data/15013205/standard.do,2026-09-03,서울특별시 구로구 경인로67길 160(신도림동) · 서울교통공사 · 개통월은 자료에 없음
2호선,지하철,양천구청,,37.5123294,126.865593,운영중,,,,전국도시철도역사정보표준데이터 (2026-06-30 기준),https://www.data.go.kr/data/15013205/standard.do,2026-09-03,서울특별시 양천구 목동로3길 지하33(신정동) · 서울교통공사 · 개통월은 자료에 없음
2호선,지하철,신정네거리,,37.520218,126.852849,운영중,,,,전국도시철도역사정보표준데이터 (2026-06-30 기준),https://www.data.go.kr/data/15013205/standard.do,2026-09-03,서울특별시 양천구 중앙로 지하261(신정동) · 서울교통공사 · 개통월은 자료에 없음
5호선,지하철,둔촌동,,37.527787,127.136219,운영중,,,,전국도시철도역사정보표준데이터 (2026-06-30 기준),https://www.data.go.kr/data/15013205/standard.do,2026-09-03,서울특별시 강동구 양재대로 지하1369(둔촌동) · 서울교통공사 · 개통월은 자료에 없음
5호선,지하철,올림픽공원(한국체대),,37.516217,127.130957,운영중,,,,전국도시철도역사정보표준데이터 (2026-06-30 기준),https://www.data.go.kr/data/15013205/standard.do,2026-09-03,서울특별시 송파구 양재대로 지하1233(방이동) · 서울교통공사 · 개통월은 자료에 없음
5호선,지하철,방이,,37.508752,127.126054,운영중,,,,전국도시철도역사정보표준데이터 (2026-06-30 기준),https://www.data.go.kr/data/15013205/standard.do,2026-09-03,서울특별시 송파구 양재대로 지하1127(방이동) · 서울교통공사 · 개통월은 자료에 없음
5호선,지하철,오금,,37.502228,127.127701,운영중,,,,전국도시철도역사정보표준데이터 (2026-06-30 기준),https://www.data.go.kr/data/15013205/standard.do,2026-09-03,서울특별시 송파구 오금로 지하321(오금동) · 서울교통공사 · 개통월은 자료에 없음
5호선,지하철,개롱,,37.498097,127.134817,운영중,,,,전국도시철도역사정보표준데이터 (2026-06-30 기준),https://www.data.go.kr/data/15013205/standard.do,2026-09-03,서울특별시 송파구 오금로 지하402(가락동) · 서울교통공사 · 개통월은 자료에 없음
5호선,지하철,거여,,37.493208,127.143983,운영중,,,,전국도시철도역사정보표준데이터 (2026-06-30 기준),https://www.data.go.kr/data/15013205/standard.do,2026-09-03,서울특별시 송파구 오금로 지하499(거여동) · 서울교통공사 · 개통월은 자료에 없음
5호선,지하철,마천,,37.494972,127.152784,운영중,,,,전국도시철도역사정보표준데이터 (2026-06-30 기준),https://www.data.go.kr/data/15013205/standard.do,2026-09-03,서울특별시 송파구 마천로57길 지하7(마천동) · 서울교통공사 · 개통월은 자료에 없음
수도권  도시철도 9호선,지하철,언주,,37.507287,127.033868,운영중,,,,전국도시철도역사정보표준데이터 (2026-06-30 기준),https://www.data.go.kr/data/15013205/standard.do,2026-09-03,서울특별시 강남구 봉은사로 201 · 서울시메트로9호선㈜ · 개통월은 자료에 없음
수도권  도시철도 9호선,지하철,선정릉,,37.51028,127.0437593,운영중,,,,전국도시철도역사정보표준데이터 (2026-06-30 기준),https://www.data.go.kr/data/15013205/standard.do,2026-09-03,서울특별시 강남구 선릉로 580 · 서울시메트로9호선㈜ · 개통월은 자료에 없음
수도권  도시철도 9호선,지하철,삼성중앙,,37.513011,127.053282,운영중,,,,전국도시철도역사정보표준데이터 (2026-06-30 기준),https://www.data.go.kr/data/15013205/standard.do,2026-09-03,서울특별시 강남구 봉은사로 501 · 서울시메트로9호선㈜ · 개통월은 자료에 없음
수도권  도시철도 9호선,지하철,봉은사,,37.514219,127.060245,운영중,,,,전국도시철도역사정보표준데이터 (2026-06-30 기준),https://www.data.go.kr/data/15013205/standard.do,2026-09-03,서울특별시 강남구 봉은사로 601 · 서울시메트로9호선㈜ · 개통월은 자료에 없음
수도권  도시철도 9호선,지하철,종합운동장,,37.511156,127.076917,운영중,,,,전국도시철도역사정보표준데이터 (2026-06-30 기준),https://www.data.go.kr/data/15013205/standard.do,2026-09-03,서울특별시 송파구 올림픽로 23 · 서울시메트로9호선㈜ · 개통월은 자료에 없음
수도권  도시철도 9호선,지하철,삼전,,37.504531,127.087211,운영중,,,,전국도시철도역사정보표준데이터 (2026-06-30 기준),https://www.data.go.kr/data/15013205/standard.do,2026-09-03,서울특별시 송파구 백제고분로 지하 187 · 서울시메트로9호선㈜ · 개통월은 자료에 없음
수도권  도시철도 9호선,지하철,석촌고분,,37.502439,127.096611,운영중,,,,전국도시철도역사정보표준데이터 (2026-06-30 기준),https://www.data.go.kr/data/15013205/standard.do,2026-09-03,서울특별시 송파구 삼학사로 지하 53 · 서울시메트로9호선㈜ · 개통월은 자료에 없음
수도권  도시철도 9호선,지하철,석촌,,37.505078,127.106944,운영중,,,,전국도시철도역사정보표준데이터 (2026-06-30 기준),https://www.data.go.kr/data/15013205/standard.do,2026-09-03,서울특별시 송파구 석촌동 209 · 서울시메트로9호선㈜ · 개통월은 자료에 없음
수도권  도시철도 9호선,지하철,송파나루,,37.51055,127.112451,운영중,,,,전국도시철도역사정보표준데이터 (2026-06-30 기준),https://www.data.go.kr/data/15013205/standard.do,2026-09-03,서울특별시 송파구 백제고분로 지하 446 · 서울시메트로9호선㈜ · 개통월은 자료에 없음
수도권  도시철도 9호선,지하철,한성백제,,37.516369,127.116211,운영중,,,,전국도시철도역사정보표준데이터 (2026-06-30 기준),https://www.data.go.kr/data/15013205/standard.do,2026-09-03,서울특별시 송파구 위례성대로 지하 51 · 서울시메트로9호선㈜ · 개통월은 자료에 없음
수도권  도시철도 9호선,지하철,올림픽공원(한국체대),,37.516111,127.130333,운영중,,,,전국도시철도역사정보표준데이터 (2026-06-30 기준),https://www.data.go.kr/data/15013205/standard.do,2026-09-03,서울특별시 송파구 양재대로 지하 1233 · 서울시메트로9호선㈜ · 개통월은 자료에 없음
수도권  도시철도 9호선,지하철,둔촌오륜,,37.519339,127.138619,운영중,,,,전국도시철도역사정보표준데이터 (2026-06-30 기준),https://www.data.go.kr/data/15013205/standard.do,2026-09-03,서울특별시 강동구 강동대로 지하 327 · 서울시메트로9호선㈜ · 개통월은 자료에 없음
수도권  도시철도 9호선,지하철,중앙보훈병원,,37.528807,127.148488,운영중,,,,전국도시철도역사정보표준데이터 (2026-06-30 기준),https://www.data.go.kr/data/15013205/standard.do,2026-09-03,서울특별시 강동구 명일로 지하 117 · 서울시메트로9호선㈜ · 개통월은 자료에 없음
서울 도시철도 9호선,지하철,개화,,37.578591,126.797833,운영중,,,,전국도시철도역사정보표준데이터 (2026-06-30 기준),https://www.data.go.kr/data/15013205/standard.do,2026-09-03,서울특별시 강서구 개화동로8길 19 · 서울특별시 서울시메트로9호선㈜ · 개통월은 자료에 없음
서울 도시철도 9호선,지하철,김포공항,,37.562056,126.801633,운영중,,,,전국도시철도역사정보표준데이터 (2026-06-30 기준),https://www.data.go.kr/data/15013205/standard.do,2026-09-03,서울특별시 강서구 하늘길 지하77 · 서울특별시 서울시메트로9호선㈜ · 개통월은 자료에 없음
서울 도시철도 9호선,지하철,공항시장,,37.563726,126.810678,운영중,,,,전국도시철도역사정보표준데이터 (2026-06-30 기준),https://www.data.go.kr/data/15013205/standard.do,2026-09-03,서울특별시 강서구 방화동로 지하30 · 서울특별시 서울시메트로9호선㈜ · 개통월은 자료에 없음
서울 도시철도 9호선,지하철,신방화,,37.5675,126.816667,운영중,,,,전국도시철도역사정보표준데이터 (2026-06-30 기준),https://www.data.go.kr/data/15013205/standard.do,2026-09-03,서울특별시 강서구 방화대로 지하301 · 서울특별시 서울시메트로9호선㈜ · 개통월은 자료에 없음
서울 도시철도 9호선,지하철,마곡나루(서울식물원),,37.566717,126.8276071,운영중,,,,전국도시철도역사정보표준데이터 (2026-06-30 기준),https://www.data.go.kr/data/15013205/standard.do,2026-09-03,서울특별시 강서구 마곡중앙5로 지하2 · 서울특별시 서울시메트로9호선㈜ · 개통월은 자료에 없음
서울 도시철도 9호선,지하철,양천향교,,37.568333,126.841389,운영중,,,,전국도시철도역사정보표준데이터 (2026-06-30 기준),https://www.data.go.kr/data/15013205/standard.do,2026-09-03,서울특별시 강서구 양천로 지하341 · 서울특별시 서울시메트로9호선㈜ · 개통월은 자료에 없음
서울 도시철도 9호선,지하철,가양,,37.561111,126.855078,운영중,,,,전국도시철도역사정보표준데이터 (2026-06-30 기준),https://www.data.go.kr/data/15013205/standard.do,2026-09-03,서울특별시 강서구 양천로 지하485 · 서울특별시 서울시메트로9호선㈜ · 개통월은 자료에 없음
서울 도시철도 9호선,지하철,증미,,37.55785,126.861067,운영중,,,,전국도시철도역사정보표준데이터 (2026-06-30 기준),https://www.data.go.kr/data/15013205/standard.do,2026-09-03,서울특별시 강서구 양천로 지하560 · 서울특별시 서울시메트로9호선㈜ · 개통월은 자료에 없음
서울 도시철도 9호선,지하철,등촌,,37.551111,126.864722,운영중,,,,전국도시철도역사정보표준데이터 (2026-06-30 기준),https://www.data.go.kr/data/15013205/standard.do,2026-09-03,서울특별시 강서구 공항대로 지하529 · 서울특별시 서울시메트로9호선㈜ · 개통월은 자료에 없음
서울 도시철도 9호선,지하철,염창,,37.546944,126.874722,운영중,,,,전국도시철도역사정보표준데이터 (2026-06-30 기준),https://www.data.go.kr/data/15013205/standard.do,2026-09-03,서울특별시 강서구 공항대로 지하631 · 서울특별시 서울시메트로9호선㈜ · 개통월은 자료에 없음
서울 도시철도 9호선,지하철,신목동,,37.544167,126.883056,운영중,,,,전국도시철도역사정보표준데이터 (2026-06-30 기준),https://www.data.go.kr/data/15013205/standard.do,2026-09-03,서울특별시 양천구 목동중앙로 지하217 · 서울특별시 서울시메트로9호선㈜ · 개통월은 자료에 없음
서울 도시철도 9호선,지하철,선유도,,37.537778,126.893889,운영중,,,,전국도시철도역사정보표준데이터 (2026-06-30 기준),https://www.data.go.kr/data/15013205/standard.do,2026-09-03,서울특별시 영등포구 양평로 지하124 · 서울특별시 서울시메트로9호선㈜ · 개통월은 자료에 없음
서울 도시철도 9호선,지하철,당산,,37.533844,126.902222,운영중,,,,전국도시철도역사정보표준데이터 (2026-06-30 기준),https://www.data.go.kr/data/15013205/standard.do,2026-09-03,서울특별시 영등포구 양평로 지하40 · 서울특별시 서울시메트로9호선㈜ · 개통월은 자료에 없음
서울 도시철도 9호선,지하철,국회의사당,,37.528105,126.917874,운영중,,,,전국도시철도역사정보표준데이터 (2026-06-30 기준),https://www.data.go.kr/data/15013205/standard.do,2026-09-03,서울특별시 영등포구 국회대로 지하758 · 서울특별시 서울시메트로9호선㈜ · 개통월은 자료에 없음
서울 도시철도 9호선,지하철,여의도,,37.521744,126.924167,운영중,,,,전국도시철도역사정보표준데이터 (2026-06-30 기준),https://www.data.go.kr/data/15013205/standard.do,2026-09-03,서울특별시 영등포구 의사당대로 지하101 (여의도동) · 서울특별시 서울시메트로9호선㈜ · 개통월은 자료에 없음
서울 도시철도 9호선,지하철,샛강,,37.5173,126.9284,운영중,,,,전국도시철도역사정보표준데이터 (2026-06-30 기준),https://www.data.go.kr/data/15013205/standard.do,2026-09-03,서울특별시 영등포구 의사당대로 지하166 · 서울특별시 서울시메트로9호선㈜ · 개통월은 자료에 없음
서울 도시철도 9호선,지하철,노량진,,37.513667,126.940917,운영중,,,,전국도시철도역사정보표준데이터 (2026-06-30 기준),https://www.data.go.kr/data/15013205/standard.do,2026-09-03,서울특별시 동작구 노량진로 지하130 · 서울특별시 서울시메트로9호선㈜ · 개통월은 자료에 없음
서울 도시철도 9호선,지하철,노들,,37.512726,126.953096,운영중,,,,전국도시철도역사정보표준데이터 (2026-06-30 기준),https://www.data.go.kr/data/15013205/standard.do,2026-09-03,서울특별시 동작구 노량진로 지하238 (본동) · 서울특별시 서울시메트로9호선㈜ · 개통월은 자료에 없음
서울 도시철도 9호선,지하철,흑석(중앙대입구),,37.508889,126.963611,운영중,,,,전국도시철도역사정보표준데이터 (2026-06-30 기준),https://www.data.go.kr/data/15013205/standard.do,2026-09-03,서울특별시 동작구 현충로 지하90 (흑석동) · 서울특별시 서울시메트로9호선㈜ · 개통월은 자료에 없음
서울 도시철도 9호선,지하철,동작(현충원),,37.502878,126.978278,운영중,,,,전국도시철도역사정보표준데이터 (2026-06-30 기준),https://www.data.go.kr/data/15013205/standard.do,2026-09-03,서울특별시 동작구 현충로 지하220 (동작동) · 서울특별시 서울시메트로9호선㈜ · 개통월은 자료에 없음
서울 도시철도 9호선,지하철,구반포,,37.501389,126.987222,운영중,,,,전국도시철도역사정보표준데이터 (2026-06-30 기준),https://www.data.go.kr/data/15013205/standard.do,2026-09-03,서울특별시 서초구 신반포로 지하17 · 서울특별시 서울시메트로9호선㈜ · 개통월은 자료에 없음
서울 도시철도 9호선,지하철,신반포,,37.5035033,126.996044,운영중,,,,전국도시철도역사정보표준데이터 (2026-06-30 기준),https://www.data.go.kr/data/15013205/standard.do,2026-09-03,서울특별시 서초구 신반포로 지하105 · 서울특별시 서울시메트로9호선㈜ · 개통월은 자료에 없음
서울 도시철도 9호선,지하철,고속터미널,,37.505933,127.004044,운영중,,,,전국도시철도역사정보표준데이터 (2026-06-30 기준),https://www.data.go.kr/data/15013205/standard.do,2026-09-03,서울특별시 서초구 신반포로 지하188 · 서울특별시 서울시메트로9호선㈜ · 개통월은 자료에 없음
서울 도시철도 9호선,지하철,사평,,37.504161,127.015219,운영중,,,,전국도시철도역사정보표준데이터 (2026-06-30 기준),https://www.data.go.kr/data/15013205/standard.do,2026-09-03,서울특별시 서초구 사평대로 지하285 · 서울특별시 서울시메트로9호선㈜ · 개통월은 자료에 없음
서울 도시철도 9호선,지하철,신논현,,37.504444,127.024417,운영중,,,,전국도시철도역사정보표준데이터 (2026-06-30 기준),https://www.data.go.kr/data/15013205/standard.do,2026-09-03,서울특별시 강남구 봉은사로 지하102 · 서울특별시 서울시메트로9호선㈜ · 개통월은 자료에 없음
우이신설선,지하철,북한산우이,,37.66284,127.01272,운영중,,,,전국도시철도역사정보표준데이터 (2026-06-30 기준),https://www.data.go.kr/data/15013205/standard.do,2026-09-03,서울특별시 강북구 삼양로 지하 676 · 우이신설경전철운영㈜ · 개통월은 자료에 없음
우이신설선,지하철,솔밭공원,,37.65607,127.01326,운영중,,,,전국도시철도역사정보표준데이터 (2026-06-30 기준),https://www.data.go.kr/data/15013205/standard.do,2026-09-03,서울특별시 강북구 삼양로 595 · 우이신설경전철운영㈜ · 개통월은 자료에 없음
우이신설선,지하철,4.19민주묘지,,37.64954,127.01371,운영중,,,,전국도시철도역사정보표준데이터 (2026-06-30 기준),https://www.data.go.kr/data/15013205/standard.do,2026-09-03,서울특별시 강북구 삼양로 519 · 우이신설경전철운영㈜ · 개통월은 자료에 없음
우이신설선,지하철,가오리,,37.64162,127.01681,운영중,,,,전국도시철도역사정보표준데이터 (2026-06-30 기준),https://www.data.go.kr/data/15013205/standard.do,2026-09-03,서울특별시 강북구 삼양로 426 · 우이신설경전철운영㈜ · 개통월은 자료에 없음
우이신설선,지하철,화계,,37.63428,127.0175,운영중,,,,전국도시철도역사정보표준데이터 (2026-06-30 기준),https://www.data.go.kr/data/15013205/standard.do,2026-09-03,서울특별시 강북구 삼양로 341 · 우이신설경전철운영㈜ · 개통월은 자료에 없음
우이신설선,지하철,삼양,,37.62706,127.01817,운영중,,,,전국도시철도역사정보표준데이터 (2026-06-30 기준),https://www.data.go.kr/data/15013205/standard.do,2026-09-03,서울특별시 강북구 삼양로 지하 259 · 우이신설경전철운영㈜ · 개통월은 자료에 없음
우이신설선,지하철,삼양사거리,,37.62144,127.02049,운영중,,,,전국도시철도역사정보표준데이터 (2026-06-30 기준),https://www.data.go.kr/data/15013205/standard.do,2026-09-03,서울특별시 강북구 삼양로 197 · 우이신설경전철운영㈜ · 개통월은 자료에 없음
우이신설선,지하철,솔샘,,37.62037,127.01357,운영중,,,,전국도시철도역사정보표준데이터 (2026-06-30 기준),https://www.data.go.kr/data/15013205/standard.do,2026-09-03,서울특별시 강북구 솔샘로 지하 189 · 우이신설경전철운영㈜ · 개통월은 자료에 없음
우이신설선,지하철,북한산보국문,,37.61233,127.00816,운영중,,,,전국도시철도역사정보표준데이터 (2026-06-30 기준),https://www.data.go.kr/data/15013205/standard.do,2026-09-03,서울특별시 성북구 보국문로 지하 88 · 우이신설경전철운영㈜ · 개통월은 자료에 없음
우이신설선,지하철,정릉,,37.60278,127.01345,운영중,,,,전국도시철도역사정보표준데이터 (2026-06-30 기준),https://www.data.go.kr/data/15013205/standard.do,2026-09-03,서울특별시 성북구 아리랑로 지하 122 · 우이신설경전철운영㈜ · 개통월은 자료에 없음
우이신설선,지하철,성신여대입구,,37.59247,127.01656,운영중,,,,전국도시철도역사정보표준데이터 (2026-06-30 기준),https://www.data.go.kr/data/15013205/standard.do,2026-09-03,서울특별시 성북구 동선동1가 116-1 · 우이신설경전철운영㈜ · 개통월은 자료에 없음
우이신설선,지하철,보문,,37.58551,127.01939,운영중,,,,전국도시철도역사정보표준데이터 (2026-06-30 기준),https://www.data.go.kr/data/15013205/standard.do,2026-09-03,서울특별시 성북구 보문동1가 127-6 · 우이신설경전철운영㈜ · 개통월은 자료에 없음
우이신설선,지하철,신설동,,37.57659,127.023221,운영중,,,,전국도시철도역사정보표준데이터 (2026-06-30 기준),https://www.data.go.kr/data/15013205/standard.do,2026-09-03,서울특별시 동대문구 신설동 132-259 · 우이신설경전철운영㈜ · 개통월은 자료에 없음
의정부,지하철,발곡,,37.726983,127.052889,운영중,,,,전국도시철도역사정보표준데이터 (2026-06-30 기준),https://www.data.go.kr/data/15013205/standard.do,2026-09-03,경기도 의정부시 장곡로 258 · 의정부경량전철㈜ · 개통월은 자료에 없음
의정부,지하철,회룡,,37.7250526,127.0467864,운영중,,,,전국도시철도역사정보표준데이터 (2026-06-30 기준),https://www.data.go.kr/data/15013205/standard.do,2026-09-03,경기도 의정부시 평화로 363 · 의정부경량전철㈜ · 개통월은 자료에 없음
의정부,지하철,범골,,37.7287279,127.0437202,운영중,,,,전국도시철도역사정보표준데이터 (2026-06-30 기준),https://www.data.go.kr/data/15013205/standard.do,2026-09-03,경기도 의정부시 신흥로 141 · 의정부경량전철㈜ · 개통월은 자료에 없음
의정부,지하철,경전철의정부,,37.7372997,127.043321,운영중,,,,전국도시철도역사정보표준데이터 (2026-06-30 기준),https://www.data.go.kr/data/15013205/standard.do,2026-09-03,경기도 의정부시 신흥로 237 · 의정부경량전철㈜ · 개통월은 자료에 없음
의정부,지하철,의정부시청,,37.7392487,127.034854,운영중,,,,전국도시철도역사정보표준데이터 (2026-06-30 기준),https://www.data.go.kr/data/15013205/standard.do,2026-09-03,경기도 의정부시 의정로 69 · 의정부경량전철㈜ · 개통월은 자료에 없음
의정부,지하철,흥선,,37.7432249,127.0371765,운영중,,,,전국도시철도역사정보표준데이터 (2026-06-30 기준),https://www.data.go.kr/data/15013205/standard.do,2026-09-03,경기도 의정부시 호국로 1197 · 의정부경량전철㈜ · 개통월은 자료에 없음
의정부,지하철,의정부중앙,,37.743719,127.0496332,운영중,,,,전국도시철도역사정보표준데이터 (2026-06-30 기준),https://www.data.go.kr/data/15013205/standard.do,2026-09-03,경기도 의정부시 호국로 1305 · 의정부경량전철㈜ · 개통월은 자료에 없음
의정부,지하철,동오,,37.7451912,127.05703,운영중,,,,전국도시철도역사정보표준데이터 (2026-06-30 기준),https://www.data.go.kr/data/15013205/standard.do,2026-09-03,경기도 의정부시 장곡로 471 · 의정부경량전철㈜ · 개통월은 자료에 없음
의정부,지하철,새말,,37.7488994,127.063869,운영중,,,,전국도시철도역사정보표준데이터 (2026-06-30 기준),https://www.data.go.kr/data/15013205/standard.do,2026-09-03,경기도 의정부시 장곡로 551 · 의정부경량전철㈜ · 개통월은 자료에 없음
의정부,지하철,경기도청북부청사,,37.7507321,127.0714795,운영중,,,,전국도시철도역사정보표준데이터 (2026-06-30 기준),https://www.data.go.kr/data/15013205/standard.do,2026-09-03,경기도 의정부시 장곡로 615 · 의정부경량전철㈜ · 개통월은 자료에 없음
의정부,지하철,효자,,37.7539845,127.0773155,운영중,,,,전국도시철도역사정보표준데이터 (2026-06-30 기준),https://www.data.go.kr/data/15013205/standard.do,2026-09-03,경기도 의정부시 부용로 159-40 · 의정부경량전철㈜ · 개통월은 자료에 없음
의정부,지하철,곤제,,37.7505434,127.0838651,운영중,,,,전국도시철도역사정보표준데이터 (2026-06-30 기준),https://www.data.go.kr/data/15013205/standard.do,2026-09-03,경기도 의정부시 천보로 173 · 의정부경량전철㈜ · 개통월은 자료에 없음
의정부,지하철,어룡,,37.7427218,127.0852045,운영중,,,,전국도시철도역사정보표준데이터 (2026-06-30 기준),https://www.data.go.kr/data/15013205/standard.do,2026-09-03,경기도 의정부시 충의로 125 · 의정부경량전철㈜ · 개통월은 자료에 없음
의정부,지하철,송산,,37.7371698,127.0872755,운영중,,,,전국도시철도역사정보표준데이터 (2026-06-30 기준),https://www.data.go.kr/data/15013205/standard.do,2026-09-03,경기도 의정부시 충의로 59 · 의정부경량전철㈜ · 개통월은 자료에 없음
의정부,지하철,탑석,,37.7335536,127.0889064,운영중,,,,전국도시철도역사정보표준데이터 (2026-06-30 기준),https://www.data.go.kr/data/15013205/standard.do,2026-09-03,경기도 의정부시 충의로 20 · 의정부경량전철㈜ · 개통월은 자료에 없음
자기부상철도,지하철,인천국제공항역,,37.447222,126.4525,운영중,,,,전국도시철도역사정보표준데이터 (2026-06-30 기준),https://www.data.go.kr/data/15013205/standard.do,2026-09-03,인천시 중구 공항로 271 · 인천광역시 인천국제공항공사 · 개통월은 자료에 없음
자기부상철도,지하철,장기주차장역,,37.44385,126.455671,운영중,,,,전국도시철도역사정보표준데이터 (2026-06-30 기준),https://www.data.go.kr/data/15013205/standard.do,2026-09-03,인천시 중구 공항로 271 · 인천광역시 인천국제공항공사 · 개통월은 자료에 없음
자기부상철도,지하철,합동청사역,,37.440519,126.458654,운영중,,,,전국도시철도역사정보표준데이터 (2026-06-30 기준),https://www.data.go.kr/data/15013205/standard.do,2026-09-03,인천시 중구 공항로 271 · 인천광역시 인천국제공항공사 · 개통월은 자료에 없음
자기부상철도,지하철,파라다이스시티역,,37.437217,126.459858,운영중,,,,전국도시철도역사정보표준데이터 (2026-06-30 기준),https://www.data.go.kr/data/15013205/standard.do,2026-09-03,인천시 중구 공항로 271 · 인천광역시 인천국제공항공사 · 개통월은 자료에 없음
자기부상철도,지하철,워터파크역,,37.429227,126.434183,운영중,,,,전국도시철도역사정보표준데이터 (2026-06-30 기준),https://www.data.go.kr/data/15013205/standard.do,2026-09-03,인천시 중구 공항로 271 · 인천광역시 인천국제공항공사 · 개통월은 자료에 없음
자기부상철도,지하철,용유역,,37.424805,126.423637,운영중,,,,전국도시철도역사정보표준데이터 (2026-06-30 기준),https://www.data.go.kr/data/15013205/standard.do,2026-09-03,인천시 중구 용유로 44 · 인천광역시 인천국제공항공사 · 개통월은 자료에 없음
인천지하철 1호선,지하철,검단호수공원,,37.6025,126.688056,운영중,,,,전국도시철도역사정보표준데이터 (2026-06-30 기준),https://www.data.go.kr/data/15013205/standard.do,2026-09-03,인천광역시 서구 불로동 608-16 · 인천교통공사 · 개통월은 자료에 없음
인천지하철 1호선,지하철,신검단중앙,,37.6026,126.698611,운영중,,,,전국도시철도역사정보표준데이터 (2026-06-30 기준),https://www.data.go.kr/data/15013205/standard.do,2026-09-03,인천광역시 서구 원당로652 · 인천교통공사 · 개통월은 자료에 없음
인천지하철 1호선,지하철,"아라(북부법원, 검찰청)",,37.592222,126.713333,운영중,,,,전국도시철도역사정보표준데이터 (2026-06-30 기준),https://www.data.go.kr/data/15013205/standard.do,2026-09-03,인천광역시 서구 당하동 1238 · 인천교통공사 · 개통월은 자료에 없음
인천지하철 1호선,지하철,계양,,37.571539,126.736319,운영중,,,,전국도시철도역사정보표준데이터 (2026-06-30 기준),https://www.data.go.kr/data/15013205/standard.do,2026-09-03,인천광역시 계양구 다남로 24 · 인천교통공사 · 개통월은 자료에 없음
인천지하철 1호선,지하철,귤현,,37.566362,126.742498,운영중,,,,전국도시철도역사정보표준데이터 (2026-06-30 기준),https://www.data.go.kr/data/15013205/standard.do,2026-09-03,인천광역시 계양구 장제로 1136 · 인천교통공사 · 개통월은 자료에 없음
인천지하철 1호선,지하철,박촌,,37.553525,126.744946,운영중,,,,전국도시철도역사정보표준데이터 (2026-06-30 기준),https://www.data.go.kr/data/15013205/standard.do,2026-09-03,인천광역시 계양구 장제로 992 · 인천교통공사 · 개통월은 자료에 없음
인천지하철 1호선,지하철,임학,,37.545058,126.738642,운영중,,,,전국도시철도역사정보표준데이터 (2026-06-30 기준),https://www.data.go.kr/data/15013205/standard.do,2026-09-03,인천광역시 계양구 장제로 875 · 인천교통공사 · 개통월은 자료에 없음
인천지하철 1호선,지하철,계산,,37.543243,126.728436,운영중,,,,전국도시철도역사정보표준데이터 (2026-06-30 기준),https://www.data.go.kr/data/15013205/standard.do,2026-09-03,인천광역시 계양구 경명대로 1089 · 인천교통공사 · 개통월은 자료에 없음
인천지하철 1호선,지하철,경인교대입구,,37.538272,126.722603,운영중,,,,전국도시철도역사정보표준데이터 (2026-06-30 기준),https://www.data.go.kr/data/15013205/standard.do,2026-09-03,인천광역시 계양구 계양대로 162 · 인천교통공사 · 개통월은 자료에 없음
인천지하철 1호선,지하철,작전,,37.530271,126.722548,운영중,,,,전국도시철도역사정보표준데이터 (2026-06-30 기준),https://www.data.go.kr/data/15013205/standard.do,2026-09-03,인천광역시 계양구 게양대로 73 · 인천교통공사 · 개통월은 자료에 없음
인천지하철 1호선,지하철,갈산,,37.517124,126.721566,운영중,,,,전국도시철도역사정보표준데이터 (2026-06-30 기준),https://www.data.go.kr/data/15013205/standard.do,2026-09-03,인천광역시 부평구 부평대로 286 · 인천교통공사 · 개통월은 자료에 없음
인천지하철 1호선,지하철,부평구청,,37.508768,126.720547,운영중,,,,전국도시철도역사정보표준데이터 (2026-06-30 기준),https://www.data.go.kr/data/15013205/standard.do,2026-09-03,인천광역시 부평구 부평대로 189 · 인천교통공사 · 개통월은 자료에 없음
인천지하철 1호선,지하철,부평시장,,37.498495,126.722282,운영중,,,,전국도시철도역사정보표준데이터 (2026-06-30 기준),https://www.data.go.kr/data/15013205/standard.do,2026-09-03,인천광역시 부평구 부평대로 69 · 인천교통공사 · 개통월은 자료에 없음
인천지하철 1호선,지하철,부평,,37.490541,126.723437,운영중,,,,전국도시철도역사정보표준데이터 (2026-06-30 기준),https://www.data.go.kr/data/15013205/standard.do,2026-09-03,인천광역시 부평구 광장로 15 · 인천교통공사 · 개통월은 자료에 없음
인천지하철 1호선,지하철,동수,,37.485409,126.718464,운영중,,,,전국도시철도역사정보표준데이터 (2026-06-30 기준),https://www.data.go.kr/data/15013205/standard.do,2026-09-03,인천광역시 부평구 경인로 877 · 인천교통공사 · 개통월은 자료에 없음
인천지하철 1호선,지하철,부평삼거리,,37.478267,126.710494,운영중,,,,전국도시철도역사정보표준데이터 (2026-06-30 기준),https://www.data.go.kr/data/15013205/standard.do,2026-09-03,인천광역시 부평구 경인로 765 · 인천교통공사 · 개통월은 자료에 없음
인천지하철 1호선,지하철,간석오거리,,37.466921,126.707861,운영중,,,,전국도시철도역사정보표준데이터 (2026-06-30 기준),https://www.data.go.kr/data/15013205/standard.do,2026-09-03,인천광역시 남동구 경인로 674 · 인천교통공사 · 개통월은 자료에 없음
인천지하철 1호선,지하철,인천시청,,37.457615,126.702216,운영중,,,,전국도시철도역사정보표준데이터 (2026-06-30 기준),https://www.data.go.kr/data/15013205/standard.do,2026-09-03,인천광역시 남동구 예술로 264 · 인천교통공사 · 개통월은 자료에 없음
인천지하철 1호선,지하철,예술회관,,37.449334,126.700991,운영중,,,,전국도시철도역사정보표준데이터 (2026-06-30 기준),https://www.data.go.kr/data/15013205/standard.do,2026-09-03,인천광역시 남동구 예술로 172 · 인천교통공사 · 개통월은 자료에 없음
인천지하철 1호선,지하철,인천터미널,,37.441917,126.699727,운영중,,,,전국도시철도역사정보표준데이터 (2026-06-30 기준),https://www.data.go.kr/data/15013205/standard.do,2026-09-03,인천광역시 미추홀구 예술로 85 · 인천교통공사 · 개통월은 자료에 없음
인천지하철 1호선,지하철,문학경기장,,37.434964,126.698373,운영중,,,,전국도시철도역사정보표준데이터 (2026-06-30 기준),https://www.data.go.kr/data/15013205/standard.do,2026-09-03,인천광역시 연수구 예술로 2 · 인천교통공사 · 개통월은 자료에 없음
인천지하철 1호선,지하철,선학,,37.426985,126.698872,운영중,,,,전국도시철도역사정보표준데이터 (2026-06-30 기준),https://www.data.go.kr/data/15013205/standard.do,2026-09-03,인천광역시 연수구 경원대로 480 · 인천교통공사 · 개통월은 자료에 없음
인천지하철 1호선,지하철,신연수,,37.418032,126.693853,운영중,,,,전국도시철도역사정보표준데이터 (2026-06-30 기준),https://www.data.go.kr/data/15013205/standard.do,2026-09-03,인천광역시 연수구 경원대로 368 · 인천교통공사 · 개통월은 자료에 없음
인천지하철 1호선,지하철,원인재,,37.412364,126.687893,운영중,,,,전국도시철도역사정보표준데이터 (2026-06-30 기준),https://www.data.go.kr/data/15013205/standard.do,2026-09-03,인천광역시 연수구 경원대로 285 · 인천교통공사 · 개통월은 자료에 없음
인천지하철 1호선,지하철,동춘,,37.404676,126.680835,운영중,,,,전국도시철도역사정보표준데이터 (2026-06-30 기준),https://www.data.go.kr/data/15013205/standard.do,2026-09-03,인천광역시 연수구 경원대로 180 · 인천교통공사 · 개통월은 자료에 없음
인천지하철 1호선,지하철,동막,,37.398173,126.673561,운영중,,,,전국도시철도역사정보표준데이터 (2026-06-30 기준),https://www.data.go.kr/data/15013205/standard.do,2026-09-03,인천광역시 연수구 경원대로 80 · 인천교통공사 · 개통월은 자료에 없음
인천지하철 1호선,지하철,캠퍼스타운,,37.388209,126.661985,운영중,,,,전국도시철도역사정보표준데이터 (2026-06-30 기준),https://www.data.go.kr/data/15013205/standard.do,2026-09-03,인천광역시 연수구 송도국제대로 66 · 인천교통공사 · 개통월은 자료에 없음
인천지하철 1호선,지하철,테크노파크,,37.382311,126.656355,운영중,,,,전국도시철도역사정보표준데이터 (2026-06-30 기준),https://www.data.go.kr/data/15013205/standard.do,2026-09-03,인천광역시 연수구 송도국제대로 150 · 인천교통공사 · 개통월은 자료에 없음
인천지하철 1호선,지하철,지식정보단지,,37.378021,126.645412,운영중,,,,전국도시철도역사정보표준데이터 (2026-06-30 기준),https://www.data.go.kr/data/15013205/standard.do,2026-09-03,인천광역시 연수구 인천타워대로 57 · 인천교통공사 · 개통월은 자료에 없음
인천지하철 1호선,지하철,인천대입구,,37.386239,126.639351,운영중,,,,전국도시철도역사정보표준데이터 (2026-06-30 기준),https://www.data.go.kr/data/15013205/standard.do,2026-09-03,인천광역시 연수구 인천타워대로 155 · 인천교통공사 · 개통월은 자료에 없음
인천지하철 1호선,지하철,센트럴파크,,37.392833,126.635002,운영중,,,,전국도시철도역사정보표준데이터 (2026-06-30 기준),https://www.data.go.kr/data/15013205/standard.do,2026-09-03,인천광역시 연수구 인천타워대로 240 · 인천교통공사 · 개통월은 자료에 없음
인천지하철 1호선,지하철,국제업무지구,,37.400421,126.630105,운영중,,,,전국도시철도역사정보표준데이터 (2026-06-30 기준),https://www.data.go.kr/data/15013205/standard.do,2026-09-03,인천광역시 연수구 인천타워대로 334 · 인천교통공사 · 개통월은 자료에 없음
인천지하철 1호선,지하철,송도달빛축제공원,,37.406875,126.6260537,운영중,,,,전국도시철도역사정보표준데이터 (2026-06-30 기준),https://www.data.go.kr/data/15013205/standard.do,2026-09-03,인천광역시 연수구 송도동 340 · 인천교통공사 · 개통월은 자료에 없음
인천지하철 2호선,지하철,검단오류,,37.5950162,126.62801,운영중,,,,전국도시철도역사정보표준데이터 (2026-06-30 기준),https://www.data.go.kr/data/15013205/standard.do,2026-09-03,인천광역시 서구 검단로 187 (오류동) · 인천교통공사 · 개통월은 자료에 없음
인천지하철 2호선,지하철,왕길,,37.5950191,126.642284,운영중,,,,전국도시철도역사정보표준데이터 (2026-06-30 기준),https://www.data.go.kr/data/15013205/standard.do,2026-09-03,인천광역시 서구 검단로 323 (왕길동) · 인천교통공사 · 개통월은 자료에 없음
인천지하철 2호선,지하철,검단사거리,,37.601693,126.656545,운영중,,,,전국도시철도역사정보표준데이터 (2026-06-30 기준),https://www.data.go.kr/data/15013205/standard.do,2026-09-03,인천광역시 서구 검단로 473 (왕길동) · 인천교통공사 · 개통월은 자료에 없음
인천지하철 2호선,지하철,마전,,37.597756,126.667195,운영중,,,,전국도시철도역사정보표준데이터 (2026-06-30 기준),https://www.data.go.kr/data/15013205/standard.do,2026-09-03,인천광역시 서구 완정로 68 (마전동) · 인천교통공사 · 개통월은 자료에 없음
인천지하철 2호선,지하철,완정,,37.592867,126.672961,운영중,,,,전국도시철도역사정보표준데이터 (2026-06-30 기준),https://www.data.go.kr/data/15013205/standard.do,2026-09-03,인천광역시 서구 원당대로 650 (당하동) · 인천교통공사 · 개통월은 자료에 없음
인천지하철 2호선,지하철,독정,,37.584927,126.675981,운영중,,,,전국도시철도역사정보표준데이터 (2026-06-30 기준),https://www.data.go.kr/data/15013205/standard.do,2026-09-03,인천광역시 서구 서곶로 760 (백석동) · 인천교통공사 · 개통월은 자료에 없음
인천지하철 2호선,지하철,검암,,37.568611,126.675682,운영중,,,,전국도시철도역사정보표준데이터 (2026-06-30 기준),https://www.data.go.kr/data/15013205/standard.do,2026-09-03,인천광역시 서구 검바위로 4 (검암동) · 인천교통공사 · 개통월은 자료에 없음
인천지하철 2호선,지하철,검바위,,37.561091,126.677529,운영중,,,,전국도시철도역사정보표준데이터 (2026-06-30 기준),https://www.data.go.kr/data/15013205/standard.do,2026-09-03,인천광역시 서구 서곶로 492 (검암동) · 인천교통공사 · 개통월은 자료에 없음
인천지하철 2호선,지하철,아시아드경기장,,37.551373,126.677075,운영중,,,,전국도시철도역사정보표준데이터 (2026-06-30 기준),https://www.data.go.kr/data/15013205/standard.do,2026-09-03,인천광역시 서구 서곶로 382 (연희동) · 인천교통공사 · 개통월은 자료에 없음
인천지하철 2호선,지하철,서구청,,37.543839,126.676795,운영중,,,,전국도시철도역사정보표준데이터 (2026-06-30 기준),https://www.data.go.kr/data/15013205/standard.do,2026-09-03,인천광역시 서구 서곶로 294 (심곡동) · 인천교통공사 · 개통월은 자료에 없음
인천지하철 2호선,지하철,가정(루원시티),,37.524805,126.675387,운영중,,,,전국도시철도역사정보표준데이터 (2026-06-30 기준),https://www.data.go.kr/data/15013205/standard.do,2026-09-03,인천광역시 서구 봉오대로 234 (가정동) · 인천교통공사 · 개통월은 자료에 없음
인천지하철 2호선,지하철,가정중앙시장,,37.517511,126.676784,운영중,,,,전국도시철도역사정보표준데이터 (2026-06-30 기준),https://www.data.go.kr/data/15013205/standard.do,2026-09-03,인천광역시 서구 가남로 400 (가정동) · 인천교통공사 · 개통월은 자료에 없음
인천지하철 2호선,지하철,석남(거북시장),,37.507211,126.676304,운영중,,,,전국도시철도역사정보표준데이터 (2026-06-30 기준),https://www.data.go.kr/data/15013205/standard.do,2026-09-03,인천광역시 서구 가석로 257 (석남동) · 인천교통공사 · 개통월은 자료에 없음
인천지하철 2호선,지하철,서부여성회관,,37.500298,126.675875,운영중,,,,전국도시철도역사정보표준데이터 (2026-06-30 기준),https://www.data.go.kr/data/15013205/standard.do,2026-09-03,인천광역시 서구 가석로 169 (석남동) · 인천교통공사 · 개통월은 자료에 없음
인천지하철 2호선,지하철,인천가좌,,37.489962,126.675284,운영중,,,,전국도시철도역사정보표준데이터 (2026-06-30 기준),https://www.data.go.kr/data/15013205/standard.do,2026-09-03,인천광역시 서구 가석로 67 (가좌동) · 인천교통공사 · 개통월은 자료에 없음
인천지하철 2호선,지하철,가재울,,37.484152,126.683883,운영중,,,,전국도시철도역사정보표준데이터 (2026-06-30 기준),https://www.data.go.kr/data/15013205/standard.do,2026-09-03,인천광역시 서구 열우물로 252 (가좌동) · 인천교통공사 · 개통월은 자료에 없음
인천지하철 2호선,지하철,주안국가산단,,37.473599,126.681102,운영중,,,,전국도시철도역사정보표준데이터 (2026-06-30 기준),https://www.data.go.kr/data/15013205/standard.do,2026-09-03,인천광역시 서구 방축로 343 (가좌동) · 인천교통공사 · 개통월은 자료에 없음
인천지하철 2호선,지하철,주안,,37.465234,126.679041,운영중,,,,전국도시철도역사정보표준데이터 (2026-06-30 기준),https://www.data.go.kr/data/15013205/standard.do,2026-09-03,인천광역시 미추홀구 주안로 지하 91-1 (주안동) · 인천교통공사 · 개통월은 자료에 없음
인천지하철 2호선,지하철,시민공원,,37.458339,126.6810091,운영중,,,,전국도시철도역사정보표준데이터 (2026-06-30 기준),https://www.data.go.kr/data/15013205/standard.do,2026-09-03,인천광역시 미추홀구 경인로 371 (주안동) · 인천교통공사 · 개통월은 자료에 없음
인천지하철 2호선,지하철,석바위시장,,37.457659,126.692387,운영중,,,,전국도시철도역사정보표준데이터 (2026-06-30 기준),https://www.data.go.kr/data/15013205/standard.do,2026-09-03,인천광역시 미추홀구 구월로 19 (주안동) · 인천교통공사 · 개통월은 자료에 없음
인천지하철 2호선,지하철,인천시청,,37.456904,126.701523,운영중,,,,전국도시철도역사정보표준데이터 (2026-06-30 기준),https://www.data.go.kr/data/15013205/standard.do,2026-09-03,인천광역시 남동구 구월로 지하 99 (간석동) · 인천교통공사 · 개통월은 자료에 없음
인천지하철 2호선,지하철,석천사거리,,37.4569323,126.710383,운영중,,,,전국도시철도역사정보표준데이터 (2026-06-30 기준),https://www.data.go.kr/data/15013205/standard.do,2026-09-03,인천광역시 남동구 구월로 지하 181 (구월동) · 인천교통공사 · 개통월은 자료에 없음
인천지하철 2호선,지하철,모래내시장,,37.455842,126.719578,운영중,,,,전국도시철도역사정보표준데이터 (2026-06-30 기준),https://www.data.go.kr/data/15013205/standard.do,2026-09-03,인천광역시 남동구 구월로 지하 255 (구월동) · 인천교통공사 · 개통월은 자료에 없음
인천지하철 2호선,지하철,만수,,37.454962,126.731764,운영중,,,,전국도시철도역사정보표준데이터 (2026-06-30 기준),https://www.data.go.kr/data/15013205/standard.do,2026-09-03,인천광역시 남동구 구월로 지하 367 (만수동) · 인천교통공사 · 개통월은 자료에 없음
인천지하철 2호선,지하철,남동구청,,37.448179,126.736581,운영중,,,,전국도시철도역사정보표준데이터 (2026-06-30 기준),https://www.data.go.kr/data/15013205/standard.do,2026-09-03,인천광역시 남동구 인주대로 지하 889 (만수동) · 인천교통공사 · 개통월은 자료에 없음
인천지하철 2호선,지하철,인천대공원,,37.448475,126.753051,운영중,,,,전국도시철도역사정보표준데이터 (2026-06-30 기준),https://www.data.go.kr/data/15013205/standard.do,2026-09-03,인천광역시 남동구 수인로 3677 (장수동) · 인천교통공사 · 개통월은 자료에 없음
인천지하철 2호선,지하철,운연,,37.439533,126.759609,운영중,,,,전국도시철도역사정보표준데이터 (2026-06-30 기준),https://www.data.go.kr/data/15013205/standard.do,2026-09-03,인천광역시 남동구 매소홀로 1229 (운연동) · 인천교통공사 · 개통월은 자료에 없음
도시철도 7호선,지하철,까치울,,37.506236,126.81095,운영중,,,,전국도시철도역사정보표준데이터 (2026-06-30 기준),https://www.data.go.kr/data/15013205/standard.do,2026-09-03,경기도 부천시 원미구 길주로 지하 626 (춘의동) · 인천교통공사 · 개통월은 자료에 없음
도시철도 7호선,지하철,부천종합운동장,,37.505381,126.79735,운영중,,,,전국도시철도역사정보표준데이터 (2026-06-30 기준),https://www.data.go.kr/data/15013205/standard.do,2026-09-03,경기도 부천시 원미구 길주로 지하 502 (춘의동) · 인천교통공사 · 개통월은 자료에 없음
도시철도 7호선,지하철,춘의,,37.50365,126.787069,운영중,,,,전국도시철도역사정보표준데이터 (2026-06-30 기준),https://www.data.go.kr/data/15013205/standard.do,2026-09-03,경기도 부천시 원미구 길주로 지하 406 (춘의동) · 인천교통공사 · 개통월은 자료에 없음
도시철도 7호선,지하철,신중동,,37.503081,126.776161,운영중,,,,전국도시철도역사정보표준데이터 (2026-06-30 기준),https://www.data.go.kr/data/15013205/standard.do,2026-09-03,경기도 부천시 원미구 길주로 지하 314 (중동) · 인천교통공사 · 개통월은 자료에 없음
도시철도 7호선,지하철,부천시청,,37.504611,126.763561,운영중,,,,전국도시철도역사정보표준데이터 (2026-06-30 기준),https://www.data.go.kr/data/15013205/standard.do,2026-09-03,경기도 부천시 원미구 길주로 지하 202 (중동) · 인천교통공사 · 개통월은 자료에 없음
도시철도 7호선,지하철,상동,,37.505769,126.753081,운영중,,,,전국도시철도역사정보표준데이터 (2026-06-30 기준),https://www.data.go.kr/data/15013205/standard.do,2026-09-03,경기도 부천시 원미구 길주로 지하 104 (상동) · 인천교통공사 · 개통월은 자료에 없음
도시철도 7호선,지하철,삼산체육관,,37.506431,126.742081,운영중,,,,전국도시철도역사정보표준데이터 (2026-06-30 기준),https://www.data.go.kr/data/15013205/standard.do,2026-09-03,인천광역시 부평구 길주로 지하 713 (삼산동) · 인천교통공사 · 개통월은 자료에 없음
도시철도 7호선,지하철,굴포천,,37.50695,126.731481,운영중,,,,전국도시철도역사정보표준데이터 (2026-06-30 기준),https://www.data.go.kr/data/15013205/standard.do,2026-09-03,인천광역시 부평구 길주로 지하 623 (삼산동) · 인천교통공사 · 개통월은 자료에 없음
도시철도 7호선,지하철,부평구청,,37.507523,126.721356,운영중,,,,전국도시철도역사정보표준데이터 (2026-06-30 기준),https://www.data.go.kr/data/15013205/standard.do,2026-09-03,인천광역시 부평구 길주로 지하 527 (갈산동) · 인천교통공사 · 개통월은 자료에 없음
도시철도 7호선,지하철,산곡,,37.508547,126.70351,운영중,,,,전국도시철도역사정보표준데이터 (2026-06-30 기준),https://www.data.go.kr/data/15013205/standard.do,2026-09-03,인천광역시 부평구 길주로 지하 379 (산곡동) · 인천교통공사 · 개통월은 자료에 없음
도시철도 7호선,지하철,석남(거북시장),,37.506208,126.676213,운영중,,,,전국도시철도역사정보표준데이터 (2026-06-30 기준),https://www.data.go.kr/data/15013205/standard.do,2026-09-03,인천광역시 서구 길주로 지하 120 (석남동) · 인천교통공사 · 개통월은 자료에 없음
경부선,지하철,남영역,,37.540597,126.971171,운영중,,,,전국도시철도역사정보표준데이터 (2026-06-30 기준),https://www.data.go.kr/data/15013205/standard.do,2026-09-03,서울시 용산구 한강대로 77길 25(갈월동) · 한국철도공사 · 개통월은 자료에 없음
경부선,지하철,용산역,,37.52989,126.964775,운영중,,,,전국도시철도역사정보표준데이터 (2026-06-30 기준),https://www.data.go.kr/data/15013205/standard.do,2026-09-03,서울시 용산구 한강대로 23길 55(한강로 3가 40-999) · 한국철도공사 · 개통월은 자료에 없음
경원선,지하철,용산역,,37.52989,126.964775,운영중,,,,전국도시철도역사정보표준데이터 (2026-06-30 기준),https://www.data.go.kr/data/15013205/standard.do,2026-09-03,서울시 용산구 한강대로 23길 55(한강로 3가 40-999) · 한국철도공사 · 개통월은 자료에 없음
경부선,지하철,노량진역,,37.514072,126.941671,운영중,,,,전국도시철도역사정보표준데이터 (2026-06-30 기준),https://www.data.go.kr/data/15013205/standard.do,2026-09-03,서울시 동작구 노량진로 151 · 한국철도공사 · 개통월은 자료에 없음
경부선,지하철,대방역,,37.513392,126.926407,운영중,,,,전국도시철도역사정보표준데이터 (2026-06-30 기준),https://www.data.go.kr/data/15013205/standard.do,2026-09-03,서울시 영등포구 여의대방로 300 · 한국철도공사 · 개통월은 자료에 없음
경부선,지하철,영등포역,,37.515756,126.907411,운영중,,,,전국도시철도역사정보표준데이터 (2026-06-30 기준),https://www.data.go.kr/data/15013205/standard.do,2026-09-03,서울시 영등포구 경인로 846(영등포동 1가 618-496) · 한국철도공사 · 개통월은 자료에 없음
경부선,지하철,신도림역,,37.508983,126.891513,운영중,,,,전국도시철도역사정보표준데이터 (2026-06-30 기준),https://www.data.go.kr/data/15013205/standard.do,2026-09-03,서울시 구로구 새말로 117-21 · 한국철도공사 · 개통월은 자료에 없음
경원선,지하철,이촌역,,37.522476,126.973816,운영중,,,,전국도시철도역사정보표준데이터 (2026-06-30 기준),https://www.data.go.kr/data/15013205/standard.do,2026-09-03,서울시 용산구 이촌로 71길 42 · 한국철도공사 · 개통월은 자료에 없음
경원선,지하철,서빙고역,,37.51961,126.988358,운영중,,,,전국도시철도역사정보표준데이터 (2026-06-30 기준),https://www.data.go.kr/data/15013205/standard.do,2026-09-03,서울시 용산구 서빙고로 238(서빙고동 241-11) · 한국철도공사 · 개통월은 자료에 없음
경원선,지하철,한남역,,37.529361,127.008984,운영중,,,,전국도시철도역사정보표준데이터 (2026-06-30 기준),https://www.data.go.kr/data/15013205/standard.do,2026-09-03,서울시 용산구 독서당로6길 12-13(한남동) · 한국철도공사 · 개통월은 자료에 없음
경원선,지하철,옥수역,,37.540514,127.018698,운영중,,,,전국도시철도역사정보표준데이터 (2026-06-30 기준),https://www.data.go.kr/data/15013205/standard.do,2026-09-03,서울시 성동구 동호로 지하21(옥수동) · 한국철도공사 · 개통월은 자료에 없음
경원선,지하철,응봉역,,37.550433,127.034824,운영중,,,,전국도시철도역사정보표준데이터 (2026-06-30 기준),https://www.data.go.kr/data/15013205/standard.do,2026-09-03,서울시 성동구 고산자로 123(응봉동) · 한국철도공사 · 개통월은 자료에 없음
경원선,지하철,왕십리역,,37.561728,127.038405,운영중,,,,전국도시철도역사정보표준데이터 (2026-06-30 기준),https://www.data.go.kr/data/15013205/standard.do,2026-09-03,서울시 성동구 왕십리 광장로 17(행당동) · 한국철도공사 · 개통월은 자료에 없음
분당선,지하철,왕십리역,,37.5610128,127.038705,운영중,,,,전국도시철도역사정보표준데이터 (2026-06-30 기준),https://www.data.go.kr/data/15013205/standard.do,2026-09-03,서울시 성동구 왕십리 광장로 17(행당동) · 한국철도공사 · 개통월은 자료에 없음
경원선,지하철,청량리역,,37.580543,127.048077,운영중,,,,전국도시철도역사정보표준데이터 (2026-06-30 기준),https://www.data.go.kr/data/15013205/standard.do,2026-09-03,서울시 동대문구 왕산로 214 · 한국철도공사 · 개통월은 자료에 없음
경의중앙선,지하철,청량리역,,37.580043,127.047588,운영중,,,,전국도시철도역사정보표준데이터 (2026-06-30 기준),https://www.data.go.kr/data/15013205/standard.do,2026-09-03,서울시 동대문구 왕산로 214 · 한국철도공사 · 개통월은 자료에 없음
경원선,지하철,회기역,,37.589602,127.057936,운영중,,,,전국도시철도역사정보표준데이터 (2026-06-30 기준),https://www.data.go.kr/data/15013205/standard.do,2026-09-03,서울시 동대문구 회기로196(휘경동 317-101) · 한국철도공사 · 개통월은 자료에 없음
경의중앙선,지하철,회기역,,37.589802,127.057936,운영중,,,,전국도시철도역사정보표준데이터 (2026-06-30 기준),https://www.data.go.kr/data/15013205/standard.do,2026-09-03,서울시 동대문구 회기로196(휘경동 317-101) · 한국철도공사 · 개통월은 자료에 없음
경원선,지하철,외대앞역,,37.596157,127.063572,운영중,,,,전국도시철도역사정보표준데이터 (2026-06-30 기준),https://www.data.go.kr/data/15013205/standard.do,2026-09-03,서울시 동대문구 휘경로 27(이문동 360-5) · 한국철도공사 · 개통월은 자료에 없음
경원선,지하철,신이문역,,37.601829,127.067347,운영중,,,,전국도시철도역사정보표준데이터 (2026-06-30 기준),https://www.data.go.kr/data/15013205/standard.do,2026-09-03,서울시 동대문구 한천로 472(이문로 7) · 한국철도공사 · 개통월은 자료에 없음
경원선,지하철,석계역,,37.615206,127.065594,운영중,,,,전국도시철도역사정보표준데이터 (2026-06-30 기준),https://www.data.go.kr/data/15013205/standard.do,2026-09-03,서울시 노원구 화랑로 341(월계동 36-4) · 한국철도공사 · 개통월은 자료에 없음
경원선,지하철,광운대역,,37.62357,127.06181,운영중,,,,전국도시철도역사정보표준데이터 (2026-06-30 기준),https://www.data.go.kr/data/15013205/standard.do,2026-09-03,서울시 노원구 석계로 98-2(광운대역) · 한국철도공사 · 개통월은 자료에 없음
경의중앙선,지하철,광운대역,,37.6239,127.062,운영중,,,,전국도시철도역사정보표준데이터 (2026-06-30 기준),https://www.data.go.kr/data/15013205/standard.do,2026-09-03,서울시 노원구 석계로 98-2(광운대역) · 한국철도공사 · 개통월은 자료에 없음
경춘선,지하철,광운대역,,37.623635,127.061975,운영중,,,,전국도시철도역사정보표준데이터 (2026-06-30 기준),https://www.data.go.kr/data/15013205/standard.do,2026-09-03,서울시 노원구 석계로 98-2(광운대역) · 한국철도공사 · 개통월은 자료에 없음
경원선,지하철,월계역,,37.633114,127.058835,운영중,,,,전국도시철도역사정보표준데이터 (2026-06-30 기준),https://www.data.go.kr/data/15013205/standard.do,2026-09-03,서울시 노원구 월계로 53길 40(월계2동 261) · 한국철도공사 · 개통월은 자료에 없음
경원선,지하철,녹천역,,37.644599,127.051406,운영중,,,,전국도시철도역사정보표준데이터 (2026-06-30 기준),https://www.data.go.kr/data/15013205/standard.do,2026-09-03,서울시 도봉구 덕릉로 376(창동) · 한국철도공사 · 개통월은 자료에 없음
경원선,지하철,창동역,,37.653181,127.047663,운영중,,,,전국도시철도역사정보표준데이터 (2026-06-30 기준),https://www.data.go.kr/data/15013205/standard.do,2026-09-03,서울시 도봉구 마들로 11길 77(창1동 135-86) · 한국철도공사 · 개통월은 자료에 없음
분당선,지하철,선릉역,,37.504479,127.048941,운영중,,,,전국도시철도역사정보표준데이터 (2026-06-30 기준),https://www.data.go.kr/data/15013205/standard.do,2026-09-03,서울시 강남구 테헤란로 지하 340 · 한국철도공사 · 개통월은 자료에 없음
분당선,지하철,한티역,,37.496208,127.052883,운영중,,,,전국도시철도역사정보표준데이터 (2026-06-30 기준),https://www.data.go.kr/data/15013205/standard.do,2026-09-03,서울시 강남구 선릉로 지하 228 · 한국철도공사 · 개통월은 자료에 없음
분당선,지하철,도곡역,,37.490914,127.055393,운영중,,,,전국도시철도역사정보표준데이터 (2026-06-30 기준),https://www.data.go.kr/data/15013205/standard.do,2026-09-03,서울시 강남구 남부순환로 지하 2814 · 한국철도공사 · 개통월은 자료에 없음
분당선,지하철,구룡역,,37.486985,127.059496,운영중,,,,전국도시철도역사정보표준데이터 (2026-06-30 기준),https://www.data.go.kr/data/15013205/standard.do,2026-09-03,서울시 강남구 개포동 175-3 · 한국철도공사 · 개통월은 자료에 없음
분당선,지하철,개포동역,,37.489112,127.066027,운영중,,,,전국도시철도역사정보표준데이터 (2026-06-30 기준),https://www.data.go.kr/data/15013205/standard.do,2026-09-03,서울시 강남구 개포동 지하 420(개포동) · 한국철도공사 · 개통월은 자료에 없음
분당선,지하철,대모산입구역,,37.491347,127.072702,운영중,,,,전국도시철도역사정보표준데이터 (2026-06-30 기준),https://www.data.go.kr/data/15013205/standard.do,2026-09-03,서울특별시 강남구 개포로 522 · 한국철도공사 · 개통월은 자료에 없음
분당선,지하철,수서역,,37.487633,127.101118,운영중,,,,전국도시철도역사정보표준데이터 (2026-06-30 기준),https://www.data.go.kr/data/15013205/standard.do,2026-09-03,서울시 강남구 광평로 지하 270(수서동) · 한국철도공사 · 개통월은 자료에 없음
분당선,지하철,복정역,,37.469753,127.126627,운영중,,,,전국도시철도역사정보표준데이터 (2026-06-30 기준),https://www.data.go.kr/data/15013205/standard.do,2026-09-03,서울특별시 송파구 송파대로 6 · 한국철도공사 · 개통월은 자료에 없음
경부선,지하철,신길역,,37.517018,126.917743,운영중,,,,전국도시철도역사정보표준데이터 (2026-06-30 기준),https://www.data.go.kr/data/15013205/standard.do,2026-09-03,서울시 영등포구 영등포로 327 · 한국철도공사 · 개통월은 자료에 없음
경의중앙선,지하철,중랑역,,37.594948,127.076152,운영중,,,,전국도시철도역사정보표준데이터 (2026-06-30 기준),https://www.data.go.kr/data/15013205/standard.do,2026-09-03,서울특별시 중랑구 중랑역로 9 · 한국철도공사 · 개통월은 자료에 없음
경춘선,지하철,중랑역,,37.594948,127.076152,운영중,,,,전국도시철도역사정보표준데이터 (2026-06-30 기준),https://www.data.go.kr/data/15013205/standard.do,2026-09-03,서울특별시 중랑구 중랑역로 9 · 한국철도공사 · 개통월은 자료에 없음
경의중앙선,지하철,상봉역,,37.596754,127.085553,운영중,,,,전국도시철도역사정보표준데이터 (2026-06-30 기준),https://www.data.go.kr/data/15013205/standard.do,2026-09-03,서울시 중랑구 망우로 297(상봉1동 100-9번지) · 한국철도공사 · 개통월은 자료에 없음
경춘선,지하철,상봉역,,37.595254,127.085853,운영중,,,,전국도시철도역사정보표준데이터 (2026-06-30 기준),https://www.data.go.kr/data/15013205/standard.do,2026-09-03,서울시 중랑구 망우로 297(상봉1동 100-9번지) · 한국철도공사 · 개통월은 자료에 없음
경의중앙선,지하철,망우역,,37.599288,127.092318,운영중,,,,전국도시철도역사정보표준데이터 (2026-06-30 기준),https://www.data.go.kr/data/15013205/standard.do,2026-09-03,서울시 중랑구 망우로 55길 11-10 · 한국철도공사 · 개통월은 자료에 없음
경춘선,지하철,망우역,,37.599988,127.092031,운영중,,,,전국도시철도역사정보표준데이터 (2026-06-30 기준),https://www.data.go.kr/data/15013205/standard.do,2026-09-03,서울시 중랑구 망우로 55길 11-10 · 한국철도공사 · 개통월은 자료에 없음
경의중앙선,지하철,양원역,,36.963729,129.091321,운영중,,,,전국도시철도역사정보표준데이터 (2026-06-30 기준),https://www.data.go.kr/data/15013205/standard.do,2026-09-03,서울시 중랑구 송림길 147(망우동) · 한국철도공사 · 개통월은 자료에 없음
경의중앙선,지하철,구리역,,37.60326,127.143373,운영중,,,,전국도시철도역사정보표준데이터 (2026-06-30 기준),https://www.data.go.kr/data/15013205/standard.do,2026-09-03,경기도 구리시 건원대로 34번길 32-29(인창동 244-2) · 한국철도공사 · 개통월은 자료에 없음
경의중앙선,지하철,도농역,,37.608756,127.161105,운영중,,,,전국도시철도역사정보표준데이터 (2026-06-30 기준),https://www.data.go.kr/data/15013205/standard.do,2026-09-03,경기도 남양주시 경춘로 433(도농동 56-1) · 한국철도공사 · 개통월은 자료에 없음
경의중앙선,지하철,양정역,,37.604269,127.194602,운영중,,,,전국도시철도역사정보표준데이터 (2026-06-30 기준),https://www.data.go.kr/data/15013205/standard.do,2026-09-03,경기도 남양주시 경강로 237(이패동 398-32) · 한국철도공사 · 개통월은 자료에 없음
경의중앙선,지하철,덕소역,,37.586892,127.208835,운영중,,,,전국도시철도역사정보표준데이터 (2026-06-30 기준),https://www.data.go.kr/data/15013205/standard.do,2026-09-03,경기도 남양주시 와부읍 덕서로 56(덕소리 590-17) · 한국철도공사 · 개통월은 자료에 없음
경의중앙선,지하철,도심역,,37.579628,127.222798,운영중,,,,전국도시철도역사정보표준데이터 (2026-06-30 기준),https://www.data.go.kr/data/15013205/standard.do,2026-09-03,경기도 남양주시 와부읍 덕소로 237(도곡리 1024-2) · 한국철도공사 · 개통월은 자료에 없음
경의중앙선,지하철,팔당역,,37.547321,127.243896,운영중,,,,전국도시철도역사정보표준데이터 (2026-06-30 기준),https://www.data.go.kr/data/15013205/standard.do,2026-09-03,경기도 남양주시 와부읍 팔당로 107번길 · 한국철도공사 · 개통월은 자료에 없음
경의중앙선,지하철,운길산역,,37.554659,127.310089,운영중,,,,전국도시철도역사정보표준데이터 (2026-06-30 기준),https://www.data.go.kr/data/15013205/standard.do,2026-09-03,경기도 남양주시 조안면 운길산로 20 · 한국철도공사 · 개통월은 자료에 없음
경의중앙선,지하철,양수역,,37.545998,127.328948,운영중,,,,전국도시철도역사정보표준데이터 (2026-06-30 기준),https://www.data.go.kr/data/15013205/standard.do,2026-09-03,경기도 양평군 양서면 목왕로 55-10 · 한국철도공사 · 개통월은 자료에 없음
경의중앙선,지하철,신원역,,37.525921,127.372745,운영중,,,,전국도시철도역사정보표준데이터 (2026-06-30 기준),https://www.data.go.kr/data/15013205/standard.do,2026-09-03,경기도 양평군 양서면 신원역길 7  _x000D_ · 한국철도공사 · 개통월은 자료에 없음
경의중앙선,지하철,국수역,,37.516171,127.399402,운영중,,,,전국도시철도역사정보표준데이터 (2026-06-30 기준),https://www.data.go.kr/data/15013205/standard.do,2026-09-03,경기도 양평군 양서면 국수역길 45 · 한국철도공사 · 개통월은 자료에 없음
경의중앙선,지하철,아신역,,37.513954,127.443238,운영중,,,,전국도시철도역사정보표준데이터 (2026-06-30 기준),https://www.data.go.kr/data/15013205/standard.do,2026-09-03,경기도 양평군 옥천면 아신역길 1길 23-3 · 한국철도공사 · 개통월은 자료에 없음
경의중앙선,지하철,오빈역,,37.506061,127.474053,운영중,,,,전국도시철도역사정보표준데이터 (2026-06-30 기준),https://www.data.go.kr/data/15013205/standard.do,2026-09-03,경기도 양평군 양평읍 덕바위길 58 · 한국철도공사 · 개통월은 자료에 없음
경의중앙선,지하철,양평역,,37.492674,127.491858,운영중,,,,전국도시철도역사정보표준데이터 (2026-06-30 기준),https://www.data.go.kr/data/15013205/standard.do,2026-09-03,경기도 양평군 양평읍 역전길 30 · 한국철도공사 · 개통월은 자료에 없음
경의중앙선,지하철,원덕역,,37.468585,127.547468,운영중,,,,전국도시철도역사정보표준데이터 (2026-06-30 기준),https://www.data.go.kr/data/15013205/standard.do,2026-09-03,경기도 양평군 양평읍 원덕흑천길 138 · 한국철도공사 · 개통월은 자료에 없음
경의중앙선,지하철,용문역,,37.482085,127.594251,운영중,,,,전국도시철도역사정보표준데이터 (2026-06-30 기준),https://www.data.go.kr/data/15013205/standard.do,2026-09-03,경기도 양평군 용문면 다문리 748-2 · 한국철도공사 · 개통월은 자료에 없음
경의중앙선,지하철,지평역,,37.476496,127.629681,운영중,,,,전국도시철도역사정보표준데이터 (2026-06-30 기준),https://www.data.go.kr/data/15013205/standard.do,2026-09-03,경기도 양평군 지평면 지평역길 32 · 한국철도공사 · 개통월은 자료에 없음
경의중앙선,지하철,서울역(경의선),,37.556713,126.971387,운영중,,,,전국도시철도역사정보표준데이터 (2026-06-30 기준),https://www.data.go.kr/data/15013205/standard.do,2026-09-03,서울시 중구 한강대로 405 · 한국철도공사 · 개통월은 자료에 없음
경의중앙선,지하철,신촌역,,37.559768,126.942308,운영중,,,,전국도시철도역사정보표준데이터 (2026-06-30 기준),https://www.data.go.kr/data/15013205/standard.do,2026-09-03,서울특별시 서대문구 신촌역로 30 신촌민자역사 · 한국철도공사 · 개통월은 자료에 없음
경의중앙선,지하철,효창공원앞역,,37.538789,126.962339,운영중,,,,전국도시철도역사정보표준데이터 (2026-06-30 기준),https://www.data.go.kr/data/15013205/standard.do,2026-09-03,서울시 용산구 용문동 5-157 · 한국철도공사 · 개통월은 자료에 없음
경의중앙선,지하철,공덕역,,37.542711,126.952134,운영중,,,,전국도시철도역사정보표준데이터 (2026-06-30 기준),https://www.data.go.kr/data/15013205/standard.do,2026-09-03,서울시 마포구 공덕동 마포대로 92 · 한국철도공사 · 개통월은 자료에 없음
경의중앙선,지하철,서강대역,,37.552132,126.935389,운영중,,,,전국도시철도역사정보표준데이터 (2026-06-30 기준),https://www.data.go.kr/data/15013205/standard.do,2026-09-03,서울시 마포구 서강로 지하 118 · 한국철도공사 · 개통월은 자료에 없음
경의중앙선,지하철,홍대입구역,,37.55758,126.926833,운영중,,,,전국도시철도역사정보표준데이터 (2026-06-30 기준),https://www.data.go.kr/data/15013205/standard.do,2026-09-03,서울시 마포구 양화로 지하 188 · 한국철도공사 · 개통월은 자료에 없음
경의중앙선,지하철,가좌역,,37.568611,126.914841,운영중,,,,전국도시철도역사정보표준데이터 (2026-06-30 기준),https://www.data.go.kr/data/15013205/standard.do,2026-09-03,서울시 서대문구 수색로 27(남가좌동) · 한국철도공사 · 개통월은 자료에 없음
경의중앙선,지하철,디지털미디어시티역,,37.577964,126.900421,운영중,,,,전국도시철도역사정보표준데이터 (2026-06-30 기준),https://www.data.go.kr/data/15013205/standard.do,2026-09-03,서울시 은평구 수색로 193(수색동 37-2) · 한국철도공사 · 개통월은 자료에 없음
경의중앙선,지하철,수색역,,37.580855,126.895681,운영중,,,,전국도시철도역사정보표준데이터 (2026-06-30 기준),https://www.data.go.kr/data/15013205/standard.do,2026-09-03,서울시 은평구 수색로 261-1 · 한국철도공사 · 개통월은 자료에 없음
경의중앙선,지하철,한국항공대,,37.603102,126.868291,운영중,,,,전국도시철도역사정보표준데이터 (2026-06-30 기준),https://www.data.go.kr/data/15013205/standard.do,2026-09-03,경기도 고양시 덕양구 화랑로 53(화전동 183-10) · 한국철도공사 · 개통월은 자료에 없음
경의중앙선,지하철,강매역,,37.612396,126.844537,운영중,,,,전국도시철도역사정보표준데이터 (2026-06-30 기준),https://www.data.go.kr/data/15013205/standard.do,2026-09-03,경기도 고양시 덕양구 소원로 202 · 한국철도공사 · 개통월은 자료에 없음
경의중앙선,지하철,행신역,,37.612125,126.834063,운영중,,,,전국도시철도역사정보표준데이터 (2026-06-30 기준),https://www.data.go.kr/data/15013205/standard.do,2026-09-03,경기도 고양시 덕양구 행신동 충경로 124번지(행신2동 812) · 한국철도공사 · 개통월은 자료에 없음
경의중앙선,지하철,능곡역,,37.618741,126.82089,운영중,,,,전국도시철도역사정보표준데이터 (2026-06-30 기준),https://www.data.go.kr/data/15013205/standard.do,2026-09-03,경기도 고양시 덕양구 토당로 35(토당동 454-3) · 한국철도공사 · 개통월은 자료에 없음
서해선,지하철,능곡역,,37.618741,126.8206,운영중,,,,전국도시철도역사정보표준데이터 (2026-06-30 기준),https://www.data.go.kr/data/15013205/standard.do,2026-09-03,경기도 고양시 덕양구 토당로 35(토당동 454-3) · 한국철도공사 · 개통월은 자료에 없음
경의중앙선,지하철,곡산역,,37.645729,126.801877,운영중,,,,전국도시철도역사정보표준데이터 (2026-06-30 기준),https://www.data.go.kr/data/15013205/standard.do,2026-09-03,경기도 고양시 일산동구 경의로 160(백석동) · 한국철도공사 · 개통월은 자료에 없음
서해선,지하철,곡산역,,37.645729,126.801877,운영중,,,,전국도시철도역사정보표준데이터 (2026-06-30 기준),https://www.data.go.kr/data/15013205/standard.do,2026-09-03,경기도 고양시 일산동구 경의로 160(백석동) · 한국철도공사 · 개통월은 자료에 없음
경의중앙선,지하철,백마역,,37.658346,126.794401,운영중,,,,전국도시철도역사정보표준데이터 (2026-06-30 기준),https://www.data.go.kr/data/15013205/standard.do,2026-09-03,경기도 고양시 일산동구 경의로 318(풍동 482-8) · 한국철도공사 · 개통월은 자료에 없음
서해선,지하철,백마역,,37.658346,126.794401,운영중,,,,전국도시철도역사정보표준데이터 (2026-06-30 기준),https://www.data.go.kr/data/15013205/standard.do,2026-09-03,경기도 고양시 일산동구 경의로 318(풍동 482-8) · 한국철도공사 · 개통월은 자료에 없음
경의중앙선,지하철,풍산역,,37.672173,126.786355,운영중,,,,전국도시철도역사정보표준데이터 (2026-06-30 기준),https://www.data.go.kr/data/15013205/standard.do,2026-09-03,경기도 고양시 일산동구 경의로 486(풍동) · 한국철도공사 · 개통월은 자료에 없음
서해선,지하철,풍산역,,37.672173,126.786355,운영중,,,,전국도시철도역사정보표준데이터 (2026-06-30 기준),https://www.data.go.kr/data/15013205/standard.do,2026-09-03,경기도 고양시 일산동구 경의로 486(풍동) · 한국철도공사 · 개통월은 자료에 없음
경의중앙선,지하철,일산역,,37.682231,126.769521,운영중,,,,전국도시철도역사정보표준데이터 (2026-06-30 기준),https://www.data.go.kr/data/15013205/standard.do,2026-09-03,경기도 고양시 일산서구 경의로 672 · 한국철도공사 · 개통월은 자료에 없음
서해선,지하철,일산역,,37.682231,126.769521,운영중,,,,전국도시철도역사정보표준데이터 (2026-06-30 기준),https://www.data.go.kr/data/15013205/standard.do,2026-09-03,경기도 고양시 일산서구 경의로 672 · 한국철도공사 · 개통월은 자료에 없음
경의중앙선,지하철,탄현역,,37.694114,126.761075,운영중,,,,전국도시철도역사정보표준데이터 (2026-06-30 기준),https://www.data.go.kr/data/15013205/standard.do,2026-09-03,경기도 고양시 일산서구 경의로 856(덕이동) · 한국철도공사 · 개통월은 자료에 없음
경의중앙선,지하철,야당역,,37.712749,126.761535,운영중,,,,전국도시철도역사정보표준데이터 (2026-06-30 기준),https://www.data.go.kr/data/15013205/standard.do,2026-09-03,경기도 파주시 소리천로 10 · 한국철도공사 · 개통월은 자료에 없음
경의중앙선,지하철,운정역,,37.725441,126.767076,운영중,,,,전국도시철도역사정보표준데이터 (2026-06-30 기준),https://www.data.go.kr/data/15013205/standard.do,2026-09-03,경기도 파주시 운정역길 368(야당동 299-4번지) · 한국철도공사 · 개통월은 자료에 없음
경의중앙선,지하철,금릉역,,37.751295,126.765401,운영중,,,,전국도시철도역사정보표준데이터 (2026-06-30 기준),https://www.data.go.kr/data/15013205/standard.do,2026-09-03,경기도 파주시 금릉역로85 · 한국철도공사 · 개통월은 자료에 없음
경의중앙선,지하철,금촌역,,37.766106,126.774515,운영중,,,,전국도시철도역사정보표준데이터 (2026-06-30 기준),https://www.data.go.kr/data/15013205/standard.do,2026-09-03,경기도 파주시 새꽃로 193 · 한국철도공사 · 개통월은 자료에 없음
경의중앙선,지하철,월롱역,,37.796201,126.792574,운영중,,,,전국도시철도역사정보표준데이터 (2026-06-30 기준),https://www.data.go.kr/data/15013205/standard.do,2026-09-03,경기도 파주시 월롱면 통일로 980 · 한국철도공사 · 개통월은 자료에 없음
경의중앙선,지하철,파주역,,37.815391,126.792426,운영중,,,,전국도시철도역사정보표준데이터 (2026-06-30 기준),https://www.data.go.kr/data/15013205/standard.do,2026-09-03,경기도 파주시 파주읍 주라위길 38 · 한국철도공사 · 개통월은 자료에 없음
경의중앙선,지하철,문산역,,37.854565,126.787531,운영중,,,,전국도시철도역사정보표준데이터 (2026-06-30 기준),https://www.data.go.kr/data/15013205/standard.do,2026-09-03,경기도 파주시 문산읍 문산역로 94 · 한국철도공사 · 개통월은 자료에 없음
경의중앙선,지하철,임진강역,,37.888364,126.746777,운영중,,,,전국도시철도역사정보표준데이터 (2026-06-30 기준),https://www.data.go.kr/data/15013205/standard.do,2026-09-03,경기도 파주시 문산읍 임진각로 115(문산읍) · 한국철도공사 · 개통월은 자료에 없음
경의중앙선,지하철,운천역,,37.880008,126.769713,운영중,,,,전국도시철도역사정보표준데이터 (2026-06-30 기준),https://www.data.go.kr/data/15013205/standard.do,2026-09-03,경기도 파주시 문산읍 통일로2033번길3 · 한국철도공사 · 개통월은 자료에 없음
경춘선,지하철,신내역,,37.612855,127.103277,운영중,,,,전국도시철도역사정보표준데이터 (2026-06-30 기준),https://www.data.go.kr/data/15013205/standard.do,2026-09-03,서울시 중랑구 망우동 320-2 · 한국철도공사 · 개통월은 자료에 없음
경춘선,지하철,갈매역,,37.634135,127.114803,운영중,,,,전국도시철도역사정보표준데이터 (2026-06-30 기준),https://www.data.go.kr/data/15013205/standard.do,2026-09-03,경기도 구리시 갈매동 경춘북로 229(갈매동 502-18) · 한국철도공사 · 개통월은 자료에 없음
경춘선,지하철,별내역,,37.642221,127.127208,운영중,,,,전국도시철도역사정보표준데이터 (2026-06-30 기준),https://www.data.go.kr/data/15013205/standard.do,2026-09-03,경기도 남양주시 경춘북로 375(별내동 182-5) · 한국철도공사 · 개통월은 자료에 없음
경춘선,지하철,퇴계원역,,37.648316,127.143858,운영중,,,,전국도시철도역사정보표준데이터 (2026-06-30 기준),https://www.data.go.kr/data/15013205/standard.do,2026-09-03,경기도 남양주시 퇴계원면 경춘북로 545(퇴계원리 218-8) · 한국철도공사 · 개통월은 자료에 없음
경춘선,지하철,사릉역,,37.651145,127.176839,운영중,,,,전국도시철도역사정보표준데이터 (2026-06-30 기준),https://www.data.go.kr/data/15013205/standard.do,2026-09-03,경기도 남양주시 진건읍 진건우회로 72-8(사능리 590-2) · 한국철도공사 · 개통월은 자료에 없음
경춘선,지하철,금곡역,,37.637414,127.207931,운영중,,,,전국도시철도역사정보표준데이터 (2026-06-30 기준),https://www.data.go.kr/data/15013205/standard.do,2026-09-03,경기도 남양주시 경춘로 903(금곡동 404-276) · 한국철도공사 · 개통월은 자료에 없음
경춘선,지하철,평내호평역,,37.653229,127.244452,운영중,,,,전국도시철도역사정보표준데이터 (2026-06-30 기준),https://www.data.go.kr/data/15013205/standard.do,2026-09-03,경기도 남양주시 경춘로 1375(평내동 156) · 한국철도공사 · 개통월은 자료에 없음
경춘선,지하철,천마산역,,37.658995,127.285731,운영중,,,,전국도시철도역사정보표준데이터 (2026-06-30 기준),https://www.data.go.kr/data/15013205/standard.do,2026-09-03,경기도 남양주시 화도읍 묵현로 25번길 37 · 한국철도공사 · 개통월은 자료에 없음
경춘선,지하철,마석역,,37.652328,127.311713,운영중,,,,전국도시철도역사정보표준데이터 (2026-06-30 기준),https://www.data.go.kr/data/15013205/standard.do,2026-09-03,경기도 남양주시 화도읍 마석우리 241-4 · 한국철도공사 · 개통월은 자료에 없음
경춘선,지하철,대성리역,,37.683909,127.379165,운영중,,,,전국도시철도역사정보표준데이터 (2026-06-30 기준),https://www.data.go.kr/data/15013205/standard.do,2026-09-03,경기도 가평군 청평면 경춘로 88(대성리 393) · 한국철도공사 · 개통월은 자료에 없음
경춘선,지하철,청평역,,37.735484,127.426541,운영중,,,,전국도시철도역사정보표준데이터 (2026-06-30 기준),https://www.data.go.kr/data/15013205/standard.do,2026-09-03,경기도 가평군 청평면 청평역로 97-33(청평리 125-1) · 한국철도공사 · 개통월은 자료에 없음
경춘선,지하철,상천역,,37.770305,127.4542,운영중,,,,전국도시철도역사정보표준데이터 (2026-06-30 기준),https://www.data.go.kr/data/15013205/standard.do,2026-09-03,경기도 가평군 청평면 상천역로 29(상천리 1261) · 한국철도공사 · 개통월은 자료에 없음
경춘선,지하철,가평역,,37.814515,127.510693,운영중,,,,전국도시철도역사정보표준데이터 (2026-06-30 기준),https://www.data.go.kr/data/15013205/standard.do,2026-09-03,경기도 가평군 가평읍 문화로 13-42(달전리 567) · 한국철도공사 · 개통월은 자료에 없음
안산과천선,지하철,선바위역,,37.451854,127.002164,운영중,,,,전국도시철도역사정보표준데이터 (2026-06-30 기준),https://www.data.go.kr/data/15013205/standard.do,2026-09-03,경기도 과천시 중앙로 440 · 한국철도공사 · 개통월은 자료에 없음
안산과천선,지하철,경마공원역,,37.443987,127.007899,운영중,,,,전국도시철도역사정보표준데이터 (2026-06-30 기준),https://www.data.go.kr/data/15013205/standard.do,2026-09-03,경기도 과천시 경마공원대로 105 · 한국철도공사 · 개통월은 자료에 없음
안산과천선,지하철,대공원역,,37.435724,127.006474,운영중,,,,전국도시철도역사정보표준데이터 (2026-06-30 기준),https://www.data.go.kr/data/15013205/standard.do,2026-09-03,경기도 과천시 대공원로 50 · 한국철도공사 · 개통월은 자료에 없음
안산과천선,지하철,과천역,,37.432805,126.996404,운영중,,,,전국도시철도역사정보표준데이터 (2026-06-30 기준),https://www.data.go.kr/data/15013205/standard.do,2026-09-03,경기도 과천시 별양로 지하 177 · 한국철도공사 · 개통월은 자료에 없음
안산과천선,지하철,정부과천청사역,,37.426445,126.989802,운영중,,,,전국도시철도역사정보표준데이터 (2026-06-30 기준),https://www.data.go.kr/data/15013205/standard.do,2026-09-03,경기도 과천시 중앙로 지하 100 · 한국철도공사 · 개통월은 자료에 없음
안산과천선,지하철,인덕원역,,37.401901,126.976718,운영중,,,,전국도시철도역사정보표준데이터 (2026-06-30 기준),https://www.data.go.kr/data/15013205/standard.do,2026-09-03,경기도 안양시 동안구 흥안대로 529 · 한국철도공사 · 개통월은 자료에 없음
안산과천선,지하철,평촌역,,37.394346,126.963881,운영중,,,,전국도시철도역사정보표준데이터 (2026-06-30 기준),https://www.data.go.kr/data/15013205/standard.do,2026-09-03,경기도 안양시 동안구 부림로 지하 123 · 한국철도공사 · 개통월은 자료에 없음
안산과천선,지하철,범계역,,37.389783,126.950752,운영중,,,,전국도시철도역사정보표준데이터 (2026-06-30 기준),https://www.data.go.kr/data/15013205/standard.do,2026-09-03,경기도 안양시 동안구 동안로 지하 130 · 한국철도공사 · 개통월은 자료에 없음
경강선,지하철,판교역,,37.394798,127.111135,운영중,,,,전국도시철도역사정보표준데이터 (2026-06-30 기준),https://www.data.go.kr/data/15013205/standard.do,2026-09-03,경기도 성남시 분당구 판교역로 160 · 한국철도공사 · 개통월은 자료에 없음
경강선,지하철,이매역,,37.394736,127.127048,운영중,,,,전국도시철도역사정보표준데이터 (2026-06-30 기준),https://www.data.go.kr/data/15013205/standard.do,2026-09-03,경기도 성남시 분당구 성남대로 738 · 한국철도공사 · 개통월은 자료에 없음
경강선,지하철,삼동역,,37.408731,127.203447,운영중,,,,전국도시철도역사정보표준데이터 (2026-06-30 기준),https://www.data.go.kr/data/15013205/standard.do,2026-09-03,경기도 광주시 순암로 451 · 한국철도공사 · 개통월은 자료에 없음
경강선,지하철,경기광주역,,37.398974,127.253201,운영중,,,,전국도시철도역사정보표준데이터 (2026-06-30 기준),https://www.data.go.kr/data/15013205/standard.do,2026-09-03,경기도 광주시 광주역로 10 경기광주역사 · 한국철도공사 · 개통월은 자료에 없음
경강선,지하철,초월역,,37.373389,127.299996,운영중,,,,전국도시철도역사정보표준데이터 (2026-06-30 기준),https://www.data.go.kr/data/15013205/standard.do,2026-09-03,경기도 광주시 초월읍 경충대로 1066 · 한국철도공사 · 개통월은 자료에 없음
경강선,지하철,곤지암역,,37.350525,127.346186,운영중,,,,전국도시철도역사정보표준데이터 (2026-06-30 기준),https://www.data.go.kr/data/15013205/standard.do,2026-09-03,경기도 광주시 곤지암천로 333 · 한국철도공사 · 개통월은 자료에 없음
경강선,지하철,신둔도예촌역,,37.315499,127.405251,운영중,,,,전국도시철도역사정보표준데이터 (2026-06-30 기준),https://www.data.go.kr/data/15013205/standard.do,2026-09-03,경기도 이천시 신둔면 남정로 55 · 한국철도공사 · 개통월은 자료에 없음
경강선,지하철,이천역,,37.264222,127.442135,운영중,,,,전국도시철도역사정보표준데이터 (2026-06-30 기준),https://www.data.go.kr/data/15013205/standard.do,2026-09-03,경기도 이천시 이섭대천로 1063 · 한국철도공사 · 개통월은 자료에 없음
경강선,지하철,부발역,,37.260411,127.490303,운영중,,,,전국도시철도역사정보표준데이터 (2026-06-30 기준),https://www.data.go.kr/data/15013205/standard.do,2026-09-03,경기도 이천시 부발읍 신아로 87 · 한국철도공사 · 개통월은 자료에 없음
경강선,지하철,세종대왕릉역,,37.293636,127.570764,운영중,,,,전국도시철도역사정보표준데이터 (2026-06-30 기준),https://www.data.go.kr/data/15013205/standard.do,2026-09-03,경기도 여주시 능서면 양화로 877 · 한국철도공사 · 개통월은 자료에 없음
경강선,지하철,여주역,,37.282881,127.628571,운영중,,,,전국도시철도역사정보표준데이터 (2026-06-30 기준),https://www.data.go.kr/data/15013205/standard.do,2026-09-03,경기도 여주시 교동로 80(교동 403-1) · 한국철도공사 · 개통월은 자료에 없음
경강선,지하철,성남역,,37.394709,127.11949,운영중,,,,전국도시철도역사정보표준데이터 (2026-06-30 기준),https://www.data.go.kr/data/15013205/standard.do,2026-09-03,경기도 성남시 분당구 백현동 545-1 · 한국철도공사 · 개통월은 자료에 없음
경부선,지하철,구로역,,37.503178,126.882037,운영중,,,,전국도시철도역사정보표준데이터 (2026-06-30 기준),https://www.data.go.kr/data/15013205/standard.do,2026-09-03,서울시 구로구 구로중앙로 174 · 한국철도공사 · 개통월은 자료에 없음
경부선,지하철,가산디지털단지역,,37.481568,126.882628,운영중,,,,전국도시철도역사정보표준데이터 (2026-06-30 기준),https://www.data.go.kr/data/15013205/standard.do,2026-09-03,서울시 금천구 벚꽃로 309 · 한국철도공사 · 개통월은 자료에 없음
경부선,지하철,금천구청역,,37.45576,126.894344,운영중,,,,전국도시철도역사정보표준데이터 (2026-06-30 기준),https://www.data.go.kr/data/15013205/standard.do,2026-09-03,서울시 금천구 시흥대로 63길 91 · 한국철도공사 · 개통월은 자료에 없음
경부선,지하철,석수역,,37.435161,126.902233,운영중,,,,전국도시철도역사정보표준데이터 (2026-06-30 기준),https://www.data.go.kr/data/15013205/standard.do,2026-09-03,경기도 안양시 만안구 경수대로 1431 · 한국철도공사 · 개통월은 자료에 없음
경부선,지하철,관악역,,37.419578,126.908476,운영중,,,,전국도시철도역사정보표준데이터 (2026-06-30 기준),https://www.data.go.kr/data/15013205/standard.do,2026-09-03,경기도 안양시 만안구 경수대로 1273번길 46 · 한국철도공사 · 개통월은 자료에 없음
경부선,지하철,안양역,,37.401929,126.922647,운영중,,,,전국도시철도역사정보표준데이터 (2026-06-30 기준),https://www.data.go.kr/data/15013205/standard.do,2026-09-03,경기도 안양시 만안구 만안로 232 · 한국철도공사 · 개통월은 자료에 없음
경부선,지하철,명학역,,37.384435,126.935579,운영중,,,,전국도시철도역사정보표준데이터 (2026-06-30 기준),https://www.data.go.kr/data/15013205/standard.do,2026-09-03,경기도 안양시 만안구 만안로 20 · 한국철도공사 · 개통월은 자료에 없음
경부선,지하철,금정역,,37.371957,126.943411,운영중,,,,전국도시철도역사정보표준데이터 (2026-06-30 기준),https://www.data.go.kr/data/15013205/standard.do,2026-09-03,경기도 군포시 군포로 750 · 한국철도공사 · 개통월은 자료에 없음
안산과천선,지하철,금정역,,37.371957,126.943611,운영중,,,,전국도시철도역사정보표준데이터 (2026-06-30 기준),https://www.data.go.kr/data/15013205/standard.do,2026-09-03,경기도 군포시 군포로 750 · 한국철도공사 · 개통월은 자료에 없음
경부선,지하철,군포역,,37.353732,126.948517,운영중,,,,전국도시철도역사정보표준데이터 (2026-06-30 기준),https://www.data.go.kr/data/15013205/standard.do,2026-09-03,경기도 군포시 군포역1길 27 · 한국철도공사 · 개통월은 자료에 없음
경부선,지하철,의왕역,,37.320648,126.948099,운영중,,,,전국도시철도역사정보표준데이터 (2026-06-30 기준),https://www.data.go.kr/data/15013205/standard.do,2026-09-03,경기도 의왕시 철도박물관로 66(삼동) · 한국철도공사 · 개통월은 자료에 없음
경부선,지하철,성균관대역,,37.300344,126.970861,운영중,,,,전국도시철도역사정보표준데이터 (2026-06-30 기준),https://www.data.go.kr/data/15013205/standard.do,2026-09-03,경기도 수원시 장안구 서부로 2149 · 한국철도공사 · 개통월은 자료에 없음
경부선,지하철,화서역,,37.28399,126.989581,운영중,,,,전국도시철도역사정보표준데이터 (2026-06-30 기준),https://www.data.go.kr/data/15013205/standard.do,2026-09-03,경기도 수원시 팔달구 덕영대로 692 · 한국철도공사 · 개통월은 자료에 없음
경부선,지하철,수원역,,37.266162,126.999821,운영중,,,,전국도시철도역사정보표준데이터 (2026-06-30 기준),https://www.data.go.kr/data/15013205/standard.do,2026-09-03,경기도 수원시 팔달구 덕영대로 924 · 한국철도공사 · 개통월은 자료에 없음
경부선,지하철,독산역,,37.465994,126.889508,운영중,,,,전국도시철도역사정보표준데이터 (2026-06-30 기준),https://www.data.go.kr/data/15013205/standard.do,2026-09-03,서울시 금천구 벚꽃로 115 · 한국철도공사 · 개통월은 자료에 없음
경부선,지하철,세류역,,37.244102,127.013772,운영중,,,,전국도시철도역사정보표준데이터 (2026-06-30 기준),https://www.data.go.kr/data/15013205/standard.do,2026-09-03,경기도 수원시 권선구 정조로 393-1 · 한국철도공사 · 개통월은 자료에 없음
경부선,지하철,병점역,,37.206821,127.033268,운영중,,,,전국도시철도역사정보표준데이터 (2026-06-30 기준),https://www.data.go.kr/data/15013205/standard.do,2026-09-03,경기도 화성시 떡전골로 97 · 한국철도공사 · 개통월은 자료에 없음
경부선,지하철,세마역,,37.187288,127.043279,운영중,,,,전국도시철도역사정보표준데이터 (2026-06-30 기준),https://www.data.go.kr/data/15013205/standard.do,2026-09-03,경기도 오산시 세마역로 88 · 한국철도공사 · 개통월은 자료에 없음
경부선,지하철,오산대역,,37.169401,127.063081,운영중,,,,전국도시철도역사정보표준데이터 (2026-06-30 기준),https://www.data.go.kr/data/15013205/standard.do,2026-09-03,경기도 오산시 청학로 236 · 한국철도공사 · 개통월은 자료에 없음
경부선,지하철,오산역,,37.145472,127.066708,운영중,,,,전국도시철도역사정보표준데이터 (2026-06-30 기준),https://www.data.go.kr/data/15013205/standard.do,2026-09-03,경기도 오산시 오산동 역광장로 59 · 한국철도공사 · 개통월은 자료에 없음
경부선,지하철,진위역,,37.109771,127.062342,운영중,,,,전국도시철도역사정보표준데이터 (2026-06-30 기준),https://www.data.go.kr/data/15013205/standard.do,2026-09-03,경기도 평택시 경기대로 1855 · 한국철도공사 · 개통월은 자료에 없음
경부선,지하철,송탄역,,37.075376,127.054397,운영중,,,,전국도시철도역사정보표준데이터 (2026-06-30 기준),https://www.data.go.kr/data/15013205/standard.do,2026-09-03,경기도 평택시 신장동 송탄공원로 43 · 한국철도공사 · 개통월은 자료에 없음
경부선,지하철,서정리역,,37.056459,127.052844,운영중,,,,전국도시철도역사정보표준데이터 (2026-06-30 기준),https://www.data.go.kr/data/15013205/standard.do,2026-09-03,경기도 평택시 탄현로 51 · 한국철도공사 · 개통월은 자료에 없음
경부선,지하철,평택지제역,,37.018822,127.070269,운영중,,,,전국도시철도역사정보표준데이터 (2026-06-30 기준),https://www.data.go.kr/data/15013205/standard.do,2026-09-03,경기도 평택시 경기대로 777 · 한국철도공사 · 개통월은 자료에 없음
경부선,지하철,평택역,,36.990559,127.085496,운영중,,,,전국도시철도역사정보표준데이터 (2026-06-30 기준),https://www.data.go.kr/data/15013205/standard.do,2026-09-03,경기도 평택시 평택로 51 · 한국철도공사 · 개통월은 자료에 없음
경부선,지하철,당정역,,37.34338,126.948388,운영중,,,,전국도시철도역사정보표준데이터 (2026-06-30 기준),https://www.data.go.kr/data/15013205/standard.do,2026-09-03,경기도 군포시 당정역로 91 · 한국철도공사 · 개통월은 자료에 없음
경부선,지하철,서동탄역,,37.195675,127.051893,운영중,,,,전국도시철도역사정보표준데이터 (2026-06-30 기준),https://www.data.go.kr/data/15013205/standard.do,2026-09-03,경기도 오산시 외삼미로 15번길 75-60 · 한국철도공사 · 개통월은 자료에 없음
경부선,지하철,광명역,,37.415995,126.884523,운영중,,,,전국도시철도역사정보표준데이터 (2026-06-30 기준),https://www.data.go.kr/data/15013205/standard.do,2026-09-03,경기도 광명시 광명역로 21 · 한국철도공사 · 개통월은 자료에 없음
안산과천선,지하철,산본역,,37.358019,126.932969,운영중,,,,전국도시철도역사정보표준데이터 (2026-06-30 기준),https://www.data.go.kr/data/15013205/standard.do,2026-09-03,경기도 군포시 번영로 504 · 한국철도공사 · 개통월은 자료에 없음
안산과천선,지하철,대야미역,,37.328304,126.917161,운영중,,,,전국도시철도역사정보표준데이터 (2026-06-30 기준),https://www.data.go.kr/data/15013205/standard.do,2026-09-03,경기도 군포시 대야1로 28 · 한국철도공사 · 개통월은 자료에 없음
안산과천선,지하철,반월역,,37.312244,126.903684,운영중,,,,전국도시철도역사정보표준데이터 (2026-06-30 기준),https://www.data.go.kr/data/15013205/standard.do,2026-09-03,경기도 안산시 상록구 건건로 119-10 · 한국철도공사 · 개통월은 자료에 없음
안산과천선,지하철,상록수역,,37.302845,126.866533,운영중,,,,전국도시철도역사정보표준데이터 (2026-06-30 기준),https://www.data.go.kr/data/15013205/standard.do,2026-09-03,경기도 안산시 상록구 상록수로 61 · 한국철도공사 · 개통월은 자료에 없음
수인선,지하철,한대앞역,,37.309985,126.853506,운영중,,,,전국도시철도역사정보표준데이터 (2026-06-30 기준),https://www.data.go.kr/data/15013205/standard.do,2026-09-03,경기도 안산시 상록구 충장로 337 · 한국철도공사 · 개통월은 자료에 없음
안산과천선,지하철,한대앞역,,37.309685,126.853656,운영중,,,,전국도시철도역사정보표준데이터 (2026-06-30 기준),https://www.data.go.kr/data/15013205/standard.do,2026-09-03,경기도 안산시 상록구 충장로 337 · 한국철도공사 · 개통월은 자료에 없음
수인선,지하철,중앙역,,37.316055,126.838532,운영중,,,,전국도시철도역사정보표준데이터 (2026-06-30 기준),https://www.data.go.kr/data/15013205/standard.do,2026-09-03,경기도 안산시 단원구 중앙대로 918 · 한국철도공사 · 개통월은 자료에 없음
안산과천선,지하철,중앙역,,37.316055,126.838532,운영중,,,,전국도시철도역사정보표준데이터 (2026-06-30 기준),https://www.data.go.kr/data/15013205/standard.do,2026-09-03,경기도 안산시 단원구 중앙대로 918 · 한국철도공사 · 개통월은 자료에 없음
수인선,지하철,고잔역,,37.316821,126.823094,운영중,,,,전국도시철도역사정보표준데이터 (2026-06-30 기준),https://www.data.go.kr/data/15013205/standard.do,2026-09-03,경기도 안산시 단원구 중앙대로 784 · 한국철도공사 · 개통월은 자료에 없음
안산과천선,지하철,고잔역,,37.316821,126.823094,운영중,,,,전국도시철도역사정보표준데이터 (2026-06-30 기준),https://www.data.go.kr/data/15013205/standard.do,2026-09-03,경기도 안산시 단원구 중앙대로 784 · 한국철도공사 · 개통월은 자료에 없음
수인선,지하철,초지역,,37.320583,126.806151,운영중,,,,전국도시철도역사정보표준데이터 (2026-06-30 기준),https://www.data.go.kr/data/15013205/standard.do,2026-09-03,경기도 안산시 단원구 중앙대로 620 · 한국철도공사 · 개통월은 자료에 없음
안산과천선,지하철,초지역,,37.320583,126.806151,운영중,,,,전국도시철도역사정보표준데이터 (2026-06-30 기준),https://www.data.go.kr/data/15013205/standard.do,2026-09-03,경기도 안산시 단원구 중앙대로 620 · 한국철도공사 · 개통월은 자료에 없음
수인선,지하철,안산역,,37.327006,126.788748,운영중,,,,전국도시철도역사정보표준데이터 (2026-06-30 기준),https://www.data.go.kr/data/15013205/standard.do,2026-09-03,경기도 안산시 단원구 중앙대로 462 · 한국철도공사 · 개통월은 자료에 없음
안산과천선,지하철,안산역,,37.327006,126.788748,운영중,,,,전국도시철도역사정보표준데이터 (2026-06-30 기준),https://www.data.go.kr/data/15013205/standard.do,2026-09-03,경기도 안산시 단원구 중앙대로 462 · 한국철도공사 · 개통월은 자료에 없음
수인선,지하철,능길역,,37.337488,126.767306,운영중,,,,전국도시철도역사정보표준데이터 (2026-06-30 기준),https://www.data.go.kr/data/15013205/standard.do,2026-09-03,경기도 안산시 단원구 황고개로 2 · 한국철도공사 · 개통월은 자료에 없음
안산과천선,지하철,능길역,,37.337488,126.767306,운영중,,,,전국도시철도역사정보표준데이터 (2026-06-30 기준),https://www.data.go.kr/data/15013205/standard.do,2026-09-03,경기도 안산시 단원구 황고개로 2 · 한국철도공사 · 개통월은 자료에 없음
수인선,지하철,정왕역,,37.351816,126.742844,운영중,,,,전국도시철도역사정보표준데이터 (2026-06-30 기준),https://www.data.go.kr/data/15013205/standard.do,2026-09-03,경기도 시흥시 마유로 418길 15 · 한국철도공사 · 개통월은 자료에 없음
안산과천선,지하철,정왕역,,37.351816,126.742844,운영중,,,,전국도시철도역사정보표준데이터 (2026-06-30 기준),https://www.data.go.kr/data/15013205/standard.do,2026-09-03,경기도 시흥시 마유로 418길 15 · 한국철도공사 · 개통월은 자료에 없음
수인선,지하철,오이도역,,37.361773,126.738437,운영중,,,,전국도시철도역사정보표준데이터 (2026-06-30 기준),https://www.data.go.kr/data/15013205/standard.do,2026-09-03,경기도 시흥시 역전로 430 · 한국철도공사 · 개통월은 자료에 없음
안산과천선,지하철,오이도역,,37.361773,126.738437,운영중,,,,전국도시철도역사정보표준데이터 (2026-06-30 기준),https://www.data.go.kr/data/15013205/standard.do,2026-09-03,경기도 시흥시 역전로 430 · 한국철도공사 · 개통월은 자료에 없음
안산과천선,지하철,수리산역,,37.350297,126.925537,운영중,,,,전국도시철도역사정보표준데이터 (2026-06-30 기준),https://www.data.go.kr/data/15013205/standard.do,2026-09-03,경기도 군포시 번영로 385 · 한국철도공사 · 개통월은 자료에 없음
경인선,지하철,개봉역,,37.494698,126.858504,운영중,,,,전국도시철도역사정보표준데이터 (2026-06-30 기준),https://www.data.go.kr/data/15013205/standard.do,2026-09-03,서울시 구로구 경인로 40길 47 · 한국철도공사 · 개통월은 자료에 없음
경인선,지하철,오류동역,,37.4944,126.844551,운영중,,,,전국도시철도역사정보표준데이터 (2026-06-30 기준),https://www.data.go.kr/data/15013205/standard.do,2026-09-03,서울시 구로구 경인로 20길 13 · 한국철도공사 · 개통월은 자료에 없음
경인선,지하철,역곡역,,37.48514,126.811622,운영중,,,,전국도시철도역사정보표준데이터 (2026-06-30 기준),https://www.data.go.kr/data/15013205/standard.do,2026-09-03,경기도 부천시 원미구 역곡로 1(역곡동) · 한국철도공사 · 개통월은 자료에 없음
경인선,지하철,부천역,,37.484066,126.782779,운영중,,,,전국도시철도역사정보표준데이터 (2026-06-30 기준),https://www.data.go.kr/data/15013205/standard.do,2026-09-03,경기도 부천시 소사구 부천로 1 · 한국철도공사 · 개통월은 자료에 없음
경인선,지하철,송내역,,37.487626,126.753045,운영중,,,,전국도시철도역사정보표준데이터 (2026-06-30 기준),https://www.data.go.kr/data/15013205/standard.do,2026-09-03,경기도 부천시 소사구 송내대로 43 · 한국철도공사 · 개통월은 자료에 없음
경인선,지하철,부평역,,37.489457,126.724584,운영중,,,,전국도시철도역사정보표준데이터 (2026-06-30 기준),https://www.data.go.kr/data/15013205/standard.do,2026-09-03,인천시 부평구 광장로 16 · 한국철도공사 · 개통월은 자료에 없음
경인선,지하철,백운역,,37.483301,126.707179,운영중,,,,전국도시철도역사정보표준데이터 (2026-06-30 기준),https://www.data.go.kr/data/15013205/standard.do,2026-09-03,인천시 부평구 마장로 55번길 14 · 한국철도공사 · 개통월은 자료에 없음
경인선,지하철,동암역,,37.470835,126.703016,운영중,,,,전국도시철도역사정보표준데이터 (2026-06-30 기준),https://www.data.go.kr/data/15013205/standard.do,2026-09-03,인천시 부평구 동암광장로 10 · 한국철도공사 · 개통월은 자료에 없음
경인선,지하철,주안역,,37.465041,126.680702,운영중,,,,전국도시철도역사정보표준데이터 (2026-06-30 기준),https://www.data.go.kr/data/15013205/standard.do,2026-09-03,인천시 남구 주안로 95-19 · 한국철도공사 · 개통월은 자료에 없음
경인선,지하철,주안역,,37.465041,126.680702,운영중,,,,전국도시철도역사정보표준데이터 (2026-06-30 기준),https://www.data.go.kr/data/15013205/standard.do,2026-09-03,인천시 남구 주안로 95-19 · 한국철도공사 · 개통월은 자료에 없음
경인선,지하철,제물포역,,37.466809,126.657165,운영중,,,,전국도시철도역사정보표준데이터 (2026-06-30 기준),https://www.data.go.kr/data/15013205/standard.do,2026-09-03,인천시 남구 경인로 129 · 한국철도공사 · 개통월은 자료에 없음
경인선,지하철,동인천역,,37.475414,126.632598,운영중,,,,전국도시철도역사정보표준데이터 (2026-06-30 기준),https://www.data.go.kr/data/15013205/standard.do,2026-09-03,인천시 중구 참외전로 119 · 한국철도공사 · 개통월은 자료에 없음
경인선,지하철,인천역,,37.476364,126.616936,운영중,,,,전국도시철도역사정보표준데이터 (2026-06-30 기준),https://www.data.go.kr/data/15013205/standard.do,2026-09-03,인천시 중구 제물량로 269 · 한국철도공사 · 개통월은 자료에 없음
경인선,지하철,구일역,,37.495973,126.869201,운영중,,,,전국도시철도역사정보표준데이터 (2026-06-30 기준),https://www.data.go.kr/data/15013205/standard.do,2026-09-03,서울시 구로구 구일로 133 · 한국철도공사 · 개통월은 자료에 없음
경인선,지하철,부개역,,37.488479,126.740549,운영중,,,,전국도시철도역사정보표준데이터 (2026-06-30 기준),https://www.data.go.kr/data/15013205/standard.do,2026-09-03,인천시 부평구 수변로 22 · 한국철도공사 · 개통월은 자료에 없음
경인선,지하철,간석역,,37.464689,126.693408,운영중,,,,전국도시철도역사정보표준데이터 (2026-06-30 기준),https://www.data.go.kr/data/15013205/standard.do,2026-09-03,인천시 남동구 석정로 522-14 · 한국철도공사 · 개통월은 자료에 없음
경인선,지하철,도원역,,37.468604,126.642824,운영중,,,,전국도시철도역사정보표준데이터 (2026-06-30 기준),https://www.data.go.kr/data/15013205/standard.do,2026-09-03,인천시 동구 참외전로 245 · 한국철도공사 · 개통월은 자료에 없음
경인선,지하철,온수역,,37.492267,126.823399,운영중,,,,전국도시철도역사정보표준데이터 (2026-06-30 기준),https://www.data.go.kr/data/15013205/standard.do,2026-09-03,서울시 구로구 부일로 872 · 한국철도공사 · 개통월은 자료에 없음
경인선,지하철,중동역,,37.486664,126.764474,운영중,,,,전국도시철도역사정보표준데이터 (2026-06-30 기준),https://www.data.go.kr/data/15013205/standard.do,2026-09-03,경기도 부천시 소사구 중동로 73 · 한국철도공사 · 개통월은 자료에 없음
경인선,지하철,도화역,,37.466154,126.66846,운영중,,,,전국도시철도역사정보표준데이터 (2026-06-30 기준),https://www.data.go.kr/data/15013205/standard.do,2026-09-03,인천시 남구 숙골로 24번길 9 · 한국철도공사 · 개통월은 자료에 없음
분당선,지하철,수원역(분당),,37.266162,127.000082,운영중,,,,전국도시철도역사정보표준데이터 (2026-06-30 기준),https://www.data.go.kr/data/15013205/standard.do,2026-09-03,경기도 수원시 팔달구 덕영대로 944 · 한국철도공사 · 개통월은 자료에 없음
분당선,지하철,서울숲역,,37.543647,127.044686,운영중,,,,전국도시철도역사정보표준데이터 (2026-06-30 기준),https://www.data.go.kr/data/15013205/standard.do,2026-09-03,서울시 성동구 왕십리로 지하 77 · 한국철도공사 · 개통월은 자료에 없음
분당선,지하철,압구정로데오역,,37.527385,127.040555,운영중,,,,전국도시철도역사정보표준데이터 (2026-06-30 기준),https://www.data.go.kr/data/15013205/standard.do,2026-09-03,서울시 강남구 압구정동 495(강남구 압구정로 지하 402) · 한국철도공사 · 개통월은 자료에 없음
분당선,지하철,강남구청역,,37.516572,127.041575,운영중,,,,전국도시철도역사정보표준데이터 (2026-06-30 기준),https://www.data.go.kr/data/15013205/standard.do,2026-09-03,서울시 강남구 학동로 지하 364 · 한국철도공사 · 개통월은 자료에 없음
분당선,지하철,선정릉역,,37.510775,127.043717,운영중,,,,전국도시철도역사정보표준데이터 (2026-06-30 기준),https://www.data.go.kr/data/15013205/standard.do,2026-09-03,서울시 강남구 선릉로 지하 580(삼성동) · 한국철도공사 · 개통월은 자료에 없음
분당선,지하철,가천대역,,37.448784,127.126677,운영중,,,,전국도시철도역사정보표준데이터 (2026-06-30 기준),https://www.data.go.kr/data/15013205/standard.do,2026-09-03,경기도 성남시 수정구 성남대로 1332 · 한국철도공사 · 개통월은 자료에 없음
분당선,지하철,태평역,,37.439842,127.127746,운영중,,,,전국도시철도역사정보표준데이터 (2026-06-30 기준),https://www.data.go.kr/data/15013205/standard.do,2026-09-03,경기도 성남시 수정구 성남대로 지하 1229번지 · 한국철도공사 · 개통월은 자료에 없음
분당선,지하철,모란역,,37.432124,127.129064,운영중,,,,전국도시철도역사정보표준데이터 (2026-06-30 기준),https://www.data.go.kr/data/15013205/standard.do,2026-09-03,경기도 성남시 중원구 성남대로 지하 1147(성남동 1575) · 한국철도공사 · 개통월은 자료에 없음
분당선,지하철,야탑역,,37.41132,127.128661,운영중,,,,전국도시철도역사정보표준데이터 (2026-06-30 기준),https://www.data.go.kr/data/15013205/standard.do,2026-09-03,경기도 성남시 성남대로 지하 903(야탑동 688-1) · 한국철도공사 · 개통월은 자료에 없음
분당선,지하철,서현역,,37.384931,127.123249,운영중,,,,전국도시철도역사정보표준데이터 (2026-06-30 기준),https://www.data.go.kr/data/15013205/standard.do,2026-09-03,경기도 성남시 분당구 성남대로 지하 601 · 한국철도공사 · 개통월은 자료에 없음
분당선,지하철,수내역,,37.378435,127.114216,운영중,,,,전국도시철도역사정보표준데이터 (2026-06-30 기준),https://www.data.go.kr/data/15013205/standard.do,2026-09-03,경기도 성남시 분당구 성남대로 지하 491(수내동) · 한국철도공사 · 개통월은 자료에 없음
분당선,지하철,정자역,,37.366037,127.108091,운영중,,,,전국도시철도역사정보표준데이터 (2026-06-30 기준),https://www.data.go.kr/data/15013205/standard.do,2026-09-03,경기도 성남시 분당구 성남대로 지하 333(정자동) · 한국철도공사 · 개통월은 자료에 없음
분당선,지하철,미금역,,37.350078,127.108952,운영중,,,,전국도시철도역사정보표준데이터 (2026-06-30 기준),https://www.data.go.kr/data/15013205/standard.do,2026-09-03,경기도 성남시 수정구 성남대로 지하 156 · 한국철도공사 · 개통월은 자료에 없음
분당선,지하철,오리역,,37.339832,127.108985,운영중,,,,전국도시철도역사정보표준데이터 (2026-06-30 기준),https://www.data.go.kr/data/15013205/standard.do,2026-09-03,경기도 성남시 분당구 성남대로 지하 55(구미동 795) · 한국철도공사 · 개통월은 자료에 없음
분당선,지하철,이매역,,37.395846,127.128272,운영중,,,,전국도시철도역사정보표준데이터 (2026-06-30 기준),https://www.data.go.kr/data/15013205/standard.do,2026-09-03,경기도 성남시 성남대로 지하 738 · 한국철도공사 · 개통월은 자료에 없음
분당선,지하철,보정역,,37.31274,127.108219,운영중,,,,전국도시철도역사정보표준데이터 (2026-06-30 기준),https://www.data.go.kr/data/15013205/standard.do,2026-09-03,경기도 용인시 기흥구 용구대로 2560  _x000D_ · 한국철도공사 · 개통월은 자료에 없음
분당선,지하철,죽전역,,37.324575,127.107385,운영중,,,,전국도시철도역사정보표준데이터 (2026-06-30 기준),https://www.data.go.kr/data/15013205/standard.do,2026-09-03,경기도 용인시 수지구 포은대로 530(죽전동 1014) · 한국철도공사 · 개통월은 자료에 없음
분당선,지하철,구성역,,37.299013,127.105664,운영중,,,,전국도시철도역사정보표준데이터 (2026-06-30 기준),https://www.data.go.kr/data/15013205/standard.do,2026-09-03,경기도 용인시 기흥구 용구대로 2403 · 한국철도공사 · 개통월은 자료에 없음
분당선,지하철,신갈역,,37.286127,127.111311,운영중,,,,전국도시철도역사정보표준데이터 (2026-06-30 기준),https://www.data.go.kr/data/15013205/standard.do,2026-09-03,경기도 용인시 기흥구 기흥로 136 · 한국철도공사 · 개통월은 자료에 없음
분당선,지하철,기흥역,,37.275657,127.115944,운영중,,,,전국도시철도역사정보표준데이터 (2026-06-30 기준),https://www.data.go.kr/data/15013205/standard.do,2026-09-03,경기도 용인시 중부대로 460 · 한국철도공사 · 개통월은 자료에 없음
분당선,지하철,상갈역,,37.261797,127.108718,운영중,,,,전국도시철도역사정보표준데이터 (2026-06-30 기준),https://www.data.go.kr/data/15013205/standard.do,2026-09-03,경기도 용인시 기흥구 금화로 지하 40 · 한국철도공사 · 개통월은 자료에 없음
분당선,지하철,청명역,,37.259485,127.078945,운영중,,,,전국도시철도역사정보표준데이터 (2026-06-30 기준),https://www.data.go.kr/data/15013205/standard.do,2026-09-03,경기도 수원시 영통구 봉영로 지하 1670 · 한국철도공사 · 개통월은 자료에 없음
분당선,지하철,영통역,,37.251521,127.071341,운영중,,,,전국도시철도역사정보표준데이터 (2026-06-30 기준),https://www.data.go.kr/data/15013205/standard.do,2026-09-03,경기도 수원시 영통구 봉영로 지하 1560 · 한국철도공사 · 개통월은 자료에 없음
분당선,지하철,망포역,,37.245793,127.057367,운영중,,,,전국도시철도역사정보표준데이터 (2026-06-30 기준),https://www.data.go.kr/data/15013205/standard.do,2026-09-03,경기도 수원시 영통구 봉영로 지하 1520 · 한국철도공사 · 개통월은 자료에 없음
분당선,지하철,매탄권선역,,37.252458,127.040824,운영중,,,,전국도시철도역사정보표준데이터 (2026-06-30 기준),https://www.data.go.kr/data/15013205/standard.do,2026-09-03,경기도 수원시 영통구 권선로 841 · 한국철도공사 · 개통월은 자료에 없음
분당선,지하철,수원시청역,,37.261941,127.030736,운영중,,,,전국도시철도역사정보표준데이터 (2026-06-30 기준),https://www.data.go.kr/data/15013205/standard.do,2026-09-03,경기도 수원시 권선구 효원로 270 · 한국철도공사 · 개통월은 자료에 없음
분당선,지하철,매교역,,37.265502,127.015657,운영중,,,,전국도시철도역사정보표준데이터 (2026-06-30 기준),https://www.data.go.kr/data/15013205/standard.do,2026-09-03,경기도 수원시 팔달구 효원로 126 · 한국철도공사 · 개통월은 자료에 없음
수인선,지하철,고색역,,37.249829,126.9805899,운영중,,,,전국도시철도역사정보표준데이터 (2026-06-30 기준),https://www.data.go.kr/data/15013205/standard.do,2026-09-03,경기도 수원시 권선구 매송고색로 지하690(고색동) · 한국철도공사 · 개통월은 자료에 없음
수인선,지하철,오목천역,,37.243011,126.9636354,운영중,,,,전국도시철도역사정보표준데이터 (2026-06-30 기준),https://www.data.go.kr/data/15013205/standard.do,2026-09-03,경기도 수원시 권선구 삼천병마로 1576(오목천동) · 한국철도공사 · 개통월은 자료에 없음
수인선,지하철,어천역,,37.250076,126.908805,운영중,,,,전국도시철도역사정보표준데이터 (2026-06-30 기준),https://www.data.go.kr/data/15013205/standard.do,2026-09-03,경기도 화성시 매송면 화성로 2227-5(어천리) · 한국철도공사 · 개통월은 자료에 없음
수인선,지하철,야목역,,37.261211,126.884029,운영중,,,,전국도시철도역사정보표준데이터 (2026-06-30 기준),https://www.data.go.kr/data/15013205/standard.do,2026-09-03,경기도 화성시 매송면 본오매송로 286(야목리) · 한국철도공사 · 개통월은 자료에 없음
수인선,지하철,사리역,,37.290809,126.857172,운영중,,,,전국도시철도역사정보표준데이터 (2026-06-30 기준),https://www.data.go.kr/data/15013205/standard.do,2026-09-03,경기도 안산시 상록구 충장로 103(사동) · 한국철도공사 · 개통월은 자료에 없음
수인선,지하철,달월역,,37.379993,126.745431,운영중,,,,전국도시철도역사정보표준데이터 (2026-06-30 기준),https://www.data.go.kr/data/15013205/standard.do,2026-09-03,경기도 시흥시 서해안로 736번길 55(월곶동) · 한국철도공사 · 개통월은 자료에 없음
수인선,지하철,월곶역,,37.39189,126.742741,운영중,,,,전국도시철도역사정보표준데이터 (2026-06-30 기준),https://www.data.go.kr/data/15013205/standard.do,2026-09-03,경기도 시흥시 월곶중앙로 14번길 56 · 한국철도공사 · 개통월은 자료에 없음
수인선,지하철,소래포구역,,37.400963,126.733533,운영중,,,,전국도시철도역사정보표준데이터 (2026-06-30 기준),https://www.data.go.kr/data/15013205/standard.do,2026-09-03,인천시 남동구 소래역로 51 · 한국철도공사 · 개통월은 자료에 없음
수인선,지하철,인천논현역,,37.400641,126.722495,운영중,,,,전국도시철도역사정보표준데이터 (2026-06-30 기준),https://www.data.go.kr/data/15013205/standard.do,2026-09-03,인천시 남동구 청능대로 567 · 한국철도공사 · 개통월은 자료에 없음
수인선,지하철,호구포역,,37.401622,126.708682,운영중,,,,전국도시철도역사정보표준데이터 (2026-06-30 기준),https://www.data.go.kr/data/15013205/standard.do,2026-09-03,인천시 남동구 호구포로 205 · 한국철도공사 · 개통월은 자료에 없음
수인선,지하철,남동인더스파크역,,37.407668,126.695613,운영중,,,,전국도시철도역사정보표준데이터 (2026-06-30 기준),https://www.data.go.kr/data/15013205/standard.do,2026-09-03,인천시 남동구 은청로 17 · 한국철도공사 · 개통월은 자료에 없음
수인선,지하철,원인재역,,37.412921,126.686952,운영중,,,,전국도시철도역사정보표준데이터 (2026-06-30 기준),https://www.data.go.kr/data/15013205/standard.do,2026-09-03,인천시 연수구 벚꽃로 195 · 한국철도공사 · 개통월은 자료에 없음
수인선,지하철,연수역,,37.417769,126.678991,운영중,,,,전국도시철도역사정보표준데이터 (2026-06-30 기준),https://www.data.go.kr/data/15013205/standard.do,2026-09-03,인천시 연수구 벚꽃로 115 · 한국철도공사 · 개통월은 자료에 없음
수인선,지하철,송도역,,37.429714,126.654486,운영중,,,,전국도시철도역사정보표준데이터 (2026-06-30 기준),https://www.data.go.kr/data/15013205/standard.do,2026-09-03,인천시 연수구 비류대로 175(옥련동) · 한국철도공사 · 개통월은 자료에 없음
수인선,지하철,인하대역,,37.448191,126.649832,운영중,,,,전국도시철도역사정보표준데이터 (2026-06-30 기준),https://www.data.go.kr/data/15013205/standard.do,2026-09-03,인천시 남구 용현동 294-3 · 한국철도공사 · 개통월은 자료에 없음
수인선,지하철,숭의역,,37.460891,126.638035,운영중,,,,전국도시철도역사정보표준데이터 (2026-06-30 기준),https://www.data.go.kr/data/15013205/standard.do,2026-09-03,인천시 남구 인주대로 지하6 · 한국철도공사 · 개통월은 자료에 없음
수인선,지하철,신포역,,37.468442,126.624509,운영중,,,,전국도시철도역사정보표준데이터 (2026-06-30 기준),https://www.data.go.kr/data/15013205/standard.do,2026-09-03,인천시 중구 우현로 지하 3 · 한국철도공사 · 개통월은 자료에 없음
수인선,지하철,인천역,,37.476364,126.6174236,운영중,,,,전국도시철도역사정보표준데이터 (2026-06-30 기준),https://www.data.go.kr/data/15013205/standard.do,2026-09-03,인천시 중구 제물량로 269 · 한국철도공사 · 개통월은 자료에 없음
경원선,지하철,방학역,,37.667471,127.044295,운영중,,,,전국도시철도역사정보표준데이터 (2026-06-30 기준),https://www.data.go.kr/data/15013205/standard.do,2026-09-03,서울시 도봉구 도봉로 150다길 3 · 한국철도공사 · 개통월은 자료에 없음
경원선,지하철,도봉역,,37.679441,127.045521,운영중,,,,전국도시철도역사정보표준데이터 (2026-06-30 기준),https://www.data.go.kr/data/15013205/standard.do,2026-09-03,서울시 도봉구 도봉로 170길 2 · 한국철도공사 · 개통월은 자료에 없음
경원선,지하철,도봉산역,,37.689603,127.046047,운영중,,,,전국도시철도역사정보표준데이터 (2026-06-30 기준),https://www.data.go.kr/data/15013205/standard.do,2026-09-03,서울시 도봉구 도봉로 964-33 · 한국철도공사 · 개통월은 자료에 없음
경원선,지하철,망월사역,,37.710499,127.047361,운영중,,,,전국도시철도역사정보표준데이터 (2026-06-30 기준),https://www.data.go.kr/data/15013205/standard.do,2026-09-03,경기도 의정부시 평화로 221 · 한국철도공사 · 개통월은 자료에 없음
경원선,지하철,회룡역,,37.724037,127.047319,운영중,,,,전국도시철도역사정보표준데이터 (2026-06-30 기준),https://www.data.go.kr/data/15013205/standard.do,2026-09-03,경기도 의정부시 평화로 363 · 한국철도공사 · 개통월은 자료에 없음
경원선,지하철,의정부역,,37.73873,127.045891,운영중,,,,전국도시철도역사정보표준데이터 (2026-06-30 기준),https://www.data.go.kr/data/15013205/standard.do,2026-09-03,경기도 의정부시 평화로 525 · 한국철도공사 · 개통월은 자료에 없음
경원선,지하철,가능역,,37.748362,127.044251,운영중,,,,전국도시철도역사정보표준데이터 (2026-06-30 기준),https://www.data.go.kr/data/15013205/standard.do,2026-09-03,경기도 의정부시 평화로 633 · 한국철도공사 · 개통월은 자료에 없음
경원선,지하철,녹양역,,37.759416,127.042272,운영중,,,,전국도시철도역사정보표준데이터 (2026-06-30 기준),https://www.data.go.kr/data/15013205/standard.do,2026-09-03,경기도 의정부시 평화로 757(녹양동 973) · 한국철도공사 · 개통월은 자료에 없음
경원선,지하철,양주역,,37.774281,127.044719,운영중,,,,전국도시철도역사정보표준데이터 (2026-06-30 기준),https://www.data.go.kr/data/15013205/standard.do,2026-09-03,경기도 양주시 평화로 919(남방동 94-1) · 한국철도공사 · 개통월은 자료에 없음
경원선,지하철,덕계역,,37.818761,127.056676,운영중,,,,전국도시철도역사정보표준데이터 (2026-06-30 기준),https://www.data.go.kr/data/15013205/standard.do,2026-09-03,경기도 양주시 고덕로 139번길 317 · 한국철도공사 · 개통월은 자료에 없음
경원선,지하철,덕정역,,37.843216,127.061511,운영중,,,,전국도시철도역사정보표준데이터 (2026-06-30 기준),https://www.data.go.kr/data/15013205/standard.do,2026-09-03,경기도 양주시 화합로 1356 · 한국철도공사 · 개통월은 자료에 없음
경원선,지하철,지행역,,37.892361,127.055734,운영중,,,,전국도시철도역사정보표준데이터 (2026-06-30 기준),https://www.data.go.kr/data/15013205/standard.do,2026-09-03,경기도 동두천시 평화로 2285(지행동) · 한국철도공사 · 개통월은 자료에 없음
경원선,지하철,동두천중앙역,,37.901818,127.056528,운영중,,,,전국도시철도역사정보표준데이터 (2026-06-30 기준),https://www.data.go.kr/data/15013205/standard.do,2026-09-03,경기도 동두천시 동두천로 228(생연동 682) · 한국철도공사 · 개통월은 자료에 없음
경원선,지하철,보산역,,37.914268,127.057134,운영중,,,,전국도시철도역사정보표준데이터 (2026-06-30 기준),https://www.data.go.kr/data/15013205/standard.do,2026-09-03,경기도 동두천시 평화로 2539(보산동) · 한국철도공사 · 개통월은 자료에 없음
경원선,지하철,동두천역,,37.927569,127.054825,운영중,,,,전국도시철도역사정보표준데이터 (2026-06-30 기준),https://www.data.go.kr/data/15013205/standard.do,2026-09-03,경기도 동두천시 평화로 2687(동두천동 245-210) · 한국철도공사 · 개통월은 자료에 없음
경원선,지하철,소요산역,,37.948608,127.061007,운영중,,,,전국도시철도역사정보표준데이터 (2026-06-30 기준),https://www.data.go.kr/data/15013205/standard.do,2026-09-03,경기도 동두천시 평화로 2925(상봉암동 126) · 한국철도공사 · 개통월은 자료에 없음
경원선,지하철,청산역,,37.995138,127.074097,운영중,,,,전국도시철도역사정보표준데이터 (2026-06-30 기준),https://www.data.go.kr/data/15013205/standard.do,2026-09-03,경기도 연천군 청산면 초성리 170-1 · 한국철도공사 · 개통월은 자료에 없음
경원선,지하철,전곡역,,38.024041,127.071913,운영중,,,,전국도시철도역사정보표준데이터 (2026-06-30 기준),https://www.data.go.kr/data/15013205/standard.do,2026-09-03,경기도 연천군 전곡읍 전곡역로 75(전곡리) · 한국철도공사 · 개통월은 자료에 없음
경원선,지하철,연천역,,38.100485,127.07368,운영중,,,,전국도시철도역사정보표준데이터 (2026-06-30 기준),https://www.data.go.kr/data/15013205/standard.do,2026-09-03,경기도 연천군 연천읍 연천로 273-7(차탄리) · 한국철도공사 · 개통월은 자료에 없음
일산선,지하철,원흥역,,37.650709,126.873239,운영중,,,,전국도시철도역사정보표준데이터 (2026-06-30 기준),https://www.data.go.kr/data/15013205/standard.do,2026-09-03,"경기도 고양시 덕양구 권율대로 681 (원흥동, 원흥역) 원흥역 · 한국철도공사 · 개통월은 자료에 없음"
일산선,지하철,지축역,,37.648114,126.913746,운영중,,,,전국도시철도역사정보표준데이터 (2026-06-30 기준),https://www.data.go.kr/data/15013205/standard.do,2026-09-03,경기도 고양시 덕양구 삼송로 300(지축동) · 한국철도공사 · 개통월은 자료에 없음
일산선,지하철,삼송역,,37.653096,126.895559,운영중,,,,전국도시철도역사정보표준데이터 (2026-06-30 기준),https://www.data.go.kr/data/15013205/standard.do,2026-09-03,경기도 고양시 덕양구 삼송로 194 · 한국철도공사 · 개통월은 자료에 없음
일산선,지하철,원당역,,37.653103,126.842891,운영중,,,,전국도시철도역사정보표준데이터 (2026-06-30 기준),https://www.data.go.kr/data/15013205/standard.do,2026-09-03,경기도 고양시 덕양구 덕양대로 1429(성사1동 4100-7) · 한국철도공사 · 개통월은 자료에 없음
일산선,지하철,화정역,,37.634708,126.832503,운영중,,,,전국도시철도역사정보표준데이터 (2026-06-30 기준),https://www.data.go.kr/data/15013205/standard.do,2026-09-03,경기도 고양시 덕양구 화정로 60 화정역 · 한국철도공사 · 개통월은 자료에 없음
경의중앙선,지하철,대곡역,,37.631629,126.810225,운영중,,,,전국도시철도역사정보표준데이터 (2026-06-30 기준),https://www.data.go.kr/data/15013205/standard.do,2026-09-03,경기도 고양시 덕양구 대주로 107번길 71-81(대장동 420-1) · 한국철도공사 · 개통월은 자료에 없음
서해선,지하철,대곡역,,37.631629,126.809802,운영중,,,,전국도시철도역사정보표준데이터 (2026-06-30 기준),https://www.data.go.kr/data/15013205/standard.do,2026-09-03,경기도 고양시 덕양구 대주로 107번길 71-81(대장동 420-1) · 한국철도공사 · 개통월은 자료에 없음
일산선,지하철,대곡역,,37.631629,126.811025,운영중,,,,전국도시철도역사정보표준데이터 (2026-06-30 기준),https://www.data.go.kr/data/15013205/standard.do,2026-09-03,경기도 고양시 덕양구 대주로 107번길 71-81(대장동 420-1) · 한국철도공사 · 개통월은 자료에 없음
일산선,지하철,백석역,,37.642973,126.788109,운영중,,,,전국도시철도역사정보표준데이터 (2026-06-30 기준),https://www.data.go.kr/data/15013205/standard.do,2026-09-03,경기도 고양시 일산동구 중앙로 1042 · 한국철도공사 · 개통월은 자료에 없음
일산선,지하철,마두역,,37.652185,126.777641,운영중,,,,전국도시철도역사정보표준데이터 (2026-06-30 기준),https://www.data.go.kr/data/15013205/standard.do,2026-09-03,경기도 고양시 일산동구 중앙로 지하 1180(마두동) · 한국철도공사 · 개통월은 자료에 없음
일산선,지하철,정발산역,,37.659709,126.773254,운영중,,,,전국도시철도역사정보표준데이터 (2026-06-30 기준),https://www.data.go.kr/data/15013205/standard.do,2026-09-03,경기도 고양시 일산동구 마두 1동 1123(일산동구 중앙로 1270) · 한국철도공사 · 개통월은 자료에 없음
일산선,지하철,주엽역,,37.670138,126.761232,운영중,,,,전국도시철도역사정보표준데이터 (2026-06-30 기준),https://www.data.go.kr/data/15013205/standard.do,2026-09-03,경기도 고양시 일산서구 중앙로 1432(주엽동 166-7) · 한국철도공사 · 개통월은 자료에 없음
일산선,지하철,대화역,,37.675883,126.747756,운영중,,,,전국도시철도역사정보표준데이터 (2026-06-30 기준),https://www.data.go.kr/data/15013205/standard.do,2026-09-03,경기도 고양시 일산서구 중앙로 1569(대화동 2221) · 한국철도공사 · 개통월은 자료에 없음
서해선,지하철,김포공항역,,37.5621179,126.804056,운영중,,,,전국도시철도역사정보표준데이터 (2026-06-30 기준),https://www.data.go.kr/data/15013205/standard.do,2026-09-03,서울특별시 강서구 하늘길 지하 77 · 한국철도공사 · 개통월은 자료에 없음
서해선,지하철,원종역,,37.5240628,126.8048386,운영중,,,,전국도시철도역사정보표준데이터 (2026-06-30 기준),https://www.data.go.kr/data/15013205/standard.do,2026-09-03,경기도 부천시 원종동 404 · 한국철도공사 · 개통월은 자료에 없음
서해선,지하철,부천종합운동장역,,37.505852,126.797498,운영중,,,,전국도시철도역사정보표준데이터 (2026-06-30 기준),https://www.data.go.kr/data/15013205/standard.do,2026-09-03,경기도 부천시 길주로 지하 502 · 한국철도공사 · 개통월은 자료에 없음
경인선,지하철,소사역,,37.482755,126.795654,운영중,,,,전국도시철도역사정보표준데이터 (2026-06-30 기준),https://www.data.go.kr/data/15013205/standard.do,2026-09-03,경기도 부천시 소사구 경인로 363 · 한국철도공사 · 개통월은 자료에 없음
서해선,지하철,소사역,,37.482755,126.7950654,운영중,,,,전국도시철도역사정보표준데이터 (2026-06-30 기준),https://www.data.go.kr/data/15013205/standard.do,2026-09-03,경기도 부천시 소사구 경인로 363 · 한국철도공사 · 개통월은 자료에 없음
서해선,지하철,소새울역,,37.4685046,126.797228,운영중,,,,전국도시철도역사정보표준데이터 (2026-06-30 기준),https://www.data.go.kr/data/15013205/standard.do,2026-09-03,경기도 부천시 소사로 지하 284 · 한국철도공사 · 개통월은 자료에 없음
서해선,지하철,시흥대야역,,37.4504787,126.793142,운영중,,,,전국도시철도역사정보표준데이터 (2026-06-30 기준),https://www.data.go.kr/data/15013205/standard.do,2026-09-03,경기도 부천시 소사로 지하 120 · 한국철도공사 · 개통월은 자료에 없음
서해선,지하철,신천역,,37.4391147,126.786835,운영중,,,,전국도시철도역사정보표준데이터 (2026-06-30 기준),https://www.data.go.kr/data/15013205/standard.do,2026-09-03,경기도 시흥시 서해안로 지하 1670 · 한국철도공사 · 개통월은 자료에 없음
서해선,지하철,신현역,,37.4091399,126.78788,운영중,,,,전국도시철도역사정보표준데이터 (2026-06-30 기준),https://www.data.go.kr/data/15013205/standard.do,2026-09-03,경기도 시승시 신현로 12번길 지하 2-10 · 한국철도공사 · 개통월은 자료에 없음
서해선,지하철,시흥시청역,,37.3814109,126.805946,운영중,,,,전국도시철도역사정보표준데이터 (2026-06-30 기준),https://www.data.go.kr/data/15013205/standard.do,2026-09-03,경기도 시흥시 시흥대로 지하 467 · 한국철도공사 · 개통월은 자료에 없음
서해선,지하철,시흥능곡역,,37.3699903,126.808594,운영중,,,,전국도시철도역사정보표준데이터 (2026-06-30 기준),https://www.data.go.kr/data/15013205/standard.do,2026-09-03,경기도 시흥시 시흥대로 지하 327 · 한국철도공사 · 개통월은 자료에 없음
서해선,지하철,달미역,,37.3490003,126.809318,운영중,,,,전국도시철도역사정보표준데이터 (2026-06-30 기준),https://www.data.go.kr/data/15013205/standard.do,2026-09-03,경기도 안산시 단원구 순환로 지하 160 · 한국철도공사 · 개통월은 자료에 없음
서해선,지하철,선부역,,37.33459,126.81,운영중,,,,전국도시철도역사정보표준데이터 (2026-06-30 기준),https://www.data.go.kr/data/15013205/standard.do,2026-09-03,경기도 안산시 단원구 선부광장로 34 · 한국철도공사 · 개통월은 자료에 없음
서해선,지하철,초지역,,37.320083,126.808051,운영중,,,,전국도시철도역사정보표준데이터 (2026-06-30 기준),https://www.data.go.kr/data/15013205/standard.do,2026-09-03,경기도 안산시 단원구 중앙대로 620 · 한국철도공사 · 개통월은 자료에 없음
서해선,지하철,시우역,,37.3130967,126.795503,운영중,,,,전국도시철도역사정보표준데이터 (2026-06-30 기준),https://www.data.go.kr/data/15013205/standard.do,2026-09-03,경기도 안산시 단원구 동산로 지하 50 · 한국철도공사 · 개통월은 자료에 없음
서해선,지하철,원시역,,37.302654,126.7867897,운영중,,,,전국도시철도역사정보표준데이터 (2026-06-30 기준),https://www.data.go.kr/data/15013205/standard.do,2026-09-03,경기도 안산시 단원구 선단로 지하 70 · 한국철도공사 · 개통월은 자료에 없음
