ym,sido,sigungu,lawd_cd,level,unsold
200701,서울,계,,시도,697
200701,서울,종로구,11110,시군구,
200701,서울,중구,11140,시군구,
200701,서울,용산구,11170,시군구,
200701,서울,성동구,11200,시군구,
200701,서울,광진구,11215,시군구,187
200701,서울,동대문구,11230,시군구,
200701,서울,중랑구,11260,시군구,
200701,서울,성북구,11290,시군구,404
200701,서울,강북구,11305,시군구,
200701,서울,도봉구,11320,시군구,
200701,서울,노원구,11350,시군구,
200701,서울,은평구,11380,시군구,
200701,서울,서대문구,11410,시군구,
200701,서울,마포구,11440,시군구,
200701,서울,양천구,11470,시군구,106
200701,서울,강서구,11500,시군구,
200701,서울,구로구,11530,시군구,
200701,서울,금천구,11545,시군구,
200701,서울,영등포구,11560,시군구,
200701,서울,동작구,11590,시군구,
200701,서울,관악구,11620,시군구,
200701,서울,서초구,11650,시군구,
200701,서울,강남구,11680,시군구,
200701,서울,송파구,11710,시군구,
200701,서울,강동구,11740,시군구,
200701,부산,계,,시도,8680
200701,대구,계,,시도,9467
200701,인천,계,,시도,243
200701,인천,중구,28110,시군구,0
200701,인천,동구,28140,시군구,0
200701,인천,미추홀구,28177,시군구,38
200701,인천,연수구,28185,시군구,0
200701,인천,남동구,28200,시군구,22
200701,인천,부평구,28237,시군구,127
200701,인천,계양구,28245,시군구,2
200701,인천,서구,28260,시군구,40
200701,인천,강화군,28710,시군구,14
200701,인천,옹진군,28720,시군구,
200701,광주,계,,시도,7005
200701,대전,계,,시도,819
200701,울산,계,,시도,1180
200701,경기,계,,시도,819
200701,경기,수원시,41111,시(구 합산),216
200701,경기,수원시,41113,시(구 합산),216
200701,경기,수원시,41115,시(구 합산),216
200701,경기,수원시,41117,시(구 합산),216
200701,경기,성남시,41131,시(구 합산),159
200701,경기,성남시,41133,시(구 합산),159
200701,경기,성남시,41135,시(구 합산),159
200701,경기,의정부시,41150,시군구,116
200701,경기,안양시,41171,시(구 합산),282
200701,경기,안양시,41173,시(구 합산),282
200701,경기,부천시,41192,시(구 합산),46
200701,경기,부천시,41194,시(구 합산),46
200701,경기,부천시,41196,시(구 합산),46
200701,경기,부천시,41190,시(구 합산),46
200701,경기,광명시,41210,시군구,1180
200701,경기,평택시,41220,시군구,73
200701,경기,동두천시,41250,시군구,619
200701,경기,안산시,41271,시(구 합산),24
200701,경기,안산시,41273,시(구 합산),24
200701,경기,고양시,41281,시(구 합산),104
200701,경기,고양시,41285,시(구 합산),104
200701,경기,고양시,41287,시(구 합산),104
200701,경기,과천시,41290,시군구,360
200701,경기,구리시,41310,시군구,32
200701,경기,남양주시,41360,시군구,204
200701,경기,오산시,41370,시군구,433
200701,경기,시흥시,41390,시군구,23
200701,경기,군포시,41410,시군구,0
200701,경기,의왕시,41430,시군구,0
200701,경기,하남시,41450,시군구,0
200701,경기,용인시,41461,시(구 합산),0
200701,경기,용인시,41463,시(구 합산),0
200701,경기,용인시,41465,시(구 합산),0
200701,경기,파주시,41480,시군구,1
200701,경기,이천시,41500,시군구,473
200701,경기,안성시,41550,시군구,619
200701,경기,김포시,41570,시군구,119
200701,경기,양주시,41630,시군구,
200701,경기,여주시,41670,시군구,167
200701,경기,화성시,41591,시(구 합산),117
200701,경기,화성시,41593,시(구 합산),117
200701,경기,화성시,41595,시(구 합산),117
200701,경기,화성시,41597,시(구 합산),117
200701,경기,화성시,41590,시(구 합산),117
200701,경기,광주시,41610,시군구,87
200701,경기,연천군,41800,시군구,262
200701,경기,포천시,41650,시군구,231
200701,경기,가평군,41820,시군구,
200701,경기,양평군,41830,시군구,
200701,강원,계,,시도,5312
200701,충북,계,,시도,2548
200701,충남,계,,시도,7449
200701,전북,계,,시도,5179
200701,전남,계,,시도,5374
200701,경북,계,,시도,6210
200701,경남,계,,시도,11772
200701,제주,계,,시도,77
200702,서울,계,,시도,590
200702,서울,종로구,11110,시군구,
200702,서울,중구,11140,시군구,
200702,서울,용산구,11170,시군구,
200702,서울,성동구,11200,시군구,
200702,서울,광진구,11215,시군구,107
200702,서울,동대문구,11230,시군구,
200702,서울,중랑구,11260,시군구,
200702,서울,성북구,11290,시군구,404
200702,서울,강북구,11305,시군구,
200702,서울,도봉구,11320,시군구,
200702,서울,노원구,11350,시군구,
200702,서울,은평구,11380,시군구,
200702,서울,서대문구,11410,시군구,
200702,서울,마포구,11440,시군구,
200702,서울,양천구,11470,시군구,79
200702,서울,강서구,11500,시군구,
200702,서울,구로구,11530,시군구,
200702,서울,금천구,11545,시군구,
200702,서울,영등포구,11560,시군구,
200702,서울,동작구,11590,시군구,
200702,서울,관악구,11620,시군구,
200702,서울,서초구,11650,시군구,
200702,서울,강남구,11680,시군구,
200702,서울,송파구,11710,시군구,
200702,서울,강동구,11740,시군구,
200702,부산,계,,시도,8576
200702,대구,계,,시도,9134
200702,인천,계,,시도,312
200702,인천,중구,28110,시군구,0
200702,인천,동구,28140,시군구,0
200702,인천,미추홀구,28177,시군구,38
200702,인천,연수구,28185,시군구,0
200702,인천,남동구,28200,시군구,17
200702,인천,부평구,28237,시군구,68
200702,인천,계양구,28245,시군구,2
200702,인천,서구,28260,시군구,178
200702,인천,강화군,28710,시군구,9
200702,인천,옹진군,28720,시군구,
200702,광주,계,,시도,6246
200702,대전,계,,시도,803
200702,울산,계,,시도,1210
200702,경기,계,,시도,3361
200702,경기,수원시,41111,시(구 합산),145
200702,경기,수원시,41113,시(구 합산),145
200702,경기,수원시,41115,시(구 합산),145
200702,경기,수원시,41117,시(구 합산),145
200702,경기,성남시,41131,시(구 합산),0
200702,경기,성남시,41133,시(구 합산),0
200702,경기,성남시,41135,시(구 합산),0
200702,경기,의정부시,41150,시군구,86
200702,경기,안양시,41171,시(구 합산),0
200702,경기,안양시,41173,시(구 합산),0
200702,경기,부천시,41192,시(구 합산),88
200702,경기,부천시,41194,시(구 합산),88
200702,경기,부천시,41196,시(구 합산),88
200702,경기,부천시,41190,시(구 합산),88
200702,경기,광명시,41210,시군구,0
200702,경기,평택시,41220,시군구,132
200702,경기,동두천시,41250,시군구,0
200702,경기,안산시,41271,시(구 합산),0
200702,경기,안산시,41273,시(구 합산),0
200702,경기,고양시,41281,시(구 합산),12
200702,경기,고양시,41285,시(구 합산),12
200702,경기,고양시,41287,시(구 합산),12
200702,경기,과천시,41290,시군구,0
200702,경기,구리시,41310,시군구,26
200702,경기,남양주시,41360,시군구,178
200702,경기,오산시,41370,시군구,433
200702,경기,시흥시,41390,시군구,69
200702,경기,군포시,41410,시군구,0
200702,경기,의왕시,41430,시군구,0
200702,경기,하남시,41450,시군구,0
200702,경기,용인시,41461,시(구 합산),0
200702,경기,용인시,41463,시(구 합산),0
200702,경기,용인시,41465,시(구 합산),0
200702,경기,파주시,41480,시군구,0
200702,경기,이천시,41500,시군구,473
200702,경기,안성시,41550,시군구,606
200702,경기,김포시,41570,시군구,38
200702,경기,양주시,41630,시군구,256
200702,경기,여주시,41670,시군구,155
200702,경기,화성시,41591,시(구 합산),96
200702,경기,화성시,41593,시(구 합산),96
200702,경기,화성시,41595,시(구 합산),96
200702,경기,화성시,41597,시(구 합산),96
200702,경기,화성시,41590,시(구 합산),96
200702,경기,광주시,41610,시군구,
200702,경기,연천군,41800,시군구,337
200702,경기,포천시,41650,시군구,231
200702,경기,가평군,41820,시군구,
200702,경기,양평군,41830,시군구,
200702,강원,계,,시도,5344
200702,충북,계,,시도,2645
200702,충남,계,,시도,7363
200702,전북,계,,시도,5098
200702,전남,계,,시도,5253
200702,경북,계,,시도,5952
200702,경남,계,,시도,11563
200702,제주,계,,시도,96
200703,서울,계,,시도,687
200703,서울,종로구,11110,시군구,
200703,서울,중구,11140,시군구,
200703,서울,용산구,11170,시군구,
200703,서울,성동구,11200,시군구,
200703,서울,광진구,11215,시군구,187
200703,서울,동대문구,11230,시군구,
200703,서울,중랑구,11260,시군구,
200703,서울,성북구,11290,시군구,404
200703,서울,강북구,11305,시군구,
200703,서울,도봉구,11320,시군구,
200703,서울,노원구,11350,시군구,
200703,서울,은평구,11380,시군구,
200703,서울,서대문구,11410,시군구,
200703,서울,마포구,11440,시군구,
200703,서울,양천구,11470,시군구,96
200703,서울,강서구,11500,시군구,
200703,서울,구로구,11530,시군구,
200703,서울,금천구,11545,시군구,
200703,서울,영등포구,11560,시군구,
200703,서울,동작구,11590,시군구,
200703,서울,관악구,11620,시군구,
200703,서울,서초구,11650,시군구,
200703,서울,강남구,11680,시군구,
200703,서울,송파구,11710,시군구,
200703,서울,강동구,11740,시군구,
200703,부산,계,,시도,8548
200703,대구,계,,시도,9189
200703,인천,계,,시도,266
200703,인천,중구,28110,시군구,0
200703,인천,동구,28140,시군구,0
200703,인천,미추홀구,28177,시군구,0
200703,인천,연수구,28185,시군구,0
200703,인천,남동구,28200,시군구,21
200703,인천,부평구,28237,시군구,68
200703,인천,계양구,28245,시군구,2
200703,인천,서구,28260,시군구,169
200703,인천,강화군,28710,시군구,6
200703,인천,옹진군,28720,시군구,
200703,광주,계,,시도,5905
200703,대전,계,,시도,1048
200703,울산,계,,시도,1687
200703,경기,계,,시도,2579
200703,경기,수원시,41111,시(구 합산),187
200703,경기,수원시,41113,시(구 합산),187
200703,경기,수원시,41115,시(구 합산),187
200703,경기,수원시,41117,시(구 합산),187
200703,경기,성남시,41131,시(구 합산),0
200703,경기,성남시,41133,시(구 합산),0
200703,경기,성남시,41135,시(구 합산),0
200703,경기,의정부시,41150,시군구,110
200703,경기,안양시,41171,시(구 합산),0
200703,경기,안양시,41173,시(구 합산),0
200703,경기,부천시,41192,시(구 합산),87
200703,경기,부천시,41194,시(구 합산),87
200703,경기,부천시,41196,시(구 합산),87
200703,경기,부천시,41190,시(구 합산),87
200703,경기,광명시,41210,시군구,0
200703,경기,평택시,41220,시군구,99
200703,경기,동두천시,41250,시군구,0
200703,경기,안산시,41271,시(구 합산),0
200703,경기,안산시,41273,시(구 합산),0
200703,경기,고양시,41281,시(구 합산),12
200703,경기,고양시,41285,시(구 합산),12
200703,경기,고양시,41287,시(구 합산),12
200703,경기,과천시,41290,시군구,0
200703,경기,구리시,41310,시군구,25
200703,경기,남양주시,41360,시군구,153
200703,경기,오산시,41370,시군구,0
200703,경기,시흥시,41390,시군구,40
200703,경기,군포시,41410,시군구,0
200703,경기,의왕시,41430,시군구,0
200703,경기,하남시,41450,시군구,0
200703,경기,용인시,41461,시(구 합산),0
200703,경기,용인시,41463,시(구 합산),0
200703,경기,용인시,41465,시(구 합산),0
200703,경기,파주시,41480,시군구,0
200703,경기,이천시,41500,시군구,218
200703,경기,안성시,41550,시군구,576
200703,경기,김포시,41570,시군구,38
200703,경기,양주시,41630,시군구,224
200703,경기,여주시,41670,시군구,144
200703,경기,화성시,41591,시(구 합산),98
200703,경기,화성시,41593,시(구 합산),98
200703,경기,화성시,41595,시(구 합산),98
200703,경기,화성시,41597,시(구 합산),98
200703,경기,화성시,41590,시(구 합산),98
200703,경기,광주시,41610,시군구,
200703,경기,연천군,41800,시군구,337
200703,경기,포천시,41650,시군구,231
200703,경기,가평군,41820,시군구,
200703,경기,양평군,41830,시군구,
200703,강원,계,,시도,5801
200703,충북,계,,시도,2565
200703,충남,계,,시도,7446
200703,전북,계,,시도,5184
200703,전남,계,,시도,4887
200703,경북,계,,시도,5854
200703,경남,계,,시도,11328
200703,제주,계,,시도,188
200704,서울,계,,시도,685
200704,서울,종로구,11110,시군구,
200704,서울,중구,11140,시군구,
200704,서울,용산구,11170,시군구,
200704,서울,성동구,11200,시군구,
200704,서울,광진구,11215,시군구,187
200704,서울,동대문구,11230,시군구,
200704,서울,중랑구,11260,시군구,
200704,서울,성북구,11290,시군구,404
200704,서울,강북구,11305,시군구,
200704,서울,도봉구,11320,시군구,
200704,서울,노원구,11350,시군구,
200704,서울,은평구,11380,시군구,
200704,서울,서대문구,11410,시군구,
200704,서울,마포구,11440,시군구,
200704,서울,양천구,11470,시군구,94
200704,서울,강서구,11500,시군구,
200704,서울,구로구,11530,시군구,
200704,서울,금천구,11545,시군구,
200704,서울,영등포구,11560,시군구,
200704,서울,동작구,11590,시군구,
200704,서울,관악구,11620,시군구,
200704,서울,서초구,11650,시군구,
200704,서울,강남구,11680,시군구,
200704,서울,송파구,11710,시군구,
200704,서울,강동구,11740,시군구,
200704,부산,계,,시도,8074
200704,대구,계,,시도,9009
200704,인천,계,,시도,219
200704,인천,중구,28110,시군구,0
200704,인천,동구,28140,시군구,0
200704,인천,미추홀구,28177,시군구,0
200704,인천,연수구,28185,시군구,0
200704,인천,남동구,28200,시군구,15
200704,인천,부평구,28237,시군구,38
200704,인천,계양구,28245,시군구,2
200704,인천,서구,28260,시군구,163
200704,인천,강화군,28710,시군구,1
200704,인천,옹진군,28720,시군구,
200704,광주,계,,시도,5829
200704,대전,계,,시도,1020
200704,울산,계,,시도,1521
200704,경기,계,,시도,2488
200704,경기,수원시,41111,시(구 합산),73
200704,경기,수원시,41113,시(구 합산),73
200704,경기,수원시,41115,시(구 합산),73
200704,경기,수원시,41117,시(구 합산),73
200704,경기,성남시,41131,시(구 합산),0
200704,경기,성남시,41133,시(구 합산),0
200704,경기,성남시,41135,시(구 합산),0
200704,경기,의정부시,41150,시군구,105
200704,경기,안양시,41171,시(구 합산),0
200704,경기,안양시,41173,시(구 합산),0
200704,경기,부천시,41192,시(구 합산),87
200704,경기,부천시,41194,시(구 합산),87
200704,경기,부천시,41196,시(구 합산),87
200704,경기,부천시,41190,시(구 합산),87
200704,경기,광명시,41210,시군구,0
200704,경기,평택시,41220,시군구,218
200704,경기,동두천시,41250,시군구,3
200704,경기,안산시,41271,시(구 합산),0
200704,경기,안산시,41273,시(구 합산),0
200704,경기,고양시,41281,시(구 합산),0
200704,경기,고양시,41285,시(구 합산),0
200704,경기,고양시,41287,시(구 합산),0
200704,경기,과천시,41290,시군구,0
200704,경기,구리시,41310,시군구,21
200704,경기,남양주시,41360,시군구,123
200704,경기,오산시,41370,시군구,0
200704,경기,시흥시,41390,시군구,25
200704,경기,군포시,41410,시군구,0
200704,경기,의왕시,41430,시군구,0
200704,경기,하남시,41450,시군구,0
200704,경기,용인시,41461,시(구 합산),0
200704,경기,용인시,41463,시(구 합산),0
200704,경기,용인시,41465,시(구 합산),0
200704,경기,파주시,41480,시군구,0
200704,경기,이천시,41500,시군구,218
200704,경기,안성시,41550,시군구,569
200704,경기,김포시,41570,시군구,38
200704,경기,양주시,41630,시군구,211
200704,경기,여주시,41670,시군구,131
200704,경기,화성시,41591,시(구 합산),98
200704,경기,화성시,41593,시(구 합산),98
200704,경기,화성시,41595,시(구 합산),98
200704,경기,화성시,41597,시(구 합산),98
200704,경기,화성시,41590,시(구 합산),98
200704,경기,광주시,41610,시군구,
200704,경기,연천군,41800,시군구,337
200704,경기,포천시,41650,시군구,231
200704,경기,가평군,41820,시군구,
200704,경기,양평군,41830,시군구,
200704,강원,계,,시도,5460
200704,충북,계,,시도,3632
200704,충남,계,,시도,8250
200704,전북,계,,시도,4812
200704,전남,계,,시도,4664
200704,경북,계,,시도,5419
200704,경남,계,,시도,12149
200704,제주,계,,시도,162
200705,서울,계,,시도,704
200705,서울,종로구,11110,시군구,19
200705,서울,중구,11140,시군구,
200705,서울,용산구,11170,시군구,
200705,서울,성동구,11200,시군구,
200705,서울,광진구,11215,시군구,187
200705,서울,동대문구,11230,시군구,
200705,서울,중랑구,11260,시군구,
200705,서울,성북구,11290,시군구,404
200705,서울,강북구,11305,시군구,
200705,서울,도봉구,11320,시군구,
200705,서울,노원구,11350,시군구,
200705,서울,은평구,11380,시군구,
200705,서울,서대문구,11410,시군구,
200705,서울,마포구,11440,시군구,
200705,서울,양천구,11470,시군구,94
200705,서울,강서구,11500,시군구,
200705,서울,구로구,11530,시군구,
200705,서울,금천구,11545,시군구,
200705,서울,영등포구,11560,시군구,
200705,서울,동작구,11590,시군구,
200705,서울,관악구,11620,시군구,
200705,서울,서초구,11650,시군구,
200705,서울,강남구,11680,시군구,
200705,서울,송파구,11710,시군구,
200705,서울,강동구,11740,시군구,
200705,부산,계,,시도,7964
200705,대구,계,,시도,10888
200705,인천,계,,시도,362
200705,인천,중구,28110,시군구,0
200705,인천,동구,28140,시군구,0
200705,인천,미추홀구,28177,시군구,167
200705,인천,연수구,28185,시군구,0
200705,인천,남동구,28200,시군구,10
200705,인천,부평구,28237,시군구,37
200705,인천,계양구,28245,시군구,2
200705,인천,서구,28260,시군구,144
200705,인천,강화군,28710,시군구,2
200705,인천,옹진군,28720,시군구,
200705,광주,계,,시도,7842
200705,대전,계,,시도,957
200705,울산,계,,시도,1500
200705,경기,계,,시도,2488
200705,경기,수원시,41111,시(구 합산),73
200705,경기,수원시,41113,시(구 합산),73
200705,경기,수원시,41115,시(구 합산),73
200705,경기,수원시,41117,시(구 합산),73
200705,경기,성남시,41131,시(구 합산),0
200705,경기,성남시,41133,시(구 합산),0
200705,경기,성남시,41135,시(구 합산),0
200705,경기,의정부시,41150,시군구,105
200705,경기,안양시,41171,시(구 합산),0
200705,경기,안양시,41173,시(구 합산),0
200705,경기,부천시,41192,시(구 합산),87
200705,경기,부천시,41194,시(구 합산),87
200705,경기,부천시,41196,시(구 합산),87
200705,경기,부천시,41190,시(구 합산),87
200705,경기,광명시,41210,시군구,0
200705,경기,평택시,41220,시군구,218
200705,경기,동두천시,41250,시군구,3
200705,경기,안산시,41271,시(구 합산),0
200705,경기,안산시,41273,시(구 합산),0
200705,경기,고양시,41281,시(구 합산),0
200705,경기,고양시,41285,시(구 합산),0
200705,경기,고양시,41287,시(구 합산),0
200705,경기,과천시,41290,시군구,0
200705,경기,구리시,41310,시군구,21
200705,경기,남양주시,41360,시군구,123
200705,경기,오산시,41370,시군구,0
200705,경기,시흥시,41390,시군구,25
200705,경기,군포시,41410,시군구,0
200705,경기,의왕시,41430,시군구,0
200705,경기,하남시,41450,시군구,0
200705,경기,용인시,41461,시(구 합산),0
200705,경기,용인시,41463,시(구 합산),0
200705,경기,용인시,41465,시(구 합산),0
200705,경기,파주시,41480,시군구,0
200705,경기,이천시,41500,시군구,218
200705,경기,안성시,41550,시군구,569
200705,경기,김포시,41570,시군구,38
200705,경기,양주시,41630,시군구,211
200705,경기,여주시,41670,시군구,131
200705,경기,화성시,41591,시(구 합산),98
200705,경기,화성시,41593,시(구 합산),98
200705,경기,화성시,41595,시(구 합산),98
200705,경기,화성시,41597,시(구 합산),98
200705,경기,화성시,41590,시(구 합산),98
200705,경기,광주시,41610,시군구,
200705,경기,연천군,41800,시군구,337
200705,경기,포천시,41650,시군구,231
200705,경기,가평군,41820,시군구,
200705,경기,양평군,41830,시군구,
200705,강원,계,,시도,5212
200705,충북,계,,시도,4012
200705,충남,계,,시도,9195
200705,전북,계,,시도,4625
200705,전남,계,,시도,4640
200705,경북,계,,시도,6303
200705,경남,계,,시도,11723
200705,제주,계,,시도,156
200706,서울,계,,시도,778
200706,서울,종로구,11110,시군구,93
200706,서울,중구,11140,시군구,
200706,서울,용산구,11170,시군구,
200706,서울,성동구,11200,시군구,
200706,서울,광진구,11215,시군구,187
200706,서울,동대문구,11230,시군구,
200706,서울,중랑구,11260,시군구,
200706,서울,성북구,11290,시군구,404
200706,서울,강북구,11305,시군구,
200706,서울,도봉구,11320,시군구,
200706,서울,노원구,11350,시군구,
200706,서울,은평구,11380,시군구,
200706,서울,서대문구,11410,시군구,
200706,서울,마포구,11440,시군구,
200706,서울,양천구,11470,시군구,94
200706,서울,강서구,11500,시군구,
200706,서울,구로구,11530,시군구,
200706,서울,금천구,11545,시군구,
200706,서울,영등포구,11560,시군구,
200706,서울,동작구,11590,시군구,
200706,서울,관악구,11620,시군구,
200706,서울,서초구,11650,시군구,
200706,서울,강남구,11680,시군구,
200706,서울,송파구,11710,시군구,
200706,서울,강동구,11740,시군구,
200706,부산,계,,시도,9212
200706,대구,계,,시도,12489
200706,인천,계,,시도,883
200706,인천,중구,28110,시군구,0
200706,인천,동구,28140,시군구,0
200706,인천,미추홀구,28177,시군구,256
200706,인천,연수구,28185,시군구,0
200706,인천,남동구,28200,시군구,8
200706,인천,부평구,28237,시군구,482
200706,인천,계양구,28245,시군구,3
200706,인천,서구,28260,시군구,132
200706,인천,강화군,28710,시군구,2
200706,인천,옹진군,28720,시군구,
200706,광주,계,,시도,8272
200706,대전,계,,시도,1179
200706,울산,계,,시도,1528
200706,경기,계,,시도,3899
200706,경기,수원시,41111,시(구 합산),154
200706,경기,수원시,41113,시(구 합산),154
200706,경기,수원시,41115,시(구 합산),154
200706,경기,수원시,41117,시(구 합산),154
200706,경기,성남시,41131,시(구 합산),0
200706,경기,성남시,41133,시(구 합산),0
200706,경기,성남시,41135,시(구 합산),0
200706,경기,의정부시,41150,시군구,103
200706,경기,안양시,41171,시(구 합산),0
200706,경기,안양시,41173,시(구 합산),0
200706,경기,부천시,41192,시(구 합산),87
200706,경기,부천시,41194,시(구 합산),87
200706,경기,부천시,41196,시(구 합산),87
200706,경기,부천시,41190,시(구 합산),87
200706,경기,광명시,41210,시군구,0
200706,경기,평택시,41220,시군구,249
200706,경기,동두천시,41250,시군구,336
200706,경기,안산시,41271,시(구 합산),0
200706,경기,안산시,41273,시(구 합산),0
200706,경기,고양시,41281,시(구 합산),317
200706,경기,고양시,41285,시(구 합산),317
200706,경기,고양시,41287,시(구 합산),317
200706,경기,과천시,41290,시군구,0
200706,경기,구리시,41310,시군구,58
200706,경기,남양주시,41360,시군구,129
200706,경기,오산시,41370,시군구,0
200706,경기,시흥시,41390,시군구,17
200706,경기,군포시,41410,시군구,0
200706,경기,의왕시,41430,시군구,0
200706,경기,하남시,41450,시군구,0
200706,경기,용인시,41461,시(구 합산),0
200706,경기,용인시,41463,시(구 합산),0
200706,경기,용인시,41465,시(구 합산),0
200706,경기,파주시,41480,시군구,220
200706,경기,이천시,41500,시군구,456
200706,경기,안성시,41550,시군구,500
200706,경기,김포시,41570,시군구,119
200706,경기,양주시,41630,시군구,172
200706,경기,여주시,41670,시군구,53
200706,경기,화성시,41591,시(구 합산),311
200706,경기,화성시,41593,시(구 합산),311
200706,경기,화성시,41595,시(구 합산),311
200706,경기,화성시,41597,시(구 합산),311
200706,경기,화성시,41590,시(구 합산),311
200706,경기,광주시,41610,시군구,
200706,경기,연천군,41800,시군구,337
200706,경기,포천시,41650,시군구,231
200706,경기,가평군,41820,시군구,50
200706,경기,양평군,41830,시군구,
200706,강원,계,,시도,6642
200706,충북,계,,시도,4078
200706,충남,계,,시도,11245
200706,전북,계,,시도,4662
200706,전남,계,,시도,5168
200706,경북,계,,시도,7665
200706,경남,계,,시도,12072
200706,제주,계,,시도,152
200707,서울,계,,시도,840
200707,서울,종로구,11110,시군구,89
200707,서울,중구,11140,시군구,
200707,서울,용산구,11170,시군구,
200707,서울,성동구,11200,시군구,
200707,서울,광진구,11215,시군구,187
200707,서울,동대문구,11230,시군구,
200707,서울,중랑구,11260,시군구,
200707,서울,성북구,11290,시군구,404
200707,서울,강북구,11305,시군구,106
200707,서울,도봉구,11320,시군구,
200707,서울,노원구,11350,시군구,
200707,서울,은평구,11380,시군구,
200707,서울,서대문구,11410,시군구,
200707,서울,마포구,11440,시군구,
200707,서울,양천구,11470,시군구,50
200707,서울,강서구,11500,시군구,
200707,서울,구로구,11530,시군구,
200707,서울,금천구,11545,시군구,
200707,서울,영등포구,11560,시군구,
200707,서울,동작구,11590,시군구,
200707,서울,관악구,11620,시군구,
200707,서울,서초구,11650,시군구,4
200707,서울,강남구,11680,시군구,
200707,서울,송파구,11710,시군구,
200707,서울,강동구,11740,시군구,
200707,부산,계,,시도,9557
200707,대구,계,,시도,12179
200707,인천,계,,시도,797
200707,인천,중구,28110,시군구,0
200707,인천,동구,28140,시군구,0
200707,인천,미추홀구,28177,시군구,209
200707,인천,연수구,28185,시군구,0
200707,인천,남동구,28200,시군구,6
200707,인천,부평구,28237,시군구,454
200707,인천,계양구,28245,시군구,3
200707,인천,서구,28260,시군구,125
200707,인천,강화군,28710,시군구,0
200707,인천,옹진군,28720,시군구,
200707,광주,계,,시도,7186
200707,대전,계,,시도,1191
200707,울산,계,,시도,1741
200707,경기,계,,시도,3883
200707,경기,수원시,41111,시(구 합산),149
200707,경기,수원시,41113,시(구 합산),149
200707,경기,수원시,41115,시(구 합산),149
200707,경기,수원시,41117,시(구 합산),149
200707,경기,성남시,41131,시(구 합산),0
200707,경기,성남시,41133,시(구 합산),0
200707,경기,성남시,41135,시(구 합산),0
200707,경기,의정부시,41150,시군구,133
200707,경기,안양시,41171,시(구 합산),0
200707,경기,안양시,41173,시(구 합산),0
200707,경기,부천시,41192,시(구 합산),80
200707,경기,부천시,41194,시(구 합산),80
200707,경기,부천시,41196,시(구 합산),80
200707,경기,부천시,41190,시(구 합산),80
200707,경기,광명시,41210,시군구,0
200707,경기,평택시,41220,시군구,180
200707,경기,동두천시,41250,시군구,62
200707,경기,안산시,41271,시(구 합산),0
200707,경기,안산시,41273,시(구 합산),0
200707,경기,고양시,41281,시(구 합산),292
200707,경기,고양시,41285,시(구 합산),292
200707,경기,고양시,41287,시(구 합산),292
200707,경기,과천시,41290,시군구,0
200707,경기,구리시,41310,시군구,58
200707,경기,남양주시,41360,시군구,537
200707,경기,오산시,41370,시군구,0
200707,경기,시흥시,41390,시군구,8
200707,경기,군포시,41410,시군구,0
200707,경기,의왕시,41430,시군구,0
200707,경기,하남시,41450,시군구,0
200707,경기,용인시,41461,시(구 합산),0
200707,경기,용인시,41463,시(구 합산),0
200707,경기,용인시,41465,시(구 합산),0
200707,경기,파주시,41480,시군구,196
200707,경기,이천시,41500,시군구,455
200707,경기,안성시,41550,시군구,460
200707,경기,김포시,41570,시군구,175
200707,경기,양주시,41630,시군구,168
200707,경기,여주시,41670,시군구,16
200707,경기,화성시,41591,시(구 합산),296
200707,경기,화성시,41593,시(구 합산),296
200707,경기,화성시,41595,시(구 합산),296
200707,경기,화성시,41597,시(구 합산),296
200707,경기,화성시,41590,시(구 합산),296
200707,경기,광주시,41610,시군구,
200707,경기,연천군,41800,시군구,337
200707,경기,포천시,41650,시군구,231
200707,경기,가평군,41820,시군구,50
200707,경기,양평군,41830,시군구,
200707,강원,계,,시도,6850
200707,충북,계,,시도,4263
200707,충남,계,,시도,10707
200707,전북,계,,시도,5289
200707,전남,계,,시도,5041
200707,경북,계,,시도,8541
200707,경남,계,,시도,12414
200707,제주,계,,시도,179
200708,서울,계,,시도,730
200708,서울,종로구,11110,시군구,89
200708,서울,중구,11140,시군구,0
200708,서울,용산구,11170,시군구,0
200708,서울,성동구,11200,시군구,0
200708,서울,광진구,11215,시군구,187
200708,서울,동대문구,11230,시군구,0
200708,서울,중랑구,11260,시군구,0
200708,서울,성북구,11290,시군구,404
200708,서울,강북구,11305,시군구,0
200708,서울,도봉구,11320,시군구,0
200708,서울,노원구,11350,시군구,0
200708,서울,은평구,11380,시군구,0
200708,서울,서대문구,11410,시군구,0
200708,서울,마포구,11440,시군구,0
200708,서울,양천구,11470,시군구,50
200708,서울,강서구,11500,시군구,0
200708,서울,구로구,11530,시군구,0
200708,서울,금천구,11545,시군구,0
200708,서울,영등포구,11560,시군구,0
200708,서울,동작구,11590,시군구,0
200708,서울,관악구,11620,시군구,0
200708,서울,서초구,11650,시군구,0
200708,서울,강남구,11680,시군구,0
200708,서울,송파구,11710,시군구,0
200708,서울,강동구,11740,시군구,0
200708,부산,계,,시도,9925
200708,대구,계,,시도,12075
200708,인천,계,,시도,635
200708,인천,중구,28110,시군구,0
200708,인천,동구,28140,시군구,0
200708,인천,미추홀구,28177,시군구,152
200708,인천,연수구,28185,시군구,0
200708,인천,남동구,28200,시군구,6
200708,인천,부평구,28237,시군구,351
200708,인천,계양구,28245,시군구,3
200708,인천,서구,28260,시군구,123
200708,인천,강화군,28710,시군구,0
200708,인천,옹진군,28720,시군구,0
200708,광주,계,,시도,7433
200708,대전,계,,시도,1478
200708,울산,계,,시도,1564
200708,경기,계,,시도,4452
200708,경기,수원시,41111,시(구 합산),149
200708,경기,수원시,41113,시(구 합산),149
200708,경기,수원시,41115,시(구 합산),149
200708,경기,수원시,41117,시(구 합산),149
200708,경기,성남시,41131,시(구 합산),0
200708,경기,성남시,41133,시(구 합산),0
200708,경기,성남시,41135,시(구 합산),0
200708,경기,의정부시,41150,시군구,112
200708,경기,안양시,41171,시(구 합산),0
200708,경기,안양시,41173,시(구 합산),0
200708,경기,부천시,41192,시(구 합산),80
200708,경기,부천시,41194,시(구 합산),80
200708,경기,부천시,41196,시(구 합산),80
200708,경기,부천시,41190,시(구 합산),80
200708,경기,광명시,41210,시군구,0
200708,경기,평택시,41220,시군구,154
200708,경기,동두천시,41250,시군구,0
200708,경기,안산시,41271,시(구 합산),0
200708,경기,안산시,41273,시(구 합산),0
200708,경기,고양시,41281,시(구 합산),265
200708,경기,고양시,41285,시(구 합산),265
200708,경기,고양시,41287,시(구 합산),265
200708,경기,과천시,41290,시군구,0
200708,경기,구리시,41310,시군구,56
200708,경기,남양주시,41360,시군구,815
200708,경기,오산시,41370,시군구,0
200708,경기,시흥시,41390,시군구,8
200708,경기,군포시,41410,시군구,50
200708,경기,의왕시,41430,시군구,0
200708,경기,하남시,41450,시군구,0
200708,경기,용인시,41461,시(구 합산),0
200708,경기,용인시,41463,시(구 합산),0
200708,경기,용인시,41465,시(구 합산),0
200708,경기,파주시,41480,시군구,174
200708,경기,이천시,41500,시군구,455
200708,경기,안성시,41550,시군구,428
200708,경기,김포시,41570,시군구,174
200708,경기,양주시,41630,시군구,683
200708,경기,여주시,41670,시군구,16
200708,경기,화성시,41591,시(구 합산),251
200708,경기,화성시,41593,시(구 합산),251
200708,경기,화성시,41595,시(구 합산),251
200708,경기,화성시,41597,시(구 합산),251
200708,경기,화성시,41590,시(구 합산),251
200708,경기,광주시,41610,시군구,0
200708,경기,연천군,41800,시군구,301
200708,경기,포천시,41650,시군구,231
200708,경기,가평군,41820,시군구,50
200708,경기,양평군,41830,시군구,0
200708,강원,계,,시도,6625
200708,충북,계,,시도,4378
200708,충남,계,,시도,10930
200708,전북,계,,시도,5202
200708,전남,계,,시도,5150
200708,경북,계,,시도,8389
200708,경남,계,,시도,12576
200708,제주,계,,시도,172
200709,서울,계,,시도,724
200709,서울,종로구,11110,시군구,89
200709,서울,중구,11140,시군구,
200709,서울,용산구,11170,시군구,
200709,서울,성동구,11200,시군구,
200709,서울,광진구,11215,시군구,187
200709,서울,동대문구,11230,시군구,
200709,서울,중랑구,11260,시군구,
200709,서울,성북구,11290,시군구,404
200709,서울,강북구,11305,시군구,
200709,서울,도봉구,11320,시군구,
200709,서울,노원구,11350,시군구,
200709,서울,은평구,11380,시군구,
200709,서울,서대문구,11410,시군구,
200709,서울,마포구,11440,시군구,
200709,서울,양천구,11470,시군구,44
200709,서울,강서구,11500,시군구,
200709,서울,구로구,11530,시군구,
200709,서울,금천구,11545,시군구,
200709,서울,영등포구,11560,시군구,
200709,서울,동작구,11590,시군구,
200709,서울,관악구,11620,시군구,
200709,서울,서초구,11650,시군구,
200709,서울,강남구,11680,시군구,
200709,서울,송파구,11710,시군구,
200709,서울,강동구,11740,시군구,
200709,부산,계,,시도,10739
200709,대구,계,,시도,11944
200709,인천,계,,시도,507
200709,인천,중구,28110,시군구,0
200709,인천,동구,28140,시군구,0
200709,인천,미추홀구,28177,시군구,108
200709,인천,연수구,28185,시군구,0
200709,인천,남동구,28200,시군구,6
200709,인천,부평구,28237,시군구,267
200709,인천,계양구,28245,시군구,3
200709,인천,서구,28260,시군구,123
200709,인천,강화군,28710,시군구,0
200709,인천,옹진군,28720,시군구,
200709,광주,계,,시도,7294
200709,대전,계,,시도,2095
200709,울산,계,,시도,3240
200709,경기,계,,시도,7906
200709,경기,수원시,41111,시(구 합산),149
200709,경기,수원시,41113,시(구 합산),149
200709,경기,수원시,41115,시(구 합산),149
200709,경기,수원시,41117,시(구 합산),149
200709,경기,성남시,41131,시(구 합산),0
200709,경기,성남시,41133,시(구 합산),0
200709,경기,성남시,41135,시(구 합산),0
200709,경기,의정부시,41150,시군구,86
200709,경기,안양시,41171,시(구 합산),0
200709,경기,안양시,41173,시(구 합산),0
200709,경기,부천시,41192,시(구 합산),73
200709,경기,부천시,41194,시(구 합산),73
200709,경기,부천시,41196,시(구 합산),73
200709,경기,부천시,41190,시(구 합산),73
200709,경기,광명시,41210,시군구,0
200709,경기,평택시,41220,시군구,159
200709,경기,동두천시,41250,시군구,29
200709,경기,안산시,41271,시(구 합산),0
200709,경기,안산시,41273,시(구 합산),0
200709,경기,고양시,41281,시(구 합산),244
200709,경기,고양시,41285,시(구 합산),244
200709,경기,고양시,41287,시(구 합산),244
200709,경기,과천시,41290,시군구,0
200709,경기,구리시,41310,시군구,127
200709,경기,남양주시,41360,시군구,3397
200709,경기,오산시,41370,시군구,0
200709,경기,시흥시,41390,시군구,6
200709,경기,군포시,41410,시군구,88
200709,경기,의왕시,41430,시군구,0
200709,경기,하남시,41450,시군구,0
200709,경기,용인시,41461,시(구 합산),0
200709,경기,용인시,41463,시(구 합산),0
200709,경기,용인시,41465,시(구 합산),0
200709,경기,파주시,41480,시군구,157
200709,경기,이천시,41500,시군구,455
200709,경기,안성시,41550,시군구,736
200709,경기,김포시,41570,시군구,174
200709,경기,양주시,41630,시군구,1102
200709,경기,여주시,41670,시군구,
200709,경기,화성시,41591,시(구 합산),342
200709,경기,화성시,41593,시(구 합산),342
200709,경기,화성시,41595,시(구 합산),342
200709,경기,화성시,41597,시(구 합산),342
200709,경기,화성시,41590,시(구 합산),342
200709,경기,광주시,41610,시군구,
200709,경기,연천군,41800,시군구,301
200709,경기,포천시,41650,시군구,231
200709,경기,가평군,41820,시군구,50
200709,경기,양평군,41830,시군구,
200709,강원,계,,시도,6558
200709,충북,계,,시도,4167
200709,충남,계,,시도,10963
200709,전북,계,,시도,4903
200709,전남,계,,시도,5532
200709,경북,계,,시도,8683
200709,경남,계,,시도,12811
200709,제주,계,,시도,169
200710,서울,계,,시도,977
200710,서울,종로구,11110,시군구,89
200710,서울,중구,11140,시군구,
200710,서울,용산구,11170,시군구,
200710,서울,성동구,11200,시군구,
200710,서울,광진구,11215,시군구,187
200710,서울,동대문구,11230,시군구,
200710,서울,중랑구,11260,시군구,
200710,서울,성북구,11290,시군구,404
200710,서울,강북구,11305,시군구,
200710,서울,도봉구,11320,시군구,
200710,서울,노원구,11350,시군구,
200710,서울,은평구,11380,시군구,
200710,서울,서대문구,11410,시군구,
200710,서울,마포구,11440,시군구,
200710,서울,양천구,11470,시군구,297
200710,서울,강서구,11500,시군구,
200710,서울,구로구,11530,시군구,
200710,서울,금천구,11545,시군구,
200710,서울,영등포구,11560,시군구,
200710,서울,동작구,11590,시군구,
200710,서울,관악구,11620,시군구,
200710,서울,서초구,11650,시군구,
200710,서울,강남구,11680,시군구,
200710,서울,송파구,11710,시군구,
200710,서울,강동구,11740,시군구,
200710,부산,계,,시도,12012
200710,대구,계,,시도,11879
200710,인천,계,,시도,330
200710,인천,중구,28110,시군구,0
200710,인천,동구,28140,시군구,0
200710,인천,미추홀구,28177,시군구,68
200710,인천,연수구,28185,시군구,0
200710,인천,남동구,28200,시군구,6
200710,인천,부평구,28237,시군구,144
200710,인천,계양구,28245,시군구,3
200710,인천,서구,28260,시군구,109
200710,인천,강화군,28710,시군구,0
200710,인천,옹진군,28720,시군구,
200710,광주,계,,시도,7600
200710,대전,계,,시도,2088
200710,울산,계,,시도,3590
200710,경기,계,,시도,8573
200710,경기,수원시,41111,시(구 합산),729
200710,경기,수원시,41113,시(구 합산),729
200710,경기,수원시,41115,시(구 합산),729
200710,경기,수원시,41117,시(구 합산),729
200710,경기,성남시,41131,시(구 합산),0
200710,경기,성남시,41133,시(구 합산),0
200710,경기,성남시,41135,시(구 합산),0
200710,경기,의정부시,41150,시군구,75
200710,경기,안양시,41171,시(구 합산),0
200710,경기,안양시,41173,시(구 합산),0
200710,경기,부천시,41192,시(구 합산),175
200710,경기,부천시,41194,시(구 합산),175
200710,경기,부천시,41196,시(구 합산),175
200710,경기,부천시,41190,시(구 합산),175
200710,경기,광명시,41210,시군구,0
200710,경기,평택시,41220,시군구,327
200710,경기,동두천시,41250,시군구,13
200710,경기,안산시,41271,시(구 합산),0
200710,경기,안산시,41273,시(구 합산),0
200710,경기,고양시,41281,시(구 합산),612
200710,경기,고양시,41285,시(구 합산),612
200710,경기,고양시,41287,시(구 합산),612
200710,경기,과천시,41290,시군구,0
200710,경기,구리시,41310,시군구,126
200710,경기,남양주시,41360,시군구,2986
200710,경기,오산시,41370,시군구,0
200710,경기,시흥시,41390,시군구,6
200710,경기,군포시,41410,시군구,137
200710,경기,의왕시,41430,시군구,0
200710,경기,하남시,41450,시군구,0
200710,경기,용인시,41461,시(구 합산),0
200710,경기,용인시,41463,시(구 합산),0
200710,경기,용인시,41465,시(구 합산),0
200710,경기,파주시,41480,시군구,133
200710,경기,이천시,41500,시군구,455
200710,경기,안성시,41550,시군구,691
200710,경기,김포시,41570,시군구,174
200710,경기,양주시,41630,시군구,1166
200710,경기,여주시,41670,시군구,
200710,경기,화성시,41591,시(구 합산),186
200710,경기,화성시,41593,시(구 합산),186
200710,경기,화성시,41595,시(구 합산),186
200710,경기,화성시,41597,시(구 합산),186
200710,경기,화성시,41590,시(구 합산),186
200710,경기,광주시,41610,시군구,
200710,경기,연천군,41800,시군구,301
200710,경기,포천시,41650,시군구,231
200710,경기,가평군,41820,시군구,50
200710,경기,양평군,41830,시군구,
200710,강원,계,,시도,6673
200710,충북,계,,시도,4152
200710,충남,계,,시도,11332
200710,전북,계,,시도,4536
200710,전남,계,,시도,5641
200710,경북,계,,시도,8676
200710,경남,계,,시도,12694
200710,제주,계,,시도,134
200711,서울,계,,시도,1081
200711,서울,종로구,11110,시군구,81
200711,서울,중구,11140,시군구,133
200711,서울,용산구,11170,시군구,
200711,서울,성동구,11200,시군구,
200711,서울,광진구,11215,시군구,187
200711,서울,동대문구,11230,시군구,
200711,서울,중랑구,11260,시군구,
200711,서울,성북구,11290,시군구,404
200711,서울,강북구,11305,시군구,
200711,서울,도봉구,11320,시군구,
200711,서울,노원구,11350,시군구,
200711,서울,은평구,11380,시군구,
200711,서울,서대문구,11410,시군구,
200711,서울,마포구,11440,시군구,
200711,서울,양천구,11470,시군구,254
200711,서울,강서구,11500,시군구,
200711,서울,구로구,11530,시군구,
200711,서울,금천구,11545,시군구,
200711,서울,영등포구,11560,시군구,
200711,서울,동작구,11590,시군구,
200711,서울,관악구,11620,시군구,
200711,서울,서초구,11650,시군구,22
200711,서울,강남구,11680,시군구,
200711,서울,송파구,11710,시군구,
200711,서울,강동구,11740,시군구,
200711,부산,계,,시도,11213
200711,대구,계,,시도,12212
200711,인천,계,,시도,308
200711,인천,중구,28110,시군구,0
200711,인천,동구,28140,시군구,0
200711,인천,미추홀구,28177,시군구,52
200711,인천,연수구,28185,시군구,0
200711,인천,남동구,28200,시군구,6
200711,인천,부평구,28237,시군구,138
200711,인천,계양구,28245,시군구,3
200711,인천,서구,28260,시군구,109
200711,인천,강화군,28710,시군구,0
200711,인천,옹진군,28720,시군구,
200711,광주,계,,시도,7911
200711,대전,계,,시도,2017
200711,울산,계,,시도,3536
200711,경기,계,,시도,9453
200711,경기,수원시,41111,시(구 합산),823
200711,경기,수원시,41113,시(구 합산),823
200711,경기,수원시,41115,시(구 합산),823
200711,경기,수원시,41117,시(구 합산),823
200711,경기,성남시,41131,시(구 합산),0
200711,경기,성남시,41133,시(구 합산),0
200711,경기,성남시,41135,시(구 합산),0
200711,경기,의정부시,41150,시군구,106
200711,경기,안양시,41171,시(구 합산),0
200711,경기,안양시,41173,시(구 합산),0
200711,경기,부천시,41192,시(구 합산),77
200711,경기,부천시,41194,시(구 합산),77
200711,경기,부천시,41196,시(구 합산),77
200711,경기,부천시,41190,시(구 합산),77
200711,경기,광명시,41210,시군구,0
200711,경기,평택시,41220,시군구,248
200711,경기,동두천시,41250,시군구,0
200711,경기,안산시,41271,시(구 합산),0
200711,경기,안산시,41273,시(구 합산),0
200711,경기,고양시,41281,시(구 합산),575
200711,경기,고양시,41285,시(구 합산),575
200711,경기,고양시,41287,시(구 합산),575
200711,경기,과천시,41290,시군구,0
200711,경기,구리시,41310,시군구,121
200711,경기,남양주시,41360,시군구,2719
200711,경기,오산시,41370,시군구,0
200711,경기,시흥시,41390,시군구,6
200711,경기,군포시,41410,시군구,139
200711,경기,의왕시,41430,시군구,0
200711,경기,하남시,41450,시군구,0
200711,경기,용인시,41461,시(구 합산),0
200711,경기,용인시,41463,시(구 합산),0
200711,경기,용인시,41465,시(구 합산),0
200711,경기,파주시,41480,시군구,1187
200711,경기,이천시,41500,시군구,658
200711,경기,안성시,41550,시군구,634
200711,경기,김포시,41570,시군구,174
200711,경기,양주시,41630,시군구,1236
200711,경기,여주시,41670,시군구,
200711,경기,화성시,41591,시(구 합산),168
200711,경기,화성시,41593,시(구 합산),168
200711,경기,화성시,41595,시(구 합산),168
200711,경기,화성시,41597,시(구 합산),168
200711,경기,화성시,41590,시(구 합산),168
200711,경기,광주시,41610,시군구,
200711,경기,연천군,41800,시군구,301
200711,경기,포천시,41650,시군구,231
200711,경기,가평군,41820,시군구,50
200711,경기,양평군,41830,시군구,
200711,강원,계,,시도,6739
200711,충북,계,,시도,4234
200711,충남,계,,시도,11500
200711,전북,계,,시도,4030
200711,전남,계,,시도,4726
200711,경북,계,,시도,8523
200711,경남,계,,시도,13884
200711,제주,계,,시도,133
200712,서울,계,,시도,454
200712,서울,종로구,11110,시군구,73
200712,서울,중구,11140,시군구,110
200712,서울,용산구,11170,시군구,0
200712,서울,성동구,11200,시군구,0
200712,서울,광진구,11215,시군구,32
200712,서울,동대문구,11230,시군구,0
200712,서울,중랑구,11260,시군구,0
200712,서울,성북구,11290,시군구,0
200712,서울,강북구,11305,시군구,0
200712,서울,도봉구,11320,시군구,0
200712,서울,노원구,11350,시군구,0
200712,서울,은평구,11380,시군구,0
200712,서울,서대문구,11410,시군구,0
200712,서울,마포구,11440,시군구,0
200712,서울,양천구,11470,시군구,239
200712,서울,강서구,11500,시군구,0
200712,서울,구로구,11530,시군구,0
200712,서울,금천구,11545,시군구,0
200712,서울,영등포구,11560,시군구,0
200712,서울,동작구,11590,시군구,0
200712,서울,관악구,11620,시군구,0
200712,서울,서초구,11650,시군구,
200712,서울,강남구,11680,시군구,
200712,서울,송파구,11710,시군구,
200712,서울,강동구,11740,시군구,
200712,부산,계,,시도,11502
200712,대구,계,,시도,12199
200712,인천,계,,시도,527
200712,인천,중구,28110,시군구,0
200712,인천,동구,28140,시군구,0
200712,인천,미추홀구,28177,시군구,51
200712,인천,연수구,28185,시군구,0
200712,인천,남동구,28200,시군구,6
200712,인천,부평구,28237,시군구,133
200712,인천,계양구,28245,시군구,228
200712,인천,서구,28260,시군구,109
200712,인천,강화군,28710,시군구,0
200712,인천,옹진군,28720,시군구,
200712,광주,계,,시도,7940
200712,대전,계,,시도,1881
200712,울산,계,,시도,7672
200712,경기,계,,시도,13643
200712,경기,수원시,41111,시(구 합산),1364
200712,경기,수원시,41113,시(구 합산),1364
200712,경기,수원시,41115,시(구 합산),1364
200712,경기,수원시,41117,시(구 합산),1364
200712,경기,성남시,41131,시(구 합산),0
200712,경기,성남시,41133,시(구 합산),0
200712,경기,성남시,41135,시(구 합산),0
200712,경기,의정부시,41150,시군구,77
200712,경기,안양시,41171,시(구 합산),0
200712,경기,안양시,41173,시(구 합산),0
200712,경기,부천시,41192,시(구 합산),73
200712,경기,부천시,41194,시(구 합산),73
200712,경기,부천시,41196,시(구 합산),73
200712,경기,부천시,41190,시(구 합산),73
200712,경기,광명시,41210,시군구,0
200712,경기,평택시,41220,시군구,189
200712,경기,동두천시,41250,시군구,0
200712,경기,안산시,41271,시(구 합산),0
200712,경기,안산시,41273,시(구 합산),0
200712,경기,고양시,41281,시(구 합산),556
200712,경기,고양시,41285,시(구 합산),556
200712,경기,고양시,41287,시(구 합산),556
200712,경기,과천시,41290,시군구,0
200712,경기,구리시,41310,시군구,118
200712,경기,남양주시,41360,시군구,2877
200712,경기,오산시,41370,시군구,0
200712,경기,시흥시,41390,시군구,6
200712,경기,군포시,41410,시군구,204
200712,경기,의왕시,41430,시군구,0
200712,경기,하남시,41450,시군구,0
200712,경기,용인시,41461,시(구 합산),0
200712,경기,용인시,41463,시(구 합산),0
200712,경기,용인시,41465,시(구 합산),0
200712,경기,파주시,41480,시군구,2708
200712,경기,이천시,41500,시군구,1268
200712,경기,안성시,41550,시군구,577
200712,경기,김포시,41570,시군구,1798
200712,경기,양주시,41630,시군구,1145
200712,경기,여주시,41670,시군구,
200712,경기,화성시,41591,시(구 합산),127
200712,경기,화성시,41593,시(구 합산),127
200712,경기,화성시,41595,시(구 합산),127
200712,경기,화성시,41597,시(구 합산),127
200712,경기,화성시,41590,시(구 합산),127
200712,경기,광주시,41610,시군구,
200712,경기,연천군,41800,시군구,301
200712,경기,포천시,41650,시군구,231
200712,경기,가평군,41820,시군구,24
200712,경기,양평군,41830,시군구,
200712,강원,계,,시도,7114
200712,충북,계,,시도,4374
200712,충남,계,,시도,12770
200712,전북,계,,시도,4082
200712,전남,계,,시도,4456
200712,경북,계,,시도,8662
200712,경남,계,,시도,14857
200712,제주,계,,시도,121
200801,서울,계,,시도,524
200801,서울,종로구,11110,시군구,73
200801,서울,중구,11140,시군구,100
200801,서울,용산구,11170,시군구,
200801,서울,성동구,11200,시군구,
200801,서울,광진구,11215,시군구,32
200801,서울,동대문구,11230,시군구,
200801,서울,중랑구,11260,시군구,
200801,서울,성북구,11290,시군구,
200801,서울,강북구,11305,시군구,
200801,서울,도봉구,11320,시군구,
200801,서울,노원구,11350,시군구,
200801,서울,은평구,11380,시군구,
200801,서울,서대문구,11410,시군구,
200801,서울,마포구,11440,시군구,
200801,서울,양천구,11470,시군구,228
200801,서울,강서구,11500,시군구,
200801,서울,구로구,11530,시군구,
200801,서울,금천구,11545,시군구,
200801,서울,영등포구,11560,시군구,
200801,서울,동작구,11590,시군구,72
200801,서울,관악구,11620,시군구,
200801,서울,서초구,11650,시군구,
200801,서울,강남구,11680,시군구,19
200801,서울,송파구,11710,시군구,
200801,서울,강동구,11740,시군구,
200801,부산,계,,시도,10860
200801,대구,계,,시도,13434
200801,인천,계,,시도,509
200801,인천,중구,28110,시군구,0
200801,인천,동구,28140,시군구,0
200801,인천,미추홀구,28177,시군구,45
200801,인천,연수구,28185,시군구,0
200801,인천,남동구,28200,시군구,6
200801,인천,부평구,28237,시군구,125
200801,인천,계양구,28245,시군구,226
200801,인천,서구,28260,시군구,107
200801,인천,강화군,28710,시군구,0
200801,인천,옹진군,28720,시군구,0
200801,광주,계,,시도,8009
200801,대전,계,,시도,2442
200801,울산,계,,시도,6922
200801,경기,계,,시도,20691
200801,경기,수원시,41111,시(구 합산),2400
200801,경기,수원시,41113,시(구 합산),2400
200801,경기,수원시,41115,시(구 합산),2400
200801,경기,수원시,41117,시(구 합산),2400
200801,경기,성남시,41131,시(구 합산),0
200801,경기,성남시,41133,시(구 합산),0
200801,경기,성남시,41135,시(구 합산),0
200801,경기,의정부시,41150,시군구,68
200801,경기,안양시,41171,시(구 합산),0
200801,경기,안양시,41173,시(구 합산),0
200801,경기,부천시,41192,시(구 합산),66
200801,경기,부천시,41194,시(구 합산),66
200801,경기,부천시,41196,시(구 합산),66
200801,경기,부천시,41190,시(구 합산),66
200801,경기,광명시,41210,시군구,0
200801,경기,평택시,41220,시군구,89
200801,경기,동두천시,41250,시군구,0
200801,경기,안산시,41271,시(구 합산),0
200801,경기,안산시,41273,시(구 합산),0
200801,경기,고양시,41281,시(구 합산),6956
200801,경기,고양시,41285,시(구 합산),6956
200801,경기,고양시,41287,시(구 합산),6956
200801,경기,과천시,41290,시군구,0
200801,경기,구리시,41310,시군구,118
200801,경기,남양주시,41360,시군구,3087
200801,경기,오산시,41370,시군구,726
200801,경기,시흥시,41390,시군구,35
200801,경기,군포시,41410,시군구,195
200801,경기,의왕시,41430,시군구,0
200801,경기,하남시,41450,시군구,0
200801,경기,용인시,41461,시(구 합산),0
200801,경기,용인시,41463,시(구 합산),0
200801,경기,용인시,41465,시(구 합산),0
200801,경기,파주시,41480,시군구,1848
200801,경기,이천시,41500,시군구,1195
200801,경기,안성시,41550,시군구,508
200801,경기,김포시,41570,시군구,1765
200801,경기,양주시,41630,시군구,1074
200801,경기,여주시,41670,시군구,
200801,경기,화성시,41591,시(구 합산),126
200801,경기,화성시,41593,시(구 합산),126
200801,경기,화성시,41595,시(구 합산),126
200801,경기,화성시,41597,시(구 합산),126
200801,경기,화성시,41590,시(구 합산),126
200801,경기,광주시,41610,시군구,
200801,경기,연천군,41800,시군구,
200801,경기,포천시,41650,시군구,1848
200801,경기,가평군,41820,시군구,24
200801,경기,양평군,41830,시군구,
200801,강원,계,,시도,6861
200801,충북,계,,시도,5333
200801,충남,계,,시도,12770
200801,전북,계,,시도,4186
200801,전남,계,,시도,4291
200801,경북,계,,시도,10516
200801,경남,계,,시도,14602
200801,제주,계,,시도,116
200802,서울,계,,시도,788
200802,서울,종로구,11110,시군구,67
200802,서울,중구,11140,시군구,49
200802,서울,용산구,11170,시군구,
200802,서울,성동구,11200,시군구,
200802,서울,광진구,11215,시군구,32
200802,서울,동대문구,11230,시군구,
200802,서울,중랑구,11260,시군구,
200802,서울,성북구,11290,시군구,
200802,서울,강북구,11305,시군구,
200802,서울,도봉구,11320,시군구,
200802,서울,노원구,11350,시군구,
200802,서울,은평구,11380,시군구,
200802,서울,서대문구,11410,시군구,
200802,서울,마포구,11440,시군구,
200802,서울,양천구,11470,시군구,223
200802,서울,강서구,11500,시군구,
200802,서울,구로구,11530,시군구,
200802,서울,금천구,11545,시군구,
200802,서울,영등포구,11560,시군구,
200802,서울,동작구,11590,시군구,335
200802,서울,관악구,11620,시군구,
200802,서울,서초구,11650,시군구,
200802,서울,강남구,11680,시군구,19
200802,서울,송파구,11710,시군구,
200802,서울,강동구,11740,시군구,63
200802,부산,계,,시도,12184
200802,대구,계,,시도,15638
200802,인천,계,,시도,1487
200802,인천,중구,28110,시군구,0
200802,인천,동구,28140,시군구,0
200802,인천,미추홀구,28177,시군구,44
200802,인천,연수구,28185,시군구,46
200802,인천,남동구,28200,시군구,6
200802,인천,부평구,28237,시군구,114
200802,인천,계양구,28245,시군구,227
200802,인천,서구,28260,시군구,1050
200802,인천,강화군,28710,시군구,0
200802,인천,옹진군,28720,시군구,0
200802,광주,계,,시도,7779
200802,대전,계,,시도,2414
200802,울산,계,,시도,7350
200802,경기,계,,시도,21178
200802,경기,수원시,41111,시(구 합산),2802
200802,경기,수원시,41113,시(구 합산),2802
200802,경기,수원시,41115,시(구 합산),2802
200802,경기,수원시,41117,시(구 합산),2802
200802,경기,성남시,41131,시(구 합산),0
200802,경기,성남시,41133,시(구 합산),0
200802,경기,성남시,41135,시(구 합산),0
200802,경기,의정부시,41150,시군구,13
200802,경기,안양시,41171,시(구 합산),0
200802,경기,안양시,41173,시(구 합산),0
200802,경기,부천시,41192,시(구 합산),66
200802,경기,부천시,41194,시(구 합산),66
200802,경기,부천시,41196,시(구 합산),66
200802,경기,부천시,41190,시(구 합산),66
200802,경기,광명시,41210,시군구,0
200802,경기,평택시,41220,시군구,547
200802,경기,동두천시,41250,시군구,0
200802,경기,안산시,41271,시(구 합산),0
200802,경기,안산시,41273,시(구 합산),0
200802,경기,고양시,41281,시(구 합산),6838
200802,경기,고양시,41285,시(구 합산),6838
200802,경기,고양시,41287,시(구 합산),6838
200802,경기,과천시,41290,시군구,0
200802,경기,구리시,41310,시군구,118
200802,경기,남양주시,41360,시군구,2936
200802,경기,오산시,41370,시군구,726
200802,경기,시흥시,41390,시군구,22
200802,경기,군포시,41410,시군구,190
200802,경기,의왕시,41430,시군구,0
200802,경기,하남시,41450,시군구,189
200802,경기,용인시,41461,시(구 합산),0
200802,경기,용인시,41463,시(구 합산),0
200802,경기,용인시,41465,시(구 합산),0
200802,경기,파주시,41480,시군구,1633
200802,경기,이천시,41500,시군구,1100
200802,경기,안성시,41550,시군구,470
200802,경기,김포시,41570,시군구,1623
200802,경기,양주시,41630,시군구,838
200802,경기,여주시,41670,시군구,
200802,경기,화성시,41591,시(구 합산),125
200802,경기,화성시,41593,시(구 합산),125
200802,경기,화성시,41595,시(구 합산),125
200802,경기,화성시,41597,시(구 합산),125
200802,경기,화성시,41590,시(구 합산),125
200802,경기,광주시,41610,시군구,
200802,경기,연천군,41800,시군구,232
200802,경기,포천시,41650,시군구,110
200802,경기,가평군,41820,시군구,24
200802,경기,양평군,41830,시군구,576
200802,강원,계,,시도,6583
200802,충북,계,,시도,5503
200802,충남,계,,시도,14888
200802,전북,계,,시도,4315
200802,전남,계,,시도,4375
200802,경북,계,,시도,10591
200802,경남,계,,시도,14400
200802,제주,계,,시도,179
200803,서울,계,,시도,799
200803,서울,종로구,11110,시군구,64
200803,서울,중구,11140,시군구,83
200803,서울,용산구,11170,시군구,
200803,서울,성동구,11200,시군구,
200803,서울,광진구,11215,시군구,32
200803,서울,동대문구,11230,시군구,
200803,서울,중랑구,11260,시군구,
200803,서울,성북구,11290,시군구,
200803,서울,강북구,11305,시군구,
200803,서울,도봉구,11320,시군구,
200803,서울,노원구,11350,시군구,
200803,서울,은평구,11380,시군구,
200803,서울,서대문구,11410,시군구,
200803,서울,마포구,11440,시군구,
200803,서울,양천구,11470,시군구,220
200803,서울,강서구,11500,시군구,
200803,서울,구로구,11530,시군구,
200803,서울,금천구,11545,시군구,
200803,서울,영등포구,11560,시군구,
200803,서울,동작구,11590,시군구,326
200803,서울,관악구,11620,시군구,
200803,서울,서초구,11650,시군구,
200803,서울,강남구,11680,시군구,19
200803,서울,송파구,11710,시군구,
200803,서울,강동구,11740,시군구,55
200803,부산,계,,시도,13289
200803,대구,계,,시도,15557
200803,인천,계,,시도,1594
200803,인천,중구,28110,시군구,0
200803,인천,동구,28140,시군구,0
200803,인천,미추홀구,28177,시군구,460
200803,인천,연수구,28185,시군구,46
200803,인천,남동구,28200,시군구,0
200803,인천,부평구,28237,시군구,108
200803,인천,계양구,28245,시군구,210
200803,인천,서구,28260,시군구,770
200803,인천,강화군,28710,시군구,0
200803,인천,옹진군,28720,시군구,
200803,광주,계,,시도,8009
200803,대전,계,,시도,2890
200803,울산,계,,시도,8496
200803,경기,계,,시도,20685
200803,경기,수원시,41111,시(구 합산),3033
200803,경기,수원시,41113,시(구 합산),3033
200803,경기,수원시,41115,시(구 합산),3033
200803,경기,수원시,41117,시(구 합산),3033
200803,경기,성남시,41131,시(구 합산),0
200803,경기,성남시,41133,시(구 합산),0
200803,경기,성남시,41135,시(구 합산),0
200803,경기,의정부시,41150,시군구,45
200803,경기,안양시,41171,시(구 합산),0
200803,경기,안양시,41173,시(구 합산),0
200803,경기,부천시,41192,시(구 합산),224
200803,경기,부천시,41194,시(구 합산),224
200803,경기,부천시,41196,시(구 합산),224
200803,경기,부천시,41190,시(구 합산),224
200803,경기,광명시,41210,시군구,0
200803,경기,평택시,41220,시군구,502
200803,경기,동두천시,41250,시군구,0
200803,경기,안산시,41271,시(구 합산),0
200803,경기,안산시,41273,시(구 합산),0
200803,경기,고양시,41281,시(구 합산),6356
200803,경기,고양시,41285,시(구 합산),6356
200803,경기,고양시,41287,시(구 합산),6356
200803,경기,과천시,41290,시군구,0
200803,경기,구리시,41310,시군구,118
200803,경기,남양주시,41360,시군구,2677
200803,경기,오산시,41370,시군구,487
200803,경기,시흥시,41390,시군구,13
200803,경기,군포시,41410,시군구,182
200803,경기,의왕시,41430,시군구,0
200803,경기,하남시,41450,시군구,189
200803,경기,용인시,41461,시(구 합산),0
200803,경기,용인시,41463,시(구 합산),0
200803,경기,용인시,41465,시(구 합산),0
200803,경기,파주시,41480,시군구,1367
200803,경기,이천시,41500,시군구,1167
200803,경기,안성시,41550,시군구,1054
200803,경기,김포시,41570,시군구,1536
200803,경기,양주시,41630,시군구,720
200803,경기,여주시,41670,시군구,
200803,경기,화성시,41591,시(구 합산),106
200803,경기,화성시,41593,시(구 합산),106
200803,경기,화성시,41595,시(구 합산),106
200803,경기,화성시,41597,시(구 합산),106
200803,경기,화성시,41590,시(구 합산),106
200803,경기,광주시,41610,시군구,
200803,경기,연천군,41800,시군구,
200803,경기,포천시,41650,시군구,78
200803,경기,가평군,41820,시군구,23
200803,경기,양평군,41830,시군구,576
200803,강원,계,,시도,6239
200803,충북,계,,시도,5459
200803,충남,계,,시도,15633
200803,전북,계,,시도,4120
200803,전남,계,,시도,4116
200803,경북,계,,시도,10844
200803,경남,계,,시도,13872
200803,제주,계,,시도,155
200804,서울,계,,시도,764
200804,서울,종로구,11110,시군구,62
200804,서울,중구,11140,시군구,70
200804,서울,용산구,11170,시군구,
200804,서울,성동구,11200,시군구,
200804,서울,광진구,11215,시군구,24
200804,서울,동대문구,11230,시군구,
200804,서울,중랑구,11260,시군구,
200804,서울,성북구,11290,시군구,
200804,서울,강북구,11305,시군구,
200804,서울,도봉구,11320,시군구,
200804,서울,노원구,11350,시군구,
200804,서울,은평구,11380,시군구,
200804,서울,서대문구,11410,시군구,
200804,서울,마포구,11440,시군구,
200804,서울,양천구,11470,시군구,157
200804,서울,강서구,11500,시군구,63
200804,서울,구로구,11530,시군구,
200804,서울,금천구,11545,시군구,
200804,서울,영등포구,11560,시군구,
200804,서울,동작구,11590,시군구,319
200804,서울,관악구,11620,시군구,
200804,서울,서초구,11650,시군구,
200804,서울,강남구,11680,시군구,19
200804,서울,송파구,11710,시군구,
200804,서울,강동구,11740,시군구,50
200804,부산,계,,시도,13642
200804,대구,계,,시도,15873
200804,인천,계,,시도,1365
200804,인천,중구,28110,시군구,0
200804,인천,동구,28140,시군구,0
200804,인천,미추홀구,28177,시군구,387
200804,인천,연수구,28185,시군구,46
200804,인천,남동구,28200,시군구,0
200804,인천,부평구,28237,시군구,99
200804,인천,계양구,28245,시군구,168
200804,인천,서구,28260,시군구,665
200804,인천,강화군,28710,시군구,0
200804,인천,옹진군,28720,시군구,0
200804,광주,계,,시도,7279
200804,대전,계,,시도,2343
200804,울산,계,,시도,9105
200804,경기,계,,시도,18104
200804,경기,수원시,41111,시(구 합산),2963
200804,경기,수원시,41113,시(구 합산),2963
200804,경기,수원시,41115,시(구 합산),2963
200804,경기,수원시,41117,시(구 합산),2963
200804,경기,성남시,41131,시(구 합산),0
200804,경기,성남시,41133,시(구 합산),0
200804,경기,성남시,41135,시(구 합산),0
200804,경기,의정부시,41150,시군구,9
200804,경기,안양시,41171,시(구 합산),0
200804,경기,안양시,41173,시(구 합산),0
200804,경기,부천시,41192,시(구 합산),107
200804,경기,부천시,41194,시(구 합산),107
200804,경기,부천시,41196,시(구 합산),107
200804,경기,부천시,41190,시(구 합산),107
200804,경기,광명시,41210,시군구,0
200804,경기,평택시,41220,시군구,507
200804,경기,동두천시,41250,시군구,0
200804,경기,안산시,41271,시(구 합산),0
200804,경기,안산시,41273,시(구 합산),0
200804,경기,고양시,41281,시(구 합산),5676
200804,경기,고양시,41285,시(구 합산),5676
200804,경기,고양시,41287,시(구 합산),5676
200804,경기,과천시,41290,시군구,0
200804,경기,구리시,41310,시군구,41
200804,경기,남양주시,41360,시군구,2393
200804,경기,오산시,41370,시군구,397
200804,경기,시흥시,41390,시군구,7
200804,경기,군포시,41410,시군구,173
200804,경기,의왕시,41430,시군구,0
200804,경기,하남시,41450,시군구,179
200804,경기,용인시,41461,시(구 합산),0
200804,경기,용인시,41463,시(구 합산),0
200804,경기,용인시,41465,시(구 합산),0
200804,경기,파주시,41480,시군구,1169
200804,경기,이천시,41500,시군구,1178
200804,경기,안성시,41550,시군구,886
200804,경기,김포시,41570,시군구,1231
200804,경기,양주시,41630,시군구,475
200804,경기,여주시,41670,시군구,
200804,경기,화성시,41591,시(구 합산),105
200804,경기,화성시,41593,시(구 합산),105
200804,경기,화성시,41595,시(구 합산),105
200804,경기,화성시,41597,시(구 합산),105
200804,경기,화성시,41590,시(구 합산),105
200804,경기,광주시,41610,시군구,
200804,경기,연천군,41800,시군구,192
200804,경기,포천시,41650,시군구,78
200804,경기,가평군,41820,시군구,23
200804,경기,양평군,41830,시군구,315
200804,강원,계,,시도,6264
200804,충북,계,,시도,5688
200804,충남,계,,시도,16227
200804,전북,계,,시도,3756
200804,전남,계,,시도,3890
200804,경북,계,,시도,11858
200804,경남,계,,시도,13549
200804,제주,계,,시도,152
200805,서울,계,,시도,1016
200805,서울,종로구,11110,시군구,61
200805,서울,중구,11140,시군구,65
200805,서울,용산구,11170,시군구,
200805,서울,성동구,11200,시군구,
200805,서울,광진구,11215,시군구,22
200805,서울,동대문구,11230,시군구,
200805,서울,중랑구,11260,시군구,
200805,서울,성북구,11290,시군구,
200805,서울,강북구,11305,시군구,
200805,서울,도봉구,11320,시군구,
200805,서울,노원구,11350,시군구,
200805,서울,은평구,11380,시군구,
200805,서울,서대문구,11410,시군구,
200805,서울,마포구,11440,시군구,
200805,서울,양천구,11470,시군구,148
200805,서울,강서구,11500,시군구,63
200805,서울,구로구,11530,시군구,
200805,서울,금천구,11545,시군구,
200805,서울,영등포구,11560,시군구,
200805,서울,동작구,11590,시군구,599
200805,서울,관악구,11620,시군구,
200805,서울,서초구,11650,시군구,
200805,서울,강남구,11680,시군구,19
200805,서울,송파구,11710,시군구,
200805,서울,강동구,11740,시군구,39
200805,부산,계,,시도,12611
200805,대구,계,,시도,16590
200805,인천,계,,시도,1116
200805,인천,중구,28110,시군구,0
200805,인천,동구,28140,시군구,0
200805,인천,미추홀구,28177,시군구,363
200805,인천,연수구,28185,시군구,46
200805,인천,남동구,28200,시군구,0
200805,인천,부평구,28237,시군구,98
200805,인천,계양구,28245,시군구,76
200805,인천,서구,28260,시군구,533
200805,인천,강화군,28710,시군구,0
200805,인천,옹진군,28720,시군구,0
200805,광주,계,,시도,6952
200805,대전,계,,시도,2270
200805,울산,계,,시도,9575
200805,경기,계,,시도,17661
200805,경기,수원시,41111,시(구 합산),2681
200805,경기,수원시,41113,시(구 합산),2681
200805,경기,수원시,41115,시(구 합산),2681
200805,경기,수원시,41117,시(구 합산),2681
200805,경기,성남시,41131,시(구 합산),0
200805,경기,성남시,41133,시(구 합산),0
200805,경기,성남시,41135,시(구 합산),0
200805,경기,의정부시,41150,시군구,3
200805,경기,안양시,41171,시(구 합산),0
200805,경기,안양시,41173,시(구 합산),0
200805,경기,부천시,41192,시(구 합산),33
200805,경기,부천시,41194,시(구 합산),33
200805,경기,부천시,41196,시(구 합산),33
200805,경기,부천시,41190,시(구 합산),33
200805,경기,광명시,41210,시군구,0
200805,경기,평택시,41220,시군구,423
200805,경기,동두천시,41250,시군구,0
200805,경기,안산시,41271,시(구 합산),0
200805,경기,안산시,41273,시(구 합산),0
200805,경기,고양시,41281,시(구 합산),5530
200805,경기,고양시,41285,시(구 합산),5530
200805,경기,고양시,41287,시(구 합산),5530
200805,경기,과천시,41290,시군구,0
200805,경기,구리시,41310,시군구,39
200805,경기,남양주시,41360,시군구,2268
200805,경기,오산시,41370,시군구,358
200805,경기,시흥시,41390,시군구,7
200805,경기,군포시,41410,시군구,168
200805,경기,의왕시,41430,시군구,0
200805,경기,하남시,41450,시군구,179
200805,경기,용인시,41461,시(구 합산),0
200805,경기,용인시,41463,시(구 합산),0
200805,경기,용인시,41465,시(구 합산),0
200805,경기,파주시,41480,시군구,887
200805,경기,이천시,41500,시군구,1173
200805,경기,안성시,41550,시군구,1978
200805,경기,김포시,41570,시군구,1028
200805,경기,양주시,41630,시군구,378
200805,경기,여주시,41670,시군구,
200805,경기,화성시,41591,시(구 합산),90
200805,경기,화성시,41593,시(구 합산),90
200805,경기,화성시,41595,시(구 합산),90
200805,경기,화성시,41597,시(구 합산),90
200805,경기,화성시,41590,시(구 합산),90
200805,경기,광주시,41610,시군구,
200805,경기,연천군,41800,시군구,137
200805,경기,포천시,41650,시군구,78
200805,경기,가평군,41820,시군구,13
200805,경기,양평군,41830,시군구,210
200805,강원,계,,시도,6217
200805,충북,계,,시도,5436
200805,충남,계,,시도,16910
200805,전북,계,,시도,3281
200805,전남,계,,시도,3616
200805,경북,계,,시도,11124
200805,경남,계,,시도,13648
200805,제주,계,,시도,147
200806,서울,계,,시도,1090
200806,서울,종로구,11110,시군구,51
200806,서울,중구,11140,시군구,60
200806,서울,용산구,11170,시군구,0
200806,서울,성동구,11200,시군구,0
200806,서울,광진구,11215,시군구,22
200806,서울,동대문구,11230,시군구,0
200806,서울,중랑구,11260,시군구,0
200806,서울,성북구,11290,시군구,0
200806,서울,강북구,11305,시군구,0
200806,서울,도봉구,11320,시군구,0
200806,서울,노원구,11350,시군구,0
200806,서울,은평구,11380,시군구,0
200806,서울,서대문구,11410,시군구,0
200806,서울,마포구,11440,시군구,0
200806,서울,양천구,11470,시군구,148
200806,서울,강서구,11500,시군구,78
200806,서울,구로구,11530,시군구,0
200806,서울,금천구,11545,시군구,0
200806,서울,영등포구,11560,시군구,0
200806,서울,동작구,11590,시군구,596
200806,서울,관악구,11620,시군구,0
200806,서울,서초구,11650,시군구,83
200806,서울,강남구,11680,시군구,19
200806,서울,송파구,11710,시군구,0
200806,서울,강동구,11740,시군구,33
200806,부산,계,,시도,11542
200806,대구,계,,시도,20535
200806,인천,계,,시도,1099
200806,인천,중구,28110,시군구,0
200806,인천,동구,28140,시군구,0
200806,인천,미추홀구,28177,시군구,346
200806,인천,연수구,28185,시군구,46
200806,인천,남동구,28200,시군구,0
200806,인천,부평구,28237,시군구,98
200806,인천,계양구,28245,시군구,62
200806,인천,서구,28260,시군구,547
200806,인천,강화군,28710,시군구,0
200806,인천,옹진군,28720,시군구,0
200806,광주,계,,시도,7490
200806,대전,계,,시도,3076
200806,울산,계,,시도,9633
200806,경기,계,,시도,16733
200806,경기,수원시,41111,시(구 합산),2763
200806,경기,수원시,41113,시(구 합산),2763
200806,경기,수원시,41115,시(구 합산),2763
200806,경기,수원시,41117,시(구 합산),2763
200806,경기,성남시,41131,시(구 합산),0
200806,경기,성남시,41133,시(구 합산),0
200806,경기,성남시,41135,시(구 합산),0
200806,경기,의정부시,41150,시군구,2
200806,경기,안양시,41171,시(구 합산),0
200806,경기,안양시,41173,시(구 합산),0
200806,경기,부천시,41192,시(구 합산),13
200806,경기,부천시,41194,시(구 합산),13
200806,경기,부천시,41196,시(구 합산),13
200806,경기,부천시,41190,시(구 합산),13
200806,경기,광명시,41210,시군구,0
200806,경기,평택시,41220,시군구,443
200806,경기,동두천시,41250,시군구,0
200806,경기,안산시,41271,시(구 합산),0
200806,경기,안산시,41273,시(구 합산),0
200806,경기,고양시,41281,시(구 합산),5661
200806,경기,고양시,41285,시(구 합산),5661
200806,경기,고양시,41287,시(구 합산),5661
200806,경기,과천시,41290,시군구,0
200806,경기,구리시,41310,시군구,33
200806,경기,남양주시,41360,시군구,2241
200806,경기,오산시,41370,시군구,350
200806,경기,시흥시,41390,시군구,69
200806,경기,군포시,41410,시군구,159
200806,경기,의왕시,41430,시군구,0
200806,경기,하남시,41450,시군구,179
200806,경기,용인시,41461,시(구 합산),0
200806,경기,용인시,41463,시(구 합산),0
200806,경기,용인시,41465,시(구 합산),0
200806,경기,파주시,41480,시군구,623
200806,경기,이천시,41500,시군구,1171
200806,경기,안성시,41550,시군구,1410
200806,경기,김포시,41570,시군구,968
200806,경기,양주시,41630,시군구,191
200806,경기,여주시,41670,시군구,
200806,경기,화성시,41591,시(구 합산),85
200806,경기,화성시,41593,시(구 합산),85
200806,경기,화성시,41595,시(구 합산),85
200806,경기,화성시,41597,시(구 합산),85
200806,경기,화성시,41590,시(구 합산),85
200806,경기,광주시,41610,시군구,
200806,경기,연천군,41800,시군구,137
200806,경기,포천시,41650,시군구,78
200806,경기,가평군,41820,시군구,13
200806,경기,양평군,41830,시군구,144
200806,강원,계,,시도,11246
200806,충북,계,,시도,6074
200806,충남,계,,시도,16750
200806,전북,계,,시도,3163
200806,전남,계,,시도,7313
200806,경북,계,,시도,13813
200806,경남,계,,시도,17380
200806,제주,계,,시도,293
200807,서울,계,,시도,1437
200807,서울,종로구,11110,시군구,48
200807,서울,중구,11140,시군구,60
200807,서울,용산구,11170,시군구,
200807,서울,성동구,11200,시군구,
200807,서울,광진구,11215,시군구,22
200807,서울,동대문구,11230,시군구,15
200807,서울,중랑구,11260,시군구,
200807,서울,성북구,11290,시군구,
200807,서울,강북구,11305,시군구,
200807,서울,도봉구,11320,시군구,
200807,서울,노원구,11350,시군구,
200807,서울,은평구,11380,시군구,
200807,서울,서대문구,11410,시군구,
200807,서울,마포구,11440,시군구,230
200807,서울,양천구,11470,시군구,147
200807,서울,강서구,11500,시군구,78
200807,서울,구로구,11530,시군구,
200807,서울,금천구,11545,시군구,
200807,서울,영등포구,11560,시군구,110
200807,서울,동작구,11590,시군구,596
200807,서울,관악구,11620,시군구,
200807,서울,서초구,11650,시군구,81
200807,서울,강남구,11680,시군구,19
200807,서울,송파구,11710,시군구,
200807,서울,강동구,11740,시군구,31
200807,부산,계,,시도,13612
200807,대구,계,,시도,21378
200807,인천,계,,시도,1026
200807,인천,중구,28110,시군구,0
200807,인천,동구,28140,시군구,0
200807,인천,미추홀구,28177,시군구,336
200807,인천,연수구,28185,시군구,43
200807,인천,남동구,28200,시군구,0
200807,인천,부평구,28237,시군구,98
200807,인천,계양구,28245,시군구,49
200807,인천,서구,28260,시군구,500
200807,인천,강화군,28710,시군구,0
200807,인천,옹진군,28720,시군구,0
200807,광주,계,,시도,10774
200807,대전,계,,시도,3000
200807,울산,계,,시도,9718
200807,경기,계,,시도,20514
200807,경기,수원시,41111,시(구 합산),2690
200807,경기,수원시,41113,시(구 합산),2690
200807,경기,수원시,41115,시(구 합산),2690
200807,경기,수원시,41117,시(구 합산),2690
200807,경기,성남시,41131,시(구 합산),0
200807,경기,성남시,41133,시(구 합산),0
200807,경기,성남시,41135,시(구 합산),0
200807,경기,의정부시,41150,시군구,2
200807,경기,안양시,41171,시(구 합산),0
200807,경기,안양시,41173,시(구 합산),0
200807,경기,부천시,41192,시(구 합산),13
200807,경기,부천시,41194,시(구 합산),13
200807,경기,부천시,41196,시(구 합산),13
200807,경기,부천시,41190,시(구 합산),13
200807,경기,광명시,41210,시군구,0
200807,경기,평택시,41220,시군구,1548
200807,경기,동두천시,41250,시군구,0
200807,경기,안산시,41271,시(구 합산),0
200807,경기,안산시,41273,시(구 합산),0
200807,경기,고양시,41281,시(구 합산),5502
200807,경기,고양시,41285,시(구 합산),5502
200807,경기,고양시,41287,시(구 합산),5502
200807,경기,과천시,41290,시군구,0
200807,경기,구리시,41310,시군구,30
200807,경기,남양주시,41360,시군구,2227
200807,경기,오산시,41370,시군구,290
200807,경기,시흥시,41390,시군구,60
200807,경기,군포시,41410,시군구,156
200807,경기,의왕시,41430,시군구,0
200807,경기,하남시,41450,시군구,159
200807,경기,용인시,41461,시(구 합산),3365
200807,경기,용인시,41463,시(구 합산),3365
200807,경기,용인시,41465,시(구 합산),3365
200807,경기,파주시,41480,시군구,548
200807,경기,이천시,41500,시군구,1140
200807,경기,안성시,41550,시군구,1292
200807,경기,김포시,41570,시군구,968
200807,경기,양주시,41630,시군구,0
200807,경기,여주시,41670,시군구,0
200807,경기,화성시,41591,시(구 합산),85
200807,경기,화성시,41593,시(구 합산),85
200807,경기,화성시,41595,시(구 합산),85
200807,경기,화성시,41597,시(구 합산),85
200807,경기,화성시,41590,시(구 합산),85
200807,경기,광주시,41610,시군구,0
200807,경기,연천군,41800,시군구,91
200807,경기,포천시,41650,시군구,46
200807,경기,가평군,41820,시군구,13
200807,경기,양평군,41830,시군구,151
200807,강원,계,,시도,10769
200807,충북,계,,시도,6523
200807,충남,계,,시도,16646
200807,전북,계,,시도,4004
200807,전남,계,,시도,7853
200807,경북,계,,시도,15177
200807,경남,계,,시도,17832
200807,제주,계,,시도,332
200808,서울,계,,시도,1491
200808,서울,종로구,11110,시군구,48
200808,서울,중구,11140,시군구,60
200808,서울,용산구,11170,시군구,
200808,서울,성동구,11200,시군구,
200808,서울,광진구,11215,시군구,22
200808,서울,동대문구,11230,시군구,72
200808,서울,중랑구,11260,시군구,
200808,서울,성북구,11290,시군구,
200808,서울,강북구,11305,시군구,
200808,서울,도봉구,11320,시군구,
200808,서울,노원구,11350,시군구,
200808,서울,은평구,11380,시군구,
200808,서울,서대문구,11410,시군구,
200808,서울,마포구,11440,시군구,237
200808,서울,양천구,11470,시군구,147
200808,서울,강서구,11500,시군구,78
200808,서울,구로구,11530,시군구,
200808,서울,금천구,11545,시군구,
200808,서울,영등포구,11560,시군구,108
200808,서울,동작구,11590,시군구,596
200808,서울,관악구,11620,시군구,
200808,서울,서초구,11650,시군구,73
200808,서울,강남구,11680,시군구,19
200808,서울,송파구,11710,시군구,
200808,서울,강동구,11740,시군구,31
200808,부산,계,,시도,12971
200808,대구,계,,시도,21410
200808,인천,계,,시도,976
200808,인천,중구,28110,시군구,0
200808,인천,동구,28140,시군구,0
200808,인천,미추홀구,28177,시군구,334
200808,인천,연수구,28185,시군구,40
200808,인천,남동구,28200,시군구,0
200808,인천,부평구,28237,시군구,98
200808,인천,계양구,28245,시군구,49
200808,인천,서구,28260,시군구,455
200808,인천,강화군,28710,시군구,0
200808,인천,옹진군,28720,시군구,0
200808,광주,계,,시도,11043
200808,대전,계,,시도,2718
200808,울산,계,,시도,9728
200808,경기,계,,시도,19922
200808,경기,수원시,41111,시(구 합산),2681
200808,경기,수원시,41113,시(구 합산),2681
200808,경기,수원시,41115,시(구 합산),2681
200808,경기,수원시,41117,시(구 합산),2681
200808,경기,성남시,41131,시(구 합산),0
200808,경기,성남시,41133,시(구 합산),0
200808,경기,성남시,41135,시(구 합산),0
200808,경기,의정부시,41150,시군구,2
200808,경기,안양시,41171,시(구 합산),444
200808,경기,안양시,41173,시(구 합산),444
200808,경기,부천시,41192,시(구 합산),13
200808,경기,부천시,41194,시(구 합산),13
200808,경기,부천시,41196,시(구 합산),13
200808,경기,부천시,41190,시(구 합산),13
200808,경기,광명시,41210,시군구,0
200808,경기,평택시,41220,시군구,1476
200808,경기,동두천시,41250,시군구,0
200808,경기,안산시,41271,시(구 합산),0
200808,경기,안산시,41273,시(구 합산),0
200808,경기,고양시,41281,시(구 합산),5267
200808,경기,고양시,41285,시(구 합산),5267
200808,경기,고양시,41287,시(구 합산),5267
200808,경기,과천시,41290,시군구,0
200808,경기,구리시,41310,시군구,30
200808,경기,남양주시,41360,시군구,1465
200808,경기,오산시,41370,시군구,280
200808,경기,시흥시,41390,시군구,48
200808,경기,군포시,41410,시군구,148
200808,경기,의왕시,41430,시군구,0
200808,경기,하남시,41450,시군구,157
200808,경기,용인시,41461,시(구 합산),3649
200808,경기,용인시,41463,시(구 합산),3649
200808,경기,용인시,41465,시(구 합산),3649
200808,경기,파주시,41480,시군구,546
200808,경기,이천시,41500,시군구,1122
200808,경기,안성시,41550,시군구,1225
200808,경기,김포시,41570,시군구,907
200808,경기,양주시,41630,시군구,110
200808,경기,여주시,41670,시군구,
200808,경기,화성시,41591,시(구 합산),85
200808,경기,화성시,41593,시(구 합산),85
200808,경기,화성시,41595,시(구 합산),85
200808,경기,화성시,41597,시(구 합산),85
200808,경기,화성시,41590,시(구 합산),85
200808,경기,광주시,41610,시군구,
200808,경기,연천군,41800,시군구,74
200808,경기,포천시,41650,시군구,46
200808,경기,가평군,41820,시군구,5
200808,경기,양평군,41830,시군구,142
200808,강원,계,,시도,10377
200808,충북,계,,시도,6298
200808,충남,계,,시도,16069
200808,전북,계,,시도,3594
200808,전남,계,,시도,7697
200808,경북,계,,시도,15464
200808,경남,계,,시도,17214
200808,제주,계,,시도,319
200809,서울,계,,시도,1530
200809,서울,종로구,11110,시군구,46
200809,서울,중구,11140,시군구,57
200809,서울,용산구,11170,시군구,
200809,서울,성동구,11200,시군구,
200809,서울,광진구,11215,시군구,22
200809,서울,동대문구,11230,시군구,
200809,서울,중랑구,11260,시군구,
200809,서울,성북구,11290,시군구,47
200809,서울,강북구,11305,시군구,
200809,서울,도봉구,11320,시군구,
200809,서울,노원구,11350,시군구,
200809,서울,은평구,11380,시군구,
200809,서울,서대문구,11410,시군구,
200809,서울,마포구,11440,시군구,226
200809,서울,양천구,11470,시군구,180
200809,서울,강서구,11500,시군구,78
200809,서울,구로구,11530,시군구,
200809,서울,금천구,11545,시군구,
200809,서울,영등포구,11560,시군구,108
200809,서울,동작구,11590,시군구,596
200809,서울,관악구,11620,시군구,
200809,서울,서초구,11650,시군구,70
200809,서울,강남구,11680,시군구,19
200809,서울,송파구,11710,시군구,
200809,서울,강동구,11740,시군구,81
200809,부산,계,,시도,12619
200809,대구,계,,시도,21403
200809,인천,계,,시도,933
200809,인천,중구,28110,시군구,0
200809,인천,동구,28140,시군구,0
200809,인천,미추홀구,28177,시군구,333
200809,인천,연수구,28185,시군구,40
200809,인천,남동구,28200,시군구,0
200809,인천,부평구,28237,시군구,88
200809,인천,계양구,28245,시군구,49
200809,인천,서구,28260,시군구,423
200809,인천,강화군,28710,시군구,0
200809,인천,옹진군,28720,시군구,
200809,광주,계,,시도,10628
200809,대전,계,,시도,2619
200809,울산,계,,시도,9520
200809,경기,계,,시도,22455
200809,경기,수원시,41111,시(구 합산),2676
200809,경기,수원시,41113,시(구 합산),2676
200809,경기,수원시,41115,시(구 합산),2676
200809,경기,수원시,41117,시(구 합산),2676
200809,경기,성남시,41131,시(구 합산),0
200809,경기,성남시,41133,시(구 합산),0
200809,경기,성남시,41135,시(구 합산),0
200809,경기,의정부시,41150,시군구,2
200809,경기,안양시,41171,시(구 합산),444
200809,경기,안양시,41173,시(구 합산),444
200809,경기,부천시,41192,시(구 합산),13
200809,경기,부천시,41194,시(구 합산),13
200809,경기,부천시,41196,시(구 합산),13
200809,경기,부천시,41190,시(구 합산),13
200809,경기,광명시,41210,시군구,0
200809,경기,평택시,41220,시군구,2567
200809,경기,동두천시,41250,시군구,0
200809,경기,안산시,41271,시(구 합산),0
200809,경기,안산시,41273,시(구 합산),0
200809,경기,고양시,41281,시(구 합산),5286
200809,경기,고양시,41285,시(구 합산),5286
200809,경기,고양시,41287,시(구 합산),5286
200809,경기,과천시,41290,시군구,0
200809,경기,구리시,41310,시군구,30
200809,경기,남양주시,41360,시군구,1427
200809,경기,오산시,41370,시군구,257
200809,경기,시흥시,41390,시군구,42
200809,경기,군포시,41410,시군구,148
200809,경기,의왕시,41430,시군구,0
200809,경기,하남시,41450,시군구,157
200809,경기,용인시,41461,시(구 합산),4617
200809,경기,용인시,41463,시(구 합산),4617
200809,경기,용인시,41465,시(구 합산),4617
200809,경기,파주시,41480,시군구,417
200809,경기,이천시,41500,시군구,1104
200809,경기,안성시,41550,시군구,1133
200809,경기,김포시,41570,시군구,1176
200809,경기,양주시,41630,시군구,108
200809,경기,여주시,41670,시군구,
200809,경기,화성시,41591,시(구 합산),84
200809,경기,화성시,41593,시(구 합산),84
200809,경기,화성시,41595,시(구 합산),84
200809,경기,화성시,41597,시(구 합산),84
200809,경기,화성시,41590,시(구 합산),84
200809,경기,광주시,41610,시군구,532
200809,경기,연천군,41800,시군구,63
200809,경기,포천시,41650,시군구,46
200809,경기,가평군,41820,시군구,5
200809,경기,양평군,41830,시군구,121
200809,강원,계,,시도,10125
200809,충북,계,,시도,5732
200809,충남,계,,시도,16186
200809,전북,계,,시도,3541
200809,전남,계,,시도,7170
200809,경북,계,,시도,15483
200809,경남,계,,시도,17000
200809,제주,계,,시도,297
200810,서울,계,,시도,1981
200810,서울,종로구,11110,시군구,46
200810,서울,중구,11140,시군구,267
200810,서울,용산구,11170,시군구,
200810,서울,성동구,11200,시군구,40
200810,서울,광진구,11215,시군구,22
200810,서울,동대문구,11230,시군구,
200810,서울,중랑구,11260,시군구,
200810,서울,성북구,11290,시군구,45
200810,서울,강북구,11305,시군구,22
200810,서울,도봉구,11320,시군구,
200810,서울,노원구,11350,시군구,
200810,서울,은평구,11380,시군구,144
200810,서울,서대문구,11410,시군구,
200810,서울,마포구,11440,시군구,225
200810,서울,양천구,11470,시군구,180
200810,서울,강서구,11500,시군구,128
200810,서울,구로구,11530,시군구,
200810,서울,금천구,11545,시군구,
200810,서울,영등포구,11560,시군구,108
200810,서울,동작구,11590,시군구,596
200810,서울,관악구,11620,시군구,
200810,서울,서초구,11650,시군구,58
200810,서울,강남구,11680,시군구,19
200810,서울,송파구,11710,시군구,
200810,서울,강동구,11740,시군구,81
200810,부산,계,,시도,12407
200810,대구,계,,시도,21246
200810,인천,계,,시도,921
200810,인천,중구,28110,시군구,0
200810,인천,동구,28140,시군구,0
200810,인천,미추홀구,28177,시군구,333
200810,인천,연수구,28185,시군구,40
200810,인천,남동구,28200,시군구,0
200810,인천,부평구,28237,시군구,88
200810,인천,계양구,28245,시군구,49
200810,인천,서구,28260,시군구,411
200810,인천,강화군,28710,시군구,0
200810,인천,옹진군,28720,시군구,
200810,광주,계,,시도,11323
200810,대전,계,,시도,2788
200810,울산,계,,시도,9449
200810,경기,계,,시도,22360
200810,경기,수원시,41111,시(구 합산),2664
200810,경기,수원시,41113,시(구 합산),2664
200810,경기,수원시,41115,시(구 합산),2664
200810,경기,수원시,41117,시(구 합산),2664
200810,경기,성남시,41131,시(구 합산),0
200810,경기,성남시,41133,시(구 합산),0
200810,경기,성남시,41135,시(구 합산),0
200810,경기,의정부시,41150,시군구,3
200810,경기,안양시,41171,시(구 합산),413
200810,경기,안양시,41173,시(구 합산),413
200810,경기,부천시,41192,시(구 합산),45
200810,경기,부천시,41194,시(구 합산),45
200810,경기,부천시,41196,시(구 합산),45
200810,경기,부천시,41190,시(구 합산),45
200810,경기,광명시,41210,시군구,0
200810,경기,평택시,41220,시군구,2142
200810,경기,동두천시,41250,시군구,0
200810,경기,안산시,41271,시(구 합산),0
200810,경기,안산시,41273,시(구 합산),0
200810,경기,고양시,41281,시(구 합산),5325
200810,경기,고양시,41285,시(구 합산),5325
200810,경기,고양시,41287,시(구 합산),5325
200810,경기,과천시,41290,시군구,0
200810,경기,구리시,41310,시군구,30
200810,경기,남양주시,41360,시군구,1066
200810,경기,오산시,41370,시군구,256
200810,경기,시흥시,41390,시군구,37
200810,경기,군포시,41410,시군구,148
200810,경기,의왕시,41430,시군구,0
200810,경기,하남시,41450,시군구,157
200810,경기,용인시,41461,시(구 합산),4618
200810,경기,용인시,41463,시(구 합산),4618
200810,경기,용인시,41465,시(구 합산),4618
200810,경기,파주시,41480,시군구,410
200810,경기,이천시,41500,시군구,1100
200810,경기,안성시,41550,시군구,1560
200810,경기,김포시,41570,시군구,1168
200810,경기,양주시,41630,시군구,107
200810,경기,여주시,41670,시군구,
200810,경기,화성시,41591,시(구 합산),102
200810,경기,화성시,41593,시(구 합산),102
200810,경기,화성시,41595,시(구 합산),102
200810,경기,화성시,41597,시(구 합산),102
200810,경기,화성시,41590,시(구 합산),102
200810,경기,광주시,41610,시군구,865
200810,경기,연천군,41800,시군구,26
200810,경기,포천시,41650,시군구,
200810,경기,가평군,41820,시군구,1
200810,경기,양평군,41830,시군구,117
200810,강원,계,,시도,9383
200810,충북,계,,시도,5346
200810,충남,계,,시도,15662
200810,전북,계,,시도,3428
200810,전남,계,,시도,6844
200810,경북,계,,시도,15153
200810,경남,계,,시도,17140
200810,제주,계,,시도,289
200811,서울,계,,시도,2263
200811,서울,종로구,11110,시군구,45
200811,서울,중구,11140,시군구,267
200811,서울,용산구,11170,시군구,68
200811,서울,성동구,11200,시군구,74
200811,서울,광진구,11215,시군구,18
200811,서울,동대문구,11230,시군구,0
200811,서울,중랑구,11260,시군구,0
200811,서울,성북구,11290,시군구,45
200811,서울,강북구,11305,시군구,14
200811,서울,도봉구,11320,시군구,0
200811,서울,노원구,11350,시군구,0
200811,서울,은평구,11380,시군구,224
200811,서울,서대문구,11410,시군구,0
200811,서울,마포구,11440,시군구,221
200811,서울,양천구,11470,시군구,186
200811,서울,강서구,11500,시군구,128
200811,서울,구로구,11530,시군구,0
200811,서울,금천구,11545,시군구,0
200811,서울,영등포구,11560,시군구,108
200811,서울,동작구,11590,시군구,596
200811,서울,관악구,11620,시군구,0
200811,서울,서초구,11650,시군구,169
200811,서울,강남구,11680,시군구,19
200811,서울,송파구,11710,시군구,0
200811,서울,강동구,11740,시군구,81
200811,부산,계,,시도,14292
200811,대구,계,,시도,21324
200811,인천,계,,시도,1492
200811,인천,중구,28110,시군구,0
200811,인천,동구,28140,시군구,0
200811,인천,미추홀구,28177,시군구,640
200811,인천,연수구,28185,시군구,40
200811,인천,남동구,28200,시군구,0
200811,인천,부평구,28237,시군구,317
200811,인천,계양구,28245,시군구,49
200811,인천,서구,28260,시군구,446
200811,인천,강화군,28710,시군구,0
200811,인천,옹진군,28720,시군구,0
200811,광주,계,,시도,12672
200811,대전,계,,시도,4008
200811,울산,계,,시도,9471
200811,경기,계,,시도,22111
200811,경기,수원시,41111,시(구 합산),2651
200811,경기,수원시,41113,시(구 합산),2651
200811,경기,수원시,41115,시(구 합산),2651
200811,경기,수원시,41117,시(구 합산),2651
200811,경기,성남시,41131,시(구 합산),10
200811,경기,성남시,41133,시(구 합산),10
200811,경기,성남시,41135,시(구 합산),10
200811,경기,의정부시,41150,시군구,3
200811,경기,안양시,41171,시(구 합산),413
200811,경기,안양시,41173,시(구 합산),413
200811,경기,부천시,41192,시(구 합산),45
200811,경기,부천시,41194,시(구 합산),45
200811,경기,부천시,41196,시(구 합산),45
200811,경기,부천시,41190,시(구 합산),45
200811,경기,광명시,41210,시군구,0
200811,경기,평택시,41220,시군구,2140
200811,경기,동두천시,41250,시군구,0
200811,경기,안산시,41271,시(구 합산),0
200811,경기,안산시,41273,시(구 합산),0
200811,경기,고양시,41281,시(구 합산),5319
200811,경기,고양시,41285,시(구 합산),5319
200811,경기,고양시,41287,시(구 합산),5319
200811,경기,과천시,41290,시군구,0
200811,경기,구리시,41310,시군구,29
200811,경기,남양주시,41360,시군구,1061
200811,경기,오산시,41370,시군구,248
200811,경기,시흥시,41390,시군구,35
200811,경기,군포시,41410,시군구,148
200811,경기,의왕시,41430,시군구,0
200811,경기,하남시,41450,시군구,157
200811,경기,용인시,41461,시(구 합산),4500
200811,경기,용인시,41463,시(구 합산),4500
200811,경기,용인시,41465,시(구 합산),4500
200811,경기,파주시,41480,시군구,407
200811,경기,이천시,41500,시군구,1086
200811,경기,안성시,41550,시군구,1536
200811,경기,김포시,41570,시군구,1063
200811,경기,양주시,41630,시군구,102
200811,경기,여주시,41670,시군구,941
200811,경기,화성시,41591,시(구 합산),88
200811,경기,화성시,41593,시(구 합산),88
200811,경기,화성시,41595,시(구 합산),88
200811,경기,화성시,41597,시(구 합산),88
200811,경기,화성시,41590,시(구 합산),88
200811,경기,광주시,41610,시군구,0
200811,경기,연천군,41800,시군구,0
200811,경기,포천시,41650,시군구,26
200811,경기,가평군,41820,시군구,1
200811,경기,양평군,41830,시군구,102
200811,강원,계,,시도,10930
200811,충북,계,,시도,6565
200811,충남,계,,시도,15277
200811,전북,계,,시도,3236
200811,전남,계,,시도,6725
200811,경북,계,,시도,15054
200811,경남,계,,시도,16877
200811,제주,계,,시도,273
200812,서울,계,,시도,2486
200812,서울,종로구,11110,시군구,46
200812,서울,중구,11140,시군구,245
200812,서울,용산구,11170,시군구,53
200812,서울,성동구,11200,시군구,73
200812,서울,광진구,11215,시군구,18
200812,서울,동대문구,11230,시군구,0
200812,서울,중랑구,11260,시군구,0
200812,서울,성북구,11290,시군구,213
200812,서울,강북구,11305,시군구,14
200812,서울,도봉구,11320,시군구,12
200812,서울,노원구,11350,시군구,0
200812,서울,은평구,11380,시군구,224
200812,서울,서대문구,11410,시군구,0
200812,서울,마포구,11440,시군구,319
200812,서울,양천구,11470,시군구,186
200812,서울,강서구,11500,시군구,120
200812,서울,구로구,11530,시군구,0
200812,서울,금천구,11545,시군구,0
200812,서울,영등포구,11560,시군구,108
200812,서울,동작구,11590,시군구,601
200812,서울,관악구,11620,시군구,0
200812,서울,서초구,11650,시군구,162
200812,서울,강남구,11680,시군구,19
200812,서울,송파구,11710,시군구,0
200812,서울,강동구,11740,시군구,73
200812,부산,계,,시도,13997
200812,대구,계,,시도,21379
200812,인천,계,,시도,1647
200812,인천,중구,28110,시군구,0
200812,인천,동구,28140,시군구,584
200812,인천,미추홀구,28177,시군구,0
200812,인천,연수구,28185,시군구,640
200812,인천,남동구,28200,시군구,40
200812,인천,부평구,28237,시군구,23
200812,인천,계양구,28245,시군구,311
200812,인천,서구,28260,시군구,49
200812,인천,강화군,28710,시군구,0
200812,인천,옹진군,28720,시군구,0
200812,광주,계,,시도,12384
200812,대전,계,,시도,3802
200812,울산,계,,시도,9569
200812,경기,계,,시도,22795
200812,경기,수원시,41111,시(구 합산),2709
200812,경기,수원시,41113,시(구 합산),2709
200812,경기,수원시,41115,시(구 합산),2709
200812,경기,수원시,41117,시(구 합산),2709
200812,경기,성남시,41131,시(구 합산),10
200812,경기,성남시,41133,시(구 합산),10
200812,경기,성남시,41135,시(구 합산),10
200812,경기,의정부시,41150,시군구,0
200812,경기,안양시,41171,시(구 합산),389
200812,경기,안양시,41173,시(구 합산),389
200812,경기,부천시,41192,시(구 합산),750
200812,경기,부천시,41194,시(구 합산),750
200812,경기,부천시,41196,시(구 합산),750
200812,경기,부천시,41190,시(구 합산),750
200812,경기,광명시,41210,시군구,0
200812,경기,평택시,41220,시군구,2124
200812,경기,동두천시,41250,시군구,0
200812,경기,안산시,41271,시(구 합산),55
200812,경기,안산시,41273,시(구 합산),55
200812,경기,고양시,41281,시(구 합산),5360
200812,경기,고양시,41285,시(구 합산),5360
200812,경기,고양시,41287,시(구 합산),5360
200812,경기,과천시,41290,시군구,0
200812,경기,구리시,41310,시군구,29
200812,경기,남양주시,41360,시군구,1055
200812,경기,오산시,41370,시군구,248
200812,경기,시흥시,41390,시군구,35
200812,경기,군포시,41410,시군구,149
200812,경기,의왕시,41430,시군구,0
200812,경기,하남시,41450,시군구,157
200812,경기,용인시,41461,시(구 합산),4500
200812,경기,용인시,41463,시(구 합산),4500
200812,경기,용인시,41465,시(구 합산),4500
200812,경기,파주시,41480,시군구,403
200812,경기,이천시,41500,시군구,1083
200812,경기,안성시,41550,시군구,1518
200812,경기,김포시,41570,시군구,982
200812,경기,양주시,41630,시군구,102
200812,경기,여주시,41670,시군구,936
200812,경기,화성시,41591,시(구 합산),72
200812,경기,화성시,41593,시(구 합산),72
200812,경기,화성시,41595,시(구 합산),72
200812,경기,화성시,41597,시(구 합산),72
200812,경기,화성시,41590,시(구 합산),72
200812,경기,광주시,41610,시군구,0
200812,경기,연천군,41800,시군구,0
200812,경기,포천시,41650,시군구,26
200812,경기,가평군,41820,시군구,1
200812,경기,양평군,41830,시군구,102
200812,강원,계,,시도,10581
200812,충북,계,,시도,6412
200812,충남,계,,시도,15918
200812,전북,계,,시도,4617
200812,전남,계,,시도,6530
200812,경북,계,,시도,16106
200812,경남,계,,시도,17107
200812,제주,계,,시도,269
200901,서울,계,,시도,2511
200901,서울,종로구,11110,시군구,46
200901,서울,중구,11140,시군구,242
200901,서울,용산구,11170,시군구,12
200901,서울,성동구,11200,시군구,73
200901,서울,광진구,11215,시군구,18
200901,서울,동대문구,11230,시군구,27
200901,서울,중랑구,11260,시군구,0
200901,서울,성북구,11290,시군구,213
200901,서울,강북구,11305,시군구,4
200901,서울,도봉구,11320,시군구,0
200901,서울,노원구,11350,시군구,0
200901,서울,은평구,11380,시군구,221
200901,서울,서대문구,11410,시군구,0
200901,서울,마포구,11440,시군구,315
200901,서울,양천구,11470,시군구,186
200901,서울,강서구,11500,시군구,117
200901,서울,구로구,11530,시군구,0
200901,서울,금천구,11545,시군구,0
200901,서울,영등포구,11560,시군구,107
200901,서울,동작구,11590,시군구,601
200901,서울,관악구,11620,시군구,74
200901,서울,서초구,11650,시군구,162
200901,서울,강남구,11680,시군구,19
200901,서울,송파구,11710,시군구,0
200901,서울,강동구,11740,시군구,74
200901,부산,계,,시도,13882
200901,대구,계,,시도,21560
200901,인천,계,,시도,1605
200901,인천,중구,28110,시군구,0
200901,인천,동구,28140,시군구,586
200901,인천,미추홀구,28177,시군구,0
200901,인천,연수구,28185,시군구,625
200901,인천,남동구,28200,시군구,40
200901,인천,부평구,28237,시군구,4
200901,인천,계양구,28245,시군구,301
200901,인천,서구,28260,시군구,49
200901,인천,강화군,28710,시군구,0
200901,인천,옹진군,28720,시군구,0
200901,광주,계,,시도,12395
200901,대전,계,,시도,3715
200901,울산,계,,시도,9486
200901,경기,계,,시도,21415
200901,경기,수원시,41111,시(구 합산),2702
200901,경기,수원시,41113,시(구 합산),2702
200901,경기,수원시,41115,시(구 합산),2702
200901,경기,수원시,41117,시(구 합산),2702
200901,경기,성남시,41131,시(구 합산),12
200901,경기,성남시,41133,시(구 합산),12
200901,경기,성남시,41135,시(구 합산),12
200901,경기,의정부시,41150,시군구,0
200901,경기,안양시,41171,시(구 합산),389
200901,경기,안양시,41173,시(구 합산),389
200901,경기,부천시,41192,시(구 합산),748
200901,경기,부천시,41194,시(구 합산),748
200901,경기,부천시,41196,시(구 합산),748
200901,경기,부천시,41190,시(구 합산),748
200901,경기,광명시,41210,시군구,0
200901,경기,평택시,41220,시군구,2118
200901,경기,동두천시,41250,시군구,0
200901,경기,안산시,41271,시(구 합산),39
200901,경기,안산시,41273,시(구 합산),39
200901,경기,고양시,41281,시(구 합산),4848
200901,경기,고양시,41285,시(구 합산),4848
200901,경기,고양시,41287,시(구 합산),4848
200901,경기,과천시,41290,시군구,0
200901,경기,구리시,41310,시군구,27
200901,경기,남양주시,41360,시군구,1055
200901,경기,오산시,41370,시군구,289
200901,경기,시흥시,41390,시군구,35
200901,경기,군포시,41410,시군구,148
200901,경기,의왕시,41430,시군구,0
200901,경기,하남시,41450,시군구,157
200901,경기,용인시,41461,시(구 합산),4221
200901,경기,용인시,41463,시(구 합산),4221
200901,경기,용인시,41465,시(구 합산),4221
200901,경기,파주시,41480,시군구,403
200901,경기,이천시,41500,시군구,1071
200901,경기,안성시,41550,시군구,1032
200901,경기,김포시,41570,시군구,970
200901,경기,양주시,41630,시군구,34
200901,경기,여주시,41670,시군구,936
200901,경기,화성시,41591,시(구 합산),52
200901,경기,화성시,41593,시(구 합산),52
200901,경기,화성시,41595,시(구 합산),52
200901,경기,화성시,41597,시(구 합산),52
200901,경기,화성시,41590,시(구 합산),52
200901,경기,광주시,41610,시군구,0
200901,경기,연천군,41800,시군구,0
200901,경기,포천시,41650,시군구,26
200901,경기,가평군,41820,시군구,1
200901,경기,양평군,41830,시군구,102
200901,강원,계,,시도,10072
200901,충북,계,,시도,6291
200901,충남,계,,시도,16349
200901,전북,계,,시도,4579
200901,전남,계,,시도,6069
200901,경북,계,,시도,16189
200901,경남,계,,시도,16311
200901,제주,계,,시도,264
200902,서울,계,,시도,2460
200902,서울,종로구,11110,시군구,46
200902,서울,중구,11140,시군구,240
200902,서울,용산구,11170,시군구,3
200902,서울,성동구,11200,시군구,67
200902,서울,광진구,11215,시군구,10
200902,서울,동대문구,11230,시군구,27
200902,서울,중랑구,11260,시군구,0
200902,서울,성북구,11290,시군구,212
200902,서울,강북구,11305,시군구,0
200902,서울,도봉구,11320,시군구,0
200902,서울,노원구,11350,시군구,0
200902,서울,은평구,11380,시군구,221
200902,서울,서대문구,11410,시군구,0
200902,서울,마포구,11440,시군구,315
200902,서울,양천구,11470,시군구,186
200902,서울,강서구,11500,시군구,117
200902,서울,구로구,11530,시군구,0
200902,서울,금천구,11545,시군구,0
200902,서울,영등포구,11560,시군구,88
200902,서울,동작구,11590,시군구,601
200902,서울,관악구,11620,시군구,74
200902,서울,서초구,11650,시군구,162
200902,서울,강남구,11680,시군구,19
200902,서울,송파구,11710,시군구,0
200902,서울,강동구,11740,시군구,72
200902,부산,계,,시도,13763
200902,대구,계,,시도,21380
200902,인천,계,,시도,2320
200902,인천,중구,28110,시군구,101
200902,인천,동구,28140,시군구,854
200902,인천,미추홀구,28177,시군구,0
200902,인천,연수구,28185,시군구,621
200902,인천,남동구,28200,시군구,40
200902,인천,부평구,28237,시군구,4
200902,인천,계양구,28245,시군구,651
200902,인천,서구,28260,시군구,49
200902,인천,강화군,28710,시군구,0
200902,인천,옹진군,28720,시군구,0
200902,광주,계,,시도,12669
200902,대전,계,,시도,3676
200902,울산,계,,시도,9668
200902,경기,계,,시도,20405
200902,경기,수원시,41111,시(구 합산),2630
200902,경기,수원시,41113,시(구 합산),2630
200902,경기,수원시,41115,시(구 합산),2630
200902,경기,수원시,41117,시(구 합산),2630
200902,경기,성남시,41131,시(구 합산),10
200902,경기,성남시,41133,시(구 합산),10
200902,경기,성남시,41135,시(구 합산),10
200902,경기,의정부시,41150,시군구,0
200902,경기,안양시,41171,시(구 합산),365
200902,경기,안양시,41173,시(구 합산),365
200902,경기,부천시,41192,시(구 합산),743
200902,경기,부천시,41194,시(구 합산),743
200902,경기,부천시,41196,시(구 합산),743
200902,경기,부천시,41190,시(구 합산),743
200902,경기,광명시,41210,시군구,0
200902,경기,평택시,41220,시군구,2171
200902,경기,동두천시,41250,시군구,0
200902,경기,안산시,41271,시(구 합산),35
200902,경기,안산시,41273,시(구 합산),35
200902,경기,고양시,41281,시(구 합산),4011
200902,경기,고양시,41285,시(구 합산),4011
200902,경기,고양시,41287,시(구 합산),4011
200902,경기,과천시,41290,시군구,0
200902,경기,구리시,41310,시군구,23
200902,경기,남양주시,41360,시군구,1043
200902,경기,오산시,41370,시군구,289
200902,경기,시흥시,41390,시군구,71
200902,경기,군포시,41410,시군구,148
200902,경기,의왕시,41430,시군구,0
200902,경기,하남시,41450,시군구,157
200902,경기,용인시,41461,시(구 합산),4157
200902,경기,용인시,41463,시(구 합산),4157
200902,경기,용인시,41465,시(구 합산),4157
200902,경기,파주시,41480,시군구,411
200902,경기,이천시,41500,시군구,1068
200902,경기,안성시,41550,시군구,1031
200902,경기,김포시,41570,시군구,892
200902,경기,양주시,41630,시군구,34
200902,경기,여주시,41670,시군구,940
200902,경기,화성시,41591,시(구 합산),51
200902,경기,화성시,41593,시(구 합산),51
200902,경기,화성시,41595,시(구 합산),51
200902,경기,화성시,41597,시(구 합산),51
200902,경기,화성시,41590,시(구 합산),51
200902,경기,광주시,41610,시군구,0
200902,경기,연천군,41800,시군구,0
200902,경기,포천시,41650,시군구,25
200902,경기,가평군,41820,시군구,1
200902,경기,양평군,41830,시군구,99
200902,강원,계,,시도,9940
200902,충북,계,,시도,6385
200902,충남,계,,시도,16926
200902,전북,계,,시도,4392
200902,전남,계,,시도,6221
200902,경북,계,,시도,15468
200902,경남,계,,시도,16043
200902,제주,계,,시도,256
200903,서울,계,,시도,2459
200903,서울,종로구,11110,시군구,46
200903,서울,중구,11140,시군구,231
200903,서울,용산구,11170,시군구,19
200903,서울,성동구,11200,시군구,67
200903,서울,광진구,11215,시군구,10
200903,서울,동대문구,11230,시군구,27
200903,서울,중랑구,11260,시군구,0
200903,서울,성북구,11290,시군구,211
200903,서울,강북구,11305,시군구,0
200903,서울,도봉구,11320,시군구,0
200903,서울,노원구,11350,시군구,0
200903,서울,은평구,11380,시군구,221
200903,서울,서대문구,11410,시군구,0
200903,서울,마포구,11440,시군구,315
200903,서울,양천구,11470,시군구,195
200903,서울,강서구,11500,시군구,117
200903,서울,구로구,11530,시군구,0
200903,서울,금천구,11545,시군구,0
200903,서울,영등포구,11560,시군구,95
200903,서울,동작구,11590,시군구,601
200903,서울,관악구,11620,시군구,66
200903,서울,서초구,11650,시군구,157
200903,서울,강남구,11680,시군구,19
200903,서울,송파구,11710,시군구,0
200903,서울,강동구,11740,시군구,62
200903,부산,계,,시도,13828
200903,대구,계,,시도,20402
200903,인천,계,,시도,2101
200903,인천,중구,28110,시군구,101
200903,인천,동구,28140,시군구,649
200903,인천,미추홀구,28177,시군구,0
200903,인천,연수구,28185,시군구,615
200903,인천,남동구,28200,시군구,40
200903,인천,부평구,28237,시군구,4
200903,인천,계양구,28245,시군구,643
200903,인천,서구,28260,시군구,49
200903,인천,강화군,28710,시군구,0
200903,인천,옹진군,28720,시군구,0
200903,광주,계,,시도,12821
200903,대전,계,,시도,3360
200903,울산,계,,시도,9577
200903,경기,계,,시도,24040
200903,경기,수원시,41111,시(구 합산),2524
200903,경기,수원시,41113,시(구 합산),2524
200903,경기,수원시,41115,시(구 합산),2524
200903,경기,수원시,41117,시(구 합산),2524
200903,경기,성남시,41131,시(구 합산),80
200903,경기,성남시,41133,시(구 합산),80
200903,경기,성남시,41135,시(구 합산),80
200903,경기,의정부시,41150,시군구,0
200903,경기,안양시,41171,시(구 합산),372
200903,경기,안양시,41173,시(구 합산),372
200903,경기,부천시,41192,시(구 합산),1710
200903,경기,부천시,41194,시(구 합산),1710
200903,경기,부천시,41196,시(구 합산),1710
200903,경기,부천시,41190,시(구 합산),1710
200903,경기,광명시,41210,시군구,0
200903,경기,평택시,41220,시군구,1849
200903,경기,동두천시,41250,시군구,0
200903,경기,안산시,41271,시(구 합산),35
200903,경기,안산시,41273,시(구 합산),35
200903,경기,고양시,41281,시(구 합산),4406
200903,경기,고양시,41285,시(구 합산),4406
200903,경기,고양시,41287,시(구 합산),4406
200903,경기,과천시,41290,시군구,0
200903,경기,구리시,41310,시군구,26
200903,경기,남양주시,41360,시군구,1378
200903,경기,오산시,41370,시군구,289
200903,경기,시흥시,41390,시군구,118
200903,경기,군포시,41410,시군구,146
200903,경기,의왕시,41430,시군구,0
200903,경기,하남시,41450,시군구,377
200903,경기,용인시,41461,시(구 합산),5168
200903,경기,용인시,41463,시(구 합산),5168
200903,경기,용인시,41465,시(구 합산),5168
200903,경기,파주시,41480,시군구,683
200903,경기,이천시,41500,시군구,1074
200903,경기,안성시,41550,시군구,1348
200903,경기,김포시,41570,시군구,867
200903,경기,양주시,41630,시군구,34
200903,경기,여주시,41670,시군구,1130
200903,경기,화성시,41591,시(구 합산),40
200903,경기,화성시,41593,시(구 합산),40
200903,경기,화성시,41595,시(구 합산),40
200903,경기,화성시,41597,시(구 합산),40
200903,경기,화성시,41590,시(구 합산),40
200903,경기,광주시,41610,시군구,0
200903,경기,연천군,41800,시군구,0
200903,경기,포천시,41650,시군구,63
200903,경기,가평군,41820,시군구,31
200903,경기,양평군,41830,시군구,292
200903,강원,계,,시도,9780
200903,충북,계,,시도,8087
200903,충남,계,,시도,18251
200903,전북,계,,시도,4264
200903,전남,계,,시도,5944
200903,경북,계,,시도,15985
200903,경남,계,,시도,14460
200903,제주,계,,시도,282
200904,서울,계,,시도,2295
200904,서울,종로구,11110,시군구,46
200904,서울,중구,11140,시군구,228
200904,서울,용산구,11170,시군구,7
200904,서울,성동구,11200,시군구,104
200904,서울,광진구,11215,시군구,20
200904,서울,동대문구,11230,시군구,7
200904,서울,중랑구,11260,시군구,0
200904,서울,성북구,11290,시군구,164
200904,서울,강북구,11305,시군구,0
200904,서울,도봉구,11320,시군구,0
200904,서울,노원구,11350,시군구,0
200904,서울,은평구,11380,시군구,208
200904,서울,서대문구,11410,시군구,0
200904,서울,마포구,11440,시군구,222
200904,서울,양천구,11470,시군구,210
200904,서울,강서구,11500,시군구,24
200904,서울,구로구,11530,시군구,0
200904,서울,금천구,11545,시군구,0
200904,서울,영등포구,11560,시군구,40
200904,서울,동작구,11590,시군구,601
200904,서울,관악구,11620,시군구,60
200904,서울,서초구,11650,시군구,269
200904,서울,강남구,11680,시군구,19
200904,서울,송파구,11710,시군구,0
200904,서울,강동구,11740,시군구,66
200904,부산,계,,시도,14790
200904,대구,계,,시도,20691
200904,인천,계,,시도,2157
200904,인천,중구,28110,시군구,102
200904,인천,동구,28140,시군구,719
200904,인천,미추홀구,28177,시군구,0
200904,인천,연수구,28185,시군구,619
200904,인천,남동구,28200,시군구,27
200904,인천,부평구,28237,시군구,43
200904,인천,계양구,28245,시군구,598
200904,인천,서구,28260,시군구,49
200904,인천,강화군,28710,시군구,0
200904,인천,옹진군,28720,시군구,0
200904,광주,계,,시도,11384
200904,대전,계,,시도,3169
200904,울산,계,,시도,9084
200904,경기,계,,시도,24704
200904,경기,수원시,41111,시(구 합산),1796
200904,경기,수원시,41113,시(구 합산),1796
200904,경기,수원시,41115,시(구 합산),1796
200904,경기,수원시,41117,시(구 합산),1796
200904,경기,성남시,41131,시(구 합산),80
200904,경기,성남시,41133,시(구 합산),80
200904,경기,성남시,41135,시(구 합산),80
200904,경기,의정부시,41150,시군구,0
200904,경기,안양시,41171,시(구 합산),346
200904,경기,안양시,41173,시(구 합산),346
200904,경기,부천시,41192,시(구 합산),1710
200904,경기,부천시,41194,시(구 합산),1710
200904,경기,부천시,41196,시(구 합산),1710
200904,경기,부천시,41190,시(구 합산),1710
200904,경기,광명시,41210,시군구,0
200904,경기,평택시,41220,시군구,2314
200904,경기,동두천시,41250,시군구,0
200904,경기,안산시,41271,시(구 합산),35
200904,경기,안산시,41273,시(구 합산),35
200904,경기,고양시,41281,시(구 합산),3787
200904,경기,고양시,41285,시(구 합산),3787
200904,경기,고양시,41287,시(구 합산),3787
200904,경기,과천시,41290,시군구,0
200904,경기,구리시,41310,시군구,42
200904,경기,남양주시,41360,시군구,1277
200904,경기,오산시,41370,시군구,348
200904,경기,시흥시,41390,시군구,118
200904,경기,군포시,41410,시군구,155
200904,경기,의왕시,41430,시군구,0
200904,경기,하남시,41450,시군구,377
200904,경기,용인시,41461,시(구 합산),6909
200904,경기,용인시,41463,시(구 합산),6909
200904,경기,용인시,41465,시(구 합산),6909
200904,경기,파주시,41480,시군구,611
200904,경기,이천시,41500,시군구,1033
200904,경기,안성시,41550,시군구,1264
200904,경기,김포시,41570,시군구,746
200904,경기,양주시,41630,시군구,248
200904,경기,여주시,41670,시군구,1088
200904,경기,화성시,41591,시(구 합산),38
200904,경기,화성시,41593,시(구 합산),38
200904,경기,화성시,41595,시(구 합산),38
200904,경기,화성시,41597,시(구 합산),38
200904,경기,화성시,41590,시(구 합산),38
200904,경기,광주시,41610,시군구,0
200904,경기,연천군,41800,시군구,0
200904,경기,포천시,41650,시군구,63
200904,경기,가평군,41820,시군구,30
200904,경기,양평군,41830,시군구,289
200904,강원,계,,시도,9746
200904,충북,계,,시도,7403
200904,충남,계,,시도,17939
200904,전북,계,,시도,4876
200904,전남,계,,시도,5843
200904,경북,계,,시도,14871
200904,경남,계,,시도,14479
200904,제주,계,,시도,425
200905,서울,계,,시도,2136
200905,서울,종로구,11110,시군구,45
200905,서울,중구,11140,시군구,225
200905,서울,용산구,11170,시군구,0
200905,서울,성동구,11200,시군구,96
200905,서울,광진구,11215,시군구,22
200905,서울,동대문구,11230,시군구,7
200905,서울,중랑구,11260,시군구,0
200905,서울,성북구,11290,시군구,157
200905,서울,강북구,11305,시군구,0
200905,서울,도봉구,11320,시군구,0
200905,서울,노원구,11350,시군구,0
200905,서울,은평구,11380,시군구,185
200905,서울,서대문구,11410,시군구,0
200905,서울,마포구,11440,시군구,228
200905,서울,양천구,11470,시군구,191
200905,서울,강서구,11500,시군구,7
200905,서울,구로구,11530,시군구,0
200905,서울,금천구,11545,시군구,0
200905,서울,영등포구,11560,시군구,23
200905,서울,동작구,11590,시군구,662
200905,서울,관악구,11620,시군구,48
200905,서울,서초구,11650,시군구,149
200905,서울,강남구,11680,시군구,19
200905,서울,송파구,11710,시군구,12
200905,서울,강동구,11740,시군구,60
200905,부산,계,,시도,13602
200905,대구,계,,시도,19851
200905,인천,계,,시도,2016
200905,인천,중구,28110,시군구,102
200905,인천,동구,28140,시군구,631
200905,인천,미추홀구,28177,시군구,0
200905,인천,연수구,28185,시군구,618
200905,인천,남동구,28200,시군구,27
200905,인천,부평구,28237,시군구,35
200905,인천,계양구,28245,시군구,554
200905,인천,서구,28260,시군구,49
200905,인천,강화군,28710,시군구,0
200905,인천,옹진군,28720,시군구,0
200905,광주,계,,시도,8565
200905,대전,계,,시도,3012
200905,울산,계,,시도,7991
200905,경기,계,,시도,23192
200905,경기,수원시,41111,시(구 합산),1654
200905,경기,수원시,41113,시(구 합산),1654
200905,경기,수원시,41115,시(구 합산),1654
200905,경기,수원시,41117,시(구 합산),1654
200905,경기,성남시,41131,시(구 합산),67
200905,경기,성남시,41133,시(구 합산),67
200905,경기,성남시,41135,시(구 합산),67
200905,경기,의정부시,41150,시군구,0
200905,경기,안양시,41171,시(구 합산),157
200905,경기,안양시,41173,시(구 합산),157
200905,경기,부천시,41192,시(구 합산),1593
200905,경기,부천시,41194,시(구 합산),1593
200905,경기,부천시,41196,시(구 합산),1593
200905,경기,부천시,41190,시(구 합산),1593
200905,경기,광명시,41210,시군구,0
200905,경기,평택시,41220,시군구,1999
200905,경기,동두천시,41250,시군구,0
200905,경기,안산시,41271,시(구 합산),32
200905,경기,안산시,41273,시(구 합산),32
200905,경기,고양시,41281,시(구 합산),3305
200905,경기,고양시,41285,시(구 합산),3305
200905,경기,고양시,41287,시(구 합산),3305
200905,경기,과천시,41290,시군구,0
200905,경기,구리시,41310,시군구,41
200905,경기,남양주시,41360,시군구,1267
200905,경기,오산시,41370,시군구,329
200905,경기,시흥시,41390,시군구,87
200905,경기,군포시,41410,시군구,152
200905,경기,의왕시,41430,시군구,0
200905,경기,하남시,41450,시군구,362
200905,경기,용인시,41461,시(구 합산),6703
200905,경기,용인시,41463,시(구 합산),6703
200905,경기,용인시,41465,시(구 합산),6703
200905,경기,파주시,41480,시군구,562
200905,경기,이천시,41500,시군구,1008
200905,경기,안성시,41550,시군구,1177
200905,경기,김포시,41570,시군구,670
200905,경기,양주시,41630,시군구,534
200905,경기,여주시,41670,시군구,1079
200905,경기,화성시,41591,시(구 합산),37
200905,경기,화성시,41593,시(구 합산),37
200905,경기,화성시,41595,시(구 합산),37
200905,경기,화성시,41597,시(구 합산),37
200905,경기,화성시,41590,시(구 합산),37
200905,경기,광주시,41610,시군구,0
200905,경기,연천군,41800,시군구,0
200905,경기,포천시,41650,시군구,63
200905,경기,가평군,41820,시군구,30
200905,경기,양평군,41830,시군구,284
200905,강원,계,,시도,9249
200905,충북,계,,시도,6821
200905,충남,계,,시도,17229
200905,전북,계,,시도,4643
200905,전남,계,,시도,6178
200905,경북,계,,시도,14929
200905,경남,계,,시도,12124
200905,제주,계,,시도,400
200906,서울,계,,시도,2085
200906,서울,종로구,11110,시군구,45
200906,서울,중구,11140,시군구,220
200906,서울,용산구,11170,시군구,0
200906,서울,성동구,11200,시군구,82
200906,서울,광진구,11215,시군구,22
200906,서울,동대문구,11230,시군구,24
200906,서울,중랑구,11260,시군구,0
200906,서울,성북구,11290,시군구,156
200906,서울,강북구,11305,시군구,0
200906,서울,도봉구,11320,시군구,0
200906,서울,노원구,11350,시군구,0
200906,서울,은평구,11380,시군구,183
200906,서울,서대문구,11410,시군구,0
200906,서울,마포구,11440,시군구,225
200906,서울,양천구,11470,시군구,209
200906,서울,강서구,11500,시군구,26
200906,서울,구로구,11530,시군구,0
200906,서울,금천구,11545,시군구,0
200906,서울,영등포구,11560,시군구,21
200906,서울,동작구,11590,시군구,662
200906,서울,관악구,11620,시군구,48
200906,서울,서초구,11650,시군구,94
200906,서울,강남구,11680,시군구,18
200906,서울,송파구,11710,시군구,0
200906,서울,강동구,11740,시군구,50
200906,부산,계,,시도,12685
200906,대구,계,,시도,19257
200906,인천,계,,시도,1840
200906,인천,중구,28110,시군구,102
200906,인천,동구,28140,시군구,556
200906,인천,미추홀구,28177,시군구,0
200906,인천,연수구,28185,시군구,618
200906,인천,남동구,28200,시군구,29
200906,인천,부평구,28237,시군구,14
200906,인천,계양구,28245,시군구,472
200906,인천,서구,28260,시군구,49
200906,인천,강화군,28710,시군구,0
200906,인천,옹진군,28720,시군구,0
200906,광주,계,,시도,8209
200906,대전,계,,시도,3696
200906,울산,계,,시도,8032
200906,경기,계,,시도,21699
200906,경기,수원시,41111,시(구 합산),1618
200906,경기,수원시,41113,시(구 합산),1618
200906,경기,수원시,41115,시(구 합산),1618
200906,경기,수원시,41117,시(구 합산),1618
200906,경기,성남시,41131,시(구 합산),60
200906,경기,성남시,41133,시(구 합산),60
200906,경기,성남시,41135,시(구 합산),60
200906,경기,의정부시,41150,시군구,0
200906,경기,안양시,41171,시(구 합산),149
200906,경기,안양시,41173,시(구 합산),149
200906,경기,부천시,41192,시(구 합산),1461
200906,경기,부천시,41194,시(구 합산),1461
200906,경기,부천시,41196,시(구 합산),1461
200906,경기,부천시,41190,시(구 합산),1461
200906,경기,광명시,41210,시군구,0
200906,경기,평택시,41220,시군구,1922
200906,경기,동두천시,41250,시군구,0
200906,경기,안산시,41271,시(구 합산),29
200906,경기,안산시,41273,시(구 합산),29
200906,경기,고양시,41281,시(구 합산),3005
200906,경기,고양시,41285,시(구 합산),3005
200906,경기,고양시,41287,시(구 합산),3005
200906,경기,과천시,41290,시군구,0
200906,경기,구리시,41310,시군구,34
200906,경기,남양주시,41360,시군구,1221
200906,경기,오산시,41370,시군구,302
200906,경기,시흥시,41390,시군구,81
200906,경기,군포시,41410,시군구,151
200906,경기,의왕시,41430,시군구,0
200906,경기,하남시,41450,시군구,360
200906,경기,용인시,41461,시(구 합산),6011
200906,경기,용인시,41463,시(구 합산),6011
200906,경기,용인시,41465,시(구 합산),6011
200906,경기,파주시,41480,시군구,847
200906,경기,이천시,41500,시군구,932
200906,경기,안성시,41550,시군구,1089
200906,경기,김포시,41570,시군구,511
200906,경기,양주시,41630,시군구,478
200906,경기,여주시,41670,시군구,1026
200906,경기,화성시,41591,시(구 합산),35
200906,경기,화성시,41593,시(구 합산),35
200906,경기,화성시,41595,시(구 합산),35
200906,경기,화성시,41597,시(구 합산),35
200906,경기,화성시,41590,시(구 합산),35
200906,경기,광주시,41610,시군구,0
200906,경기,연천군,41800,시군구,0
200906,경기,포천시,41650,시군구,63
200906,경기,가평군,41820,시군구,30
200906,경기,양평군,41830,시군구,284
200906,강원,계,,시도,8987
200906,충북,계,,시도,6262
200906,충남,계,,시도,16063
200906,전북,계,,시도,4395
200906,전남,계,,시도,5789
200906,경북,계,,시도,14233
200906,경남,계,,시도,11988
200906,제주,계,,시도,365
200907,서울,계,,시도,2060
200907,서울,종로구,11110,시군구,45
200907,서울,중구,11140,시군구,210
200907,서울,용산구,11170,시군구,0
200907,서울,성동구,11200,시군구,77
200907,서울,광진구,11215,시군구,22
200907,서울,동대문구,11230,시군구,60
200907,서울,중랑구,11260,시군구,0
200907,서울,성북구,11290,시군구,155
200907,서울,강북구,11305,시군구,0
200907,서울,도봉구,11320,시군구,0
200907,서울,노원구,11350,시군구,0
200907,서울,은평구,11380,시군구,174
200907,서울,서대문구,11410,시군구,0
200907,서울,마포구,11440,시군구,225
200907,서울,양천구,11470,시군구,205
200907,서울,강서구,11500,시군구,25
200907,서울,구로구,11530,시군구,0
200907,서울,금천구,11545,시군구,0
200907,서울,영등포구,11560,시군구,22
200907,서울,동작구,11590,시군구,662
200907,서울,관악구,11620,시군구,30
200907,서울,서초구,11650,시군구,79
200907,서울,강남구,11680,시군구,14
200907,서울,송파구,11710,시군구,0
200907,서울,강동구,11740,시군구,55
200907,부산,계,,시도,12253
200907,대구,계,,시도,18473
200907,인천,계,,시도,1702
200907,인천,중구,28110,시군구,102
200907,인천,동구,28140,시군구,546
200907,인천,미추홀구,28177,시군구,0
200907,인천,연수구,28185,시군구,618
200907,인천,남동구,28200,시군구,29
200907,인천,부평구,28237,시군구,14
200907,인천,계양구,28245,시군구,345
200907,인천,서구,28260,시군구,48
200907,인천,강화군,28710,시군구,0
200907,인천,옹진군,28720,시군구,0
200907,광주,계,,시도,7264
200907,대전,계,,시도,3428
200907,울산,계,,시도,7962
200907,경기,계,,시도,20248
200907,경기,수원시,41111,시(구 합산),1545
200907,경기,수원시,41113,시(구 합산),1545
200907,경기,수원시,41115,시(구 합산),1545
200907,경기,수원시,41117,시(구 합산),1545
200907,경기,성남시,41131,시(구 합산),59
200907,경기,성남시,41133,시(구 합산),59
200907,경기,성남시,41135,시(구 합산),59
200907,경기,의정부시,41150,시군구,0
200907,경기,안양시,41171,시(구 합산),160
200907,경기,안양시,41173,시(구 합산),160
200907,경기,부천시,41192,시(구 합산),1208
200907,경기,부천시,41194,시(구 합산),1208
200907,경기,부천시,41196,시(구 합산),1208
200907,경기,부천시,41190,시(구 합산),1208
200907,경기,광명시,41210,시군구,0
200907,경기,평택시,41220,시군구,1866
200907,경기,동두천시,41250,시군구,0
200907,경기,안산시,41271,시(구 합산),29
200907,경기,안산시,41273,시(구 합산),29
200907,경기,고양시,41281,시(구 합산),2768
200907,경기,고양시,41285,시(구 합산),2768
200907,경기,고양시,41287,시(구 합산),2768
200907,경기,과천시,41290,시군구,0
200907,경기,구리시,41310,시군구,34
200907,경기,남양주시,41360,시군구,1193
200907,경기,오산시,41370,시군구,247
200907,경기,시흥시,41390,시군구,74
200907,경기,군포시,41410,시군구,150
200907,경기,의왕시,41430,시군구,0
200907,경기,하남시,41450,시군구,357
200907,경기,용인시,41461,시(구 합산),5740
200907,경기,용인시,41463,시(구 합산),5740
200907,경기,용인시,41465,시(구 합산),5740
200907,경기,파주시,41480,시군구,732
200907,경기,이천시,41500,시군구,852
200907,경기,안성시,41550,시군구,1042
200907,경기,김포시,41570,시군구,482
200907,경기,양주시,41630,시군구,415
200907,경기,여주시,41670,시군구,940
200907,경기,화성시,41591,시(구 합산),35
200907,경기,화성시,41593,시(구 합산),35
200907,경기,화성시,41595,시(구 합산),35
200907,경기,화성시,41597,시(구 합산),35
200907,경기,화성시,41590,시(구 합산),35
200907,경기,광주시,41610,시군구,0
200907,경기,연천군,41800,시군구,0
200907,경기,포천시,41650,시군구,63
200907,경기,가평군,41820,시군구,30
200907,경기,양평군,41830,시군구,227
200907,강원,계,,시도,8788
200907,충북,계,,시도,6245
200907,충남,계,,시도,16342
200907,전북,계,,시도,4206
200907,전남,계,,시도,5510
200907,경북,계,,시도,13943
200907,경남,계,,시도,11430
200907,제주,계,,시도,332
200908,서울,계,,시도,1960
200908,서울,종로구,11110,시군구,44
200908,서울,중구,11140,시군구,188
200908,서울,용산구,11170,시군구,0
200908,서울,성동구,11200,시군구,77
200908,서울,광진구,11215,시군구,21
200908,서울,동대문구,11230,시군구,60
200908,서울,중랑구,11260,시군구,0
200908,서울,성북구,11290,시군구,147
200908,서울,강북구,11305,시군구,0
200908,서울,도봉구,11320,시군구,0
200908,서울,노원구,11350,시군구,25
200908,서울,은평구,11380,시군구,116
200908,서울,서대문구,11410,시군구,0
200908,서울,마포구,11440,시군구,193
200908,서울,양천구,11470,시군구,205
200908,서울,강서구,11500,시군구,25
200908,서울,구로구,11530,시군구,0
200908,서울,금천구,11545,시군구,0
200908,서울,영등포구,11560,시군구,22
200908,서울,동작구,11590,시군구,662
200908,서울,관악구,11620,시군구,30
200908,서울,서초구,11650,시군구,78
200908,서울,강남구,11680,시군구,14
200908,서울,송파구,11710,시군구,0
200908,서울,강동구,11740,시군구,53
200908,부산,계,,시도,11451
200908,대구,계,,시도,17920
200908,인천,계,,시도,1664
200908,인천,중구,28110,시군구,102
200908,인천,동구,28140,시군구,532
200908,인천,미추홀구,28177,시군구,0
200908,인천,연수구,28185,시군구,618
200908,인천,남동구,28200,시군구,29
200908,인천,부평구,28237,시군구,13
200908,인천,계양구,28245,시군구,322
200908,인천,서구,28260,시군구,48
200908,인천,강화군,28710,시군구,0
200908,인천,옹진군,28720,시군구,0
200908,광주,계,,시도,6799
200908,대전,계,,시도,3150
200908,울산,계,,시도,7769
200908,경기,계,,시도,19738
200908,경기,수원시,41111,시(구 합산),1378
200908,경기,수원시,41113,시(구 합산),1378
200908,경기,수원시,41115,시(구 합산),1378
200908,경기,수원시,41117,시(구 합산),1378
200908,경기,성남시,41131,시(구 합산),56
200908,경기,성남시,41133,시(구 합산),56
200908,경기,성남시,41135,시(구 합산),56
200908,경기,의정부시,41150,시군구,0
200908,경기,안양시,41171,시(구 합산),156
200908,경기,안양시,41173,시(구 합산),156
200908,경기,부천시,41192,시(구 합산),1052
200908,경기,부천시,41194,시(구 합산),1052
200908,경기,부천시,41196,시(구 합산),1052
200908,경기,부천시,41190,시(구 합산),1052
200908,경기,광명시,41210,시군구,0
200908,경기,평택시,41220,시군구,1713
200908,경기,동두천시,41250,시군구,0
200908,경기,안산시,41271,시(구 합산),29
200908,경기,안산시,41273,시(구 합산),29
200908,경기,고양시,41281,시(구 합산),2423
200908,경기,고양시,41285,시(구 합산),2423
200908,경기,고양시,41287,시(구 합산),2423
200908,경기,과천시,41290,시군구,0
200908,경기,구리시,41310,시군구,32
200908,경기,남양주시,41360,시군구,1146
200908,경기,오산시,41370,시군구,207
200908,경기,시흥시,41390,시군구,47
200908,경기,군포시,41410,시군구,146
200908,경기,의왕시,41430,시군구,0
200908,경기,하남시,41450,시군구,355
200908,경기,용인시,41461,시(구 합산),5510
200908,경기,용인시,41463,시(구 합산),5510
200908,경기,용인시,41465,시(구 합산),5510
200908,경기,파주시,41480,시군구,649
200908,경기,이천시,41500,시군구,706
200908,경기,안성시,41550,시군구,958
200908,경기,김포시,41570,시군구,1513
200908,경기,양주시,41630,시군구,34
200908,경기,여주시,41670,시군구,0
200908,경기,화성시,41591,시(구 합산),459
200908,경기,화성시,41593,시(구 합산),459
200908,경기,화성시,41595,시(구 합산),459
200908,경기,화성시,41597,시(구 합산),459
200908,경기,화성시,41590,시(구 합산),459
200908,경기,광주시,41610,시군구,877
200908,경기,연천군,41800,시군구,63
200908,경기,포천시,41650,시군구,0
200908,경기,가평군,41820,시군구,28
200908,경기,양평군,41830,시군구,201
200908,강원,계,,시도,8577
200908,충북,계,,시도,6027
200908,충남,계,,시도,14595
200908,전북,계,,시도,3899
200908,전남,계,,시도,5376
200908,경북,계,,시도,13582
200908,경남,계,,시도,10948
200908,제주,계,,시도,324
200909,서울,계,,시도,1887
200909,서울,종로구,11110,시군구,43
200909,서울,중구,11140,시군구,188
200909,서울,용산구,11170,시군구,0
200909,서울,성동구,11200,시군구,87
200909,서울,광진구,11215,시군구,21
200909,서울,동대문구,11230,시군구,60
200909,서울,중랑구,11260,시군구,0
200909,서울,성북구,11290,시군구,142
200909,서울,강북구,11305,시군구,0
200909,서울,도봉구,11320,시군구,0
200909,서울,노원구,11350,시군구,25
200909,서울,은평구,11380,시군구,98
200909,서울,서대문구,11410,시군구,0
200909,서울,마포구,11440,시군구,146
200909,서울,양천구,11470,시군구,205
200909,서울,강서구,11500,시군구,24
200909,서울,구로구,11530,시군구,0
200909,서울,금천구,11545,시군구,0
200909,서울,영등포구,11560,시군구,22
200909,서울,동작구,11590,시군구,662
200909,서울,관악구,11620,시군구,30
200909,서울,서초구,11650,시군구,78
200909,서울,강남구,11680,시군구,14
200909,서울,송파구,11710,시군구,0
200909,서울,강동구,11740,시군구,42
200909,부산,계,,시도,10436
200909,대구,계,,시도,17043
200909,인천,계,,시도,1541
200909,인천,중구,28110,시군구,99
200909,인천,동구,28140,시군구,446
200909,인천,미추홀구,28177,시군구,0
200909,인천,연수구,28185,시군구,618
200909,인천,남동구,28200,시군구,25
200909,인천,부평구,28237,시군구,13
200909,인천,계양구,28245,시군구,292
200909,인천,서구,28260,시군구,48
200909,인천,강화군,28710,시군구,0
200909,인천,옹진군,28720,시군구,0
200909,광주,계,,시도,6102
200909,대전,계,,시도,3300
200909,울산,계,,시도,7478
200909,경기,계,,시도,17534
200909,경기,수원시,41111,시(구 합산),1097
200909,경기,수원시,41113,시(구 합산),1097
200909,경기,수원시,41115,시(구 합산),1097
200909,경기,수원시,41117,시(구 합산),1097
200909,경기,성남시,41131,시(구 합산),50
200909,경기,성남시,41133,시(구 합산),50
200909,경기,성남시,41135,시(구 합산),50
200909,경기,의정부시,41150,시군구,0
200909,경기,안양시,41171,시(구 합산),150
200909,경기,안양시,41173,시(구 합산),150
200909,경기,부천시,41192,시(구 합산),923
200909,경기,부천시,41194,시(구 합산),923
200909,경기,부천시,41196,시(구 합산),923
200909,경기,부천시,41190,시(구 합산),923
200909,경기,광명시,41210,시군구,0
200909,경기,평택시,41220,시군구,1479
200909,경기,동두천시,41250,시군구,0
200909,경기,안산시,41271,시(구 합산),31
200909,경기,안산시,41273,시(구 합산),31
200909,경기,고양시,41281,시(구 합산),2185
200909,경기,고양시,41285,시(구 합산),2185
200909,경기,고양시,41287,시(구 합산),2185
200909,경기,과천시,41290,시군구,0
200909,경기,구리시,41310,시군구,31
200909,경기,남양주시,41360,시군구,998
200909,경기,오산시,41370,시군구,182
200909,경기,시흥시,41390,시군구,41
200909,경기,군포시,41410,시군구,140
200909,경기,의왕시,41430,시군구,0
200909,경기,하남시,41450,시군구,351
200909,경기,용인시,41461,시(구 합산),5270
200909,경기,용인시,41463,시(구 합산),5270
200909,경기,용인시,41465,시(구 합산),5270
200909,경기,파주시,41480,시군구,590
200909,경기,이천시,41500,시군구,612
200909,경기,안성시,41550,시군구,844
200909,경기,김포시,41570,시군구,1233
200909,경기,양주시,41630,시군구,178
200909,경기,여주시,41670,시군구,63
200909,경기,화성시,41591,시(구 합산),34
200909,경기,화성시,41593,시(구 합산),34
200909,경기,화성시,41595,시(구 합산),34
200909,경기,화성시,41597,시(구 합산),34
200909,경기,화성시,41590,시(구 합산),34
200909,경기,광주시,41610,시군구,0
200909,경기,연천군,41800,시군구,0
200909,경기,포천시,41650,시군구,828
200909,경기,가평군,41820,시군구,28
200909,경기,양평군,41830,시군구,196
200909,강원,계,,시도,7817
200909,충북,계,,시도,5568
200909,충남,계,,시도,14195
200909,전북,계,,시도,4194
200909,전남,계,,시도,5380
200909,경북,계,,시도,13311
200909,경남,계,,시도,10340
200909,제주,계,,시도,298
200910,서울,계,,시도,1778
200910,서울,종로구,11110,시군구,42
200910,서울,중구,11140,시군구,188
200910,서울,용산구,11170,시군구,0
200910,서울,성동구,11200,시군구,87
200910,서울,광진구,11215,시군구,4
200910,서울,동대문구,11230,시군구,60
200910,서울,중랑구,11260,시군구,0
200910,서울,성북구,11290,시군구,113
200910,서울,강북구,11305,시군구,0
200910,서울,도봉구,11320,시군구,0
200910,서울,노원구,11350,시군구,25
200910,서울,은평구,11380,시군구,46
200910,서울,서대문구,11410,시군구,0
200910,서울,마포구,11440,시군구,145
200910,서울,양천구,11470,시군구,205
200910,서울,강서구,11500,시군구,24
200910,서울,구로구,11530,시군구,0
200910,서울,금천구,11545,시군구,0
200910,서울,영등포구,11560,시군구,22
200910,서울,동작구,11590,시군구,653
200910,서울,관악구,11620,시군구,30
200910,서울,서초구,11650,시군구,78
200910,서울,강남구,11680,시군구,14
200910,서울,송파구,11710,시군구,0
200910,서울,강동구,11740,시군구,42
200910,부산,계,,시도,9891
200910,대구,계,,시도,16467
200910,인천,계,,시도,1432
200910,인천,중구,28110,시군구,99
200910,인천,동구,28140,시군구,48
200910,인천,미추홀구,28177,시군구,344
200910,인천,연수구,28185,시군구,0
200910,인천,남동구,28200,시군구,618
200910,인천,부평구,28237,시군구,25
200910,인천,계양구,28245,시군구,13
200910,인천,서구,28260,시군구,285
200910,인천,강화군,28710,시군구,0
200910,인천,옹진군,28720,시군구,0
200910,광주,계,,시도,5751
200910,대전,계,,시도,2928
200910,울산,계,,시도,7488
200910,경기,계,,시도,16638
200910,경기,수원시,41111,시(구 합산),955
200910,경기,수원시,41113,시(구 합산),955
200910,경기,수원시,41115,시(구 합산),955
200910,경기,수원시,41117,시(구 합산),955
200910,경기,성남시,41131,시(구 합산),45
200910,경기,성남시,41133,시(구 합산),45
200910,경기,성남시,41135,시(구 합산),45
200910,경기,의정부시,41150,시군구,0
200910,경기,안양시,41171,시(구 합산),133
200910,경기,안양시,41173,시(구 합산),133
200910,경기,부천시,41192,시(구 합산),806
200910,경기,부천시,41194,시(구 합산),806
200910,경기,부천시,41196,시(구 합산),806
200910,경기,부천시,41190,시(구 합산),806
200910,경기,광명시,41210,시군구,0
200910,경기,평택시,41220,시군구,1400
200910,경기,동두천시,41250,시군구,162
200910,경기,안산시,41271,시(구 합산),30
200910,경기,안산시,41273,시(구 합산),30
200910,경기,고양시,41281,시(구 합산),2094
200910,경기,고양시,41285,시(구 합산),2094
200910,경기,고양시,41287,시(구 합산),2094
200910,경기,과천시,41290,시군구,0
200910,경기,구리시,41310,시군구,28
200910,경기,남양주시,41360,시군구,912
200910,경기,오산시,41370,시군구,165
200910,경기,시흥시,41390,시군구,26
200910,경기,군포시,41410,시군구,135
200910,경기,의왕시,41430,시군구,0
200910,경기,하남시,41450,시군구,351
200910,경기,용인시,41461,시(구 합산),5072
200910,경기,용인시,41463,시(구 합산),5072
200910,경기,용인시,41465,시(구 합산),5072
200910,경기,파주시,41480,시군구,557
200910,경기,이천시,41500,시군구,599
200910,경기,안성시,41550,시군구,803
200910,경기,김포시,41570,시군구,1120
200910,경기,양주시,41630,시군구,31
200910,경기,여주시,41670,시군구,0
200910,경기,화성시,41591,시(구 합산),164
200910,경기,화성시,41593,시(구 합산),164
200910,경기,화성시,41595,시(구 합산),164
200910,경기,화성시,41597,시(구 합산),164
200910,경기,화성시,41590,시(구 합산),164
200910,경기,광주시,41610,시군구,767
200910,경기,연천군,41800,시군구,63
200910,경기,포천시,41650,시군구,0
200910,경기,가평군,41820,시군구,28
200910,경기,양평군,41830,시군구,192
200910,강원,계,,시도,7530
200910,충북,계,,시도,5425
200910,충남,계,,시도,13656
200910,전북,계,,시도,3954
200910,전남,계,,시도,5067
200910,경북,계,,시도,12678
200910,경남,계,,시도,9427
200910,제주,계,,시도,327
200911,서울,계,,시도,1814
200911,서울,종로구,11110,시군구,42
200911,서울,중구,11140,시군구,188
200911,서울,용산구,11170,시군구,0
200911,서울,성동구,11200,시군구,87
200911,서울,광진구,11215,시군구,4
200911,서울,동대문구,11230,시군구,60
200911,서울,중랑구,11260,시군구,0
200911,서울,성북구,11290,시군구,113
200911,서울,강북구,11305,시군구,0
200911,서울,도봉구,11320,시군구,0
200911,서울,노원구,11350,시군구,25
200911,서울,은평구,11380,시군구,46
200911,서울,서대문구,11410,시군구,0
200911,서울,마포구,11440,시군구,156
200911,서울,양천구,11470,시군구,205
200911,서울,강서구,11500,시군구,24
200911,서울,구로구,11530,시군구,0
200911,서울,금천구,11545,시군구,0
200911,서울,영등포구,11560,시군구,44
200911,서울,동작구,11590,시군구,650
200911,서울,관악구,11620,시군구,48
200911,서울,서초구,11650,시군구,78
200911,서울,강남구,11680,시군구,14
200911,서울,송파구,11710,시군구,0
200911,서울,강동구,11740,시군구,30
200911,부산,계,,시도,9287
200911,대구,계,,시도,16119
200911,인천,계,,시도,4578
200911,인천,중구,28110,시군구,3191
200911,인천,동구,28140,시군구,474
200911,인천,미추홀구,28177,시군구,0
200911,인천,연수구,28185,시군구,379
200911,인천,남동구,28200,시군구,25
200911,인천,부평구,28237,시군구,13
200911,인천,계양구,28245,시군구,284
200911,인천,서구,28260,시군구,212
200911,인천,강화군,28710,시군구,0
200911,인천,옹진군,28720,시군구,0
200911,광주,계,,시도,4974
200911,대전,계,,시도,2776
200911,울산,계,,시도,8025
200911,경기,계,,시도,16473
200911,경기,수원시,41111,시(구 합산),801
200911,경기,수원시,41113,시(구 합산),801
200911,경기,수원시,41115,시(구 합산),801
200911,경기,수원시,41117,시(구 합산),801
200911,경기,성남시,41131,시(구 합산),43
200911,경기,성남시,41133,시(구 합산),43
200911,경기,성남시,41135,시(구 합산),43
200911,경기,의정부시,41150,시군구,0
200911,경기,안양시,41171,시(구 합산),103
200911,경기,안양시,41173,시(구 합산),103
200911,경기,부천시,41192,시(구 합산),770
200911,경기,부천시,41194,시(구 합산),770
200911,경기,부천시,41196,시(구 합산),770
200911,경기,부천시,41190,시(구 합산),770
200911,경기,광명시,41210,시군구,0
200911,경기,평택시,41220,시군구,1346
200911,경기,동두천시,41250,시군구,84
200911,경기,안산시,41271,시(구 합산),28
200911,경기,안산시,41273,시(구 합산),28
200911,경기,고양시,41281,시(구 합산),1864
200911,경기,고양시,41285,시(구 합산),1864
200911,경기,고양시,41287,시(구 합산),1864
200911,경기,과천시,41290,시군구,0
200911,경기,구리시,41310,시군구,27
200911,경기,남양주시,41360,시군구,745
200911,경기,오산시,41370,시군구,155
200911,경기,시흥시,41390,시군구,22
200911,경기,군포시,41410,시군구,126
200911,경기,의왕시,41430,시군구,0
200911,경기,하남시,41450,시군구,345
200911,경기,용인시,41461,시(구 합산),4790
200911,경기,용인시,41463,시(구 합산),4790
200911,경기,용인시,41465,시(구 합산),4790
200911,경기,파주시,41480,시군구,546
200911,경기,이천시,41500,시군구,528
200911,경기,안성시,41550,시군구,772
200911,경기,김포시,41570,시군구,2112
200911,경기,양주시,41630,시군구,229
200911,경기,여주시,41670,시군구,0
200911,경기,화성시,41591,시(구 합산),158
200911,경기,화성시,41593,시(구 합산),158
200911,경기,화성시,41595,시(구 합산),158
200911,경기,화성시,41597,시(구 합산),158
200911,경기,화성시,41590,시(구 합산),158
200911,경기,광주시,41610,시군구,649
200911,경기,연천군,41800,시군구,10
200911,경기,포천시,41650,시군구,0
200911,경기,가평군,41820,시군구,28
200911,경기,양평군,41830,시군구,192
200911,강원,계,,시도,7353
200911,충북,계,,시도,5351
200911,충남,계,,시도,14148
200911,전북,계,,시도,3743
200911,전남,계,,시도,6232
200911,경북,계,,시도,12525
200911,경남,계,,시도,8818
200911,제주,계,,시도,326
200912,서울,계,,시도,1803
200912,서울,종로구,11110,시군구,41
200912,서울,중구,11140,시군구,188
200912,서울,용산구,11170,시군구,0
200912,서울,성동구,11200,시군구,87
200912,서울,광진구,11215,시군구,4
200912,서울,동대문구,11230,시군구,60
200912,서울,중랑구,11260,시군구,0
200912,서울,성북구,11290,시군구,113
200912,서울,강북구,11305,시군구,0
200912,서울,도봉구,11320,시군구,0
200912,서울,노원구,11350,시군구,25
200912,서울,은평구,11380,시군구,46
200912,서울,서대문구,11410,시군구,0
200912,서울,마포구,11440,시군구,156
200912,서울,양천구,11470,시군구,205
200912,서울,강서구,11500,시군구,24
200912,서울,구로구,11530,시군구,0
200912,서울,금천구,11545,시군구,0
200912,서울,영등포구,11560,시군구,38
200912,서울,동작구,11590,시군구,650
200912,서울,관악구,11620,시군구,48
200912,서울,서초구,11650,시군구,78
200912,서울,강남구,11680,시군구,14
200912,서울,송파구,11710,시군구,0
200912,서울,강동구,11740,시군구,26
200912,부산,계,,시도,9200
200912,대구,계,,시도,16009
200912,인천,계,,시도,4539
200912,인천,중구,28110,시군구,2859
200912,인천,동구,28140,시군구,722
200912,인천,미추홀구,28177,시군구,0
200912,인천,연수구,28185,시군구,379
200912,인천,남동구,28200,시군구,23
200912,인천,부평구,28237,시군구,8
200912,인천,계양구,28245,시군구,337
200912,인천,서구,28260,시군구,211
200912,인천,강화군,28710,시군구,0
200912,인천,옹진군,28720,시군구,0
200912,광주,계,,시도,4678
200912,대전,계,,시도,3101
200912,울산,계,,시도,7106
200912,경기,계,,시도,19325
200912,경기,수원시,41111,시(구 합산),766
200912,경기,수원시,41113,시(구 합산),766
200912,경기,수원시,41115,시(구 합산),766
200912,경기,수원시,41117,시(구 합산),766
200912,경기,성남시,41131,시(구 합산),42
200912,경기,성남시,41133,시(구 합산),42
200912,경기,성남시,41135,시(구 합산),42
200912,경기,의정부시,41150,시군구,0
200912,경기,안양시,41171,시(구 합산),88
200912,경기,안양시,41173,시(구 합산),88
200912,경기,부천시,41192,시(구 합산),731
200912,경기,부천시,41194,시(구 합산),731
200912,경기,부천시,41196,시(구 합산),731
200912,경기,부천시,41190,시(구 합산),731
200912,경기,광명시,41210,시군구,0
200912,경기,평택시,41220,시군구,1309
200912,경기,동두천시,41250,시군구,60
200912,경기,안산시,41271,시(구 합산),26
200912,경기,안산시,41273,시(구 합산),26
200912,경기,고양시,41281,시(구 합산),4615
200912,경기,고양시,41285,시(구 합산),4615
200912,경기,고양시,41287,시(구 합산),4615
200912,경기,과천시,41290,시군구,0
200912,경기,구리시,41310,시군구,27
200912,경기,남양주시,41360,시군구,673
200912,경기,오산시,41370,시군구,147
200912,경기,시흥시,41390,시군구,388
200912,경기,군포시,41410,시군구,124
200912,경기,의왕시,41430,시군구,0
200912,경기,하남시,41450,시군구,343
200912,경기,용인시,41461,시(구 합산),4678
200912,경기,용인시,41463,시(구 합산),4678
200912,경기,용인시,41465,시(구 합산),4678
200912,경기,파주시,41480,시군구,536
200912,경기,이천시,41500,시군구,500
200912,경기,안성시,41550,시군구,749
200912,경기,김포시,41570,시군구,2351
200912,경기,양주시,41630,시군구,124
200912,경기,여주시,41670,시군구,0
200912,경기,화성시,41591,시(구 합산),197
200912,경기,화성시,41593,시(구 합산),197
200912,경기,화성시,41595,시(구 합산),197
200912,경기,화성시,41597,시(구 합산),197
200912,경기,화성시,41590,시(구 합산),197
200912,경기,광주시,41610,시군구,623
200912,경기,연천군,41800,시군구,10
200912,경기,포천시,41650,시군구,0
200912,경기,가평군,41820,시군구,28
200912,경기,양평군,41830,시군구,190
200912,강원,계,,시도,7157
200912,충북,계,,시도,5128
200912,충남,계,,시도,14277
200912,전북,계,,시도,3498
200912,전남,계,,시도,5690
200912,경북,계,,시도,12808
200912,경남,계,,시도,8698
200912,제주,계,,시도,280
201001,서울,계,,시도,1803
201001,서울,종로구,11110,시군구,41
201001,서울,중구,11140,시군구,188
201001,서울,용산구,11170,시군구,0
201001,서울,성동구,11200,시군구,87
201001,서울,광진구,11215,시군구,4
201001,서울,동대문구,11230,시군구,60
201001,서울,중랑구,11260,시군구,0
201001,서울,성북구,11290,시군구,113
201001,서울,강북구,11305,시군구,0
201001,서울,도봉구,11320,시군구,0
201001,서울,노원구,11350,시군구,25
201001,서울,은평구,11380,시군구,46
201001,서울,서대문구,11410,시군구,0
201001,서울,마포구,11440,시군구,156
201001,서울,양천구,11470,시군구,205
201001,서울,강서구,11500,시군구,24
201001,서울,구로구,11530,시군구,0
201001,서울,금천구,11545,시군구,0
201001,서울,영등포구,11560,시군구,38
201001,서울,동작구,11590,시군구,650
201001,서울,관악구,11620,시군구,48
201001,서울,서초구,11650,시군구,78
201001,서울,강남구,11680,시군구,14
201001,서울,송파구,11710,시군구,0
201001,서울,강동구,11740,시군구,26
201001,부산,계,,시도,8279
201001,대구,계,,시도,15875
201001,인천,계,,시도,3591
201001,인천,중구,28110,시군구,1821
201001,인천,동구,28140,시군구,0
201001,인천,미추홀구,28177,시군구,379
201001,인천,연수구,28185,시군구,23
201001,인천,남동구,28200,시군구,9
201001,인천,부평구,28237,시군구,306
201001,인천,계양구,28245,시군구,166
201001,인천,서구,28260,시군구,887
201001,인천,강화군,28710,시군구,0
201001,인천,옹진군,28720,시군구,0
201001,광주,계,,시도,4304
201001,대전,계,,시도,3042
201001,울산,계,,시도,7041
201001,경기,계,,시도,20432
201001,경기,수원시,41111,시(구 합산),1642
201001,경기,수원시,41113,시(구 합산),1642
201001,경기,수원시,41115,시(구 합산),1642
201001,경기,수원시,41117,시(구 합산),1642
201001,경기,성남시,41131,시(구 합산),41
201001,경기,성남시,41133,시(구 합산),41
201001,경기,성남시,41135,시(구 합산),41
201001,경기,의정부시,41150,시군구,0
201001,경기,안양시,41171,시(구 합산),73
201001,경기,안양시,41173,시(구 합산),73
201001,경기,부천시,41192,시(구 합산),681
201001,경기,부천시,41194,시(구 합산),681
201001,경기,부천시,41196,시(구 합산),681
201001,경기,부천시,41190,시(구 합산),681
201001,경기,광명시,41210,시군구,0
201001,경기,평택시,41220,시군구,1278
201001,경기,동두천시,41250,시군구,58
201001,경기,안산시,41271,시(구 합산),45
201001,경기,안산시,41273,시(구 합산),45
201001,경기,고양시,41281,시(구 합산),4328
201001,경기,고양시,41285,시(구 합산),4328
201001,경기,고양시,41287,시(구 합산),4328
201001,경기,과천시,41290,시군구,0
201001,경기,구리시,41310,시군구,27
201001,경기,남양주시,41360,시군구,662
201001,경기,오산시,41370,시군구,146
201001,경기,시흥시,41390,시군구,371
201001,경기,군포시,41410,시군구,117
201001,경기,의왕시,41430,시군구,0
201001,경기,하남시,41450,시군구,343
201001,경기,용인시,41461,시(구 합산),4565
201001,경기,용인시,41463,시(구 합산),4565
201001,경기,용인시,41465,시(구 합산),4565
201001,경기,파주시,41480,시군구,998
201001,경기,이천시,41500,시군구,477
201001,경기,안성시,41550,시군구,718
201001,경기,김포시,41570,시군구,2518
201001,경기,양주시,41630,시군구,102
201001,경기,여주시,41670,시군구,0
201001,경기,화성시,41591,시(구 합산),430
201001,경기,화성시,41593,시(구 합산),430
201001,경기,화성시,41595,시(구 합산),430
201001,경기,화성시,41597,시(구 합산),430
201001,경기,화성시,41590,시(구 합산),430
201001,경기,광주시,41610,시군구,591
201001,경기,연천군,41800,시군구,10
201001,경기,포천시,41650,시군구,0
201001,경기,가평군,41820,시군구,28
201001,경기,양평군,41830,시군구,183
201001,강원,계,,시도,5691
201001,충북,계,,시도,4918
201001,충남,계,,시도,13950
201001,전북,계,,시도,3327
201001,전남,계,,시도,5387
201001,경북,계,,시도,12915
201001,경남,계,,시도,8187
201001,제주,계,,시도,297
201002,서울,계,,시도,1813
201002,서울,종로구,11110,시군구,41
201002,서울,중구,11140,시군구,188
201002,서울,용산구,11170,시군구,0
201002,서울,성동구,11200,시군구,87
201002,서울,광진구,11215,시군구,3
201002,서울,동대문구,11230,시군구,60
201002,서울,중랑구,11260,시군구,0
201002,서울,성북구,11290,시군구,113
201002,서울,강북구,11305,시군구,0
201002,서울,도봉구,11320,시군구,0
201002,서울,노원구,11350,시군구,25
201002,서울,은평구,11380,시군구,46
201002,서울,서대문구,11410,시군구,0
201002,서울,마포구,11440,시군구,154
201002,서울,양천구,11470,시군구,205
201002,서울,강서구,11500,시군구,21
201002,서울,구로구,11530,시군구,0
201002,서울,금천구,11545,시군구,0
201002,서울,영등포구,11560,시군구,55
201002,서울,동작구,11590,시군구,650
201002,서울,관악구,11620,시군구,48
201002,서울,서초구,11650,시군구,78
201002,서울,강남구,11680,시군구,14
201002,서울,송파구,11710,시군구,0
201002,서울,강동구,11740,시군구,25
201002,부산,계,,시도,7657
201002,대구,계,,시도,16053
201002,인천,계,,시도,3046
201002,인천,중구,28110,시군구,1440
201002,인천,동구,28140,시군구,0
201002,인천,미추홀구,28177,시군구,311
201002,인천,연수구,28185,시군구,23
201002,인천,남동구,28200,시군구,9
201002,인천,부평구,28237,시군구,308
201002,인천,계양구,28245,시군구,165
201002,인천,서구,28260,시군구,790
201002,인천,강화군,28710,시군구,0
201002,인천,옹진군,28720,시군구,0
201002,광주,계,,시도,3889
201002,대전,계,,시도,2839
201002,울산,계,,시도,6930
201002,경기,계,,시도,22467
201002,경기,수원시,41111,시(구 합산),1605
201002,경기,수원시,41113,시(구 합산),1605
201002,경기,수원시,41115,시(구 합산),1605
201002,경기,수원시,41117,시(구 합산),1605
201002,경기,성남시,41131,시(구 합산),31
201002,경기,성남시,41133,시(구 합산),31
201002,경기,성남시,41135,시(구 합산),31
201002,경기,의정부시,41150,시군구,0
201002,경기,안양시,41171,시(구 합산),70
201002,경기,안양시,41173,시(구 합산),70
201002,경기,부천시,41192,시(구 합산),628
201002,경기,부천시,41194,시(구 합산),628
201002,경기,부천시,41196,시(구 합산),628
201002,경기,부천시,41190,시(구 합산),628
201002,경기,광명시,41210,시군구,73
201002,경기,평택시,41220,시군구,1041
201002,경기,동두천시,41250,시군구,58
201002,경기,안산시,41271,시(구 합산),38
201002,경기,안산시,41273,시(구 합산),38
201002,경기,고양시,41281,시(구 합산),4187
201002,경기,고양시,41285,시(구 합산),4187
201002,경기,고양시,41287,시(구 합산),4187
201002,경기,과천시,41290,시군구,0
201002,경기,구리시,41310,시군구,26
201002,경기,남양주시,41360,시군구,640
201002,경기,오산시,41370,시군구,139
201002,경기,시흥시,41390,시군구,359
201002,경기,군포시,41410,시군구,323
201002,경기,의왕시,41430,시군구,0
201002,경기,하남시,41450,시군구,343
201002,경기,용인시,41461,시(구 합산),7193
201002,경기,용인시,41463,시(구 합산),7193
201002,경기,용인시,41465,시(구 합산),7193
201002,경기,파주시,41480,시군구,1079
201002,경기,이천시,41500,시군구,592
201002,경기,안성시,41550,시군구,684
201002,경기,김포시,41570,시군구,2118
201002,경기,양주시,41630,시군구,95
201002,경기,여주시,41670,시군구,0
201002,경기,화성시,41591,시(구 합산),344
201002,경기,화성시,41593,시(구 합산),344
201002,경기,화성시,41595,시(구 합산),344
201002,경기,화성시,41597,시(구 합산),344
201002,경기,화성시,41590,시(구 합산),344
201002,경기,광주시,41610,시군구,561
201002,경기,연천군,41800,시군구,10
201002,경기,포천시,41650,시군구,0
201002,경기,가평군,41820,시군구,49
201002,경기,양평군,41830,시군구,181
201002,강원,계,,시도,5416
201002,충북,계,,시도,4671
201002,충남,계,,시도,13188
201002,전북,계,,시도,3172
201002,전남,계,,시도,5238
201002,경북,계,,시도,12324
201002,경남,계,,시도,7474
201002,제주,계,,시도,261
201003,서울,계,,시도,1658
201003,서울,종로구,11110,시군구,46
201003,서울,중구,11140,시군구,76
201003,서울,용산구,11170,시군구,0
201003,서울,성동구,11200,시군구,87
201003,서울,광진구,11215,시군구,3
201003,서울,동대문구,11230,시군구,60
201003,서울,중랑구,11260,시군구,0
201003,서울,성북구,11290,시군구,113
201003,서울,강북구,11305,시군구,0
201003,서울,도봉구,11320,시군구,0
201003,서울,노원구,11350,시군구,25
201003,서울,은평구,11380,시군구,46
201003,서울,서대문구,11410,시군구,0
201003,서울,마포구,11440,시군구,99
201003,서울,양천구,11470,시군구,205
201003,서울,강서구,11500,시군구,21
201003,서울,구로구,11530,시군구,0
201003,서울,금천구,11545,시군구,0
201003,서울,영등포구,11560,시군구,61
201003,서울,동작구,11590,시군구,650
201003,서울,관악구,11620,시군구,48
201003,서울,서초구,11650,시군구,78
201003,서울,강남구,11680,시군구,14
201003,서울,송파구,11710,시군구,0
201003,서울,강동구,11740,시군구,26
201003,부산,계,,시도,7595
201003,대구,계,,시도,16002
201003,인천,계,,시도,3033
201003,인천,중구,28110,시군구,1345
201003,인천,동구,28140,시군구,0
201003,인천,미추홀구,28177,시군구,311
201003,인천,연수구,28185,시군구,23
201003,인천,남동구,28200,시군구,143
201003,인천,부평구,28237,시군구,308
201003,인천,계양구,28245,시군구,145
201003,인천,서구,28260,시군구,758
201003,인천,강화군,28710,시군구,0
201003,인천,옹진군,28720,시군구,0
201003,광주,계,,시도,3457
201003,대전,계,,시도,2768
201003,울산,계,,시도,6482
201003,경기,계,,시도,21408
201003,경기,수원시,41111,시(구 합산),1605
201003,경기,수원시,41113,시(구 합산),1605
201003,경기,수원시,41115,시(구 합산),1605
201003,경기,수원시,41117,시(구 합산),1605
201003,경기,성남시,41131,시(구 합산),31
201003,경기,성남시,41133,시(구 합산),31
201003,경기,성남시,41135,시(구 합산),31
201003,경기,의정부시,41150,시군구,0
201003,경기,안양시,41171,시(구 합산),70
201003,경기,안양시,41173,시(구 합산),70
201003,경기,부천시,41192,시(구 합산),615
201003,경기,부천시,41194,시(구 합산),615
201003,경기,부천시,41196,시(구 합산),615
201003,경기,부천시,41190,시(구 합산),615
201003,경기,광명시,41210,시군구,69
201003,경기,평택시,41220,시군구,1027
201003,경기,동두천시,41250,시군구,58
201003,경기,안산시,41271,시(구 합산),38
201003,경기,안산시,41273,시(구 합산),38
201003,경기,고양시,41281,시(구 합산),4096
201003,경기,고양시,41285,시(구 합산),4096
201003,경기,고양시,41287,시(구 합산),4096
201003,경기,과천시,41290,시군구,0
201003,경기,구리시,41310,시군구,26
201003,경기,남양주시,41360,시군구,614
201003,경기,오산시,41370,시군구,139
201003,경기,시흥시,41390,시군구,358
201003,경기,군포시,41410,시군구,318
201003,경기,의왕시,41430,시군구,0
201003,경기,하남시,41450,시군구,338
201003,경기,용인시,41461,시(구 합산),6913
201003,경기,용인시,41463,시(구 합산),6913
201003,경기,용인시,41465,시(구 합산),6913
201003,경기,파주시,41480,시군구,1039
201003,경기,이천시,41500,시군구,577
201003,경기,안성시,41550,시군구,673
201003,경기,김포시,41570,시군구,1588
201003,경기,양주시,41630,시군구,87
201003,경기,여주시,41670,시군구,0
201003,경기,화성시,41591,시(구 합산),325
201003,경기,화성시,41593,시(구 합산),325
201003,경기,화성시,41595,시(구 합산),325
201003,경기,화성시,41597,시(구 합산),325
201003,경기,화성시,41590,시(구 합산),325
201003,경기,광주시,41610,시군구,564
201003,경기,연천군,41800,시군구,10
201003,경기,포천시,41650,시군구,0
201003,경기,가평군,41820,시군구,49
201003,경기,양평군,41830,시군구,181
201003,강원,계,,시도,5274
201003,충북,계,,시도,4581
201003,충남,계,,시도,12906
201003,전북,계,,시도,2852
201003,전남,계,,시도,5330
201003,경북,계,,시도,12100
201003,경남,계,,시도,7231
201003,제주,계,,시도,233
201004,서울,계,,시도,1575
201004,서울,종로구,11110,시군구,46
201004,서울,중구,11140,시군구,75
201004,서울,용산구,11170,시군구,0
201004,서울,성동구,11200,시군구,80
201004,서울,광진구,11215,시군구,3
201004,서울,동대문구,11230,시군구,60
201004,서울,중랑구,11260,시군구,0
201004,서울,성북구,11290,시군구,114
201004,서울,강북구,11305,시군구,0
201004,서울,도봉구,11320,시군구,0
201004,서울,노원구,11350,시군구,20
201004,서울,은평구,11380,시군구,33
201004,서울,서대문구,11410,시군구,72
201004,서울,마포구,11440,시군구,97
201004,서울,양천구,11470,시군구,161
201004,서울,강서구,11500,시군구,21
201004,서울,구로구,11530,시군구,23
201004,서울,금천구,11545,시군구,0
201004,서울,영등포구,11560,시군구,61
201004,서울,동작구,11590,시군구,546
201004,서울,관악구,11620,시군구,1
201004,서울,서초구,11650,시군구,78
201004,서울,강남구,11680,시군구,60
201004,서울,송파구,11710,시군구,0
201004,서울,강동구,11740,시군구,24
201004,부산,계,,시도,7814
201004,대구,계,,시도,16467
201004,인천,계,,시도,2949
201004,인천,중구,28110,시군구,1313
201004,인천,동구,28140,시군구,0
201004,인천,미추홀구,28177,시군구,311
201004,인천,연수구,28185,시군구,23
201004,인천,남동구,28200,시군구,114
201004,인천,부평구,28237,시군구,308
201004,인천,계양구,28245,시군구,139
201004,인천,서구,28260,시군구,741
201004,인천,강화군,28710,시군구,0
201004,인천,옹진군,28720,시군구,0
201004,광주,계,,시도,3775
201004,대전,계,,시도,2662
201004,울산,계,,시도,6362
201004,경기,계,,시도,21386
201004,경기,수원시,41111,시(구 합산),2128
201004,경기,수원시,41113,시(구 합산),2128
201004,경기,수원시,41115,시(구 합산),2128
201004,경기,수원시,41117,시(구 합산),2128
201004,경기,성남시,41131,시(구 합산),30
201004,경기,성남시,41133,시(구 합산),30
201004,경기,성남시,41135,시(구 합산),30
201004,경기,의정부시,41150,시군구,73
201004,경기,안양시,41171,시(구 합산),60
201004,경기,안양시,41173,시(구 합산),60
201004,경기,부천시,41192,시(구 합산),602
201004,경기,부천시,41194,시(구 합산),602
201004,경기,부천시,41196,시(구 합산),602
201004,경기,부천시,41190,시(구 합산),602
201004,경기,광명시,41210,시군구,69
201004,경기,평택시,41220,시군구,987
201004,경기,동두천시,41250,시군구,57
201004,경기,안산시,41271,시(구 합산),36
201004,경기,안산시,41273,시(구 합산),36
201004,경기,고양시,41281,시(구 합산),4000
201004,경기,고양시,41285,시(구 합산),4000
201004,경기,고양시,41287,시(구 합산),4000
201004,경기,과천시,41290,시군구,0
201004,경기,구리시,41310,시군구,26
201004,경기,남양주시,41360,시군구,614
201004,경기,오산시,41370,시군구,138
201004,경기,시흥시,41390,시군구,301
201004,경기,군포시,41410,시군구,315
201004,경기,의왕시,41430,시군구,0
201004,경기,하남시,41450,시군구,337
201004,경기,용인시,41461,시(구 합산),6724
201004,경기,용인시,41463,시(구 합산),6724
201004,경기,용인시,41465,시(구 합산),6724
201004,경기,파주시,41480,시군구,1021
201004,경기,이천시,41500,시군구,567
201004,경기,안성시,41550,시군구,637
201004,경기,김포시,41570,시군구,1479
201004,경기,양주시,41630,시군구,87
201004,경기,여주시,41670,시군구,0
201004,경기,화성시,41591,시(구 합산),307
201004,경기,화성시,41593,시(구 합산),307
201004,경기,화성시,41595,시(구 합산),307
201004,경기,화성시,41597,시(구 합산),307
201004,경기,화성시,41590,시(구 합산),307
201004,경기,광주시,41610,시군구,561
201004,경기,연천군,41800,시군구,0
201004,경기,포천시,41650,시군구,0
201004,경기,가평군,41820,시군구,49
201004,경기,양평군,41830,시군구,181
201004,강원,계,,시도,5108
201004,충북,계,,시도,3938
201004,충남,계,,시도,12973
201004,전북,계,,시도,2731
201004,전남,계,,시도,3736
201004,경북,계,,시도,11897
201004,경남,계,,시도,6815
201004,제주,계,,시도,221
201005,서울,계,,시도,1957
201005,서울,종로구,11110,시군구,46
201005,서울,중구,11140,시군구,73
201005,서울,용산구,11170,시군구,104
201005,서울,성동구,11200,시군구,87
201005,서울,광진구,11215,시군구,3
201005,서울,동대문구,11230,시군구,115
201005,서울,중랑구,11260,시군구,0
201005,서울,성북구,11290,시군구,121
201005,서울,강북구,11305,시군구,0
201005,서울,도봉구,11320,시군구,0
201005,서울,노원구,11350,시군구,20
201005,서울,은평구,11380,시군구,33
201005,서울,서대문구,11410,시군구,72
201005,서울,마포구,11440,시군구,97
201005,서울,양천구,11470,시군구,80
201005,서울,강서구,11500,시군구,21
201005,서울,구로구,11530,시군구,23
201005,서울,금천구,11545,시군구,0
201005,서울,영등포구,11560,시군구,61
201005,서울,동작구,11590,시군구,534
201005,서울,관악구,11620,시군구,0
201005,서울,서초구,11650,시군구,99
201005,서울,강남구,11680,시군구,45
201005,서울,송파구,11710,시군구,0
201005,서울,강동구,11740,시군구,323
201005,부산,계,,시도,7272
201005,대구,계,,시도,16303
201005,인천,계,,시도,3341
201005,인천,중구,28110,시군구,1295
201005,인천,동구,28140,시군구,0
201005,인천,미추홀구,28177,시군구,311
201005,인천,연수구,28185,시군구,457
201005,인천,남동구,28200,시군구,104
201005,인천,부평구,28237,시군구,305
201005,인천,계양구,28245,시군구,134
201005,인천,서구,28260,시군구,735
201005,인천,강화군,28710,시군구,0
201005,인천,옹진군,28720,시군구,0
201005,광주,계,,시도,3824
201005,대전,계,,시도,2508
201005,울산,계,,시도,6401
201005,경기,계,,시도,22349
201005,경기,수원시,41111,시(구 합산),2516
201005,경기,수원시,41113,시(구 합산),2516
201005,경기,수원시,41115,시(구 합산),2516
201005,경기,수원시,41117,시(구 합산),2516
201005,경기,성남시,41131,시(구 합산),91
201005,경기,성남시,41133,시(구 합산),91
201005,경기,성남시,41135,시(구 합산),91
201005,경기,의정부시,41150,시군구,69
201005,경기,안양시,41171,시(구 합산),60
201005,경기,안양시,41173,시(구 합산),60
201005,경기,부천시,41192,시(구 합산),602
201005,경기,부천시,41194,시(구 합산),602
201005,경기,부천시,41196,시(구 합산),602
201005,경기,부천시,41190,시(구 합산),602
201005,경기,광명시,41210,시군구,66
201005,경기,평택시,41220,시군구,964
201005,경기,동두천시,41250,시군구,57
201005,경기,안산시,41271,시(구 합산),34
201005,경기,안산시,41273,시(구 합산),34
201005,경기,고양시,41281,시(구 합산),4748
201005,경기,고양시,41285,시(구 합산),4748
201005,경기,고양시,41287,시(구 합산),4748
201005,경기,과천시,41290,시군구,0
201005,경기,구리시,41310,시군구,26
201005,경기,남양주시,41360,시군구,614
201005,경기,오산시,41370,시군구,137
201005,경기,시흥시,41390,시군구,301
201005,경기,군포시,41410,시군구,308
201005,경기,의왕시,41430,시군구,0
201005,경기,하남시,41450,시군구,337
201005,경기,용인시,41461,시(구 합산),6650
201005,경기,용인시,41463,시(구 합산),6650
201005,경기,용인시,41465,시(구 합산),6650
201005,경기,파주시,41480,시군구,1013
201005,경기,이천시,41500,시군구,556
201005,경기,안성시,41550,시군구,612
201005,경기,김포시,41570,시군구,1402
201005,경기,양주시,41630,시군구,96
201005,경기,여주시,41670,시군구,0
201005,경기,화성시,41591,시(구 합산),303
201005,경기,화성시,41593,시(구 합산),303
201005,경기,화성시,41595,시(구 합산),303
201005,경기,화성시,41597,시(구 합산),303
201005,경기,화성시,41590,시(구 합산),303
201005,경기,광주시,41610,시군구,558
201005,경기,연천군,41800,시군구,0
201005,경기,포천시,41650,시군구,0
201005,경기,가평군,41820,시군구,48
201005,경기,양평군,41830,시군구,181
201005,강원,계,,시도,5105
201005,충북,계,,시도,3736
201005,충남,계,,시도,12621
201005,전북,계,,시도,2569
201005,전남,계,,시도,3492
201005,경북,계,,시도,12195
201005,경남,계,,시도,6570
201005,제주,계,,시도,217
201006,서울,계,,시도,1979
201006,서울,종로구,11110,시군구,68
201006,서울,중구,11140,시군구,72
201006,서울,용산구,11170,시군구,104
201006,서울,성동구,11200,시군구,85
201006,서울,광진구,11215,시군구,3
201006,서울,동대문구,11230,시군구,112
201006,서울,중랑구,11260,시군구,0
201006,서울,성북구,11290,시군구,121
201006,서울,강북구,11305,시군구,0
201006,서울,도봉구,11320,시군구,0
201006,서울,노원구,11350,시군구,20
201006,서울,은평구,11380,시군구,33
201006,서울,서대문구,11410,시군구,109
201006,서울,마포구,11440,시군구,97
201006,서울,양천구,11470,시군구,77
201006,서울,강서구,11500,시군구,21
201006,서울,구로구,11530,시군구,101
201006,서울,금천구,11545,시군구,0
201006,서울,영등포구,11560,시군구,20
201006,서울,동작구,11590,시군구,513
201006,서울,관악구,11620,시군구,0
201006,서울,서초구,11650,시군구,79
201006,서울,강남구,11680,시군구,21
201006,서울,송파구,11710,시군구,0
201006,서울,강동구,11740,시군구,323
201006,부산,계,,시도,6910
201006,대구,계,,시도,16389
201006,인천,계,,시도,4320
201006,인천,중구,28110,시군구,1285
201006,인천,동구,28140,시군구,0
201006,인천,미추홀구,28177,시군구,311
201006,인천,연수구,28185,시군구,1491
201006,인천,남동구,28200,시군구,101
201006,인천,부평구,28237,시군구,209
201006,인천,계양구,28245,시군구,132
201006,인천,서구,28260,시군구,733
201006,인천,강화군,28710,시군구,58
201006,인천,옹진군,28720,시군구,0
201006,광주,계,,시도,2822
201006,대전,계,,시도,2987
201006,울산,계,,시도,6392
201006,경기,계,,시도,21969
201006,경기,수원시,41111,시(구 합산),2358
201006,경기,수원시,41113,시(구 합산),2358
201006,경기,수원시,41115,시(구 합산),2358
201006,경기,수원시,41117,시(구 합산),2358
201006,경기,성남시,41131,시(구 합산),81
201006,경기,성남시,41133,시(구 합산),81
201006,경기,성남시,41135,시(구 합산),81
201006,경기,의정부시,41150,시군구,59
201006,경기,안양시,41171,시(구 합산),60
201006,경기,안양시,41173,시(구 합산),60
201006,경기,부천시,41192,시(구 합산),597
201006,경기,부천시,41194,시(구 합산),597
201006,경기,부천시,41196,시(구 합산),597
201006,경기,부천시,41190,시(구 합산),597
201006,경기,광명시,41210,시군구,66
201006,경기,평택시,41220,시군구,961
201006,경기,동두천시,41250,시군구,57
201006,경기,안산시,41271,시(구 합산),34
201006,경기,안산시,41273,시(구 합산),34
201006,경기,고양시,41281,시(구 합산),4670
201006,경기,고양시,41285,시(구 합산),4670
201006,경기,고양시,41287,시(구 합산),4670
201006,경기,과천시,41290,시군구,0
201006,경기,구리시,41310,시군구,26
201006,경기,남양주시,41360,시군구,608
201006,경기,오산시,41370,시군구,137
201006,경기,시흥시,41390,시군구,232
201006,경기,군포시,41410,시군구,303
201006,경기,의왕시,41430,시군구,0
201006,경기,하남시,41450,시군구,327
201006,경기,용인시,41461,시(구 합산),6674
201006,경기,용인시,41463,시(구 합산),6674
201006,경기,용인시,41465,시(구 합산),6674
201006,경기,파주시,41480,시군구,1004
201006,경기,이천시,41500,시군구,547
201006,경기,안성시,41550,시군구,570
201006,경기,김포시,41570,시군구,1402
201006,경기,양주시,41630,시군구,99
201006,경기,여주시,41670,시군구,0
201006,경기,화성시,41591,시(구 합산),313
201006,경기,화성시,41593,시(구 합산),313
201006,경기,화성시,41595,시(구 합산),313
201006,경기,화성시,41597,시(구 합산),313
201006,경기,화성시,41590,시(구 합산),313
201006,경기,광주시,41610,시군구,555
201006,경기,연천군,41800,시군구,0
201006,경기,포천시,41650,시군구,0
201006,경기,가평군,41820,시군구,48
201006,경기,양평군,41830,시군구,181
201006,강원,계,,시도,5009
201006,충북,계,,시도,5039
201006,충남,계,,시도,12513
201006,전북,계,,시도,2568
201006,전남,계,,시도,3397
201006,경북,계,,시도,11253
201006,경남,계,,시도,6282
201006,제주,계,,시도,191
201007,서울,계,,시도,1941
201007,서울,종로구,11110,시군구,68
201007,서울,중구,11140,시군구,72
201007,서울,용산구,11170,시군구,104
201007,서울,성동구,11200,시군구,85
201007,서울,광진구,11215,시군구,3
201007,서울,동대문구,11230,시군구,111
201007,서울,중랑구,11260,시군구,0
201007,서울,성북구,11290,시군구,122
201007,서울,강북구,11305,시군구,0
201007,서울,도봉구,11320,시군구,0
201007,서울,노원구,11350,시군구,20
201007,서울,은평구,11380,시군구,33
201007,서울,서대문구,11410,시군구,109
201007,서울,마포구,11440,시군구,91
201007,서울,양천구,11470,시군구,77
201007,서울,강서구,11500,시군구,21
201007,서울,구로구,11530,시군구,101
201007,서울,금천구,11545,시군구,0
201007,서울,영등포구,11560,시군구,20
201007,서울,동작구,11590,시군구,481
201007,서울,관악구,11620,시군구,0
201007,서울,서초구,11650,시군구,79
201007,서울,강남구,11680,시군구,21
201007,서울,송파구,11710,시군구,0
201007,서울,강동구,11740,시군구,323
201007,부산,계,,시도,6747
201007,대구,계,,시도,16325
201007,인천,계,,시도,4344
201007,인천,중구,28110,시군구,1248
201007,인천,동구,28140,시군구,0
201007,인천,미추홀구,28177,시군구,311
201007,인천,연수구,28185,시군구,1479
201007,인천,남동구,28200,시군구,94
201007,인천,부평구,28237,시군구,253
201007,인천,계양구,28245,시군구,167
201007,인천,서구,28260,시군구,734
201007,인천,강화군,28710,시군구,58
201007,인천,옹진군,28720,시군구,0
201007,광주,계,,시도,2859
201007,대전,계,,시도,2880
201007,울산,계,,시도,6128
201007,경기,계,,시도,21866
201007,경기,수원시,41111,시(구 합산),2358
201007,경기,수원시,41113,시(구 합산),2358
201007,경기,수원시,41115,시(구 합산),2358
201007,경기,수원시,41117,시(구 합산),2358
201007,경기,성남시,41131,시(구 합산),81
201007,경기,성남시,41133,시(구 합산),81
201007,경기,성남시,41135,시(구 합산),81
201007,경기,의정부시,41150,시군구,45
201007,경기,안양시,41171,시(구 합산),47
201007,경기,안양시,41173,시(구 합산),47
201007,경기,부천시,41192,시(구 합산),597
201007,경기,부천시,41194,시(구 합산),597
201007,경기,부천시,41196,시(구 합산),597
201007,경기,부천시,41190,시(구 합산),597
201007,경기,광명시,41210,시군구,66
201007,경기,평택시,41220,시군구,951
201007,경기,동두천시,41250,시군구,57
201007,경기,안산시,41271,시(구 합산),34
201007,경기,안산시,41273,시(구 합산),34
201007,경기,고양시,41281,시(구 합산),4631
201007,경기,고양시,41285,시(구 합산),4631
201007,경기,고양시,41287,시(구 합산),4631
201007,경기,과천시,41290,시군구,0
201007,경기,구리시,41310,시군구,26
201007,경기,남양주시,41360,시군구,608
201007,경기,오산시,41370,시군구,181
201007,경기,시흥시,41390,시군구,188
201007,경기,군포시,41410,시군구,308
201007,경기,의왕시,41430,시군구,0
201007,경기,하남시,41450,시군구,316
201007,경기,용인시,41461,시(구 합산),6422
201007,경기,용인시,41463,시(구 합산),6422
201007,경기,용인시,41465,시(구 합산),6422
201007,경기,파주시,41480,시군구,985
201007,경기,이천시,41500,시군구,654
201007,경기,안성시,41550,시군구,535
201007,경기,김포시,41570,시군구,1391
201007,경기,양주시,41630,시군구,97
201007,경기,여주시,41670,시군구,0
201007,경기,화성시,41591,시(구 합산),310
201007,경기,화성시,41593,시(구 합산),310
201007,경기,화성시,41595,시(구 합산),310
201007,경기,화성시,41597,시(구 합산),310
201007,경기,화성시,41590,시(구 합산),310
201007,경기,광주시,41610,시군구,553
201007,경기,연천군,41800,시군구,0
201007,경기,포천시,41650,시군구,0
201007,경기,가평군,41820,시군구,244
201007,경기,양평군,41830,시군구,181
201007,강원,계,,시도,4741
201007,충북,계,,시도,3887
201007,충남,계,,시도,12222
201007,전북,계,,시도,2419
201007,전남,계,,시도,3293
201007,경북,계,,시도,10627
201007,경남,계,,시도,6005
201007,제주,계,,시도,180
201008,서울,계,,시도,2085
201008,서울,종로구,11110,시군구,68
201008,서울,중구,11140,시군구,73
201008,서울,용산구,11170,시군구,104
201008,서울,성동구,11200,시군구,80
201008,서울,광진구,11215,시군구,3
201008,서울,동대문구,11230,시군구,111
201008,서울,중랑구,11260,시군구,140
201008,서울,성북구,11290,시군구,122
201008,서울,강북구,11305,시군구,0
201008,서울,도봉구,11320,시군구,0
201008,서울,노원구,11350,시군구,20
201008,서울,은평구,11380,시군구,66
201008,서울,서대문구,11410,시군구,104
201008,서울,마포구,11440,시군구,98
201008,서울,양천구,11470,시군구,56
201008,서울,강서구,11500,시군구,21
201008,서울,구로구,11530,시군구,101
201008,서울,금천구,11545,시군구,0
201008,서울,영등포구,11560,시군구,19
201008,서울,동작구,11590,시군구,473
201008,서울,관악구,11620,시군구,0
201008,서울,서초구,11650,시군구,82
201008,서울,강남구,11680,시군구,21
201008,서울,송파구,11710,시군구,0
201008,서울,강동구,11740,시군구,323
201008,부산,계,,시도,6131
201008,대구,계,,시도,16066
201008,인천,계,,시도,3741
201008,인천,중구,28110,시군구,1236
201008,인천,동구,28140,시군구,0
201008,인천,미추홀구,28177,시군구,311
201008,인천,연수구,28185,시군구,892
201008,인천,남동구,28200,시군구,94
201008,인천,부평구,28237,시군구,252
201008,인천,계양구,28245,시군구,163
201008,인천,서구,28260,시군구,735
201008,인천,강화군,28710,시군구,58
201008,인천,옹진군,28720,시군구,0
201008,광주,계,,시도,2474
201008,대전,계,,시도,2741
201008,울산,계,,시도,6085
201008,경기,계,,시도,22326
201008,경기,수원시,41111,시(구 합산),2358
201008,경기,수원시,41113,시(구 합산),2358
201008,경기,수원시,41115,시(구 합산),2358
201008,경기,수원시,41117,시(구 합산),2358
201008,경기,성남시,41131,시(구 합산),81
201008,경기,성남시,41133,시(구 합산),81
201008,경기,성남시,41135,시(구 합산),81
201008,경기,의정부시,41150,시군구,18
201008,경기,안양시,41171,시(구 합산),47
201008,경기,안양시,41173,시(구 합산),47
201008,경기,부천시,41192,시(구 합산),597
201008,경기,부천시,41194,시(구 합산),597
201008,경기,부천시,41196,시(구 합산),597
201008,경기,부천시,41190,시(구 합산),597
201008,경기,광명시,41210,시군구,47
201008,경기,평택시,41220,시군구,935
201008,경기,동두천시,41250,시군구,57
201008,경기,안산시,41271,시(구 합산),33
201008,경기,안산시,41273,시(구 합산),33
201008,경기,고양시,41281,시(구 합산),4622
201008,경기,고양시,41285,시(구 합산),4622
201008,경기,고양시,41287,시(구 합산),4622
201008,경기,과천시,41290,시군구,0
201008,경기,구리시,41310,시군구,26
201008,경기,남양주시,41360,시군구,551
201008,경기,오산시,41370,시군구,149
201008,경기,시흥시,41390,시군구,188
201008,경기,군포시,41410,시군구,292
201008,경기,의왕시,41430,시군구,0
201008,경기,하남시,41450,시군구,313
201008,경기,용인시,41461,시(구 합산),6355
201008,경기,용인시,41463,시(구 합산),6355
201008,경기,용인시,41465,시(구 합산),6355
201008,경기,파주시,41480,시군구,1799
201008,경기,이천시,41500,시군구,618
201008,경기,안성시,41550,시군구,480
201008,경기,김포시,41570,시군구,1390
201008,경기,양주시,41630,시군구,115
201008,경기,여주시,41670,시군구,0
201008,경기,화성시,41591,시(구 합산),310
201008,경기,화성시,41593,시(구 합산),310
201008,경기,화성시,41595,시(구 합산),310
201008,경기,화성시,41597,시(구 합산),310
201008,경기,화성시,41590,시(구 합산),310
201008,경기,광주시,41610,시군구,547
201008,경기,연천군,41800,시군구,0
201008,경기,포천시,41650,시군구,0
201008,경기,가평군,41820,시군구,217
201008,경기,양평군,41830,시군구,181
201008,강원,계,,시도,4556
201008,충북,계,,시도,3858
201008,충남,계,,시도,11593
201008,전북,계,,시도,2394
201008,전남,계,,시도,3142
201008,경북,계,,시도,10664
201008,경남,계,,시도,5950
201008,제주,계,,시도,175
201009,서울,계,,시도,2169
201009,서울,종로구,11110,시군구,68
201009,서울,중구,11140,시군구,74
201009,서울,용산구,11170,시군구,104
201009,서울,성동구,11200,시군구,80
201009,서울,광진구,11215,시군구,3
201009,서울,동대문구,11230,시군구,112
201009,서울,중랑구,11260,시군구,140
201009,서울,성북구,11290,시군구,122
201009,서울,강북구,11305,시군구,0
201009,서울,도봉구,11320,시군구,0
201009,서울,노원구,11350,시군구,20
201009,서울,은평구,11380,시군구,66
201009,서울,서대문구,11410,시군구,104
201009,서울,마포구,11440,시군구,98
201009,서울,양천구,11470,시군구,56
201009,서울,강서구,11500,시군구,21
201009,서울,구로구,11530,시군구,101
201009,서울,금천구,11545,시군구,0
201009,서울,영등포구,11560,시군구,19
201009,서울,동작구,11590,시군구,461
201009,서울,관악구,11620,시군구,0
201009,서울,서초구,11650,시군구,77
201009,서울,강남구,11680,시군구,21
201009,서울,송파구,11710,시군구,0
201009,서울,강동구,11740,시군구,422
201009,부산,계,,시도,5223
201009,대구,계,,시도,14743
201009,인천,계,,시도,3847
201009,인천,중구,28110,시군구,1230
201009,인천,동구,28140,시군구,0
201009,인천,미추홀구,28177,시군구,310
201009,인천,연수구,28185,시군구,1009
201009,인천,남동구,28200,시군구,93
201009,인천,부평구,28237,시군구,257
201009,인천,계양구,28245,시군구,155
201009,인천,서구,28260,시군구,735
201009,인천,강화군,28710,시군구,58
201009,인천,옹진군,28720,시군구,0
201009,광주,계,,시도,2150
201009,대전,계,,시도,2639
201009,울산,계,,시도,5994
201009,경기,계,,시도,23185
201009,경기,수원시,41111,시(구 합산),3527
201009,경기,수원시,41113,시(구 합산),3527
201009,경기,수원시,41115,시(구 합산),3527
201009,경기,수원시,41117,시(구 합산),3527
201009,경기,성남시,41131,시(구 합산),78
201009,경기,성남시,41133,시(구 합산),78
201009,경기,성남시,41135,시(구 합산),78
201009,경기,의정부시,41150,시군구,6
201009,경기,안양시,41171,시(구 합산),47
201009,경기,안양시,41173,시(구 합산),47
201009,경기,부천시,41192,시(구 합산),597
201009,경기,부천시,41194,시(구 합산),597
201009,경기,부천시,41196,시(구 합산),597
201009,경기,부천시,41190,시(구 합산),597
201009,경기,광명시,41210,시군구,29
201009,경기,평택시,41220,시군구,923
201009,경기,동두천시,41250,시군구,57
201009,경기,안산시,41271,시(구 합산),32
201009,경기,안산시,41273,시(구 합산),32
201009,경기,고양시,41281,시(구 합산),4592
201009,경기,고양시,41285,시(구 합산),4592
201009,경기,고양시,41287,시(구 합산),4592
201009,경기,과천시,41290,시군구,0
201009,경기,구리시,41310,시군구,26
201009,경기,남양주시,41360,시군구,551
201009,경기,오산시,41370,시군구,147
201009,경기,시흥시,41390,시군구,188
201009,경기,군포시,41410,시군구,279
201009,경기,의왕시,41430,시군구,0
201009,경기,하남시,41450,시군구,312
201009,경기,용인시,41461,시(구 합산),6248
201009,경기,용인시,41463,시(구 합산),6248
201009,경기,용인시,41465,시(구 합산),6248
201009,경기,파주시,41480,시군구,1796
201009,경기,이천시,41500,시군구,590
201009,경기,안성시,41550,시군구,474
201009,경기,김포시,41570,시군구,1380
201009,경기,양주시,41630,시군구,109
201009,경기,여주시,41670,시군구,0
201009,경기,화성시,41591,시(구 합산),310
201009,경기,화성시,41593,시(구 합산),310
201009,경기,화성시,41595,시(구 합산),310
201009,경기,화성시,41597,시(구 합산),310
201009,경기,화성시,41590,시(구 합산),310
201009,경기,광주시,41610,시군구,532
201009,경기,연천군,41800,시군구,0
201009,경기,포천시,41650,시군구,0
201009,경기,가평군,41820,시군구,174
201009,경기,양평군,41830,시군구,181
201009,강원,계,,시도,4413
201009,충북,계,,시도,3793
201009,충남,계,,시도,10851
201009,전북,계,,시도,1893
201009,전남,계,,시도,2988
201009,경북,계,,시도,9830
201009,경남,계,,시도,6435
201009,제주,계,,시도,172
201010,서울,계,,시도,2506
201010,서울,종로구,11110,시군구,68
201010,서울,중구,11140,시군구,74
201010,서울,용산구,11170,시군구,582
201010,서울,성동구,11200,시군구,79
201010,서울,광진구,11215,시군구,3
201010,서울,동대문구,11230,시군구,108
201010,서울,중랑구,11260,시군구,132
201010,서울,성북구,11290,시군구,122
201010,서울,강북구,11305,시군구,0
201010,서울,도봉구,11320,시군구,0
201010,서울,노원구,11350,시군구,20
201010,서울,은평구,11380,시군구,66
201010,서울,서대문구,11410,시군구,104
201010,서울,마포구,11440,시군구,98
201010,서울,양천구,11470,시군구,80
201010,서울,강서구,11500,시군구,21
201010,서울,구로구,11530,시군구,73
201010,서울,금천구,11545,시군구,0
201010,서울,영등포구,11560,시군구,19
201010,서울,동작구,11590,시군구,429
201010,서울,관악구,11620,시군구,0
201010,서울,서초구,11650,시군구,77
201010,서울,강남구,11680,시군구,21
201010,서울,송파구,11710,시군구,0
201010,서울,강동구,11740,시군구,330
201010,부산,계,,시도,6051
201010,대구,계,,시도,15304
201010,인천,계,,시도,4127
201010,인천,중구,28110,시군구,1219
201010,인천,동구,28140,시군구,0
201010,인천,미추홀구,28177,시군구,310
201010,인천,연수구,28185,시군구,1005
201010,인천,남동구,28200,시군구,89
201010,인천,부평구,28237,시군구,255
201010,인천,계양구,28245,시군구,145
201010,인천,서구,28260,시군구,1046
201010,인천,강화군,28710,시군구,58
201010,인천,옹진군,28720,시군구,0
201010,광주,계,,시도,1899
201010,대전,계,,시도,2461
201010,울산,계,,시도,5841
201010,경기,계,,시도,22701
201010,경기,수원시,41111,시(구 합산),3223
201010,경기,수원시,41113,시(구 합산),3223
201010,경기,수원시,41115,시(구 합산),3223
201010,경기,수원시,41117,시(구 합산),3223
201010,경기,성남시,41131,시(구 합산),82
201010,경기,성남시,41133,시(구 합산),82
201010,경기,성남시,41135,시(구 합산),82
201010,경기,의정부시,41150,시군구,0
201010,경기,안양시,41171,시(구 합산),47
201010,경기,안양시,41173,시(구 합산),47
201010,경기,부천시,41192,시(구 합산),597
201010,경기,부천시,41194,시(구 합산),597
201010,경기,부천시,41196,시(구 합산),597
201010,경기,부천시,41190,시(구 합산),597
201010,경기,광명시,41210,시군구,24
201010,경기,평택시,41220,시군구,890
201010,경기,동두천시,41250,시군구,57
201010,경기,안산시,41271,시(구 합산),121
201010,경기,안산시,41273,시(구 합산),121
201010,경기,고양시,41281,시(구 합산),4952
201010,경기,고양시,41285,시(구 합산),4952
201010,경기,고양시,41287,시(구 합산),4952
201010,경기,과천시,41290,시군구,0
201010,경기,구리시,41310,시군구,26
201010,경기,남양주시,41360,시군구,551
201010,경기,오산시,41370,시군구,146
201010,경기,시흥시,41390,시군구,188
201010,경기,군포시,41410,시군구,269
201010,경기,의왕시,41430,시군구,0
201010,경기,하남시,41450,시군구,309
201010,경기,용인시,41461,시(구 합산),6161
201010,경기,용인시,41463,시(구 합산),6161
201010,경기,용인시,41465,시(구 합산),6161
201010,경기,파주시,41480,시군구,1442
201010,경기,이천시,41500,시군구,489
201010,경기,안성시,41550,시군구,431
201010,경기,김포시,41570,시군구,1433
201010,경기,양주시,41630,시군구,100
201010,경기,여주시,41670,시군구,0
201010,경기,화성시,41591,시(구 합산),309
201010,경기,화성시,41593,시(구 합산),309
201010,경기,화성시,41595,시(구 합산),309
201010,경기,화성시,41597,시(구 합산),309
201010,경기,화성시,41590,시(구 합산),309
201010,경기,광주시,41610,시군구,520
201010,경기,연천군,41800,시군구,0
201010,경기,포천시,41650,시군구,0
201010,경기,가평군,41820,시군구,153
201010,경기,양평군,41830,시군구,181
201010,강원,계,,시도,4163
201010,충북,계,,시도,3667
201010,충남,계,,시도,10285
201010,전북,계,,시도,1722
201010,전남,계,,시도,2848
201010,경북,계,,시도,9512
201010,경남,계,,시도,5791
201010,제주,계,,시도,155
201011,서울,계,,시도,2842
201011,서울,종로구,11110,시군구,68
201011,서울,중구,11140,시군구,71
201011,서울,용산구,11170,시군구,598
201011,서울,성동구,11200,시군구,79
201011,서울,광진구,11215,시군구,3
201011,서울,동대문구,11230,시군구,107
201011,서울,중랑구,11260,시군구,115
201011,서울,성북구,11290,시군구,122
201011,서울,강북구,11305,시군구,0
201011,서울,도봉구,11320,시군구,0
201011,서울,노원구,11350,시군구,20
201011,서울,은평구,11380,시군구,225
201011,서울,서대문구,11410,시군구,98
201011,서울,마포구,11440,시군구,98
201011,서울,양천구,11470,시군구,71
201011,서울,강서구,11500,시군구,21
201011,서울,구로구,11530,시군구,73
201011,서울,금천구,11545,시군구,0
201011,서울,영등포구,11560,시군구,16
201011,서울,동작구,11590,시군구,412
201011,서울,관악구,11620,시군구,0
201011,서울,서초구,11650,시군구,30
201011,서울,강남구,11680,시군구,21
201011,서울,송파구,11710,시군구,273
201011,서울,강동구,11740,시군구,321
201011,부산,계,,시도,4136
201011,대구,계,,시도,14505
201011,인천,계,,시도,4100
201011,인천,중구,28110,시군구,1198
201011,인천,동구,28140,시군구,0
201011,인천,미추홀구,28177,시군구,310
201011,인천,연수구,28185,시군구,1004
201011,인천,남동구,28200,시군구,89
201011,인천,부평구,28237,시군구,252
201011,인천,계양구,28245,시군구,145
201011,인천,서구,28260,시군구,1044
201011,인천,강화군,28710,시군구,58
201011,인천,옹진군,28720,시군구,0
201011,광주,계,,시도,2359
201011,대전,계,,시도,2357
201011,울산,계,,시도,5680
201011,경기,계,,시도,22247
201011,경기,수원시,41111,시(구 합산),3223
201011,경기,수원시,41113,시(구 합산),3223
201011,경기,수원시,41115,시(구 합산),3223
201011,경기,수원시,41117,시(구 합산),3223
201011,경기,성남시,41131,시(구 합산),102
201011,경기,성남시,41133,시(구 합산),102
201011,경기,성남시,41135,시(구 합산),102
201011,경기,의정부시,41150,시군구,0
201011,경기,안양시,41171,시(구 합산),44
201011,경기,안양시,41173,시(구 합산),44
201011,경기,부천시,41192,시(구 합산),597
201011,경기,부천시,41194,시(구 합산),597
201011,경기,부천시,41196,시(구 합산),597
201011,경기,부천시,41190,시(구 합산),597
201011,경기,광명시,41210,시군구,14
201011,경기,평택시,41220,시군구,816
201011,경기,동두천시,41250,시군구,57
201011,경기,안산시,41271,시(구 합산),116
201011,경기,안산시,41273,시(구 합산),116
201011,경기,고양시,41281,시(구 합산),4948
201011,경기,고양시,41285,시(구 합산),4948
201011,경기,고양시,41287,시(구 합산),4948
201011,경기,과천시,41290,시군구,0
201011,경기,구리시,41310,시군구,26
201011,경기,남양주시,41360,시군구,548
201011,경기,오산시,41370,시군구,143
201011,경기,시흥시,41390,시군구,157
201011,경기,군포시,41410,시군구,257
201011,경기,의왕시,41430,시군구,0
201011,경기,하남시,41450,시군구,305
201011,경기,용인시,41461,시(구 합산),6085
201011,경기,용인시,41463,시(구 합산),6085
201011,경기,용인시,41465,시(구 합산),6085
201011,경기,파주시,41480,시군구,1411
201011,경기,이천시,41500,시군구,341
201011,경기,안성시,41550,시군구,419
201011,경기,김포시,41570,시군구,1412
201011,경기,양주시,41630,시군구,99
201011,경기,여주시,41670,시군구,0
201011,경기,화성시,41591,시(구 합산),306
201011,경기,화성시,41593,시(구 합산),306
201011,경기,화성시,41595,시(구 합산),306
201011,경기,화성시,41597,시(구 합산),306
201011,경기,화성시,41590,시(구 합산),306
201011,경기,광주시,41610,시군구,515
201011,경기,연천군,41800,시군구,0
201011,경기,포천시,41650,시군구,0
201011,경기,가평군,41820,시군구,125
201011,경기,양평군,41830,시군구,181
201011,강원,계,,시도,3988
201011,충북,계,,시도,3572
201011,충남,계,,시도,9824
201011,전북,계,,시도,1488
201011,전남,계,,시도,2724
201011,경북,계,,시도,8777
201011,경남,계,,시도,5754
201011,제주,계,,시도,186
201012,서울,계,,시도,2729
201012,서울,종로구,11110,시군구,68
201012,서울,중구,11140,시군구,68
201012,서울,용산구,11170,시군구,598
201012,서울,성동구,11200,시군구,79
201012,서울,광진구,11215,시군구,2
201012,서울,동대문구,11230,시군구,105
201012,서울,중랑구,11260,시군구,108
201012,서울,성북구,11290,시군구,115
201012,서울,강북구,11305,시군구,0
201012,서울,도봉구,11320,시군구,0
201012,서울,노원구,11350,시군구,20
201012,서울,은평구,11380,시군구,208
201012,서울,서대문구,11410,시군구,84
201012,서울,마포구,11440,시군구,81
201012,서울,양천구,11470,시군구,66
201012,서울,강서구,11500,시군구,21
201012,서울,구로구,11530,시군구,77
201012,서울,금천구,11545,시군구,0
201012,서울,영등포구,11560,시군구,16
201012,서울,동작구,11590,시군구,406
201012,서울,관악구,11620,시군구,0
201012,서울,서초구,11650,시군구,30
201012,서울,강남구,11680,시군구,21
201012,서울,송파구,11710,시군구,193
201012,서울,강동구,11740,시군구,363
201012,부산,계,,시도,3458
201012,대구,계,,시도,13163
201012,인천,계,,시도,4265
201012,인천,중구,28110,시군구,1186
201012,인천,동구,28140,시군구,0
201012,인천,미추홀구,28177,시군구,310
201012,인천,연수구,28185,시군구,1448
201012,인천,남동구,28200,시군구,89
201012,인천,부평구,28237,시군구,250
201012,인천,계양구,28245,시군구,138
201012,인천,서구,28260,시군구,803
201012,인천,강화군,28710,시군구,41
201012,인천,옹진군,28720,시군구,0
201012,광주,계,,시도,1809
201012,대전,계,,시도,2205
201012,울산,계,,시도,5575
201012,경기,계,,시도,22418
201012,경기,수원시,41111,시(구 합산),3708
201012,경기,수원시,41113,시(구 합산),3708
201012,경기,수원시,41115,시(구 합산),3708
201012,경기,수원시,41117,시(구 합산),3708
201012,경기,성남시,41131,시(구 합산),98
201012,경기,성남시,41133,시(구 합산),98
201012,경기,성남시,41135,시(구 합산),98
201012,경기,의정부시,41150,시군구,0
201012,경기,안양시,41171,시(구 합산),17
201012,경기,안양시,41173,시(구 합산),17
201012,경기,부천시,41192,시(구 합산),584
201012,경기,부천시,41194,시(구 합산),584
201012,경기,부천시,41196,시(구 합산),584
201012,경기,부천시,41190,시(구 합산),584
201012,경기,광명시,41210,시군구,14
201012,경기,평택시,41220,시군구,784
201012,경기,동두천시,41250,시군구,57
201012,경기,안산시,41271,시(구 합산),112
201012,경기,안산시,41273,시(구 합산),112
201012,경기,고양시,41281,시(구 합산),4948
201012,경기,고양시,41285,시(구 합산),4948
201012,경기,고양시,41287,시(구 합산),4948
201012,경기,과천시,41290,시군구,0
201012,경기,구리시,41310,시군구,26
201012,경기,남양주시,41360,시군구,546
201012,경기,오산시,41370,시군구,154
201012,경기,시흥시,41390,시군구,131
201012,경기,군포시,41410,시군구,244
201012,경기,의왕시,41430,시군구,0
201012,경기,하남시,41450,시군구,294
201012,경기,용인시,41461,시(구 합산),5989
201012,경기,용인시,41463,시(구 합산),5989
201012,경기,용인시,41465,시(구 합산),5989
201012,경기,파주시,41480,시군구,1388
201012,경기,이천시,41500,시군구,321
201012,경기,안성시,41550,시군구,405
201012,경기,김포시,41570,시군구,1411
201012,경기,양주시,41630,시군구,93
201012,경기,여주시,41670,시군구,0
201012,경기,화성시,41591,시(구 합산),291
201012,경기,화성시,41593,시(구 합산),291
201012,경기,화성시,41595,시(구 합산),291
201012,경기,화성시,41597,시(구 합산),291
201012,경기,화성시,41590,시(구 합산),291
201012,경기,광주시,41610,시군구,515
201012,경기,연천군,41800,시군구,0
201012,경기,포천시,41650,시군구,0
201012,경기,가평군,41820,시군구,107
201012,경기,양평군,41830,시군구,181
201012,강원,계,,시도,3837
201012,충북,계,,시도,3428
201012,충남,계,,시도,9020
201012,전북,계,,시도,1311
201012,전남,계,,시도,2504
201012,경북,계,,시도,8042
201012,경남,계,,시도,4780
201012,제주,계,,시도,162
201101,서울,계,,시도,2269
201101,서울,종로구,11110,시군구,68
201101,서울,중구,11140,시군구,68
201101,서울,용산구,11170,시군구,260
201101,서울,성동구,11200,시군구,79
201101,서울,광진구,11215,시군구,2
201101,서울,동대문구,11230,시군구,105
201101,서울,중랑구,11260,시군구,105
201101,서울,성북구,11290,시군구,115
201101,서울,강북구,11305,시군구,0
201101,서울,도봉구,11320,시군구,0
201101,서울,노원구,11350,시군구,20
201101,서울,은평구,11380,시군구,198
201101,서울,서대문구,11410,시군구,84
201101,서울,마포구,11440,시군구,81
201101,서울,양천구,11470,시군구,56
201101,서울,강서구,11500,시군구,21
201101,서울,구로구,11530,시군구,76
201101,서울,금천구,11545,시군구,0
201101,서울,영등포구,11560,시군구,16
201101,서울,동작구,11590,시군구,327
201101,서울,관악구,11620,시군구,0
201101,서울,서초구,11650,시군구,29
201101,서울,강남구,11680,시군구,21
201101,서울,송파구,11710,시군구,193
201101,서울,강동구,11740,시군구,345
201101,부산,계,,시도,3064
201101,대구,계,,시도,12380
201101,인천,계,,시도,4474
201101,인천,중구,28110,시군구,1146
201101,인천,동구,28140,시군구,0
201101,인천,미추홀구,28177,시군구,310
201101,인천,연수구,28185,시군구,1394
201101,인천,남동구,28200,시군구,90
201101,인천,부평구,28237,시군구,250
201101,인천,계양구,28245,시군구,455
201101,인천,서구,28260,시군구,802
201101,인천,강화군,28710,시군구,27
201101,인천,옹진군,28720,시군구,0
201101,광주,계,,시도,1259
201101,대전,계,,시도,2068
201101,울산,계,,시도,5472
201101,경기,계,,시도,22153
201101,경기,수원시,41111,시(구 합산),3344
201101,경기,수원시,41113,시(구 합산),3344
201101,경기,수원시,41115,시(구 합산),3344
201101,경기,수원시,41117,시(구 합산),3344
201101,경기,성남시,41131,시(구 합산),100
201101,경기,성남시,41133,시(구 합산),100
201101,경기,성남시,41135,시(구 합산),100
201101,경기,의정부시,41150,시군구,0
201101,경기,안양시,41171,시(구 합산),16
201101,경기,안양시,41173,시(구 합산),16
201101,경기,부천시,41192,시(구 합산),466
201101,경기,부천시,41194,시(구 합산),466
201101,경기,부천시,41196,시(구 합산),466
201101,경기,부천시,41190,시(구 합산),466
201101,경기,광명시,41210,시군구,6
201101,경기,평택시,41220,시군구,834
201101,경기,동두천시,41250,시군구,57
201101,경기,안산시,41271,시(구 합산),104
201101,경기,안산시,41273,시(구 합산),104
201101,경기,고양시,41281,시(구 합산),5029
201101,경기,고양시,41285,시(구 합산),5029
201101,경기,고양시,41287,시(구 합산),5029
201101,경기,과천시,41290,시군구,0
201101,경기,구리시,41310,시군구,15
201101,경기,남양주시,41360,시군구,410
201101,경기,오산시,41370,시군구,191
201101,경기,시흥시,41390,시군구,131
201101,경기,군포시,41410,시군구,233
201101,경기,의왕시,41430,시군구,0
201101,경기,하남시,41450,시군구,287
201101,경기,용인시,41461,시(구 합산),5921
201101,경기,용인시,41463,시(구 합산),5921
201101,경기,용인시,41465,시(구 합산),5921
201101,경기,파주시,41480,시군구,1363
201101,경기,이천시,41500,시군구,238
201101,경기,안성시,41550,시군구,358
201101,경기,김포시,41570,시군구,1378
201101,경기,양주시,41630,시군구,84
201101,경기,여주시,41670,시군구,0
201101,경기,화성시,41591,시(구 합산),832
201101,경기,화성시,41593,시(구 합산),832
201101,경기,화성시,41595,시(구 합산),832
201101,경기,화성시,41597,시(구 합산),832
201101,경기,화성시,41590,시(구 합산),832
201101,경기,광주시,41610,시군구,515
201101,경기,연천군,41800,시군구,0
201101,경기,포천시,41650,시군구,0
201101,경기,가평군,41820,시군구,98
201101,경기,양평군,41830,시군구,143
201101,강원,계,,시도,3720
201101,충북,계,,시도,3282
201101,충남,계,,시도,8750
201101,전북,계,,시도,1144
201101,전남,계,,시도,2378
201101,경북,계,,시도,7693
201101,경남,계,,시도,4586
201101,제주,계,,시도,231
201102,서울,계,,시도,2216
201102,서울,종로구,11110,시군구,68
201102,서울,중구,11140,시군구,66
201102,서울,용산구,11170,시군구,260
201102,서울,성동구,11200,시군구,79
201102,서울,광진구,11215,시군구,2
201102,서울,동대문구,11230,시군구,102
201102,서울,중랑구,11260,시군구,92
201102,서울,성북구,11290,시군구,115
201102,서울,강북구,11305,시군구,0
201102,서울,도봉구,11320,시군구,0
201102,서울,노원구,11350,시군구,19
201102,서울,은평구,11380,시군구,174
201102,서울,서대문구,11410,시군구,22
201102,서울,마포구,11440,시군구,90
201102,서울,양천구,11470,시군구,53
201102,서울,강서구,11500,시군구,21
201102,서울,구로구,11530,시군구,156
201102,서울,금천구,11545,시군구,0
201102,서울,영등포구,11560,시군구,16
201102,서울,동작구,11590,시군구,310
201102,서울,관악구,11620,시군구,0
201102,서울,서초구,11650,시군구,35
201102,서울,강남구,11680,시군구,21
201102,서울,송파구,11710,시군구,193
201102,서울,강동구,11740,시군구,322
201102,부산,계,,시도,2824
201102,대구,계,,시도,11929
201102,인천,계,,시도,4173
201102,인천,중구,28110,시군구,1138
201102,인천,동구,28140,시군구,0
201102,인천,미추홀구,28177,시군구,310
201102,인천,연수구,28185,시군구,1196
201102,인천,남동구,28200,시군구,89
201102,인천,부평구,28237,시군구,250
201102,인천,계양구,28245,시군구,367
201102,인천,서구,28260,시군구,802
201102,인천,강화군,28710,시군구,21
201102,인천,옹진군,28720,시군구,0
201102,광주,계,,시도,964
201102,대전,계,,시도,1847
201102,울산,계,,시도,5567
201102,경기,계,,시도,21028
201102,경기,수원시,41111,시(구 합산),3260
201102,경기,수원시,41113,시(구 합산),3260
201102,경기,수원시,41115,시(구 합산),3260
201102,경기,수원시,41117,시(구 합산),3260
201102,경기,성남시,41131,시(구 합산),85
201102,경기,성남시,41133,시(구 합산),85
201102,경기,성남시,41135,시(구 합산),85
201102,경기,의정부시,41150,시군구,0
201102,경기,안양시,41171,시(구 합산),16
201102,경기,안양시,41173,시(구 합산),16
201102,경기,부천시,41192,시(구 합산),450
201102,경기,부천시,41194,시(구 합산),450
201102,경기,부천시,41196,시(구 합산),450
201102,경기,부천시,41190,시(구 합산),450
201102,경기,광명시,41210,시군구,6
201102,경기,평택시,41220,시군구,760
201102,경기,동두천시,41250,시군구,57
201102,경기,안산시,41271,시(구 합산),103
201102,경기,안산시,41273,시(구 합산),103
201102,경기,고양시,41281,시(구 합산),5029
201102,경기,고양시,41285,시(구 합산),5029
201102,경기,고양시,41287,시(구 합산),5029
201102,경기,과천시,41290,시군구,0
201102,경기,구리시,41310,시군구,15
201102,경기,남양주시,41360,시군구,410
201102,경기,오산시,41370,시군구,201
201102,경기,시흥시,41390,시군구,122
201102,경기,군포시,41410,시군구,233
201102,경기,의왕시,41430,시군구,0
201102,경기,하남시,41450,시군구,281
201102,경기,용인시,41461,시(구 합산),5532
201102,경기,용인시,41463,시(구 합산),5532
201102,경기,용인시,41465,시(구 합산),5532
201102,경기,파주시,41480,시군구,1328
201102,경기,이천시,41500,시군구,219
201102,경기,안성시,41550,시군구,317
201102,경기,김포시,41570,시군구,1003
201102,경기,양주시,41630,시군구,82
201102,경기,여주시,41670,시군구,0
201102,경기,화성시,41591,시(구 합산),780
201102,경기,화성시,41593,시(구 합산),780
201102,경기,화성시,41595,시(구 합산),780
201102,경기,화성시,41597,시(구 합산),780
201102,경기,화성시,41590,시(구 합산),780
201102,경기,광주시,41610,시군구,509
201102,경기,연천군,41800,시군구,0
201102,경기,포천시,41650,시군구,0
201102,경기,가평군,41820,시군구,87
201102,경기,양평군,41830,시군구,143
201102,강원,계,,시도,3544
201102,충북,계,,시도,3154
201102,충남,계,,시도,8477
201102,전북,계,,시도,1015
201102,전남,계,,시도,2106
201102,경북,계,,시도,7278
201102,경남,계,,시도,4257
201102,제주,계,,시도,209
201103,서울,계,,시도,2104
201103,서울,종로구,11110,시군구,68
201103,서울,중구,11140,시군구,69
201103,서울,용산구,11170,시군구,260
201103,서울,성동구,11200,시군구,79
201103,서울,광진구,11215,시군구,2
201103,서울,동대문구,11230,시군구,101
201103,서울,중랑구,11260,시군구,92
201103,서울,성북구,11290,시군구,115
201103,서울,강북구,11305,시군구,0
201103,서울,도봉구,11320,시군구,0
201103,서울,노원구,11350,시군구,19
201103,서울,은평구,11380,시군구,164
201103,서울,서대문구,11410,시군구,22
201103,서울,마포구,11440,시군구,90
201103,서울,양천구,11470,시군구,53
201103,서울,강서구,11500,시군구,14
201103,서울,구로구,11530,시군구,155
201103,서울,금천구,11545,시군구,0
201103,서울,영등포구,11560,시군구,16
201103,서울,동작구,11590,시군구,287
201103,서울,관악구,11620,시군구,0
201103,서울,서초구,11650,시군구,31
201103,서울,강남구,11680,시군구,21
201103,서울,송파구,11710,시군구,137
201103,서울,강동구,11740,시군구,309
201103,부산,계,,시도,2734
201103,대구,계,,시도,11325
201103,인천,계,,시도,3823
201103,인천,중구,28110,시군구,1119
201103,인천,동구,28140,시군구,0
201103,인천,미추홀구,28177,시군구,309
201103,인천,연수구,28185,시군구,1107
201103,인천,남동구,28200,시군구,86
201103,인천,부평구,28237,시군구,250
201103,인천,계양구,28245,시군구,122
201103,인천,서구,28260,시군구,792
201103,인천,강화군,28710,시군구,38
201103,인천,옹진군,28720,시군구,0
201103,광주,계,,시도,805
201103,대전,계,,시도,1651
201103,울산,계,,시도,5469
201103,경기,계,,시도,21162
201103,경기,수원시,41111,시(구 합산),3136
201103,경기,수원시,41113,시(구 합산),3136
201103,경기,수원시,41115,시(구 합산),3136
201103,경기,수원시,41117,시(구 합산),3136
201103,경기,성남시,41131,시(구 합산),107
201103,경기,성남시,41133,시(구 합산),107
201103,경기,성남시,41135,시(구 합산),107
201103,경기,의정부시,41150,시군구,0
201103,경기,안양시,41171,시(구 합산),16
201103,경기,안양시,41173,시(구 합산),16
201103,경기,부천시,41192,시(구 합산),443
201103,경기,부천시,41194,시(구 합산),443
201103,경기,부천시,41196,시(구 합산),443
201103,경기,부천시,41190,시(구 합산),443
201103,경기,광명시,41210,시군구,260
201103,경기,평택시,41220,시군구,801
201103,경기,동두천시,41250,시군구,57
201103,경기,안산시,41271,시(구 합산),86
201103,경기,안산시,41273,시(구 합산),86
201103,경기,고양시,41281,시(구 합산),4995
201103,경기,고양시,41285,시(구 합산),4995
201103,경기,고양시,41287,시(구 합산),4995
201103,경기,과천시,41290,시군구,0
201103,경기,구리시,41310,시군구,12
201103,경기,남양주시,41360,시군구,410
201103,경기,오산시,41370,시군구,167
201103,경기,시흥시,41390,시군구,113
201103,경기,군포시,41410,시군구,217
201103,경기,의왕시,41430,시군구,0
201103,경기,하남시,41450,시군구,277
201103,경기,용인시,41461,시(구 합산),4646
201103,경기,용인시,41463,시(구 합산),4646
201103,경기,용인시,41465,시(구 합산),4646
201103,경기,파주시,41480,시군구,2324
201103,경기,이천시,41500,시군구,206
201103,경기,안성시,41550,시군구,311
201103,경기,김포시,41570,시군구,1013
201103,경기,양주시,41630,시군구,79
201103,경기,여주시,41670,시군구,0
201103,경기,화성시,41591,시(구 합산),763
201103,경기,화성시,41593,시(구 합산),763
201103,경기,화성시,41595,시(구 합산),763
201103,경기,화성시,41597,시(구 합산),763
201103,경기,화성시,41590,시(구 합산),763
201103,경기,광주시,41610,시군구,500
201103,경기,연천군,41800,시군구,0
201103,경기,포천시,41650,시군구,0
201103,경기,가평군,41820,시군구,80
201103,경기,양평군,41830,시군구,143
201103,강원,계,,시도,3376
201103,충북,계,,시도,3016
201103,충남,계,,시도,8082
201103,전북,계,,시도,925
201103,전남,계,,시도,2040
201103,경북,계,,시도,6974
201103,경남,계,,시도,3871
201103,제주,계,,시도,215
201104,서울,계,,시도,1855
201104,서울,종로구,11110,시군구,68
201104,서울,중구,11140,시군구,69
201104,서울,용산구,11170,시군구,151
201104,서울,성동구,11200,시군구,79
201104,서울,광진구,11215,시군구,2
201104,서울,동대문구,11230,시군구,90
201104,서울,중랑구,11260,시군구,92
201104,서울,성북구,11290,시군구,115
201104,서울,강북구,11305,시군구,0
201104,서울,도봉구,11320,시군구,0
201104,서울,노원구,11350,시군구,18
201104,서울,은평구,11380,시군구,88
201104,서울,서대문구,11410,시군구,22
201104,서울,마포구,11440,시군구,90
201104,서울,양천구,11470,시군구,42
201104,서울,강서구,11500,시군구,14
201104,서울,구로구,11530,시군구,149
201104,서울,금천구,11545,시군구,0
201104,서울,영등포구,11560,시군구,16
201104,서울,동작구,11590,시군구,279
201104,서울,관악구,11620,시군구,0
201104,서울,서초구,11650,시군구,31
201104,서울,강남구,11680,시군구,14
201104,서울,송파구,11710,시군구,137
201104,서울,강동구,11740,시군구,289
201104,부산,계,,시도,2305
201104,대구,계,,시도,10561
201104,인천,계,,시도,3438
201104,인천,중구,28110,시군구,1114
201104,인천,동구,28140,시군구,0
201104,인천,미추홀구,28177,시군구,309
201104,인천,연수구,28185,시군구,733
201104,인천,남동구,28200,시군구,87
201104,인천,부평구,28237,시군구,250
201104,인천,계양구,28245,시군구,116
201104,인천,서구,28260,시군구,791
201104,인천,강화군,28710,시군구,38
201104,인천,옹진군,28720,시군구,0
201104,광주,계,,시도,717
201104,대전,계,,시도,1530
201104,울산,계,,시도,5354
201104,경기,계,,시도,19715
201104,경기,수원시,41111,시(구 합산),2397
201104,경기,수원시,41113,시(구 합산),2397
201104,경기,수원시,41115,시(구 합산),2397
201104,경기,수원시,41117,시(구 합산),2397
201104,경기,성남시,41131,시(구 합산),90
201104,경기,성남시,41133,시(구 합산),90
201104,경기,성남시,41135,시(구 합산),90
201104,경기,의정부시,41150,시군구,0
201104,경기,안양시,41171,시(구 합산),16
201104,경기,안양시,41173,시(구 합산),16
201104,경기,부천시,41192,시(구 합산),440
201104,경기,부천시,41194,시(구 합산),440
201104,경기,부천시,41196,시(구 합산),440
201104,경기,부천시,41190,시(구 합산),440
201104,경기,광명시,41210,시군구,242
201104,경기,평택시,41220,시군구,605
201104,경기,동두천시,41250,시군구,57
201104,경기,안산시,41271,시(구 합산),76
201104,경기,안산시,41273,시(구 합산),76
201104,경기,고양시,41281,시(구 합산),4605
201104,경기,고양시,41285,시(구 합산),4605
201104,경기,고양시,41287,시(구 합산),4605
201104,경기,과천시,41290,시군구,0
201104,경기,구리시,41310,시군구,12
201104,경기,남양주시,41360,시군구,410
201104,경기,오산시,41370,시군구,143
201104,경기,시흥시,41390,시군구,110
201104,경기,군포시,41410,시군구,200
201104,경기,의왕시,41430,시군구,0
201104,경기,하남시,41450,시군구,271
201104,경기,용인시,41461,시(구 합산),4670
201104,경기,용인시,41463,시(구 합산),4670
201104,경기,용인시,41465,시(구 합산),4670
201104,경기,파주시,41480,시군구,2317
201104,경기,이천시,41500,시군구,201
201104,경기,안성시,41550,시군구,342
201104,경기,김포시,41570,시군구,969
201104,경기,양주시,41630,시군구,73
201104,경기,여주시,41670,시군구,0
201104,경기,화성시,41591,시(구 합산),755
201104,경기,화성시,41593,시(구 합산),755
201104,경기,화성시,41595,시(구 합산),755
201104,경기,화성시,41597,시(구 합산),755
201104,경기,화성시,41590,시(구 합산),755
201104,경기,광주시,41610,시군구,494
201104,경기,연천군,41800,시군구,0
201104,경기,포천시,41650,시군구,0
201104,경기,가평군,41820,시군구,77
201104,경기,양평군,41830,시군구,143
201104,강원,계,,시도,3252
201104,충북,계,,시도,2915
201104,충남,계,,시도,7620
201104,전북,계,,시도,843
201104,전남,계,,시도,1885
201104,경북,계,,시도,6397
201104,경남,계,,시도,3668
201104,제주,계,,시도,177
201105,서울,계,,시도,1785
201105,서울,종로구,11110,시군구,68
201105,서울,중구,11140,시군구,69
201105,서울,용산구,11170,시군구,151
201105,서울,성동구,11200,시군구,79
201105,서울,광진구,11215,시군구,2
201105,서울,동대문구,11230,시군구,80
201105,서울,중랑구,11260,시군구,81
201105,서울,성북구,11290,시군구,115
201105,서울,강북구,11305,시군구,0
201105,서울,도봉구,11320,시군구,0
201105,서울,노원구,11350,시군구,17
201105,서울,은평구,11380,시군구,83
201105,서울,서대문구,11410,시군구,22
201105,서울,마포구,11440,시군구,90
201105,서울,양천구,11470,시군구,42
201105,서울,강서구,11500,시군구,14
201105,서울,구로구,11530,시군구,143
201105,서울,금천구,11545,시군구,0
201105,서울,영등포구,11560,시군구,16
201105,서울,동작구,11590,시군구,273
201105,서울,관악구,11620,시군구,0
201105,서울,서초구,11650,시군구,31
201105,서울,강남구,11680,시군구,10
201105,서울,송파구,11710,시군구,137
201105,서울,강동구,11740,시군구,262
201105,부산,계,,시도,2671
201105,대구,계,,시도,9916
201105,인천,계,,시도,3945
201105,인천,중구,28110,시군구,1114
201105,인천,동구,28140,시군구,0
201105,인천,미추홀구,28177,시군구,280
201105,인천,연수구,28185,시군구,1305
201105,인천,남동구,28200,시군구,87
201105,인천,부평구,28237,시군구,228
201105,인천,계양구,28245,시군구,106
201105,인천,서구,28260,시군구,787
201105,인천,강화군,28710,시군구,38
201105,인천,옹진군,28720,시군구,0
201105,광주,계,,시도,721
201105,대전,계,,시도,1272
201105,울산,계,,시도,5419
201105,경기,계,,시도,21303
201105,경기,수원시,41111,시(구 합산),1992
201105,경기,수원시,41113,시(구 합산),1992
201105,경기,수원시,41115,시(구 합산),1992
201105,경기,수원시,41117,시(구 합산),1992
201105,경기,성남시,41131,시(구 합산),81
201105,경기,성남시,41133,시(구 합산),81
201105,경기,성남시,41135,시(구 합산),81
201105,경기,의정부시,41150,시군구,0
201105,경기,안양시,41171,시(구 합산),16
201105,경기,안양시,41173,시(구 합산),16
201105,경기,부천시,41192,시(구 합산),439
201105,경기,부천시,41194,시(구 합산),439
201105,경기,부천시,41196,시(구 합산),439
201105,경기,부천시,41190,시(구 합산),439
201105,경기,광명시,41210,시군구,224
201105,경기,평택시,41220,시군구,2514
201105,경기,동두천시,41250,시군구,57
201105,경기,안산시,41271,시(구 합산),67
201105,경기,안산시,41273,시(구 합산),67
201105,경기,고양시,41281,시(구 합산),3773
201105,경기,고양시,41285,시(구 합산),3773
201105,경기,고양시,41287,시(구 합산),3773
201105,경기,과천시,41290,시군구,0
201105,경기,구리시,41310,시군구,12
201105,경기,남양주시,41360,시군구,410
201105,경기,오산시,41370,시군구,111
201105,경기,시흥시,41390,시군구,87
201105,경기,군포시,41410,시군구,209
201105,경기,의왕시,41430,시군구,0
201105,경기,하남시,41450,시군구,270
201105,경기,용인시,41461,시(구 합산),4487
201105,경기,용인시,41463,시(구 합산),4487
201105,경기,용인시,41465,시(구 합산),4487
201105,경기,파주시,41480,시군구,2304
201105,경기,이천시,41500,시군구,198
201105,경기,안성시,41550,시군구,318
201105,경기,김포시,41570,시군구,2219
201105,경기,양주시,41630,시군구,66
201105,경기,여주시,41670,시군구,0
201105,경기,화성시,41591,시(구 합산),748
201105,경기,화성시,41593,시(구 합산),748
201105,경기,화성시,41595,시(구 합산),748
201105,경기,화성시,41597,시(구 합산),748
201105,경기,화성시,41590,시(구 합산),748
201105,경기,광주시,41610,시군구,482
201105,경기,연천군,41800,시군구,0
201105,경기,포천시,41650,시군구,0
201105,경기,가평군,41820,시군구,76
201105,경기,양평군,41830,시군구,143
201105,강원,계,,시도,3363
201105,충북,계,,시도,1943
201105,충남,계,,시도,7459
201105,전북,계,,시도,750
201105,전남,계,,시도,1792
201105,경북,계,,시도,5984
201105,경남,계,,시도,2896
201105,제주,계,,시도,141
201106,서울,계,,시도,1825
201106,서울,종로구,11110,시군구,68
201106,서울,중구,11140,시군구,66
201106,서울,용산구,11170,시군구,142
201106,서울,성동구,11200,시군구,79
201106,서울,광진구,11215,시군구,2
201106,서울,동대문구,11230,시군구,76
201106,서울,중랑구,11260,시군구,78
201106,서울,성북구,11290,시군구,115
201106,서울,강북구,11305,시군구,0
201106,서울,도봉구,11320,시군구,0
201106,서울,노원구,11350,시군구,17
201106,서울,은평구,11380,시군구,83
201106,서울,서대문구,11410,시군구,118
201106,서울,마포구,11440,시군구,90
201106,서울,양천구,11470,시군구,76
201106,서울,강서구,11500,시군구,14
201106,서울,구로구,11530,시군구,141
201106,서울,금천구,11545,시군구,0
201106,서울,영등포구,11560,시군구,16
201106,서울,동작구,11590,시군구,271
201106,서울,관악구,11620,시군구,0
201106,서울,서초구,11650,시군구,31
201106,서울,강남구,11680,시군구,10
201106,서울,송파구,11710,시군구,87
201106,서울,강동구,11740,시군구,245
201106,부산,계,,시도,2682
201106,대구,계,,시도,11577
201106,인천,계,,시도,3821
201106,인천,중구,28110,시군구,1111
201106,인천,동구,28140,시군구,0
201106,인천,미추홀구,28177,시군구,279
201106,인천,연수구,28185,시군구,1192
201106,인천,남동구,28200,시군구,87
201106,인천,부평구,28237,시군구,224
201106,인천,계양구,28245,시군구,98
201106,인천,서구,28260,시군구,792
201106,인천,강화군,28710,시군구,38
201106,인천,옹진군,28720,시군구,0
201106,광주,계,,시도,655
201106,대전,계,,시도,1629
201106,울산,계,,시도,5200
201106,경기,계,,시도,21579
201106,경기,수원시,41111,시(구 합산),1992
201106,경기,수원시,41113,시(구 합산),1992
201106,경기,수원시,41115,시(구 합산),1992
201106,경기,수원시,41117,시(구 합산),1992
201106,경기,성남시,41131,시(구 합산),75
201106,경기,성남시,41133,시(구 합산),75
201106,경기,성남시,41135,시(구 합산),75
201106,경기,의정부시,41150,시군구,0
201106,경기,안양시,41171,시(구 합산),15
201106,경기,안양시,41173,시(구 합산),15
201106,경기,부천시,41192,시(구 합산),438
201106,경기,부천시,41194,시(구 합산),438
201106,경기,부천시,41196,시(구 합산),438
201106,경기,부천시,41190,시(구 합산),438
201106,경기,광명시,41210,시군구,224
201106,경기,평택시,41220,시군구,2394
201106,경기,동두천시,41250,시군구,57
201106,경기,안산시,41271,시(구 합산),63
201106,경기,안산시,41273,시(구 합산),63
201106,경기,고양시,41281,시(구 합산),4549
201106,경기,고양시,41285,시(구 합산),4549
201106,경기,고양시,41287,시(구 합산),4549
201106,경기,과천시,41290,시군구,0
201106,경기,구리시,41310,시군구,109
201106,경기,남양주시,41360,시군구,405
201106,경기,오산시,41370,시군구,96
201106,경기,시흥시,41390,시군구,87
201106,경기,군포시,41410,시군구,204
201106,경기,의왕시,41430,시군구,0
201106,경기,하남시,41450,시군구,265
201106,경기,용인시,41461,시(구 합산),4511
201106,경기,용인시,41463,시(구 합산),4511
201106,경기,용인시,41465,시(구 합산),4511
201106,경기,파주시,41480,시군구,2301
201106,경기,이천시,41500,시군구,133
201106,경기,안성시,41550,시군구,315
201106,경기,김포시,41570,시군구,1848
201106,경기,양주시,41630,시군구,65
201106,경기,여주시,41670,시군구,0
201106,경기,화성시,41591,시(구 합산),735
201106,경기,화성시,41593,시(구 합산),735
201106,경기,화성시,41595,시(구 합산),735
201106,경기,화성시,41597,시(구 합산),735
201106,경기,화성시,41590,시(구 합산),735
201106,경기,광주시,41610,시군구,479
201106,경기,연천군,41800,시군구,0
201106,경기,포천시,41650,시군구,0
201106,경기,가평군,41820,시군구,76
201106,경기,양평군,41830,시군구,143
201106,강원,계,,시도,3214
201106,충북,계,,시도,1835
201106,충남,계,,시도,7229
201106,전북,계,,시도,687
201106,전남,계,,시도,1655
201106,경북,계,,시도,5885
201106,경남,계,,시도,3048
201106,제주,계,,시도,146
201107,서울,계,,시도,1826
201107,서울,종로구,11110,시군구,68
201107,서울,중구,11140,시군구,67
201107,서울,용산구,11170,시군구,142
201107,서울,성동구,11200,시군구,79
201107,서울,광진구,11215,시군구,2
201107,서울,동대문구,11230,시군구,73
201107,서울,중랑구,11260,시군구,75
201107,서울,성북구,11290,시군구,115
201107,서울,강북구,11305,시군구,0
201107,서울,도봉구,11320,시군구,0
201107,서울,노원구,11350,시군구,16
201107,서울,은평구,11380,시군구,80
201107,서울,서대문구,11410,시군구,118
201107,서울,마포구,11440,시군구,114
201107,서울,양천구,11470,시군구,75
201107,서울,강서구,11500,시군구,14
201107,서울,구로구,11530,시군구,134
201107,서울,금천구,11545,시군구,0
201107,서울,영등포구,11560,시군구,16
201107,서울,동작구,11590,시군구,271
201107,서울,관악구,11620,시군구,0
201107,서울,서초구,11650,시군구,29
201107,서울,강남구,11680,시군구,10
201107,서울,송파구,11710,시군구,87
201107,서울,강동구,11740,시군구,241
201107,부산,계,,시도,3158
201107,대구,계,,시도,10828
201107,인천,계,,시도,3749
201107,인천,중구,28110,시군구,1111
201107,인천,동구,28140,시군구,0
201107,인천,미추홀구,28177,시군구,279
201107,인천,연수구,28185,시군구,1123
201107,인천,남동구,28200,시군구,87
201107,인천,부평구,28237,시군구,221
201107,인천,계양구,28245,시군구,98
201107,인천,서구,28260,시군구,792
201107,인천,강화군,28710,시군구,38
201107,인천,옹진군,28720,시군구,0
201107,광주,계,,시도,682
201107,대전,계,,시도,1189
201107,울산,계,,시도,5014
201107,경기,계,,시도,20819
201107,경기,수원시,41111,시(구 합산),1941
201107,경기,수원시,41113,시(구 합산),1941
201107,경기,수원시,41115,시(구 합산),1941
201107,경기,수원시,41117,시(구 합산),1941
201107,경기,성남시,41131,시(구 합산),66
201107,경기,성남시,41133,시(구 합산),66
201107,경기,성남시,41135,시(구 합산),66
201107,경기,의정부시,41150,시군구,0
201107,경기,안양시,41171,시(구 합산),15
201107,경기,안양시,41173,시(구 합산),15
201107,경기,부천시,41192,시(구 합산),426
201107,경기,부천시,41194,시(구 합산),426
201107,경기,부천시,41196,시(구 합산),426
201107,경기,부천시,41190,시(구 합산),426
201107,경기,광명시,41210,시군구,216
201107,경기,평택시,41220,시군구,2175
201107,경기,동두천시,41250,시군구,57
201107,경기,안산시,41271,시(구 합산),60
201107,경기,안산시,41273,시(구 합산),60
201107,경기,고양시,41281,시(구 합산),4308
201107,경기,고양시,41285,시(구 합산),4308
201107,경기,고양시,41287,시(구 합산),4308
201107,경기,과천시,41290,시군구,0
201107,경기,구리시,41310,시군구,109
201107,경기,남양주시,41360,시군구,352
201107,경기,오산시,41370,시군구,89
201107,경기,시흥시,41390,시군구,414
201107,경기,군포시,41410,시군구,194
201107,경기,의왕시,41430,시군구,0
201107,경기,하남시,41450,시군구,265
201107,경기,용인시,41461,시(구 합산),4511
201107,경기,용인시,41463,시(구 합산),4511
201107,경기,용인시,41465,시(구 합산),4511
201107,경기,파주시,41480,시군구,2143
201107,경기,이천시,41500,시군구,106
201107,경기,안성시,41550,시군구,283
201107,경기,김포시,41570,시군구,1598
201107,경기,양주시,41630,시군구,63
201107,경기,여주시,41670,시군구,0
201107,경기,화성시,41591,시(구 합산),731
201107,경기,화성시,41593,시(구 합산),731
201107,경기,화성시,41595,시(구 합산),731
201107,경기,화성시,41597,시(구 합산),731
201107,경기,화성시,41590,시(구 합산),731
201107,경기,광주시,41610,시군구,478
201107,경기,연천군,41800,시군구,0
201107,경기,포천시,41650,시군구,0
201107,경기,가평군,41820,시군구,76
201107,경기,양평군,41830,시군구,143
201107,강원,계,,시도,3114
201107,충북,계,,시도,1685
201107,충남,계,,시도,6903
201107,전북,계,,시도,639
201107,전남,계,,시도,1800
201107,경북,계,,시도,5655
201107,경남,계,,시도,2896
201107,제주,계,,시도,130
201108,서울,계,,시도,1767
201108,서울,종로구,11110,시군구,68
201108,서울,중구,11140,시군구,66
201108,서울,용산구,11170,시군구,142
201108,서울,성동구,11200,시군구,79
201108,서울,광진구,11215,시군구,2
201108,서울,동대문구,11230,시군구,72
201108,서울,중랑구,11260,시군구,73
201108,서울,성북구,11290,시군구,115
201108,서울,강북구,11305,시군구,0
201108,서울,도봉구,11320,시군구,0
201108,서울,노원구,11350,시군구,16
201108,서울,은평구,11380,시군구,80
201108,서울,서대문구,11410,시군구,118
201108,서울,마포구,11440,시군구,114
201108,서울,양천구,11470,시군구,74
201108,서울,강서구,11500,시군구,14
201108,서울,구로구,11530,시군구,119
201108,서울,금천구,11545,시군구,0
201108,서울,영등포구,11560,시군구,16
201108,서울,동작구,11590,시군구,271
201108,서울,관악구,11620,시군구,0
201108,서울,서초구,11650,시군구,29
201108,서울,강남구,11680,시군구,7
201108,서울,송파구,11710,시군구,87
201108,서울,강동구,11740,시군구,205
201108,부산,계,,시도,3046
201108,대구,계,,시도,10152
201108,인천,계,,시도,3730
201108,인천,중구,28110,시군구,1122
201108,인천,동구,28140,시군구,0
201108,인천,미추홀구,28177,시군구,279
201108,인천,연수구,28185,시군구,1104
201108,인천,남동구,28200,시군구,89
201108,인천,부평구,28237,시군구,217
201108,인천,계양구,28245,시군구,87
201108,인천,서구,28260,시군구,794
201108,인천,강화군,28710,시군구,38
201108,인천,옹진군,28720,시군구,0
201108,광주,계,,시도,458
201108,대전,계,,시도,997
201108,울산,계,,시도,4942
201108,경기,계,,시도,22137
201108,경기,수원시,41111,시(구 합산),1580
201108,경기,수원시,41113,시(구 합산),1580
201108,경기,수원시,41115,시(구 합산),1580
201108,경기,수원시,41117,시(구 합산),1580
201108,경기,성남시,41131,시(구 합산),64
201108,경기,성남시,41133,시(구 합산),64
201108,경기,성남시,41135,시(구 합산),64
201108,경기,의정부시,41150,시군구,0
201108,경기,안양시,41171,시(구 합산),15
201108,경기,안양시,41173,시(구 합산),15
201108,경기,부천시,41192,시(구 합산),426
201108,경기,부천시,41194,시(구 합산),426
201108,경기,부천시,41196,시(구 합산),426
201108,경기,부천시,41190,시(구 합산),426
201108,경기,광명시,41210,시군구,216
201108,경기,평택시,41220,시군구,2183
201108,경기,동두천시,41250,시군구,57
201108,경기,안산시,41271,시(구 합산),56
201108,경기,안산시,41273,시(구 합산),56
201108,경기,고양시,41281,시(구 합산),4171
201108,경기,고양시,41285,시(구 합산),4171
201108,경기,고양시,41287,시(구 합산),4171
201108,경기,과천시,41290,시군구,0
201108,경기,구리시,41310,시군구,77
201108,경기,남양주시,41360,시군구,352
201108,경기,오산시,41370,시군구,25
201108,경기,시흥시,41390,시군구,414
201108,경기,군포시,41410,시군구,190
201108,경기,의왕시,41430,시군구,279
201108,경기,하남시,41450,시군구,265
201108,경기,용인시,41461,시(구 합산),5450
201108,경기,용인시,41463,시(구 합산),5450
201108,경기,용인시,41465,시(구 합산),5450
201108,경기,파주시,41480,시군구,2955
201108,경기,이천시,41500,시군구,106
201108,경기,안성시,41550,시군구,261
201108,경기,김포시,41570,시군구,1523
201108,경기,양주시,41630,시군구,61
201108,경기,여주시,41670,시군구,0
201108,경기,화성시,41591,시(구 합산),727
201108,경기,화성시,41593,시(구 합산),727
201108,경기,화성시,41595,시(구 합산),727
201108,경기,화성시,41597,시(구 합산),727
201108,경기,화성시,41590,시(구 합산),727
201108,경기,광주시,41610,시군구,469
201108,경기,연천군,41800,시군구,0
201108,경기,포천시,41650,시군구,0
201108,경기,가평군,41820,시군구,74
201108,경기,양평군,41830,시군구,141
201108,강원,계,,시도,2922
201108,충북,계,,시도,1515
201108,충남,계,,시도,6546
201108,전북,계,,시도,541
201108,전남,계,,시도,1728
201108,경북,계,,시도,5093
201108,경남,계,,시도,2729
201108,제주,계,,시도,290
201109,서울,계,,시도,1776
201109,서울,종로구,11110,시군구,68
201109,서울,중구,11140,시군구,63
201109,서울,용산구,11170,시군구,93
201109,서울,성동구,11200,시군구,79
201109,서울,광진구,11215,시군구,2
201109,서울,동대문구,11230,시군구,72
201109,서울,중랑구,11260,시군구,129
201109,서울,성북구,11290,시군구,115
201109,서울,강북구,11305,시군구,65
201109,서울,도봉구,11320,시군구,0
201109,서울,노원구,11350,시군구,16
201109,서울,은평구,11380,시군구,90
201109,서울,서대문구,11410,시군구,118
201109,서울,마포구,11440,시군구,106
201109,서울,양천구,11470,시군구,74
201109,서울,강서구,11500,시군구,11
201109,서울,구로구,11530,시군구,113
201109,서울,금천구,11545,시군구,0
201109,서울,영등포구,11560,시군구,16
201109,서울,동작구,11590,시군구,257
201109,서울,관악구,11620,시군구,0
201109,서울,서초구,11650,시군구,29
201109,서울,강남구,11680,시군구,7
201109,서울,송파구,11710,시군구,74
201109,서울,강동구,11740,시군구,179
201109,부산,계,,시도,2842
201109,대구,계,,시도,9861
201109,인천,계,,시도,3783
201109,인천,중구,28110,시군구,1117
201109,인천,동구,28140,시군구,0
201109,인천,미추홀구,28177,시군구,279
201109,인천,연수구,28185,시군구,1084
201109,인천,남동구,28200,시군구,190
201109,인천,부평구,28237,시군구,206
201109,인천,계양구,28245,시군구,77
201109,인천,서구,28260,시군구,792
201109,인천,강화군,28710,시군구,38
201109,인천,옹진군,28720,시군구,0
201109,광주,계,,시도,619
201109,대전,계,,시도,913
201109,울산,계,,시도,4713
201109,경기,계,,시도,21724
201109,경기,수원시,41111,시(구 합산),1555
201109,경기,수원시,41113,시(구 합산),1555
201109,경기,수원시,41115,시(구 합산),1555
201109,경기,수원시,41117,시(구 합산),1555
201109,경기,성남시,41131,시(구 합산),64
201109,경기,성남시,41133,시(구 합산),64
201109,경기,성남시,41135,시(구 합산),64
201109,경기,의정부시,41150,시군구,0
201109,경기,안양시,41171,시(구 합산),15
201109,경기,안양시,41173,시(구 합산),15
201109,경기,부천시,41192,시(구 합산),422
201109,경기,부천시,41194,시(구 합산),422
201109,경기,부천시,41196,시(구 합산),422
201109,경기,부천시,41190,시(구 합산),422
201109,경기,광명시,41210,시군구,216
201109,경기,평택시,41220,시군구,2003
201109,경기,동두천시,41250,시군구,57
201109,경기,안산시,41271,시(구 합산),52
201109,경기,안산시,41273,시(구 합산),52
201109,경기,고양시,41281,시(구 합산),4178
201109,경기,고양시,41285,시(구 합산),4178
201109,경기,고양시,41287,시(구 합산),4178
201109,경기,과천시,41290,시군구,0
201109,경기,구리시,41310,시군구,127
201109,경기,남양주시,41360,시군구,352
201109,경기,오산시,41370,시군구,25
201109,경기,시흥시,41390,시군구,215
201109,경기,군포시,41410,시군구,178
201109,경기,의왕시,41430,시군구,331
201109,경기,하남시,41450,시군구,265
201109,경기,용인시,41461,시(구 합산),5339
201109,경기,용인시,41463,시(구 합산),5339
201109,경기,용인시,41465,시(구 합산),5339
201109,경기,파주시,41480,시군구,2871
201109,경기,이천시,41500,시군구,104
201109,경기,안성시,41550,시군구,226
201109,경기,김포시,41570,시군구,1552
201109,경기,양주시,41630,시군구,57
201109,경기,여주시,41670,시군구,0
201109,경기,화성시,41591,시(구 합산),716
201109,경기,화성시,41593,시(구 합산),716
201109,경기,화성시,41595,시(구 합산),716
201109,경기,화성시,41597,시(구 합산),716
201109,경기,화성시,41590,시(구 합산),716
201109,경기,광주시,41610,시군구,589
201109,경기,연천군,41800,시군구,0
201109,경기,포천시,41650,시군구,0
201109,경기,가평군,41820,시군구,74
201109,경기,양평군,41830,시군구,141
201109,강원,계,,시도,2690
201109,충북,계,,시도,1350
201109,충남,계,,시도,6379
201109,전북,계,,시도,478
201109,전남,계,,시도,2191
201109,경북,계,,시도,4723
201109,경남,계,,시도,3748
201109,제주,계,,시도,249
201110,서울,계,,시도,1821
201110,서울,종로구,11110,시군구,68
201110,서울,중구,11140,시군구,62
201110,서울,용산구,11170,시군구,93
201110,서울,성동구,11200,시군구,79
201110,서울,광진구,11215,시군구,2
201110,서울,동대문구,11230,시군구,72
201110,서울,중랑구,11260,시군구,127
201110,서울,성북구,11290,시군구,115
201110,서울,강북구,11305,시군구,65
201110,서울,도봉구,11320,시군구,0
201110,서울,노원구,11350,시군구,14
201110,서울,은평구,11380,시군구,100
201110,서울,서대문구,11410,시군구,118
201110,서울,마포구,11440,시군구,106
201110,서울,양천구,11470,시군구,74
201110,서울,강서구,11500,시군구,11
201110,서울,구로구,11530,시군구,199
201110,서울,금천구,11545,시군구,0
201110,서울,영등포구,11560,시군구,16
201110,서울,동작구,11590,시군구,238
201110,서울,관악구,11620,시군구,0
201110,서울,서초구,11650,시군구,28
201110,서울,강남구,11680,시군구,7
201110,서울,송파구,11710,시군구,74
201110,서울,강동구,11740,시군구,153
201110,부산,계,,시도,3008
201110,대구,계,,시도,9295
201110,인천,계,,시도,3724
201110,인천,중구,28110,시군구,1114
201110,인천,동구,28140,시군구,0
201110,인천,미추홀구,28177,시군구,279
201110,인천,연수구,28185,시군구,1060
201110,인천,남동구,28200,시군구,190
201110,인천,부평구,28237,시군구,194
201110,인천,계양구,28245,시군구,74
201110,인천,서구,28260,시군구,775
201110,인천,강화군,28710,시군구,38
201110,인천,옹진군,28720,시군구,0
201110,광주,계,,시도,806
201110,대전,계,,시도,854
201110,울산,계,,시도,4501
201110,경기,계,,시도,21556
201110,경기,수원시,41111,시(구 합산),1529
201110,경기,수원시,41113,시(구 합산),1529
201110,경기,수원시,41115,시(구 합산),1529
201110,경기,수원시,41117,시(구 합산),1529
201110,경기,성남시,41131,시(구 합산),60
201110,경기,성남시,41133,시(구 합산),60
201110,경기,성남시,41135,시(구 합산),60
201110,경기,의정부시,41150,시군구,0
201110,경기,안양시,41171,시(구 합산),15
201110,경기,안양시,41173,시(구 합산),15
201110,경기,부천시,41192,시(구 합산),421
201110,경기,부천시,41194,시(구 합산),421
201110,경기,부천시,41196,시(구 합산),421
201110,경기,부천시,41190,시(구 합산),421
201110,경기,광명시,41210,시군구,214
201110,경기,평택시,41220,시군구,1868
201110,경기,동두천시,41250,시군구,57
201110,경기,안산시,41271,시(구 합산),47
201110,경기,안산시,41273,시(구 합산),47
201110,경기,고양시,41281,시(구 합산),4063
201110,경기,고양시,41285,시(구 합산),4063
201110,경기,고양시,41287,시(구 합산),4063
201110,경기,과천시,41290,시군구,0
201110,경기,구리시,41310,시군구,110
201110,경기,남양주시,41360,시군구,355
201110,경기,오산시,41370,시군구,14
201110,경기,시흥시,41390,시군구,196
201110,경기,군포시,41410,시군구,169
201110,경기,의왕시,41430,시군구,331
201110,경기,하남시,41450,시군구,256
201110,경기,용인시,41461,시(구 합산),5675
201110,경기,용인시,41463,시(구 합산),5675
201110,경기,용인시,41465,시(구 합산),5675
201110,경기,파주시,41480,시군구,2774
201110,경기,이천시,41500,시군구,98
201110,경기,안성시,41550,시군구,193
201110,경기,김포시,41570,시군구,1547
201110,경기,양주시,41630,시군구,52
201110,경기,여주시,41670,시군구,0
201110,경기,화성시,41591,시(구 합산),710
201110,경기,화성시,41593,시(구 합산),710
201110,경기,화성시,41595,시(구 합산),710
201110,경기,화성시,41597,시(구 합산),710
201110,경기,화성시,41590,시(구 합산),710
201110,경기,광주시,41610,시군구,587
201110,경기,연천군,41800,시군구,0
201110,경기,포천시,41650,시군구,0
201110,경기,가평군,41820,시군구,74
201110,경기,양평군,41830,시군구,141
201110,강원,계,,시도,2460
201110,충북,계,,시도,1195
201110,충남,계,,시도,5903
201110,전북,계,,시도,428
201110,전남,계,,시도,1847
201110,경북,계,,시도,4434
201110,경남,계,,시도,4454
201110,제주,계,,시도,176
201111,서울,계,,시도,1801
201111,서울,종로구,11110,시군구,68
201111,서울,중구,11140,시군구,62
201111,서울,용산구,11170,시군구,114
201111,서울,성동구,11200,시군구,79
201111,서울,광진구,11215,시군구,2
201111,서울,동대문구,11230,시군구,72
201111,서울,중랑구,11260,시군구,124
201111,서울,성북구,11290,시군구,124
201111,서울,강북구,11305,시군구,75
201111,서울,도봉구,11320,시군구,0
201111,서울,노원구,11350,시군구,14
201111,서울,은평구,11380,시군구,82
201111,서울,서대문구,11410,시군구,118
201111,서울,마포구,11440,시군구,106
201111,서울,양천구,11470,시군구,73
201111,서울,강서구,11500,시군구,11
201111,서울,구로구,11530,시군구,196
201111,서울,금천구,11545,시군구,0
201111,서울,영등포구,11560,시군구,16
201111,서울,동작구,11590,시군구,223
201111,서울,관악구,11620,시군구,0
201111,서울,서초구,11650,시군구,28
201111,서울,강남구,11680,시군구,7
201111,서울,송파구,11710,시군구,74
201111,서울,강동구,11740,시군구,133
201111,부산,계,,시도,2887
201111,대구,계,,시도,9384
201111,인천,계,,시도,3873
201111,인천,중구,28110,시군구,1113
201111,인천,동구,28140,시군구,0
201111,인천,미추홀구,28177,시군구,279
201111,인천,연수구,28185,시군구,979
201111,인천,남동구,28200,시군구,206
201111,인천,부평구,28237,시군구,194
201111,인천,계양구,28245,시군구,306
201111,인천,서구,28260,시군구,758
201111,인천,강화군,28710,시군구,38
201111,인천,옹진군,28720,시군구,0
201111,광주,계,,시도,770
201111,대전,계,,시도,1482
201111,울산,계,,시도,3780
201111,경기,계,,시도,21595
201111,경기,수원시,41111,시(구 합산),1473
201111,경기,수원시,41113,시(구 합산),1473
201111,경기,수원시,41115,시(구 합산),1473
201111,경기,수원시,41117,시(구 합산),1473
201111,경기,성남시,41131,시(구 합산),60
201111,경기,성남시,41133,시(구 합산),60
201111,경기,성남시,41135,시(구 합산),60
201111,경기,의정부시,41150,시군구,0
201111,경기,안양시,41171,시(구 합산),25
201111,경기,안양시,41173,시(구 합산),25
201111,경기,부천시,41192,시(구 합산),835
201111,경기,부천시,41194,시(구 합산),835
201111,경기,부천시,41196,시(구 합산),835
201111,경기,부천시,41190,시(구 합산),835
201111,경기,광명시,41210,시군구,214
201111,경기,평택시,41220,시군구,1607
201111,경기,동두천시,41250,시군구,57
201111,경기,안산시,41271,시(구 합산),78
201111,경기,안산시,41273,시(구 합산),78
201111,경기,고양시,41281,시(구 합산),3785
201111,경기,고양시,41285,시(구 합산),3785
201111,경기,고양시,41287,시(구 합산),3785
201111,경기,과천시,41290,시군구,0
201111,경기,구리시,41310,시군구,104
201111,경기,남양주시,41360,시군구,952
201111,경기,오산시,41370,시군구,14
201111,경기,시흥시,41390,시군구,163
201111,경기,군포시,41410,시군구,164
201111,경기,의왕시,41430,시군구,331
201111,경기,하남시,41450,시군구,256
201111,경기,용인시,41461,시(구 합산),5494
201111,경기,용인시,41463,시(구 합산),5494
201111,경기,용인시,41465,시(구 합산),5494
201111,경기,파주시,41480,시군구,2717
201111,경기,이천시,41500,시군구,88
201111,경기,안성시,41550,시군구,164
201111,경기,김포시,41570,시군구,1463
201111,경기,양주시,41630,시군구,51
201111,경기,여주시,41670,시군구,0
201111,경기,화성시,41591,시(구 합산),710
201111,경기,화성시,41593,시(구 합산),710
201111,경기,화성시,41595,시(구 합산),710
201111,경기,화성시,41597,시(구 합산),710
201111,경기,화성시,41590,시(구 합산),710
201111,경기,광주시,41610,시군구,575
201111,경기,연천군,41800,시군구,0
201111,경기,포천시,41650,시군구,0
201111,경기,가평군,41820,시군구,74
201111,경기,양평군,41830,시군구,141
201111,강원,계,,시도,2207
201111,충북,계,,시도,1100
201111,충남,계,,시도,7391
201111,전북,계,,시도,386
201111,전남,계,,시도,1728
201111,경북,계,,시도,4274
201111,경남,계,,시도,4235
201111,제주,계,,시도,147
201112,서울,계,,시도,1861
201112,서울,종로구,11110,시군구,68
201112,서울,중구,11140,시군구,62
201112,서울,용산구,11170,시군구,84
201112,서울,성동구,11200,시군구,79
201112,서울,광진구,11215,시군구,2
201112,서울,동대문구,11230,시군구,72
201112,서울,중랑구,11260,시군구,119
201112,서울,성북구,11290,시군구,124
201112,서울,강북구,11305,시군구,74
201112,서울,도봉구,11320,시군구,0
201112,서울,노원구,11350,시군구,14
201112,서울,은평구,11380,시군구,82
201112,서울,서대문구,11410,시군구,108
201112,서울,마포구,11440,시군구,86
201112,서울,양천구,11470,시군구,57
201112,서울,강서구,11500,시군구,9
201112,서울,구로구,11530,시군구,193
201112,서울,금천구,11545,시군구,0
201112,서울,영등포구,11560,시군구,16
201112,서울,동작구,11590,시군구,337
201112,서울,관악구,11620,시군구,0
201112,서울,서초구,11650,시군구,26
201112,서울,강남구,11680,시군구,7
201112,서울,송파구,11710,시군구,74
201112,서울,강동구,11740,시군구,168
201112,부산,계,,시도,4193
201112,대구,계,,시도,8672
201112,인천,계,,시도,3642
201112,인천,중구,28110,시군구,1107
201112,인천,동구,28140,시군구,0
201112,인천,미추홀구,28177,시군구,279
201112,인천,연수구,28185,시군구,901
201112,인천,남동구,28200,시군구,203
201112,인천,부평구,28237,시군구,90
201112,인천,계양구,28245,시군구,285
201112,인천,서구,28260,시군구,739
201112,인천,강화군,28710,시군구,38
201112,인천,옹진군,28720,시군구,0
201112,광주,계,,시도,784
201112,대전,계,,시도,1557
201112,울산,계,,시도,3510
201112,경기,계,,시도,22378
201112,경기,수원시,41111,시(구 합산),1473
201112,경기,수원시,41113,시(구 합산),1473
201112,경기,수원시,41115,시(구 합산),1473
201112,경기,수원시,41117,시(구 합산),1473
201112,경기,성남시,41131,시(구 합산),58
201112,경기,성남시,41133,시(구 합산),58
201112,경기,성남시,41135,시(구 합산),58
201112,경기,의정부시,41150,시군구,0
201112,경기,안양시,41171,시(구 합산),19
201112,경기,안양시,41173,시(구 합산),19
201112,경기,부천시,41192,시(구 합산),835
201112,경기,부천시,41194,시(구 합산),835
201112,경기,부천시,41196,시(구 합산),835
201112,경기,부천시,41190,시(구 합산),835
201112,경기,광명시,41210,시군구,214
201112,경기,평택시,41220,시군구,1607
201112,경기,동두천시,41250,시군구,0
201112,경기,안산시,41271,시(구 합산),73
201112,경기,안산시,41273,시(구 합산),73
201112,경기,고양시,41281,시(구 합산),3764
201112,경기,고양시,41285,시(구 합산),3764
201112,경기,고양시,41287,시(구 합산),3764
201112,경기,과천시,41290,시군구,0
201112,경기,구리시,41310,시군구,97
201112,경기,남양주시,41360,시군구,1179
201112,경기,오산시,41370,시군구,14
201112,경기,시흥시,41390,시군구,136
201112,경기,군포시,41410,시군구,164
201112,경기,의왕시,41430,시군구,331
201112,경기,하남시,41450,시군구,256
201112,경기,용인시,41461,시(구 합산),6214
201112,경기,용인시,41463,시(구 합산),6214
201112,경기,용인시,41465,시(구 합산),6214
201112,경기,파주시,41480,시군구,2743
201112,경기,이천시,41500,시군구,88
201112,경기,안성시,41550,시군구,152
201112,경기,김포시,41570,시군구,1048
201112,경기,양주시,41630,시군구,49
201112,경기,여주시,41670,시군구,0
201112,경기,화성시,41591,시(구 합산),913
201112,경기,화성시,41593,시(구 합산),913
201112,경기,화성시,41595,시(구 합산),913
201112,경기,화성시,41597,시(구 합산),913
201112,경기,화성시,41590,시(구 합산),913
201112,경기,광주시,41610,시군구,573
201112,경기,연천군,41800,시군구,0
201112,경기,포천시,41650,시군구,0
201112,경기,가평군,41820,시군구,237
201112,경기,양평군,41830,시군구,141
201112,강원,계,,시도,2244
201112,충북,계,,시도,1031
201112,충남,계,,시도,7471
201112,전북,계,,시도,355
201112,전남,계,,시도,1527
201112,경북,계,,시도,4110
201112,경남,계,,시도,6375
201112,제주,계,,시도,97
201201,서울,계,,시도,1890
201201,서울,종로구,11110,시군구,68
201201,서울,중구,11140,시군구,61
201201,서울,용산구,11170,시군구,84
201201,서울,성동구,11200,시군구,79
201201,서울,광진구,11215,시군구,2
201201,서울,동대문구,11230,시군구,72
201201,서울,중랑구,11260,시군구,116
201201,서울,성북구,11290,시군구,204
201201,서울,강북구,11305,시군구,73
201201,서울,도봉구,11320,시군구,0
201201,서울,노원구,11350,시군구,14
201201,서울,은평구,11380,시군구,72
201201,서울,서대문구,11410,시군구,108
201201,서울,마포구,11440,시군구,86
201201,서울,양천구,11470,시군구,57
201201,서울,강서구,11500,시군구,9
201201,서울,구로구,11530,시군구,188
201201,서울,금천구,11545,시군구,0
201201,서울,영등포구,11560,시군구,16
201201,서울,동작구,11590,시군구,317
201201,서울,관악구,11620,시군구,0
201201,서울,서초구,11650,시군구,25
201201,서울,강남구,11680,시군구,7
201201,서울,송파구,11710,시군구,74
201201,서울,강동구,11740,시군구,158
201201,부산,계,,시도,3909
201201,대구,계,,시도,7477
201201,인천,계,,시도,3532
201201,인천,중구,28110,시군구,1093
201201,인천,동구,28140,시군구,0
201201,인천,미추홀구,28177,시군구,246
201201,인천,연수구,28185,시군구,862
201201,인천,남동구,28200,시군구,203
201201,인천,부평구,28237,시군구,75
201201,인천,계양구,28245,시군구,273
201201,인천,서구,28260,시군구,742
201201,인천,강화군,28710,시군구,38
201201,인천,옹진군,28720,시군구,0
201201,광주,계,,시도,865
201201,대전,계,,시도,1400
201201,울산,계,,시도,3363
201201,경기,계,,시도,23539
201201,경기,수원시,41111,시(구 합산),1256
201201,경기,수원시,41113,시(구 합산),1256
201201,경기,수원시,41115,시(구 합산),1256
201201,경기,수원시,41117,시(구 합산),1256
201201,경기,성남시,41131,시(구 합산),58
201201,경기,성남시,41133,시(구 합산),58
201201,경기,성남시,41135,시(구 합산),58
201201,경기,의정부시,41150,시군구,0
201201,경기,안양시,41171,시(구 합산),19
201201,경기,안양시,41173,시(구 합산),19
201201,경기,부천시,41192,시(구 합산),834
201201,경기,부천시,41194,시(구 합산),834
201201,경기,부천시,41196,시(구 합산),834
201201,경기,부천시,41190,시(구 합산),834
201201,경기,광명시,41210,시군구,214
201201,경기,평택시,41220,시군구,1365
201201,경기,동두천시,41250,시군구,0
201201,경기,안산시,41271,시(구 합산),68
201201,경기,안산시,41273,시(구 합산),68
201201,경기,고양시,41281,시(구 합산),3630
201201,경기,고양시,41285,시(구 합산),3630
201201,경기,고양시,41287,시(구 합산),3630
201201,경기,과천시,41290,시군구,0
201201,경기,구리시,41310,시군구,97
201201,경기,남양주시,41360,시군구,1069
201201,경기,오산시,41370,시군구,0
201201,경기,시흥시,41390,시군구,118
201201,경기,군포시,41410,시군구,164
201201,경기,의왕시,41430,시군구,331
201201,경기,하남시,41450,시군구,222
201201,경기,용인시,41461,시(구 합산),6214
201201,경기,용인시,41463,시(구 합산),6214
201201,경기,용인시,41465,시(구 합산),6214
201201,경기,파주시,41480,시군구,2624
201201,경기,이천시,41500,시군구,83
201201,경기,안성시,41550,시군구,146
201201,경기,김포시,41570,시군구,2597
201201,경기,양주시,41630,시군구,660
201201,경기,여주시,41670,시군구,0
201201,경기,화성시,41591,시(구 합산),893
201201,경기,화성시,41593,시(구 합산),893
201201,경기,화성시,41595,시(구 합산),893
201201,경기,화성시,41597,시(구 합산),893
201201,경기,화성시,41590,시(구 합산),893
201201,경기,광주시,41610,시군구,499
201201,경기,연천군,41800,시군구,0
201201,경기,포천시,41650,시군구,0
201201,경기,가평군,41820,시군구,237
201201,경기,양평군,41830,시군구,141
201201,강원,계,,시도,2318
201201,충북,계,,시도,1077
201201,충남,계,,시도,7159
201201,전북,계,,시도,354
201201,전남,계,,시도,1436
201201,경북,계,,시도,3508
201201,경남,계,,시도,5888
201201,제주,계,,시도,71
201202,서울,계,,시도,1703
201202,서울,종로구,11110,시군구,55
201202,서울,중구,11140,시군구,65
201202,서울,용산구,11170,시군구,84
201202,서울,성동구,11200,시군구,79
201202,서울,광진구,11215,시군구,2
201202,서울,동대문구,11230,시군구,72
201202,서울,중랑구,11260,시군구,94
201202,서울,성북구,11290,시군구,204
201202,서울,강북구,11305,시군구,74
201202,서울,도봉구,11320,시군구,0
201202,서울,노원구,11350,시군구,12
201202,서울,은평구,11380,시군구,6
201202,서울,서대문구,11410,시군구,108
201202,서울,마포구,11440,시군구,86
201202,서울,양천구,11470,시군구,57
201202,서울,강서구,11500,시군구,9
201202,서울,구로구,11530,시군구,181
201202,서울,금천구,11545,시군구,0
201202,서울,영등포구,11560,시군구,16
201202,서울,동작구,11590,시군구,296
201202,서울,관악구,11620,시군구,0
201202,서울,서초구,11650,시군구,25
201202,서울,강남구,11680,시군구,7
201202,서울,송파구,11710,시군구,56
201202,서울,강동구,11740,시군구,115
201202,부산,계,,시도,3970
201202,대구,계,,시도,6807
201202,인천,계,,시도,3694
201202,인천,중구,28110,시군구,1082
201202,인천,동구,28140,시군구,0
201202,인천,미추홀구,28177,시군구,246
201202,인천,연수구,28185,시군구,1063
201202,인천,남동구,28200,시군구,203
201202,인천,부평구,28237,시군구,52
201202,인천,계양구,28245,시군구,263
201202,인천,서구,28260,시군구,747
201202,인천,강화군,28710,시군구,38
201202,인천,옹진군,28720,시군구,0
201202,광주,계,,시도,818
201202,대전,계,,시도,1301
201202,울산,계,,시도,3507
201202,경기,계,,시도,22206
201202,경기,수원시,41111,시(구 합산),1199
201202,경기,수원시,41113,시(구 합산),1199
201202,경기,수원시,41115,시(구 합산),1199
201202,경기,수원시,41117,시(구 합산),1199
201202,경기,성남시,41131,시(구 합산),58
201202,경기,성남시,41133,시(구 합산),58
201202,경기,성남시,41135,시(구 합산),58
201202,경기,의정부시,41150,시군구,0
201202,경기,안양시,41171,시(구 합산),19
201202,경기,안양시,41173,시(구 합산),19
201202,경기,부천시,41192,시(구 합산),834
201202,경기,부천시,41194,시(구 합산),834
201202,경기,부천시,41196,시(구 합산),834
201202,경기,부천시,41190,시(구 합산),834
201202,경기,광명시,41210,시군구,214
201202,경기,평택시,41220,시군구,1225
201202,경기,동두천시,41250,시군구,0
201202,경기,안산시,41271,시(구 합산),61
201202,경기,안산시,41273,시(구 합산),61
201202,경기,고양시,41281,시(구 합산),3569
201202,경기,고양시,41285,시(구 합산),3569
201202,경기,고양시,41287,시(구 합산),3569
201202,경기,과천시,41290,시군구,0
201202,경기,구리시,41310,시군구,91
201202,경기,남양주시,41360,시군구,952
201202,경기,오산시,41370,시군구,0
201202,경기,시흥시,41390,시군구,112
201202,경기,군포시,41410,시군구,135
201202,경기,의왕시,41430,시군구,331
201202,경기,하남시,41450,시군구,222
201202,경기,용인시,41461,시(구 합산),6138
201202,경기,용인시,41463,시(구 합산),6138
201202,경기,용인시,41465,시(구 합산),6138
201202,경기,파주시,41480,시군구,2618
201202,경기,이천시,41500,시군구,81
201202,경기,안성시,41550,시군구,129
201202,경기,김포시,41570,시군구,2419
201202,경기,양주시,41630,시군구,416
201202,경기,여주시,41670,시군구,0
201202,경기,화성시,41591,시(구 합산),848
201202,경기,화성시,41593,시(구 합산),848
201202,경기,화성시,41595,시(구 합산),848
201202,경기,화성시,41597,시(구 합산),848
201202,경기,화성시,41590,시(구 합산),848
201202,경기,광주시,41610,시군구,217
201202,경기,연천군,41800,시군구,0
201202,경기,포천시,41650,시군구,0
201202,경기,가평군,41820,시군구,177
201202,경기,양평군,41830,시군구,141
201202,강원,계,,시도,2642
201202,충북,계,,시도,995
201202,충남,계,,시도,6746
201202,전북,계,,시도,285
201202,전남,계,,시도,1376
201202,경북,계,,시도,3228
201202,경남,계,,시도,5488
201202,제주,계,,시도,84
201203,서울,계,,시도,1732
201203,서울,종로구,11110,시군구,51
201203,서울,중구,11140,시군구,62
201203,서울,용산구,11170,시군구,140
201203,서울,성동구,11200,시군구,79
201203,서울,광진구,11215,시군구,19
201203,서울,동대문구,11230,시군구,72
201203,서울,중랑구,11260,시군구,81
201203,서울,성북구,11290,시군구,204
201203,서울,강북구,11305,시군구,71
201203,서울,도봉구,11320,시군구,0
201203,서울,노원구,11350,시군구,11
201203,서울,은평구,11380,시군구,16
201203,서울,서대문구,11410,시군구,108
201203,서울,마포구,11440,시군구,86
201203,서울,양천구,11470,시군구,57
201203,서울,강서구,11500,시군구,5
201203,서울,구로구,11530,시군구,174
201203,서울,금천구,11545,시군구,0
201203,서울,영등포구,11560,시군구,16
201203,서울,동작구,11590,시군구,281
201203,서울,관악구,11620,시군구,0
201203,서울,서초구,11650,시군구,25
201203,서울,강남구,11680,시군구,7
201203,서울,송파구,11710,시군구,55
201203,서울,강동구,11740,시군구,112
201203,부산,계,,시도,4191
201203,대구,계,,시도,6104
201203,인천,계,,시도,3802
201203,인천,중구,28110,시군구,1075
201203,인천,동구,28140,시군구,0
201203,인천,미추홀구,28177,시군구,246
201203,인천,연수구,28185,시군구,1241
201203,인천,남동구,28200,시군구,201
201203,인천,부평구,28237,시군구,50
201203,인천,계양구,28245,시군구,254
201203,인천,서구,28260,시군구,697
201203,인천,강화군,28710,시군구,38
201203,인천,옹진군,28720,시군구,0
201203,광주,계,,시도,1142
201203,대전,계,,시도,1227
201203,울산,계,,시도,3144
201203,경기,계,,시도,21427
201203,경기,수원시,41111,시(구 합산),1189
201203,경기,수원시,41113,시(구 합산),1189
201203,경기,수원시,41115,시(구 합산),1189
201203,경기,수원시,41117,시(구 합산),1189
201203,경기,성남시,41131,시(구 합산),58
201203,경기,성남시,41133,시(구 합산),58
201203,경기,성남시,41135,시(구 합산),58
201203,경기,의정부시,41150,시군구,0
201203,경기,안양시,41171,시(구 합산),19
201203,경기,안양시,41173,시(구 합산),19
201203,경기,부천시,41192,시(구 합산),798
201203,경기,부천시,41194,시(구 합산),798
201203,경기,부천시,41196,시(구 합산),798
201203,경기,부천시,41190,시(구 합산),798
201203,경기,광명시,41210,시군구,48
201203,경기,평택시,41220,시군구,1161
201203,경기,동두천시,41250,시군구,0
201203,경기,안산시,41271,시(구 합산),61
201203,경기,안산시,41273,시(구 합산),61
201203,경기,고양시,41281,시(구 합산),3673
201203,경기,고양시,41285,시(구 합산),3673
201203,경기,고양시,41287,시(구 합산),3673
201203,경기,과천시,41290,시군구,0
201203,경기,구리시,41310,시군구,89
201203,경기,남양주시,41360,시군구,674
201203,경기,오산시,41370,시군구,0
201203,경기,시흥시,41390,시군구,110
201203,경기,군포시,41410,시군구,129
201203,경기,의왕시,41430,시군구,309
201203,경기,하남시,41450,시군구,222
201203,경기,용인시,41461,시(구 합산),6034
201203,경기,용인시,41463,시(구 합산),6034
201203,경기,용인시,41465,시(구 합산),6034
201203,경기,파주시,41480,시군구,2591
201203,경기,이천시,41500,시군구,81
201203,경기,안성시,41550,시군구,129
201203,경기,김포시,41570,시군구,2293
201203,경기,양주시,41630,시군구,450
201203,경기,여주시,41670,시군구,0
201203,경기,화성시,41591,시(구 합산),806
201203,경기,화성시,41593,시(구 합산),806
201203,경기,화성시,41595,시(구 합산),806
201203,경기,화성시,41597,시(구 합산),806
201203,경기,화성시,41590,시(구 합산),806
201203,경기,광주시,41610,시군구,217
201203,경기,연천군,41800,시군구,0
201203,경기,포천시,41650,시군구,0
201203,경기,가평군,41820,시군구,190
201203,경기,양평군,41830,시군구,96
201203,강원,계,,시도,2567
201203,충북,계,,시도,982
201203,충남,계,,시도,6502
201203,전북,계,,시도,259
201203,전남,계,,시도,1285
201203,경북,계,,시도,3010
201203,경남,계,,시도,5518
201203,제주,계,,시도,57
201204,서울,계,,시도,1691
201204,서울,종로구,11110,시군구,51
201204,서울,중구,11140,시군구,62
201204,서울,용산구,11170,시군구,140
201204,서울,성동구,11200,시군구,79
201204,서울,광진구,11215,시군구,19
201204,서울,동대문구,11230,시군구,72
201204,서울,중랑구,11260,시군구,79
201204,서울,성북구,11290,시군구,204
201204,서울,강북구,11305,시군구,71
201204,서울,도봉구,11320,시군구,0
201204,서울,노원구,11350,시군구,11
201204,서울,은평구,11380,시군구,16
201204,서울,서대문구,11410,시군구,108
201204,서울,마포구,11440,시군구,84
201204,서울,양천구,11470,시군구,57
201204,서울,강서구,11500,시군구,5
201204,서울,구로구,11530,시군구,172
201204,서울,금천구,11545,시군구,0
201204,서울,영등포구,11560,시군구,1
201204,서울,동작구,11590,시군구,265
201204,서울,관악구,11620,시군구,0
201204,서울,서초구,11650,시군구,23
201204,서울,강남구,11680,시군구,7
201204,서울,송파구,11710,시군구,53
201204,서울,강동구,11740,시군구,112
201204,부산,계,,시도,4063
201204,대구,계,,시도,5895
201204,인천,계,,시도,3829
201204,인천,중구,28110,시군구,1062
201204,인천,동구,28140,시군구,0
201204,인천,미추홀구,28177,시군구,246
201204,인천,연수구,28185,시군구,1307
201204,인천,남동구,28200,시군구,201
201204,인천,부평구,28237,시군구,46
201204,인천,계양구,28245,시군구,240
201204,인천,서구,28260,시군구,689
201204,인천,강화군,28710,시군구,38
201204,인천,옹진군,28720,시군구,0
201204,광주,계,,시도,940
201204,대전,계,,시도,1192
201204,울산,계,,시도,2916
201204,경기,계,,시도,20595
201204,경기,수원시,41111,시(구 합산),1146
201204,경기,수원시,41113,시(구 합산),1146
201204,경기,수원시,41115,시(구 합산),1146
201204,경기,수원시,41117,시(구 합산),1146
201204,경기,성남시,41131,시(구 합산),58
201204,경기,성남시,41133,시(구 합산),58
201204,경기,성남시,41135,시(구 합산),58
201204,경기,의정부시,41150,시군구,0
201204,경기,안양시,41171,시(구 합산),19
201204,경기,안양시,41173,시(구 합산),19
201204,경기,부천시,41192,시(구 합산),701
201204,경기,부천시,41194,시(구 합산),701
201204,경기,부천시,41196,시(구 합산),701
201204,경기,부천시,41190,시(구 합산),701
201204,경기,광명시,41210,시군구,28
201204,경기,평택시,41220,시군구,1049
201204,경기,동두천시,41250,시군구,0
201204,경기,안산시,41271,시(구 합산),56
201204,경기,안산시,41273,시(구 합산),56
201204,경기,고양시,41281,시(구 합산),3429
201204,경기,고양시,41285,시(구 합산),3429
201204,경기,고양시,41287,시(구 합산),3429
201204,경기,과천시,41290,시군구,0
201204,경기,구리시,41310,시군구,88
201204,경기,남양주시,41360,시군구,628
201204,경기,오산시,41370,시군구,0
201204,경기,시흥시,41390,시군구,34
201204,경기,군포시,41410,시군구,129
201204,경기,의왕시,41430,시군구,309
201204,경기,하남시,41450,시군구,222
201204,경기,용인시,41461,시(구 합산),5684
201204,경기,용인시,41463,시(구 합산),5684
201204,경기,용인시,41465,시(구 합산),5684
201204,경기,파주시,41480,시군구,2407
201204,경기,이천시,41500,시군구,81
201204,경기,안성시,41550,시군구,80
201204,경기,김포시,41570,시군구,2883
201204,경기,양주시,41630,시군구,348
201204,경기,여주시,41670,시군구,0
201204,경기,화성시,41591,시(구 합산),806
201204,경기,화성시,41593,시(구 합산),806
201204,경기,화성시,41595,시(구 합산),806
201204,경기,화성시,41597,시(구 합산),806
201204,경기,화성시,41590,시(구 합산),806
201204,경기,광주시,41610,시군구,124
201204,경기,연천군,41800,시군구,0
201204,경기,포천시,41650,시군구,0
201204,경기,가평군,41820,시군구,190
201204,경기,양평군,41830,시군구,96
201204,강원,계,,시도,3034
201204,충북,계,,시도,833
201204,충남,계,,시도,6180
201204,전북,계,,시도,247
201204,전남,계,,시도,1063
201204,경북,계,,시도,3562
201204,경남,계,,시도,5297
201204,제주,계,,시도,48
201205,서울,계,,시도,1703
201205,서울,종로구,11110,시군구,47
201205,서울,중구,11140,시군구,61
201205,서울,용산구,11170,시군구,140
201205,서울,성동구,11200,시군구,79
201205,서울,광진구,11215,시군구,19
201205,서울,동대문구,11230,시군구,72
201205,서울,중랑구,11260,시군구,77
201205,서울,성북구,11290,시군구,204
201205,서울,강북구,11305,시군구,68
201205,서울,도봉구,11320,시군구,0
201205,서울,노원구,11350,시군구,10
201205,서울,은평구,11380,시군구,16
201205,서울,서대문구,11410,시군구,108
201205,서울,마포구,11440,시군구,84
201205,서울,양천구,11470,시군구,57
201205,서울,강서구,11500,시군구,5
201205,서울,구로구,11530,시군구,170
201205,서울,금천구,11545,시군구,0
201205,서울,영등포구,11560,시군구,1
201205,서울,동작구,11590,시군구,248
201205,서울,관악구,11620,시군구,0
201205,서울,서초구,11650,시군구,17
201205,서울,강남구,11680,시군구,7
201205,서울,송파구,11710,시군구,52
201205,서울,강동구,11740,시군구,161
201205,부산,계,,시도,4014
201205,대구,계,,시도,5721
201205,인천,계,,시도,4002
201205,인천,중구,28110,시군구,1047
201205,인천,동구,28140,시군구,0
201205,인천,미추홀구,28177,시군구,521
201205,인천,연수구,28185,시군구,1227
201205,인천,남동구,28200,시군구,207
201205,인천,부평구,28237,시군구,44
201205,인천,계양구,28245,시군구,229
201205,인천,서구,28260,시군구,689
201205,인천,강화군,28710,시군구,38
201205,인천,옹진군,28720,시군구,0
201205,광주,계,,시도,1104
201205,대전,계,,시도,1179
201205,울산,계,,시도,3549
201205,경기,계,,시도,20890
201205,경기,수원시,41111,시(구 합산),1146
201205,경기,수원시,41113,시(구 합산),1146
201205,경기,수원시,41115,시(구 합산),1146
201205,경기,수원시,41117,시(구 합산),1146
201205,경기,성남시,41131,시(구 합산),59
201205,경기,성남시,41133,시(구 합산),59
201205,경기,성남시,41135,시(구 합산),59
201205,경기,의정부시,41150,시군구,0
201205,경기,안양시,41171,시(구 합산),19
201205,경기,안양시,41173,시(구 합산),19
201205,경기,부천시,41192,시(구 합산),700
201205,경기,부천시,41194,시(구 합산),700
201205,경기,부천시,41196,시(구 합산),700
201205,경기,부천시,41190,시(구 합산),700
201205,경기,광명시,41210,시군구,28
201205,경기,평택시,41220,시군구,991
201205,경기,동두천시,41250,시군구,0
201205,경기,안산시,41271,시(구 합산),54
201205,경기,안산시,41273,시(구 합산),54
201205,경기,고양시,41281,시(구 합산),3427
201205,경기,고양시,41285,시(구 합산),3427
201205,경기,고양시,41287,시(구 합산),3427
201205,경기,과천시,41290,시군구,0
201205,경기,구리시,41310,시군구,88
201205,경기,남양주시,41360,시군구,602
201205,경기,오산시,41370,시군구,0
201205,경기,시흥시,41390,시군구,705
201205,경기,군포시,41410,시군구,127
201205,경기,의왕시,41430,시군구,309
201205,경기,하남시,41450,시군구,258
201205,경기,용인시,41461,시(구 합산),5667
201205,경기,용인시,41463,시(구 합산),5667
201205,경기,용인시,41465,시(구 합산),5667
201205,경기,파주시,41480,시군구,2407
201205,경기,이천시,41500,시군구,63
201205,경기,안성시,41550,시군구,69
201205,경기,김포시,41570,시군구,2702
201205,경기,양주시,41630,시군구,296
201205,경기,여주시,41670,시군구,0
201205,경기,화성시,41591,시(구 합산),774
201205,경기,화성시,41593,시(구 합산),774
201205,경기,화성시,41595,시(구 합산),774
201205,경기,화성시,41597,시(구 합산),774
201205,경기,화성시,41590,시(구 합산),774
201205,경기,광주시,41610,시군구,124
201205,경기,연천군,41800,시군구,0
201205,경기,포천시,41650,시군구,0
201205,경기,가평군,41820,시군구,179
201205,경기,양평군,41830,시군구,96
201205,강원,계,,시도,2809
201205,충북,계,,시도,833
201205,충남,계,,시도,6065
201205,전북,계,,시도,249
201205,전남,계,,시도,1719
201205,경북,계,,시도,3361
201205,경남,계,,시도,4817
201205,제주,계,,시도,310
201206,서울,계,,시도,1698
201206,서울,종로구,11110,시군구,44
201206,서울,중구,11140,시군구,59
201206,서울,용산구,11170,시군구,83
201206,서울,성동구,11200,시군구,79
201206,서울,광진구,11215,시군구,19
201206,서울,동대문구,11230,시군구,31
201206,서울,중랑구,11260,시군구,73
201206,서울,성북구,11290,시군구,204
201206,서울,강북구,11305,시군구,68
201206,서울,도봉구,11320,시군구,0
201206,서울,노원구,11350,시군구,10
201206,서울,은평구,11380,시군구,13
201206,서울,서대문구,11410,시군구,108
201206,서울,마포구,11440,시군구,84
201206,서울,양천구,11470,시군구,57
201206,서울,강서구,11500,시군구,5
201206,서울,구로구,11530,시군구,170
201206,서울,금천구,11545,시군구,0
201206,서울,영등포구,11560,시군구,1
201206,서울,동작구,11590,시군구,240
201206,서울,관악구,11620,시군구,0
201206,서울,서초구,11650,시군구,17
201206,서울,강남구,11680,시군구,7
201206,서울,송파구,11710,시군구,52
201206,서울,강동구,11740,시군구,274
201206,부산,계,,시도,4448
201206,대구,계,,시도,5564
201206,인천,계,,시도,4058
201206,인천,중구,28110,시군구,1034
201206,인천,동구,28140,시군구,0
201206,인천,미추홀구,28177,시군구,507
201206,인천,연수구,28185,시군구,1330
201206,인천,남동구,28200,시군구,205
201206,인천,부평구,28237,시군구,34
201206,인천,계양구,28245,시군구,222
201206,인천,서구,28260,시군구,688
201206,인천,강화군,28710,시군구,38
201206,인천,옹진군,28720,시군구,0
201206,광주,계,,시도,1108
201206,대전,계,,시도,1228
201206,울산,계,,시도,3047
201206,경기,계,,시도,21173
201206,경기,수원시,41111,시(구 합산),1146
201206,경기,수원시,41113,시(구 합산),1146
201206,경기,수원시,41115,시(구 합산),1146
201206,경기,수원시,41117,시(구 합산),1146
201206,경기,성남시,41131,시(구 합산),59
201206,경기,성남시,41133,시(구 합산),59
201206,경기,성남시,41135,시(구 합산),59
201206,경기,의정부시,41150,시군구,0
201206,경기,안양시,41171,시(구 합산),9
201206,경기,안양시,41173,시(구 합산),9
201206,경기,부천시,41192,시(구 합산),696
201206,경기,부천시,41194,시(구 합산),696
201206,경기,부천시,41196,시(구 합산),696
201206,경기,부천시,41190,시(구 합산),696
201206,경기,광명시,41210,시군구,12
201206,경기,평택시,41220,시군구,952
201206,경기,동두천시,41250,시군구,0
201206,경기,안산시,41271,시(구 합산),91
201206,경기,안산시,41273,시(구 합산),91
201206,경기,고양시,41281,시(구 합산),3258
201206,경기,고양시,41285,시(구 합산),3258
201206,경기,고양시,41287,시(구 합산),3258
201206,경기,과천시,41290,시군구,0
201206,경기,구리시,41310,시군구,86
201206,경기,남양주시,41360,시군구,585
201206,경기,오산시,41370,시군구,154
201206,경기,시흥시,41390,시군구,657
201206,경기,군포시,41410,시군구,119
201206,경기,의왕시,41430,시군구,502
201206,경기,하남시,41450,시군구,258
201206,경기,용인시,41461,시(구 합산),5660
201206,경기,용인시,41463,시(구 합산),5660
201206,경기,용인시,41465,시(구 합산),5660
201206,경기,파주시,41480,시군구,2362
201206,경기,이천시,41500,시군구,492
201206,경기,안성시,41550,시군구,69
201206,경기,김포시,41570,시군구,2606
201206,경기,양주시,41630,시군구,260
201206,경기,여주시,41670,시군구,0
201206,경기,화성시,41591,시(구 합산),774
201206,경기,화성시,41593,시(구 합산),774
201206,경기,화성시,41595,시(구 합산),774
201206,경기,화성시,41597,시(구 합산),774
201206,경기,화성시,41590,시(구 합산),774
201206,경기,광주시,41610,시군구,91
201206,경기,연천군,41800,시군구,0
201206,경기,포천시,41650,시군구,0
201206,경기,가평군,41820,시군구,179
201206,경기,양평군,41830,시군구,96
201206,강원,계,,시도,3086
201206,충북,계,,시도,786
201206,충남,계,,시도,6156
201206,전북,계,,시도,239
201206,전남,계,,시도,1486
201206,경북,계,,시도,3258
201206,경남,계,,시도,4663
201206,제주,계,,시도,290
201207,서울,계,,시도,3146
201207,서울,종로구,11110,시군구,44
201207,서울,중구,11140,시군구,65
201207,서울,용산구,11170,시군구,83
201207,서울,성동구,11200,시군구,104
201207,서울,광진구,11215,시군구,19
201207,서울,동대문구,11230,시군구,31
201207,서울,중랑구,11260,시군구,77
201207,서울,성북구,11290,시군구,204
201207,서울,강북구,11305,시군구,68
201207,서울,도봉구,11320,시군구,0
201207,서울,노원구,11350,시군구,9
201207,서울,은평구,11380,시군구,13
201207,서울,서대문구,11410,시군구,108
201207,서울,마포구,11440,시군구,636
201207,서울,양천구,11470,시군구,57
201207,서울,강서구,11500,시군구,61
201207,서울,구로구,11530,시군구,606
201207,서울,금천구,11545,시군구,0
201207,서울,영등포구,11560,시군구,292
201207,서울,동작구,11590,시군구,240
201207,서울,관악구,11620,시군구,0
201207,서울,서초구,11650,시군구,99
201207,서울,강남구,11680,시군구,7
201207,서울,송파구,11710,시군구,52
201207,서울,강동구,11740,시군구,271
201207,부산,계,,시도,5630
201207,대구,계,,시도,5289
201207,인천,계,,시도,4212
201207,인천,중구,28110,시군구,986
201207,인천,동구,28140,시군구,0
201207,인천,미추홀구,28177,시군구,507
201207,인천,연수구,28185,시군구,1511
201207,인천,남동구,28200,시군구,205
201207,인천,부평구,28237,시군구,34
201207,인천,계양구,28245,시군구,251
201207,인천,서구,28260,시군구,680
201207,인천,강화군,28710,시군구,38
201207,인천,옹진군,28720,시군구,0
201207,광주,계,,시도,1313
201207,대전,계,,시도,1197
201207,울산,계,,시도,3291
201207,경기,계,,시도,22034
201207,경기,수원시,41111,시(구 합산),1123
201207,경기,수원시,41113,시(구 합산),1123
201207,경기,수원시,41115,시(구 합산),1123
201207,경기,수원시,41117,시(구 합산),1123
201207,경기,성남시,41131,시(구 합산),59
201207,경기,성남시,41133,시(구 합산),59
201207,경기,성남시,41135,시(구 합산),59
201207,경기,의정부시,41150,시군구,0
201207,경기,안양시,41171,시(구 합산),9
201207,경기,안양시,41173,시(구 합산),9
201207,경기,부천시,41192,시(구 합산),695
201207,경기,부천시,41194,시(구 합산),695
201207,경기,부천시,41196,시(구 합산),695
201207,경기,부천시,41190,시(구 합산),695
201207,경기,광명시,41210,시군구,12
201207,경기,평택시,41220,시군구,905
201207,경기,동두천시,41250,시군구,0
201207,경기,안산시,41271,시(구 합산),88
201207,경기,안산시,41273,시(구 합산),88
201207,경기,고양시,41281,시(구 합산),3253
201207,경기,고양시,41285,시(구 합산),3253
201207,경기,고양시,41287,시(구 합산),3253
201207,경기,과천시,41290,시군구,0
201207,경기,구리시,41310,시군구,83
201207,경기,남양주시,41360,시군구,1008
201207,경기,오산시,41370,시군구,154
201207,경기,시흥시,41390,시군구,540
201207,경기,군포시,41410,시군구,116
201207,경기,의왕시,41430,시군구,502
201207,경기,하남시,41450,시군구,246
201207,경기,용인시,41461,시(구 합산),5643
201207,경기,용인시,41463,시(구 합산),5643
201207,경기,용인시,41465,시(구 합산),5643
201207,경기,파주시,41480,시군구,2349
201207,경기,이천시,41500,시군구,461
201207,경기,안성시,41550,시군구,61
201207,경기,김포시,41570,시군구,3327
201207,경기,양주시,41630,시군구,260
201207,경기,여주시,41670,시군구,0
201207,경기,화성시,41591,시(구 합산),774
201207,경기,화성시,41593,시(구 합산),774
201207,경기,화성시,41595,시(구 합산),774
201207,경기,화성시,41597,시(구 합산),774
201207,경기,화성시,41590,시(구 합산),774
201207,경기,광주시,41610,시군구,91
201207,경기,연천군,41800,시군구,0
201207,경기,포천시,41650,시군구,0
201207,경기,가평군,41820,시군구,179
201207,경기,양평군,41830,시군구,96
201207,강원,계,,시도,3244
201207,충북,계,,시도,700
201207,충남,계,,시도,6035
201207,세종,계,,시도,50
201207,전북,계,,시도,341
201207,전남,계,,시도,1766
201207,경북,계,,시도,3503
201207,경남,계,,시도,5025
201207,제주,계,,시도,284
201208,서울,계,,시도,3847
201208,서울,종로구,11110,시군구,40
201208,서울,중구,11140,시군구,65
201208,서울,용산구,11170,시군구,83
201208,서울,성동구,11200,시군구,508
201208,서울,광진구,11215,시군구,19
201208,서울,동대문구,11230,시군구,28
201208,서울,중랑구,11260,시군구,76
201208,서울,성북구,11290,시군구,204
201208,서울,강북구,11305,시군구,68
201208,서울,도봉구,11320,시군구,0
201208,서울,노원구,11350,시군구,9
201208,서울,은평구,11380,시군구,276
201208,서울,서대문구,11410,시군구,108
201208,서울,마포구,11440,시군구,726
201208,서울,양천구,11470,시군구,48
201208,서울,강서구,11500,시군구,61
201208,서울,구로구,11530,시군구,579
201208,서울,금천구,11545,시군구,0
201208,서울,영등포구,11560,시군구,292
201208,서울,동작구,11590,시군구,235
201208,서울,관악구,11620,시군구,0
201208,서울,서초구,11650,시군구,99
201208,서울,강남구,11680,시군구,7
201208,서울,송파구,11710,시군구,52
201208,서울,강동구,11740,시군구,264
201208,부산,계,,시도,5484
201208,대구,계,,시도,5202
201208,인천,계,,시도,4212
201208,인천,중구,28110,시군구,986
201208,인천,동구,28140,시군구,0
201208,인천,미추홀구,28177,시군구,497
201208,인천,연수구,28185,시군구,1486
201208,인천,남동구,28200,시군구,209
201208,인천,부평구,28237,시군구,34
201208,인천,계양구,28245,시군구,284
201208,인천,서구,28260,시군구,678
201208,인천,강화군,28710,시군구,38
201208,인천,옹진군,28720,시군구,0
201208,광주,계,,시도,3051
201208,대전,계,,시도,1501
201208,울산,계,,시도,2975
201208,경기,계,,시도,21938
201208,경기,수원시,41111,시(구 합산),1123
201208,경기,수원시,41113,시(구 합산),1123
201208,경기,수원시,41115,시(구 합산),1123
201208,경기,수원시,41117,시(구 합산),1123
201208,경기,성남시,41131,시(구 합산),59
201208,경기,성남시,41133,시(구 합산),59
201208,경기,성남시,41135,시(구 합산),59
201208,경기,의정부시,41150,시군구,0
201208,경기,안양시,41171,시(구 합산),9
201208,경기,안양시,41173,시(구 합산),9
201208,경기,부천시,41192,시(구 합산),659
201208,경기,부천시,41194,시(구 합산),659
201208,경기,부천시,41196,시(구 합산),659
201208,경기,부천시,41190,시(구 합산),659
201208,경기,광명시,41210,시군구,12
201208,경기,평택시,41220,시군구,792
201208,경기,동두천시,41250,시군구,0
201208,경기,안산시,41271,시(구 합산),86
201208,경기,안산시,41273,시(구 합산),86
201208,경기,고양시,41281,시(구 합산),3253
201208,경기,고양시,41285,시(구 합산),3253
201208,경기,고양시,41287,시(구 합산),3253
201208,경기,과천시,41290,시군구,0
201208,경기,구리시,41310,시군구,83
201208,경기,남양주시,41360,시군구,1008
201208,경기,오산시,41370,시군구,154
201208,경기,시흥시,41390,시군구,492
201208,경기,군포시,41410,시군구,115
201208,경기,의왕시,41430,시군구,502
201208,경기,하남시,41450,시군구,245
201208,경기,용인시,41461,시(구 합산),5628
201208,경기,용인시,41463,시(구 합산),5628
201208,경기,용인시,41465,시(구 합산),5628
201208,경기,파주시,41480,시군구,2339
201208,경기,이천시,41500,시군구,441
201208,경기,안성시,41550,시군구,61
201208,경기,김포시,41570,시군구,3327
201208,경기,양주시,41630,시군구,240
201208,경기,여주시,41670,시군구,0
201208,경기,화성시,41591,시(구 합산),774
201208,경기,화성시,41593,시(구 합산),774
201208,경기,화성시,41595,시(구 합산),774
201208,경기,화성시,41597,시(구 합산),774
201208,경기,화성시,41590,시(구 합산),774
201208,경기,광주시,41610,시군구,91
201208,경기,연천군,41800,시군구,0
201208,경기,포천시,41650,시군구,0
201208,경기,가평군,41820,시군구,349
201208,경기,양평군,41830,시군구,96
201208,강원,계,,시도,3184
201208,충북,계,,시도,631
201208,충남,계,,시도,5965
201208,세종,계,,시도,42
201208,전북,계,,시도,332
201208,전남,계,,시도,1875
201208,경북,계,,시도,3277
201208,경남,계,,시도,5730
201208,제주,계,,시도,265
201209,서울,계,,시도,3754
201209,서울,종로구,11110,시군구,40
201209,서울,중구,11140,시군구,64
201209,서울,용산구,11170,시군구,83
201209,서울,성동구,11200,시군구,502
201209,서울,광진구,11215,시군구,19
201209,서울,동대문구,11230,시군구,26
201209,서울,중랑구,11260,시군구,76
201209,서울,성북구,11290,시군구,204
201209,서울,강북구,11305,시군구,68
201209,서울,도봉구,11320,시군구,0
201209,서울,노원구,11350,시군구,9
201209,서울,은평구,11380,시군구,261
201209,서울,서대문구,11410,시군구,12
201209,서울,마포구,11440,시군구,726
201209,서울,양천구,11470,시군구,38
201209,서울,강서구,11500,시군구,61
201209,서울,구로구,11530,시군구,578
201209,서울,금천구,11545,시군구,0
201209,서울,영등포구,11560,시군구,292
201209,서울,동작구,11590,시군구,232
201209,서울,관악구,11620,시군구,0
201209,서울,서초구,11650,시군구,99
201209,서울,강남구,11680,시군구,7
201209,서울,송파구,11710,시군구,52
201209,서울,강동구,11740,시군구,305
201209,부산,계,,시도,5393
201209,대구,계,,시도,4993
201209,인천,계,,시도,4420
201209,인천,중구,28110,시군구,986
201209,인천,동구,28140,시군구,0
201209,인천,미추홀구,28177,시군구,497
201209,인천,연수구,28185,시군구,1448
201209,인천,남동구,28200,시군구,355
201209,인천,부평구,28237,시군구,144
201209,인천,계양구,28245,시군구,283
201209,인천,서구,28260,시군구,669
201209,인천,강화군,28710,시군구,38
201209,인천,옹진군,28720,시군구,0
201209,광주,계,,시도,3017
201209,대전,계,,시도,1561
201209,울산,계,,시도,3018
201209,경기,계,,시도,21864
201209,경기,수원시,41111,시(구 합산),1123
201209,경기,수원시,41113,시(구 합산),1123
201209,경기,수원시,41115,시(구 합산),1123
201209,경기,수원시,41117,시(구 합산),1123
201209,경기,성남시,41131,시(구 합산),59
201209,경기,성남시,41133,시(구 합산),59
201209,경기,성남시,41135,시(구 합산),59
201209,경기,의정부시,41150,시군구,0
201209,경기,안양시,41171,시(구 합산),9
201209,경기,안양시,41173,시(구 합산),9
201209,경기,부천시,41192,시(구 합산),655
201209,경기,부천시,41194,시(구 합산),655
201209,경기,부천시,41196,시(구 합산),655
201209,경기,부천시,41190,시(구 합산),655
201209,경기,광명시,41210,시군구,3
201209,경기,평택시,41220,시군구,721
201209,경기,동두천시,41250,시군구,0
201209,경기,안산시,41271,시(구 합산),86
201209,경기,안산시,41273,시(구 합산),86
201209,경기,고양시,41281,시(구 합산),3253
201209,경기,고양시,41285,시(구 합산),3253
201209,경기,고양시,41287,시(구 합산),3253
201209,경기,과천시,41290,시군구,0
201209,경기,구리시,41310,시군구,83
201209,경기,남양주시,41360,시군구,1001
201209,경기,오산시,41370,시군구,154
201209,경기,시흥시,41390,시군구,482
201209,경기,군포시,41410,시군구,245
201209,경기,의왕시,41430,시군구,502
201209,경기,하남시,41450,시군구,245
201209,경기,용인시,41461,시(구 합산),5552
201209,경기,용인시,41463,시(구 합산),5552
201209,경기,용인시,41465,시(구 합산),5552
201209,경기,파주시,41480,시군구,2339
201209,경기,이천시,41500,시군구,438
201209,경기,안성시,41550,시군구,61
201209,경기,김포시,41570,시군구,3327
201209,경기,양주시,41630,시군구,240
201209,경기,여주시,41670,시군구,0
201209,경기,화성시,41591,시(구 합산),763
201209,경기,화성시,41593,시(구 합산),763
201209,경기,화성시,41595,시(구 합산),763
201209,경기,화성시,41597,시(구 합산),763
201209,경기,화성시,41590,시(구 합산),763
201209,경기,광주시,41610,시군구,91
201209,경기,연천군,41800,시군구,0
201209,경기,포천시,41650,시군구,0
201209,경기,가평군,41820,시군구,336
201209,경기,양평군,41830,시군구,96
201209,강원,계,,시도,3616
201209,충북,계,,시도,653
201209,충남,계,,시도,6187
201209,세종,계,,시도,21
201209,전북,계,,시도,537
201209,전남,계,,시도,1548
201209,경북,계,,시도,2640
201209,경남,계,,시도,7348
201209,제주,계,,시도,982
201210,서울,계,,시도,3700
201210,서울,종로구,11110,시군구,35
201210,서울,중구,11140,시군구,60
201210,서울,용산구,11170,시군구,83
201210,서울,성동구,11200,시군구,420
201210,서울,광진구,11215,시군구,19
201210,서울,동대문구,11230,시군구,26
201210,서울,중랑구,11260,시군구,76
201210,서울,성북구,11290,시군구,204
201210,서울,강북구,11305,시군구,65
201210,서울,도봉구,11320,시군구,0
201210,서울,노원구,11350,시군구,9
201210,서울,은평구,11380,시군구,277
201210,서울,서대문구,11410,시군구,100
201210,서울,마포구,11440,시군구,726
201210,서울,양천구,11470,시군구,38
201210,서울,강서구,11500,시군구,60
201210,서울,구로구,11530,시군구,556
201210,서울,금천구,11545,시군구,0
201210,서울,영등포구,11560,시군구,189
201210,서울,동작구,11590,시군구,275
201210,서울,관악구,11620,시군구,0
201210,서울,서초구,11650,시군구,93
201210,서울,강남구,11680,시군구,7
201210,서울,송파구,11710,시군구,93
201210,서울,강동구,11740,시군구,289
201210,부산,계,,시도,5261
201210,대구,계,,시도,4678
201210,인천,계,,시도,4181
201210,인천,중구,28110,시군구,1118
201210,인천,동구,28140,시군구,0
201210,인천,미추홀구,28177,시군구,466
201210,인천,연수구,28185,시군구,1160
201210,인천,남동구,28200,시군구,329
201210,인천,부평구,28237,시군구,117
201210,인천,계양구,28245,시군구,269
201210,인천,서구,28260,시군구,684
201210,인천,강화군,28710,시군구,38
201210,인천,옹진군,28720,시군구,0
201210,광주,계,,시도,2792
201210,대전,계,,시도,1377
201210,울산,계,,시도,3071
201210,경기,계,,시도,24567
201210,경기,수원시,41111,시(구 합산),1123
201210,경기,수원시,41113,시(구 합산),1123
201210,경기,수원시,41115,시(구 합산),1123
201210,경기,수원시,41117,시(구 합산),1123
201210,경기,성남시,41131,시(구 합산),59
201210,경기,성남시,41133,시(구 합산),59
201210,경기,성남시,41135,시(구 합산),59
201210,경기,의정부시,41150,시군구,0
201210,경기,안양시,41171,시(구 합산),9
201210,경기,안양시,41173,시(구 합산),9
201210,경기,부천시,41192,시(구 합산),651
201210,경기,부천시,41194,시(구 합산),651
201210,경기,부천시,41196,시(구 합산),651
201210,경기,부천시,41190,시(구 합산),651
201210,경기,광명시,41210,시군구,3
201210,경기,평택시,41220,시군구,725
201210,경기,동두천시,41250,시군구,0
201210,경기,안산시,41271,시(구 합산),78
201210,경기,안산시,41273,시(구 합산),78
201210,경기,고양시,41281,시(구 합산),3253
201210,경기,고양시,41285,시(구 합산),3253
201210,경기,고양시,41287,시(구 합산),3253
201210,경기,과천시,41290,시군구,0
201210,경기,구리시,41310,시군구,78
201210,경기,남양주시,41360,시군구,1153
201210,경기,오산시,41370,시군구,154
201210,경기,시흥시,41390,시군구,482
201210,경기,군포시,41410,시군구,203
201210,경기,의왕시,41430,시군구,502
201210,경기,하남시,41450,시군구,245
201210,경기,용인시,41461,시(구 합산),6054
201210,경기,용인시,41463,시(구 합산),6054
201210,경기,용인시,41465,시(구 합산),6054
201210,경기,파주시,41480,시군구,2339
201210,경기,이천시,41500,시군구,415
201210,경기,안성시,41550,시군구,49
201210,경기,김포시,41570,시군구,3797
201210,경기,양주시,41630,시군구,239
201210,경기,여주시,41670,시군구,0
201210,경기,화성시,41591,시(구 합산),2299
201210,경기,화성시,41593,시(구 합산),2299
201210,경기,화성시,41595,시(구 합산),2299
201210,경기,화성시,41597,시(구 합산),2299
201210,경기,화성시,41590,시(구 합산),2299
201210,경기,광주시,41610,시군구,268
201210,경기,연천군,41800,시군구,0
201210,경기,포천시,41650,시군구,0
201210,경기,가평군,41820,시군구,328
201210,경기,양평군,41830,시군구,61
201210,강원,계,,시도,3769
201210,충북,계,,시도,628
201210,충남,계,,시도,4148
201210,세종,계,,시도,3
201210,전북,계,,시도,481
201210,전남,계,,시도,1850
201210,경북,계,,시도,3149
201210,경남,계,,시도,8243
201210,제주,계,,시도,841
201211,서울,계,,시도,3594
201211,서울,종로구,11110,시군구,31
201211,서울,중구,11140,시군구,53
201211,서울,용산구,11170,시군구,83
201211,서울,성동구,11200,시군구,342
201211,서울,광진구,11215,시군구,19
201211,서울,동대문구,11230,시군구,26
201211,서울,중랑구,11260,시군구,75
201211,서울,성북구,11290,시군구,195
201211,서울,강북구,11305,시군구,64
201211,서울,도봉구,11320,시군구,0
201211,서울,노원구,11350,시군구,7
201211,서울,은평구,11380,시군구,257
201211,서울,서대문구,11410,시군구,88
201211,서울,마포구,11440,시군구,695
201211,서울,양천구,11470,시군구,87
201211,서울,강서구,11500,시군구,60
201211,서울,구로구,11530,시군구,514
201211,서울,금천구,11545,시군구,0
201211,서울,영등포구,11560,시군구,256
201211,서울,동작구,11590,시군구,256
201211,서울,관악구,11620,시군구,0
201211,서울,서초구,11650,시군구,84
201211,서울,강남구,11680,시군구,7
201211,서울,송파구,11710,시군구,76
201211,서울,강동구,11740,시군구,319
201211,부산,계,,시도,5199
201211,대구,계,,시도,3707
201211,인천,계,,시도,4059
201211,인천,중구,28110,시군구,1115
201211,인천,동구,28140,시군구,0
201211,인천,미추홀구,28177,시군구,663
201211,인천,연수구,28185,시군구,888
201211,인천,남동구,28200,시군구,321
201211,인천,부평구,28237,시군구,80
201211,인천,계양구,28245,시군구,266
201211,인천,서구,28260,시군구,688
201211,인천,강화군,28710,시군구,38
201211,인천,옹진군,28720,시군구,0
201211,광주,계,,시도,3608
201211,대전,계,,시도,1484
201211,울산,계,,시도,3474
201211,경기,계,,시도,26732
201211,경기,수원시,41111,시(구 합산),1122
201211,경기,수원시,41113,시(구 합산),1122
201211,경기,수원시,41115,시(구 합산),1122
201211,경기,수원시,41117,시(구 합산),1122
201211,경기,성남시,41131,시(구 합산),145
201211,경기,성남시,41133,시(구 합산),145
201211,경기,성남시,41135,시(구 합산),145
201211,경기,의정부시,41150,시군구,0
201211,경기,안양시,41171,시(구 합산),10
201211,경기,안양시,41173,시(구 합산),10
201211,경기,부천시,41192,시(구 합산),889
201211,경기,부천시,41194,시(구 합산),889
201211,경기,부천시,41196,시(구 합산),889
201211,경기,부천시,41190,시(구 합산),889
201211,경기,광명시,41210,시군구,3
201211,경기,평택시,41220,시군구,673
201211,경기,동두천시,41250,시군구,0
201211,경기,안산시,41271,시(구 합산),141
201211,경기,안산시,41273,시(구 합산),141
201211,경기,고양시,41281,시(구 합산),2983
201211,경기,고양시,41285,시(구 합산),2983
201211,경기,고양시,41287,시(구 합산),2983
201211,경기,과천시,41290,시군구,0
201211,경기,구리시,41310,시군구,77
201211,경기,남양주시,41360,시군구,1892
201211,경기,오산시,41370,시군구,167
201211,경기,시흥시,41390,시군구,516
201211,경기,군포시,41410,시군구,179
201211,경기,의왕시,41430,시군구,502
201211,경기,하남시,41450,시군구,240
201211,경기,용인시,41461,시(구 합산),7296
201211,경기,용인시,41463,시(구 합산),7296
201211,경기,용인시,41465,시(구 합산),7296
201211,경기,파주시,41480,시군구,2535
201211,경기,이천시,41500,시군구,613
201211,경기,안성시,41550,시군구,37
201211,경기,김포시,41570,시군구,3823
201211,경기,양주시,41630,시군구,239
201211,경기,여주시,41670,시군구,0
201211,경기,화성시,41591,시(구 합산),2029
201211,경기,화성시,41593,시(구 합산),2029
201211,경기,화성시,41595,시(구 합산),2029
201211,경기,화성시,41597,시(구 합산),2029
201211,경기,화성시,41590,시(구 합산),2029
201211,경기,광주시,41610,시군구,264
201211,경기,연천군,41800,시군구,0
201211,경기,포천시,41650,시군구,0
201211,경기,가평군,41820,시군구,296
201211,경기,양평군,41830,시군구,61
201211,강원,계,,시도,4367
201211,충북,계,,시도,703
201211,충남,계,,시도,3608
201211,세종,계,,시도,0
201211,전북,계,,시도,401
201211,전남,계,,시도,1740
201211,경북,계,,시도,2728
201211,경남,계,,시도,9941
201211,제주,계,,시도,974
201212,서울,계,,시도,3481
201212,서울,종로구,11110,시군구,28
201212,서울,중구,11140,시군구,51
201212,서울,용산구,11170,시군구,83
201212,서울,성동구,11200,시군구,285
201212,서울,광진구,11215,시군구,19
201212,서울,동대문구,11230,시군구,26
201212,서울,중랑구,11260,시군구,69
201212,서울,성북구,11290,시군구,292
201212,서울,강북구,11305,시군구,64
201212,서울,도봉구,11320,시군구,0
201212,서울,노원구,11350,시군구,7
201212,서울,은평구,11380,시군구,222
201212,서울,서대문구,11410,시군구,88
201212,서울,마포구,11440,시군구,666
201212,서울,양천구,11470,시군구,86
201212,서울,강서구,11500,시군구,57
201212,서울,구로구,11530,시군구,481
201212,서울,금천구,11545,시군구,0
201212,서울,영등포구,11560,시군구,256
201212,서울,동작구,11590,시군구,231
201212,서울,관악구,11620,시군구,0
201212,서울,서초구,11650,시군구,80
201212,서울,강남구,11680,시군구,7
201212,서울,송파구,11710,시군구,60
201212,서울,강동구,11740,시군구,323
201212,부산,계,,시도,5784
201212,대구,계,,시도,3288
201212,인천,계,,시도,4026
201212,인천,중구,28110,시군구,1119
201212,인천,동구,28140,시군구,0
201212,인천,미추홀구,28177,시군구,738
201212,인천,연수구,28185,시군구,818
201212,인천,남동구,28200,시군구,304
201212,인천,부평구,28237,시군구,64
201212,인천,계양구,28245,시군구,241
201212,인천,서구,28260,시군구,704
201212,인천,강화군,28710,시군구,38
201212,인천,옹진군,28720,시군구,0
201212,광주,계,,시도,3348
201212,대전,계,,시도,1441
201212,울산,계,,시도,3659
201212,경기,계,,시도,25040
201212,경기,수원시,41111,시(구 합산),1091
201212,경기,수원시,41113,시(구 합산),1091
201212,경기,수원시,41115,시(구 합산),1091
201212,경기,수원시,41117,시(구 합산),1091
201212,경기,성남시,41131,시(구 합산),145
201212,경기,성남시,41133,시(구 합산),145
201212,경기,성남시,41135,시(구 합산),145
201212,경기,의정부시,41150,시군구,0
201212,경기,안양시,41171,시(구 합산),10
201212,경기,안양시,41173,시(구 합산),10
201212,경기,부천시,41192,시(구 합산),871
201212,경기,부천시,41194,시(구 합산),871
201212,경기,부천시,41196,시(구 합산),871
201212,경기,부천시,41190,시(구 합산),871
201212,경기,광명시,41210,시군구,3
201212,경기,평택시,41220,시군구,598
201212,경기,동두천시,41250,시군구,0
201212,경기,안산시,41271,시(구 합산),132
201212,경기,안산시,41273,시(구 합산),132
201212,경기,고양시,41281,시(구 합산),2964
201212,경기,고양시,41285,시(구 합산),2964
201212,경기,고양시,41287,시(구 합산),2964
201212,경기,과천시,41290,시군구,0
201212,경기,구리시,41310,시군구,178
201212,경기,남양주시,41360,시군구,1571
201212,경기,오산시,41370,시군구,167
201212,경기,시흥시,41390,시군구,516
201212,경기,군포시,41410,시군구,161
201212,경기,의왕시,41430,시군구,502
201212,경기,하남시,41450,시군구,134
201212,경기,용인시,41461,시(구 합산),6676
201212,경기,용인시,41463,시(구 합산),6676
201212,경기,용인시,41465,시(구 합산),6676
201212,경기,파주시,41480,시군구,2535
201212,경기,이천시,41500,시군구,518
201212,경기,안성시,41550,시군구,8
201212,경기,김포시,41570,시군구,3584
201212,경기,양주시,41630,시군구,239
201212,경기,여주시,41670,시군구,0
201212,경기,화성시,41591,시(구 합산),1819
201212,경기,화성시,41593,시(구 합산),1819
201212,경기,화성시,41595,시(구 합산),1819
201212,경기,화성시,41597,시(구 합산),1819
201212,경기,화성시,41590,시(구 합산),1819
201212,경기,광주시,41610,시군구,264
201212,경기,연천군,41800,시군구,0
201212,경기,포천시,41650,시군구,0
201212,경기,가평군,41820,시군구,293
201212,경기,양평군,41830,시군구,61
201212,강원,계,,시도,4421
201212,충북,계,,시도,585
201212,충남,계,,시도,2942
201212,세종,계,,시도,0
201212,전북,계,,시도,629
201212,전남,계,,시도,2478
201212,경북,계,,시도,3201
201212,경남,계,,시도,9558
201212,제주,계,,시도,954
201301,서울,계,,시도,3415
201301,서울,종로구,11110,시군구,27
201301,서울,중구,11140,시군구,51
201301,서울,용산구,11170,시군구,83
201301,서울,성동구,11200,시군구,265
201301,서울,광진구,11215,시군구,26
201301,서울,동대문구,11230,시군구,26
201301,서울,중랑구,11260,시군구,69
201301,서울,성북구,11290,시군구,292
201301,서울,강북구,11305,시군구,63
201301,서울,도봉구,11320,시군구,0
201301,서울,노원구,11350,시군구,7
201301,서울,은평구,11380,시군구,195
201301,서울,서대문구,11410,시군구,88
201301,서울,마포구,11440,시군구,666
201301,서울,양천구,11470,시군구,85
201301,서울,강서구,11500,시군구,57
201301,서울,구로구,11530,시군구,477
201301,서울,금천구,11545,시군구,0
201301,서울,영등포구,11560,시군구,256
201301,서울,동작구,11590,시군구,214
201301,서울,관악구,11620,시군구,0
201301,서울,서초구,11650,시군구,80
201301,서울,강남구,11680,시군구,7
201301,서울,송파구,11710,시군구,60
201301,서울,강동구,11740,시군구,321
201301,부산,계,,시도,6985
201301,대구,계,,시도,2898
201301,인천,계,,시도,4637
201301,인천,중구,28110,시군구,1122
201301,인천,동구,28140,시군구,0
201301,인천,미추홀구,28177,시군구,724
201301,인천,연수구,28185,시군구,1501
201301,인천,남동구,28200,시군구,293
201301,인천,부평구,28237,시군구,56
201301,인천,계양구,28245,시군구,241
201301,인천,서구,28260,시군구,649
201301,인천,강화군,28710,시군구,51
201301,인천,옹진군,28720,시군구,0
201301,광주,계,,시도,3369
201301,대전,계,,시도,1404
201301,울산,계,,시도,3245
201301,경기,계,,시도,25732
201301,경기,수원시,41111,시(구 합산),1091
201301,경기,수원시,41113,시(구 합산),1091
201301,경기,수원시,41115,시(구 합산),1091
201301,경기,수원시,41117,시(구 합산),1091
201301,경기,성남시,41131,시(구 합산),145
201301,경기,성남시,41133,시(구 합산),145
201301,경기,성남시,41135,시(구 합산),145
201301,경기,의정부시,41150,시군구,0
201301,경기,안양시,41171,시(구 합산),10
201301,경기,안양시,41173,시(구 합산),10
201301,경기,부천시,41192,시(구 합산),871
201301,경기,부천시,41194,시(구 합산),871
201301,경기,부천시,41196,시(구 합산),871
201301,경기,부천시,41190,시(구 합산),871
201301,경기,광명시,41210,시군구,3
201301,경기,평택시,41220,시군구,555
201301,경기,동두천시,41250,시군구,0
201301,경기,안산시,41271,시(구 합산),130
201301,경기,안산시,41273,시(구 합산),130
201301,경기,고양시,41281,시(구 합산),2925
201301,경기,고양시,41285,시(구 합산),2925
201301,경기,고양시,41287,시(구 합산),2925
201301,경기,과천시,41290,시군구,0
201301,경기,구리시,41310,시군구,105
201301,경기,남양주시,41360,시군구,1544
201301,경기,오산시,41370,시군구,159
201301,경기,시흥시,41390,시군구,516
201301,경기,군포시,41410,시군구,140
201301,경기,의왕시,41430,시군구,502
201301,경기,하남시,41450,시군구,133
201301,경기,용인시,41461,시(구 합산),6556
201301,경기,용인시,41463,시(구 합산),6556
201301,경기,용인시,41465,시(구 합산),6556
201301,경기,파주시,41480,시군구,2489
201301,경기,이천시,41500,시군구,460
201301,경기,안성시,41550,시군구,8
201301,경기,김포시,41570,시군구,3459
201301,경기,양주시,41630,시군구,239
201301,경기,여주시,41670,시군구,0
201301,경기,화성시,41591,시(구 합산),3094
201301,경기,화성시,41593,시(구 합산),3094
201301,경기,화성시,41595,시(구 합산),3094
201301,경기,화성시,41597,시(구 합산),3094
201301,경기,화성시,41590,시(구 합산),3094
201301,경기,광주시,41610,시군구,248
201301,경기,연천군,41800,시군구,0
201301,경기,포천시,41650,시군구,0
201301,경기,가평군,41820,시군구,289
201301,경기,양평군,41830,시군구,61
201301,강원,계,,시도,4159
201301,충북,계,,시도,504
201301,충남,계,,시도,2691
201301,세종,계,,시도,0
201301,전북,계,,시도,443
201301,전남,계,,시도,2348
201301,경북,계,,시도,3096
201301,경남,계,,시도,9203
201301,제주,계,,시도,1051
201302,서울,계,,시도,3308
201302,서울,종로구,11110,시군구,25
201302,서울,중구,11140,시군구,57
201302,서울,용산구,11170,시군구,83
201302,서울,성동구,11200,시군구,243
201302,서울,광진구,11215,시군구,26
201302,서울,동대문구,11230,시군구,26
201302,서울,중랑구,11260,시군구,69
201302,서울,성북구,11290,시군구,269
201302,서울,강북구,11305,시군구,63
201302,서울,도봉구,11320,시군구,0
201302,서울,노원구,11350,시군구,7
201302,서울,은평구,11380,시군구,178
201302,서울,서대문구,11410,시군구,88
201302,서울,마포구,11440,시군구,666
201302,서울,양천구,11470,시군구,85
201302,서울,강서구,11500,시군구,57
201302,서울,구로구,11530,시군구,454
201302,서울,금천구,11545,시군구,0
201302,서울,영등포구,11560,시군구,255
201302,서울,동작구,11590,시군구,194
201302,서울,관악구,11620,시군구,0
201302,서울,서초구,11650,시군구,79
201302,서울,강남구,11680,시군구,7
201302,서울,송파구,11710,시군구,52
201302,서울,강동구,11740,시군구,325
201302,부산,계,,시도,6568
201302,대구,계,,시도,2622
201302,인천,계,,시도,4478
201302,인천,중구,28110,시군구,1123
201302,인천,동구,28140,시군구,0
201302,인천,미추홀구,28177,시군구,712
201302,인천,연수구,28185,시군구,1378
201302,인천,남동구,28200,시군구,272
201302,인천,부평구,28237,시군구,56
201302,인천,계양구,28245,시군구,240
201302,인천,서구,28260,시군구,646
201302,인천,강화군,28710,시군구,51
201302,인천,옹진군,28720,시군구,0
201302,광주,계,,시도,3235
201302,대전,계,,시도,1300
201302,울산,계,,시도,3035
201302,경기,계,,시도,25888
201302,경기,수원시,41111,시(구 합산),1091
201302,경기,수원시,41113,시(구 합산),1091
201302,경기,수원시,41115,시(구 합산),1091
201302,경기,수원시,41117,시(구 합산),1091
201302,경기,성남시,41131,시(구 합산),138
201302,경기,성남시,41133,시(구 합산),138
201302,경기,성남시,41135,시(구 합산),138
201302,경기,의정부시,41150,시군구,0
201302,경기,안양시,41171,시(구 합산),10
201302,경기,안양시,41173,시(구 합산),10
201302,경기,부천시,41192,시(구 합산),864
201302,경기,부천시,41194,시(구 합산),864
201302,경기,부천시,41196,시(구 합산),864
201302,경기,부천시,41190,시(구 합산),864
201302,경기,광명시,41210,시군구,3
201302,경기,평택시,41220,시군구,524
201302,경기,동두천시,41250,시군구,0
201302,경기,안산시,41271,시(구 합산),130
201302,경기,안산시,41273,시(구 합산),130
201302,경기,고양시,41281,시(구 합산),2925
201302,경기,고양시,41285,시(구 합산),2925
201302,경기,고양시,41287,시(구 합산),2925
201302,경기,과천시,41290,시군구,0
201302,경기,구리시,41310,시군구,100
201302,경기,남양주시,41360,시군구,1512
201302,경기,오산시,41370,시군구,159
201302,경기,시흥시,41390,시군구,1405
201302,경기,군포시,41410,시군구,116
201302,경기,의왕시,41430,시군구,502
201302,경기,하남시,41450,시군구,133
201302,경기,용인시,41461,시(구 합산),6442
201302,경기,용인시,41463,시(구 합산),6442
201302,경기,용인시,41465,시(구 합산),6442
201302,경기,파주시,41480,시군구,2483
201302,경기,이천시,41500,시군구,452
201302,경기,안성시,41550,시군구,8
201302,경기,김포시,41570,시군구,3188
201302,경기,양주시,41630,시군구,239
201302,경기,여주시,41670,시군구,0
201302,경기,화성시,41591,시(구 합산),2873
201302,경기,화성시,41593,시(구 합산),2873
201302,경기,화성시,41595,시(구 합산),2873
201302,경기,화성시,41597,시(구 합산),2873
201302,경기,화성시,41590,시(구 합산),2873
201302,경기,광주시,41610,시군구,241
201302,경기,연천군,41800,시군구,0
201302,경기,포천시,41650,시군구,0
201302,경기,가평군,41820,시군구,289
201302,경기,양평군,41830,시군구,61
201302,강원,계,,시도,4220
201302,충북,계,,시도,455
201302,충남,계,,시도,2563
201302,세종,계,,시도,102
201302,전북,계,,시도,868
201302,전남,계,,시도,2069
201302,경북,계,,시도,2647
201302,경남,계,,시도,8965
201302,제주,계,,시도,1063
201303,서울,계,,시도,3168
201303,서울,종로구,11110,시군구,24
201303,서울,중구,11140,시군구,57
201303,서울,용산구,11170,시군구,83
201303,서울,성동구,11200,시군구,192
201303,서울,광진구,11215,시군구,20
201303,서울,동대문구,11230,시군구,26
201303,서울,중랑구,11260,시군구,55
201303,서울,성북구,11290,시군구,268
201303,서울,강북구,11305,시군구,63
201303,서울,도봉구,11320,시군구,0
201303,서울,노원구,11350,시군구,7
201303,서울,은평구,11380,시군구,153
201303,서울,서대문구,11410,시군구,88
201303,서울,마포구,11440,시군구,666
201303,서울,양천구,11470,시군구,84
201303,서울,강서구,11500,시군구,57
201303,서울,구로구,11530,시군구,442
201303,서울,금천구,11545,시군구,0
201303,서울,영등포구,11560,시군구,255
201303,서울,동작구,11590,시군구,172
201303,서울,관악구,11620,시군구,0
201303,서울,서초구,11650,시군구,77
201303,서울,강남구,11680,시군구,0
201303,서울,송파구,11710,시군구,51
201303,서울,강동구,11740,시군구,328
201303,부산,계,,시도,6896
201303,대구,계,,시도,2347
201303,인천,계,,시도,5080
201303,인천,중구,28110,시군구,1198
201303,인천,동구,28140,시군구,0
201303,인천,미추홀구,28177,시군구,663
201303,인천,연수구,28185,시군구,1888
201303,인천,남동구,28200,시군구,248
201303,인천,부평구,28237,시군구,37
201303,인천,계양구,28245,시군구,240
201303,인천,서구,28260,시군구,755
201303,인천,강화군,28710,시군구,51
201303,인천,옹진군,28720,시군구,0
201303,광주,계,,시도,1612
201303,대전,계,,시도,1303
201303,울산,계,,시도,2792
201303,경기,계,,시도,24511
201303,경기,수원시,41111,시(구 합산),1091
201303,경기,수원시,41113,시(구 합산),1091
201303,경기,수원시,41115,시(구 합산),1091
201303,경기,수원시,41117,시(구 합산),1091
201303,경기,성남시,41131,시(구 합산),138
201303,경기,성남시,41133,시(구 합산),138
201303,경기,성남시,41135,시(구 합산),138
201303,경기,의정부시,41150,시군구,0
201303,경기,안양시,41171,시(구 합산),10
201303,경기,안양시,41173,시(구 합산),10
201303,경기,부천시,41192,시(구 합산),858
201303,경기,부천시,41194,시(구 합산),858
201303,경기,부천시,41196,시(구 합산),858
201303,경기,부천시,41190,시(구 합산),858
201303,경기,광명시,41210,시군구,3
201303,경기,평택시,41220,시군구,491
201303,경기,동두천시,41250,시군구,0
201303,경기,안산시,41271,시(구 합산),108
201303,경기,안산시,41273,시(구 합산),108
201303,경기,고양시,41281,시(구 합산),2617
201303,경기,고양시,41285,시(구 합산),2617
201303,경기,고양시,41287,시(구 합산),2617
201303,경기,과천시,41290,시군구,0
201303,경기,구리시,41310,시군구,100
201303,경기,남양주시,41360,시군구,1475
201303,경기,오산시,41370,시군구,159
201303,경기,시흥시,41390,시군구,1183
201303,경기,군포시,41410,시군구,105
201303,경기,의왕시,41430,시군구,502
201303,경기,하남시,41450,시군구,133
201303,경기,용인시,41461,시(구 합산),6191
201303,경기,용인시,41463,시(구 합산),6191
201303,경기,용인시,41465,시(구 합산),6191
201303,경기,파주시,41480,시군구,2493
201303,경기,이천시,41500,시군구,422
201303,경기,안성시,41550,시군구,8
201303,경기,김포시,41570,시군구,3188
201303,경기,양주시,41630,시군구,229
201303,경기,여주시,41670,시군구,0
201303,경기,화성시,41591,시(구 합산),2424
201303,경기,화성시,41593,시(구 합산),2424
201303,경기,화성시,41595,시(구 합산),2424
201303,경기,화성시,41597,시(구 합산),2424
201303,경기,화성시,41590,시(구 합산),2424
201303,경기,광주시,41610,시군구,234
201303,경기,연천군,41800,시군구,0
201303,경기,포천시,41650,시군구,0
201303,경기,가평군,41820,시군구,288
201303,경기,양평군,41830,시군구,61
201303,강원,계,,시도,3846
201303,충북,계,,시도,902
201303,충남,계,,시도,2697
201303,세종,계,,시도,721
201303,전북,계,,시도,1041
201303,전남,계,,시도,1993
201303,경북,계,,시도,2375
201303,경남,계,,시도,8353
201303,제주,계,,시도,996
201304,서울,계,,시도,3035
201304,서울,종로구,11110,시군구,21
201304,서울,중구,11140,시군구,57
201304,서울,용산구,11170,시군구,83
201304,서울,성동구,11200,시군구,166
201304,서울,광진구,11215,시군구,20
201304,서울,동대문구,11230,시군구,3
201304,서울,중랑구,11260,시군구,55
201304,서울,성북구,11290,시군구,225
201304,서울,강북구,11305,시군구,63
201304,서울,도봉구,11320,시군구,0
201304,서울,노원구,11350,시군구,7
201304,서울,은평구,11380,시군구,130
201304,서울,서대문구,11410,시군구,88
201304,서울,마포구,11440,시군구,709
201304,서울,양천구,11470,시군구,84
201304,서울,강서구,11500,시군구,57
201304,서울,구로구,11530,시군구,422
201304,서울,금천구,11545,시군구,0
201304,서울,영등포구,11560,시군구,255
201304,서울,동작구,11590,시군구,160
201304,서울,관악구,11620,시군구,0
201304,서울,서초구,11650,시군구,75
201304,서울,강남구,11680,시군구,0
201304,서울,송파구,11710,시군구,51
201304,서울,강동구,11740,시군구,304
201304,부산,계,,시도,6131
201304,대구,계,,시도,2089
201304,인천,계,,시도,5068
201304,인천,중구,28110,시군구,1238
201304,인천,동구,28140,시군구,0
201304,인천,미추홀구,28177,시군구,636
201304,인천,연수구,28185,시군구,1683
201304,인천,남동구,28200,시군구,230
201304,인천,부평구,28237,시군구,37
201304,인천,계양구,28245,시군구,240
201304,인천,서구,28260,시군구,964
201304,인천,강화군,28710,시군구,40
201304,인천,옹진군,28720,시군구,0
201304,광주,계,,시도,1471
201304,대전,계,,시도,1399
201304,울산,계,,시도,2438
201304,경기,계,,시도,25164
201304,경기,수원시,41111,시(구 합산),1091
201304,경기,수원시,41113,시(구 합산),1091
201304,경기,수원시,41115,시(구 합산),1091
201304,경기,수원시,41117,시(구 합산),1091
201304,경기,성남시,41131,시(구 합산),138
201304,경기,성남시,41133,시(구 합산),138
201304,경기,성남시,41135,시(구 합산),138
201304,경기,의정부시,41150,시군구,0
201304,경기,안양시,41171,시(구 합산),10
201304,경기,안양시,41173,시(구 합산),10
201304,경기,부천시,41192,시(구 합산),847
201304,경기,부천시,41194,시(구 합산),847
201304,경기,부천시,41196,시(구 합산),847
201304,경기,부천시,41190,시(구 합산),847
201304,경기,광명시,41210,시군구,3
201304,경기,평택시,41220,시군구,457
201304,경기,동두천시,41250,시군구,0
201304,경기,안산시,41271,시(구 합산),100
201304,경기,안산시,41273,시(구 합산),100
201304,경기,고양시,41281,시(구 합산),2575
201304,경기,고양시,41285,시(구 합산),2575
201304,경기,고양시,41287,시(구 합산),2575
201304,경기,과천시,41290,시군구,0
201304,경기,구리시,41310,시군구,97
201304,경기,남양주시,41360,시군구,1425
201304,경기,오산시,41370,시군구,157
201304,경기,시흥시,41390,시군구,984
201304,경기,군포시,41410,시군구,105
201304,경기,의왕시,41430,시군구,502
201304,경기,하남시,41450,시군구,133
201304,경기,용인시,41461,시(구 합산),6191
201304,경기,용인시,41463,시(구 합산),6191
201304,경기,용인시,41465,시(구 합산),6191
201304,경기,파주시,41480,시군구,2493
201304,경기,이천시,41500,시군구,396
201304,경기,안성시,41550,시군구,8
201304,경기,김포시,41570,시군구,2577
201304,경기,양주시,41630,시군구,226
201304,경기,여주시,41670,시군구,0
201304,경기,화성시,41591,시(구 합산),4119
201304,경기,화성시,41593,시(구 합산),4119
201304,경기,화성시,41595,시(구 합산),4119
201304,경기,화성시,41597,시(구 합산),4119
201304,경기,화성시,41590,시(구 합산),4119
201304,경기,광주시,41610,시군구,203
201304,경기,연천군,41800,시군구,0
201304,경기,포천시,41650,시군구,0
201304,경기,가평군,41820,시군구,266
201304,경기,양평군,41830,시군구,61
201304,강원,계,,시도,4149
201304,충북,계,,시도,811
201304,충남,계,,시도,2555
201304,세종,계,,시도,424
201304,전북,계,,시도,1565
201304,전남,계,,시도,1946
201304,경북,계,,시도,2270
201304,경남,계,,시도,8703
201304,제주,계,,시도,983
201305,서울,계,,시도,2908
201305,서울,종로구,11110,시군구,19
201305,서울,중구,11140,시군구,57
201305,서울,용산구,11170,시군구,83
201305,서울,성동구,11200,시군구,142
201305,서울,광진구,11215,시군구,20
201305,서울,동대문구,11230,시군구,3
201305,서울,중랑구,11260,시군구,55
201305,서울,성북구,11290,시군구,225
201305,서울,강북구,11305,시군구,62
201305,서울,도봉구,11320,시군구,0
201305,서울,노원구,11350,시군구,7
201305,서울,은평구,11380,시군구,107
201305,서울,서대문구,11410,시군구,88
201305,서울,마포구,11440,시군구,709
201305,서울,양천구,11470,시군구,76
201305,서울,강서구,11500,시군구,56
201305,서울,구로구,11530,시군구,412
201305,서울,금천구,11545,시군구,0
201305,서울,영등포구,11560,시군구,255
201305,서울,동작구,11590,시군구,150
201305,서울,관악구,11620,시군구,0
201305,서울,서초구,11650,시군구,73
201305,서울,강남구,11680,시군구,0
201305,서울,송파구,11710,시군구,51
201305,서울,강동구,11740,시군구,258
201305,부산,계,,시도,5485
201305,대구,계,,시도,1939
201305,인천,계,,시도,4920
201305,인천,중구,28110,시군구,1239
201305,인천,동구,28140,시군구,0
201305,인천,미추홀구,28177,시군구,611
201305,인천,연수구,28185,시군구,1595
201305,인천,남동구,28200,시군구,217
201305,인천,부평구,28237,시군구,37
201305,인천,계양구,28245,시군구,238
201305,인천,서구,28260,시군구,944
201305,인천,강화군,28710,시군구,39
201305,인천,옹진군,28720,시군구,0
201305,광주,계,,시도,1350
201305,대전,계,,시도,1253
201305,울산,계,,시도,2210
201305,경기,계,,시도,24941
201305,경기,수원시,41111,시(구 합산),1089
201305,경기,수원시,41113,시(구 합산),1089
201305,경기,수원시,41115,시(구 합산),1089
201305,경기,수원시,41117,시(구 합산),1089
201305,경기,성남시,41131,시(구 합산),138
201305,경기,성남시,41133,시(구 합산),138
201305,경기,성남시,41135,시(구 합산),138
201305,경기,의정부시,41150,시군구,0
201305,경기,안양시,41171,시(구 합산),58
201305,경기,안양시,41173,시(구 합산),58
201305,경기,부천시,41192,시(구 합산),815
201305,경기,부천시,41194,시(구 합산),815
201305,경기,부천시,41196,시(구 합산),815
201305,경기,부천시,41190,시(구 합산),815
201305,경기,광명시,41210,시군구,3
201305,경기,평택시,41220,시군구,710
201305,경기,동두천시,41250,시군구,0
201305,경기,안산시,41271,시(구 합산),91
201305,경기,안산시,41273,시(구 합산),91
201305,경기,고양시,41281,시(구 합산),2559
201305,경기,고양시,41285,시(구 합산),2559
201305,경기,고양시,41287,시(구 합산),2559
201305,경기,과천시,41290,시군구,0
201305,경기,구리시,41310,시군구,93
201305,경기,남양주시,41360,시군구,1254
201305,경기,오산시,41370,시군구,157
201305,경기,시흥시,41390,시군구,821
201305,경기,군포시,41410,시군구,78
201305,경기,의왕시,41430,시군구,502
201305,경기,하남시,41450,시군구,133
201305,경기,용인시,41461,시(구 합산),5945
201305,경기,용인시,41463,시(구 합산),5945
201305,경기,용인시,41465,시(구 합산),5945
201305,경기,파주시,41480,시군구,2477
201305,경기,이천시,41500,시군구,380
201305,경기,안성시,41550,시군구,8
201305,경기,김포시,41570,시군구,2473
201305,경기,양주시,41630,시군구,223
201305,경기,여주시,41670,시군구,0
201305,경기,화성시,41591,시(구 합산),4476
201305,경기,화성시,41593,시(구 합산),4476
201305,경기,화성시,41595,시(구 합산),4476
201305,경기,화성시,41597,시(구 합산),4476
201305,경기,화성시,41590,시(구 합산),4476
201305,경기,광주시,41610,시군구,140
201305,경기,연천군,41800,시군구,0
201305,경기,포천시,41650,시군구,0
201305,경기,가평군,41820,시군구,257
201305,경기,양평군,41830,시군구,61
201305,강원,계,,시도,3751
201305,충북,계,,시도,763
201305,충남,계,,시도,2351
201305,세종,계,,시도,619
201305,전북,계,,시도,1873
201305,전남,계,,시도,1920
201305,경북,계,,시도,2071
201305,경남,계,,시도,7617
201305,제주,계,,시도,925
201306,서울,계,,시도,2722
201306,서울,종로구,11110,시군구,16
201306,서울,중구,11140,시군구,34
201306,서울,용산구,11170,시군구,83
201306,서울,성동구,11200,시군구,131
201306,서울,광진구,11215,시군구,16
201306,서울,동대문구,11230,시군구,4
201306,서울,중랑구,11260,시군구,43
201306,서울,성북구,11290,시군구,204
201306,서울,강북구,11305,시군구,62
201306,서울,도봉구,11320,시군구,0
201306,서울,노원구,11350,시군구,7
201306,서울,은평구,11380,시군구,94
201306,서울,서대문구,11410,시군구,88
201306,서울,마포구,11440,시군구,689
201306,서울,양천구,11470,시군구,45
201306,서울,강서구,11500,시군구,56
201306,서울,구로구,11530,시군구,405
201306,서울,금천구,11545,시군구,0
201306,서울,영등포구,11560,시군구,255
201306,서울,동작구,11590,시군구,129
201306,서울,관악구,11620,시군구,0
201306,서울,서초구,11650,시군구,71
201306,서울,강남구,11680,시군구,12
201306,서울,송파구,11710,시군구,51
201306,서울,강동구,11740,시군구,227
201306,부산,계,,시도,4956
201306,대구,계,,시도,1760
201306,인천,계,,시도,5223
201306,인천,중구,28110,시군구,1237
201306,인천,동구,28140,시군구,0
201306,인천,미추홀구,28177,시군구,531
201306,인천,연수구,28185,시군구,2061
201306,인천,남동구,28200,시군구,184
201306,인천,부평구,28237,시군구,29
201306,인천,계양구,28245,시군구,238
201306,인천,서구,28260,시군구,905
201306,인천,강화군,28710,시군구,38
201306,인천,옹진군,28720,시군구,0
201306,광주,계,,시도,1233
201306,대전,계,,시도,1187
201306,울산,계,,시도,1924
201306,경기,계,,시도,24556
201306,경기,수원시,41111,시(구 합산),1089
201306,경기,수원시,41113,시(구 합산),1089
201306,경기,수원시,41115,시(구 합산),1089
201306,경기,수원시,41117,시(구 합산),1089
201306,경기,성남시,41131,시(구 합산),137
201306,경기,성남시,41133,시(구 합산),137
201306,경기,성남시,41135,시(구 합산),137
201306,경기,의정부시,41150,시군구,0
201306,경기,안양시,41171,시(구 합산),58
201306,경기,안양시,41173,시(구 합산),58
201306,경기,부천시,41192,시(구 합산),907
201306,경기,부천시,41194,시(구 합산),907
201306,경기,부천시,41196,시(구 합산),907
201306,경기,부천시,41190,시(구 합산),907
201306,경기,광명시,41210,시군구,3
201306,경기,평택시,41220,시군구,632
201306,경기,동두천시,41250,시군구,0
201306,경기,안산시,41271,시(구 합산),85
201306,경기,안산시,41273,시(구 합산),85
201306,경기,고양시,41281,시(구 합산),2502
201306,경기,고양시,41285,시(구 합산),2502
201306,경기,고양시,41287,시(구 합산),2502
201306,경기,과천시,41290,시군구,0
201306,경기,구리시,41310,시군구,93
201306,경기,남양주시,41360,시군구,1361
201306,경기,오산시,41370,시군구,157
201306,경기,시흥시,41390,시군구,861
201306,경기,군포시,41410,시군구,75
201306,경기,의왕시,41430,시군구,502
201306,경기,하남시,41450,시군구,133
201306,경기,용인시,41461,시(구 합산),5912
201306,경기,용인시,41463,시(구 합산),5912
201306,경기,용인시,41465,시(구 합산),5912
201306,경기,파주시,41480,시군구,2523
201306,경기,이천시,41500,시군구,337
201306,경기,안성시,41550,시군구,8
201306,경기,김포시,41570,시군구,2405
201306,경기,양주시,41630,시군구,223
201306,경기,여주시,41670,시군구,0
201306,경기,화성시,41591,시(구 합산),4123
201306,경기,화성시,41593,시(구 합산),4123
201306,경기,화성시,41595,시(구 합산),4123
201306,경기,화성시,41597,시(구 합산),4123
201306,경기,화성시,41590,시(구 합산),4123
201306,경기,광주시,41610,시군구,112
201306,경기,연천군,41800,시군구,0
201306,경기,포천시,41650,시군구,0
201306,경기,가평군,41820,시군구,257
201306,경기,양평군,41830,시군구,61
201306,강원,계,,시도,3461
201306,충북,계,,시도,684
201306,충남,계,,시도,2961
201306,세종,계,,시도,414
201306,전북,계,,시도,1903
201306,전남,계,,시도,2271
201306,경북,계,,시도,2081
201306,경남,계,,시도,6992
201306,제주,계,,시도,744
201307,서울,계,,시도,2581
201307,서울,종로구,11110,시군구,8
201307,서울,중구,11140,시군구,31
201307,서울,용산구,11170,시군구,83
201307,서울,성동구,11200,시군구,127
201307,서울,광진구,11215,시군구,15
201307,서울,동대문구,11230,시군구,4
201307,서울,중랑구,11260,시군구,43
201307,서울,성북구,11290,시군구,197
201307,서울,강북구,11305,시군구,62
201307,서울,도봉구,11320,시군구,0
201307,서울,노원구,11350,시군구,7
201307,서울,은평구,11380,시군구,83
201307,서울,서대문구,11410,시군구,88
201307,서울,마포구,11440,시군구,645
201307,서울,양천구,11470,시군구,45
201307,서울,강서구,11500,시군구,56
201307,서울,구로구,11530,시군구,397
201307,서울,금천구,11545,시군구,0
201307,서울,영등포구,11560,시군구,255
201307,서울,동작구,11590,시군구,108
201307,서울,관악구,11620,시군구,0
201307,서울,서초구,11650,시군구,70
201307,서울,강남구,11680,시군구,11
201307,서울,송파구,11710,시군구,51
201307,서울,강동구,11740,시군구,195
201307,부산,계,,시도,4575
201307,대구,계,,시도,1649
201307,인천,계,,시도,5281
201307,인천,중구,28110,시군구,1229
201307,인천,동구,28140,시군구,0
201307,인천,미추홀구,28177,시군구,526
201307,인천,연수구,28185,시군구,1999
201307,인천,남동구,28200,시군구,185
201307,인천,부평구,28237,시군구,182
201307,인천,계양구,28245,시군구,238
201307,인천,서구,28260,시군구,885
201307,인천,강화군,28710,시군구,37
201307,인천,옹진군,28720,시군구,0
201307,광주,계,,시도,1116
201307,대전,계,,시도,1163
201307,울산,계,,시도,1830
201307,경기,계,,시도,27464
201307,경기,수원시,41111,시(구 합산),1089
201307,경기,수원시,41113,시(구 합산),1089
201307,경기,수원시,41115,시(구 합산),1089
201307,경기,수원시,41117,시(구 합산),1089
201307,경기,성남시,41131,시(구 합산),136
201307,경기,성남시,41133,시(구 합산),136
201307,경기,성남시,41135,시(구 합산),136
201307,경기,의정부시,41150,시군구,554
201307,경기,안양시,41171,시(구 합산),58
201307,경기,안양시,41173,시(구 합산),58
201307,경기,부천시,41192,시(구 합산),907
201307,경기,부천시,41194,시(구 합산),907
201307,경기,부천시,41196,시(구 합산),907
201307,경기,부천시,41190,시(구 합산),907
201307,경기,광명시,41210,시군구,3
201307,경기,평택시,41220,시군구,600
201307,경기,동두천시,41250,시군구,512
201307,경기,안산시,41271,시(구 합산),79
201307,경기,안산시,41273,시(구 합산),79
201307,경기,고양시,41281,시(구 합산),2764
201307,경기,고양시,41285,시(구 합산),2764
201307,경기,고양시,41287,시(구 합산),2764
201307,경기,과천시,41290,시군구,0
201307,경기,구리시,41310,시군구,88
201307,경기,남양주시,41360,시군구,1318
201307,경기,오산시,41370,시군구,154
201307,경기,시흥시,41390,시군구,577
201307,경기,군포시,41410,시군구,61
201307,경기,의왕시,41430,시군구,502
201307,경기,하남시,41450,시군구,133
201307,경기,용인시,41461,시(구 합산),5911
201307,경기,용인시,41463,시(구 합산),5911
201307,경기,용인시,41465,시(구 합산),5911
201307,경기,파주시,41480,시군구,2610
201307,경기,이천시,41500,시군구,291
201307,경기,안성시,41550,시군구,8
201307,경기,김포시,41570,시군구,4491
201307,경기,양주시,41630,시군구,199
201307,경기,여주시,41670,시군구,0
201307,경기,화성시,41591,시(구 합산),4011
201307,경기,화성시,41593,시(구 합산),4011
201307,경기,화성시,41595,시(구 합산),4011
201307,경기,화성시,41597,시(구 합산),4011
201307,경기,화성시,41590,시(구 합산),4011
201307,경기,광주시,41610,시군구,103
201307,경기,연천군,41800,시군구,0
201307,경기,포천시,41650,시군구,0
201307,경기,가평군,41820,시군구,244
201307,경기,양평군,41830,시군구,61
201307,강원,계,,시도,3582
201307,충북,계,,시도,914
201307,충남,계,,시도,2565
201307,세종,계,,시도,739
201307,전북,계,,시도,1982
201307,전남,계,,시도,2183
201307,경북,계,,시도,1963
201307,경남,계,,시도,7401
201307,제주,계,,시도,684
201308,서울,계,,시도,3970
201308,서울,종로구,11110,시군구,90
201308,서울,중구,11140,시군구,31
201308,서울,용산구,11170,시군구,83
201308,서울,성동구,11200,시군구,123
201308,서울,광진구,11215,시군구,15
201308,서울,동대문구,11230,시군구,4
201308,서울,중랑구,11260,시군구,43
201308,서울,성북구,11290,시군구,185
201308,서울,강북구,11305,시군구,62
201308,서울,도봉구,11320,시군구,0
201308,서울,노원구,11350,시군구,7
201308,서울,은평구,11380,시군구,75
201308,서울,서대문구,11410,시군구,1536
201308,서울,마포구,11440,시군구,600
201308,서울,양천구,11470,시군구,45
201308,서울,강서구,11500,시군구,56
201308,서울,구로구,11530,시군구,384
201308,서울,금천구,11545,시군구,0
201308,서울,영등포구,11560,시군구,179
201308,서울,동작구,11590,시군구,145
201308,서울,관악구,11620,시군구,0
201308,서울,서초구,11650,시군구,68
201308,서울,강남구,11680,시군구,8
201308,서울,송파구,11710,시군구,51
201308,서울,강동구,11740,시군구,180
201308,부산,계,,시도,4848
201308,대구,계,,시도,1492
201308,인천,계,,시도,5130
201308,인천,중구,28110,시군구,1225
201308,인천,동구,28140,시군구,0
201308,인천,미추홀구,28177,시군구,490
201308,인천,연수구,28185,시군구,1980
201308,인천,남동구,28200,시군구,185
201308,인천,부평구,28237,시군구,130
201308,인천,계양구,28245,시군구,238
201308,인천,서구,28260,시군구,850
201308,인천,강화군,28710,시군구,32
201308,인천,옹진군,28720,시군구,0
201308,광주,계,,시도,1064
201308,대전,계,,시도,1066
201308,울산,계,,시도,1685
201308,경기,계,,시도,27803
201308,경기,수원시,41111,시(구 합산),1028
201308,경기,수원시,41113,시(구 합산),1028
201308,경기,수원시,41115,시(구 합산),1028
201308,경기,수원시,41117,시(구 합산),1028
201308,경기,성남시,41131,시(구 합산),136
201308,경기,성남시,41133,시(구 합산),136
201308,경기,성남시,41135,시(구 합산),136
201308,경기,의정부시,41150,시군구,484
201308,경기,안양시,41171,시(구 합산),58
201308,경기,안양시,41173,시(구 합산),58
201308,경기,부천시,41192,시(구 합산),892
201308,경기,부천시,41194,시(구 합산),892
201308,경기,부천시,41196,시(구 합산),892
201308,경기,부천시,41190,시(구 합산),892
201308,경기,광명시,41210,시군구,3
201308,경기,평택시,41220,시군구,578
201308,경기,동두천시,41250,시군구,509
201308,경기,안산시,41271,시(구 합산),79
201308,경기,안산시,41273,시(구 합산),79
201308,경기,고양시,41281,시(구 합산),4310
201308,경기,고양시,41285,시(구 합산),4310
201308,경기,고양시,41287,시(구 합산),4310
201308,경기,과천시,41290,시군구,0
201308,경기,구리시,41310,시군구,87
201308,경기,남양주시,41360,시군구,1203
201308,경기,오산시,41370,시군구,154
201308,경기,시흥시,41390,시군구,401
201308,경기,군포시,41410,시군구,61
201308,경기,의왕시,41430,시군구,502
201308,경기,하남시,41450,시군구,133
201308,경기,용인시,41461,시(구 합산),5896
201308,경기,용인시,41463,시(구 합산),5896
201308,경기,용인시,41465,시(구 합산),5896
201308,경기,파주시,41480,시군구,2826
201308,경기,이천시,41500,시군구,252
201308,경기,안성시,41550,시군구,8
201308,경기,김포시,41570,시군구,4062
201308,경기,양주시,41630,시군구,197
201308,경기,여주시,41670,시군구,0
201308,경기,화성시,41591,시(구 합산),3555
201308,경기,화성시,41593,시(구 합산),3555
201308,경기,화성시,41595,시(구 합산),3555
201308,경기,화성시,41597,시(구 합산),3555
201308,경기,화성시,41590,시(구 합산),3555
201308,경기,광주시,41610,시군구,84
201308,경기,연천군,41800,시군구,0
201308,경기,포천시,41650,시군구,0
201308,경기,가평군,41820,시군구,244
201308,경기,양평군,41830,시군구,61
201308,강원,계,,시도,3446
201308,충북,계,,시도,883
201308,충남,계,,시도,2321
201308,세종,계,,시도,180
201308,전북,계,,시도,1884
201308,전남,계,,시도,2087
201308,경북,계,,시도,1817
201308,경남,계,,시도,7829
201308,제주,계,,시도,614
201309,서울,계,,시도,4331
201309,서울,종로구,11110,시군구,69
201309,서울,중구,11140,시군구,27
201309,서울,용산구,11170,시군구,83
201309,서울,성동구,11200,시군구,565
201309,서울,광진구,11215,시군구,10
201309,서울,동대문구,11230,시군구,4
201309,서울,중랑구,11260,시군구,43
201309,서울,성북구,11290,시군구,172
201309,서울,강북구,11305,시군구,62
201309,서울,도봉구,11320,시군구,0
201309,서울,노원구,11350,시군구,7
201309,서울,은평구,11380,시군구,59
201309,서울,서대문구,11410,시군구,1536
201309,서울,마포구,11440,시군구,709
201309,서울,양천구,11470,시군구,35
201309,서울,강서구,11500,시군구,56
201309,서울,구로구,11530,시군구,319
201309,서울,금천구,11545,시군구,0
201309,서울,영등포구,11560,시군구,179
201309,서울,동작구,11590,시군구,103
201309,서울,관악구,11620,시군구,0
201309,서울,서초구,11650,시군구,68
201309,서울,강남구,11680,시군구,8
201309,서울,송파구,11710,시군구,51
201309,서울,강동구,11740,시군구,166
201309,부산,계,,시도,4954
201309,대구,계,,시도,1602
201309,인천,계,,시도,4840
201309,인천,중구,28110,시군구,1217
201309,인천,동구,28140,시군구,0
201309,인천,미추홀구,28177,시군구,437
201309,인천,연수구,28185,시군구,1848
201309,인천,남동구,28200,시군구,185
201309,인천,부평구,28237,시군구,89
201309,인천,계양구,28245,시군구,238
201309,인천,서구,28260,시군구,794
201309,인천,강화군,28710,시군구,32
201309,인천,옹진군,28720,시군구,0
201309,광주,계,,시도,913
201309,대전,계,,시도,981
201309,울산,계,,시도,2816
201309,경기,계,,시도,25500
201309,경기,수원시,41111,시(구 합산),1028
201309,경기,수원시,41113,시(구 합산),1028
201309,경기,수원시,41115,시(구 합산),1028
201309,경기,수원시,41117,시(구 합산),1028
201309,경기,성남시,41131,시(구 합산),136
201309,경기,성남시,41133,시(구 합산),136
201309,경기,성남시,41135,시(구 합산),136
201309,경기,의정부시,41150,시군구,423
201309,경기,안양시,41171,시(구 합산),58
201309,경기,안양시,41173,시(구 합산),58
201309,경기,부천시,41192,시(구 합산),907
201309,경기,부천시,41194,시(구 합산),907
201309,경기,부천시,41196,시(구 합산),907
201309,경기,부천시,41190,시(구 합산),907
201309,경기,광명시,41210,시군구,3
201309,경기,평택시,41220,시군구,299
201309,경기,동두천시,41250,시군구,509
201309,경기,안산시,41271,시(구 합산),70
201309,경기,안산시,41273,시(구 합산),70
201309,경기,고양시,41281,시(구 합산),4000
201309,경기,고양시,41285,시(구 합산),4000
201309,경기,고양시,41287,시(구 합산),4000
201309,경기,과천시,41290,시군구,0
201309,경기,구리시,41310,시군구,86
201309,경기,남양주시,41360,시군구,1072
201309,경기,오산시,41370,시군구,153
201309,경기,시흥시,41390,시군구,228
201309,경기,군포시,41410,시군구,55
201309,경기,의왕시,41430,시군구,502
201309,경기,하남시,41450,시군구,132
201309,경기,용인시,41461,시(구 합산),5171
201309,경기,용인시,41463,시(구 합산),5171
201309,경기,용인시,41465,시(구 합산),5171
201309,경기,파주시,41480,시군구,2807
201309,경기,이천시,41500,시군구,214
201309,경기,안성시,41550,시군구,7
201309,경기,김포시,41570,시군구,3973
201309,경기,양주시,41630,시군구,189
201309,경기,여주시,41670,시군구,0
201309,경기,화성시,41591,시(구 합산),3092
201309,경기,화성시,41593,시(구 합산),3092
201309,경기,화성시,41595,시(구 합산),3092
201309,경기,화성시,41597,시(구 합산),3092
201309,경기,화성시,41590,시(구 합산),3092
201309,경기,광주시,41610,시군구,81
201309,경기,연천군,41800,시군구,0
201309,경기,포천시,41650,시군구,0
201309,경기,가평군,41820,시군구,244
201309,경기,양평군,41830,시군구,61
201309,강원,계,,시도,3572
201309,충북,계,,시도,797
201309,충남,계,,시도,2346
201309,세종,계,,시도,43
201309,전북,계,,시도,1694
201309,전남,계,,시도,2021
201309,경북,계,,시도,1917
201309,경남,계,,시도,7202
201309,제주,계,,시도,581
201310,서울,계,,시도,3808
201310,서울,종로구,11110,시군구,52
201310,서울,중구,11140,시군구,27
201310,서울,용산구,11170,시군구,83
201310,서울,성동구,11200,시군구,437
201310,서울,광진구,11215,시군구,8
201310,서울,동대문구,11230,시군구,2
201310,서울,중랑구,11260,시군구,43
201310,서울,성북구,11290,시군구,146
201310,서울,강북구,11305,시군구,62
201310,서울,도봉구,11320,시군구,0
201310,서울,노원구,11350,시군구,7
201310,서울,은평구,11380,시군구,36
201310,서울,서대문구,11410,시군구,1456
201310,서울,마포구,11440,시군구,669
201310,서울,양천구,11470,시군구,34
201310,서울,강서구,11500,시군구,56
201310,서울,구로구,11530,시군구,198
201310,서울,금천구,11545,시군구,0
201310,서울,영등포구,11560,시군구,142
201310,서울,동작구,11590,시군구,70
201310,서울,관악구,11620,시군구,0
201310,서울,서초구,11650,시군구,65
201310,서울,강남구,11680,시군구,7
201310,서울,송파구,11710,시군구,51
201310,서울,강동구,11740,시군구,157
201310,부산,계,,시도,4385
201310,대구,계,,시도,1359
201310,인천,계,,시도,4335
201310,인천,중구,28110,시군구,1079
201310,인천,동구,28140,시군구,0
201310,인천,미추홀구,28177,시군구,427
201310,인천,연수구,28185,시군구,1703
201310,인천,남동구,28200,시군구,183
201310,인천,부평구,28237,시군구,46
201310,인천,계양구,28245,시군구,238
201310,인천,서구,28260,시군구,627
201310,인천,강화군,28710,시군구,32
201310,인천,옹진군,28720,시군구,0
201310,광주,계,,시도,817
201310,대전,계,,시도,876
201310,울산,계,,시도,2499
201310,경기,계,,시도,28399
201310,경기,수원시,41111,시(구 합산),2314
201310,경기,수원시,41113,시(구 합산),2314
201310,경기,수원시,41115,시(구 합산),2314
201310,경기,수원시,41117,시(구 합산),2314
201310,경기,성남시,41131,시(구 합산),136
201310,경기,성남시,41133,시(구 합산),136
201310,경기,성남시,41135,시(구 합산),136
201310,경기,의정부시,41150,시군구,386
201310,경기,안양시,41171,시(구 합산),58
201310,경기,안양시,41173,시(구 합산),58
201310,경기,부천시,41192,시(구 합산),1167
201310,경기,부천시,41194,시(구 합산),1167
201310,경기,부천시,41196,시(구 합산),1167
201310,경기,부천시,41190,시(구 합산),1167
201310,경기,광명시,41210,시군구,3
201310,경기,평택시,41220,시군구,2151
201310,경기,동두천시,41250,시군구,506
201310,경기,안산시,41271,시(구 합산),70
201310,경기,안산시,41273,시(구 합산),70
201310,경기,고양시,41281,시(구 합산),4246
201310,경기,고양시,41285,시(구 합산),4246
201310,경기,고양시,41287,시(구 합산),4246
201310,경기,과천시,41290,시군구,0
201310,경기,구리시,41310,시군구,84
201310,경기,남양주시,41360,시군구,977
201310,경기,오산시,41370,시군구,153
201310,경기,시흥시,41390,시군구,134
201310,경기,군포시,41410,시군구,54
201310,경기,의왕시,41430,시군구,502
201310,경기,하남시,41450,시군구,132
201310,경기,용인시,41461,시(구 합산),5085
201310,경기,용인시,41463,시(구 합산),5085
201310,경기,용인시,41465,시(구 합산),5085
201310,경기,파주시,41480,시군구,2773
201310,경기,이천시,41500,시군구,181
201310,경기,안성시,41550,시군구,7
201310,경기,김포시,41570,시군구,3874
201310,경기,양주시,41630,시군구,160
201310,경기,여주시,41670,시군구,0
201310,경기,화성시,41591,시(구 합산),2874
201310,경기,화성시,41593,시(구 합산),2874
201310,경기,화성시,41595,시(구 합산),2874
201310,경기,화성시,41597,시(구 합산),2874
201310,경기,화성시,41590,시(구 합산),2874
201310,경기,광주시,41610,시군구,75
201310,경기,연천군,41800,시군구,0
201310,경기,포천시,41650,시군구,0
201310,경기,가평군,41820,시군구,236
201310,경기,양평군,41830,시군구,61
201310,강원,계,,시도,3283
201310,충북,계,,시도,725
201310,충남,계,,시도,2007
201310,세종,계,,시도,14
201310,전북,계,,시도,1595
201310,전남,계,,시도,1829
201310,경북,계,,시도,1590
201310,경남,계,,시도,6396
201310,제주,계,,시도,516
201311,서울,계,,시도,3568
201311,서울,종로구,11110,시군구,47
201311,서울,중구,11140,시군구,27
201311,서울,용산구,11170,시군구,83
201311,서울,성동구,11200,시군구,279
201311,서울,광진구,11215,시군구,8
201311,서울,동대문구,11230,시군구,2
201311,서울,중랑구,11260,시군구,89
201311,서울,성북구,11290,시군구,113
201311,서울,강북구,11305,시군구,62
201311,서울,도봉구,11320,시군구,0
201311,서울,노원구,11350,시군구,7
201311,서울,은평구,11380,시군구,24
201311,서울,서대문구,11410,시군구,1456
201311,서울,마포구,11440,시군구,626
201311,서울,양천구,11470,시군구,33
201311,서울,강서구,11500,시군구,56
201311,서울,구로구,11530,시군구,177
201311,서울,금천구,11545,시군구,0
201311,서울,영등포구,11560,시군구,131
201311,서울,동작구,11590,시군구,83
201311,서울,관악구,11620,시군구,0
201311,서울,서초구,11650,시군구,62
201311,서울,강남구,11680,시군구,7
201311,서울,송파구,11710,시군구,51
201311,서울,강동구,11740,시군구,145
201311,부산,계,,시도,5350
201311,대구,계,,시도,1196
201311,인천,계,,시도,4222
201311,인천,중구,28110,시군구,1136
201311,인천,동구,28140,시군구,0
201311,인천,미추홀구,28177,시군구,382
201311,인천,연수구,28185,시군구,1641
201311,인천,남동구,28200,시군구,184
201311,인천,부평구,28237,시군구,32
201311,인천,계양구,28245,시군구,238
201311,인천,서구,28260,시군구,585
201311,인천,강화군,28710,시군구,24
201311,인천,옹진군,28720,시군구,0
201311,광주,계,,시도,377
201311,대전,계,,시도,989
201311,울산,계,,시도,2895
201311,경기,계,,시도,26413
201311,경기,수원시,41111,시(구 합산),2158
201311,경기,수원시,41113,시(구 합산),2158
201311,경기,수원시,41115,시(구 합산),2158
201311,경기,수원시,41117,시(구 합산),2158
201311,경기,성남시,41131,시(구 합산),136
201311,경기,성남시,41133,시(구 합산),136
201311,경기,성남시,41135,시(구 합산),136
201311,경기,의정부시,41150,시군구,356
201311,경기,안양시,41171,시(구 합산),173
201311,경기,안양시,41173,시(구 합산),173
201311,경기,부천시,41192,시(구 합산),999
201311,경기,부천시,41194,시(구 합산),999
201311,경기,부천시,41196,시(구 합산),999
201311,경기,부천시,41190,시(구 합산),999
201311,경기,광명시,41210,시군구,3
201311,경기,평택시,41220,시군구,1984
201311,경기,동두천시,41250,시군구,502
201311,경기,안산시,41271,시(구 합산),70
201311,경기,안산시,41273,시(구 합산),70
201311,경기,고양시,41281,시(구 합산),3914
201311,경기,고양시,41285,시(구 합산),3914
201311,경기,고양시,41287,시(구 합산),3914
201311,경기,과천시,41290,시군구,0
201311,경기,구리시,41310,시군구,83
201311,경기,남양주시,41360,시군구,937
201311,경기,오산시,41370,시군구,153
201311,경기,시흥시,41390,시군구,82
201311,경기,군포시,41410,시군구,54
201311,경기,의왕시,41430,시군구,502
201311,경기,하남시,41450,시군구,132
201311,경기,용인시,41461,시(구 합산),4971
201311,경기,용인시,41463,시(구 합산),4971
201311,경기,용인시,41465,시(구 합산),4971
201311,경기,파주시,41480,시군구,2665
201311,경기,이천시,41500,시군구,148
201311,경기,안성시,41550,시군구,7
201311,경기,김포시,41570,시군구,3771
201311,경기,양주시,41630,시군구,131
201311,경기,여주시,41670,시군구,0
201311,경기,화성시,41591,시(구 합산),2111
201311,경기,화성시,41593,시(구 합산),2111
201311,경기,화성시,41595,시(구 합산),2111
201311,경기,화성시,41597,시(구 합산),2111
201311,경기,화성시,41590,시(구 합산),2111
201311,경기,광주시,41610,시군구,74
201311,경기,연천군,41800,시군구,0
201311,경기,포천시,41650,시군구,0
201311,경기,가평군,41820,시군구,236
201311,경기,양평군,41830,시군구,61
201311,강원,계,,시도,3156
201311,충북,계,,시도,685
201311,충남,계,,시도,3265
201311,세종,계,,시도,158
201311,전북,계,,시도,1511
201311,전남,계,,시도,2065
201311,경북,계,,시도,1542
201311,경남,계,,시도,5840
201311,제주,계,,시도,477
201312,서울,계,,시도,3157
201312,서울,종로구,11110,시군구,32
201312,서울,중구,11140,시군구,27
201312,서울,용산구,11170,시군구,83
201312,서울,성동구,11200,시군구,203
201312,서울,광진구,11215,시군구,7
201312,서울,동대문구,11230,시군구,2
201312,서울,중랑구,11260,시군구,89
201312,서울,성북구,11290,시군구,82
201312,서울,강북구,11305,시군구,62
201312,서울,도봉구,11320,시군구,0
201312,서울,노원구,11350,시군구,7
201312,서울,은평구,11380,시군구,20
201312,서울,서대문구,11410,시군구,1252
201312,서울,마포구,11440,시군구,597
201312,서울,양천구,11470,시군구,43
201312,서울,강서구,11500,시군구,56
201312,서울,구로구,11530,시군구,155
201312,서울,금천구,11545,시군구,0
201312,서울,영등포구,11560,시군구,131
201312,서울,동작구,11590,시군구,64
201312,서울,관악구,11620,시군구,0
201312,서울,서초구,11650,시군구,57
201312,서울,강남구,11680,시군구,1
201312,서울,송파구,11710,시군구,51
201312,서울,강동구,11740,시군구,136
201312,부산,계,,시도,4259
201312,대구,계,,시도,1234
201312,인천,계,,시도,5275
201312,인천,중구,28110,시군구,1171
201312,인천,동구,28140,시군구,0
201312,인천,미추홀구,28177,시군구,370
201312,인천,연수구,28185,시군구,2482
201312,인천,남동구,28200,시군구,183
201312,인천,부평구,28237,시군구,21
201312,인천,계양구,28245,시군구,238
201312,인천,서구,28260,시군구,787
201312,인천,강화군,28710,시군구,23
201312,인천,옹진군,28720,시군구,0
201312,광주,계,,시도,323
201312,대전,계,,시도,1146
201312,울산,계,,시도,3310
201312,경기,계,,시도,24760
201312,경기,수원시,41111,시(구 합산),1802
201312,경기,수원시,41113,시(구 합산),1802
201312,경기,수원시,41115,시(구 합산),1802
201312,경기,수원시,41117,시(구 합산),1802
201312,경기,성남시,41131,시(구 합산),136
201312,경기,성남시,41133,시(구 합산),136
201312,경기,성남시,41135,시(구 합산),136
201312,경기,의정부시,41150,시군구,272
201312,경기,안양시,41171,시(구 합산),133
201312,경기,안양시,41173,시(구 합산),133
201312,경기,부천시,41192,시(구 합산),892
201312,경기,부천시,41194,시(구 합산),892
201312,경기,부천시,41196,시(구 합산),892
201312,경기,부천시,41190,시(구 합산),892
201312,경기,광명시,41210,시군구,3
201312,경기,평택시,41220,시군구,1343
201312,경기,동두천시,41250,시군구,496
201312,경기,안산시,41271,시(구 합산),70
201312,경기,안산시,41273,시(구 합산),70
201312,경기,고양시,41281,시(구 합산),3791
201312,경기,고양시,41285,시(구 합산),3791
201312,경기,고양시,41287,시(구 합산),3791
201312,경기,과천시,41290,시군구,0
201312,경기,구리시,41310,시군구,125
201312,경기,남양주시,41360,시군구,935
201312,경기,오산시,41370,시군구,153
201312,경기,시흥시,41390,시군구,61
201312,경기,군포시,41410,시군구,53
201312,경기,의왕시,41430,시군구,502
201312,경기,하남시,41450,시군구,132
201312,경기,용인시,41461,시(구 합산),4827
201312,경기,용인시,41463,시(구 합산),4827
201312,경기,용인시,41465,시(구 합산),4827
201312,경기,파주시,41480,시군구,2588
201312,경기,이천시,41500,시군구,121
201312,경기,안성시,41550,시군구,7
201312,경기,김포시,41570,시군구,3530
201312,경기,양주시,41630,시군구,114
201312,경기,여주시,41670,시군구,0
201312,경기,화성시,41591,시(구 합산),2317
201312,경기,화성시,41593,시(구 합산),2317
201312,경기,화성시,41595,시(구 합산),2317
201312,경기,화성시,41597,시(구 합산),2317
201312,경기,화성시,41590,시(구 합산),2317
201312,경기,광주시,41610,시군구,73
201312,경기,연천군,41800,시군구,0
201312,경기,포천시,41650,시군구,0
201312,경기,가평군,41820,시군구,223
201312,경기,양평군,41830,시군구,61
201312,강원,계,,시도,3055
201312,충북,계,,시도,599
201312,충남,계,,시도,3566
201312,세종,계,,시도,54
201312,전북,계,,시도,1470
201312,전남,계,,시도,1981
201312,경북,계,,시도,1405
201312,경남,계,,시도,4909
201312,제주,계,,시도,588
201401,서울,계,,시도,2905
201401,서울,종로구,11110,시군구,28
201401,서울,중구,11140,시군구,27
201401,서울,용산구,11170,시군구,83
201401,서울,성동구,11200,시군구,170
201401,서울,광진구,11215,시군구,6
201401,서울,동대문구,11230,시군구,2
201401,서울,중랑구,11260,시군구,82
201401,서울,성북구,11290,시군구,82
201401,서울,강북구,11305,시군구,62
201401,서울,도봉구,11320,시군구,0
201401,서울,노원구,11350,시군구,7
201401,서울,은평구,11380,시군구,20
201401,서울,서대문구,11410,시군구,1252
201401,서울,마포구,11440,시군구,493
201401,서울,양천구,11470,시군구,43
201401,서울,강서구,11500,시군구,56
201401,서울,구로구,11530,시군구,146
201401,서울,금천구,11545,시군구,0
201401,서울,영등포구,11560,시군구,73
201401,서울,동작구,11590,시군구,40
201401,서울,관악구,11620,시군구,0
201401,서울,서초구,11650,시군구,54
201401,서울,강남구,11680,시군구,1
201401,서울,송파구,11710,시군구,52
201401,서울,강동구,11740,시군구,126
201401,부산,계,,시도,4131
201401,대구,계,,시도,955
201401,인천,계,,시도,7267
201401,인천,중구,28110,시군구,1254
201401,인천,동구,28140,시군구,0
201401,인천,미추홀구,28177,시군구,2494
201401,인천,연수구,28185,시군구,2316
201401,인천,남동구,28200,시군구,184
201401,인천,부평구,28237,시군구,21
201401,인천,계양구,28245,시군구,238
201401,인천,서구,28260,시군구,743
201401,인천,강화군,28710,시군구,17
201401,인천,옹진군,28720,시군구,0
201401,광주,계,,시도,340
201401,대전,계,,시도,867
201401,울산,계,,시도,2943
201401,경기,계,,시도,22525
201401,경기,수원시,41111,시(구 합산),1279
201401,경기,수원시,41113,시(구 합산),1279
201401,경기,수원시,41115,시(구 합산),1279
201401,경기,수원시,41117,시(구 합산),1279
201401,경기,성남시,41131,시(구 합산),136
201401,경기,성남시,41133,시(구 합산),136
201401,경기,성남시,41135,시(구 합산),136
201401,경기,의정부시,41150,시군구,272
201401,경기,안양시,41171,시(구 합산),133
201401,경기,안양시,41173,시(구 합산),133
201401,경기,부천시,41192,시(구 합산),820
201401,경기,부천시,41194,시(구 합산),820
201401,경기,부천시,41196,시(구 합산),820
201401,경기,부천시,41190,시(구 합산),820
201401,경기,광명시,41210,시군구,3
201401,경기,평택시,41220,시군구,1205
201401,경기,동두천시,41250,시군구,496
201401,경기,안산시,41271,시(구 합산),62
201401,경기,안산시,41273,시(구 합산),62
201401,경기,고양시,41281,시(구 합산),3784
201401,경기,고양시,41285,시(구 합산),3784
201401,경기,고양시,41287,시(구 합산),3784
201401,경기,과천시,41290,시군구,0
201401,경기,구리시,41310,시군구,105
201401,경기,남양주시,41360,시군구,881
201401,경기,오산시,41370,시군구,146
201401,경기,시흥시,41390,시군구,57
201401,경기,군포시,41410,시군구,53
201401,경기,의왕시,41430,시군구,502
201401,경기,하남시,41450,시군구,132
201401,경기,용인시,41461,시(구 합산),4702
201401,경기,용인시,41463,시(구 합산),4702
201401,경기,용인시,41465,시(구 합산),4702
201401,경기,파주시,41480,시군구,2282
201401,경기,이천시,41500,시군구,93
201401,경기,안성시,41550,시군구,7
201401,경기,김포시,41570,시군구,3247
201401,경기,양주시,41630,시군구,114
201401,경기,여주시,41670,시군구,0
201401,경기,화성시,41591,시(구 합산),1707
201401,경기,화성시,41593,시(구 합산),1707
201401,경기,화성시,41595,시(구 합산),1707
201401,경기,화성시,41597,시(구 합산),1707
201401,경기,화성시,41590,시(구 합산),1707
201401,경기,광주시,41610,시군구,31
201401,경기,연천군,41800,시군구,0
201401,경기,포천시,41650,시군구,0
201401,경기,가평군,41820,시군구,215
201401,경기,양평군,41830,시군구,61
201401,강원,계,,시도,2936
201401,충북,계,,시도,670
201401,충남,계,,시도,3204
201401,세종,계,,시도,4
201401,전북,계,,시도,1383
201401,전남,계,,시도,1921
201401,경북,계,,시도,1167
201401,경남,계,,시도,4801
201401,제주,계,,시도,557
201402,서울,계,,시도,2734
201402,서울,종로구,11110,시군구,20
201402,서울,중구,11140,시군구,27
201402,서울,용산구,11170,시군구,95
201402,서울,성동구,11200,시군구,135
201402,서울,광진구,11215,시군구,6
201402,서울,동대문구,11230,시군구,2
201402,서울,중랑구,11260,시군구,72
201402,서울,성북구,11290,시군구,77
201402,서울,강북구,11305,시군구,48
201402,서울,도봉구,11320,시군구,0
201402,서울,노원구,11350,시군구,7
201402,서울,은평구,11380,시군구,11
201402,서울,서대문구,11410,시군구,1233
201402,서울,마포구,11440,시군구,453
201402,서울,양천구,11470,시군구,35
201402,서울,강서구,11500,시군구,56
201402,서울,구로구,11530,시군구,126
201402,서울,금천구,11545,시군구,0
201402,서울,영등포구,11560,시군구,73
201402,서울,동작구,11590,시군구,31
201402,서울,관악구,11620,시군구,0
201402,서울,서초구,11650,시군구,54
201402,서울,강남구,11680,시군구,1
201402,서울,송파구,11710,시군구,52
201402,서울,강동구,11740,시군구,120
201402,부산,계,,시도,3433
201402,대구,계,,시도,615
201402,인천,계,,시도,6891
201402,인천,중구,28110,시군구,1290
201402,인천,동구,28140,시군구,0
201402,인천,미추홀구,28177,시군구,2288
201402,인천,연수구,28185,시군구,2154
201402,인천,남동구,28200,시군구,183
201402,인천,부평구,28237,시군구,21
201402,인천,계양구,28245,시군구,238
201402,인천,서구,28260,시군구,700
201402,인천,강화군,28710,시군구,17
201402,인천,옹진군,28720,시군구,0
201402,광주,계,,시도,206
201402,대전,계,,시도,740
201402,울산,계,,시도,2559
201402,경기,계,,시도,19653
201402,경기,수원시,41111,시(구 합산),936
201402,경기,수원시,41113,시(구 합산),936
201402,경기,수원시,41115,시(구 합산),936
201402,경기,수원시,41117,시(구 합산),936
201402,경기,성남시,41131,시(구 합산),136
201402,경기,성남시,41133,시(구 합산),136
201402,경기,성남시,41135,시(구 합산),136
201402,경기,의정부시,41150,시군구,85
201402,경기,안양시,41171,시(구 합산),133
201402,경기,안양시,41173,시(구 합산),133
201402,경기,부천시,41192,시(구 합산),782
201402,경기,부천시,41194,시(구 합산),782
201402,경기,부천시,41196,시(구 합산),782
201402,경기,부천시,41190,시(구 합산),782
201402,경기,광명시,41210,시군구,3
201402,경기,평택시,41220,시군구,1090
201402,경기,동두천시,41250,시군구,493
201402,경기,안산시,41271,시(구 합산),35
201402,경기,안산시,41273,시(구 합산),35
201402,경기,고양시,41281,시(구 합산),3155
201402,경기,고양시,41285,시(구 합산),3155
201402,경기,고양시,41287,시(구 합산),3155
201402,경기,과천시,41290,시군구,0
201402,경기,구리시,41310,시군구,87
201402,경기,남양주시,41360,시군구,804
201402,경기,오산시,41370,시군구,146
201402,경기,시흥시,41390,시군구,57
201402,경기,군포시,41410,시군구,53
201402,경기,의왕시,41430,시군구,502
201402,경기,하남시,41450,시군구,132
201402,경기,용인시,41461,시(구 합산),4515
201402,경기,용인시,41463,시(구 합산),4515
201402,경기,용인시,41465,시(구 합산),4515
201402,경기,파주시,41480,시군구,2048
201402,경기,이천시,41500,시군구,75
201402,경기,안성시,41550,시군구,7
201402,경기,김포시,41570,시군구,2611
201402,경기,양주시,41630,시군구,94
201402,경기,여주시,41670,시군구,0
201402,경기,화성시,41591,시(구 합산),1374
201402,경기,화성시,41593,시(구 합산),1374
201402,경기,화성시,41595,시(구 합산),1374
201402,경기,화성시,41597,시(구 합산),1374
201402,경기,화성시,41590,시(구 합산),1374
201402,경기,광주시,41610,시군구,30
201402,경기,연천군,41800,시군구,0
201402,경기,포천시,41650,시군구,0
201402,경기,가평군,41820,시군구,209
201402,경기,양평군,41830,시군구,61
201402,강원,계,,시도,3049
201402,충북,계,,시도,633
201402,충남,계,,시도,2741
201402,세종,계,,시도,4
201402,전북,계,,시도,1319
201402,전남,계,,시도,1851
201402,경북,계,,시도,1043
201402,경남,계,,시도,4380
201402,제주,계,,시도,540
201403,서울,계,,시도,2259
201403,서울,종로구,11110,시군구,15
201403,서울,중구,11140,시군구,27
201403,서울,용산구,11170,시군구,95
201403,서울,성동구,11200,시군구,111
201403,서울,광진구,11215,시군구,6
201403,서울,동대문구,11230,시군구,0
201403,서울,중랑구,11260,시군구,68
201403,서울,성북구,11290,시군구,77
201403,서울,강북구,11305,시군구,48
201403,서울,도봉구,11320,시군구,0
201403,서울,노원구,11350,시군구,7
201403,서울,은평구,11380,시군구,9
201403,서울,서대문구,11410,시군구,926
201403,서울,마포구,11440,시군구,362
201403,서울,양천구,11470,시군구,34
201403,서울,강서구,11500,시군구,56
201403,서울,구로구,11530,시군구,112
201403,서울,금천구,11545,시군구,0
201403,서울,영등포구,11560,시군구,73
201403,서울,동작구,11590,시군구,13
201403,서울,관악구,11620,시군구,0
201403,서울,서초구,11650,시군구,54
201403,서울,강남구,11680,시군구,1
201403,서울,송파구,11710,시군구,51
201403,서울,강동구,11740,시군구,114
201403,부산,계,,시도,3985
201403,대구,계,,시도,523
201403,인천,계,,시도,6314
201403,인천,중구,28110,시군구,1282
201403,인천,동구,28140,시군구,0
201403,인천,미추홀구,28177,시군구,2032
201403,인천,연수구,28185,시군구,1939
201403,인천,남동구,28200,시군구,180
201403,인천,부평구,28237,시군구,16
201403,인천,계양구,28245,시군구,238
201403,인천,서구,28260,시군구,610
201403,인천,강화군,28710,시군구,17
201403,인천,옹진군,28720,시군구,0
201403,광주,계,,시도,483
201403,대전,계,,시도,669
201403,울산,계,,시도,2081
201403,경기,계,,시도,17509
201403,경기,수원시,41111,시(구 합산),936
201403,경기,수원시,41113,시(구 합산),936
201403,경기,수원시,41115,시(구 합산),936
201403,경기,수원시,41117,시(구 합산),936
201403,경기,성남시,41131,시(구 합산),136
201403,경기,성남시,41133,시(구 합산),136
201403,경기,성남시,41135,시(구 합산),136
201403,경기,의정부시,41150,시군구,34
201403,경기,안양시,41171,시(구 합산),121
201403,경기,안양시,41173,시(구 합산),121
201403,경기,부천시,41192,시(구 합산),774
201403,경기,부천시,41194,시(구 합산),774
201403,경기,부천시,41196,시(구 합산),774
201403,경기,부천시,41190,시(구 합산),774
201403,경기,광명시,41210,시군구,1
201403,경기,평택시,41220,시군구,939
201403,경기,동두천시,41250,시군구,493
201403,경기,안산시,41271,시(구 합산),35
201403,경기,안산시,41273,시(구 합산),35
201403,경기,고양시,41281,시(구 합산),2942
201403,경기,고양시,41285,시(구 합산),2942
201403,경기,고양시,41287,시(구 합산),2942
201403,경기,과천시,41290,시군구,0
201403,경기,구리시,41310,시군구,65
201403,경기,남양주시,41360,시군구,732
201403,경기,오산시,41370,시군구,146
201403,경기,시흥시,41390,시군구,19
201403,경기,군포시,41410,시군구,53
201403,경기,의왕시,41430,시군구,502
201403,경기,하남시,41450,시군구,132
201403,경기,용인시,41461,시(구 합산),4258
201403,경기,용인시,41463,시(구 합산),4258
201403,경기,용인시,41465,시(구 합산),4258
201403,경기,파주시,41480,시군구,1814
201403,경기,이천시,41500,시군구,75
201403,경기,안성시,41550,시군구,7
201403,경기,김포시,41570,시군구,1793
201403,경기,양주시,41630,시군구,88
201403,경기,여주시,41670,시군구,0
201403,경기,화성시,41591,시(구 합산),1114
201403,경기,화성시,41593,시(구 합산),1114
201403,경기,화성시,41595,시(구 합산),1114
201403,경기,화성시,41597,시(구 합산),1114
201403,경기,화성시,41590,시(구 합산),1114
201403,경기,광주시,41610,시군구,30
201403,경기,연천군,41800,시군구,0
201403,경기,포천시,41650,시군구,0
201403,경기,가평군,41820,시군구,209
201403,경기,양평군,41830,시군구,61
201403,강원,계,,시도,2899
201403,충북,계,,시도,618
201403,충남,계,,시도,2260
201403,세종,계,,시도,4
201403,전북,계,,시도,1254
201403,전남,계,,시도,1742
201403,경북,계,,시도,1122
201403,경남,계,,시도,3934
201403,제주,계,,시도,511
201404,서울,계,,시도,2185
201404,서울,종로구,11110,시군구,14
201404,서울,중구,11140,시군구,12
201404,서울,용산구,11170,시군구,86
201404,서울,성동구,11200,시군구,100
201404,서울,광진구,11215,시군구,5
201404,서울,동대문구,11230,시군구,0
201404,서울,중랑구,11260,시군구,61
201404,서울,성북구,11290,시군구,205
201404,서울,강북구,11305,시군구,48
201404,서울,도봉구,11320,시군구,0
201404,서울,노원구,11350,시군구,7
201404,서울,은평구,11380,시군구,7
201404,서울,서대문구,11410,시군구,918
201404,서울,마포구,11440,시군구,293
201404,서울,양천구,11470,시군구,33
201404,서울,강서구,11500,시군구,56
201404,서울,구로구,11530,시군구,102
201404,서울,금천구,11545,시군구,0
201404,서울,영등포구,11560,시군구,29
201404,서울,동작구,11590,시군구,1
201404,서울,관악구,11620,시군구,0
201404,서울,서초구,11650,시군구,54
201404,서울,강남구,11680,시군구,0
201404,서울,송파구,11710,시군구,51
201404,서울,강동구,11740,시군구,103
201404,부산,계,,시도,3490
201404,대구,계,,시도,296
201404,인천,계,,시도,5933
201404,인천,중구,28110,시군구,1324
201404,인천,동구,28140,시군구,0
201404,인천,미추홀구,28177,시군구,1841
201404,인천,연수구,28185,시군구,1794
201404,인천,남동구,28200,시군구,176
201404,인천,부평구,28237,시군구,16
201404,인천,계양구,28245,시군구,238
201404,인천,서구,28260,시군구,527
201404,인천,강화군,28710,시군구,17
201404,인천,옹진군,28720,시군구,0
201404,광주,계,,시도,129
201404,대전,계,,시도,608
201404,울산,계,,시도,1709
201404,경기,계,,시도,16174
201404,경기,수원시,41111,시(구 합산),936
201404,경기,수원시,41113,시(구 합산),936
201404,경기,수원시,41115,시(구 합산),936
201404,경기,수원시,41117,시(구 합산),936
201404,경기,성남시,41131,시(구 합산),136
201404,경기,성남시,41133,시(구 합산),136
201404,경기,성남시,41135,시(구 합산),136
201404,경기,의정부시,41150,시군구,32
201404,경기,안양시,41171,시(구 합산),121
201404,경기,안양시,41173,시(구 합산),121
201404,경기,부천시,41192,시(구 합산),672
201404,경기,부천시,41194,시(구 합산),672
201404,경기,부천시,41196,시(구 합산),672
201404,경기,부천시,41190,시(구 합산),672
201404,경기,광명시,41210,시군구,1
201404,경기,평택시,41220,시군구,859
201404,경기,동두천시,41250,시군구,480
201404,경기,안산시,41271,시(구 합산),62
201404,경기,안산시,41273,시(구 합산),62
201404,경기,고양시,41281,시(구 합산),2527
201404,경기,고양시,41285,시(구 합산),2527
201404,경기,고양시,41287,시(구 합산),2527
201404,경기,과천시,41290,시군구,0
201404,경기,구리시,41310,시군구,56
201404,경기,남양주시,41360,시군구,707
201404,경기,오산시,41370,시군구,146
201404,경기,시흥시,41390,시군구,15
201404,경기,군포시,41410,시군구,53
201404,경기,의왕시,41430,시군구,502
201404,경기,하남시,41450,시군구,132
201404,경기,용인시,41461,시(구 합산),4216
201404,경기,용인시,41463,시(구 합산),4216
201404,경기,용인시,41465,시(구 합산),4216
201404,경기,파주시,41480,시군구,1751
201404,경기,이천시,41500,시군구,49
201404,경기,안성시,41550,시군구,7
201404,경기,김포시,41570,시군구,1386
201404,경기,양주시,41630,시군구,78
201404,경기,여주시,41670,시군구,0
201404,경기,화성시,41591,시(구 합산),962
201404,경기,화성시,41593,시(구 합산),962
201404,경기,화성시,41595,시(구 합산),962
201404,경기,화성시,41597,시(구 합산),962
201404,경기,화성시,41590,시(구 합산),962
201404,경기,광주시,41610,시군구,30
201404,경기,연천군,41800,시군구,0
201404,경기,포천시,41650,시군구,0
201404,경기,가평군,41820,시군구,197
201404,경기,양평군,41830,시군구,61
201404,강원,계,,시도,2840
201404,충북,계,,시도,1442
201404,충남,계,,시도,1878
201404,세종,계,,시도,211
201404,전북,계,,시도,1420
201404,전남,계,,시도,1927
201404,경북,계,,시도,1060
201404,경남,계,,시도,3768
201404,제주,계,,시도,503
201405,서울,계,,시도,2241
201405,서울,종로구,11110,시군구,11
201405,서울,중구,11140,시군구,11
201405,서울,용산구,11170,시군구,86
201405,서울,성동구,11200,시군구,99
201405,서울,광진구,11215,시군구,3
201405,서울,동대문구,11230,시군구,11
201405,서울,중랑구,11260,시군구,47
201405,서울,성북구,11290,시군구,198
201405,서울,강북구,11305,시군구,48
201405,서울,도봉구,11320,시군구,0
201405,서울,노원구,11350,시군구,7
201405,서울,은평구,11380,시군구,5
201405,서울,서대문구,11410,시군구,918
201405,서울,마포구,11440,시군구,293
201405,서울,양천구,11470,시군구,30
201405,서울,강서구,11500,시군구,56
201405,서울,구로구,11530,시군구,95
201405,서울,금천구,11545,시군구,0
201405,서울,영등포구,11560,시군구,29
201405,서울,동작구,11590,시군구,1
201405,서울,관악구,11620,시군구,0
201405,서울,서초구,11650,시군구,41
201405,서울,강남구,11680,시군구,43
201405,서울,송파구,11710,시군구,51
201405,서울,강동구,11740,시군구,158
201405,부산,계,,시도,2962
201405,대구,계,,시도,562
201405,인천,계,,시도,7443
201405,인천,중구,28110,시군구,1485
201405,인천,동구,28140,시군구,0
201405,인천,미추홀구,28177,시군구,1765
201405,인천,연수구,28185,시군구,3146
201405,인천,남동구,28200,시군구,279
201405,인천,부평구,28237,시군구,17
201405,인천,계양구,28245,시군구,238
201405,인천,서구,28260,시군구,496
201405,인천,강화군,28710,시군구,17
201405,인천,옹진군,28720,시군구,0
201405,광주,계,,시도,127
201405,대전,계,,시도,573
201405,울산,계,,시도,1467
201405,경기,계,,시도,19362
201405,경기,수원시,41111,시(구 합산),670
201405,경기,수원시,41113,시(구 합산),670
201405,경기,수원시,41115,시(구 합산),670
201405,경기,수원시,41117,시(구 합산),670
201405,경기,성남시,41131,시(구 합산),136
201405,경기,성남시,41133,시(구 합산),136
201405,경기,성남시,41135,시(구 합산),136
201405,경기,의정부시,41150,시군구,30
201405,경기,안양시,41171,시(구 합산),121
201405,경기,안양시,41173,시(구 합산),121
201405,경기,부천시,41192,시(구 합산),720
201405,경기,부천시,41194,시(구 합산),720
201405,경기,부천시,41196,시(구 합산),720
201405,경기,부천시,41190,시(구 합산),720
201405,경기,광명시,41210,시군구,0
201405,경기,평택시,41220,시군구,571
201405,경기,동두천시,41250,시군구,480
201405,경기,안산시,41271,시(구 합산),62
201405,경기,안산시,41273,시(구 합산),62
201405,경기,고양시,41281,시(구 합산),2318
201405,경기,고양시,41285,시(구 합산),2318
201405,경기,고양시,41287,시(구 합산),2318
201405,경기,과천시,41290,시군구,0
201405,경기,구리시,41310,시군구,56
201405,경기,남양주시,41360,시군구,681
201405,경기,오산시,41370,시군구,146
201405,경기,시흥시,41390,시군구,1101
201405,경기,군포시,41410,시군구,53
201405,경기,의왕시,41430,시군구,502
201405,경기,하남시,41450,시군구,132
201405,경기,용인시,41461,시(구 합산),4154
201405,경기,용인시,41463,시(구 합산),4154
201405,경기,용인시,41465,시(구 합산),4154
201405,경기,파주시,41480,시군구,1720
201405,경기,이천시,41500,시군구,48
201405,경기,안성시,41550,시군구,7
201405,경기,김포시,41570,시군구,4200
201405,경기,양주시,41630,시군구,78
201405,경기,여주시,41670,시군구,0
201405,경기,화성시,41591,시(구 합산),1107
201405,경기,화성시,41593,시(구 합산),1107
201405,경기,화성시,41595,시(구 합산),1107
201405,경기,화성시,41597,시(구 합산),1107
201405,경기,화성시,41590,시(구 합산),1107
201405,경기,광주시,41610,시군구,29
201405,경기,연천군,41800,시군구,0
201405,경기,포천시,41650,시군구,0
201405,경기,가평군,41820,시군구,179
201405,경기,양평군,41830,시군구,61
201405,강원,계,,시도,2413
201405,충북,계,,시도,1520
201405,충남,계,,시도,1587
201405,세종,계,,시도,267
201405,전북,계,,시도,1253
201405,전남,계,,시도,1879
201405,경북,계,,시도,911
201405,경남,계,,시도,3840
201405,제주,계,,시도,408
201406,서울,계,,시도,2601
201406,서울,종로구,11110,시군구,6
201406,서울,중구,11140,시군구,9
201406,서울,용산구,11170,시군구,54
201406,서울,성동구,11200,시군구,93
201406,서울,광진구,11215,시군구,16
201406,서울,동대문구,11230,시군구,11
201406,서울,중랑구,11260,시군구,42
201406,서울,성북구,11290,시군구,191
201406,서울,강북구,11305,시군구,47
201406,서울,도봉구,11320,시군구,0
201406,서울,노원구,11350,시군구,7
201406,서울,은평구,11380,시군구,3
201406,서울,서대문구,11410,시군구,548
201406,서울,마포구,11440,시군구,243
201406,서울,양천구,11470,시군구,30
201406,서울,강서구,11500,시군구,45
201406,서울,구로구,11530,시군구,83
201406,서울,금천구,11545,시군구,0
201406,서울,영등포구,11560,시군구,29
201406,서울,동작구,11590,시군구,1
201406,서울,관악구,11620,시군구,0
201406,서울,서초구,11650,시군구,38
201406,서울,강남구,11680,시군구,35
201406,서울,송파구,11710,시군구,51
201406,서울,강동구,11740,시군구,1019
201406,부산,계,,시도,2640
201406,대구,계,,시도,367
201406,인천,계,,시도,6979
201406,인천,중구,28110,시군구,1412
201406,인천,동구,28140,시군구,0
201406,인천,미추홀구,28177,시군구,1693
201406,인천,연수구,28185,시군구,2872
201406,인천,남동구,28200,시군구,193
201406,인천,부평구,28237,시군구,83
201406,인천,계양구,28245,시군구,238
201406,인천,서구,28260,시군구,471
201406,인천,강화군,28710,시군구,17
201406,인천,옹진군,28720,시군구,0
201406,광주,계,,시도,117
201406,대전,계,,시도,531
201406,울산,계,,시도,1115
201406,경기,계,,시도,20632
201406,경기,수원시,41111,시(구 합산),609
201406,경기,수원시,41113,시(구 합산),609
201406,경기,수원시,41115,시(구 합산),609
201406,경기,수원시,41117,시(구 합산),609
201406,경기,성남시,41131,시(구 합산),136
201406,경기,성남시,41133,시(구 합산),136
201406,경기,성남시,41135,시(구 합산),136
201406,경기,의정부시,41150,시군구,29
201406,경기,안양시,41171,시(구 합산),121
201406,경기,안양시,41173,시(구 합산),121
201406,경기,부천시,41192,시(구 합산),693
201406,경기,부천시,41194,시(구 합산),693
201406,경기,부천시,41196,시(구 합산),693
201406,경기,부천시,41190,시(구 합산),693
201406,경기,광명시,41210,시군구,0
201406,경기,평택시,41220,시군구,2133
201406,경기,동두천시,41250,시군구,479
201406,경기,안산시,41271,시(구 합산),60
201406,경기,안산시,41273,시(구 합산),60
201406,경기,고양시,41281,시(구 합산),2157
201406,경기,고양시,41285,시(구 합산),2157
201406,경기,고양시,41287,시(구 합산),2157
201406,경기,과천시,41290,시군구,0
201406,경기,구리시,41310,시군구,260
201406,경기,남양주시,41360,시군구,654
201406,경기,오산시,41370,시군구,146
201406,경기,시흥시,41390,시군구,719
201406,경기,군포시,41410,시군구,53
201406,경기,의왕시,41430,시군구,502
201406,경기,하남시,41450,시군구,1122
201406,경기,용인시,41461,시(구 합산),4003
201406,경기,용인시,41463,시(구 합산),4003
201406,경기,용인시,41465,시(구 합산),4003
201406,경기,파주시,41480,시군구,1674
201406,경기,이천시,41500,시군구,48
201406,경기,안성시,41550,시군구,7
201406,경기,김포시,41570,시군구,3856
201406,경기,양주시,41630,시군구,78
201406,경기,여주시,41670,시군구,0
201406,경기,화성시,41591,시(구 합산),826
201406,경기,화성시,41593,시(구 합산),826
201406,경기,화성시,41595,시(구 합산),826
201406,경기,화성시,41597,시(구 합산),826
201406,경기,화성시,41590,시(구 합산),826
201406,경기,광주시,41610,시군구,29
201406,경기,연천군,41800,시군구,0
201406,경기,포천시,41650,시군구,0
201406,경기,가평군,41820,시군구,177
201406,경기,양평군,41830,시군구,61
201406,강원,계,,시도,2275
201406,충북,계,,시도,1486
201406,충남,계,,시도,1353
201406,세종,계,,시도,302
201406,전북,계,,시도,1401
201406,전남,계,,시도,3338
201406,경북,계,,시도,720
201406,경남,계,,시도,4040
201406,제주,계,,시도,360
201407,서울,계,,시도,2492
201407,서울,종로구,11110,시군구,1
201407,서울,중구,11140,시군구,8
201407,서울,용산구,11170,시군구,51
201407,서울,성동구,11200,시군구,88
201407,서울,광진구,11215,시군구,13
201407,서울,동대문구,11230,시군구,11
201407,서울,중랑구,11260,시군구,42
201407,서울,성북구,11290,시군구,200
201407,서울,강북구,11305,시군구,47
201407,서울,도봉구,11320,시군구,0
201407,서울,노원구,11350,시군구,5
201407,서울,은평구,11380,시군구,3
201407,서울,서대문구,11410,시군구,548
201407,서울,마포구,11440,시군구,180
201407,서울,양천구,11470,시군구,30
201407,서울,강서구,11500,시군구,45
201407,서울,구로구,11530,시군구,41
201407,서울,금천구,11545,시군구,0
201407,서울,영등포구,11560,시군구,29
201407,서울,동작구,11590,시군구,0
201407,서울,관악구,11620,시군구,0
201407,서울,서초구,11650,시군구,35
201407,서울,강남구,11680,시군구,50
201407,서울,송파구,11710,시군구,51
201407,서울,강동구,11740,시군구,1014
201407,부산,계,,시도,2822
201407,대구,계,,시도,1754
201407,인천,계,,시도,6418
201407,인천,중구,28110,시군구,1278
201407,인천,동구,28140,시군구,0
201407,인천,미추홀구,28177,시군구,1618
201407,인천,연수구,28185,시군구,2451
201407,인천,남동구,28200,시군구,173
201407,인천,부평구,28237,시군구,81
201407,인천,계양구,28245,시군구,238
201407,인천,서구,28260,시군구,562
201407,인천,강화군,28710,시군구,17
201407,인천,옹진군,28720,시군구,0
201407,광주,계,,시도,657
201407,대전,계,,시도,590
201407,울산,계,,시도,806
201407,경기,계,,시도,17887
201407,경기,수원시,41111,시(구 합산),606
201407,경기,수원시,41113,시(구 합산),606
201407,경기,수원시,41115,시(구 합산),606
201407,경기,수원시,41117,시(구 합산),606
201407,경기,성남시,41131,시(구 합산),136
201407,경기,성남시,41133,시(구 합산),136
201407,경기,성남시,41135,시(구 합산),136
201407,경기,의정부시,41150,시군구,140
201407,경기,안양시,41171,시(구 합산),121
201407,경기,안양시,41173,시(구 합산),121
201407,경기,부천시,41192,시(구 합산),677
201407,경기,부천시,41194,시(구 합산),677
201407,경기,부천시,41196,시(구 합산),677
201407,경기,부천시,41190,시(구 합산),677
201407,경기,광명시,41210,시군구,0
201407,경기,평택시,41220,시군구,1508
201407,경기,동두천시,41250,시군구,479
201407,경기,안산시,41271,시(구 합산),55
201407,경기,안산시,41273,시(구 합산),55
201407,경기,고양시,41281,시(구 합산),2024
201407,경기,고양시,41285,시(구 합산),2024
201407,경기,고양시,41287,시(구 합산),2024
201407,경기,과천시,41290,시군구,0
201407,경기,구리시,41310,시군구,214
201407,경기,남양주시,41360,시군구,627
201407,경기,오산시,41370,시군구,146
201407,경기,시흥시,41390,시군구,267
201407,경기,군포시,41410,시군구,53
201407,경기,의왕시,41430,시군구,502
201407,경기,하남시,41450,시군구,1122
201407,경기,용인시,41461,시(구 합산),3942
201407,경기,용인시,41463,시(구 합산),3942
201407,경기,용인시,41465,시(구 합산),3942
201407,경기,파주시,41480,시군구,1025
201407,경기,이천시,41500,시군구,45
201407,경기,안성시,41550,시군구,7
201407,경기,김포시,41570,시군구,2811
201407,경기,양주시,41630,시군구,415
201407,경기,여주시,41670,시군구,0
201407,경기,화성시,41591,시(구 합산),701
201407,경기,화성시,41593,시(구 합산),701
201407,경기,화성시,41595,시(구 합산),701
201407,경기,화성시,41597,시(구 합산),701
201407,경기,화성시,41590,시(구 합산),701
201407,경기,광주시,41610,시군구,26
201407,경기,연천군,41800,시군구,0
201407,경기,포천시,41650,시군구,0
201407,경기,가평군,41820,시군구,177
201407,경기,양평군,41830,시군구,61
201407,강원,계,,시도,2169
201407,충북,계,,시도,1851
201407,충남,계,,시도,1816
201407,세종,계,,시도,1344
201407,전북,계,,시도,1502
201407,전남,계,,시도,3244
201407,경북,계,,시도,1138
201407,경남,계,,시도,4474
201407,제주,계,,시도,323
201408,서울,계,,시도,2362
201408,서울,종로구,11110,시군구,1
201408,서울,강남구,11680,시군구,36
201408,서울,강동구,11740,시군구,1003
201408,서울,강북구,11305,시군구,42
201408,서울,강서구,11500,시군구,45
201408,서울,관악구,11620,시군구,0
201408,서울,광진구,11215,시군구,12
201408,서울,구로구,11530,시군구,24
201408,서울,금천구,11545,시군구,0
201408,서울,노원구,11350,시군구,5
201408,서울,도봉구,11320,시군구,0
201408,서울,동대문구,11230,시군구,6
201408,서울,동작구,11590,시군구,0
201408,서울,마포구,11440,시군구,180
201408,서울,서대문구,11410,시군구,548
201408,서울,서초구,11650,시군구,34
201408,서울,성동구,11200,시군구,81
201408,서울,성북구,11290,시군구,133
201408,서울,송파구,11710,시군구,51
201408,서울,양천구,11470,시군구,30
201408,서울,영등포구,11560,시군구,29
201408,서울,용산구,11170,시군구,51
201408,서울,은평구,11380,시군구,3
201408,서울,중구,11140,시군구,6
201408,서울,중랑구,11260,시군구,42
201408,부산,계,,시도,2227
201408,대구,계,,시도,1097
201408,인천,계,,시도,5512
201408,인천,중구,28110,시군구,1172
201408,인천,동구,28140,시군구,24
201408,인천,미추홀구,28177,시군구,1549
201408,인천,연수구,28185,시군구,1750
201408,인천,남동구,28200,시군구,175
201408,인천,부평구,28237,시군구,66
201408,인천,계양구,28245,시군구,238
201408,인천,서구,28260,시군구,521
201408,인천,강화군,28710,시군구,17
201408,인천,옹진군,28720,시군구,0
201408,광주,계,,시도,410
201408,대전,계,,시도,827
201408,울산,계,,시도,555
201408,경기,계,,시도,15340
201408,경기,수원시,41111,시(구 합산),606
201408,경기,수원시,41113,시(구 합산),606
201408,경기,수원시,41115,시(구 합산),606
201408,경기,수원시,41117,시(구 합산),606
201408,경기,성남시,41131,시(구 합산),136
201408,경기,성남시,41133,시(구 합산),136
201408,경기,성남시,41135,시(구 합산),136
201408,경기,의정부시,41150,시군구,131
201408,경기,안양시,41171,시(구 합산),121
201408,경기,안양시,41173,시(구 합산),121
201408,경기,부천시,41192,시(구 합산),859
201408,경기,부천시,41194,시(구 합산),859
201408,경기,부천시,41196,시(구 합산),859
201408,경기,부천시,41190,시(구 합산),859
201408,경기,광명시,41210,시군구,0
201408,경기,평택시,41220,시군구,773
201408,경기,동두천시,41250,시군구,476
201408,경기,안산시,41271,시(구 합산),55
201408,경기,안산시,41273,시(구 합산),55
201408,경기,고양시,41281,시(구 합산),1898
201408,경기,고양시,41285,시(구 합산),1898
201408,경기,고양시,41287,시(구 합산),1898
201408,경기,과천시,41290,시군구,0
201408,경기,구리시,41310,시군구,96
201408,경기,남양주시,41360,시군구,570
201408,경기,오산시,41370,시군구,141
201408,경기,시흥시,41390,시군구,47
201408,경기,군포시,41410,시군구,53
201408,경기,의왕시,41430,시군구,502
201408,경기,하남시,41450,시군구,302
201408,경기,용인시,41461,시(구 합산),3836
201408,경기,용인시,41463,시(구 합산),3836
201408,경기,용인시,41465,시(구 합산),3836
201408,경기,파주시,41480,시군구,911
201408,경기,이천시,41500,시군구,114
201408,경기,안성시,41550,시군구,7
201408,경기,김포시,41570,시군구,2320
201408,경기,양주시,41630,시군구,358
201408,경기,여주시,41670,시군구,0
201408,경기,화성시,41591,시(구 합산),576
201408,경기,화성시,41593,시(구 합산),576
201408,경기,화성시,41595,시(구 합산),576
201408,경기,화성시,41597,시(구 합산),576
201408,경기,화성시,41590,시(구 합산),576
201408,경기,광주시,41610,시군구,214
201408,경기,연천군,41800,시군구,0
201408,경기,포천시,41650,시군구,0
201408,경기,가평군,41820,시군구,177
201408,경기,양평군,41830,시군구,61
201408,강원,계,,시도,1739
201408,충북,계,,시도,1553
201408,충남,계,,시도,2095
201408,세종,계,,시도,897
201408,전북,계,,시도,1420
201408,전남,계,,시도,3139
201408,경북,계,,시도,1578
201408,경남,계,,시도,3769
201408,제주,계,,시도,264
201409,서울,계,,시도,1797
201409,서울,종로구,11110,시군구,1
201409,서울,강남구,11680,시군구,20
201409,서울,강동구,11740,시군구,988
201409,서울,강북구,11305,시군구,18
201409,서울,강서구,11500,시군구,21
201409,서울,관악구,11620,시군구,0
201409,서울,광진구,11215,시군구,8
201409,서울,구로구,11530,시군구,5
201409,서울,금천구,11545,시군구,0
201409,서울,노원구,11350,시군구,5
201409,서울,도봉구,11320,시군구,0
201409,서울,동대문구,11230,시군구,0
201409,서울,동작구,11590,시군구,0
201409,서울,마포구,11440,시군구,15
201409,서울,서대문구,11410,시군구,300
201409,서울,서초구,11650,시군구,25
201409,서울,성동구,11200,시군구,47
201409,서울,성북구,11290,시군구,133
201409,서울,송파구,11710,시군구,51
201409,서울,양천구,11470,시군구,30
201409,서울,영등포구,11560,시군구,29
201409,서울,용산구,11170,시군구,51
201409,서울,은평구,11380,시군구,3
201409,서울,중구,11140,시군구,5
201409,서울,중랑구,11260,시군구,42
201409,부산,계,,시도,2671
201409,대구,계,,시도,773
201409,인천,계,,시도,4640
201409,인천,중구,28110,시군구,1052
201409,인천,동구,28140,시군구,19
201409,인천,미추홀구,28177,시군구,1466
201409,인천,연수구,28185,시군구,1028
201409,인천,남동구,28200,시군구,165
201409,인천,부평구,28237,시군구,66
201409,인천,계양구,28245,시군구,238
201409,인천,서구,28260,시군구,589
201409,인천,강화군,28710,시군구,17
201409,인천,옹진군,28720,시군구,0
201409,광주,계,,시도,268
201409,대전,계,,시도,650
201409,울산,계,,시도,409
201409,경기,계,,시도,13505
201409,경기,수원시,41111,시(구 합산),606
201409,경기,수원시,41113,시(구 합산),606
201409,경기,수원시,41115,시(구 합산),606
201409,경기,수원시,41117,시(구 합산),606
201409,경기,가평군,41820,시군구,170
201409,경기,고양시,41281,시(구 합산),1735
201409,경기,고양시,41285,시(구 합산),1735
201409,경기,고양시,41287,시(구 합산),1735
201409,경기,과천시,41290,시군구,0
201409,경기,광명시,41210,시군구,0
201409,경기,광주시,41610,시군구,23
201409,경기,구리시,41310,시군구,36
201409,경기,군포시,41410,시군구,53
201409,경기,김포시,41570,시군구,1697
201409,경기,남양주시,41360,시군구,521
201409,경기,동두천시,41250,시군구,476
201409,경기,부천시,41192,시(구 합산),793
201409,경기,부천시,41194,시(구 합산),793
201409,경기,부천시,41196,시(구 합산),793
201409,경기,부천시,41190,시(구 합산),793
201409,경기,성남시,41131,시(구 합산),136
201409,경기,성남시,41133,시(구 합산),136
201409,경기,성남시,41135,시(구 합산),136
201409,경기,시흥시,41390,시군구,14
201409,경기,안산시,41271,시(구 합산),45
201409,경기,안산시,41273,시(구 합산),45
201409,경기,안성시,41550,시군구,7
201409,경기,안양시,41171,시(구 합산),121
201409,경기,안양시,41173,시(구 합산),121
201409,경기,양주시,41630,시군구,285
201409,경기,양평군,41830,시군구,0
201409,경기,여주시,41670,시군구,0
201409,경기,연천군,41800,시군구,0
201409,경기,오산시,41370,시군구,136
201409,경기,용인시,41461,시(구 합산),3750
201409,경기,용인시,41463,시(구 합산),3750
201409,경기,용인시,41465,시(구 합산),3750
201409,경기,의왕시,41430,시군구,502
201409,경기,의정부시,41150,시군구,121
201409,경기,이천시,41500,시군구,88
201409,경기,파주시,41480,시군구,789
201409,경기,평택시,41220,시군구,585
201409,경기,포천시,41650,시군구,0
201409,경기,하남시,41450,시군구,302
201409,경기,화성시,41591,시(구 합산),514
201409,경기,화성시,41593,시(구 합산),514
201409,경기,화성시,41595,시(구 합산),514
201409,경기,화성시,41597,시(구 합산),514
201409,경기,화성시,41590,시(구 합산),514
201409,강원,계,,시도,1630
201409,충북,계,,시도,1326
201409,충남,계,,시도,1525
201409,세종,계,,시도,697
201409,전북,계,,시도,1350
201409,전남,계,,시도,3031
201409,경북,계,,시도,1338
201409,경남,계,,시도,3319
201409,제주,계,,시도,239
201410,서울,계,,시도,1724
201410,서울,종로구,11110,시군구,1
201410,서울,중구,11140,시군구,5
201410,서울,용산구,11170,시군구,233
201410,서울,성동구,11200,시군구,20
201410,서울,광진구,11215,시군구,7
201410,서울,동대문구,11230,시군구,
201410,서울,중랑구,11260,시군구,29
201410,서울,성북구,11290,시군구,118
201410,서울,강북구,11305,시군구,12
201410,서울,도봉구,11320,시군구,0
201410,서울,노원구,11350,시군구,5
201410,서울,은평구,11380,시군구,2
201410,서울,서대문구,11410,시군구,192
201410,서울,마포구,11440,시군구,15
201410,서울,양천구,11470,시군구,30
201410,서울,강서구,11500,시군구,21
201410,서울,구로구,11530,시군구,0
201410,서울,금천구,11545,시군구,0
201410,서울,영등포구,11560,시군구,12
201410,서울,동작구,11590,시군구,0
201410,서울,관악구,11620,시군구,0
201410,서울,서초구,11650,시군구,19
201410,서울,강남구,11680,시군구,18
201410,서울,송파구,11710,시군구,51
201410,서울,강동구,11740,시군구,934
201410,부산,계,,시도,2199
201410,대구,계,,시도,788
201410,인천,계,,시도,3996
201410,인천,중구,28110,시군구,1004
201410,인천,동구,28140,시군구,0
201410,인천,미추홀구,28177,시군구,1384
201410,인천,연수구,28185,시군구,643
201410,인천,남동구,28200,시군구,157
201410,인천,부평구,28237,시군구,16
201410,인천,계양구,28245,시군구,238
201410,인천,서구,28260,시군구,537
201410,인천,강화군,28710,시군구,17
201410,인천,옹진군,28720,시군구,0
201410,광주,계,,시도,186
201410,대전,계,,시도,562
201410,울산,계,,시도,342
201410,경기,계,,시도,13999
201410,경기,수원시,41111,시(구 합산),605
201410,경기,수원시,41113,시(구 합산),605
201410,경기,수원시,41115,시(구 합산),605
201410,경기,수원시,41117,시(구 합산),605
201410,경기,성남시,41131,시(구 합산),136
201410,경기,성남시,41133,시(구 합산),136
201410,경기,성남시,41135,시(구 합산),136
201410,경기,의정부시,41150,시군구,109
201410,경기,안양시,41171,시(구 합산),121
201410,경기,안양시,41173,시(구 합산),121
201410,경기,부천시,41192,시(구 합산),698
201410,경기,부천시,41194,시(구 합산),698
201410,경기,부천시,41196,시(구 합산),698
201410,경기,부천시,41190,시(구 합산),698
201410,경기,광명시,41210,시군구,0
201410,경기,평택시,41220,시군구,585
201410,경기,동두천시,41250,시군구,475
201410,경기,안산시,41271,시(구 합산),38
201410,경기,안산시,41273,시(구 합산),38
201410,경기,고양시,41281,시(구 합산),1542
201410,경기,고양시,41285,시(구 합산),1542
201410,경기,고양시,41287,시(구 합산),1542
201410,경기,과천시,41290,시군구,0
201410,경기,구리시,41310,시군구,151
201410,경기,남양주시,41360,시군구,461
201410,경기,오산시,41370,시군구,125
201410,경기,시흥시,41390,시군구,14
201410,경기,군포시,41410,시군구,53
201410,경기,의왕시,41430,시군구,502
201410,경기,하남시,41450,시군구,302
201410,경기,용인시,41461,시(구 합산),3619
201410,경기,용인시,41463,시(구 합산),3619
201410,경기,용인시,41465,시(구 합산),3619
201410,경기,파주시,41480,시군구,726
201410,경기,이천시,41500,시군구,88
201410,경기,안성시,41550,시군구,7
201410,경기,김포시,41570,시군구,1114
201410,경기,양주시,41630,시군구,826
201410,경기,여주시,41670,시군구,0
201410,경기,화성시,41591,시(구 합산),1284
201410,경기,화성시,41593,시(구 합산),1284
201410,경기,화성시,41595,시(구 합산),1284
201410,경기,화성시,41597,시(구 합산),1284
201410,경기,화성시,41590,시(구 합산),1284
201410,경기,광주시,41610,시군구,23
201410,경기,연천군,41800,시군구,0
201410,경기,포천시,41650,시군구,0
201410,경기,가평군,41820,시군구,165
201410,경기,양평군,41830,시군구,230
201410,강원,계,,시도,3357
201410,충북,계,,시도,1144
201410,충남,계,,시도,2676
201410,세종,계,,시도,313
201410,전북,계,,시도,1299
201410,전남,계,,시도,2678
201410,경북,계,,시도,2183
201410,경남,계,,시도,2907
201410,제주,계,,시도,160
201411,서울,계,,시도,1522
201411,서울,종로구,11110,시군구,1
201411,서울,중구,11140,시군구,2
201411,서울,용산구,11170,시군구,217
201411,서울,성동구,11200,시군구,9
201411,서울,광진구,11215,시군구,5
201411,서울,동대문구,11230,시군구,0
201411,서울,중랑구,11260,시군구,29
201411,서울,성북구,11290,시군구,86
201411,서울,강북구,11305,시군구,9
201411,서울,도봉구,11320,시군구,0
201411,서울,노원구,11350,시군구,5
201411,서울,은평구,11380,시군구,2
201411,서울,서대문구,11410,시군구,202
201411,서울,마포구,11440,시군구,15
201411,서울,양천구,11470,시군구,30
201411,서울,강서구,11500,시군구,21
201411,서울,구로구,11530,시군구,10
201411,서울,금천구,11545,시군구,0
201411,서울,영등포구,11560,시군구,12
201411,서울,동작구,11590,시군구,0
201411,서울,관악구,11620,시군구,0
201411,서울,서초구,11650,시군구,19
201411,서울,강남구,11680,시군구,15
201411,서울,송파구,11710,시군구,51
201411,서울,강동구,11740,시군구,782
201411,부산,계,,시도,2375
201411,대구,계,,시도,554
201411,인천,계,,시도,3713
201411,인천,중구,28110,시군구,907
201411,인천,동구,28140,시군구,0
201411,인천,미추홀구,28177,시군구,1216
201411,인천,연수구,28185,시군구,610
201411,인천,남동구,28200,시군구,151
201411,인천,부평구,28237,시군구,8
201411,인천,계양구,28245,시군구,324
201411,인천,서구,28260,시군구,480
201411,인천,강화군,28710,시군구,17
201411,인천,옹진군,28720,시군구,0
201411,광주,계,,시도,172
201411,대전,계,,시도,669
201411,울산,계,,시도,307
201411,경기,계,,시도,14539
201411,경기,수원시,41111,시(구 합산),605
201411,경기,수원시,41113,시(구 합산),605
201411,경기,수원시,41115,시(구 합산),605
201411,경기,수원시,41117,시(구 합산),605
201411,경기,성남시,41131,시(구 합산),111
201411,경기,성남시,41133,시(구 합산),111
201411,경기,성남시,41135,시(구 합산),111
201411,경기,의정부시,41150,시군구,477
201411,경기,안양시,41171,시(구 합산),121
201411,경기,안양시,41173,시(구 합산),121
201411,경기,부천시,41192,시(구 합산),648
201411,경기,부천시,41194,시(구 합산),648
201411,경기,부천시,41196,시(구 합산),648
201411,경기,부천시,41190,시(구 합산),648
201411,경기,광명시,41210,시군구,0
201411,경기,평택시,41220,시군구,585
201411,경기,동두천시,41250,시군구,475
201411,경기,안산시,41271,시(구 합산),38
201411,경기,안산시,41273,시(구 합산),38
201411,경기,고양시,41281,시(구 합산),1821
201411,경기,고양시,41285,시(구 합산),1821
201411,경기,고양시,41287,시(구 합산),1821
201411,경기,과천시,41290,시군구,0
201411,경기,구리시,41310,시군구,127
201411,경기,남양주시,41360,시군구,434
201411,경기,오산시,41370,시군구,560
201411,경기,시흥시,41390,시군구,812
201411,경기,군포시,41410,시군구,50
201411,경기,의왕시,41430,시군구,502
201411,경기,하남시,41450,시군구,302
201411,경기,용인시,41461,시(구 합산),3556
201411,경기,용인시,41463,시(구 합산),3556
201411,경기,용인시,41465,시(구 합산),3556
201411,경기,파주시,41480,시군구,618
201411,경기,이천시,41500,시군구,46
201411,경기,안성시,41550,시군구,7
201411,경기,김포시,41570,시군구,677
201411,경기,양주시,41630,시군구,810
201411,경기,여주시,41670,시군구,0
201411,경기,화성시,41591,시(구 합산),875
201411,경기,화성시,41593,시(구 합산),875
201411,경기,화성시,41595,시(구 합산),875
201411,경기,화성시,41597,시(구 합산),875
201411,경기,화성시,41590,시(구 합산),875
201411,경기,광주시,41610,시군구,21
201411,경기,연천군,41800,시군구,0
201411,경기,포천시,41650,시군구,0
201411,경기,가평군,41820,시군구,165
201411,경기,양평군,41830,시군구,96
201411,강원,계,,시도,3086
201411,충북,계,,시도,1032
201411,충남,계,,시도,2338
201411,세종,계,,시도,61
201411,전북,계,,시도,1255
201411,전남,계,,시도,2641
201411,경북,계,,시도,2516
201411,경남,계,,시도,2776
201411,제주,계,,시도,147
201412,서울,계,,시도,1356
201412,서울,종로구,11110,시군구,1
201412,서울,중구,11140,시군구,2
201412,서울,용산구,11170,시군구,207
201412,서울,성동구,11200,시군구,6
201412,서울,광진구,11215,시군구,5
201412,서울,동대문구,11230,시군구,0
201412,서울,중랑구,11260,시군구,3
201412,서울,성북구,11290,시군구,86
201412,서울,강북구,11305,시군구,3
201412,서울,도봉구,11320,시군구,0
201412,서울,노원구,11350,시군구,5
201412,서울,은평구,11380,시군구,2
201412,서울,서대문구,11410,시군구,156
201412,서울,마포구,11440,시군구,15
201412,서울,양천구,11470,시군구,30
201412,서울,강서구,11500,시군구,13
201412,서울,구로구,11530,시군구,6
201412,서울,금천구,11545,시군구,0
201412,서울,영등포구,11560,시군구,8
201412,서울,동작구,11590,시군구,0
201412,서울,관악구,11620,시군구,0
201412,서울,서초구,11650,시군구,18
201412,서울,강남구,11680,시군구,13
201412,서울,송파구,11710,시군구,51
201412,서울,강동구,11740,시군구,726
201412,부산,계,,시도,2060
201412,대구,계,,시도,1013
201412,인천,계,,시도,3735
201412,인천,중구,28110,시군구,836
201412,인천,동구,28140,시군구,0
201412,인천,미추홀구,28177,시군구,998
201412,인천,연수구,28185,시군구,959
201412,인천,남동구,28200,시군구,148
201412,인천,부평구,28237,시군구,6
201412,인천,계양구,28245,시군구,324
201412,인천,서구,28260,시군구,447
201412,인천,강화군,28710,시군구,17
201412,인천,옹진군,28720,시군구,0
201412,광주,계,,시도,247
201412,대전,계,,시도,444
201412,울산,계,,시도,258
201412,경기,계,,시도,14723
201412,경기,수원시,41111,시(구 합산),605
201412,경기,수원시,41113,시(구 합산),605
201412,경기,수원시,41115,시(구 합산),605
201412,경기,수원시,41117,시(구 합산),605
201412,경기,성남시,41131,시(구 합산),43
201412,경기,성남시,41133,시(구 합산),43
201412,경기,성남시,41135,시(구 합산),43
201412,경기,의정부시,41150,시군구,263
201412,경기,안양시,41171,시(구 합산),121
201412,경기,안양시,41173,시(구 합산),121
201412,경기,부천시,41192,시(구 합산),602
201412,경기,부천시,41194,시(구 합산),602
201412,경기,부천시,41196,시(구 합산),602
201412,경기,부천시,41190,시(구 합산),602
201412,경기,광명시,41210,시군구,0
201412,경기,평택시,41220,시군구,762
201412,경기,동두천시,41250,시군구,475
201412,경기,안산시,41271,시(구 합산),38
201412,경기,안산시,41273,시(구 합산),38
201412,경기,고양시,41281,시(구 합산),1658
201412,경기,고양시,41285,시(구 합산),1658
201412,경기,고양시,41287,시(구 합산),1658
201412,경기,과천시,41290,시군구,0
201412,경기,구리시,41310,시군구,115
201412,경기,남양주시,41360,시군구,420
201412,경기,오산시,41370,시군구,520
201412,경기,시흥시,41390,시군구,749
201412,경기,군포시,41410,시군구,50
201412,경기,의왕시,41430,시군구,502
201412,경기,하남시,41450,시군구,302
201412,경기,용인시,41461,시(구 합산),3476
201412,경기,용인시,41463,시(구 합산),3476
201412,경기,용인시,41465,시(구 합산),3476
201412,경기,파주시,41480,시군구,603
201412,경기,이천시,41500,시군구,74
201412,경기,안성시,41550,시군구,7
201412,경기,김포시,41570,시군구,1074
201412,경기,양주시,41630,시군구,647
201412,경기,여주시,41670,시군구,0
201412,경기,화성시,41591,시(구 합산),762
201412,경기,화성시,41593,시(구 합산),762
201412,경기,화성시,41595,시(구 합산),762
201412,경기,화성시,41597,시(구 합산),762
201412,경기,화성시,41590,시(구 합산),762
201412,경기,광주시,41610,시군구,21
201412,경기,연천군,41800,시군구,0
201412,경기,포천시,41650,시군구,0
201412,경기,가평군,41820,시군구,159
201412,경기,양평군,41830,시군구,675
201412,강원,계,,시도,3054
201412,충북,계,,시도,931
201412,충남,계,,시도,2838
201412,세종,계,,시도,433
201412,전북,계,,시도,1197
201412,전남,계,,시도,2981
201412,경북,계,,시도,2023
201412,경남,계,,시도,2962
201412,제주,계,,시도,124
201501,서울,계,,시도,1497
201501,서울,종로구,11110,시군구,211
201501,서울,중구,11140,시군구,2
201501,서울,용산구,11170,시군구,198
201501,서울,성동구,11200,시군구,4
201501,서울,광진구,11215,시군구,1
201501,서울,동대문구,11230,시군구,0
201501,서울,중랑구,11260,시군구,3
201501,서울,성북구,11290,시군구,169
201501,서울,강북구,11305,시군구,3
201501,서울,도봉구,11320,시군구,0
201501,서울,노원구,11350,시군구,5
201501,서울,은평구,11380,시군구,2
201501,서울,서대문구,11410,시군구,156
201501,서울,마포구,11440,시군구,10
201501,서울,양천구,11470,시군구,30
201501,서울,강서구,11500,시군구,13
201501,서울,구로구,11530,시군구,0
201501,서울,금천구,11545,시군구,0
201501,서울,영등포구,11560,시군구,8
201501,서울,동작구,11590,시군구,0
201501,서울,관악구,11620,시군구,0
201501,서울,서초구,11650,시군구,17
201501,서울,강남구,11680,시군구,12
201501,서울,송파구,11710,시군구,0
201501,서울,강동구,11740,시군구,653
201501,부산,계,,시도,1710
201501,대구,계,,시도,857
201501,인천,계,,시도,3257
201501,인천,중구,28110,시군구,828
201501,인천,동구,28140,시군구,0
201501,인천,미추홀구,28177,시군구,828
201501,인천,연수구,28185,시군구,773
201501,인천,남동구,28200,시군구,148
201501,인천,부평구,28237,시군구,4
201501,인천,계양구,28245,시군구,238
201501,인천,서구,28260,시군구,421
201501,인천,강화군,28710,시군구,17
201501,인천,옹진군,28720,시군구,0
201501,광주,계,,시도,252
201501,대전,계,,시도,456
201501,울산,계,,시도,329
201501,경기,계,,시도,14201
201501,경기,수원시,41111,시(구 합산),605
201501,경기,수원시,41113,시(구 합산),605
201501,경기,수원시,41115,시(구 합산),605
201501,경기,수원시,41117,시(구 합산),605
201501,경기,성남시,41131,시(구 합산),43
201501,경기,성남시,41133,시(구 합산),43
201501,경기,성남시,41135,시(구 합산),43
201501,경기,의정부시,41150,시군구,128
201501,경기,안양시,41171,시(구 합산),121
201501,경기,안양시,41173,시(구 합산),121
201501,경기,부천시,41192,시(구 합산),538
201501,경기,부천시,41194,시(구 합산),538
201501,경기,부천시,41196,시(구 합산),538
201501,경기,부천시,41190,시(구 합산),538
201501,경기,광명시,41210,시군구,0
201501,경기,평택시,41220,시군구,472
201501,경기,동두천시,41250,시군구,475
201501,경기,안산시,41271,시(구 합산),38
201501,경기,안산시,41273,시(구 합산),38
201501,경기,고양시,41281,시(구 합산),1528
201501,경기,고양시,41285,시(구 합산),1528
201501,경기,고양시,41287,시(구 합산),1528
201501,경기,과천시,41290,시군구,0
201501,경기,구리시,41310,시군구,190
201501,경기,남양주시,41360,시군구,841
201501,경기,오산시,41370,시군구,425
201501,경기,시흥시,41390,시군구,636
201501,경기,군포시,41410,시군구,50
201501,경기,의왕시,41430,시군구,502
201501,경기,하남시,41450,시군구,302
201501,경기,용인시,41461,시(구 합산),3516
201501,경기,용인시,41463,시(구 합산),3516
201501,경기,용인시,41465,시(구 합산),3516
201501,경기,파주시,41480,시군구,560
201501,경기,이천시,41500,시군구,44
201501,경기,안성시,41550,시군구,7
201501,경기,김포시,41570,시군구,648
201501,경기,양주시,41630,시군구,647
201501,경기,여주시,41670,시군구,0
201501,경기,화성시,41591,시(구 합산),898
201501,경기,화성시,41593,시(구 합산),898
201501,경기,화성시,41595,시(구 합산),898
201501,경기,화성시,41597,시(구 합산),898
201501,경기,화성시,41590,시(구 합산),898
201501,경기,광주시,41610,시군구,153
201501,경기,연천군,41800,시군구,0
201501,경기,포천시,41650,시군구,0
201501,경기,가평군,41820,시군구,159
201501,경기,양평군,41830,시군구,675
201501,강원,계,,시도,2930
201501,충북,계,,시도,842
201501,충남,계,,시도,2199
201501,세종,계,,시도,295
201501,전북,계,,시도,824
201501,전남,계,,시도,2006
201501,경북,계,,시도,2024
201501,경남,계,,시도,3138
201501,제주,계,,시도,168
201502,서울,계,,시도,1238
201502,서울,종로구,11110,시군구,201
201502,서울,중구,11140,시군구,0
201502,서울,용산구,11170,시군구,186
201502,서울,성동구,11200,시군구,0
201502,서울,광진구,11215,시군구,0
201502,서울,동대문구,11230,시군구,0
201502,서울,중랑구,11260,시군구,0
201502,서울,성북구,11290,시군구,143
201502,서울,강북구,11305,시군구,3
201502,서울,도봉구,11320,시군구,0
201502,서울,노원구,11350,시군구,5
201502,서울,은평구,11380,시군구,2
201502,서울,서대문구,11410,시군구,156
201502,서울,마포구,11440,시군구,10
201502,서울,양천구,11470,시군구,30
201502,서울,강서구,11500,시군구,13
201502,서울,구로구,11530,시군구,0
201502,서울,금천구,11545,시군구,0
201502,서울,영등포구,11560,시군구,8
201502,서울,동작구,11590,시군구,0
201502,서울,관악구,11620,시군구,0
201502,서울,서초구,11650,시군구,25
201502,서울,강남구,11680,시군구,8
201502,서울,송파구,11710,시군구,0
201502,서울,강동구,11740,시군구,448
201502,부산,계,,시도,1515
201502,대구,계,,시도,669
201502,인천,계,,시도,2991
201502,인천,중구,28110,시군구,825
201502,인천,동구,28140,시군구,0
201502,인천,미추홀구,28177,시군구,691
201502,인천,연수구,28185,시군구,680
201502,인천,남동구,28200,시군구,148
201502,인천,부평구,28237,시군구,3
201502,인천,계양구,28245,시군구,238
201502,인천,서구,28260,시군구,389
201502,인천,강화군,28710,시군구,17
201502,인천,옹진군,28720,시군구,0
201502,광주,계,,시도,141
201502,대전,계,,시도,424
201502,울산,계,,시도,309
201502,경기,계,,시도,12695
201502,경기,수원시,41111,시(구 합산),605
201502,경기,수원시,41113,시(구 합산),605
201502,경기,수원시,41115,시(구 합산),605
201502,경기,수원시,41117,시(구 합산),605
201502,경기,성남시,41131,시(구 합산),43
201502,경기,성남시,41133,시(구 합산),43
201502,경기,성남시,41135,시(구 합산),43
201502,경기,의정부시,41150,시군구,128
201502,경기,안양시,41171,시(구 합산),121
201502,경기,안양시,41173,시(구 합산),121
201502,경기,부천시,41192,시(구 합산),358
201502,경기,부천시,41194,시(구 합산),358
201502,경기,부천시,41196,시(구 합산),358
201502,경기,부천시,41190,시(구 합산),358
201502,경기,광명시,41210,시군구,0
201502,경기,평택시,41220,시군구,472
201502,경기,동두천시,41250,시군구,475
201502,경기,안산시,41271,시(구 합산),27
201502,경기,안산시,41273,시(구 합산),27
201502,경기,고양시,41281,시(구 합산),1277
201502,경기,고양시,41285,시(구 합산),1277
201502,경기,고양시,41287,시(구 합산),1277
201502,경기,과천시,41290,시군구,0
201502,경기,구리시,41310,시군구,144
201502,경기,남양주시,41360,시군구,723
201502,경기,오산시,41370,시군구,425
201502,경기,시흥시,41390,시군구,296
201502,경기,군포시,41410,시군구,50
201502,경기,의왕시,41430,시군구,502
201502,경기,하남시,41450,시군구,302
201502,경기,용인시,41461,시(구 합산),3416
201502,경기,용인시,41463,시(구 합산),3416
201502,경기,용인시,41465,시(구 합산),3416
201502,경기,파주시,41480,시군구,526
201502,경기,이천시,41500,시군구,34
201502,경기,안성시,41550,시군구,7
201502,경기,김포시,41570,시군구,319
201502,경기,양주시,41630,시군구,560
201502,경기,여주시,41670,시군구,0
201502,경기,화성시,41591,시(구 합산),1047
201502,경기,화성시,41593,시(구 합산),1047
201502,경기,화성시,41595,시(구 합산),1047
201502,경기,화성시,41597,시(구 합산),1047
201502,경기,화성시,41590,시(구 합산),1047
201502,경기,광주시,41610,시군구,117
201502,경기,연천군,41800,시군구,0
201502,경기,포천시,41650,시군구,0
201502,경기,가평군,41820,시군구,159
201502,경기,양평군,41830,시군구,562
201502,강원,계,,시도,2850
201502,충북,계,,시도,1090
201502,충남,계,,시도,2318
201502,세종,계,,시도,84
201502,전북,계,,시도,883
201502,전남,계,,시도,1888
201502,경북,계,,시도,1844
201502,경남,계,,시도,2766
201502,제주,계,,시도,108
201503,서울,계,,시도,1064
201503,서울,종로구,11110,시군구,151
201503,서울,중구,11140,시군구,0
201503,서울,용산구,11170,시군구,169
201503,서울,성동구,11200,시군구,0
201503,서울,광진구,11215,시군구,0
201503,서울,동대문구,11230,시군구,0
201503,서울,중랑구,11260,시군구,0
201503,서울,성북구,11290,시군구,97
201503,서울,강북구,11305,시군구,2
201503,서울,도봉구,11320,시군구,0
201503,서울,노원구,11350,시군구,5
201503,서울,은평구,11380,시군구,2
201503,서울,서대문구,11410,시군구,137
201503,서울,마포구,11440,시군구,10
201503,서울,양천구,11470,시군구,30
201503,서울,강서구,11500,시군구,318
201503,서울,구로구,11530,시군구,0
201503,서울,금천구,11545,시군구,0
201503,서울,영등포구,11560,시군구,8
201503,서울,동작구,11590,시군구,0
201503,서울,관악구,11620,시군구,0
201503,서울,서초구,11650,시군구,17
201503,서울,강남구,11680,시군구,6
201503,서울,송파구,11710,시군구,0
201503,서울,강동구,11740,시군구,112
201503,부산,계,,시도,1258
201503,대구,계,,시도,483
201503,인천,계,,시도,2846
201503,인천,중구,28110,시군구,819
201503,인천,동구,28140,시군구,0
201503,인천,미추홀구,28177,시군구,643
201503,인천,연수구,28185,시군구,559
201503,인천,남동구,28200,시군구,148
201503,인천,부평구,28237,시군구,0
201503,인천,계양구,28245,시군구,238
201503,인천,서구,28260,시군구,422
201503,인천,강화군,28710,시군구,17
201503,인천,옹진군,28720,시군구,0
201503,광주,계,,시도,109
201503,대전,계,,시도,478
201503,울산,계,,시도,250
201503,경기,계,,시도,10285
201503,경기,수원시,41111,시(구 합산),605
201503,경기,수원시,41113,시(구 합산),605
201503,경기,수원시,41115,시(구 합산),605
201503,경기,수원시,41117,시(구 합산),605
201503,경기,성남시,41131,시(구 합산),9
201503,경기,성남시,41133,시(구 합산),9
201503,경기,성남시,41135,시(구 합산),9
201503,경기,의정부시,41150,시군구,128
201503,경기,안양시,41171,시(구 합산),121
201503,경기,안양시,41173,시(구 합산),121
201503,경기,부천시,41192,시(구 합산),279
201503,경기,부천시,41194,시(구 합산),279
201503,경기,부천시,41196,시(구 합산),279
201503,경기,부천시,41190,시(구 합산),279
201503,경기,광명시,41210,시군구,0
201503,경기,평택시,41220,시군구,165
201503,경기,동두천시,41250,시군구,475
201503,경기,안산시,41271,시(구 합산),18
201503,경기,안산시,41273,시(구 합산),18
201503,경기,고양시,41281,시(구 합산),886
201503,경기,고양시,41285,시(구 합산),886
201503,경기,고양시,41287,시(구 합산),886
201503,경기,과천시,41290,시군구,0
201503,경기,구리시,41310,시군구,91
201503,경기,남양주시,41360,시군구,576
201503,경기,오산시,41370,시군구,98
201503,경기,시흥시,41390,시군구,0
201503,경기,군포시,41410,시군구,101
201503,경기,의왕시,41430,시군구,502
201503,경기,하남시,41450,시군구,302
201503,경기,용인시,41461,시(구 합산),3271
201503,경기,용인시,41463,시(구 합산),3271
201503,경기,용인시,41465,시(구 합산),3271
201503,경기,파주시,41480,시군구,460
201503,경기,이천시,41500,시군구,34
201503,경기,안성시,41550,시군구,7
201503,경기,김포시,41570,시군구,355
201503,경기,양주시,41630,시군구,9
201503,경기,여주시,41670,시군구,0
201503,경기,화성시,41591,시(구 합산),1047
201503,경기,화성시,41593,시(구 합산),1047
201503,경기,화성시,41595,시(구 합산),1047
201503,경기,화성시,41597,시(구 합산),1047
201503,경기,화성시,41590,시(구 합산),1047
201503,경기,광주시,41610,시군구,89
201503,경기,연천군,41800,시군구,0
201503,경기,포천시,41650,시군구,0
201503,경기,가평군,41820,시군구,159
201503,경기,양평군,41830,시군구,498
201503,강원,계,,시도,2703
201503,충북,계,,시도,940
201503,충남,계,,시도,2031
201503,세종,계,,시도,0
201503,전북,계,,시도,828
201503,전남,계,,시도,1716
201503,경북,계,,시도,1625
201503,경남,계,,시도,2175
201503,제주,계,,시도,106
201504,서울,계,,시도,987
201504,서울,종로구,11110,시군구,116
201504,서울,중구,11140,시군구,0
201504,서울,용산구,11170,시군구,160
201504,서울,성동구,11200,시군구,0
201504,서울,광진구,11215,시군구,16
201504,서울,동대문구,11230,시군구,0
201504,서울,중랑구,11260,시군구,0
201504,서울,성북구,11290,시군구,0
201504,서울,강북구,11305,시군구,2
201504,서울,도봉구,11320,시군구,0
201504,서울,노원구,11350,시군구,5
201504,서울,은평구,11380,시군구,0
201504,서울,서대문구,11410,시군구,249
201504,서울,마포구,11440,시군구,10
201504,서울,양천구,11470,시군구,30
201504,서울,강서구,11500,시군구,318
201504,서울,구로구,11530,시군구,0
201504,서울,금천구,11545,시군구,0
201504,서울,영등포구,11560,시군구,8
201504,서울,동작구,11590,시군구,0
201504,서울,관악구,11620,시군구,0
201504,서울,서초구,11650,시군구,17
201504,서울,강남구,11680,시군구,5
201504,서울,송파구,11710,시군구,0
201504,서울,강동구,11740,시군구,51
201504,부산,계,,시도,935
201504,대구,계,,시도,203
201504,인천,계,,시도,2547
201504,인천,중구,28110,시군구,819
201504,인천,동구,28140,시군구,0
201504,인천,미추홀구,28177,시군구,551
201504,인천,연수구,28185,시군구,435
201504,인천,남동구,28200,시군구,148
201504,인천,부평구,28237,시군구,0
201504,인천,계양구,28245,시군구,238
201504,인천,서구,28260,시군구,339
201504,인천,강화군,28710,시군구,17
201504,인천,옹진군,28720,시군구,0
201504,광주,계,,시도,91
201504,대전,계,,시도,457
201504,울산,계,,시도,118
201504,경기,계,,시도,10976
201504,경기,수원시,41111,시(구 합산),605
201504,경기,수원시,41113,시(구 합산),605
201504,경기,수원시,41115,시(구 합산),605
201504,경기,수원시,41117,시(구 합산),605
201504,경기,성남시,41131,시(구 합산),9
201504,경기,성남시,41133,시(구 합산),9
201504,경기,성남시,41135,시(구 합산),9
201504,경기,의정부시,41150,시군구,243
201504,경기,안양시,41171,시(구 합산),121
201504,경기,안양시,41173,시(구 합산),121
201504,경기,부천시,41192,시(구 합산),258
201504,경기,부천시,41194,시(구 합산),258
201504,경기,부천시,41196,시(구 합산),258
201504,경기,부천시,41190,시(구 합산),258
201504,경기,광명시,41210,시군구,0
201504,경기,평택시,41220,시군구,165
201504,경기,동두천시,41250,시군구,475
201504,경기,안산시,41271,시(구 합산),13
201504,경기,안산시,41273,시(구 합산),13
201504,경기,고양시,41281,시(구 합산),722
201504,경기,고양시,41285,시(구 합산),722
201504,경기,고양시,41287,시(구 합산),722
201504,경기,과천시,41290,시군구,0
201504,경기,구리시,41310,시군구,56
201504,경기,남양주시,41360,시군구,425
201504,경기,오산시,41370,시군구,322
201504,경기,시흥시,41390,시군구,1087
201504,경기,군포시,41410,시군구,80
201504,경기,의왕시,41430,시군구,502
201504,경기,하남시,41450,시군구,174
201504,경기,용인시,41461,시(구 합산),3271
201504,경기,용인시,41463,시(구 합산),3271
201504,경기,용인시,41465,시(구 합산),3271
201504,경기,파주시,41480,시군구,421
201504,경기,이천시,41500,시군구,34
201504,경기,안성시,41550,시군구,7
201504,경기,김포시,41570,시군구,261
201504,경기,양주시,41630,시군구,9
201504,경기,여주시,41670,시군구,0
201504,경기,화성시,41591,시(구 합산),1022
201504,경기,화성시,41593,시(구 합산),1022
201504,경기,화성시,41595,시(구 합산),1022
201504,경기,화성시,41597,시(구 합산),1022
201504,경기,화성시,41590,시(구 합산),1022
201504,경기,광주시,41610,시군구,89
201504,경기,연천군,41800,시군구,0
201504,경기,포천시,41650,시군구,0
201504,경기,가평군,41820,시군구,159
201504,경기,양평군,41830,시군구,446
201504,강원,계,,시도,2577
201504,충북,계,,시도,838
201504,충남,계,,시도,2535
201504,세종,계,,시도,0
201504,전북,계,,시도,829
201504,전남,계,,시도,1620
201504,경북,계,,시도,1380
201504,경남,계,,시도,1838
201504,제주,계,,시도,162
201505,서울,계,,시도,976
201505,서울,종로구,11110,시군구,71
201505,서울,중구,11140,시군구,0
201505,서울,용산구,11170,시군구,153
201505,서울,성동구,11200,시군구,0
201505,서울,광진구,11215,시군구,6
201505,서울,동대문구,11230,시군구,0
201505,서울,중랑구,11260,시군구,0
201505,서울,성북구,11290,시군구,0
201505,서울,강북구,11305,시군구,1
201505,서울,도봉구,11320,시군구,0
201505,서울,노원구,11350,시군구,5
201505,서울,은평구,11380,시군구,0
201505,서울,서대문구,11410,시군구,309
201505,서울,마포구,11440,시군구,10
201505,서울,양천구,11470,시군구,30
201505,서울,강서구,11500,시군구,318
201505,서울,구로구,11530,시군구,0
201505,서울,금천구,11545,시군구,0
201505,서울,영등포구,11560,시군구,8
201505,서울,동작구,11590,시군구,0
201505,서울,관악구,11620,시군구,0
201505,서울,서초구,11650,시군구,17
201505,서울,강남구,11680,시군구,4
201505,서울,송파구,11710,시군구,0
201505,서울,강동구,11740,시군구,44
201505,부산,계,,시도,835
201505,대구,계,,시도,49
201505,인천,계,,시도,2998
201505,인천,중구,28110,시군구,819
201505,인천,동구,28140,시군구,0
201505,인천,미추홀구,28177,시군구,523
201505,인천,연수구,28185,시군구,797
201505,인천,남동구,28200,시군구,318
201505,인천,부평구,28237,시군구,0
201505,인천,계양구,28245,시군구,238
201505,인천,서구,28260,시군구,286
201505,인천,강화군,28710,시군구,17
201505,인천,옹진군,28720,시군구,0
201505,광주,계,,시도,120
201505,대전,계,,시도,432
201505,울산,계,,시도,98
201505,경기,계,,시도,10458
201505,경기,수원시,41111,시(구 합산),605
201505,경기,수원시,41113,시(구 합산),605
201505,경기,수원시,41115,시(구 합산),605
201505,경기,수원시,41117,시(구 합산),605
201505,경기,성남시,41131,시(구 합산),9
201505,경기,성남시,41133,시(구 합산),9
201505,경기,성남시,41135,시(구 합산),9
201505,경기,의정부시,41150,시군구,243
201505,경기,안양시,41171,시(구 합산),121
201505,경기,안양시,41173,시(구 합산),121
201505,경기,부천시,41192,시(구 합산),251
201505,경기,부천시,41194,시(구 합산),251
201505,경기,부천시,41196,시(구 합산),251
201505,경기,부천시,41190,시(구 합산),251
201505,경기,광명시,41210,시군구,0
201505,경기,평택시,41220,시군구,80
201505,경기,동두천시,41250,시군구,475
201505,경기,안산시,41271,시(구 합산),11
201505,경기,안산시,41273,시(구 합산),11
201505,경기,고양시,41281,시(구 합산),677
201505,경기,고양시,41285,시(구 합산),677
201505,경기,고양시,41287,시(구 합산),677
201505,경기,과천시,41290,시군구,0
201505,경기,구리시,41310,시군구,36
201505,경기,남양주시,41360,시군구,314
201505,경기,오산시,41370,시군구,530
201505,경기,시흥시,41390,시군구,0
201505,경기,군포시,41410,시군구,69
201505,경기,의왕시,41430,시군구,502
201505,경기,하남시,41450,시군구,172
201505,경기,용인시,41461,시(구 합산),3698
201505,경기,용인시,41463,시(구 합산),3698
201505,경기,용인시,41465,시(구 합산),3698
201505,경기,파주시,41480,시군구,731
201505,경기,이천시,41500,시군구,33
201505,경기,안성시,41550,시군구,7
201505,경기,김포시,41570,시군구,170
201505,경기,양주시,41630,시군구,71
201505,경기,여주시,41670,시군구,0
201505,경기,화성시,41591,시(구 합산),1022
201505,경기,화성시,41593,시(구 합산),1022
201505,경기,화성시,41595,시(구 합산),1022
201505,경기,화성시,41597,시(구 합산),1022
201505,경기,화성시,41590,시(구 합산),1022
201505,경기,광주시,41610,시군구,77
201505,경기,연천군,41800,시군구,0
201505,경기,포천시,41650,시군구,0
201505,경기,가평군,41820,시군구,159
201505,경기,양평군,41830,시군구,395
201505,강원,계,,시도,2946
201505,충북,계,,시도,748
201505,충남,계,,시도,2966
201505,세종,계,,시도,0
201505,전북,계,,시도,1102
201505,전남,계,,시도,1480
201505,경북,계,,시도,986
201505,경남,계,,시도,1881
201505,제주,계,,시도,67
201506,서울,계,,시도,638
201506,서울,종로구,11110,시군구,53
201506,서울,중구,11140,시군구,0
201506,서울,용산구,11170,시군구,120
201506,서울,성동구,11200,시군구,0
201506,서울,광진구,11215,시군구,3
201506,서울,동대문구,11230,시군구,0
201506,서울,중랑구,11260,시군구,0
201506,서울,성북구,11290,시군구,0
201506,서울,강북구,11305,시군구,1
201506,서울,도봉구,11320,시군구,0
201506,서울,노원구,11350,시군구,5
201506,서울,은평구,11380,시군구,0
201506,서울,서대문구,11410,시군구,259
201506,서울,마포구,11440,시군구,0
201506,서울,양천구,11470,시군구,30
201506,서울,강서구,11500,시군구,99
201506,서울,구로구,11530,시군구,0
201506,서울,금천구,11545,시군구,0
201506,서울,영등포구,11560,시군구,8
201506,서울,동작구,11590,시군구,0
201506,서울,관악구,11620,시군구,0
201506,서울,서초구,11650,시군구,17
201506,서울,강남구,11680,시군구,4
201506,서울,송파구,11710,시군구,0
201506,서울,강동구,11740,시군구,39
201506,부산,계,,시도,987
201506,대구,계,,시도,27
201506,인천,계,,시도,2529
201506,인천,중구,28110,시군구,818
201506,인천,동구,28140,시군구,0
201506,인천,미추홀구,28177,시군구,481
201506,인천,연수구,28185,시군구,383
201506,인천,남동구,28200,시군구,318
201506,인천,부평구,28237,시군구,0
201506,인천,계양구,28245,시군구,238
201506,인천,서구,28260,시군구,274
201506,인천,강화군,28710,시군구,17
201506,인천,옹진군,28720,시군구,0
201506,광주,계,,시도,189
201506,대전,계,,시도,780
201506,울산,계,,시도,96
201506,경기,계,,시도,12927
201506,경기,수원시,41111,시(구 합산),518
201506,경기,수원시,41113,시(구 합산),518
201506,경기,수원시,41115,시(구 합산),518
201506,경기,수원시,41117,시(구 합산),518
201506,경기,성남시,41131,시(구 합산),9
201506,경기,성남시,41133,시(구 합산),9
201506,경기,성남시,41135,시(구 합산),9
201506,경기,의정부시,41150,시군구,243
201506,경기,안양시,41171,시(구 합산),121
201506,경기,안양시,41173,시(구 합산),121
201506,경기,부천시,41192,시(구 합산),243
201506,경기,부천시,41194,시(구 합산),243
201506,경기,부천시,41196,시(구 합산),243
201506,경기,부천시,41190,시(구 합산),243
201506,경기,광명시,41210,시군구,0
201506,경기,평택시,41220,시군구,80
201506,경기,동두천시,41250,시군구,475
201506,경기,안산시,41271,시(구 합산),10
201506,경기,안산시,41273,시(구 합산),10
201506,경기,고양시,41281,시(구 합산),719
201506,경기,고양시,41285,시(구 합산),719
201506,경기,고양시,41287,시(구 합산),719
201506,경기,과천시,41290,시군구,0
201506,경기,구리시,41310,시군구,16
201506,경기,남양주시,41360,시군구,276
201506,경기,오산시,41370,시군구,204
201506,경기,시흥시,41390,시군구,765
201506,경기,군포시,41410,시군구,64
201506,경기,의왕시,41430,시군구,502
201506,경기,하남시,41450,시군구,174
201506,경기,용인시,41461,시(구 합산),3844
201506,경기,용인시,41463,시(구 합산),3844
201506,경기,용인시,41465,시(구 합산),3844
201506,경기,파주시,41480,시군구,588
201506,경기,이천시,41500,시군구,33
201506,경기,안성시,41550,시군구,7
201506,경기,김포시,41570,시군구,518
201506,경기,양주시,41630,시군구,31
201506,경기,여주시,41670,시군구,0
201506,경기,화성시,41591,시(구 합산),1546
201506,경기,화성시,41593,시(구 합산),1546
201506,경기,화성시,41595,시(구 합산),1546
201506,경기,화성시,41597,시(구 합산),1546
201506,경기,화성시,41590,시(구 합산),1546
201506,경기,광주시,41610,시군구,1426
201506,경기,연천군,41800,시군구,0
201506,경기,포천시,41650,시군구,0
201506,경기,가평군,41820,시군구,159
201506,경기,양평군,41830,시군구,356
201506,강원,계,,시도,3373
201506,충북,계,,시도,1315
201506,충남,계,,시도,3475
201506,세종,계,,시도,0
201506,전북,계,,시도,1588
201506,전남,계,,시도,1463
201506,경북,계,,시도,2014
201506,경남,계,,시도,2450
201506,제주,계,,시도,217
201507,서울,계,,시도,482
201507,서울,종로구,11110,시군구,44
201507,서울,중구,11140,시군구,0
201507,서울,용산구,11170,시군구,84
201507,서울,성동구,11200,시군구,0
201507,서울,광진구,11215,시군구,0
201507,서울,동대문구,11230,시군구,0
201507,서울,중랑구,11260,시군구,0
201507,서울,성북구,11290,시군구,0
201507,서울,강북구,11305,시군구,0
201507,서울,도봉구,11320,시군구,0
201507,서울,노원구,11350,시군구,5
201507,서울,은평구,11380,시군구,0
201507,서울,서대문구,11410,시군구,166
201507,서울,마포구,11440,시군구,0
201507,서울,양천구,11470,시군구,30
201507,서울,강서구,11500,시군구,99
201507,서울,구로구,11530,시군구,0
201507,서울,금천구,11545,시군구,0
201507,서울,영등포구,11560,시군구,8
201507,서울,동작구,11590,시군구,0
201507,서울,관악구,11620,시군구,0
201507,서울,서초구,11650,시군구,17
201507,서울,강남구,11680,시군구,4
201507,서울,송파구,11710,시군구,0
201507,서울,강동구,11740,시군구,25
201507,부산,계,,시도,1371
201507,대구,계,,시도,11
201507,인천,계,,시도,2440
201507,인천,중구,28110,시군구,818
201507,인천,동구,28140,시군구,0
201507,인천,미추홀구,28177,시군구,450
201507,인천,연수구,28185,시군구,327
201507,인천,남동구,28200,시군구,318
201507,인천,부평구,28237,시군구,0
201507,인천,계양구,28245,시군구,238
201507,인천,서구,28260,시군구,272
201507,인천,강화군,28710,시군구,17
201507,인천,옹진군,28720,시군구,0
201507,광주,계,,시도,183
201507,대전,계,,시도,1322
201507,울산,계,,시도,125
201507,경기,계,,시도,13014
201507,경기,수원시,41111,시(구 합산),518
201507,경기,수원시,41113,시(구 합산),518
201507,경기,수원시,41115,시(구 합산),518
201507,경기,수원시,41117,시(구 합산),518
201507,경기,성남시,41131,시(구 합산),9
201507,경기,성남시,41133,시(구 합산),9
201507,경기,성남시,41135,시(구 합산),9
201507,경기,의정부시,41150,시군구,930
201507,경기,안양시,41171,시(구 합산),121
201507,경기,안양시,41173,시(구 합산),121
201507,경기,부천시,41192,시(구 합산),238
201507,경기,부천시,41194,시(구 합산),238
201507,경기,부천시,41196,시(구 합산),238
201507,경기,부천시,41190,시(구 합산),238
201507,경기,광명시,41210,시군구,0
201507,경기,평택시,41220,시군구,187
201507,경기,동두천시,41250,시군구,475
201507,경기,안산시,41271,시(구 합산),8
201507,경기,안산시,41273,시(구 합산),8
201507,경기,고양시,41281,시(구 합산),641
201507,경기,고양시,41285,시(구 합산),641
201507,경기,고양시,41287,시(구 합산),641
201507,경기,과천시,41290,시군구,0
201507,경기,구리시,41310,시군구,9
201507,경기,남양주시,41360,시군구,196
201507,경기,오산시,41370,시군구,214
201507,경기,시흥시,41390,시군구,683
201507,경기,군포시,41410,시군구,64
201507,경기,의왕시,41430,시군구,502
201507,경기,하남시,41450,시군구,174
201507,경기,용인시,41461,시(구 합산),4019
201507,경기,용인시,41463,시(구 합산),4019
201507,경기,용인시,41465,시(구 합산),4019
201507,경기,파주시,41480,시군구,283
201507,경기,이천시,41500,시군구,33
201507,경기,안성시,41550,시군구,7
201507,경기,김포시,41570,시군구,330
201507,경기,양주시,41630,시군구,31
201507,경기,여주시,41670,시군구,0
201507,경기,화성시,41591,시(구 합산),1546
201507,경기,화성시,41593,시(구 합산),1546
201507,경기,화성시,41595,시(구 합산),1546
201507,경기,화성시,41597,시(구 합산),1546
201507,경기,화성시,41590,시(구 합산),1546
201507,경기,광주시,41610,시군구,1303
201507,경기,연천군,41800,시군구,0
201507,경기,포천시,41650,시군구,0
201507,경기,가평군,41820,시군구,159
201507,경기,양평군,41830,시군구,334
201507,강원,계,,시도,2089
201507,충북,계,,시도,1376
201507,충남,계,,시도,3345
201507,세종,계,,시도,0
201507,전북,계,,시도,1227
201507,전남,계,,시도,1286
201507,경북,계,,시도,1476
201507,경남,계,,시도,3351
201507,제주,계,,시도,79
201508,서울,계,,시도,317
201508,서울,종로구,11110,시군구,33
201508,서울,중구,11140,시군구,0
201508,서울,용산구,11170,시군구,61
201508,서울,성동구,11200,시군구,0
201508,서울,광진구,11215,시군구,0
201508,서울,동대문구,11230,시군구,0
201508,서울,중랑구,11260,시군구,0
201508,서울,성북구,11290,시군구,0
201508,서울,강북구,11305,시군구,0
201508,서울,도봉구,11320,시군구,0
201508,서울,노원구,11350,시군구,5
201508,서울,은평구,11380,시군구,0
201508,서울,서대문구,11410,시군구,123
201508,서울,마포구,11440,시군구,0
201508,서울,양천구,11470,시군구,30
201508,서울,강서구,11500,시군구,21
201508,서울,구로구,11530,시군구,0
201508,서울,금천구,11545,시군구,0
201508,서울,영등포구,11560,시군구,8
201508,서울,동작구,11590,시군구,0
201508,서울,관악구,11620,시군구,0
201508,서울,서초구,11650,시군구,17
201508,서울,강남구,11680,시군구,3
201508,서울,송파구,11710,시군구,0
201508,서울,강동구,11740,시군구,16
201508,부산,계,,시도,1044
201508,대구,계,,시도,11
201508,인천,계,,시도,3144
201508,인천,중구,28110,시군구,818
201508,인천,동구,28140,시군구,0
201508,인천,미추홀구,28177,시군구,434
201508,인천,연수구,28185,시군구,267
201508,인천,남동구,28200,시군구,318
201508,인천,부평구,28237,시군구,0
201508,인천,계양구,28245,시군구,238
201508,인천,서구,28260,시군구,1052
201508,인천,강화군,28710,시군구,17
201508,인천,옹진군,28720,시군구,0
201508,광주,계,,시도,190
201508,대전,계,,시도,909
201508,울산,계,,시도,105
201508,경기,계,,시도,12428
201508,경기,수원시,41111,시(구 합산),518
201508,경기,수원시,41113,시(구 합산),518
201508,경기,수원시,41115,시(구 합산),518
201508,경기,수원시,41117,시(구 합산),518
201508,경기,성남시,41131,시(구 합산),9
201508,경기,성남시,41133,시(구 합산),9
201508,경기,성남시,41135,시(구 합산),9
201508,경기,의정부시,41150,시군구,670
201508,경기,안양시,41171,시(구 합산),121
201508,경기,안양시,41173,시(구 합산),121
201508,경기,부천시,41192,시(구 합산),217
201508,경기,부천시,41194,시(구 합산),217
201508,경기,부천시,41196,시(구 합산),217
201508,경기,부천시,41190,시(구 합산),217
201508,경기,광명시,41210,시군구,0
201508,경기,평택시,41220,시군구,11
201508,경기,동두천시,41250,시군구,475
201508,경기,안산시,41271,시(구 합산),8
201508,경기,안산시,41273,시(구 합산),8
201508,경기,고양시,41281,시(구 합산),641
201508,경기,고양시,41285,시(구 합산),641
201508,경기,고양시,41287,시(구 합산),641
201508,경기,과천시,41290,시군구,0
201508,경기,구리시,41310,시군구,5
201508,경기,남양주시,41360,시군구,168
201508,경기,오산시,41370,시군구,111
201508,경기,시흥시,41390,시군구,62
201508,경기,군포시,41410,시군구,63
201508,경기,의왕시,41430,시군구,502
201508,경기,하남시,41450,시군구,174
201508,경기,용인시,41461,시(구 합산),4603
201508,경기,용인시,41463,시(구 합산),4603
201508,경기,용인시,41465,시(구 합산),4603
201508,경기,파주시,41480,시군구,237
201508,경기,이천시,41500,시군구,33
201508,경기,안성시,41550,시군구,7
201508,경기,김포시,41570,시군구,238
201508,경기,양주시,41630,시군구,31
201508,경기,여주시,41670,시군구,0
201508,경기,화성시,41591,시(구 합산),2285
201508,경기,화성시,41593,시(구 합산),2285
201508,경기,화성시,41595,시(구 합산),2285
201508,경기,화성시,41597,시(구 합산),2285
201508,경기,화성시,41590,시(구 합산),2285
201508,경기,광주시,41610,시군구,778
201508,경기,연천군,41800,시군구,0
201508,경기,포천시,41650,시군구,0
201508,경기,가평군,41820,시군구,159
201508,경기,양평군,41830,시군구,302
201508,강원,계,,시도,1766
201508,충북,계,,시도,1242
201508,충남,계,,시도,3636
201508,세종,계,,시도,0
201508,전북,계,,시도,1131
201508,전남,계,,시도,1246
201508,경북,계,,시도,1891
201508,경남,계,,시도,2606
201508,제주,계,,시도,32
201509,서울,계,,시도,251
201509,서울,종로구,11110,시군구,15
201509,서울,중구,11140,시군구,0
201509,서울,용산구,11170,시군구,41
201509,서울,성동구,11200,시군구,0
201509,서울,광진구,11215,시군구,0
201509,서울,동대문구,11230,시군구,0
201509,서울,중랑구,11260,시군구,11
201509,서울,성북구,11290,시군구,0
201509,서울,강북구,11305,시군구,0
201509,서울,도봉구,11320,시군구,0
201509,서울,노원구,11350,시군구,5
201509,서울,은평구,11380,시군구,0
201509,서울,서대문구,11410,시군구,95
201509,서울,마포구,11440,시군구,0
201509,서울,양천구,11470,시군구,30
201509,서울,강서구,11500,시군구,10
201509,서울,구로구,11530,시군구,0
201509,서울,금천구,11545,시군구,0
201509,서울,영등포구,11560,시군구,0
201509,서울,동작구,11590,시군구,0
201509,서울,관악구,11620,시군구,0
201509,서울,서초구,11650,시군구,17
201509,서울,강남구,11680,시군구,3
201509,서울,송파구,11710,시군구,0
201509,서울,강동구,11740,시군구,24
201509,부산,계,,시도,1252
201509,대구,계,,시도,108
201509,인천,계,,시도,2764
201509,인천,중구,28110,시군구,818
201509,인천,동구,28140,시군구,0
201509,인천,미추홀구,28177,시군구,395
201509,인천,연수구,28185,시군구,242
201509,인천,남동구,28200,시군구,318
201509,인천,부평구,28237,시군구,0
201509,인천,계양구,28245,시군구,238
201509,인천,서구,28260,시군구,736
201509,인천,강화군,28710,시군구,17
201509,인천,옹진군,28720,시군구,0
201509,광주,계,,시도,260
201509,대전,계,,시도,809
201509,울산,계,,시도,94
201509,경기,계,,시도,11534
201509,경기,수원시,41111,시(구 합산),436
201509,경기,수원시,41113,시(구 합산),436
201509,경기,수원시,41115,시(구 합산),436
201509,경기,수원시,41117,시(구 합산),436
201509,경기,성남시,41131,시(구 합산),9
201509,경기,성남시,41133,시(구 합산),9
201509,경기,성남시,41135,시(구 합산),9
201509,경기,의정부시,41150,시군구,350
201509,경기,안양시,41171,시(구 합산),121
201509,경기,안양시,41173,시(구 합산),121
201509,경기,부천시,41192,시(구 합산),186
201509,경기,부천시,41194,시(구 합산),186
201509,경기,부천시,41196,시(구 합산),186
201509,경기,부천시,41190,시(구 합산),186
201509,경기,광명시,41210,시군구,0
201509,경기,평택시,41220,시군구,95
201509,경기,동두천시,41250,시군구,475
201509,경기,안산시,41271,시(구 합산),7
201509,경기,안산시,41273,시(구 합산),7
201509,경기,고양시,41281,시(구 합산),565
201509,경기,고양시,41285,시(구 합산),565
201509,경기,고양시,41287,시(구 합산),565
201509,경기,과천시,41290,시군구,0
201509,경기,구리시,41310,시군구,2
201509,경기,남양주시,41360,시군구,141
201509,경기,오산시,41370,시군구,111
201509,경기,시흥시,41390,시군구,0
201509,경기,군포시,41410,시군구,63
201509,경기,의왕시,41430,시군구,502
201509,경기,하남시,41450,시군구,174
201509,경기,용인시,41461,시(구 합산),4247
201509,경기,용인시,41463,시(구 합산),4247
201509,경기,용인시,41465,시(구 합산),4247
201509,경기,파주시,41480,시군구,237
201509,경기,이천시,41500,시군구,33
201509,경기,안성시,41550,시군구,7
201509,경기,김포시,41570,시군구,238
201509,경기,양주시,41630,시군구,31
201509,경기,여주시,41670,시군구,0
201509,경기,화성시,41591,시(구 합산),2285
201509,경기,화성시,41593,시(구 합산),2285
201509,경기,화성시,41595,시(구 합산),2285
201509,경기,화성시,41597,시(구 합산),2285
201509,경기,화성시,41590,시(구 합산),2285
201509,경기,광주시,41610,시군구,778
201509,경기,연천군,41800,시군구,0
201509,경기,포천시,41650,시군구,0
201509,경기,가평군,41820,시군구,159
201509,경기,양평군,41830,시군구,282
201509,강원,계,,시도,1761
201509,충북,계,,시도,1265
201509,충남,계,,시도,5537
201509,세종,계,,시도,0
201509,전북,계,,시도,1140
201509,전남,계,,시도,1208
201509,경북,계,,시도,1709
201509,경남,계,,시도,2800
201509,제주,계,,시도,32
201510,서울,계,,시도,264
201510,서울,종로구,11110,시군구,5
201510,서울,중구,11140,시군구,0
201510,서울,용산구,11170,시군구,24
201510,서울,성동구,11200,시군구,0
201510,서울,광진구,11215,시군구,0
201510,서울,동대문구,11230,시군구,0
201510,서울,중랑구,11260,시군구,4
201510,서울,성북구,11290,시군구,0
201510,서울,강북구,11305,시군구,0
201510,서울,도봉구,11320,시군구,0
201510,서울,노원구,11350,시군구,5
201510,서울,은평구,11380,시군구,86
201510,서울,서대문구,11410,시군구,78
201510,서울,마포구,11440,시군구,0
201510,서울,양천구,11470,시군구,30
201510,서울,강서구,11500,시군구,0
201510,서울,구로구,11530,시군구,0
201510,서울,금천구,11545,시군구,0
201510,서울,영등포구,11560,시군구,0
201510,서울,동작구,11590,시군구,0
201510,서울,관악구,11620,시군구,0
201510,서울,서초구,11650,시군구,17
201510,서울,강남구,11680,시군구,3
201510,서울,송파구,11710,시군구,0
201510,서울,강동구,11740,시군구,12
201510,부산,계,,시도,1191
201510,대구,계,,시도,121
201510,인천,계,,시도,2802
201510,인천,중구,28110,시군구,818
201510,인천,동구,28140,시군구,0
201510,인천,미추홀구,28177,시군구,371
201510,인천,연수구,28185,시군구,216
201510,인천,남동구,28200,시군구,492
201510,인천,부평구,28237,시군구,0
201510,인천,계양구,28245,시군구,238
201510,인천,서구,28260,시군구,665
201510,인천,강화군,28710,시군구,2
201510,인천,옹진군,28720,시군구,0
201510,광주,계,,시도,269
201510,대전,계,,시도,552
201510,울산,계,,시도,89
201510,경기,계,,시도,12510
201510,경기,수원시,41111,시(구 합산),128
201510,경기,수원시,41113,시(구 합산),128
201510,경기,수원시,41115,시(구 합산),128
201510,경기,수원시,41117,시(구 합산),128
201510,경기,성남시,41131,시(구 합산),0
201510,경기,성남시,41133,시(구 합산),0
201510,경기,성남시,41135,시(구 합산),0
201510,경기,의정부시,41150,시군구,138
201510,경기,안양시,41171,시(구 합산),76
201510,경기,안양시,41173,시(구 합산),76
201510,경기,부천시,41192,시(구 합산),164
201510,경기,부천시,41194,시(구 합산),164
201510,경기,부천시,41196,시(구 합산),164
201510,경기,부천시,41190,시(구 합산),164
201510,경기,광명시,41210,시군구,0
201510,경기,평택시,41220,시군구,557
201510,경기,동두천시,41250,시군구,68
201510,경기,안산시,41271,시(구 합산),7
201510,경기,안산시,41273,시(구 합산),7
201510,경기,고양시,41281,시(구 합산),450
201510,경기,고양시,41285,시(구 합산),450
201510,경기,고양시,41287,시(구 합산),450
201510,경기,과천시,41290,시군구,0
201510,경기,구리시,41310,시군구,0
201510,경기,남양주시,41360,시군구,88
201510,경기,오산시,41370,시군구,50
201510,경기,시흥시,41390,시군구,0
201510,경기,군포시,41410,시군구,52
201510,경기,의왕시,41430,시군구,505
201510,경기,하남시,41450,시군구,86
201510,경기,용인시,41461,시(구 합산),3920
201510,경기,용인시,41463,시(구 합산),3920
201510,경기,용인시,41465,시(구 합산),3920
201510,경기,파주시,41480,시군구,574
201510,경기,이천시,41500,시군구,54
201510,경기,안성시,41550,시군구,23
201510,경기,김포시,41570,시군구,2008
201510,경기,양주시,41630,시군구,323
201510,경기,여주시,41670,시군구,0
201510,경기,화성시,41591,시(구 합산),2443
201510,경기,화성시,41593,시(구 합산),2443
201510,경기,화성시,41595,시(구 합산),2443
201510,경기,화성시,41597,시(구 합산),2443
201510,경기,화성시,41590,시(구 합산),2443
201510,경기,광주시,41610,시군구,416
201510,경기,연천군,41800,시군구,126
201510,경기,포천시,41650,시군구,0
201510,경기,가평군,41820,시군구,0
201510,경기,양평군,41830,시군구,254
201510,강원,계,,시도,1641
201510,충북,계,,시도,1215
201510,충남,계,,시도,5110
201510,세종,계,,시도,0
201510,전북,계,,시도,1059
201510,전남,계,,시도,1095
201510,경북,계,,시도,1837
201510,경남,계,,시도,2440
201510,제주,계,,시도,26
201511,서울,계,,시도,241
201511,서울,종로구,11110,시군구,5
201511,서울,중구,11140,시군구,0
201511,서울,용산구,11170,시군구,10
201511,서울,성동구,11200,시군구,0
201511,서울,광진구,11215,시군구,28
201511,서울,동대문구,11230,시군구,0
201511,서울,중랑구,11260,시군구,0
201511,서울,성북구,11290,시군구,0
201511,서울,강북구,11305,시군구,0
201511,서울,도봉구,11320,시군구,0
201511,서울,노원구,11350,시군구,5
201511,서울,은평구,11380,시군구,71
201511,서울,서대문구,11410,시군구,69
201511,서울,마포구,11440,시군구,0
201511,서울,양천구,11470,시군구,30
201511,서울,강서구,11500,시군구,0
201511,서울,구로구,11530,시군구,0
201511,서울,금천구,11545,시군구,0
201511,서울,영등포구,11560,시군구,0
201511,서울,동작구,11590,시군구,0
201511,서울,관악구,11620,시군구,0
201511,서울,서초구,11650,시군구,17
201511,서울,강남구,11680,시군구,3
201511,서울,송파구,11710,시군구,0
201511,서울,강동구,11740,시군구,3
201511,부산,계,,시도,1074
201511,대구,계,,시도,114
201511,인천,계,,시도,4528
201511,인천,중구,28110,시군구,818
201511,인천,동구,28140,시군구,0
201511,인천,미추홀구,28177,시군구,371
201511,인천,연수구,28185,시군구,323
201511,인천,남동구,28200,시군구,459
201511,인천,부평구,28237,시군구,0
201511,인천,계양구,28245,시군구,124
201511,인천,서구,28260,시군구,2431
201511,인천,강화군,28710,시군구,2
201511,인천,옹진군,28720,시군구,0
201511,광주,계,,시도,298
201511,대전,계,,시도,1067
201511,울산,계,,시도,365
201511,경기,계,,시도,21809
201511,경기,수원시,41111,시(구 합산),109
201511,경기,수원시,41113,시(구 합산),109
201511,경기,수원시,41115,시(구 합산),109
201511,경기,수원시,41117,시(구 합산),109
201511,경기,성남시,41131,시(구 합산),0
201511,경기,성남시,41133,시(구 합산),0
201511,경기,성남시,41135,시(구 합산),0
201511,경기,의정부시,41150,시군구,137
201511,경기,안양시,41171,시(구 합산),68
201511,경기,안양시,41173,시(구 합산),68
201511,경기,부천시,41192,시(구 합산),139
201511,경기,부천시,41194,시(구 합산),139
201511,경기,부천시,41196,시(구 합산),139
201511,경기,부천시,41190,시(구 합산),139
201511,경기,광명시,41210,시군구,0
201511,경기,평택시,41220,시군구,1040
201511,경기,동두천시,41250,시군구,5
201511,경기,안산시,41271,시(구 합산),7
201511,경기,안산시,41273,시(구 합산),7
201511,경기,고양시,41281,시(구 합산),602
201511,경기,고양시,41285,시(구 합산),602
201511,경기,고양시,41287,시(구 합산),602
201511,경기,과천시,41290,시군구,0
201511,경기,구리시,41310,시군구,0
201511,경기,남양주시,41360,시군구,1000
201511,경기,오산시,41370,시군구,461
201511,경기,시흥시,41390,시군구,283
201511,경기,군포시,41410,시군구,65
201511,경기,의왕시,41430,시군구,505
201511,경기,하남시,41450,시군구,73
201511,경기,용인시,41461,시(구 합산),8156
201511,경기,용인시,41463,시(구 합산),8156
201511,경기,용인시,41465,시(구 합산),8156
201511,경기,파주시,41480,시군구,1545
201511,경기,이천시,41500,시군구,79
201511,경기,안성시,41550,시군구,23
201511,경기,김포시,41570,시군구,2994
201511,경기,양주시,41630,시군구,300
201511,경기,여주시,41670,시군구,0
201511,경기,화성시,41591,시(구 합산),2746
201511,경기,화성시,41593,시(구 합산),2746
201511,경기,화성시,41595,시(구 합산),2746
201511,경기,화성시,41597,시(구 합산),2746
201511,경기,화성시,41590,시(구 합산),2746
201511,경기,광주시,41610,시군구,1114
201511,경기,연천군,41800,시군구,126
201511,경기,포천시,41650,시군구,0
201511,경기,가평군,41820,시군구,0
201511,경기,양평군,41830,시군구,232
201511,강원,계,,시도,1937
201511,충북,계,,시도,4114
201511,충남,계,,시도,6618
201511,세종,계,,시도,16
201511,전북,계,,시도,1336
201511,전남,계,,시도,1562
201511,경북,계,,시도,1654
201511,경남,계,,시도,2947
201511,제주,계,,시도,44
201512,서울,계,,시도,494
201512,서울,종로구,11110,시군구,5
201512,서울,중구,11140,시군구,0
201512,서울,용산구,11170,시군구,9
201512,서울,성동구,11200,시군구,266
201512,서울,광진구,11215,시군구,22
201512,서울,동대문구,11230,시군구,0
201512,서울,중랑구,11260,시군구,0
201512,서울,성북구,11290,시군구,0
201512,서울,강북구,11305,시군구,0
201512,서울,도봉구,11320,시군구,0
201512,서울,노원구,11350,시군구,4
201512,서울,은평구,11380,시군구,71
201512,서울,서대문구,11410,시군구,64
201512,서울,마포구,11440,시군구,0
201512,서울,양천구,11470,시군구,30
201512,서울,강서구,11500,시군구,0
201512,서울,구로구,11530,시군구,0
201512,서울,금천구,11545,시군구,0
201512,서울,영등포구,11560,시군구,0
201512,서울,동작구,11590,시군구,0
201512,서울,관악구,11620,시군구,0
201512,서울,서초구,11650,시군구,17
201512,서울,강남구,11680,시군구,3
201512,서울,송파구,11710,시군구,0
201512,서울,강동구,11740,시군구,3
201512,부산,계,,시도,1290
201512,대구,계,,시도,2396
201512,인천,계,,시도,4206
201512,인천,중구,28110,시군구,797
201512,인천,동구,28140,시군구,0
201512,인천,미추홀구,28177,시군구,368
201512,인천,연수구,28185,시군구,293
201512,인천,남동구,28200,시군구,458
201512,인천,부평구,28237,시군구,0
201512,인천,계양구,28245,시군구,124
201512,인천,서구,28260,시군구,2164
201512,인천,강화군,28710,시군구,2
201512,인천,옹진군,28720,시군구,0
201512,광주,계,,시도,735
201512,대전,계,,시도,1243
201512,울산,계,,시도,437
201512,경기,계,,시도,25937
201512,경기,수원시,41111,시(구 합산),97
201512,경기,수원시,41113,시(구 합산),97
201512,경기,수원시,41115,시(구 합산),97
201512,경기,수원시,41117,시(구 합산),97
201512,경기,성남시,41131,시(구 합산),
201512,경기,성남시,41133,시(구 합산),
201512,경기,성남시,41135,시(구 합산),
201512,경기,의정부시,41150,시군구,130
201512,경기,안양시,41171,시(구 합산),68
201512,경기,안양시,41173,시(구 합산),68
201512,경기,부천시,41192,시(구 합산),132
201512,경기,부천시,41194,시(구 합산),132
201512,경기,부천시,41196,시(구 합산),132
201512,경기,부천시,41190,시(구 합산),132
201512,경기,광명시,41210,시군구,
201512,경기,평택시,41220,시군구,2360
201512,경기,동두천시,41250,시군구,5
201512,경기,안산시,41271,시(구 합산),7
201512,경기,안산시,41273,시(구 합산),7
201512,경기,고양시,41281,시(구 합산),1178
201512,경기,고양시,41285,시(구 합산),1178
201512,경기,고양시,41287,시(구 합산),1178
201512,경기,과천시,41290,시군구,0
201512,경기,구리시,41310,시군구,0
201512,경기,남양주시,41360,시군구,867
201512,경기,오산시,41370,시군구,438
201512,경기,시흥시,41390,시군구,224
201512,경기,군포시,41410,시군구,51
201512,경기,의왕시,41430,시군구,505
201512,경기,하남시,41450,시군구,27
201512,경기,용인시,41461,시(구 합산),7237
201512,경기,용인시,41463,시(구 합산),7237
201512,경기,용인시,41465,시(구 합산),7237
201512,경기,파주시,41480,시군구,4285
201512,경기,이천시,41500,시군구,76
201512,경기,안성시,41550,시군구,429
201512,경기,김포시,41570,시군구,2708
201512,경기,양주시,41630,시군구,282
201512,경기,여주시,41670,시군구,0
201512,경기,화성시,41591,시(구 합산),3617
201512,경기,화성시,41593,시(구 합산),3617
201512,경기,화성시,41595,시(구 합산),3617
201512,경기,화성시,41597,시(구 합산),3617
201512,경기,화성시,41590,시(구 합산),3617
201512,경기,광주시,41610,시군구,871
201512,경기,연천군,41800,시군구,126
201512,경기,포천시,41650,시군구,0
201512,경기,가평군,41820,시군구,0
201512,경기,양평군,41830,시군구,217
201512,강원,계,,시도,1876
201512,충북,계,,시도,3655
201512,충남,계,,시도,9065
201512,세종,계,,시도,16
201512,전북,계,,시도,1227
201512,전남,계,,시도,1608
201512,경북,계,,시도,3802
201512,경남,계,,시도,3411
201512,제주,계,,시도,114
201601,서울,계,,시도,737
201601,서울,종로구,11110,시군구,5
201601,서울,중구,11140,시군구,0
201601,서울,용산구,11170,시군구,9
201601,서울,성동구,11200,시군구,266
201601,서울,광진구,11215,시군구,18
201601,서울,동대문구,11230,시군구,0
201601,서울,중랑구,11260,시군구,0
201601,서울,성북구,11290,시군구,0
201601,서울,강북구,11305,시군구,0
201601,서울,도봉구,11320,시군구,0
201601,서울,노원구,11350,시군구,4
201601,서울,은평구,11380,시군구,52
201601,서울,서대문구,11410,시군구,44
201601,서울,마포구,11440,시군구,0
201601,서울,양천구,11470,시군구,30
201601,서울,강서구,11500,시군구,0
201601,서울,구로구,11530,시군구,0
201601,서울,금천구,11545,시군구,0
201601,서울,영등포구,11560,시군구,136
201601,서울,동작구,11590,시군구,0
201601,서울,관악구,11620,시군구,0
201601,서울,서초구,11650,시군구,17
201601,서울,강남구,11680,시군구,3
201601,서울,송파구,11710,시군구,150
201601,서울,강동구,11740,시군구,3
201601,부산,계,,시도,1308
201601,대구,계,,시도,1806
201601,인천,계,,시도,4036
201601,인천,중구,28110,시군구,797
201601,인천,동구,28140,시군구,0
201601,인천,미추홀구,28177,시군구,368
201601,인천,연수구,28185,시군구,278
201601,인천,남동구,28200,시군구,492
201601,인천,부평구,28237,시군구,0
201601,인천,계양구,28245,시군구,82
201601,인천,서구,28260,시군구,2017
201601,인천,강화군,28710,시군구,2
201601,인천,옹진군,28720,시군구,0
201601,광주,계,,시도,672
201601,대전,계,,시도,1038
201601,울산,계,,시도,857
201601,경기,계,,시도,24276
201601,경기,수원시,41111,시(구 합산),92
201601,경기,수원시,41113,시(구 합산),92
201601,경기,수원시,41115,시(구 합산),92
201601,경기,수원시,41117,시(구 합산),92
201601,경기,성남시,41131,시(구 합산),0
201601,경기,성남시,41133,시(구 합산),0
201601,경기,성남시,41135,시(구 합산),0
201601,경기,의정부시,41150,시군구,130
201601,경기,안양시,41171,시(구 합산),68
201601,경기,안양시,41173,시(구 합산),68
201601,경기,부천시,41192,시(구 합산),20
201601,경기,부천시,41194,시(구 합산),20
201601,경기,부천시,41196,시(구 합산),20
201601,경기,부천시,41190,시(구 합산),20
201601,경기,광명시,41210,시군구,0
201601,경기,평택시,41220,시군구,2092
201601,경기,동두천시,41250,시군구,0
201601,경기,안산시,41271,시(구 합산),6
201601,경기,안산시,41273,시(구 합산),6
201601,경기,고양시,41281,시(구 합산),1068
201601,경기,고양시,41285,시(구 합산),1068
201601,경기,고양시,41287,시(구 합산),1068
201601,경기,과천시,41290,시군구,0
201601,경기,구리시,41310,시군구,0
201601,경기,남양주시,41360,시군구,603
201601,경기,오산시,41370,시군구,420
201601,경기,시흥시,41390,시군구,19
201601,경기,군포시,41410,시군구,2
201601,경기,의왕시,41430,시군구,505
201601,경기,하남시,41450,시군구,24
201601,경기,용인시,41461,시(구 합산),6870
201601,경기,용인시,41463,시(구 합산),6870
201601,경기,용인시,41465,시(구 합산),6870
201601,경기,파주시,41480,시군구,3732
201601,경기,이천시,41500,시군구,75
201601,경기,안성시,41550,시군구,826
201601,경기,김포시,41570,시군구,2696
201601,경기,양주시,41630,시군구,263
201601,경기,여주시,41670,시군구,0
201601,경기,화성시,41591,시(구 합산),3354
201601,경기,화성시,41593,시(구 합산),3354
201601,경기,화성시,41595,시(구 합산),3354
201601,경기,화성시,41597,시(구 합산),3354
201601,경기,화성시,41590,시(구 합산),3354
201601,경기,광주시,41610,시군구,898
201601,경기,연천군,41800,시군구,125
201601,경기,포천시,41650,시군구,181
201601,경기,가평군,41820,시군구,0
201601,경기,양평군,41830,시군구,207
201601,강원,계,,시도,2264
201601,충북,계,,시도,5007
201601,충남,계,,시도,8530
201601,세종,계,,시도,4
201601,전북,계,,시도,1311
201601,전남,계,,시도,1563
201601,경북,계,,시도,3725
201601,경남,계,,시도,3353
201601,제주,계,,시도,119
201602,서울,계,,시도,884
201602,서울,종로구,11110,시군구,5
201602,서울,중구,11140,시군구,0
201602,서울,용산구,11170,시군구,9
201602,서울,성동구,11200,시군구,245
201602,서울,광진구,11215,시군구,14
201602,서울,동대문구,11230,시군구,96
201602,서울,중랑구,11260,시군구,0
201602,서울,성북구,11290,시군구,0
201602,서울,강북구,11305,시군구,0
201602,서울,도봉구,11320,시군구,0
201602,서울,노원구,11350,시군구,4
201602,서울,은평구,11380,시군구,35
201602,서울,서대문구,11410,시군구,89
201602,서울,마포구,11440,시군구,0
201602,서울,양천구,11470,시군구,30
201602,서울,강서구,11500,시군구,0
201602,서울,구로구,11530,시군구,0
201602,서울,금천구,11545,시군구,0
201602,서울,영등포구,11560,시군구,169
201602,서울,동작구,11590,시군구,0
201602,서울,관악구,11620,시군구,0
201602,서울,서초구,11650,시군구,91
201602,서울,강남구,11680,시군구,4
201602,서울,송파구,11710,시군구,90
201602,서울,강동구,11740,시군구,3
201602,부산,계,,시도,1217
201602,대구,계,,시도,1666
201602,인천,계,,시도,3596
201602,인천,중구,28110,시군구,797
201602,인천,동구,28140,시군구,0
201602,인천,미추홀구,28177,시군구,368
201602,인천,연수구,28185,시군구,228
201602,인천,남동구,28200,시군구,485
201602,인천,부평구,28237,시군구,0
201602,인천,계양구,28245,시군구,82
201602,인천,서구,28260,시군구,1634
201602,인천,강화군,28710,시군구,2
201602,인천,옹진군,28720,시군구,0
201602,광주,계,,시도,711
201602,대전,계,,시도,866
201602,울산,계,,시도,668
201602,경기,계,,시도,20491
201602,경기,수원시,41111,시(구 합산),90
201602,경기,수원시,41113,시(구 합산),90
201602,경기,수원시,41115,시(구 합산),90
201602,경기,수원시,41117,시(구 합산),90
201602,경기,성남시,41131,시(구 합산),0
201602,경기,성남시,41133,시(구 합산),0
201602,경기,성남시,41135,시(구 합산),0
201602,경기,의정부시,41150,시군구,96
201602,경기,안양시,41171,시(구 합산),68
201602,경기,안양시,41173,시(구 합산),68
201602,경기,부천시,41192,시(구 합산),91
201602,경기,부천시,41194,시(구 합산),91
201602,경기,부천시,41196,시(구 합산),91
201602,경기,부천시,41190,시(구 합산),91
201602,경기,광명시,41210,시군구,0
201602,경기,평택시,41220,시군구,1509
201602,경기,동두천시,41250,시군구,0
201602,경기,안산시,41271,시(구 합산),6
201602,경기,안산시,41273,시(구 합산),6
201602,경기,고양시,41281,시(구 합산),981
201602,경기,고양시,41285,시(구 합산),981
201602,경기,고양시,41287,시(구 합산),981
201602,경기,과천시,41290,시군구,0
201602,경기,구리시,41310,시군구,0
201602,경기,남양주시,41360,시군구,529
201602,경기,오산시,41370,시군구,405
201602,경기,시흥시,41390,시군구,0
201602,경기,군포시,41410,시군구,2
201602,경기,의왕시,41430,시군구,505
201602,경기,하남시,41450,시군구,18
201602,경기,용인시,41461,시(구 합산),6449
201602,경기,용인시,41463,시(구 합산),6449
201602,경기,용인시,41465,시(구 합산),6449
201602,경기,파주시,41480,시군구,2470
201602,경기,이천시,41500,시군구,67
201602,경기,안성시,41550,시군구,668
201602,경기,김포시,41570,시군구,2377
201602,경기,양주시,41630,시군구,238
201602,경기,여주시,41670,시군구,0
201602,경기,화성시,41591,시(구 합산),2695
201602,경기,화성시,41593,시(구 합산),2695
201602,경기,화성시,41595,시(구 합산),2695
201602,경기,화성시,41597,시(구 합산),2695
201602,경기,화성시,41590,시(구 합산),2695
201602,경기,광주시,41610,시군구,775
201602,경기,연천군,41800,시군구,125
201602,경기,포천시,41650,시군구,126
201602,경기,가평군,41820,시군구,0
201602,경기,양평군,41830,시군구,201
201602,강원,계,,시도,2271
201602,충북,계,,시도,4341
201602,충남,계,,시도,8249
201602,세종,계,,시도,4
201602,전북,계,,시도,1440
201602,전남,계,,시도,1478
201602,경북,계,,시도,3490
201602,경남,계,,시도,3676
201602,제주,계,,시도,55
201603,서울,계,,시도,788
201603,서울,종로구,11110,시군구,5
201603,서울,중구,11140,시군구,
201603,서울,용산구,11170,시군구,8
201603,서울,성동구,11200,시군구,245
201603,서울,광진구,11215,시군구,9
201603,서울,동대문구,11230,시군구,64
201603,서울,중랑구,11260,시군구,0
201603,서울,성북구,11290,시군구,0
201603,서울,강북구,11305,시군구,0
201603,서울,도봉구,11320,시군구,0
201603,서울,노원구,11350,시군구,3
201603,서울,은평구,11380,시군구,105
201603,서울,서대문구,11410,시군구,33
201603,서울,마포구,11440,시군구,0
201603,서울,양천구,11470,시군구,30
201603,서울,강서구,11500,시군구,0
201603,서울,구로구,11530,시군구,0
201603,서울,금천구,11545,시군구,0
201603,서울,영등포구,11560,시군구,157
201603,서울,동작구,11590,시군구,0
201603,서울,관악구,11620,시군구,0
201603,서울,서초구,11650,시군구,43
201603,서울,강남구,11680,시군구,3
201603,서울,송파구,11710,시군구,80
201603,서울,강동구,11740,시군구,3
201603,부산,계,,시도,1251
201603,대구,계,,시도,1769
201603,인천,계,,시도,3465
201603,인천,중구,28110,시군구,797
201603,인천,동구,28140,시군구,0
201603,인천,미추홀구,28177,시군구,368
201603,인천,연수구,28185,시군구,227
201603,인천,남동구,28200,시군구,481
201603,인천,부평구,28237,시군구,0
201603,인천,계양구,28245,시군구,82
201603,인천,서구,28260,시군구,1510
201603,인천,강화군,28710,시군구,0
201603,인천,옹진군,28720,시군구,0
201603,광주,계,,시도,764
201603,대전,계,,시도,759
201603,울산,계,,시도,627
201603,경기,계,,시도,19047
201603,경기,수원시,41111,시(구 합산),88
201603,경기,수원시,41113,시(구 합산),88
201603,경기,수원시,41115,시(구 합산),88
201603,경기,수원시,41117,시(구 합산),88
201603,경기,성남시,41131,시(구 합산),0
201603,경기,성남시,41133,시(구 합산),0
201603,경기,성남시,41135,시(구 합산),0
201603,경기,의정부시,41150,시군구,92
201603,경기,안양시,41171,시(구 합산),68
201603,경기,안양시,41173,시(구 합산),68
201603,경기,부천시,41192,시(구 합산),78
201603,경기,부천시,41194,시(구 합산),78
201603,경기,부천시,41196,시(구 합산),78
201603,경기,부천시,41190,시(구 합산),78
201603,경기,광명시,41210,시군구,0
201603,경기,평택시,41220,시군구,1295
201603,경기,동두천시,41250,시군구,0
201603,경기,안산시,41271,시(구 합산),6
201603,경기,안산시,41273,시(구 합산),6
201603,경기,고양시,41281,시(구 합산),898
201603,경기,고양시,41285,시(구 합산),898
201603,경기,고양시,41287,시(구 합산),898
201603,경기,과천시,41290,시군구,0
201603,경기,구리시,41310,시군구,0
201603,경기,남양주시,41360,시군구,1068
201603,경기,오산시,41370,시군구,316
201603,경기,시흥시,41390,시군구,0
201603,경기,군포시,41410,시군구,2
201603,경기,의왕시,41430,시군구,505
201603,경기,하남시,41450,시군구,18
201603,경기,용인시,41461,시(구 합산),5966
201603,경기,용인시,41463,시(구 합산),5966
201603,경기,용인시,41465,시(구 합산),5966
201603,경기,파주시,41480,시군구,1207
201603,경기,이천시,41500,시군구,51
201603,경기,안성시,41550,시군구,1865
201603,경기,김포시,41570,시군구,1952
201603,경기,양주시,41630,시군구,232
201603,경기,여주시,41670,시군구,0
201603,경기,화성시,41591,시(구 합산),2282
201603,경기,화성시,41593,시(구 합산),2282
201603,경기,화성시,41595,시(구 합산),2282
201603,경기,화성시,41597,시(구 합산),2282
201603,경기,화성시,41590,시(구 합산),2282
201603,경기,광주시,41610,시군구,669
201603,경기,연천군,41800,시군구,121
201603,경기,포천시,41650,시군구,83
201603,경기,가평군,41820,시군구,0
201603,경기,양평군,41830,시군구,185
201603,강원,계,,시도,1863
201603,충북,계,,시도,4096
201603,충남,계,,시도,7823
201603,세종,계,,시도,4
201603,전북,계,,시도,1470
201603,전남,계,,시도,1380
201603,경북,계,,시도,3994
201603,경남,계,,시도,4683
201603,제주,계,,시도,62
201604,서울,계,,시도,651
201604,서울,종로구,11110,시군구,5
201604,서울,중구,11140,시군구,0
201604,서울,용산구,11170,시군구,8
201604,서울,성동구,11200,시군구,224
201604,서울,광진구,11215,시군구,4
201604,서울,동대문구,11230,시군구,10
201604,서울,중랑구,11260,시군구,0
201604,서울,성북구,11290,시군구,0
201604,서울,강북구,11305,시군구,0
201604,서울,도봉구,11320,시군구,0
201604,서울,노원구,11350,시군구,2
201604,서울,은평구,11380,시군구,104
201604,서울,서대문구,11410,시군구,18
201604,서울,마포구,11440,시군구,0
201604,서울,양천구,11470,시군구,30
201604,서울,강서구,11500,시군구,0
201604,서울,구로구,11530,시군구,0
201604,서울,금천구,11545,시군구,0
201604,서울,영등포구,11560,시군구,141
201604,서울,동작구,11590,시군구,0
201604,서울,관악구,11620,시군구,0
201604,서울,서초구,11650,시군구,22
201604,서울,강남구,11680,시군구,3
201604,서울,송파구,11710,시군구,71
201604,서울,강동구,11740,시군구,9
201604,부산,계,,시도,1315
201604,대구,계,,시도,1638
201604,인천,계,,시도,3329
201604,인천,중구,28110,시군구,797
201604,인천,동구,28140,시군구,0
201604,인천,미추홀구,28177,시군구,368
201604,인천,연수구,28185,시군구,224
201604,인천,남동구,28200,시군구,473
201604,인천,부평구,28237,시군구,0
201604,인천,계양구,28245,시군구,24
201604,인천,서구,28260,시군구,1443
201604,인천,강화군,28710,시군구,0
201604,인천,옹진군,28720,시군구,0
201604,광주,계,,시도,812
201604,대전,계,,시도,684
201604,울산,계,,시도,593
201604,경기,계,,시도,18365
201604,경기,수원시,41111,시(구 합산),36
201604,경기,수원시,41113,시(구 합산),36
201604,경기,수원시,41115,시(구 합산),36
201604,경기,수원시,41117,시(구 합산),36
201604,경기,성남시,41131,시(구 합산),0
201604,경기,성남시,41133,시(구 합산),0
201604,경기,성남시,41135,시(구 합산),0
201604,경기,의정부시,41150,시군구,92
201604,경기,안양시,41171,시(구 합산),68
201604,경기,안양시,41173,시(구 합산),68
201604,경기,부천시,41192,시(구 합산),63
201604,경기,부천시,41194,시(구 합산),63
201604,경기,부천시,41196,시(구 합산),63
201604,경기,부천시,41190,시(구 합산),63
201604,경기,광명시,41210,시군구,0
201604,경기,평택시,41220,시군구,1169
201604,경기,동두천시,41250,시군구,0
201604,경기,안산시,41271,시(구 합산),5
201604,경기,안산시,41273,시(구 합산),5
201604,경기,고양시,41281,시(구 합산),1989
201604,경기,고양시,41285,시(구 합산),1989
201604,경기,고양시,41287,시(구 합산),1989
201604,경기,과천시,41290,시군구,0
201604,경기,구리시,41310,시군구,0
201604,경기,남양주시,41360,시군구,1003
201604,경기,오산시,41370,시군구,274
201604,경기,시흥시,41390,시군구,0
201604,경기,군포시,41410,시군구,2
201604,경기,의왕시,41430,시군구,504
201604,경기,하남시,41450,시군구,18
201604,경기,용인시,41461,시(구 합산),5635
201604,경기,용인시,41463,시(구 합산),5635
201604,경기,용인시,41465,시(구 합산),5635
201604,경기,파주시,41480,시군구,546
201604,경기,이천시,41500,시군구,41
201604,경기,안성시,41550,시군구,1673
201604,경기,김포시,41570,시군구,1575
201604,경기,양주시,41630,시군구,221
201604,경기,여주시,41670,시군구,0
201604,경기,화성시,41591,시(구 합산),1540
201604,경기,화성시,41593,시(구 합산),1540
201604,경기,화성시,41595,시(구 합산),1540
201604,경기,화성시,41597,시(구 합산),1540
201604,경기,화성시,41590,시(구 합산),1540
201604,경기,광주시,41610,시군구,1598
201604,경기,연천군,41800,시군구,121
201604,경기,포천시,41650,시군구,24
201604,경기,가평군,41820,시군구,0
201604,경기,양평군,41830,시군구,168
201604,강원,계,,시도,2097
201604,충북,계,,시도,4596
201604,충남,계,,시도,7452
201604,세종,계,,시도,3
201604,전북,계,,시도,1945
201604,전남,계,,시도,2017
201604,경북,계,,시도,3940
201604,경남,계,,시도,4221
201604,제주,계,,시도,158
201605,서울,계,,시도,507
201605,서울,종로구,11110,시군구,5
201605,서울,중구,11140,시군구,0
201605,서울,용산구,11170,시군구,7
201605,서울,성동구,11200,시군구,203
201605,서울,광진구,11215,시군구,0
201605,서울,동대문구,11230,시군구,0
201605,서울,중랑구,11260,시군구,0
201605,서울,성북구,11290,시군구,0
201605,서울,강북구,11305,시군구,0
201605,서울,도봉구,11320,시군구,0
201605,서울,노원구,11350,시군구,2
201605,서울,은평구,11380,시군구,74
201605,서울,서대문구,11410,시군구,2
201605,서울,마포구,11440,시군구,0
201605,서울,양천구,11470,시군구,30
201605,서울,강서구,11500,시군구,0
201605,서울,구로구,11530,시군구,0
201605,서울,금천구,11545,시군구,0
201605,서울,영등포구,11560,시군구,125
201605,서울,동작구,11590,시군구,0
201605,서울,관악구,11620,시군구,0
201605,서울,서초구,11650,시군구,19
201605,서울,강남구,11680,시군구,3
201605,서울,송파구,11710,시군구,30
201605,서울,강동구,11740,시군구,7
201605,부산,계,,시도,1253
201605,대구,계,,시도,1462
201605,인천,계,,시도,3108
201605,인천,중구,28110,시군구,797
201605,인천,동구,28140,시군구,0
201605,인천,미추홀구,28177,시군구,368
201605,인천,연수구,28185,시군구,186
201605,인천,남동구,28200,시군구,471
201605,인천,부평구,28237,시군구,0
201605,인천,계양구,28245,시군구,24
201605,인천,서구,28260,시군구,1262
201605,인천,강화군,28710,시군구,0
201605,인천,옹진군,28720,시군구,
201605,광주,계,,시도,1049
201605,대전,계,,시도,812
201605,울산,계,,시도,1609
201605,경기,계,,시도,17272
201605,경기,수원시,41111,시(구 합산),36
201605,경기,수원시,41113,시(구 합산),36
201605,경기,수원시,41115,시(구 합산),36
201605,경기,수원시,41117,시(구 합산),36
201605,경기,성남시,41131,시(구 합산),0
201605,경기,성남시,41133,시(구 합산),0
201605,경기,성남시,41135,시(구 합산),0
201605,경기,의정부시,41150,시군구,91
201605,경기,안양시,41171,시(구 합산),68
201605,경기,안양시,41173,시(구 합산),68
201605,경기,부천시,41192,시(구 합산),63
201605,경기,부천시,41194,시(구 합산),63
201605,경기,부천시,41196,시(구 합산),63
201605,경기,부천시,41190,시(구 합산),63
201605,경기,광명시,41210,시군구,0
201605,경기,평택시,41220,시군구,1239
201605,경기,동두천시,41250,시군구,0
201605,경기,안산시,41271,시(구 합산),5
201605,경기,안산시,41273,시(구 합산),5
201605,경기,고양시,41281,시(구 합산),1972
201605,경기,고양시,41285,시(구 합산),1972
201605,경기,고양시,41287,시(구 합산),1972
201605,경기,과천시,41290,시군구,0
201605,경기,구리시,41310,시군구,0
201605,경기,남양주시,41360,시군구,949
201605,경기,오산시,41370,시군구,251
201605,경기,시흥시,41390,시군구,0
201605,경기,군포시,41410,시군구,0
201605,경기,의왕시,41430,시군구,504
201605,경기,하남시,41450,시군구,18
201605,경기,용인시,41461,시(구 합산),5328
201605,경기,용인시,41463,시(구 합산),5328
201605,경기,용인시,41465,시(구 합산),5328
201605,경기,파주시,41480,시군구,326
201605,경기,이천시,41500,시군구,222
201605,경기,안성시,41550,시군구,1475
201605,경기,김포시,41570,시군구,1326
201605,경기,양주시,41630,시군구,328
201605,경기,여주시,41670,시군구,0
201605,경기,화성시,41591,시(구 합산),1272
201605,경기,화성시,41593,시(구 합산),1272
201605,경기,화성시,41595,시(구 합산),1272
201605,경기,화성시,41597,시(구 합산),1272
201605,경기,화성시,41590,시(구 합산),1272
201605,경기,광주시,41610,시군구,1507
201605,경기,연천군,41800,시군구,121
201605,경기,포천시,41650,시군구,20
201605,경기,가평군,41820,시군구,0
201605,경기,양평군,41830,시군구,151
201605,강원,계,,시도,1943
201605,충북,계,,시도,4171
201605,충남,계,,시도,7869
201605,세종,계,,시도,0
201605,전북,계,,시도,2374
201605,전남,계,,시도,1844
201605,경북,계,,시도,4658
201605,경남,계,,시도,5403
201605,제주,계,,시도,122
201606,서울,계,,시도,409
201606,서울,종로구,11110,시군구,5
201606,서울,중구,11140,시군구,0
201606,서울,용산구,11170,시군구,7
201606,서울,성동구,11200,시군구,184
201606,서울,광진구,11215,시군구,0
201606,서울,동대문구,11230,시군구,0
201606,서울,중랑구,11260,시군구,0
201606,서울,성북구,11290,시군구,0
201606,서울,강북구,11305,시군구,0
201606,서울,도봉구,11320,시군구,0
201606,서울,노원구,11350,시군구,2
201606,서울,은평구,11380,시군구,62
201606,서울,서대문구,11410,시군구,0
201606,서울,마포구,11440,시군구,0
201606,서울,양천구,11470,시군구,6
201606,서울,강서구,11500,시군구,0
201606,서울,구로구,11530,시군구,0
201606,서울,금천구,11545,시군구,0
201606,서울,영등포구,11560,시군구,116
201606,서울,동작구,11590,시군구,0
201606,서울,관악구,11620,시군구,0
201606,서울,서초구,11650,시군구,19
201606,서울,강남구,11680,시군구,3
201606,서울,송파구,11710,시군구,0
201606,서울,강동구,11740,시군구,5
201606,부산,계,,시도,1568
201606,대구,계,,시도,1230
201606,인천,계,,시도,3179
201606,인천,중구,28110,시군구,1319
201606,인천,동구,28140,시군구,0
201606,인천,미추홀구,28177,시군구,423
201606,인천,연수구,28185,시군구,163
201606,인천,남동구,28200,시군구,448
201606,인천,부평구,28237,시군구,0
201606,인천,계양구,28245,시군구,24
201606,인천,서구,28260,시군구,802
201606,인천,강화군,28710,시군구,0
201606,인천,옹진군,28720,시군구,0
201606,광주,계,,시도,1095
201606,대전,계,,시도,767
201606,울산,계,,시도,1037
201606,경기,계,,시도,19737
201606,경기,수원시,41111,시(구 합산),36
201606,경기,수원시,41113,시(구 합산),36
201606,경기,수원시,41115,시(구 합산),36
201606,경기,수원시,41117,시(구 합산),36
201606,경기,성남시,41131,시(구 합산),0
201606,경기,성남시,41133,시(구 합산),0
201606,경기,성남시,41135,시(구 합산),0
201606,경기,의정부시,41150,시군구,78
201606,경기,안양시,41171,시(구 합산),68
201606,경기,안양시,41173,시(구 합산),68
201606,경기,부천시,41192,시(구 합산),38
201606,경기,부천시,41194,시(구 합산),38
201606,경기,부천시,41196,시(구 합산),38
201606,경기,부천시,41190,시(구 합산),38
201606,경기,광명시,41210,시군구,0
201606,경기,평택시,41220,시군구,2969
201606,경기,동두천시,41250,시군구,0
201606,경기,안산시,41271,시(구 합산),5
201606,경기,안산시,41273,시(구 합산),5
201606,경기,고양시,41281,시(구 합산),1187
201606,경기,고양시,41285,시(구 합산),1187
201606,경기,고양시,41287,시(구 합산),1187
201606,경기,과천시,41290,시군구,0
201606,경기,구리시,41310,시군구,0
201606,경기,남양주시,41360,시군구,2341
201606,경기,오산시,41370,시군구,227
201606,경기,시흥시,41390,시군구,630
201606,경기,군포시,41410,시군구,0
201606,경기,의왕시,41430,시군구,504
201606,경기,하남시,41450,시군구,18
201606,경기,용인시,41461,시(구 합산),5301
201606,경기,용인시,41463,시(구 합산),5301
201606,경기,용인시,41465,시(구 합산),5301
201606,경기,파주시,41480,시군구,225
201606,경기,이천시,41500,시군구,177
201606,경기,안성시,41550,시군구,1964
201606,경기,김포시,41570,시군구,1157
201606,경기,양주시,41630,시군구,388
201606,경기,여주시,41670,시군구,0
201606,경기,화성시,41591,시(구 합산),865
201606,경기,화성시,41593,시(구 합산),865
201606,경기,화성시,41595,시(구 합산),865
201606,경기,화성시,41597,시(구 합산),865
201606,경기,화성시,41590,시(구 합산),865
201606,경기,광주시,41610,시군구,1304
201606,경기,연천군,41800,시군구,106
201606,경기,포천시,41650,시군구,15
201606,경기,가평군,41820,시군구,0
201606,경기,양평군,41830,시군구,134
201606,강원,계,,시도,2127
201606,충북,계,,시도,4907
201606,충남,계,,시도,8017
201606,세종,계,,시도,0
201606,전북,계,,시도,2745
201606,전남,계,,시도,1758
201606,경북,계,,시도,5621
201606,경남,계,,시도,5553
201606,제주,계,,시도,249
201607,서울,계,,시도,426
201607,서울,종로구,11110,시군구,5
201607,서울,중구,11140,시군구,0
201607,서울,용산구,11170,시군구,6
201607,서울,성동구,11200,시군구,163
201607,서울,광진구,11215,시군구,0
201607,서울,동대문구,11230,시군구,0
201607,서울,중랑구,11260,시군구,0
201607,서울,성북구,11290,시군구,0
201607,서울,강북구,11305,시군구,0
201607,서울,도봉구,11320,시군구,40
201607,서울,노원구,11350,시군구,0
201607,서울,은평구,11380,시군구,57
201607,서울,서대문구,11410,시군구,0
201607,서울,마포구,11440,시군구,0
201607,서울,양천구,11470,시군구,6
201607,서울,강서구,11500,시군구,17
201607,서울,구로구,11530,시군구,0
201607,서울,금천구,11545,시군구,0
201607,서울,영등포구,11560,시군구,109
201607,서울,동작구,11590,시군구,0
201607,서울,관악구,11620,시군구,0
201607,서울,서초구,11650,시군구,17
201607,서울,강남구,11680,시군구,2
201607,서울,송파구,11710,시군구,0
201607,서울,강동구,11740,시군구,4
201607,부산,계,,시도,1429
201607,대구,계,,시도,1225
201607,인천,계,,시도,3724
201607,인천,중구,28110,시군구,1242
201607,인천,동구,28140,시군구,0
201607,인천,미추홀구,28177,시군구,415
201607,인천,연수구,28185,시군구,908
201607,인천,남동구,28200,시군구,413
201607,인천,부평구,28237,시군구,0
201607,인천,계양구,28245,시군구,24
201607,인천,서구,28260,시군구,722
201607,인천,강화군,28710,시군구,0
201607,인천,옹진군,28720,시군구,0
201607,광주,계,,시도,931
201607,대전,계,,시도,740
201607,울산,계,,시도,907
201607,경기,계,,시도,17243
201607,경기,수원시,41111,시(구 합산),36
201607,경기,수원시,41113,시(구 합산),36
201607,경기,수원시,41115,시(구 합산),36
201607,경기,수원시,41117,시(구 합산),36
201607,경기,성남시,41131,시(구 합산),0
201607,경기,성남시,41133,시(구 합산),0
201607,경기,성남시,41135,시(구 합산),0
201607,경기,의정부시,41150,시군구,78
201607,경기,안양시,41171,시(구 합산),68
201607,경기,안양시,41173,시(구 합산),68
201607,경기,부천시,41192,시(구 합산),29
201607,경기,부천시,41194,시(구 합산),29
201607,경기,부천시,41196,시(구 합산),29
201607,경기,부천시,41190,시(구 합산),29
201607,경기,광명시,41210,시군구,0
201607,경기,평택시,41220,시군구,3134
201607,경기,동두천시,41250,시군구,0
201607,경기,안산시,41271,시(구 합산),5
201607,경기,안산시,41273,시(구 합산),5
201607,경기,고양시,41281,시(구 합산),646
201607,경기,고양시,41285,시(구 합산),646
201607,경기,고양시,41287,시(구 합산),646
201607,경기,과천시,41290,시군구,0
201607,경기,구리시,41310,시군구,0
201607,경기,남양주시,41360,시군구,1687
201607,경기,오산시,41370,시군구,160
201607,경기,시흥시,41390,시군구,419
201607,경기,군포시,41410,시군구,0
201607,경기,의왕시,41430,시군구,504
201607,경기,하남시,41450,시군구,18
201607,경기,용인시,41461,시(구 합산),5010
201607,경기,용인시,41463,시(구 합산),5010
201607,경기,용인시,41465,시(구 합산),5010
201607,경기,파주시,41480,시군구,220
201607,경기,이천시,41500,시군구,145
201607,경기,안성시,41550,시군구,1773
201607,경기,김포시,41570,시군구,935
201607,경기,양주시,41630,시군구,336
201607,경기,여주시,41670,시군구,0
201607,경기,화성시,41591,시(구 합산),632
201607,경기,화성시,41593,시(구 합산),632
201607,경기,화성시,41595,시(구 합산),632
201607,경기,화성시,41597,시(구 합산),632
201607,경기,화성시,41590,시(구 합산),632
201607,경기,광주시,41610,시군구,1196
201607,경기,연천군,41800,시군구,98
201607,경기,포천시,41650,시군구,3
201607,경기,가평군,41820,시군구,0
201607,경기,양평군,41830,시군구,111
201607,강원,계,,시도,3061
201607,충북,계,,시도,4428
201607,충남,계,,시도,8644
201607,세종,계,,시도,0
201607,전북,계,,시도,2518
201607,전남,계,,시도,1661
201607,경북,계,,시도,6198
201607,경남,계,,시도,9737
201607,제주,계,,시도,255
201608,서울,계,,시도,372
201608,서울,종로구,11110,시군구,5
201608,서울,중구,11140,시군구,0
201608,서울,용산구,11170,시군구,4
201608,서울,성동구,11200,시군구,138
201608,서울,광진구,11215,시군구,0
201608,서울,동대문구,11230,시군구,0
201608,서울,중랑구,11260,시군구,0
201608,서울,성북구,11290,시군구,0
201608,서울,강북구,11305,시군구,0
201608,서울,도봉구,11320,시군구,40
201608,서울,노원구,11350,시군구,0
201608,서울,은평구,11380,시군구,52
201608,서울,서대문구,11410,시군구,0
201608,서울,마포구,11440,시군구,0
201608,서울,양천구,11470,시군구,6
201608,서울,강서구,11500,시군구,4
201608,서울,구로구,11530,시군구,0
201608,서울,금천구,11545,시군구,0
201608,서울,영등포구,11560,시군구,101
201608,서울,동작구,11590,시군구,0
201608,서울,관악구,11620,시군구,0
201608,서울,서초구,11650,시군구,17
201608,서울,강남구,11680,시군구,2
201608,서울,송파구,11710,시군구,0
201608,서울,강동구,11740,시군구,3
201608,부산,계,,시도,1364
201608,대구,계,,시도,1631
201608,인천,계,,시도,3124
201608,인천,중구,28110,시군구,1219
201608,인천,동구,28140,시군구,0
201608,인천,미추홀구,28177,시군구,413
201608,인천,연수구,28185,시군구,635
201608,인천,남동구,28200,시군구,359
201608,인천,부평구,28237,시군구,0
201608,인천,계양구,28245,시군구,24
201608,인천,서구,28260,시군구,474
201608,인천,강화군,28710,시군구,0
201608,인천,옹진군,28720,시군구,0
201608,광주,계,,시도,906
201608,대전,계,,시도,859
201608,울산,계,,시도,701
201608,경기,계,,시도,17860
201608,경기,수원시,41111,시(구 합산),36
201608,경기,수원시,41113,시(구 합산),36
201608,경기,수원시,41115,시(구 합산),36
201608,경기,수원시,41117,시(구 합산),36
201608,경기,성남시,41131,시(구 합산),0
201608,경기,성남시,41133,시(구 합산),0
201608,경기,성남시,41135,시(구 합산),0
201608,경기,의정부시,41150,시군구,78
201608,경기,안양시,41171,시(구 합산),68
201608,경기,안양시,41173,시(구 합산),68
201608,경기,부천시,41192,시(구 합산),19
201608,경기,부천시,41194,시(구 합산),19
201608,경기,부천시,41196,시(구 합산),19
201608,경기,부천시,41190,시(구 합산),19
201608,경기,광명시,41210,시군구,0
201608,경기,평택시,41220,시군구,4596
201608,경기,동두천시,41250,시군구,0
201608,경기,안산시,41271,시(구 합산),470
201608,경기,안산시,41273,시(구 합산),470
201608,경기,고양시,41281,시(구 합산),469
201608,경기,고양시,41285,시(구 합산),469
201608,경기,고양시,41287,시(구 합산),469
201608,경기,과천시,41290,시군구,0
201608,경기,구리시,41310,시군구,0
201608,경기,남양주시,41360,시군구,1555
201608,경기,오산시,41370,시군구,65
201608,경기,시흥시,41390,시군구,304
201608,경기,군포시,41410,시군구,0
201608,경기,의왕시,41430,시군구,502
201608,경기,하남시,41450,시군구,242
201608,경기,용인시,41461,시(구 합산),4406
201608,경기,용인시,41463,시(구 합산),4406
201608,경기,용인시,41465,시(구 합산),4406
201608,경기,파주시,41480,시군구,195
201608,경기,이천시,41500,시군구,114
201608,경기,안성시,41550,시군구,2116
201608,경기,김포시,41570,시군구,675
201608,경기,양주시,41630,시군구,246
201608,경기,여주시,41670,시군구,0
201608,경기,화성시,41591,시(구 합산),501
201608,경기,화성시,41593,시(구 합산),501
201608,경기,화성시,41595,시(구 합산),501
201608,경기,화성시,41597,시(구 합산),501
201608,경기,화성시,41590,시(구 합산),501
201608,경기,광주시,41610,시군구,1020
201608,경기,연천군,41800,시군구,86
201608,경기,포천시,41650,시군구,2
201608,경기,가평군,41820,시군구,0
201608,경기,양평군,41830,시군구,95
201608,강원,계,,시도,2678
201608,충북,계,,시도,4081
201608,충남,계,,시도,9232
201608,세종,계,,시도,0
201608,전북,계,,시도,2619
201608,전남,계,,시도,1508
201608,경북,계,,시도,5908
201608,경남,계,,시도,9369
201608,제주,계,,시도,350
201609,서울,계,,시도,327
201609,서울,종로구,11110,시군구,5
201609,서울,중구,11140,시군구,0
201609,서울,용산구,11170,시군구,3
201609,서울,성동구,11200,시군구,112
201609,서울,광진구,11215,시군구,0
201609,서울,동대문구,11230,시군구,0
201609,서울,중랑구,11260,시군구,0
201609,서울,성북구,11290,시군구,0
201609,서울,강북구,11305,시군구,0
201609,서울,도봉구,11320,시군구,40
201609,서울,노원구,11350,시군구,0
201609,서울,은평구,11380,시군구,48
201609,서울,서대문구,11410,시군구,33
201609,서울,마포구,11440,시군구,0
201609,서울,양천구,11470,시군구,6
201609,서울,강서구,11500,시군구,3
201609,서울,구로구,11530,시군구,0
201609,서울,금천구,11545,시군구,0
201609,서울,영등포구,11560,시군구,56
201609,서울,동작구,11590,시군구,0
201609,서울,관악구,11620,시군구,0
201609,서울,서초구,11650,시군구,16
201609,서울,강남구,11680,시군구,2
201609,서울,송파구,11710,시군구,0
201609,서울,강동구,11740,시군구,3
201609,부산,계,,시도,1306
201609,대구,계,,시도,1404
201609,인천,계,,시도,2398
201609,인천,중구,28110,시군구,1004
201609,인천,동구,28140,시군구,0
201609,인천,미추홀구,28177,시군구,409
201609,인천,연수구,28185,시군구,107
201609,인천,남동구,28200,시군구,319
201609,인천,부평구,28237,시군구,0
201609,인천,계양구,28245,시군구,0
201609,인천,서구,28260,시군구,559
201609,인천,강화군,28710,시군구,0
201609,인천,옹진군,28720,시군구,0
201609,광주,계,,시도,1090
201609,대전,계,,시도,693
201609,울산,계,,시도,605
201609,경기,계,,시도,16296
201609,경기,수원시,41111,시(구 합산),36
201609,경기,수원시,41113,시(구 합산),36
201609,경기,수원시,41115,시(구 합산),36
201609,경기,수원시,41117,시(구 합산),36
201609,경기,성남시,41131,시(구 합산),0
201609,경기,성남시,41133,시(구 합산),0
201609,경기,성남시,41135,시(구 합산),0
201609,경기,의정부시,41150,시군구,215
201609,경기,안양시,41171,시(구 합산),68
201609,경기,안양시,41173,시(구 합산),68
201609,경기,부천시,41192,시(구 합산),11
201609,경기,부천시,41194,시(구 합산),11
201609,경기,부천시,41196,시(구 합산),11
201609,경기,부천시,41190,시(구 합산),11
201609,경기,광명시,41210,시군구,0
201609,경기,평택시,41220,시군구,4261
201609,경기,동두천시,41250,시군구,0
201609,경기,안산시,41271,시(구 합산),418
201609,경기,안산시,41273,시(구 합산),418
201609,경기,고양시,41281,시(구 합산),469
201609,경기,고양시,41285,시(구 합산),469
201609,경기,고양시,41287,시(구 합산),469
201609,경기,과천시,41290,시군구,0
201609,경기,구리시,41310,시군구,0
201609,경기,남양주시,41360,시군구,1391
201609,경기,오산시,41370,시군구,0
201609,경기,시흥시,41390,시군구,211
201609,경기,군포시,41410,시군구,0
201609,경기,의왕시,41430,시군구,502
201609,경기,하남시,41450,시군구,18
201609,경기,용인시,41461,시(구 합산),4374
201609,경기,용인시,41463,시(구 합산),4374
201609,경기,용인시,41465,시(구 합산),4374
201609,경기,파주시,41480,시군구,194
201609,경기,이천시,41500,시군구,100
201609,경기,안성시,41550,시군구,2023
201609,경기,김포시,41570,시군구,194
201609,경기,양주시,41630,시군구,180
201609,경기,여주시,41670,시군구,0
201609,경기,화성시,41591,시(구 합산),741
201609,경기,화성시,41593,시(구 합산),741
201609,경기,화성시,41595,시(구 합산),741
201609,경기,화성시,41597,시(구 합산),741
201609,경기,화성시,41590,시(구 합산),741
201609,경기,광주시,41610,시군구,716
201609,경기,연천군,41800,시군구,83
201609,경기,포천시,41650,시군구,0
201609,경기,가평군,41820,시군구,0
201609,경기,양평군,41830,시군구,91
201609,강원,계,,시도,2874
201609,충북,계,,시도,4164
201609,충남,계,,시도,9585
201609,세종,계,,시도,0
201609,전북,계,,시도,2736
201609,전남,계,,시도,1420
201609,경북,계,,시도,6716
201609,경남,계,,시도,8801
201609,제주,계,,시도,285
201610,서울,계,,시도,283
201610,서울,종로구,11110,시군구,2
201610,서울,중구,11140,시군구,0
201610,서울,용산구,11170,시군구,2
201610,서울,성동구,11200,시군구,90
201610,서울,광진구,11215,시군구,0
201610,서울,동대문구,11230,시군구,0
201610,서울,중랑구,11260,시군구,0
201610,서울,성북구,11290,시군구,0
201610,서울,강북구,11305,시군구,0
201610,서울,도봉구,11320,시군구,31
201610,서울,노원구,11350,시군구,0
201610,서울,은평구,11380,시군구,43
201610,서울,서대문구,11410,시군구,0
201610,서울,마포구,11440,시군구,0
201610,서울,양천구,11470,시군구,6
201610,서울,강서구,11500,시군구,0
201610,서울,구로구,11530,시군구,0
201610,서울,금천구,11545,시군구,0
201610,서울,영등포구,11560,시군구,55
201610,서울,동작구,11590,시군구,35
201610,서울,관악구,11620,시군구,0
201610,서울,서초구,11650,시군구,16
201610,서울,강남구,11680,시군구,2
201610,서울,송파구,11710,시군구,0
201610,서울,강동구,11740,시군구,1
201610,부산,계,,시도,1168
201610,대구,계,,시도,1135
201610,인천,계,,시도,2830
201610,인천,중구,28110,시군구,1697
201610,인천,동구,28140,시군구,0
201610,인천,미추홀구,28177,시군구,406
201610,인천,연수구,28185,시군구,0
201610,인천,남동구,28200,시군구,319
201610,인천,부평구,28237,시군구,0
201610,인천,계양구,28245,시군구,0
201610,인천,서구,28260,시군구,408
201610,인천,강화군,28710,시군구,0
201610,인천,옹진군,28720,시군구,0
201610,광주,계,,시도,877
201610,대전,계,,시도,730
201610,울산,계,,시도,526
201610,경기,계,,시도,14594
201610,경기,수원시,41111,시(구 합산),32
201610,경기,수원시,41113,시(구 합산),32
201610,경기,수원시,41115,시(구 합산),32
201610,경기,수원시,41117,시(구 합산),32
201610,경기,성남시,41131,시(구 합산),0
201610,경기,성남시,41133,시(구 합산),0
201610,경기,성남시,41135,시(구 합산),0
201610,경기,의정부시,41150,시군구,97
201610,경기,안양시,41171,시(구 합산),68
201610,경기,안양시,41173,시(구 합산),68
201610,경기,부천시,41192,시(구 합산),131
201610,경기,부천시,41194,시(구 합산),131
201610,경기,부천시,41196,시(구 합산),131
201610,경기,부천시,41190,시(구 합산),131
201610,경기,광명시,41210,시군구,0
201610,경기,평택시,41220,시군구,3394
201610,경기,동두천시,41250,시군구,0
201610,경기,안산시,41271,시(구 합산),367
201610,경기,안산시,41273,시(구 합산),367
201610,경기,고양시,41281,시(구 합산),469
201610,경기,고양시,41285,시(구 합산),469
201610,경기,고양시,41287,시(구 합산),469
201610,경기,과천시,41290,시군구,0
201610,경기,구리시,41310,시군구,0
201610,경기,남양주시,41360,시군구,1216
201610,경기,오산시,41370,시군구,502
201610,경기,시흥시,41390,시군구,76
201610,경기,군포시,41410,시군구,0
201610,경기,의왕시,41430,시군구,502
201610,경기,하남시,41450,시군구,18
201610,경기,용인시,41461,시(구 합산),4260
201610,경기,용인시,41463,시(구 합산),4260
201610,경기,용인시,41465,시(구 합산),4260
201610,경기,파주시,41480,시군구,135
201610,경기,이천시,41500,시군구,81
201610,경기,안성시,41550,시군구,1919
201610,경기,김포시,41570,시군구,132
201610,경기,양주시,41630,시군구,113
201610,경기,여주시,41670,시군구,0
201610,경기,화성시,41591,시(구 합산),426
201610,경기,화성시,41593,시(구 합산),426
201610,경기,화성시,41595,시(구 합산),426
201610,경기,화성시,41597,시(구 합산),426
201610,경기,화성시,41590,시(구 합산),426
201610,경기,광주시,41610,시군구,528
201610,경기,연천군,41800,시군구,51
201610,경기,포천시,41650,시군구,0
201610,경기,가평군,41820,시군구,0
201610,경기,양평군,41830,시군구,77
201610,강원,계,,시도,2479
201610,충북,계,,시도,4089
201610,충남,계,,시도,9167
201610,세종,계,,시도,0
201610,전북,계,,시도,2737
201610,전남,계,,시도,1364
201610,경북,계,,시도,7556
201610,경남,계,,시도,7868
201610,제주,계,,시도,306
201611,서울,계,,시도,268
201611,서울,종로구,11110,시군구,2
201611,서울,중구,11140,시군구,0
201611,서울,용산구,11170,시군구,0
201611,서울,성동구,11200,시군구,85
201611,서울,광진구,11215,시군구,0
201611,서울,동대문구,11230,시군구,0
201611,서울,중랑구,11260,시군구,0
201611,서울,성북구,11290,시군구,0
201611,서울,강북구,11305,시군구,0
201611,서울,도봉구,11320,시군구,31
201611,서울,노원구,11350,시군구,0
201611,서울,은평구,11380,시군구,37
201611,서울,서대문구,11410,시군구,0
201611,서울,마포구,11440,시군구,0
201611,서울,양천구,11470,시군구,6
201611,서울,강서구,11500,시군구,0
201611,서울,구로구,11530,시군구,0
201611,서울,금천구,11545,시군구,0
201611,서울,영등포구,11560,시군구,54
201611,서울,동작구,11590,시군구,35
201611,서울,관악구,11620,시군구,0
201611,서울,서초구,11650,시군구,16
201611,서울,강남구,11680,시군구,2
201611,서울,송파구,11710,시군구,0
201611,서울,강동구,11740,시군구,0
201611,부산,계,,시도,1110
201611,대구,계,,시도,978
201611,인천,계,,시도,3571
201611,인천,중구,28110,시군구,2467
201611,인천,동구,28140,시군구,0
201611,인천,미추홀구,28177,시군구,405
201611,인천,연수구,28185,시군구,0
201611,인천,남동구,28200,시군구,315
201611,인천,부평구,28237,시군구,0
201611,인천,계양구,28245,시군구,0
201611,인천,서구,28260,시군구,384
201611,인천,강화군,28710,시군구,0
201611,인천,옹진군,28720,시군구,0
201611,광주,계,,시도,691
201611,대전,계,,시도,606
201611,울산,계,,시도,509
201611,경기,계,,시도,14396
201611,경기,수원시,41111,시(구 합산),32
201611,경기,수원시,41113,시(구 합산),32
201611,경기,수원시,41115,시(구 합산),32
201611,경기,수원시,41117,시(구 합산),32
201611,경기,성남시,41131,시(구 합산),0
201611,경기,성남시,41133,시(구 합산),0
201611,경기,성남시,41135,시(구 합산),0
201611,경기,의정부시,41150,시군구,24
201611,경기,안양시,41171,시(구 합산),68
201611,경기,안양시,41173,시(구 합산),68
201611,경기,부천시,41192,시(구 합산),65
201611,경기,부천시,41194,시(구 합산),65
201611,경기,부천시,41196,시(구 합산),65
201611,경기,부천시,41190,시(구 합산),65
201611,경기,광명시,41210,시군구,0
201611,경기,평택시,41220,시군구,2880
201611,경기,동두천시,41250,시군구,0
201611,경기,안산시,41271,시(구 합산),344
201611,경기,안산시,41273,시(구 합산),344
201611,경기,고양시,41281,시(구 합산),469
201611,경기,고양시,41285,시(구 합산),469
201611,경기,고양시,41287,시(구 합산),469
201611,경기,과천시,41290,시군구,0
201611,경기,구리시,41310,시군구,0
201611,경기,남양주시,41360,시군구,1124
201611,경기,오산시,41370,시군구,613
201611,경기,시흥시,41390,시군구,37
201611,경기,군포시,41410,시군구,0
201611,경기,의왕시,41430,시군구,0
201611,경기,하남시,41450,시군구,18
201611,경기,용인시,41461,시(구 합산),4944
201611,경기,용인시,41463,시(구 합산),4944
201611,경기,용인시,41465,시(구 합산),4944
201611,경기,파주시,41480,시군구,100
201611,경기,이천시,41500,시군구,73
201611,경기,안성시,41550,시군구,1810
201611,경기,김포시,41570,시군구,355
201611,경기,양주시,41630,시군구,90
201611,경기,여주시,41670,시군구,0
201611,경기,화성시,41591,시(구 합산),262
201611,경기,화성시,41593,시(구 합산),262
201611,경기,화성시,41595,시(구 합산),262
201611,경기,화성시,41597,시(구 합산),262
201611,경기,화성시,41590,시(구 합산),262
201611,경기,광주시,41610,시군구,1000
201611,경기,연천군,41800,시군구,43
201611,경기,포천시,41650,시군구,0
201611,경기,가평군,41820,시군구,0
201611,경기,양평군,41830,시군구,45
201611,강원,계,,시도,3605
201611,충북,계,,시도,3920
201611,충남,계,,시도,9073
201611,세종,계,,시도,0
201611,전북,계,,시도,2533
201611,전남,계,,시도,1344
201611,경북,계,,시도,7266
201611,경남,계,,시도,7414
201611,제주,계,,시도,298
201612,서울,계,,시도,274
201612,서울,종로구,11110,시군구,1
201612,서울,중구,11140,시군구,0
201612,서울,용산구,11170,시군구,0
201612,서울,성동구,11200,시군구,80
201612,서울,광진구,11215,시군구,0
201612,서울,동대문구,11230,시군구,0
201612,서울,중랑구,11260,시군구,0
201612,서울,성북구,11290,시군구,0
201612,서울,강북구,11305,시군구,0
201612,서울,도봉구,11320,시군구,31
201612,서울,노원구,11350,시군구,0
201612,서울,은평구,11380,시군구,32
201612,서울,서대문구,11410,시군구,16
201612,서울,마포구,11440,시군구,0
201612,서울,양천구,11470,시군구,4
201612,서울,강서구,11500,시군구,0
201612,서울,구로구,11530,시군구,0
201612,서울,금천구,11545,시군구,0
201612,서울,영등포구,11560,시군구,54
201612,서울,동작구,11590,시군구,0
201612,서울,관악구,11620,시군구,0
201612,서울,서초구,11650,시군구,16
201612,서울,강남구,11680,시군구,0
201612,서울,송파구,11710,시군구,40
201612,서울,강동구,11740,시군구,0
201612,부산,계,,시도,1171
201612,대구,계,,시도,915
201612,인천,계,,시도,3053
201612,인천,중구,28110,시군구,2107
201612,인천,동구,28140,시군구,0
201612,인천,미추홀구,28177,시군구,404
201612,인천,연수구,28185,시군구,0
201612,인천,남동구,28200,시군구,315
201612,인천,부평구,28237,시군구,0
201612,인천,계양구,28245,시군구,0
201612,인천,서구,28260,시군구,227
201612,인천,강화군,28710,시군구,0
201612,인천,옹진군,28720,시군구,0
201612,광주,계,,시도,554
201612,대전,계,,시도,644
201612,울산,계,,시도,481
201612,경기,계,,시도,13362
201612,경기,수원시,41111,시(구 합산),32
201612,경기,수원시,41113,시(구 합산),32
201612,경기,수원시,41115,시(구 합산),32
201612,경기,수원시,41117,시(구 합산),32
201612,경기,성남시,41131,시(구 합산),0
201612,경기,성남시,41133,시(구 합산),0
201612,경기,성남시,41135,시(구 합산),0
201612,경기,의정부시,41150,시군구,16
201612,경기,안양시,41171,시(구 합산),68
201612,경기,안양시,41173,시(구 합산),68
201612,경기,부천시,41192,시(구 합산),35
201612,경기,부천시,41194,시(구 합산),35
201612,경기,부천시,41196,시(구 합산),35
201612,경기,부천시,41190,시(구 합산),35
201612,경기,광명시,41210,시군구,0
201612,경기,평택시,41220,시군구,2773
201612,경기,동두천시,41250,시군구,0
201612,경기,안산시,41271,시(구 합산),317
201612,경기,안산시,41273,시(구 합산),317
201612,경기,고양시,41281,시(구 합산),469
201612,경기,고양시,41285,시(구 합산),469
201612,경기,고양시,41287,시(구 합산),469
201612,경기,과천시,41290,시군구,0
201612,경기,구리시,41310,시군구,0
201612,경기,남양주시,41360,시군구,1073
201612,경기,오산시,41370,시군구,368
201612,경기,시흥시,41390,시군구,0
201612,경기,군포시,41410,시군구,0
201612,경기,의왕시,41430,시군구,0
201612,경기,하남시,41450,시군구,18
201612,경기,용인시,41461,시(구 합산),4699
201612,경기,용인시,41463,시(구 합산),4699
201612,경기,용인시,41465,시(구 합산),4699
201612,경기,파주시,41480,시군구,64
201612,경기,이천시,41500,시군구,81
201612,경기,안성시,41550,시군구,1718
201612,경기,김포시,41570,시군구,270
201612,경기,양주시,41630,시군구,76
201612,경기,여주시,41670,시군구,0
201612,경기,화성시,41591,시(구 합산),240
201612,경기,화성시,41593,시(구 합산),240
201612,경기,화성시,41595,시(구 합산),240
201612,경기,화성시,41597,시(구 합산),240
201612,경기,화성시,41590,시(구 합산),240
201612,경기,광주시,41610,시군구,965
201612,경기,연천군,41800,시군구,39
201612,경기,포천시,41650,시군구,0
201612,경기,가평군,41820,시군구,0
201612,경기,양평군,41830,시군구,41
201612,강원,계,,시도,3314
201612,충북,계,,시도,3989
201612,충남,계,,시도,9323
201612,세종,계,,시도,0
201612,전북,계,,시도,2382
201612,전남,계,,시도,1245
201612,경북,계,,시도,7421
201612,경남,계,,시도,8014
201612,제주,계,,시도,271
201701,서울,계,,시도,205
201701,서울,종로구,11110,시군구,1
201701,서울,중구,11140,시군구,0
201701,서울,용산구,11170,시군구,0
201701,서울,성동구,11200,시군구,77
201701,서울,광진구,11215,시군구,0
201701,서울,동대문구,11230,시군구,0
201701,서울,중랑구,11260,시군구,0
201701,서울,성북구,11290,시군구,0
201701,서울,강북구,11305,시군구,0
201701,서울,도봉구,11320,시군구,31
201701,서울,노원구,11350,시군구,0
201701,서울,은평구,11380,시군구,0
201701,서울,서대문구,11410,시군구,16
201701,서울,마포구,11440,시군구,0
201701,서울,양천구,11470,시군구,3
201701,서울,강서구,11500,시군구,0
201701,서울,구로구,11530,시군구,0
201701,서울,금천구,11545,시군구,0
201701,서울,영등포구,11560,시군구,0
201701,서울,동작구,11590,시군구,0
201701,서울,관악구,11620,시군구,0
201701,서울,서초구,11650,시군구,16
201701,서울,강남구,11680,시군구,0
201701,서울,송파구,11710,시군구,25
201701,서울,강동구,11740,시군구,36
201701,부산,계,,시도,1102
201701,대구,계,,시도,828
201701,인천,계,,시도,3641
201701,인천,중구,28110,시군구,1906
201701,인천,동구,28140,시군구,0
201701,인천,미추홀구,28177,시군구,404
201701,인천,연수구,28185,시군구,795
201701,인천,남동구,28200,시군구,315
201701,인천,부평구,28237,시군구,0
201701,인천,계양구,28245,시군구,0
201701,인천,서구,28260,시군구,221
201701,인천,강화군,28710,시군구,0
201701,인천,옹진군,28720,시군구,0
201701,광주,계,,시도,818
201701,대전,계,,시도,551
201701,울산,계,,시도,682
201701,경기,계,,시도,15092
201701,경기,수원시,41111,시(구 합산),10
201701,경기,수원시,41113,시(구 합산),10
201701,경기,수원시,41115,시(구 합산),10
201701,경기,수원시,41117,시(구 합산),10
201701,경기,성남시,41131,시(구 합산),0
201701,경기,성남시,41133,시(구 합산),0
201701,경기,성남시,41135,시(구 합산),0
201701,경기,의정부시,41150,시군구,14
201701,경기,안양시,41171,시(구 합산),68
201701,경기,안양시,41173,시(구 합산),68
201701,경기,부천시,41192,시(구 합산),30
201701,경기,부천시,41194,시(구 합산),30
201701,경기,부천시,41196,시(구 합산),30
201701,경기,부천시,41190,시(구 합산),30
201701,경기,광명시,41210,시군구,0
201701,경기,평택시,41220,시군구,2532
201701,경기,동두천시,41250,시군구,0
201701,경기,안산시,41271,시(구 합산),312
201701,경기,안산시,41273,시(구 합산),312
201701,경기,고양시,41281,시(구 합산),439
201701,경기,고양시,41285,시(구 합산),439
201701,경기,고양시,41287,시(구 합산),439
201701,경기,과천시,41290,시군구,0
201701,경기,구리시,41310,시군구,0
201701,경기,남양주시,41360,시군구,1027
201701,경기,오산시,41370,시군구,331
201701,경기,시흥시,41390,시군구,357
201701,경기,군포시,41410,시군구,0
201701,경기,의왕시,41430,시군구,0
201701,경기,하남시,41450,시군구,18
201701,경기,용인시,41461,시(구 합산),5285
201701,경기,용인시,41463,시(구 합산),5285
201701,경기,용인시,41465,시(구 합산),5285
201701,경기,파주시,41480,시군구,62
201701,경기,이천시,41500,시군구,54
201701,경기,안성시,41550,시군구,1628
201701,경기,김포시,41570,시군구,219
201701,경기,양주시,41630,시군구,73
201701,경기,여주시,41670,시군구,0
201701,경기,화성시,41591,시(구 합산),1828
201701,경기,화성시,41593,시(구 합산),1828
201701,경기,화성시,41595,시(구 합산),1828
201701,경기,화성시,41597,시(구 합산),1828
201701,경기,화성시,41590,시(구 합산),1828
201701,경기,광주시,41610,시군구,734
201701,경기,연천군,41800,시군구,38
201701,경기,포천시,41650,시군구,0
201701,경기,가평군,41820,시군구,0
201701,경기,양평군,41830,시군구,33
201701,강원,계,,시도,3466
201701,충북,계,,시도,4043
201701,충남,계,,시도,9094
201701,세종,계,,시도,0
201701,전북,계,,시도,2468
201701,전남,계,,시도,1153
201701,경북,계,,시도,8032
201701,경남,계,,시도,7785
201701,제주,계,,시도,353
201702,서울,계,,시도,187
201702,서울,종로구,11110,시군구,1
201702,서울,중구,11140,시군구,0
201702,서울,용산구,11170,시군구,0
201702,서울,성동구,11200,시군구,76
201702,서울,광진구,11215,시군구,0
201702,서울,동대문구,11230,시군구,0
201702,서울,중랑구,11260,시군구,0
201702,서울,성북구,11290,시군구,0
201702,서울,강북구,11305,시군구,0
201702,서울,도봉구,11320,시군구,34
201702,서울,노원구,11350,시군구,0
201702,서울,은평구,11380,시군구,0
201702,서울,서대문구,11410,시군구,0
201702,서울,마포구,11440,시군구,0
201702,서울,양천구,11470,시군구,3
201702,서울,강서구,11500,시군구,0
201702,서울,구로구,11530,시군구,0
201702,서울,금천구,11545,시군구,0
201702,서울,영등포구,11560,시군구,0
201702,서울,동작구,11590,시군구,0
201702,서울,관악구,11620,시군구,0
201702,서울,서초구,11650,시군구,16
201702,서울,강남구,11680,시군구,0
201702,서울,송파구,11710,시군구,21
201702,서울,강동구,11740,시군구,36
201702,부산,계,,시도,1041
201702,대구,계,,시도,703
201702,인천,계,,시도,3335
201702,인천,중구,28110,시군구,1751
201702,인천,동구,28140,시군구,0
201702,인천,미추홀구,28177,시군구,434
201702,인천,연수구,28185,시군구,672
201702,인천,남동구,28200,시군구,260
201702,인천,부평구,28237,시군구,0
201702,인천,계양구,28245,시군구,0
201702,인천,서구,28260,시군구,218
201702,인천,강화군,28710,시군구,0
201702,인천,옹진군,28720,시군구,0
201702,광주,계,,시도,764
201702,대전,계,,시도,726
201702,울산,계,,시도,811
201702,경기,계,,시도,14492
201702,경기,수원시,41111,시(구 합산),10
201702,경기,수원시,41113,시(구 합산),10
201702,경기,수원시,41115,시(구 합산),10
201702,경기,수원시,41117,시(구 합산),10
201702,경기,성남시,41131,시(구 합산),0
201702,경기,성남시,41133,시(구 합산),0
201702,경기,성남시,41135,시(구 합산),0
201702,경기,의정부시,41150,시군구,13
201702,경기,안양시,41171,시(구 합산),68
201702,경기,안양시,41173,시(구 합산),68
201702,경기,부천시,41192,시(구 합산),23
201702,경기,부천시,41194,시(구 합산),23
201702,경기,부천시,41196,시(구 합산),23
201702,경기,부천시,41190,시(구 합산),23
201702,경기,광명시,41210,시군구,0
201702,경기,평택시,41220,시군구,2301
201702,경기,동두천시,41250,시군구,0
201702,경기,안산시,41271,시(구 합산),292
201702,경기,안산시,41273,시(구 합산),292
201702,경기,고양시,41281,시(구 합산),439
201702,경기,고양시,41285,시(구 합산),439
201702,경기,고양시,41287,시(구 합산),439
201702,경기,과천시,41290,시군구,0
201702,경기,구리시,41310,시군구,0
201702,경기,남양주시,41360,시군구,1258
201702,경기,오산시,41370,시군구,320
201702,경기,시흥시,41390,시군구,225
201702,경기,군포시,41410,시군구,0
201702,경기,의왕시,41430,시군구,0
201702,경기,하남시,41450,시군구,18
201702,경기,용인시,41461,시(구 합산),4931
201702,경기,용인시,41463,시(구 합산),4931
201702,경기,용인시,41465,시(구 합산),4931
201702,경기,파주시,41480,시군구,47
201702,경기,이천시,41500,시군구,51
201702,경기,안성시,41550,시군구,1487
201702,경기,김포시,41570,시군구,153
201702,경기,양주시,41630,시군구,68
201702,경기,여주시,41670,시군구,0
201702,경기,화성시,41591,시(구 합산),2162
201702,경기,화성시,41593,시(구 합산),2162
201702,경기,화성시,41595,시(구 합산),2162
201702,경기,화성시,41597,시(구 합산),2162
201702,경기,화성시,41590,시(구 합산),2162
201702,경기,광주시,41610,시군구,561
201702,경기,연천군,41800,시군구,34
201702,경기,포천시,41650,시군구,0
201702,경기,가평군,41820,시군구,0
201702,경기,양평군,41830,시군구,31
201702,강원,계,,시도,3281
201702,충북,계,,시도,3982
201702,충남,계,,시도,8970
201702,세종,계,,시도,0
201702,전북,계,,시도,2278
201702,전남,계,,시도,1145
201702,경북,계,,시도,7785
201702,경남,계,,시도,11117
201702,제주,계,,시도,446
201703,서울,계,,시도,200
201703,서울,종로구,11110,시군구,1
201703,서울,중구,11140,시군구,0
201703,서울,용산구,11170,시군구,0
201703,서울,성동구,11200,시군구,71
201703,서울,광진구,11215,시군구,0
201703,서울,동대문구,11230,시군구,0
201703,서울,중랑구,11260,시군구,0
201703,서울,성북구,11290,시군구,35
201703,서울,강북구,11305,시군구,0
201703,서울,도봉구,11320,시군구,34
201703,서울,노원구,11350,시군구,0
201703,서울,은평구,11380,시군구,0
201703,서울,서대문구,11410,시군구,0
201703,서울,마포구,11440,시군구,0
201703,서울,양천구,11470,시군구,3
201703,서울,강서구,11500,시군구,0
201703,서울,구로구,11530,시군구,0
201703,서울,금천구,11545,시군구,0
201703,서울,영등포구,11560,시군구,0
201703,서울,동작구,11590,시군구,0
201703,서울,관악구,11620,시군구,0
201703,서울,서초구,11650,시군구,16
201703,서울,강남구,11680,시군구,0
201703,서울,송파구,11710,시군구,10
201703,서울,강동구,11740,시군구,30
201703,부산,계,,시도,959
201703,대구,계,,시도,627
201703,인천,계,,시도,4501
201703,인천,중구,28110,시군구,2643
201703,인천,동구,28140,시군구,0
201703,인천,미추홀구,28177,시군구,433
201703,인천,연수구,28185,시군구,901
201703,인천,남동구,28200,시군구,253
201703,인천,부평구,28237,시군구,0
201703,인천,계양구,28245,시군구,0
201703,인천,서구,28260,시군구,271
201703,인천,강화군,28710,시군구,0
201703,인천,옹진군,28720,시군구,0
201703,광주,계,,시도,696
201703,대전,계,,시도,998
201703,울산,계,,시도,789
201703,경기,계,,시도,14465
201703,경기,수원시,41111,시(구 합산),10
201703,경기,수원시,41113,시(구 합산),10
201703,경기,수원시,41115,시(구 합산),10
201703,경기,수원시,41117,시(구 합산),10
201703,경기,성남시,41131,시(구 합산),0
201703,경기,성남시,41133,시(구 합산),0
201703,경기,성남시,41135,시(구 합산),0
201703,경기,의정부시,41150,시군구,101
201703,경기,안양시,41171,시(구 합산),68
201703,경기,안양시,41173,시(구 합산),68
201703,경기,부천시,41192,시(구 합산),9
201703,경기,부천시,41194,시(구 합산),9
201703,경기,부천시,41196,시(구 합산),9
201703,경기,부천시,41190,시(구 합산),9
201703,경기,광명시,41210,시군구,0
201703,경기,평택시,41220,시군구,2950
201703,경기,동두천시,41250,시군구,0
201703,경기,안산시,41271,시(구 합산),263
201703,경기,안산시,41273,시(구 합산),263
201703,경기,고양시,41281,시(구 합산),439
201703,경기,고양시,41285,시(구 합산),439
201703,경기,고양시,41287,시(구 합산),439
201703,경기,과천시,41290,시군구,0
201703,경기,구리시,41310,시군구,0
201703,경기,남양주시,41360,시군구,1099
201703,경기,오산시,41370,시군구,1306
201703,경기,시흥시,41390,시군구,130
201703,경기,군포시,41410,시군구,0
201703,경기,의왕시,41430,시군구,0
201703,경기,하남시,41450,시군구,18
201703,경기,용인시,41461,시(구 합산),4000
201703,경기,용인시,41463,시(구 합산),4000
201703,경기,용인시,41465,시(구 합산),4000
201703,경기,파주시,41480,시군구,19
201703,경기,이천시,41500,시군구,27
201703,경기,안성시,41550,시군구,1386
201703,경기,김포시,41570,시군구,88
201703,경기,양주시,41630,시군구,59
201703,경기,여주시,41670,시군구,0
201703,경기,화성시,41591,시(구 합산),1765
201703,경기,화성시,41593,시(구 합산),1765
201703,경기,화성시,41595,시(구 합산),1765
201703,경기,화성시,41597,시(구 합산),1765
201703,경기,화성시,41590,시(구 합산),1765
201703,경기,광주시,41610,시군구,675
201703,경기,연천군,41800,시군구,22
201703,경기,포천시,41650,시군구,0
201703,경기,가평군,41820,시군구,0
201703,경기,양평군,41830,시군구,31
201703,강원,계,,시도,3064
201703,충북,계,,시도,4415
201703,충남,계,,시도,8785
201703,세종,계,,시도,0
201703,전북,계,,시도,2087
201703,전남,계,,시도,1108
201703,경북,계,,시도,7538
201703,경남,계,,시도,10712
201703,제주,계,,시도,735
201704,서울,계,,시도,157
201704,서울,종로구,11110,시군구,1
201704,서울,중구,11140,시군구,0
201704,서울,용산구,11170,시군구,0
201704,서울,성동구,11200,시군구,62
201704,서울,광진구,11215,시군구,0
201704,서울,동대문구,11230,시군구,0
201704,서울,중랑구,11260,시군구,0
201704,서울,성북구,11290,시군구,26
201704,서울,강북구,11305,시군구,0
201704,서울,도봉구,11320,시군구,21
201704,서울,노원구,11350,시군구,0
201704,서울,은평구,11380,시군구,0
201704,서울,서대문구,11410,시군구,0
201704,서울,마포구,11440,시군구,0
201704,서울,양천구,11470,시군구,3
201704,서울,강서구,11500,시군구,0
201704,서울,구로구,11530,시군구,0
201704,서울,금천구,11545,시군구,0
201704,서울,영등포구,11560,시군구,0
201704,서울,동작구,11590,시군구,0
201704,서울,관악구,11620,시군구,0
201704,서울,서초구,11650,시군구,16
201704,서울,강남구,11680,시군구,0
201704,서울,송파구,11710,시군구,8
201704,서울,강동구,11740,시군구,20
201704,부산,계,,시도,905
201704,대구,계,,시도,529
201704,인천,계,,시도,3703
201704,인천,중구,28110,시군구,2386
201704,인천,동구,28140,시군구,0
201704,인천,미추홀구,28177,시군구,432
201704,인천,연수구,28185,시군구,379
201704,인천,남동구,28200,시군구,243
201704,인천,부평구,28237,시군구,0
201704,인천,계양구,28245,시군구,0
201704,인천,서구,28260,시군구,263
201704,인천,강화군,28710,시군구,0
201704,인천,옹진군,28720,시군구,0
201704,광주,계,,시도,1392
201704,대전,계,,시도,935
201704,울산,계,,시도,736
201704,경기,계,,시도,13309
201704,경기,수원시,41111,시(구 합산),10
201704,경기,수원시,41113,시(구 합산),10
201704,경기,수원시,41115,시(구 합산),10
201704,경기,수원시,41117,시(구 합산),10
201704,경기,성남시,41131,시(구 합산),0
201704,경기,성남시,41133,시(구 합산),0
201704,경기,성남시,41135,시(구 합산),0
201704,경기,의정부시,41150,시군구,82
201704,경기,안양시,41171,시(구 합산),68
201704,경기,안양시,41173,시(구 합산),68
201704,경기,부천시,41192,시(구 합산),2
201704,경기,부천시,41194,시(구 합산),2
201704,경기,부천시,41196,시(구 합산),2
201704,경기,부천시,41190,시(구 합산),2
201704,경기,광명시,41210,시군구,0
201704,경기,평택시,41220,시군구,2256
201704,경기,동두천시,41250,시군구,0
201704,경기,안산시,41271,시(구 합산),256
201704,경기,안산시,41273,시(구 합산),256
201704,경기,고양시,41281,시(구 합산),439
201704,경기,고양시,41285,시(구 합산),439
201704,경기,고양시,41287,시(구 합산),439
201704,경기,과천시,41290,시군구,0
201704,경기,구리시,41310,시군구,0
201704,경기,남양주시,41360,시군구,984
201704,경기,오산시,41370,시군구,1154
201704,경기,시흥시,41390,시군구,105
201704,경기,군포시,41410,시군구,0
201704,경기,의왕시,41430,시군구,0
201704,경기,하남시,41450,시군구,18
201704,경기,용인시,41461,시(구 합산),3471
201704,경기,용인시,41463,시(구 합산),3471
201704,경기,용인시,41465,시(구 합산),3471
201704,경기,파주시,41480,시군구,19
201704,경기,이천시,41500,시군구,26
201704,경기,안성시,41550,시군구,1284
201704,경기,김포시,41570,시군구,47
201704,경기,양주시,41630,시군구,920
201704,경기,여주시,41670,시군구,0
201704,경기,화성시,41591,시(구 합산),1575
201704,경기,화성시,41593,시(구 합산),1575
201704,경기,화성시,41595,시(구 합산),1575
201704,경기,화성시,41597,시(구 합산),1575
201704,경기,화성시,41590,시(구 합산),1575
201704,경기,광주시,41610,시군구,531
201704,경기,연천군,41800,시군구,32
201704,경기,포천시,41650,시군구,0
201704,경기,가평군,41820,시군구,0
201704,경기,양평군,41830,시군구,30
201704,강원,계,,시도,3297
201704,충북,계,,시도,5755
201704,충남,계,,시도,8715
201704,세종,계,,시도,0
201704,전북,계,,시도,2130
201704,전남,계,,시도,1023
201704,경북,계,,시도,7472
201704,경남,계,,시도,9341
201704,제주,계,,시도,914
201705,서울,계,,시도,119
201705,서울,종로구,11110,시군구,1
201705,서울,중구,11140,시군구,0
201705,서울,용산구,11170,시군구,0
201705,서울,성동구,11200,시군구,33
201705,서울,광진구,11215,시군구,0
201705,서울,동대문구,11230,시군구,0
201705,서울,중랑구,11260,시군구,0
201705,서울,성북구,11290,시군구,24
201705,서울,강북구,11305,시군구,0
201705,서울,도봉구,11320,시군구,14
201705,서울,노원구,11350,시군구,0
201705,서울,은평구,11380,시군구,0
201705,서울,서대문구,11410,시군구,0
201705,서울,마포구,11440,시군구,0
201705,서울,양천구,11470,시군구,3
201705,서울,강서구,11500,시군구,0
201705,서울,구로구,11530,시군구,0
201705,서울,금천구,11545,시군구,0
201705,서울,영등포구,11560,시군구,0
201705,서울,동작구,11590,시군구,0
201705,서울,관악구,11620,시군구,0
201705,서울,서초구,11650,시군구,16
201705,서울,강남구,11680,시군구,0
201705,서울,송파구,11710,시군구,8
201705,서울,강동구,11740,시군구,20
201705,부산,계,,시도,836
201705,대구,계,,시도,383
201705,인천,계,,시도,3158
201705,인천,중구,28110,시군구,2222
201705,인천,남동구,28200,시군구,235
201705,인천,서구,28260,시군구,252
201705,인천,연수구,28185,시군구,22
201705,인천,미추홀구,28177,시군구,427
201705,인천,동구,28140,시군구,
201705,인천,부평구,28237,시군구,
201705,인천,계양구,28245,시군구,
201705,인천,강화군,28710,시군구,
201705,인천,옹진군,28720,시군구,
201705,광주,계,,시도,1326
201705,대전,계,,시도,888
201705,울산,계,,시도,713
201705,경기,계,,시도,11958
201705,경기,수원시,41111,시(구 합산),8
201705,경기,수원시,41113,시(구 합산),8
201705,경기,수원시,41115,시(구 합산),8
201705,경기,수원시,41117,시(구 합산),8
201705,경기,성남시,41131,시(구 합산),0
201705,경기,성남시,41133,시(구 합산),0
201705,경기,성남시,41135,시(구 합산),0
201705,경기,의정부시,41150,시군구,55
201705,경기,안양시,41171,시(구 합산),68
201705,경기,안양시,41173,시(구 합산),68
201705,경기,부천시,41192,시(구 합산),1
201705,경기,부천시,41194,시(구 합산),1
201705,경기,부천시,41196,시(구 합산),1
201705,경기,부천시,41190,시(구 합산),1
201705,경기,광명시,41210,시군구,0
201705,경기,평택시,41220,시군구,1913
201705,경기,동두천시,41250,시군구,0
201705,경기,안산시,41271,시(구 합산),238
201705,경기,안산시,41273,시(구 합산),238
201705,경기,고양시,41281,시(구 합산),441
201705,경기,고양시,41285,시(구 합산),441
201705,경기,고양시,41287,시(구 합산),441
201705,경기,과천시,41290,시군구,0
201705,경기,구리시,41310,시군구,0
201705,경기,남양주시,41360,시군구,828
201705,경기,오산시,41370,시군구,1029
201705,경기,시흥시,41390,시군구,57
201705,경기,군포시,41410,시군구,0
201705,경기,의왕시,41430,시군구,0
201705,경기,하남시,41450,시군구,18
201705,경기,용인시,41461,시(구 합산),3196
201705,경기,용인시,41463,시(구 합산),3196
201705,경기,용인시,41465,시(구 합산),3196
201705,경기,파주시,41480,시군구,19
201705,경기,이천시,41500,시군구,25
201705,경기,안성시,41550,시군구,1199
201705,경기,김포시,41570,시군구,29
201705,경기,양주시,41630,시군구,864
201705,경기,여주시,41670,시군구,0
201705,경기,화성시,41591,시(구 합산),1488
201705,경기,화성시,41593,시(구 합산),1488
201705,경기,화성시,41595,시(구 합산),1488
201705,경기,화성시,41597,시(구 합산),1488
201705,경기,화성시,41590,시(구 합산),1488
201705,경기,광주시,41610,시군구,430
201705,경기,연천군,41800,시군구,27
201705,경기,포천시,41650,시군구,0
201705,경기,가평군,41820,시군구,0
201705,경기,양평군,41830,시군구,25
201705,강원,계,,시도,3013
201705,충북,계,,시도,5433
201705,충남,계,,시도,8312
201705,세종,계,,시도,0
201705,전북,계,,시도,1956
201705,전남,계,,시도,979
201705,경북,계,,시도,7774
201705,경남,계,,시도,9040
201705,제주,계,,시도,971
201706,서울,계,,시도,64
201706,서울,종로구,11110,시군구,1
201706,서울,중구,11140,시군구,0
201706,서울,용산구,11170,시군구,0
201706,서울,성동구,11200,시군구,8
201706,서울,광진구,11215,시군구,0
201706,서울,동대문구,11230,시군구,0
201706,서울,중랑구,11260,시군구,0
201706,서울,성북구,11290,시군구,14
201706,서울,강북구,11305,시군구,0
201706,서울,도봉구,11320,시군구,14
201706,서울,노원구,11350,시군구,0
201706,서울,은평구,11380,시군구,0
201706,서울,서대문구,11410,시군구,0
201706,서울,마포구,11440,시군구,0
201706,서울,양천구,11470,시군구,3
201706,서울,강서구,11500,시군구,0
201706,서울,구로구,11530,시군구,0
201706,서울,금천구,11545,시군구,0
201706,서울,영등포구,11560,시군구,0
201706,서울,동작구,11590,시군구,0
201706,서울,관악구,11620,시군구,0
201706,서울,서초구,11650,시군구,16
201706,서울,강남구,11680,시군구,0
201706,서울,송파구,11710,시군구,8
201706,서울,강동구,11740,시군구,0
201706,부산,계,,시도,734
201706,대구,계,,시도,299
201706,인천,계,,시도,3057
201706,인천,중구,28110,시군구,2158
201706,인천,남동구,28200,시군구,246
201706,인천,서구,28260,시군구,221
201706,인천,연수구,28185,시군구,4
201706,인천,미추홀구,28177,시군구,420
201706,인천,동구,28140,시군구,0
201706,인천,부평구,28237,시군구,8
201706,인천,계양구,28245,시군구,0
201706,인천,강화군,28710,시군구,0
201706,인천,옹진군,28720,시군구,0
201706,광주,계,,시도,804
201706,대전,계,,시도,1073
201706,울산,계,,시도,873
201706,경기,계,,시도,11229
201706,경기,수원시,41111,시(구 합산),8
201706,경기,수원시,41113,시(구 합산),8
201706,경기,수원시,41115,시(구 합산),8
201706,경기,수원시,41117,시(구 합산),8
201706,경기,성남시,41131,시(구 합산),0
201706,경기,성남시,41133,시(구 합산),0
201706,경기,성남시,41135,시(구 합산),0
201706,경기,의정부시,41150,시군구,232
201706,경기,안양시,41171,시(구 합산),68
201706,경기,안양시,41173,시(구 합산),68
201706,경기,부천시,41192,시(구 합산),1
201706,경기,부천시,41194,시(구 합산),1
201706,경기,부천시,41196,시(구 합산),1
201706,경기,부천시,41190,시(구 합산),1
201706,경기,광명시,41210,시군구,0
201706,경기,평택시,41220,시군구,1565
201706,경기,동두천시,41250,시군구,0
201706,경기,안산시,41271,시(구 합산),519
201706,경기,안산시,41273,시(구 합산),519
201706,경기,고양시,41281,시(구 합산),430
201706,경기,고양시,41285,시(구 합산),430
201706,경기,고양시,41287,시(구 합산),430
201706,경기,과천시,41290,시군구,0
201706,경기,구리시,41310,시군구,0
201706,경기,남양주시,41360,시군구,752
201706,경기,오산시,41370,시군구,787
201706,경기,시흥시,41390,시군구,6
201706,경기,군포시,41410,시군구,0
201706,경기,의왕시,41430,시군구,0
201706,경기,하남시,41450,시군구,18
201706,경기,용인시,41461,시(구 합산),2521
201706,경기,용인시,41463,시(구 합산),2521
201706,경기,용인시,41465,시(구 합산),2521
201706,경기,파주시,41480,시군구,19
201706,경기,이천시,41500,시군구,23
201706,경기,안성시,41550,시군구,1555
201706,경기,김포시,41570,시군구,0
201706,경기,양주시,41630,시군구,640
201706,경기,여주시,41670,시군구,0
201706,경기,화성시,41591,시(구 합산),1727
201706,경기,화성시,41593,시(구 합산),1727
201706,경기,화성시,41595,시(구 합산),1727
201706,경기,화성시,41597,시(구 합산),1727
201706,경기,화성시,41590,시(구 합산),1727
201706,경기,광주시,41610,시군구,317
201706,경기,연천군,41800,시군구,27
201706,경기,포천시,41650,시군구,0
201706,경기,가평군,41820,시군구,0
201706,경기,양평군,41830,시군구,14
201706,강원,계,,시도,3019
201706,충북,계,,시도,7108
201706,충남,계,,시도,8020
201706,세종,계,,시도,0
201706,전북,계,,시도,2242
201706,전남,계,,시도,935
201706,경북,계,,시도,7514
201706,경남,계,,시도,9166
201706,제주,계,,시도,971
201707,서울,계,,시도,41
201707,서울,종로구,11110,시군구,1
201707,서울,중구,11140,시군구,0
201707,서울,용산구,11170,시군구,0
201707,서울,성동구,11200,시군구,1
201707,서울,광진구,11215,시군구,0
201707,서울,동대문구,11230,시군구,0
201707,서울,중랑구,11260,시군구,0
201707,서울,성북구,11290,시군구,9
201707,서울,강북구,11305,시군구,0
201707,서울,도봉구,11320,시군구,3
201707,서울,노원구,11350,시군구,0
201707,서울,은평구,11380,시군구,0
201707,서울,서대문구,11410,시군구,0
201707,서울,마포구,11440,시군구,0
201707,서울,양천구,11470,시군구,3
201707,서울,강서구,11500,시군구,0
201707,서울,구로구,11530,시군구,0
201707,서울,금천구,11545,시군구,0
201707,서울,영등포구,11560,시군구,0
201707,서울,동작구,11590,시군구,0
201707,서울,관악구,11620,시군구,0
201707,서울,서초구,11650,시군구,16
201707,서울,강남구,11680,시군구,0
201707,서울,송파구,11710,시군구,8
201707,서울,강동구,11740,시군구,0
201707,부산,계,,시도,752
201707,대구,계,,시도,237
201707,인천,계,,시도,2516
201707,인천,중구,28110,시군구,1862
201707,인천,남동구,28200,시군구,54
201707,인천,서구,28260,시군구,176
201707,인천,연수구,28185,시군구,0
201707,인천,미추홀구,28177,시군구,416
201707,인천,동구,28140,시군구,0
201707,인천,부평구,28237,시군구,8
201707,인천,계양구,28245,시군구,0
201707,인천,강화군,28710,시군구,0
201707,인천,옹진군,28720,시군구,0
201707,광주,계,,시도,797
201707,대전,계,,시도,1083
201707,울산,계,,시도,869
201707,경기,계,,시도,9560
201707,경기,수원시,41111,시(구 합산),8
201707,경기,수원시,41113,시(구 합산),8
201707,경기,수원시,41115,시(구 합산),8
201707,경기,수원시,41117,시(구 합산),8
201707,경기,성남시,41131,시(구 합산),0
201707,경기,성남시,41133,시(구 합산),0
201707,경기,성남시,41135,시(구 합산),0
201707,경기,의정부시,41150,시군구,50
201707,경기,안양시,41171,시(구 합산),68
201707,경기,안양시,41173,시(구 합산),68
201707,경기,부천시,41192,시(구 합산),25
201707,경기,부천시,41194,시(구 합산),25
201707,경기,부천시,41196,시(구 합산),25
201707,경기,부천시,41190,시(구 합산),25
201707,경기,광명시,41210,시군구,0
201707,경기,평택시,41220,시군구,1229
201707,경기,동두천시,41250,시군구,0
201707,경기,안산시,41271,시(구 합산),318
201707,경기,안산시,41273,시(구 합산),318
201707,경기,고양시,41281,시(구 합산),540
201707,경기,고양시,41285,시(구 합산),540
201707,경기,고양시,41287,시(구 합산),540
201707,경기,과천시,41290,시군구,0
201707,경기,구리시,41310,시군구,0
201707,경기,남양주시,41360,시군구,694
201707,경기,오산시,41370,시군구,539
201707,경기,시흥시,41390,시군구,0
201707,경기,군포시,41410,시군구,0
201707,경기,의왕시,41430,시군구,0
201707,경기,하남시,41450,시군구,18
201707,경기,용인시,41461,시(구 합산),2267
201707,경기,용인시,41463,시(구 합산),2267
201707,경기,용인시,41465,시(구 합산),2267
201707,경기,파주시,41480,시군구,19
201707,경기,이천시,41500,시군구,22
201707,경기,안성시,41550,시군구,1458
201707,경기,김포시,41570,시군구,0
201707,경기,양주시,41630,시군구,441
201707,경기,여주시,41670,시군구,0
201707,경기,화성시,41591,시(구 합산),1574
201707,경기,화성시,41593,시(구 합산),1574
201707,경기,화성시,41595,시(구 합산),1574
201707,경기,화성시,41597,시(구 합산),1574
201707,경기,화성시,41590,시(구 합산),1574
201707,경기,광주시,41610,시군구,253
201707,경기,연천군,41800,시군구,27
201707,경기,포천시,41650,시군구,0
201707,경기,가평군,41820,시군구,0
201707,경기,양평군,41830,시군구,10
201707,강원,계,,시도,2655
201707,충북,계,,시도,6853
201707,충남,계,,시도,7645
201707,세종,계,,시도,0
201707,전북,계,,시도,2082
201707,전남,계,,시도,756
201707,경북,계,,시도,7826
201707,경남,계,,시도,9707
201707,제주,계,,시도,903
201708,서울,계,,시도,39
201708,서울,종로구,11110,시군구,1
201708,서울,중구,11140,시군구,0
201708,서울,용산구,11170,시군구,0
201708,서울,성동구,11200,시군구,1
201708,서울,광진구,11215,시군구,0
201708,서울,동대문구,11230,시군구,0
201708,서울,중랑구,11260,시군구,0
201708,서울,성북구,11290,시군구,8
201708,서울,강북구,11305,시군구,0
201708,서울,도봉구,11320,시군구,2
201708,서울,노원구,11350,시군구,0
201708,서울,은평구,11380,시군구,0
201708,서울,서대문구,11410,시군구,0
201708,서울,마포구,11440,시군구,0
201708,서울,양천구,11470,시군구,3
201708,서울,강서구,11500,시군구,0
201708,서울,구로구,11530,시군구,0
201708,서울,금천구,11545,시군구,0
201708,서울,영등포구,11560,시군구,0
201708,서울,동작구,11590,시군구,0
201708,서울,관악구,11620,시군구,0
201708,서울,서초구,11650,시군구,16
201708,서울,강남구,11680,시군구,0
201708,서울,송파구,11710,시군구,8
201708,서울,강동구,11740,시군구,0
201708,부산,계,,시도,738
201708,대구,계,,시도,139
201708,인천,계,,시도,2081
201708,인천,중구,28110,시군구,1476
201708,인천,남동구,28200,시군구,54
201708,인천,서구,28260,시군구,145
201708,인천,연수구,28185,시군구,0
201708,인천,미추홀구,28177,시군구,398
201708,인천,동구,28140,시군구,0
201708,인천,부평구,28237,시군구,8
201708,인천,계양구,28245,시군구,0
201708,인천,강화군,28710,시군구,0
201708,인천,옹진군,28720,시군구,0
201708,광주,계,,시도,766
201708,대전,계,,시도,1093
201708,울산,계,,시도,898
201708,경기,계,,시도,7596
201708,경기,수원시,41111,시(구 합산),7
201708,경기,수원시,41113,시(구 합산),7
201708,경기,수원시,41115,시(구 합산),7
201708,경기,수원시,41117,시(구 합산),7
201708,경기,성남시,41131,시(구 합산),0
201708,경기,성남시,41133,시(구 합산),0
201708,경기,성남시,41135,시(구 합산),0
201708,경기,의정부시,41150,시군구,8
201708,경기,안양시,41171,시(구 합산),68
201708,경기,안양시,41173,시(구 합산),68
201708,경기,부천시,41192,시(구 합산),9
201708,경기,부천시,41194,시(구 합산),9
201708,경기,부천시,41196,시(구 합산),9
201708,경기,부천시,41190,시(구 합산),9
201708,경기,광명시,41210,시군구,0
201708,경기,평택시,41220,시군구,1028
201708,경기,동두천시,41250,시군구,0
201708,경기,안산시,41271,시(구 합산),174
201708,경기,안산시,41273,시(구 합산),174
201708,경기,고양시,41281,시(구 합산),427
201708,경기,고양시,41285,시(구 합산),427
201708,경기,고양시,41287,시(구 합산),427
201708,경기,과천시,41290,시군구,0
201708,경기,구리시,41310,시군구,115
201708,경기,남양주시,41360,시군구,656
201708,경기,오산시,41370,시군구,330
201708,경기,시흥시,41390,시군구,0
201708,경기,군포시,41410,시군구,0
201708,경기,의왕시,41430,시군구,0
201708,경기,하남시,41450,시군구,18
201708,경기,용인시,41461,시(구 합산),1766
201708,경기,용인시,41463,시(구 합산),1766
201708,경기,용인시,41465,시(구 합산),1766
201708,경기,파주시,41480,시군구,18
201708,경기,이천시,41500,시군구,18
201708,경기,안성시,41550,시군구,1330
201708,경기,김포시,41570,시군구,0
201708,경기,양주시,41630,시군구,213
201708,경기,여주시,41670,시군구,0
201708,경기,화성시,41591,시(구 합산),1190
201708,경기,화성시,41593,시(구 합산),1190
201708,경기,화성시,41595,시(구 합산),1190
201708,경기,화성시,41597,시(구 합산),1190
201708,경기,화성시,41590,시(구 합산),1190
201708,경기,광주시,41610,시군구,197
201708,경기,연천군,41800,시군구,21
201708,경기,포천시,41650,시군구,0
201708,경기,가평군,41820,시군구,0
201708,경기,양평군,41830,시군구,3
201708,강원,계,,시도,2316
201708,충북,계,,시도,5435
201708,충남,계,,시도,9765
201708,세종,계,,시도,0
201708,전북,계,,시도,2037
201708,전남,계,,시도,690
201708,경북,계,,시도,8269
201708,경남,계,,시도,10354
201708,제주,계,,시도,914
201709,서울,계,,시도,75
201709,서울,종로구,11110,시군구,1
201709,서울,중구,11140,시군구,0
201709,서울,용산구,11170,시군구,0
201709,서울,성동구,11200,시군구,0
201709,서울,광진구,11215,시군구,0
201709,서울,동대문구,11230,시군구,0
201709,서울,중랑구,11260,시군구,0
201709,서울,성북구,11290,시군구,6
201709,서울,강북구,11305,시군구,0
201709,서울,도봉구,11320,시군구,2
201709,서울,노원구,11350,시군구,0
201709,서울,은평구,11380,시군구,0
201709,서울,서대문구,11410,시군구,0
201709,서울,마포구,11440,시군구,0
201709,서울,양천구,11470,시군구,3
201709,서울,강서구,11500,시군구,0
201709,서울,구로구,11530,시군구,39
201709,서울,금천구,11545,시군구,0
201709,서울,영등포구,11560,시군구,0
201709,서울,동작구,11590,시군구,0
201709,서울,관악구,11620,시군구,0
201709,서울,서초구,11650,시군구,16
201709,서울,강남구,11680,시군구,0
201709,서울,송파구,11710,시군구,8
201709,서울,강동구,11740,시군구,0
201709,부산,계,,시도,720
201709,대구,계,,시도,133
201709,인천,계,,시도,2291
201709,인천,중구,28110,시군구,1709
201709,인천,남동구,28200,시군구,54
201709,인천,서구,28260,시군구,131
201709,인천,연수구,28185,시군구,0
201709,인천,미추홀구,28177,시군구,389
201709,인천,동구,28140,시군구,0
201709,인천,부평구,28237,시군구,8
201709,인천,계양구,28245,시군구,0
201709,인천,강화군,28710,시군구,0
201709,인천,옹진군,28720,시군구,0
201709,광주,계,,시도,769
201709,대전,계,,시도,945
201709,울산,계,,시도,872
201709,경기,계,,시도,7945
201709,경기,수원시,41111,시(구 합산),7
201709,경기,수원시,41113,시(구 합산),7
201709,경기,수원시,41115,시(구 합산),7
201709,경기,수원시,41117,시(구 합산),7
201709,경기,성남시,41131,시(구 합산),0
201709,경기,성남시,41133,시(구 합산),0
201709,경기,성남시,41135,시(구 합산),0
201709,경기,의정부시,41150,시군구,3
201709,경기,안양시,41171,시(구 합산),68
201709,경기,안양시,41173,시(구 합산),68
201709,경기,부천시,41192,시(구 합산),52
201709,경기,부천시,41194,시(구 합산),52
201709,경기,부천시,41196,시(구 합산),52
201709,경기,부천시,41190,시(구 합산),52
201709,경기,광명시,41210,시군구,0
201709,경기,평택시,41220,시군구,1007
201709,경기,동두천시,41250,시군구,0
201709,경기,안산시,41271,시(구 합산),98
201709,경기,안산시,41273,시(구 합산),98
201709,경기,고양시,41281,시(구 합산),463
201709,경기,고양시,41285,시(구 합산),463
201709,경기,고양시,41287,시(구 합산),463
201709,경기,과천시,41290,시군구,0
201709,경기,구리시,41310,시군구,113
201709,경기,남양주시,41360,시군구,1222
201709,경기,오산시,41370,시군구,157
201709,경기,시흥시,41390,시군구,0
201709,경기,군포시,41410,시군구,0
201709,경기,의왕시,41430,시군구,0
201709,경기,하남시,41450,시군구,18
201709,경기,용인시,41461,시(구 합산),1548
201709,경기,용인시,41463,시(구 합산),1548
201709,경기,용인시,41465,시(구 합산),1548
201709,경기,파주시,41480,시군구,18
201709,경기,이천시,41500,시군구,173
201709,경기,안성시,41550,시군구,1224
201709,경기,김포시,41570,시군구,0
201709,경기,양주시,41630,시군구,27
201709,경기,여주시,41670,시군구,0
201709,경기,화성시,41591,시(구 합산),1358
201709,경기,화성시,41593,시(구 합산),1358
201709,경기,화성시,41595,시(구 합산),1358
201709,경기,화성시,41597,시(구 합산),1358
201709,경기,화성시,41590,시(구 합산),1358
201709,경기,광주시,41610,시군구,368
201709,경기,연천군,41800,시군구,21
201709,경기,포천시,41650,시군구,0
201709,경기,가평군,41820,시군구,0
201709,경기,양평군,41830,시군구,0
201709,강원,계,,시도,3094
201709,충북,계,,시도,4927
201709,충남,계,,시도,9470
201709,세종,계,,시도,0
201709,전북,계,,시도,2154
201709,전남,계,,시도,780
201709,경북,계,,시도,8077
201709,경남,계,,시도,11147
201709,제주,계,,시도,1021
201710,서울,계,,시도,56
201710,서울,종로구,11110,시군구,1
201710,서울,중구,11140,시군구,0
201710,서울,용산구,11170,시군구,0
201710,서울,성동구,11200,시군구,0
201710,서울,광진구,11215,시군구,0
201710,서울,동대문구,11230,시군구,0
201710,서울,중랑구,11260,시군구,0
201710,서울,성북구,11290,시군구,4
201710,서울,강북구,11305,시군구,0
201710,서울,도봉구,11320,시군구,2
201710,서울,노원구,11350,시군구,0
201710,서울,은평구,11380,시군구,0
201710,서울,서대문구,11410,시군구,0
201710,서울,마포구,11440,시군구,0
201710,서울,양천구,11470,시군구,3
201710,서울,강서구,11500,시군구,0
201710,서울,구로구,11530,시군구,22
201710,서울,금천구,11545,시군구,0
201710,서울,영등포구,11560,시군구,0
201710,서울,동작구,11590,시군구,0
201710,서울,관악구,11620,시군구,0
201710,서울,서초구,11650,시군구,16
201710,서울,강남구,11680,시군구,0
201710,서울,송파구,11710,시군구,8
201710,서울,강동구,11740,시군구,0
201710,부산,계,,시도,1473
201710,대구,계,,시도,125
201710,인천,계,,시도,1908
201710,인천,중구,28110,시군구,1404
201710,인천,남동구,28200,시군구,0
201710,인천,서구,28260,시군구,128
201710,인천,연수구,28185,시군구,0
201710,인천,미추홀구,28177,시군구,368
201710,인천,동구,28140,시군구,0
201710,인천,부평구,28237,시군구,8
201710,인천,계양구,28245,시군구,0
201710,인천,강화군,28710,시군구,0
201710,인천,옹진군,28720,시군구,0
201710,광주,계,,시도,781
201710,대전,계,,시도,854
201710,울산,계,,시도,866
201710,경기,계,,시도,7912
201710,경기,수원시,41111,시(구 합산),7
201710,경기,수원시,41113,시(구 합산),7
201710,경기,수원시,41115,시(구 합산),7
201710,경기,수원시,41117,시(구 합산),7
201710,경기,성남시,41131,시(구 합산),0
201710,경기,성남시,41133,시(구 합산),0
201710,경기,성남시,41135,시(구 합산),0
201710,경기,의정부시,41150,시군구,60
201710,경기,안양시,41171,시(구 합산),44
201710,경기,안양시,41173,시(구 합산),44
201710,경기,부천시,41192,시(구 합산),44
201710,경기,부천시,41194,시(구 합산),44
201710,경기,부천시,41196,시(구 합산),44
201710,경기,부천시,41190,시(구 합산),44
201710,경기,광명시,41210,시군구,0
201710,경기,평택시,41220,시군구,859
201710,경기,동두천시,41250,시군구,0
201710,경기,안산시,41271,시(구 합산),72
201710,경기,안산시,41273,시(구 합산),72
201710,경기,고양시,41281,시(구 합산),457
201710,경기,고양시,41285,시(구 합산),457
201710,경기,고양시,41287,시(구 합산),457
201710,경기,과천시,41290,시군구,0
201710,경기,구리시,41310,시군구,105
201710,경기,남양주시,41360,시군구,916
201710,경기,오산시,41370,시군구,68
201710,경기,시흥시,41390,시군구,0
201710,경기,군포시,41410,시군구,0
201710,경기,의왕시,41430,시군구,0
201710,경기,하남시,41450,시군구,18
201710,경기,용인시,41461,시(구 합산),1508
201710,경기,용인시,41463,시(구 합산),1508
201710,경기,용인시,41465,시(구 합산),1508
201710,경기,파주시,41480,시군구,18
201710,경기,이천시,41500,시군구,127
201710,경기,안성시,41550,시군구,1701
201710,경기,김포시,41570,시군구,388
201710,경기,양주시,41630,시군구,25
201710,경기,여주시,41670,시군구,0
201710,경기,화성시,41591,시(구 합산),1150
201710,경기,화성시,41593,시(구 합산),1150
201710,경기,화성시,41595,시(구 합산),1150
201710,경기,화성시,41597,시(구 합산),1150
201710,경기,화성시,41590,시(구 합산),1150
201710,경기,광주시,41610,시군구,330
201710,경기,연천군,41800,시군구,15
201710,경기,포천시,41650,시군구,0
201710,경기,가평군,41820,시군구,0
201710,경기,양평군,41830,시군구,0
201710,강원,계,,시도,2701
201710,충북,계,,시도,4652
201710,충남,계,,시도,11309
201710,세종,계,,시도,0
201710,전북,계,,시도,1964
201710,전남,계,,시도,728
201710,경북,계,,시도,8065
201710,경남,계,,시도,11257
201710,제주,계,,시도,1056
201711,서울,계,,시도,68
201711,서울,종로구,11110,시군구,1
201711,서울,중구,11140,시군구,0
201711,서울,용산구,11170,시군구,0
201711,서울,성동구,11200,시군구,0
201711,서울,광진구,11215,시군구,0
201711,서울,동대문구,11230,시군구,0
201711,서울,중랑구,11260,시군구,0
201711,서울,성북구,11290,시군구,0
201711,서울,강북구,11305,시군구,0
201711,서울,도봉구,11320,시군구,2
201711,서울,노원구,11350,시군구,0
201711,서울,은평구,11380,시군구,0
201711,서울,서대문구,11410,시군구,0
201711,서울,마포구,11440,시군구,0
201711,서울,양천구,11470,시군구,3
201711,서울,강서구,11500,시군구,0
201711,서울,구로구,11530,시군구,38
201711,서울,금천구,11545,시군구,0
201711,서울,영등포구,11560,시군구,0
201711,서울,동작구,11590,시군구,0
201711,서울,관악구,11620,시군구,0
201711,서울,서초구,11650,시군구,16
201711,서울,강남구,11680,시군구,0
201711,서울,송파구,11710,시군구,8
201711,서울,강동구,11740,시군구,0
201711,부산,계,,시도,1593
201711,대구,계,,시도,125
201711,인천,계,,시도,1751
201711,인천,중구,28110,시군구,1247
201711,인천,남동구,28200,시군구,0
201711,인천,서구,28260,시군구,128
201711,인천,연수구,28185,시군구,0
201711,인천,미추홀구,28177,시군구,368
201711,인천,동구,28140,시군구,0
201711,인천,부평구,28237,시군구,8
201711,인천,계양구,28245,시군구,0
201711,인천,강화군,28710,시군구,0
201711,인천,옹진군,28720,시군구,0
201711,광주,계,,시도,796
201711,대전,계,,시도,1062
201711,울산,계,,시도,849
201711,경기,계,,시도,8375
201711,경기,수원시,41111,시(구 합산),7
201711,경기,수원시,41113,시(구 합산),7
201711,경기,수원시,41115,시(구 합산),7
201711,경기,수원시,41117,시(구 합산),7
201711,경기,성남시,41131,시(구 합산),0
201711,경기,성남시,41133,시(구 합산),0
201711,경기,성남시,41135,시(구 합산),0
201711,경기,의정부시,41150,시군구,57
201711,경기,안양시,41171,시(구 합산),44
201711,경기,안양시,41173,시(구 합산),44
201711,경기,부천시,41192,시(구 합산),41
201711,경기,부천시,41194,시(구 합산),41
201711,경기,부천시,41196,시(구 합산),41
201711,경기,부천시,41190,시(구 합산),41
201711,경기,광명시,41210,시군구,0
201711,경기,평택시,41220,시군구,778
201711,경기,동두천시,41250,시군구,0
201711,경기,안산시,41271,시(구 합산),176
201711,경기,안산시,41273,시(구 합산),176
201711,경기,고양시,41281,시(구 합산),451
201711,경기,고양시,41285,시(구 합산),451
201711,경기,고양시,41287,시(구 합산),451
201711,경기,과천시,41290,시군구,0
201711,경기,구리시,41310,시군구,103
201711,경기,남양주시,41360,시군구,1260
201711,경기,오산시,41370,시군구,18
201711,경기,시흥시,41390,시군구,0
201711,경기,군포시,41410,시군구,0
201711,경기,의왕시,41430,시군구,0
201711,경기,하남시,41450,시군구,18
201711,경기,용인시,41461,시(구 합산),1241
201711,경기,용인시,41463,시(구 합산),1241
201711,경기,용인시,41465,시(구 합산),1241
201711,경기,파주시,41480,시군구,18
201711,경기,이천시,41500,시군구,932
201711,경기,안성시,41550,시군구,1574
201711,경기,김포시,41570,시군구,181
201711,경기,양주시,41630,시군구,24
201711,경기,여주시,41670,시군구,0
201711,경기,화성시,41591,시(구 합산),1095
201711,경기,화성시,41593,시(구 합산),1095
201711,경기,화성시,41595,시(구 합산),1095
201711,경기,화성시,41597,시(구 합산),1095
201711,경기,화성시,41590,시(구 합산),1095
201711,경기,광주시,41610,시군구,284
201711,경기,연천군,41800,시군구,14
201711,경기,포천시,41650,시군구,0
201711,경기,가평군,41820,시군구,0
201711,경기,양평군,41830,시군구,59
201711,강원,계,,시도,2474
201711,충북,계,,시도,5285
201711,충남,계,,시도,10624
201711,세종,계,,시도,0
201711,전북,계,,시도,1895
201711,전남,계,,시도,651
201711,경북,계,,시도,7794
201711,경남,계,,시도,12122
201711,제주,계,,시도,1183
201712,서울,계,,시도,45
201712,서울,종로구,11110,시군구,1
201712,서울,중구,11140,시군구,0
201712,서울,용산구,11170,시군구,0
201712,서울,성동구,11200,시군구,0
201712,서울,광진구,11215,시군구,0
201712,서울,동대문구,11230,시군구,0
201712,서울,중랑구,11260,시군구,0
201712,서울,성북구,11290,시군구,0
201712,서울,강북구,11305,시군구,0
201712,서울,도봉구,11320,시군구,2
201712,서울,노원구,11350,시군구,0
201712,서울,은평구,11380,시군구,0
201712,서울,서대문구,11410,시군구,0
201712,서울,마포구,11440,시군구,0
201712,서울,양천구,11470,시군구,3
201712,서울,강서구,11500,시군구,0
201712,서울,구로구,11530,시군구,15
201712,서울,금천구,11545,시군구,0
201712,서울,영등포구,11560,시군구,0
201712,서울,동작구,11590,시군구,0
201712,서울,관악구,11620,시군구,0
201712,서울,서초구,11650,시군구,16
201712,서울,강남구,11680,시군구,0
201712,서울,송파구,11710,시군구,8
201712,서울,강동구,11740,시군구,0
201712,부산,계,,시도,1920
201712,대구,계,,시도,126
201712,인천,계,,시도,1549
201712,인천,중구,28110,시군구,998
201712,인천,남동구,28200,시군구,165
201712,인천,서구,28260,시군구,10
201712,인천,연수구,28185,시군구,0
201712,인천,미추홀구,28177,시군구,368
201712,인천,동구,28140,시군구,0
201712,인천,부평구,28237,시군구,8
201712,인천,계양구,28245,시군구,0
201712,인천,강화군,28710,시군구,0
201712,인천,옹진군,28720,시군구,0
201712,광주,계,,시도,707
201712,대전,계,,시도,759
201712,울산,계,,시도,855
201712,경기,계,,시도,8793
201712,경기,수원시,41111,시(구 합산),7
201712,경기,수원시,41113,시(구 합산),7
201712,경기,수원시,41115,시(구 합산),7
201712,경기,수원시,41117,시(구 합산),7
201712,경기,성남시,41131,시(구 합산),0
201712,경기,성남시,41133,시(구 합산),0
201712,경기,성남시,41135,시(구 합산),0
201712,경기,의정부시,41150,시군구,54
201712,경기,안양시,41171,시(구 합산),44
201712,경기,안양시,41173,시(구 합산),44
201712,경기,부천시,41192,시(구 합산),39
201712,경기,부천시,41194,시(구 합산),39
201712,경기,부천시,41196,시(구 합산),39
201712,경기,부천시,41190,시(구 합산),39
201712,경기,광명시,41210,시군구,0
201712,경기,평택시,41220,시군구,837
201712,경기,동두천시,41250,시군구,0
201712,경기,안산시,41271,시(구 합산),143
201712,경기,안산시,41273,시(구 합산),143
201712,경기,고양시,41281,시(구 합산),448
201712,경기,고양시,41285,시(구 합산),448
201712,경기,고양시,41287,시(구 합산),448
201712,경기,과천시,41290,시군구,0
201712,경기,구리시,41310,시군구,97
201712,경기,남양주시,41360,시군구,2044
201712,경기,오산시,41370,시군구,0
201712,경기,시흥시,41390,시군구,73
201712,경기,군포시,41410,시군구,0
201712,경기,의왕시,41430,시군구,0
201712,경기,하남시,41450,시군구,18
201712,경기,용인시,41461,시(구 합산),1160
201712,경기,용인시,41463,시(구 합산),1160
201712,경기,용인시,41465,시(구 합산),1160
201712,경기,파주시,41480,시군구,18
201712,경기,이천시,41500,시군구,842
201712,경기,안성시,41550,시군구,1521
201712,경기,김포시,41570,시군구,81
201712,경기,양주시,41630,시군구,21
201712,경기,여주시,41670,시군구,0
201712,경기,화성시,41591,시(구 합산),1006
201712,경기,화성시,41593,시(구 합산),1006
201712,경기,화성시,41595,시(구 합산),1006
201712,경기,화성시,41597,시(구 합산),1006
201712,경기,화성시,41590,시(구 합산),1006
201712,경기,광주시,41610,시군구,268
201712,경기,연천군,41800,시군구,14
201712,경기,포천시,41650,시군구,0
201712,경기,가평군,41820,시군구,0
201712,경기,양평군,41830,시군구,58
201712,강원,계,,시도,2816
201712,충북,계,,시도,4980
201712,충남,계,,시도,11283
201712,세종,계,,시도,0
201712,전북,계,,시도,1881
201712,전남,계,,시도,627
201712,경북,계,,시도,7630
201712,경남,계,,시도,12088
201712,제주,계,,시도,1271
201801,서울,계,,시도,45
201801,서울,종로구,11110,시군구,1
201801,서울,중구,11140,시군구,0
201801,서울,용산구,11170,시군구,1
201801,서울,성동구,11200,시군구,0
201801,서울,광진구,11215,시군구,0
201801,서울,동대문구,11230,시군구,0
201801,서울,중랑구,11260,시군구,0
201801,서울,성북구,11290,시군구,0
201801,서울,강북구,11305,시군구,0
201801,서울,도봉구,11320,시군구,2
201801,서울,노원구,11350,시군구,0
201801,서울,은평구,11380,시군구,0
201801,서울,서대문구,11410,시군구,0
201801,서울,마포구,11440,시군구,0
201801,서울,양천구,11470,시군구,3
201801,서울,강서구,11500,시군구,0
201801,서울,구로구,11530,시군구,14
201801,서울,금천구,11545,시군구,0
201801,서울,영등포구,11560,시군구,0
201801,서울,동작구,11590,시군구,0
201801,서울,관악구,11620,시군구,0
201801,서울,서초구,11650,시군구,16
201801,서울,강남구,11680,시군구,0
201801,서울,송파구,11710,시군구,8
201801,서울,강동구,11740,시군구,0
201801,부산,계,,시도,2291
201801,대구,계,,시도,143
201801,인천,계,,시도,1192
201801,인천,중구,28110,시군구,778
201801,인천,남동구,28200,시군구,157
201801,인천,서구,28260,시군구,10
201801,인천,연수구,28185,시군구,0
201801,인천,미추홀구,28177,시군구,239
201801,인천,동구,28140,시군구,0
201801,인천,부평구,28237,시군구,8
201801,인천,계양구,28245,시군구,0
201801,인천,강화군,28710,시군구,0
201801,인천,옹진군,28720,시군구,0
201801,광주,계,,시도,562
201801,대전,계,,시도,1084
201801,울산,계,,시도,1089
201801,경기,계,,시도,8611
201801,경기,수원시,41111,시(구 합산),7
201801,경기,수원시,41113,시(구 합산),7
201801,경기,수원시,41115,시(구 합산),7
201801,경기,수원시,41117,시(구 합산),7
201801,경기,성남시,41131,시(구 합산),0
201801,경기,성남시,41133,시(구 합산),0
201801,경기,성남시,41135,시(구 합산),0
201801,경기,의정부시,41150,시군구,54
201801,경기,안양시,41171,시(구 합산),43
201801,경기,안양시,41173,시(구 합산),43
201801,경기,부천시,41192,시(구 합산),61
201801,경기,부천시,41194,시(구 합산),61
201801,경기,부천시,41196,시(구 합산),61
201801,경기,부천시,41190,시(구 합산),61
201801,경기,광명시,41210,시군구,0
201801,경기,평택시,41220,시군구,779
201801,경기,동두천시,41250,시군구,0
201801,경기,안산시,41271,시(구 합산),177
201801,경기,안산시,41273,시(구 합산),177
201801,경기,고양시,41281,시(구 합산),433
201801,경기,고양시,41285,시(구 합산),433
201801,경기,고양시,41287,시(구 합산),433
201801,경기,과천시,41290,시군구,0
201801,경기,구리시,41310,시군구,97
201801,경기,남양주시,41360,시군구,1689
201801,경기,오산시,41370,시군구,0
201801,경기,시흥시,41390,시군구,46
201801,경기,군포시,41410,시군구,0
201801,경기,의왕시,41430,시군구,0
201801,경기,하남시,41450,시군구,18
201801,경기,용인시,41461,시(구 합산),1080
201801,경기,용인시,41463,시(구 합산),1080
201801,경기,용인시,41465,시(구 합산),1080
201801,경기,파주시,41480,시군구,18
201801,경기,이천시,41500,시군구,712
201801,경기,안성시,41550,시군구,1463
201801,경기,김포시,41570,시군구,374
201801,경기,양주시,41630,시군구,15
201801,경기,여주시,41670,시군구,0
201801,경기,화성시,41591,시(구 합산),896
201801,경기,화성시,41593,시(구 합산),896
201801,경기,화성시,41595,시(구 합산),896
201801,경기,화성시,41597,시(구 합산),896
201801,경기,화성시,41590,시(구 합산),896
201801,경기,광주시,41610,시군구,240
201801,경기,연천군,41800,시군구,317
201801,경기,포천시,41650,시군구,0
201801,경기,가평군,41820,시군구,0
201801,경기,양평군,41830,시군구,92
201801,강원,계,,시도,2693
201801,충북,계,,시도,4634
201801,충남,계,,시도,11352
201801,세종,계,,시도,0
201801,전북,계,,시도,1846
201801,전남,계,,시도,1249
201801,경북,계,,시도,7806
201801,경남,계,,시도,13227
201801,제주,계,,시도,1280
201802,서울,계,,시도,48
201802,서울,종로구,11110,시군구,1
201802,서울,중구,11140,시군구,0
201802,서울,용산구,11170,시군구,0
201802,서울,성동구,11200,시군구,0
201802,서울,광진구,11215,시군구,0
201802,서울,동대문구,11230,시군구,0
201802,서울,중랑구,11260,시군구,0
201802,서울,성북구,11290,시군구,0
201802,서울,강북구,11305,시군구,0
201802,서울,도봉구,11320,시군구,2
201802,서울,노원구,11350,시군구,0
201802,서울,은평구,11380,시군구,0
201802,서울,서대문구,11410,시군구,0
201802,서울,마포구,11440,시군구,0
201802,서울,양천구,11470,시군구,3
201802,서울,강서구,11500,시군구,0
201802,서울,구로구,11530,시군구,18
201802,서울,금천구,11545,시군구,0
201802,서울,영등포구,11560,시군구,0
201802,서울,동작구,11590,시군구,0
201802,서울,관악구,11620,시군구,0
201802,서울,서초구,11650,시군구,16
201802,서울,강남구,11680,시군구,0
201802,서울,송파구,11710,시군구,8
201802,서울,강동구,11740,시군구,0
201802,부산,계,,시도,2937
201802,대구,계,,시도,135
201802,인천,계,,시도,1246
201802,인천,중구,28110,시군구,720
201802,인천,남동구,28200,시군구,151
201802,인천,서구,28260,시군구,32
201802,인천,연수구,28185,시군구,0
201802,인천,미추홀구,28177,시군구,239
201802,인천,동구,28140,시군구,0
201802,인천,부평구,28237,시군구,58
201802,인천,계양구,28245,시군구,46
201802,인천,강화군,28710,시군구,0
201802,인천,옹진군,28720,시군구,0
201802,광주,계,,시도,431
201802,대전,계,,시도,1210
201802,울산,계,,시도,837
201802,경기,계,,시도,8676
201802,경기,수원시,41111,시(구 합산),7
201802,경기,수원시,41113,시(구 합산),7
201802,경기,수원시,41115,시(구 합산),7
201802,경기,수원시,41117,시(구 합산),7
201802,경기,성남시,41131,시(구 합산),0
201802,경기,성남시,41133,시(구 합산),0
201802,경기,성남시,41135,시(구 합산),0
201802,경기,의정부시,41150,시군구,51
201802,경기,안양시,41171,시(구 합산),43
201802,경기,안양시,41173,시(구 합산),43
201802,경기,부천시,41192,시(구 합산),69
201802,경기,부천시,41194,시(구 합산),69
201802,경기,부천시,41196,시(구 합산),69
201802,경기,부천시,41190,시(구 합산),69
201802,경기,광명시,41210,시군구,0
201802,경기,평택시,41220,시군구,754
201802,경기,동두천시,41250,시군구,0
201802,경기,안산시,41271,시(구 합산),153
201802,경기,안산시,41273,시(구 합산),153
201802,경기,고양시,41281,시(구 합산),431
201802,경기,고양시,41285,시(구 합산),431
201802,경기,고양시,41287,시(구 합산),431
201802,경기,과천시,41290,시군구,0
201802,경기,구리시,41310,시군구,97
201802,경기,남양주시,41360,시군구,1773
201802,경기,오산시,41370,시군구,0
201802,경기,시흥시,41390,시군구,37
201802,경기,군포시,41410,시군구,0
201802,경기,의왕시,41430,시군구,0
201802,경기,하남시,41450,시군구,18
201802,경기,용인시,41461,시(구 합산),1023
201802,경기,용인시,41463,시(구 합산),1023
201802,경기,용인시,41465,시(구 합산),1023
201802,경기,파주시,41480,시군구,18
201802,경기,이천시,41500,시군구,584
201802,경기,안성시,41550,시군구,1422
201802,경기,김포시,41570,시군구,741
201802,경기,양주시,41630,시군구,13
201802,경기,여주시,41670,시군구,0
201802,경기,화성시,41591,시(구 합산),916
201802,경기,화성시,41593,시(구 합산),916
201802,경기,화성시,41595,시(구 합산),916
201802,경기,화성시,41597,시(구 합산),916
201802,경기,화성시,41590,시(구 합산),916
201802,경기,광주시,41610,시군구,230
201802,경기,연천군,41800,시군구,202
201802,경기,포천시,41650,시군구,0
201802,경기,가평군,41820,시군구,0
201802,경기,양평군,41830,시군구,94
201802,강원,계,,시도,4636
201802,충북,계,,시도,4526
201802,충남,계,,시도,11002
201802,세종,계,,시도,0
201802,전북,계,,시도,1667
201802,전남,계,,시도,1211
201802,경북,계,,시도,8237
201802,경남,계,,시도,12914
201802,제주,계,,시도,1190
201803,서울,계,,시도,48
201803,서울,종로구,11110,시군구,1
201803,서울,중구,11140,시군구,0
201803,서울,용산구,11170,시군구,0
201803,서울,성동구,11200,시군구,0
201803,서울,광진구,11215,시군구,0
201803,서울,동대문구,11230,시군구,0
201803,서울,중랑구,11260,시군구,0
201803,서울,성북구,11290,시군구,0
201803,서울,강북구,11305,시군구,0
201803,서울,도봉구,11320,시군구,2
201803,서울,노원구,11350,시군구,0
201803,서울,은평구,11380,시군구,0
201803,서울,서대문구,11410,시군구,0
201803,서울,마포구,11440,시군구,0
201803,서울,양천구,11470,시군구,3
201803,서울,강서구,11500,시군구,0
201803,서울,구로구,11530,시군구,18
201803,서울,금천구,11545,시군구,0
201803,서울,영등포구,11560,시군구,0
201803,서울,동작구,11590,시군구,0
201803,서울,관악구,11620,시군구,0
201803,서울,서초구,11650,시군구,16
201803,서울,강남구,11680,시군구,0
201803,서울,송파구,11710,시군구,8
201803,서울,강동구,11740,시군구,0
201803,부산,계,,시도,2703
201803,대구,계,,시도,153
201803,인천,계,,시도,1237
201803,인천,중구,28110,시군구,704
201803,인천,남동구,28200,시군구,137
201803,인천,서구,28260,시군구,62
201803,인천,연수구,28185,시군구,
201803,인천,미추홀구,28177,시군구,239
201803,인천,동구,28140,시군구,
201803,인천,부평구,28237,시군구,47
201803,인천,계양구,28245,시군구,48
201803,인천,강화군,28710,시군구,
201803,인천,옹진군,28720,시군구,
201803,광주,계,,시도,383
201803,대전,계,,시도,740
201803,울산,계,,시도,830
201803,경기,계,,시도,7422
201803,경기,수원시,41111,시(구 합산),7
201803,경기,수원시,41113,시(구 합산),7
201803,경기,수원시,41115,시(구 합산),7
201803,경기,수원시,41117,시(구 합산),7
201803,경기,성남시,41131,시(구 합산),
201803,경기,성남시,41133,시(구 합산),
201803,경기,성남시,41135,시(구 합산),
201803,경기,의정부시,41150,시군구,48
201803,경기,안양시,41171,시(구 합산),43
201803,경기,안양시,41173,시(구 합산),43
201803,경기,부천시,41192,시(구 합산),64
201803,경기,부천시,41194,시(구 합산),64
201803,경기,부천시,41196,시(구 합산),64
201803,경기,부천시,41190,시(구 합산),64
201803,경기,광명시,41210,시군구,
201803,경기,평택시,41220,시군구,736
201803,경기,동두천시,41250,시군구,
201803,경기,안산시,41271,시(구 합산),138
201803,경기,안산시,41273,시(구 합산),138
201803,경기,고양시,41281,시(구 합산),431
201803,경기,고양시,41285,시(구 합산),431
201803,경기,고양시,41287,시(구 합산),431
201803,경기,과천시,41290,시군구,
201803,경기,구리시,41310,시군구,86
201803,경기,남양주시,41360,시군구,1544
201803,경기,오산시,41370,시군구,
201803,경기,시흥시,41390,시군구,26
201803,경기,군포시,41410,시군구,
201803,경기,의왕시,41430,시군구,
201803,경기,하남시,41450,시군구,18
201803,경기,용인시,41461,시(구 합산),833
201803,경기,용인시,41463,시(구 합산),833
201803,경기,용인시,41465,시(구 합산),833
201803,경기,파주시,41480,시군구,16
201803,경기,이천시,41500,시군구,411
201803,경기,안성시,41550,시군구,1382
201803,경기,김포시,41570,시군구,538
201803,경기,양주시,41630,시군구,13
201803,경기,여주시,41670,시군구,
201803,경기,화성시,41591,시(구 합산),602
201803,경기,화성시,41593,시(구 합산),602
201803,경기,화성시,41595,시(구 합산),602
201803,경기,화성시,41597,시(구 합산),602
201803,경기,화성시,41590,시(구 합산),602
201803,경기,광주시,41610,시군구,206
201803,경기,연천군,41800,시군구,193
201803,경기,포천시,41650,시군구,
201803,경기,가평군,41820,시군구,
201803,경기,양평군,41830,시군구,87
201803,강원,계,,시도,5215
201803,충북,계,,시도,4167
201803,충남,계,,시도,9738
201803,세종,계,,시도,0
201803,전북,계,,시도,1651
201803,전남,계,,시도,1409
201803,경북,계,,시도,7820
201803,경남,계,,시도,13149
201803,제주,계,,시도,1339
201804,서울,계,,시도,47
201804,서울,종로구,11110,시군구,1
201804,서울,중구,11140,시군구,0
201804,서울,용산구,11170,시군구,0
201804,서울,성동구,11200,시군구,0
201804,서울,광진구,11215,시군구,0
201804,서울,동대문구,11230,시군구,0
201804,서울,중랑구,11260,시군구,0
201804,서울,성북구,11290,시군구,0
201804,서울,강북구,11305,시군구,0
201804,서울,도봉구,11320,시군구,2
201804,서울,노원구,11350,시군구,0
201804,서울,은평구,11380,시군구,0
201804,서울,서대문구,11410,시군구,0
201804,서울,마포구,11440,시군구,0
201804,서울,양천구,11470,시군구,3
201804,서울,강서구,11500,시군구,0
201804,서울,구로구,11530,시군구,17
201804,서울,금천구,11545,시군구,0
201804,서울,영등포구,11560,시군구,0
201804,서울,동작구,11590,시군구,0
201804,서울,관악구,11620,시군구,0
201804,서울,서초구,11650,시군구,16
201804,서울,강남구,11680,시군구,0
201804,서울,송파구,11710,시군구,8
201804,서울,강동구,11740,시군구,0
201804,부산,계,,시도,2427
201804,대구,계,,시도,230
201804,인천,계,,시도,1311
201804,인천,중구,28110,시군구,693
201804,인천,남동구,28200,시군구,123
201804,인천,서구,28260,시군구,48
201804,인천,연수구,28185,시군구,0
201804,인천,미추홀구,28177,시군구,239
201804,인천,동구,28140,시군구,0
201804,인천,부평구,28237,시군구,163
201804,인천,계양구,28245,시군구,45
201804,인천,강화군,28710,시군구,
201804,인천,옹진군,28720,시군구,
201804,광주,계,,시도,366
201804,대전,계,,시도,843
201804,울산,계,,시도,1008
201804,경기,계,,시도,9003
201804,경기,수원시,41111,시(구 합산),7
201804,경기,수원시,41113,시(구 합산),7
201804,경기,수원시,41115,시(구 합산),7
201804,경기,수원시,41117,시(구 합산),7
201804,경기,성남시,41131,시(구 합산),
201804,경기,성남시,41133,시(구 합산),
201804,경기,성남시,41135,시(구 합산),
201804,경기,의정부시,41150,시군구,46
201804,경기,안양시,41171,시(구 합산),43
201804,경기,안양시,41173,시(구 합산),43
201804,경기,부천시,41192,시(구 합산),63
201804,경기,부천시,41194,시(구 합산),63
201804,경기,부천시,41196,시(구 합산),63
201804,경기,부천시,41190,시(구 합산),63
201804,경기,광명시,41210,시군구,0
201804,경기,평택시,41220,시군구,1080
201804,경기,동두천시,41250,시군구,0
201804,경기,안산시,41271,시(구 합산),184
201804,경기,안산시,41273,시(구 합산),184
201804,경기,고양시,41281,시(구 합산),430
201804,경기,고양시,41285,시(구 합산),430
201804,경기,고양시,41287,시(구 합산),430
201804,경기,과천시,41290,시군구,0
201804,경기,구리시,41310,시군구,78
201804,경기,남양주시,41360,시군구,1719
201804,경기,오산시,41370,시군구,
201804,경기,시흥시,41390,시군구,40
201804,경기,군포시,41410,시군구,
201804,경기,의왕시,41430,시군구,
201804,경기,하남시,41450,시군구,18
201804,경기,용인시,41461,시(구 합산),792
201804,경기,용인시,41463,시(구 합산),792
201804,경기,용인시,41465,시(구 합산),792
201804,경기,파주시,41480,시군구,16
201804,경기,이천시,41500,시군구,241
201804,경기,안성시,41550,시군구,1363
201804,경기,김포시,41570,시군구,1436
201804,경기,양주시,41630,시군구,12
201804,경기,여주시,41670,시군구,0
201804,경기,화성시,41591,시(구 합산),903
201804,경기,화성시,41593,시(구 합산),903
201804,경기,화성시,41595,시(구 합산),903
201804,경기,화성시,41597,시(구 합산),903
201804,경기,화성시,41590,시(구 합산),903
201804,경기,광주시,41610,시군구,192
201804,경기,연천군,41800,시군구,185
201804,경기,포천시,41650,시군구,0
201804,경기,가평군,41820,시군구,75
201804,경기,양평군,41830,시군구,80
201804,강원,계,,시도,5038
201804,충북,계,,시도,4398
201804,충남,계,,시도,9435
201804,세종,계,,시도,0
201804,전북,계,,시도,1519
201804,전남,계,,시도,1325
201804,경북,계,,시도,7649
201804,경남,계,,시도,13724
201804,제주,계,,시도,1260
201805,서울,계,,시도,47
201805,서울,종로구,11110,시군구,1
201805,서울,중구,11140,시군구,0
201805,서울,용산구,11170,시군구,0
201805,서울,성동구,11200,시군구,0
201805,서울,광진구,11215,시군구,0
201805,서울,동대문구,11230,시군구,0
201805,서울,중랑구,11260,시군구,0
201805,서울,성북구,11290,시군구,0
201805,서울,강북구,11305,시군구,0
201805,서울,도봉구,11320,시군구,2
201805,서울,노원구,11350,시군구,0
201805,서울,은평구,11380,시군구,0
201805,서울,서대문구,11410,시군구,0
201805,서울,마포구,11440,시군구,0
201805,서울,양천구,11470,시군구,3
201805,서울,강서구,11500,시군구,0
201805,서울,구로구,11530,시군구,17
201805,서울,금천구,11545,시군구,0
201805,서울,영등포구,11560,시군구,0
201805,서울,동작구,11590,시군구,0
201805,서울,관악구,11620,시군구,0
201805,서울,서초구,11650,시군구,16
201805,서울,강남구,11680,시군구,0
201805,서울,송파구,11710,시군구,8
201805,서울,강동구,11740,시군구,0
201805,부산,계,,시도,2238
201805,대구,계,,시도,194
201805,인천,계,,시도,1186
201805,인천,중구,28110,시군구,670
201805,인천,남동구,28200,시군구,117
201805,인천,서구,28260,시군구,48
201805,인천,연수구,28185,시군구,
201805,인천,미추홀구,28177,시군구,239
201805,인천,동구,28140,시군구,
201805,인천,부평구,28237,시군구,73
201805,인천,계양구,28245,시군구,39
201805,인천,강화군,28710,시군구,
201805,인천,옹진군,28720,시군구,
201805,광주,계,,시도,338
201805,대전,계,,시도,888
201805,울산,계,,시도,1004
201805,경기,계,,시도,8600
201805,경기,수원시,41111,시(구 합산),7
201805,경기,수원시,41113,시(구 합산),7
201805,경기,수원시,41115,시(구 합산),7
201805,경기,수원시,41117,시(구 합산),7
201805,경기,성남시,41131,시(구 합산),
201805,경기,성남시,41133,시(구 합산),
201805,경기,성남시,41135,시(구 합산),
201805,경기,의정부시,41150,시군구,44
201805,경기,안양시,41171,시(구 합산),43
201805,경기,안양시,41173,시(구 합산),43
201805,경기,부천시,41192,시(구 합산),104
201805,경기,부천시,41194,시(구 합산),104
201805,경기,부천시,41196,시(구 합산),104
201805,경기,부천시,41190,시(구 합산),104
201805,경기,광명시,41210,시군구,
201805,경기,평택시,41220,시군구,1056
201805,경기,동두천시,41250,시군구,
201805,경기,안산시,41271,시(구 합산),120
201805,경기,안산시,41273,시(구 합산),120
201805,경기,고양시,41281,시(구 합산),427
201805,경기,고양시,41285,시(구 합산),427
201805,경기,고양시,41287,시(구 합산),427
201805,경기,과천시,41290,시군구,
201805,경기,구리시,41310,시군구,76
201805,경기,남양주시,41360,시군구,1434
201805,경기,오산시,41370,시군구,
201805,경기,시흥시,41390,시군구,40
201805,경기,군포시,41410,시군구,
201805,경기,의왕시,41430,시군구,
201805,경기,하남시,41450,시군구,18
201805,경기,용인시,41461,시(구 합산),758
201805,경기,용인시,41463,시(구 합산),758
201805,경기,용인시,41465,시(구 합산),758
201805,경기,파주시,41480,시군구,16
201805,경기,이천시,41500,시군구,150
201805,경기,안성시,41550,시군구,1309
201805,경기,김포시,41570,시군구,1295
201805,경기,양주시,41630,시군구,482
201805,경기,여주시,41670,시군구,
201805,경기,화성시,41591,시(구 합산),749
201805,경기,화성시,41593,시(구 합산),749
201805,경기,화성시,41595,시(구 합산),749
201805,경기,화성시,41597,시(구 합산),749
201805,경기,화성시,41590,시(구 합산),749
201805,경기,광주시,41610,시군구,177
201805,경기,연천군,41800,시군구,161
201805,경기,포천시,41650,시군구,
201805,경기,가평군,41820,시군구,71
201805,경기,양평군,41830,시군구,63
201805,강원,계,,시도,4883
201805,충북,계,,시도,4537
201805,충남,계,,시도,9111
201805,세종,계,,시도,0
201805,전북,계,,시도,1891
201805,전남,계,,시도,1241
201805,경북,계,,시도,7455
201805,경남,계,,시도,14955
201805,제주,계,,시도,1268
201806,서울,계,,시도,47
201806,서울,종로구,11110,시군구,1
201806,서울,중구,11140,시군구,0
201806,서울,용산구,11170,시군구,0
201806,서울,성동구,11200,시군구,0
201806,서울,광진구,11215,시군구,0
201806,서울,동대문구,11230,시군구,0
201806,서울,중랑구,11260,시군구,0
201806,서울,성북구,11290,시군구,0
201806,서울,강북구,11305,시군구,0
201806,서울,도봉구,11320,시군구,2
201806,서울,노원구,11350,시군구,0
201806,서울,은평구,11380,시군구,0
201806,서울,서대문구,11410,시군구,0
201806,서울,마포구,11440,시군구,0
201806,서울,양천구,11470,시군구,3
201806,서울,강서구,11500,시군구,0
201806,서울,구로구,11530,시군구,17
201806,서울,금천구,11545,시군구,0
201806,서울,영등포구,11560,시군구,0
201806,서울,동작구,11590,시군구,0
201806,서울,관악구,11620,시군구,0
201806,서울,서초구,11650,시군구,16
201806,서울,강남구,11680,시군구,0
201806,서울,송파구,11710,시군구,8
201806,서울,강동구,11740,시군구,0
201806,부산,계,,시도,2169
201806,대구,계,,시도,506
201806,인천,계,,시도,1327
201806,인천,중구,28110,시군구,653
201806,인천,남동구,28200,시군구,114
201806,인천,서구,28260,시군구,45
201806,인천,연수구,28185,시군구,
201806,인천,미추홀구,28177,시군구,246
201806,인천,동구,28140,시군구,180
201806,인천,부평구,28237,시군구,53
201806,인천,계양구,28245,시군구,36
201806,인천,강화군,28710,시군구,
201806,인천,옹진군,28720,시군구,
201806,광주,계,,시도,317
201806,대전,계,,시도,1035
201806,울산,계,,시도,1004
201806,경기,계,,시도,8134
201806,경기,수원시,41111,시(구 합산),7
201806,경기,수원시,41113,시(구 합산),7
201806,경기,수원시,41115,시(구 합산),7
201806,경기,수원시,41117,시(구 합산),7
201806,경기,성남시,41131,시(구 합산),
201806,경기,성남시,41133,시(구 합산),
201806,경기,성남시,41135,시(구 합산),
201806,경기,의정부시,41150,시군구,461
201806,경기,안양시,41171,시(구 합산),43
201806,경기,안양시,41173,시(구 합산),43
201806,경기,부천시,41192,시(구 합산),103
201806,경기,부천시,41194,시(구 합산),103
201806,경기,부천시,41196,시(구 합산),103
201806,경기,부천시,41190,시(구 합산),103
201806,경기,광명시,41210,시군구,
201806,경기,평택시,41220,시군구,1047
201806,경기,동두천시,41250,시군구,
201806,경기,안산시,41271,시(구 합산),105
201806,경기,안산시,41273,시(구 합산),105
201806,경기,고양시,41281,시(구 합산),446
201806,경기,고양시,41285,시(구 합산),446
201806,경기,고양시,41287,시(구 합산),446
201806,경기,과천시,41290,시군구,
201806,경기,구리시,41310,시군구,76
201806,경기,남양주시,41360,시군구,1275
201806,경기,오산시,41370,시군구,
201806,경기,시흥시,41390,시군구,38
201806,경기,군포시,41410,시군구,
201806,경기,의왕시,41430,시군구,
201806,경기,하남시,41450,시군구,18
201806,경기,용인시,41461,시(구 합산),626
201806,경기,용인시,41463,시(구 합산),626
201806,경기,용인시,41465,시(구 합산),626
201806,경기,파주시,41480,시군구,16
201806,경기,이천시,41500,시군구,136
201806,경기,안성시,41550,시군구,1278
201806,경기,김포시,41570,시군구,1075
201806,경기,양주시,41630,시군구,285
201806,경기,여주시,41670,시군구,
201806,경기,화성시,41591,시(구 합산),704
201806,경기,화성시,41593,시(구 합산),704
201806,경기,화성시,41595,시(구 합산),704
201806,경기,화성시,41597,시(구 합산),704
201806,경기,화성시,41590,시(구 합산),704
201806,경기,광주시,41610,시군구,144
201806,경기,연천군,41800,시군구,147
201806,경기,포천시,41650,시군구,
201806,경기,가평군,41820,시군구,47
201806,경기,양평군,41830,시군구,57
201806,강원,계,,시도,4729
201806,충북,계,,시도,5288
201806,충남,계,,시도,9494
201806,세종,계,,시도,0
201806,전북,계,,시도,2174
201806,전남,계,,시도,1212
201806,경북,계,,시도,8419
201806,경남,계,,시도,14896
201806,제주,계,,시도,1299
201807,서울,계,,시도,42
201807,서울,종로구,11110,시군구,1
201807,서울,중구,11140,시군구,0
201807,서울,용산구,11170,시군구,0
201807,서울,성동구,11200,시군구,0
201807,서울,광진구,11215,시군구,0
201807,서울,동대문구,11230,시군구,0
201807,서울,중랑구,11260,시군구,0
201807,서울,성북구,11290,시군구,0
201807,서울,강북구,11305,시군구,0
201807,서울,도봉구,11320,시군구,2
201807,서울,노원구,11350,시군구,0
201807,서울,은평구,11380,시군구,0
201807,서울,서대문구,11410,시군구,0
201807,서울,마포구,11440,시군구,0
201807,서울,양천구,11470,시군구,3
201807,서울,강서구,11500,시군구,0
201807,서울,구로구,11530,시군구,12
201807,서울,금천구,11545,시군구,0
201807,서울,영등포구,11560,시군구,0
201807,서울,동작구,11590,시군구,0
201807,서울,관악구,11620,시군구,0
201807,서울,서초구,11650,시군구,16
201807,서울,강남구,11680,시군구,0
201807,서울,송파구,11710,시군구,8
201807,서울,강동구,11740,시군구,0
201807,부산,계,,시도,3266
201807,대구,계,,시도,1345
201807,인천,계,,시도,1260
201807,인천,중구,28110,시군구,633
201807,인천,남동구,28200,시군구,114
201807,인천,서구,28260,시군구,44
201807,인천,연수구,28185,시군구,0
201807,인천,미추홀구,28177,시군구,239
201807,인천,동구,28140,시군구,150
201807,인천,부평구,28237,시군구,44
201807,인천,계양구,28245,시군구,36
201807,인천,강화군,28710,시군구,0
201807,인천,옹진군,28720,시군구,0
201807,광주,계,,시도,266
201807,대전,계,,시도,973
201807,울산,계,,시도,1006
201807,경기,계,,시도,7530
201807,경기,수원시,41111,시(구 합산),5
201807,경기,수원시,41113,시(구 합산),5
201807,경기,수원시,41115,시(구 합산),5
201807,경기,수원시,41117,시(구 합산),5
201807,경기,성남시,41131,시(구 합산),0
201807,경기,성남시,41133,시(구 합산),0
201807,경기,성남시,41135,시(구 합산),0
201807,경기,의정부시,41150,시군구,425
201807,경기,안양시,41171,시(구 합산),43
201807,경기,안양시,41173,시(구 합산),43
201807,경기,부천시,41192,시(구 합산),92
201807,경기,부천시,41194,시(구 합산),92
201807,경기,부천시,41196,시(구 합산),92
201807,경기,부천시,41190,시(구 합산),92
201807,경기,광명시,41210,시군구,0
201807,경기,평택시,41220,시군구,1026
201807,경기,동두천시,41250,시군구,0
201807,경기,안산시,41271,시(구 합산),103
201807,경기,안산시,41273,시(구 합산),103
201807,경기,고양시,41281,시(구 합산),446
201807,경기,고양시,41285,시(구 합산),446
201807,경기,고양시,41287,시(구 합산),446
201807,경기,과천시,41290,시군구,0
201807,경기,구리시,41310,시군구,70
201807,경기,남양주시,41360,시군구,1145
201807,경기,오산시,41370,시군구,0
201807,경기,시흥시,41390,시군구,38
201807,경기,군포시,41410,시군구,0
201807,경기,의왕시,41430,시군구,0
201807,경기,하남시,41450,시군구,18
201807,경기,용인시,41461,시(구 합산),568
201807,경기,용인시,41463,시(구 합산),568
201807,경기,용인시,41465,시(구 합산),568
201807,경기,파주시,41480,시군구,16
201807,경기,이천시,41500,시군구,128
201807,경기,안성시,41550,시군구,1253
201807,경기,김포시,41570,시군구,945
201807,경기,양주시,41630,시군구,167
201807,경기,여주시,41670,시군구,0
201807,경기,화성시,41591,시(구 합산),667
201807,경기,화성시,41593,시(구 합산),667
201807,경기,화성시,41595,시(구 합산),667
201807,경기,화성시,41597,시(구 합산),667
201807,경기,화성시,41590,시(구 합산),667
201807,경기,광주시,41610,시군구,137
201807,경기,연천군,41800,시군구,141
201807,경기,포천시,41650,시군구,0
201807,경기,가평군,41820,시군구,44
201807,경기,양평군,41830,시군구,53
201807,강원,계,,시도,4906
201807,충북,계,,시도,4870
201807,충남,계,,시도,9963
201807,세종,계,,시도,0
201807,전북,계,,시도,2034
201807,전남,계,,시도,1103
201807,경북,계,,시도,8198
201807,경남,계,,시도,15095
201807,제주,계,,시도,1275
201808,서울,계,,시도,39
201808,서울,종로구,11110,시군구,1
201808,서울,중구,11140,시군구,0
201808,서울,용산구,11170,시군구,0
201808,서울,성동구,11200,시군구,0
201808,서울,광진구,11215,시군구,0
201808,서울,동대문구,11230,시군구,0
201808,서울,중랑구,11260,시군구,0
201808,서울,성북구,11290,시군구,0
201808,서울,강북구,11305,시군구,0
201808,서울,도봉구,11320,시군구,0
201808,서울,노원구,11350,시군구,0
201808,서울,은평구,11380,시군구,0
201808,서울,서대문구,11410,시군구,0
201808,서울,마포구,11440,시군구,0
201808,서울,양천구,11470,시군구,3
201808,서울,강서구,11500,시군구,0
201808,서울,구로구,11530,시군구,11
201808,서울,금천구,11545,시군구,0
201808,서울,영등포구,11560,시군구,0
201808,서울,동작구,11590,시군구,0
201808,서울,관악구,11620,시군구,0
201808,서울,서초구,11650,시군구,16
201808,서울,강남구,11680,시군구,0
201808,서울,송파구,11710,시군구,8
201808,서울,강동구,11740,시군구,0
201808,부산,계,,시도,3129
201808,대구,계,,시도,945
201808,인천,계,,시도,1208
201808,인천,중구,28110,시군구,629
201808,인천,남동구,28200,시군구,110
201808,인천,서구,28260,시군구,44
201808,인천,연수구,28185,시군구,0
201808,인천,미추홀구,28177,시군구,239
201808,인천,동구,28140,시군구,116
201808,인천,부평구,28237,시군구,36
201808,인천,계양구,28245,시군구,34
201808,인천,강화군,28710,시군구,0
201808,인천,옹진군,28720,시군구,0
201808,광주,계,,시도,240
201808,대전,계,,시도,978
201808,울산,계,,시도,1005
201808,경기,계,,시도,7287
201808,경기,수원시,41111,시(구 합산),5
201808,경기,수원시,41113,시(구 합산),5
201808,경기,수원시,41115,시(구 합산),5
201808,경기,수원시,41117,시(구 합산),5
201808,경기,성남시,41131,시(구 합산),0
201808,경기,성남시,41133,시(구 합산),0
201808,경기,성남시,41135,시(구 합산),0
201808,경기,의정부시,41150,시군구,337
201808,경기,안양시,41171,시(구 합산),43
201808,경기,안양시,41173,시(구 합산),43
201808,경기,부천시,41192,시(구 합산),81
201808,경기,부천시,41194,시(구 합산),81
201808,경기,부천시,41196,시(구 합산),81
201808,경기,부천시,41190,시(구 합산),81
201808,경기,광명시,41210,시군구,0
201808,경기,평택시,41220,시군구,1275
201808,경기,동두천시,41250,시군구,0
201808,경기,안산시,41271,시(구 합산),101
201808,경기,안산시,41273,시(구 합산),101
201808,경기,고양시,41281,시(구 합산),446
201808,경기,고양시,41285,시(구 합산),446
201808,경기,고양시,41287,시(구 합산),446
201808,경기,과천시,41290,시군구,0
201808,경기,구리시,41310,시군구,67
201808,경기,남양주시,41360,시군구,987
201808,경기,오산시,41370,시군구,0
201808,경기,시흥시,41390,시군구,38
201808,경기,군포시,41410,시군구,0
201808,경기,의왕시,41430,시군구,0
201808,경기,하남시,41450,시군구,18
201808,경기,용인시,41461,시(구 합산),437
201808,경기,용인시,41463,시(구 합산),437
201808,경기,용인시,41465,시(구 합산),437
201808,경기,파주시,41480,시군구,16
201808,경기,이천시,41500,시군구,106
201808,경기,안성시,41550,시군구,1236
201808,경기,김포시,41570,시군구,772
201808,경기,양주시,41630,시군구,93
201808,경기,여주시,41670,시군구,273
201808,경기,화성시,41591,시(구 합산),601
201808,경기,화성시,41593,시(구 합산),601
201808,경기,화성시,41595,시(구 합산),601
201808,경기,화성시,41597,시(구 합산),601
201808,경기,화성시,41590,시(구 합산),601
201808,경기,광주시,41610,시군구,134
201808,경기,연천군,41800,시군구,136
201808,경기,포천시,41650,시군구,0
201808,경기,가평군,41820,시군구,35
201808,경기,양평군,41830,시군구,50
201808,강원,계,,시도,5240
201808,충북,계,,시도,4880
201808,충남,계,,시도,9953
201808,세종,계,,시도,0
201808,전북,계,,시도,1810
201808,전남,계,,시도,1494
201808,경북,계,,시도,8033
201808,경남,계,,시도,14912
201808,제주,계,,시도,1217
201809,서울,계,,시도,29
201809,서울,종로구,11110,시군구,1
201809,서울,중구,11140,시군구,
201809,서울,용산구,11170,시군구,
201809,서울,성동구,11200,시군구,
201809,서울,광진구,11215,시군구,
201809,서울,동대문구,11230,시군구,
201809,서울,중랑구,11260,시군구,
201809,서울,성북구,11290,시군구,
201809,서울,강북구,11305,시군구,
201809,서울,도봉구,11320,시군구,
201809,서울,노원구,11350,시군구,
201809,서울,은평구,11380,시군구,
201809,서울,서대문구,11410,시군구,
201809,서울,마포구,11440,시군구,
201809,서울,양천구,11470,시군구,3
201809,서울,강서구,11500,시군구,
201809,서울,구로구,11530,시군구,1
201809,서울,금천구,11545,시군구,
201809,서울,영등포구,11560,시군구,
201809,서울,동작구,11590,시군구,
201809,서울,관악구,11620,시군구,
201809,서울,서초구,11650,시군구,16
201809,서울,강남구,11680,시군구,
201809,서울,송파구,11710,시군구,8
201809,서울,강동구,11740,시군구,
201809,부산,계,,시도,3111
201809,대구,계,,시도,745
201809,인천,계,,시도,1135
201809,인천,중구,28110,시군구,607
201809,인천,남동구,28200,시군구,110
201809,인천,서구,28260,시군구,34
201809,인천,연수구,28185,시군구,
201809,인천,미추홀구,28177,시군구,239
201809,인천,동구,28140,시군구,75
201809,인천,부평구,28237,시군구,36
201809,인천,계양구,28245,시군구,34
201809,인천,강화군,28710,시군구,
201809,인천,옹진군,28720,시군구,
201809,광주,계,,시도,194
201809,대전,계,,시도,948
201809,울산,계,,시도,1007
201809,경기,계,,시도,6487
201809,경기,수원시,41111,시(구 합산),5
201809,경기,수원시,41113,시(구 합산),5
201809,경기,수원시,41115,시(구 합산),5
201809,경기,수원시,41117,시(구 합산),5
201809,경기,성남시,41131,시(구 합산),
201809,경기,성남시,41133,시(구 합산),
201809,경기,성남시,41135,시(구 합산),
201809,경기,의정부시,41150,시군구,216
201809,경기,안양시,41171,시(구 합산),43
201809,경기,안양시,41173,시(구 합산),43
201809,경기,부천시,41192,시(구 합산),74
201809,경기,부천시,41194,시(구 합산),74
201809,경기,부천시,41196,시(구 합산),74
201809,경기,부천시,41190,시(구 합산),74
201809,경기,광명시,41210,시군구,
201809,경기,평택시,41220,시군구,1147
201809,경기,동두천시,41250,시군구,
201809,경기,안산시,41271,시(구 합산),98
201809,경기,안산시,41273,시(구 합산),98
201809,경기,고양시,41281,시(구 합산),443
201809,경기,고양시,41285,시(구 합산),443
201809,경기,고양시,41287,시(구 합산),443
201809,경기,과천시,41290,시군구,
201809,경기,구리시,41310,시군구,61
201809,경기,남양주시,41360,시군구,830
201809,경기,오산시,41370,시군구,
201809,경기,시흥시,41390,시군구,38
201809,경기,군포시,41410,시군구,
201809,경기,의왕시,41430,시군구,
201809,경기,하남시,41450,시군구,18
201809,경기,용인시,41461,시(구 합산),416
201809,경기,용인시,41463,시(구 합산),416
201809,경기,용인시,41465,시(구 합산),416
201809,경기,파주시,41480,시군구,14
201809,경기,이천시,41500,시군구,94
201809,경기,안성시,41550,시군구,1216
201809,경기,김포시,41570,시군구,375
201809,경기,양주시,41630,시군구,40
201809,경기,여주시,41670,시군구,244
201809,경기,화성시,41591,시(구 합산),580
201809,경기,화성시,41593,시(구 합산),580
201809,경기,화성시,41595,시(구 합산),580
201809,경기,화성시,41597,시(구 합산),580
201809,경기,화성시,41590,시(구 합산),580
201809,경기,광주시,41610,시군구,116
201809,경기,연천군,41800,시군구,127
201809,경기,포천시,41650,시군구,211
201809,경기,가평군,41820,시군구,33
201809,경기,양평군,41830,시군구,48
201809,강원,계,,시도,5112
201809,충북,계,,시도,4426
201809,충남,계,,시도,9489
201809,세종,계,,시도,
201809,전북,계,,시도,1681
201809,전남,계,,시도,1350
201809,경북,계,,시도,8760
201809,경남,계,,시도,14847
201809,제주,계,,시도,1275
201810,서울,계,,시도,28
201810,서울,종로구,11110,시군구,1
201810,서울,중구,11140,시군구,
201810,서울,용산구,11170,시군구,
201810,서울,성동구,11200,시군구,
201810,서울,광진구,11215,시군구,
201810,서울,동대문구,11230,시군구,
201810,서울,중랑구,11260,시군구,
201810,서울,성북구,11290,시군구,
201810,서울,강북구,11305,시군구,
201810,서울,도봉구,11320,시군구,
201810,서울,노원구,11350,시군구,
201810,서울,은평구,11380,시군구,
201810,서울,서대문구,11410,시군구,
201810,서울,마포구,11440,시군구,
201810,서울,양천구,11470,시군구,3
201810,서울,강서구,11500,시군구,
201810,서울,구로구,11530,시군구,
201810,서울,금천구,11545,시군구,
201810,서울,영등포구,11560,시군구,
201810,서울,동작구,11590,시군구,
201810,서울,관악구,11620,시군구,
201810,서울,서초구,11650,시군구,16
201810,서울,강남구,11680,시군구,
201810,서울,송파구,11710,시군구,8
201810,서울,강동구,11740,시군구,
201810,부산,계,,시도,3205
201810,대구,계,,시도,575
201810,인천,계,,시도,1122
201810,인천,중구,28110,시군구,607
201810,인천,남동구,28200,시군구,99
201810,인천,서구,28260,시군구,67
201810,인천,연수구,28185,시군구,
201810,인천,미추홀구,28177,시군구,239
201810,인천,동구,28140,시군구,46
201810,인천,부평구,28237,시군구,30
201810,인천,계양구,28245,시군구,34
201810,인천,강화군,28710,시군구,
201810,인천,옹진군,28720,시군구,
201810,광주,계,,시도,191
201810,대전,계,,시도,990
201810,울산,계,,시도,1010
201810,경기,계,,시도,5529
201810,경기,수원시,41111,시(구 합산),5
201810,경기,수원시,41113,시(구 합산),5
201810,경기,수원시,41115,시(구 합산),5
201810,경기,수원시,41117,시(구 합산),5
201810,경기,성남시,41131,시(구 합산),
201810,경기,성남시,41133,시(구 합산),
201810,경기,성남시,41135,시(구 합산),
201810,경기,의정부시,41150,시군구,152
201810,경기,안양시,41171,시(구 합산),43
201810,경기,안양시,41173,시(구 합산),43
201810,경기,부천시,41192,시(구 합산),49
201810,경기,부천시,41194,시(구 합산),49
201810,경기,부천시,41196,시(구 합산),49
201810,경기,부천시,41190,시(구 합산),49
201810,경기,광명시,41210,시군구,
201810,경기,평택시,41220,시군구,911
201810,경기,동두천시,41250,시군구,
201810,경기,안산시,41271,시(구 합산),81
201810,경기,안산시,41273,시(구 합산),81
201810,경기,고양시,41281,시(구 합산),443
201810,경기,고양시,41285,시(구 합산),443
201810,경기,고양시,41287,시(구 합산),443
201810,경기,과천시,41290,시군구,
201810,경기,구리시,41310,시군구,61
201810,경기,남양주시,41360,시군구,699
201810,경기,오산시,41370,시군구,
201810,경기,시흥시,41390,시군구,38
201810,경기,군포시,41410,시군구,
201810,경기,의왕시,41430,시군구,
201810,경기,하남시,41450,시군구,18
201810,경기,용인시,41461,시(구 합산),381
201810,경기,용인시,41463,시(구 합산),381
201810,경기,용인시,41465,시(구 합산),381
201810,경기,파주시,41480,시군구,14
201810,경기,이천시,41500,시군구,151
201810,경기,안성시,41550,시군구,1196
201810,경기,김포시,41570,시군구,91
201810,경기,양주시,41630,시군구,11
201810,경기,여주시,41670,시군구,216
201810,경기,화성시,41591,시(구 합산),513
201810,경기,화성시,41593,시(구 합산),513
201810,경기,화성시,41595,시(구 합산),513
201810,경기,화성시,41597,시(구 합산),513
201810,경기,화성시,41590,시(구 합산),513
201810,경기,광주시,41610,시군구,113
201810,경기,연천군,41800,시군구,83
201810,경기,포천시,41650,시군구,193
201810,경기,가평군,41820,시군구,25
201810,경기,양평군,41830,시군구,42
201810,강원,계,,시도,5350
201810,충북,계,,시도,4944
201810,충남,계,,시도,9141
201810,세종,계,,시도,
201810,전북,계,,시도,1834
201810,전남,계,,시도,1742
201810,경북,계,,시도,8942
201810,경남,계,,시도,14673
201810,제주,계,,시도,1226
201811,서울,계,,시도,28
201811,서울,종로구,11110,시군구,1
201811,서울,중구,11140,시군구,0
201811,서울,용산구,11170,시군구,0
201811,서울,성동구,11200,시군구,0
201811,서울,광진구,11215,시군구,0
201811,서울,동대문구,11230,시군구,0
201811,서울,중랑구,11260,시군구,0
201811,서울,성북구,11290,시군구,0
201811,서울,강북구,11305,시군구,0
201811,서울,도봉구,11320,시군구,0
201811,서울,노원구,11350,시군구,0
201811,서울,은평구,11380,시군구,0
201811,서울,서대문구,11410,시군구,0
201811,서울,마포구,11440,시군구,0
201811,서울,양천구,11470,시군구,3
201811,서울,강서구,11500,시군구,0
201811,서울,구로구,11530,시군구,0
201811,서울,금천구,11545,시군구,0
201811,서울,영등포구,11560,시군구,0
201811,서울,동작구,11590,시군구,0
201811,서울,관악구,11620,시군구,0
201811,서울,서초구,11650,시군구,16
201811,서울,강남구,11680,시군구,0
201811,서울,송파구,11710,시군구,8
201811,서울,강동구,11740,시군구,0
201811,부산,계,,시도,3920
201811,대구,계,,시도,429
201811,인천,계,,시도,1394
201811,인천,중구,28110,시군구,598
201811,인천,남동구,28200,시군구,99
201811,인천,서구,28260,시군구,351
201811,인천,연수구,28185,시군구,0
201811,인천,미추홀구,28177,시군구,239
201811,인천,동구,28140,시군구,43
201811,인천,부평구,28237,시군구,30
201811,인천,계양구,28245,시군구,34
201811,인천,강화군,28710,시군구,0
201811,인천,옹진군,28720,시군구,0
201811,광주,계,,시도,75
201811,대전,계,,시도,1426
201811,울산,계,,시도,1009
201811,경기,계,,시도,5078
201811,경기,수원시,41111,시(구 합산),5
201811,경기,수원시,41113,시(구 합산),5
201811,경기,수원시,41115,시(구 합산),5
201811,경기,수원시,41117,시(구 합산),5
201811,경기,성남시,41131,시(구 합산),0
201811,경기,성남시,41133,시(구 합산),0
201811,경기,성남시,41135,시(구 합산),0
201811,경기,의정부시,41150,시군구,140
201811,경기,안양시,41171,시(구 합산),43
201811,경기,안양시,41173,시(구 합산),43
201811,경기,부천시,41192,시(구 합산),44
201811,경기,부천시,41194,시(구 합산),44
201811,경기,부천시,41196,시(구 합산),44
201811,경기,부천시,41190,시(구 합산),44
201811,경기,광명시,41210,시군구,0
201811,경기,평택시,41220,시군구,868
201811,경기,동두천시,41250,시군구,0
201811,경기,안산시,41271,시(구 합산),77
201811,경기,안산시,41273,시(구 합산),77
201811,경기,고양시,41281,시(구 합산),413
201811,경기,고양시,41285,시(구 합산),413
201811,경기,고양시,41287,시(구 합산),413
201811,경기,과천시,41290,시군구,0
201811,경기,구리시,41310,시군구,54
201811,경기,남양주시,41360,시군구,617
201811,경기,오산시,41370,시군구,3
201811,경기,시흥시,41390,시군구,33
201811,경기,군포시,41410,시군구,0
201811,경기,의왕시,41430,시군구,1
201811,경기,하남시,41450,시군구,18
201811,경기,용인시,41461,시(구 합산),378
201811,경기,용인시,41463,시(구 합산),378
201811,경기,용인시,41465,시(구 합산),378
201811,경기,파주시,41480,시군구,13
201811,경기,이천시,41500,시군구,71
201811,경기,안성시,41550,시군구,1181
201811,경기,김포시,41570,시군구,47
201811,경기,양주시,41630,시군구,11
201811,경기,여주시,41670,시군구,201
201811,경기,화성시,41591,시(구 합산),455
201811,경기,화성시,41593,시(구 합산),455
201811,경기,화성시,41595,시(구 합산),455
201811,경기,화성시,41597,시(구 합산),455
201811,경기,화성시,41590,시(구 합산),455
201811,경기,광주시,41610,시군구,109
201811,경기,연천군,41800,시군구,64
201811,경기,포천시,41650,시군구,170
201811,경기,가평군,41820,시군구,21
201811,경기,양평군,41830,시군구,41
201811,강원,계,,시도,5300
201811,충북,계,,시도,4707
201811,충남,계,,시도,8476
201811,세종,계,,시도,0
201811,전북,계,,시도,1692
201811,전남,계,,시도,1689
201811,경북,계,,시도,9421
201811,경남,계,,시도,14213
201811,제주,계,,시도,1265
201812,서울,계,,시도,27
201812,서울,종로구,11110,시군구,0
201812,서울,중구,11140,시군구,0
201812,서울,용산구,11170,시군구,0
201812,서울,성동구,11200,시군구,0
201812,서울,광진구,11215,시군구,0
201812,서울,동대문구,11230,시군구,0
201812,서울,중랑구,11260,시군구,0
201812,서울,성북구,11290,시군구,0
201812,서울,강북구,11305,시군구,0
201812,서울,도봉구,11320,시군구,0
201812,서울,노원구,11350,시군구,0
201812,서울,은평구,11380,시군구,0
201812,서울,서대문구,11410,시군구,0
201812,서울,마포구,11440,시군구,0
201812,서울,양천구,11470,시군구,3
201812,서울,강서구,11500,시군구,0
201812,서울,구로구,11530,시군구,0
201812,서울,금천구,11545,시군구,0
201812,서울,영등포구,11560,시군구,0
201812,서울,동작구,11590,시군구,0
201812,서울,관악구,11620,시군구,0
201812,서울,서초구,11650,시군구,16
201812,서울,강남구,11680,시군구,0
201812,서울,송파구,11710,시군구,8
201812,서울,강동구,11740,시군구,0
201812,부산,계,,시도,4153
201812,대구,계,,시도,362
201812,인천,계,,시도,1324
201812,인천,중구,28110,시군구,582
201812,인천,남동구,28200,시군구,99
201812,인천,서구,28260,시군구,322
201812,인천,연수구,28185,시군구,0
201812,인천,미추홀구,28177,시군구,239
201812,인천,동구,28140,시군구,34
201812,인천,부평구,28237,시군구,14
201812,인천,계양구,28245,시군구,34
201812,인천,강화군,28710,시군구,0
201812,인천,옹진군,28720,시군구,0
201812,광주,계,,시도,58
201812,대전,계,,시도,1183
201812,울산,계,,시도,997
201812,경기,계,,시도,4968
201812,경기,수원시,41111,시(구 합산),5
201812,경기,수원시,41113,시(구 합산),5
201812,경기,수원시,41115,시(구 합산),5
201812,경기,수원시,41117,시(구 합산),5
201812,경기,성남시,41131,시(구 합산),0
201812,경기,성남시,41133,시(구 합산),0
201812,경기,성남시,41135,시(구 합산),0
201812,경기,의정부시,41150,시군구,131
201812,경기,안양시,41171,시(구 합산),43
201812,경기,안양시,41173,시(구 합산),43
201812,경기,부천시,41192,시(구 합산),44
201812,경기,부천시,41194,시(구 합산),44
201812,경기,부천시,41196,시(구 합산),44
201812,경기,부천시,41190,시(구 합산),44
201812,경기,광명시,41210,시군구,0
201812,경기,평택시,41220,시군구,857
201812,경기,동두천시,41250,시군구,176
201812,경기,안산시,41271,시(구 합산),77
201812,경기,안산시,41273,시(구 합산),77
201812,경기,고양시,41281,시(구 합산),413
201812,경기,고양시,41285,시(구 합산),413
201812,경기,고양시,41287,시(구 합산),413
201812,경기,과천시,41290,시군구,0
201812,경기,구리시,41310,시군구,52
201812,경기,남양주시,41360,시군구,558
201812,경기,오산시,41370,시군구,3
201812,경기,시흥시,41390,시군구,31
201812,경기,군포시,41410,시군구,0
201812,경기,의왕시,41430,시군구,1
201812,경기,하남시,41450,시군구,18
201812,경기,용인시,41461,시(구 합산),358
201812,경기,용인시,41463,시(구 합산),358
201812,경기,용인시,41465,시(구 합산),358
201812,경기,파주시,41480,시군구,13
201812,경기,이천시,41500,시군구,57
201812,경기,안성시,41550,시군구,1168
201812,경기,김포시,41570,시군구,44
201812,경기,양주시,41630,시군구,11
201812,경기,여주시,41670,시군구,191
201812,경기,화성시,41591,시(구 합산),415
201812,경기,화성시,41593,시(구 합산),415
201812,경기,화성시,41595,시(구 합산),415
201812,경기,화성시,41597,시(구 합산),415
201812,경기,화성시,41590,시(구 합산),415
201812,경기,광주시,41610,시군구,109
201812,경기,연천군,41800,시군구,59
201812,경기,포천시,41650,시군구,79
201812,경기,가평군,41820,시군구,18
201812,경기,양평군,41830,시군구,37
201812,강원,계,,시도,5736
201812,충북,계,,시도,4560
201812,충남,계,,시도,7763
201812,세종,계,,시도,0
201812,전북,계,,시도,1607
201812,전남,계,,시도,1663
201812,경북,계,,시도,8995
201812,경남,계,,시도,14147
201812,제주,계,,시도,1295
201901,서울,계,,시도,27
201901,서울,종로구,11110,시군구,0
201901,서울,중구,11140,시군구,0
201901,서울,용산구,11170,시군구,0
201901,서울,성동구,11200,시군구,0
201901,서울,광진구,11215,시군구,0
201901,서울,동대문구,11230,시군구,0
201901,서울,중랑구,11260,시군구,0
201901,서울,성북구,11290,시군구,0
201901,서울,강북구,11305,시군구,0
201901,서울,도봉구,11320,시군구,0
201901,서울,노원구,11350,시군구,0
201901,서울,은평구,11380,시군구,0
201901,서울,서대문구,11410,시군구,0
201901,서울,마포구,11440,시군구,0
201901,서울,양천구,11470,시군구,3
201901,서울,강서구,11500,시군구,0
201901,서울,구로구,11530,시군구,0
201901,서울,금천구,11545,시군구,0
201901,서울,영등포구,11560,시군구,0
201901,서울,동작구,11590,시군구,0
201901,서울,관악구,11620,시군구,0
201901,서울,서초구,11650,시군구,16
201901,서울,강남구,11680,시군구,0
201901,서울,송파구,11710,시군구,8
201901,서울,강동구,11740,시군구,0
201901,부산,계,,시도,5224
201901,대구,계,,시도,291
201901,인천,계,,시도,1357
201901,인천,중구,28110,시군구,581
201901,인천,남동구,28200,시군구,99
201901,인천,서구,28260,시군구,295
201901,인천,연수구,28185,시군구,0
201901,인천,미추홀구,28177,시군구,239
201901,인천,동구,28140,시군구,30
201901,인천,부평구,28237,시군구,79
201901,인천,계양구,28245,시군구,34
201901,인천,강화군,28710,시군구,0
201901,인천,옹진군,28720,시군구,0
201901,광주,계,,시도,52
201901,대전,계,,시도,1407
201901,울산,계,,시도,1006
201901,경기,계,,시도,6769
201901,경기,수원시,41111,시(구 합산),5
201901,경기,수원시,41113,시(구 합산),5
201901,경기,수원시,41115,시(구 합산),5
201901,경기,수원시,41117,시(구 합산),5
201901,경기,성남시,41131,시(구 합산),401
201901,경기,성남시,41133,시(구 합산),401
201901,경기,성남시,41135,시(구 합산),401
201901,경기,의정부시,41150,시군구,129
201901,경기,안양시,41171,시(구 합산),43
201901,경기,안양시,41173,시(구 합산),43
201901,경기,부천시,41192,시(구 합산),65
201901,경기,부천시,41194,시(구 합산),65
201901,경기,부천시,41196,시(구 합산),65
201901,경기,부천시,41190,시(구 합산),65
201901,경기,광명시,41210,시군구,0
201901,경기,평택시,41220,시군구,843
201901,경기,동두천시,41250,시군구,190
201901,경기,안산시,41271,시(구 합산),77
201901,경기,안산시,41273,시(구 합산),77
201901,경기,고양시,41281,시(구 합산),889
201901,경기,고양시,41285,시(구 합산),889
201901,경기,고양시,41287,시(구 합산),889
201901,경기,과천시,41290,시군구,0
201901,경기,구리시,41310,시군구,49
201901,경기,남양주시,41360,시군구,521
201901,경기,오산시,41370,시군구,312
201901,경기,시흥시,41390,시군구,32
201901,경기,군포시,41410,시군구,47
201901,경기,의왕시,41430,시군구,1
201901,경기,하남시,41450,시군구,20
201901,경기,용인시,41461,시(구 합산),349
201901,경기,용인시,41463,시(구 합산),349
201901,경기,용인시,41465,시(구 합산),349
201901,경기,파주시,41480,시군구,13
201901,경기,이천시,41500,시군구,554
201901,경기,안성시,41550,시군구,1274
201901,경기,김포시,41570,시군구,42
201901,경기,양주시,41630,시군구,11
201901,경기,여주시,41670,시군구,187
201901,경기,화성시,41591,시(구 합산),375
201901,경기,화성시,41593,시(구 합산),375
201901,경기,화성시,41595,시(구 합산),375
201901,경기,화성시,41597,시(구 합산),375
201901,경기,화성시,41590,시(구 합산),375
201901,경기,광주시,41610,시군구,108
201901,경기,연천군,41800,시군구,47
201901,경기,포천시,41650,시군구,130
201901,경기,가평군,41820,시군구,18
201901,경기,양평군,41830,시군구,37
201901,강원,계,,시도,5589
201901,충북,계,,시도,3525
201901,충남,계,,시도,7149
201901,세종,계,,시도,0
201901,전북,계,,시도,1567
201901,전남,계,,시도,1421
201901,경북,계,,시도,8531
201901,경남,계,,시도,14060
201901,제주,계,,시도,1187
201902,서울,계,,시도,50
201902,서울,종로구,11110,시군구,0
201902,서울,중구,11140,시군구,0
201902,서울,용산구,11170,시군구,0
201902,서울,성동구,11200,시군구,3
201902,서울,광진구,11215,시군구,0
201902,서울,동대문구,11230,시군구,0
201902,서울,중랑구,11260,시군구,0
201902,서울,성북구,11290,시군구,0
201902,서울,강북구,11305,시군구,0
201902,서울,도봉구,11320,시군구,5
201902,서울,노원구,11350,시군구,0
201902,서울,은평구,11380,시군구,0
201902,서울,서대문구,11410,시군구,0
201902,서울,마포구,11440,시군구,0
201902,서울,양천구,11470,시군구,3
201902,서울,강서구,11500,시군구,0
201902,서울,구로구,11530,시군구,0
201902,서울,금천구,11545,시군구,0
201902,서울,영등포구,11560,시군구,0
201902,서울,동작구,11590,시군구,0
201902,서울,관악구,11620,시군구,0
201902,서울,서초구,11650,시군구,16
201902,서울,강남구,11680,시군구,0
201902,서울,송파구,11710,시군구,8
201902,서울,강동구,11740,시군구,15
201902,부산,계,,시도,5228
201902,대구,계,,시도,738
201902,인천,계,,시도,1799
201902,인천,중구,28110,시군구,581
201902,인천,남동구,28200,시군구,98
201902,인천,서구,28260,시군구,739
201902,인천,연수구,28185,시군구,0
201902,인천,미추홀구,28177,시군구,239
201902,인천,동구,28140,시군구,17
201902,인천,부평구,28237,시군구,95
201902,인천,계양구,28245,시군구,30
201902,인천,강화군,28710,시군구,0
201902,인천,옹진군,28720,시군구,0
201902,광주,계,,시도,49
201902,대전,계,,시도,1475
201902,울산,계,,시도,1009
201902,경기,계,,시도,5878
201902,경기,수원시,41111,시(구 합산),5
201902,경기,수원시,41113,시(구 합산),5
201902,경기,수원시,41115,시(구 합산),5
201902,경기,수원시,41117,시(구 합산),5
201902,경기,성남시,41131,시(구 합산),245
201902,경기,성남시,41133,시(구 합산),245
201902,경기,성남시,41135,시(구 합산),245
201902,경기,의정부시,41150,시군구,127
201902,경기,안양시,41171,시(구 합산),43
201902,경기,안양시,41173,시(구 합산),43
201902,경기,부천시,41192,시(구 합산),59
201902,경기,부천시,41194,시(구 합산),59
201902,경기,부천시,41196,시(구 합산),59
201902,경기,부천시,41190,시(구 합산),59
201902,경기,광명시,41210,시군구,0
201902,경기,평택시,41220,시군구,831
201902,경기,동두천시,41250,시군구,170
201902,경기,안산시,41271,시(구 합산),77
201902,경기,안산시,41273,시(구 합산),77
201902,경기,고양시,41281,시(구 합산),413
201902,경기,고양시,41285,시(구 합산),413
201902,경기,고양시,41287,시(구 합산),413
201902,경기,과천시,41290,시군구,0
201902,경기,구리시,41310,시군구,49
201902,경기,남양주시,41360,시군구,491
201902,경기,오산시,41370,시군구,316
201902,경기,시흥시,41390,시군구,30
201902,경기,군포시,41410,시군구,47
201902,경기,의왕시,41430,시군구,1
201902,경기,하남시,41450,시군구,20
201902,경기,용인시,41461,시(구 합산),330
201902,경기,용인시,41463,시(구 합산),330
201902,경기,용인시,41465,시(구 합산),330
201902,경기,파주시,41480,시군구,12
201902,경기,이천시,41500,시군구,503
201902,경기,안성시,41550,시군구,1263
201902,경기,김포시,41570,시군구,40
201902,경기,양주시,41630,시군구,10
201902,경기,여주시,41670,시군구,183
201902,경기,화성시,41591,시(구 합산),290
201902,경기,화성시,41593,시(구 합산),290
201902,경기,화성시,41595,시(구 합산),290
201902,경기,화성시,41597,시(구 합산),290
201902,경기,화성시,41590,시(구 합산),290
201902,경기,광주시,41610,시군구,108
201902,경기,연천군,41800,시군구,41
201902,경기,포천시,41650,시군구,120
201902,경기,가평군,41820,시군구,17
201902,경기,양평군,41830,시군구,37
201902,강원,계,,시도,5802
201902,충북,계,,시도,3375
201902,충남,계,,시도,6970
201902,세종,계,,시도,0
201902,전북,계,,시도,1415
201902,전남,계,,시도,1389
201902,경북,계,,시도,8385
201902,경남,계,,시도,14781
201902,제주,계,,시도,1271
201903,서울,계,,시도,770
201903,서울,종로구,11110,시군구,0
201903,서울,중구,11140,시군구,0
201903,서울,용산구,11170,시군구,0
201903,서울,성동구,11200,시군구,3
201903,서울,광진구,11215,시군구,721
201903,서울,동대문구,11230,시군구,0
201903,서울,중랑구,11260,시군구,0
201903,서울,성북구,11290,시군구,0
201903,서울,강북구,11305,시군구,0
201903,서울,도봉구,11320,시군구,5
201903,서울,노원구,11350,시군구,0
201903,서울,은평구,11380,시군구,0
201903,서울,서대문구,11410,시군구,0
201903,서울,마포구,11440,시군구,0
201903,서울,양천구,11470,시군구,3
201903,서울,강서구,11500,시군구,0
201903,서울,구로구,11530,시군구,0
201903,서울,금천구,11545,시군구,0
201903,서울,영등포구,11560,시군구,0
201903,서울,동작구,11590,시군구,0
201903,서울,관악구,11620,시군구,0
201903,서울,서초구,11650,시군구,16
201903,서울,강남구,11680,시군구,0
201903,서울,송파구,11710,시군구,8
201903,서울,강동구,11740,시군구,14
201903,부산,계,,시도,5296
201903,대구,계,,시도,706
201903,인천,계,,시도,2454
201903,인천,중구,28110,시군구,567
201903,인천,남동구,28200,시군구,99
201903,인천,서구,28260,시군구,1386
201903,인천,연수구,28185,시군구,0
201903,인천,미추홀구,28177,시군구,239
201903,인천,동구,28140,시군구,0
201903,인천,부평구,28237,시군구,133
201903,인천,계양구,28245,시군구,30
201903,인천,강화군,28710,시군구,0
201903,인천,옹진군,28720,시군구,0
201903,광주,계,,시도,45
201903,대전,계,,시도,1475
201903,울산,계,,시도,1008
201903,경기,계,,시도,7305
201903,경기,수원시,41111,시(구 합산),5
201903,경기,수원시,41113,시(구 합산),5
201903,경기,수원시,41115,시(구 합산),5
201903,경기,수원시,41117,시(구 합산),5
201903,경기,성남시,41131,시(구 합산),108
201903,경기,성남시,41133,시(구 합산),108
201903,경기,성남시,41135,시(구 합산),108
201903,경기,의정부시,41150,시군구,200
201903,경기,안양시,41171,시(구 합산),43
201903,경기,안양시,41173,시(구 합산),43
201903,경기,부천시,41192,시(구 합산),50
201903,경기,부천시,41194,시(구 합산),50
201903,경기,부천시,41196,시(구 합산),50
201903,경기,부천시,41190,시(구 합산),50
201903,경기,광명시,41210,시군구,0
201903,경기,평택시,41220,시군구,2056
201903,경기,동두천시,41250,시군구,145
201903,경기,안산시,41271,시(구 합산),77
201903,경기,안산시,41273,시(구 합산),77
201903,경기,고양시,41281,시(구 합산),408
201903,경기,고양시,41285,시(구 합산),408
201903,경기,고양시,41287,시(구 합산),408
201903,경기,과천시,41290,시군구,0
201903,경기,구리시,41310,시군구,47
201903,경기,남양주시,41360,시군구,450
201903,경기,오산시,41370,시군구,286
201903,경기,시흥시,41390,시군구,30
201903,경기,군포시,41410,시군구,47
201903,경기,의왕시,41430,시군구,1
201903,경기,하남시,41450,시군구,20
201903,경기,용인시,41461,시(구 합산),377
201903,경기,용인시,41463,시(구 합산),377
201903,경기,용인시,41465,시(구 합산),377
201903,경기,파주시,41480,시군구,12
201903,경기,이천시,41500,시군구,453
201903,경기,안성시,41550,시군구,1239
201903,경기,김포시,41570,시군구,36
201903,경기,양주시,41630,시군구,9
201903,경기,여주시,41670,시군구,177
201903,경기,화성시,41591,시(구 합산),742
201903,경기,화성시,41593,시(구 합산),742
201903,경기,화성시,41595,시(구 합산),742
201903,경기,화성시,41597,시(구 합산),742
201903,경기,화성시,41590,시(구 합산),742
201903,경기,광주시,41610,시군구,108
201903,경기,연천군,41800,시군구,29
201903,경기,포천시,41650,시군구,99
201903,경기,가평군,41820,시군구,14
201903,경기,양평군,41830,시군구,37
201903,강원,계,,시도,5748
201903,충북,계,,시도,3536
201903,충남,계,,시도,6743
201903,세종,계,,시도,0
201903,전북,계,,시도,1374
201903,전남,계,,시도,1374
201903,경북,계,,시도,8262
201903,경남,계,,시도,14824
201903,제주,계,,시도,1227
201904,서울,계,,시도,292
201904,서울,종로구,11110,시군구,
201904,서울,중구,11140,시군구,
201904,서울,용산구,11170,시군구,
201904,서울,성동구,11200,시군구,3
201904,서울,광진구,11215,시군구,244
201904,서울,동대문구,11230,시군구,
201904,서울,중랑구,11260,시군구,
201904,서울,성북구,11290,시군구,
201904,서울,강북구,11305,시군구,
201904,서울,도봉구,11320,시군구,5
201904,서울,노원구,11350,시군구,
201904,서울,은평구,11380,시군구,
201904,서울,서대문구,11410,시군구,
201904,서울,마포구,11440,시군구,
201904,서울,양천구,11470,시군구,3
201904,서울,강서구,11500,시군구,
201904,서울,구로구,11530,시군구,
201904,서울,금천구,11545,시군구,
201904,서울,영등포구,11560,시군구,
201904,서울,동작구,11590,시군구,
201904,서울,관악구,11620,시군구,
201904,서울,서초구,11650,시군구,16
201904,서울,강남구,11680,시군구,
201904,서울,송파구,11710,시군구,8
201904,서울,강동구,11740,시군구,13
201904,부산,계,,시도,5401
201904,대구,계,,시도,1585
201904,인천,계,,시도,2105
201904,인천,중구,28110,시군구,563
201904,인천,남동구,28200,시군구,99
201904,인천,서구,28260,시군구,1055
201904,인천,연수구,28185,시군구,0
201904,인천,미추홀구,28177,시군구,239
201904,인천,동구,28140,시군구,0
201904,인천,부평구,28237,시군구,119
201904,인천,계양구,28245,시군구,30
201904,인천,강화군,28710,시군구,0
201904,인천,옹진군,28720,시군구,0
201904,광주,계,,시도,40
201904,대전,계,,시도,1225
201904,울산,계,,시도,1076
201904,경기,계,,시도,7048
201904,경기,수원시,41111,시(구 합산),4
201904,경기,수원시,41113,시(구 합산),4
201904,경기,수원시,41115,시(구 합산),4
201904,경기,수원시,41117,시(구 합산),4
201904,경기,성남시,41131,시(구 합산),60
201904,경기,성남시,41133,시(구 합산),60
201904,경기,성남시,41135,시(구 합산),60
201904,경기,의정부시,41150,시군구,233
201904,경기,안양시,41171,시(구 합산),73
201904,경기,안양시,41173,시(구 합산),73
201904,경기,부천시,41192,시(구 합산),41
201904,경기,부천시,41194,시(구 합산),41
201904,경기,부천시,41196,시(구 합산),41
201904,경기,부천시,41190,시(구 합산),41
201904,경기,광명시,41210,시군구,0
201904,경기,평택시,41220,시군구,1960
201904,경기,동두천시,41250,시군구,129
201904,경기,안산시,41271,시(구 합산),77
201904,경기,안산시,41273,시(구 합산),77
201904,경기,고양시,41281,시(구 합산),407
201904,경기,고양시,41285,시(구 합산),407
201904,경기,고양시,41287,시(구 합산),407
201904,경기,과천시,41290,시군구,0
201904,경기,구리시,41310,시군구,47
201904,경기,남양주시,41360,시군구,498
201904,경기,오산시,41370,시군구,263
201904,경기,시흥시,41390,시군구,30
201904,경기,군포시,41410,시군구,47
201904,경기,의왕시,41430,시군구,1
201904,경기,하남시,41450,시군구,20
201904,경기,용인시,41461,시(구 합산),364
201904,경기,용인시,41463,시(구 합산),364
201904,경기,용인시,41465,시(구 합산),364
201904,경기,파주시,41480,시군구,12
201904,경기,이천시,41500,시군구,411
201904,경기,안성시,41550,시군구,1220
201904,경기,김포시,41570,시군구,35
201904,경기,양주시,41630,시군구,9
201904,경기,여주시,41670,시군구,168
201904,경기,화성시,41591,시(구 합산),662
201904,경기,화성시,41593,시(구 합산),662
201904,경기,화성시,41595,시(구 합산),662
201904,경기,화성시,41597,시(구 합산),662
201904,경기,화성시,41590,시(구 합산),662
201904,경기,광주시,41610,시군구,106
201904,경기,연천군,41800,시군구,24
201904,경기,포천시,41650,시군구,90
201904,경기,가평군,41820,시군구,14
201904,경기,양평군,41830,시군구,43
201904,강원,계,,시도,7882
201904,충북,계,,시도,3514
201904,충남,계,,시도,6413
201904,세종,계,,시도,
201904,전북,계,,시도,1205
201904,전남,계,,시도,1474
201904,경북,계,,시도,8060
201904,경남,계,,시도,13476
201904,제주,계,,시도,1245
201905,서울,계,,시도,178
201905,서울,종로구,11110,시군구,
201905,서울,중구,11140,시군구,
201905,서울,용산구,11170,시군구,
201905,서울,성동구,11200,시군구,3
201905,서울,광진구,11215,시군구,110
201905,서울,동대문구,11230,시군구,
201905,서울,중랑구,11260,시군구,
201905,서울,성북구,11290,시군구,
201905,서울,강북구,11305,시군구,
201905,서울,도봉구,11320,시군구,5
201905,서울,노원구,11350,시군구,
201905,서울,은평구,11380,시군구,
201905,서울,서대문구,11410,시군구,
201905,서울,마포구,11440,시군구,
201905,서울,양천구,11470,시군구,3
201905,서울,강서구,11500,시군구,
201905,서울,구로구,11530,시군구,
201905,서울,금천구,11545,시군구,
201905,서울,영등포구,11560,시군구,
201905,서울,동작구,11590,시군구,
201905,서울,관악구,11620,시군구,
201905,서울,서초구,11650,시군구,16
201905,서울,강남구,11680,시군구,20
201905,서울,송파구,11710,시군구,8
201905,서울,강동구,11740,시군구,13
201905,부산,계,,시도,5220
201905,대구,계,,시도,1814
201905,인천,계,,시도,3478
201905,인천,중구,28110,시군구,536
201905,인천,남동구,28200,시군구,99
201905,인천,서구,28260,시군구,2246
201905,인천,연수구,28185,시군구,214
201905,인천,미추홀구,28177,시군구,239
201905,인천,동구,28140,시군구,0
201905,인천,부평구,28237,시군구,114
201905,인천,계양구,28245,시군구,30
201905,인천,강화군,28710,시군구,0
201905,인천,옹진군,28720,시군구,0
201905,광주,계,,시도,40
201905,대전,계,,시도,1137
201905,울산,계,,시도,1085
201905,경기,계,,시도,6562
201905,경기,수원시,41111,시(구 합산),4
201905,경기,수원시,41113,시(구 합산),4
201905,경기,수원시,41115,시(구 합산),4
201905,경기,수원시,41117,시(구 합산),4
201905,경기,성남시,41131,시(구 합산),31
201905,경기,성남시,41133,시(구 합산),31
201905,경기,성남시,41135,시(구 합산),31
201905,경기,의정부시,41150,시군구,209
201905,경기,안양시,41171,시(구 합산),73
201905,경기,안양시,41173,시(구 합산),73
201905,경기,부천시,41192,시(구 합산),37
201905,경기,부천시,41194,시(구 합산),37
201905,경기,부천시,41196,시(구 합산),37
201905,경기,부천시,41190,시(구 합산),37
201905,경기,광명시,41210,시군구,0
201905,경기,평택시,41220,시군구,1872
201905,경기,동두천시,41250,시군구,123
201905,경기,안산시,41271,시(구 합산),77
201905,경기,안산시,41273,시(구 합산),77
201905,경기,고양시,41281,시(구 합산),416
201905,경기,고양시,41285,시(구 합산),416
201905,경기,고양시,41287,시(구 합산),416
201905,경기,과천시,41290,시군구,0
201905,경기,구리시,41310,시군구,47
201905,경기,남양주시,41360,시군구,475
201905,경기,오산시,41370,시군구,196
201905,경기,시흥시,41390,시군구,28
201905,경기,군포시,41410,시군구,47
201905,경기,의왕시,41430,시군구,0
201905,경기,하남시,41450,시군구,20
201905,경기,용인시,41461,시(구 합산),260
201905,경기,용인시,41463,시(구 합산),260
201905,경기,용인시,41465,시(구 합산),260
201905,경기,파주시,41480,시군구,10
201905,경기,이천시,41500,시군구,365
201905,경기,안성시,41550,시군구,1186
201905,경기,김포시,41570,시군구,35
201905,경기,양주시,41630,시군구,9
201905,경기,여주시,41670,시군구,155
201905,경기,화성시,41591,시(구 합산),609
201905,경기,화성시,41593,시(구 합산),609
201905,경기,화성시,41595,시(구 합산),609
201905,경기,화성시,41597,시(구 합산),609
201905,경기,화성시,41590,시(구 합산),609
201905,경기,광주시,41610,시군구,106
201905,경기,연천군,41800,시군구,22
201905,경기,포천시,41650,시군구,96
201905,경기,가평군,41820,시군구,14
201905,경기,양평군,41830,시군구,40
201905,강원,계,,시도,7776
201905,충북,계,,시도,3412
201905,충남,계,,시도,6355
201905,세종,계,,시도,0
201905,전북,계,,시도,1513
201905,전남,계,,시도,1379
201905,경북,계,,시도,7866
201905,경남,계,,시도,13800
201905,제주,계,,시도,1126
201906,서울,계,,시도,123
201906,서울,종로구,11110,시군구,
201906,서울,중구,11140,시군구,
201906,서울,용산구,11170,시군구,
201906,서울,성동구,11200,시군구,3
201906,서울,광진구,11215,시군구,75
201906,서울,동대문구,11230,시군구,0
201906,서울,중랑구,11260,시군구,
201906,서울,성북구,11290,시군구,
201906,서울,강북구,11305,시군구,
201906,서울,도봉구,11320,시군구,5
201906,서울,노원구,11350,시군구,
201906,서울,은평구,11380,시군구,
201906,서울,서대문구,11410,시군구,
201906,서울,마포구,11440,시군구,
201906,서울,양천구,11470,시군구,3
201906,서울,강서구,11500,시군구,
201906,서울,구로구,11530,시군구,
201906,서울,금천구,11545,시군구,
201906,서울,영등포구,11560,시군구,
201906,서울,동작구,11590,시군구,
201906,서울,관악구,11620,시군구,
201906,서울,서초구,11650,시군구,16
201906,서울,강남구,11680,시군구,
201906,서울,송파구,11710,시군구,8
201906,서울,강동구,11740,시군구,13
201906,부산,계,,시도,4982
201906,대구,계,,시도,1739
201906,인천,계,,시도,3632
201906,인천,중구,28110,시군구,513
201906,인천,남동구,28200,시군구,98
201906,인천,서구,28260,시군구,2607
201906,인천,연수구,28185,시군구,63
201906,인천,미추홀구,28177,시군구,239
201906,인천,동구,28140,시군구,0
201906,인천,부평구,28237,시군구,82
201906,인천,계양구,28245,시군구,30
201906,인천,강화군,28710,시군구,0
201906,인천,옹진군,28720,시군구,0
201906,광주,계,,시도,39
201906,대전,계,,시도,1158
201906,울산,계,,시도,1201
201906,경기,계,,시도,7853
201906,경기,수원시,41111,시(구 합산),4
201906,경기,수원시,41113,시(구 합산),4
201906,경기,수원시,41115,시(구 합산),4
201906,경기,수원시,41117,시(구 합산),4
201906,경기,성남시,41131,시(구 합산),0
201906,경기,성남시,41133,시(구 합산),0
201906,경기,성남시,41135,시(구 합산),0
201906,경기,의정부시,41150,시군구,179
201906,경기,안양시,41171,시(구 합산),67
201906,경기,안양시,41173,시(구 합산),67
201906,경기,부천시,41192,시(구 합산),31
201906,경기,부천시,41194,시(구 합산),31
201906,경기,부천시,41196,시(구 합산),31
201906,경기,부천시,41190,시(구 합산),31
201906,경기,광명시,41210,시군구,0
201906,경기,평택시,41220,시군구,2066
201906,경기,동두천시,41250,시군구,114
201906,경기,안산시,41271,시(구 합산),77
201906,경기,안산시,41273,시(구 합산),77
201906,경기,고양시,41281,시(구 합산),412
201906,경기,고양시,41285,시(구 합산),412
201906,경기,고양시,41287,시(구 합산),412
201906,경기,과천시,41290,시군구,0
201906,경기,구리시,41310,시군구,43
201906,경기,남양주시,41360,시군구,407
201906,경기,오산시,41370,시군구,159
201906,경기,시흥시,41390,시군구,161
201906,경기,군포시,41410,시군구,47
201906,경기,의왕시,41430,시군구,0
201906,경기,하남시,41450,시군구,20
201906,경기,용인시,41461,시(구 합산),259
201906,경기,용인시,41463,시(구 합산),259
201906,경기,용인시,41465,시(구 합산),259
201906,경기,파주시,41480,시군구,10
201906,경기,이천시,41500,시군구,570
201906,경기,안성시,41550,시군구,1145
201906,경기,김포시,41570,시군구,35
201906,경기,양주시,41630,시군구,358
201906,경기,여주시,41670,시군구,148
201906,경기,화성시,41591,시(구 합산),1263
201906,경기,화성시,41593,시(구 합산),1263
201906,경기,화성시,41595,시(구 합산),1263
201906,경기,화성시,41597,시(구 합산),1263
201906,경기,화성시,41590,시(구 합산),1263
201906,경기,광주시,41610,시군구,106
201906,경기,연천군,41800,시군구,19
201906,경기,포천시,41650,시군구,100
201906,경기,가평군,41820,시군구,14
201906,경기,양평군,41830,시군구,39
201906,강원,계,,시도,7712
201906,충북,계,,시도,3095
201906,충남,계,,시도,6038
201906,세종,계,,시도,0
201906,전북,계,,시도,1386
201906,전남,계,,시도,1349
201906,경북,계,,시도,7778
201906,경남,계,,시도,14402
201906,제주,계,,시도,1218
201907,서울,계,,시도,190
201907,서울,종로구,11110,시군구,0
201907,서울,중구,11140,시군구,0
201907,서울,용산구,11170,시군구,0
201907,서울,성동구,11200,시군구,3
201907,서울,광진구,11215,시군구,18
201907,서울,동대문구,11230,시군구,0
201907,서울,중랑구,11260,시군구,0
201907,서울,성북구,11290,시군구,0
201907,서울,강북구,11305,시군구,0
201907,서울,도봉구,11320,시군구,5
201907,서울,노원구,11350,시군구,0
201907,서울,은평구,11380,시군구,0
201907,서울,서대문구,11410,시군구,0
201907,서울,마포구,11440,시군구,0
201907,서울,양천구,11470,시군구,3
201907,서울,강서구,11500,시군구,0
201907,서울,구로구,11530,시군구,0
201907,서울,금천구,11545,시군구,0
201907,서울,영등포구,11560,시군구,0
201907,서울,동작구,11590,시군구,0
201907,서울,관악구,11620,시군구,0
201907,서울,서초구,11650,시군구,16
201907,서울,강남구,11680,시군구,0
201907,서울,송파구,11710,시군구,8
201907,서울,강동구,11740,시군구,137
201907,부산,계,,시도,4855
201907,대구,계,,시도,1818
201907,인천,계,,시도,2778
201907,인천,중구,28110,시군구,460
201907,인천,남동구,28200,시군구,94
201907,인천,서구,28260,시군구,1894
201907,인천,연수구,28185,시군구,5
201907,인천,미추홀구,28177,시군구,239
201907,인천,동구,28140,시군구,0
201907,인천,부평구,28237,시군구,56
201907,인천,계양구,28245,시군구,30
201907,인천,강화군,28710,시군구,0
201907,인천,옹진군,28720,시군구,0
201907,광주,계,,시도,39
201907,대전,계,,시도,1048
201907,울산,계,,시도,1359
201907,경기,계,,시도,7821
201907,경기,수원시,41111,시(구 합산),4
201907,경기,수원시,41113,시(구 합산),4
201907,경기,수원시,41115,시(구 합산),4
201907,경기,수원시,41117,시(구 합산),4
201907,경기,성남시,41131,시(구 합산),0
201907,경기,성남시,41133,시(구 합산),0
201907,경기,성남시,41135,시(구 합산),0
201907,경기,의정부시,41150,시군구,151
201907,경기,안양시,41171,시(구 합산),43
201907,경기,안양시,41173,시(구 합산),43
201907,경기,부천시,41192,시(구 합산),0
201907,경기,부천시,41194,시(구 합산),0
201907,경기,부천시,41196,시(구 합산),0
201907,경기,부천시,41190,시(구 합산),0
201907,경기,광명시,41210,시군구,0
201907,경기,평택시,41220,시군구,2213
201907,경기,동두천시,41250,시군구,105
201907,경기,안산시,41271,시(구 합산),76
201907,경기,안산시,41273,시(구 합산),76
201907,경기,고양시,41281,시(구 합산),431
201907,경기,고양시,41285,시(구 합산),431
201907,경기,고양시,41287,시(구 합산),431
201907,경기,과천시,41290,시군구,0
201907,경기,구리시,41310,시군구,43
201907,경기,남양주시,41360,시군구,390
201907,경기,오산시,41370,시군구,133
201907,경기,시흥시,41390,시군구,137
201907,경기,군포시,41410,시군구,0
201907,경기,의왕시,41430,시군구,0
201907,경기,하남시,41450,시군구,20
201907,경기,용인시,41461,시(구 합산),178
201907,경기,용인시,41463,시(구 합산),178
201907,경기,용인시,41465,시(구 합산),178
201907,경기,파주시,41480,시군구,10
201907,경기,이천시,41500,시군구,457
201907,경기,안성시,41550,시군구,1111
201907,경기,김포시,41570,시군구,36
201907,경기,양주시,41630,시군구,169
201907,경기,여주시,41670,시군구,139
201907,경기,화성시,41591,시(구 합산),1738
201907,경기,화성시,41593,시(구 합산),1738
201907,경기,화성시,41595,시(구 합산),1738
201907,경기,화성시,41597,시(구 합산),1738
201907,경기,화성시,41590,시(구 합산),1738
201907,경기,광주시,41610,시군구,106
201907,경기,연천군,41800,시군구,18
201907,경기,포천시,41650,시군구,61
201907,경기,가평군,41820,시군구,14
201907,경기,양평군,41830,시군구,38
201907,강원,계,,시도,7474
201907,충북,계,,시도,3236
201907,충남,계,,시도,6201
201907,세종,계,,시도,0
201907,전북,계,,시도,1451
201907,전남,계,,시도,1331
201907,경북,계,,시도,7517
201907,경남,계,,시도,14250
201907,제주,계,,시도,1161
201908,서울,계,,시도,205
201908,서울,종로구,11110,시군구,0
201908,서울,중구,11140,시군구,0
201908,서울,용산구,11170,시군구,0
201908,서울,성동구,11200,시군구,3
201908,서울,광진구,11215,시군구,14
201908,서울,동대문구,11230,시군구,0
201908,서울,중랑구,11260,시군구,0
201908,서울,성북구,11290,시군구,0
201908,서울,강북구,11305,시군구,0
201908,서울,도봉구,11320,시군구,24
201908,서울,노원구,11350,시군구,0
201908,서울,은평구,11380,시군구,0
201908,서울,서대문구,11410,시군구,0
201908,서울,마포구,11440,시군구,0
201908,서울,양천구,11470,시군구,3
201908,서울,강서구,11500,시군구,0
201908,서울,구로구,11530,시군구,0
201908,서울,금천구,11545,시군구,0
201908,서울,영등포구,11560,시군구,0
201908,서울,동작구,11590,시군구,0
201908,서울,관악구,11620,시군구,0
201908,서울,서초구,11650,시군구,16
201908,서울,강남구,11680,시군구,0
201908,서울,송파구,11710,시군구,8
201908,서울,강동구,11740,시군구,137
201908,부산,계,,시도,4644
201908,대구,계,,시도,1736
201908,인천,계,,시도,1557
201908,인천,중구,28110,시군구,671
201908,인천,남동구,28200,시군구,92
201908,인천,서구,28260,시군구,497
201908,인천,연수구,28185,시군구,0
201908,인천,미추홀구,28177,시군구,239
201908,인천,동구,28140,시군구,0
201908,인천,부평구,28237,시군구,29
201908,인천,계양구,28245,시군구,29
201908,인천,강화군,28710,시군구,0
201908,인천,옹진군,28720,시군구,0
201908,광주,계,,시도,181
201908,대전,계,,시도,1018
201908,울산,계,,시도,1339
201908,경기,계,,시도,8569
201908,경기,수원시,41111,시(구 합산),2
201908,경기,수원시,41113,시(구 합산),2
201908,경기,수원시,41115,시(구 합산),2
201908,경기,수원시,41117,시(구 합산),2
201908,경기,성남시,41131,시(구 합산),0
201908,경기,성남시,41133,시(구 합산),0
201908,경기,성남시,41135,시(구 합산),0
201908,경기,의정부시,41150,시군구,131
201908,경기,안양시,41171,시(구 합산),43
201908,경기,안양시,41173,시(구 합산),43
201908,경기,부천시,41192,시(구 합산),33
201908,경기,부천시,41194,시(구 합산),33
201908,경기,부천시,41196,시(구 합산),33
201908,경기,부천시,41190,시(구 합산),33
201908,경기,광명시,41210,시군구,0
201908,경기,평택시,41220,시군구,2663
201908,경기,동두천시,41250,시군구,95
201908,경기,안산시,41271,시(구 합산),76
201908,경기,안산시,41273,시(구 합산),76
201908,경기,고양시,41281,시(구 합산),399
201908,경기,고양시,41285,시(구 합산),399
201908,경기,고양시,41287,시(구 합산),399
201908,경기,과천시,41290,시군구,58
201908,경기,구리시,41310,시군구,43
201908,경기,남양주시,41360,시군구,370
201908,경기,오산시,41370,시군구,106
201908,경기,시흥시,41390,시군구,215
201908,경기,군포시,41410,시군구,0
201908,경기,의왕시,41430,시군구,0
201908,경기,하남시,41450,시군구,20
201908,경기,용인시,41461,시(구 합산),147
201908,경기,용인시,41463,시(구 합산),147
201908,경기,용인시,41465,시(구 합산),147
201908,경기,파주시,41480,시군구,432
201908,경기,이천시,41500,시군구,408
201908,경기,안성시,41550,시군구,1079
201908,경기,김포시,41570,시군구,36
201908,경기,양주시,41630,시군구,7
201908,경기,여주시,41670,시군구,136
201908,경기,화성시,41591,시(구 합산),1560
201908,경기,화성시,41593,시(구 합산),1560
201908,경기,화성시,41595,시(구 합산),1560
201908,경기,화성시,41597,시(구 합산),1560
201908,경기,화성시,41590,시(구 합산),1560
201908,경기,광주시,41610,시군구,100
201908,경기,연천군,41800,시군구,16
201908,경기,포천시,41650,시군구,43
201908,경기,가평군,41820,시군구,221
201908,경기,양평군,41830,시군구,130
201908,강원,계,,시도,8097
201908,충북,계,,시도,2895
201908,충남,계,,시도,6847
201908,세종,계,,시도,0
201908,전북,계,,시도,1318
201908,전남,계,,시도,1476
201908,경북,계,,시도,7202
201908,경남,계,,시도,14078
201908,제주,계,,시도,1223
201909,서울,계,,시도,207
201909,서울,종로구,11110,시군구,0
201909,서울,중구,11140,시군구,0
201909,서울,용산구,11170,시군구,0
201909,서울,성동구,11200,시군구,3
201909,서울,광진구,11215,시군구,20
201909,서울,동대문구,11230,시군구,0
201909,서울,중랑구,11260,시군구,0
201909,서울,성북구,11290,시군구,0
201909,서울,강북구,11305,시군구,0
201909,서울,도봉구,11320,시군구,22
201909,서울,노원구,11350,시군구,0
201909,서울,은평구,11380,시군구,0
201909,서울,서대문구,11410,시군구,0
201909,서울,마포구,11440,시군구,0
201909,서울,양천구,11470,시군구,3
201909,서울,강서구,11500,시군구,0
201909,서울,구로구,11530,시군구,0
201909,서울,금천구,11545,시군구,0
201909,서울,영등포구,11560,시군구,0
201909,서울,동작구,11590,시군구,0
201909,서울,관악구,11620,시군구,0
201909,서울,서초구,11650,시군구,16
201909,서울,강남구,11680,시군구,0
201909,서울,송파구,11710,시군구,7
201909,서울,강동구,11740,시군구,136
201909,부산,계,,시도,4562
201909,대구,계,,시도,1550
201909,인천,계,,시도,1046
201909,인천,중구,28110,시군구,577
201909,인천,남동구,28200,시군구,91
201909,인천,서구,28260,시군구,87
201909,인천,연수구,28185,시군구,0
201909,인천,미추홀구,28177,시군구,239
201909,인천,동구,28140,시군구,0
201909,인천,부평구,28237,시군구,23
201909,인천,계양구,28245,시군구,29
201909,인천,강화군,28710,시군구,0
201909,인천,옹진군,28720,시군구,0
201909,광주,계,,시도,139
201909,대전,계,,시도,964
201909,울산,계,,시도,1345
201909,경기,계,,시도,8413
201909,경기,수원시,41111,시(구 합산),2
201909,경기,수원시,41113,시(구 합산),2
201909,경기,수원시,41115,시(구 합산),2
201909,경기,수원시,41117,시(구 합산),2
201909,경기,성남시,41131,시(구 합산),0
201909,경기,성남시,41133,시(구 합산),0
201909,경기,성남시,41135,시(구 합산),0
201909,경기,의정부시,41150,시군구,115
201909,경기,안양시,41171,시(구 합산),43
201909,경기,안양시,41173,시(구 합산),43
201909,경기,부천시,41192,시(구 합산),370
201909,경기,부천시,41194,시(구 합산),370
201909,경기,부천시,41196,시(구 합산),370
201909,경기,부천시,41190,시(구 합산),370
201909,경기,광명시,41210,시군구,0
201909,경기,평택시,41220,시군구,2690
201909,경기,동두천시,41250,시군구,90
201909,경기,안산시,41271,시(구 합산),75
201909,경기,안산시,41273,시(구 합산),75
201909,경기,고양시,41281,시(구 합산),381
201909,경기,고양시,41285,시(구 합산),381
201909,경기,고양시,41287,시(구 합산),381
201909,경기,과천시,41290,시군구,6
201909,경기,구리시,41310,시군구,43
201909,경기,남양주시,41360,시군구,376
201909,경기,오산시,41370,시군구,75
201909,경기,시흥시,41390,시군구,353
201909,경기,군포시,41410,시군구,0
201909,경기,의왕시,41430,시군구,0
201909,경기,하남시,41450,시군구,20
201909,경기,용인시,41461,시(구 합산),141
201909,경기,용인시,41463,시(구 합산),141
201909,경기,용인시,41465,시(구 합산),141
201909,경기,파주시,41480,시군구,138
201909,경기,이천시,41500,시군구,334
201909,경기,안성시,41550,시군구,1068
201909,경기,김포시,41570,시군구,39
201909,경기,양주시,41630,시군구,7
201909,경기,여주시,41670,시군구,131
201909,경기,화성시,41591,시(구 합산),1321
201909,경기,화성시,41593,시(구 합산),1321
201909,경기,화성시,41595,시(구 합산),1321
201909,경기,화성시,41597,시(구 합산),1321
201909,경기,화성시,41590,시(구 합산),1321
201909,경기,광주시,41610,시군구,193
201909,경기,연천군,41800,시군구,16
201909,경기,포천시,41650,시군구,41
201909,경기,가평군,41820,시군구,215
201909,경기,양평군,41830,시군구,130
201909,강원,계,,시도,7797
201909,충북,계,,시도,2554
201909,충남,계,,시도,6429
201909,세종,계,,시도,0
201909,전북,계,,시도,1198
201909,전남,계,,시도,1875
201909,경북,계,,시도,6919
201909,경남,계,,시도,13903
201909,제주,계,,시도,1161
201910,서울,계,,시도,191
201910,서울,종로구,11110,시군구,
201910,서울,중구,11140,시군구,
201910,서울,용산구,11170,시군구,
201910,서울,성동구,11200,시군구,3
201910,서울,광진구,11215,시군구,10
201910,서울,동대문구,11230,시군구,
201910,서울,중랑구,11260,시군구,
201910,서울,성북구,11290,시군구,
201910,서울,강북구,11305,시군구,
201910,서울,도봉구,11320,시군구,18
201910,서울,노원구,11350,시군구,
201910,서울,은평구,11380,시군구,
201910,서울,서대문구,11410,시군구,
201910,서울,마포구,11440,시군구,
201910,서울,양천구,11470,시군구,3
201910,서울,강서구,11500,시군구,
201910,서울,구로구,11530,시군구,
201910,서울,금천구,11545,시군구,
201910,서울,영등포구,11560,시군구,
201910,서울,동작구,11590,시군구,
201910,서울,관악구,11620,시군구,
201910,서울,서초구,11650,시군구,16
201910,서울,강남구,11680,시군구,
201910,서울,송파구,11710,시군구,7
201910,서울,강동구,11740,시군구,134
201910,부산,계,,시도,4380
201910,대구,계,,시도,1362
201910,인천,계,,시도,836
201910,인천,중구,28110,시군구,437
201910,인천,남동구,28200,시군구,90
201910,인천,서구,28260,시군구,18
201910,인천,연수구,28185,시군구,0
201910,인천,미추홀구,28177,시군구,239
201910,인천,동구,28140,시군구,0
201910,인천,부평구,28237,시군구,23
201910,인천,계양구,28245,시군구,29
201910,인천,강화군,28710,시군구,0
201910,인천,옹진군,28720,시군구,0
201910,광주,계,,시도,95
201910,대전,계,,시도,935
201910,울산,계,,시도,1012
201910,경기,계,,시도,6976
201910,경기,수원시,41111,시(구 합산),2
201910,경기,수원시,41113,시(구 합산),2
201910,경기,수원시,41115,시(구 합산),2
201910,경기,수원시,41117,시(구 합산),2
201910,경기,성남시,41131,시(구 합산),0
201910,경기,성남시,41133,시(구 합산),0
201910,경기,성남시,41135,시(구 합산),0
201910,경기,의정부시,41150,시군구,210
201910,경기,안양시,41171,시(구 합산),43
201910,경기,안양시,41173,시(구 합산),43
201910,경기,부천시,41192,시(구 합산),18
201910,경기,부천시,41194,시(구 합산),18
201910,경기,부천시,41196,시(구 합산),18
201910,경기,부천시,41190,시(구 합산),18
201910,경기,광명시,41210,시군구,0
201910,경기,평택시,41220,시군구,2227
201910,경기,동두천시,41250,시군구,90
201910,경기,안산시,41271,시(구 합산),74
201910,경기,안산시,41273,시(구 합산),74
201910,경기,고양시,41281,시(구 합산),336
201910,경기,고양시,41285,시(구 합산),336
201910,경기,고양시,41287,시(구 합산),336
201910,경기,과천시,41290,시군구,2
201910,경기,구리시,41310,시군구,43
201910,경기,남양주시,41360,시군구,347
201910,경기,오산시,41370,시군구,67
201910,경기,시흥시,41390,시군구,286
201910,경기,군포시,41410,시군구,0
201910,경기,의왕시,41430,시군구,0
201910,경기,하남시,41450,시군구,20
201910,경기,용인시,41461,시(구 합산),117
201910,경기,용인시,41463,시(구 합산),117
201910,경기,용인시,41465,시(구 합산),117
201910,경기,파주시,41480,시군구,71
201910,경기,이천시,41500,시군구,283
201910,경기,안성시,41550,시군구,1007
201910,경기,김포시,41570,시군구,36
201910,경기,양주시,41630,시군구,7
201910,경기,여주시,41670,시군구,125
201910,경기,화성시,41591,시(구 합산),1043
201910,경기,화성시,41593,시(구 합산),1043
201910,경기,화성시,41595,시(구 합산),1043
201910,경기,화성시,41597,시(구 합산),1043
201910,경기,화성시,41590,시(구 합산),1043
201910,경기,광주시,41610,시군구,193
201910,경기,연천군,41800,시군구,16
201910,경기,포천시,41650,시군구,31
201910,경기,가평군,41820,시군구,210
201910,경기,양평군,41830,시군구,72
201910,강원,계,,시도,7382
201910,충북,계,,시도,2576
201910,충남,계,,시도,5906
201910,세종,계,,시도,0
201910,전북,계,,시도,1077
201910,전남,계,,시도,2081
201910,경북,계,,시도,6684
201910,경남,계,,시도,13489
201910,제주,계,,시도,1116
201911,서울,계,,시도,176
201911,서울,종로구,11110,시군구,
201911,서울,중구,11140,시군구,
201911,서울,용산구,11170,시군구,
201911,서울,성동구,11200,시군구,3
201911,서울,광진구,11215,시군구,7
201911,서울,동대문구,11230,시군구,
201911,서울,중랑구,11260,시군구,
201911,서울,성북구,11290,시군구,
201911,서울,강북구,11305,시군구,
201911,서울,도봉구,11320,시군구,17
201911,서울,노원구,11350,시군구,
201911,서울,은평구,11380,시군구,
201911,서울,서대문구,11410,시군구,
201911,서울,마포구,11440,시군구,
201911,서울,양천구,11470,시군구,3
201911,서울,강서구,11500,시군구,
201911,서울,구로구,11530,시군구,
201911,서울,금천구,11545,시군구,
201911,서울,영등포구,11560,시군구,
201911,서울,동작구,11590,시군구,
201911,서울,관악구,11620,시군구,
201911,서울,서초구,11650,시군구,16
201911,서울,강남구,11680,시군구,
201911,서울,송파구,11710,시군구,7
201911,서울,강동구,11740,시군구,123
201911,부산,계,,시도,2884
201911,대구,계,,시도,1236
201911,인천,계,,시도,839
201911,인천,중구,28110,시군구,267
201911,인천,남동구,28200,시군구,101
201911,인천,서구,28260,시군구,96
201911,인천,연수구,28185,시군구,6
201911,인천,미추홀구,28177,시군구,239
201911,인천,동구,28140,시군구,
201911,인천,부평구,28237,시군구,34
201911,인천,계양구,28245,시군구,96
201911,인천,강화군,28710,시군구,
201911,인천,옹진군,28720,시군구,
201911,광주,계,,시도,180
201911,대전,계,,시도,879
201911,울산,계,,시도,1365
201911,경기,계,,시도,7300
201911,경기,수원시,41111,시(구 합산),2
201911,경기,수원시,41113,시(구 합산),2
201911,경기,수원시,41115,시(구 합산),2
201911,경기,수원시,41117,시(구 합산),2
201911,경기,성남시,41131,시(구 합산),
201911,경기,성남시,41133,시(구 합산),
201911,경기,성남시,41135,시(구 합산),
201911,경기,의정부시,41150,시군구,361
201911,경기,안양시,41171,시(구 합산),175
201911,경기,안양시,41173,시(구 합산),175
201911,경기,부천시,41192,시(구 합산),8
201911,경기,부천시,41194,시(구 합산),8
201911,경기,부천시,41196,시(구 합산),8
201911,경기,부천시,41190,시(구 합산),8
201911,경기,광명시,41210,시군구,
201911,경기,평택시,41220,시군구,1619
201911,경기,동두천시,41250,시군구,74
201911,경기,안산시,41271,시(구 합산),74
201911,경기,안산시,41273,시(구 합산),74
201911,경기,고양시,41281,시(구 합산),292
201911,경기,고양시,41285,시(구 합산),292
201911,경기,고양시,41287,시(구 합산),292
201911,경기,과천시,41290,시군구,
201911,경기,구리시,41310,시군구,43
201911,경기,남양주시,41360,시군구,300
201911,경기,오산시,41370,시군구,38
201911,경기,시흥시,41390,시군구,267
201911,경기,군포시,41410,시군구,
201911,경기,의왕시,41430,시군구,
201911,경기,하남시,41450,시군구,20
201911,경기,용인시,41461,시(구 합산),109
201911,경기,용인시,41463,시(구 합산),109
201911,경기,용인시,41465,시(구 합산),109
201911,경기,파주시,41480,시군구,9
201911,경기,이천시,41500,시군구,333
201911,경기,안성시,41550,시군구,963
201911,경기,김포시,41570,시군구,36
201911,경기,양주시,41630,시군구,1142
201911,경기,여주시,41670,시군구,124
201911,경기,화성시,41591,시(구 합산),823
201911,경기,화성시,41593,시(구 합산),823
201911,경기,화성시,41595,시(구 합산),823
201911,경기,화성시,41597,시(구 합산),823
201911,경기,화성시,41590,시(구 합산),823
201911,경기,광주시,41610,시군구,193
201911,경기,연천군,41800,시군구,16
201911,경기,포천시,41650,시군구,40
201911,경기,가평군,41820,시군구,202
201911,경기,양평군,41830,시군구,37
201911,강원,계,,시도,7120
201911,충북,계,,시도,2216
201911,충남,계,,시도,5895
201911,세종,계,,시도,0
201911,전북,계,,시도,987
201911,전남,계,,시도,1930
201911,경북,계,,시도,6406
201911,경남,계,,시도,13060
201911,제주,계,,시도,1088
201912,서울,계,,시도,151
201912,서울,종로구,11110,시군구,
201912,서울,중구,11140,시군구,
201912,서울,용산구,11170,시군구,
201912,서울,성동구,11200,시군구,3
201912,서울,광진구,11215,시군구,7
201912,서울,동대문구,11230,시군구,
201912,서울,중랑구,11260,시군구,
201912,서울,성북구,11290,시군구,
201912,서울,강북구,11305,시군구,
201912,서울,도봉구,11320,시군구,15
201912,서울,노원구,11350,시군구,
201912,서울,은평구,11380,시군구,
201912,서울,서대문구,11410,시군구,
201912,서울,마포구,11440,시군구,
201912,서울,양천구,11470,시군구,3
201912,서울,강서구,11500,시군구,
201912,서울,구로구,11530,시군구,
201912,서울,금천구,11545,시군구,
201912,서울,영등포구,11560,시군구,
201912,서울,동작구,11590,시군구,
201912,서울,관악구,11620,시군구,0
201912,서울,서초구,11650,시군구,0
201912,서울,강남구,11680,시군구,
201912,서울,송파구,11710,시군구,7
201912,서울,강동구,11740,시군구,116
201912,부산,계,,시도,2115
201912,대구,계,,시도,1790
201912,인천,계,,시도,966
201912,인천,중구,28110,시군구,516
201912,인천,남동구,28200,시군구,1
201912,인천,서구,28260,시군구,85
201912,인천,연수구,28185,시군구,0
201912,인천,미추홀구,28177,시군구,239
201912,인천,동구,28140,시군구,0
201912,인천,부평구,28237,시군구,34
201912,인천,계양구,28245,시군구,91
201912,인천,강화군,28710,시군구,0
201912,인천,옹진군,28720,시군구,0
201912,광주,계,,시도,148
201912,대전,계,,시도,724
201912,울산,계,,시도,1269
201912,경기,계,,시도,5085
201912,경기,수원시,41111,시(구 합산),2
201912,경기,수원시,41113,시(구 합산),2
201912,경기,수원시,41115,시(구 합산),2
201912,경기,수원시,41117,시(구 합산),2
201912,경기,성남시,41131,시(구 합산),0
201912,경기,성남시,41133,시(구 합산),0
201912,경기,성남시,41135,시(구 합산),0
201912,경기,의정부시,41150,시군구,345
201912,경기,안양시,41171,시(구 합산),43
201912,경기,안양시,41173,시(구 합산),43
201912,경기,부천시,41192,시(구 합산),48
201912,경기,부천시,41194,시(구 합산),48
201912,경기,부천시,41196,시(구 합산),48
201912,경기,부천시,41190,시(구 합산),48
201912,경기,광명시,41210,시군구,0
201912,경기,평택시,41220,시군구,927
201912,경기,동두천시,41250,시군구,64
201912,경기,안산시,41271,시(구 합산),32
201912,경기,안산시,41273,시(구 합산),32
201912,경기,고양시,41281,시(구 합산),277
201912,경기,고양시,41285,시(구 합산),277
201912,경기,고양시,41287,시(구 합산),277
201912,경기,과천시,41290,시군구,0
201912,경기,구리시,41310,시군구,27
201912,경기,남양주시,41360,시군구,262
201912,경기,오산시,41370,시군구,25
201912,경기,시흥시,41390,시군구,199
201912,경기,군포시,41410,시군구,0
201912,경기,의왕시,41430,시군구,0
201912,경기,하남시,41450,시군구,20
201912,경기,용인시,41461,시(구 합산),105
201912,경기,용인시,41463,시(구 합산),105
201912,경기,용인시,41465,시(구 합산),105
201912,경기,파주시,41480,시군구,9
201912,경기,이천시,41500,시군구,277
201912,경기,안성시,41550,시군구,967
201912,경기,김포시,41570,시군구,36
201912,경기,양주시,41630,시군구,335
201912,경기,여주시,41670,시군구,122
201912,경기,화성시,41591,시(구 합산),500
201912,경기,화성시,41593,시(구 합산),500
201912,경기,화성시,41595,시(구 합산),500
201912,경기,화성시,41597,시(구 합산),500
201912,경기,화성시,41590,시(구 합산),500
201912,경기,광주시,41610,시군구,193
201912,경기,연천군,41800,시군구,13
201912,경기,포천시,41650,시군구,29
201912,경기,가평군,41820,시군구,191
201912,경기,양평군,41830,시군구,37
201912,강원,계,,시도,5945
201912,충북,계,,시도,1672
201912,충남,계,,시도,5569
201912,세종,계,,시도,0
201912,전북,계,,시도,1043
201912,전남,계,,시도,1857
201912,경북,계,,시도,6122
201912,경남,계,,시도,12269
201912,제주,계,,시도,1072
202001,서울,계,,시도,131
202001,서울,종로구,11110,시군구,
202001,서울,중구,11140,시군구,
202001,서울,용산구,11170,시군구,
202001,서울,성동구,11200,시군구,3
202001,서울,광진구,11215,시군구,5
202001,서울,동대문구,11230,시군구,
202001,서울,중랑구,11260,시군구,
202001,서울,성북구,11290,시군구,
202001,서울,강북구,11305,시군구,
202001,서울,도봉구,11320,시군구,11
202001,서울,노원구,11350,시군구,
202001,서울,은평구,11380,시군구,
202001,서울,서대문구,11410,시군구,
202001,서울,마포구,11440,시군구,
202001,서울,양천구,11470,시군구,0
202001,서울,강서구,11500,시군구,
202001,서울,구로구,11530,시군구,
202001,서울,금천구,11545,시군구,
202001,서울,영등포구,11560,시군구,
202001,서울,동작구,11590,시군구,
202001,서울,관악구,11620,시군구,0
202001,서울,서초구,11650,시군구,0
202001,서울,강남구,11680,시군구,
202001,서울,송파구,11710,시군구,7
202001,서울,강동구,11740,시군구,105
202001,부산,계,,시도,2266
202001,대구,계,,시도,1414
202001,인천,계,,시도,1035
202001,인천,중구,28110,시군구,263
202001,인천,남동구,28200,시군구,7
202001,인천,서구,28260,시군구,411
202001,인천,연수구,28185,시군구,0
202001,인천,미추홀구,28177,시군구,239
202001,인천,동구,28140,시군구,0
202001,인천,부평구,28237,시군구,32
202001,인천,계양구,28245,시군구,83
202001,인천,강화군,28710,시군구,0
202001,인천,옹진군,28720,시군구,0
202001,광주,계,,시도,59
202001,대전,계,,시도,941
202001,울산,계,,시도,1142
202001,경기,계,,시도,3735
202001,경기,수원시,41111,시(구 합산),2
202001,경기,수원시,41113,시(구 합산),2
202001,경기,수원시,41115,시(구 합산),2
202001,경기,수원시,41117,시(구 합산),2
202001,경기,성남시,41131,시(구 합산),0
202001,경기,성남시,41133,시(구 합산),0
202001,경기,성남시,41135,시(구 합산),0
202001,경기,의정부시,41150,시군구,226
202001,경기,안양시,41171,시(구 합산),43
202001,경기,안양시,41173,시(구 합산),43
202001,경기,부천시,41192,시(구 합산),0
202001,경기,부천시,41194,시(구 합산),0
202001,경기,부천시,41196,시(구 합산),0
202001,경기,부천시,41190,시(구 합산),0
202001,경기,광명시,41210,시군구,0
202001,경기,평택시,41220,시군구,748
202001,경기,동두천시,41250,시군구,61
202001,경기,안산시,41271,시(구 합산),25
202001,경기,안산시,41273,시(구 합산),25
202001,경기,고양시,41281,시(구 합산),263
202001,경기,고양시,41285,시(구 합산),263
202001,경기,고양시,41287,시(구 합산),263
202001,경기,과천시,41290,시군구,0
202001,경기,구리시,41310,시군구,25
202001,경기,남양주시,41360,시군구,216
202001,경기,오산시,41370,시군구,18
202001,경기,시흥시,41390,시군구,161
202001,경기,군포시,41410,시군구,0
202001,경기,의왕시,41430,시군구,0
202001,경기,하남시,41450,시군구,20
202001,경기,용인시,41461,시(구 합산),53
202001,경기,용인시,41463,시(구 합산),53
202001,경기,용인시,41465,시(구 합산),53
202001,경기,파주시,41480,시군구,9
202001,경기,이천시,41500,시군구,215
202001,경기,안성시,41550,시군구,795
202001,경기,김포시,41570,시군구,36
202001,경기,양주시,41630,시군구,122
202001,경기,여주시,41670,시군구,115
202001,경기,화성시,41591,시(구 합산),135
202001,경기,화성시,41593,시(구 합산),135
202001,경기,화성시,41595,시(구 합산),135
202001,경기,화성시,41597,시(구 합산),135
202001,경기,화성시,41590,시(구 합산),135
202001,경기,광주시,41610,시군구,193
202001,경기,연천군,41800,시군구,10
202001,경기,포천시,41650,시군구,24
202001,경기,가평군,41820,시군구,183
202001,경기,양평군,41830,시군구,37
202001,강원,계,,시도,4964
202001,충북,계,,시도,1166
202001,충남,계,,시도,5470
202001,세종,계,,시도,0
202001,전북,계,,시도,1009
202001,전남,계,,시도,1654
202001,경북,계,,시도,5639
202001,경남,계,,시도,11586
202001,제주,계,,시도,1057
202002,서울,계,,시도,112
202002,서울,종로구,11110,시군구,
202002,서울,중구,11140,시군구,
202002,서울,용산구,11170,시군구,
202002,서울,성동구,11200,시군구,3
202002,서울,광진구,11215,시군구,1
202002,서울,동대문구,11230,시군구,
202002,서울,중랑구,11260,시군구,
202002,서울,성북구,11290,시군구,
202002,서울,강북구,11305,시군구,
202002,서울,도봉구,11320,시군구,10
202002,서울,노원구,11350,시군구,
202002,서울,은평구,11380,시군구,
202002,서울,서대문구,11410,시군구,
202002,서울,마포구,11440,시군구,
202002,서울,양천구,11470,시군구,0
202002,서울,강서구,11500,시군구,
202002,서울,구로구,11530,시군구,
202002,서울,금천구,11545,시군구,
202002,서울,영등포구,11560,시군구,
202002,서울,동작구,11590,시군구,
202002,서울,관악구,11620,시군구,0
202002,서울,서초구,11650,시군구,0
202002,서울,강남구,11680,시군구,
202002,서울,송파구,11710,시군구,7
202002,서울,강동구,11740,시군구,91
202002,부산,계,,시도,2061
202002,대구,계,,시도,1072
202002,인천,계,,시도,487
202002,인천,중구,28110,시군구,104
202002,인천,남동구,28200,시군구,9
202002,인천,서구,28260,시군구,67
202002,인천,연수구,28185,시군구,0
202002,인천,미추홀구,28177,시군구,223
202002,인천,동구,28140,시군구,0
202002,인천,부평구,28237,시군구,13
202002,인천,계양구,28245,시군구,71
202002,인천,강화군,28710,시군구,0
202002,인천,옹진군,28720,시군구,0
202002,광주,계,,시도,36
202002,대전,계,,시도,1012
202002,울산,계,,시도,659
202002,경기,계,,시도,3634
202002,경기,수원시,41111,시(구 합산),0
202002,경기,수원시,41113,시(구 합산),0
202002,경기,수원시,41115,시(구 합산),0
202002,경기,수원시,41117,시(구 합산),0
202002,경기,성남시,41131,시(구 합산),0
202002,경기,성남시,41133,시(구 합산),0
202002,경기,성남시,41135,시(구 합산),0
202002,경기,의정부시,41150,시군구,279
202002,경기,안양시,41171,시(구 합산),43
202002,경기,안양시,41173,시(구 합산),43
202002,경기,부천시,41192,시(구 합산),153
202002,경기,부천시,41194,시(구 합산),153
202002,경기,부천시,41196,시(구 합산),153
202002,경기,부천시,41190,시(구 합산),153
202002,경기,광명시,41210,시군구,0
202002,경기,평택시,41220,시군구,732
202002,경기,동두천시,41250,시군구,55
202002,경기,안산시,41271,시(구 합산),10
202002,경기,안산시,41273,시(구 합산),10
202002,경기,고양시,41281,시(구 합산),225
202002,경기,고양시,41285,시(구 합산),225
202002,경기,고양시,41287,시(구 합산),225
202002,경기,과천시,41290,시군구,0
202002,경기,구리시,41310,시군구,25
202002,경기,남양주시,41360,시군구,157
202002,경기,오산시,41370,시군구,7
202002,경기,시흥시,41390,시군구,86
202002,경기,군포시,41410,시군구,0
202002,경기,의왕시,41430,시군구,10
202002,경기,하남시,41450,시군구,20
202002,경기,용인시,41461,시(구 합산),53
202002,경기,용인시,41463,시(구 합산),53
202002,경기,용인시,41465,시(구 합산),53
202002,경기,파주시,41480,시군구,9
202002,경기,이천시,41500,시군구,158
202002,경기,안성시,41550,시군구,874
202002,경기,김포시,41570,시군구,36
202002,경기,양주시,41630,시군구,28
202002,경기,여주시,41670,시군구,102
202002,경기,화성시,41591,시(구 합산),135
202002,경기,화성시,41593,시(구 합산),135
202002,경기,화성시,41595,시(구 합산),135
202002,경기,화성시,41597,시(구 합산),135
202002,경기,화성시,41590,시(구 합산),135
202002,경기,광주시,41610,시군구,193
202002,경기,연천군,41800,시군구,8
202002,경기,포천시,41650,시군구,18
202002,경기,가평군,41820,시군구,181
202002,경기,양평군,41830,시군구,37
202002,강원,계,,시도,4168
202002,충북,계,,시도,1202
202002,충남,계,,시도,5085
202002,세종,계,,시도,0
202002,전북,계,,시도,924
202002,전남,계,,시도,1455
202002,경북,계,,시도,5436
202002,경남,계,,시도,11099
202002,제주,계,,시도,1014
202003,서울,계,,시도,91
202003,서울,종로구,11110,시군구,
202003,서울,중구,11140,시군구,
202003,서울,용산구,11170,시군구,
202003,서울,성동구,11200,시군구,3
202003,서울,광진구,11215,시군구,2
202003,서울,동대문구,11230,시군구,
202003,서울,중랑구,11260,시군구,
202003,서울,성북구,11290,시군구,
202003,서울,강북구,11305,시군구,
202003,서울,도봉구,11320,시군구,9
202003,서울,노원구,11350,시군구,
202003,서울,은평구,11380,시군구,
202003,서울,서대문구,11410,시군구,
202003,서울,마포구,11440,시군구,
202003,서울,양천구,11470,시군구,0
202003,서울,강서구,11500,시군구,
202003,서울,구로구,11530,시군구,
202003,서울,금천구,11545,시군구,
202003,서울,영등포구,11560,시군구,
202003,서울,동작구,11590,시군구,
202003,서울,관악구,11620,시군구,0
202003,서울,서초구,11650,시군구,0
202003,서울,강남구,11680,시군구,
202003,서울,송파구,11710,시군구,6
202003,서울,강동구,11740,시군구,71
202003,부산,계,,시도,1979
202003,대구,계,,시도,1031
202003,인천,계,,시도,449
202003,인천,중구,28110,시군구,102
202003,인천,남동구,28200,시군구,8
202003,인천,서구,28260,시군구,64
202003,인천,연수구,28185,시군구,0
202003,인천,미추홀구,28177,시군구,197
202003,인천,동구,28140,시군구,0
202003,인천,부평구,28237,시군구,10
202003,인천,계양구,28245,시군구,68
202003,인천,강화군,28710,시군구,0
202003,인천,옹진군,28720,시군구,0
202003,광주,계,,시도,32
202003,대전,계,,시도,968
202003,울산,계,,시도,695
202003,경기,계,,시도,3662
202003,경기,수원시,41111,시(구 합산),0
202003,경기,수원시,41113,시(구 합산),0
202003,경기,수원시,41115,시(구 합산),0
202003,경기,수원시,41117,시(구 합산),0
202003,경기,성남시,41131,시(구 합산),0
202003,경기,성남시,41133,시(구 합산),0
202003,경기,성남시,41135,시(구 합산),0
202003,경기,의정부시,41150,시군구,226
202003,경기,안양시,41171,시(구 합산),43
202003,경기,안양시,41173,시(구 합산),43
202003,경기,부천시,41192,시(구 합산),153
202003,경기,부천시,41194,시(구 합산),153
202003,경기,부천시,41196,시(구 합산),153
202003,경기,부천시,41190,시(구 합산),153
202003,경기,광명시,41210,시군구,0
202003,경기,평택시,41220,시군구,707
202003,경기,동두천시,41250,시군구,45
202003,경기,안산시,41271,시(구 합산),0
202003,경기,안산시,41273,시(구 합산),0
202003,경기,고양시,41281,시(구 합산),201
202003,경기,고양시,41285,시(구 합산),201
202003,경기,고양시,41287,시(구 합산),201
202003,경기,과천시,41290,시군구,0
202003,경기,구리시,41310,시군구,16
202003,경기,남양주시,41360,시군구,129
202003,경기,오산시,41370,시군구,7
202003,경기,시흥시,41390,시군구,88
202003,경기,군포시,41410,시군구,0
202003,경기,의왕시,41430,시군구,6
202003,경기,하남시,41450,시군구,20
202003,경기,용인시,41461,시(구 합산),53
202003,경기,용인시,41463,시(구 합산),53
202003,경기,용인시,41465,시(구 합산),53
202003,경기,파주시,41480,시군구,9
202003,경기,이천시,41500,시군구,111
202003,경기,안성시,41550,시군구,793
202003,경기,김포시,41570,시군구,36
202003,경기,양주시,41630,시군구,470
202003,경기,여주시,41670,시군구,85
202003,경기,화성시,41591,시(구 합산),133
202003,경기,화성시,41593,시(구 합산),133
202003,경기,화성시,41595,시(구 합산),133
202003,경기,화성시,41597,시(구 합산),133
202003,경기,화성시,41590,시(구 합산),133
202003,경기,광주시,41610,시군구,100
202003,경기,연천군,41800,시군구,5
202003,경기,포천시,41650,시군구,18
202003,경기,가평군,41820,시군구,179
202003,경기,양평군,41830,시군구,29
202003,강원,계,,시도,3902
202003,충북,계,,시도,1109
202003,충남,계,,시도,4843
202003,세종,계,,시도,0
202003,전북,계,,시도,849
202003,전남,계,,시도,1387
202003,경북,계,,시도,5296
202003,경남,계,,시도,10827
202003,제주,계,,시도,1184
202004,서울,계,,시도,78
202004,서울,종로구,11110,시군구,
202004,서울,중구,11140,시군구,
202004,서울,용산구,11170,시군구,
202004,서울,성동구,11200,시군구,3
202004,서울,광진구,11215,시군구,2
202004,서울,동대문구,11230,시군구,
202004,서울,중랑구,11260,시군구,
202004,서울,성북구,11290,시군구,
202004,서울,강북구,11305,시군구,
202004,서울,도봉구,11320,시군구,9
202004,서울,노원구,11350,시군구,
202004,서울,은평구,11380,시군구,
202004,서울,서대문구,11410,시군구,
202004,서울,마포구,11440,시군구,
202004,서울,양천구,11470,시군구,0
202004,서울,강서구,11500,시군구,
202004,서울,구로구,11530,시군구,
202004,서울,금천구,11545,시군구,
202004,서울,영등포구,11560,시군구,
202004,서울,동작구,11590,시군구,
202004,서울,관악구,11620,시군구,0
202004,서울,서초구,11650,시군구,0
202004,서울,강남구,11680,시군구,
202004,서울,송파구,11710,시군구,6
202004,서울,강동구,11740,시군구,58
202004,부산,계,,시도,1993
202004,대구,계,,시도,1068
202004,인천,계,,시도,481
202004,인천,중구,28110,시군구,91
202004,인천,남동구,28200,시군구,6
202004,인천,서구,28260,시군구,63
202004,인천,연수구,28185,시군구,52
202004,인천,미추홀구,28177,시군구,194
202004,인천,동구,28140,시군구,0
202004,인천,부평구,28237,시군구,10
202004,인천,계양구,28245,시군구,65
202004,인천,강화군,28710,시군구,0
202004,인천,옹진군,28720,시군구,0
202004,광주,계,,시도,31
202004,대전,계,,시도,917
202004,울산,계,,시도,699
202004,경기,계,,시도,3224
202004,경기,수원시,41111,시(구 합산),0
202004,경기,수원시,41113,시(구 합산),0
202004,경기,수원시,41115,시(구 합산),0
202004,경기,수원시,41117,시(구 합산),0
202004,경기,성남시,41131,시(구 합산),0
202004,경기,성남시,41133,시(구 합산),0
202004,경기,성남시,41135,시(구 합산),0
202004,경기,의정부시,41150,시군구,192
202004,경기,안양시,41171,시(구 합산),43
202004,경기,안양시,41173,시(구 합산),43
202004,경기,부천시,41192,시(구 합산),128
202004,경기,부천시,41194,시(구 합산),128
202004,경기,부천시,41196,시(구 합산),128
202004,경기,부천시,41190,시(구 합산),128
202004,경기,광명시,41210,시군구,0
202004,경기,평택시,41220,시군구,686
202004,경기,동두천시,41250,시군구,41
202004,경기,안산시,41271,시(구 합산),0
202004,경기,안산시,41273,시(구 합산),0
202004,경기,고양시,41281,시(구 합산),176
202004,경기,고양시,41285,시(구 합산),176
202004,경기,고양시,41287,시(구 합산),176
202004,경기,과천시,41290,시군구,0
202004,경기,구리시,41310,시군구,14
202004,경기,남양주시,41360,시군구,123
202004,경기,오산시,41370,시군구,7
202004,경기,시흥시,41390,시군구,84
202004,경기,군포시,41410,시군구,0
202004,경기,의왕시,41430,시군구,6
202004,경기,하남시,41450,시군구,22
202004,경기,용인시,41461,시(구 합산),53
202004,경기,용인시,41463,시(구 합산),53
202004,경기,용인시,41465,시(구 합산),53
202004,경기,파주시,41480,시군구,9
202004,경기,이천시,41500,시군구,59
202004,경기,안성시,41550,시군구,798
202004,경기,김포시,41570,시군구,34
202004,경기,양주시,41630,시군구,256
202004,경기,여주시,41670,시군구,52
202004,경기,화성시,41591,시(구 합산),122
202004,경기,화성시,41593,시(구 합산),122
202004,경기,화성시,41595,시(구 합산),122
202004,경기,화성시,41597,시(구 합산),122
202004,경기,화성시,41590,시(구 합산),122
202004,경기,광주시,41610,시군구,100
202004,경기,연천군,41800,시군구,2
202004,경기,포천시,41650,시군구,18
202004,경기,가평군,41820,시군구,170
202004,경기,양평군,41830,시군구,29
202004,강원,계,,시도,3742
202004,충북,계,,시도,919
202004,충남,계,,시도,4334
202004,세종,계,,시도,0
202004,전북,계,,시도,822
202004,전남,계,,시도,1373
202004,경북,계,,시도,5077
202004,경남,계,,시도,10590
202004,제주,계,,시도,1281
202005,서울,계,,시도,70
202005,서울,종로구,11110,시군구,
202005,서울,중구,11140,시군구,
202005,서울,용산구,11170,시군구,
202005,서울,성동구,11200,시군구,0
202005,서울,광진구,11215,시군구,2
202005,서울,동대문구,11230,시군구,
202005,서울,중랑구,11260,시군구,
202005,서울,성북구,11290,시군구,
202005,서울,강북구,11305,시군구,
202005,서울,도봉구,11320,시군구,6
202005,서울,노원구,11350,시군구,
202005,서울,은평구,11380,시군구,
202005,서울,서대문구,11410,시군구,
202005,서울,마포구,11440,시군구,
202005,서울,양천구,11470,시군구,0
202005,서울,강서구,11500,시군구,
202005,서울,구로구,11530,시군구,
202005,서울,금천구,11545,시군구,
202005,서울,영등포구,11560,시군구,
202005,서울,동작구,11590,시군구,
202005,서울,관악구,11620,시군구,0
202005,서울,서초구,11650,시군구,0
202005,서울,강남구,11680,시군구,
202005,서울,송파구,11710,시군구,6
202005,서울,강동구,11740,시군구,56
202005,부산,계,,시도,2149
202005,대구,계,,시도,1159
202005,인천,계,,시도,342
202005,인천,중구,28110,시군구,85
202005,인천,남동구,28200,시군구,0
202005,인천,서구,28260,시군구,63
202005,인천,연수구,28185,시군구,0
202005,인천,미추홀구,28177,시군구,172
202005,인천,동구,28140,시군구,0
202005,인천,부평구,28237,시군구,8
202005,인천,계양구,28245,시군구,14
202005,인천,강화군,28710,시군구,0
202005,인천,옹진군,28720,시군구,0
202005,광주,계,,시도,31
202005,대전,계,,시도,871
202005,울산,계,,시도,614
202005,경기,계,,시도,2604
202005,경기,수원시,41111,시(구 합산),0
202005,경기,수원시,41113,시(구 합산),0
202005,경기,수원시,41115,시(구 합산),0
202005,경기,수원시,41117,시(구 합산),0
202005,경기,성남시,41131,시(구 합산),0
202005,경기,성남시,41133,시(구 합산),0
202005,경기,성남시,41135,시(구 합산),0
202005,경기,의정부시,41150,시군구,183
202005,경기,안양시,41171,시(구 합산),43
202005,경기,안양시,41173,시(구 합산),43
202005,경기,부천시,41192,시(구 합산),112
202005,경기,부천시,41194,시(구 합산),112
202005,경기,부천시,41196,시(구 합산),112
202005,경기,부천시,41190,시(구 합산),112
202005,경기,광명시,41210,시군구,0
202005,경기,평택시,41220,시군구,611
202005,경기,동두천시,41250,시군구,0
202005,경기,안산시,41271,시(구 합산),0
202005,경기,안산시,41273,시(구 합산),0
202005,경기,고양시,41281,시(구 합산),140
202005,경기,고양시,41285,시(구 합산),140
202005,경기,고양시,41287,시(구 합산),140
202005,경기,과천시,41290,시군구,0
202005,경기,구리시,41310,시군구,14
202005,경기,남양주시,41360,시군구,120
202005,경기,오산시,41370,시군구,7
202005,경기,시흥시,41390,시군구,84
202005,경기,군포시,41410,시군구,0
202005,경기,의왕시,41430,시군구,0
202005,경기,하남시,41450,시군구,22
202005,경기,용인시,41461,시(구 합산),53
202005,경기,용인시,41463,시(구 합산),53
202005,경기,용인시,41465,시(구 합산),53
202005,경기,파주시,41480,시군구,9
202005,경기,이천시,41500,시군구,5
202005,경기,안성시,41550,시군구,730
202005,경기,김포시,41570,시군구,23
202005,경기,양주시,41630,시군구,23
202005,경기,여주시,41670,시군구,12
202005,경기,화성시,41591,시(구 합산),119
202005,경기,화성시,41593,시(구 합산),119
202005,경기,화성시,41595,시(구 합산),119
202005,경기,화성시,41597,시(구 합산),119
202005,경기,화성시,41590,시(구 합산),119
202005,경기,광주시,41610,시군구,100
202005,경기,연천군,41800,시군구,1
202005,경기,포천시,41650,시군구,18
202005,경기,가평군,41820,시군구,146
202005,경기,양평군,41830,시군구,29
202005,강원,계,,시도,3470
202005,충북,계,,시도,365
202005,충남,계,,시도,4695
202005,세종,계,,시도,0
202005,전북,계,,시도,661
202005,전남,계,,시도,1249
202005,경북,계,,시도,4306
202005,경남,계,,시도,9971
202005,제주,계,,시도,1337
202006,서울,계,,시도,61
202006,서울,종로구,11110,시군구,
202006,서울,중구,11140,시군구,
202006,서울,용산구,11170,시군구,
202006,서울,성동구,11200,시군구,0
202006,서울,광진구,11215,시군구,2
202006,서울,동대문구,11230,시군구,
202006,서울,중랑구,11260,시군구,
202006,서울,성북구,11290,시군구,
202006,서울,강북구,11305,시군구,
202006,서울,도봉구,11320,시군구,6
202006,서울,노원구,11350,시군구,
202006,서울,은평구,11380,시군구,
202006,서울,서대문구,11410,시군구,
202006,서울,마포구,11440,시군구,
202006,서울,양천구,11470,시군구,0
202006,서울,강서구,11500,시군구,
202006,서울,구로구,11530,시군구,
202006,서울,금천구,11545,시군구,
202006,서울,영등포구,11560,시군구,
202006,서울,동작구,11590,시군구,
202006,서울,관악구,11620,시군구,0
202006,서울,서초구,11650,시군구,0
202006,서울,강남구,11680,시군구,
202006,서울,송파구,11710,시군구,1
202006,서울,강동구,11740,시군구,52
202006,부산,계,,시도,1666
202006,대구,계,,시도,940
202006,인천,계,,시도,266
202006,인천,중구,28110,시군구,77
202006,인천,남동구,28200,시군구,0
202006,인천,서구,28260,시군구,29
202006,인천,연수구,28185,시군구,0
202006,인천,미추홀구,28177,시군구,141
202006,인천,동구,28140,시군구,0
202006,인천,부평구,28237,시군구,8
202006,인천,계양구,28245,시군구,11
202006,인천,강화군,28710,시군구,0
202006,인천,옹진군,28720,시군구,0
202006,광주,계,,시도,31
202006,대전,계,,시도,875
202006,울산,계,,시도,555
202006,경기,계,,시도,2445
202006,경기,수원시,41111,시(구 합산),0
202006,경기,수원시,41113,시(구 합산),0
202006,경기,수원시,41115,시(구 합산),0
202006,경기,수원시,41117,시(구 합산),0
202006,경기,성남시,41131,시(구 합산),0
202006,경기,성남시,41133,시(구 합산),0
202006,경기,성남시,41135,시(구 합산),0
202006,경기,의정부시,41150,시군구,152
202006,경기,안양시,41171,시(구 합산),43
202006,경기,안양시,41173,시(구 합산),43
202006,경기,부천시,41192,시(구 합산),101
202006,경기,부천시,41194,시(구 합산),101
202006,경기,부천시,41196,시(구 합산),101
202006,경기,부천시,41190,시(구 합산),101
202006,경기,광명시,41210,시군구,0
202006,경기,평택시,41220,시군구,332
202006,경기,동두천시,41250,시군구,0
202006,경기,안산시,41271,시(구 합산),0
202006,경기,안산시,41273,시(구 합산),0
202006,경기,고양시,41281,시(구 합산),128
202006,경기,고양시,41285,시(구 합산),128
202006,경기,고양시,41287,시(구 합산),128
202006,경기,과천시,41290,시군구,0
202006,경기,구리시,41310,시군구,13
202006,경기,남양주시,41360,시군구,116
202006,경기,오산시,41370,시군구,4
202006,경기,시흥시,41390,시군구,81
202006,경기,군포시,41410,시군구,0
202006,경기,의왕시,41430,시군구,0
202006,경기,하남시,41450,시군구,22
202006,경기,용인시,41461,시(구 합산),53
202006,경기,용인시,41463,시(구 합산),53
202006,경기,용인시,41465,시(구 합산),53
202006,경기,파주시,41480,시군구,8
202006,경기,이천시,41500,시군구,4
202006,경기,안성시,41550,시군구,689
202006,경기,김포시,41570,시군구,17
202006,경기,양주시,41630,시군구,339
202006,경기,여주시,41670,시군구,7
202006,경기,화성시,41591,시(구 합산),119
202006,경기,화성시,41593,시(구 합산),119
202006,경기,화성시,41595,시(구 합산),119
202006,경기,화성시,41597,시(구 합산),119
202006,경기,화성시,41590,시(구 합산),119
202006,경기,광주시,41610,시군구,100
202006,경기,연천군,41800,시군구,1
202006,경기,포천시,41650,시군구,18
202006,경기,가평군,41820,시군구,69
202006,경기,양평군,41830,시군구,29
202006,강원,계,,시도,3202
202006,충북,계,,시도,355
202006,충남,계,,시도,3683
202006,세종,계,,시도,0
202006,전북,계,,시도,631
202006,전남,계,,시도,1244
202006,경북,계,,시도,3487
202006,경남,계,,시도,8542
202006,제주,계,,시도,1279
202007,서울,계,,시도,58
202007,서울,종로구,11110,시군구,
202007,서울,중구,11140,시군구,
202007,서울,용산구,11170,시군구,
202007,서울,성동구,11200,시군구,0
202007,서울,광진구,11215,시군구,2
202007,서울,동대문구,11230,시군구,
202007,서울,중랑구,11260,시군구,
202007,서울,성북구,11290,시군구,
202007,서울,강북구,11305,시군구,
202007,서울,도봉구,11320,시군구,6
202007,서울,노원구,11350,시군구,
202007,서울,은평구,11380,시군구,
202007,서울,서대문구,11410,시군구,
202007,서울,마포구,11440,시군구,
202007,서울,양천구,11470,시군구,0
202007,서울,강서구,11500,시군구,
202007,서울,구로구,11530,시군구,
202007,서울,금천구,11545,시군구,
202007,서울,영등포구,11560,시군구,
202007,서울,동작구,11590,시군구,
202007,서울,관악구,11620,시군구,0
202007,서울,서초구,11650,시군구,0
202007,서울,강남구,11680,시군구,
202007,서울,송파구,11710,시군구,0
202007,서울,강동구,11740,시군구,50
202007,부산,계,,시도,1544
202007,대구,계,,시도,957
202007,인천,계,,시도,294
202007,인천,중구,28110,시군구,76
202007,인천,남동구,28200,시군구,64
202007,인천,서구,28260,시군구,29
202007,인천,연수구,28185,시군구,0
202007,인천,미추홀구,28177,시군구,117
202007,인천,동구,28140,시군구,0
202007,인천,부평구,28237,시군구,8
202007,인천,계양구,28245,시군구,0
202007,인천,강화군,28710,시군구,0
202007,인천,옹진군,28720,시군구,0
202007,광주,계,,시도,31
202007,대전,계,,시도,849
202007,울산,계,,시도,548
202007,경기,계,,시도,2793
202007,경기,수원시,41111,시(구 합산),0
202007,경기,수원시,41113,시(구 합산),0
202007,경기,수원시,41115,시(구 합산),0
202007,경기,수원시,41117,시(구 합산),0
202007,경기,성남시,41131,시(구 합산),0
202007,경기,성남시,41133,시(구 합산),0
202007,경기,성남시,41135,시(구 합산),0
202007,경기,의정부시,41150,시군구,140
202007,경기,안양시,41171,시(구 합산),43
202007,경기,안양시,41173,시(구 합산),43
202007,경기,부천시,41192,시(구 합산),85
202007,경기,부천시,41194,시(구 합산),85
202007,경기,부천시,41196,시(구 합산),85
202007,경기,부천시,41190,시(구 합산),85
202007,경기,광명시,41210,시군구,0
202007,경기,평택시,41220,시군구,319
202007,경기,동두천시,41250,시군구,0
202007,경기,안산시,41271,시(구 합산),0
202007,경기,안산시,41273,시(구 합산),0
202007,경기,고양시,41281,시(구 합산),453
202007,경기,고양시,41285,시(구 합산),453
202007,경기,고양시,41287,시(구 합산),453
202007,경기,과천시,41290,시군구,0
202007,경기,구리시,41310,시군구,11
202007,경기,남양주시,41360,시군구,95
202007,경기,오산시,41370,시군구,4
202007,경기,시흥시,41390,시군구,80
202007,경기,군포시,41410,시군구,0
202007,경기,의왕시,41430,시군구,0
202007,경기,하남시,41450,시군구,22
202007,경기,용인시,41461,시(구 합산),53
202007,경기,용인시,41463,시(구 합산),53
202007,경기,용인시,41465,시(구 합산),53
202007,경기,파주시,41480,시군구,11
202007,경기,이천시,41500,시군구,4
202007,경기,안성시,41550,시군구,617
202007,경기,김포시,41570,시군구,16
202007,경기,양주시,41630,시군구,530
202007,경기,여주시,41670,시군구,5
202007,경기,화성시,41591,시(구 합산),119
202007,경기,화성시,41593,시(구 합산),119
202007,경기,화성시,41595,시(구 합산),119
202007,경기,화성시,41597,시(구 합산),119
202007,경기,화성시,41590,시(구 합산),119
202007,경기,광주시,41610,시군구,100
202007,경기,연천군,41800,시군구,0
202007,경기,포천시,41650,시군구,18
202007,경기,가평군,41820,시군구,39
202007,경기,양평군,41830,시군구,29
202007,강원,계,,시도,3015
202007,충북,계,,시도,352
202007,충남,계,,시도,3266
202007,세종,계,,시도,0
202007,전북,계,,시도,534
202007,전남,계,,시도,1244
202007,경북,계,,시도,3276
202007,경남,계,,시도,8840
202007,제주,계,,시도,1282
202008,서울,계,,시도,56
202008,서울,종로구,11110,시군구,
202008,서울,중구,11140,시군구,
202008,서울,용산구,11170,시군구,
202008,서울,성동구,11200,시군구,0
202008,서울,광진구,11215,시군구,2
202008,서울,동대문구,11230,시군구,
202008,서울,중랑구,11260,시군구,
202008,서울,성북구,11290,시군구,
202008,서울,강북구,11305,시군구,
202008,서울,도봉구,11320,시군구,4
202008,서울,노원구,11350,시군구,
202008,서울,은평구,11380,시군구,
202008,서울,서대문구,11410,시군구,
202008,서울,마포구,11440,시군구,
202008,서울,양천구,11470,시군구,0
202008,서울,강서구,11500,시군구,
202008,서울,구로구,11530,시군구,
202008,서울,금천구,11545,시군구,
202008,서울,영등포구,11560,시군구,
202008,서울,동작구,11590,시군구,
202008,서울,관악구,11620,시군구,0
202008,서울,서초구,11650,시군구,0
202008,서울,강남구,11680,시군구,
202008,서울,송파구,11710,시군구,0
202008,서울,강동구,11740,시군구,50
202008,부산,계,,시도,1454
202008,대구,계,,시도,1624
202008,인천,계,,시도,525
202008,인천,중구,28110,시군구,76
202008,인천,남동구,28200,시군구,19
202008,인천,서구,28260,시군구,28
202008,인천,연수구,28185,시군구,0
202008,인천,미추홀구,28177,시군구,394
202008,인천,동구,28140,시군구,0
202008,인천,부평구,28237,시군구,8
202008,인천,계양구,28245,시군구,0
202008,인천,강화군,28710,시군구,0
202008,인천,옹진군,28720,시군구,0
202008,광주,계,,시도,31
202008,대전,계,,시도,783
202008,울산,계,,시도,502
202008,경기,계,,시도,2585
202008,경기,수원시,41111,시(구 합산),0
202008,경기,수원시,41113,시(구 합산),0
202008,경기,수원시,41115,시(구 합산),0
202008,경기,수원시,41117,시(구 합산),0
202008,경기,성남시,41131,시(구 합산),0
202008,경기,성남시,41133,시(구 합산),0
202008,경기,성남시,41135,시(구 합산),0
202008,경기,의정부시,41150,시군구,100
202008,경기,안양시,41171,시(구 합산),43
202008,경기,안양시,41173,시(구 합산),43
202008,경기,부천시,41192,시(구 합산),113
202008,경기,부천시,41194,시(구 합산),113
202008,경기,부천시,41196,시(구 합산),113
202008,경기,부천시,41190,시(구 합산),113
202008,경기,광명시,41210,시군구,0
202008,경기,평택시,41220,시군구,442
202008,경기,동두천시,41250,시군구,0
202008,경기,안산시,41271,시(구 합산),0
202008,경기,안산시,41273,시(구 합산),0
202008,경기,고양시,41281,시(구 합산),413
202008,경기,고양시,41285,시(구 합산),413
202008,경기,고양시,41287,시(구 합산),413
202008,경기,과천시,41290,시군구,0
202008,경기,구리시,41310,시군구,10
202008,경기,남양주시,41360,시군구,95
202008,경기,오산시,41370,시군구,4
202008,경기,시흥시,41390,시군구,78
202008,경기,군포시,41410,시군구,0
202008,경기,의왕시,41430,시군구,0
202008,경기,하남시,41450,시군구,22
202008,경기,용인시,41461,시(구 합산),53
202008,경기,용인시,41463,시(구 합산),53
202008,경기,용인시,41465,시(구 합산),53
202008,경기,파주시,41480,시군구,9
202008,경기,이천시,41500,시군구,4
202008,경기,안성시,41550,시군구,565
202008,경기,김포시,41570,시군구,28
202008,경기,양주시,41630,시군구,192
202008,경기,여주시,41670,시군구,5
202008,경기,화성시,41591,시(구 합산),119
202008,경기,화성시,41593,시(구 합산),119
202008,경기,화성시,41595,시(구 합산),119
202008,경기,화성시,41597,시(구 합산),119
202008,경기,화성시,41590,시(구 합산),119
202008,경기,광주시,41610,시군구,100
202008,경기,연천군,41800,시군구,0
202008,경기,포천시,41650,시군구,18
202008,경기,가평군,41820,시군구,38
202008,경기,양평군,41830,시군구,134
202008,강원,계,,시도,2816
202008,충북,계,,시도,337
202008,충남,계,,시도,3233
202008,세종,계,,시도,0
202008,전북,계,,시도,511
202008,전남,계,,시도,860
202008,경북,계,,시도,3423
202008,경남,계,,시도,8841
202008,제주,계,,시도,1250
202009,서울,계,,시도,54
202009,서울,종로구,11110,시군구,
202009,서울,중구,11140,시군구,
202009,서울,용산구,11170,시군구,
202009,서울,성동구,11200,시군구,0
202009,서울,광진구,11215,시군구,2
202009,서울,동대문구,11230,시군구,
202009,서울,중랑구,11260,시군구,
202009,서울,성북구,11290,시군구,
202009,서울,강북구,11305,시군구,
202009,서울,도봉구,11320,시군구,2
202009,서울,노원구,11350,시군구,
202009,서울,은평구,11380,시군구,
202009,서울,서대문구,11410,시군구,
202009,서울,마포구,11440,시군구,
202009,서울,양천구,11470,시군구,0
202009,서울,강서구,11500,시군구,
202009,서울,구로구,11530,시군구,
202009,서울,금천구,11545,시군구,
202009,서울,영등포구,11560,시군구,
202009,서울,동작구,11590,시군구,
202009,서울,관악구,11620,시군구,0
202009,서울,서초구,11650,시군구,0
202009,서울,강남구,11680,시군구,
202009,서울,송파구,11710,시군구,0
202009,서울,강동구,11740,시군구,50
202009,부산,계,,시도,1397
202009,대구,계,,시도,1216
202009,인천,계,,시도,414
202009,인천,중구,28110,시군구,76
202009,인천,남동구,28200,시군구,14
202009,인천,서구,28260,시군구,26
202009,인천,연수구,28185,시군구,0
202009,인천,미추홀구,28177,시군구,290
202009,인천,동구,28140,시군구,0
202009,인천,부평구,28237,시군구,8
202009,인천,계양구,28245,시군구,0
202009,인천,강화군,28710,시군구,0
202009,인천,옹진군,28720,시군구,0
202009,광주,계,,시도,259
202009,대전,계,,시도,773
202009,울산,계,,시도,494
202009,경기,계,,시도,3338
202009,경기,수원시,41111,시(구 합산),0
202009,경기,수원시,41113,시(구 합산),0
202009,경기,수원시,41115,시(구 합산),0
202009,경기,수원시,41117,시(구 합산),0
202009,경기,성남시,41131,시(구 합산),0
202009,경기,성남시,41133,시(구 합산),0
202009,경기,성남시,41135,시(구 합산),0
202009,경기,의정부시,41150,시군구,70
202009,경기,안양시,41171,시(구 합산),43
202009,경기,안양시,41173,시(구 합산),43
202009,경기,부천시,41192,시(구 합산),102
202009,경기,부천시,41194,시(구 합산),102
202009,경기,부천시,41196,시(구 합산),102
202009,경기,부천시,41190,시(구 합산),102
202009,경기,광명시,41210,시군구,0
202009,경기,평택시,41220,시군구,395
202009,경기,동두천시,41250,시군구,0
202009,경기,안산시,41271,시(구 합산),0
202009,경기,안산시,41273,시(구 합산),0
202009,경기,고양시,41281,시(구 합산),357
202009,경기,고양시,41285,시(구 합산),357
202009,경기,고양시,41287,시(구 합산),357
202009,경기,과천시,41290,시군구,0
202009,경기,구리시,41310,시군구,9
202009,경기,남양주시,41360,시군구,92
202009,경기,오산시,41370,시군구,4
202009,경기,시흥시,41390,시군구,78
202009,경기,군포시,41410,시군구,0
202009,경기,의왕시,41430,시군구,0
202009,경기,하남시,41450,시군구,22
202009,경기,용인시,41461,시(구 합산),53
202009,경기,용인시,41463,시(구 합산),53
202009,경기,용인시,41465,시(구 합산),53
202009,경기,파주시,41480,시군구,9
202009,경기,이천시,41500,시군구,4
202009,경기,안성시,41550,시군구,497
202009,경기,김포시,41570,시군구,188
202009,경기,양주시,41630,시군구,1057
202009,경기,여주시,41670,시군구,5
202009,경기,화성시,41591,시(구 합산),114
202009,경기,화성시,41593,시(구 합산),114
202009,경기,화성시,41595,시(구 합산),114
202009,경기,화성시,41597,시(구 합산),114
202009,경기,화성시,41590,시(구 합산),114
202009,경기,광주시,41610,시군구,100
202009,경기,연천군,41800,시군구,0
202009,경기,포천시,41650,시군구,17
202009,경기,가평군,41820,시군구,33
202009,경기,양평군,41830,시군구,89
202009,강원,계,,시도,3060
202009,충북,계,,시도,319
202009,충남,계,,시도,3030
202009,세종,계,,시도,0
202009,전북,계,,시도,488
202009,전남,계,,시도,758
202009,경북,계,,시도,3325
202009,경남,계,,시도,8163
202009,제주,계,,시도,1221
202010,서울,계,,시도,52
202010,서울,종로구,11110,시군구,
202010,서울,중구,11140,시군구,
202010,서울,용산구,11170,시군구,
202010,서울,성동구,11200,시군구,0
202010,서울,광진구,11215,시군구,2
202010,서울,동대문구,11230,시군구,
202010,서울,중랑구,11260,시군구,
202010,서울,성북구,11290,시군구,
202010,서울,강북구,11305,시군구,
202010,서울,도봉구,11320,시군구,0
202010,서울,노원구,11350,시군구,
202010,서울,은평구,11380,시군구,
202010,서울,서대문구,11410,시군구,
202010,서울,마포구,11440,시군구,
202010,서울,양천구,11470,시군구,0
202010,서울,강서구,11500,시군구,
202010,서울,구로구,11530,시군구,
202010,서울,금천구,11545,시군구,
202010,서울,영등포구,11560,시군구,
202010,서울,동작구,11590,시군구,
202010,서울,관악구,11620,시군구,0
202010,서울,서초구,11650,시군구,0
202010,서울,강남구,11680,시군구,
202010,서울,송파구,11710,시군구,0
202010,서울,강동구,11740,시군구,50
202010,부산,계,,시도,1262
202010,대구,계,,시도,1143
202010,인천,계,,시도,822
202010,인천,중구,28110,시군구,358
202010,인천,남동구,28200,시군구,13
202010,인천,서구,28260,시군구,179
202010,인천,연수구,28185,시군구,0
202010,인천,미추홀구,28177,시군구,264
202010,인천,동구,28140,시군구,0
202010,인천,부평구,28237,시군구,8
202010,인천,계양구,28245,시군구,0
202010,인천,강화군,28710,시군구,0
202010,인천,옹진군,28720,시군구,0
202010,광주,계,,시도,245
202010,대전,계,,시도,832
202010,울산,계,,시도,474
202010,경기,계,,시도,2733
202010,경기,수원시,41111,시(구 합산),0
202010,경기,수원시,41113,시(구 합산),0
202010,경기,수원시,41115,시(구 합산),0
202010,경기,수원시,41117,시(구 합산),0
202010,경기,성남시,41131,시(구 합산),0
202010,경기,성남시,41133,시(구 합산),0
202010,경기,성남시,41135,시(구 합산),0
202010,경기,의정부시,41150,시군구,47
202010,경기,안양시,41171,시(구 합산),3
202010,경기,안양시,41173,시(구 합산),3
202010,경기,부천시,41192,시(구 합산),102
202010,경기,부천시,41194,시(구 합산),102
202010,경기,부천시,41196,시(구 합산),102
202010,경기,부천시,41190,시(구 합산),102
202010,경기,광명시,41210,시군구,0
202010,경기,평택시,41220,시군구,367
202010,경기,동두천시,41250,시군구,0
202010,경기,안산시,41271,시(구 합산),0
202010,경기,안산시,41273,시(구 합산),0
202010,경기,고양시,41281,시(구 합산),293
202010,경기,고양시,41285,시(구 합산),293
202010,경기,고양시,41287,시(구 합산),293
202010,경기,과천시,41290,시군구,0
202010,경기,구리시,41310,시군구,8
202010,경기,남양주시,41360,시군구,92
202010,경기,오산시,41370,시군구,4
202010,경기,시흥시,41390,시군구,78
202010,경기,군포시,41410,시군구,0
202010,경기,의왕시,41430,시군구,0
202010,경기,하남시,41450,시군구,22
202010,경기,용인시,41461,시(구 합산),53
202010,경기,용인시,41463,시(구 합산),53
202010,경기,용인시,41465,시(구 합산),53
202010,경기,파주시,41480,시군구,8
202010,경기,이천시,41500,시군구,4
202010,경기,안성시,41550,시군구,428
202010,경기,김포시,41570,시군구,88
202010,경기,양주시,41630,시군구,706
202010,경기,여주시,41670,시군구,1
202010,경기,화성시,41591,시(구 합산),113
202010,경기,화성시,41593,시(구 합산),113
202010,경기,화성시,41595,시(구 합산),113
202010,경기,화성시,41597,시(구 합산),113
202010,경기,화성시,41590,시(구 합산),113
202010,경기,광주시,41610,시군구,20
202010,경기,연천군,41800,시군구,0
202010,경기,포천시,41650,시군구,17
202010,경기,가평군,41820,시군구,122
202010,경기,양평군,41830,시군구,157
202010,강원,계,,시도,2884
202010,충북,계,,시도,307
202010,충남,계,,시도,3235
202010,세종,계,,시도,0
202010,전북,계,,시도,444
202010,전남,계,,시도,1073
202010,경북,계,,시도,2922
202010,경남,계,,시도,7042
202010,제주,계,,시도,1233
202011,서울,계,,시도,52
202011,서울,종로구,11110,시군구,
202011,서울,중구,11140,시군구,
202011,서울,용산구,11170,시군구,
202011,서울,성동구,11200,시군구,0
202011,서울,광진구,11215,시군구,2
202011,서울,동대문구,11230,시군구,
202011,서울,중랑구,11260,시군구,
202011,서울,성북구,11290,시군구,
202011,서울,강북구,11305,시군구,
202011,서울,도봉구,11320,시군구,0
202011,서울,노원구,11350,시군구,
202011,서울,은평구,11380,시군구,
202011,서울,서대문구,11410,시군구,
202011,서울,마포구,11440,시군구,
202011,서울,양천구,11470,시군구,0
202011,서울,강서구,11500,시군구,
202011,서울,구로구,11530,시군구,
202011,서울,금천구,11545,시군구,
202011,서울,영등포구,11560,시군구,
202011,서울,동작구,11590,시군구,
202011,서울,관악구,11620,시군구,0
202011,서울,서초구,11650,시군구,0
202011,서울,강남구,11680,시군구,
202011,서울,송파구,11710,시군구,0
202011,서울,강동구,11740,시군구,50
202011,부산,계,,시도,1084
202011,대구,계,,시도,667
202011,인천,계,,시도,691
202011,인천,중구,28110,시군구,281
202011,인천,남동구,28200,시군구,18
202011,인천,서구,28260,시군구,136
202011,인천,연수구,28185,시군구,0
202011,인천,미추홀구,28177,시군구,248
202011,인천,동구,28140,시군구,0
202011,인천,부평구,28237,시군구,8
202011,인천,계양구,28245,시군구,0
202011,인천,강화군,28710,시군구,0
202011,인천,옹진군,28720,시군구,0
202011,광주,계,,시도,88
202011,대전,계,,시도,831
202011,울산,계,,시도,473
202011,경기,계,,시도,2440
202011,경기,수원시,41111,시(구 합산),0
202011,경기,수원시,41113,시(구 합산),0
202011,경기,수원시,41115,시(구 합산),0
202011,경기,수원시,41117,시(구 합산),0
202011,경기,성남시,41131,시(구 합산),0
202011,경기,성남시,41133,시(구 합산),0
202011,경기,성남시,41135,시(구 합산),0
202011,경기,의정부시,41150,시군구,92
202011,경기,안양시,41171,시(구 합산),3
202011,경기,안양시,41173,시(구 합산),3
202011,경기,부천시,41192,시(구 합산),94
202011,경기,부천시,41194,시(구 합산),94
202011,경기,부천시,41196,시(구 합산),94
202011,경기,부천시,41190,시(구 합산),94
202011,경기,광명시,41210,시군구,0
202011,경기,평택시,41220,시군구,334
202011,경기,동두천시,41250,시군구,0
202011,경기,안산시,41271,시(구 합산),0
202011,경기,안산시,41273,시(구 합산),0
202011,경기,고양시,41281,시(구 합산),227
202011,경기,고양시,41285,시(구 합산),227
202011,경기,고양시,41287,시(구 합산),227
202011,경기,과천시,41290,시군구,0
202011,경기,구리시,41310,시군구,8
202011,경기,남양주시,41360,시군구,90
202011,경기,오산시,41370,시군구,4
202011,경기,시흥시,41390,시군구,78
202011,경기,군포시,41410,시군구,0
202011,경기,의왕시,41430,시군구,0
202011,경기,하남시,41450,시군구,22
202011,경기,용인시,41461,시(구 합산),53
202011,경기,용인시,41463,시(구 합산),53
202011,경기,용인시,41465,시(구 합산),53
202011,경기,파주시,41480,시군구,7
202011,경기,이천시,41500,시군구,4
202011,경기,안성시,41550,시군구,352
202011,경기,김포시,41570,시군구,16
202011,경기,양주시,41630,시군구,629
202011,경기,여주시,41670,시군구,1
202011,경기,화성시,41591,시(구 합산),106
202011,경기,화성시,41593,시(구 합산),106
202011,경기,화성시,41595,시(구 합산),106
202011,경기,화성시,41597,시(구 합산),106
202011,경기,화성시,41590,시(구 합산),106
202011,경기,광주시,41610,시군구,20
202011,경기,연천군,41800,시군구,0
202011,경기,포천시,41650,시군구,17
202011,경기,가평군,41820,시군구,22
202011,경기,양평군,41830,시군구,261
202011,강원,계,,시도,2648
202011,충북,계,,시도,275
202011,충남,계,,시도,3582
202011,세종,계,,시도,0
202011,전북,계,,시도,400
202011,전남,계,,시도,1059
202011,경북,계,,시도,2541
202011,경남,계,,시도,5581
202011,제주,계,,시도,1208
202012,서울,계,,시도,49
202012,서울,종로구,11110,시군구,
202012,서울,중구,11140,시군구,
202012,서울,용산구,11170,시군구,
202012,서울,성동구,11200,시군구,0
202012,서울,광진구,11215,시군구,1
202012,서울,동대문구,11230,시군구,
202012,서울,중랑구,11260,시군구,
202012,서울,성북구,11290,시군구,
202012,서울,강북구,11305,시군구,
202012,서울,도봉구,11320,시군구,0
202012,서울,노원구,11350,시군구,
202012,서울,은평구,11380,시군구,
202012,서울,서대문구,11410,시군구,
202012,서울,마포구,11440,시군구,
202012,서울,양천구,11470,시군구,0
202012,서울,강서구,11500,시군구,
202012,서울,구로구,11530,시군구,
202012,서울,금천구,11545,시군구,
202012,서울,영등포구,11560,시군구,
202012,서울,동작구,11590,시군구,
202012,서울,관악구,11620,시군구,0
202012,서울,서초구,11650,시군구,0
202012,서울,강남구,11680,시군구,
202012,서울,송파구,11710,시군구,0
202012,서울,강동구,11740,시군구,48
202012,부산,계,,시도,973
202012,대구,계,,시도,280
202012,인천,계,,시도,466
202012,인천,중구,28110,시군구,196
202012,인천,남동구,28200,시군구,18
202012,인천,서구,28260,시군구,86
202012,인천,연수구,28185,시군구,0
202012,인천,미추홀구,28177,시군구,160
202012,인천,동구,28140,시군구,0
202012,인천,부평구,28237,시군구,6
202012,인천,계양구,28245,시군구,0
202012,인천,강화군,28710,시군구,0
202012,인천,옹진군,28720,시군구,0
202012,광주,계,,시도,31
202012,대전,계,,시도,638
202012,울산,계,,시도,468
202012,세종,계,,시도,0
202012,경기,계,,시도,1616
202012,경기,수원시,41111,시(구 합산),0
202012,경기,수원시,41113,시(구 합산),0
202012,경기,수원시,41115,시(구 합산),0
202012,경기,수원시,41117,시(구 합산),0
202012,경기,성남시,41131,시(구 합산),0
202012,경기,성남시,41133,시(구 합산),0
202012,경기,성남시,41135,시(구 합산),0
202012,경기,의정부시,41150,시군구,65
202012,경기,안양시,41171,시(구 합산),3
202012,경기,안양시,41173,시(구 합산),3
202012,경기,부천시,41192,시(구 합산),94
202012,경기,부천시,41194,시(구 합산),94
202012,경기,부천시,41196,시(구 합산),94
202012,경기,부천시,41190,시(구 합산),94
202012,경기,광명시,41210,시군구,0
202012,경기,평택시,41220,시군구,292
202012,경기,동두천시,41250,시군구,0
202012,경기,안산시,41271,시(구 합산),0
202012,경기,안산시,41273,시(구 합산),0
202012,경기,고양시,41281,시(구 합산),218
202012,경기,고양시,41285,시(구 합산),218
202012,경기,고양시,41287,시(구 합산),218
202012,경기,과천시,41290,시군구,0
202012,경기,구리시,41310,시군구,8
202012,경기,남양주시,41360,시군구,67
202012,경기,오산시,41370,시군구,4
202012,경기,시흥시,41390,시군구,78
202012,경기,군포시,41410,시군구,0
202012,경기,의왕시,41430,시군구,0
202012,경기,하남시,41450,시군구,22
202012,경기,용인시,41461,시(구 합산),40
202012,경기,용인시,41463,시(구 합산),40
202012,경기,용인시,41465,시(구 합산),40
202012,경기,파주시,41480,시군구,5
202012,경기,이천시,41500,시군구,4
202012,경기,안성시,41550,시군구,267
202012,경기,김포시,41570,시군구,5
202012,경기,양주시,41630,시군구,42
202012,경기,여주시,41670,시군구,0
202012,경기,화성시,41591,시(구 합산),106
202012,경기,화성시,41593,시(구 합산),106
202012,경기,화성시,41595,시(구 합산),106
202012,경기,화성시,41597,시(구 합산),106
202012,경기,화성시,41590,시(구 합산),106
202012,경기,광주시,41610,시군구,20
202012,경기,연천군,41800,시군구,0
202012,경기,포천시,41650,시군구,17
202012,경기,가평군,41820,시군구,12
202012,경기,양평군,41830,시군구,247
202012,강원,계,,시도,3115
202012,충북,계,,시도,273
202012,충남,계,,시도,2510
202012,전북,계,,시도,661
202012,전남,계,,시도,1059
202012,경북,계,,시도,2154
202012,경남,계,,시도,3617
202012,제주,계,,시도,1095
202101,서울,계,,시도,49
202101,서울,종로구,11110,시군구,
202101,서울,중구,11140,시군구,
202101,서울,용산구,11170,시군구,
202101,서울,성동구,11200,시군구,0
202101,서울,광진구,11215,시군구,1
202101,서울,동대문구,11230,시군구,
202101,서울,중랑구,11260,시군구,
202101,서울,성북구,11290,시군구,
202101,서울,강북구,11305,시군구,
202101,서울,도봉구,11320,시군구,0
202101,서울,노원구,11350,시군구,
202101,서울,은평구,11380,시군구,
202101,서울,서대문구,11410,시군구,
202101,서울,마포구,11440,시군구,
202101,서울,양천구,11470,시군구,0
202101,서울,강서구,11500,시군구,
202101,서울,구로구,11530,시군구,
202101,서울,금천구,11545,시군구,
202101,서울,영등포구,11560,시군구,
202101,서울,동작구,11590,시군구,
202101,서울,관악구,11620,시군구,0
202101,서울,서초구,11650,시군구,0
202101,서울,강남구,11680,시군구,
202101,서울,송파구,11710,시군구,0
202101,서울,강동구,11740,시군구,48
202101,부산,계,,시도,944
202101,대구,계,,시도,419
202101,인천,계,,시도,245
202101,인천,중구,28110,시군구,104
202101,인천,남동구,28200,시군구,18
202101,인천,서구,28260,시군구,26
202101,인천,연수구,28185,시군구,0
202101,인천,미추홀구,28177,시군구,93
202101,인천,동구,28140,시군구,0
202101,인천,부평구,28237,시군구,4
202101,인천,계양구,28245,시군구,0
202101,인천,강화군,28710,시군구,0
202101,인천,옹진군,28720,시군구,0
202101,광주,계,,시도,307
202101,대전,계,,시도,635
202101,울산,계,,시도,438
202101,세종,계,,시도,0
202101,경기,계,,시도,1567
202101,경기,수원시,41111,시(구 합산),0
202101,경기,수원시,41113,시(구 합산),0
202101,경기,수원시,41115,시(구 합산),0
202101,경기,수원시,41117,시(구 합산),0
202101,경기,성남시,41131,시(구 합산),0
202101,경기,성남시,41133,시(구 합산),0
202101,경기,성남시,41135,시(구 합산),0
202101,경기,의정부시,41150,시군구,51
202101,경기,안양시,41171,시(구 합산),3
202101,경기,안양시,41173,시(구 합산),3
202101,경기,부천시,41192,시(구 합산),78
202101,경기,부천시,41194,시(구 합산),78
202101,경기,부천시,41196,시(구 합산),78
202101,경기,부천시,41190,시(구 합산),78
202101,경기,광명시,41210,시군구,0
202101,경기,평택시,41220,시군구,253
202101,경기,동두천시,41250,시군구,0
202101,경기,안산시,41271,시(구 합산),0
202101,경기,안산시,41273,시(구 합산),0
202101,경기,고양시,41281,시(구 합산),192
202101,경기,고양시,41285,시(구 합산),192
202101,경기,고양시,41287,시(구 합산),192
202101,경기,과천시,41290,시군구,0
202101,경기,구리시,41310,시군구,8
202101,경기,남양주시,41360,시군구,67
202101,경기,오산시,41370,시군구,4
202101,경기,시흥시,41390,시군구,78
202101,경기,군포시,41410,시군구,0
202101,경기,의왕시,41430,시군구,0
202101,경기,하남시,41450,시군구,22
202101,경기,용인시,41461,시(구 합산),30
202101,경기,용인시,41463,시(구 합산),30
202101,경기,용인시,41465,시(구 합산),30
202101,경기,파주시,41480,시군구,3
202101,경기,이천시,41500,시군구,3
202101,경기,안성시,41550,시군구,192
202101,경기,김포시,41570,시군구,5
202101,경기,양주시,41630,시군구,18
202101,경기,여주시,41670,시군구,31
202101,경기,화성시,41591,시(구 합산),257
202101,경기,화성시,41593,시(구 합산),257
202101,경기,화성시,41595,시(구 합산),257
202101,경기,화성시,41597,시(구 합산),257
202101,경기,화성시,41590,시(구 합산),257
202101,경기,광주시,41610,시군구,20
202101,경기,연천군,41800,시군구,0
202101,경기,포천시,41650,시군구,2
202101,경기,가평군,41820,시군구,9
202101,경기,양평군,41830,시군구,241
202101,강원,계,,시도,2671
202101,충북,계,,시도,234
202101,충남,계,,시도,2061
202101,전북,계,,시도,251
202101,전남,계,,시도,1046
202101,경북,계,,시도,2049
202101,경남,계,,시도,2964
202101,제주,계,,시도,1250
202102,서울,계,,시도,88
202102,서울,종로구,11110,시군구,0
202102,서울,중구,11140,시군구,0
202102,서울,용산구,11170,시군구,0
202102,서울,성동구,11200,시군구,0
202102,서울,광진구,11215,시군구,1
202102,서울,동대문구,11230,시군구,0
202102,서울,중랑구,11260,시군구,0
202102,서울,성북구,11290,시군구,0
202102,서울,강북구,11305,시군구,0
202102,서울,도봉구,11320,시군구,0
202102,서울,노원구,11350,시군구,0
202102,서울,은평구,11380,시군구,0
202102,서울,서대문구,11410,시군구,0
202102,서울,마포구,11440,시군구,0
202102,서울,양천구,11470,시군구,0
202102,서울,강서구,11500,시군구,0
202102,서울,구로구,11530,시군구,39
202102,서울,금천구,11545,시군구,0
202102,서울,영등포구,11560,시군구,0
202102,서울,동작구,11590,시군구,0
202102,서울,관악구,11620,시군구,0
202102,서울,서초구,11650,시군구,0
202102,서울,강남구,11680,시군구,0
202102,서울,송파구,11710,시군구,0
202102,서울,강동구,11740,시군구,48
202102,부산,계,,시도,966
202102,대구,계,,시도,195
202102,인천,계,,시도,142
202102,인천,중구,28110,시군구,75
202102,인천,남동구,28200,시군구,18
202102,인천,서구,28260,시군구,25
202102,인천,연수구,28185,시군구,0
202102,인천,미추홀구,28177,시군구,20
202102,인천,동구,28140,시군구,0
202102,인천,부평구,28237,시군구,4
202102,인천,계양구,28245,시군구,0
202102,인천,강화군,28710,시군구,0
202102,인천,옹진군,28720,시군구,0
202102,광주,계,,시도,44
202102,대전,계,,시도,599
202102,울산,계,,시도,436
202102,경기,계,,시도,1367
202102,경기,수원시,41111,시(구 합산),0
202102,경기,수원시,41113,시(구 합산),0
202102,경기,수원시,41115,시(구 합산),0
202102,경기,수원시,41117,시(구 합산),0
202102,경기,성남시,41131,시(구 합산),0
202102,경기,성남시,41133,시(구 합산),0
202102,경기,성남시,41135,시(구 합산),0
202102,경기,의정부시,41150,시군구,33
202102,경기,안양시,41171,시(구 합산),0
202102,경기,안양시,41173,시(구 합산),0
202102,경기,부천시,41192,시(구 합산),114
202102,경기,부천시,41194,시(구 합산),114
202102,경기,부천시,41196,시(구 합산),114
202102,경기,부천시,41190,시(구 합산),114
202102,경기,광명시,41210,시군구,0
202102,경기,평택시,41220,시군구,190
202102,경기,동두천시,41250,시군구,0
202102,경기,안산시,41271,시(구 합산),0
202102,경기,안산시,41273,시(구 합산),0
202102,경기,고양시,41281,시(구 합산),190
202102,경기,고양시,41285,시(구 합산),190
202102,경기,고양시,41287,시(구 합산),190
202102,경기,과천시,41290,시군구,0
202102,경기,구리시,41310,시군구,8
202102,경기,남양주시,41360,시군구,57
202102,경기,오산시,41370,시군구,4
202102,경기,시흥시,41390,시군구,76
202102,경기,군포시,41410,시군구,0
202102,경기,의왕시,41430,시군구,0
202102,경기,하남시,41450,시군구,22
202102,경기,용인시,41461,시(구 합산),29
202102,경기,용인시,41463,시(구 합산),29
202102,경기,용인시,41465,시(구 합산),29
202102,경기,파주시,41480,시군구,2
202102,경기,이천시,41500,시군구,3
202102,경기,안성시,41550,시군구,68
202102,경기,김포시,41570,시군구,5
202102,경기,양주시,41630,시군구,17
202102,경기,여주시,41670,시군구,27
202102,경기,화성시,41591,시(구 합산),250
202102,경기,화성시,41593,시(구 합산),250
202102,경기,화성시,41595,시(구 합산),250
202102,경기,화성시,41597,시(구 합산),250
202102,경기,화성시,41590,시(구 합산),250
202102,경기,광주시,41610,시군구,20
202102,경기,연천군,41800,시군구,0
202102,경기,포천시,41650,시군구,2
202102,경기,가평군,41820,시군구,9
202102,경기,양평군,41830,시군구,241
202102,강원,계,,시도,2340
202102,충북,계,,시도,211
202102,충남,계,,시도,1913
202102,세종,계,,시도,0
202102,전북,계,,시도,227
202102,전남,계,,시도,964
202102,경북,계,,시도,2493
202102,경남,계,,시도,2580
202102,제주,계,,시도,1221
202103,서울,계,,시도,82
202103,서울,종로구,11110,시군구,0
202103,서울,중구,11140,시군구,0
202103,서울,용산구,11170,시군구,0
202103,서울,성동구,11200,시군구,0
202103,서울,광진구,11215,시군구,1
202103,서울,동대문구,11230,시군구,0
202103,서울,중랑구,11260,시군구,0
202103,서울,성북구,11290,시군구,0
202103,서울,강북구,11305,시군구,0
202103,서울,도봉구,11320,시군구,0
202103,서울,노원구,11350,시군구,0
202103,서울,은평구,11380,시군구,0
202103,서울,서대문구,11410,시군구,0
202103,서울,마포구,11440,시군구,0
202103,서울,양천구,11470,시군구,0
202103,서울,강서구,11500,시군구,0
202103,서울,구로구,11530,시군구,34
202103,서울,금천구,11545,시군구,0
202103,서울,영등포구,11560,시군구,0
202103,서울,동작구,11590,시군구,0
202103,서울,관악구,11620,시군구,0
202103,서울,서초구,11650,시군구,0
202103,서울,강남구,11680,시군구,0
202103,서울,송파구,11710,시군구,0
202103,서울,강동구,11740,시군구,47
202103,부산,계,,시도,1032
202103,대구,계,,시도,153
202103,인천,계,,시도,130
202103,인천,중구,28110,시군구,75
202103,인천,남동구,28200,시군구,18
202103,인천,서구,28260,시군구,25
202103,인천,연수구,28185,시군구,0
202103,인천,미추홀구,28177,시군구,7
202103,인천,동구,28140,시군구,0
202103,인천,부평구,28237,시군구,5
202103,인천,계양구,28245,시군구,0
202103,인천,강화군,28710,시군구,0
202103,인천,옹진군,28720,시군구,0
202103,광주,계,,시도,44
202103,대전,계,,시도,592
202103,울산,계,,시도,419
202103,경기,계,,시도,1308
202103,경기,수원시,41111,시(구 합산),0
202103,경기,수원시,41113,시(구 합산),0
202103,경기,수원시,41115,시(구 합산),0
202103,경기,수원시,41117,시(구 합산),0
202103,경기,성남시,41131,시(구 합산),0
202103,경기,성남시,41133,시(구 합산),0
202103,경기,성남시,41135,시(구 합산),0
202103,경기,의정부시,41150,시군구,19
202103,경기,안양시,41171,시(구 합산),0
202103,경기,안양시,41173,시(구 합산),0
202103,경기,부천시,41192,시(구 합산),227
202103,경기,부천시,41194,시(구 합산),227
202103,경기,부천시,41196,시(구 합산),227
202103,경기,부천시,41190,시(구 합산),227
202103,경기,광명시,41210,시군구,0
202103,경기,평택시,41220,시군구,133
202103,경기,동두천시,41250,시군구,0
202103,경기,안산시,41271,시(구 합산),0
202103,경기,안산시,41273,시(구 합산),0
202103,경기,고양시,41281,시(구 합산),176
202103,경기,고양시,41285,시(구 합산),176
202103,경기,고양시,41287,시(구 합산),176
202103,경기,과천시,41290,시군구,0
202103,경기,구리시,41310,시군구,5
202103,경기,남양주시,41360,시군구,57
202103,경기,오산시,41370,시군구,4
202103,경기,시흥시,41390,시군구,71
202103,경기,군포시,41410,시군구,0
202103,경기,의왕시,41430,시군구,0
202103,경기,하남시,41450,시군구,22
202103,경기,용인시,41461,시(구 합산),29
202103,경기,용인시,41463,시(구 합산),29
202103,경기,용인시,41465,시(구 합산),29
202103,경기,파주시,41480,시군구,2
202103,경기,이천시,41500,시군구,3
202103,경기,안성시,41550,시군구,25
202103,경기,김포시,41570,시군구,5
202103,경기,양주시,41630,시군구,17
202103,경기,여주시,41670,시군구,8
202103,경기,화성시,41591,시(구 합산),232
202103,경기,화성시,41593,시(구 합산),232
202103,경기,화성시,41595,시(구 합산),232
202103,경기,화성시,41597,시(구 합산),232
202103,경기,화성시,41590,시(구 합산),232
202103,경기,광주시,41610,시군구,20
202103,경기,연천군,41800,시군구,0
202103,경기,포천시,41650,시군구,4
202103,경기,가평군,41820,시군구,8
202103,경기,양평군,41830,시군구,241
202103,강원,계,,시도,2063
202103,충북,계,,시도,760
202103,충남,계,,시도,1758
202103,세종,계,,시도,0
202103,전북,계,,시도,170
202103,전남,계,,시도,1017
202103,경북,계,,시도,2488
202103,경남,계,,시도,2123
202103,제주,계,,시도,1131
202104,서울,계,,시도,76
202104,서울,종로구,11110,시군구,0
202104,서울,중구,11140,시군구,0
202104,서울,용산구,11170,시군구,0
202104,서울,성동구,11200,시군구,0
202104,서울,광진구,11215,시군구,1
202104,서울,동대문구,11230,시군구,0
202104,서울,중랑구,11260,시군구,0
202104,서울,성북구,11290,시군구,0
202104,서울,강북구,11305,시군구,0
202104,서울,도봉구,11320,시군구,0
202104,서울,노원구,11350,시군구,0
202104,서울,은평구,11380,시군구,0
202104,서울,서대문구,11410,시군구,0
202104,서울,마포구,11440,시군구,0
202104,서울,양천구,11470,시군구,0
202104,서울,강서구,11500,시군구,0
202104,서울,구로구,11530,시군구,28
202104,서울,금천구,11545,시군구,0
202104,서울,영등포구,11560,시군구,0
202104,서울,동작구,11590,시군구,0
202104,서울,관악구,11620,시군구,0
202104,서울,서초구,11650,시군구,0
202104,서울,강남구,11680,시군구,0
202104,서울,송파구,11710,시군구,0
202104,서울,강동구,11740,시군구,47
202104,부산,계,,시도,1086
202104,대구,계,,시도,897
202104,인천,계,,시도,123
202104,인천,중구,28110,시군구,75
202104,인천,남동구,28200,시군구,18
202104,인천,서구,28260,시군구,25
202104,인천,연수구,28185,시군구,0
202104,인천,미추홀구,28177,시군구,0
202104,인천,동구,28140,시군구,0
202104,인천,부평구,28237,시군구,5
202104,인천,계양구,28245,시군구,0
202104,인천,강화군,28710,시군구,0
202104,인천,옹진군,28720,시군구,0
202104,광주,계,,시도,75
202104,대전,계,,시도,578
202104,울산,계,,시도,419
202104,경기,계,,시도,1390
202104,경기,수원시,41111,시(구 합산),0
202104,경기,수원시,41113,시(구 합산),0
202104,경기,수원시,41115,시(구 합산),0
202104,경기,수원시,41117,시(구 합산),0
202104,경기,성남시,41131,시(구 합산),0
202104,경기,성남시,41133,시(구 합산),0
202104,경기,성남시,41135,시(구 합산),0
202104,경기,의정부시,41150,시군구,12
202104,경기,안양시,41171,시(구 합산),0
202104,경기,안양시,41173,시(구 합산),0
202104,경기,부천시,41192,시(구 합산),197
202104,경기,부천시,41194,시(구 합산),197
202104,경기,부천시,41196,시(구 합산),197
202104,경기,부천시,41190,시(구 합산),197
202104,경기,광명시,41210,시군구,0
202104,경기,평택시,41220,시군구,132
202104,경기,동두천시,41250,시군구,0
202104,경기,안산시,41271,시(구 합산),0
202104,경기,안산시,41273,시(구 합산),0
202104,경기,고양시,41281,시(구 합산),202
202104,경기,고양시,41285,시(구 합산),202
202104,경기,고양시,41287,시(구 합산),202
202104,경기,과천시,41290,시군구,0
202104,경기,구리시,41310,시군구,5
202104,경기,남양주시,41360,시군구,30
202104,경기,오산시,41370,시군구,156
202104,경기,시흥시,41390,시군구,83
202104,경기,군포시,41410,시군구,0
202104,경기,의왕시,41430,시군구,0
202104,경기,하남시,41450,시군구,22
202104,경기,용인시,41461,시(구 합산),20
202104,경기,용인시,41463,시(구 합산),20
202104,경기,용인시,41465,시(구 합산),20
202104,경기,파주시,41480,시군구,2
202104,경기,이천시,41500,시군구,3
202104,경기,안성시,41550,시군구,16
202104,경기,김포시,41570,시군구,1
202104,경기,양주시,41630,시군구,17
202104,경기,여주시,41670,시군구,0
202104,경기,화성시,41591,시(구 합산),224
202104,경기,화성시,41593,시(구 합산),224
202104,경기,화성시,41595,시(구 합산),224
202104,경기,화성시,41597,시(구 합산),224
202104,경기,화성시,41590,시(구 합산),224
202104,경기,광주시,41610,시군구,18
202104,경기,연천군,41800,시군구,0
202104,경기,포천시,41650,시군구,2
202104,경기,가평군,41820,시군구,7
202104,경기,양평군,41830,시군구,241
202104,강원,계,,시도,1817
202104,충북,계,,시도,680
202104,충남,계,,시도,1637
202104,세종,계,,시도,0
202104,전북,계,,시도,125
202104,전남,계,,시도,999
202104,경북,계,,시도,2259
202104,경남,계,,시도,2603
202104,제주,계,,시도,1034
202105,서울,계,,시도,71
202105,서울,종로구,11110,시군구,0
202105,서울,중구,11140,시군구,0
202105,서울,용산구,11170,시군구,0
202105,서울,성동구,11200,시군구,0
202105,서울,광진구,11215,시군구,1
202105,서울,동대문구,11230,시군구,0
202105,서울,중랑구,11260,시군구,0
202105,서울,성북구,11290,시군구,0
202105,서울,강북구,11305,시군구,0
202105,서울,도봉구,11320,시군구,0
202105,서울,노원구,11350,시군구,0
202105,서울,은평구,11380,시군구,0
202105,서울,서대문구,11410,시군구,0
202105,서울,마포구,11440,시군구,0
202105,서울,양천구,11470,시군구,0
202105,서울,강서구,11500,시군구,0
202105,서울,구로구,11530,시군구,23
202105,서울,금천구,11545,시군구,0
202105,서울,영등포구,11560,시군구,0
202105,서울,동작구,11590,시군구,0
202105,서울,관악구,11620,시군구,0
202105,서울,서초구,11650,시군구,0
202105,서울,강남구,11680,시군구,0
202105,서울,송파구,11710,시군구,0
202105,서울,강동구,11740,시군구,47
202105,부산,계,,시도,1076
202105,대구,계,,시도,1185
202105,인천,계,,시도,125
202105,인천,중구,28110,시군구,75
202105,인천,남동구,28200,시군구,14
202105,인천,서구,28260,시군구,25
202105,인천,연수구,28185,시군구,0
202105,인천,미추홀구,28177,시군구,0
202105,인천,동구,28140,시군구,0
202105,인천,부평구,28237,시군구,11
202105,인천,계양구,28245,시군구,0
202105,인천,강화군,28710,시군구,0
202105,인천,옹진군,28720,시군구,0
202105,광주,계,,시도,73
202105,대전,계,,시도,572
202105,울산,계,,시도,508
202105,경기,계,,시도,1107
202105,경기,수원시,41111,시(구 합산),0
202105,경기,수원시,41113,시(구 합산),0
202105,경기,수원시,41115,시(구 합산),0
202105,경기,수원시,41117,시(구 합산),0
202105,경기,성남시,41131,시(구 합산),0
202105,경기,성남시,41133,시(구 합산),0
202105,경기,성남시,41135,시(구 합산),0
202105,경기,의정부시,41150,시군구,5
202105,경기,안양시,41171,시(구 합산),0
202105,경기,안양시,41173,시(구 합산),0
202105,경기,부천시,41192,시(구 합산),192
202105,경기,부천시,41194,시(구 합산),192
202105,경기,부천시,41196,시(구 합산),192
202105,경기,부천시,41190,시(구 합산),192
202105,경기,광명시,41210,시군구,0
202105,경기,평택시,41220,시군구,112
202105,경기,동두천시,41250,시군구,0
202105,경기,안산시,41271,시(구 합산),0
202105,경기,안산시,41273,시(구 합산),0
202105,경기,고양시,41281,시(구 합산),133
202105,경기,고양시,41285,시(구 합산),133
202105,경기,고양시,41287,시(구 합산),133
202105,경기,과천시,41290,시군구,0
202105,경기,구리시,41310,시군구,5
202105,경기,남양주시,41360,시군구,30
202105,경기,오산시,41370,시군구,4
202105,경기,시흥시,41390,시군구,76
202105,경기,군포시,41410,시군구,0
202105,경기,의왕시,41430,시군구,0
202105,경기,하남시,41450,시군구,22
202105,경기,용인시,41461,시(구 합산),16
202105,경기,용인시,41463,시(구 합산),16
202105,경기,용인시,41465,시(구 합산),16
202105,경기,파주시,41480,시군구,1
202105,경기,이천시,41500,시군구,3
202105,경기,안성시,41550,시군구,12
202105,경기,김포시,41570,시군구,1
202105,경기,양주시,41630,시군구,17
202105,경기,여주시,41670,시군구,0
202105,경기,화성시,41591,시(구 합산),230
202105,경기,화성시,41593,시(구 합산),230
202105,경기,화성시,41595,시(구 합산),230
202105,경기,화성시,41597,시(구 합산),230
202105,경기,화성시,41590,시(구 합산),230
202105,경기,광주시,41610,시군구,17
202105,경기,연천군,41800,시군구,0
202105,경기,포천시,41650,시군구,2
202105,경기,가평군,41820,시군구,7
202105,경기,양평군,41830,시군구,222
202105,강원,계,,시도,1605
202105,충북,계,,시도,751
202105,충남,계,,시도,1508
202105,세종,계,,시도,0
202105,전북,계,,시도,275
202105,전남,계,,시도,981
202105,경북,계,,시도,2070
202105,경남,계,,시도,2753
202105,제주,계,,시도,1000
202106,서울,계,,시도,65
202106,서울,종로구,11110,시군구,0
202106,서울,중구,11140,시군구,0
202106,서울,용산구,11170,시군구,0
202106,서울,성동구,11200,시군구,0
202106,서울,광진구,11215,시군구,1
202106,서울,동대문구,11230,시군구,0
202106,서울,중랑구,11260,시군구,0
202106,서울,성북구,11290,시군구,0
202106,서울,강북구,11305,시군구,0
202106,서울,도봉구,11320,시군구,0
202106,서울,노원구,11350,시군구,0
202106,서울,은평구,11380,시군구,0
202106,서울,서대문구,11410,시군구,0
202106,서울,마포구,11440,시군구,0
202106,서울,양천구,11470,시군구,0
202106,서울,강서구,11500,시군구,0
202106,서울,구로구,11530,시군구,17
202106,서울,금천구,11545,시군구,0
202106,서울,영등포구,11560,시군구,0
202106,서울,동작구,11590,시군구,0
202106,서울,관악구,11620,시군구,0
202106,서울,서초구,11650,시군구,0
202106,서울,강남구,11680,시군구,0
202106,서울,송파구,11710,시군구,0
202106,서울,강동구,11740,시군구,47
202106,부산,계,,시도,1048
202106,대구,계,,시도,1017
202106,인천,계,,시도,334
202106,인천,중구,28110,시군구,75
202106,인천,남동구,28200,시군구,11
202106,인천,서구,28260,시군구,239
202106,인천,연수구,28185,시군구,0
202106,인천,미추홀구,28177,시군구,0
202106,인천,동구,28140,시군구,0
202106,인천,부평구,28237,시군구,9
202106,인천,계양구,28245,시군구,0
202106,인천,강화군,28710,시군구,0
202106,인천,옹진군,28720,시군구,0
202106,광주,계,,시도,66
202106,대전,계,,시도,565
202106,울산,계,,시도,407
202106,경기,계,,시도,1267
202106,경기,수원시,41111,시(구 합산),0
202106,경기,수원시,41113,시(구 합산),0
202106,경기,수원시,41115,시(구 합산),0
202106,경기,수원시,41117,시(구 합산),0
202106,경기,성남시,41131,시(구 합산),0
202106,경기,성남시,41133,시(구 합산),0
202106,경기,성남시,41135,시(구 합산),0
202106,경기,의정부시,41150,시군구,5
202106,경기,안양시,41171,시(구 합산),0
202106,경기,안양시,41173,시(구 합산),0
202106,경기,부천시,41192,시(구 합산),180
202106,경기,부천시,41194,시(구 합산),180
202106,경기,부천시,41196,시(구 합산),180
202106,경기,부천시,41190,시(구 합산),180
202106,경기,광명시,41210,시군구,0
202106,경기,평택시,41220,시군구,131
202106,경기,동두천시,41250,시군구,0
202106,경기,안산시,41271,시(구 합산),0
202106,경기,안산시,41273,시(구 합산),0
202106,경기,고양시,41281,시(구 합산),127
202106,경기,고양시,41285,시(구 합산),127
202106,경기,고양시,41287,시(구 합산),127
202106,경기,과천시,41290,시군구,0
202106,경기,구리시,41310,시군구,2
202106,경기,남양주시,41360,시군구,30
202106,경기,오산시,41370,시군구,4
202106,경기,시흥시,41390,시군구,75
202106,경기,군포시,41410,시군구,0
202106,경기,의왕시,41430,시군구,0
202106,경기,하남시,41450,시군구,22
202106,경기,용인시,41461,시(구 합산),12
202106,경기,용인시,41463,시(구 합산),12
202106,경기,용인시,41465,시(구 합산),12
202106,경기,파주시,41480,시군구,1
202106,경기,이천시,41500,시군구,158
202106,경기,안성시,41550,시군구,8
202106,경기,김포시,41570,시군구,1
202106,경기,양주시,41630,시군구,12
202106,경기,여주시,41670,시군구,0
202106,경기,화성시,41591,시(구 합산),214
202106,경기,화성시,41593,시(구 합산),214
202106,경기,화성시,41595,시(구 합산),214
202106,경기,화성시,41597,시(구 합산),214
202106,경기,화성시,41590,시(구 합산),214
202106,경기,광주시,41610,시군구,17
202106,경기,연천군,41800,시군구,0
202106,경기,포천시,41650,시군구,73
202106,경기,가평군,41820,시군구,7
202106,경기,양평군,41830,시군구,188
202106,강원,계,,시도,1517
202106,충북,계,,시도,541
202106,충남,계,,시도,1856
202106,세종,계,,시도,0
202106,전북,계,,시도,258
202106,전남,계,,시도,1335
202106,경북,계,,시도,1952
202106,경남,계,,시도,3074
202106,제주,계,,시도,987
202107,서울,계,,시도,59
202107,서울,종로구,11110,시군구,0
202107,서울,중구,11140,시군구,0
202107,서울,용산구,11170,시군구,0
202107,서울,성동구,11200,시군구,0
202107,서울,광진구,11215,시군구,1
202107,서울,동대문구,11230,시군구,0
202107,서울,중랑구,11260,시군구,0
202107,서울,성북구,11290,시군구,0
202107,서울,강북구,11305,시군구,0
202107,서울,도봉구,11320,시군구,0
202107,서울,노원구,11350,시군구,0
202107,서울,은평구,11380,시군구,0
202107,서울,서대문구,11410,시군구,0
202107,서울,마포구,11440,시군구,0
202107,서울,양천구,11470,시군구,0
202107,서울,강서구,11500,시군구,0
202107,서울,구로구,11530,시군구,11
202107,서울,금천구,11545,시군구,0
202107,서울,영등포구,11560,시군구,0
202107,서울,동작구,11590,시군구,0
202107,서울,관악구,11620,시군구,0
202107,서울,서초구,11650,시군구,0
202107,서울,강남구,11680,시군구,0
202107,서울,송파구,11710,시군구,0
202107,서울,강동구,11740,시군구,47
202107,부산,계,,시도,982
202107,대구,계,,시도,1148
202107,인천,계,,시도,341
202107,인천,중구,28110,시군구,83
202107,인천,남동구,28200,시군구,11
202107,인천,서구,28260,시군구,239
202107,인천,연수구,28185,시군구,0
202107,인천,미추홀구,28177,시군구,0
202107,인천,동구,28140,시군구,0
202107,인천,부평구,28237,시군구,8
202107,인천,계양구,28245,시군구,0
202107,인천,강화군,28710,시군구,0
202107,인천,옹진군,28720,시군구,0
202107,광주,계,,시도,54
202107,대전,계,,시도,527
202107,울산,계,,시도,405
202107,경기,계,,시도,981
202107,경기,수원시,41111,시(구 합산),0
202107,경기,수원시,41113,시(구 합산),0
202107,경기,수원시,41115,시(구 합산),0
202107,경기,수원시,41117,시(구 합산),0
202107,경기,성남시,41131,시(구 합산),0
202107,경기,성남시,41133,시(구 합산),0
202107,경기,성남시,41135,시(구 합산),0
202107,경기,의정부시,41150,시군구,18
202107,경기,안양시,41171,시(구 합산),0
202107,경기,안양시,41173,시(구 합산),0
202107,경기,부천시,41192,시(구 합산),59
202107,경기,부천시,41194,시(구 합산),59
202107,경기,부천시,41196,시(구 합산),59
202107,경기,부천시,41190,시(구 합산),59
202107,경기,광명시,41210,시군구,0
202107,경기,평택시,41220,시군구,112
202107,경기,동두천시,41250,시군구,0
202107,경기,안산시,41271,시(구 합산),0
202107,경기,안산시,41273,시(구 합산),0
202107,경기,고양시,41281,시(구 합산),119
202107,경기,고양시,41285,시(구 합산),119
202107,경기,고양시,41287,시(구 합산),119
202107,경기,과천시,41290,시군구,0
202107,경기,구리시,41310,시군구,2
202107,경기,남양주시,41360,시군구,29
202107,경기,오산시,41370,시군구,4
202107,경기,시흥시,41390,시군구,75
202107,경기,군포시,41410,시군구,0
202107,경기,의왕시,41430,시군구,0
202107,경기,하남시,41450,시군구,22
202107,경기,용인시,41461,시(구 합산),4
202107,경기,용인시,41463,시(구 합산),4
202107,경기,용인시,41465,시(구 합산),4
202107,경기,파주시,41480,시군구,1
202107,경기,이천시,41500,시군구,54
202107,경기,안성시,41550,시군구,5
202107,경기,김포시,41570,시군구,1
202107,경기,양주시,41630,시군구,13
202107,경기,여주시,41670,시군구,0
202107,경기,화성시,41591,시(구 합산),230
202107,경기,화성시,41593,시(구 합산),230
202107,경기,화성시,41595,시(구 합산),230
202107,경기,화성시,41597,시(구 합산),230
202107,경기,화성시,41590,시(구 합산),230
202107,경기,광주시,41610,시군구,15
202107,경기,연천군,41800,시군구,40
202107,경기,포천시,41650,시군구,0
202107,경기,가평군,41820,시군구,7
202107,경기,양평군,41830,시군구,171
202107,강원,계,,시도,1496
202107,충북,계,,시도,553
202107,충남,계,,시도,1738
202107,세종,계,,시도,0
202107,전북,계,,시도,227
202107,전남,계,,시도,1298
202107,경북,계,,시도,1757
202107,경남,계,,시도,2699
202107,제주,계,,시도,933
202108,서울,계,,시도,55
202108,서울,종로구,11110,시군구,0
202108,서울,중구,11140,시군구,0
202108,서울,용산구,11170,시군구,0
202108,서울,성동구,11200,시군구,0
202108,서울,광진구,11215,시군구,5
202108,서울,동대문구,11230,시군구,0
202108,서울,중랑구,11260,시군구,0
202108,서울,성북구,11290,시군구,0
202108,서울,강북구,11305,시군구,0
202108,서울,도봉구,11320,시군구,0
202108,서울,노원구,11350,시군구,0
202108,서울,은평구,11380,시군구,0
202108,서울,서대문구,11410,시군구,0
202108,서울,마포구,11440,시군구,0
202108,서울,양천구,11470,시군구,0
202108,서울,강서구,11500,시군구,0
202108,서울,구로구,11530,시군구,4
202108,서울,금천구,11545,시군구,0
202108,서울,영등포구,11560,시군구,0
202108,서울,동작구,11590,시군구,0
202108,서울,관악구,11620,시군구,0
202108,서울,서초구,11650,시군구,0
202108,서울,강남구,11680,시군구,0
202108,서울,송파구,11710,시군구,0
202108,서울,강동구,11740,시군구,46
202108,부산,계,,시도,951
202108,대구,계,,시도,2365
202108,인천,계,,시도,339
202108,인천,중구,28110,시군구,83
202108,인천,남동구,28200,시군구,11
202108,인천,서구,28260,시군구,239
202108,인천,연수구,28185,시군구,1
202108,인천,미추홀구,28177,시군구,0
202108,인천,동구,28140,시군구,0
202108,인천,부평구,28237,시군구,5
202108,인천,계양구,28245,시군구,0
202108,인천,강화군,28710,시군구,0
202108,인천,옹진군,28720,시군구,0
202108,광주,계,,시도,39
202108,대전,계,,시도,503
202108,울산,계,,시도,403
202108,경기,계,,시도,789
202108,경기,수원시,41111,시(구 합산),0
202108,경기,수원시,41113,시(구 합산),0
202108,경기,수원시,41115,시(구 합산),0
202108,경기,수원시,41117,시(구 합산),0
202108,경기,성남시,41131,시(구 합산),0
202108,경기,성남시,41133,시(구 합산),0
202108,경기,성남시,41135,시(구 합산),0
202108,경기,의정부시,41150,시군구,5
202108,경기,안양시,41171,시(구 합산),0
202108,경기,안양시,41173,시(구 합산),0
202108,경기,부천시,41192,시(구 합산),52
202108,경기,부천시,41194,시(구 합산),52
202108,경기,부천시,41196,시(구 합산),52
202108,경기,부천시,41190,시(구 합산),52
202108,경기,광명시,41210,시군구,0
202108,경기,평택시,41220,시군구,112
202108,경기,동두천시,41250,시군구,0
202108,경기,안산시,41271,시(구 합산),0
202108,경기,안산시,41273,시(구 합산),0
202108,경기,고양시,41281,시(구 합산),113
202108,경기,고양시,41285,시(구 합산),113
202108,경기,고양시,41287,시(구 합산),113
202108,경기,과천시,41290,시군구,0
202108,경기,구리시,41310,시군구,2
202108,경기,남양주시,41360,시군구,7
202108,경기,오산시,41370,시군구,4
202108,경기,시흥시,41390,시군구,42
202108,경기,군포시,41410,시군구,0
202108,경기,의왕시,41430,시군구,0
202108,경기,하남시,41450,시군구,22
202108,경기,용인시,41461,시(구 합산),1
202108,경기,용인시,41463,시(구 합산),1
202108,경기,용인시,41465,시(구 합산),1
202108,경기,파주시,41480,시군구,1
202108,경기,이천시,41500,시군구,3
202108,경기,안성시,41550,시군구,0
202108,경기,김포시,41570,시군구,1
202108,경기,양주시,41630,시군구,14
202108,경기,여주시,41670,시군구,0
202108,경기,화성시,41591,시(구 합산),208
202108,경기,화성시,41593,시(구 합산),208
202108,경기,화성시,41595,시(구 합산),208
202108,경기,화성시,41597,시(구 합산),208
202108,경기,화성시,41590,시(구 합산),208
202108,경기,광주시,41610,시군구,15
202108,경기,연천군,41800,시군구,0
202108,경기,포천시,41650,시군구,49
202108,경기,가평군,41820,시군구,7
202108,경기,양평군,41830,시군구,131
202108,강원,계,,시도,1296
202108,충북,계,,시도,340
202108,충남,계,,시도,1320
202108,세종,계,,시도,0
202108,전북,계,,시도,311
202108,전남,계,,시도,1247
202108,경북,계,,시도,1721
202108,경남,계,,시도,2285
202108,제주,계,,시도,900
202109,서울,계,,시도,55
202109,서울,종로구,11110,시군구,0
202109,서울,중구,11140,시군구,0
202109,서울,용산구,11170,시군구,0
202109,서울,성동구,11200,시군구,0
202109,서울,광진구,11215,시군구,5
202109,서울,동대문구,11230,시군구,0
202109,서울,중랑구,11260,시군구,0
202109,서울,성북구,11290,시군구,0
202109,서울,강북구,11305,시군구,0
202109,서울,도봉구,11320,시군구,0
202109,서울,노원구,11350,시군구,0
202109,서울,은평구,11380,시군구,0
202109,서울,서대문구,11410,시군구,0
202109,서울,마포구,11440,시군구,0
202109,서울,양천구,11470,시군구,0
202109,서울,강서구,11500,시군구,0
202109,서울,구로구,11530,시군구,4
202109,서울,금천구,11545,시군구,0
202109,서울,영등포구,11560,시군구,0
202109,서울,동작구,11590,시군구,0
202109,서울,관악구,11620,시군구,0
202109,서울,서초구,11650,시군구,0
202109,서울,강남구,11680,시군구,0
202109,서울,송파구,11710,시군구,0
202109,서울,강동구,11740,시군구,46
202109,부산,계,,시도,962
202109,대구,계,,시도,2093
202109,인천,계,,시도,440
202109,인천,중구,28110,시군구,78
202109,인천,남동구,28200,시군구,11
202109,인천,서구,28260,시군구,238
202109,인천,연수구,28185,시군구,1
202109,인천,미추홀구,28177,시군구,107
202109,인천,동구,28140,시군구,0
202109,인천,부평구,28237,시군구,5
202109,인천,계양구,28245,시군구,0
202109,인천,강화군,28710,시군구,0
202109,인천,옹진군,28720,시군구,0
202109,광주,계,,시도,36
202109,대전,계,,시도,471
202109,울산,계,,시도,467
202109,경기,계,,시도,918
202109,경기,수원시,41111,시(구 합산),0
202109,경기,수원시,41113,시(구 합산),0
202109,경기,수원시,41115,시(구 합산),0
202109,경기,수원시,41117,시(구 합산),0
202109,경기,성남시,41131,시(구 합산),0
202109,경기,성남시,41133,시(구 합산),0
202109,경기,성남시,41135,시(구 합산),0
202109,경기,의정부시,41150,시군구,5
202109,경기,안양시,41171,시(구 합산),0
202109,경기,안양시,41173,시(구 합산),0
202109,경기,부천시,41192,시(구 합산),43
202109,경기,부천시,41194,시(구 합산),43
202109,경기,부천시,41196,시(구 합산),43
202109,경기,부천시,41190,시(구 합산),43
202109,경기,광명시,41210,시군구,0
202109,경기,평택시,41220,시군구,112
202109,경기,동두천시,41250,시군구,0
202109,경기,안산시,41271,시(구 합산),0
202109,경기,안산시,41273,시(구 합산),0
202109,경기,고양시,41281,시(구 합산),113
202109,경기,고양시,41285,시(구 합산),113
202109,경기,고양시,41287,시(구 합산),113
202109,경기,과천시,41290,시군구,0
202109,경기,구리시,41310,시군구,2
202109,경기,남양주시,41360,시군구,7
202109,경기,오산시,41370,시군구,4
202109,경기,시흥시,41390,시군구,42
202109,경기,군포시,41410,시군구,0
202109,경기,의왕시,41430,시군구,0
202109,경기,하남시,41450,시군구,22
202109,경기,용인시,41461,시(구 합산),248
202109,경기,용인시,41463,시(구 합산),248
202109,경기,용인시,41465,시(구 합산),248
202109,경기,파주시,41480,시군구,1
202109,경기,이천시,41500,시군구,3
202109,경기,안성시,41550,시군구,0
202109,경기,김포시,41570,시군구,1
202109,경기,양주시,41630,시군구,14
202109,경기,여주시,41670,시군구,0
202109,경기,화성시,41591,시(구 합산),186
202109,경기,화성시,41593,시(구 합산),186
202109,경기,화성시,41595,시(구 합산),186
202109,경기,화성시,41597,시(구 합산),186
202109,경기,화성시,41590,시(구 합산),186
202109,경기,광주시,41610,시군구,15
202109,경기,연천군,41800,시군구,0
202109,경기,포천시,41650,시군구,0
202109,경기,가평군,41820,시군구,7
202109,경기,양평군,41830,시군구,93
202109,강원,계,,시도,1301
202109,충북,계,,시도,324
202109,충남,계,,시도,1205
202109,세종,계,,시도,0
202109,전북,계,,시도,176
202109,전남,계,,시도,1235
202109,경북,계,,시도,1495
202109,경남,계,,시도,1794
202109,제주,계,,시도,870
202110,서울,계,,시도,55
202110,서울,종로구,11110,시군구,0
202110,서울,중구,11140,시군구,0
202110,서울,용산구,11170,시군구,0
202110,서울,성동구,11200,시군구,0
202110,서울,광진구,11215,시군구,5
202110,서울,동대문구,11230,시군구,0
202110,서울,중랑구,11260,시군구,0
202110,서울,성북구,11290,시군구,0
202110,서울,강북구,11305,시군구,0
202110,서울,도봉구,11320,시군구,0
202110,서울,노원구,11350,시군구,0
202110,서울,은평구,11380,시군구,0
202110,서울,서대문구,11410,시군구,0
202110,서울,마포구,11440,시군구,0
202110,서울,양천구,11470,시군구,0
202110,서울,강서구,11500,시군구,0
202110,서울,구로구,11530,시군구,4
202110,서울,금천구,11545,시군구,0
202110,서울,영등포구,11560,시군구,0
202110,서울,동작구,11590,시군구,0
202110,서울,관악구,11620,시군구,0
202110,서울,서초구,11650,시군구,0
202110,서울,강남구,11680,시군구,0
202110,서울,송파구,11710,시군구,0
202110,서울,강동구,11740,시군구,46
202110,부산,계,,시도,973
202110,대구,계,,시도,1933
202110,인천,계,,시도,428
202110,인천,중구,28110,시군구,75
202110,인천,남동구,28200,시군구,11
202110,인천,서구,28260,시군구,239
202110,인천,연수구,28185,시군구,1
202110,인천,미추홀구,28177,시군구,101
202110,인천,동구,28140,시군구,0
202110,인천,부평구,28237,시군구,1
202110,인천,계양구,28245,시군구,0
202110,인천,강화군,28710,시군구,0
202110,인천,옹진군,28720,시군구,0
202110,광주,계,,시도,33
202110,대전,계,,시도,469
202110,울산,계,,시도,401
202110,경기,계,,시도,807
202110,경기,수원시,41111,시(구 합산),0
202110,경기,수원시,41113,시(구 합산),0
202110,경기,수원시,41115,시(구 합산),0
202110,경기,수원시,41117,시(구 합산),0
202110,경기,성남시,41131,시(구 합산),0
202110,경기,성남시,41133,시(구 합산),0
202110,경기,성남시,41135,시(구 합산),0
202110,경기,의정부시,41150,시군구,38
202110,경기,안양시,41171,시(구 합산),0
202110,경기,안양시,41173,시(구 합산),0
202110,경기,부천시,41192,시(구 합산),30
202110,경기,부천시,41194,시(구 합산),30
202110,경기,부천시,41196,시(구 합산),30
202110,경기,부천시,41190,시(구 합산),30
202110,경기,광명시,41210,시군구,0
202110,경기,평택시,41220,시군구,44
202110,경기,동두천시,41250,시군구,0
202110,경기,안산시,41271,시(구 합산),0
202110,경기,안산시,41273,시(구 합산),0
202110,경기,고양시,41281,시(구 합산),113
202110,경기,고양시,41285,시(구 합산),113
202110,경기,고양시,41287,시(구 합산),113
202110,경기,과천시,41290,시군구,0
202110,경기,구리시,41310,시군구,2
202110,경기,남양주시,41360,시군구,4
202110,경기,오산시,41370,시군구,4
202110,경기,시흥시,41390,시군구,42
202110,경기,군포시,41410,시군구,0
202110,경기,의왕시,41430,시군구,0
202110,경기,하남시,41450,시군구,22
202110,경기,용인시,41461,시(구 합산),232
202110,경기,용인시,41463,시(구 합산),232
202110,경기,용인시,41465,시(구 합산),232
202110,경기,파주시,41480,시군구,1
202110,경기,이천시,41500,시군구,3
202110,경기,안성시,41550,시군구,0
202110,경기,김포시,41570,시군구,1
202110,경기,양주시,41630,시군구,14
202110,경기,여주시,41670,시군구,0
202110,경기,화성시,41591,시(구 합산),202
202110,경기,화성시,41593,시(구 합산),202
202110,경기,화성시,41595,시(구 합산),202
202110,경기,화성시,41597,시(구 합산),202
202110,경기,화성시,41590,시(구 합산),202
202110,경기,광주시,41610,시군구,15
202110,경기,연천군,41800,시군구,0
202110,경기,포천시,41650,시군구,0
202110,경기,가평군,41820,시군구,7
202110,경기,양평군,41830,시군구,33
202110,강원,계,,시도,1172
202110,충북,계,,시도,307
202110,충남,계,,시도,1098
202110,세종,계,,시도,129
202110,전북,계,,시도,171
202110,전남,계,,시도,2074
202110,경북,계,,시도,1703
202110,경남,계,,시도,1449
202110,제주,계,,시도,873
202111,서울,계,,시도,54
202111,서울,종로구,11110,시군구,0
202111,서울,중구,11140,시군구,2
202111,서울,용산구,11170,시군구,0
202111,서울,성동구,11200,시군구,0
202111,서울,광진구,11215,시군구,5
202111,서울,동대문구,11230,시군구,0
202111,서울,중랑구,11260,시군구,0
202111,서울,성북구,11290,시군구,0
202111,서울,강북구,11305,시군구,0
202111,서울,도봉구,11320,시군구,0
202111,서울,노원구,11350,시군구,0
202111,서울,은평구,11380,시군구,0
202111,서울,서대문구,11410,시군구,0
202111,서울,마포구,11440,시군구,0
202111,서울,양천구,11470,시군구,0
202111,서울,강서구,11500,시군구,0
202111,서울,구로구,11530,시군구,1
202111,서울,금천구,11545,시군구,0
202111,서울,영등포구,11560,시군구,0
202111,서울,동작구,11590,시군구,0
202111,서울,관악구,11620,시군구,0
202111,서울,서초구,11650,시군구,0
202111,서울,강남구,11680,시군구,0
202111,서울,송파구,11710,시군구,0
202111,서울,강동구,11740,시군구,46
202111,부산,계,,시도,976
202111,대구,계,,시도,2177
202111,인천,계,,시도,423
202111,인천,중구,28110,시군구,75
202111,인천,남동구,28200,시군구,11
202111,인천,서구,28260,시군구,235
202111,인천,연수구,28185,시군구,0
202111,인천,미추홀구,28177,시군구,101
202111,인천,동구,28140,시군구,0
202111,인천,부평구,28237,시군구,1
202111,인천,계양구,28245,시군구,0
202111,인천,강화군,28710,시군구,0
202111,인천,옹진군,28720,시군구,0
202111,광주,계,,시도,29
202111,대전,계,,시도,602
202111,울산,계,,시도,399
202111,경기,계,,시도,995
202111,경기,수원시,41111,시(구 합산),0
202111,경기,수원시,41113,시(구 합산),0
202111,경기,수원시,41115,시(구 합산),0
202111,경기,수원시,41117,시(구 합산),0
202111,경기,성남시,41131,시(구 합산),0
202111,경기,성남시,41133,시(구 합산),0
202111,경기,성남시,41135,시(구 합산),0
202111,경기,의정부시,41150,시군구,20
202111,경기,안양시,41171,시(구 합산),0
202111,경기,안양시,41173,시(구 합산),0
202111,경기,부천시,41192,시(구 합산),13
202111,경기,부천시,41194,시(구 합산),13
202111,경기,부천시,41196,시(구 합산),13
202111,경기,부천시,41190,시(구 합산),13
202111,경기,광명시,41210,시군구,0
202111,경기,평택시,41220,시군구,0
202111,경기,동두천시,41250,시군구,0
202111,경기,안산시,41271,시(구 합산),0
202111,경기,안산시,41273,시(구 합산),0
202111,경기,고양시,41281,시(구 합산),113
202111,경기,고양시,41285,시(구 합산),113
202111,경기,고양시,41287,시(구 합산),113
202111,경기,과천시,41290,시군구,0
202111,경기,구리시,41310,시군구,2
202111,경기,남양주시,41360,시군구,7
202111,경기,오산시,41370,시군구,4
202111,경기,시흥시,41390,시군구,42
202111,경기,군포시,41410,시군구,0
202111,경기,의왕시,41430,시군구,0
202111,경기,하남시,41450,시군구,22
202111,경기,용인시,41461,시(구 합산),232
202111,경기,용인시,41463,시(구 합산),232
202111,경기,용인시,41465,시(구 합산),232
202111,경기,파주시,41480,시군구,1
202111,경기,이천시,41500,시군구,3
202111,경기,안성시,41550,시군구,0
202111,경기,김포시,41570,시군구,1
202111,경기,양주시,41630,시군구,315
202111,경기,여주시,41670,시군구,0
202111,경기,화성시,41591,시(구 합산),180
202111,경기,화성시,41593,시(구 합산),180
202111,경기,화성시,41595,시(구 합산),180
202111,경기,화성시,41597,시(구 합산),180
202111,경기,화성시,41590,시(구 합산),180
202111,경기,광주시,41610,시군구,15
202111,경기,연천군,41800,시군구,0
202111,경기,포천시,41650,시군구,0
202111,경기,가평군,41820,시군구,7
202111,경기,양평군,41830,시군구,18
202111,강원,계,,시도,1076
202111,충북,계,,시도,288
202111,충남,계,,시도,1057
202111,세종,계,,시도,103
202111,전북,계,,시도,140
202111,전남,계,,시도,1954
202111,경북,계,,시도,1598
202111,경남,계,,시도,1346
202111,제주,계,,시도,877
202112,서울,계,,시도,54
202112,서울,종로구,11110,시군구,0
202112,서울,중구,11140,시군구,2
202112,서울,용산구,11170,시군구,0
202112,서울,성동구,11200,시군구,0
202112,서울,광진구,11215,시군구,5
202112,서울,동대문구,11230,시군구,0
202112,서울,중랑구,11260,시군구,0
202112,서울,성북구,11290,시군구,0
202112,서울,강북구,11305,시군구,0
202112,서울,도봉구,11320,시군구,0
202112,서울,노원구,11350,시군구,0
202112,서울,은평구,11380,시군구,0
202112,서울,서대문구,11410,시군구,0
202112,서울,마포구,11440,시군구,0
202112,서울,양천구,11470,시군구,0
202112,서울,강서구,11500,시군구,0
202112,서울,구로구,11530,시군구,1
202112,서울,금천구,11545,시군구,0
202112,서울,영등포구,11560,시군구,0
202112,서울,동작구,11590,시군구,0
202112,서울,관악구,11620,시군구,0
202112,서울,서초구,11650,시군구,0
202112,서울,강남구,11680,시군구,0
202112,서울,송파구,11710,시군구,0
202112,서울,강동구,11740,시군구,46
202112,부산,계,,시도,949
202112,대구,계,,시도,1977
202112,인천,계,,시도,425
202112,인천,중구,28110,시군구,75
202112,인천,남동구,28200,시군구,11
202112,인천,서구,28260,시군구,237
202112,인천,연수구,28185,시군구,0
202112,인천,미추홀구,28177,시군구,101
202112,인천,동구,28140,시군구,0
202112,인천,부평구,28237,시군구,1
202112,인천,계양구,28245,시군구,0
202112,인천,강화군,28710,시군구,0
202112,인천,옹진군,28720,시군구,0
202112,광주,계,,시도,27
202112,대전,계,,시도,460
202112,울산,계,,시도,397
202112,경기,계,,시도,1030
202112,경기,수원시,41111,시(구 합산),0
202112,경기,수원시,41113,시(구 합산),0
202112,경기,수원시,41115,시(구 합산),0
202112,경기,수원시,41117,시(구 합산),0
202112,경기,성남시,41131,시(구 합산),0
202112,경기,성남시,41133,시(구 합산),0
202112,경기,성남시,41135,시(구 합산),0
202112,경기,의정부시,41150,시군구,24
202112,경기,안양시,41171,시(구 합산),0
202112,경기,안양시,41173,시(구 합산),0
202112,경기,부천시,41192,시(구 합산),10
202112,경기,부천시,41194,시(구 합산),10
202112,경기,부천시,41196,시(구 합산),10
202112,경기,부천시,41190,시(구 합산),10
202112,경기,광명시,41210,시군구,0
202112,경기,평택시,41220,시군구,0
202112,경기,동두천시,41250,시군구,0
202112,경기,안산시,41271,시(구 합산),0
202112,경기,안산시,41273,시(구 합산),0
202112,경기,고양시,41281,시(구 합산),113
202112,경기,고양시,41285,시(구 합산),113
202112,경기,고양시,41287,시(구 합산),113
202112,경기,과천시,41290,시군구,0
202112,경기,구리시,41310,시군구,2
202112,경기,남양주시,41360,시군구,8
202112,경기,오산시,41370,시군구,4
202112,경기,시흥시,41390,시군구,42
202112,경기,군포시,41410,시군구,0
202112,경기,의왕시,41430,시군구,0
202112,경기,하남시,41450,시군구,22
202112,경기,용인시,41461,시(구 합산),232
202112,경기,용인시,41463,시(구 합산),232
202112,경기,용인시,41465,시(구 합산),232
202112,경기,파주시,41480,시군구,1
202112,경기,이천시,41500,시군구,3
202112,경기,안성시,41550,시군구,0
202112,경기,김포시,41570,시군구,1
202112,경기,양주시,41630,시군구,227
202112,경기,여주시,41670,시군구,0
202112,경기,화성시,41591,시(구 합산),305
202112,경기,화성시,41593,시(구 합산),305
202112,경기,화성시,41595,시(구 합산),305
202112,경기,화성시,41597,시(구 합산),305
202112,경기,화성시,41590,시(구 합산),305
202112,경기,광주시,41610,시군구,15
202112,경기,연천군,41800,시군구,0
202112,경기,포천시,41650,시군구,0
202112,경기,가평군,41820,시군구,7
202112,경기,양평군,41830,시군구,14
202112,강원,계,,시도,1648
202112,충북,계,,시도,304
202112,충남,계,,시도,1012
202112,세종,계,,시도,30
202112,전북,계,,시도,133
202112,전남,계,,시도,2163
202112,경북,계,,시도,4386
202112,경남,계,,시도,1879
202112,제주,계,,시도,836
202201,서울,계,,시도,47
202201,서울,종로구,11110,시군구,0
202201,서울,중구,11140,시군구,2
202201,서울,용산구,11170,시군구,0
202201,서울,성동구,11200,시군구,0
202201,서울,광진구,11215,시군구,3
202201,서울,동대문구,11230,시군구,0
202201,서울,중랑구,11260,시군구,0
202201,서울,성북구,11290,시군구,0
202201,서울,강북구,11305,시군구,0
202201,서울,도봉구,11320,시군구,0
202201,서울,노원구,11350,시군구,0
202201,서울,은평구,11380,시군구,0
202201,서울,서대문구,11410,시군구,0
202201,서울,마포구,11440,시군구,0
202201,서울,양천구,11470,시군구,0
202201,서울,강서구,11500,시군구,0
202201,서울,구로구,11530,시군구,1
202201,서울,금천구,11545,시군구,0
202201,서울,영등포구,11560,시군구,0
202201,서울,동작구,11590,시군구,0
202201,서울,관악구,11620,시군구,0
202201,서울,서초구,11650,시군구,0
202201,서울,강남구,11680,시군구,0
202201,서울,송파구,11710,시군구,0
202201,서울,강동구,11740,시군구,41
202201,부산,계,,시도,921
202201,대구,계,,시도,3678
202201,인천,계,,시도,423
202201,인천,중구,28110,시군구,74
202201,인천,남동구,28200,시군구,11
202201,인천,서구,28260,시군구,237
202201,인천,연수구,28185,시군구,0
202201,인천,미추홀구,28177,시군구,101
202201,인천,동구,28140,시군구,0
202201,인천,부평구,28237,시군구,0
202201,인천,계양구,28245,시군구,0
202201,인천,강화군,28710,시군구,0
202201,인천,옹진군,28720,시군구,0
202201,광주,계,,시도,6
202201,대전,계,,시도,423
202201,울산,계,,시도,395
202201,경기,계,,시도,855
202201,경기,수원시,41111,시(구 합산),0
202201,경기,수원시,41113,시(구 합산),0
202201,경기,수원시,41115,시(구 합산),0
202201,경기,수원시,41117,시(구 합산),0
202201,경기,성남시,41131,시(구 합산),0
202201,경기,성남시,41133,시(구 합산),0
202201,경기,성남시,41135,시(구 합산),0
202201,경기,의정부시,41150,시군구,14
202201,경기,안양시,41171,시(구 합산),0
202201,경기,안양시,41173,시(구 합산),0
202201,경기,부천시,41192,시(구 합산),7
202201,경기,부천시,41194,시(구 합산),7
202201,경기,부천시,41196,시(구 합산),7
202201,경기,부천시,41190,시(구 합산),7
202201,경기,광명시,41210,시군구,0
202201,경기,평택시,41220,시군구,8
202201,경기,동두천시,41250,시군구,0
202201,경기,안산시,41271,시(구 합산),0
202201,경기,안산시,41273,시(구 합산),0
202201,경기,고양시,41281,시(구 합산),113
202201,경기,고양시,41285,시(구 합산),113
202201,경기,고양시,41287,시(구 합산),113
202201,경기,과천시,41290,시군구,0
202201,경기,구리시,41310,시군구,2
202201,경기,남양주시,41360,시군구,10
202201,경기,오산시,41370,시군구,4
202201,경기,시흥시,41390,시군구,42
202201,경기,군포시,41410,시군구,0
202201,경기,의왕시,41430,시군구,0
202201,경기,하남시,41450,시군구,22
202201,경기,용인시,41461,시(구 합산),232
202201,경기,용인시,41463,시(구 합산),232
202201,경기,용인시,41465,시(구 합산),232
202201,경기,파주시,41480,시군구,1
202201,경기,이천시,41500,시군구,3
202201,경기,안성시,41550,시군구,0
202201,경기,김포시,41570,시군구,1
202201,경기,양주시,41630,시군구,110
202201,경기,여주시,41670,시군구,0
202201,경기,화성시,41591,시(구 합산),251
202201,경기,화성시,41593,시(구 합산),251
202201,경기,화성시,41595,시(구 합산),251
202201,경기,화성시,41597,시(구 합산),251
202201,경기,화성시,41590,시(구 합산),251
202201,경기,광주시,41610,시군구,15
202201,경기,연천군,41800,시군구,0
202201,경기,포천시,41650,시군구,0
202201,경기,가평군,41820,시군구,7
202201,경기,양평군,41830,시군구,13
202201,강원,계,,시도,1566
202201,충북,계,,시도,292
202201,충남,계,,시도,1383
202201,세종,계,,시도,21
202201,전북,계,,시도,178
202201,전남,계,,시도,2219
202201,경북,계,,시도,5227
202201,경남,계,,시도,3124
202201,제주,계,,시도,969
202202,서울,계,,시도,47
202202,서울,종로구,11110,시군구,0
202202,서울,중구,11140,시군구,2
202202,서울,용산구,11170,시군구,0
202202,서울,성동구,11200,시군구,0
202202,서울,광진구,11215,시군구,3
202202,서울,동대문구,11230,시군구,0
202202,서울,중랑구,11260,시군구,0
202202,서울,성북구,11290,시군구,0
202202,서울,강북구,11305,시군구,0
202202,서울,도봉구,11320,시군구,0
202202,서울,노원구,11350,시군구,0
202202,서울,은평구,11380,시군구,0
202202,서울,서대문구,11410,시군구,0
202202,서울,마포구,11440,시군구,0
202202,서울,양천구,11470,시군구,0
202202,서울,강서구,11500,시군구,0
202202,서울,구로구,11530,시군구,1
202202,서울,금천구,11545,시군구,0
202202,서울,영등포구,11560,시군구,0
202202,서울,동작구,11590,시군구,0
202202,서울,관악구,11620,시군구,0
202202,서울,서초구,11650,시군구,0
202202,서울,강남구,11680,시군구,0
202202,서울,송파구,11710,시군구,0
202202,서울,강동구,11740,시군구,41
202202,부산,계,,시도,1028
202202,대구,계,,시도,4561
202202,인천,계,,시도,409
202202,인천,중구,28110,시군구,74
202202,인천,남동구,28200,시군구,0
202202,인천,서구,28260,시군구,237
202202,인천,연수구,28185,시군구,0
202202,인천,미추홀구,28177,시군구,97
202202,인천,동구,28140,시군구,0
202202,인천,부평구,28237,시군구,1
202202,인천,계양구,28245,시군구,0
202202,인천,강화군,28710,시군구,0
202202,인천,옹진군,28720,시군구,0
202202,광주,계,,시도,5
202202,대전,계,,시도,477
202202,울산,계,,시도,395
202202,경기,계,,시도,1862
202202,경기,수원시,41111,시(구 합산),0
202202,경기,수원시,41113,시(구 합산),0
202202,경기,수원시,41115,시(구 합산),0
202202,경기,수원시,41117,시(구 합산),0
202202,경기,성남시,41131,시(구 합산),0
202202,경기,성남시,41133,시(구 합산),0
202202,경기,성남시,41135,시(구 합산),0
202202,경기,의정부시,41150,시군구,9
202202,경기,안양시,41171,시(구 합산),0
202202,경기,안양시,41173,시(구 합산),0
202202,경기,부천시,41192,시(구 합산),7
202202,경기,부천시,41194,시(구 합산),7
202202,경기,부천시,41196,시(구 합산),7
202202,경기,부천시,41190,시(구 합산),7
202202,경기,광명시,41210,시군구,0
202202,경기,평택시,41220,시군구,0
202202,경기,동두천시,41250,시군구,0
202202,경기,안산시,41271,시(구 합산),0
202202,경기,안산시,41273,시(구 합산),0
202202,경기,고양시,41281,시(구 합산),113
202202,경기,고양시,41285,시(구 합산),113
202202,경기,고양시,41287,시(구 합산),113
202202,경기,과천시,41290,시군구,0
202202,경기,구리시,41310,시군구,2
202202,경기,남양주시,41360,시군구,11
202202,경기,오산시,41370,시군구,4
202202,경기,시흥시,41390,시군구,42
202202,경기,군포시,41410,시군구,0
202202,경기,의왕시,41430,시군구,0
202202,경기,하남시,41450,시군구,22
202202,경기,용인시,41461,시(구 합산),222
202202,경기,용인시,41463,시(구 합산),222
202202,경기,용인시,41465,시(구 합산),222
202202,경기,파주시,41480,시군구,1
202202,경기,이천시,41500,시군구,3
202202,경기,안성시,41550,시군구,1068
202202,경기,김포시,41570,시군구,1
202202,경기,양주시,41630,시군구,88
202202,경기,여주시,41670,시군구,0
202202,경기,화성시,41591,시(구 합산),236
202202,경기,화성시,41593,시(구 합산),236
202202,경기,화성시,41595,시(구 합산),236
202202,경기,화성시,41597,시(구 합산),236
202202,경기,화성시,41590,시(구 합산),236
202202,경기,광주시,41610,시군구,15
202202,경기,연천군,41800,시군구,0
202202,경기,포천시,41650,시군구,0
202202,경기,가평군,41820,시군구,7
202202,경기,양평군,41830,시군구,11
202202,강원,계,,시도,1498
202202,충북,계,,시도,879
202202,충남,계,,시도,1587
202202,세종,계,,시도,15
202202,전북,계,,시도,131
202202,전남,계,,시도,2250
202202,경북,계,,시도,6552
202202,경남,계,,시도,2661
202202,제주,계,,시도,897
202203,서울,계,,시도,180
202203,서울,종로구,11110,시군구,0
202203,서울,중구,11140,시군구,2
202203,서울,용산구,11170,시군구,0
202203,서울,성동구,11200,시군구,0
202203,서울,광진구,11215,시군구,3
202203,서울,동대문구,11230,시군구,133
202203,서울,중랑구,11260,시군구,0
202203,서울,성북구,11290,시군구,0
202203,서울,강북구,11305,시군구,0
202203,서울,도봉구,11320,시군구,0
202203,서울,노원구,11350,시군구,0
202203,서울,은평구,11380,시군구,0
202203,서울,서대문구,11410,시군구,0
202203,서울,마포구,11440,시군구,0
202203,서울,양천구,11470,시군구,0
202203,서울,강서구,11500,시군구,0
202203,서울,구로구,11530,시군구,1
202203,서울,금천구,11545,시군구,0
202203,서울,영등포구,11560,시군구,0
202203,서울,동작구,11590,시군구,0
202203,서울,관악구,11620,시군구,0
202203,서울,서초구,11650,시군구,0
202203,서울,강남구,11680,시군구,0
202203,서울,송파구,11710,시군구,0
202203,서울,강동구,11740,시군구,41
202203,부산,계,,시도,1013
202203,대구,계,,시도,6572
202203,인천,계,,시도,532
202203,인천,중구,28110,시군구,73
202203,인천,남동구,28200,시군구,0
202203,인천,서구,28260,시군구,237
202203,인천,연수구,28185,시군구,129
202203,인천,미추홀구,28177,시군구,92
202203,인천,동구,28140,시군구,0
202203,인천,부평구,28237,시군구,1
202203,인천,계양구,28245,시군구,0
202203,인천,강화군,28710,시군구,0
202203,인천,옹진군,28720,시군구,0
202203,광주,계,,시도,2
202203,대전,계,,시도,469
202203,울산,계,,시도,395
202203,경기,계,,시도,2209
202203,경기,수원시,41111,시(구 합산),0
202203,경기,수원시,41113,시(구 합산),0
202203,경기,수원시,41115,시(구 합산),0
202203,경기,수원시,41117,시(구 합산),0
202203,경기,성남시,41131,시(구 합산),0
202203,경기,성남시,41133,시(구 합산),0
202203,경기,성남시,41135,시(구 합산),0
202203,경기,의정부시,41150,시군구,11
202203,경기,안양시,41171,시(구 합산),0
202203,경기,안양시,41173,시(구 합산),0
202203,경기,부천시,41192,시(구 합산),7
202203,경기,부천시,41194,시(구 합산),7
202203,경기,부천시,41196,시(구 합산),7
202203,경기,부천시,41190,시(구 합산),7
202203,경기,광명시,41210,시군구,0
202203,경기,평택시,41220,시군구,415
202203,경기,동두천시,41250,시군구,0
202203,경기,안산시,41271,시(구 합산),0
202203,경기,안산시,41273,시(구 합산),0
202203,경기,고양시,41281,시(구 합산),113
202203,경기,고양시,41285,시(구 합산),113
202203,경기,고양시,41287,시(구 합산),113
202203,경기,과천시,41290,시군구,0
202203,경기,구리시,41310,시군구,2
202203,경기,남양주시,41360,시군구,16
202203,경기,오산시,41370,시군구,4
202203,경기,시흥시,41390,시군구,22
202203,경기,군포시,41410,시군구,0
202203,경기,의왕시,41430,시군구,0
202203,경기,하남시,41450,시군구,22
202203,경기,용인시,41461,시(구 합산),222
202203,경기,용인시,41463,시(구 합산),222
202203,경기,용인시,41465,시(구 합산),222
202203,경기,파주시,41480,시군구,1
202203,경기,이천시,41500,시군구,3
202203,경기,안성시,41550,시군구,799
202203,경기,김포시,41570,시군구,1
202203,경기,양주시,41630,시군구,346
202203,경기,여주시,41670,시군구,0
202203,경기,화성시,41591,시(구 합산),193
202203,경기,화성시,41593,시(구 합산),193
202203,경기,화성시,41595,시(구 합산),193
202203,경기,화성시,41597,시(구 합산),193
202203,경기,화성시,41590,시(구 합산),193
202203,경기,광주시,41610,시군구,15
202203,경기,연천군,41800,시군구,0
202203,경기,포천시,41650,시군구,0
202203,경기,가평군,41820,시군구,7
202203,경기,양평군,41830,시군구,10
202203,강원,계,,시도,1363
202203,충북,계,,시도,1056
202203,충남,계,,시도,1532
202203,세종,계,,시도,13
202203,전북,계,,시도,116
202203,전남,계,,시도,2410
202203,경북,계,,시도,6519
202203,경남,계,,시도,2702
202203,제주,계,,시도,891
202204,서울,계,,시도,360
202204,서울,종로구,11110,시군구,0
202204,서울,중구,11140,시군구,2
202204,서울,용산구,11170,시군구,0
202204,서울,성동구,11200,시군구,0
202204,서울,광진구,11215,시군구,3
202204,서울,동대문구,11230,시군구,95
202204,서울,중랑구,11260,시군구,0
202204,서울,성북구,11290,시군구,0
202204,서울,강북구,11305,시군구,195
202204,서울,도봉구,11320,시군구,0
202204,서울,노원구,11350,시군구,0
202204,서울,은평구,11380,시군구,0
202204,서울,서대문구,11410,시군구,0
202204,서울,마포구,11440,시군구,0
202204,서울,양천구,11470,시군구,0
202204,서울,강서구,11500,시군구,0
202204,서울,구로구,11530,시군구,29
202204,서울,금천구,11545,시군구,0
202204,서울,영등포구,11560,시군구,0
202204,서울,동작구,11590,시군구,0
202204,서울,관악구,11620,시군구,0
202204,서울,서초구,11650,시군구,0
202204,서울,강남구,11680,시군구,0
202204,서울,송파구,11710,시군구,0
202204,서울,강동구,11740,시군구,36
202204,부산,계,,시도,1003
202204,대구,계,,시도,6827
202204,인천,계,,시도,464
202204,인천,중구,28110,시군구,73
202204,인천,남동구,28200,시군구,0
202204,인천,서구,28260,시군구,237
202204,인천,연수구,28185,시군구,64
202204,인천,미추홀구,28177,시군구,89
202204,인천,동구,28140,시군구,0
202204,인천,부평구,28237,시군구,1
202204,인천,계양구,28245,시군구,0
202204,인천,강화군,28710,시군구,0
202204,인천,옹진군,28720,시군구,0
202204,광주,계,,시도,2
202204,대전,계,,시도,463
202204,울산,계,,시도,361
202204,경기,계,,시도,2146
202204,경기,수원시,41111,시(구 합산),0
202204,경기,수원시,41113,시(구 합산),0
202204,경기,수원시,41115,시(구 합산),0
202204,경기,수원시,41117,시(구 합산),0
202204,경기,성남시,41131,시(구 합산),0
202204,경기,성남시,41133,시(구 합산),0
202204,경기,성남시,41135,시(구 합산),0
202204,경기,의정부시,41150,시군구,24
202204,경기,안양시,41171,시(구 합산),0
202204,경기,안양시,41173,시(구 합산),0
202204,경기,부천시,41192,시(구 합산),7
202204,경기,부천시,41194,시(구 합산),7
202204,경기,부천시,41196,시(구 합산),7
202204,경기,부천시,41190,시(구 합산),7
202204,경기,광명시,41210,시군구,0
202204,경기,평택시,41220,시군구,328
202204,경기,동두천시,41250,시군구,0
202204,경기,안산시,41271,시(구 합산),0
202204,경기,안산시,41273,시(구 합산),0
202204,경기,고양시,41281,시(구 합산),113
202204,경기,고양시,41285,시(구 합산),113
202204,경기,고양시,41287,시(구 합산),113
202204,경기,과천시,41290,시군구,0
202204,경기,구리시,41310,시군구,2
202204,경기,남양주시,41360,시군구,20
202204,경기,오산시,41370,시군구,4
202204,경기,시흥시,41390,시군구,22
202204,경기,군포시,41410,시군구,0
202204,경기,의왕시,41430,시군구,0
202204,경기,하남시,41450,시군구,22
202204,경기,용인시,41461,시(구 합산),222
202204,경기,용인시,41463,시(구 합산),222
202204,경기,용인시,41465,시(구 합산),222
202204,경기,파주시,41480,시군구,1
202204,경기,이천시,41500,시군구,3
202204,경기,안성시,41550,시군구,1045
202204,경기,김포시,41570,시군구,1
202204,경기,양주시,41630,시군구,94
202204,경기,여주시,41670,시군구,0
202204,경기,화성시,41591,시(구 합산),206
202204,경기,화성시,41593,시(구 합산),206
202204,경기,화성시,41595,시(구 합산),206
202204,경기,화성시,41597,시(구 합산),206
202204,경기,화성시,41590,시(구 합산),206
202204,경기,광주시,41610,시군구,15
202204,경기,연천군,41800,시군구,0
202204,경기,포천시,41650,시군구,0
202204,경기,가평군,41820,시군구,7
202204,경기,양평군,41830,시군구,10
202204,강원,계,,시도,1308
202204,충북,계,,시도,1057
202204,충남,계,,시도,1502
202204,세종,계,,시도,13
202204,전북,계,,시도,117
202204,전남,계,,시도,2371
202204,경북,계,,시도,5938
202204,경남,계,,시도,2286
202204,제주,계,,시도,962
202205,서울,계,,시도,688
202205,서울,종로구,11110,시군구,0
202205,서울,중구,11140,시군구,2
202205,서울,용산구,11170,시군구,0
202205,서울,성동구,11200,시군구,0
202205,서울,광진구,11215,시군구,3
202205,서울,동대문구,11230,시군구,69
202205,서울,중랑구,11260,시군구,0
202205,서울,성북구,11290,시군구,0
202205,서울,강북구,11305,시군구,332
202205,서울,도봉구,11320,시군구,0
202205,서울,노원구,11350,시군구,0
202205,서울,은평구,11380,시군구,0
202205,서울,서대문구,11410,시군구,0
202205,서울,마포구,11440,시군구,245
202205,서울,양천구,11470,시군구,0
202205,서울,강서구,11500,시군구,0
202205,서울,구로구,11530,시군구,4
202205,서울,금천구,11545,시군구,0
202205,서울,영등포구,11560,시군구,0
202205,서울,동작구,11590,시군구,0
202205,서울,관악구,11620,시군구,0
202205,서울,서초구,11650,시군구,0
202205,서울,강남구,11680,시군구,0
202205,서울,송파구,11710,시군구,0
202205,서울,강동구,11740,시군구,33
202205,부산,계,,시도,1220
202205,대구,계,,시도,6816
202205,인천,계,,시도,426
202205,인천,중구,28110,시군구,73
202205,인천,남동구,28200,시군구,0
202205,인천,서구,28260,시군구,235
202205,인천,연수구,28185,시군구,35
202205,인천,미추홀구,28177,시군구,82
202205,인천,동구,28140,시군구,0
202205,인천,부평구,28237,시군구,1
202205,인천,계양구,28245,시군구,0
202205,인천,강화군,28710,시군구,0
202205,인천,옹진군,28720,시군구,0
202205,광주,계,,시도,46
202205,대전,계,,시도,460
202205,울산,계,,시도,641
202205,경기,계,,시도,2449
202205,경기,수원시,41111,시(구 합산),0
202205,경기,수원시,41113,시(구 합산),0
202205,경기,수원시,41115,시(구 합산),0
202205,경기,수원시,41117,시(구 합산),0
202205,경기,성남시,41131,시(구 합산),0
202205,경기,성남시,41133,시(구 합산),0
202205,경기,성남시,41135,시(구 합산),0
202205,경기,의정부시,41150,시군구,17
202205,경기,안양시,41171,시(구 합산),0
202205,경기,안양시,41173,시(구 합산),0
202205,경기,부천시,41192,시(구 합산),7
202205,경기,부천시,41194,시(구 합산),7
202205,경기,부천시,41196,시(구 합산),7
202205,경기,부천시,41190,시(구 합산),7
202205,경기,광명시,41210,시군구,0
202205,경기,평택시,41220,시군구,288
202205,경기,동두천시,41250,시군구,214
202205,경기,안산시,41271,시(구 합산),0
202205,경기,안산시,41273,시(구 합산),0
202205,경기,고양시,41281,시(구 합산),113
202205,경기,고양시,41285,시(구 합산),113
202205,경기,고양시,41287,시(구 합산),113
202205,경기,과천시,41290,시군구,0
202205,경기,구리시,41310,시군구,2
202205,경기,남양주시,41360,시군구,20
202205,경기,오산시,41370,시군구,4
202205,경기,시흥시,41390,시군구,22
202205,경기,군포시,41410,시군구,0
202205,경기,의왕시,41430,시군구,0
202205,경기,하남시,41450,시군구,22
202205,경기,용인시,41461,시(구 합산),222
202205,경기,용인시,41463,시(구 합산),222
202205,경기,용인시,41465,시(구 합산),222
202205,경기,파주시,41480,시군구,1
202205,경기,이천시,41500,시군구,230
202205,경기,안성시,41550,시군구,1004
202205,경기,김포시,41570,시군구,1
202205,경기,양주시,41630,시군구,45
202205,경기,여주시,41670,시군구,0
202205,경기,화성시,41591,시(구 합산),206
202205,경기,화성시,41593,시(구 합산),206
202205,경기,화성시,41595,시(구 합산),206
202205,경기,화성시,41597,시(구 합산),206
202205,경기,화성시,41590,시(구 합산),206
202205,경기,광주시,41610,시군구,14
202205,경기,연천군,41800,시군구,0
202205,경기,포천시,41650,시군구,0
202205,경기,가평군,41820,시군구,7
202205,경기,양평군,41830,시군구,10
202205,강원,계,,시도,1242
202205,충북,계,,시도,1088
202205,충남,계,,시도,1386
202205,세종,계,,시도,12
202205,전북,계,,시도,107
202205,전남,계,,시도,2327
202205,경북,계,,시도,5369
202205,경남,계,,시도,1979
202205,제주,계,,시도,1119
202206,서울,계,,시도,719
202206,서울,종로구,11110,시군구,0
202206,서울,중구,11140,시군구,2
202206,서울,용산구,11170,시군구,0
202206,서울,성동구,11200,시군구,0
202206,서울,광진구,11215,시군구,3
202206,서울,동대문구,11230,시군구,55
202206,서울,중랑구,11260,시군구,0
202206,서울,성북구,11290,시군구,0
202206,서울,강북구,11305,시군구,318
202206,서울,도봉구,11320,시군구,63
202206,서울,노원구,11350,시군구,0
202206,서울,은평구,11380,시군구,0
202206,서울,서대문구,11410,시군구,0
202206,서울,마포구,11440,시군구,245
202206,서울,양천구,11470,시군구,0
202206,서울,강서구,11500,시군구,0
202206,서울,구로구,11530,시군구,1
202206,서울,금천구,11545,시군구,0
202206,서울,영등포구,11560,시군구,0
202206,서울,동작구,11590,시군구,0
202206,서울,관악구,11620,시군구,0
202206,서울,서초구,11650,시군구,0
202206,서울,강남구,11680,시군구,0
202206,서울,송파구,11710,시군구,0
202206,서울,강동구,11740,시군구,32
202206,부산,계,,시도,1267
202206,대구,계,,시도,6718
202206,인천,계,,시도,418
202206,인천,중구,28110,시군구,72
202206,인천,남동구,28200,시군구,0
202206,인천,서구,28260,시군구,235
202206,인천,연수구,28185,시군구,30
202206,인천,미추홀구,28177,시군구,80
202206,인천,동구,28140,시군구,0
202206,인천,부평구,28237,시군구,1
202206,인천,계양구,28245,시군구,0
202206,인천,강화군,28710,시군구,0
202206,인천,옹진군,28720,시군구,0
202206,광주,계,,시도,198
202206,대전,계,,시도,523
202206,울산,계,,시도,627
202206,경기,계,,시도,3319
202206,경기,수원시,41111,시(구 합산),0
202206,경기,수원시,41113,시(구 합산),0
202206,경기,수원시,41115,시(구 합산),0
202206,경기,수원시,41117,시(구 합산),0
202206,경기,성남시,41131,시(구 합산),74
202206,경기,성남시,41133,시(구 합산),74
202206,경기,성남시,41135,시(구 합산),74
202206,경기,의정부시,41150,시군구,11
202206,경기,안양시,41171,시(구 합산),0
202206,경기,안양시,41173,시(구 합산),0
202206,경기,부천시,41192,시(구 합산),7
202206,경기,부천시,41194,시(구 합산),7
202206,경기,부천시,41196,시(구 합산),7
202206,경기,부천시,41190,시(구 합산),7
202206,경기,광명시,41210,시군구,0
202206,경기,평택시,41220,시군구,257
202206,경기,동두천시,41250,시군구,196
202206,경기,안산시,41271,시(구 합산),0
202206,경기,안산시,41273,시(구 합산),0
202206,경기,고양시,41281,시(구 합산),113
202206,경기,고양시,41285,시(구 합산),113
202206,경기,고양시,41287,시(구 합산),113
202206,경기,과천시,41290,시군구,0
202206,경기,구리시,41310,시군구,2
202206,경기,남양주시,41360,시군구,37
202206,경기,오산시,41370,시군구,4
202206,경기,시흥시,41390,시군구,22
202206,경기,군포시,41410,시군구,0
202206,경기,의왕시,41430,시군구,0
202206,경기,하남시,41450,시군구,22
202206,경기,용인시,41461,시(구 합산),222
202206,경기,용인시,41463,시(구 합산),222
202206,경기,용인시,41465,시(구 합산),222
202206,경기,파주시,41480,시군구,1
202206,경기,이천시,41500,시군구,4
202206,경기,안성시,41550,시군구,779
202206,경기,김포시,41570,시군구,1
202206,경기,양주시,41630,시군구,847
202206,경기,여주시,41670,시군구,0
202206,경기,화성시,41591,시(구 합산),206
202206,경기,화성시,41593,시(구 합산),206
202206,경기,화성시,41595,시(구 합산),206
202206,경기,화성시,41597,시(구 합산),206
202206,경기,화성시,41590,시(구 합산),206
202206,경기,광주시,41610,시군구,14
202206,경기,연천군,41800,시군구,441
202206,경기,포천시,41650,시군구,0
202206,경기,가평군,41820,시군구,7
202206,경기,양평군,41830,시군구,52
202206,강원,계,,시도,1303
202206,충북,계,,시도,862
202206,충남,계,,시도,1326
202206,세종,계,,시도,12
202206,전북,계,,시도,103
202206,전남,계,,시도,2585
202206,경북,계,,시도,4823
202206,경남,계,,시도,2044
202206,제주,계,,시도,1063
202207,서울,계,,시도,592
202207,서울,종로구,11110,시군구,0
202207,서울,중구,11140,시군구,2
202207,서울,용산구,11170,시군구,0
202207,서울,성동구,11200,시군구,0
202207,서울,광진구,11215,시군구,3
202207,서울,동대문구,11230,시군구,52
202207,서울,중랑구,11260,시군구,0
202207,서울,성북구,11290,시군구,0
202207,서울,강북구,11305,시군구,197
202207,서울,도봉구,11320,시군구,60
202207,서울,노원구,11350,시군구,0
202207,서울,은평구,11380,시군구,0
202207,서울,서대문구,11410,시군구,0
202207,서울,마포구,11440,시군구,245
202207,서울,양천구,11470,시군구,0
202207,서울,강서구,11500,시군구,0
202207,서울,구로구,11530,시군구,1
202207,서울,금천구,11545,시군구,0
202207,서울,영등포구,11560,시군구,0
202207,서울,동작구,11590,시군구,0
202207,서울,관악구,11620,시군구,0
202207,서울,서초구,11650,시군구,0
202207,서울,강남구,11680,시군구,0
202207,서울,송파구,11710,시군구,0
202207,서울,강동구,11740,시군구,32
202207,부산,계,,시도,1503
202207,대구,계,,시도,7523
202207,인천,계,,시도,544
202207,인천,중구,28110,시군구,72
202207,인천,남동구,28200,시군구,0
202207,인천,서구,28260,시군구,235
202207,인천,연수구,28185,시군구,159
202207,인천,미추홀구,28177,시군구,77
202207,인천,동구,28140,시군구,0
202207,인천,부평구,28237,시군구,1
202207,인천,계양구,28245,시군구,0
202207,인천,강화군,28710,시군구,0
202207,인천,옹진군,28720,시군구,0
202207,광주,계,,시도,198
202207,대전,계,,시도,509
202207,울산,계,,시도,788
202207,경기,계,,시도,3393
202207,경기,수원시,41111,시(구 합산),0
202207,경기,수원시,41113,시(구 합산),0
202207,경기,수원시,41115,시(구 합산),0
202207,경기,수원시,41117,시(구 합산),0
202207,경기,성남시,41131,시(구 합산),74
202207,경기,성남시,41133,시(구 합산),74
202207,경기,성남시,41135,시(구 합산),74
202207,경기,의정부시,41150,시군구,11
202207,경기,안양시,41171,시(구 합산),0
202207,경기,안양시,41173,시(구 합산),0
202207,경기,부천시,41192,시(구 합산),203
202207,경기,부천시,41194,시(구 합산),203
202207,경기,부천시,41196,시(구 합산),203
202207,경기,부천시,41190,시(구 합산),203
202207,경기,광명시,41210,시군구,0
202207,경기,평택시,41220,시군구,194
202207,경기,동두천시,41250,시군구,190
202207,경기,안산시,41271,시(구 합산),0
202207,경기,안산시,41273,시(구 합산),0
202207,경기,고양시,41281,시(구 합산),113
202207,경기,고양시,41285,시(구 합산),113
202207,경기,고양시,41287,시(구 합산),113
202207,경기,과천시,41290,시군구,0
202207,경기,구리시,41310,시군구,2
202207,경기,남양주시,41360,시군구,41
202207,경기,오산시,41370,시군구,4
202207,경기,시흥시,41390,시군구,22
202207,경기,군포시,41410,시군구,0
202207,경기,의왕시,41430,시군구,0
202207,경기,하남시,41450,시군구,22
202207,경기,용인시,41461,시(구 합산),234
202207,경기,용인시,41463,시(구 합산),234
202207,경기,용인시,41465,시(구 합산),234
202207,경기,파주시,41480,시군구,1
202207,경기,이천시,41500,시군구,3
202207,경기,안성시,41550,시군구,628
202207,경기,김포시,41570,시군구,1
202207,경기,양주시,41630,시군구,847
202207,경기,여주시,41670,시군구,0
202207,경기,화성시,41591,시(구 합산),212
202207,경기,화성시,41593,시(구 합산),212
202207,경기,화성시,41595,시(구 합산),212
202207,경기,화성시,41597,시(구 합산),212
202207,경기,화성시,41590,시(구 합산),212
202207,경기,광주시,41610,시군구,6
202207,경기,연천군,41800,시군구,347
202207,경기,포천시,41650,시군구,0
202207,경기,가평군,41820,시군구,7
202207,경기,양평군,41830,시군구,231
202207,강원,계,,시도,1239
202207,충북,계,,시도,885
202207,충남,계,,시도,1406
202207,세종,계,,시도,10
202207,전북,계,,시도,178
202207,전남,계,,시도,2534
202207,경북,계,,시도,6517
202207,경남,계,,시도,2238
202207,제주,계,,시도,1227
202208,서울,계,,시도,610
202208,서울,종로구,11110,시군구,0
202208,서울,중구,11140,시군구,2
202208,서울,용산구,11170,시군구,0
202208,서울,성동구,11200,시군구,0
202208,서울,광진구,11215,시군구,3
202208,서울,동대문구,11230,시군구,50
202208,서울,중랑구,11260,시군구,0
202208,서울,성북구,11290,시군구,0
202208,서울,강북구,11305,시군구,183
202208,서울,도봉구,11320,시군구,60
202208,서울,노원구,11350,시군구,0
202208,서울,은평구,11380,시군구,0
202208,서울,서대문구,11410,시군구,0
202208,서울,마포구,11440,시군구,245
202208,서울,양천구,11470,시군구,0
202208,서울,강서구,11500,시군구,0
202208,서울,구로구,11530,시군구,1
202208,서울,금천구,11545,시군구,34
202208,서울,영등포구,11560,시군구,0
202208,서울,동작구,11590,시군구,0
202208,서울,관악구,11620,시군구,0
202208,서울,서초구,11650,시군구,0
202208,서울,강남구,11680,시군구,0
202208,서울,송파구,11710,시군구,0
202208,서울,강동구,11740,시군구,32
202208,부산,계,,시도,1799
202208,대구,계,,시도,8301
202208,인천,계,,시도,1222
202208,인천,중구,28110,시군구,70
202208,인천,남동구,28200,시군구,41
202208,인천,서구,28260,시군구,426
202208,인천,연수구,28185,시군구,148
202208,인천,미추홀구,28177,시군구,77
202208,인천,동구,28140,시군구,459
202208,인천,부평구,28237,시군구,1
202208,인천,계양구,28245,시군구,0
202208,인천,강화군,28710,시군구,0
202208,인천,옹진군,28720,시군구,0
202208,광주,계,,시도,198
202208,대전,계,,시도,668
202208,울산,계,,시도,775
202208,경기,계,,시도,3180
202208,경기,수원시,41111,시(구 합산),0
202208,경기,수원시,41113,시(구 합산),0
202208,경기,수원시,41115,시(구 합산),0
202208,경기,수원시,41117,시(구 합산),0
202208,경기,성남시,41131,시(구 합산),74
202208,경기,성남시,41133,시(구 합산),74
202208,경기,성남시,41135,시(구 합산),74
202208,경기,의정부시,41150,시군구,59
202208,경기,안양시,41171,시(구 합산),0
202208,경기,안양시,41173,시(구 합산),0
202208,경기,부천시,41192,시(구 합산),173
202208,경기,부천시,41194,시(구 합산),173
202208,경기,부천시,41196,시(구 합산),173
202208,경기,부천시,41190,시(구 합산),173
202208,경기,광명시,41210,시군구,0
202208,경기,평택시,41220,시군구,27
202208,경기,동두천시,41250,시군구,188
202208,경기,안산시,41271,시(구 합산),0
202208,경기,안산시,41273,시(구 합산),0
202208,경기,고양시,41281,시(구 합산),113
202208,경기,고양시,41285,시(구 합산),113
202208,경기,고양시,41287,시(구 합산),113
202208,경기,과천시,41290,시군구,0
202208,경기,구리시,41310,시군구,2
202208,경기,남양주시,41360,시군구,41
202208,경기,오산시,41370,시군구,4
202208,경기,시흥시,41390,시군구,22
202208,경기,군포시,41410,시군구,0
202208,경기,의왕시,41430,시군구,0
202208,경기,하남시,41450,시군구,22
202208,경기,용인시,41461,시(구 합산),234
202208,경기,용인시,41463,시(구 합산),234
202208,경기,용인시,41465,시(구 합산),234
202208,경기,파주시,41480,시군구,1
202208,경기,이천시,41500,시군구,3
202208,경기,안성시,41550,시군구,565
202208,경기,김포시,41570,시군구,1
202208,경기,양주시,41630,시군구,914
202208,경기,여주시,41670,시군구,0
202208,경기,화성시,41591,시(구 합산),211
202208,경기,화성시,41593,시(구 합산),211
202208,경기,화성시,41595,시(구 합산),211
202208,경기,화성시,41597,시(구 합산),211
202208,경기,화성시,41590,시(구 합산),211
202208,경기,광주시,41610,시군구,6
202208,경기,연천군,41800,시군구,299
202208,경기,포천시,41650,시군구,0
202208,경기,가평군,41820,시군구,7
202208,경기,양평군,41830,시군구,214
202208,강원,계,,시도,1348
202208,충북,계,,시도,619
202208,충남,계,,시도,1386
202208,세종,계,,시도,8
202208,전북,계,,시도,157
202208,전남,계,,시도,2503
202208,경북,계,,시도,6693
202208,경남,계,,시도,2042
202208,제주,계,,시도,1213
202209,서울,계,,시도,719
202209,서울,종로구,11110,시군구,0
202209,서울,중구,11140,시군구,2
202209,서울,용산구,11170,시군구,41
202209,서울,성동구,11200,시군구,0
202209,서울,광진구,11215,시군구,3
202209,서울,동대문구,11230,시군구,50
202209,서울,중랑구,11260,시군구,0
202209,서울,성북구,11290,시군구,0
202209,서울,강북구,11305,시군구,183
202209,서울,도봉구,11320,시군구,60
202209,서울,노원구,11350,시군구,0
202209,서울,은평구,11380,시군구,0
202209,서울,서대문구,11410,시군구,0
202209,서울,마포구,11440,시군구,245
202209,서울,양천구,11470,시군구,0
202209,서울,강서구,11500,시군구,0
202209,서울,구로구,11530,시군구,69
202209,서울,금천구,11545,시군구,34
202209,서울,영등포구,11560,시군구,0
202209,서울,동작구,11590,시군구,0
202209,서울,관악구,11620,시군구,0
202209,서울,서초구,11650,시군구,0
202209,서울,강남구,11680,시군구,0
202209,서울,송파구,11710,시군구,0
202209,서울,강동구,11740,시군구,32
202209,부산,계,,시도,1973
202209,대구,계,,시도,10539
202209,인천,계,,시도,1541
202209,인천,중구,28110,시군구,70
202209,인천,남동구,28200,시군구,14
202209,인천,서구,28260,시군구,473
202209,인천,연수구,28185,시군구,244
202209,인천,미추홀구,28177,시군구,77
202209,인천,동구,28140,시군구,449
202209,인천,부평구,28237,시군구,214
202209,인천,계양구,28245,시군구,0
202209,인천,강화군,28710,시군구,0
202209,인천,옹진군,28720,시군구,0
202209,광주,계,,시도,163
202209,대전,계,,시도,1430
202209,울산,계,,시도,1426
202209,경기,계,,시도,5553
202209,경기,수원시,41111,시(구 합산),0
202209,경기,수원시,41113,시(구 합산),0
202209,경기,수원시,41115,시(구 합산),0
202209,경기,수원시,41117,시(구 합산),0
202209,경기,성남시,41131,시(구 합산),74
202209,경기,성남시,41133,시(구 합산),74
202209,경기,성남시,41135,시(구 합산),74
202209,경기,의정부시,41150,시군구,59
202209,경기,안양시,41171,시(구 합산),0
202209,경기,안양시,41173,시(구 합산),0
202209,경기,부천시,41192,시(구 합산),162
202209,경기,부천시,41194,시(구 합산),162
202209,경기,부천시,41196,시(구 합산),162
202209,경기,부천시,41190,시(구 합산),162
202209,경기,광명시,41210,시군구,0
202209,경기,평택시,41220,시군구,1329
202209,경기,동두천시,41250,시군구,185
202209,경기,안산시,41271,시(구 합산),0
202209,경기,안산시,41273,시(구 합산),0
202209,경기,고양시,41281,시(구 합산),113
202209,경기,고양시,41285,시(구 합산),113
202209,경기,고양시,41287,시(구 합산),113
202209,경기,과천시,41290,시군구,0
202209,경기,구리시,41310,시군구,2
202209,경기,남양주시,41360,시군구,48
202209,경기,오산시,41370,시군구,15
202209,경기,시흥시,41390,시군구,19
202209,경기,군포시,41410,시군구,0
202209,경기,의왕시,41430,시군구,0
202209,경기,하남시,41450,시군구,22
202209,경기,용인시,41461,시(구 합산),234
202209,경기,용인시,41463,시(구 합산),234
202209,경기,용인시,41465,시(구 합산),234
202209,경기,파주시,41480,시군구,1
202209,경기,이천시,41500,시군구,3
202209,경기,안성시,41550,시군구,1468
202209,경기,김포시,41570,시군구,1
202209,경기,양주시,41630,시군구,1149
202209,경기,여주시,41670,시군구,0
202209,경기,화성시,41591,시(구 합산),201
202209,경기,화성시,41593,시(구 합산),201
202209,경기,화성시,41595,시(구 합산),201
202209,경기,화성시,41597,시(구 합산),201
202209,경기,화성시,41590,시(구 합산),201
202209,경기,광주시,41610,시군구,6
202209,경기,연천군,41800,시군구,272
202209,경기,포천시,41650,시군구,0
202209,경기,가평군,41820,시군구,7
202209,경기,양평군,41830,시군구,183
202209,강원,계,,시도,1262
202209,충북,계,,시도,1107
202209,충남,계,,시도,2418
202209,세종,계,,시도,5
202209,전북,계,,시도,621
202209,전남,계,,시도,2627
202209,경북,계,,시도,6520
202209,경남,계,,시도,2401
202209,제주,계,,시도,1299
202210,서울,계,,시도,866
202210,서울,종로구,11110,시군구,0
202210,서울,중구,11140,시군구,2
202210,서울,용산구,11170,시군구,41
202210,서울,성동구,11200,시군구,0
202210,서울,광진구,11215,시군구,3
202210,서울,동대문구,11230,시군구,50
202210,서울,중랑구,11260,시군구,0
202210,서울,성북구,11290,시군구,0
202210,서울,강북구,11305,시군구,228
202210,서울,도봉구,11320,시군구,60
202210,서울,노원구,11350,시군구,0
202210,서울,은평구,11380,시군구,0
202210,서울,서대문구,11410,시군구,0
202210,서울,마포구,11440,시군구,245
202210,서울,양천구,11470,시군구,0
202210,서울,강서구,11500,시군구,0
202210,서울,구로구,11530,시군구,193
202210,서울,금천구,11545,시군구,12
202210,서울,영등포구,11560,시군구,0
202210,서울,동작구,11590,시군구,0
202210,서울,관악구,11620,시군구,0
202210,서울,서초구,11650,시군구,0
202210,서울,강남구,11680,시군구,0
202210,서울,송파구,11710,시군구,0
202210,서울,강동구,11740,시군구,32
202210,부산,계,,시도,2514
202210,대구,계,,시도,10830
202210,인천,계,,시도,1666
202210,인천,중구,28110,시군구,70
202210,인천,남동구,28200,시군구,8
202210,인천,서구,28260,시군구,328
202210,인천,연수구,28185,시군구,245
202210,인천,미추홀구,28177,시군구,77
202210,인천,동구,28140,시군구,438
202210,인천,부평구,28237,시군구,194
202210,인천,계양구,28245,시군구,306
202210,인천,강화군,28710,시군구,0
202210,인천,옹진군,28720,시군구,0
202210,광주,계,,시도,161
202210,대전,계,,시도,1374
202210,울산,계,,시도,1414
202210,경기,계,,시도,5080
202210,경기,수원시,41111,시(구 합산),0
202210,경기,수원시,41113,시(구 합산),0
202210,경기,수원시,41115,시(구 합산),0
202210,경기,수원시,41117,시(구 합산),0
202210,경기,성남시,41131,시(구 합산),74
202210,경기,성남시,41133,시(구 합산),74
202210,경기,성남시,41135,시(구 합산),74
202210,경기,의정부시,41150,시군구,118
202210,경기,안양시,41171,시(구 합산),142
202210,경기,안양시,41173,시(구 합산),142
202210,경기,부천시,41192,시(구 합산),160
202210,경기,부천시,41194,시(구 합산),160
202210,경기,부천시,41196,시(구 합산),160
202210,경기,부천시,41190,시(구 합산),160
202210,경기,광명시,41210,시군구,0
202210,경기,평택시,41220,시군구,742
202210,경기,동두천시,41250,시군구,182
202210,경기,안산시,41271,시(구 합산),0
202210,경기,안산시,41273,시(구 합산),0
202210,경기,고양시,41281,시(구 합산),113
202210,경기,고양시,41285,시(구 합산),113
202210,경기,고양시,41287,시(구 합산),113
202210,경기,과천시,41290,시군구,0
202210,경기,구리시,41310,시군구,2
202210,경기,남양주시,41360,시군구,52
202210,경기,오산시,41370,시군구,6
202210,경기,시흥시,41390,시군구,19
202210,경기,군포시,41410,시군구,0
202210,경기,의왕시,41430,시군구,499
202210,경기,하남시,41450,시군구,4
202210,경기,용인시,41461,시(구 합산),234
202210,경기,용인시,41463,시(구 합산),234
202210,경기,용인시,41465,시(구 합산),234
202210,경기,파주시,41480,시군구,1
202210,경기,이천시,41500,시군구,3
202210,경기,안성시,41550,시군구,1357
202210,경기,김포시,41570,시군구,1
202210,경기,양주시,41630,시군구,729
202210,경기,여주시,41670,시군구,0
202210,경기,화성시,41591,시(구 합산),202
202210,경기,화성시,41593,시(구 합산),202
202210,경기,화성시,41595,시(구 합산),202
202210,경기,화성시,41597,시(구 합산),202
202210,경기,화성시,41590,시(구 합산),202
202210,경기,광주시,41610,시군구,6
202210,경기,연천군,41800,시군구,255
202210,경기,포천시,41650,시군구,0
202210,경기,가평군,41820,시군구,7
202210,경기,양평군,41830,시군구,172
202210,강원,계,,시도,2287
202210,충북,계,,시도,1732
202210,충남,계,,시도,2840
202210,세종,계,,시도,6
202210,전북,계,,시도,1383
202210,전남,계,,시도,2797
202210,경북,계,,시도,6369
202210,경남,계,,시도,4176
202210,제주,계,,시도,1722
202211,서울,계,,시도,865
202211,서울,종로구,11110,시군구,0
202211,서울,중구,11140,시군구,2
202211,서울,용산구,11170,시군구,41
202211,서울,성동구,11200,시군구,0
202211,서울,광진구,11215,시군구,3
202211,서울,동대문구,11230,시군구,50
202211,서울,중랑구,11260,시군구,0
202211,서울,성북구,11290,시군구,0
202211,서울,강북구,11305,시군구,227
202211,서울,도봉구,11320,시군구,60
202211,서울,노원구,11350,시군구,0
202211,서울,은평구,11380,시군구,0
202211,서울,서대문구,11410,시군구,0
202211,서울,마포구,11440,시군구,245
202211,서울,양천구,11470,시군구,0
202211,서울,강서구,11500,시군구,0
202211,서울,구로구,11530,시군구,193
202211,서울,금천구,11545,시군구,12
202211,서울,영등포구,11560,시군구,0
202211,서울,동작구,11590,시군구,0
202211,서울,관악구,11620,시군구,0
202211,서울,서초구,11650,시군구,0
202211,서울,강남구,11680,시군구,0
202211,서울,송파구,11710,시군구,0
202211,서울,강동구,11740,시군구,32
202211,부산,계,,시도,2574
202211,대구,계,,시도,11700
202211,인천,계,,시도,2471
202211,인천,중구,28110,시군구,954
202211,인천,남동구,28200,시군구,8
202211,인천,서구,28260,시군구,306
202211,인천,연수구,28185,시군구,244
202211,인천,미추홀구,28177,시군구,77
202211,인천,동구,28140,시군구,406
202211,인천,부평구,28237,시군구,184
202211,인천,계양구,28245,시군구,292
202211,인천,강화군,28710,시군구,0
202211,인천,옹진군,28720,시군구,0
202211,광주,계,,시도,161
202211,대전,계,,시도,1853
202211,울산,계,,시도,2999
202211,경기,계,,시도,7037
202211,경기,수원시,41111,시(구 합산),95
202211,경기,수원시,41113,시(구 합산),95
202211,경기,수원시,41115,시(구 합산),95
202211,경기,수원시,41117,시(구 합산),95
202211,경기,성남시,41131,시(구 합산),74
202211,경기,성남시,41133,시(구 합산),74
202211,경기,성남시,41135,시(구 합산),74
202211,경기,의정부시,41150,시군구,112
202211,경기,안양시,41171,시(구 합산),97
202211,경기,안양시,41173,시(구 합산),97
202211,경기,부천시,41192,시(구 합산),160
202211,경기,부천시,41194,시(구 합산),160
202211,경기,부천시,41196,시(구 합산),160
202211,경기,부천시,41190,시(구 합산),160
202211,경기,광명시,41210,시군구,0
202211,경기,평택시,41220,시군구,2011
202211,경기,동두천시,41250,시군구,181
202211,경기,안산시,41271,시(구 합산),0
202211,경기,안산시,41273,시(구 합산),0
202211,경기,고양시,41281,시(구 합산),113
202211,경기,고양시,41285,시(구 합산),113
202211,경기,고양시,41287,시(구 합산),113
202211,경기,과천시,41290,시군구,0
202211,경기,구리시,41310,시군구,2
202211,경기,남양주시,41360,시군구,63
202211,경기,오산시,41370,시군구,382
202211,경기,시흥시,41390,시군구,19
202211,경기,군포시,41410,시군구,0
202211,경기,의왕시,41430,시군구,376
202211,경기,하남시,41450,시군구,4
202211,경기,용인시,41461,시(구 합산),326
202211,경기,용인시,41463,시(구 합산),326
202211,경기,용인시,41465,시(구 합산),326
202211,경기,파주시,41480,시군구,1
202211,경기,이천시,41500,시군구,3
202211,경기,안성시,41550,시군구,1295
202211,경기,김포시,41570,시군구,1
202211,경기,양주시,41630,시군구,685
202211,경기,여주시,41670,시군구,0
202211,경기,화성시,41591,시(구 합산),417
202211,경기,화성시,41593,시(구 합산),417
202211,경기,화성시,41595,시(구 합산),417
202211,경기,화성시,41597,시(구 합산),417
202211,경기,화성시,41590,시(구 합산),417
202211,경기,광주시,41610,시군구,198
202211,경기,연천군,41800,시군구,246
202211,경기,포천시,41650,시군구,0
202211,경기,가평군,41820,시군구,7
202211,경기,양평군,41830,시군구,169
202211,강원,계,,시도,2365
202211,충북,계,,시도,2632
202211,충남,계,,시도,5046
202211,세종,계,,시도,6
202211,전북,계,,시도,1951
202211,전남,계,,시도,2925
202211,경북,계,,시도,7667
202211,경남,계,,시도,4076
202211,제주,계,,시도,1699
202212,서울,계,,시도,994
202212,서울,종로구,11110,시군구,0
202212,서울,중구,11140,시군구,2
202212,서울,용산구,11170,시군구,41
202212,서울,성동구,11200,시군구,0
202212,서울,광진구,11215,시군구,3
202212,서울,동대문구,11230,시군구,50
202212,서울,중랑구,11260,시군구,0
202212,서울,성북구,11290,시군구,0
202212,서울,강북구,11305,시군구,227
202212,서울,도봉구,11320,시군구,60
202212,서울,노원구,11350,시군구,0
202212,서울,은평구,11380,시군구,0
202212,서울,서대문구,11410,시군구,0
202212,서울,마포구,11440,시군구,245
202212,서울,양천구,11470,시군구,0
202212,서울,강서구,11500,시군구,131
202212,서울,구로구,11530,시군구,191
202212,서울,금천구,11545,시군구,12
202212,서울,영등포구,11560,시군구,0
202212,서울,동작구,11590,시군구,0
202212,서울,관악구,11620,시군구,0
202212,서울,서초구,11650,시군구,0
202212,서울,강남구,11680,시군구,0
202212,서울,송파구,11710,시군구,0
202212,서울,강동구,11740,시군구,32
202212,부산,계,,시도,2640
202212,대구,계,,시도,13445
202212,인천,계,,시도,2494
202212,인천,중구,28110,시군구,877
202212,인천,남동구,28200,시군구,19
202212,인천,서구,28260,시군구,249
202212,인천,연수구,28185,시군구,376
202212,인천,미추홀구,28177,시군구,165
202212,인천,동구,28140,시군구,390
202212,인천,부평구,28237,시군구,157
202212,인천,계양구,28245,시군구,261
202212,인천,강화군,28710,시군구,0
202212,인천,옹진군,28720,시군구,0
202212,광주,계,,시도,291
202212,대전,계,,시도,3239
202212,울산,계,,시도,3570
202212,경기,계,,시도,7588
202212,경기,수원시,41111,시(구 합산),70
202212,경기,수원시,41113,시(구 합산),70
202212,경기,수원시,41115,시(구 합산),70
202212,경기,수원시,41117,시(구 합산),70
202212,경기,성남시,41131,시(구 합산),74
202212,경기,성남시,41133,시(구 합산),74
202212,경기,성남시,41135,시(구 합산),74
202212,경기,의정부시,41150,시군구,106
202212,경기,안양시,41171,시(구 합산),95
202212,경기,안양시,41173,시(구 합산),95
202212,경기,부천시,41192,시(구 합산),160
202212,경기,부천시,41194,시(구 합산),160
202212,경기,부천시,41196,시(구 합산),160
202212,경기,부천시,41190,시(구 합산),160
202212,경기,광명시,41210,시군구,37
202212,경기,평택시,41220,시군구,1684
202212,경기,동두천시,41250,시군구,177
202212,경기,안산시,41271,시(구 합산),0
202212,경기,안산시,41273,시(구 합산),0
202212,경기,고양시,41281,시(구 합산),113
202212,경기,고양시,41285,시(구 합산),113
202212,경기,고양시,41287,시(구 합산),113
202212,경기,과천시,41290,시군구,0
202212,경기,구리시,41310,시군구,2
202212,경기,남양주시,41360,시군구,68
202212,경기,오산시,41370,시군구,330
202212,경기,시흥시,41390,시군구,19
202212,경기,군포시,41410,시군구,0
202212,경기,의왕시,41430,시군구,350
202212,경기,하남시,41450,시군구,4
202212,경기,용인시,41461,시(구 합산),616
202212,경기,용인시,41463,시(구 합산),616
202212,경기,용인시,41465,시(구 합산),616
202212,경기,파주시,41480,시군구,1
202212,경기,이천시,41500,시군구,3
202212,경기,안성시,41550,시군구,1239
202212,경기,김포시,41570,시군구,1
202212,경기,양주시,41630,시군구,1094
202212,경기,여주시,41670,시군구,0
202212,경기,화성시,41591,시(구 합산),736
202212,경기,화성시,41593,시(구 합산),736
202212,경기,화성시,41595,시(구 합산),736
202212,경기,화성시,41597,시(구 합산),736
202212,경기,화성시,41590,시(구 합산),736
202212,경기,광주시,41610,시군구,189
202212,경기,연천군,41800,시군구,246
202212,경기,포천시,41650,시군구,0
202212,경기,가평군,41820,시군구,7
202212,경기,양평군,41830,시군구,167
202212,강원,계,,시도,2648
202212,충북,계,,시도,3225
202212,충남,계,,시도,8509
202212,세종,계,,시도,6
202212,전북,계,,시도,2520
202212,전남,계,,시도,3029
202212,경북,계,,시도,7674
202212,경남,계,,시도,4600
202212,제주,계,,시도,1676
202301,서울,계,,시도,996
202301,서울,종로구,11110,시군구,0
202301,서울,중구,11140,시군구,2
202301,서울,용산구,11170,시군구,41
202301,서울,성동구,11200,시군구,0
202301,서울,광진구,11215,시군구,3
202301,서울,동대문구,11230,시군구,52
202301,서울,중랑구,11260,시군구,0
202301,서울,성북구,11290,시군구,0
202301,서울,강북구,11305,시군구,201
202301,서울,도봉구,11320,시군구,60
202301,서울,노원구,11350,시군구,0
202301,서울,은평구,11380,시군구,0
202301,서울,서대문구,11410,시군구,0
202301,서울,마포구,11440,시군구,271
202301,서울,양천구,11470,시군구,0
202301,서울,강서구,11500,시군구,131
202301,서울,구로구,11530,시군구,191
202301,서울,금천구,11545,시군구,12
202301,서울,영등포구,11560,시군구,0
202301,서울,동작구,11590,시군구,0
202301,서울,관악구,11620,시군구,0
202301,서울,서초구,11650,시군구,0
202301,서울,강남구,11680,시군구,0
202301,서울,송파구,11710,시군구,0
202301,서울,강동구,11740,시군구,32
202301,부산,계,,시도,2646
202301,대구,계,,시도,13565
202301,인천,계,,시도,3209
202301,인천,중구,28110,시군구,1020
202301,인천,남동구,28200,시군구,458
202301,인천,서구,28260,시군구,264
202301,인천,연수구,28185,시군구,377
202301,인천,미추홀구,28177,시군구,306
202301,인천,동구,28140,시군구,383
202301,인천,부평구,28237,시군구,129
202301,인천,계양구,28245,시군구,246
202301,인천,강화군,28710,시군구,26
202301,인천,옹진군,28720,시군구,0
202301,광주,계,,시도,262
202301,대전,계,,시도,3025
202301,울산,계,,시도,4253
202301,경기,계,,시도,8052
202301,경기,수원시,41111,시(구 합산),63
202301,경기,수원시,41113,시(구 합산),63
202301,경기,수원시,41115,시(구 합산),63
202301,경기,수원시,41117,시(구 합산),63
202301,경기,성남시,41131,시(구 합산),74
202301,경기,성남시,41133,시(구 합산),74
202301,경기,성남시,41135,시(구 합산),74
202301,경기,의정부시,41150,시군구,103
202301,경기,안양시,41171,시(구 합산),95
202301,경기,안양시,41173,시(구 합산),95
202301,경기,부천시,41192,시(구 합산),133
202301,경기,부천시,41194,시(구 합산),133
202301,경기,부천시,41196,시(구 합산),133
202301,경기,부천시,41190,시(구 합산),133
202301,경기,광명시,41210,시군구,37
202301,경기,평택시,41220,시군구,1447
202301,경기,동두천시,41250,시군구,177
202301,경기,안산시,41271,시(구 합산),0
202301,경기,안산시,41273,시(구 합산),0
202301,경기,고양시,41281,시(구 합산),113
202301,경기,고양시,41285,시(구 합산),113
202301,경기,고양시,41287,시(구 합산),113
202301,경기,과천시,41290,시군구,0
202301,경기,구리시,41310,시군구,2
202301,경기,남양주시,41360,시군구,77
202301,경기,오산시,41370,시군구,255
202301,경기,시흥시,41390,시군구,19
202301,경기,군포시,41410,시군구,0
202301,경기,의왕시,41430,시군구,303
202301,경기,하남시,41450,시군구,4
202301,경기,용인시,41461,시(구 합산),507
202301,경기,용인시,41463,시(구 합산),507
202301,경기,용인시,41465,시(구 합산),507
202301,경기,파주시,41480,시군구,1
202301,경기,이천시,41500,시군구,3
202301,경기,안성시,41550,시군구,1113
202301,경기,김포시,41570,시군구,1
202301,경기,양주시,41630,시군구,1075
202301,경기,여주시,41670,시군구,0
202301,경기,화성시,41591,시(구 합산),1352
202301,경기,화성시,41593,시(구 합산),1352
202301,경기,화성시,41595,시(구 합산),1352
202301,경기,화성시,41597,시(구 합산),1352
202301,경기,화성시,41590,시(구 합산),1352
202301,경기,광주시,41610,시군구,679
202301,경기,연천군,41800,시군구,246
202301,경기,포천시,41650,시군구,0
202301,경기,가평군,41820,시군구,7
202301,경기,양평군,41830,시군구,166
202301,강원,계,,시도,3556
202301,충북,계,,시도,4374
202301,충남,계,,시도,8653
202301,세종,계,,시도,6
202301,전북,계,,시도,4086
202301,전남,계,,시도,2884
202301,경북,계,,시도,9221
202301,경남,계,,시도,4791
202301,제주,계,,시도,1780
202302,서울,계,,시도,2099
202302,서울,종로구,11110,시군구,0
202302,서울,중구,11140,시군구,2
202302,서울,용산구,11170,시군구,37
202302,서울,성동구,11200,시군구,0
202302,서울,광진구,11215,시군구,3
202302,서울,동대문구,11230,시군구,52
202302,서울,중랑구,11260,시군구,0
202302,서울,성북구,11290,시군구,0
202302,서울,강북구,11305,시군구,200
202302,서울,도봉구,11320,시군구,60
202302,서울,노원구,11350,시군구,0
202302,서울,은평구,11380,시군구,0
202302,서울,서대문구,11410,시군구,0
202302,서울,마포구,11440,시군구,257
202302,서울,양천구,11470,시군구,0
202302,서울,강서구,11500,시군구,129
202302,서울,구로구,11530,시군구,191
202302,서울,금천구,11545,시군구,12
202302,서울,영등포구,11560,시군구,0
202302,서울,동작구,11590,시군구,0
202302,서울,관악구,11620,시군구,0
202302,서울,서초구,11650,시군구,0
202302,서울,강남구,11680,시군구,0
202302,서울,송파구,11710,시군구,0
202302,서울,강동구,11740,시군구,1156
202302,부산,계,,시도,2535
202302,대구,계,,시도,13987
202302,인천,계,,시도,3154
202302,인천,중구,28110,시군구,919
202302,인천,남동구,28200,시군구,458
202302,인천,서구,28260,시군구,264
202302,인천,연수구,28185,시군구,469
202302,인천,미추홀구,28177,시군구,301
202302,인천,동구,28140,시군구,368
202302,인천,부평구,28237,시군구,126
202302,인천,계양구,28245,시군구,223
202302,인천,강화군,28710,시군구,26
202302,인천,옹진군,28720,시군구,0
202302,광주,계,,시도,608
202302,대전,계,,시도,2698
202302,울산,계,,시도,4211
202302,경기,계,,시도,7288
202302,경기,수원시,41111,시(구 합산),58
202302,경기,수원시,41113,시(구 합산),58
202302,경기,수원시,41115,시(구 합산),58
202302,경기,수원시,41117,시(구 합산),58
202302,경기,성남시,41131,시(구 합산),74
202302,경기,성남시,41133,시(구 합산),74
202302,경기,성남시,41135,시(구 합산),74
202302,경기,의정부시,41150,시군구,210
202302,경기,안양시,41171,시(구 합산),94
202302,경기,안양시,41173,시(구 합산),94
202302,경기,부천시,41192,시(구 합산),133
202302,경기,부천시,41194,시(구 합산),133
202302,경기,부천시,41196,시(구 합산),133
202302,경기,부천시,41190,시(구 합산),133
202302,경기,광명시,41210,시군구,233
202302,경기,평택시,41220,시군구,1176
202302,경기,동두천시,41250,시군구,171
202302,경기,안산시,41271,시(구 합산),0
202302,경기,안산시,41273,시(구 합산),0
202302,경기,고양시,41281,시(구 합산),113
202302,경기,고양시,41285,시(구 합산),113
202302,경기,고양시,41287,시(구 합산),113
202302,경기,과천시,41290,시군구,0
202302,경기,구리시,41310,시군구,2
202302,경기,남양주시,41360,시군구,107
202302,경기,오산시,41370,시군구,14
202302,경기,시흥시,41390,시군구,19
202302,경기,군포시,41410,시군구,0
202302,경기,의왕시,41430,시군구,283
202302,경기,하남시,41450,시군구,2
202302,경기,용인시,41461,시(구 합산),426
202302,경기,용인시,41463,시(구 합산),426
202302,경기,용인시,41465,시(구 합산),426
202302,경기,파주시,41480,시군구,1
202302,경기,이천시,41500,시군구,3
202302,경기,안성시,41550,시군구,1074
202302,경기,김포시,41570,시군구,1
202302,경기,양주시,41630,시군구,1157
202302,경기,여주시,41670,시군구,0
202302,경기,화성시,41591,시(구 합산),911
202302,경기,화성시,41593,시(구 합산),911
202302,경기,화성시,41595,시(구 합산),911
202302,경기,화성시,41597,시(구 합산),911
202302,경기,화성시,41590,시(구 합산),911
202302,경기,광주시,41610,시군구,606
202302,경기,연천군,41800,시군구,247
202302,경기,포천시,41650,시군구,0
202302,경기,가평군,41820,시군구,7
202302,경기,양평군,41830,시군구,166
202302,강원,계,,시도,3340
202302,충북,계,,시도,4388
202302,충남,계,,시도,8456
202302,세종,계,,시도,157
202302,전북,계,,시도,4018
202302,전남,계,,시도,2869
202302,경북,계,,시도,9074
202302,경남,계,,시도,4627
202302,제주,계,,시도,1929
202303,서울,계,,시도,1084
202303,서울,종로구,11110,시군구,0
202303,서울,중구,11140,시군구,2
202303,서울,용산구,11170,시군구,37
202303,서울,성동구,11200,시군구,0
202303,서울,광진구,11215,시군구,3
202303,서울,동대문구,11230,시군구,52
202303,서울,중랑구,11260,시군구,0
202303,서울,성북구,11290,시군구,0
202303,서울,강북구,11305,시군구,200
202303,서울,도봉구,11320,시군구,60
202303,서울,노원구,11350,시군구,0
202303,서울,은평구,11380,시군구,0
202303,서울,서대문구,11410,시군구,0
202303,서울,마포구,11440,시군구,243
202303,서울,양천구,11470,시군구,0
202303,서울,강서구,11500,시군구,129
202303,서울,구로구,11530,시군구,89
202303,서울,금천구,11545,시군구,12
202303,서울,영등포구,11560,시군구,0
202303,서울,동작구,11590,시군구,0
202303,서울,관악구,11620,시군구,0
202303,서울,서초구,11650,시군구,0
202303,서울,강남구,11680,시군구,0
202303,서울,송파구,11710,시군구,0
202303,서울,강동구,11740,시군구,257
202303,부산,계,,시도,2526
202303,대구,계,,시도,13199
202303,인천,계,,시도,3565
202303,인천,중구,28110,시군구,765
202303,인천,남동구,28200,시군구,458
202303,인천,서구,28260,시군구,264
202303,인천,연수구,28185,시군구,460
202303,인천,미추홀구,28177,시군구,1054
202303,인천,동구,28140,시군구,222
202303,인천,부평구,28237,시군구,122
202303,인천,계양구,28245,시군구,201
202303,인천,강화군,28710,시군구,19
202303,인천,옹진군,28720,시군구,0
202303,광주,계,,시도,607
202303,대전,계,,시도,2739
202303,울산,계,,시도,4134
202303,경기,계,,시도,6385
202303,경기,수원시,41111,시(구 합산),413
202303,경기,수원시,41113,시(구 합산),413
202303,경기,수원시,41115,시(구 합산),413
202303,경기,수원시,41117,시(구 합산),413
202303,경기,성남시,41131,시(구 합산),74
202303,경기,성남시,41133,시(구 합산),74
202303,경기,성남시,41135,시(구 합산),74
202303,경기,의정부시,41150,시군구,220
202303,경기,안양시,41171,시(구 합산),84
202303,경기,안양시,41173,시(구 합산),84
202303,경기,부천시,41192,시(구 합산),131
202303,경기,부천시,41194,시(구 합산),131
202303,경기,부천시,41196,시(구 합산),131
202303,경기,부천시,41190,시(구 합산),131
202303,경기,광명시,41210,시군구,70
202303,경기,평택시,41220,시군구,974
202303,경기,동두천시,41250,시군구,177
202303,경기,안산시,41271,시(구 합산),0
202303,경기,안산시,41273,시(구 합산),0
202303,경기,고양시,41281,시(구 합산),113
202303,경기,고양시,41285,시(구 합산),113
202303,경기,고양시,41287,시(구 합산),113
202303,경기,과천시,41290,시군구,0
202303,경기,구리시,41310,시군구,2
202303,경기,남양주시,41360,시군구,132
202303,경기,오산시,41370,시군구,4
202303,경기,시흥시,41390,시군구,19
202303,경기,군포시,41410,시군구,0
202303,경기,의왕시,41430,시군구,248
202303,경기,하남시,41450,시군구,2
202303,경기,용인시,41461,시(구 합산),334
202303,경기,용인시,41463,시(구 합산),334
202303,경기,용인시,41465,시(구 합산),334
202303,경기,파주시,41480,시군구,1
202303,경기,이천시,41500,시군구,3
202303,경기,안성시,41550,시군구,902
202303,경기,김포시,41570,시군구,1
202303,경기,양주시,41630,시군구,1116
202303,경기,여주시,41670,시군구,0
202303,경기,화성시,41591,시(구 합산),423
202303,경기,화성시,41593,시(구 합산),423
202303,경기,화성시,41595,시(구 합산),423
202303,경기,화성시,41597,시(구 합산),423
202303,경기,화성시,41590,시(구 합산),423
202303,경기,광주시,41610,시군구,522
202303,경기,연천군,41800,시군구,247
202303,경기,포천시,41650,시군구,0
202303,경기,가평군,41820,시군구,7
202303,경기,양평군,41830,시군구,166
202303,강원,계,,시도,3048
202303,충북,계,,시도,4307
202303,충남,계,,시도,8036
202303,세종,계,,시도,157
202303,전북,계,,시도,3971
202303,전남,계,,시도,2819
202303,경북,계,,시도,9016
202303,경남,계,,시도,4595
202303,제주,계,,시도,1916
202304,서울,계,,시도,1058
202304,서울,종로구,11110,시군구,0
202304,서울,중구,11140,시군구,2
202304,서울,용산구,11170,시군구,37
202304,서울,성동구,11200,시군구,0
202304,서울,광진구,11215,시군구,3
202304,서울,동대문구,11230,시군구,52
202304,서울,중랑구,11260,시군구,0
202304,서울,성북구,11290,시군구,0
202304,서울,강북구,11305,시군구,186
202304,서울,도봉구,11320,시군구,60
202304,서울,노원구,11350,시군구,0
202304,서울,은평구,11380,시군구,0
202304,서울,서대문구,11410,시군구,0
202304,서울,마포구,11440,시군구,241
202304,서울,양천구,11470,시군구,0
202304,서울,강서구,11500,시군구,126
202304,서울,구로구,11530,시군구,88
202304,서울,금천구,11545,시군구,34
202304,서울,영등포구,11560,시군구,0
202304,서울,동작구,11590,시군구,0
202304,서울,관악구,11620,시군구,0
202304,서울,서초구,11650,시군구,0
202304,서울,강남구,11680,시군구,0
202304,서울,송파구,11710,시군구,0
202304,서울,강동구,11740,시군구,229
202304,부산,계,,시도,2624
202304,대구,계,,시도,13028
202304,인천,계,,시도,3071
202304,인천,중구,28110,시군구,641
202304,인천,남동구,28200,시군구,458
202304,인천,서구,28260,시군구,249
202304,인천,연수구,28185,시군구,379
202304,인천,미추홀구,28177,시군구,1049
202304,인천,동구,28140,시군구,0
202304,인천,부평구,28237,시군구,122
202304,인천,계양구,28245,시군구,154
202304,인천,강화군,28710,시군구,19
202304,인천,옹진군,28720,시군구,0
202304,광주,계,,시도,560
202304,대전,계,,시도,2498
202304,울산,계,,시도,4125
202304,경기,계,,시도,7480
202304,경기,수원시,41111,시(구 합산),360
202304,경기,수원시,41113,시(구 합산),360
202304,경기,수원시,41115,시(구 합산),360
202304,경기,수원시,41117,시(구 합산),360
202304,경기,성남시,41131,시(구 합산),74
202304,경기,성남시,41133,시(구 합산),74
202304,경기,성남시,41135,시(구 합산),74
202304,경기,의정부시,41150,시군구,220
202304,경기,안양시,41171,시(구 합산),69
202304,경기,안양시,41173,시(구 합산),69
202304,경기,부천시,41192,시(구 합산),131
202304,경기,부천시,41194,시(구 합산),131
202304,경기,부천시,41196,시(구 합산),131
202304,경기,부천시,41190,시(구 합산),131
202304,경기,광명시,41210,시군구,0
202304,경기,평택시,41220,시군구,2025
202304,경기,동두천시,41250,시군구,178
202304,경기,안산시,41271,시(구 합산),0
202304,경기,안산시,41273,시(구 합산),0
202304,경기,고양시,41281,시(구 합산),113
202304,경기,고양시,41285,시(구 합산),113
202304,경기,고양시,41287,시(구 합산),113
202304,경기,과천시,41290,시군구,0
202304,경기,구리시,41310,시군구,2
202304,경기,남양주시,41360,시군구,158
202304,경기,오산시,41370,시군구,4
202304,경기,시흥시,41390,시군구,19
202304,경기,군포시,41410,시군구,0
202304,경기,의왕시,41430,시군구,208
202304,경기,하남시,41450,시군구,2
202304,경기,용인시,41461,시(구 합산),331
202304,경기,용인시,41463,시(구 합산),331
202304,경기,용인시,41465,시(구 합산),331
202304,경기,파주시,41480,시군구,1
202304,경기,이천시,41500,시군구,3
202304,경기,안성시,41550,시군구,811
202304,경기,김포시,41570,시군구,1
202304,경기,양주시,41630,시군구,1075
202304,경기,여주시,41670,시군구,0
202304,경기,화성시,41591,시(구 합산),825
202304,경기,화성시,41593,시(구 합산),825
202304,경기,화성시,41595,시(구 합산),825
202304,경기,화성시,41597,시(구 합산),825
202304,경기,화성시,41590,시(구 합산),825
202304,경기,광주시,41610,시군구,450
202304,경기,연천군,41800,시군구,247
202304,경기,포천시,41650,시군구,0
202304,경기,가평군,41820,시군구,7
202304,경기,양평군,41830,시군구,166
202304,강원,계,,시도,2887
202304,충북,계,,시도,4180
202304,충남,계,,시도,7508
202304,세종,계,,시도,156
202304,전북,계,,시도,3903
202304,전남,계,,시도,3029
202304,경북,계,,시도,8878
202304,경남,계,,시도,4414
202304,제주,계,,시도,1966
202305,서울,계,,시도,1144
202305,서울,종로구,11110,시군구,0
202305,서울,중구,11140,시군구,2
202305,서울,용산구,11170,시군구,36
202305,서울,성동구,11200,시군구,0
202305,서울,광진구,11215,시군구,3
202305,서울,동대문구,11230,시군구,52
202305,서울,중랑구,11260,시군구,0
202305,서울,성북구,11290,시군구,0
202305,서울,강북구,11305,시군구,180
202305,서울,도봉구,11320,시군구,61
202305,서울,노원구,11350,시군구,0
202305,서울,은평구,11380,시군구,0
202305,서울,서대문구,11410,시군구,0
202305,서울,마포구,11440,시군구,222
202305,서울,양천구,11470,시군구,0
202305,서울,강서구,11500,시군구,245
202305,서울,구로구,11530,시군구,81
202305,서울,금천구,11545,시군구,34
202305,서울,영등포구,11560,시군구,0
202305,서울,동작구,11590,시군구,0
202305,서울,관악구,11620,시군구,0
202305,서울,서초구,11650,시군구,0
202305,서울,강남구,11680,시군구,0
202305,서울,송파구,11710,시군구,0
202305,서울,강동구,11740,시군구,228
202305,부산,계,,시도,2892
202305,대구,계,,시도,12733
202305,인천,계,,시도,2697
202305,인천,중구,28110,시군구,490
202305,인천,남동구,28200,시군구,458
202305,인천,서구,28260,시군구,249
202305,인천,연수구,28185,시군구,369
202305,인천,미추홀구,28177,시군구,1033
202305,인천,동구,28140,시군구,0
202305,인천,부평구,28237,시군구,87
202305,인천,계양구,28245,시군구,0
202305,인천,강화군,28710,시군구,11
202305,인천,옹진군,28720,시군구,0
202305,광주,계,,시도,556
202305,대전,계,,시도,2026
202305,울산,계,,시도,4077
202305,경기,계,,시도,6958
202305,경기,수원시,41111,시(구 합산),20
202305,경기,수원시,41113,시(구 합산),20
202305,경기,수원시,41115,시(구 합산),20
202305,경기,수원시,41117,시(구 합산),20
202305,경기,성남시,41131,시(구 합산),74
202305,경기,성남시,41133,시(구 합산),74
202305,경기,성남시,41135,시(구 합산),74
202305,경기,의정부시,41150,시군구,220
202305,경기,안양시,41171,시(구 합산),55
202305,경기,안양시,41173,시(구 합산),55
202305,경기,부천시,41192,시(구 합산),122
202305,경기,부천시,41194,시(구 합산),122
202305,경기,부천시,41196,시(구 합산),122
202305,경기,부천시,41190,시(구 합산),122
202305,경기,광명시,41210,시군구,0
202305,경기,평택시,41220,시군구,1749
202305,경기,동두천시,41250,시군구,178
202305,경기,안산시,41271,시(구 합산),0
202305,경기,안산시,41273,시(구 합산),0
202305,경기,고양시,41281,시(구 합산),113
202305,경기,고양시,41285,시(구 합산),113
202305,경기,고양시,41287,시(구 합산),113
202305,경기,과천시,41290,시군구,0
202305,경기,구리시,41310,시군구,2
202305,경기,남양주시,41360,시군구,168
202305,경기,오산시,41370,시군구,4
202305,경기,시흥시,41390,시군구,19
202305,경기,군포시,41410,시군구,0
202305,경기,의왕시,41430,시군구,182
202305,경기,하남시,41450,시군구,2
202305,경기,용인시,41461,시(구 합산),326
202305,경기,용인시,41463,시(구 합산),326
202305,경기,용인시,41465,시(구 합산),326
202305,경기,파주시,41480,시군구,1
202305,경기,이천시,41500,시군구,3
202305,경기,안성시,41550,시군구,1679
202305,경기,김포시,41570,시군구,1
202305,경기,양주시,41630,시군구,1027
202305,경기,여주시,41670,시군구,0
202305,경기,화성시,41591,시(구 합산),407
202305,경기,화성시,41593,시(구 합산),407
202305,경기,화성시,41595,시(구 합산),407
202305,경기,화성시,41597,시(구 합산),407
202305,경기,화성시,41590,시(구 합산),407
202305,경기,광주시,41610,시군구,205
202305,경기,연천군,41800,시군구,228
202305,경기,포천시,41650,시군구,0
202305,경기,가평군,41820,시군구,7
202305,경기,양평군,41830,시군구,166
202305,강원,계,,시도,2586
202305,충북,계,,시도,4088
202305,충남,계,,시도,7131
202305,세종,계,,시도,114
202305,전북,계,,시도,4015
202305,전남,계,,시도,3021
202305,경북,계,,시도,8639
202305,경남,계,,시도,4227
202305,제주,계,,시도,1961
202306,서울,계,,시도,1181
202306,서울,종로구,11110,시군구,0
202306,서울,중구,11140,시군구,2
202306,서울,용산구,11170,시군구,36
202306,서울,성동구,11200,시군구,0
202306,서울,광진구,11215,시군구,3
202306,서울,동대문구,11230,시군구,52
202306,서울,중랑구,11260,시군구,0
202306,서울,성북구,11290,시군구,0
202306,서울,강북구,11305,시군구,256
202306,서울,도봉구,11320,시군구,61
202306,서울,노원구,11350,시군구,0
202306,서울,은평구,11380,시군구,0
202306,서울,서대문구,11410,시군구,0
202306,서울,마포구,11440,시군구,212
202306,서울,양천구,11470,시군구,0
202306,서울,강서구,11500,시군구,236
202306,서울,구로구,11530,시군구,67
202306,서울,금천구,11545,시군구,34
202306,서울,영등포구,11560,시군구,0
202306,서울,동작구,11590,시군구,0
202306,서울,관악구,11620,시군구,0
202306,서울,서초구,11650,시군구,0
202306,서울,강남구,11680,시군구,0
202306,서울,송파구,11710,시군구,0
202306,서울,강동구,11740,시군구,222
202306,부산,계,,시도,3107
202306,대구,계,,시도,11409
202306,인천,계,,시도,2152
202306,인천,중구,28110,시군구,341
202306,인천,남동구,28200,시군구,458
202306,인천,서구,28260,시군구,248
202306,인천,연수구,28185,시군구,349
202306,인천,미추홀구,28177,시군구,696
202306,인천,동구,28140,시군구,0
202306,인천,부평구,28237,시군구,52
202306,인천,계양구,28245,시군구,0
202306,인천,강화군,28710,시군구,8
202306,인천,옹진군,28720,시군구,0
202306,광주,계,,시도,643
202306,대전,계,,시도,1729
202306,울산,계,,시도,3551
202306,경기,계,,시도,7226
202306,경기,수원시,41111,시(구 합산),20
202306,경기,수원시,41113,시(구 합산),20
202306,경기,수원시,41115,시(구 합산),20
202306,경기,수원시,41117,시(구 합산),20
202306,경기,성남시,41131,시(구 합산),102
202306,경기,성남시,41133,시(구 합산),102
202306,경기,성남시,41135,시(구 합산),102
202306,경기,의정부시,41150,시군구,220
202306,경기,안양시,41171,시(구 합산),55
202306,경기,안양시,41173,시(구 합산),55
202306,경기,부천시,41192,시(구 합산),122
202306,경기,부천시,41194,시(구 합산),122
202306,경기,부천시,41196,시(구 합산),122
202306,경기,부천시,41190,시(구 합산),122
202306,경기,광명시,41210,시군구,0
202306,경기,평택시,41220,시군구,1376
202306,경기,동두천시,41250,시군구,178
202306,경기,안산시,41271,시(구 합산),0
202306,경기,안산시,41273,시(구 합산),0
202306,경기,고양시,41281,시(구 합산),113
202306,경기,고양시,41285,시(구 합산),113
202306,경기,고양시,41287,시(구 합산),113
202306,경기,과천시,41290,시군구,0
202306,경기,구리시,41310,시군구,2
202306,경기,남양주시,41360,시군구,187
202306,경기,오산시,41370,시군구,5
202306,경기,시흥시,41390,시군구,19
202306,경기,군포시,41410,시군구,0
202306,경기,의왕시,41430,시군구,141
202306,경기,하남시,41450,시군구,2
202306,경기,용인시,41461,시(구 합산),785
202306,경기,용인시,41463,시(구 합산),785
202306,경기,용인시,41465,시(구 합산),785
202306,경기,파주시,41480,시군구,1
202306,경기,이천시,41500,시군구,3
202306,경기,안성시,41550,시군구,1629
202306,경기,김포시,41570,시군구,1
202306,경기,양주시,41630,시군구,1012
202306,경기,여주시,41670,시군구,0
202306,경기,화성시,41591,시(구 합산),873
202306,경기,화성시,41593,시(구 합산),873
202306,경기,화성시,41595,시(구 합산),873
202306,경기,화성시,41597,시(구 합산),873
202306,경기,화성시,41590,시(구 합산),873
202306,경기,광주시,41610,시군구,13
202306,경기,연천군,41800,시군구,199
202306,경기,포천시,41650,시군구,0
202306,경기,가평군,41820,시군구,3
202306,경기,양평군,41830,시군구,165
202306,강원,계,,시도,2461
202306,충북,계,,시도,3950
202306,충남,계,,시도,7023
202306,세종,계,,시도,86
202306,전북,계,,시도,4004
202306,전남,계,,시도,3560
202306,경북,계,,시도,8276
202306,경남,계,,시도,4076
202306,제주,계,,시도,1954
202307,서울,계,,시도,1081
202307,서울,종로구,11110,시군구,0
202307,서울,중구,11140,시군구,2
202307,서울,용산구,11170,시군구,36
202307,서울,성동구,11200,시군구,0
202307,서울,광진구,11215,시군구,3
202307,서울,동대문구,11230,시군구,52
202307,서울,중랑구,11260,시군구,0
202307,서울,성북구,11290,시군구,0
202307,서울,강북구,11305,시군구,246
202307,서울,도봉구,11320,시군구,60
202307,서울,노원구,11350,시군구,0
202307,서울,은평구,11380,시군구,0
202307,서울,서대문구,11410,시군구,0
202307,서울,마포구,11440,시군구,164
202307,서울,양천구,11470,시군구,0
202307,서울,강서구,11500,시군구,203
202307,서울,구로구,11530,시군구,63
202307,서울,금천구,11545,시군구,34
202307,서울,영등포구,11560,시군구,0
202307,서울,동작구,11590,시군구,0
202307,서울,관악구,11620,시군구,0
202307,서울,서초구,11650,시군구,0
202307,서울,강남구,11680,시군구,0
202307,서울,송파구,11710,시군구,0
202307,서울,강동구,11740,시군구,218
202307,부산,계,,시도,2258
202307,대구,계,,시도,11180
202307,인천,계,,시도,1212
202307,인천,중구,28110,시군구,177
202307,인천,남동구,28200,시군구,19
202307,인천,서구,28260,시군구,244
202307,인천,연수구,28185,시군구,353
202307,인천,미추홀구,28177,시군구,360
202307,인천,동구,28140,시군구,0
202307,인천,부평구,28237,시군구,52
202307,인천,계양구,28245,시군구,0
202307,인천,강화군,28710,시군구,7
202307,인천,옹진군,28720,시군구,0
202307,광주,계,,시도,698
202307,대전,계,,시도,1458
202307,울산,계,,시도,2909
202307,경기,계,,시도,6541
202307,경기,수원시,41111,시(구 합산),15
202307,경기,수원시,41113,시(구 합산),15
202307,경기,수원시,41115,시(구 합산),15
202307,경기,수원시,41117,시(구 합산),15
202307,경기,성남시,41131,시(구 합산),96
202307,경기,성남시,41133,시(구 합산),96
202307,경기,성남시,41135,시(구 합산),96
202307,경기,의정부시,41150,시군구,218
202307,경기,안양시,41171,시(구 합산),130
202307,경기,안양시,41173,시(구 합산),130
202307,경기,부천시,41192,시(구 합산),116
202307,경기,부천시,41194,시(구 합산),116
202307,경기,부천시,41196,시(구 합산),116
202307,경기,부천시,41190,시(구 합산),116
202307,경기,광명시,41210,시군구,0
202307,경기,평택시,41220,시군구,1088
202307,경기,동두천시,41250,시군구,178
202307,경기,안산시,41271,시(구 합산),0
202307,경기,안산시,41273,시(구 합산),0
202307,경기,고양시,41281,시(구 합산),113
202307,경기,고양시,41285,시(구 합산),113
202307,경기,고양시,41287,시(구 합산),113
202307,경기,과천시,41290,시군구,0
202307,경기,구리시,41310,시군구,2
202307,경기,남양주시,41360,시군구,546
202307,경기,오산시,41370,시군구,5
202307,경기,시흥시,41390,시군구,19
202307,경기,군포시,41410,시군구,0
202307,경기,의왕시,41430,시군구,0
202307,경기,하남시,41450,시군구,2
202307,경기,용인시,41461,시(구 합산),603
202307,경기,용인시,41463,시(구 합산),603
202307,경기,용인시,41465,시(구 합산),603
202307,경기,파주시,41480,시군구,1
202307,경기,이천시,41500,시군구,3
202307,경기,안성시,41550,시군구,1352
202307,경기,김포시,41570,시군구,1
202307,경기,양주시,41630,시군구,915
202307,경기,여주시,41670,시군구,0
202307,경기,화성시,41591,시(구 합산),768
202307,경기,화성시,41593,시(구 합산),768
202307,경기,화성시,41595,시(구 합산),768
202307,경기,화성시,41597,시(구 합산),768
202307,경기,화성시,41590,시(구 합산),768
202307,경기,광주시,41610,시군구,6
202307,경기,연천군,41800,시군구,196
202307,경기,포천시,41650,시군구,0
202307,경기,가평군,41820,시군구,3
202307,경기,양평군,41830,시군구,165
202307,강원,계,,시도,3324
202307,충북,계,,시도,3879
202307,충남,계,,시도,7066
202307,세종,계,,시도,77
202307,전북,계,,시도,3767
202307,전남,계,,시도,3517
202307,경북,계,,시도,7834
202307,경남,계,,시도,3928
202307,제주,계,,시도,2358
202308,서울,계,,시도,976
202308,서울,종로구,11110,시군구,0
202308,서울,중구,11140,시군구,3
202308,서울,용산구,11170,시군구,35
202308,서울,성동구,11200,시군구,0
202308,서울,광진구,11215,시군구,3
202308,서울,동대문구,11230,시군구,52
202308,서울,중랑구,11260,시군구,0
202308,서울,성북구,11290,시군구,0
202308,서울,강북구,11305,시군구,201
202308,서울,도봉구,11320,시군구,60
202308,서울,노원구,11350,시군구,0
202308,서울,은평구,11380,시군구,0
202308,서울,서대문구,11410,시군구,0
202308,서울,마포구,11440,시군구,144
202308,서울,양천구,11470,시군구,0
202308,서울,강서구,11500,시군구,170
202308,서울,구로구,11530,시군구,62
202308,서울,금천구,11545,시군구,34
202308,서울,영등포구,11560,시군구,0
202308,서울,동작구,11590,시군구,0
202308,서울,관악구,11620,시군구,0
202308,서울,서초구,11650,시군구,0
202308,서울,강남구,11680,시군구,0
202308,서울,송파구,11710,시군구,0
202308,서울,강동구,11740,시군구,212
202308,부산,계,,시도,2327
202308,대구,계,,시도,10779
202308,인천,계,,시도,1299
202308,인천,중구,28110,시군구,113
202308,인천,남동구,28200,시군구,19
202308,인천,서구,28260,시군구,245
202308,인천,연수구,28185,시군구,343
202308,인천,미추홀구,28177,시군구,520
202308,인천,동구,28140,시군구,0
202308,인천,부평구,28237,시군구,52
202308,인천,계양구,28245,시군구,0
202308,인천,강화군,28710,시군구,7
202308,인천,옹진군,28720,시군구,0
202308,광주,계,,시도,573
202308,대전,계,,시도,1177
202308,울산,계,,시도,3069
202308,경기,계,,시도,5401
202308,경기,수원시,41111,시(구 합산),15
202308,경기,수원시,41113,시(구 합산),15
202308,경기,수원시,41115,시(구 합산),15
202308,경기,수원시,41117,시(구 합산),15
202308,경기,성남시,41131,시(구 합산),94
202308,경기,성남시,41133,시(구 합산),94
202308,경기,성남시,41135,시(구 합산),94
202308,경기,의정부시,41150,시군구,218
202308,경기,안양시,41171,시(구 합산),126
202308,경기,안양시,41173,시(구 합산),126
202308,경기,부천시,41192,시(구 합산),115
202308,경기,부천시,41194,시(구 합산),115
202308,경기,부천시,41196,시(구 합산),115
202308,경기,부천시,41190,시(구 합산),115
202308,경기,광명시,41210,시군구,0
202308,경기,평택시,41220,시군구,972
202308,경기,동두천시,41250,시군구,178
202308,경기,안산시,41271,시(구 합산),0
202308,경기,안산시,41273,시(구 합산),0
202308,경기,고양시,41281,시(구 합산),113
202308,경기,고양시,41285,시(구 합산),113
202308,경기,고양시,41287,시(구 합산),113
202308,경기,과천시,41290,시군구,0
202308,경기,구리시,41310,시군구,0
202308,경기,남양주시,41360,시군구,493
202308,경기,오산시,41370,시군구,0
202308,경기,시흥시,41390,시군구,19
202308,경기,군포시,41410,시군구,0
202308,경기,의왕시,41430,시군구,0
202308,경기,하남시,41450,시군구,2
202308,경기,용인시,41461,시(구 합산),482
202308,경기,용인시,41463,시(구 합산),482
202308,경기,용인시,41465,시(구 합산),482
202308,경기,파주시,41480,시군구,1
202308,경기,이천시,41500,시군구,3
202308,경기,안성시,41550,시군구,1060
202308,경기,김포시,41570,시군구,1
202308,경기,양주시,41630,시군구,785
202308,경기,여주시,41670,시군구,0
202308,경기,화성시,41591,시(구 합산),367
202308,경기,화성시,41593,시(구 합산),367
202308,경기,화성시,41595,시(구 합산),367
202308,경기,화성시,41597,시(구 합산),367
202308,경기,화성시,41590,시(구 합산),367
202308,경기,광주시,41610,시군구,6
202308,경기,연천군,41800,시군구,183
202308,경기,포천시,41650,시군구,0
202308,경기,가평군,41820,시군구,3
202308,경기,양평군,41830,시군구,165
202308,강원,계,,시도,3728
202308,충북,계,,시도,3804
202308,충남,계,,시도,6234
202308,세종,계,,시도,127
202308,전북,계,,시도,3512
202308,전남,계,,시도,3591
202308,경북,계,,시도,8199
202308,경남,계,,시도,4593
202308,제주,계,,시도,2422
202309,서울,계,,시도,914
202309,서울,종로구,11110,시군구,0
202309,서울,중구,11140,시군구,3
202309,서울,용산구,11170,시군구,32
202309,서울,성동구,11200,시군구,0
202309,서울,광진구,11215,시군구,38
202309,서울,동대문구,11230,시군구,52
202309,서울,중랑구,11260,시군구,0
202309,서울,성북구,11290,시군구,0
202309,서울,강북구,11305,시군구,148
202309,서울,도봉구,11320,시군구,60
202309,서울,노원구,11350,시군구,0
202309,서울,은평구,11380,시군구,0
202309,서울,서대문구,11410,시군구,0
202309,서울,마포구,11440,시군구,127
202309,서울,양천구,11470,시군구,0
202309,서울,강서구,11500,시군구,151
202309,서울,구로구,11530,시군구,58
202309,서울,금천구,11545,시군구,33
202309,서울,영등포구,11560,시군구,0
202309,서울,동작구,11590,시군구,0
202309,서울,관악구,11620,시군구,0
202309,서울,서초구,11650,시군구,0
202309,서울,강남구,11680,시군구,0
202309,서울,송파구,11710,시군구,0
202309,서울,강동구,11740,시군구,212
202309,부산,계,,시도,2235
202309,대구,계,,시도,10501
202309,인천,계,,시도,1787
202309,인천,중구,28110,시군구,81
202309,인천,남동구,28200,시군구,19
202309,인천,서구,28260,시군구,760
202309,인천,연수구,28185,시군구,343
202309,인천,미추홀구,28177,시군구,526
202309,인천,동구,28140,시군구,0
202309,인천,부평구,28237,시군구,52
202309,인천,계양구,28245,시군구,0
202309,인천,강화군,28710,시군구,6
202309,인천,옹진군,28720,시군구,0
202309,광주,계,,시도,573
202309,대전,계,,시도,918
202309,울산,계,,시도,2990
202309,경기,계,,시도,4971
202309,경기,수원시,41111,시(구 합산),16
202309,경기,수원시,41113,시(구 합산),16
202309,경기,수원시,41115,시(구 합산),16
202309,경기,수원시,41117,시(구 합산),16
202309,경기,성남시,41131,시(구 합산),91
202309,경기,성남시,41133,시(구 합산),91
202309,경기,성남시,41135,시(구 합산),91
202309,경기,의정부시,41150,시군구,217
202309,경기,안양시,41171,시(구 합산),104
202309,경기,안양시,41173,시(구 합산),104
202309,경기,부천시,41192,시(구 합산),115
202309,경기,부천시,41194,시(구 합산),115
202309,경기,부천시,41196,시(구 합산),115
202309,경기,부천시,41190,시(구 합산),115
202309,경기,광명시,41210,시군구,0
202309,경기,평택시,41220,시군구,868
202309,경기,동두천시,41250,시군구,178
202309,경기,안산시,41271,시(구 합산),0
202309,경기,안산시,41273,시(구 합산),0
202309,경기,고양시,41281,시(구 합산),113
202309,경기,고양시,41285,시(구 합산),113
202309,경기,고양시,41287,시(구 합산),113
202309,경기,과천시,41290,시군구,0
202309,경기,구리시,41310,시군구,0
202309,경기,남양주시,41360,시군구,421
202309,경기,오산시,41370,시군구,0
202309,경기,시흥시,41390,시군구,19
202309,경기,군포시,41410,시군구,0
202309,경기,의왕시,41430,시군구,0
202309,경기,하남시,41450,시군구,2
202309,경기,용인시,41461,시(구 합산),443
202309,경기,용인시,41463,시(구 합산),443
202309,경기,용인시,41465,시(구 합산),443
202309,경기,파주시,41480,시군구,1
202309,경기,이천시,41500,시군구,3
202309,경기,안성시,41550,시군구,846
202309,경기,김포시,41570,시군구,1
202309,경기,양주시,41630,시군구,818
202309,경기,여주시,41670,시군구,0
202309,경기,화성시,41591,시(구 합산),367
202309,경기,화성시,41593,시(구 합산),367
202309,경기,화성시,41595,시(구 합산),367
202309,경기,화성시,41597,시(구 합산),367
202309,경기,화성시,41590,시(구 합산),367
202309,경기,광주시,41610,시군구,6
202309,경기,연천군,41800,시군구,174
202309,경기,포천시,41650,시군구,0
202309,경기,가평군,41820,시군구,3
202309,경기,양평군,41830,시군구,165
202309,강원,계,,시도,3958
202309,충북,계,,시도,3584
202309,충남,계,,시도,5814
202309,세종,계,,시도,127
202309,전북,계,,시도,3366
202309,전남,계,,시도,3600
202309,경북,계,,시도,7680
202309,경남,계,,시도,4376
202309,제주,계,,시도,2412
202310,서울,계,,시도,908
202310,서울,종로구,11110,시군구,0
202310,서울,중구,11140,시군구,3
202310,서울,용산구,11170,시군구,29
202310,서울,성동구,11200,시군구,0
202310,서울,광진구,11215,시군구,38
202310,서울,동대문구,11230,시군구,52
202310,서울,중랑구,11260,시군구,0
202310,서울,성북구,11290,시군구,0
202310,서울,강북구,11305,시군구,125
202310,서울,도봉구,11320,시군구,60
202310,서울,노원구,11350,시군구,0
202310,서울,은평구,11380,시군구,0
202310,서울,서대문구,11410,시군구,0
202310,서울,마포구,11440,시군구,111
202310,서울,양천구,11470,시군구,0
202310,서울,강서구,11500,시군구,127
202310,서울,구로구,11530,시군구,55
202310,서울,금천구,11545,시군구,32
202310,서울,영등포구,11560,시군구,0
202310,서울,동작구,11590,시군구,0
202310,서울,관악구,11620,시군구,0
202310,서울,서초구,11650,시군구,0
202310,서울,강남구,11680,시군구,0
202310,서울,송파구,11710,시군구,0
202310,서울,강동구,11740,시군구,276
202310,부산,계,,시도,2277
202310,대구,계,,시도,10376
202310,인천,계,,시도,1693
202310,인천,중구,28110,시군구,71
202310,인천,남동구,28200,시군구,19
202310,인천,서구,28260,시군구,600
202310,인천,연수구,28185,시군구,188
202310,인천,미추홀구,28177,시군구,435
202310,인천,동구,28140,시군구,0
202310,인천,부평구,28237,시군구,52
202310,인천,계양구,28245,시군구,322
202310,인천,강화군,28710,시군구,6
202310,인천,옹진군,28720,시군구,0
202310,광주,계,,시도,568
202310,대전,계,,시도,799
202310,울산,계,,시도,3111
202310,경기,계,,시도,4726
202310,경기,수원시,41111,시(구 합산),205
202310,경기,수원시,41113,시(구 합산),205
202310,경기,수원시,41115,시(구 합산),205
202310,경기,수원시,41117,시(구 합산),205
202310,경기,성남시,41131,시(구 합산),90
202310,경기,성남시,41133,시(구 합산),90
202310,경기,성남시,41135,시(구 합산),90
202310,경기,의정부시,41150,시군구,217
202310,경기,안양시,41171,시(구 합산),100
202310,경기,안양시,41173,시(구 합산),100
202310,경기,부천시,41192,시(구 합산),115
202310,경기,부천시,41194,시(구 합산),115
202310,경기,부천시,41196,시(구 합산),115
202310,경기,부천시,41190,시(구 합산),115
202310,경기,광명시,41210,시군구,0
202310,경기,평택시,41220,시군구,595
202310,경기,동두천시,41250,시군구,178
202310,경기,안산시,41271,시(구 합산),0
202310,경기,안산시,41273,시(구 합산),0
202310,경기,고양시,41281,시(구 합산),113
202310,경기,고양시,41285,시(구 합산),113
202310,경기,고양시,41287,시(구 합산),113
202310,경기,과천시,41290,시군구,0
202310,경기,구리시,41310,시군구,0
202310,경기,남양주시,41360,시군구,405
202310,경기,오산시,41370,시군구,0
202310,경기,시흥시,41390,시군구,19
202310,경기,군포시,41410,시군구,0
202310,경기,의왕시,41430,시군구,0
202310,경기,하남시,41450,시군구,2
202310,경기,용인시,41461,시(구 합산),440
202310,경기,용인시,41463,시(구 합산),440
202310,경기,용인시,41465,시(구 합산),440
202310,경기,파주시,41480,시군구,1
202310,경기,이천시,41500,시군구,3
202310,경기,안성시,41550,시군구,625
202310,경기,김포시,41570,시군구,1
202310,경기,양주시,41630,시군구,773
202310,경기,여주시,41670,시군구,0
202310,경기,화성시,41591,시(구 합산),357
202310,경기,화성시,41593,시(구 합산),357
202310,경기,화성시,41595,시(구 합산),357
202310,경기,화성시,41597,시(구 합산),357
202310,경기,화성시,41590,시(구 합산),357
202310,경기,광주시,41610,시군구,6
202310,경기,연천군,41800,시군구,169
202310,경기,포천시,41650,시군구,151
202310,경기,가평군,41820,시군구,0
202310,경기,양평군,41830,시군구,161
202310,강원,계,,시도,3861
202310,충북,계,,시도,3631
202310,충남,계,,시도,5324
202310,세종,계,,시도,126
202310,전북,계,,시도,3227
202310,전남,계,,시도,3585
202310,경북,계,,시도,7376
202310,경남,계,,시도,4188
202310,제주,계,,시도,2523
202311,서울,계,,시도,877
202311,서울,종로구,11110,시군구,0
202311,서울,중구,11140,시군구,3
202311,서울,용산구,11170,시군구,28
202311,서울,성동구,11200,시군구,0
202311,서울,광진구,11215,시군구,38
202311,서울,동대문구,11230,시군구,52
202311,서울,중랑구,11260,시군구,0
202311,서울,성북구,11290,시군구,0
202311,서울,강북구,11305,시군구,127
202311,서울,도봉구,11320,시군구,60
202311,서울,노원구,11350,시군구,0
202311,서울,은평구,11380,시군구,0
202311,서울,서대문구,11410,시군구,0
202311,서울,마포구,11440,시군구,95
202311,서울,양천구,11470,시군구,0
202311,서울,강서구,11500,시군구,115
202311,서울,구로구,11530,시군구,52
202311,서울,금천구,11545,시군구,32
202311,서울,영등포구,11560,시군구,0
202311,서울,동작구,11590,시군구,0
202311,서울,관악구,11620,시군구,0
202311,서울,서초구,11650,시군구,0
202311,서울,강남구,11680,시군구,0
202311,서울,송파구,11710,시군구,0
202311,서울,강동구,11740,시군구,275
202311,부산,계,,시도,2534
202311,대구,계,,시도,10328
202311,인천,계,,시도,1298
202311,인천,중구,28110,시군구,65
202311,인천,남동구,28200,시군구,19
202311,인천,서구,28260,시군구,518
202311,인천,연수구,28185,시군구,180
202311,인천,미추홀구,28177,시군구,405
202311,인천,동구,28140,시군구,0
202311,인천,부평구,28237,시군구,52
202311,인천,계양구,28245,시군구,54
202311,인천,강화군,28710,시군구,5
202311,인천,옹진군,28720,시군구,0
202311,광주,계,,시도,604
202311,대전,계,,시도,747
202311,울산,계,,시도,3069
202311,경기,계,,시도,4823
202311,경기,수원시,41111,시(구 합산),204
202311,경기,수원시,41113,시(구 합산),204
202311,경기,수원시,41115,시(구 합산),204
202311,경기,수원시,41117,시(구 합산),204
202311,경기,성남시,41131,시(구 합산),90
202311,경기,성남시,41133,시(구 합산),90
202311,경기,성남시,41135,시(구 합산),90
202311,경기,의정부시,41150,시군구,217
202311,경기,안양시,41171,시(구 합산),89
202311,경기,안양시,41173,시(구 합산),89
202311,경기,부천시,41192,시(구 합산),112
202311,경기,부천시,41194,시(구 합산),112
202311,경기,부천시,41196,시(구 합산),112
202311,경기,부천시,41190,시(구 합산),112
202311,경기,광명시,41210,시군구,0
202311,경기,평택시,41220,시군구,508
202311,경기,동두천시,41250,시군구,178
202311,경기,안산시,41271,시(구 합산),0
202311,경기,안산시,41273,시(구 합산),0
202311,경기,고양시,41281,시(구 합산),79
202311,경기,고양시,41285,시(구 합산),79
202311,경기,고양시,41287,시(구 합산),79
202311,경기,과천시,41290,시군구,0
202311,경기,구리시,41310,시군구,0
202311,경기,남양주시,41360,시군구,393
202311,경기,오산시,41370,시군구,0
202311,경기,시흥시,41390,시군구,19
202311,경기,군포시,41410,시군구,0
202311,경기,의왕시,41430,시군구,0
202311,경기,하남시,41450,시군구,2
202311,경기,용인시,41461,시(구 합산),604
202311,경기,용인시,41463,시(구 합산),604
202311,경기,용인시,41465,시(구 합산),604
202311,경기,파주시,41480,시군구,1
202311,경기,이천시,41500,시군구,3
202311,경기,안성시,41550,시군구,533
202311,경기,김포시,41570,시군구,1
202311,경기,양주시,41630,시군구,1040
202311,경기,여주시,41670,시군구,0
202311,경기,화성시,41591,시(구 합산),347
202311,경기,화성시,41593,시(구 합산),347
202311,경기,화성시,41595,시(구 합산),347
202311,경기,화성시,41597,시(구 합산),347
202311,경기,화성시,41590,시(구 합산),347
202311,경기,광주시,41610,시군구,6
202311,경기,연천군,41800,시군구,147
202311,경기,포천시,41650,시군구,95
202311,경기,가평군,41820,시군구,0
202311,경기,양평군,41830,시군구,155
202311,강원,계,,시도,3861
202311,충북,계,,시도,3510
202311,충남,계,,시도,5807
202311,세종,계,,시도,125
202311,전북,계,,시도,3131
202311,전남,계,,시도,3774
202311,경북,계,,시도,6859
202311,경남,계,,시도,4068
202311,제주,계,,시도,2510
202312,서울,계,,시도,958
202312,서울,종로구,11110,시군구,0
202312,서울,중구,11140,시군구,3
202312,서울,용산구,11170,시군구,27
202312,서울,성동구,11200,시군구,0
202312,서울,광진구,11215,시군구,38
202312,서울,동대문구,11230,시군구,174
202312,서울,중랑구,11260,시군구,0
202312,서울,성북구,11290,시군구,0
202312,서울,강북구,11305,시군구,127
202312,서울,도봉구,11320,시군구,59
202312,서울,노원구,11350,시군구,0
202312,서울,은평구,11380,시군구,0
202312,서울,서대문구,11410,시군구,0
202312,서울,마포구,11440,시군구,85
202312,서울,양천구,11470,시군구,0
202312,서울,강서구,11500,시군구,108
202312,서울,구로구,11530,시군구,51
202312,서울,금천구,11545,시군구,29
202312,서울,영등포구,11560,시군구,0
202312,서울,동작구,11590,시군구,0
202312,서울,관악구,11620,시군구,0
202312,서울,서초구,11650,시군구,0
202312,서울,강남구,11680,시군구,0
202312,서울,송파구,11710,시군구,0
202312,서울,강동구,11740,시군구,257
202312,부산,계,,시도,2997
202312,대구,계,,시도,10245
202312,인천,계,,시도,3270
202312,인천,중구,28110,시군구,333
202312,인천,남동구,28200,시군구,19
202312,인천,서구,28260,시군구,1869
202312,인천,연수구,28185,시군구,180
202312,인천,미추홀구,28177,시군구,812
202312,인천,동구,28140,시군구,0
202312,인천,부평구,28237,시군구,52
202312,인천,계양구,28245,시군구,0
202312,인천,강화군,28710,시군구,5
202312,인천,옹진군,28720,시군구,0
202312,광주,계,,시도,596
202312,대전,계,,시도,894
202312,울산,계,,시도,2941
202312,경기,계,,시도,5803
202312,경기,수원시,41111,시(구 합산),205
202312,경기,수원시,41113,시(구 합산),205
202312,경기,수원시,41115,시(구 합산),205
202312,경기,수원시,41117,시(구 합산),205
202312,경기,성남시,41131,시(구 합산),90
202312,경기,성남시,41133,시(구 합산),90
202312,경기,성남시,41135,시(구 합산),90
202312,경기,의정부시,41150,시군구,896
202312,경기,안양시,41171,시(구 합산),82
202312,경기,안양시,41173,시(구 합산),82
202312,경기,부천시,41192,시(구 합산),112
202312,경기,부천시,41194,시(구 합산),112
202312,경기,부천시,41196,시(구 합산),112
202312,경기,부천시,41190,시(구 합산),112
202312,경기,광명시,41210,시군구,4
202312,경기,평택시,41220,시군구,430
202312,경기,동두천시,41250,시군구,178
202312,경기,안산시,41271,시(구 합산),0
202312,경기,안산시,41273,시(구 합산),0
202312,경기,고양시,41281,시(구 합산),79
202312,경기,고양시,41285,시(구 합산),79
202312,경기,고양시,41287,시(구 합산),79
202312,경기,과천시,41290,시군구,0
202312,경기,구리시,41310,시군구,0
202312,경기,남양주시,41360,시군구,384
202312,경기,오산시,41370,시군구,0
202312,경기,시흥시,41390,시군구,19
202312,경기,군포시,41410,시군구,0
202312,경기,의왕시,41430,시군구,0
202312,경기,하남시,41450,시군구,2
202312,경기,용인시,41461,시(구 합산),601
202312,경기,용인시,41463,시(구 합산),601
202312,경기,용인시,41465,시(구 합산),601
202312,경기,파주시,41480,시군구,1
202312,경기,이천시,41500,시군구,3
202312,경기,안성시,41550,시군구,499
202312,경기,김포시,41570,시군구,567
202312,경기,양주시,41630,시군구,941
202312,경기,여주시,41670,시군구,0
202312,경기,화성시,41591,시(구 합산),335
202312,경기,화성시,41593,시(구 합산),335
202312,경기,화성시,41595,시(구 합산),335
202312,경기,화성시,41597,시(구 합산),335
202312,경기,화성시,41590,시(구 합산),335
202312,경기,광주시,41610,시군구,6
202312,경기,연천군,41800,시군구,132
202312,경기,포천시,41650,시군구,86
202312,경기,가평군,41820,시군구,0
202312,경기,양평군,41830,시군구,151
202312,강원,계,,시도,4001
202312,충북,계,,시도,3442
202312,충남,계,,시도,5484
202312,세종,계,,시도,122
202312,전북,계,,시도,3075
202312,전남,계,,시도,3618
202312,경북,계,,시도,8862
202312,경남,계,,시도,3682
202312,제주,계,,시도,2499
202401,서울,계,,시도,997
202401,서울,종로구,11110,시군구,0
202401,서울,중구,11140,시군구,3
202401,서울,용산구,11170,시군구,26
202401,서울,성동구,11200,시군구,0
202401,서울,광진구,11215,시군구,38
202401,서울,동대문구,11230,시군구,170
202401,서울,중랑구,11260,시군구,0
202401,서울,성북구,11290,시군구,0
202401,서울,강북구,11305,시군구,125
202401,서울,도봉구,11320,시군구,58
202401,서울,노원구,11350,시군구,0
202401,서울,은평구,11380,시군구,0
202401,서울,서대문구,11410,시군구,0
202401,서울,마포구,11440,시군구,80
202401,서울,양천구,11470,시군구,0
202401,서울,강서구,11500,시군구,105
202401,서울,구로구,11530,시군구,45
202401,서울,금천구,11545,시군구,28
202401,서울,영등포구,11560,시군구,0
202401,서울,동작구,11590,시군구,0
202401,서울,관악구,11620,시군구,0
202401,서울,서초구,11650,시군구,0
202401,서울,강남구,11680,시군구,0
202401,서울,송파구,11710,시군구,0
202401,서울,강동구,11740,시군구,319
202401,부산,계,,시도,3372
202401,대구,계,,시도,10124
202401,인천,계,,시도,3094
202401,인천,중구,28110,시군구,261
202401,인천,남동구,28200,시군구,19
202401,인천,서구,28260,시군구,1770
202401,인천,연수구,28185,시군구,180
202401,인천,미추홀구,28177,시군구,807
202401,인천,동구,28140,시군구,0
202401,인천,부평구,28237,시군구,52
202401,인천,계양구,28245,시군구,0
202401,인천,강화군,28710,시군구,5
202401,인천,옹진군,28720,시군구,0
202401,광주,계,,시도,860
202401,대전,계,,시도,1112
202401,울산,계,,시도,2725
202401,경기,계,,시도,6069
202401,경기,수원시,41111,시(구 합산),203
202401,경기,수원시,41113,시(구 합산),203
202401,경기,수원시,41115,시(구 합산),203
202401,경기,수원시,41117,시(구 합산),203
202401,경기,성남시,41131,시(구 합산),88
202401,경기,성남시,41133,시(구 합산),88
202401,경기,성남시,41135,시(구 합산),88
202401,경기,의정부시,41150,시군구,640
202401,경기,안양시,41171,시(구 합산),79
202401,경기,안양시,41173,시(구 합산),79
202401,경기,부천시,41192,시(구 합산),382
202401,경기,부천시,41194,시(구 합산),382
202401,경기,부천시,41196,시(구 합산),382
202401,경기,부천시,41190,시(구 합산),382
202401,경기,광명시,41210,시군구,0
202401,경기,평택시,41220,시군구,361
202401,경기,동두천시,41250,시군구,178
202401,경기,안산시,41271,시(구 합산),0
202401,경기,안산시,41273,시(구 합산),0
202401,경기,고양시,41281,시(구 합산),74
202401,경기,고양시,41285,시(구 합산),74
202401,경기,고양시,41287,시(구 합산),74
202401,경기,과천시,41290,시군구,0
202401,경기,구리시,41310,시군구,0
202401,경기,남양주시,41360,시군구,378
202401,경기,오산시,41370,시군구,0
202401,경기,시흥시,41390,시군구,19
202401,경기,군포시,41410,시군구,0
202401,경기,의왕시,41430,시군구,0
202401,경기,하남시,41450,시군구,2
202401,경기,용인시,41461,시(구 합산),1001
202401,경기,용인시,41463,시(구 합산),1001
202401,경기,용인시,41465,시(구 합산),1001
202401,경기,파주시,41480,시군구,1
202401,경기,이천시,41500,시군구,154
202401,경기,안성시,41550,시군구,459
202401,경기,김포시,41570,시군구,510
202401,경기,양주시,41630,시군구,848
202401,경기,여주시,41670,시군구,0
202401,경기,화성시,41591,시(구 합산),325
202401,경기,화성시,41593,시(구 합산),325
202401,경기,화성시,41595,시(구 합산),325
202401,경기,화성시,41597,시(구 합산),325
202401,경기,화성시,41590,시(구 합산),325
202401,경기,광주시,41610,시군구,6
202401,경기,연천군,41800,시군구,125
202401,경기,포천시,41650,시군구,84
202401,경기,가평군,41820,시군구,0
202401,경기,양평군,41830,시군구,152
202401,강원,계,,시도,3996
202401,충북,계,,시도,3275
202401,충남,계,,시도,5436
202401,세종,계,,시도,120
202401,전북,계,,시도,3438
202401,전남,계,,시도,3625
202401,경북,계,,시도,9299
202401,경남,계,,시도,3727
202401,제주,계,,시도,2486
202402,서울,계,,시도,1018
202402,서울,종로구,11110,시군구,0
202402,서울,중구,11140,시군구,3
202402,서울,용산구,11170,시군구,18
202402,서울,성동구,11200,시군구,0
202402,서울,광진구,11215,시군구,38
202402,서울,동대문구,11230,시군구,170
202402,서울,중랑구,11260,시군구,0
202402,서울,성북구,11290,시군구,0
202402,서울,강북구,11305,시군구,124
202402,서울,도봉구,11320,시군구,58
202402,서울,노원구,11350,시군구,0
202402,서울,은평구,11380,시군구,0
202402,서울,서대문구,11410,시군구,0
202402,서울,마포구,11440,시군구,79
202402,서울,양천구,11470,시군구,33
202402,서울,강서구,11500,시군구,103
202402,서울,구로구,11530,시군구,45
202402,서울,금천구,11545,시군구,28
202402,서울,영등포구,11560,시군구,0
202402,서울,동작구,11590,시군구,0
202402,서울,관악구,11620,시군구,0
202402,서울,서초구,11650,시군구,0
202402,서울,강남구,11680,시군구,0
202402,서울,송파구,11710,시군구,0
202402,서울,강동구,11740,시군구,319
202402,부산,계,,시도,3149
202402,대구,계,,시도,9927
202402,인천,계,,시도,2843
202402,인천,중구,28110,시군구,226
202402,인천,남동구,28200,시군구,19
202402,인천,서구,28260,시군구,1695
202402,인천,연수구,28185,시군구,173
202402,인천,미추홀구,28177,시군구,673
202402,인천,동구,28140,시군구,0
202402,인천,부평구,28237,시군구,52
202402,인천,계양구,28245,시군구,0
202402,인천,강화군,28710,시군구,5
202402,인천,옹진군,28720,시군구,0
202402,광주,계,,시도,904
202402,대전,계,,시도,1444
202402,울산,계,,시도,2713
202402,경기,계,,시도,8095
202402,경기,수원시,41111,시(구 합산),203
202402,경기,수원시,41113,시(구 합산),203
202402,경기,수원시,41115,시(구 합산),203
202402,경기,수원시,41117,시(구 합산),203
202402,경기,성남시,41131,시(구 합산),88
202402,경기,성남시,41133,시(구 합산),88
202402,경기,성남시,41135,시(구 합산),88
202402,경기,의정부시,41150,시군구,554
202402,경기,안양시,41171,시(구 합산),79
202402,경기,안양시,41173,시(구 합산),79
202402,경기,부천시,41192,시(구 합산),252
202402,경기,부천시,41194,시(구 합산),252
202402,경기,부천시,41196,시(구 합산),252
202402,경기,부천시,41190,시(구 합산),252
202402,경기,광명시,41210,시군구,0
202402,경기,평택시,41220,시군구,1647
202402,경기,동두천시,41250,시군구,178
202402,경기,안산시,41271,시(구 합산),0
202402,경기,안산시,41273,시(구 합산),0
202402,경기,고양시,41281,시(구 합산),74
202402,경기,고양시,41285,시(구 합산),74
202402,경기,고양시,41287,시(구 합산),74
202402,경기,과천시,41290,시군구,0
202402,경기,구리시,41310,시군구,0
202402,경기,남양주시,41360,시군구,374
202402,경기,오산시,41370,시군구,0
202402,경기,시흥시,41390,시군구,19
202402,경기,군포시,41410,시군구,0
202402,경기,의왕시,41430,시군구,0
202402,경기,하남시,41450,시군구,2
202402,경기,용인시,41461,시(구 합산),891
202402,경기,용인시,41463,시(구 합산),891
202402,경기,용인시,41465,시(구 합산),891
202402,경기,파주시,41480,시군구,1
202402,경기,이천시,41500,시군구,100
202402,경기,안성시,41550,시군구,1689
202402,경기,김포시,41570,시군구,486
202402,경기,양주시,41630,시군구,798
202402,경기,여주시,41670,시군구,0
202402,경기,화성시,41591,시(구 합산),309
202402,경기,화성시,41593,시(구 합산),309
202402,경기,화성시,41595,시(구 합산),309
202402,경기,화성시,41597,시(구 합산),309
202402,경기,화성시,41590,시(구 합산),309
202402,경기,광주시,41610,시군구,6
202402,경기,연천군,41800,시군구,115
202402,경기,포천시,41650,시군구,84
202402,경기,가평군,41820,시군구,0
202402,경기,양평군,41830,시군구,146
202402,강원,계,,시도,3814
202402,충북,계,,시도,3210
202402,충남,계,,시도,5204
202402,세종,계,,시도,119
202402,전북,계,,시도,3342
202402,전남,계,,시도,3716
202402,경북,계,,시도,9158
202402,경남,계,,시도,3733
202402,제주,계,,시도,2485
202403,서울,계,,시도,968
202403,서울,종로구,11110,시군구,0
202403,서울,중구,11140,시군구,3
202403,서울,용산구,11170,시군구,18
202403,서울,성동구,11200,시군구,0
202403,서울,광진구,11215,시군구,37
202403,서울,동대문구,11230,시군구,170
202403,서울,중랑구,11260,시군구,0
202403,서울,성북구,11290,시군구,0
202403,서울,강북구,11305,시군구,98
202403,서울,도봉구,11320,시군구,58
202403,서울,노원구,11350,시군구,0
202403,서울,은평구,11380,시군구,0
202403,서울,서대문구,11410,시군구,0
202403,서울,마포구,11440,시군구,76
202403,서울,양천구,11470,시군구,33
202403,서울,강서구,11500,시군구,101
202403,서울,구로구,11530,시군구,40
202403,서울,금천구,11545,시군구,24
202403,서울,영등포구,11560,시군구,0
202403,서울,동작구,11590,시군구,0
202403,서울,관악구,11620,시군구,0
202403,서울,서초구,11650,시군구,0
202403,서울,강남구,11680,시군구,0
202403,서울,송파구,11710,시군구,0
202403,서울,강동구,11740,시군구,310
202403,부산,계,,시도,3222
202403,대구,계,,시도,9814
202403,인천,계,,시도,2669
202403,인천,중구,28110,시군구,208
202403,인천,남동구,28200,시군구,19
202403,인천,서구,28260,시군구,1599
202403,인천,연수구,28185,시군구,168
202403,인천,미추홀구,28177,시군구,619
202403,인천,동구,28140,시군구,0
202403,인천,부평구,28237,시군구,52
202403,인천,계양구,28245,시군구,0
202403,인천,강화군,28710,시군구,4
202403,인천,옹진군,28720,시군구,0
202403,광주,계,,시도,1286
202403,대전,계,,시도,1339
202403,울산,계,,시도,2640
202403,경기,계,,시도,8340
202403,경기,수원시,41111,시(구 합산),169
202403,경기,수원시,41113,시(구 합산),169
202403,경기,수원시,41115,시(구 합산),169
202403,경기,수원시,41117,시(구 합산),169
202403,경기,성남시,41131,시(구 합산),88
202403,경기,성남시,41133,시(구 합산),88
202403,경기,성남시,41135,시(구 합산),88
202403,경기,의정부시,41150,시군구,435
202403,경기,안양시,41171,시(구 합산),79
202403,경기,안양시,41173,시(구 합산),79
202403,경기,부천시,41192,시(구 합산),174
202403,경기,부천시,41194,시(구 합산),174
202403,경기,부천시,41196,시(구 합산),174
202403,경기,부천시,41190,시(구 합산),174
202403,경기,광명시,41210,시군구,0
202403,경기,평택시,41220,시군구,2360
202403,경기,동두천시,41250,시군구,178
202403,경기,안산시,41271,시(구 합산),0
202403,경기,안산시,41273,시(구 합산),0
202403,경기,고양시,41281,시(구 합산),72
202403,경기,고양시,41285,시(구 합산),72
202403,경기,고양시,41287,시(구 합산),72
202403,경기,과천시,41290,시군구,0
202403,경기,구리시,41310,시군구,0
202403,경기,남양주시,41360,시군구,365
202403,경기,오산시,41370,시군구,0
202403,경기,시흥시,41390,시군구,8
202403,경기,군포시,41410,시군구,0
202403,경기,의왕시,41430,시군구,0
202403,경기,하남시,41450,시군구,2
202403,경기,용인시,41461,시(구 합산),920
202403,경기,용인시,41463,시(구 합산),920
202403,경기,용인시,41465,시(구 합산),920
202403,경기,파주시,41480,시군구,1
202403,경기,이천시,41500,시군구,67
202403,경기,안성시,41550,시군구,1581
202403,경기,김포시,41570,시군구,465
202403,경기,양주시,41630,시군구,744
202403,경기,여주시,41670,시군구,0
202403,경기,화성시,41591,시(구 합산),301
202403,경기,화성시,41593,시(구 합산),301
202403,경기,화성시,41595,시(구 합산),301
202403,경기,화성시,41597,시(구 합산),301
202403,경기,화성시,41590,시(구 합산),301
202403,경기,광주시,41610,시군구,6
202403,경기,연천군,41800,시군구,97
202403,경기,포천시,41650,시군구,83
202403,경기,가평군,41820,시군구,0
202403,경기,양평군,41830,시군구,145
202403,강원,계,,시도,3748
202403,충북,계,,시도,3015
202403,충남,계,,시도,4933
202403,세종,계,,시도,112
202403,전북,계,,시도,3259
202403,전남,계,,시도,3701
202403,경북,계,,시도,9561
202403,경남,계,,시도,3872
202403,제주,계,,시도,2485
202404,서울,계,,시도,936
202404,서울,종로구,11110,시군구,0
202404,서울,중구,11140,시군구,3
202404,서울,용산구,11170,시군구,6
202404,서울,성동구,11200,시군구,0
202404,서울,광진구,11215,시군구,37
202404,서울,동대문구,11230,시군구,170
202404,서울,중랑구,11260,시군구,0
202404,서울,성북구,11290,시군구,0
202404,서울,강북구,11305,시군구,96
202404,서울,도봉구,11320,시군구,58
202404,서울,노원구,11350,시군구,0
202404,서울,은평구,11380,시군구,0
202404,서울,서대문구,11410,시군구,0
202404,서울,마포구,11440,시군구,64
202404,서울,양천구,11470,시군구,33
202404,서울,강서구,11500,시군구,101
202404,서울,구로구,11530,시군구,39
202404,서울,금천구,11545,시군구,22
202404,서울,영등포구,11560,시군구,0
202404,서울,동작구,11590,시군구,0
202404,서울,관악구,11620,시군구,0
202404,서울,서초구,11650,시군구,0
202404,서울,강남구,11680,시군구,0
202404,서울,송파구,11710,시군구,0
202404,서울,강동구,11740,시군구,307
202404,부산,계,,시도,4566
202404,대구,계,,시도,9667
202404,인천,계,,시도,4260
202404,인천,중구,28110,시군구,183
202404,인천,남동구,28200,시군구,19
202404,인천,서구,28260,시군구,1644
202404,인천,연수구,28185,시군구,1913
202404,인천,미추홀구,28177,시군구,445
202404,인천,동구,28140,시군구,0
202404,인천,부평구,28237,시군구,52
202404,인천,계양구,28245,시군구,0
202404,인천,강화군,28710,시군구,4
202404,인천,옹진군,28720,시군구,0
202404,광주,계,,시도,1721
202404,대전,계,,시도,1317
202404,울산,계,,시도,3159
202404,경기,계,,시도,9459
202404,경기,수원시,41111,시(구 합산),159
202404,경기,수원시,41113,시(구 합산),159
202404,경기,수원시,41115,시(구 합산),159
202404,경기,수원시,41117,시(구 합산),159
202404,경기,성남시,41131,시(구 합산),86
202404,경기,성남시,41133,시(구 합산),86
202404,경기,성남시,41135,시(구 합산),86
202404,경기,의정부시,41150,시군구,360
202404,경기,안양시,41171,시(구 합산),315
202404,경기,안양시,41173,시(구 합산),315
202404,경기,부천시,41192,시(구 합산),179
202404,경기,부천시,41194,시(구 합산),179
202404,경기,부천시,41196,시(구 합산),179
202404,경기,부천시,41190,시(구 합산),179
202404,경기,광명시,41210,시군구,0
202404,경기,평택시,41220,시군구,2641
202404,경기,동두천시,41250,시군구,166
202404,경기,안산시,41271,시(구 합산),0
202404,경기,안산시,41273,시(구 합산),0
202404,경기,고양시,41281,시(구 합산),71
202404,경기,고양시,41285,시(구 합산),71
202404,경기,고양시,41287,시(구 합산),71
202404,경기,과천시,41290,시군구,0
202404,경기,구리시,41310,시군구,0
202404,경기,남양주시,41360,시군구,363
202404,경기,오산시,41370,시군구,0
202404,경기,시흥시,41390,시군구,8
202404,경기,군포시,41410,시군구,0
202404,경기,의왕시,41430,시군구,0
202404,경기,하남시,41450,시군구,2
202404,경기,용인시,41461,시(구 합산),843
202404,경기,용인시,41463,시(구 합산),843
202404,경기,용인시,41465,시(구 합산),843
202404,경기,파주시,41480,시군구,1
202404,경기,이천시,41500,시군구,1045
202404,경기,안성시,41550,시군구,1495
202404,경기,김포시,41570,시군구,445
202404,경기,양주시,41630,시군구,686
202404,경기,여주시,41670,시군구,0
202404,경기,화성시,41591,시(구 합산),301
202404,경기,화성시,41593,시(구 합산),301
202404,경기,화성시,41595,시(구 합산),301
202404,경기,화성시,41597,시(구 합산),301
202404,경기,화성시,41590,시(구 합산),301
202404,경기,광주시,41610,시군구,6
202404,경기,연천군,41800,시군구,67
202404,경기,포천시,41650,시군구,83
202404,경기,가평군,41820,시군구,0
202404,경기,양평군,41830,시군구,137
202404,강원,계,,시도,3747
202404,충북,계,,시도,3679
202404,충남,계,,시도,5697
202404,세종,계,,시도,105
202404,전북,계,,시도,3219
202404,전남,계,,시도,3685
202404,경북,계,,시도,9197
202404,경남,계,,시도,4746
202404,제주,계,,시도,2837
202405,서울,계,,시도,974
202405,서울,종로구,11110,시군구,0
202405,서울,중구,11140,시군구,3
202405,서울,용산구,11170,시군구,4
202405,서울,성동구,11200,시군구,0
202405,서울,광진구,11215,시군구,37
202405,서울,동대문구,11230,시군구,170
202405,서울,중랑구,11260,시군구,0
202405,서울,성북구,11290,시군구,0
202405,서울,강북구,11305,시군구,95
202405,서울,도봉구,11320,시군구,58
202405,서울,노원구,11350,시군구,0
202405,서울,은평구,11380,시군구,0
202405,서울,서대문구,11410,시군구,0
202405,서울,마포구,11440,시군구,63
202405,서울,양천구,11470,시군구,33
202405,서울,강서구,11500,시군구,146
202405,서울,구로구,11530,시군구,38
202405,서울,금천구,11545,시군구,20
202405,서울,영등포구,11560,시군구,0
202405,서울,동작구,11590,시군구,0
202405,서울,관악구,11620,시군구,0
202405,서울,서초구,11650,시군구,0
202405,서울,강남구,11680,시군구,0
202405,서울,송파구,11710,시군구,0
202405,서울,강동구,11740,시군구,307
202405,부산,계,,시도,5496
202405,대구,계,,시도,9533
202405,인천,계,,시도,4911
202405,인천,중구,28110,시군구,622
202405,인천,남동구,28200,시군구,19
202405,인천,서구,28260,시군구,1210
202405,인천,연수구,28185,시군구,1815
202405,인천,미추홀구,28177,시군구,380
202405,인천,동구,28140,시군구,0
202405,인천,부평구,28237,시군구,52
202405,인천,계양구,28245,시군구,809
202405,인천,강화군,28710,시군구,4
202405,인천,옹진군,28720,시군구,0
202405,광주,계,,시도,1707
202405,대전,계,,시도,2538
202405,울산,계,,시도,2976
202405,경기,계,,시도,8876
202405,경기,수원시,41111,시(구 합산),140
202405,경기,수원시,41113,시(구 합산),140
202405,경기,수원시,41115,시(구 합산),140
202405,경기,수원시,41117,시(구 합산),140
202405,경기,성남시,41131,시(구 합산),116
202405,경기,성남시,41133,시(구 합산),116
202405,경기,성남시,41135,시(구 합산),116
202405,경기,의정부시,41150,시군구,360
202405,경기,안양시,41171,시(구 합산),176
202405,경기,안양시,41173,시(구 합산),176
202405,경기,부천시,41192,시(구 합산),203
202405,경기,부천시,41194,시(구 합산),203
202405,경기,부천시,41196,시(구 합산),203
202405,경기,부천시,41190,시(구 합산),203
202405,경기,광명시,41210,시군구,0
202405,경기,평택시,41220,시군구,2473
202405,경기,동두천시,41250,시군구,153
202405,경기,안산시,41271,시(구 합산),0
202405,경기,안산시,41273,시(구 합산),0
202405,경기,고양시,41281,시(구 합산),70
202405,경기,고양시,41285,시(구 합산),70
202405,경기,고양시,41287,시(구 합산),70
202405,경기,과천시,41290,시군구,0
202405,경기,구리시,41310,시군구,0
202405,경기,남양주시,41360,시군구,353
202405,경기,오산시,41370,시군구,0
202405,경기,시흥시,41390,시군구,3
202405,경기,군포시,41410,시군구,0
202405,경기,의왕시,41430,시군구,0
202405,경기,하남시,41450,시군구,2
202405,경기,용인시,41461,시(구 합산),772
202405,경기,용인시,41463,시(구 합산),772
202405,경기,용인시,41465,시(구 합산),772
202405,경기,파주시,41480,시군구,1
202405,경기,이천시,41500,시군구,989
202405,경기,안성시,41550,시군구,1388
202405,경기,김포시,41570,시군구,430
202405,경기,양주시,41630,시군구,680
202405,경기,여주시,41670,시군구,0
202405,경기,화성시,41591,시(구 합산),288
202405,경기,화성시,41593,시(구 합산),288
202405,경기,화성시,41595,시(구 합산),288
202405,경기,화성시,41597,시(구 합산),288
202405,경기,화성시,41590,시(구 합산),288
202405,경기,광주시,41610,시군구,6
202405,경기,연천군,41800,시군구,56
202405,경기,포천시,41650,시군구,83
202405,경기,가평군,41820,시군구,0
202405,경기,양평군,41830,시군구,134
202405,강원,계,,시도,3639
202405,충북,계,,시도,3532
202405,충남,계,,시도,5361
202405,세종,계,,시도,103
202405,전북,계,,시도,3148
202405,전남,계,,시도,3701
202405,경북,계,,시도,8244
202405,경남,계,,시도,4694
202405,제주,계,,시도,2696
202406,서울,계,,시도,959
202406,서울,종로구,11110,시군구,0
202406,서울,중구,11140,시군구,3
202406,서울,용산구,11170,시군구,4
202406,서울,성동구,11200,시군구,0
202406,서울,광진구,11215,시군구,35
202406,서울,동대문구,11230,시군구,170
202406,서울,중랑구,11260,시군구,0
202406,서울,성북구,11290,시군구,0
202406,서울,강북구,11305,시군구,89
202406,서울,도봉구,11320,시군구,58
202406,서울,노원구,11350,시군구,0
202406,서울,은평구,11380,시군구,0
202406,서울,서대문구,11410,시군구,0
202406,서울,마포구,11440,시군구,61
202406,서울,양천구,11470,시군구,33
202406,서울,강서구,11500,시군구,146
202406,서울,구로구,11530,시군구,38
202406,서울,금천구,11545,시군구,18
202406,서울,영등포구,11560,시군구,0
202406,서울,동작구,11590,시군구,0
202406,서울,관악구,11620,시군구,0
202406,서울,서초구,11650,시군구,0
202406,서울,강남구,11680,시군구,0
202406,서울,송파구,11710,시군구,0
202406,서울,강동구,11740,시군구,304
202406,부산,계,,시도,5205
202406,대구,계,,시도,9738
202406,인천,계,,시도,4136
202406,인천,중구,28110,시군구,515
202406,인천,남동구,28200,시군구,19
202406,인천,서구,28260,시군구,1265
202406,인천,연수구,28185,시군구,1253
202406,인천,미추홀구,28177,시군구,343
202406,인천,동구,28140,시군구,0
202406,인천,부평구,28237,시군구,52
202406,인천,계양구,28245,시군구,684
202406,인천,강화군,28710,시군구,5
202406,인천,옹진군,28720,시군구,0
202406,광주,계,,시도,1720
202406,대전,계,,시도,3299
202406,울산,계,,시도,2801
202406,경기,계,,시도,9956
202406,경기,수원시,41111,시(구 합산),139
202406,경기,수원시,41113,시(구 합산),139
202406,경기,수원시,41115,시(구 합산),139
202406,경기,수원시,41117,시(구 합산),139
202406,경기,성남시,41131,시(구 합산),84
202406,경기,성남시,41133,시(구 합산),84
202406,경기,성남시,41135,시(구 합산),84
202406,경기,의정부시,41150,시군구,234
202406,경기,안양시,41171,시(구 합산),95
202406,경기,안양시,41173,시(구 합산),95
202406,경기,부천시,41192,시(구 합산),192
202406,경기,부천시,41194,시(구 합산),192
202406,경기,부천시,41196,시(구 합산),192
202406,경기,부천시,41190,시(구 합산),192
202406,경기,광명시,41210,시군구,0
202406,경기,평택시,41220,시군구,3289
202406,경기,동두천시,41250,시군구,146
202406,경기,안산시,41271,시(구 합산),0
202406,경기,안산시,41273,시(구 합산),0
202406,경기,고양시,41281,시(구 합산),68
202406,경기,고양시,41285,시(구 합산),68
202406,경기,고양시,41287,시(구 합산),68
202406,경기,과천시,41290,시군구,0
202406,경기,구리시,41310,시군구,0
202406,경기,남양주시,41360,시군구,347
202406,경기,오산시,41370,시군구,152
202406,경기,시흥시,41390,시군구,1
202406,경기,군포시,41410,시군구,0
202406,경기,의왕시,41430,시군구,0
202406,경기,하남시,41450,시군구,2
202406,경기,용인시,41461,시(구 합산),695
202406,경기,용인시,41463,시(구 합산),695
202406,경기,용인시,41465,시(구 합산),695
202406,경기,파주시,41480,시군구,1
202406,경기,이천시,41500,시군구,1405
202406,경기,안성시,41550,시군구,1274
202406,경기,김포시,41570,시군구,417
202406,경기,양주시,41630,시군구,679
202406,경기,여주시,41670,시군구,20
202406,경기,화성시,41591,시(구 합산),276
202406,경기,화성시,41593,시(구 합산),276
202406,경기,화성시,41595,시(구 합산),276
202406,경기,화성시,41597,시(구 합산),276
202406,경기,화성시,41590,시(구 합산),276
202406,경기,광주시,41610,시군구,6
202406,경기,연천군,41800,시군구,46
202406,경기,포천시,41650,시군구,83
202406,경기,가평군,41820,시군구,0
202406,경기,양평군,41830,시군구,305
202406,강원,계,,시도,4740
202406,충북,계,,시도,3290
202406,충남,계,,시도,5536
202406,세종,계,,시도,88
202406,전북,계,,시도,3187
202406,전남,계,,시도,3731
202406,경북,계,,시도,7876
202406,경남,계,,시도,5217
202406,제주,계,,시도,2558
202407,서울,계,,시도,953
202407,서울,종로구,11110,시군구,0
202407,서울,중구,11140,시군구,1
202407,서울,용산구,11170,시군구,4
202407,서울,성동구,11200,시군구,0
202407,서울,광진구,11215,시군구,35
202407,서울,동대문구,11230,시군구,170
202407,서울,중랑구,11260,시군구,0
202407,서울,성북구,11290,시군구,0
202407,서울,강북구,11305,시군구,86
202407,서울,도봉구,11320,시군구,58
202407,서울,노원구,11350,시군구,0
202407,서울,은평구,11380,시군구,0
202407,서울,서대문구,11410,시군구,0
202407,서울,마포구,11440,시군구,60
202407,서울,양천구,11470,시군구,33
202407,서울,강서구,11500,시군구,146
202407,서울,구로구,11530,시군구,38
202407,서울,금천구,11545,시군구,17
202407,서울,영등포구,11560,시군구,0
202407,서울,동작구,11590,시군구,0
202407,서울,관악구,11620,시군구,0
202407,서울,서초구,11650,시군구,0
202407,서울,강남구,11680,시군구,0
202407,서울,송파구,11710,시군구,0
202407,서울,강동구,11740,시군구,305
202407,부산,계,,시도,5862
202407,대구,계,,시도,10070
202407,인천,계,,시도,2849
202407,인천,중구,28110,시군구,299
202407,인천,남동구,28200,시군구,19
202407,인천,서구,28260,시군구,1248
202407,인천,연수구,28185,시군구,378
202407,인천,미추홀구,28177,시군구,309
202407,인천,동구,28140,시군구,0
202407,인천,부평구,28237,시군구,52
202407,인천,계양구,28245,시군구,539
202407,인천,강화군,28710,시군구,5
202407,인천,옹진군,28720,시군구,0
202407,광주,계,,시도,1370
202407,대전,계,,시도,2718
202407,울산,계,,시도,2428
202407,경기,계,,시도,10187
202407,경기,수원시,41111,시(구 합산),126
202407,경기,수원시,41113,시(구 합산),126
202407,경기,수원시,41115,시(구 합산),126
202407,경기,수원시,41117,시(구 합산),126
202407,경기,성남시,41131,시(구 합산),83
202407,경기,성남시,41133,시(구 합산),83
202407,경기,성남시,41135,시(구 합산),83
202407,경기,의정부시,41150,시군구,198
202407,경기,안양시,41171,시(구 합산),64
202407,경기,안양시,41173,시(구 합산),64
202407,경기,부천시,41192,시(구 합산),185
202407,경기,부천시,41194,시(구 합산),185
202407,경기,부천시,41196,시(구 합산),185
202407,경기,부천시,41190,시(구 합산),185
202407,경기,광명시,41210,시군구,0
202407,경기,평택시,41220,시군구,3632
202407,경기,동두천시,41250,시군구,144
202407,경기,안산시,41271,시(구 합산),0
202407,경기,안산시,41273,시(구 합산),0
202407,경기,고양시,41281,시(구 합산),66
202407,경기,고양시,41285,시(구 합산),66
202407,경기,고양시,41287,시(구 합산),66
202407,경기,과천시,41290,시군구,0
202407,경기,구리시,41310,시군구,0
202407,경기,남양주시,41360,시군구,340
202407,경기,오산시,41370,시군구,434
202407,경기,시흥시,41390,시군구,86
202407,경기,군포시,41410,시군구,0
202407,경기,의왕시,41430,시군구,0
202407,경기,하남시,41450,시군구,2
202407,경기,용인시,41461,시(구 합산),618
202407,경기,용인시,41463,시(구 합산),618
202407,경기,용인시,41465,시(구 합산),618
202407,경기,파주시,41480,시군구,1
202407,경기,이천시,41500,시군구,1301
202407,경기,안성시,41550,시군구,1113
202407,경기,김포시,41570,시군구,424
202407,경기,양주시,41630,시군구,679
202407,경기,여주시,41670,시군구,13
202407,경기,화성시,41591,시(구 합산),266
202407,경기,화성시,41593,시(구 합산),266
202407,경기,화성시,41595,시(구 합산),266
202407,경기,화성시,41597,시(구 합산),266
202407,경기,화성시,41590,시(구 합산),266
202407,경기,광주시,41610,시군구,6
202407,경기,연천군,41800,시군구,46
202407,경기,포천시,41650,시군구,83
202407,경기,가평군,41820,시군구,0
202407,경기,양평군,41830,시군구,277
202407,강원,계,,시도,5172
202407,충북,계,,시도,3078
202407,충남,계,,시도,5025
202407,세종,계,,시도,85
202407,전북,계,,시도,3053
202407,전남,계,,시도,3738
202407,경북,계,,시도,7674
202407,경남,계,,시도,5078
202407,제주,계,,시도,2482
202408,서울,계,,시도,946
202408,서울,종로구,11110,시군구,0
202408,서울,중구,11140,시군구,1
202408,서울,용산구,11170,시군구,3
202408,서울,성동구,11200,시군구,0
202408,서울,광진구,11215,시군구,34
202408,서울,동대문구,11230,시군구,170
202408,서울,중랑구,11260,시군구,0
202408,서울,성북구,11290,시군구,0
202408,서울,강북구,11305,시군구,83
202408,서울,도봉구,11320,시군구,58
202408,서울,노원구,11350,시군구,0
202408,서울,은평구,11380,시군구,0
202408,서울,서대문구,11410,시군구,0
202408,서울,마포구,11440,시군구,58
202408,서울,양천구,11470,시군구,31
202408,서울,강서구,11500,시군구,145
202408,서울,구로구,11530,시군구,38
202408,서울,금천구,11545,시군구,16
202408,서울,영등포구,11560,시군구,0
202408,서울,동작구,11590,시군구,0
202408,서울,관악구,11620,시군구,0
202408,서울,서초구,11650,시군구,0
202408,서울,강남구,11680,시군구,0
202408,서울,송파구,11710,시군구,0
202408,서울,강동구,11740,시군구,309
202408,부산,계,,시도,5652
202408,대구,계,,시도,9410
202408,인천,계,,시도,2103
202408,인천,중구,28110,시군구,167
202408,인천,남동구,28200,시군구,13
202408,인천,서구,28260,시군구,1248
202408,인천,연수구,28185,시군구,153
202408,인천,미추홀구,28177,시군구,243
202408,인천,동구,28140,시군구,0
202408,인천,부평구,28237,시군구,0
202408,인천,계양구,28245,시군구,275
202408,인천,강화군,28710,시군구,4
202408,인천,옹진군,28720,시군구,0
202408,광주,계,,시도,1398
202408,대전,계,,시도,2174
202408,울산,계,,시도,2406
202408,경기,계,,시도,9567
202408,경기,수원시,41111,시(구 합산),89
202408,경기,수원시,41113,시(구 합산),89
202408,경기,수원시,41115,시(구 합산),89
202408,경기,수원시,41117,시(구 합산),89
202408,경기,성남시,41131,시(구 합산),81
202408,경기,성남시,41133,시(구 합산),81
202408,경기,성남시,41135,시(구 합산),81
202408,경기,의정부시,41150,시군구,198
202408,경기,안양시,41171,시(구 합산),61
202408,경기,안양시,41173,시(구 합산),61
202408,경기,부천시,41192,시(구 합산),183
202408,경기,부천시,41194,시(구 합산),183
202408,경기,부천시,41196,시(구 합산),183
202408,경기,부천시,41190,시(구 합산),183
202408,경기,광명시,41210,시군구,0
202408,경기,평택시,41220,시군구,3159
202408,경기,동두천시,41250,시군구,141
202408,경기,안산시,41271,시(구 합산),0
202408,경기,안산시,41273,시(구 합산),0
202408,경기,고양시,41281,시(구 합산),682
202408,경기,고양시,41285,시(구 합산),682
202408,경기,고양시,41287,시(구 합산),682
202408,경기,과천시,41290,시군구,0
202408,경기,구리시,41310,시군구,0
202408,경기,남양주시,41360,시군구,340
202408,경기,오산시,41370,시군구,227
202408,경기,시흥시,41390,시군구,39
202408,경기,군포시,41410,시군구,0
202408,경기,의왕시,41430,시군구,0
202408,경기,하남시,41450,시군구,0
202408,경기,용인시,41461,시(구 합산),552
202408,경기,용인시,41463,시(구 합산),552
202408,경기,용인시,41465,시(구 합산),552
202408,경기,파주시,41480,시군구,1
202408,경기,이천시,41500,시군구,1217
202408,경기,안성시,41550,시군구,899
202408,경기,김포시,41570,시군구,368
202408,경기,양주시,41630,시군구,679
202408,경기,여주시,41670,시군구,7
202408,경기,화성시,41591,시(구 합산),259
202408,경기,화성시,41593,시(구 합산),259
202408,경기,화성시,41595,시(구 합산),259
202408,경기,화성시,41597,시(구 합산),259
202408,경기,화성시,41590,시(구 합산),259
202408,경기,광주시,41610,시군구,6
202408,경기,연천군,41800,시군구,46
202408,경기,포천시,41650,시군구,83
202408,경기,가평군,41820,시군구,0
202408,경기,양평군,41830,시군구,250
202408,강원,계,,시도,4712
202408,충북,계,,시도,2905
202408,충남,계,,시도,4715
202408,세종,계,,시도,85
202408,전북,계,,시도,2946
202408,전남,계,,시도,3775
202408,경북,계,,시도,7330
202408,경남,계,,시도,4996
202408,제주,계,,시도,2430
202409,서울,계,,시도,969
202409,서울,종로구,11110,시군구,0
202409,서울,중구,11140,시군구,1
202409,서울,용산구,11170,시군구,3
202409,서울,성동구,11200,시군구,0
202409,서울,광진구,11215,시군구,59
202409,서울,동대문구,11230,시군구,170
202409,서울,중랑구,11260,시군구,0
202409,서울,성북구,11290,시군구,0
202409,서울,강북구,11305,시군구,83
202409,서울,도봉구,11320,시군구,58
202409,서울,노원구,11350,시군구,0
202409,서울,은평구,11380,시군구,0
202409,서울,서대문구,11410,시군구,0
202409,서울,마포구,11440,시군구,58
202409,서울,양천구,11470,시군구,31
202409,서울,강서구,11500,시군구,145
202409,서울,구로구,11530,시군구,36
202409,서울,금천구,11545,시군구,16
202409,서울,영등포구,11560,시군구,0
202409,서울,동작구,11590,시군구,0
202409,서울,관악구,11620,시군구,0
202409,서울,서초구,11650,시군구,0
202409,서울,강남구,11680,시군구,0
202409,서울,송파구,11710,시군구,0
202409,서울,강동구,11740,시군구,309
202409,부산,계,,시도,4871
202409,대구,계,,시도,8864
202409,인천,계,,시도,3408
202409,인천,중구,28110,시군구,75
202409,인천,남동구,28200,시군구,0
202409,인천,서구,28260,시군구,1161
202409,인천,연수구,28185,시군구,153
202409,인천,미추홀구,28177,시군구,242
202409,인천,동구,28140,시군구,0
202409,인천,부평구,28237,시군구,0
202409,인천,계양구,28245,시군구,1773
202409,인천,강화군,28710,시군구,4
202409,인천,옹진군,28720,시군구,0
202409,광주,계,,시도,1294
202409,대전,계,,시도,1995
202409,울산,계,,시도,2416
202409,경기,계,,시도,9521
202409,경기,수원시,41111,시(구 합산),77
202409,경기,수원시,41113,시(구 합산),77
202409,경기,수원시,41115,시(구 합산),77
202409,경기,수원시,41117,시(구 합산),77
202409,경기,성남시,41131,시(구 합산),68
202409,경기,성남시,41133,시(구 합산),68
202409,경기,성남시,41135,시(구 합산),68
202409,경기,의정부시,41150,시군구,198
202409,경기,안양시,41171,시(구 합산),61
202409,경기,안양시,41173,시(구 합산),61
202409,경기,부천시,41192,시(구 합산),182
202409,경기,부천시,41194,시(구 합산),182
202409,경기,부천시,41196,시(구 합산),182
202409,경기,부천시,41190,시(구 합산),182
202409,경기,광명시,41210,시군구,0
202409,경기,평택시,41220,시군구,2847
202409,경기,동두천시,41250,시군구,139
202409,경기,안산시,41271,시(구 합산),0
202409,경기,안산시,41273,시(구 합산),0
202409,경기,고양시,41281,시(구 합산),469
202409,경기,고양시,41285,시(구 합산),469
202409,경기,고양시,41287,시(구 합산),469
202409,경기,과천시,41290,시군구,0
202409,경기,구리시,41310,시군구,0
202409,경기,남양주시,41360,시군구,339
202409,경기,오산시,41370,시군구,91
202409,경기,시흥시,41390,시군구,35
202409,경기,군포시,41410,시군구,0
202409,경기,의왕시,41430,시군구,0
202409,경기,하남시,41450,시군구,0
202409,경기,용인시,41461,시(구 합산),530
202409,경기,용인시,41463,시(구 합산),530
202409,경기,용인시,41465,시(구 합산),530
202409,경기,파주시,41480,시군구,1
202409,경기,이천시,41500,시군구,1585
202409,경기,안성시,41550,시군구,739
202409,경기,김포시,41570,시군구,330
202409,경기,양주시,41630,시군구,698
202409,경기,여주시,41670,시군구,7
202409,경기,화성시,41591,시(구 합산),254
202409,경기,화성시,41593,시(구 합산),254
202409,경기,화성시,41595,시(구 합산),254
202409,경기,화성시,41597,시(구 합산),254
202409,경기,화성시,41590,시(구 합산),254
202409,경기,광주시,41610,시군구,468
202409,경기,연천군,41800,시군구,43
202409,경기,포천시,41650,시군구,130
202409,경기,가평군,41820,시군구,0
202409,경기,양평군,41830,시군구,230
202409,강원,계,,시도,4557
202409,충북,계,,시도,2715
202409,충남,계,,시도,4009
202409,세종,계,,시도,57
202409,전북,계,,시도,2850
202409,전남,계,,시도,3825
202409,경북,계,,시도,7507
202409,경남,계,,시도,5507
202409,제주,계,,시도,2411
202410,서울,계,,시도,917
202410,서울,종로구,11110,시군구,0
202410,서울,중구,11140,시군구,1
202410,서울,용산구,11170,시군구,3
202410,서울,성동구,11200,시군구,0
202410,서울,광진구,11215,시군구,58
202410,서울,동대문구,11230,시군구,170
202410,서울,중랑구,11260,시군구,0
202410,서울,성북구,11290,시군구,0
202410,서울,강북구,11305,시군구,70
202410,서울,도봉구,11320,시군구,55
202410,서울,노원구,11350,시군구,0
202410,서울,은평구,11380,시군구,0
202410,서울,서대문구,11410,시군구,0
202410,서울,마포구,11440,시군구,55
202410,서울,양천구,11470,시군구,31
202410,서울,강서구,11500,시군구,145
202410,서울,구로구,11530,시군구,28
202410,서울,금천구,11545,시군구,15
202410,서울,영등포구,11560,시군구,0
202410,서울,동작구,11590,시군구,0
202410,서울,관악구,11620,시군구,0
202410,서울,서초구,11650,시군구,0
202410,서울,강남구,11680,시군구,0
202410,서울,송파구,11710,시군구,0
202410,서울,강동구,11740,시군구,286
202410,부산,계,,시도,5038
202410,대구,계,,시도,8506
202410,인천,계,,시도,3260
202410,인천,중구,28110,시군구,49
202410,인천,남동구,28200,시군구,11
202410,인천,서구,28260,시군구,1155
202410,인천,연수구,28185,시군구,151
202410,인천,미추홀구,28177,시군구,219
202410,인천,동구,28140,시군구,0
202410,인천,부평구,28237,시군구,0
202410,인천,계양구,28245,시군구,1671
202410,인천,강화군,28710,시군구,4
202410,인천,옹진군,28720,시군구,0
202410,광주,계,,시도,1270
202410,대전,계,,시도,1654
202410,울산,계,,시도,2836
202410,경기,계,,시도,9771
202410,경기,수원시,41111,시(구 합산),364
202410,경기,수원시,41113,시(구 합산),364
202410,경기,수원시,41115,시(구 합산),364
202410,경기,수원시,41117,시(구 합산),364
202410,경기,성남시,41131,시(구 합산),68
202410,경기,성남시,41133,시(구 합산),68
202410,경기,성남시,41135,시(구 합산),68
202410,경기,의정부시,41150,시군구,581
202410,경기,안양시,41171,시(구 합산),63
202410,경기,안양시,41173,시(구 합산),63
202410,경기,부천시,41192,시(구 합산),160
202410,경기,부천시,41194,시(구 합산),160
202410,경기,부천시,41196,시(구 합산),160
202410,경기,부천시,41190,시(구 합산),160
202410,경기,광명시,41210,시군구,0
202410,경기,평택시,41220,시군구,2609
202410,경기,동두천시,41250,시군구,137
202410,경기,안산시,41271,시(구 합산),0
202410,경기,안산시,41273,시(구 합산),0
202410,경기,고양시,41281,시(구 합산),448
202410,경기,고양시,41285,시(구 합산),448
202410,경기,고양시,41287,시(구 합산),448
202410,경기,과천시,41290,시군구,0
202410,경기,구리시,41310,시군구,0
202410,경기,남양주시,41360,시군구,343
202410,경기,오산시,41370,시군구,44
202410,경기,시흥시,41390,시군구,35
202410,경기,군포시,41410,시군구,0
202410,경기,의왕시,41430,시군구,0
202410,경기,하남시,41450,시군구,2
202410,경기,용인시,41461,시(구 합산),523
202410,경기,용인시,41463,시(구 합산),523
202410,경기,용인시,41465,시(구 합산),523
202410,경기,파주시,41480,시군구,1
202410,경기,이천시,41500,시군구,1612
202410,경기,안성시,41550,시군구,654
202410,경기,김포시,41570,시군구,289
202410,경기,양주시,41630,시군구,712
202410,경기,여주시,41670,시군구,6
202410,경기,화성시,41591,시(구 합산),244
202410,경기,화성시,41593,시(구 합산),244
202410,경기,화성시,41595,시(구 합산),244
202410,경기,화성시,41597,시(구 합산),244
202410,경기,화성시,41590,시(구 합산),244
202410,경기,광주시,41610,시군구,542
202410,경기,연천군,41800,시군구,41
202410,경기,포천시,41650,시군구,130
202410,경기,가평군,41820,시군구,0
202410,경기,양평군,41830,시군구,163
202410,강원,계,,시도,4347
202410,충북,계,,시도,2579
202410,충남,계,,시도,3716
202410,세종,계,,시도,56
202410,전북,계,,시도,2799
202410,전남,계,,시도,3683
202410,경북,계,,시도,7263
202410,경남,계,,시도,5313
202410,제주,계,,시도,2828
202411,서울,계,,시도,931
202411,서울,종로구,11110,시군구,0
202411,서울,중구,11140,시군구,1
202411,서울,용산구,11170,시군구,3
202411,서울,성동구,11200,시군구,0
202411,서울,광진구,11215,시군구,57
202411,서울,동대문구,11230,시군구,170
202411,서울,중랑구,11260,시군구,0
202411,서울,성북구,11290,시군구,0
202411,서울,강북구,11305,시군구,70
202411,서울,도봉구,11320,시군구,55
202411,서울,노원구,11350,시군구,0
202411,서울,은평구,11380,시군구,0
202411,서울,서대문구,11410,시군구,0
202411,서울,마포구,11440,시군구,55
202411,서울,양천구,11470,시군구,31
202411,서울,강서구,11500,시군구,145
202411,서울,구로구,11530,시군구,28
202411,서울,금천구,11545,시군구,13
202411,서울,영등포구,11560,시군구,0
202411,서울,동작구,11590,시군구,0
202411,서울,관악구,11620,시군구,0
202411,서울,서초구,11650,시군구,0
202411,서울,강남구,11680,시군구,0
202411,서울,송파구,11710,시군구,0
202411,서울,강동구,11740,시군구,303
202411,부산,계,,시도,4900
202411,대구,계,,시도,8175
202411,인천,계,,시도,3042
202411,인천,중구,28110,시군구,47
202411,인천,남동구,28200,시군구,11
202411,인천,서구,28260,시군구,1152
202411,인천,연수구,28185,시군구,151
202411,인천,미추홀구,28177,시군구,219
202411,인천,동구,28140,시군구,0
202411,인천,부평구,28237,시군구,0
202411,인천,계양구,28245,시군구,1458
202411,인천,강화군,28710,시군구,4
202411,인천,옹진군,28720,시군구,0
202411,광주,계,,시도,1242
202411,대전,계,,시도,1580
202411,울산,계,,시도,2711
202411,경기,계,,시도,10521
202411,경기,수원시,41111,시(구 합산),300
202411,경기,수원시,41113,시(구 합산),300
202411,경기,수원시,41115,시(구 합산),300
202411,경기,수원시,41117,시(구 합산),300
202411,경기,성남시,41131,시(구 합산),63
202411,경기,성남시,41133,시(구 합산),63
202411,경기,성남시,41135,시(구 합산),63
202411,경기,의정부시,41150,시군구,559
202411,경기,안양시,41171,시(구 합산),61
202411,경기,안양시,41173,시(구 합산),61
202411,경기,부천시,41192,시(구 합산),213
202411,경기,부천시,41194,시(구 합산),213
202411,경기,부천시,41196,시(구 합산),213
202411,경기,부천시,41190,시(구 합산),213
202411,경기,광명시,41210,시군구,0
202411,경기,평택시,41220,시군구,2497
202411,경기,동두천시,41250,시군구,136
202411,경기,안산시,41271,시(구 합산),0
202411,경기,안산시,41273,시(구 합산),0
202411,경기,고양시,41281,시(구 합산),211
202411,경기,고양시,41285,시(구 합산),211
202411,경기,고양시,41287,시(구 합산),211
202411,경기,과천시,41290,시군구,0
202411,경기,구리시,41310,시군구,0
202411,경기,남양주시,41360,시군구,346
202411,경기,오산시,41370,시군구,1360
202411,경기,시흥시,41390,시군구,29
202411,경기,군포시,41410,시군구,0
202411,경기,의왕시,41430,시군구,0
202411,경기,하남시,41450,시군구,2
202411,경기,용인시,41461,시(구 합산),516
202411,경기,용인시,41463,시(구 합산),516
202411,경기,용인시,41465,시(구 합산),516
202411,경기,파주시,41480,시군구,1
202411,경기,이천시,41500,시군구,1600
202411,경기,안성시,41550,시군구,625
202411,경기,김포시,41570,시군구,265
202411,경기,양주시,41630,시군구,726
202411,경기,여주시,41670,시군구,6
202411,경기,화성시,41591,시(구 합산),210
202411,경기,화성시,41593,시(구 합산),210
202411,경기,화성시,41595,시(구 합산),210
202411,경기,화성시,41597,시(구 합산),210
202411,경기,화성시,41590,시(구 합산),210
202411,경기,광주시,41610,시군구,458
202411,경기,연천군,41800,시군구,41
202411,경기,포천시,41650,시군구,123
202411,경기,가평군,41820,시군구,22
202411,경기,양평군,41830,시군구,151
202411,강원,계,,시도,4342
202411,충북,계,,시도,2391
202411,충남,계,,시도,3646
202411,세종,계,,시도,56
202411,전북,계,,시도,2821
202411,전남,계,,시도,3631
202411,경북,계,,시도,7093
202411,경남,계,,시도,5213
202411,제주,계,,시도,2851
202412,서울,계,,시도,957
202412,서울,종로구,11110,시군구,0
202412,서울,중구,11140,시군구,1
202412,서울,용산구,11170,시군구,3
202412,서울,성동구,11200,시군구,0
202412,서울,광진구,11215,시군구,57
202412,서울,동대문구,11230,시군구,170
202412,서울,중랑구,11260,시군구,0
202412,서울,성북구,11290,시군구,0
202412,서울,강북구,11305,시군구,66
202412,서울,도봉구,11320,시군구,52
202412,서울,노원구,11350,시군구,0
202412,서울,은평구,11380,시군구,0
202412,서울,서대문구,11410,시군구,0
202412,서울,마포구,11440,시군구,55
202412,서울,양천구,11470,시군구,31
202412,서울,강서구,11500,시군구,145
202412,서울,구로구,11530,시군구,66
202412,서울,금천구,11545,시군구,11
202412,서울,영등포구,11560,시군구,0
202412,서울,동작구,11590,시군구,0
202412,서울,관악구,11620,시군구,0
202412,서울,서초구,11650,시군구,0
202412,서울,강남구,11680,시군구,0
202412,서울,송파구,11710,시군구,0
202412,서울,강동구,11740,시군구,300
202412,부산,계,,시도,4720
202412,대구,계,,시도,8807
202412,인천,계,,시도,3086
202412,인천,중구,28110,시군구,47
202412,인천,남동구,28200,시군구,11
202412,인천,서구,28260,시군구,1152
202412,인천,연수구,28185,시군구,144
202412,인천,미추홀구,28177,시군구,210
202412,인천,동구,28140,시군구,0
202412,인천,부평구,28237,시군구,86
202412,인천,계양구,28245,시군구,1415
202412,인천,강화군,28710,시군구,21
202412,인천,옹진군,28720,시군구,0
202412,광주,계,,시도,1242
202412,대전,계,,시도,2319
202412,울산,계,,시도,4131
202412,경기,계,,시도,12954
202412,경기,수원시,41111,시(구 합산),275
202412,경기,수원시,41113,시(구 합산),275
202412,경기,수원시,41115,시(구 합산),275
202412,경기,수원시,41117,시(구 합산),275
202412,경기,성남시,41131,시(구 합산),61
202412,경기,성남시,41133,시(구 합산),61
202412,경기,성남시,41135,시(구 합산),61
202412,경기,의정부시,41150,시군구,540
202412,경기,안양시,41171,시(구 합산),295
202412,경기,안양시,41173,시(구 합산),295
202412,경기,부천시,41192,시(구 합산),198
202412,경기,부천시,41194,시(구 합산),198
202412,경기,부천시,41196,시(구 합산),198
202412,경기,부천시,41190,시(구 합산),198
202412,경기,광명시,41210,시군구,360
202412,경기,평택시,41220,시군구,4071
202412,경기,동두천시,41250,시군구,137
202412,경기,안산시,41271,시(구 합산),0
202412,경기,안산시,41273,시(구 합산),0
202412,경기,고양시,41281,시(구 합산),182
202412,경기,고양시,41285,시(구 합산),182
202412,경기,고양시,41287,시(구 합산),182
202412,경기,과천시,41290,시군구,0
202412,경기,구리시,41310,시군구,0
202412,경기,남양주시,41360,시군구,348
202412,경기,오산시,41370,시군구,994
202412,경기,시흥시,41390,시군구,28
202412,경기,군포시,41410,시군구,0
202412,경기,의왕시,41430,시군구,0
202412,경기,하남시,41450,시군구,2
202412,경기,용인시,41461,시(구 합산),529
202412,경기,용인시,41463,시(구 합산),529
202412,경기,용인시,41465,시(구 합산),529
202412,경기,파주시,41480,시군구,1
202412,경기,이천시,41500,시군구,1911
202412,경기,안성시,41550,시군구,581
202412,경기,김포시,41570,시군구,253
202412,경기,양주시,41630,시군구,730
202412,경기,여주시,41670,시군구,6
202412,경기,화성시,41591,시(구 합산),205
202412,경기,화성시,41593,시(구 합산),205
202412,경기,화성시,41595,시(구 합산),205
202412,경기,화성시,41597,시(구 합산),205
202412,경기,화성시,41590,시(구 합산),205
202412,경기,광주시,41610,시군구,682
202412,경기,연천군,41800,시군구,41
202412,경기,포천시,41650,시군구,123
202412,경기,가평군,41820,시군구,252
202412,경기,양평군,41830,시군구,149
202412,강원,계,,시도,4408
202412,충북,계,,시도,2192
202412,충남,계,,시도,3814
202412,세종,계,,시도,61
202412,전북,계,,시도,2743
202412,전남,계,,시도,3598
202412,경북,계,,시도,6987
202412,경남,계,,시도,5347
202412,제주,계,,시도,2807
202501,서울,계,,시도,1352
202501,서울,종로구,11110,시군구,0
202501,서울,중구,11140,시군구,1
202501,서울,용산구,11170,시군구,3
202501,서울,성동구,11200,시군구,0
202501,서울,광진구,11215,시군구,57
202501,서울,동대문구,11230,시군구,170
202501,서울,중랑구,11260,시군구,267
202501,서울,성북구,11290,시군구,134
202501,서울,강북구,11305,시군구,65
202501,서울,도봉구,11320,시군구,52
202501,서울,노원구,11350,시군구,0
202501,서울,은평구,11380,시군구,0
202501,서울,서대문구,11410,시군구,0
202501,서울,마포구,11440,시군구,53
202501,서울,양천구,11470,시군구,31
202501,서울,강서구,11500,시군구,145
202501,서울,구로구,11530,시군구,64
202501,서울,금천구,11545,시군구,9
202501,서울,영등포구,11560,시군구,0
202501,서울,동작구,11590,시군구,1
202501,서울,관악구,11620,시군구,4
202501,서울,서초구,11650,시군구,0
202501,서울,강남구,11680,시군구,0
202501,서울,송파구,11710,시군구,0
202501,서울,강동구,11740,시군구,296
202501,부산,계,,시도,4526
202501,대구,계,,시도,8742
202501,인천,계,,시도,3261
202501,인천,중구,28110,시군구,47
202501,인천,남동구,28200,시군구,11
202501,인천,서구,28260,시군구,1424
202501,인천,연수구,28185,시군구,144
202501,인천,미추홀구,28177,시군구,209
202501,인천,동구,28140,시군구,0
202501,인천,부평구,28237,시군구,54
202501,인천,계양구,28245,시군구,1351
202501,인천,강화군,28710,시군구,21
202501,인천,옹진군,28720,시군구,0
202501,광주,계,,시도,1234
202501,대전,계,,시도,2095
202501,울산,계,,시도,3943
202501,경기,계,,시도,15135
202501,경기,수원시,41111,시(구 합산),236
202501,경기,수원시,41113,시(구 합산),236
202501,경기,수원시,41115,시(구 합산),236
202501,경기,수원시,41117,시(구 합산),236
202501,경기,성남시,41131,시(구 합산),61
202501,경기,성남시,41133,시(구 합산),61
202501,경기,성남시,41135,시(구 합산),61
202501,경기,의정부시,41150,시군구,513
202501,경기,안양시,41171,시(구 합산),273
202501,경기,안양시,41173,시(구 합산),273
202501,경기,부천시,41192,시(구 합산),185
202501,경기,부천시,41194,시(구 합산),185
202501,경기,부천시,41196,시(구 합산),185
202501,경기,부천시,41190,시(구 합산),185
202501,경기,광명시,41210,시군구,328
202501,경기,평택시,41220,시군구,6438
202501,경기,동두천시,41250,시군구,137
202501,경기,안산시,41271,시(구 합산),0
202501,경기,안산시,41273,시(구 합산),0
202501,경기,고양시,41281,시(구 합산),191
202501,경기,고양시,41285,시(구 합산),191
202501,경기,고양시,41287,시(구 합산),191
202501,경기,과천시,41290,시군구,0
202501,경기,구리시,41310,시군구,0
202501,경기,남양주시,41360,시군구,344
202501,경기,오산시,41370,시군구,340
202501,경기,시흥시,41390,시군구,28
202501,경기,군포시,41410,시군구,0
202501,경기,의왕시,41430,시군구,0
202501,경기,하남시,41450,시군구,2
202501,경기,용인시,41461,시(구 합산),524
202501,경기,용인시,41463,시(구 합산),524
202501,경기,용인시,41465,시(구 합산),524
202501,경기,파주시,41480,시군구,1
202501,경기,이천시,41500,시군구,1873
202501,경기,안성시,41550,시군구,553
202501,경기,김포시,41570,시군구,238
202501,경기,양주시,41630,시군구,730
202501,경기,여주시,41670,시군구,6
202501,경기,화성시,41591,시(구 합산),238
202501,경기,화성시,41593,시(구 합산),238
202501,경기,화성시,41595,시(구 합산),238
202501,경기,화성시,41597,시(구 합산),238
202501,경기,화성시,41590,시(구 합산),238
202501,경기,광주시,41610,시군구,899
202501,경기,연천군,41800,시군구,41
202501,경기,포천시,41650,시군구,123
202501,경기,가평군,41820,시군구,686
202501,경기,양평군,41830,시군구,147
202501,강원,계,,시도,4197
202501,충북,계,,시도,2491
202501,충남,계,,시도,3929
202501,세종,계,,시도,57
202501,전북,계,,시도,3425
202501,전남,계,,시도,3447
202501,경북,계,,시도,6913
202501,경남,계,,시도,5203
202501,제주,계,,시도,2674
202502,서울,계,,시도,1002
202502,서울,종로구,11110,시군구,0
202502,서울,중구,11140,시군구,1
202502,서울,용산구,11170,시군구,3
202502,서울,성동구,11200,시군구,0
202502,서울,광진구,11215,시군구,55
202502,서울,동대문구,11230,시군구,170
202502,서울,중랑구,11260,시군구,51
202502,서울,성북구,11290,시군구,1
202502,서울,강북구,11305,시군구,62
202502,서울,도봉구,11320,시군구,63
202502,서울,노원구,11350,시군구,0
202502,서울,은평구,11380,시군구,0
202502,서울,서대문구,11410,시군구,0
202502,서울,마포구,11440,시군구,53
202502,서울,양천구,11470,시군구,29
202502,서울,강서구,11500,시군구,145
202502,서울,구로구,11530,시군구,64
202502,서울,금천구,11545,시군구,9
202502,서울,영등포구,11560,시군구,0
202502,서울,동작구,11590,시군구,1
202502,서울,관악구,11620,시군구,4
202502,서울,서초구,11650,시군구,0
202502,서울,강남구,11680,시군구,0
202502,서울,송파구,11710,시군구,0
202502,서울,강동구,11740,시군구,291
202502,부산,계,,시도,4565
202502,대구,계,,시도,9051
202502,인천,계,,시도,2648
202502,인천,중구,28110,시군구,47
202502,인천,남동구,28200,시군구,11
202502,인천,서구,28260,시군구,1310
202502,인천,연수구,28185,시군구,141
202502,인천,미추홀구,28177,시군구,208
202502,인천,동구,28140,시군구,0
202502,인천,부평구,28237,시군구,59
202502,인천,계양구,28245,시군구,864
202502,인천,강화군,28710,시군구,8
202502,인천,옹진군,28720,시군구,0
202502,광주,계,,시도,1369
202502,대전,계,,시도,2001
202502,울산,계,,시도,3811
202502,경기,계,,시도,13950
202502,경기,수원시,41111,시(구 합산),179
202502,경기,수원시,41113,시(구 합산),179
202502,경기,수원시,41115,시(구 합산),179
202502,경기,수원시,41117,시(구 합산),179
202502,경기,성남시,41131,시(구 합산),60
202502,경기,성남시,41133,시(구 합산),60
202502,경기,성남시,41135,시(구 합산),60
202502,경기,의정부시,41150,시군구,490
202502,경기,안양시,41171,시(구 합산),230
202502,경기,안양시,41173,시(구 합산),230
202502,경기,부천시,41192,시(구 합산),215
202502,경기,부천시,41194,시(구 합산),215
202502,경기,부천시,41196,시(구 합산),215
202502,경기,부천시,41190,시(구 합산),215
202502,경기,광명시,41210,시군구,266
202502,경기,평택시,41220,시군구,5868
202502,경기,동두천시,41250,시군구,137
202502,경기,안산시,41271,시(구 합산),0
202502,경기,안산시,41273,시(구 합산),0
202502,경기,고양시,41281,시(구 합산),142
202502,경기,고양시,41285,시(구 합산),142
202502,경기,고양시,41287,시(구 합산),142
202502,경기,과천시,41290,시군구,0
202502,경기,구리시,41310,시군구,0
202502,경기,남양주시,41360,시군구,345
202502,경기,오산시,41370,시군구,154
202502,경기,시흥시,41390,시군구,28
202502,경기,군포시,41410,시군구,0
202502,경기,의왕시,41430,시군구,105
202502,경기,하남시,41450,시군구,2
202502,경기,용인시,41461,시(구 합산),510
202502,경기,용인시,41463,시(구 합산),510
202502,경기,용인시,41465,시(구 합산),510
202502,경기,파주시,41480,시군구,1
202502,경기,이천시,41500,시군구,1729
202502,경기,안성시,41550,시군구,512
202502,경기,김포시,41570,시군구,226
202502,경기,양주시,41630,시군구,801
202502,경기,여주시,41670,시군구,5
202502,경기,화성시,41591,시(구 합산),205
202502,경기,화성시,41593,시(구 합산),205
202502,경기,화성시,41595,시(구 합산),205
202502,경기,화성시,41597,시(구 합산),205
202502,경기,화성시,41590,시(구 합산),205
202502,경기,광주시,41610,시군구,805
202502,경기,연천군,41800,시군구,40
202502,경기,포천시,41650,시군구,123
202502,경기,가평군,41820,시군구,629
202502,경기,양평군,41830,시군구,143
202502,강원,계,,시도,4045
202502,충북,계,,시도,2404
202502,충남,계,,시도,4921
202502,세종,계,,시도,55
202502,전북,계,,시도,3265
202502,전남,계,,시도,3391
202502,경북,계,,시도,5881
202502,경남,계,,시도,5088
202502,제주,계,,시도,2614
202503,서울,계,,시도,942
202503,서울,종로구,11110,시군구,0
202503,서울,중구,11140,시군구,1
202503,서울,용산구,11170,시군구,1
202503,서울,성동구,11200,시군구,0
202503,서울,광진구,11215,시군구,55
202503,서울,동대문구,11230,시군구,170
202503,서울,중랑구,11260,시군구,0
202503,서울,성북구,11290,시군구,0
202503,서울,강북구,11305,시군구,62
202503,서울,도봉구,11320,시군구,65
202503,서울,노원구,11350,시군구,0
202503,서울,은평구,11380,시군구,0
202503,서울,서대문구,11410,시군구,0
202503,서울,마포구,11440,시군구,53
202503,서울,양천구,11470,시군구,25
202503,서울,강서구,11500,시군구,145
202503,서울,구로구,11530,시군구,64
202503,서울,금천구,11545,시군구,9
202503,서울,영등포구,11560,시군구,0
202503,서울,동작구,11590,시군구,1
202503,서울,관악구,11620,시군구,4
202503,서울,서초구,11650,시군구,0
202503,서울,강남구,11680,시군구,0
202503,서울,송파구,11710,시군구,0
202503,서울,강동구,11740,시군구,287
202503,부산,계,,시도,4489
202503,대구,계,,시도,9177
202503,인천,계,,시도,2059
202503,인천,중구,28110,시군구,37
202503,인천,남동구,28200,시군구,11
202503,인천,서구,28260,시군구,1287
202503,인천,연수구,28185,시군구,141
202503,인천,미추홀구,28177,시군구,206
202503,인천,동구,28140,시군구,0
202503,인천,부평구,28237,시군구,33
202503,인천,계양구,28245,시군구,339
202503,인천,강화군,28710,시군구,5
202503,인천,옹진군,28720,시군구,0
202503,광주,계,,시도,1366
202503,대전,계,,시도,1811
202503,울산,계,,시도,3726
202503,경기,계,,시도,13527
202503,경기,수원시,41111,시(구 합산),142
202503,경기,수원시,41113,시(구 합산),142
202503,경기,수원시,41115,시(구 합산),142
202503,경기,수원시,41117,시(구 합산),142
202503,경기,성남시,41131,시(구 합산),60
202503,경기,성남시,41133,시(구 합산),60
202503,경기,성남시,41135,시(구 합산),60
202503,경기,의정부시,41150,시군구,490
202503,경기,안양시,41171,시(구 합산),99
202503,경기,안양시,41173,시(구 합산),99
202503,경기,부천시,41192,시(구 합산),207
202503,경기,부천시,41194,시(구 합산),207
202503,경기,부천시,41196,시(구 합산),207
202503,경기,부천시,41190,시(구 합산),207
202503,경기,광명시,41210,시군구,207
202503,경기,평택시,41220,시군구,5281
202503,경기,동두천시,41250,시군구,137
202503,경기,안산시,41271,시(구 합산),0
202503,경기,안산시,41273,시(구 합산),0
202503,경기,고양시,41281,시(구 합산),141
202503,경기,고양시,41285,시(구 합산),141
202503,경기,고양시,41287,시(구 합산),141
202503,경기,과천시,41290,시군구,0
202503,경기,구리시,41310,시군구,0
202503,경기,남양주시,41360,시군구,346
202503,경기,오산시,41370,시군구,99
202503,경기,시흥시,41390,시군구,28
202503,경기,군포시,41410,시군구,0
202503,경기,의왕시,41430,시군구,22
202503,경기,하남시,41450,시군구,2
202503,경기,용인시,41461,시(구 합산),474
202503,경기,용인시,41463,시(구 합산),474
202503,경기,용인시,41465,시(구 합산),474
202503,경기,파주시,41480,시군구,1
202503,경기,이천시,41500,시군구,1610
202503,경기,안성시,41550,시군구,461
202503,경기,김포시,41570,시군구,217
202503,경기,양주시,41630,시군구,1837
202503,경기,여주시,41670,시군구,5
202503,경기,화성시,41591,시(구 합산),204
202503,경기,화성시,41593,시(구 합산),204
202503,경기,화성시,41595,시(구 합산),204
202503,경기,화성시,41597,시(구 합산),204
202503,경기,화성시,41590,시(구 합산),204
202503,경기,광주시,41610,시군구,654
202503,경기,연천군,41800,시군구,40
202503,경기,포천시,41650,시군구,123
202503,경기,가평군,41820,시군구,499
202503,경기,양평군,41830,시군구,141
202503,강원,계,,시도,3953
202503,충북,계,,시도,2305
202503,충남,계,,시도,5084
202503,세종,계,,시도,58
202503,전북,계,,시도,3228
202503,전남,계,,시도,3903
202503,경북,계,,시도,5920
202503,경남,계,,시도,4811
202503,제주,계,,시도,2561
202504,서울,계,,시도,943
202504,서울,종로구,11110,시군구,0
202504,서울,중구,11140,시군구,1
202504,서울,용산구,11170,시군구,1
202504,서울,성동구,11200,시군구,0
202504,서울,광진구,11215,시군구,55
202504,서울,동대문구,11230,시군구,170
202504,서울,중랑구,11260,시군구,0
202504,서울,성북구,11290,시군구,0
202504,서울,강북구,11305,시군구,60
202504,서울,도봉구,11320,시군구,70
202504,서울,노원구,11350,시군구,0
202504,서울,은평구,11380,시군구,0
202504,서울,서대문구,11410,시군구,0
202504,서울,마포구,11440,시군구,53
202504,서울,양천구,11470,시군구,25
202504,서울,강서구,11500,시군구,145
202504,서울,구로구,11530,시군구,63
202504,서울,금천구,11545,시군구,8
202504,서울,영등포구,11560,시군구,0
202504,서울,동작구,11590,시군구,1
202504,서울,관악구,11620,시군구,4
202504,서울,서초구,11650,시군구,0
202504,서울,강남구,11680,시군구,0
202504,서울,송파구,11710,시군구,0
202504,서울,강동구,11740,시군구,287
202504,부산,계,,시도,4709
202504,대구,계,,시도,9065
202504,인천,계,,시도,2021
202504,인천,중구,28110,시군구,37
202504,인천,남동구,28200,시군구,11
202504,인천,서구,28260,시군구,1272
202504,인천,연수구,28185,시군구,141
202504,인천,미추홀구,28177,시군구,390
202504,인천,동구,28140,시군구,0
202504,인천,부평구,28237,시군구,32
202504,인천,계양구,28245,시군구,133
202504,인천,강화군,28710,시군구,5
202504,인천,옹진군,28720,시군구,0
202504,광주,계,,시도,1298
202504,대전,계,,시도,2105
202504,울산,계,,시도,3505
202504,경기,계,,시도,12941
202504,경기,수원시,41111,시(구 합산),103
202504,경기,수원시,41113,시(구 합산),103
202504,경기,수원시,41115,시(구 합산),103
202504,경기,수원시,41117,시(구 합산),103
202504,경기,성남시,41131,시(구 합산),57
202504,경기,성남시,41133,시(구 합산),57
202504,경기,성남시,41135,시(구 합산),57
202504,경기,의정부시,41150,시군구,481
202504,경기,안양시,41171,시(구 합산),82
202504,경기,안양시,41173,시(구 합산),82
202504,경기,부천시,41192,시(구 합산),163
202504,경기,부천시,41194,시(구 합산),163
202504,경기,부천시,41196,시(구 합산),163
202504,경기,부천시,41190,시(구 합산),163
202504,경기,광명시,41210,시군구,166
202504,경기,평택시,41220,시군구,4855
202504,경기,동두천시,41250,시군구,137
202504,경기,안산시,41271,시(구 합산),0
202504,경기,안산시,41273,시(구 합산),0
202504,경기,고양시,41281,시(구 합산),133
202504,경기,고양시,41285,시(구 합산),133
202504,경기,고양시,41287,시(구 합산),133
202504,경기,과천시,41290,시군구,0
202504,경기,구리시,41310,시군구,0
202504,경기,남양주시,41360,시군구,354
202504,경기,오산시,41370,시군구,50
202504,경기,시흥시,41390,시군구,26
202504,경기,군포시,41410,시군구,0
202504,경기,의왕시,41430,시군구,0
202504,경기,하남시,41450,시군구,2
202504,경기,용인시,41461,시(구 합산),466
202504,경기,용인시,41463,시(구 합산),466
202504,경기,용인시,41465,시(구 합산),466
202504,경기,파주시,41480,시군구,1
202504,경기,이천시,41500,시군구,1531
202504,경기,안성시,41550,시군구,437
202504,경기,김포시,41570,시군구,709
202504,경기,양주시,41630,시군구,1722
202504,경기,여주시,41670,시군구,5
202504,경기,화성시,41591,시(구 합산),211
202504,경기,화성시,41593,시(구 합산),211
202504,경기,화성시,41595,시(구 합산),211
202504,경기,화성시,41597,시(구 합산),211
202504,경기,화성시,41590,시(구 합산),211
202504,경기,광주시,41610,시군구,486
202504,경기,연천군,41800,시군구,40
202504,경기,포천시,41650,시군구,123
202504,경기,가평군,41820,시군구,460
202504,경기,양평군,41830,시군구,141
202504,강원,계,,시도,3855
202504,충북,계,,시도,2186
202504,충남,계,,시도,4817
202504,세종,계,,시도,57
202504,전북,계,,시도,3336
202504,전남,계,,시도,3815
202504,경북,계,,시도,5849
202504,경남,계,,시도,4757
202504,제주,계,,시도,2534
202505,서울,계,,시도,989
202505,서울,종로구,11110,시군구,0
202505,서울,중구,11140,시군구,1
202505,서울,용산구,11170,시군구,1
202505,서울,성동구,11200,시군구,0
202505,서울,광진구,11215,시군구,55
202505,서울,동대문구,11230,시군구,170
202505,서울,중랑구,11260,시군구,0
202505,서울,성북구,11290,시군구,0
202505,서울,강북구,11305,시군구,60
202505,서울,도봉구,11320,시군구,71
202505,서울,노원구,11350,시군구,0
202505,서울,은평구,11380,시군구,0
202505,서울,서대문구,11410,시군구,0
202505,서울,마포구,11440,시군구,53
202505,서울,양천구,11470,시군구,24
202505,서울,강서구,11500,시군구,145
202505,서울,구로구,11530,시군구,63
202505,서울,금천구,11545,시군구,8
202505,서울,영등포구,11560,시군구,0
202505,서울,동작구,11590,시군구,1
202505,서울,관악구,11620,시군구,4
202505,서울,서초구,11650,시군구,0
202505,서울,강남구,11680,시군구,0
202505,서울,송파구,11710,시군구,0
202505,서울,강동구,11740,시군구,333
202505,부산,계,,시도,5420
202505,대구,계,,시도,8586
202505,인천,계,,시도,2162
202505,인천,중구,28110,시군구,36
202505,인천,남동구,28200,시군구,11
202505,인천,서구,28260,시군구,1234
202505,인천,연수구,28185,시군구,135
202505,인천,미추홀구,28177,시군구,385
202505,인천,동구,28140,시군구,0
202505,인천,부평구,28237,시군구,356
202505,인천,계양구,28245,시군구,0
202505,인천,강화군,28710,시군구,5
202505,인천,옹진군,28720,시군구,0
202505,광주,계,,시도,1298
202505,대전,계,,시도,1794
202505,울산,계,,시도,3140
202505,경기,계,,시도,12155
202505,경기,수원시,41111,시(구 합산),10
202505,경기,수원시,41113,시(구 합산),10
202505,경기,수원시,41115,시(구 합산),10
202505,경기,수원시,41117,시(구 합산),10
202505,경기,성남시,41131,시(구 합산),55
202505,경기,성남시,41133,시(구 합산),55
202505,경기,성남시,41135,시(구 합산),55
202505,경기,의정부시,41150,시군구,465
202505,경기,안양시,41171,시(구 합산),79
202505,경기,안양시,41173,시(구 합산),79
202505,경기,부천시,41192,시(구 합산),203
202505,경기,부천시,41194,시(구 합산),203
202505,경기,부천시,41196,시(구 합산),203
202505,경기,부천시,41190,시(구 합산),203
202505,경기,광명시,41210,시군구,126
202505,경기,평택시,41220,시군구,4442
202505,경기,동두천시,41250,시군구,137
202505,경기,안산시,41271,시(구 합산),0
202505,경기,안산시,41273,시(구 합산),0
202505,경기,고양시,41281,시(구 합산),129
202505,경기,고양시,41285,시(구 합산),129
202505,경기,고양시,41287,시(구 합산),129
202505,경기,과천시,41290,시군구,0
202505,경기,구리시,41310,시군구,0
202505,경기,남양주시,41360,시군구,359
202505,경기,오산시,41370,시군구,29
202505,경기,시흥시,41390,시군구,26
202505,경기,군포시,41410,시군구,0
202505,경기,의왕시,41430,시군구,0
202505,경기,하남시,41450,시군구,2
202505,경기,용인시,41461,시(구 합산),461
202505,경기,용인시,41463,시(구 합산),461
202505,경기,용인시,41465,시(구 합산),461
202505,경기,파주시,41480,시군구,1
202505,경기,이천시,41500,시군구,1479
202505,경기,안성시,41550,시군구,411
202505,경기,김포시,41570,시군구,659
202505,경기,양주시,41630,시군구,1663
202505,경기,여주시,41670,시군구,5
202505,경기,화성시,41591,시(구 합산),206
202505,경기,화성시,41593,시(구 합산),206
202505,경기,화성시,41595,시(구 합산),206
202505,경기,화성시,41597,시(구 합산),206
202505,경기,화성시,41590,시(구 합산),206
202505,경기,광주시,41610,시군구,479
202505,경기,연천군,41800,시군구,40
202505,경기,포천시,41650,시군구,123
202505,경기,가평군,41820,시군구,424
202505,경기,양평군,41830,시군구,142
202505,강원,계,,시도,3783
202505,충북,계,,시도,2042
202505,충남,계,,시도,4724
202505,세종,계,,시도,58
202505,전북,계,,시도,3124
202505,전남,계,,시도,3786
202505,경북,계,,시도,5732
202505,경남,계,,시도,5363
202505,제주,계,,시도,2522
202506,서울,계,,시도,1021
202506,서울,종로구,11110,시군구,0
202506,서울,중구,11140,시군구,1
202506,서울,용산구,11170,시군구,1
202506,서울,성동구,11200,시군구,0
202506,서울,광진구,11215,시군구,53
202506,서울,동대문구,11230,시군구,171
202506,서울,중랑구,11260,시군구,0
202506,서울,성북구,11290,시군구,0
202506,서울,강북구,11305,시군구,60
202506,서울,도봉구,11320,시군구,66
202506,서울,노원구,11350,시군구,0
202506,서울,은평구,11380,시군구,0
202506,서울,서대문구,11410,시군구,0
202506,서울,마포구,11440,시군구,53
202506,서울,양천구,11470,시군구,9
202506,서울,강서구,11500,시군구,145
202506,서울,구로구,11530,시군구,63
202506,서울,금천구,11545,시군구,8
202506,서울,영등포구,11560,시군구,0
202506,서울,동작구,11590,시군구,1
202506,서울,관악구,11620,시군구,4
202506,서울,서초구,11650,시군구,0
202506,서울,강남구,11680,시군구,0
202506,서울,송파구,11710,시군구,0
202506,서울,강동구,11740,시군구,386
202506,부산,계,,시도,5375
202506,대구,계,,시도,8995
202506,인천,계,,시도,1825
202506,인천,중구,28110,시군구,35
202506,인천,남동구,28200,시군구,11
202506,인천,서구,28260,시군구,1190
202506,인천,연수구,28185,시군구,135
202506,인천,미추홀구,28177,시군구,384
202506,인천,동구,28140,시군구,0
202506,인천,부평구,28237,시군구,65
202506,인천,계양구,28245,시군구,0
202506,인천,강화군,28710,시군구,5
202506,인천,옹진군,28720,시군구,0
202506,광주,계,,시도,1297
202506,대전,계,,시도,1663
202506,울산,계,,시도,2746
202506,경기,계,,시도,11093
202506,경기,수원시,41111,시(구 합산),0
202506,경기,수원시,41113,시(구 합산),0
202506,경기,수원시,41115,시(구 합산),0
202506,경기,수원시,41117,시(구 합산),0
202506,경기,성남시,41131,시(구 합산),55
202506,경기,성남시,41133,시(구 합산),55
202506,경기,성남시,41135,시(구 합산),55
202506,경기,의정부시,41150,시군구,453
202506,경기,안양시,41171,시(구 합산),73
202506,경기,안양시,41173,시(구 합산),73
202506,경기,부천시,41192,시(구 합산),181
202506,경기,부천시,41194,시(구 합산),181
202506,경기,부천시,41196,시(구 합산),181
202506,경기,부천시,41190,시(구 합산),181
202506,경기,광명시,41210,시군구,15
202506,경기,평택시,41220,시군구,3996
202506,경기,동두천시,41250,시군구,137
202506,경기,안산시,41271,시(구 합산),0
202506,경기,안산시,41273,시(구 합산),0
202506,경기,고양시,41281,시(구 합산),99
202506,경기,고양시,41285,시(구 합산),99
202506,경기,고양시,41287,시(구 합산),99
202506,경기,과천시,41290,시군구,0
202506,경기,구리시,41310,시군구,0
202506,경기,남양주시,41360,시군구,358
202506,경기,오산시,41370,시군구,20
202506,경기,시흥시,41390,시군구,37
202506,경기,군포시,41410,시군구,0
202506,경기,의왕시,41430,시군구,0
202506,경기,하남시,41450,시군구,2
202506,경기,용인시,41461,시(구 합산),460
202506,경기,용인시,41463,시(구 합산),460
202506,경기,용인시,41465,시(구 합산),460
202506,경기,파주시,41480,시군구,1
202506,경기,이천시,41500,시군구,1327
202506,경기,안성시,41550,시군구,392
202506,경기,김포시,41570,시군구,571
202506,경기,양주시,41630,시군구,1774
202506,경기,여주시,41670,시군구,5
202506,경기,화성시,41591,시(구 합산),81
202506,경기,화성시,41593,시(구 합산),81
202506,경기,화성시,41595,시(구 합산),81
202506,경기,화성시,41597,시(구 합산),81
202506,경기,화성시,41590,시(구 합산),81
202506,경기,광주시,41610,시군구,346
202506,경기,연천군,41800,시군구,40
202506,경기,포천시,41650,시군구,123
202506,경기,가평군,41820,시군구,405
202506,경기,양평군,41830,시군구,142
202506,강원,계,,시도,3526
202506,충북,계,,시도,1885
202506,충남,계,,시도,4260
202506,세종,계,,시도,57
202506,전북,계,,시도,2976
202506,전남,계,,시도,3280
202506,경북,계,,시도,6482
202506,경남,계,,시도,4770
202506,제주,계,,시도,2483
202507,서울,계,,시도,1033
202507,서울,종로구,11110,시군구,0
202507,서울,중구,11140,시군구,1
202507,서울,용산구,11170,시군구,1
202507,서울,성동구,11200,시군구,0
202507,서울,광진구,11215,시군구,54
202507,서울,동대문구,11230,시군구,171
202507,서울,중랑구,11260,시군구,0
202507,서울,성북구,11290,시군구,0
202507,서울,강북구,11305,시군구,53
202507,서울,도봉구,11320,시군구,66
202507,서울,노원구,11350,시군구,0
202507,서울,은평구,11380,시군구,20
202507,서울,서대문구,11410,시군구,0
202507,서울,마포구,11440,시군구,53
202507,서울,양천구,11470,시군구,8
202507,서울,강서구,11500,시군구,145
202507,서울,구로구,11530,시군구,63
202507,서울,금천구,11545,시군구,8
202507,서울,영등포구,11560,시군구,0
202507,서울,동작구,11590,시군구,0
202507,서울,관악구,11620,시군구,4
202507,서울,서초구,11650,시군구,0
202507,서울,강남구,11680,시군구,0
202507,서울,송파구,11710,시군구,0
202507,서울,강동구,11740,시군구,386
202507,부산,계,,시도,5573
202507,대구,계,,시도,8977
202507,인천,계,,시도,1737
202507,인천,중구,28110,시군구,35
202507,인천,남동구,28200,시군구,11
202507,인천,서구,28260,시군구,1139
202507,인천,연수구,28185,시군구,132
202507,인천,미추홀구,28177,시군구,384
202507,인천,동구,28140,시군구,0
202507,인천,부평구,28237,시군구,32
202507,인천,계양구,28245,시군구,0
202507,인천,강화군,28710,시군구,4
202507,인천,옹진군,28720,시군구,0
202507,광주,계,,시도,1357
202507,대전,계,,시도,1514
202507,울산,계,,시도,2531
202507,경기,계,,시도,10513
202507,경기,수원시,41111,시(구 합산),0
202507,경기,수원시,41113,시(구 합산),0
202507,경기,수원시,41115,시(구 합산),0
202507,경기,수원시,41117,시(구 합산),0
202507,경기,성남시,41131,시(구 합산),55
202507,경기,성남시,41133,시(구 합산),55
202507,경기,성남시,41135,시(구 합산),55
202507,경기,의정부시,41150,시군구,402
202507,경기,안양시,41171,시(구 합산),70
202507,경기,안양시,41173,시(구 합산),70
202507,경기,부천시,41192,시(구 합산),169
202507,경기,부천시,41194,시(구 합산),169
202507,경기,부천시,41196,시(구 합산),169
202507,경기,부천시,41190,시(구 합산),169
202507,경기,광명시,41210,시군구,6
202507,경기,평택시,41220,시군구,3482
202507,경기,동두천시,41250,시군구,137
202507,경기,안산시,41271,시(구 합산),0
202507,경기,안산시,41273,시(구 합산),0
202507,경기,고양시,41281,시(구 합산),95
202507,경기,고양시,41285,시(구 합산),95
202507,경기,고양시,41287,시(구 합산),95
202507,경기,과천시,41290,시군구,0
202507,경기,구리시,41310,시군구,68
202507,경기,남양주시,41360,시군구,358
202507,경기,오산시,41370,시군구,4
202507,경기,시흥시,41390,시군구,32
202507,경기,군포시,41410,시군구,0
202507,경기,의왕시,41430,시군구,0
202507,경기,하남시,41450,시군구,2
202507,경기,용인시,41461,시(구 합산),459
202507,경기,용인시,41463,시(구 합산),459
202507,경기,용인시,41465,시(구 합산),459
202507,경기,파주시,41480,시군구,1
202507,경기,이천시,41500,시군구,1190
202507,경기,안성시,41550,시군구,376
202507,경기,김포시,41570,시군구,492
202507,경기,양주시,41630,시군구,1642
202507,경기,여주시,41670,시군구,448
202507,경기,화성시,41591,시(구 합산),85
202507,경기,화성시,41593,시(구 합산),85
202507,경기,화성시,41595,시(구 합산),85
202507,경기,화성시,41597,시(구 합산),85
202507,경기,화성시,41590,시(구 합산),85
202507,경기,광주시,41610,시군구,261
202507,경기,연천군,41800,시군구,39
202507,경기,포천시,41650,시군구,123
202507,경기,가평군,41820,시군구,361
202507,경기,양평군,41830,시군구,156
202507,강원,계,,시도,3348
202507,충북,계,,시도,2058
202507,충남,계,,시도,4289
202507,세종,계,,시도,57
202507,전북,계,,시도,2842
202507,전남,계,,시도,2919
202507,경북,계,,시도,6292
202507,경남,계,,시도,4718
202507,제주,계,,시도,2486
202508,서울,계,,시도,1106
202508,서울,종로구,11110,시군구,0
202508,서울,중구,11140,시군구,64
202508,서울,용산구,11170,시군구,1
202508,서울,성동구,11200,시군구,0
202508,서울,광진구,11215,시군구,54
202508,서울,동대문구,11230,시군구,171
202508,서울,중랑구,11260,시군구,0
202508,서울,성북구,11290,시군구,0
202508,서울,강북구,11305,시군구,51
202508,서울,도봉구,11320,시군구,65
202508,서울,노원구,11350,시군구,0
202508,서울,은평구,11380,시군구,20
202508,서울,서대문구,11410,시군구,22
202508,서울,마포구,11440,시군구,48
202508,서울,양천구,11470,시군구,8
202508,서울,강서구,11500,시군구,145
202508,서울,구로구,11530,시군구,63
202508,서울,금천구,11545,시군구,8
202508,서울,영등포구,11560,시군구,0
202508,서울,동작구,11590,시군구,0
202508,서울,관악구,11620,시군구,4
202508,서울,서초구,11650,시군구,0
202508,서울,강남구,11680,시군구,0
202508,서울,송파구,11710,시군구,0
202508,서울,강동구,11740,시군구,382
202508,부산,계,,시도,7146
202508,대구,계,,시도,8762
202508,인천,계,,시도,1668
202508,인천,중구,28110,시군구,33
202508,인천,남동구,28200,시군구,11
202508,인천,서구,28260,시군구,1101
202508,인천,연수구,28185,시군구,121
202508,인천,미추홀구,28177,시군구,366
202508,인천,동구,28140,시군구,0
202508,인천,부평구,28237,시군구,32
202508,인천,계양구,28245,시군구,0
202508,인천,강화군,28710,시군구,4
202508,인천,옹진군,28720,시군구,0
202508,광주,계,,시도,1370
202508,대전,계,,시도,2485
202508,울산,계,,시도,2308
202508,경기,계,,시도,11857
202508,경기,수원시,41111,시(구 합산),0
202508,경기,수원시,41113,시(구 합산),0
202508,경기,수원시,41115,시(구 합산),0
202508,경기,수원시,41117,시(구 합산),0
202508,경기,성남시,41131,시(구 합산),55
202508,경기,성남시,41133,시(구 합산),55
202508,경기,성남시,41135,시(구 합산),55
202508,경기,의정부시,41150,시군구,357
202508,경기,안양시,41171,시(구 합산),70
202508,경기,안양시,41173,시(구 합산),70
202508,경기,부천시,41192,시(구 합산),148
202508,경기,부천시,41194,시(구 합산),148
202508,경기,부천시,41196,시(구 합산),148
202508,경기,부천시,41190,시(구 합산),148
202508,경기,광명시,41210,시군구,6
202508,경기,평택시,41220,시군구,4197
202508,경기,동두천시,41250,시군구,137
202508,경기,안산시,41271,시(구 합산),0
202508,경기,안산시,41273,시(구 합산),0
202508,경기,고양시,41281,시(구 합산),73
202508,경기,고양시,41285,시(구 합산),73
202508,경기,고양시,41287,시(구 합산),73
202508,경기,과천시,41290,시군구,0
202508,경기,구리시,41310,시군구,68
202508,경기,남양주시,41360,시군구,355
202508,경기,오산시,41370,시군구,4
202508,경기,시흥시,41390,시군구,29
202508,경기,군포시,41410,시군구,0
202508,경기,의왕시,41430,시군구,0
202508,경기,하남시,41450,시군구,2
202508,경기,용인시,41461,시(구 합산),452
202508,경기,용인시,41463,시(구 합산),452
202508,경기,용인시,41465,시(구 합산),452
202508,경기,파주시,41480,시군구,1
202508,경기,이천시,41500,시군구,1667
202508,경기,안성시,41550,시군구,368
202508,경기,김포시,41570,시군구,648
202508,경기,양주시,41630,시군구,1499
202508,경기,여주시,41670,시군구,378
202508,경기,화성시,41591,시(구 합산),65
202508,경기,화성시,41593,시(구 합산),65
202508,경기,화성시,41595,시(구 합산),65
202508,경기,화성시,41597,시(구 합산),65
202508,경기,화성시,41590,시(구 합산),65
202508,경기,광주시,41610,시군구,614
202508,경기,연천군,41800,시군구,39
202508,경기,포천시,41650,시군구,123
202508,경기,가평군,41820,시군구,330
202508,경기,양평군,41830,시군구,172
202508,강원,계,,시도,3190
202508,충북,계,,시도,1912
202508,충남,계,,시도,5499
202508,세종,계,,시도,50
202508,전북,계,,시도,2694
202508,전남,계,,시도,2828
202508,경북,계,,시도,6124
202508,경남,계,,시도,4993
202508,제주,계,,시도,2621
202509,서울,계,,시도,1088
202509,서울,종로구,11110,시군구,0
202509,서울,중구,11140,시군구,54
202509,서울,용산구,11170,시군구,1
202509,서울,성동구,11200,시군구,0
202509,서울,광진구,11215,시군구,54
202509,서울,동대문구,11230,시군구,94
202509,서울,중랑구,11260,시군구,0
202509,서울,성북구,11290,시군구,0
202509,서울,강북구,11305,시군구,50
202509,서울,도봉구,11320,시군구,65
202509,서울,노원구,11350,시군구,0
202509,서울,은평구,11380,시군구,20
202509,서울,서대문구,11410,시군구,21
202509,서울,마포구,11440,시군구,48
202509,서울,양천구,11470,시군구,8
202509,서울,강서구,11500,시군구,145
202509,서울,구로구,11530,시군구,134
202509,서울,금천구,11545,시군구,8
202509,서울,영등포구,11560,시군구,0
202509,서울,동작구,11590,시군구,0
202509,서울,관악구,11620,시군구,4
202509,서울,서초구,11650,시군구,0
202509,서울,강남구,11680,시군구,0
202509,서울,송파구,11710,시군구,0
202509,서울,강동구,11740,시군구,382
202509,부산,계,,시도,7316
202509,대구,계,,시도,8537
202509,인천,계,,시도,1607
202509,인천,중구,28110,시군구,33
202509,인천,남동구,28200,시군구,11
202509,인천,서구,28260,시군구,1040
202509,인천,연수구,28185,시군구,121
202509,인천,미추홀구,28177,시군구,366
202509,인천,동구,28140,시군구,0
202509,인천,부평구,28237,시군구,32
202509,인천,계양구,28245,시군구,0
202509,인천,강화군,28710,시군구,4
202509,인천,옹진군,28720,시군구,0
202509,광주,계,,시도,1365
202509,대전,계,,시도,2282
202509,울산,계,,시도,2152
202509,경기,계,,시도,12656
202509,경기,수원시,41111,시(구 합산),0
202509,경기,수원시,41113,시(구 합산),0
202509,경기,수원시,41115,시(구 합산),0
202509,경기,수원시,41117,시(구 합산),0
202509,경기,성남시,41131,시(구 합산),55
202509,경기,성남시,41133,시(구 합산),55
202509,경기,성남시,41135,시(구 합산),55
202509,경기,의정부시,41150,시군구,662
202509,경기,안양시,41171,시(구 합산),61
202509,경기,안양시,41173,시(구 합산),61
202509,경기,부천시,41192,시(구 합산),144
202509,경기,부천시,41194,시(구 합산),144
202509,경기,부천시,41196,시(구 합산),144
202509,경기,부천시,41190,시(구 합산),144
202509,경기,광명시,41210,시군구,6
202509,경기,평택시,41220,시군구,3769
202509,경기,동두천시,41250,시군구,137
202509,경기,안산시,41271,시(구 합산),0
202509,경기,안산시,41273,시(구 합산),0
202509,경기,고양시,41281,시(구 합산),68
202509,경기,고양시,41285,시(구 합산),68
202509,경기,고양시,41287,시(구 합산),68
202509,경기,과천시,41290,시군구,0
202509,경기,구리시,41310,시군구,38
202509,경기,남양주시,41360,시군구,352
202509,경기,오산시,41370,시군구,4
202509,경기,시흥시,41390,시군구,25
202509,경기,군포시,41410,시군구,0
202509,경기,의왕시,41430,시군구,0
202509,경기,하남시,41450,시군구,3
202509,경기,용인시,41461,시(구 합산),452
202509,경기,용인시,41463,시(구 합산),452
202509,경기,용인시,41465,시(구 합산),452
202509,경기,파주시,41480,시군구,1
202509,경기,이천시,41500,시군구,1522
202509,경기,안성시,41550,시군구,618
202509,경기,김포시,41570,시군구,1873
202509,경기,양주시,41630,시군구,1376
202509,경기,여주시,41670,시군구,339
202509,경기,화성시,41591,시(구 합산),66
202509,경기,화성시,41593,시(구 합산),66
202509,경기,화성시,41595,시(구 합산),66
202509,경기,화성시,41597,시(구 합산),66
202509,경기,화성시,41590,시(구 합산),66
202509,경기,광주시,41610,시군구,485
202509,경기,연천군,41800,시군구,39
202509,경기,포천시,41650,시군구,123
202509,경기,가평군,41820,시군구,280
202509,경기,양평군,41830,시군구,158
202509,강원,계,,시도,3284
202509,충북,계,,시도,1970
202509,충남,계,,시도,5244
202509,세종,계,,시도,47
202509,전북,계,,시도,2540
202509,전남,계,,시도,2915
202509,경북,계,,시도,5672
202509,경남,계,,시도,5511
202509,제주,계,,시도,2576
202510,서울,계,,시도,1056
202510,서울,종로구,11110,시군구,0
202510,서울,중구,11140,시군구,54
202510,서울,용산구,11170,시군구,1
202510,서울,성동구,11200,시군구,0
202510,서울,광진구,11215,시군구,54
202510,서울,동대문구,11230,시군구,67
202510,서울,중랑구,11260,시군구,0
202510,서울,성북구,11290,시군구,0
202510,서울,강북구,11305,시군구,51
202510,서울,도봉구,11320,시군구,64
202510,서울,노원구,11350,시군구,0
202510,서울,은평구,11380,시군구,20
202510,서울,서대문구,11410,시군구,21
202510,서울,마포구,11440,시군구,47
202510,서울,양천구,11470,시군구,7
202510,서울,강서구,11500,시군구,145
202510,서울,구로구,11530,시군구,134
202510,서울,금천구,11545,시군구,8
202510,서울,영등포구,11560,시군구,0
202510,서울,동작구,11590,시군구,0
202510,서울,관악구,11620,시군구,4
202510,서울,서초구,11650,시군구,0
202510,서울,강남구,11680,시군구,0
202510,서울,송파구,11710,시군구,0
202510,서울,강동구,11740,시군구,379
202510,부산,계,,시도,8040
202510,대구,계,,시도,7568
202510,인천,계,,시도,1910
202510,인천,중구,28110,시군구,33
202510,인천,남동구,28200,시군구,11
202510,인천,서구,28260,시군구,1009
202510,인천,연수구,28185,시군구,118
202510,인천,미추홀구,28177,시군구,707
202510,인천,동구,28140,시군구,0
202510,인천,부평구,28237,시군구,32
202510,인천,계양구,28245,시군구,0
202510,인천,강화군,28710,시군구,0
202510,인천,옹진군,28720,시군구,0
202510,광주,계,,시도,1431
202510,대전,계,,시도,2075
202510,울산,계,,시도,2676
202510,경기,계,,시도,14585
202510,경기,수원시,41111,시(구 합산),0
202510,경기,수원시,41113,시(구 합산),0
202510,경기,수원시,41115,시(구 합산),0
202510,경기,수원시,41117,시(구 합산),0
202510,경기,성남시,41131,시(구 합산),55
202510,경기,성남시,41133,시(구 합산),55
202510,경기,성남시,41135,시(구 합산),55
202510,경기,의정부시,41150,시군구,1335
202510,경기,안양시,41171,시(구 합산),61
202510,경기,안양시,41173,시(구 합산),61
202510,경기,부천시,41192,시(구 합산),145
202510,경기,부천시,41194,시(구 합산),145
202510,경기,부천시,41196,시(구 합산),145
202510,경기,부천시,41190,시(구 합산),145
202510,경기,광명시,41210,시군구,6
202510,경기,평택시,41220,시군구,4067
202510,경기,동두천시,41250,시군구,137
202510,경기,안산시,41271,시(구 합산),0
202510,경기,안산시,41273,시(구 합산),0
202510,경기,고양시,41281,시(구 합산),56
202510,경기,고양시,41285,시(구 합산),56
202510,경기,고양시,41287,시(구 합산),56
202510,경기,과천시,41290,시군구,0
202510,경기,구리시,41310,시군구,20
202510,경기,남양주시,41360,시군구,345
202510,경기,오산시,41370,시군구,857
202510,경기,시흥시,41390,시군구,25
202510,경기,군포시,41410,시군구,0
202510,경기,의왕시,41430,시군구,0
202510,경기,하남시,41450,시군구,3
202510,경기,용인시,41461,시(구 합산),455
202510,경기,용인시,41463,시(구 합산),455
202510,경기,용인시,41465,시(구 합산),455
202510,경기,파주시,41480,시군구,1
202510,경기,이천시,41500,시군구,1279
202510,경기,안성시,41550,시군구,605
202510,경기,김포시,41570,시군구,1476
202510,경기,양주시,41630,시군구,2397
202510,경기,여주시,41670,시군구,293
202510,경기,화성시,41591,시(구 합산),67
202510,경기,화성시,41593,시(구 합산),67
202510,경기,화성시,41595,시(구 합산),67
202510,경기,화성시,41597,시(구 합산),67
202510,경기,화성시,41590,시(구 합산),67
202510,경기,광주시,41610,시군구,305
202510,경기,연천군,41800,시군구,39
202510,경기,포천시,41650,시군구,123
202510,경기,가평군,41820,시군구,280
202510,경기,양평군,41830,시군구,153
202510,강원,계,,시도,3179
202510,충북,계,,시도,2714
202510,충남,계,,시도,5405
202510,세종,계,,시도,47
202510,전북,계,,시도,2369
202510,전남,계,,시도,2840
202510,경북,계,,시도,5449
202510,경남,계,,시도,5183
202510,제주,계,,시도,2542
202511,서울,계,,시도,1037
202511,서울,종로구,11110,시군구,0
202511,서울,중구,11140,시군구,47
202511,서울,용산구,11170,시군구,1
202511,서울,성동구,11200,시군구,0
202511,서울,광진구,11215,시군구,54
202511,서울,동대문구,11230,시군구,63
202511,서울,중랑구,11260,시군구,0
202511,서울,성북구,11290,시군구,0
202511,서울,강북구,11305,시군구,49
202511,서울,도봉구,11320,시군구,64
202511,서울,노원구,11350,시군구,0
202511,서울,은평구,11380,시군구,20
202511,서울,서대문구,11410,시군구,18
202511,서울,마포구,11440,시군구,47
202511,서울,양천구,11470,시군구,6
202511,서울,강서구,11500,시군구,145
202511,서울,구로구,11530,시군구,132
202511,서울,금천구,11545,시군구,8
202511,서울,영등포구,11560,시군구,0
202511,서울,동작구,11590,시군구,0
202511,서울,관악구,11620,시군구,4
202511,서울,서초구,11650,시군구,0
202511,서울,강남구,11680,시군구,0
202511,서울,송파구,11710,시군구,0
202511,서울,강동구,11740,시군구,379
202511,부산,계,,시도,7727
202511,대구,계,,시도,7218
202511,인천,계,,시도,2007
202511,인천,중구,28110,시군구,33
202511,인천,남동구,28200,시군구,11
202511,인천,서구,28260,시군구,1000
202511,인천,연수구,28185,시군구,118
202511,인천,미추홀구,28177,시군구,690
202511,인천,동구,28140,시군구,52
202511,인천,부평구,28237,시군구,103
202511,인천,계양구,28245,시군구,0
202511,인천,강화군,28710,시군구,0
202511,인천,옹진군,28720,시군구,0
202511,광주,계,,시도,1403
202511,대전,계,,시도,1882
202511,울산,계,,시도,2309
202511,경기,계,,시도,13491
202511,경기,수원시,41111,시(구 합산),0
202511,경기,수원시,41113,시(구 합산),0
202511,경기,수원시,41115,시(구 합산),0
202511,경기,수원시,41117,시(구 합산),0
202511,경기,성남시,41131,시(구 합산),55
202511,경기,성남시,41133,시(구 합산),55
202511,경기,성남시,41135,시(구 합산),55
202511,경기,의정부시,41150,시군구,1102
202511,경기,안양시,41171,시(구 합산),61
202511,경기,안양시,41173,시(구 합산),61
202511,경기,부천시,41192,시(구 합산),151
202511,경기,부천시,41194,시(구 합산),151
202511,경기,부천시,41196,시(구 합산),151
202511,경기,부천시,41190,시(구 합산),151
202511,경기,광명시,41210,시군구,6
202511,경기,평택시,41220,시군구,3594
202511,경기,동두천시,41250,시군구,137
202511,경기,안산시,41271,시(구 합산),0
202511,경기,안산시,41273,시(구 합산),0
202511,경기,고양시,41281,시(구 합산),56
202511,경기,고양시,41285,시(구 합산),56
202511,경기,고양시,41287,시(구 합산),56
202511,경기,과천시,41290,시군구,0
202511,경기,구리시,41310,시군구,20
202511,경기,남양주시,41360,시군구,346
202511,경기,오산시,41370,시군구,842
202511,경기,시흥시,41390,시군구,24
202511,경기,군포시,41410,시군구,0
202511,경기,의왕시,41430,시군구,0
202511,경기,하남시,41450,시군구,3
202511,경기,용인시,41461,시(구 합산),450
202511,경기,용인시,41463,시(구 합산),450
202511,경기,용인시,41465,시(구 합산),450
202511,경기,파주시,41480,시군구,1
202511,경기,이천시,41500,시군구,1015
202511,경기,안성시,41550,시군구,594
202511,경기,김포시,41570,시군구,1210
202511,경기,양주시,41630,시군구,2736
202511,경기,여주시,41670,시군구,279
202511,경기,화성시,41591,시(구 합산),65
202511,경기,화성시,41593,시(구 합산),65
202511,경기,화성시,41595,시(구 합산),65
202511,경기,화성시,41597,시(구 합산),65
202511,경기,화성시,41590,시(구 합산),65
202511,경기,광주시,41610,시군구,219
202511,경기,연천군,41800,시군구,37
202511,경기,포천시,41650,시군구,123
202511,경기,가평군,41820,시군구,230
202511,경기,양평군,41830,시군구,135
202511,강원,계,,시도,3061
202511,충북,계,,시도,2915
202511,충남,계,,시도,7875
202511,세종,계,,시도,49
202511,전북,계,,시도,2286
202511,전남,계,,시도,2770
202511,경북,계,,시도,5297
202511,경남,계,,시도,4947
202511,제주,계,,시도,2520
202512,서울,계,,시도,939
202512,서울,종로구,11110,시군구,0
202512,서울,중구,11140,시군구,47
202512,서울,용산구,11170,시군구,1
202512,서울,성동구,11200,시군구,0
202512,서울,광진구,11215,시군구,52
202512,서울,동대문구,11230,시군구,61
202512,서울,중랑구,11260,시군구,0
202512,서울,성북구,11290,시군구,0
202512,서울,강북구,11305,시군구,48
202512,서울,도봉구,11320,시군구,64
202512,서울,노원구,11350,시군구,0
202512,서울,은평구,11380,시군구,20
202512,서울,서대문구,11410,시군구,18
202512,서울,마포구,11440,시군구,47
202512,서울,양천구,11470,시군구,6
202512,서울,강서구,11500,시군구,107
202512,서울,구로구,11530,시군구,99
202512,서울,금천구,11545,시군구,8
202512,서울,영등포구,11560,시군구,0
202512,서울,동작구,11590,시군구,0
202512,서울,관악구,11620,시군구,4
202512,서울,서초구,11650,시군구,0
202512,서울,강남구,11680,시군구,0
202512,서울,송파구,11710,시군구,0
202512,서울,강동구,11740,시군구,357
202512,부산,계,,시도,7541
202512,대구,계,,시도,5962
202512,인천,계,,시도,1927
202512,인천,중구,28110,시군구,33
202512,인천,남동구,28200,시군구,3
202512,인천,서구,28260,시군구,979
202512,인천,연수구,28185,시군구,92
202512,인천,미추홀구,28177,시군구,676
202512,인천,동구,28140,시군구,41
202512,인천,부평구,28237,시군구,103
202512,인천,계양구,28245,시군구,0
202512,인천,강화군,28710,시군구,0
202512,인천,옹진군,28720,시군구,0
202512,광주,계,,시도,1404
202512,대전,계,,시도,1677
202512,울산,계,,시도,1987
202512,경기,계,,시도,13017
202512,경기,수원시,41111,시(구 합산),19
202512,경기,수원시,41113,시(구 합산),19
202512,경기,수원시,41115,시(구 합산),19
202512,경기,수원시,41117,시(구 합산),19
202512,경기,성남시,41131,시(구 합산),55
202512,경기,성남시,41133,시(구 합산),55
202512,경기,성남시,41135,시(구 합산),55
202512,경기,의정부시,41150,시군구,908
202512,경기,안양시,41171,시(구 합산),61
202512,경기,안양시,41173,시(구 합산),61
202512,경기,부천시,41192,시(구 합산),139
202512,경기,부천시,41194,시(구 합산),139
202512,경기,부천시,41196,시(구 합산),139
202512,경기,부천시,41190,시(구 합산),139
202512,경기,광명시,41210,시군구,6
202512,경기,평택시,41220,시군구,3292
202512,경기,동두천시,41250,시군구,137
202512,경기,안산시,41271,시(구 합산),0
202512,경기,안산시,41273,시(구 합산),0
202512,경기,고양시,41281,시(구 합산),56
202512,경기,고양시,41285,시(구 합산),56
202512,경기,고양시,41287,시(구 합산),56
202512,경기,과천시,41290,시군구,0
202512,경기,구리시,41310,시군구,20
202512,경기,남양주시,41360,시군구,344
202512,경기,오산시,41370,시군구,202
202512,경기,시흥시,41390,시군구,22
202512,경기,군포시,41410,시군구,0
202512,경기,의왕시,41430,시군구,0
202512,경기,하남시,41450,시군구,3
202512,경기,용인시,41461,시(구 합산),447
202512,경기,용인시,41463,시(구 합산),447
202512,경기,용인시,41465,시(구 합산),447
202512,경기,파주시,41480,시군구,1
202512,경기,이천시,41500,시군구,1251
202512,경기,안성시,41550,시군구,577
202512,경기,김포시,41570,시군구,1536
202512,경기,양주시,41630,시군구,2601
202512,경기,여주시,41670,시군구,265
202512,경기,화성시,41591,시(구 합산),66
202512,경기,화성시,41593,시(구 합산),66
202512,경기,화성시,41595,시(구 합산),66
202512,경기,화성시,41597,시(구 합산),66
202512,경기,화성시,41590,시(구 합산),66
202512,경기,광주시,41610,시군구,158
202512,경기,연천군,41800,시군구,37
202512,경기,포천시,41650,시군구,123
202512,경기,가평군,41820,시군구,209
202512,경기,양평군,41830,시군구,482
202512,강원,계,,시도,2943
202512,충북,계,,시도,2400
202512,충남,계,,시도,8140
202512,세종,계,,시도,42
202512,전북,계,,시도,2597
202512,전남,계,,시도,2715
202512,경북,계,,시도,5118
202512,경남,계,,시도,5451
202512,제주,계,,시도,2650
202601,서울,계,,시도,914
202601,서울,종로구,11110,시군구,0
202601,서울,중구,11140,시군구,47
202601,서울,용산구,11170,시군구,1
202601,서울,성동구,11200,시군구,0
202601,서울,광진구,11215,시군구,52
202601,서울,동대문구,11230,시군구,58
202601,서울,중랑구,11260,시군구,0
202601,서울,성북구,11290,시군구,0
202601,서울,강북구,11305,시군구,47
202601,서울,도봉구,11320,시군구,63
202601,서울,노원구,11350,시군구,0
202601,서울,은평구,11380,시군구,20
202601,서울,서대문구,11410,시군구,17
202601,서울,마포구,11440,시군구,47
202601,서울,양천구,11470,시군구,5
202601,서울,강서구,11500,시군구,107
202601,서울,구로구,11530,시군구,95
202601,서울,금천구,11545,시군구,8
202601,서울,영등포구,11560,시군구,0
202601,서울,동작구,11590,시군구,0
202601,서울,관악구,11620,시군구,4
202601,서울,서초구,11650,시군구,0
202601,서울,강남구,11680,시군구,0
202601,서울,송파구,11710,시군구,0
202601,서울,강동구,11740,시군구,343
202601,부산,계,,시도,7584
202601,대구,계,,시도,5432
202601,인천,계,,시도,3987
202601,인천,중구,28110,시군구,1683
202601,인천,남동구,28200,시군구,2
202601,인천,서구,28260,시군구,979
202601,인천,연수구,28185,시군구,522
202601,인천,미추홀구,28177,시군구,679
202601,인천,동구,28140,시군구,41
202601,인천,부평구,28237,시군구,81
202601,인천,계양구,28245,시군구,0
202601,인천,강화군,28710,시군구,0
202601,인천,옹진군,28720,시군구,0
202601,광주,계,,시도,1371
202601,대전,계,,시도,1549
202601,울산,계,,시도,1632
202601,경기,계,,시도,12980
202601,경기,수원시,41111,시(구 합산),19
202601,경기,수원시,41113,시(구 합산),19
202601,경기,수원시,41115,시(구 합산),19
202601,경기,수원시,41117,시(구 합산),19
202601,경기,성남시,41131,시(구 합산),55
202601,경기,성남시,41133,시(구 합산),55
202601,경기,성남시,41135,시(구 합산),55
202601,경기,의정부시,41150,시군구,439
202601,경기,안양시,41171,시(구 합산),61
202601,경기,안양시,41173,시(구 합산),61
202601,경기,부천시,41192,시(구 합산),132
202601,경기,부천시,41194,시(구 합산),132
202601,경기,부천시,41196,시(구 합산),132
202601,경기,부천시,41190,시(구 합산),132
202601,경기,광명시,41210,시군구,6
202601,경기,평택시,41220,시군구,2942
202601,경기,동두천시,41250,시군구,137
202601,경기,안산시,41271,시(구 합산),0
202601,경기,안산시,41273,시(구 합산),0
202601,경기,고양시,41281,시(구 합산),55
202601,경기,고양시,41285,시(구 합산),55
202601,경기,고양시,41287,시(구 합산),55
202601,경기,과천시,41290,시군구,0
202601,경기,구리시,41310,시군구,20
202601,경기,남양주시,41360,시군구,337
202601,경기,오산시,41370,시군구,16
202601,경기,시흥시,41390,시군구,648
202601,경기,군포시,41410,시군구,0
202601,경기,의왕시,41430,시군구,0
202601,경기,하남시,41450,시군구,3
202601,경기,용인시,41461,시(구 합산),314
202601,경기,용인시,41463,시(구 합산),314
202601,경기,용인시,41465,시(구 합산),314
202601,경기,파주시,41480,시군구,1
202601,경기,이천시,41500,시군구,1795
202601,경기,안성시,41550,시군구,951
202601,경기,김포시,41570,시군구,1355
202601,경기,양주시,41630,시군구,2476
202601,경기,여주시,41670,시군구,254
202601,경기,화성시,41591,시(구 합산),64
202601,경기,화성시,41593,시(구 합산),64
202601,경기,화성시,41595,시(구 합산),64
202601,경기,화성시,41597,시(구 합산),64
202601,경기,화성시,41590,시(구 합산),64
202601,경기,광주시,41610,시군구,80
202601,경기,연천군,41800,시군구,37
202601,경기,포천시,41650,시군구,123
202601,경기,가평군,41820,시군구,202
202601,경기,양평군,41830,시군구,458
202601,강원,계,,시도,2849
202601,충북,계,,시도,1929
202601,충남,계,,시도,7664
202601,세종,계,,시도,42
202601,전북,계,,시도,2542
202601,전남,계,,시도,2668
202601,경북,계,,시도,5016
202601,경남,계,,시도,5811
202601,제주,계,,시도,2606
202602,서울,계,,시도,1132
202602,서울,종로구,11110,시군구,0
202602,서울,중구,11140,시군구,42
202602,서울,용산구,11170,시군구,1
202602,서울,성동구,11200,시군구,0
202602,서울,광진구,11215,시군구,51
202602,서울,동대문구,11230,시군구,57
202602,서울,중랑구,11260,시군구,0
202602,서울,성북구,11290,시군구,0
202602,서울,강북구,11305,시군구,47
202602,서울,도봉구,11320,시군구,63
202602,서울,노원구,11350,시군구,0
202602,서울,은평구,11380,시군구,20
202602,서울,서대문구,11410,시군구,17
202602,서울,마포구,11440,시군구,271
202602,서울,양천구,11470,시군구,6
202602,서울,강서구,11500,시군구,107
202602,서울,구로구,11530,시군구,95
202602,서울,금천구,11545,시군구,8
202602,서울,영등포구,11560,시군구,0
202602,서울,동작구,11590,시군구,0
202602,서울,관악구,11620,시군구,4
202602,서울,서초구,11650,시군구,0
202602,서울,강남구,11680,시군구,0
202602,서울,송파구,11710,시군구,0
202602,서울,강동구,11740,시군구,343
202602,부산,계,,시도,7236
202602,대구,계,,시도,5256
202602,인천,계,,시도,3818
202602,인천,중구,28110,시군구,1568
202602,인천,남동구,28200,시군구,2
202602,인천,서구,28260,시군구,950
202602,인천,연수구,28185,시군구,508
202602,인천,미추홀구,28177,시군구,678
202602,인천,동구,28140,시군구,39
202602,인천,부평구,28237,시군구,73
202602,인천,계양구,28245,시군구,0
202602,인천,강화군,28710,시군구,0
202602,인천,옹진군,28720,시군구,0
202602,광주,계,,시도,1319
202602,대전,계,,시도,1752
202602,울산,계,,시도,1402
202602,경기,계,,시도,12879
202602,경기,수원시,41111,시(구 합산),19
202602,경기,수원시,41113,시(구 합산),19
202602,경기,수원시,41115,시(구 합산),19
202602,경기,수원시,41117,시(구 합산),19
202602,경기,성남시,41131,시(구 합산),55
202602,경기,성남시,41133,시(구 합산),55
202602,경기,성남시,41135,시(구 합산),55
202602,경기,의정부시,41150,시군구,421
202602,경기,안양시,41171,시(구 합산),61
202602,경기,안양시,41173,시(구 합산),61
202602,경기,부천시,41192,시(구 합산),131
202602,경기,부천시,41194,시(구 합산),131
202602,경기,부천시,41196,시(구 합산),131
202602,경기,부천시,41190,시(구 합산),131
202602,경기,광명시,41210,시군구,6
202602,경기,평택시,41220,시군구,2612
202602,경기,동두천시,41250,시군구,137
202602,경기,안산시,41271,시(구 합산),0
202602,경기,안산시,41273,시(구 합산),0
202602,경기,고양시,41281,시(구 합산),55
202602,경기,고양시,41285,시(구 합산),55
202602,경기,고양시,41287,시(구 합산),55
202602,경기,과천시,41290,시군구,0
202602,경기,구리시,41310,시군구,13
202602,경기,남양주시,41360,시군구,334
202602,경기,오산시,41370,시군구,560
202602,경기,시흥시,41390,시군구,512
202602,경기,군포시,41410,시군구,0
202602,경기,의왕시,41430,시군구,0
202602,경기,하남시,41450,시군구,3
202602,경기,용인시,41461,시(구 합산),486
202602,경기,용인시,41463,시(구 합산),486
202602,경기,용인시,41465,시(구 합산),486
202602,경기,파주시,41480,시군구,1
202602,경기,이천시,41500,시군구,1713
202602,경기,안성시,41550,시군구,951
202602,경기,김포시,41570,시군구,1260
202602,경기,양주시,41630,시군구,2371
202602,경기,여주시,41670,시군구,243
202602,경기,화성시,41591,시(구 합산),64
202602,경기,화성시,41593,시(구 합산),64
202602,경기,화성시,41595,시(구 합산),64
202602,경기,화성시,41597,시(구 합산),64
202602,경기,화성시,41590,시(구 합산),64
202602,경기,광주시,41610,시군구,75
202602,경기,연천군,41800,시군구,37
202602,경기,포천시,41650,시군구,123
202602,경기,가평군,41820,시군구,197
202602,경기,양평군,41830,시군구,439
202602,강원,계,,시도,2890
202602,충북,계,,시도,1733
202602,충남,계,,시도,8146
202602,세종,계,,시도,42
202602,전북,계,,시도,2416
202602,전남,계,,시도,2569
202602,경북,계,,시도,5052
202602,경남,계,,시도,5855
202602,제주,계,,시도,2711
202603,서울,계,,시도,1028
202603,서울,종로구,11110,시군구,0
202603,서울,중구,11140,시군구,37
202603,서울,용산구,11170,시군구,1
202603,서울,성동구,11200,시군구,0
202603,서울,광진구,11215,시군구,51
202603,서울,동대문구,11230,시군구,57
202603,서울,중랑구,11260,시군구,0
202603,서울,성북구,11290,시군구,0
202603,서울,강북구,11305,시군구,47
202603,서울,도봉구,11320,시군구,60
202603,서울,노원구,11350,시군구,0
202603,서울,은평구,11380,시군구,20
202603,서울,서대문구,11410,시군구,17
202603,서울,마포구,11440,시군구,214
202603,서울,양천구,11470,시군구,3
202603,서울,강서구,11500,시군구,107
202603,서울,구로구,11530,시군구,94
202603,서울,금천구,11545,시군구,8
202603,서울,영등포구,11560,시군구,0
202603,서울,동작구,11590,시군구,0
202603,서울,관악구,11620,시군구,4
202603,서울,서초구,11650,시군구,0
202603,서울,강남구,11680,시군구,0
202603,서울,송파구,11710,시군구,0
202603,서울,강동구,11740,시군구,308
202603,부산,계,,시도,7224
202603,대구,계,,시도,4996
202603,인천,계,,시도,4275
202603,인천,중구,28110,시군구,1653
202603,인천,남동구,28200,시군구,405
202603,인천,서구,28260,시군구,950
202603,인천,연수구,28185,시군구,497
202603,인천,미추홀구,28177,시군구,677
202603,인천,동구,28140,시군구,38
202603,인천,부평구,28237,시군구,55
202603,인천,계양구,28245,시군구,0
202603,인천,강화군,28710,시군구,0
202603,인천,옹진군,28720,시군구,0
202603,광주,계,,시도,1302
202603,대전,계,,시도,1604
202603,울산,계,,시도,1164
202603,경기,계,,시도,13309
202603,경기,수원시,41111,시(구 합산),19
202603,경기,수원시,41113,시(구 합산),19
202603,경기,수원시,41115,시(구 합산),19
202603,경기,수원시,41117,시(구 합산),19
202603,경기,성남시,41131,시(구 합산),55
202603,경기,성남시,41133,시(구 합산),55
202603,경기,성남시,41135,시(구 합산),55
202603,경기,의정부시,41150,시군구,707
202603,경기,안양시,41171,시(구 합산),61
202603,경기,안양시,41173,시(구 합산),61
202603,경기,부천시,41192,시(구 합산),126
202603,경기,부천시,41194,시(구 합산),126
202603,경기,부천시,41196,시(구 합산),126
202603,경기,부천시,41190,시(구 합산),126
202603,경기,광명시,41210,시군구,6
202603,경기,평택시,41220,시군구,3854
202603,경기,동두천시,41250,시군구,137
202603,경기,안산시,41271,시(구 합산),0
202603,경기,안산시,41273,시(구 합산),0
202603,경기,고양시,41281,시(구 합산),55
202603,경기,고양시,41285,시(구 합산),55
202603,경기,고양시,41287,시(구 합산),55
202603,경기,과천시,41290,시군구,0
202603,경기,구리시,41310,시군구,13
202603,경기,남양주시,41360,시군구,331
202603,경기,오산시,41370,시군구,194
202603,경기,시흥시,41390,시군구,353
202603,경기,군포시,41410,시군구,0
202603,경기,의왕시,41430,시군구,0
202603,경기,하남시,41450,시군구,3
202603,경기,용인시,41461,시(구 합산),447
202603,경기,용인시,41463,시(구 합산),447
202603,경기,용인시,41465,시(구 합산),447
202603,경기,파주시,41480,시군구,1
202603,경기,이천시,41500,시군구,1602
202603,경기,안성시,41550,시군구,952
202603,경기,김포시,41570,시군구,1162
202603,경기,양주시,41630,시군구,2119
202603,경기,여주시,41670,시군구,226
202603,경기,화성시,41591,시(구 합산),64
202603,경기,화성시,41593,시(구 합산),64
202603,경기,화성시,41595,시(구 합산),64
202603,경기,화성시,41597,시(구 합산),64
202603,경기,화성시,41590,시(구 합산),64
202603,경기,광주시,41610,시군구,73
202603,경기,연천군,41800,시군구,36
202603,경기,포천시,41650,시군구,123
202603,경기,가평군,41820,시군구,191
202603,경기,양평군,41830,시군구,399
202603,강원,계,,시도,2686
202603,충북,계,,시도,1659
202603,충남,계,,시도,7699
202603,세종,계,,시도,42
202603,전북,계,,시도,2060
202603,전남,계,,시도,3072
202603,경북,계,,시도,4812
202603,경남,계,,시도,5628
202603,제주,계,,시도,2723
202604,서울,계,,시도,995
202604,서울,종로구,11110,시군구,0
202604,서울,중구,11140,시군구,29
202604,서울,용산구,11170,시군구,1
202604,서울,성동구,11200,시군구,0
202604,서울,광진구,11215,시군구,51
202604,서울,동대문구,11230,시군구,57
202604,서울,중랑구,11260,시군구,0
202604,서울,성북구,11290,시군구,0
202604,서울,강북구,11305,시군구,47
202604,서울,도봉구,11320,시군구,60
202604,서울,노원구,11350,시군구,0
202604,서울,은평구,11380,시군구,20
202604,서울,서대문구,11410,시군구,17
202604,서울,마포구,11440,시군구,214
202604,서울,양천구,11470,시군구,3
202604,서울,강서구,11500,시군구,107
202604,서울,구로구,11530,시군구,69
202604,서울,금천구,11545,시군구,8
202604,서울,영등포구,11560,시군구,0
202604,서울,동작구,11590,시군구,0
202604,서울,관악구,11620,시군구,4
202604,서울,서초구,11650,시군구,0
202604,서울,강남구,11680,시군구,0
202604,서울,송파구,11710,시군구,0
202604,서울,강동구,11740,시군구,308
202604,부산,계,,시도,8654
202604,대구,계,,시도,4820
202604,인천,계,,시도,4098
202604,인천,중구,28110,시군구,1588
202604,인천,남동구,28200,시군구,405
202604,인천,서구,28260,시군구,751
202604,인천,연수구,28185,시군구,628
202604,인천,미추홀구,28177,시군구,677
202604,인천,동구,28140,시군구,36
202604,인천,부평구,28237,시군구,13
202604,인천,계양구,28245,시군구,0
202604,인천,강화군,28710,시군구,0
202604,인천,옹진군,28720,시군구,0
202604,광주,계,,시도,1288
202604,대전,계,,시도,2038
202604,울산,계,,시도,1521
202604,경기,계,,시도,12205
202604,경기,수원시,41111,시(구 합산),19
202604,경기,수원시,41113,시(구 합산),19
202604,경기,수원시,41115,시(구 합산),19
202604,경기,수원시,41117,시(구 합산),19
202604,경기,성남시,41131,시(구 합산),55
202604,경기,성남시,41133,시(구 합산),55
202604,경기,성남시,41135,시(구 합산),55
202604,경기,의정부시,41150,시군구,707
202604,경기,안양시,41171,시(구 합산),110
202604,경기,안양시,41173,시(구 합산),110
202604,경기,부천시,41192,시(구 합산),184
202604,경기,부천시,41194,시(구 합산),184
202604,경기,부천시,41196,시(구 합산),184
202604,경기,부천시,41190,시(구 합산),184
202604,경기,광명시,41210,시군구,6
202604,경기,평택시,41220,시군구,3389
202604,경기,동두천시,41250,시군구,137
202604,경기,안산시,41271,시(구 합산),0
202604,경기,안산시,41273,시(구 합산),0
202604,경기,고양시,41281,시(구 합산),55
202604,경기,고양시,41285,시(구 합산),55
202604,경기,고양시,41287,시(구 합산),55
202604,경기,과천시,41290,시군구,0
202604,경기,구리시,41310,시군구,13
202604,경기,남양주시,41360,시군구,335
202604,경기,오산시,41370,시군구,43
202604,경기,시흥시,41390,시군구,257
202604,경기,군포시,41410,시군구,0
202604,경기,의왕시,41430,시군구,0
202604,경기,하남시,41450,시군구,3
202604,경기,용인시,41461,시(구 합산),428
202604,경기,용인시,41463,시(구 합산),428
202604,경기,용인시,41465,시(구 합산),428
202604,경기,파주시,41480,시군구,1
202604,경기,이천시,41500,시군구,1492
202604,경기,안성시,41550,시군구,938
202604,경기,김포시,41570,시군구,1067
202604,경기,양주시,41630,시군구,1922
202604,경기,여주시,41670,시군구,214
202604,경기,화성시,41591,시(구 합산),61
202604,경기,화성시,41593,시(구 합산),61
202604,경기,화성시,41595,시(구 합산),61
202604,경기,화성시,41597,시(구 합산),61
202604,경기,화성시,41590,시(구 합산),61
202604,경기,광주시,41610,시군구,69
202604,경기,연천군,41800,시군구,36
202604,경기,포천시,41650,시군구,123
202604,경기,가평군,41820,시군구,176
202604,경기,양평군,41830,시군구,365
202604,강원,계,,시도,2674
202604,충북,계,,시도,1475
202604,충남,계,,시도,8077
202604,세종,계,,시도,42
202604,전북,계,,시도,1895
202604,전남,계,,시도,2990
202604,경북,계,,시도,4487
202604,경남,계,,시도,5220
202604,제주,계,,시도,2700
202605,서울,계,,시도,985
202605,서울,종로구,11110,시군구,0
202605,서울,중구,11140,시군구,29
202605,서울,용산구,11170,시군구,1
202605,서울,성동구,11200,시군구,0
202605,서울,광진구,11215,시군구,51
202605,서울,동대문구,11230,시군구,57
202605,서울,중랑구,11260,시군구,0
202605,서울,성북구,11290,시군구,0
202605,서울,강북구,11305,시군구,47
202605,서울,도봉구,11320,시군구,60
202605,서울,노원구,11350,시군구,0
202605,서울,은평구,11380,시군구,20
202605,서울,서대문구,11410,시군구,17
202605,서울,마포구,11440,시군구,214
202605,서울,양천구,11470,시군구,3
202605,서울,강서구,11500,시군구,107
202605,서울,구로구,11530,시군구,67
202605,서울,금천구,11545,시군구,8
202605,서울,영등포구,11560,시군구,0
202605,서울,동작구,11590,시군구,0
202605,서울,관악구,11620,시군구,4
202605,서울,서초구,11650,시군구,0
202605,서울,강남구,11680,시군구,0
202605,서울,송파구,11710,시군구,0
202605,서울,강동구,11740,시군구,300
202605,부산,계,,시도,8292
202605,대구,계,,시도,4298
202605,인천,계,,시도,4574
202605,인천,중구,28110,시군구,1810
202605,인천,남동구,28200,시군구,405
202605,인천,서구,28260,시군구,765
202605,인천,연수구,28185,시군구,575
202605,인천,미추홀구,28177,시군구,979
202605,인천,동구,28140,시군구,36
202605,인천,부평구,28237,시군구,4
202605,인천,계양구,28245,시군구,0
202605,인천,강화군,28710,시군구,0
202605,인천,옹진군,28720,시군구,0
202605,광주,계,,시도,1259
202605,대전,계,,시도,1886
202605,울산,계,,시도,1437
202605,경기,계,,시도,13042
202605,경기,수원시,41111,시(구 합산),21
202605,경기,수원시,41113,시(구 합산),21
202605,경기,수원시,41115,시(구 합산),21
202605,경기,수원시,41117,시(구 합산),21
202605,경기,성남시,41131,시(구 합산),55
202605,경기,성남시,41133,시(구 합산),55
202605,경기,성남시,41135,시(구 합산),55
202605,경기,의정부시,41150,시군구,712
202605,경기,안양시,41171,시(구 합산),69
202605,경기,안양시,41173,시(구 합산),69
202605,경기,부천시,41192,시(구 합산),175
202605,경기,부천시,41194,시(구 합산),175
202605,경기,부천시,41196,시(구 합산),175
202605,경기,부천시,41190,시(구 합산),175
202605,경기,광명시,41210,시군구,6
202605,경기,평택시,41220,시군구,3090
202605,경기,동두천시,41250,시군구,137
202605,경기,안산시,41271,시(구 합산),0
202605,경기,안산시,41273,시(구 합산),0
202605,경기,고양시,41281,시(구 합산),55
202605,경기,고양시,41285,시(구 합산),55
202605,경기,고양시,41287,시(구 합산),55
202605,경기,과천시,41290,시군구,0
202605,경기,구리시,41310,시군구,12
202605,경기,남양주시,41360,시군구,328
202605,경기,오산시,41370,시군구,34
202605,경기,시흥시,41390,시군구,416
202605,경기,군포시,41410,시군구,0
202605,경기,의왕시,41430,시군구,0
202605,경기,하남시,41450,시군구,3
202605,경기,용인시,41461,시(구 합산),425
202605,경기,용인시,41463,시(구 합산),425
202605,경기,용인시,41465,시(구 합산),425
202605,경기,파주시,41480,시군구,1
202605,경기,이천시,41500,시군구,1414
202605,경기,안성시,41550,시군구,936
202605,경기,김포시,41570,시군구,948
202605,경기,양주시,41630,시군구,2446
202605,경기,여주시,41670,시군구,203
202605,경기,화성시,41591,시(구 합산),61
202605,경기,화성시,41593,시(구 합산),61
202605,경기,화성시,41595,시(구 합산),61
202605,경기,화성시,41597,시(구 합산),61
202605,경기,화성시,41590,시(구 합산),61
202605,경기,광주시,41610,시군구,63
202605,경기,연천군,41800,시군구,36
202605,경기,포천시,41650,시군구,123
202605,경기,가평군,41820,시군구,935
202605,경기,양평군,41830,시군구,338
202605,강원,계,,시도,2894
202605,충북,계,,시도,1548
202605,충남,계,,시도,8213
202605,세종,계,,시도,43
202605,전북,계,,시도,1694
202605,전남,계,,시도,2798
202605,경북,계,,시도,4279
202605,경남,계,,시도,5193
202605,제주,계,,시도,2804
202606,서울,계,,시도,1013
202606,서울,종로구,11110,시군구,0
202606,서울,중구,11140,시군구,24
202606,서울,용산구,11170,시군구,1
202606,서울,성동구,11200,시군구,0
202606,서울,광진구,11215,시군구,51
202606,서울,동대문구,11230,시군구,57
202606,서울,중랑구,11260,시군구,0
202606,서울,성북구,11290,시군구,0
202606,서울,강북구,11305,시군구,47
202606,서울,도봉구,11320,시군구,60
202606,서울,노원구,11350,시군구,0
202606,서울,은평구,11380,시군구,20
202606,서울,서대문구,11410,시군구,17
202606,서울,마포구,11440,시군구,215
202606,서울,양천구,11470,시군구,3
202606,서울,강서구,11500,시군구,107
202606,서울,구로구,11530,시군구,137
202606,서울,금천구,11545,시군구,8
202606,서울,영등포구,11560,시군구,0
202606,서울,동작구,11590,시군구,0
202606,서울,관악구,11620,시군구,4
202606,서울,서초구,11650,시군구,0
202606,서울,강남구,11680,시군구,0
202606,서울,송파구,11710,시군구,0
202606,서울,강동구,11740,시군구,262
202606,부산,계,,시도,8071
202606,대구,계,,시도,4383
202606,인천,계,,시도,4204
202606,인천,중구,28110,시군구,1629
202606,인천,남동구,28200,시군구,405
202606,인천,서구,28260,시군구,750
202606,인천,연수구,28185,시군구,517
202606,인천,미추홀구,28177,시군구,864
202606,인천,동구,28140,시군구,35
202606,인천,부평구,28237,시군구,4
202606,인천,계양구,28245,시군구,0
202606,인천,강화군,28710,시군구,0
202606,인천,옹진군,28720,시군구,0
202606,광주,계,,시도,1245
202606,대전,계,,시도,2044
202606,울산,계,,시도,1359
202606,경기,계,,시도,13553
202606,경기,수원시,41111,시(구 합산),74
202606,경기,수원시,41113,시(구 합산),74
202606,경기,수원시,41115,시(구 합산),74
202606,경기,수원시,41117,시(구 합산),74
202606,경기,성남시,41131,시(구 합산),55
202606,경기,성남시,41133,시(구 합산),55
202606,경기,성남시,41135,시(구 합산),55
202606,경기,의정부시,41150,시군구,868
202606,경기,안양시,41171,시(구 합산),65
202606,경기,안양시,41173,시(구 합산),65
202606,경기,부천시,41192,시(구 합산),538
202606,경기,부천시,41194,시(구 합산),538
202606,경기,부천시,41196,시(구 합산),538
202606,경기,부천시,41190,시(구 합산),538
202606,경기,광명시,41210,시군구,6
202606,경기,평택시,41220,시군구,3076
202606,경기,동두천시,41250,시군구,137
202606,경기,안산시,41271,시(구 합산),0
202606,경기,안산시,41273,시(구 합산),0
202606,경기,고양시,41281,시(구 합산),55
202606,경기,고양시,41285,시(구 합산),55
202606,경기,고양시,41287,시(구 합산),55
202606,경기,과천시,41290,시군구,0
202606,경기,구리시,41310,시군구,12
202606,경기,남양주시,41360,시군구,322
202606,경기,오산시,41370,시군구,31
202606,경기,시흥시,41390,시군구,275
202606,경기,군포시,41410,시군구,0
202606,경기,의왕시,41430,시군구,0
202606,경기,하남시,41450,시군구,3
202606,경기,용인시,41461,시(구 합산),603
202606,경기,용인시,41463,시(구 합산),603
202606,경기,용인시,41465,시(구 합산),603
202606,경기,파주시,41480,시군구,1
202606,경기,이천시,41500,시군구,1326
202606,경기,안성시,41550,시군구,940
202606,경기,김포시,41570,시군구,879
202606,경기,양주시,41630,시군구,2407
202606,경기,여주시,41670,시군구,192
202606,경기,화성시,41591,시(구 합산),61
202606,경기,화성시,41593,시(구 합산),61
202606,경기,화성시,41595,시(구 합산),61
202606,경기,화성시,41597,시(구 합산),61
202606,경기,화성시,41590,시(구 합산),61
202606,경기,광주시,41610,시군구,263
202606,경기,연천군,41800,시군구,34
202606,경기,포천시,41650,시군구,123
202606,경기,가평군,41820,시군구,892
202606,경기,양평군,41830,시군구,315
202606,강원,계,,시도,3420
202606,충북,계,,시도,1699
202606,충남,계,,시도,8894
202606,세종,계,,시도,43
202606,전북,계,,시도,1852
202606,전남,계,,시도,2649
202606,경북,계,,시도,5284
202606,경남,계,,시도,4842
202606,제주,계,,시도,2909
202607,서울,계,,시도,994
202607,서울,종로구,11110,시군구,0
202607,서울,중구,11140,시군구,24
202607,서울,용산구,11170,시군구,1
202607,서울,성동구,11200,시군구,0
202607,서울,광진구,11215,시군구,51
202607,서울,동대문구,11230,시군구,57
202607,서울,중랑구,11260,시군구,0
202607,서울,성북구,11290,시군구,0
202607,서울,강북구,11305,시군구,47
202607,서울,도봉구,11320,시군구,60
202607,서울,노원구,11350,시군구,0
202607,서울,은평구,11380,시군구,0
202607,서울,서대문구,11410,시군구,18
202607,서울,마포구,11440,시군구,215
202607,서울,양천구,11470,시군구,3
202607,서울,강서구,11500,시군구,107
202607,서울,구로구,11530,시군구,137
202607,서울,금천구,11545,시군구,8
202607,서울,영등포구,11560,시군구,0
202607,서울,동작구,11590,시군구,0
202607,서울,관악구,11620,시군구,4
202607,서울,서초구,11650,시군구,0
202607,서울,강남구,11680,시군구,0
202607,서울,송파구,11710,시군구,0
202607,서울,강동구,11740,시군구,262
202607,전남광주,계,,시도,3716
202607,부산,계,,시도,8379
202607,대구,계,,시도,4278
202607,인천,계,,시도,4071
202607,인천,영종구,28155,시군구,1614
202607,인천,남동구,28200,시군구,405
202607,인천,서해구,28275,시군구,0
202607,인천,검단구,28290,시군구,741
202607,인천,연수구,28185,시군구,474
202607,인천,미추홀구,28177,시군구,799
202607,인천,제물포구,28125,시군구,34
202607,인천,부평구,28237,시군구,4
202607,인천,계양구,28245,시군구,0
202607,인천,강화군,28710,시군구,0
202607,인천,옹진군,28720,시군구,0
202607,대전,계,,시도,1866
202607,울산,계,,시도,1192
202607,경기,계,,시도,14394
202607,경기,수원시,41111,시(구 합산),55
202607,경기,수원시,41113,시(구 합산),55
202607,경기,수원시,41115,시(구 합산),55
202607,경기,수원시,41117,시(구 합산),55
202607,경기,성남시,41131,시(구 합산),32
202607,경기,성남시,41133,시(구 합산),32
202607,경기,성남시,41135,시(구 합산),32
202607,경기,의정부시,41150,시군구,829
202607,경기,안양시,41171,시(구 합산),61
202607,경기,안양시,41173,시(구 합산),61
202607,경기,부천시,41192,시(구 합산),345
202607,경기,부천시,41194,시(구 합산),345
202607,경기,부천시,41196,시(구 합산),345
202607,경기,부천시,41190,시(구 합산),345
202607,경기,광명시,41210,시군구,2
202607,경기,평택시,41220,시군구,3511
202607,경기,동두천시,41250,시군구,137
202607,경기,안산시,41271,시(구 합산),0
202607,경기,안산시,41273,시(구 합산),0
202607,경기,고양시,41281,시(구 합산),54
202607,경기,고양시,41285,시(구 합산),54
202607,경기,고양시,41287,시(구 합산),54
202607,경기,과천시,41290,시군구,0
202607,경기,구리시,41310,시군구,12
202607,경기,남양주시,41360,시군구,322
202607,경기,오산시,41370,시군구,1082
202607,경기,시흥시,41390,시군구,535
202607,경기,군포시,41410,시군구,0
202607,경기,의왕시,41430,시군구,0
202607,경기,하남시,41450,시군구,3
202607,경기,용인시,41461,시(구 합산),667
202607,경기,용인시,41463,시(구 합산),667
202607,경기,용인시,41465,시(구 합산),667
202607,경기,파주시,41480,시군구,1
202607,경기,이천시,41500,시군구,1194
202607,경기,안성시,41550,시군구,919
202607,경기,김포시,41570,시군구,830
202607,경기,양주시,41630,시군구,2125
202607,경기,여주시,41670,시군구,183
202607,경기,화성시,41591,시(구 합산),57
202607,경기,화성시,41593,시(구 합산),57
202607,경기,화성시,41595,시(구 합산),57
202607,경기,화성시,41597,시(구 합산),57
202607,경기,화성시,41590,시(구 합산),57
202607,경기,광주시,41610,시군구,93
202607,경기,연천군,41800,시군구,33
202607,경기,포천시,41650,시군구,123
202607,경기,가평군,41820,시군구,884
202607,경기,양평군,41830,시군구,305
202607,강원,계,,시도,3248
202607,충북,계,,시도,1360
202607,충남,계,,시도,9982
202607,세종,계,,시도,43
202607,전북,계,,시도,1657
202607,경북,계,,시도,5107
202607,경남,계,,시도,4627
202607,제주,계,,시도,3303
